2026-03-01 16:04:53 bits vs UDF1

Round #1, bits (0), UDF1 (0)
bits posts blind: 10
UDF1 posts blind: 20
bits received [As 6c]
UDF1 received [Jd 4d]
bits calls
UDF1 raises to 943
bits folds
bits awarded -20
UDF1 awarded 20

Round #2, UDF1 (20), bits (-20)
UDF1 posts blind: 10
bits posts blind: 20
UDF1 received [7h 3s]
bits received [8d 8h]
UDF1 calls
bits raises to 80
UDF1 calls
Flop [2h 3c 8s], UDF1 (80), bits (80)
bits bids 4920
UDF1 bids 9
bits won the auction and was revealed [3s]
Flop [2h 3c 8s], UDF1 (80), bits (89)
bits bets 211
UDF1 calls
Turn [2h 3c 8s 6c], UDF1 (291), bits (300)
bits bets 738
UDF1 calls
River [2h 3c 8s 6c Ah], UDF1 (1029), bits (1038)
bits bets 2583
UDF1 folds
UDF1 awarded -1029
bits awarded 1029

Round #3, bits (1009), UDF1 (-1009)
bits posts blind: 10
UDF1 posts blind: 20
bits received [Jc 7s]
UDF1 received [Kc 5c]
bits calls
UDF1 checks
Flop [8h 6c 7d], bits (20), UDF1 (20)
UDF1 bids 24
bits bids 35
bits won the auction and was revealed [Kc]
Flop [8h 6c 7d], bits (44), UDF1 (20)
UDF1 checks
bits bets 32
UDF1 calls
Turn [8h 6c 7d 9h], bits (76), UDF1 (52)
UDF1 bets 60
bits calls
River [8h 6c 7d 9h Th], bits (136), UDF1 (112)
UDF1 checks
bits bets 310
UDF1 folds
bits awarded 112
UDF1 awarded -112

Round #4, UDF1 (-1121), bits (1121)
UDF1 posts blind: 10
bits posts blind: 20
UDF1 received [4s 8h]
bits received [4h Kc]
UDF1 calls
bits checks
Flop [8s 4d Ts], UDF1 (20), bits (20)
bits bids 30
UDF1 bids 25
bits won the auction and was revealed [8h]
Flop [8s 4d Ts], UDF1 (20), bits (45)
bits checks
UDF1 bets 38
bits folds
UDF1 awarded 45
bits awarded -45

Round #5, bits (1076), UDF1 (-1076)
bits posts blind: 10
UDF1 posts blind: 20
bits received [Td 3s]
UDF1 received [Th 4s]
bits calls
UDF1 checks
Flop [5d Kc Jh], bits (20), UDF1 (20)
UDF1 bids 24
bits bids 18
UDF1 won the auction and was revealed [3s]
Flop [5d Kc Jh], bits (20), UDF1 (38)
UDF1 checks
bits checks
Turn [5d Kc Jh 9s], bits (20), UDF1 (38)
UDF1 checks
bits checks
River [5d Kc Jh 9s 2d], bits (20), UDF1 (38)
UDF1 checks
bits checks
bits shows [Td 3s]
UDF1 shows [Th 4s]
bits awarded 9
UDF1 awarded -9

Round #6, UDF1 (-1085), bits (1085)
UDF1 posts blind: 10
bits posts blind: 20
UDF1 received [8d 7h]
bits received [6d Ah]
UDF1 calls
bits checks
Flop [Td 3s 9d], UDF1 (20), bits (20)
bits bids 25
UDF1 bids 33
UDF1 won the auction and was revealed [Ah]
Flop [Td 3s 9d], UDF1 (45), bits (20)
bits checks
UDF1 checks
Turn [Td 3s 9d 9s], UDF1 (45), bits (20)
bits checks
UDF1 checks
River [Td 3s 9d 9s Kc], UDF1 (45), bits (20)
bits checks
UDF1 checks
UDF1 shows [8d 7h]
bits shows [6d Ah]
UDF1 awarded -45
bits awarded 45

Round #7, bits (1130), UDF1 (-1130)
bits posts blind: 10
UDF1 posts blind: 20
bits received [6h Kh]
UDF1 received [8d As]
bits calls
UDF1 checks
Flop [6s Th Ts], bits (20), UDF1 (20)
UDF1 bids 33
bits bids 42
bits won the auction and was revealed [8d]
Flop [6s Th Ts], bits (53), UDF1 (20)
UDF1 bets 29
bits calls
Turn [6s Th Ts 5c], bits (82), UDF1 (49)
UDF1 bets 38
bits calls
River [6s Th Ts 5c Td], bits (120), UDF1 (87)
UDF1 bets 148
bits calls
bits shows [6h Kh]
UDF1 shows [8d As]
bits awarded 235
UDF1 awarded -235

Round #8, UDF1 (-1365), bits (1365)
UDF1 posts blind: 10
bits posts blind: 20
UDF1 received [As 5h]
bits received [9s 9d]
UDF1 calls
bits raises to 80
UDF1 folds
UDF1 awarded -20
bits awarded 20

Round #9, bits (1385), UDF1 (-1385)
bits posts blind: 10
UDF1 posts blind: 20
bits received [3s Qs]
UDF1 received [Kh 2s]
bits calls
UDF1 raises to 1233
bits folds
bits awarded -20
UDF1 awarded 20

Round #10, UDF1 (-1365), bits (1365)
UDF1 posts blind: 10
bits posts blind: 20
UDF1 received [6s Tc]
bits received [Kh 9h]
UDF1 calls
bits checks
Flop [9s 9d Js], UDF1 (20), bits (20)
bits bids 4980
UDF1 bids 27
bits won the auction and was revealed [Tc]
Flop [9s 9d Js], UDF1 (20), bits (47)
bits bets 33
UDF1 calls
Turn [9s 9d Js Ks], UDF1 (53), bits (80)
bits bets 166
UDF1 folds
UDF1 awarded -53
bits awarded 53

Round #11, bits (1418), UDF1 (-1418)
bits posts blind: 10
UDF1 posts blind: 20
bits received [4d 2h]
UDF1 received [6h 9s]
bits calls
UDF1 checks
Flop [2s Js Kh], bits (20), UDF1 (20)
UDF1 bids 27
bits bids 31
bits won the auction and was revealed [9s]
Flop [2s Js Kh], bits (47), UDF1 (20)
UDF1 checks
bits checks
Turn [2s Js Kh Ah], bits (47), UDF1 (20)
UDF1 checks
bits bets 33
UDF1 folds
bits awarded 20
UDF1 awarded -20

Round #12, UDF1 (-1438), bits (1438)
UDF1 posts blind: 10
bits posts blind: 20
UDF1 received [4h 4d]
bits received [Kd Jd]
UDF1 calls
bits raises to 80
UDF1 raises to 1881
bits folds
UDF1 awarded 80
bits awarded -80

Round #13, bits (1358), UDF1 (-1358)
bits posts blind: 10
UDF1 posts blind: 20
bits received [7h 3d]
UDF1 received [6c Kc]
bits calls
UDF1 checks
Flop [Jh Kd 4c], bits (20), UDF1 (20)
UDF1 bids 33
bits bids 10
UDF1 won the auction and was revealed [3d]
Flop [Jh Kd 4c], bits (20), UDF1 (30)
UDF1 bets 35
bits folds
bits awarded -20
UDF1 awarded 20

Round #14, UDF1 (-1338), bits (1338)
UDF1 posts blind: 10
bits posts blind: 20
UDF1 received [4s Qh]
bits received [9d Qs]
UDF1 calls
bits checks
Flop [6d 5d 9h], UDF1 (20), bits (20)
bits bids 46
UDF1 bids 26
bits won the auction and was revealed [Qh]
Flop [6d 5d 9h], UDF1 (20), bits (46)
bits bets 33
UDF1 folds
UDF1 awarded -20
bits awarded 20

Round #15, bits (1358), UDF1 (-1358)
bits posts blind: 10
UDF1 posts blind: 20
bits received [8h 7c]
UDF1 received [9d Ah]
bits calls
UDF1 checks
Flop [6c Th 7h], bits (20), UDF1 (20)
UDF1 bids 35
bits bids 46
bits won the auction and was revealed [9d]
Flop [6c Th 7h], bits (55), UDF1 (20)
UDF1 bets 35
bits calls
Turn [6c Th 7h 5d], bits (90), UDF1 (55)
UDF1 bets 52
bits calls
River [6c Th 7h 5d 9c], bits (142), UDF1 (107)
UDF1 bets 104
bits calls
bits shows [8h 7c]
UDF1 shows [9d Ah]
bits awarded 211
UDF1 awarded -211

Round #16, UDF1 (-1569), bits (1569)
UDF1 posts blind: 10
bits posts blind: 20
UDF1 received [9s 8h]
bits received [2h 5d]
UDF1 calls
bits checks
Flop [Qd 6s 3d], UDF1 (20), bits (20)
bits bids 16
UDF1 bids 31
UDF1 won the auction and was revealed [2h]
Flop [Qd 6s 3d], UDF1 (36), bits (20)
bits checks
UDF1 checks
Turn [Qd 6s 3d 7c], UDF1 (36), bits (20)
bits checks
UDF1 checks
River [Qd 6s 3d 7c 3s], UDF1 (36), bits (20)
bits checks
UDF1 checks
UDF1 shows [9s 8h]
bits shows [2h 5d]
UDF1 awarded 20
bits awarded -20

Round #17, bits (1549), UDF1 (-1549)
bits posts blind: 10
UDF1 posts blind: 20
bits received [9s Kh]
UDF1 received [Kd 7c]
bits calls
UDF1 checks
Flop [8d 9h 5d], bits (20), UDF1 (20)
UDF1 bids 30
bits bids 40
bits won the auction and was revealed [Kd]
Flop [8d 9h 5d], bits (50), UDF1 (20)
UDF1 checks
bits bets 35
UDF1 calls
Turn [8d 9h 5d 6c], bits (85), UDF1 (55)
UDF1 bets 86
bits calls
River [8d 9h 5d 6c Jc], bits (171), UDF1 (141)
UDF1 bets 230
bits calls
bits shows [9s Kh]
UDF1 shows [Kd 7c]
bits awarded -401
UDF1 awarded 401

Round #18, UDF1 (-1148), bits (1148)
UDF1 posts blind: 10
bits posts blind: 20
UDF1 received [4h 8s]
bits received [Jc 4c]
UDF1 calls
bits checks
Flop [5h Ts 3c], UDF1 (20), bits (20)
bits bids 23
UDF1 bids 30
UDF1 won the auction and was revealed [Jc]
Flop [5h Ts 3c], UDF1 (43), bits (20)
bits checks
UDF1 checks
Turn [5h Ts 3c 5s], UDF1 (43), bits (20)
bits checks
UDF1 checks
River [5h Ts 3c 5s Qd], UDF1 (43), bits (20)
bits checks
UDF1 checks
UDF1 shows [4h 8s]
bits shows [Jc 4c]
UDF1 awarded -43
bits awarded 43

Round #19, bits (1191), UDF1 (-1191)
bits posts blind: 10
UDF1 posts blind: 20
bits received [Kc Tc]
UDF1 received [Th Ah]
bits calls
UDF1 raises to 3392
bits folds
bits awarded -20
UDF1 awarded 20

Round #20, UDF1 (-1171), bits (1171)
UDF1 posts blind: 10
bits posts blind: 20
UDF1 received [Td Qd]
bits received [9d 2c]
UDF1 raises to 2117
bits folds
UDF1 awarded 20
bits awarded -20

Round #21, bits (1151), UDF1 (-1151)
bits posts blind: 10
UDF1 posts blind: 20
bits received [8s 3d]
UDF1 received [Ks Ac]
bits calls
UDF1 raises to 3802
bits folds
bits awarded -20
UDF1 awarded 20

Round #22, UDF1 (-1131), bits (1131)
UDF1 posts blind: 10
bits posts blind: 20
UDF1 received [4d 7d]
bits received [Jh Qh]
UDF1 calls
bits checks
Flop [4s Qd 9c], UDF1 (20), bits (20)
bits bids 4980
UDF1 bids 31
bits won the auction and was revealed [4d]
Flop [4s Qd 9c], UDF1 (20), bits (51)
bits bets 35
UDF1 calls
Turn [4s Qd 9c 3s], UDF1 (55), bits (86)
bits bets 70
UDF1 calls
River [4s Qd 9c 3s 8d], UDF1 (125), bits (156)
bits bets 140
UDF1 calls
UDF1 shows [4d 7d]
bits shows [Jh Qh]
UDF1 awarded -265
bits awarded 265

Round #23, bits (1396), UDF1 (-1396)
bits posts blind: 10
UDF1 posts blind: 20
bits received [Ts 2d]
UDF1 received [3h 7c]
bits calls
UDF1 checks
Flop [8s 3s Ad], bits (20), UDF1 (20)
UDF1 bids 36
bits bids 20
UDF1 won the auction and was revealed [Ts]
Flop [8s 3s Ad], bits (20), UDF1 (40)
UDF1 checks
bits checks
Turn [8s 3s Ad Jc], bits (20), UDF1 (40)
UDF1 checks
bits checks
River [8s 3s Ad Jc 9s], bits (20), UDF1 (40)
UDF1 checks
bits checks
bits shows [Ts 2d]
UDF1 shows [3h 7c]
bits awarded -20
UDF1 awarded 20

Round #24, UDF1 (-1376), bits (1376)
UDF1 posts blind: 10
bits posts blind: 20
UDF1 received [Ac 9s]
bits received [Ad 7c]
UDF1 calls
bits checks
Flop [9d Td 8d], UDF1 (20), bits (20)
bits bids 44
UDF1 bids 40
bits won the auction and was revealed [9s]
Flop [9d Td 8d], UDF1 (20), bits (60)
bits checks
UDF1 bets 34
bits calls
Turn [9d Td 8d 6h], UDF1 (54), bits (94)
bits bets 74
UDF1 folds
UDF1 awarded -54
bits awarded 54

Round #25, bits (1430), UDF1 (-1430)
bits posts blind: 10
UDF1 posts blind: 20
bits received [9c Ac]
UDF1 received [Js Qs]
bits raises to 60
UDF1 raises to 3449
bits folds
bits awarded -60
UDF1 awarded 60

Round #26, UDF1 (-1370), bits (1370)
UDF1 posts blind: 10
bits posts blind: 20
UDF1 received [6s Th]
bits received [3s Kd]
UDF1 raises to 1276
bits folds
UDF1 awarded 20
bits awarded -20

Round #27, bits (1350), UDF1 (-1350)
bits posts blind: 10
UDF1 posts blind: 20
bits received [2s 3s]
UDF1 received [5h 7d]
bits calls
UDF1 checks
Flop [Qc Js Ac], bits (20), UDF1 (20)
UDF1 bids 24
bits bids 13
UDF1 won the auction and was revealed [3s]
Flop [Qc Js Ac], bits (20), UDF1 (33)
UDF1 checks
bits checks
Turn [Qc Js Ac 5d], bits (20), UDF1 (33)
UDF1 bets 34
bits folds
bits awarded -20
UDF1 awarded 20

Round #28, UDF1 (-1330), bits (1330)
UDF1 posts blind: 10
bits posts blind: 20
UDF1 received [7c 5h]
bits received [Ts 4d]
UDF1 calls
bits checks
Flop [7d 2s Js], UDF1 (20), bits (20)
bits bids 16
UDF1 bids 33
UDF1 won the auction and was revealed [Ts]
Flop [7d 2s Js], UDF1 (36), bits (20)
bits checks
UDF1 bets 24
bits folds
UDF1 awarded 20
bits awarded -20

Round #29, bits (1310), UDF1 (-1310)
bits posts blind: 10
UDF1 posts blind: 20
bits received [Qs Td]
UDF1 received [2c Jc]
bits calls
UDF1 checks
Flop [5h Jh Th], bits (20), UDF1 (20)
UDF1 bids 52
bits bids 37
UDF1 won the auction and was revealed [Td]
Flop [5h Jh Th], bits (20), UDF1 (57)
UDF1 bets 36
bits calls
Turn [5h Jh Th 7h], bits (56), UDF1 (93)
UDF1 checks
bits checks
River [5h Jh Th 7h Qd], bits (56), UDF1 (93)
UDF1 bets 54
bits calls
bits shows [Qs Td]
UDF1 shows [2c Jc]
bits awarded 147
UDF1 awarded -147

Round #30, UDF1 (-1457), bits (1457)
UDF1 posts blind: 10
bits posts blind: 20
UDF1 received [2s 3c]
bits received [Qs 6c]
UDF1 calls
bits checks
Flop [As Ah 2h], UDF1 (20), bits (20)
bits bids 27
UDF1 bids 52
UDF1 won the auction and was revealed [Qs]
Flop [As Ah 2h], UDF1 (47), bits (20)
bits checks
UDF1 bets 27
bits calls
Turn [As Ah 2h Td], UDF1 (74), bits (47)
bits checks
UDF1 bets 58
bits calls
River [As Ah 2h Td 8h], UDF1 (132), bits (105)
bits checks
UDF1 bets 167
bits folds
UDF1 awarded 105
bits awarded -105

Round #31, bits (1352), UDF1 (-1352)
bits posts blind: 10
UDF1 posts blind: 20
bits received [Qd Ac]
UDF1 received [Tc 9c]
bits raises to 60
UDF1 raises to 2189
bits folds
bits awarded -60
UDF1 awarded 60

Round #32, UDF1 (-1292), bits (1292)
UDF1 posts blind: 10
bits posts blind: 20
UDF1 received [Jh Jd]
bits received [Qh 3s]
UDF1 raises to 3908
bits folds
UDF1 awarded 20
bits awarded -20

Round #33, bits (1272), UDF1 (-1272)
bits posts blind: 10
UDF1 posts blind: 20
bits received [4h 7d]
UDF1 received [9c 4c]
bits calls
UDF1 checks
Flop [Ts Kc 2s], bits (20), UDF1 (20)
UDF1 bids 31
bits bids 10
UDF1 won the auction and was revealed [4h]
Flop [Ts Kc 2s], bits (20), UDF1 (30)
UDF1 checks
bits checks
Turn [Ts Kc 2s 5d], bits (20), UDF1 (30)
UDF1 checks
bits checks
River [Ts Kc 2s 5d Jd], bits (20), UDF1 (30)
UDF1 checks
bits checks
bits shows [4h 7d]
UDF1 shows [9c 4c]
bits awarded -20
UDF1 awarded 20

Round #34, UDF1 (-1252), bits (1252)
UDF1 posts blind: 10
bits posts blind: 20
UDF1 received [Ks 5s]
bits received [6d Jd]
UDF1 calls
bits checks
Flop [7c 5c 7h], UDF1 (20), bits (20)
bits bids 19
UDF1 bids 42
UDF1 won the auction and was revealed [6d]
Flop [7c 5c 7h], UDF1 (39), bits (20)
bits checks
UDF1 bets 24
bits folds
UDF1 awarded 20
bits awarded -20

Round #35, bits (1232), UDF1 (-1232)
bits posts blind: 10
UDF1 posts blind: 20
bits received [Ad 4s]
UDF1 received [3d 5c]
bits calls
UDF1 checks
Flop [Qs Kc 7c], bits (20), UDF1 (20)
UDF1 bids 5
bits bids 27
bits won the auction and was revealed [3d]
Flop [Qs Kc 7c], bits (25), UDF1 (20)
UDF1 checks
bits checks
Turn [Qs Kc 7c Jc], bits (25), UDF1 (20)
UDF1 checks
bits checks
River [Qs Kc 7c Jc 8c], bits (25), UDF1 (20)
UDF1 bets 30
bits folds
bits awarded -25
UDF1 awarded 25

Round #36, UDF1 (-1207), bits (1207)
UDF1 posts blind: 10
bits posts blind: 20
UDF1 received [Ks 4s]
bits received [Jc 8h]
UDF1 calls
bits checks
Flop [2c Js Kc], UDF1 (20), bits (20)
bits bids 46
UDF1 bids 51
UDF1 won the auction and was revealed [8h]
Flop [2c Js Kc], UDF1 (66), bits (20)
bits bets 43
UDF1 raises to 86
bits calls
Turn [2c Js Kc Qh], UDF1 (152), bits (106)
bits bets 129
UDF1 raises to 374
bits calls
River [2c Js Kc Qh Ac], UDF1 (526), bits (480)
bits checks
UDF1 bets 774
bits folds
UDF1 awarded 480
bits awarded -480

Round #37, bits (727), UDF1 (-727)
bits posts blind: 10
UDF1 posts blind: 20
bits received [5s 2c]
UDF1 received [3s 4c]
bits calls
UDF1 checks
Flop [Td 8c Ad], bits (20), UDF1 (20)
UDF1 bids 8
bits bids 10
bits won the auction and was revealed [3s]
Flop [Td 8c Ad], bits (28), UDF1 (20)
UDF1 checks
bits checks
Turn [Td 8c Ad 9d], bits (28), UDF1 (20)
UDF1 checks
bits checks
River [Td 8c Ad 9d 6c], bits (28), UDF1 (20)
UDF1 checks
bits checks
bits shows [5s 2c]
UDF1 shows [3s 4c]
bits awarded -4
UDF1 awarded 4

Round #38, UDF1 (-723), bits (723)
UDF1 posts blind: 10
bits posts blind: 20
UDF1 received [6h 2c]
bits received [4c 7s]
UDF1 calls
bits checks
Flop [Qd Kd 2h], UDF1 (20), bits (20)
bits bids 11
UDF1 bids 45
UDF1 won the auction and was revealed [4c]
Flop [Qd Kd 2h], UDF1 (31), bits (20)
bits checks
UDF1 bets 25
bits folds
UDF1 awarded 20
bits awarded -20

Round #39, bits (703), UDF1 (-703)
bits posts blind: 10
UDF1 posts blind: 20
bits received [4s 8h]
UDF1 received [Ks 6s]
bits calls
UDF1 checks
Flop [Kh Ac Jd], bits (20), UDF1 (20)
UDF1 bids 53
bits bids 14
UDF1 won the auction and was revealed [8h]
Flop [Kh Ac Jd], bits (20), UDF1 (34)
UDF1 bets 31
bits folds
bits awarded -20
UDF1 awarded 20

Round #40, UDF1 (-683), bits (683)
UDF1 posts blind: 10
bits posts blind: 20
UDF1 received [9c 6s]
bits received [4c 7s]
UDF1 calls
bits checks
Flop [Qd Jh 8s], UDF1 (20), bits (20)
bits bids 15
UDF1 bids 11
bits won the auction and was revealed [6s]
Flop [Qd Jh 8s], UDF1 (20), bits (31)
bits checks
UDF1 bets 20
bits folds
UDF1 awarded 31
bits awarded -31

Round #41, bits (652), UDF1 (-652)
bits posts blind: 10
UDF1 posts blind: 20
bits received [Ts 4c]
UDF1 received [5h 9c]
bits calls
UDF1 checks
Flop [8s 3s 4h], bits (20), UDF1 (20)
UDF1 bids 22
bits bids 36
bits won the auction and was revealed [9c]
Flop [8s 3s 4h], bits (42), UDF1 (20)
UDF1 checks
bits checks
Turn [8s 3s 4h 2h], bits (42), UDF1 (20)
UDF1 checks
bits bets 31
UDF1 folds
bits awarded 20
UDF1 awarded -20

Round #42, UDF1 (-672), bits (672)
UDF1 posts blind: 10
bits posts blind: 20
UDF1 received [Ks Ac]
bits received [Th 4d]
UDF1 raises to 3844
bits folds
UDF1 awarded 20
bits awarded -20

Round #43, bits (652), UDF1 (-652)
bits posts blind: 10
UDF1 posts blind: 20
bits received [5c 8h]
UDF1 received [3s Jd]
bits calls
UDF1 checks
Flop [Qh Qd Ks], bits (20), UDF1 (20)
UDF1 bids 43
bits bids 16
UDF1 won the auction and was revealed [5c]
Flop [Qh Qd Ks], bits (20), UDF1 (36)
UDF1 bets 20
bits folds
bits awarded -20
UDF1 awarded 20

Round #44, UDF1 (-632), bits (632)
UDF1 posts blind: 10
bits posts blind: 20
UDF1 received [2c Kc]
bits received [3h 6h]
UDF1 calls
bits checks
Flop [Qc 6s 4d], UDF1 (20), bits (20)
bits bids 43
UDF1 bids 40
bits won the auction and was revealed [Kc]
Flop [Qc 6s 4d], UDF1 (20), bits (60)
bits bets 40
UDF1 calls
Turn [Qc 6s 4d 3s], UDF1 (60), bits (100)
bits bets 80
UDF1 folds
UDF1 awarded -60
bits awarded 60

Round #45, bits (692), UDF1 (-692)
bits posts blind: 10
UDF1 posts blind: 20
bits received [Ah Jc]
UDF1 received [8s 5d]
bits calls
UDF1 checks
Flop [3s Th 2c], bits (20), UDF1 (20)
UDF1 bids 41
bits bids 31
UDF1 won the auction and was revealed [Ah]
Flop [3s Th 2c], bits (20), UDF1 (51)
UDF1 checks
bits checks
Turn [3s Th 2c 9c], bits (20), UDF1 (51)
UDF1 checks
bits checks
River [3s Th 2c 9c Ks], bits (20), UDF1 (51)
UDF1 checks
bits checks
bits shows [Ah Jc]
UDF1 shows [8s 5d]
bits awarded 51
UDF1 awarded -51

Round #46, UDF1 (-743), bits (743)
UDF1 posts blind: 10
bits posts blind: 20
UDF1 received [9s 5s]
bits received [Qs 7s]
UDF1 calls
bits checks
Flop [8h Jc 5h], UDF1 (20), bits (20)
bits bids 19
UDF1 bids 31
UDF1 won the auction and was revealed [7s]
Flop [8h Jc 5h], UDF1 (39), bits (20)
bits checks
UDF1 bets 23
bits calls
Turn [8h Jc 5h 6s], UDF1 (62), bits (43)
bits checks
UDF1 checks
River [8h Jc 5h 6s Qd], UDF1 (62), bits (43)
bits bets 52
UDF1 folds
UDF1 awarded -62
bits awarded 62

Round #47, bits (805), UDF1 (-805)
bits posts blind: 10
UDF1 posts blind: 20
bits received [7d Ts]
UDF1 received [Js Qh]
bits calls
UDF1 raises to 1902
bits folds
bits awarded -20
UDF1 awarded 20

Round #48, UDF1 (-785), bits (785)
UDF1 posts blind: 10
bits posts blind: 20
UDF1 received [9s Jc]
bits received [2h 8c]
UDF1 calls
bits checks
Flop [8s 6d As], UDF1 (20), bits (20)
bits bids 38
UDF1 bids 10
bits won the auction and was revealed [9s]
Flop [8s 6d As], UDF1 (20), bits (30)
bits checks
UDF1 checks
Turn [8s 6d As 2s], UDF1 (20), bits (30)
bits checks
UDF1 checks
River [8s 6d As 2s 4h], UDF1 (20), bits (30)
bits bets 25
UDF1 folds
UDF1 awarded -20
bits awarded 20

Round #49, bits (805), UDF1 (-805)
bits posts blind: 10
UDF1 posts blind: 20
bits received [7c Jh]
UDF1 received [2h Tc]
bits calls
UDF1 checks
Flop [3c 7h 5c], bits (20), UDF1 (20)
UDF1 bids 33
bits bids 38
bits won the auction and was revealed [2h]
Flop [3c 7h 5c], bits (53), UDF1 (20)
UDF1 checks
bits bets 36
UDF1 folds
bits awarded 20
UDF1 awarded -20

Round #50, UDF1 (-825), bits (825)
UDF1 posts blind: 10
bits posts blind: 20
UDF1 received [Qc 5d]
bits received [3s 4c]
UDF1 raises to 1054
bits folds
UDF1 awarded 20
bits awarded -20

Round #51, bits (805), UDF1 (-805)
bits posts blind: 10
UDF1 posts blind: 20
bits received [8c 3d]
UDF1 received [Qh 3c]
bits calls
UDF1 checks
Flop [Ac Kc Tc], bits (20), UDF1 (20)
UDF1 bids 40
bits bids 29
UDF1 won the auction and was revealed [3d]
Flop [Ac Kc Tc], bits (20), UDF1 (49)
UDF1 bets 32
bits calls
Turn [Ac Kc Tc 2d], bits (52), UDF1 (81)
UDF1 bets 60
bits folds
bits awarded -52
UDF1 awarded 52

Round #52, UDF1 (-753), bits (753)
UDF1 posts blind: 10
bits posts blind: 20
UDF1 received [2d 4c]
bits received [Ac 5s]
UDF1 calls
bits checks
Flop [Qc Kd Th], UDF1 (20), bits (20)
bits bids 33
UDF1 bids 38
UDF1 won the auction and was revealed [Ac]
Flop [Qc Kd Th], UDF1 (53), bits (20)
bits checks
UDF1 checks
Turn [Qc Kd Th Jd], UDF1 (53), bits (20)
bits bets 36
UDF1 folds
UDF1 awarded -53
bits awarded 53

Round #53, bits (806), UDF1 (-806)
bits posts blind: 10
UDF1 posts blind: 20
bits received [8c 9h]
UDF1 received [9d 3c]
bits calls
UDF1 checks
Flop [2c Th Ts], bits (20), UDF1 (20)
UDF1 bids 11
bits bids 22
bits won the auction and was revealed [3c]
Flop [2c Th Ts], bits (31), UDF1 (20)
UDF1 checks
bits checks
Turn [2c Th Ts Qh], bits (31), UDF1 (20)
UDF1 checks
bits checks
River [2c Th Ts Qh 6h], bits (31), UDF1 (20)
UDF1 checks
bits checks
bits shows [8c 9h]
UDF1 shows [9d 3c]
bits awarded 20
UDF1 awarded -20

Round #54, UDF1 (-826), bits (826)
UDF1 posts blind: 10
bits posts blind: 20
UDF1 received [Th Kd]
bits received [4d 9d]
UDF1 raises to 1157
bits folds
UDF1 awarded 20
bits awarded -20

Round #55, bits (806), UDF1 (-806)
bits posts blind: 10
UDF1 posts blind: 20
bits received [9c Qh]
UDF1 received [5h 5c]
bits calls
UDF1 raises to 2177
bits folds
bits awarded -20
UDF1 awarded 20

Round #56, UDF1 (-786), bits (786)
UDF1 posts blind: 10
bits posts blind: 20
UDF1 received [2s Td]
bits received [5c 8h]
UDF1 calls
bits checks
Flop [7s 6s 9s], UDF1 (20), bits (20)
bits bids 46
UDF1 bids 37
bits won the auction and was revealed [Td]
Flop [7s 6s 9s], UDF1 (20), bits (57)
bits bets 38
UDF1 calls
Turn [7s 6s 9s 8c], UDF1 (58), bits (95)
bits checks
UDF1 bets 91
bits folds
UDF1 awarded 95
bits awarded -95

Round #57, bits (691), UDF1 (-691)
bits posts blind: 10
UDF1 posts blind: 20
bits received [8c Th]
UDF1 received [Kc 3d]
bits calls
UDF1 checks
Flop [7s 2h Qd], bits (20), UDF1 (20)
UDF1 bids 28
bits bids 16
UDF1 won the auction and was revealed [8c]
Flop [7s 2h Qd], bits (20), UDF1 (36)
UDF1 bets 26
bits folds
bits awarded -20
UDF1 awarded 20

Round #58, UDF1 (-671), bits (671)
UDF1 posts blind: 10
bits posts blind: 20
UDF1 received [3s Ad]
bits received [Kd 4d]
UDF1 raises to 874
bits folds
UDF1 awarded 20
bits awarded -20

Round #59, bits (651), UDF1 (-651)
bits posts blind: 10
UDF1 posts blind: 20
bits received [7h 3s]
UDF1 received [Td 8d]
bits calls
UDF1 checks
Flop [8c Ah 3h], bits (20), UDF1 (20)
UDF1 bids 40
bits bids 32
UDF1 won the auction and was revealed [3s]
Flop [8c Ah 3h], bits (20), UDF1 (52)
UDF1 bets 35
bits calls
Turn [8c Ah 3h 7c], bits (55), UDF1 (87)
UDF1 bets 62
bits calls
River [8c Ah 3h 7c Qh], bits (117), UDF1 (149)
UDF1 bets 177
bits calls
bits shows [7h 3s]
UDF1 shows [Td 8d]
bits awarded 326
UDF1 awarded -326

Round #60, UDF1 (-977), bits (977)
UDF1 posts blind: 10
bits posts blind: 20
UDF1 received [6h Qd]
bits received [As Kh]
UDF1 calls
bits raises to 80
UDF1 folds
UDF1 awarded -20
bits awarded 20

Round #61, bits (997), UDF1 (-997)
bits posts blind: 10
UDF1 posts blind: 20
bits received [4s 3d]
UDF1 received [2h 5c]
bits calls
UDF1 checks
Flop [Ks Ac 4h], bits (20), UDF1 (20)
UDF1 bids 6
bits bids 34
bits won the auction and was revealed [5c]
Flop [Ks Ac 4h], bits (26), UDF1 (20)
UDF1 checks
bits checks
Turn [Ks Ac 4h 9s], bits (26), UDF1 (20)
UDF1 checks
bits bets 23
UDF1 folds
bits awarded 20
UDF1 awarded -20

Round #62, UDF1 (-1017), bits (1017)
UDF1 posts blind: 10
bits posts blind: 20
UDF1 received [6c 6s]
bits received [Jd 8d]
UDF1 raises to 2038
bits folds
UDF1 awarded 20
bits awarded -20

Round #63, bits (997), UDF1 (-997)
bits posts blind: 10
UDF1 posts blind: 20
bits received [3s 2c]
UDF1 received [7h 7c]
bits calls
UDF1 checks
Flop [2s Jd Ts], bits (20), UDF1 (20)
UDF1 bids 39
bits bids 33
UDF1 won the auction and was revealed [2c]
Flop [2s Jd Ts], bits (20), UDF1 (53)
UDF1 bets 29
bits calls
Turn [2s Jd Ts Ks], bits (49), UDF1 (82)
UDF1 bets 63
bits calls
River [2s Jd Ts Ks 6d], bits (112), UDF1 (145)
UDF1 bets 177
bits folds
bits awarded -112
UDF1 awarded 112

Round #64, UDF1 (-885), bits (885)
UDF1 posts blind: 10
bits posts blind: 20
UDF1 received [5c Jh]
bits received [5d 7s]
UDF1 calls
bits checks
Flop [Ac 3c 3d], UDF1 (20), bits (20)
bits bids 16
UDF1 bids 11
bits won the auction and was revealed [5c]
Flop [Ac 3c 3d], UDF1 (20), bits (31)
bits checks
UDF1 checks
Turn [Ac 3c 3d Jc], UDF1 (20), bits (31)
bits checks
UDF1 bets 24
bits folds
UDF1 awarded 31
bits awarded -31

Round #65, bits (854), UDF1 (-854)
bits posts blind: 10
UDF1 posts blind: 20
bits received [4s Qc]
UDF1 received [9h Ks]
bits calls
UDF1 checks
Flop [2s 6h Js], bits (20), UDF1 (20)
UDF1 bids 44
bits bids 24
UDF1 won the auction and was revealed [4s]
Flop [2s 6h Js], bits (20), UDF1 (44)
UDF1 bets 26
bits folds
bits awarded -20
UDF1 awarded 20

Round #66, UDF1 (-834), bits (834)
UDF1 posts blind: 10
bits posts blind: 20
UDF1 received [Ts 5d]
bits received [Qs 3s]
UDF1 calls
bits checks
Flop [Td 4c 8d], UDF1 (20), bits (20)
bits bids 16
UDF1 bids 6
bits won the auction and was revealed [Ts]
Flop [Td 4c 8d], UDF1 (20), bits (26)
bits checks
UDF1 bets 30
bits folds
UDF1 awarded 26
bits awarded -26

Round #67, bits (808), UDF1 (-808)
bits posts blind: 10
UDF1 posts blind: 20
bits received [Qd Jd]
UDF1 received [8c Jc]
bits calls
UDF1 checks
Flop [3s 3h 2c], bits (20), UDF1 (20)
UDF1 bids 25
bits bids 24
UDF1 won the auction and was revealed [Jd]
Flop [3s 3h 2c], bits (20), UDF1 (44)
UDF1 checks
bits checks
Turn [3s 3h 2c 7c], bits (20), UDF1 (44)
UDF1 checks
bits checks
River [3s 3h 2c 7c Ah], bits (20), UDF1 (44)
UDF1 checks
bits checks
bits shows [Qd Jd]
UDF1 shows [8c Jc]
bits awarded 44
UDF1 awarded -44

Round #68, UDF1 (-852), bits (852)
UDF1 posts blind: 10
bits posts blind: 20
UDF1 received [Jc 7h]
bits received [8h Jh]
UDF1 calls
bits checks
Flop [3s 4s Ad], UDF1 (20), bits (20)
bits bids 16
UDF1 bids 11
bits won the auction and was revealed [Jc]
Flop [3s 4s Ad], UDF1 (20), bits (31)
bits checks
UDF1 checks
Turn [3s 4s Ad 3c], UDF1 (20), bits (31)
bits checks
UDF1 checks
River [3s 4s Ad 3c 7s], UDF1 (20), bits (31)
bits checks
UDF1 bets 36
bits folds
UDF1 awarded 31
bits awarded -31

Round #69, bits (821), UDF1 (-821)
bits posts blind: 10
UDF1 posts blind: 20
bits received [7h 4h]
UDF1 received [Kc 3c]
bits calls
UDF1 checks
Flop [5c 4d 6s], bits (20), UDF1 (20)
UDF1 bids 33
bits bids 40
bits won the auction and was revealed [3c]
Flop [5c 4d 6s], bits (53), UDF1 (20)
UDF1 checks
bits checks
Turn [5c 4d 6s Kh], bits (53), UDF1 (20)
UDF1 bets 39
bits calls
River [5c 4d 6s Kh Qh], bits (92), UDF1 (59)
UDF1 bets 105
bits calls
bits shows [7h 4h]
UDF1 shows [Kc 3c]
bits awarded -197
UDF1 awarded 197

Round #70, UDF1 (-624), bits (624)
UDF1 posts blind: 10
bits posts blind: 20
UDF1 received [Jd 6h]
bits received [8c Jc]
UDF1 calls
bits checks
Flop [9c 7d 4s], UDF1 (20), bits (20)
bits bids 27
UDF1 bids 35
UDF1 won the auction and was revealed [8c]
Flop [9c 7d 4s], UDF1 (47), bits (20)
bits checks
UDF1 checks
Turn [9c 7d 4s 4d], UDF1 (47), bits (20)
bits checks
UDF1 bets 20
bits calls
River [9c 7d 4s 4d 8h], UDF1 (67), bits (40)
bits bets 53
UDF1 folds
UDF1 awarded -67
bits awarded 67

Round #71, bits (691), UDF1 (-691)
bits posts blind: 10
UDF1 posts blind: 20
bits received [7h Kc]
UDF1 received [3c Qh]
bits calls
UDF1 checks
Flop [4s 9d 7c], bits (20), UDF1 (20)
UDF1 bids 40
bits bids 40
bits won the auction and was revealed [3c]
UDF1 won the auction and was revealed [7h]
Flop [4s 9d 7c], bits (60), UDF1 (60)
UDF1 checks
bits bets 60
UDF1 folds
bits awarded 60
UDF1 awarded -60

Round #72, UDF1 (-751), bits (751)
UDF1 posts blind: 10
bits posts blind: 20
UDF1 received [8h 3h]
bits received [Tc As]
UDF1 calls
bits raises to 80
UDF1 folds
UDF1 awarded -20
bits awarded 20

Round #73, bits (771), UDF1 (-771)
bits posts blind: 10
UDF1 posts blind: 20
bits received [Qs 4h]
UDF1 received [Ts 8h]
bits calls
UDF1 checks
Flop [Td Qh 5d], bits (20), UDF1 (20)
UDF1 bids 37
bits bids 48
bits won the auction and was revealed [8h]
Flop [Td Qh 5d], bits (57), UDF1 (20)
UDF1 bets 37
bits calls
Turn [Td Qh 5d Kd], bits (94), UDF1 (57)
UDF1 bets 68
bits calls
River [Td Qh 5d Kd Tc], bits (162), UDF1 (125)
UDF1 bets 196
bits calls
bits shows [Qs 4h]
UDF1 shows [Ts 8h]
bits awarded -358
UDF1 awarded 358

Round #74, UDF1 (-413), bits (413)
UDF1 posts blind: 10
bits posts blind: 20
UDF1 received [2h 6h]
bits received [Th 8s]
UDF1 calls
bits checks
Flop [Kd Ah 5c], UDF1 (20), bits (20)
bits bids 19
UDF1 bids 32
UDF1 won the auction and was revealed [8s]
Flop [Kd Ah 5c], UDF1 (39), bits (20)
bits checks
UDF1 checks
Turn [Kd Ah 5c 2s], UDF1 (39), bits (20)
bits checks
UDF1 bets 21
bits folds
UDF1 awarded 20
bits awarded -20

Round #75, bits (393), UDF1 (-393)
bits posts blind: 10
UDF1 posts blind: 20
bits received [8h 7c]
UDF1 received [2s 4s]
bits calls
UDF1 checks
Flop [7s 3h 5h], bits (20), UDF1 (20)
UDF1 bids 26
bits bids 41
bits won the auction and was revealed [4s]
Flop [7s 3h 5h], bits (46), UDF1 (20)
UDF1 checks
bits bets 33
UDF1 folds
bits awarded 20
UDF1 awarded -20

Round #76, UDF1 (-413), bits (413)
UDF1 posts blind: 10
bits posts blind: 20
UDF1 received [4c Tc]
bits received [7s 9d]
UDF1 calls
bits checks
Flop [Ks 2d Qs], UDF1 (20), bits (20)
bits bids 20
UDF1 bids 37
UDF1 won the auction and was revealed [7s]
Flop [Ks 2d Qs], UDF1 (40), bits (20)
bits checks
UDF1 bets 22
bits folds
UDF1 awarded 20
bits awarded -20

Round #77, bits (393), UDF1 (-393)
bits posts blind: 10
UDF1 posts blind: 20
bits received [Ac Th]
UDF1 received [8c Ks]
bits raises to 60
UDF1 calls
Flop [6s 2c Td], bits (60), UDF1 (60)
UDF1 bids 46
bits bids 141
bits won the auction and was revealed [8c]
Flop [6s 2c Td], bits (106), UDF1 (60)
UDF1 checks
bits bets 83
UDF1 calls
Turn [6s 2c Td 4d], bits (189), UDF1 (143)
UDF1 checks
bits bets 166
UDF1 folds
bits awarded 143
UDF1 awarded -143

Round #78, UDF1 (-536), bits (536)
UDF1 posts blind: 10
bits posts blind: 20
UDF1 received [6h 8d]
bits received [Ts 4h]
UDF1 calls
bits checks
Flop [9s 7c 3d], UDF1 (20), bits (20)
bits bids 14
UDF1 bids 45
UDF1 won the auction and was revealed [4h]
Flop [9s 7c 3d], UDF1 (34), bits (20)
bits checks
UDF1 checks
Turn [9s 7c 3d 7h], UDF1 (34), bits (20)
bits checks
UDF1 checks
River [9s 7c 3d 7h Kh], UDF1 (34), bits (20)
bits checks
UDF1 checks
UDF1 shows [6h 8d]
bits shows [Ts 4h]
UDF1 awarded -34
bits awarded 34

Round #79, bits (570), UDF1 (-570)
bits posts blind: 10
UDF1 posts blind: 20
bits received [4s 4d]
UDF1 received [Kd Tc]
bits calls
UDF1 checks
Flop [5s 6d Qs], bits (20), UDF1 (20)
UDF1 bids 26
bits bids 30
bits won the auction and was revealed [Kd]
Flop [5s 6d Qs], bits (46), UDF1 (20)
UDF1 checks
bits checks
Turn [5s 6d Qs 2h], bits (46), UDF1 (20)
UDF1 checks
bits bets 33
UDF1 folds
bits awarded 20
UDF1 awarded -20

Round #80, UDF1 (-590), bits (590)
UDF1 posts blind: 10
bits posts blind: 20
UDF1 received [Qh 7h]
bits received [Qc Ac]
UDF1 calls
bits raises to 80
UDF1 folds
UDF1 awarded -20
bits awarded 20

Round #81, bits (610), UDF1 (-610)
bits posts blind: 10
UDF1 posts blind: 20
bits received [5h 2c]
UDF1 received [8h Ks]
bits calls
UDF1 checks
Flop [3d 6c 2d], bits (20), UDF1 (20)
UDF1 bids 30
bits bids 34
bits won the auction and was revealed [Ks]
Flop [3d 6c 2d], bits (50), UDF1 (20)
UDF1 checks
bits bets 35
UDF1 folds
bits awarded 20
UDF1 awarded -20

Round #82, UDF1 (-630), bits (630)
UDF1 posts blind: 10
bits posts blind: 20
UDF1 received [Kd Ad]
bits received [3h 7h]
UDF1 raises to 3908
bits folds
UDF1 awarded 20
bits awarded -20

Round #83, bits (610), UDF1 (-610)
bits posts blind: 10
UDF1 posts blind: 20
bits received [Ah 3c]
UDF1 received [7h Qs]
bits calls
UDF1 checks
Flop [Kd 5d Qd], bits (20), UDF1 (20)
UDF1 bids 40
bits bids 22
UDF1 won the auction and was revealed [Ah]
Flop [Kd 5d Qd], bits (20), UDF1 (42)
UDF1 bets 24
bits calls
Turn [Kd 5d Qd Tc], bits (44), UDF1 (66)
UDF1 bets 52
bits calls
River [Kd 5d Qd Tc 9c], bits (96), UDF1 (118)
UDF1 bets 152
bits folds
bits awarded -96
UDF1 awarded 96

Round #84, UDF1 (-514), bits (514)
UDF1 posts blind: 10
bits posts blind: 20
UDF1 received [5d 2c]
bits received [2s 6c]
UDF1 calls
bits checks
Flop [Tc 3h 4d], UDF1 (20), bits (20)
bits bids 16
UDF1 bids 34
UDF1 won the auction and was revealed [2s]
Flop [Tc 3h 4d], UDF1 (36), bits (20)
bits checks
UDF1 checks
Turn [Tc 3h 4d 8d], UDF1 (36), bits (20)
bits checks
UDF1 checks
River [Tc 3h 4d 8d 4h], UDF1 (36), bits (20)
bits checks
UDF1 checks
UDF1 shows [5d 2c]
bits shows [2s 6c]
UDF1 awarded -36
bits awarded 36

Round #85, bits (550), UDF1 (-550)
bits posts blind: 10
UDF1 posts blind: 20
bits received [Kc 5s]
UDF1 received [2h 8d]
bits calls
UDF1 checks
Flop [7c Th 3d], bits (20), UDF1 (20)
UDF1 bids 34
bits bids 21
UDF1 won the auction and was revealed [5s]
Flop [7c Th 3d], bits (20), UDF1 (41)
UDF1 bets 20
bits calls
Turn [7c Th 3d Td], bits (40), UDF1 (61)
UDF1 checks
bits checks
River [7c Th 3d Td Kh], bits (40), UDF1 (61)
UDF1 checks
bits bets 50
UDF1 folds
bits awarded 61
UDF1 awarded -61

Round #86, UDF1 (-611), bits (611)
UDF1 posts blind: 10
bits posts blind: 20
UDF1 received [2h 4s]
bits received [7c 2c]
UDF1 calls
bits checks
Flop [2s Kh Js], UDF1 (20), bits (20)
bits bids 32
UDF1 bids 6
bits won the auction and was revealed [4s]
Flop [2s Kh Js], UDF1 (20), bits (26)
bits checks
UDF1 bets 20
bits calls
Turn [2s Kh Js Ad], UDF1 (40), bits (46)
bits checks
UDF1 checks
River [2s Kh Js Ad Ah], UDF1 (40), bits (46)
bits bets 43
UDF1 folds
UDF1 awarded -40
bits awarded 40

Round #87, bits (651), UDF1 (-651)
bits posts blind: 10
UDF1 posts blind: 20
bits received [4c 9d]
UDF1 received [6d 8c]
bits calls
UDF1 checks
Flop [Tc 7s 2c], bits (20), UDF1 (20)
UDF1 bids 33
bits bids 17
UDF1 won the auction and was revealed [4c]
Flop [Tc 7s 2c], bits (20), UDF1 (37)
UDF1 checks
bits checks
Turn [Tc 7s 2c 6h], bits (20), UDF1 (37)
UDF1 bets 35
bits folds
bits awarded -20
UDF1 awarded 20

Round #88, UDF1 (-631), bits (631)
UDF1 posts blind: 10
bits posts blind: 20
UDF1 received [6h 6c]
bits received [Qd Kd]
UDF1 calls
bits raises to 80
UDF1 calls
Flop [Jc As Ks], UDF1 (80), bits (80)
bits bids 189
UDF1 bids 9
bits won the auction and was revealed [6h]
Flop [Jc As Ks], UDF1 (80), bits (89)
bits bets 84
UDF1 calls
Turn [Jc As Ks 5s], UDF1 (164), bits (173)
bits bets 168
UDF1 calls
River [Jc As Ks 5s Js], UDF1 (332), bits (341)
bits checks
UDF1 checks
UDF1 shows [6h 6c]
bits shows [Qd Kd]
UDF1 awarded -332
bits awarded 332

Round #89, bits (963), UDF1 (-963)
bits posts blind: 10
UDF1 posts blind: 20
bits received [7c 9c]
UDF1 received [Kh 7h]
bits calls
UDF1 checks
Flop [5s Qc Ah], bits (20), UDF1 (20)
UDF1 bids 42
bits bids 18
UDF1 won the auction and was revealed [7c]
Flop [5s Qc Ah], bits (20), UDF1 (38)
UDF1 bets 29
bits folds
bits awarded -20
UDF1 awarded 20

Round #90, UDF1 (-943), bits (943)
UDF1 posts blind: 10
bits posts blind: 20
UDF1 received [7d Ks]
bits received [7c Ts]
UDF1 calls
bits checks
Flop [6s 3d Jh], UDF1 (20), bits (20)
bits bids 18
UDF1 bids 9
bits won the auction and was revealed [Ks]
Flop [6s 3d Jh], UDF1 (20), bits (29)
bits checks
UDF1 checks
Turn [6s 3d Jh 7h], UDF1 (20), bits (29)
bits bets 24
UDF1 calls
River [6s 3d Jh 7h 9s], UDF1 (44), bits (53)
bits bets 48
UDF1 calls
UDF1 shows [7d Ks]
bits shows [7c Ts]
UDF1 awarded 101
bits awarded -101

Round #91, bits (842), UDF1 (-842)
bits posts blind: 10
UDF1 posts blind: 20
bits received [9s 3h]
UDF1 received [Ts 9c]
bits calls
UDF1 checks
Flop [8d Ks 6c], bits (20), UDF1 (20)
UDF1 bids 47
bits bids 15
UDF1 won the auction and was revealed [3h]
Flop [8d Ks 6c], bits (20), UDF1 (35)
UDF1 checks
bits checks
Turn [8d Ks 6c Qs], bits (20), UDF1 (35)
UDF1 bets 22
bits folds
bits awarded -20
UDF1 awarded 20

Round #92, UDF1 (-822), bits (822)
UDF1 posts blind: 10
bits posts blind: 20
UDF1 received [6d 9d]
bits received [9h 3s]
UDF1 calls
bits checks
Flop [Kh 8c 3h], UDF1 (20), bits (20)
bits bids 37
UDF1 bids 7
bits won the auction and was revealed [6d]
Flop [Kh 8c 3h], UDF1 (20), bits (27)
bits checks
UDF1 checks
Turn [Kh 8c 3h Ah], UDF1 (20), bits (27)
bits bets 23
UDF1 folds
UDF1 awarded -20
bits awarded 20

Round #93, bits (842), UDF1 (-842)
bits posts blind: 10
UDF1 posts blind: 20
bits received [7d Jh]
UDF1 received [8c 3h]
bits calls
UDF1 checks
Flop [2s 6d Qd], bits (20), UDF1 (20)
UDF1 bids 34
bits bids 25
UDF1 won the auction and was revealed [Jh]
Flop [2s 6d Qd], bits (20), UDF1 (45)
UDF1 checks
bits checks
Turn [2s 6d Qd 6s], bits (20), UDF1 (45)
UDF1 checks
bits checks
River [2s 6d Qd 6s Th], bits (20), UDF1 (45)
UDF1 checks
bits checks
bits shows [7d Jh]
UDF1 shows [8c 3h]
bits awarded 45
UDF1 awarded -45

Round #94, UDF1 (-887), bits (887)
UDF1 posts blind: 10
bits posts blind: 20
UDF1 received [Ah Jd]
bits received [Ad 2h]
UDF1 raises to 3565
bits folds
UDF1 awarded 20
bits awarded -20

Round #95, bits (867), UDF1 (-867)
bits posts blind: 10
UDF1 posts blind: 20
bits received [5s Qs]
UDF1 received [2d 5h]
bits calls
UDF1 checks
Flop [5d 7h Ah], bits (20), UDF1 (20)
UDF1 bids 12
bits bids 35
bits won the auction and was revealed [5h]
Flop [5d 7h Ah], bits (32), UDF1 (20)
UDF1 bets 23
bits calls
Turn [5d 7h Ah 9c], bits (55), UDF1 (43)
UDF1 checks
bits checks
River [5d 7h Ah 9c 8d], bits (55), UDF1 (43)
UDF1 checks
bits checks
bits shows [5s Qs]
UDF1 shows [2d 5h]
bits awarded 43
UDF1 awarded -43

Round #96, UDF1 (-910), bits (910)
UDF1 posts blind: 10
bits posts blind: 20
UDF1 received [4h 7c]
bits received [3s Jh]
UDF1 calls
bits checks
Flop [3h Tc 2s], UDF1 (20), bits (20)
bits bids 39
UDF1 bids 31
bits won the auction and was revealed [7c]
Flop [3h Tc 2s], UDF1 (20), bits (51)
bits bets 35
UDF1 folds
UDF1 awarded -20
bits awarded 20

Round #97, bits (930), UDF1 (-930)
bits posts blind: 10
UDF1 posts blind: 20
bits received [Jc Ks]
UDF1 received [7c 2d]
bits calls
UDF1 checks
Flop [6c Th Kc], bits (20), UDF1 (20)
UDF1 bids 35
bits bids 4980
bits won the auction and was revealed [7c]
Flop [6c Th Kc], bits (55), UDF1 (20)
UDF1 checks
bits bets 37
UDF1 folds
bits awarded 20
UDF1 awarded -20

Round #98, UDF1 (-950), bits (950)
UDF1 posts blind: 10
bits posts blind: 20
UDF1 received [8s 3c]
bits received [5d 6d]
UDF1 calls
bits checks
Flop [Ah 2d 5h], UDF1 (20), bits (20)
bits bids 36
UDF1 bids 35
bits won the auction and was revealed [3c]
Flop [Ah 2d 5h], UDF1 (20), bits (55)
bits checks
UDF1 checks
Turn [Ah 2d 5h Jh], UDF1 (20), bits (55)
bits checks
UDF1 checks
River [Ah 2d 5h Jh 9s], UDF1 (20), bits (55)
bits bets 37
UDF1 folds
UDF1 awarded -20
bits awarded 20

Round #99, bits (970), UDF1 (-970)
bits posts blind: 10
UDF1 posts blind: 20
bits received [3s 6c]
UDF1 received [7d 2h]
bits calls
UDF1 checks
Flop [Qs 3d 8c], bits (20), UDF1 (20)
UDF1 bids 29
bits bids 31
bits won the auction and was revealed [7d]
Flop [Qs 3d 8c], bits (49), UDF1 (20)
UDF1 checks
bits bets 34
UDF1 folds
bits awarded 20
UDF1 awarded -20

Round #100, UDF1 (-990), bits (990)
UDF1 posts blind: 10
bits posts blind: 20
UDF1 received [4h 2c]
bits received [Kh 9c]
UDF1 calls
bits checks
Flop [4s Jc 6s], UDF1 (20), bits (20)
bits bids 23
UDF1 bids 42
UDF1 won the auction and was revealed [Kh]
Flop [4s Jc 6s], UDF1 (43), bits (20)
bits checks
UDF1 bets 21
bits calls
Turn [4s Jc 6s 2s], UDF1 (64), bits (41)
bits checks
UDF1 bets 68
bits folds
UDF1 awarded 41
bits awarded -41

Round #101, bits (949), UDF1 (-949)
bits posts blind: 10
UDF1 posts blind: 20
bits received [Jc Ad]
UDF1 received [Js 6d]
bits calls
UDF1 checks
Flop [Ks 2h 9c], bits (20), UDF1 (20)
UDF1 bids 32
bits bids 32
bits won the auction and was revealed [6d]
UDF1 won the auction and was revealed [Jc]
Flop [Ks 2h 9c], bits (52), UDF1 (52)
UDF1 checks
bits bets 52
UDF1 folds
bits awarded 52
UDF1 awarded -52

Round #102, UDF1 (-1001), bits (1001)
UDF1 posts blind: 10
bits posts blind: 20
UDF1 received [4s Qs]
bits received [3d 7h]
UDF1 calls
bits checks
Flop [Js 2c Ac], UDF1 (20), bits (20)
bits bids 11
UDF1 bids 27
UDF1 won the auction and was revealed [7h]
Flop [Js 2c Ac], UDF1 (31), bits (20)
bits checks
UDF1 checks
Turn [Js 2c Ac Kh], UDF1 (31), bits (20)
bits checks
UDF1 bets 22
bits folds
UDF1 awarded 20
bits awarded -20

Round #103, bits (981), UDF1 (-981)
bits posts blind: 10
UDF1 posts blind: 20
bits received [7h 7c]
UDF1 received [Ah 6s]
bits raises to 60
UDF1 folds
bits awarded 20
UDF1 awarded -20

Round #104, UDF1 (-1001), bits (1001)
UDF1 posts blind: 10
bits posts blind: 20
UDF1 received [3d 2h]
bits received [4d Kc]
UDF1 raises to 1153
bits folds
UDF1 awarded 20
bits awarded -20

Round #105, bits (981), UDF1 (-981)
bits posts blind: 10
UDF1 posts blind: 20
bits received [Ac Qs]
UDF1 received [7d 7h]
bits raises to 60
UDF1 raises to 1914
bits folds
bits awarded -60
UDF1 awarded 60

Round #106, UDF1 (-921), bits (921)
UDF1 posts blind: 10
bits posts blind: 20
UDF1 received [8d 8c]
bits received [4h Kh]
UDF1 raises to 3500
bits folds
UDF1 awarded 20
bits awarded -20

Round #107, bits (901), UDF1 (-901)
bits posts blind: 10
UDF1 posts blind: 20
bits received [8d 5s]
UDF1 received [2h 7h]
bits calls
UDF1 checks
Flop [Js Qs 8s], bits (20), UDF1 (20)
UDF1 bids 35
bits bids 38
bits won the auction and was revealed [2h]
Flop [Js Qs 8s], bits (55), UDF1 (20)
UDF1 checks
bits bets 37
UDF1 folds
bits awarded 20
UDF1 awarded -20

Round #108, UDF1 (-921), bits (921)
UDF1 posts blind: 10
bits posts blind: 20
UDF1 received [6s 2h]
bits received [Jd 9d]
UDF1 calls
bits checks
Flop [Qc Td 5h], UDF1 (20), bits (20)
bits bids 36
UDF1 bids 24
bits won the auction and was revealed [6s]
Flop [Qc Td 5h], UDF1 (20), bits (44)
bits bets 32
UDF1 folds
UDF1 awarded -20
bits awarded 20

Round #109, bits (941), UDF1 (-941)
bits posts blind: 10
UDF1 posts blind: 20
bits received [7s 4s]
UDF1 received [6c Th]
bits calls
UDF1 checks
Flop [6h 2s 4h], bits (20), UDF1 (20)
UDF1 bids 46
bits bids 35
UDF1 won the auction and was revealed [7s]
Flop [6h 2s 4h], bits (20), UDF1 (55)
UDF1 bets 29
bits calls
Turn [6h 2s 4h 3s], bits (49), UDF1 (84)
UDF1 bets 59
bits calls
River [6h 2s 4h 3s 4c], bits (108), UDF1 (143)
UDF1 bets 170
bits calls
bits shows [7s 4s]
UDF1 shows [6c Th]
bits awarded 313
UDF1 awarded -313

Round #110, UDF1 (-1254), bits (1254)
UDF1 posts blind: 10
bits posts blind: 20
UDF1 received [7h 5h]
bits received [2s 2h]
UDF1 calls
bits checks
Flop [Tc 9h 4h], UDF1 (20), bits (20)
bits bids 27
UDF1 bids 42
UDF1 won the auction and was revealed [2s]
Flop [Tc 9h 4h], UDF1 (47), bits (20)
bits checks
UDF1 bets 26
bits calls
Turn [Tc 9h 4h Kd], UDF1 (73), bits (46)
bits checks
UDF1 bets 48
bits calls
River [Tc 9h 4h Kd Td], UDF1 (121), bits (94)
bits checks
UDF1 checks
UDF1 shows [7h 5h]
bits shows [2s 2h]
UDF1 awarded -121
bits awarded 121

Round #111, bits (1375), UDF1 (-1375)
bits posts blind: 10
UDF1 posts blind: 20
bits received [Td 3d]
UDF1 received [5c 8h]
bits calls
UDF1 checks
Flop [2s 4d 9s], bits (20), UDF1 (20)
UDF1 bids 34
bits bids 17
UDF1 won the auction and was revealed [Td]
Flop [2s 4d 9s], bits (20), UDF1 (37)
UDF1 checks
bits checks
Turn [2s 4d 9s Qs], bits (20), UDF1 (37)
UDF1 checks
bits checks
River [2s 4d 9s Qs Tc], bits (20), UDF1 (37)
UDF1 checks
bits checks
bits shows [Td 3d]
UDF1 shows [5c 8h]
bits awarded 37
UDF1 awarded -37

Round #112, UDF1 (-1412), bits (1412)
UDF1 posts blind: 10
bits posts blind: 20
UDF1 received [5s 7h]
bits received [7c Ac]
UDF1 calls
bits checks
Flop [8s 3s 8c], UDF1 (20), bits (20)
bits bids 31
UDF1 bids 34
UDF1 won the auction and was revealed [Ac]
Flop [8s 3s 8c], UDF1 (51), bits (20)
bits checks
UDF1 checks
Turn [8s 3s 8c 6s], UDF1 (51), bits (20)
bits checks
UDF1 checks
River [8s 3s 8c 6s 8h], UDF1 (51), bits (20)
bits checks
UDF1 checks
UDF1 shows [5s 7h]
bits shows [7c Ac]
UDF1 awarded -51
bits awarded 51

Round #113, bits (1463), UDF1 (-1463)
bits posts blind: 10
UDF1 posts blind: 20
bits received [9d 9h]
UDF1 received [9s Ac]
bits raises to 60
UDF1 calls
Flop [5c 9c 2s], bits (60), UDF1 (60)
UDF1 bids 33
bits bids 4940
bits won the auction and was revealed [9s]
Flop [5c 9c 2s], bits (93), UDF1 (60)
UDF1 bets 88
bits raises to 301
UDF1 raises to 514
bits raises to 1210
UDF1 raises to 1906
bits raises to 4086
UDF1 raises to 4907
bits calls
Turn [5c 9c 2s Kc], bits (5000), UDF1 (4967)
UDF1 checks
bits checks
River [5c 9c 2s Kc 8h], bits (5000), UDF1 (4967)
UDF1 checks
bits checks
bits shows [9d 9h]
UDF1 shows [9s Ac]
bits awarded 4967
UDF1 awarded -4967

Round #114, UDF1 (-6430), bits (6430)
UDF1 posts blind: 10
bits posts blind: 20
UDF1 received [7d 6d]
bits received [6h 5d]
UDF1 calls
bits checks
Flop [Tc 4h Ad], UDF1 (20), bits (20)
bits bids 15
UDF1 bids 35
UDF1 won the auction and was revealed [5d]
Flop [Tc 4h Ad], UDF1 (35), bits (20)
bits checks
UDF1 checks
Turn [Tc 4h Ad 2h], UDF1 (35), bits (20)
bits checks
UDF1 checks
River [Tc 4h Ad 2h Td], UDF1 (35), bits (20)
bits checks
UDF1 checks
UDF1 shows [7d 6d]
bits shows [6h 5d]
UDF1 awarded 20
bits awarded -20

Round #115, bits (6410), UDF1 (-6410)
bits posts blind: 10
UDF1 posts blind: 20
bits received [6d 4d]
UDF1 received [Kd 8c]
bits calls
UDF1 checks
Flop [9d 5s 7c], bits (20), UDF1 (20)
UDF1 bids 47
bits bids 23
UDF1 won the auction and was revealed [6d]
Flop [9d 5s 7c], bits (20), UDF1 (43)
UDF1 bets 28
bits calls
Turn [9d 5s 7c 4s], bits (48), UDF1 (71)
UDF1 checks
bits checks
River [9d 5s 7c 4s Qd], bits (48), UDF1 (71)
UDF1 checks
bits checks
bits shows [6d 4d]
UDF1 shows [Kd 8c]
bits awarded 71
UDF1 awarded -71

Round #116, UDF1 (-6481), bits (6481)
UDF1 posts blind: 10
bits posts blind: 20
UDF1 received [9c Ks]
bits received [Ad 6d]
UDF1 calls
bits checks
Flop [Qd 2c 3c], UDF1 (20), bits (20)
bits bids 30
UDF1 bids 8
bits won the auction and was revealed [Ks]
Flop [Qd 2c 3c], UDF1 (20), bits (28)
bits checks
UDF1 bets 20
bits calls
Turn [Qd 2c 3c Qc], UDF1 (40), bits (48)
bits checks
UDF1 checks
River [Qd 2c 3c Qc 9d], UDF1 (40), bits (48)
bits checks
UDF1 bets 68
bits calls
UDF1 shows [9c Ks]
bits shows [Ad 6d]
UDF1 awarded 116
bits awarded -116

Round #117, bits (6365), UDF1 (-6365)
bits posts blind: 10
UDF1 posts blind: 20
bits received [4s 5c]
UDF1 received [Qd 5h]
bits calls
UDF1 checks
Flop [2s 3h Jd], bits (20), UDF1 (20)
UDF1 bids 32
bits bids 27
UDF1 won the auction and was revealed [5c]
Flop [2s 3h Jd], bits (20), UDF1 (47)
UDF1 checks
bits checks
Turn [2s 3h Jd 8c], bits (20), UDF1 (47)
UDF1 checks
bits checks
River [2s 3h Jd 8c 6c], bits (20), UDF1 (47)
UDF1 checks
bits bets 83
UDF1 folds
bits awarded 47
UDF1 awarded -47

Round #118, UDF1 (-6412), bits (6412)
UDF1 posts blind: 10
bits posts blind: 20
UDF1 received [6d 2c]
bits received [9h As]
UDF1 calls
bits checks
Flop [5h Jh 4c], UDF1 (20), bits (20)
bits bids 25
UDF1 bids 13
bits won the auction and was revealed [2c]
Flop [5h Jh 4c], UDF1 (20), bits (33)
bits checks
UDF1 checks
Turn [5h Jh 4c 6h], UDF1 (20), bits (33)
bits checks
UDF1 bets 21
bits calls
River [5h Jh 4c 6h 3s], UDF1 (41), bits (54)
bits checks
UDF1 bets 63
bits folds
UDF1 awarded 54
bits awarded -54

Round #119, bits (6358), UDF1 (-6358)
bits posts blind: 10
UDF1 posts blind: 20
bits received [Kd Qd]
UDF1 received [3s Th]
bits raises to 60
UDF1 calls
Flop [Js 3h 8s], bits (60), UDF1 (60)
UDF1 bids 52
bits bids 76
bits won the auction and was revealed [Th]
Flop [Js 3h 8s], bits (112), UDF1 (60)
UDF1 bets 75
bits calls
Turn [Js 3h 8s 3c], bits (187), UDF1 (135)
UDF1 bets 223
bits calls
River [Js 3h 8s 3c 9h], bits (410), UDF1 (358)
UDF1 bets 546
bits folds
bits awarded -410
UDF1 awarded 410

Round #120, UDF1 (-5948), bits (5948)
UDF1 posts blind: 10
bits posts blind: 20
UDF1 received [6c 6h]
bits received [Qc Kc]
UDF1 raises to 2029
bits folds
UDF1 awarded 20
bits awarded -20

Round #121, bits (5928), UDF1 (-5928)
bits posts blind: 10
UDF1 posts blind: 20
bits received [9d 2d]
UDF1 received [3c 7s]
bits calls
UDF1 checks
Flop [2c 4h Js], bits (20), UDF1 (20)
UDF1 bids 28
bits bids 32
bits won the auction and was revealed [7s]
Flop [2c 4h Js], bits (48), UDF1 (20)
UDF1 checks
bits checks
Turn [2c 4h Js Kh], bits (48), UDF1 (20)
UDF1 checks
bits checks
River [2c 4h Js Kh 9h], bits (48), UDF1 (20)
UDF1 checks
bits bets 85
UDF1 folds
bits awarded 20
UDF1 awarded -20

Round #122, UDF1 (-5948), bits (5948)
UDF1 posts blind: 10
bits posts blind: 20
UDF1 received [4h 7c]
bits received [2h 7s]
UDF1 calls
bits checks
Flop [Ac 8h 7h], UDF1 (20), bits (20)
bits bids 35
UDF1 bids 50
UDF1 won the auction and was revealed [2h]
Flop [Ac 8h 7h], UDF1 (55), bits (20)
bits checks
UDF1 bets 41
bits calls
Turn [Ac 8h 7h 6c], UDF1 (96), bits (61)
bits checks
UDF1 bets 80
bits calls
River [Ac 8h 7h 6c 3c], UDF1 (176), bits (141)
bits checks
UDF1 bets 223
bits calls
UDF1 shows [4h 7c]
bits shows [2h 7s]
UDF1 awarded -18
bits awarded 18

Round #123, bits (5966), UDF1 (-5966)
bits posts blind: 10
UDF1 posts blind: 20
bits received [Js 7d]
UDF1 received [Th 6s]
bits calls
UDF1 checks
Flop [Qc 4d 2c], bits (20), UDF1 (20)
UDF1 bids 38
bits bids 20
UDF1 won the auction and was revealed [7d]
Flop [Qc 4d 2c], bits (20), UDF1 (40)
UDF1 bets 22
bits calls
Turn [Qc 4d 2c 3h], bits (42), UDF1 (62)
UDF1 checks
bits checks
River [Qc 4d 2c 3h 7h], bits (42), UDF1 (62)
UDF1 checks
bits bets 52
UDF1 folds
bits awarded 62
UDF1 awarded -62

Round #124, UDF1 (-6028), bits (6028)
UDF1 posts blind: 10
bits posts blind: 20
UDF1 received [Jh 7d]
bits received [5d 9s]
UDF1 calls
bits checks
Flop [3d 5c 7c], UDF1 (20), bits (20)
bits bids 39
UDF1 bids 43
UDF1 won the auction and was revealed [9s]
Flop [3d 5c 7c], UDF1 (59), bits (20)
bits checks
UDF1 bets 36
bits calls
Turn [3d 5c 7c 3h], UDF1 (95), bits (56)
bits checks
UDF1 bets 71
bits calls
River [3d 5c 7c 3h Qd], UDF1 (166), bits (127)
bits checks
UDF1 bets 213
bits calls
UDF1 shows [Jh 7d]
bits shows [5d 9s]
UDF1 awarded 340
bits awarded -340

Round #125, bits (5688), UDF1 (-5688)
bits posts blind: 10
UDF1 posts blind: 20
bits received [5d 6h]
UDF1 received [7s Ad]
bits calls
UDF1 checks
Flop [Qc Qd 4d], bits (20), UDF1 (20)
UDF1 bids 13
bits bids 16
bits won the auction and was revealed [7s]
Flop [Qc Qd 4d], bits (33), UDF1 (20)
UDF1 bets 24
bits folds
bits awarded -33
UDF1 awarded 33

Round #126, UDF1 (-5655), bits (5655)
UDF1 posts blind: 10
bits posts blind: 20
UDF1 received [Td Tc]
bits received [8c Ts]
UDF1 raises to 3388
bits folds
UDF1 awarded 20
bits awarded -20

Round #127, bits (5635), UDF1 (-5635)
bits posts blind: 10
UDF1 posts blind: 20
bits received [Ks Ac]
UDF1 received [4s 8c]
bits raises to 60
UDF1 folds
bits awarded 20
UDF1 awarded -20

Round #128, UDF1 (-5655), bits (5655)
UDF1 posts blind: 10
bits posts blind: 20
UDF1 received [9s 5h]
bits received [7h Qd]
UDF1 calls
bits checks
Flop [Qs Ts 6s], UDF1 (20), bits (20)
bits bids 40
UDF1 bids 38
bits won the auction and was revealed [9s]
Flop [Qs Ts 6s], UDF1 (20), bits (58)
bits checks
UDF1 checks
Turn [Qs Ts 6s 2s], UDF1 (20), bits (58)
bits checks
UDF1 bets 44
bits folds
UDF1 awarded 58
bits awarded -58

Round #129, bits (5597), UDF1 (-5597)
bits posts blind: 10
UDF1 posts blind: 20
bits received [5d Ac]
UDF1 received [8s Td]
bits calls
UDF1 checks
Flop [As 6d Qd], bits (20), UDF1 (20)
UDF1 bids 27
bits bids 49
bits won the auction and was revealed [8s]
Flop [As 6d Qd], bits (47), UDF1 (20)
UDF1 checks
bits bets 33
UDF1 folds
bits awarded 20
UDF1 awarded -20

Round #130, UDF1 (-5617), bits (5617)
UDF1 posts blind: 10
bits posts blind: 20
UDF1 received [3c 3h]
bits received [5s Js]
UDF1 raises to 1669
bits folds
UDF1 awarded 20
bits awarded -20

Round #131, bits (5597), UDF1 (-5597)
bits posts blind: 10
UDF1 posts blind: 20
bits received [6s Jc]
UDF1 received [Jh 3d]
bits calls
UDF1 checks
Flop [Qc Kh 8s], bits (20), UDF1 (20)
UDF1 bids 36
bits bids 26
UDF1 won the auction and was revealed [6s]
Flop [Qc Kh 8s], bits (20), UDF1 (46)
UDF1 checks
bits checks
Turn [Qc Kh 8s Tc], bits (20), UDF1 (46)
UDF1 bets 28
bits calls
River [Qc Kh 8s Tc Kd], bits (48), UDF1 (74)
UDF1 bets 36
bits calls
bits shows [6s Jc]
UDF1 shows [Jh 3d]
bits awarded 13
UDF1 awarded -13

Round #132, UDF1 (-5610), bits (5610)
UDF1 posts blind: 10
bits posts blind: 20
UDF1 received [Qh 4s]
bits received [3d Th]
UDF1 calls
bits checks
Flop [2d Ks Ad], UDF1 (20), bits (20)
bits bids 19
UDF1 bids 45
UDF1 won the auction and was revealed [Th]
Flop [2d Ks Ad], UDF1 (39), bits (20)
bits checks
UDF1 checks
Turn [2d Ks Ad 6h], UDF1 (39), bits (20)
bits checks
UDF1 checks
River [2d Ks Ad 6h 8h], UDF1 (39), bits (20)
bits checks
UDF1 checks
UDF1 shows [Qh 4s]
bits shows [3d Th]
UDF1 awarded 20
bits awarded -20

Round #133, bits (5590), UDF1 (-5590)
bits posts blind: 10
UDF1 posts blind: 20
bits received [5d Ac]
UDF1 received [7s 2c]
bits calls
UDF1 checks
Flop [9h 9c 8s], bits (20), UDF1 (20)
UDF1 bids 33
bits bids 33
bits won the auction and was revealed [2c]
UDF1 won the auction and was revealed [5d]
Flop [9h 9c 8s], bits (53), UDF1 (53)
UDF1 checks
bits checks
Turn [9h 9c 8s Ah], bits (53), UDF1 (53)
UDF1 checks
bits bets 53
UDF1 calls
River [9h 9c 8s Ah 7h], bits (106), UDF1 (106)
UDF1 bets 162
bits calls
bits shows [5d Ac]
UDF1 shows [7s 2c]
bits awarded 268
UDF1 awarded -268

Round #134, UDF1 (-5858), bits (5858)
UDF1 posts blind: 10
bits posts blind: 20
UDF1 received [Ah 3s]
bits received [3c Th]
UDF1 calls
bits checks
Flop [5s 3d 6d], UDF1 (20), bits (20)
bits bids 25
UDF1 bids 47
UDF1 won the auction and was revealed [Th]
Flop [5s 3d 6d], UDF1 (45), bits (20)
bits checks
UDF1 bets 29
bits calls
Turn [5s 3d 6d 9s], UDF1 (74), bits (49)
bits checks
UDF1 bets 49
bits calls
River [5s 3d 6d 9s Ts], UDF1 (123), bits (98)
bits bets 110
UDF1 folds
UDF1 awarded -123
bits awarded 123

Round #135, bits (5981), UDF1 (-5981)
bits posts blind: 10
UDF1 posts blind: 20
bits received [5s 7s]
UDF1 received [Ah Ad]
bits calls
UDF1 raises to 3908
bits folds
bits awarded -20
UDF1 awarded 20

Round #136, UDF1 (-5961), bits (5961)
UDF1 posts blind: 10
bits posts blind: 20
UDF1 received [3s 6c]
bits received [2c Qd]
UDF1 calls
bits checks
Flop [Kd 2h 5c], UDF1 (20), bits (20)
bits bids 33
UDF1 bids 12
bits won the auction and was revealed [6c]
Flop [Kd 2h 5c], UDF1 (20), bits (32)
bits bets 26
UDF1 folds
UDF1 awarded -20
bits awarded 20

Round #137, bits (5981), UDF1 (-5981)
bits posts blind: 10
UDF1 posts blind: 20
bits received [3c 8h]
UDF1 received [3d 3s]
bits calls
UDF1 raises to 2055
bits folds
bits awarded -20
UDF1 awarded 20

Round #138, UDF1 (-5961), bits (5961)
UDF1 posts blind: 10
bits posts blind: 20
UDF1 received [8s 7d]
bits received [Jh Jc]
UDF1 calls
bits raises to 80
UDF1 folds
UDF1 awarded -20
bits awarded 20

Round #139, bits (5981), UDF1 (-5981)
bits posts blind: 10
UDF1 posts blind: 20
bits received [6d 4s]
UDF1 received [Ts 3c]
bits calls
UDF1 checks
Flop [5d Qc Td], bits (20), UDF1 (20)
UDF1 bids 57
bits bids 17
UDF1 won the auction and was revealed [4s]
Flop [5d Qc Td], bits (20), UDF1 (37)
UDF1 bets 35
bits folds
bits awarded -20
UDF1 awarded 20

Round #140, UDF1 (-5961), bits (5961)
UDF1 posts blind: 10
bits posts blind: 20
UDF1 received [Ah 3c]
bits received [6h 2h]
UDF1 calls
bits checks
Flop [9s 2s Qc], UDF1 (20), bits (20)
bits bids 26
UDF1 bids 6
bits won the auction and was revealed [3c]
Flop [9s 2s Qc], UDF1 (20), bits (26)
bits checks
UDF1 checks
Turn [9s 2s Qc Ts], UDF1 (20), bits (26)
bits checks
UDF1 checks
River [9s 2s Qc Ts 7d], UDF1 (20), bits (26)
bits checks
UDF1 checks
UDF1 shows [Ah 3c]
bits shows [6h 2h]
UDF1 awarded -20
bits awarded 20

Round #141, bits (5981), UDF1 (-5981)
bits posts blind: 10
UDF1 posts blind: 20
bits received [Jc Jd]
UDF1 received [Ah 3h]
bits raises to 60
UDF1 calls
Flop [5h Kh Qh], bits (60), UDF1 (60)
UDF1 bids 34
bits bids 104
bits won the auction and was revealed [Ah]
Flop [5h Kh Qh], bits (94), UDF1 (60)
UDF1 bets 95
bits folds
bits awarded -94
UDF1 awarded 94

Round #142, UDF1 (-5887), bits (5887)
UDF1 posts blind: 10
bits posts blind: 20
UDF1 received [9c 6s]
bits received [7h 9h]
UDF1 calls
bits checks
Flop [5d 5h 2h], UDF1 (20), bits (20)
bits bids 34
UDF1 bids 34
UDF1 won the auction and was revealed [7h]
bits won the auction and was revealed [6s]
Flop [5d 5h 2h], UDF1 (54), bits (54)
bits bets 54
UDF1 calls
Turn [5d 5h 2h 5s], UDF1 (108), bits (108)
bits checks
UDF1 bets 68
bits calls
River [5d 5h 2h 5s 4s], UDF1 (176), bits (176)
bits checks
UDF1 checks
UDF1 shows [9c 6s]
bits shows [7h 9h]
UDF1 awarded -176
bits awarded 176

Round #143, bits (6063), UDF1 (-6063)
bits posts blind: 10
UDF1 posts blind: 20
bits received [6c 2c]
UDF1 received [4h Kc]
bits calls
UDF1 checks
Flop [Ad Jc Th], bits (20), UDF1 (20)
UDF1 bids 54
bits bids 12
UDF1 won the auction and was revealed [2c]
Flop [Ad Jc Th], bits (20), UDF1 (32)
UDF1 bets 20
bits folds
bits awarded -20
UDF1 awarded 20

Round #144, UDF1 (-6043), bits (6043)
UDF1 posts blind: 10
bits posts blind: 20
UDF1 received [7h Jd]
bits received [5d Ah]
UDF1 calls
bits checks
Flop [8s Ad 7s], UDF1 (20), bits (20)
bits bids 47
UDF1 bids 7
bits won the auction and was revealed [7h]
Flop [8s Ad 7s], UDF1 (20), bits (27)
bits bets 23
UDF1 calls
Turn [8s Ad 7s Td], UDF1 (43), bits (50)
bits bets 46
UDF1 calls
River [8s Ad 7s Td 2c], UDF1 (89), bits (96)
bits bets 92
UDF1 calls
UDF1 shows [7h Jd]
bits shows [5d Ah]
UDF1 awarded -181
bits awarded 181

Round #145, bits (6224), UDF1 (-6224)
bits posts blind: 10
UDF1 posts blind: 20
bits received [2c 3d]
UDF1 received [Ac 7s]
bits calls
UDF1 checks
Flop [Qc 4d 6s], bits (20), UDF1 (20)
UDF1 bids 35
bits bids 16
UDF1 won the auction and was revealed [2c]
Flop [Qc 4d 6s], bits (20), UDF1 (36)
UDF1 bets 25
bits folds
bits awarded -20
UDF1 awarded 20

Round #146, UDF1 (-6204), bits (6204)
UDF1 posts blind: 10
bits posts blind: 20
UDF1 received [7d 3s]
bits received [Ts Qh]
UDF1 calls
bits checks
Flop [9c As 3c], UDF1 (20), bits (20)
bits bids 30
UDF1 bids 7
bits won the auction and was revealed [3s]
Flop [9c As 3c], UDF1 (20), bits (27)
bits checks
UDF1 bets 20
bits folds
UDF1 awarded 27
bits awarded -27

Round #147, bits (6177), UDF1 (-6177)
bits posts blind: 10
UDF1 posts blind: 20
bits received [8c 5s]
UDF1 received [3s Td]
bits calls
UDF1 checks
Flop [5h Qc 7h], bits (20), UDF1 (20)
UDF1 bids 43
bits bids 32
UDF1 won the auction and was revealed [8c]
Flop [5h Qc 7h], bits (20), UDF1 (52)
UDF1 checks
bits bets 36
UDF1 calls
Turn [5h Qc 7h Qs], bits (56), UDF1 (88)
UDF1 checks
bits bets 72
UDF1 calls
River [5h Qc 7h Qs 4d], bits (128), UDF1 (160)
UDF1 checks
bits bets 144
UDF1 folds
bits awarded 160
UDF1 awarded -160

Round #148, UDF1 (-6337), bits (6337)
UDF1 posts blind: 10
bits posts blind: 20
UDF1 received [7h 7s]
bits received [4c 8d]
UDF1 raises to 2106
bits folds
UDF1 awarded 20
bits awarded -20

Round #149, bits (6317), UDF1 (-6317)
bits posts blind: 10
UDF1 posts blind: 20
bits received [Tc 5h]
UDF1 received [Th Qd]
bits calls
UDF1 checks
Flop [4d 8d 2h], bits (20), UDF1 (20)
UDF1 bids 10
bits bids 20
bits won the auction and was revealed [Qd]
Flop [4d 8d 2h], bits (30), UDF1 (20)
UDF1 checks
bits checks
Turn [4d 8d 2h 4s], bits (30), UDF1 (20)
UDF1 checks
bits checks
River [4d 8d 2h 4s 5d], bits (30), UDF1 (20)
UDF1 checks
bits checks
bits shows [Tc 5h]
UDF1 shows [Th Qd]
bits awarded 20
UDF1 awarded -20

Round #150, UDF1 (-6337), bits (6337)
UDF1 posts blind: 10
bits posts blind: 20
UDF1 received [5h 2d]
bits received [2c Qd]
UDF1 calls
bits checks
Flop [4d Jc 4c], UDF1 (20), bits (20)
bits bids 23
UDF1 bids 33
UDF1 won the auction and was revealed [2c]
Flop [4d Jc 4c], UDF1 (43), bits (20)
bits checks
UDF1 checks
Turn [4d Jc 4c 5c], UDF1 (43), bits (20)
bits checks
UDF1 bets 25
bits calls
River [4d Jc 4c 5c 7c], UDF1 (68), bits (45)
bits checks
UDF1 checks
UDF1 shows [5h 2d]
bits shows [2c Qd]
UDF1 awarded -68
bits awarded 68

Round #151, bits (6405), UDF1 (-6405)
bits posts blind: 10
UDF1 posts blind: 20
bits received [9d 2c]
UDF1 received [Kh 3c]
bits calls
UDF1 checks
Flop [5h 3d As], bits (20), UDF1 (20)
UDF1 bids 14
bits bids 20
bits won the auction and was revealed [3c]
Flop [5h 3d As], bits (34), UDF1 (20)
UDF1 bets 20
bits folds
bits awarded -34
UDF1 awarded 34

Round #152, UDF1 (-6371), bits (6371)
UDF1 posts blind: 10
bits posts blind: 20
UDF1 received [Ah Ac]
bits received [2s 8c]
UDF1 raises to 3908
bits folds
UDF1 awarded 20
bits awarded -20

Round #153, bits (6351), UDF1 (-6351)
bits posts blind: 10
UDF1 posts blind: 20
bits received [8s 3h]
UDF1 received [5s Td]
bits calls
UDF1 raises to 1098
bits folds
bits awarded -20
UDF1 awarded 20

Round #154, UDF1 (-6331), bits (6331)
UDF1 posts blind: 10
bits posts blind: 20
UDF1 received [Jh Ad]
bits received [4s Ks]
UDF1 raises to 3714
bits folds
UDF1 awarded 20
bits awarded -20

Round #155, bits (6311), UDF1 (-6311)
bits posts blind: 10
UDF1 posts blind: 20
bits received [As 5h]
UDF1 received [Qs 6s]
bits calls
UDF1 checks
Flop [9c Jd 7c], bits (20), UDF1 (20)
UDF1 bids 29
bits bids 27
UDF1 won the auction and was revealed [5h]
Flop [9c Jd 7c], bits (20), UDF1 (47)
UDF1 checks
bits checks
Turn [9c Jd 7c 4s], bits (20), UDF1 (47)
UDF1 checks
bits checks
River [9c Jd 7c 4s 8h], bits (20), UDF1 (47)
UDF1 checks
bits checks
bits shows [As 5h]
UDF1 shows [Qs 6s]
bits awarded 47
UDF1 awarded -47

Round #156, UDF1 (-6358), bits (6358)
UDF1 posts blind: 10
bits posts blind: 20
UDF1 received [8d 8c]
bits received [3d 5d]
UDF1 raises to 3661
bits folds
UDF1 awarded 20
bits awarded -20

Round #157, bits (6338), UDF1 (-6338)
bits posts blind: 10
UDF1 posts blind: 20
bits received [Qh 7d]
UDF1 received [4c 2d]
bits calls
UDF1 checks
Flop [Qs Js 9d], bits (20), UDF1 (20)
UDF1 bids 13
bits bids 43
bits won the auction and was revealed [4c]
Flop [Qs Js 9d], bits (33), UDF1 (20)
UDF1 checks
bits bets 26
UDF1 folds
bits awarded 20
UDF1 awarded -20

Round #158, UDF1 (-6358), bits (6358)
UDF1 posts blind: 10
bits posts blind: 20
UDF1 received [5s Kc]
bits received [Tc 2d]
UDF1 calls
bits checks
Flop [6d 8h 4s], UDF1 (20), bits (20)
bits bids 15
UDF1 bids 36
UDF1 won the auction and was revealed [Tc]
Flop [6d 8h 4s], UDF1 (35), bits (20)
bits checks
UDF1 checks
Turn [6d 8h 4s Jc], UDF1 (35), bits (20)
bits checks
UDF1 bets 22
bits folds
UDF1 awarded 20
bits awarded -20

Round #159, bits (6338), UDF1 (-6338)
bits posts blind: 10
UDF1 posts blind: 20
bits received [4s 3h]
UDF1 received [9s 5h]
bits calls
UDF1 checks
Flop [6h 2c 2s], bits (20), UDF1 (20)
UDF1 bids 8
bits bids 19
bits won the auction and was revealed [5h]
Flop [6h 2c 2s], bits (28), UDF1 (20)
UDF1 checks
bits checks
Turn [6h 2c 2s Js], bits (28), UDF1 (20)
UDF1 checks
bits checks
River [6h 2c 2s Js Kc], bits (28), UDF1 (20)
UDF1 checks
bits checks
bits shows [4s 3h]
UDF1 shows [9s 5h]
bits awarded -28
UDF1 awarded 28

Round #160, UDF1 (-6310), bits (6310)
UDF1 posts blind: 10
bits posts blind: 20
UDF1 received [7c Th]
bits received [Kh 2s]
UDF1 calls
bits checks
Flop [6d 4s Jd], UDF1 (20), bits (20)
bits bids 21
UDF1 bids 29
UDF1 won the auction and was revealed [Kh]
Flop [6d 4s Jd], UDF1 (41), bits (20)
bits checks
UDF1 bets 20
bits calls
Turn [6d 4s Jd 9d], UDF1 (61), bits (40)
bits checks
UDF1 checks
River [6d 4s Jd 9d Td], UDF1 (61), bits (40)
bits checks
UDF1 bets 46
bits folds
UDF1 awarded 40
bits awarded -40

Round #161, bits (6270), UDF1 (-6270)
bits posts blind: 10
UDF1 posts blind: 20
bits received [2d Kc]
UDF1 received [4c Kd]
bits calls
UDF1 checks
Flop [9c 7d 2c], bits (20), UDF1 (20)
UDF1 bids 9
bits bids 35
bits won the auction and was revealed [Kd]
Flop [9c 7d 2c], bits (29), UDF1 (20)
UDF1 checks
bits bets 24
UDF1 calls
Turn [9c 7d 2c 5s], bits (53), UDF1 (44)
UDF1 checks
bits bets 48
UDF1 folds
bits awarded 44
UDF1 awarded -44

Round #162, UDF1 (-6314), bits (6314)
UDF1 posts blind: 10
bits posts blind: 20
UDF1 received [2d 8c]
bits received [Ac 3c]
UDF1 calls
bits checks
Flop [Ts 7d 4h], UDF1 (20), bits (20)
bits bids 30
UDF1 bids 26
bits won the auction and was revealed [2d]
Flop [Ts 7d 4h], UDF1 (20), bits (46)
bits checks
UDF1 checks
Turn [Ts 7d 4h Js], UDF1 (20), bits (46)
bits checks
UDF1 checks
River [Ts 7d 4h Js 6c], UDF1 (20), bits (46)
bits checks
UDF1 checks
UDF1 shows [2d 8c]
bits shows [Ac 3c]
UDF1 awarded -20
bits awarded 20

Round #163, bits (6334), UDF1 (-6334)
bits posts blind: 10
UDF1 posts blind: 20
bits received [Th Ac]
UDF1 received [5c Td]
bits raises to 60
UDF1 calls
Flop [8d 6s 2d], bits (60), UDF1 (60)
UDF1 bids 53
bits bids 94
bits won the auction and was revealed [5c]
Flop [8d 6s 2d], bits (113), UDF1 (60)
UDF1 bets 57
bits calls
Turn [8d 6s 2d 6c], bits (170), UDF1 (117)
UDF1 checks
bits bets 143
UDF1 folds
bits awarded 117
UDF1 awarded -117

Round #164, UDF1 (-6451), bits (6451)
UDF1 posts blind: 10
bits posts blind: 20
UDF1 received [2h Kd]
bits received [3c 9d]
UDF1 raises to 1167
bits folds
UDF1 awarded 20
bits awarded -20

Round #165, bits (6431), UDF1 (-6431)
bits posts blind: 10
UDF1 posts blind: 20
bits received [7h 8s]
UDF1 received [Qc 3s]
bits calls
UDF1 checks
Flop [3c 9d 5h], bits (20), UDF1 (20)
UDF1 bids 45
bits bids 23
UDF1 won the auction and was revealed [7h]
Flop [3c 9d 5h], bits (20), UDF1 (43)
UDF1 bets 28
bits calls
Turn [3c 9d 5h Th], bits (48), UDF1 (71)
UDF1 bets 55
bits folds
bits awarded -48
UDF1 awarded 48

Round #166, UDF1 (-6383), bits (6383)
UDF1 posts blind: 10
bits posts blind: 20
UDF1 received [Ac 6c]
bits received [7d 7s]
UDF1 raises to 2219
bits folds
UDF1 awarded 20
bits awarded -20

Round #167, bits (6363), UDF1 (-6363)
bits posts blind: 10
UDF1 posts blind: 20
bits received [8s Qc]
UDF1 received [4h 7d]
bits calls
UDF1 checks
Flop [4s 3c 8h], bits (20), UDF1 (20)
UDF1 bids 37
bits bids 47
bits won the auction and was revealed [7d]
Flop [4s 3c 8h], bits (57), UDF1 (20)
UDF1 bets 31
bits calls
Turn [4s 3c 8h Ks], bits (88), UDF1 (51)
UDF1 bets 60
bits calls
River [4s 3c 8h Ks 9c], bits (148), UDF1 (111)
UDF1 bets 97
bits calls
bits shows [8s Qc]
UDF1 shows [4h 7d]
bits awarded 208
UDF1 awarded -208

Round #168, UDF1 (-6571), bits (6571)
UDF1 posts blind: 10
bits posts blind: 20
UDF1 received [2s Qh]
bits received [2d Qc]
UDF1 calls
bits checks
Flop [2c Th 5h], UDF1 (20), bits (20)
bits bids 34
UDF1 bids 42
UDF1 won the auction and was revealed [2d]
Flop [2c Th 5h], UDF1 (54), bits (20)
bits checks
UDF1 bets 31
bits calls
Turn [2c Th 5h 8d], UDF1 (85), bits (51)
bits checks
UDF1 checks
River [2c Th 5h 8d 7d], UDF1 (85), bits (51)
bits checks
UDF1 checks
UDF1 shows [2s Qh]
bits shows [2d Qc]
UDF1 awarded -17
bits awarded 17

Round #169, bits (6588), UDF1 (-6588)
bits posts blind: 10
UDF1 posts blind: 20
bits received [6c Th]
UDF1 received [7h 6s]
bits calls
UDF1 checks
Flop [6d Jh 4c], bits (20), UDF1 (20)
UDF1 bids 41
bits bids 39
UDF1 won the auction and was revealed [6c]
Flop [6d Jh 4c], bits (20), UDF1 (59)
UDF1 checks
bits bets 39
UDF1 calls
Turn [6d Jh 4c 3h], bits (59), UDF1 (98)
UDF1 checks
bits bets 78
UDF1 calls
River [6d Jh 4c 3h Jd], bits (137), UDF1 (176)
UDF1 checks
bits bets 156
UDF1 folds
bits awarded 176
UDF1 awarded -176

Round #170, UDF1 (-6764), bits (6764)
UDF1 posts blind: 10
bits posts blind: 20
UDF1 received [4d Js]
bits received [Ac Kh]
UDF1 calls
bits raises to 80
UDF1 raises to 866
bits folds
UDF1 awarded 80
bits awarded -80

Round #171, bits (6684), UDF1 (-6684)
bits posts blind: 10
UDF1 posts blind: 20
bits received [Jd 9c]
UDF1 received [2h 5c]
bits calls
UDF1 checks
Flop [7c 5d 6d], bits (20), UDF1 (20)
UDF1 bids 37
bits bids 22
UDF1 won the auction and was revealed [9c]
Flop [7c 5d 6d], bits (20), UDF1 (42)
UDF1 checks
bits checks
Turn [7c 5d 6d 3c], bits (20), UDF1 (42)
UDF1 bets 20
bits folds
bits awarded -20
UDF1 awarded 20

Round #172, UDF1 (-6664), bits (6664)
UDF1 posts blind: 10
bits posts blind: 20
UDF1 received [4d Jc]
bits received [Kd Qd]
UDF1 calls
bits raises to 80
UDF1 folds
UDF1 awarded -20
bits awarded 20

Round #173, bits (6684), UDF1 (-6684)
bits posts blind: 10
UDF1 posts blind: 20
bits received [2s Jd]
UDF1 received [Jc 2h]
bits calls
UDF1 checks
Flop [7s 3d Jh], bits (20), UDF1 (20)
UDF1 bids 51
bits bids 47
UDF1 won the auction and was revealed [2s]
Flop [7s 3d Jh], bits (20), UDF1 (67)
UDF1 bets 57
bits calls
Turn [7s 3d Jh 3c], bits (77), UDF1 (124)
UDF1 bets 121
bits calls
River [7s 3d Jh 3c 3h], bits (198), UDF1 (245)
UDF1 bets 321
bits calls
bits shows [2s Jd]
UDF1 shows [Jc 2h]
bits awarded 23
UDF1 awarded -23

Round #174, UDF1 (-6707), bits (6707)
UDF1 posts blind: 10
bits posts blind: 20
UDF1 received [Jc 3c]
bits received [Ah 6s]
UDF1 calls
bits checks
Flop [4h 9d 2c], UDF1 (20), bits (20)
bits bids 25
UDF1 bids 14
bits won the auction and was revealed [3c]
Flop [4h 9d 2c], UDF1 (20), bits (34)
bits checks
UDF1 checks
Turn [4h 9d 2c 8s], UDF1 (20), bits (34)
bits checks
UDF1 checks
River [4h 9d 2c 8s 6h], UDF1 (20), bits (34)
bits bets 27
UDF1 folds
UDF1 awarded -20
bits awarded 20

Round #175, bits (6727), UDF1 (-6727)
bits posts blind: 10
UDF1 posts blind: 20
bits received [Jd 4c]
UDF1 received [7d 2d]
bits calls
UDF1 checks
Flop [As 7s Ac], bits (20), UDF1 (20)
UDF1 bids 51
bits bids 24
UDF1 won the auction and was revealed [4c]
Flop [As 7s Ac], bits (20), UDF1 (44)
UDF1 bets 42
bits folds
bits awarded -20
UDF1 awarded 20

Round #176, UDF1 (-6707), bits (6707)
UDF1 posts blind: 10
bits posts blind: 20
UDF1 received [8d 2h]
bits received [Ts Kc]
UDF1 raises to 1182
bits folds
UDF1 awarded 20
bits awarded -20

Round #177, bits (6687), UDF1 (-6687)
bits posts blind: 10
UDF1 posts blind: 20
bits received [7s Kh]
UDF1 received [As 6c]
bits calls
UDF1 checks
Flop [Td Qs Th], bits (20), UDF1 (20)
UDF1 bids 8
bits bids 30
bits won the auction and was revealed [As]
Flop [Td Qs Th], bits (28), UDF1 (20)
UDF1 bets 20
bits folds
bits awarded -28
UDF1 awarded 28

Round #178, UDF1 (-6659), bits (6659)
UDF1 posts blind: 10
bits posts blind: 20
UDF1 received [8s 7s]
bits received [7c 6c]
UDF1 raises to 1702
bits folds
UDF1 awarded 20
bits awarded -20

Round #179, bits (6639), UDF1 (-6639)
bits posts blind: 10
UDF1 posts blind: 20
bits received [Ks 7d]
UDF1 received [6s 3d]
bits calls
UDF1 checks
Flop [Kd 4h 4s], bits (20), UDF1 (20)
UDF1 bids 39
bits bids 4980
bits won the auction and was revealed [6s]
Flop [Kd 4h 4s], bits (59), UDF1 (20)
UDF1 checks
bits bets 39
UDF1 folds
bits awarded 20
UDF1 awarded -20

Round #180, UDF1 (-6659), bits (6659)
UDF1 posts blind: 10
bits posts blind: 20
UDF1 received [Js 2h]
bits received [Td Qs]
UDF1 calls
bits checks
Flop [5h 3s 6c], UDF1 (20), bits (20)
bits bids 22
UDF1 bids 26
UDF1 won the auction and was revealed [Td]
Flop [5h 3s 6c], UDF1 (42), bits (20)
bits checks
UDF1 checks
Turn [5h 3s 6c 5s], UDF1 (42), bits (20)
bits checks
UDF1 checks
River [5h 3s 6c 5s 2d], UDF1 (42), bits (20)
bits checks
UDF1 bets 26
bits folds
UDF1 awarded 20
bits awarded -20

Round #181, bits (6639), UDF1 (-6639)
bits posts blind: 10
UDF1 posts blind: 20
bits received [Jd Td]
UDF1 received [Tc Ad]
bits calls
UDF1 checks
Flop [3c 6d 6s], bits (20), UDF1 (20)
UDF1 bids 42
bits bids 24
UDF1 won the auction and was revealed [Jd]
Flop [3c 6d 6s], bits (20), UDF1 (44)
UDF1 bets 25
bits folds
bits awarded -20
UDF1 awarded 20

Round #182, UDF1 (-6619), bits (6619)
UDF1 posts blind: 10
bits posts blind: 20
UDF1 received [4s 4h]
bits received [8s 8h]
UDF1 raises to 1892
bits folds
UDF1 awarded 20
bits awarded -20

Round #183, bits (6599), UDF1 (-6599)
bits posts blind: 10
UDF1 posts blind: 20
bits received [9c Kd]
UDF1 received [8d 5s]
bits calls
UDF1 checks
Flop [Qs 2h Qd], bits (20), UDF1 (20)
UDF1 bids 8
bits bids 28
bits won the auction and was revealed [5s]
Flop [Qs 2h Qd], bits (28), UDF1 (20)
UDF1 checks
bits checks
Turn [Qs 2h Qd 3c], bits (28), UDF1 (20)
UDF1 checks
bits checks
River [Qs 2h Qd 3c 8h], bits (28), UDF1 (20)
UDF1 bets 35
bits calls
bits shows [9c Kd]
UDF1 shows [8d 5s]
bits awarded -63
UDF1 awarded 63

Round #184, UDF1 (-6536), bits (6536)
UDF1 posts blind: 10
bits posts blind: 20
UDF1 received [8d 5h]
bits received [3d 5s]
UDF1 calls
bits checks
Flop [Td 9c 7s], UDF1 (20), bits (20)
bits bids 10
UDF1 bids 38
UDF1 won the auction and was revealed [5s]
Flop [Td 9c 7s], UDF1 (30), bits (20)
bits checks
UDF1 checks
Turn [Td 9c 7s 3c], UDF1 (30), bits (20)
bits checks
UDF1 checks
River [Td 9c 7s 3c Ah], UDF1 (30), bits (20)
bits checks
UDF1 checks
UDF1 shows [8d 5h]
bits shows [3d 5s]
UDF1 awarded -30
bits awarded 30

Round #185, bits (6566), UDF1 (-6566)
bits posts blind: 10
UDF1 posts blind: 20
bits received [7c 3c]
UDF1 received [4s 3s]
bits calls
UDF1 checks
Flop [7s Jd 5c], bits (20), UDF1 (20)
UDF1 bids 7
bits bids 40
bits won the auction and was revealed [3s]
Flop [7s Jd 5c], bits (27), UDF1 (20)
UDF1 checks
bits bets 23
UDF1 folds
bits awarded 20
UDF1 awarded -20

Round #186, UDF1 (-6586), bits (6586)
UDF1 posts blind: 10
bits posts blind: 20
UDF1 received [Qc 7s]
bits received [6c 2h]
UDF1 calls
bits checks
Flop [Jh 2s Qd], UDF1 (20), bits (20)
bits bids 31
UDF1 bids 37
UDF1 won the auction and was revealed [2h]
Flop [Jh 2s Qd], UDF1 (51), bits (20)
bits checks
UDF1 bets 29
bits calls
Turn [Jh 2s Qd As], UDF1 (80), bits (49)
bits checks
UDF1 bets 49
bits calls
River [Jh 2s Qd As 2d], UDF1 (129), bits (98)
bits bets 113
UDF1 folds
UDF1 awarded -129
bits awarded 129

Round #187, bits (6715), UDF1 (-6715)
bits posts blind: 10
UDF1 posts blind: 20
bits received [8c 3s]
UDF1 received [5c 7h]
bits calls
UDF1 raises to 970
bits folds
bits awarded -20
UDF1 awarded 20

Round #188, UDF1 (-6695), bits (6695)
UDF1 posts blind: 10
bits posts blind: 20
UDF1 received [8c Ks]
bits received [9c Kh]
UDF1 calls
bits checks
Flop [6s 3c 2c], UDF1 (20), bits (20)
bits bids 26
UDF1 bids 9
bits won the auction and was revealed [8c]
Flop [6s 3c 2c], UDF1 (20), bits (29)
bits checks
UDF1 checks
Turn [6s 3c 2c 2d], UDF1 (20), bits (29)
bits checks
UDF1 checks
River [6s 3c 2c 2d Th], UDF1 (20), bits (29)
bits checks
UDF1 checks
UDF1 shows [8c Ks]
bits shows [9c Kh]
UDF1 awarded -20
bits awarded 20

Round #189, bits (6715), UDF1 (-6715)
bits posts blind: 10
UDF1 posts blind: 20
bits received [Js 7c]
UDF1 received [8s 6h]
bits calls
UDF1 checks
Flop [2c Ks Jd], bits (20), UDF1 (20)
UDF1 bids 28
bits bids 43
bits won the auction and was revealed [6h]
Flop [2c Ks Jd], bits (48), UDF1 (20)
UDF1 checks
bits bets 34
UDF1 folds
bits awarded 20
UDF1 awarded -20

Round #190, UDF1 (-6735), bits (6735)
UDF1 posts blind: 10
bits posts blind: 20
UDF1 received [8s 9c]
bits received [9d Ah]
UDF1 calls
bits checks
Flop [2s Kd Ts], UDF1 (20), bits (20)
bits bids 28
UDF1 bids 27
bits won the auction and was revealed [8s]
Flop [2s Kd Ts], UDF1 (20), bits (47)
bits checks
UDF1 checks
Turn [2s Kd Ts 9s], UDF1 (20), bits (47)
bits checks
UDF1 bets 27
bits calls
River [2s Kd Ts 9s 6s], UDF1 (47), bits (74)
bits checks
UDF1 bets 82
bits folds
UDF1 awarded 74
bits awarded -74

Round #191, bits (6661), UDF1 (-6661)
bits posts blind: 10
UDF1 posts blind: 20
bits received [9d 2c]
UDF1 received [6h 9s]
bits calls
UDF1 checks
Flop [Td 4c Kh], bits (20), UDF1 (20)
UDF1 bids 29
bits bids 14
UDF1 won the auction and was revealed [9d]
Flop [Td 4c Kh], bits (20), UDF1 (34)
UDF1 bets 20
bits folds
bits awarded -20
UDF1 awarded 20

Round #192, UDF1 (-6641), bits (6641)
UDF1 posts blind: 10
bits posts blind: 20
UDF1 received [2h 5h]
bits received [5s 9c]
UDF1 calls
bits checks
Flop [8h 3h Kh], UDF1 (20), bits (20)
bits bids 12
UDF1 bids 36
UDF1 won the auction and was revealed [9c]
Flop [8h 3h Kh], UDF1 (32), bits (20)
bits checks
UDF1 bets 32
bits folds
UDF1 awarded 20
bits awarded -20

Round #193, bits (6621), UDF1 (-6621)
bits posts blind: 10
UDF1 posts blind: 20
bits received [Jc Jh]
UDF1 received [4s 4h]
bits raises to 60
UDF1 calls
Flop [5d Jd 4d], bits (60), UDF1 (60)
UDF1 bids 35
bits bids 149
bits won the auction and was revealed [4h]
Flop [5d Jd 4d], bits (95), UDF1 (60)
UDF1 bets 92
bits calls
Turn [5d Jd 4d As], bits (187), UDF1 (152)
UDF1 bets 225
bits calls
River [5d Jd 4d As Kc], bits (412), UDF1 (377)
UDF1 bets 598
bits raises to 1733
UDF1 raises to 2921
bits raises to 4588
UDF1 calls
bits shows [Jc Jh]
UDF1 shows [4s 4h]
bits awarded 4965
UDF1 awarded -4965

Round #194, UDF1 (-11586), bits (11586)
UDF1 posts blind: 10
bits posts blind: 20
UDF1 received [5c 9h]
bits received [2c 3d]
UDF1 calls
bits checks
Flop [Qc 7c Jh], UDF1 (20), bits (20)
bits bids 11
UDF1 bids 34
UDF1 won the auction and was revealed [3d]
Flop [Qc 7c Jh], UDF1 (31), bits (20)
bits checks
UDF1 checks
Turn [Qc 7c Jh 2h], UDF1 (31), bits (20)
bits checks
UDF1 checks
River [Qc 7c Jh 2h Kd], UDF1 (31), bits (20)
bits checks
UDF1 checks
UDF1 shows [5c 9h]
bits shows [2c 3d]
UDF1 awarded -31
bits awarded 31

Round #195, bits (11617), UDF1 (-11617)
bits posts blind: 10
UDF1 posts blind: 20
bits received [9s Qc]
UDF1 received [Th Js]
bits calls
UDF1 checks
Flop [7s Kc 7h], bits (20), UDF1 (20)
UDF1 bids 39
bits bids 30
UDF1 won the auction and was revealed [Qc]
Flop [7s Kc 7h], bits (20), UDF1 (50)
UDF1 checks
bits checks
Turn [7s Kc 7h 5d], bits (20), UDF1 (50)
UDF1 checks
bits checks
River [7s Kc 7h 5d Td], bits (20), UDF1 (50)
UDF1 bets 53
bits folds
bits awarded -20
UDF1 awarded 20

Round #196, UDF1 (-11597), bits (11597)
UDF1 posts blind: 10
bits posts blind: 20
UDF1 received [8s 5h]
bits received [3h 9h]
UDF1 calls
bits checks
Flop [2s 6h 8c], UDF1 (20), bits (20)
bits bids 15
UDF1 bids 8
bits won the auction and was revealed [5h]
Flop [2s 6h 8c], UDF1 (20), bits (28)
bits checks
UDF1 bets 21
bits folds
UDF1 awarded 28
bits awarded -28

Round #197, bits (11569), UDF1 (-11569)
bits posts blind: 10
UDF1 posts blind: 20
bits received [4d Js]
UDF1 received [Ks 2s]
bits calls
UDF1 checks
Flop [Jc Td 5s], bits (20), UDF1 (20)
UDF1 bids 46
bits bids 46
bits won the auction and was revealed [2s]
UDF1 won the auction and was revealed [4d]
Flop [Jc Td 5s], bits (66), UDF1 (66)
UDF1 bets 58
bits calls
Turn [Jc Td 5s 4c], bits (124), UDF1 (124)
UDF1 checks
bits bets 124
UDF1 folds
bits awarded 124
UDF1 awarded -124

Round #198, UDF1 (-11693), bits (11693)
UDF1 posts blind: 10
bits posts blind: 20
UDF1 received [4c Ac]
bits received [Ts 7h]
UDF1 raises to 1772
bits folds
UDF1 awarded 20
bits awarded -20

Round #199, bits (11673), UDF1 (-11673)
bits posts blind: 10
UDF1 posts blind: 20
bits received [6h 4s]
UDF1 received [Qh 5s]
bits calls
UDF1 checks
Flop [8s 4d 7d], bits (20), UDF1 (20)
UDF1 bids 11
bits bids 35
bits won the auction and was revealed [Qh]
Flop [8s 4d 7d], bits (31), UDF1 (20)
UDF1 checks
bits bets 25
UDF1 calls
Turn [8s 4d 7d 3d], bits (56), UDF1 (45)
UDF1 checks
bits bets 50
UDF1 folds
bits awarded 45
UDF1 awarded -45

Round #200, UDF1 (-11718), bits (11718)
UDF1 posts blind: 10
bits posts blind: 20
UDF1 received [Ah 2h]
bits received [Ks 5c]
UDF1 raises to 1768
bits folds
UDF1 awarded 20
bits awarded -20

Round #201, bits (11698), UDF1 (-11698)
bits posts blind: 10
UDF1 posts blind: 20
bits received [3c 6c]
UDF1 received [9s 5c]
bits calls
UDF1 checks
Flop [6d 8s Jh], bits (20), UDF1 (20)
UDF1 bids 38
bits bids 34
UDF1 won the auction and was revealed [3c]
Flop [6d 8s Jh], bits (20), UDF1 (54)
UDF1 checks
bits checks
Turn [6d 8s Jh Js], bits (20), UDF1 (54)
UDF1 checks
bits checks
River [6d 8s Jh Js 3h], bits (20), UDF1 (54)
UDF1 checks
bits bets 37
UDF1 folds
bits awarded 54
UDF1 awarded -54

Round #202, UDF1 (-11752), bits (11752)
UDF1 posts blind: 10
bits posts blind: 20
UDF1 received [8c Ts]
bits received [Jd Ac]
UDF1 calls
bits checks
Flop [7h Kh 9h], UDF1 (20), bits (20)
bits bids 23
UDF1 bids 35
UDF1 won the auction and was revealed [Jd]
Flop [7h Kh 9h], UDF1 (43), bits (20)
bits checks
UDF1 checks
Turn [7h Kh 9h Kd], UDF1 (43), bits (20)
bits checks
UDF1 checks
River [7h Kh 9h Kd 6s], UDF1 (43), bits (20)
bits checks
UDF1 bets 46
bits calls
UDF1 shows [8c Ts]
bits shows [Jd Ac]
UDF1 awarded 66
bits awarded -66

Round #203, bits (11686), UDF1 (-11686)
bits posts blind: 10
UDF1 posts blind: 20
bits received [5d 9d]
UDF1 received [Kh 8h]
bits calls
UDF1 checks
Flop [3d 6d 2d], bits (20), UDF1 (20)
UDF1 bids 11
bits bids 4980
bits won the auction and was revealed [8h]
Flop [3d 6d 2d], bits (31), UDF1 (20)
UDF1 checks
bits bets 25
UDF1 folds
bits awarded 20
UDF1 awarded -20

Round #204, UDF1 (-11706), bits (11706)
UDF1 posts blind: 10
bits posts blind: 20
UDF1 received [2h 2d]
bits received [2c Js]
UDF1 calls
bits checks
Flop [5c 6h Qd], UDF1 (20), bits (20)
bits bids 18
UDF1 bids 43
UDF1 won the auction and was revealed [2c]
Flop [5c 6h Qd], UDF1 (38), bits (20)
bits checks
UDF1 bets 22
bits folds
UDF1 awarded 20
bits awarded -20

Round #205, bits (11686), UDF1 (-11686)
bits posts blind: 10
UDF1 posts blind: 20
bits received [Qs Kh]
UDF1 received [4h 2c]
bits calls
UDF1 checks
Flop [3s Kd 5d], bits (20), UDF1 (20)
UDF1 bids 9
bits bids 4980
bits won the auction and was revealed [4h]
Flop [3s Kd 5d], bits (29), UDF1 (20)
UDF1 checks
bits bets 24
UDF1 folds
bits awarded 20
UDF1 awarded -20

Round #206, UDF1 (-11706), bits (11706)
UDF1 posts blind: 10
bits posts blind: 20
UDF1 received [4d 6s]
bits received [5h 2d]
UDF1 calls
bits checks
Flop [2h Th 6c], UDF1 (20), bits (20)
bits bids 35
UDF1 bids 49
UDF1 won the auction and was revealed [2d]
Flop [2h Th 6c], UDF1 (55), bits (20)
bits checks
UDF1 bets 38
bits calls
Turn [2h Th 6c 8d], UDF1 (93), bits (58)
bits checks
UDF1 bets 60
bits calls
River [2h Th 6c 8d 4h], UDF1 (153), bits (118)
bits checks
UDF1 bets 207
bits folds
UDF1 awarded 118
bits awarded -118

Round #207, bits (11588), UDF1 (-11588)
bits posts blind: 10
UDF1 posts blind: 20
bits received [Js Jc]
UDF1 received [2c 7h]
bits raises to 60
UDF1 folds
bits awarded 20
UDF1 awarded -20

Round #208, UDF1 (-11608), bits (11608)
UDF1 posts blind: 10
bits posts blind: 20
UDF1 received [As 7h]
bits received [7c 6h]
UDF1 calls
bits checks
Flop [3c Qh Jd], UDF1 (20), bits (20)
bits bids 14
UDF1 bids 17
UDF1 won the auction and was revealed [6h]
Flop [3c Qh Jd], UDF1 (34), bits (20)
bits checks
UDF1 bets 24
bits folds
UDF1 awarded 20
bits awarded -20

Round #209, bits (11588), UDF1 (-11588)
bits posts blind: 10
UDF1 posts blind: 20
bits received [3c Js]
UDF1 received [5c Ah]
bits calls
UDF1 checks
Flop [6d Ad Jh], bits (20), UDF1 (20)
UDF1 bids 8
bits bids 44
bits won the auction and was revealed [Ah]
Flop [6d Ad Jh], bits (28), UDF1 (20)
UDF1 bets 26
bits folds
bits awarded -28
UDF1 awarded 28

Round #210, UDF1 (-11560), bits (11560)
UDF1 posts blind: 10
bits posts blind: 20
UDF1 received [Kc 6s]
bits received [7c Qd]
UDF1 calls
bits checks
Flop [4c 9s 5c], UDF1 (20), bits (20)
bits bids 23
UDF1 bids 9
bits won the auction and was revealed [6s]
Flop [4c 9s 5c], UDF1 (20), bits (29)
bits checks
UDF1 checks
Turn [4c 9s 5c Kd], UDF1 (20), bits (29)
bits checks
UDF1 bets 27
bits calls
River [4c 9s 5c Kd 3h], UDF1 (47), bits (56)
bits checks
UDF1 bets 79
bits folds
UDF1 awarded 56
bits awarded -56

Round #211, bits (11504), UDF1 (-11504)
bits posts blind: 10
UDF1 posts blind: 20
bits received [2c 3s]
UDF1 received [4h 8s]
bits calls
UDF1 checks
Flop [6d Qc 5d], bits (20), UDF1 (20)
UDF1 bids 38
bits bids 15
UDF1 won the auction and was revealed [2c]
Flop [6d Qc 5d], bits (20), UDF1 (35)
UDF1 checks
bits checks
Turn [6d Qc 5d As], bits (20), UDF1 (35)
UDF1 checks
bits checks
River [6d Qc 5d As 6c], bits (20), UDF1 (35)
UDF1 checks
bits checks
bits shows [2c 3s]
UDF1 shows [4h 8s]
bits awarded -20
UDF1 awarded 20

Round #212, UDF1 (-11484), bits (11484)
UDF1 posts blind: 10
bits posts blind: 20
UDF1 received [9h Qs]
bits received [Tc 4s]
UDF1 calls
bits checks
Flop [Js 2h 7h], UDF1 (20), bits (20)
bits bids 15
UDF1 bids 13
bits won the auction and was revealed [Qs]
Flop [Js 2h 7h], UDF1 (20), bits (33)
bits checks
UDF1 bets 20
bits folds
UDF1 awarded 33
bits awarded -33

Round #213, bits (11451), UDF1 (-11451)
bits posts blind: 10
UDF1 posts blind: 20
bits received [6h 7c]
UDF1 received [9h 4c]
bits calls
UDF1 checks
Flop [5d 2h 8d], bits (20), UDF1 (20)
UDF1 bids 39
bits bids 26
UDF1 won the auction and was revealed [7c]
Flop [5d 2h 8d], bits (20), UDF1 (46)
UDF1 checks
bits checks
Turn [5d 2h 8d Qs], bits (20), UDF1 (46)
UDF1 checks
bits checks
River [5d 2h 8d Qs 6c], bits (20), UDF1 (46)
UDF1 checks
bits checks
bits shows [6h 7c]
UDF1 shows [9h 4c]
bits awarded 46
UDF1 awarded -46

Round #214, UDF1 (-11497), bits (11497)
UDF1 posts blind: 10
bits posts blind: 20
UDF1 received [3s Qc]
bits received [5s Tc]
UDF1 calls
bits checks
Flop [Ts 8s 7d], UDF1 (20), bits (20)
bits bids 39
UDF1 bids 10
bits won the auction and was revealed [3s]
Flop [Ts 8s 7d], UDF1 (20), bits (30)
bits bets 25
UDF1 folds
UDF1 awarded -20
bits awarded 20

Round #215, bits (11517), UDF1 (-11517)
bits posts blind: 10
UDF1 posts blind: 20
bits received [Ts Tc]
UDF1 received [Jc 2c]
bits raises to 60
UDF1 folds
bits awarded 20
UDF1 awarded -20

Round #216, UDF1 (-11537), bits (11537)
UDF1 posts blind: 10
bits posts blind: 20
UDF1 received [6h As]
bits received [2c Qc]
UDF1 calls
bits checks
Flop [Kc Kd 5s], UDF1 (20), bits (20)
bits bids 34
UDF1 bids 42
UDF1 won the auction and was revealed [Qc]
Flop [Kc Kd 5s], UDF1 (54), bits (20)
bits checks
UDF1 bets 35
bits calls
Turn [Kc Kd 5s Td], UDF1 (89), bits (55)
bits checks
UDF1 bets 66
bits calls
River [Kc Kd 5s Td 2s], UDF1 (155), bits (121)
bits checks
UDF1 bets 110
bits calls
UDF1 shows [6h As]
bits shows [2c Qc]
UDF1 awarded -265
bits awarded 265

Round #217, bits (11802), UDF1 (-11802)
bits posts blind: 10
UDF1 posts blind: 20
bits received [8d Qs]
UDF1 received [Ks 9h]
bits calls
UDF1 checks
Flop [Kh 2c As], bits (20), UDF1 (20)
UDF1 bids 6
bits bids 28
bits won the auction and was revealed [Ks]
Flop [Kh 2c As], bits (26), UDF1 (20)
UDF1 bets 25
bits folds
bits awarded -26
UDF1 awarded 26

Round #218, UDF1 (-11776), bits (11776)
UDF1 posts blind: 10
bits posts blind: 20
UDF1 received [Kc Ad]
bits received [Ac 4s]
UDF1 raises to 3870
bits folds
UDF1 awarded 20
bits awarded -20

Round #219, bits (11756), UDF1 (-11756)
bits posts blind: 10
UDF1 posts blind: 20
bits received [4c 5c]
UDF1 received [7h 9c]
bits calls
UDF1 checks
Flop [Jh 6d 4s], bits (20), UDF1 (20)
UDF1 bids 29
bits bids 34
bits won the auction and was revealed [9c]
Flop [Jh 6d 4s], bits (49), UDF1 (20)
UDF1 checks
bits bets 34
UDF1 folds
bits awarded 20
UDF1 awarded -20

Round #220, UDF1 (-11776), bits (11776)
UDF1 posts blind: 10
bits posts blind: 20
UDF1 received [Qs Jh]
bits received [Kd 8d]
UDF1 calls
bits checks
Flop [9c 6h Ah], UDF1 (20), bits (20)
bits bids 29
UDF1 bids 49
UDF1 won the auction and was revealed [Kd]
Flop [9c 6h Ah], UDF1 (49), bits (20)
bits checks
UDF1 checks
Turn [9c 6h Ah 9s], UDF1 (49), bits (20)
bits checks
UDF1 checks
River [9c 6h Ah 9s 3d], UDF1 (49), bits (20)
bits checks
UDF1 checks
UDF1 shows [Qs Jh]
bits shows [Kd 8d]
UDF1 awarded -49
bits awarded 49

Round #221, bits (11825), UDF1 (-11825)
bits posts blind: 10
UDF1 posts blind: 20
bits received [Ts Qh]
UDF1 received [5s Kd]
bits calls
UDF1 raises to 778
bits folds
bits awarded -20
UDF1 awarded 20

Round #222, UDF1 (-11805), bits (11805)
UDF1 posts blind: 10
bits posts blind: 20
UDF1 received [2d As]
bits received [Jh Ad]
UDF1 calls
bits checks
Flop [7s 4c Qs], UDF1 (20), bits (20)
bits bids 31
UDF1 bids 47
UDF1 won the auction and was revealed [Ad]
Flop [7s 4c Qs], UDF1 (51), bits (20)
bits checks
UDF1 checks
Turn [7s 4c Qs 9d], UDF1 (51), bits (20)
bits checks
UDF1 checks
River [7s 4c Qs 9d Ah], UDF1 (51), bits (20)
bits bets 35
UDF1 folds
UDF1 awarded -51
bits awarded 51

Round #223, bits (11856), UDF1 (-11856)
bits posts blind: 10
UDF1 posts blind: 20
bits received [9h Ts]
UDF1 received [2d As]
bits calls
UDF1 checks
Flop [2s Qs 6d], bits (20), UDF1 (20)
UDF1 bids 10
bits bids 21
bits won the auction and was revealed [As]
Flop [2s Qs 6d], bits (30), UDF1 (20)
UDF1 bets 23
bits folds
bits awarded -30
UDF1 awarded 30

Round #224, UDF1 (-11826), bits (11826)
UDF1 posts blind: 10
bits posts blind: 20
UDF1 received [Th 2c]
bits received [Qd Qc]
UDF1 calls
bits raises to 80
UDF1 calls
Flop [Ks Kh 5h], UDF1 (80), bits (80)
bits bids 4920
UDF1 bids 58
bits won the auction and was revealed [Th]
Flop [Ks Kh 5h], UDF1 (80), bits (138)
bits bets 109
UDF1 folds
UDF1 awarded -80
bits awarded 80

Round #225, bits (11906), UDF1 (-11906)
bits posts blind: 10
UDF1 posts blind: 20
bits received [7d 8c]
UDF1 received [Js Jd]
bits calls
UDF1 raises to 3908
bits folds
bits awarded -20
UDF1 awarded 20

Round #226, UDF1 (-11886), bits (11886)
UDF1 posts blind: 10
bits posts blind: 20
UDF1 received [5h 2h]
bits received [5c Ad]
UDF1 calls
bits checks
Flop [7d Ac 6s], UDF1 (20), bits (20)
bits bids 4980
UDF1 bids 31
bits won the auction and was revealed [5h]
Flop [7d Ac 6s], UDF1 (20), bits (51)
bits bets 35
UDF1 folds
UDF1 awarded -20
bits awarded 20

Round #227, bits (11906), UDF1 (-11906)
bits posts blind: 10
UDF1 posts blind: 20
bits received [9d Kh]
UDF1 received [3s 5c]
bits calls
UDF1 raises to 766
bits folds
bits awarded -20
UDF1 awarded 20

Round #228, UDF1 (-11886), bits (11886)
UDF1 posts blind: 10
bits posts blind: 20
UDF1 received [Ts As]
bits received [Kh 6s]
UDF1 raises to 3476
bits folds
UDF1 awarded 20
bits awarded -20

Round #229, bits (11866), UDF1 (-11866)
bits posts blind: 10
UDF1 posts blind: 20
bits received [5c 7c]
UDF1 received [Jc 5d]
bits calls
UDF1 checks
Flop [4d 8c Ah], bits (20), UDF1 (20)
UDF1 bids 29
bits bids 18
UDF1 won the auction and was revealed [7c]
Flop [4d 8c Ah], bits (20), UDF1 (38)
UDF1 checks
bits checks
Turn [4d 8c Ah Qh], bits (20), UDF1 (38)
UDF1 checks
bits checks
River [4d 8c Ah Qh 8h], bits (20), UDF1 (38)
UDF1 bets 27
bits folds
bits awarded -20
UDF1 awarded 20

Round #230, UDF1 (-11846), bits (11846)
UDF1 posts blind: 10
bits posts blind: 20
UDF1 received [8h Tc]
bits received [Js 4s]
UDF1 raises to 944
bits folds
UDF1 awarded 20
bits awarded -20

Round #231, bits (11826), UDF1 (-11826)
bits posts blind: 10
UDF1 posts blind: 20
bits received [6h 8h]
UDF1 received [5s Ts]
bits calls
UDF1 checks
Flop [9h Ad Jd], bits (20), UDF1 (20)
UDF1 bids 40
bits bids 20
UDF1 won the auction and was revealed [6h]
Flop [9h Ad Jd], bits (20), UDF1 (40)
UDF1 checks
bits checks
Turn [9h Ad Jd Qd], bits (20), UDF1 (40)
UDF1 checks
bits checks
River [9h Ad Jd Qd 2h], bits (20), UDF1 (40)
UDF1 checks
bits checks
bits shows [6h 8h]
UDF1 shows [5s Ts]
bits awarded -20
UDF1 awarded 20

Round #232, UDF1 (-11806), bits (11806)
UDF1 posts blind: 10
bits posts blind: 20
UDF1 received [7d 6c]
bits received [Td 6d]
UDF1 calls
bits checks
Flop [Js 7c Kd], UDF1 (20), bits (20)
bits bids 21
UDF1 bids 48
UDF1 won the auction and was revealed [Td]
Flop [Js 7c Kd], UDF1 (41), bits (20)
bits checks
UDF1 bets 24
bits calls
Turn [Js 7c Kd Ah], UDF1 (65), bits (44)
bits checks
UDF1 checks
River [Js 7c Kd Ah 4d], UDF1 (65), bits (44)
bits checks
UDF1 bets 42
bits folds
UDF1 awarded 44
bits awarded -44

Round #233, bits (11762), UDF1 (-11762)
bits posts blind: 10
UDF1 posts blind: 20
bits received [2s 5s]
UDF1 received [8h Ac]
bits calls
UDF1 checks
Flop [9h Jc 7s], bits (20), UDF1 (20)
UDF1 bids 10
bits bids 11
bits won the auction and was revealed [8h]
Flop [9h Jc 7s], bits (30), UDF1 (20)
UDF1 checks
bits checks
Turn [9h Jc 7s 4s], bits (30), UDF1 (20)
UDF1 checks
bits checks
River [9h Jc 7s 4s Kc], bits (30), UDF1 (20)
UDF1 checks
bits checks
bits shows [2s 5s]
UDF1 shows [8h Ac]
bits awarded -30
UDF1 awarded 30

Round #234, UDF1 (-11732), bits (11732)
UDF1 posts blind: 10
bits posts blind: 20
UDF1 received [7h As]
bits received [2d Qc]
UDF1 calls
bits checks
Flop [Tc Qs Qh], UDF1 (20), bits (20)
bits bids 4980
UDF1 bids 46
bits won the auction and was revealed [7h]
Flop [Tc Qs Qh], UDF1 (20), bits (66)
bits bets 107
UDF1 calls
Turn [Tc Qs Qh 6c], UDF1 (127), bits (173)
bits bets 375
UDF1 calls
River [Tc Qs Qh 6c 8c], UDF1 (502), bits (548)
bits checks
UDF1 bets 247
bits calls
UDF1 shows [7h As]
bits shows [2d Qc]
UDF1 awarded -749
bits awarded 749

Round #235, bits (12481), UDF1 (-12481)
bits posts blind: 10
UDF1 posts blind: 20
bits received [7c Td]
UDF1 received [5c 4c]
bits calls
UDF1 checks
Flop [Jd Jh 3s], bits (20), UDF1 (20)
UDF1 bids 37
bits bids 23
UDF1 won the auction and was revealed [7c]
Flop [Jd Jh 3s], bits (20), UDF1 (43)
UDF1 checks
bits checks
Turn [Jd Jh 3s Ts], bits (20), UDF1 (43)
UDF1 checks
bits bets 31
UDF1 folds
bits awarded 43
UDF1 awarded -43

Round #236, UDF1 (-12524), bits (12524)
UDF1 posts blind: 10
bits posts blind: 20
UDF1 received [3h 6h]
bits received [Qc Qh]
UDF1 calls
bits raises to 80
UDF1 raises to 1366
bits calls
Flop [8c Tc 9h], UDF1 (1366), bits (1366)
bits bids 3321
UDF1 bids 465
bits won the auction and was revealed [6h]
Flop [8c Tc 9h], UDF1 (1366), bits (1831)
bits bets 1598
UDF1 folds
UDF1 awarded -1366
bits awarded 1366

Round #237, bits (13890), UDF1 (-13890)
bits posts blind: 10
UDF1 posts blind: 20
bits received [4h Tc]
UDF1 received [Th Jh]
bits calls
UDF1 raises to 2011
bits folds
bits awarded -20
UDF1 awarded 20

Round #238, UDF1 (-13870), bits (13870)
UDF1 posts blind: 10
bits posts blind: 20
UDF1 received [8h Js]
bits received [9d 2s]
UDF1 raises to 1198
bits folds
UDF1 awarded 20
bits awarded -20

Round #239, bits (13850), UDF1 (-13850)
bits posts blind: 10
UDF1 posts blind: 20
bits received [3d 7h]
UDF1 received [2c Jd]
bits calls
UDF1 checks
Flop [9d 8h 5s], bits (20), UDF1 (20)
UDF1 bids 263
bits bids 18
UDF1 won the auction and was revealed [7h]
Flop [9d 8h 5s], bits (20), UDF1 (38)
UDF1 checks
bits checks
Turn [9d 8h 5s 6c], bits (20), UDF1 (38)
UDF1 checks
bits bets 29
UDF1 folds
bits awarded 38
UDF1 awarded -38

Round #240, UDF1 (-13888), bits (13888)
UDF1 posts blind: 10
bits posts blind: 20
UDF1 received [Qc 9c]
bits received [8s Jh]
UDF1 calls
bits checks
Flop [9s Td 7s], UDF1 (20), bits (20)
bits bids 4980
UDF1 bids 280
bits won the auction and was revealed [9c]
Flop [9s Td 7s], UDF1 (20), bits (300)
bits bets 160
UDF1 calls
Turn [9s Td 7s As], UDF1 (180), bits (460)
bits bets 800
UDF1 calls
River [9s Td 7s As 4s], UDF1 (980), bits (1260)
bits bets 1120
UDF1 folds
UDF1 awarded -980
bits awarded 980

Round #241, bits (14868), UDF1 (-14868)
bits posts blind: 10
UDF1 posts blind: 20
bits received [As 3d]
UDF1 received [2d Ad]
bits calls
UDF1 checks
Flop [Kd 5d 5c], bits (20), UDF1 (20)
UDF1 bids 256
bits bids 34
UDF1 won the auction and was revealed [3d]
Flop [Kd 5d 5c], bits (20), UDF1 (54)
UDF1 bets 30
bits calls
Turn [Kd 5d 5c Qs], bits (50), UDF1 (84)
UDF1 bets 64
bits calls
River [Kd 5d 5c Qs Qc], bits (114), UDF1 (148)
UDF1 bets 187
bits calls
bits shows [As 3d]
UDF1 shows [2d Ad]
bits awarded 17
UDF1 awarded -17

Round #242, UDF1 (-14885), bits (14885)
UDF1 posts blind: 10
bits posts blind: 20
UDF1 received [Tc Qd]
bits received [Kc 5c]
UDF1 calls
bits checks
Flop [Kh 8h 7h], UDF1 (20), bits (20)
bits bids 41
UDF1 bids 214
UDF1 won the auction and was revealed [5c]
Flop [Kh 8h 7h], UDF1 (61), bits (20)
bits bets 40
UDF1 calls
Turn [Kh 8h 7h 8c], UDF1 (101), bits (60)
bits bets 80
UDF1 calls
River [Kh 8h 7h 8c 5d], UDF1 (181), bits (140)
bits bets 160
UDF1 folds
UDF1 awarded -181
bits awarded 181

Round #243, bits (15066), UDF1 (-15066)
bits posts blind: 10
UDF1 posts blind: 20
bits received [Kd 2c]
UDF1 received [Js 7c]
bits calls
UDF1 checks
Flop [4h 9s 4d], bits (20), UDF1 (20)
UDF1 bids 258
bits bids 24
UDF1 won the auction and was revealed [Kd]
Flop [4h 9s 4d], bits (20), UDF1 (44)
UDF1 checks
bits checks
Turn [4h 9s 4d 5d], bits (20), UDF1 (44)
UDF1 checks
bits checks
River [4h 9s 4d 5d 7h], bits (20), UDF1 (44)
UDF1 bets 42
bits folds
bits awarded -20
UDF1 awarded 20

Round #244, UDF1 (-15046), bits (15046)
UDF1 posts blind: 10
bits posts blind: 20
UDF1 received [As 8s]
bits received [Ad 9s]
UDF1 raises to 1887
bits folds
UDF1 awarded 20
bits awarded -20

Round #245, bits (15026), UDF1 (-15026)
bits posts blind: 10
UDF1 posts blind: 20
bits received [4d 8d]
UDF1 received [Qd Qh]
bits calls
UDF1 raises to 3908
bits folds
bits awarded -20
UDF1 awarded 20

Round #246, UDF1 (-15006), bits (15006)
UDF1 posts blind: 10
bits posts blind: 20
UDF1 received [9c 2d]
bits received [Qd 2h]
UDF1 raises to 1052
bits folds
UDF1 awarded 20
bits awarded -20

Round #247, bits (14986), UDF1 (-14986)
bits posts blind: 10
UDF1 posts blind: 20
bits received [3s 2c]
UDF1 received [7d Jd]
bits calls
UDF1 checks
Flop [3h 9h 9d], bits (20), UDF1 (20)
UDF1 bids 97
bits bids 30
UDF1 won the auction and was revealed [3s]
Flop [3h 9h 9d], bits (20), UDF1 (50)
UDF1 checks
bits checks
Turn [3h 9h 9d 2d], bits (20), UDF1 (50)
UDF1 checks
bits bets 35
UDF1 folds
bits awarded 50
UDF1 awarded -50

Round #248, UDF1 (-15036), bits (15036)
UDF1 posts blind: 10
bits posts blind: 20
UDF1 received [3s Kd]
bits received [5d 5c]
UDF1 raises to 925
bits folds
UDF1 awarded 20
bits awarded -20

Round #249, bits (15016), UDF1 (-15016)
bits posts blind: 10
UDF1 posts blind: 20
bits received [8d 9c]
UDF1 received [Ah 9d]
bits calls
UDF1 checks
Flop [Qs Qc Qd], bits (20), UDF1 (20)
UDF1 bids 77
bits bids 25
UDF1 won the auction and was revealed [8d]
Flop [Qs Qc Qd], bits (20), UDF1 (45)
UDF1 bets 31
bits calls
Turn [Qs Qc Qd 3s], bits (51), UDF1 (76)
UDF1 bets 69
bits folds
bits awarded -51
UDF1 awarded 51

Round #250, UDF1 (-14965), bits (14965)
UDF1 posts blind: 10
bits posts blind: 20
UDF1 received [3s 4c]
bits received [3c 5d]
UDF1 calls
bits checks
Flop [6s Qs 5h], UDF1 (20), bits (20)
bits bids 33
UDF1 bids 102
UDF1 won the auction and was revealed [3c]
Flop [6s Qs 5h], UDF1 (53), bits (20)
bits checks
UDF1 bets 25
bits calls
Turn [6s Qs 5h 2d], UDF1 (78), bits (45)
bits checks
UDF1 bets 75
bits calls
River [6s Qs 5h 2d 6h], UDF1 (153), bits (120)
bits bets 136
UDF1 raises to 359
bits calls
UDF1 shows [3s 4c]
bits shows [3c 5d]
UDF1 awarded 479
bits awarded -479

Round #251, bits (14486), UDF1 (-14486)
bits posts blind: 10
UDF1 posts blind: 20
bits received [4s 7c]
UDF1 received [3h Ah]
bits calls
UDF1 checks
Flop [Qc Ad 3d], bits (20), UDF1 (20)
UDF1 bids 83
bits bids 11
UDF1 won the auction and was revealed [4s]
Flop [Qc Ad 3d], bits (20), UDF1 (31)
UDF1 bets 32
bits folds
bits awarded -20
UDF1 awarded 20

Round #252, UDF1 (-14466), bits (14466)
UDF1 posts blind: 10
bits posts blind: 20
UDF1 received [Th Qd]
bits received [Jh Js]
UDF1 raises to 859
bits folds
UDF1 awarded 20
bits awarded -20

Round #253, bits (14446), UDF1 (-14446)
bits posts blind: 10
UDF1 posts blind: 20
bits received [Th 4h]
UDF1 received [8c 2h]
bits calls
UDF1 checks
Flop [5h 2c 7s], bits (20), UDF1 (20)
UDF1 bids 96
bits bids 17
UDF1 won the auction and was revealed [Th]
Flop [5h 2c 7s], bits (20), UDF1 (37)
UDF1 bets 22
bits folds
bits awarded -20
UDF1 awarded 20

Round #254, UDF1 (-14426), bits (14426)
UDF1 posts blind: 10
bits posts blind: 20
UDF1 received [8s 3c]
bits received [5h 8d]
UDF1 calls
bits checks
Flop [Ac 6d Tc], UDF1 (20), bits (20)
bits bids 15
UDF1 bids 83
UDF1 won the auction and was revealed [8d]
Flop [Ac 6d Tc], UDF1 (35), bits (20)
bits checks
UDF1 bets 20
bits folds
UDF1 awarded 20
bits awarded -20

Round #255, bits (14406), UDF1 (-14406)
bits posts blind: 10
UDF1 posts blind: 20
bits received [Kc 6d]
UDF1 received [8s 3d]
bits calls
UDF1 checks
Flop [7h 3s Qd], bits (20), UDF1 (20)
UDF1 bids 77
bits bids 25
UDF1 won the auction and was revealed [6d]
Flop [7h 3s Qd], bits (20), UDF1 (45)
UDF1 bets 25
bits calls
Turn [7h 3s Qd Tc], bits (45), UDF1 (70)
UDF1 bets 50
bits folds
bits awarded -45
UDF1 awarded 45

Round #256, UDF1 (-14361), bits (14361)
UDF1 posts blind: 10
bits posts blind: 20
UDF1 received [5c Jh]
bits received [6h 3s]
UDF1 calls
bits checks
Flop [Ac 7s Jd], UDF1 (20), bits (20)
bits bids 12
UDF1 bids 100
UDF1 won the auction and was revealed [3s]
Flop [Ac 7s Jd], UDF1 (32), bits (20)
bits checks
UDF1 bets 35
bits folds
UDF1 awarded 20
bits awarded -20

Round #257, bits (14341), UDF1 (-14341)
bits posts blind: 10
UDF1 posts blind: 20
bits received [3s Ah]
UDF1 received [2c Qd]
bits calls
UDF1 checks
Flop [3h 5h 2d], bits (20), UDF1 (20)
UDF1 bids 99
bits bids 39
UDF1 won the auction and was revealed [Ah]
Flop [3h 5h 2d], bits (20), UDF1 (59)
UDF1 checks
bits bets 39
UDF1 calls
Turn [3h 5h 2d 8c], bits (59), UDF1 (98)
UDF1 checks
bits checks
River [3h 5h 2d 8c 4d], bits (59), UDF1 (98)
UDF1 checks
bits bets 78
UDF1 folds
bits awarded 98
UDF1 awarded -98

Round #258, UDF1 (-14439), bits (14439)
UDF1 posts blind: 10
bits posts blind: 20
UDF1 received [8d Qs]
bits received [Qc 8h]
UDF1 calls
bits checks
Flop [4h 6d 9s], UDF1 (20), bits (20)
bits bids 21
UDF1 bids 85
UDF1 won the auction and was revealed [8h]
Flop [4h 6d 9s], UDF1 (41), bits (20)
bits checks
UDF1 checks
Turn [4h 6d 9s 4c], UDF1 (41), bits (20)
bits checks
UDF1 bets 23
bits folds
UDF1 awarded 20
bits awarded -20

Round #259, bits (14419), UDF1 (-14419)
bits posts blind: 10
UDF1 posts blind: 20
bits received [As Qh]
UDF1 received [Jh Ad]
bits raises to 60
UDF1 raises to 3385
bits folds
bits awarded -60
UDF1 awarded 60

Round #260, UDF1 (-14359), bits (14359)
UDF1 posts blind: 10
bits posts blind: 20
UDF1 received [9h 4c]
bits received [Qh Jh]
UDF1 calls
bits checks
Flop [Ad Tc Kd], UDF1 (20), bits (20)
bits bids 4980
UDF1 bids 88
bits won the auction and was revealed [9h]
Flop [Ad Tc Kd], UDF1 (20), bits (108)
bits bets 160
UDF1 folds
UDF1 awarded -20
bits awarded 20

Round #261, bits (14379), UDF1 (-14379)
bits posts blind: 10
UDF1 posts blind: 20
bits received [Ks 8c]
UDF1 received [Jc 4s]
bits calls
UDF1 checks
Flop [Th 3s Qd], bits (20), UDF1 (20)
UDF1 bids 81
bits bids 25
UDF1 won the auction and was revealed [8c]
Flop [Th 3s Qd], bits (20), UDF1 (45)
UDF1 checks
bits checks
Turn [Th 3s Qd 3h], bits (20), UDF1 (45)
UDF1 checks
bits checks
River [Th 3s Qd 3h 2d], bits (20), UDF1 (45)
UDF1 checks
bits checks
bits shows [Ks 8c]
UDF1 shows [Jc 4s]
bits awarded 45
UDF1 awarded -45

Round #262, UDF1 (-14424), bits (14424)
UDF1 posts blind: 10
bits posts blind: 20
UDF1 received [Jd Kd]
bits received [Jh As]
UDF1 raises to 3385
bits folds
UDF1 awarded 20
bits awarded -20

Round #263, bits (14404), UDF1 (-14404)
bits posts blind: 10
UDF1 posts blind: 20
bits received [2c 5c]
UDF1 received [8s 2d]
bits calls
UDF1 checks
Flop [Th 3d Jc], bits (20), UDF1 (20)
UDF1 bids 76
bits bids 13
UDF1 won the auction and was revealed [5c]
Flop [Th 3d Jc], bits (20), UDF1 (33)
UDF1 checks
bits checks
Turn [Th 3d Jc 4d], bits (20), UDF1 (33)
UDF1 checks
bits checks
River [Th 3d Jc 4d 8d], bits (20), UDF1 (33)
UDF1 bets 37
bits folds
bits awarded -20
UDF1 awarded 20

Round #264, UDF1 (-14384), bits (14384)
UDF1 posts blind: 10
bits posts blind: 20
UDF1 received [5h 4c]
bits received [8c 8d]
UDF1 calls
bits raises to 80
UDF1 folds
UDF1 awarded -20
bits awarded 20

Round #265, bits (14404), UDF1 (-14404)
bits posts blind: 10
UDF1 posts blind: 20
bits received [Qc 9d]
UDF1 received [6s Ac]
bits calls
UDF1 checks
Flop [Th 5c 2h], bits (20), UDF1 (20)
UDF1 bids 98
bits bids 19
UDF1 won the auction and was revealed [9d]
Flop [Th 5c 2h], bits (20), UDF1 (39)
UDF1 bets 24
bits calls
Turn [Th 5c 2h 7h], bits (44), UDF1 (63)
UDF1 checks
bits checks
River [Th 5c 2h 7h 9s], bits (44), UDF1 (63)
UDF1 checks
bits bets 53
UDF1 folds
bits awarded 63
UDF1 awarded -63

Round #266, UDF1 (-14467), bits (14467)
UDF1 posts blind: 10
bits posts blind: 20
UDF1 received [7d 3c]
bits received [Jc Ah]
UDF1 calls
bits checks
Flop [Qh Kc 6s], UDF1 (20), bits (20)
bits bids 35
UDF1 bids 90
UDF1 won the auction and was revealed [Jc]
Flop [Qh Kc 6s], UDF1 (55), bits (20)
bits checks
UDF1 checks
Turn [Qh Kc 6s Td], UDF1 (55), bits (20)
bits bets 93
UDF1 folds
UDF1 awarded -55
bits awarded 55

Round #267, bits (14522), UDF1 (-14522)
bits posts blind: 10
UDF1 posts blind: 20
bits received [4c 7s]
UDF1 received [Kc 6h]
bits calls
UDF1 checks
Flop [5h 9c Jd], bits (20), UDF1 (20)
UDF1 bids 97
bits bids 11
UDF1 won the auction and was revealed [4c]
Flop [5h 9c Jd], bits (20), UDF1 (31)
UDF1 bets 20
bits folds
bits awarded -20
UDF1 awarded 20

Round #268, UDF1 (-14502), bits (14502)
UDF1 posts blind: 10
bits posts blind: 20
UDF1 received [2s Kh]
bits received [7h 5s]
UDF1 calls
bits checks
Flop [8d Th Ks], UDF1 (20), bits (20)
bits bids 15
UDF1 bids 79
UDF1 won the auction and was revealed [7h]
Flop [8d Th Ks], UDF1 (35), bits (20)
bits checks
UDF1 bets 34
bits folds
UDF1 awarded 20
bits awarded -20

Round #269, bits (14482), UDF1 (-14482)
bits posts blind: 10
UDF1 posts blind: 20
bits received [5c Jd]
UDF1 received [Kd 7s]
bits calls
UDF1 checks
Flop [5d 8d Ts], bits (20), UDF1 (20)
UDF1 bids 86
bits bids 37
UDF1 won the auction and was revealed [Jd]
Flop [5d 8d Ts], bits (20), UDF1 (57)
UDF1 checks
bits checks
Turn [5d 8d Ts 9d], bits (20), UDF1 (57)
UDF1 checks
bits bets 38
UDF1 calls
River [5d 8d Ts 9d Td], bits (58), UDF1 (95)
UDF1 bets 116
bits calls
bits shows [5c Jd]
UDF1 shows [Kd 7s]
bits awarded -174
UDF1 awarded 174

Round #270, UDF1 (-14308), bits (14308)
UDF1 posts blind: 10
bits posts blind: 20
UDF1 received [Kd Qs]
bits received [2c 4c]
UDF1 raises to 3282
bits folds
UDF1 awarded 20
bits awarded -20

Round #271, bits (14288), UDF1 (-14288)
bits posts blind: 10
UDF1 posts blind: 20
bits received [3c 9s]
UDF1 received [Qs 5d]
bits calls
UDF1 raises to 800
bits folds
bits awarded -20
UDF1 awarded 20

Round #272, UDF1 (-14268), bits (14268)
UDF1 posts blind: 10
bits posts blind: 20
UDF1 received [Qd 6c]
bits received [Th 9d]
UDF1 calls
bits checks
Flop [2h 5c 7s], UDF1 (20), bits (20)
bits bids 20
UDF1 bids 91
UDF1 won the auction and was revealed [Th]
Flop [2h 5c 7s], UDF1 (40), bits (20)
bits checks
UDF1 bets 20
bits folds
UDF1 awarded 20
bits awarded -20

Round #273, bits (14248), UDF1 (-14248)
bits posts blind: 10
UDF1 posts blind: 20
bits received [9d 6s]
UDF1 received [6d 2c]
bits calls
UDF1 checks
Flop [2h 2s Kh], bits (20), UDF1 (20)
UDF1 bids 84
bits bids 17
UDF1 won the auction and was revealed [9d]
Flop [2h 2s Kh], bits (20), UDF1 (37)
UDF1 bets 34
bits folds
bits awarded -20
UDF1 awarded 20

Round #274, UDF1 (-14228), bits (14228)
UDF1 posts blind: 10
bits posts blind: 20
UDF1 received [Ac As]
bits received [5c 8s]
UDF1 raises to 3792
bits folds
UDF1 awarded 20
bits awarded -20

Round #275, bits (14208), UDF1 (-14208)
bits posts blind: 10
UDF1 posts blind: 20
bits received [6d 5h]
UDF1 received [7h 6s]
bits calls
UDF1 checks
Flop [Kd Tc 5c], bits (20), UDF1 (20)
UDF1 bids 92
bits bids 36
UDF1 won the auction and was revealed [6d]
Flop [Kd Tc 5c], bits (20), UDF1 (56)
UDF1 checks
bits checks
Turn [Kd Tc 5c 4d], bits (20), UDF1 (56)
UDF1 checks
bits checks
River [Kd Tc 5c 4d Ad], bits (20), UDF1 (56)
UDF1 checks
bits checks
bits shows [6d 5h]
UDF1 shows [7h 6s]
bits awarded 56
UDF1 awarded -56

Round #276, UDF1 (-14264), bits (14264)
UDF1 posts blind: 10
bits posts blind: 20
UDF1 received [Kd Ts]
bits received [8h 6d]
UDF1 calls
bits checks
Flop [Kc Jh Qd], UDF1 (20), bits (20)
bits bids 16
UDF1 bids 85
UDF1 won the auction and was revealed [8h]
Flop [Kc Jh Qd], UDF1 (36), bits (20)
bits checks
UDF1 bets 38
bits folds
UDF1 awarded 20
bits awarded -20

Round #277, bits (14244), UDF1 (-14244)
bits posts blind: 10
UDF1 posts blind: 20
bits received [Kc 9d]
UDF1 received [Ad 3d]
bits calls
UDF1 raises to 1816
bits folds
bits awarded -20
UDF1 awarded 20

Round #278, UDF1 (-14224), bits (14224)
UDF1 posts blind: 10
bits posts blind: 20
UDF1 received [5s Js]
bits received [8c Jc]
UDF1 calls
bits checks
Flop [2d Ah Ad], UDF1 (20), bits (20)
bits bids 27
UDF1 bids 86
UDF1 won the auction and was revealed [8c]
Flop [2d Ah Ad], UDF1 (47), bits (20)
bits checks
UDF1 checks
Turn [2d Ah Ad 5d], UDF1 (47), bits (20)
bits checks
UDF1 bets 35
bits folds
UDF1 awarded 20
bits awarded -20

Round #279, bits (14204), UDF1 (-14204)
bits posts blind: 10
UDF1 posts blind: 20
bits received [5s Qd]
UDF1 received [Js 8d]
bits calls
UDF1 checks
Flop [4c 4d 9c], bits (20), UDF1 (20)
UDF1 bids 83
bits bids 23
UDF1 won the auction and was revealed [5s]
Flop [4c 4d 9c], bits (20), UDF1 (43)
UDF1 bets 25
bits calls
Turn [4c 4d 9c As], bits (45), UDF1 (68)
UDF1 checks
bits checks
River [4c 4d 9c As 6s], bits (45), UDF1 (68)
UDF1 checks
bits checks
bits shows [5s Qd]
UDF1 shows [Js 8d]
bits awarded 68
UDF1 awarded -68

Round #280, UDF1 (-14272), bits (14272)
UDF1 posts blind: 10
bits posts blind: 20
UDF1 received [Qd 6d]
bits received [7h Kh]
UDF1 calls
bits checks
Flop [3c 2h 5h], UDF1 (20), bits (20)
bits bids 36
UDF1 bids 94
UDF1 won the auction and was revealed [7h]
Flop [3c 2h 5h], UDF1 (56), bits (20)
bits checks
UDF1 bets 27
bits calls
Turn [3c 2h 5h 8s], UDF1 (83), bits (47)
bits checks
UDF1 checks
River [3c 2h 5h 8s 8h], UDF1 (83), bits (47)
bits bets 162
UDF1 folds
UDF1 awarded -83
bits awarded 83

Round #281, bits (14355), UDF1 (-14355)
bits posts blind: 10
UDF1 posts blind: 20
bits received [Ah Ts]
UDF1 received [3d Qc]
bits raises to 60
UDF1 folds
bits awarded 20
UDF1 awarded -20

Round #282, UDF1 (-14375), bits (14375)
UDF1 posts blind: 10
bits posts blind: 20
UDF1 received [7s Qh]
bits received [Ad 4d]
UDF1 calls
bits checks
Flop [2s 2d 9d], UDF1 (20), bits (20)
bits bids 43
UDF1 bids 101
UDF1 won the auction and was revealed [Ad]
Flop [2s 2d 9d], UDF1 (63), bits (20)
bits bets 41
UDF1 folds
UDF1 awarded -63
bits awarded 63

Round #283, bits (14438), UDF1 (-14438)
bits posts blind: 10
UDF1 posts blind: 20
bits received [Qs 3d]
UDF1 received [Jh 8d]
bits calls
UDF1 raises to 978
bits folds
bits awarded -20
UDF1 awarded 20

Round #284, UDF1 (-14418), bits (14418)
UDF1 posts blind: 10
bits posts blind: 20
UDF1 received [5d 8h]
bits received [Kd Js]
UDF1 calls
bits checks
Flop [6c 5s 5h], UDF1 (20), bits (20)
bits bids 28
UDF1 bids 77
UDF1 won the auction and was revealed [Kd]
Flop [6c 5s 5h], UDF1 (48), bits (20)
bits checks
UDF1 bets 44
bits calls
Turn [6c 5s 5h Qd], UDF1 (92), bits (64)
bits checks
UDF1 bets 103
bits calls
River [6c 5s 5h Qd Kc], UDF1 (195), bits (167)
bits bets 181
UDF1 raises to 527
bits calls
UDF1 shows [5d 8h]
bits shows [Kd Js]
UDF1 awarded 694
bits awarded -694

Round #285, bits (13724), UDF1 (-13724)
bits posts blind: 10
UDF1 posts blind: 20
bits received [9s Tc]
UDF1 received [6h Js]
bits calls
UDF1 checks
Flop [8h Kd 7s], bits (20), UDF1 (20)
UDF1 bids 93
bits bids 30
UDF1 won the auction and was revealed [Tc]
Flop [8h Kd 7s], bits (20), UDF1 (50)
UDF1 bets 25
bits calls
Turn [8h Kd 7s Jc], bits (45), UDF1 (75)
UDF1 bets 56
bits raises to 220
UDF1 calls
River [8h Kd 7s Jc 2s], bits (265), UDF1 (295)
UDF1 bets 385
bits raises to 1181
UDF1 calls
bits shows [9s Tc]
UDF1 shows [6h Js]
bits awarded 1476
UDF1 awarded -1476

Round #286, UDF1 (-15200), bits (15200)
UDF1 posts blind: 10
bits posts blind: 20
UDF1 received [7s Jh]
bits received [Jc As]
UDF1 calls
bits checks
Flop [8d Ks 5h], UDF1 (20), bits (20)
bits bids 33
UDF1 bids 93
UDF1 won the auction and was revealed [As]
Flop [8d Ks 5h], UDF1 (53), bits (20)
bits checks
UDF1 checks
Turn [8d Ks 5h 7c], UDF1 (53), bits (20)
bits checks
UDF1 bets 29
bits calls
River [8d Ks 5h 7c 4c], UDF1 (82), bits (49)
bits checks
UDF1 bets 61
bits folds
UDF1 awarded 49
bits awarded -49

Round #287, bits (15151), UDF1 (-15151)
bits posts blind: 10
UDF1 posts blind: 20
bits received [5d 4h]
UDF1 received [6h 4s]
bits calls
UDF1 checks
Flop [Qh 9h 3h], bits (20), UDF1 (20)
UDF1 bids 90
bits bids 23
UDF1 won the auction and was revealed [5d]
Flop [Qh 9h 3h], bits (20), UDF1 (43)
UDF1 checks
bits checks
Turn [Qh 9h 3h 9s], bits (20), UDF1 (43)
UDF1 checks
bits checks
River [Qh 9h 3h 9s Ks], bits (20), UDF1 (43)
UDF1 checks
bits checks
bits shows [5d 4h]
UDF1 shows [6h 4s]
bits awarded -20
UDF1 awarded 20

Round #288, UDF1 (-15131), bits (15131)
UDF1 posts blind: 10
bits posts blind: 20
UDF1 received [Tc 5c]
bits received [4h 6c]
UDF1 calls
bits checks
Flop [Ts Kc 2s], UDF1 (20), bits (20)
bits bids 12
UDF1 bids 76
UDF1 won the auction and was revealed [4h]
Flop [Ts Kc 2s], UDF1 (32), bits (20)
bits checks
UDF1 bets 29
bits folds
UDF1 awarded 20
bits awarded -20

Round #289, bits (15111), UDF1 (-15111)
bits posts blind: 10
UDF1 posts blind: 20
bits received [9d 5c]
UDF1 received [9s Jh]
bits calls
UDF1 checks
Flop [8h Qh 4c], bits (20), UDF1 (20)
UDF1 bids 90
bits bids 17
UDF1 won the auction and was revealed [5c]
Flop [8h Qh 4c], bits (20), UDF1 (37)
UDF1 bets 26
bits folds
bits awarded -20
UDF1 awarded 20

Round #290, UDF1 (-15091), bits (15091)
UDF1 posts blind: 10
bits posts blind: 20
UDF1 received [5s 3h]
bits received [Ac 9d]
UDF1 calls
bits checks
Flop [Ad 2d Jh], UDF1 (20), bits (20)
bits bids 48
UDF1 bids 79
UDF1 won the auction and was revealed [9d]
Flop [Ad 2d Jh], UDF1 (68), bits (20)
bits bets 44
UDF1 folds
UDF1 awarded -68
bits awarded 68

Round #291, bits (15159), UDF1 (-15159)
bits posts blind: 10
UDF1 posts blind: 20
bits received [7c 4d]
UDF1 received [8s Qh]
bits calls
UDF1 checks
Flop [6c 3s 4s], bits (20), UDF1 (20)
UDF1 bids 93
bits bids 33
UDF1 won the auction and was revealed [4d]
Flop [6c 3s 4s], bits (20), UDF1 (53)
UDF1 checks
bits checks
Turn [6c 3s 4s 7h], bits (20), UDF1 (53)
UDF1 checks
bits bets 36
UDF1 folds
bits awarded 53
UDF1 awarded -53

Round #292, UDF1 (-15212), bits (15212)
UDF1 posts blind: 10
bits posts blind: 20
UDF1 received [7c 9s]
bits received [4c 7s]
UDF1 calls
bits checks
Flop [6s Ac Kc], UDF1 (20), bits (20)
bits bids 13
UDF1 bids 81
UDF1 won the auction and was revealed [7s]
Flop [6s Ac Kc], UDF1 (33), bits (20)
bits checks
UDF1 checks
Turn [6s Ac Kc 3s], UDF1 (33), bits (20)
bits checks
UDF1 checks
River [6s Ac Kc 3s 8c], UDF1 (33), bits (20)
bits checks
UDF1 checks
UDF1 shows [7c 9s]
bits shows [4c 7s]
UDF1 awarded 20
bits awarded -20

Round #293, bits (15192), UDF1 (-15192)
bits posts blind: 10
UDF1 posts blind: 20
bits received [Th 4d]
UDF1 received [8d Qs]
bits calls
UDF1 checks
Flop [7d 7s As], bits (20), UDF1 (20)
UDF1 bids 97
bits bids 20
UDF1 won the auction and was revealed [Th]
Flop [7d 7s As], bits (20), UDF1 (40)
UDF1 bets 22
bits folds
bits awarded -20
UDF1 awarded 20

Round #294, UDF1 (-15172), bits (15172)
UDF1 posts blind: 10
bits posts blind: 20
UDF1 received [Td 3s]
bits received [Tc Kd]
UDF1 calls
bits checks
Flop [4d 2c 9d], UDF1 (20), bits (20)
bits bids 30
UDF1 bids 83
UDF1 won the auction and was revealed [Kd]
Flop [4d 2c 9d], UDF1 (50), bits (20)
bits checks
UDF1 checks
Turn [4d 2c 9d Qs], UDF1 (50), bits (20)
bits checks
UDF1 checks
River [4d 2c 9d Qs 4c], UDF1 (50), bits (20)
bits checks
UDF1 checks
UDF1 shows [Td 3s]
bits shows [Tc Kd]
UDF1 awarded -50
bits awarded 50

Round #295, bits (15222), UDF1 (-15222)
bits posts blind: 10
UDF1 posts blind: 20
bits received [Kd Tc]
UDF1 received [Ks 8d]
bits calls
UDF1 checks
Flop [3c 4h Jh], bits (20), UDF1 (20)
UDF1 bids 90
bits bids 24
UDF1 won the auction and was revealed [Kd]
Flop [3c 4h Jh], bits (20), UDF1 (44)
UDF1 checks
bits checks
Turn [3c 4h Jh As], bits (20), UDF1 (44)
UDF1 checks
bits checks
River [3c 4h Jh As 2c], bits (20), UDF1 (44)
UDF1 checks
bits checks
bits shows [Kd Tc]
UDF1 shows [Ks 8d]
bits awarded 44
UDF1 awarded -44

Round #296, UDF1 (-15266), bits (15266)
UDF1 posts blind: 10
bits posts blind: 20
UDF1 received [Ah Th]
bits received [7d 9h]
UDF1 raises to 3690
bits folds
UDF1 awarded 20
bits awarded -20

Round #297, bits (15246), UDF1 (-15246)
bits posts blind: 10
UDF1 posts blind: 20
bits received [5c As]
UDF1 received [Th 9s]
bits calls
UDF1 raises to 1680
bits folds
bits awarded -20
UDF1 awarded 20

Round #298, UDF1 (-15226), bits (15226)
UDF1 posts blind: 10
bits posts blind: 20
UDF1 received [Ad Qh]
bits received [7h 4d]
UDF1 raises to 3670
bits folds
UDF1 awarded 20
bits awarded -20

Round #299, bits (15206), UDF1 (-15206)
bits posts blind: 10
UDF1 posts blind: 20
bits received [4h 2d]
UDF1 received [Kc 2c]
bits calls
UDF1 checks
Flop [3h Ah 7d], bits (20), UDF1 (20)
UDF1 bids 77
bits bids 18
UDF1 won the auction and was revealed [4h]
Flop [3h Ah 7d], bits (20), UDF1 (38)
UDF1 bets 20
bits folds
bits awarded -20
UDF1 awarded 20

Round #300, UDF1 (-15186), bits (15186)
UDF1 posts blind: 10
bits posts blind: 20
UDF1 received [3d 7s]
bits received [4d Ah]
UDF1 raises to 1312
bits folds
UDF1 awarded 20
bits awarded -20

Round #301, bits (15166), UDF1 (-15166)
bits posts blind: 10
UDF1 posts blind: 20
bits received [Qc Th]
UDF1 received [5d Js]
bits calls
UDF1 checks
Flop [7d 9c Ks], bits (20), UDF1 (20)
UDF1 bids 87
bits bids 32
UDF1 won the auction and was revealed [Qc]
Flop [7d 9c Ks], bits (20), UDF1 (52)
UDF1 bets 20
bits calls
Turn [7d 9c Ks 9s], bits (40), UDF1 (72)
UDF1 checks
bits checks
River [7d 9c Ks 9s 2d], bits (40), UDF1 (72)
UDF1 checks
bits checks
bits shows [Qc Th]
UDF1 shows [5d Js]
bits awarded 72
UDF1 awarded -72

Round #302, UDF1 (-15238), bits (15238)
UDF1 posts blind: 10
bits posts blind: 20
UDF1 received [9c Qd]
bits received [5c 7s]
UDF1 calls
bits checks
Flop [Jh 5d 9h], UDF1 (20), bits (20)
bits bids 34
UDF1 bids 80
UDF1 won the auction and was revealed [7s]
Flop [Jh 5d 9h], UDF1 (54), bits (20)
bits checks
UDF1 bets 40
bits calls
Turn [Jh 5d 9h 8h], UDF1 (94), bits (60)
bits checks
UDF1 bets 67
bits calls
River [Jh 5d 9h 8h 2s], UDF1 (161), bits (127)
bits checks
UDF1 bets 197
bits calls
UDF1 shows [9c Qd]
bits shows [5c 7s]
UDF1 awarded 324
bits awarded -324

Round #303, bits (14914), UDF1 (-14914)
bits posts blind: 10
UDF1 posts blind: 20
bits received [3s Jd]
UDF1 received [Jc 3c]
bits calls
UDF1 checks
Flop [9d 5d 6s], bits (20), UDF1 (20)
UDF1 bids 100
bits bids 16
UDF1 won the auction and was revealed [Jd]
Flop [9d 5d 6s], bits (20), UDF1 (36)
UDF1 checks
bits checks
Turn [9d 5d 6s 4s], bits (20), UDF1 (36)
UDF1 checks
bits checks
River [9d 5d 6s 4s 8h], bits (20), UDF1 (36)
UDF1 checks
bits checks
bits shows [3s Jd]
UDF1 shows [Jc 3c]
bits awarded 8
UDF1 awarded -8

Round #304, UDF1 (-14922), bits (14922)
UDF1 posts blind: 10
bits posts blind: 20
UDF1 received [5h Th]
bits received [3h 2h]
UDF1 calls
bits checks
Flop [Tc 4s 8c], UDF1 (20), bits (20)
bits bids 10
UDF1 bids 90
UDF1 won the auction and was revealed [3h]
Flop [Tc 4s 8c], UDF1 (30), bits (20)
bits checks
UDF1 bets 34
bits folds
UDF1 awarded 20
bits awarded -20

Round #305, bits (14902), UDF1 (-14902)
bits posts blind: 10
UDF1 posts blind: 20
bits received [3h 7h]
UDF1 received [2s 9h]
bits calls
UDF1 checks
Flop [4c 6d 6c], bits (20), UDF1 (20)
UDF1 bids 90
bits bids 17
UDF1 won the auction and was revealed [7h]
Flop [4c 6d 6c], bits (20), UDF1 (37)
UDF1 checks
bits checks
Turn [4c 6d 6c 2d], bits (20), UDF1 (37)
UDF1 bets 22
bits folds
bits awarded -20
UDF1 awarded 20

Round #306, UDF1 (-14882), bits (14882)
UDF1 posts blind: 10
bits posts blind: 20
UDF1 received [9c Kc]
bits received [5c Qs]
UDF1 calls
bits checks
Flop [5s Qc Tc], UDF1 (20), bits (20)
bits bids 4980
UDF1 bids 97
bits won the auction and was revealed [9c]
Flop [5s Qc Tc], UDF1 (20), bits (117)
bits bets 68
UDF1 calls
Turn [5s Qc Tc Ks], UDF1 (88), bits (185)
bits bets 136
UDF1 raises to 272
bits calls
River [5s Qc Tc Ks 8c], UDF1 (360), bits (457)
bits checks
UDF1 bets 600
bits folds
UDF1 awarded 457
bits awarded -457

Round #307, bits (14425), UDF1 (-14425)
bits posts blind: 10
UDF1 posts blind: 20
bits received [Tc 2c]
UDF1 received [4c 6d]
bits calls
UDF1 checks
Flop [3d Qs Td], bits (20), UDF1 (20)
UDF1 bids 87
bits bids 43
UDF1 won the auction and was revealed [2c]
Flop [3d Qs Td], bits (20), UDF1 (63)
UDF1 bets 25
bits calls
Turn [3d Qs Td 5d], bits (45), UDF1 (88)
UDF1 checks
bits checks
River [3d Qs Td 5d 4d], bits (45), UDF1 (88)
UDF1 bets 96
bits folds
bits awarded -45
UDF1 awarded 45

Round #308, UDF1 (-14380), bits (14380)
UDF1 posts blind: 10
bits posts blind: 20
UDF1 received [4d 4s]
bits received [2h Jh]
UDF1 calls
bits checks
Flop [7h 8d 5c], UDF1 (20), bits (20)
bits bids 16
UDF1 bids 100
UDF1 won the auction and was revealed [2h]
Flop [7h 8d 5c], UDF1 (36), bits (20)
bits checks
UDF1 bets 26
bits folds
UDF1 awarded 20
bits awarded -20

Round #309, bits (14360), UDF1 (-14360)
bits posts blind: 10
UDF1 posts blind: 20
bits received [9c Jd]
UDF1 received [Qh 7c]
bits calls
UDF1 checks
Flop [5s 2h 8h], bits (20), UDF1 (20)
UDF1 bids 90
bits bids 19
UDF1 won the auction and was revealed [9c]
Flop [5s 2h 8h], bits (20), UDF1 (39)
UDF1 bets 24
bits folds
bits awarded -20
UDF1 awarded 20

Round #310, UDF1 (-14340), bits (14340)
UDF1 posts blind: 10
bits posts blind: 20
UDF1 received [Jh Tc]
bits received [Qs 7h]
UDF1 raises to 1628
bits folds
UDF1 awarded 20
bits awarded -20

Round #311, bits (14320), UDF1 (-14320)
bits posts blind: 10
UDF1 posts blind: 20
bits received [Js Ts]
UDF1 received [7d 6s]
bits calls
UDF1 raises to 1026
bits folds
bits awarded -20
UDF1 awarded 20

Round #312, UDF1 (-14300), bits (14300)
UDF1 posts blind: 10
bits posts blind: 20
UDF1 received [Js Ad]
bits received [Ac 5d]
UDF1 raises to 3395
bits folds
UDF1 awarded 20
bits awarded -20

Round #313, bits (14280), UDF1 (-14280)
bits posts blind: 10
UDF1 posts blind: 20
bits received [7h 6s]
UDF1 received [As 5c]
bits calls
UDF1 checks
Flop [6h 8d Kc], bits (20), UDF1 (20)
UDF1 bids 101
bits bids 36
UDF1 won the auction and was revealed [6s]
Flop [6h 8d Kc], bits (20), UDF1 (56)
UDF1 checks
bits checks
Turn [6h 8d Kc 3c], bits (20), UDF1 (56)
UDF1 checks
bits checks
River [6h 8d Kc 3c 5d], bits (20), UDF1 (56)
UDF1 checks
bits checks
bits shows [7h 6s]
UDF1 shows [As 5c]
bits awarded 56
UDF1 awarded -56

Round #314, UDF1 (-14336), bits (14336)
UDF1 posts blind: 10
bits posts blind: 20
UDF1 received [6h 9h]
bits received [Th 6c]
UDF1 calls
bits checks
Flop [7c 8d 8c], UDF1 (20), bits (20)
bits bids 26
UDF1 bids 87
UDF1 won the auction and was revealed [6c]
Flop [7c 8d 8c], UDF1 (46), bits (20)
bits checks
UDF1 bets 25
bits calls
Turn [7c 8d 8c 7s], UDF1 (71), bits (45)
bits checks
UDF1 checks
River [7c 8d 8c 7s 4d], UDF1 (71), bits (45)
bits checks
UDF1 checks
UDF1 shows [6h 9h]
bits shows [Th 6c]
UDF1 awarded -71
bits awarded 71

Round #315, bits (14407), UDF1 (-14407)
bits posts blind: 10
UDF1 posts blind: 20
bits received [4s Qc]
UDF1 received [Kd Tc]
bits calls
UDF1 checks
Flop [Qd Jc 7s], bits (20), UDF1 (20)
UDF1 bids 85
bits bids 49
UDF1 won the auction and was revealed [4s]
Flop [Qd Jc 7s], bits (20), UDF1 (69)
UDF1 bets 42
bits calls
Turn [Qd Jc 7s 5c], bits (62), UDF1 (111)
UDF1 bets 75
bits calls
River [Qd Jc 7s 5c 9c], bits (137), UDF1 (186)
UDF1 bets 236
bits calls
bits shows [4s Qc]
UDF1 shows [Kd Tc]
bits awarded -373
UDF1 awarded 373

Round #316, UDF1 (-14034), bits (14034)
UDF1 posts blind: 10
bits posts blind: 20
UDF1 received [9s Ah]
bits received [8d 6h]
UDF1 calls
bits checks
Flop [Kd 4h 3c], UDF1 (20), bits (20)
bits bids 10
UDF1 bids 88
UDF1 won the auction and was revealed [8d]
Flop [Kd 4h 3c], UDF1 (30), bits (20)
bits checks
UDF1 bets 22
bits folds
UDF1 awarded 20
bits awarded -20

Round #317, bits (14014), UDF1 (-14014)
bits posts blind: 10
UDF1 posts blind: 20
bits received [5s Qd]
UDF1 received [7h Js]
bits calls
UDF1 checks
Flop [2h 7s 3h], bits (20), UDF1 (20)
UDF1 bids 79
bits bids 23
UDF1 won the auction and was revealed [5s]
Flop [2h 7s 3h], bits (20), UDF1 (43)
UDF1 bets 39
bits folds
bits awarded -20
UDF1 awarded 20

Round #318, UDF1 (-13994), bits (13994)
UDF1 posts blind: 10
bits posts blind: 20
UDF1 received [9d 5c]
bits received [Jc Jh]
UDF1 calls
bits raises to 80
UDF1 folds
UDF1 awarded -20
bits awarded 20

Round #319, bits (14014), UDF1 (-14014)
bits posts blind: 10
UDF1 posts blind: 20
bits received [6c 2s]
UDF1 received [2h 7d]
bits calls
UDF1 checks
Flop [7h Kh 8s], bits (20), UDF1 (20)
UDF1 bids 77
bits bids 10
UDF1 won the auction and was revealed [6c]
Flop [7h Kh 8s], bits (20), UDF1 (30)
UDF1 bets 21
bits folds
bits awarded -20
UDF1 awarded 20

Round #320, UDF1 (-13994), bits (13994)
UDF1 posts blind: 10
bits posts blind: 20
UDF1 received [Qc 5h]
bits received [2d 4s]
UDF1 calls
bits checks
Flop [2h 4h 5c], UDF1 (20), bits (20)
bits bids 42
UDF1 bids 83
UDF1 won the auction and was revealed [4s]
Flop [2h 4h 5c], UDF1 (62), bits (20)
bits bets 41
UDF1 raises to 82
bits calls
Turn [2h 4h 5c Qs], UDF1 (144), bits (102)
bits bets 123
UDF1 raises to 358
bits calls
River [2h 4h 5c Qs Ad], UDF1 (502), bits (460)
bits bets 481
UDF1 calls
UDF1 shows [Qc 5h]
bits shows [2d 4s]
UDF1 awarded 941
bits awarded -941

Round #321, bits (13053), UDF1 (-13053)
bits posts blind: 10
UDF1 posts blind: 20
bits received [Qd 9d]
UDF1 received [Kd 8c]
bits calls
UDF1 checks
Flop [9h Qh 2c], bits (20), UDF1 (20)
UDF1 bids 93
bits bids 4980
bits won the auction and was revealed [Kd]
Flop [9h Qh 2c], bits (113), UDF1 (20)
UDF1 checks
bits bets 66
UDF1 calls
Turn [9h Qh 2c 6s], bits (179), UDF1 (86)
UDF1 checks
bits bets 331
UDF1 folds
bits awarded 86
UDF1 awarded -86

Round #322, UDF1 (-13139), bits (13139)
UDF1 posts blind: 10
bits posts blind: 20
UDF1 received [9h 4d]
bits received [Kc Kh]
UDF1 calls
bits raises to 80
UDF1 folds
UDF1 awarded -20
bits awarded 20

Round #323, bits (13159), UDF1 (-13159)
bits posts blind: 10
UDF1 posts blind: 20
bits received [Kh Jd]
UDF1 received [2d 6c]
bits calls
UDF1 checks
Flop [8h Td 6h], bits (20), UDF1 (20)
UDF1 bids 95
bits bids 28
UDF1 won the auction and was revealed [Kh]
Flop [8h Td 6h], bits (20), UDF1 (48)
UDF1 checks
bits checks
Turn [8h Td 6h 3h], bits (20), UDF1 (48)
UDF1 checks
bits checks
River [8h Td 6h 3h Kd], bits (20), UDF1 (48)
UDF1 checks
bits bets 34
UDF1 folds
bits awarded 48
UDF1 awarded -48

Round #324, UDF1 (-13207), bits (13207)
UDF1 posts blind: 10
bits posts blind: 20
UDF1 received [6s Kd]
bits received [2d Jh]
UDF1 calls
bits checks
Flop [9h 9s 9d], UDF1 (20), bits (20)
bits bids 24
UDF1 bids 90
UDF1 won the auction and was revealed [Jh]
Flop [9h 9s 9d], UDF1 (44), bits (20)
bits checks
UDF1 bets 29
bits calls
Turn [9h 9s 9d Qs], UDF1 (73), bits (49)
bits checks
UDF1 bets 58
bits calls
River [9h 9s 9d Qs Qc], UDF1 (131), bits (107)
bits checks
UDF1 checks
UDF1 shows [6s Kd]
bits shows [2d Jh]
UDF1 awarded -12
bits awarded 12

Round #325, bits (13219), UDF1 (-13219)
bits posts blind: 10
UDF1 posts blind: 20
bits received [9h 9d]
UDF1 received [6d 7s]
bits raises to 60
UDF1 folds
bits awarded 20
UDF1 awarded -20

Round #326, UDF1 (-13239), bits (13239)
UDF1 posts blind: 10
bits posts blind: 20
UDF1 received [2s 2d]
bits received [8c 5d]
UDF1 raises to 2002
bits folds
UDF1 awarded 20
bits awarded -20

Round #327, bits (13219), UDF1 (-13219)
bits posts blind: 10
UDF1 posts blind: 20
bits received [Ac Qd]
UDF1 received [6h 4c]
bits raises to 60
UDF1 folds
bits awarded 20
UDF1 awarded -20

Round #328, UDF1 (-13239), bits (13239)
UDF1 posts blind: 10
bits posts blind: 20
UDF1 received [8h 4s]
bits received [Kd 8s]
UDF1 calls
bits checks
Flop [9s Qd 6s], UDF1 (20), bits (20)
bits bids 25
UDF1 bids 77
UDF1 won the auction and was revealed [Kd]
Flop [9s Qd 6s], UDF1 (45), bits (20)
bits checks
UDF1 checks
Turn [9s Qd 6s Kc], UDF1 (45), bits (20)
bits bets 32
UDF1 folds
UDF1 awarded -45
bits awarded 45

Round #329, bits (13284), UDF1 (-13284)
bits posts blind: 10
UDF1 posts blind: 20
bits received [As Ad]
UDF1 received [Kc 7h]
bits raises to 60
UDF1 calls
Flop [2d Qs 5c], bits (60), UDF1 (60)
UDF1 bids 108
bits bids 4940
bits won the auction and was revealed [Kc]
Flop [2d Qs 5c], bits (168), UDF1 (60)
UDF1 checks
bits bets 114
UDF1 calls
Turn [2d Qs 5c Ks], bits (282), UDF1 (174)
UDF1 bets 296
bits calls
River [2d Qs 5c Ks 5s], bits (578), UDF1 (470)
UDF1 bets 787
bits calls
bits shows [As Ad]
UDF1 shows [Kc 7h]
bits awarded 1257
UDF1 awarded -1257

Round #330, UDF1 (-14541), bits (14541)
UDF1 posts blind: 10
bits posts blind: 20
UDF1 received [Jh 2h]
bits received [Ac 5h]
UDF1 calls
bits checks
Flop [Js As 5s], UDF1 (20), bits (20)
bits bids 46
UDF1 bids 86
UDF1 won the auction and was revealed [Ac]
Flop [Js As 5s], UDF1 (66), bits (20)
bits bets 43
UDF1 folds
UDF1 awarded -66
bits awarded 66

Round #331, bits (14607), UDF1 (-14607)
bits posts blind: 10
UDF1 posts blind: 20
bits received [5s Kc]
UDF1 received [3h Tc]
bits calls
UDF1 checks
Flop [9d 8d As], bits (20), UDF1 (20)
UDF1 bids 75
bits bids 25
UDF1 won the auction and was revealed [Kc]
Flop [9d 8d As], bits (20), UDF1 (45)
UDF1 checks
bits checks
Turn [9d 8d As Ad], bits (20), UDF1 (45)
UDF1 checks
bits checks
River [9d 8d As Ad 6d], bits (20), UDF1 (45)
UDF1 checks
bits checks
bits shows [5s Kc]
UDF1 shows [3h Tc]
bits awarded 45
UDF1 awarded -45

Round #332, UDF1 (-14652), bits (14652)
UDF1 posts blind: 10
bits posts blind: 20
UDF1 received [4c 7d]
bits received [Kc 4d]
UDF1 calls
bits checks
Flop [8h Qd Ts], UDF1 (20), bits (20)
bits bids 22
UDF1 bids 92
UDF1 won the auction and was revealed [Kc]
Flop [8h Qd Ts], UDF1 (42), bits (20)
bits checks
UDF1 checks
Turn [8h Qd Ts 9s], UDF1 (42), bits (20)
bits checks
UDF1 checks
River [8h Qd Ts 9s Td], UDF1 (42), bits (20)
bits checks
UDF1 checks
UDF1 shows [4c 7d]
bits shows [Kc 4d]
UDF1 awarded -42
bits awarded 42

Round #333, bits (14694), UDF1 (-14694)
bits posts blind: 10
UDF1 posts blind: 20
bits received [Kd 4s]
UDF1 received [8c 6h]
bits calls
UDF1 checks
Flop [2h 5s Ac], bits (20), UDF1 (20)
UDF1 bids 83
bits bids 25
UDF1 won the auction and was revealed [4s]
Flop [2h 5s Ac], bits (20), UDF1 (45)
UDF1 checks
bits checks
Turn [2h 5s Ac 3c], bits (20), UDF1 (45)
UDF1 checks
bits bets 32
UDF1 folds
bits awarded 45
UDF1 awarded -45

Round #334, UDF1 (-14739), bits (14739)
UDF1 posts blind: 10
bits posts blind: 20
UDF1 received [5s 8s]
bits received [As 3h]
UDF1 calls
bits checks
Flop [7c Qs Ac], UDF1 (20), bits (20)
bits bids 49
UDF1 bids 83
UDF1 won the auction and was revealed [As]
Flop [7c Qs Ac], UDF1 (69), bits (20)
bits bets 44
UDF1 folds
UDF1 awarded -69
bits awarded 69

Round #335, bits (14808), UDF1 (-14808)
bits posts blind: 10
UDF1 posts blind: 20
bits received [Tc Ah]
UDF1 received [7c Qh]
bits raises to 60
UDF1 folds
bits awarded 20
UDF1 awarded -20

Round #336, UDF1 (-14828), bits (14828)
UDF1 posts blind: 10
bits posts blind: 20
UDF1 received [2h 4h]
bits received [8s Kh]
UDF1 calls
bits checks
Flop [Th 3d 7h], UDF1 (20), bits (20)
bits bids 27
UDF1 bids 102
UDF1 won the auction and was revealed [8s]
Flop [Th 3d 7h], UDF1 (47), bits (20)
bits checks
UDF1 checks
Turn [Th 3d 7h 3s], UDF1 (47), bits (20)
bits checks
UDF1 checks
River [Th 3d 7h 3s 9h], UDF1 (47), bits (20)
bits checks
UDF1 bets 48
bits folds
UDF1 awarded 20
bits awarded -20

Round #337, bits (14808), UDF1 (-14808)
bits posts blind: 10
UDF1 posts blind: 20
bits received [Qd 4s]
UDF1 received [8d 7s]
bits calls
UDF1 checks
Flop [Kh 7c Qs], bits (20), UDF1 (20)
UDF1 bids 99
bits bids 44
UDF1 won the auction and was revealed [Qd]
Flop [Kh 7c Qs], bits (20), UDF1 (64)
UDF1 checks
bits bets 42
UDF1 folds
bits awarded 64
UDF1 awarded -64

Round #338, UDF1 (-14872), bits (14872)
UDF1 posts blind: 10
bits posts blind: 20
UDF1 received [5s 9s]
bits received [Qs 4h]
UDF1 calls
bits checks
Flop [Kd 3d 5h], UDF1 (20), bits (20)
bits bids 22
UDF1 bids 82
UDF1 won the auction and was revealed [Qs]
Flop [Kd 3d 5h], UDF1 (42), bits (20)
bits checks
UDF1 bets 31
bits folds
UDF1 awarded 20
bits awarded -20

Round #339, bits (14852), UDF1 (-14852)
bits posts blind: 10
UDF1 posts blind: 20
bits received [7d 7h]
UDF1 received [2d Ah]
bits raises to 60
UDF1 folds
bits awarded 20
UDF1 awarded -20

Round #340, UDF1 (-14872), bits (14872)
UDF1 posts blind: 10
bits posts blind: 20
UDF1 received [Td 7c]
bits received [Jd 9h]
UDF1 calls
bits checks
Flop [3s As 2h], UDF1 (20), bits (20)
bits bids 17
UDF1 bids 79
UDF1 won the auction and was revealed [9h]
Flop [3s As 2h], UDF1 (37), bits (20)
bits checks
UDF1 checks
Turn [3s As 2h 6s], UDF1 (37), bits (20)
bits checks
UDF1 checks
River [3s As 2h 6s 9s], UDF1 (37), bits (20)
bits checks
UDF1 checks
UDF1 shows [Td 7c]
bits shows [Jd 9h]
UDF1 awarded -37
bits awarded 37

Round #341, bits (14909), UDF1 (-14909)
bits posts blind: 10
UDF1 posts blind: 20
bits received [6h Ac]
UDF1 received [Th Ah]
bits calls
UDF1 raises to 3712
bits folds
bits awarded -20
UDF1 awarded 20

Round #342, UDF1 (-14889), bits (14889)
UDF1 posts blind: 10
bits posts blind: 20
UDF1 received [Jh 4d]
bits received [Qd Kh]
UDF1 calls
bits checks
Flop [7d Js 5d], UDF1 (20), bits (20)
bits bids 32
UDF1 bids 81
UDF1 won the auction and was revealed [Qd]
Flop [7d Js 5d], UDF1 (52), bits (20)
bits checks
UDF1 bets 30
bits calls
Turn [7d Js 5d Ks], UDF1 (82), bits (50)
bits bets 66
UDF1 calls
River [7d Js 5d Ks Qh], UDF1 (148), bits (116)
bits bets 330
UDF1 folds
UDF1 awarded -148
bits awarded 148

Round #343, bits (15037), UDF1 (-15037)
bits posts blind: 10
UDF1 posts blind: 20
bits received [5s 8s]
UDF1 received [7c Ts]
bits calls
UDF1 checks
Flop [7s 2h 2s], bits (20), UDF1 (20)
UDF1 bids 90
bits bids 27
UDF1 won the auction and was revealed [8s]
Flop [7s 2h 2s], bits (20), UDF1 (47)
UDF1 bets 25
bits calls
Turn [7s 2h 2s Ks], bits (45), UDF1 (72)
UDF1 bets 47
bits calls
River [7s 2h 2s Ks 2d], bits (92), UDF1 (119)
UDF1 bets 161
bits calls
bits shows [5s 8s]
UDF1 shows [7c Ts]
bits awarded -253
UDF1 awarded 253

Round #344, UDF1 (-14784), bits (14784)
UDF1 posts blind: 10
bits posts blind: 20
UDF1 received [4c 6s]
bits received [Ac 9d]
UDF1 calls
bits checks
Flop [Td 5d Qd], UDF1 (20), bits (20)
bits bids 35
UDF1 bids 77
UDF1 won the auction and was revealed [Ac]
Flop [Td 5d Qd], UDF1 (55), bits (20)
bits checks
UDF1 checks
Turn [Td 5d Qd Kc], UDF1 (55), bits (20)
bits checks
UDF1 checks
River [Td 5d Qd Kc 7c], UDF1 (55), bits (20)
bits checks
UDF1 checks
UDF1 shows [4c 6s]
bits shows [Ac 9d]
UDF1 awarded -55
bits awarded 55

Round #345, bits (14839), UDF1 (-14839)
bits posts blind: 10
UDF1 posts blind: 20
bits received [9h Kd]
UDF1 received [3d Qd]
bits calls
UDF1 checks
Flop [6c 7c Ac], bits (20), UDF1 (20)
UDF1 bids 97
bits bids 21
UDF1 won the auction and was revealed [9h]
Flop [6c 7c Ac], bits (20), UDF1 (41)
UDF1 checks
bits checks
Turn [6c 7c Ac 9s], bits (20), UDF1 (41)
UDF1 checks
bits checks
River [6c 7c Ac 9s As], bits (20), UDF1 (41)
UDF1 checks
bits bets 30
UDF1 folds
bits awarded 41
UDF1 awarded -41

Round #346, UDF1 (-14880), bits (14880)
UDF1 posts blind: 10
bits posts blind: 20
UDF1 received [9d Kd]
bits received [2c Ac]
UDF1 calls
bits checks
Flop [3h 2s Th], UDF1 (20), bits (20)
bits bids 36
UDF1 bids 81
UDF1 won the auction and was revealed [2c]
Flop [3h 2s Th], UDF1 (56), bits (20)
bits checks
UDF1 checks
Turn [3h 2s Th Qc], UDF1 (56), bits (20)
bits checks
UDF1 checks
River [3h 2s Th Qc 7c], UDF1 (56), bits (20)
bits checks
UDF1 checks
UDF1 shows [9d Kd]
bits shows [2c Ac]
UDF1 awarded -56
bits awarded 56

Round #347, bits (14936), UDF1 (-14936)
bits posts blind: 10
UDF1 posts blind: 20
bits received [7s 3c]
UDF1 received [Th 5s]
bits calls
UDF1 checks
Flop [2d Td Ah], bits (20), UDF1 (20)
UDF1 bids 91
bits bids 13
UDF1 won the auction and was revealed [3c]
Flop [2d Td Ah], bits (20), UDF1 (33)
UDF1 bets 29
bits folds
bits awarded -20
UDF1 awarded 20

Round #348, UDF1 (-14916), bits (14916)
UDF1 posts blind: 10
bits posts blind: 20
UDF1 received [6h 6c]
bits received [2c Ks]
UDF1 raises to 2060
bits folds
UDF1 awarded 20
bits awarded -20

Round #349, bits (14896), UDF1 (-14896)
bits posts blind: 10
UDF1 posts blind: 20
bits received [5h 8c]
UDF1 received [3s Ts]
bits calls
UDF1 checks
Flop [4h 7c 9h], bits (20), UDF1 (20)
UDF1 bids 77
bits bids 20
UDF1 won the auction and was revealed [5h]
Flop [4h 7c 9h], bits (20), UDF1 (40)
UDF1 checks
bits checks
Turn [4h 7c 9h Td], bits (20), UDF1 (40)
UDF1 bets 34
bits folds
bits awarded -20
UDF1 awarded 20

Round #350, UDF1 (-14876), bits (14876)
UDF1 posts blind: 10
bits posts blind: 20
UDF1 received [Jc 6c]
bits received [4s Ad]
UDF1 raises to 1223
bits folds
UDF1 awarded 20
bits awarded -20

Round #351, bits (14856), UDF1 (-14856)
bits posts blind: 10
UDF1 posts blind: 20
bits received [6d Ks]
UDF1 received [2h Jc]
bits calls
UDF1 checks
Flop [3d 7s Kd], bits (20), UDF1 (20)
UDF1 bids 82
bits bids 49
UDF1 won the auction and was revealed [Ks]
Flop [3d 7s Kd], bits (20), UDF1 (69)
UDF1 checks
bits bets 44
UDF1 folds
bits awarded 69
UDF1 awarded -69

Round #352, UDF1 (-14925), bits (14925)
UDF1 posts blind: 10
bits posts blind: 20
UDF1 received [7d Td]
bits received [Jd 4c]
UDF1 calls
bits checks
Flop [Kc Ac 5h], UDF1 (20), bits (20)
bits bids 24
UDF1 bids 99
UDF1 won the auction and was revealed [Jd]
Flop [Kc Ac 5h], UDF1 (44), bits (20)
bits checks
UDF1 checks
Turn [Kc Ac 5h 2c], UDF1 (44), bits (20)
bits checks
UDF1 checks
River [Kc Ac 5h 2c 3h], UDF1 (44), bits (20)
bits bets 32
UDF1 folds
UDF1 awarded -44
bits awarded 44

Round #353, bits (14969), UDF1 (-14969)
bits posts blind: 10
UDF1 posts blind: 20
bits received [7s Jh]
UDF1 received [Ts 3c]
bits calls
UDF1 checks
Flop [Td Ah 6h], bits (20), UDF1 (20)
UDF1 bids 78
bits bids 23
UDF1 won the auction and was revealed [7s]
Flop [Td Ah 6h], bits (20), UDF1 (43)
UDF1 bets 40
bits folds
bits awarded -20
UDF1 awarded 20

Round #354, UDF1 (-14949), bits (14949)
UDF1 posts blind: 10
bits posts blind: 20
UDF1 received [Qs 5d]
bits received [3h Jc]
UDF1 calls
bits checks
Flop [8s 9c Ad], UDF1 (20), bits (20)
bits bids 19
UDF1 bids 91
UDF1 won the auction and was revealed [3h]
Flop [8s 9c Ad], UDF1 (39), bits (20)
bits checks
UDF1 bets 23
bits folds
UDF1 awarded 20
bits awarded -20

Round #355, bits (14929), UDF1 (-14929)
bits posts blind: 10
UDF1 posts blind: 20
bits received [Jh 9d]
UDF1 received [6h 2c]
bits calls
UDF1 checks
Flop [Qc 8c Ah], bits (20), UDF1 (20)
UDF1 bids 92
bits bids 27
UDF1 won the auction and was revealed [9d]
Flop [Qc 8c Ah], bits (20), UDF1 (47)
UDF1 checks
bits checks
Turn [Qc 8c Ah 3c], bits (20), UDF1 (47)
UDF1 checks
bits checks
River [Qc 8c Ah 3c 7d], bits (20), UDF1 (47)
UDF1 checks
bits checks
bits shows [Jh 9d]
UDF1 shows [6h 2c]
bits awarded 47
UDF1 awarded -47

Round #356, UDF1 (-14976), bits (14976)
UDF1 posts blind: 10
bits posts blind: 20
UDF1 received [4d Td]
bits received [Qd 2d]
UDF1 calls
bits checks
Flop [8s As Jh], UDF1 (20), bits (20)
bits bids 22
UDF1 bids 100
UDF1 won the auction and was revealed [Qd]
Flop [8s As Jh], UDF1 (42), bits (20)
bits checks
UDF1 checks
Turn [8s As Jh 3c], UDF1 (42), bits (20)
bits checks
UDF1 checks
River [8s As Jh 3c 6s], UDF1 (42), bits (20)
bits checks
UDF1 checks
UDF1 shows [4d Td]
bits shows [Qd 2d]
UDF1 awarded -42
bits awarded 42

Round #357, bits (15018), UDF1 (-15018)
bits posts blind: 10
UDF1 posts blind: 20
bits received [5c 3d]
UDF1 received [7d Qh]
bits calls
UDF1 checks
Flop [4c 9d 2c], bits (20), UDF1 (20)
UDF1 bids 81
bits bids 29
UDF1 won the auction and was revealed [5c]
Flop [4c 9d 2c], bits (20), UDF1 (49)
UDF1 checks
bits checks
Turn [4c 9d 2c 5d], bits (20), UDF1 (49)
UDF1 checks
bits bets 34
UDF1 folds
bits awarded 49
UDF1 awarded -49

Round #358, UDF1 (-15067), bits (15067)
UDF1 posts blind: 10
bits posts blind: 20
UDF1 received [3d 3h]
bits received [7s Qd]
UDF1 raises to 1679
bits folds
UDF1 awarded 20
bits awarded -20

Round #359, bits (15047), UDF1 (-15047)
bits posts blind: 10
UDF1 posts blind: 20
bits received [4d Qh]
UDF1 received [Kc 7d]
bits calls
UDF1 checks
Flop [3d 4s 3c], bits (20), UDF1 (20)
UDF1 bids 74
bits bids 39
UDF1 won the auction and was revealed [4d]
Flop [3d 4s 3c], bits (20), UDF1 (59)
UDF1 checks
bits bets 39
UDF1 folds
bits awarded 59
UDF1 awarded -59

Round #360, UDF1 (-15106), bits (15106)
UDF1 posts blind: 10
bits posts blind: 20
UDF1 received [7d Td]
bits received [2s As]
UDF1 calls
bits checks
Flop [Qh Th 3d], UDF1 (20), bits (20)
bits bids 26
UDF1 bids 97
UDF1 won the auction and was revealed [2s]
Flop [Qh Th 3d], UDF1 (46), bits (20)
bits checks
UDF1 bets 38
bits calls
Turn [Qh Th 3d Jh], UDF1 (84), bits (58)
bits checks
UDF1 bets 92
bits folds
UDF1 awarded 58
bits awarded -58

Round #361, bits (15048), UDF1 (-15048)
bits posts blind: 10
UDF1 posts blind: 20
bits received [Kd 6h]
UDF1 received [2d Kc]
bits calls
UDF1 checks
Flop [6d 2c Jh], bits (20), UDF1 (20)
UDF1 bids 91
bits bids 39
UDF1 won the auction and was revealed [Kd]
Flop [6d 2c Jh], bits (20), UDF1 (59)
UDF1 bets 33
bits calls
Turn [6d 2c Jh Tc], bits (53), UDF1 (92)
UDF1 bets 70
bits calls
River [6d 2c Jh Tc 3d], bits (123), UDF1 (162)
UDF1 bets 197
bits calls
bits shows [Kd 6h]
UDF1 shows [2d Kc]
bits awarded 359
UDF1 awarded -359

Round #362, UDF1 (-15407), bits (15407)
UDF1 posts blind: 10
bits posts blind: 20
UDF1 received [Js Qd]
bits received [Qs Jh]
UDF1 calls
bits checks
Flop [3s 6h 7d], UDF1 (20), bits (20)
bits bids 23
UDF1 bids 101
UDF1 won the auction and was revealed [Qs]
Flop [3s 6h 7d], UDF1 (43), bits (20)
bits checks
UDF1 checks
Turn [3s 6h 7d 6s], UDF1 (43), bits (20)
bits checks
UDF1 checks
River [3s 6h 7d 6s Ad], UDF1 (43), bits (20)
bits checks
UDF1 bets 29
bits folds
UDF1 awarded 20
bits awarded -20

Round #363, bits (15387), UDF1 (-15387)
bits posts blind: 10
UDF1 posts blind: 20
bits received [Qs Ks]
UDF1 received [5h Jc]
bits raises to 60
UDF1 folds
bits awarded 20
UDF1 awarded -20

Round #364, UDF1 (-15407), bits (15407)
UDF1 posts blind: 10
bits posts blind: 20
UDF1 received [Kc 7d]
bits received [Ad 5s]
UDF1 calls
bits checks
Flop [3s 9c 4s], UDF1 (20), bits (20)
bits bids 34
UDF1 bids 93
UDF1 won the auction and was revealed [Ad]
Flop [3s 9c 4s], UDF1 (54), bits (20)
bits checks
UDF1 checks
Turn [3s 9c 4s 3c], UDF1 (54), bits (20)
bits checks
UDF1 checks
River [3s 9c 4s 3c Qc], UDF1 (54), bits (20)
bits checks
UDF1 checks
UDF1 shows [Kc 7d]
bits shows [Ad 5s]
UDF1 awarded -54
bits awarded 54

Round #365, bits (15461), UDF1 (-15461)
bits posts blind: 10
UDF1 posts blind: 20
bits received [3c Jh]
UDF1 received [6s Jd]
bits calls
UDF1 checks
Flop [As 2c 3h], bits (20), UDF1 (20)
UDF1 bids 99
bits bids 38
UDF1 won the auction and was revealed [3c]
Flop [As 2c 3h], bits (20), UDF1 (58)
UDF1 checks
bits checks
Turn [As 2c 3h 9h], bits (20), UDF1 (58)
UDF1 checks
bits checks
River [As 2c 3h 9h 8c], bits (20), UDF1 (58)
UDF1 checks
bits checks
bits shows [3c Jh]
UDF1 shows [6s Jd]
bits awarded 58
UDF1 awarded -58

Round #366, UDF1 (-15519), bits (15519)
UDF1 posts blind: 10
bits posts blind: 20
UDF1 received [3c Ad]
bits received [Jc Kh]
UDF1 calls
bits checks
Flop [7c 2h 8h], UDF1 (20), bits (20)
bits bids 25
UDF1 bids 82
UDF1 won the auction and was revealed [Jc]
Flop [7c 2h 8h], UDF1 (45), bits (20)
bits checks
UDF1 checks
Turn [7c 2h 8h 7s], UDF1 (45), bits (20)
bits checks
UDF1 bets 31
bits calls
River [7c 2h 8h 7s 3d], UDF1 (76), bits (51)
bits checks
UDF1 bets 87
bits folds
UDF1 awarded 51
bits awarded -51

Round #367, bits (15468), UDF1 (-15468)
bits posts blind: 10
UDF1 posts blind: 20
bits received [Th 9s]
UDF1 received [Jc Jh]
bits calls
UDF1 raises to 3908
bits folds
bits awarded -20
UDF1 awarded 20

Round #368, UDF1 (-15448), bits (15448)
UDF1 posts blind: 10
bits posts blind: 20
UDF1 received [8d 3c]
bits received [Td 5h]
UDF1 calls
bits checks
Flop [3d Kc 9c], UDF1 (20), bits (20)
bits bids 16
UDF1 bids 96
UDF1 won the auction and was revealed [Td]
Flop [3d Kc 9c], UDF1 (36), bits (20)
bits checks
UDF1 bets 25
bits folds
UDF1 awarded 20
bits awarded -20

Round #369, bits (15428), UDF1 (-15428)
bits posts blind: 10
UDF1 posts blind: 20
bits received [6d Th]
UDF1 received [2h 8s]
bits calls
UDF1 checks
Flop [3h 2d As], bits (20), UDF1 (20)
UDF1 bids 93
bits bids 15
UDF1 won the auction and was revealed [6d]
Flop [3h 2d As], bits (20), UDF1 (35)
UDF1 bets 20
bits folds
bits awarded -20
UDF1 awarded 20

Round #370, UDF1 (-15408), bits (15408)
UDF1 posts blind: 10
bits posts blind: 20
UDF1 received [2h 6c]
bits received [9s 5c]
UDF1 calls
bits checks
Flop [7c 6d 3c], UDF1 (20), bits (20)
bits bids 22
UDF1 bids 95
UDF1 won the auction and was revealed [9s]
Flop [7c 6d 3c], UDF1 (42), bits (20)
bits checks
UDF1 bets 22
bits calls
Turn [7c 6d 3c 5s], UDF1 (64), bits (42)
bits checks
UDF1 checks
River [7c 6d 3c 5s 2c], UDF1 (64), bits (42)
bits checks
UDF1 bets 78
bits calls
UDF1 shows [2h 6c]
bits shows [9s 5c]
UDF1 awarded 120
bits awarded -120

Round #371, bits (15288), UDF1 (-15288)
bits posts blind: 10
UDF1 posts blind: 20
bits received [3d Th]
UDF1 received [Qs Qc]
bits calls
UDF1 raises to 3908
bits folds
bits awarded -20
UDF1 awarded 20

Round #372, UDF1 (-15268), bits (15268)
UDF1 posts blind: 10
bits posts blind: 20
UDF1 received [3h 8c]
bits received [Jd 8s]
UDF1 calls
bits checks
Flop [9d Ah 2s], UDF1 (20), bits (20)
bits bids 22
UDF1 bids 79
UDF1 won the auction and was revealed [Jd]
Flop [9d Ah 2s], UDF1 (42), bits (20)
bits checks
UDF1 checks
Turn [9d Ah 2s Kh], UDF1 (42), bits (20)
bits checks
UDF1 checks
River [9d Ah 2s Kh Ks], UDF1 (42), bits (20)
bits checks
UDF1 checks
UDF1 shows [3h 8c]
bits shows [Jd 8s]
UDF1 awarded -42
bits awarded 42

Round #373, bits (15310), UDF1 (-15310)
bits posts blind: 10
UDF1 posts blind: 20
bits received [As Tc]
UDF1 received [2d 3d]
bits raises to 60
UDF1 folds
bits awarded 20
UDF1 awarded -20

Round #374, UDF1 (-15330), bits (15330)
UDF1 posts blind: 10
bits posts blind: 20
UDF1 received [Jh 8c]
bits received [6s Th]
UDF1 calls
bits checks
Flop [Td Kc Jd], UDF1 (20), bits (20)
bits bids 35
UDF1 bids 99
UDF1 won the auction and was revealed [6s]
Flop [Td Kc Jd], UDF1 (55), bits (20)
bits checks
UDF1 bets 44
bits calls
Turn [Td Kc Jd 3h], UDF1 (99), bits (64)
bits checks
UDF1 bets 106
bits calls
River [Td Kc Jd 3h 7s], UDF1 (205), bits (170)
bits checks
UDF1 bets 282
bits calls
UDF1 shows [Jh 8c]
bits shows [6s Th]
UDF1 awarded 452
bits awarded -452

Round #375, bits (14878), UDF1 (-14878)
bits posts blind: 10
UDF1 posts blind: 20
bits received [8d 3c]
UDF1 received [Qs Ad]
bits calls
UDF1 raises to 3728
bits folds
bits awarded -20
UDF1 awarded 20

Round #376, UDF1 (-14858), bits (14858)
UDF1 posts blind: 10
bits posts blind: 20
UDF1 received [Jc Kc]
bits received [6c Ah]
UDF1 raises to 3217
bits folds
UDF1 awarded 20
bits awarded -20

Round #377, bits (14838), UDF1 (-14838)
bits posts blind: 10
UDF1 posts blind: 20
bits received [4c Ts]
UDF1 received [Js 9d]
bits calls
UDF1 raises to 882
bits folds
bits awarded -20
UDF1 awarded 20

Round #378, UDF1 (-14818), bits (14818)
UDF1 posts blind: 10
bits posts blind: 20
UDF1 received [Qc Jh]
bits received [8h Ad]
UDF1 raises to 1951
bits folds
UDF1 awarded 20
bits awarded -20

Round #379, bits (14798), UDF1 (-14798)
bits posts blind: 10
UDF1 posts blind: 20
bits received [9d 8s]
UDF1 received [Ah Qh]
bits calls
UDF1 raises to 3908
bits folds
bits awarded -20
UDF1 awarded 20

Round #380, UDF1 (-14778), bits (14778)
UDF1 posts blind: 10
bits posts blind: 20
UDF1 received [Kc 7d]
bits received [2s Td]
UDF1 calls
bits checks
Flop [Tc 9s 3s], UDF1 (20), bits (20)
bits bids 43
UDF1 bids 93
UDF1 won the auction and was revealed [2s]
Flop [Tc 9s 3s], UDF1 (63), bits (20)
bits bets 41
UDF1 calls
Turn [Tc 9s 3s 7c], UDF1 (104), bits (61)
bits bets 82
UDF1 raises to 164
bits calls
River [Tc 9s 3s 7c 8s], UDF1 (268), bits (225)
bits checks
UDF1 checks
UDF1 shows [Kc 7d]
bits shows [2s Td]
UDF1 awarded -268
bits awarded 268

Round #381, bits (15046), UDF1 (-15046)
bits posts blind: 10
UDF1 posts blind: 20
bits received [9h Qh]
UDF1 received [8s 5h]
bits calls
UDF1 checks
Flop [Ks 4c 6d], bits (20), UDF1 (20)
UDF1 bids 82
bits bids 25
UDF1 won the auction and was revealed [9h]
Flop [Ks 4c 6d], bits (20), UDF1 (45)
UDF1 checks
bits checks
Turn [Ks 4c 6d 2c], bits (20), UDF1 (45)
UDF1 checks
bits checks
River [Ks 4c 6d 2c Kd], bits (20), UDF1 (45)
UDF1 checks
bits checks
bits shows [9h Qh]
UDF1 shows [8s 5h]
bits awarded 45
UDF1 awarded -45

Round #382, UDF1 (-15091), bits (15091)
UDF1 posts blind: 10
bits posts blind: 20
UDF1 received [4d 4h]
bits received [Kh 3s]
UDF1 raises to 2012
bits folds
UDF1 awarded 20
bits awarded -20

Round #383, bits (15071), UDF1 (-15071)
bits posts blind: 10
UDF1 posts blind: 20
bits received [Js 6s]
UDF1 received [As 8s]
bits calls
UDF1 raises to 1894
bits folds
bits awarded -20
UDF1 awarded 20

Round #384, UDF1 (-15051), bits (15051)
UDF1 posts blind: 10
bits posts blind: 20
UDF1 received [3c 8d]
bits received [2s Kd]
UDF1 calls
bits checks
Flop [9s 6d Ac], UDF1 (20), bits (20)
bits bids 25
UDF1 bids 79
UDF1 won the auction and was revealed [Kd]
Flop [9s 6d Ac], UDF1 (45), bits (20)
bits checks
UDF1 checks
Turn [9s 6d Ac Kh], UDF1 (45), bits (20)
bits bets 32
UDF1 folds
UDF1 awarded -45
bits awarded 45

Round #385, bits (15096), UDF1 (-15096)
bits posts blind: 10
UDF1 posts blind: 20
bits received [3h Qs]
UDF1 received [Th 8h]
bits calls
UDF1 checks
Flop [6s Tc 5d], bits (20), UDF1 (20)
UDF1 bids 84
bits bids 23
UDF1 won the auction and was revealed [3h]
Flop [6s Tc 5d], bits (20), UDF1 (43)
UDF1 bets 38
bits folds
bits awarded -20
UDF1 awarded 20

Round #386, UDF1 (-15076), bits (15076)
UDF1 posts blind: 10
bits posts blind: 20
UDF1 received [8c Td]
bits received [9d Qs]
UDF1 calls
bits checks
Flop [Jh Tc 6s], UDF1 (20), bits (20)
bits bids 31
UDF1 bids 83
UDF1 won the auction and was revealed [Qs]
Flop [Jh Tc 6s], UDF1 (51), bits (20)
bits checks
UDF1 bets 33
bits calls
Turn [Jh Tc 6s 5d], UDF1 (84), bits (53)
bits checks
UDF1 bets 85
bits folds
UDF1 awarded 53
bits awarded -53

Round #387, bits (15023), UDF1 (-15023)
bits posts blind: 10
UDF1 posts blind: 20
bits received [8h Kh]
UDF1 received [2d 4d]
bits calls
UDF1 checks
Flop [2c 3s 8s], bits (20), UDF1 (20)
UDF1 bids 104
bits bids 44
UDF1 won the auction and was revealed [8h]
Flop [2c 3s 8s], bits (20), UDF1 (64)
UDF1 checks
bits bets 42
UDF1 folds
bits awarded 64
UDF1 awarded -64

Round #388, UDF1 (-15087), bits (15087)
UDF1 posts blind: 10
bits posts blind: 20
UDF1 received [9c 8d]
bits received [3c 2h]
UDF1 calls
bits checks
Flop [2d Jh 9s], UDF1 (20), bits (20)
bits bids 30
UDF1 bids 80
UDF1 won the auction and was revealed [3c]
Flop [2d Jh 9s], UDF1 (50), bits (20)
bits checks
UDF1 bets 46
bits calls
Turn [2d Jh 9s 5s], UDF1 (96), bits (66)
bits checks
UDF1 bets 95
bits calls
River [2d Jh 9s 5s Ad], UDF1 (191), bits (161)
bits checks
UDF1 bets 267
bits folds
UDF1 awarded 161
bits awarded -161

Round #389, bits (14926), UDF1 (-14926)
bits posts blind: 10
UDF1 posts blind: 20
bits received [8d 9c]
UDF1 received [Kh Ah]
bits calls
UDF1 raises to 3908
bits folds
bits awarded -20
UDF1 awarded 20

Round #390, UDF1 (-14906), bits (14906)
UDF1 posts blind: 10
bits posts blind: 20
UDF1 received [Ad 5d]
bits received [Ac 3h]
UDF1 raises to 1804
bits folds
UDF1 awarded 20
bits awarded -20

Round #391, bits (14886), UDF1 (-14886)
bits posts blind: 10
UDF1 posts blind: 20
bits received [7d Kh]
UDF1 received [2s As]
bits calls
UDF1 raises to 1817
bits folds
bits awarded -20
UDF1 awarded 20

Round #392, UDF1 (-14866), bits (14866)
UDF1 posts blind: 10
bits posts blind: 20
UDF1 received [Kc 6c]
bits received [Jh 2c]
UDF1 calls
bits checks
Flop [8h Jc 8s], UDF1 (20), bits (20)
bits bids 43
UDF1 bids 91
UDF1 won the auction and was revealed [Jh]
Flop [8h Jc 8s], UDF1 (63), bits (20)
bits bets 41
UDF1 folds
UDF1 awarded -63
bits awarded 63

Round #393, bits (14929), UDF1 (-14929)
bits posts blind: 10
UDF1 posts blind: 20
bits received [Ad 8c]
UDF1 received [Ac Ah]
bits calls
UDF1 raises to 3740
bits folds
bits awarded -20
UDF1 awarded 20

Round #394, UDF1 (-14909), bits (14909)
UDF1 posts blind: 10
bits posts blind: 20
UDF1 received [2h 8h]
bits received [7h Qd]
UDF1 calls
bits checks
Flop [Th 2s Kc], UDF1 (20), bits (20)
bits bids 26
UDF1 bids 88
UDF1 won the auction and was revealed [7h]
Flop [Th 2s Kc], UDF1 (46), bits (20)
bits checks
UDF1 bets 31
bits calls
Turn [Th 2s Kc Ks], UDF1 (77), bits (51)
bits checks
UDF1 bets 54
bits folds
UDF1 awarded 51
bits awarded -51

Round #395, bits (14858), UDF1 (-14858)
bits posts blind: 10
UDF1 posts blind: 20
bits received [Td 8c]
UDF1 received [Kh 8h]
bits calls
UDF1 checks
Flop [Qd Ah 6h], bits (20), UDF1 (20)
UDF1 bids 99
bits bids 20
UDF1 won the auction and was revealed [8c]
Flop [Qd Ah 6h], bits (20), UDF1 (40)
UDF1 bets 33
bits folds
bits awarded -20
UDF1 awarded 20

Round #396, UDF1 (-14838), bits (14838)
UDF1 posts blind: 10
bits posts blind: 20
UDF1 received [6h 2h]
bits received [2s Kc]
UDF1 raises to 803
bits folds
UDF1 awarded 20
bits awarded -20

Round #397, bits (14818), UDF1 (-14818)
bits posts blind: 10
UDF1 posts blind: 20
bits received [Js 8h]
UDF1 received [Qd 6h]
bits calls
UDF1 checks
Flop [Kc Kd 7d], bits (20), UDF1 (20)
UDF1 bids 93
bits bids 24
UDF1 won the auction and was revealed [Js]
Flop [Kc Kd 7d], bits (20), UDF1 (44)
UDF1 bets 29
bits calls
Turn [Kc Kd 7d 2c], bits (49), UDF1 (73)
UDF1 bets 50
bits calls
River [Kc Kd 7d 2c Jc], bits (99), UDF1 (123)
UDF1 checks
bits bets 111
UDF1 folds
bits awarded 123
UDF1 awarded -123

Round #398, UDF1 (-14941), bits (14941)
UDF1 posts blind: 10
bits posts blind: 20
UDF1 received [5c 2c]
bits received [9d 6d]
UDF1 calls
bits checks
Flop [Jc Td Tc], UDF1 (20), bits (20)
bits bids 18
UDF1 bids 93
UDF1 won the auction and was revealed [6d]
Flop [Jc Td Tc], UDF1 (38), bits (20)
bits checks
UDF1 checks
Turn [Jc Td Tc 3c], UDF1 (38), bits (20)
bits checks
UDF1 bets 38
bits folds
UDF1 awarded 20
bits awarded -20

Round #399, bits (14921), UDF1 (-14921)
bits posts blind: 10
UDF1 posts blind: 20
bits received [Th 5s]
UDF1 received [Kc 6h]
bits calls
UDF1 checks
Flop [5h 8d 9s], bits (20), UDF1 (20)
UDF1 bids 84
bits bids 37
UDF1 won the auction and was revealed [5s]
Flop [5h 8d 9s], bits (20), UDF1 (57)
UDF1 checks
bits checks
Turn [5h 8d 9s 9d], bits (20), UDF1 (57)
UDF1 checks
bits checks
River [5h 8d 9s 9d Jd], bits (20), UDF1 (57)
UDF1 checks
bits checks
bits shows [Th 5s]
UDF1 shows [Kc 6h]
bits awarded 57
UDF1 awarded -57

Round #400, UDF1 (-14978), bits (14978)
UDF1 posts blind: 10
bits posts blind: 20
UDF1 received [Td Kc]
bits received [Qd 5s]
UDF1 calls
bits checks
Flop [9d 5c 2d], UDF1 (20), bits (20)
bits bids 37
UDF1 bids 82
UDF1 won the auction and was revealed [Qd]
Flop [9d 5c 2d], UDF1 (57), bits (20)
bits bets 38
UDF1 calls
Turn [9d 5c 2d Th], UDF1 (95), bits (58)
bits checks
UDF1 bets 87
bits calls
River [9d 5c 2d Th 8s], UDF1 (182), bits (145)
bits checks
UDF1 bets 224
bits calls
UDF1 shows [Td Kc]
bits shows [Qd 5s]
UDF1 awarded 369
bits awarded -369

Round #401, bits (14609), UDF1 (-14609)
bits posts blind: 10
UDF1 posts blind: 20
bits received [2h Ah]
UDF1 received [3h 8h]
bits calls
UDF1 checks
Flop [Kd 7c 9c], bits (20), UDF1 (20)
UDF1 bids 100
bits bids 28
UDF1 won the auction and was revealed [2h]
Flop [Kd 7c 9c], bits (20), UDF1 (48)
UDF1 checks
bits checks
Turn [Kd 7c 9c Js], bits (20), UDF1 (48)
UDF1 checks
bits checks
River [Kd 7c 9c Js 4s], bits (20), UDF1 (48)
UDF1 checks
bits checks
bits shows [2h Ah]
UDF1 shows [3h 8h]
bits awarded 48
UDF1 awarded -48

Round #402, UDF1 (-14657), bits (14657)
UDF1 posts blind: 10
bits posts blind: 20
UDF1 received [Ks 9c]
bits received [6h Tc]
UDF1 calls
bits checks
Flop [5h 9h 8c], UDF1 (20), bits (20)
bits bids 19
UDF1 bids 77
UDF1 won the auction and was revealed [Tc]
Flop [5h 9h 8c], UDF1 (39), bits (20)
bits checks
UDF1 bets 28
bits folds
UDF1 awarded 20
bits awarded -20

Round #403, bits (14637), UDF1 (-14637)
bits posts blind: 10
UDF1 posts blind: 20
bits received [3s 2s]
UDF1 received [9s Js]
bits calls
UDF1 checks
Flop [Ks 3c 7d], bits (20), UDF1 (20)
UDF1 bids 89
bits bids 32
UDF1 won the auction and was revealed [3s]
Flop [Ks 3c 7d], bits (20), UDF1 (52)
UDF1 checks
bits checks
Turn [Ks 3c 7d 3h], bits (20), UDF1 (52)
UDF1 checks
bits bets 36
UDF1 folds
bits awarded 52
UDF1 awarded -52

Round #404, UDF1 (-14689), bits (14689)
UDF1 posts blind: 10
bits posts blind: 20
UDF1 received [Td Ks]
bits received [7c Th]
UDF1 calls
bits checks
Flop [8h Tc 4s], UDF1 (20), bits (20)
bits bids 45
UDF1 bids 86
UDF1 won the auction and was revealed [7c]
Flop [8h Tc 4s], UDF1 (65), bits (20)
bits bets 42
UDF1 raises to 84
bits calls
Turn [8h Tc 4s Jh], UDF1 (149), bits (104)
bits checks
UDF1 bets 145
bits calls
River [8h Tc 4s Jh Ah], UDF1 (294), bits (249)
bits checks
UDF1 bets 396
bits calls
UDF1 shows [Td Ks]
bits shows [7c Th]
UDF1 awarded 645
bits awarded -645

Round #405, bits (14044), UDF1 (-14044)
bits posts blind: 10
UDF1 posts blind: 20
bits received [6c 7d]
UDF1 received [Qd 8s]
bits calls
UDF1 checks
Flop [Qh Kh 3d], bits (20), UDF1 (20)
UDF1 bids 97
bits bids 14
UDF1 won the auction and was revealed [7d]
Flop [Qh Kh 3d], bits (20), UDF1 (34)
UDF1 bets 31
bits folds
bits awarded -20
UDF1 awarded 20

Round #406, UDF1 (-14024), bits (14024)
UDF1 posts blind: 10
bits posts blind: 20
UDF1 received [Kc 7d]
bits received [8d 4c]
UDF1 calls
bits checks
Flop [Ks 9s Th], UDF1 (20), bits (20)
bits bids 12
UDF1 bids 83
UDF1 won the auction and was revealed [8d]
Flop [Ks 9s Th], UDF1 (32), bits (20)
bits checks
UDF1 bets 30
bits folds
UDF1 awarded 20
bits awarded -20

Round #407, bits (14004), UDF1 (-14004)
bits posts blind: 10
UDF1 posts blind: 20
bits received [Jh 4d]
UDF1 received [5c 3d]
bits calls
UDF1 checks
Flop [8c 2s 8s], bits (20), UDF1 (20)
UDF1 bids 93
bits bids 20
UDF1 won the auction and was revealed [4d]
Flop [8c 2s 8s], bits (20), UDF1 (40)
UDF1 checks
bits checks
Turn [8c 2s 8s Kh], bits (20), UDF1 (40)
UDF1 checks
bits checks
River [8c 2s 8s Kh 3c], bits (20), UDF1 (40)
UDF1 bets 44
bits folds
bits awarded -20
UDF1 awarded 20

Round #408, UDF1 (-13984), bits (13984)
UDF1 posts blind: 10
bits posts blind: 20
UDF1 received [3s 9c]
bits received [Ad 6d]
UDF1 calls
bits checks
Flop [Jc 3c 2s], UDF1 (20), bits (20)
bits bids 27
UDF1 bids 82
UDF1 won the auction and was revealed [Ad]
Flop [Jc 3c 2s], UDF1 (47), bits (20)
bits checks
UDF1 bets 25
bits calls
Turn [Jc 3c 2s Qs], UDF1 (72), bits (45)
bits checks
UDF1 bets 50
bits calls
River [Jc 3c 2s Qs Th], UDF1 (122), bits (95)
bits checks
UDF1 bets 84
bits folds
UDF1 awarded 95
bits awarded -95

Round #409, bits (13889), UDF1 (-13889)
bits posts blind: 10
UDF1 posts blind: 20
bits received [6h 7c]
UDF1 received [Ts 8d]
bits calls
UDF1 checks
Flop [4d 6c 5s], bits (20), UDF1 (20)
UDF1 bids 92
bits bids 45
UDF1 won the auction and was revealed [7c]
Flop [4d 6c 5s], bits (20), UDF1 (65)
UDF1 checks
bits bets 42
UDF1 folds
bits awarded 65
UDF1 awarded -65

Round #410, UDF1 (-13954), bits (13954)
UDF1 posts blind: 10
bits posts blind: 20
UDF1 received [5s Js]
bits received [2d 2h]
UDF1 calls
bits checks
Flop [4h Kh 6d], UDF1 (20), bits (20)
bits bids 29
UDF1 bids 88
UDF1 won the auction and was revealed [2h]
Flop [4h Kh 6d], UDF1 (49), bits (20)
bits checks
UDF1 checks
Turn [4h Kh 6d 2s], UDF1 (49), bits (20)
bits bets 34
UDF1 folds
UDF1 awarded -49
bits awarded 49

Round #411, bits (14003), UDF1 (-14003)
bits posts blind: 10
UDF1 posts blind: 20
bits received [Th 8c]
UDF1 received [Qd As]
bits calls
UDF1 raises to 3684
bits folds
bits awarded -20
UDF1 awarded 20

Round #412, UDF1 (-13983), bits (13983)
UDF1 posts blind: 10
bits posts blind: 20
UDF1 received [2d Td]
bits received [8s Qs]
UDF1 calls
bits checks
Flop [5c 8h 4s], UDF1 (20), bits (20)
bits bids 41
UDF1 bids 97
UDF1 won the auction and was revealed [8s]
Flop [5c 8h 4s], UDF1 (61), bits (20)
bits bets 40
UDF1 folds
UDF1 awarded -61
bits awarded 61

Round #413, bits (14044), UDF1 (-14044)
bits posts blind: 10
UDF1 posts blind: 20
bits received [3h As]
UDF1 received [5c 8d]
bits calls
UDF1 checks
Flop [8c 8h Ts], bits (20), UDF1 (20)
UDF1 bids 77
bits bids 33
UDF1 won the auction and was revealed [3h]
Flop [8c 8h Ts], bits (20), UDF1 (53)
UDF1 bets 44
bits calls
Turn [8c 8h Ts Ah], bits (64), UDF1 (97)
UDF1 bets 100
bits calls
River [8c 8h Ts Ah Kc], bits (164), UDF1 (197)
UDF1 bets 254
bits calls
bits shows [3h As]
UDF1 shows [5c 8d]
bits awarded -418
UDF1 awarded 418

Round #414, UDF1 (-13626), bits (13626)
UDF1 posts blind: 10
bits posts blind: 20
UDF1 received [Qh 8c]
bits received [4s Kd]
UDF1 calls
bits checks
Flop [3d Qs 6d], UDF1 (20), bits (20)
bits bids 27
UDF1 bids 74
UDF1 won the auction and was revealed [Kd]
Flop [3d Qs 6d], UDF1 (47), bits (20)
bits checks
UDF1 bets 29
bits calls
Turn [3d Qs 6d 5d], UDF1 (76), bits (49)
bits checks
UDF1 checks
River [3d Qs 6d 5d 4c], UDF1 (76), bits (49)
bits checks
UDF1 bets 57
bits folds
UDF1 awarded 49
bits awarded -49

Round #415, bits (13577), UDF1 (-13577)
bits posts blind: 10
UDF1 posts blind: 20
bits received [Jc 8s]
UDF1 received [Qc 8d]
bits calls
UDF1 raises to 898
bits folds
bits awarded -20
UDF1 awarded 20

Round #416, UDF1 (-13557), bits (13557)
UDF1 posts blind: 10
bits posts blind: 20
UDF1 received [4d 2c]
bits received [Jd Td]
UDF1 calls
bits checks
Flop [8h 6s 5s], UDF1 (20), bits (20)
bits bids 19
UDF1 bids 89
UDF1 won the auction and was revealed [Jd]
Flop [8h 6s 5s], UDF1 (39), bits (20)
bits checks
UDF1 checks
Turn [8h 6s 5s 7c], UDF1 (39), bits (20)
bits checks
UDF1 bets 38
bits folds
UDF1 awarded 20
bits awarded -20

Round #417, bits (13537), UDF1 (-13537)
bits posts blind: 10
UDF1 posts blind: 20
bits received [9d 2d]
UDF1 received [5s Js]
bits calls
UDF1 checks
Flop [Qs 8s 2h], bits (20), UDF1 (20)
UDF1 bids 95
bits bids 28
UDF1 won the auction and was revealed [2d]
Flop [Qs 8s 2h], bits (20), UDF1 (48)
UDF1 checks
bits checks
Turn [Qs 8s 2h Ks], bits (20), UDF1 (48)
UDF1 bets 45
bits calls
River [Qs 8s 2h Ks 8d], bits (65), UDF1 (93)
UDF1 bets 110
bits calls
bits shows [9d 2d]
UDF1 shows [5s Js]
bits awarded -175
UDF1 awarded 175

Round #418, UDF1 (-13362), bits (13362)
UDF1 posts blind: 10
bits posts blind: 20
UDF1 received [2d Js]
bits received [Td 8d]
UDF1 calls
bits checks
Flop [Qc Kh Ts], UDF1 (20), bits (20)
bits bids 38
UDF1 bids 87
UDF1 won the auction and was revealed [Td]
Flop [Qc Kh Ts], UDF1 (58), bits (20)
bits checks
UDF1 checks
Turn [Qc Kh Ts 9d], UDF1 (58), bits (20)
bits checks
UDF1 bets 47
bits calls
River [Qc Kh Ts 9d 8c], UDF1 (105), bits (67)
bits bets 86
UDF1 raises to 244
bits calls
UDF1 shows [2d Js]
bits shows [Td 8d]
UDF1 awarded 311
bits awarded -311

Round #419, bits (13051), UDF1 (-13051)
bits posts blind: 10
UDF1 posts blind: 20
bits received [8s 2h]
UDF1 received [Js Jd]
bits calls
UDF1 raises to 3908
bits folds
bits awarded -20
UDF1 awarded 20

Round #420, UDF1 (-13031), bits (13031)
UDF1 posts blind: 10
bits posts blind: 20
UDF1 received [Ac 6h]
bits received [Kh Qs]
UDF1 calls
bits checks
Flop [3c Ks 2s], UDF1 (20), bits (20)
bits bids 50
UDF1 bids 90
UDF1 won the auction and was revealed [Qs]
Flop [3c Ks 2s], UDF1 (70), bits (20)
bits bets 45
UDF1 calls
Turn [3c Ks 2s 9h], UDF1 (115), bits (65)
bits bets 90
UDF1 calls
River [3c Ks 2s 9h 7d], UDF1 (205), bits (155)
bits bets 180
UDF1 calls
UDF1 shows [Ac 6h]
bits shows [Kh Qs]
UDF1 awarded -385
bits awarded 385

Round #421, bits (13416), UDF1 (-13416)
bits posts blind: 10
UDF1 posts blind: 20
bits received [8d 3h]
UDF1 received [Qd 2s]
bits calls
UDF1 checks
Flop [Kc 9c Tc], bits (20), UDF1 (20)
UDF1 bids 79
bits bids 15
UDF1 won the auction and was revealed [8d]
Flop [Kc 9c Tc], bits (20), UDF1 (35)
UDF1 bets 20
bits folds
bits awarded -20
UDF1 awarded 20

Round #422, UDF1 (-13396), bits (13396)
UDF1 posts blind: 10
bits posts blind: 20
UDF1 received [4s Td]
bits received [Qh 8h]
UDF1 calls
bits checks
Flop [8d Qs 6c], UDF1 (20), bits (20)
bits bids 4980
UDF1 bids 92
bits won the auction and was revealed [Td]
Flop [8d Qs 6c], UDF1 (20), bits (112)
bits bets 66
UDF1 folds
UDF1 awarded -20
bits awarded 20

Round #423, bits (13416), UDF1 (-13416)
bits posts blind: 10
UDF1 posts blind: 20
bits received [As 5d]
UDF1 received [3s 2s]
bits calls
UDF1 checks
Flop [Qs Jh 3d], bits (20), UDF1 (20)
UDF1 bids 98
bits bids 28
UDF1 won the auction and was revealed [5d]
Flop [Qs Jh 3d], bits (20), UDF1 (48)
UDF1 bets 32
bits calls
Turn [Qs Jh 3d 6s], bits (52), UDF1 (80)
UDF1 bets 84
bits folds
bits awarded -52
UDF1 awarded 52

Round #424, UDF1 (-13364), bits (13364)
UDF1 posts blind: 10
bits posts blind: 20
UDF1 received [Ts Jd]
bits received [8h Ac]
UDF1 raises to 2120
bits folds
UDF1 awarded 20
bits awarded -20

Round #425, bits (13344), UDF1 (-13344)
bits posts blind: 10
UDF1 posts blind: 20
bits received [Kc 7d]
UDF1 received [Jh 3s]
bits calls
UDF1 checks
Flop [2c Kh Ad], bits (20), UDF1 (20)
UDF1 bids 97
bits bids 48
UDF1 won the auction and was revealed [Kc]
Flop [2c Kh Ad], bits (20), UDF1 (68)
UDF1 checks
bits bets 44
UDF1 folds
bits awarded 68
UDF1 awarded -68

Round #426, UDF1 (-13412), bits (13412)
UDF1 posts blind: 10
bits posts blind: 20
UDF1 received [8d Ac]
bits received [Ah Qh]
UDF1 calls
bits raises to 80
UDF1 folds
UDF1 awarded -20
bits awarded 20

Round #427, bits (13432), UDF1 (-13432)
bits posts blind: 10
UDF1 posts blind: 20
bits received [6c As]
UDF1 received [7c Jd]
bits calls
UDF1 checks
Flop [3c Js 8d], bits (20), UDF1 (20)
UDF1 bids 91
bits bids 25
UDF1 won the auction and was revealed [As]
Flop [3c Js 8d], bits (20), UDF1 (45)
UDF1 bets 26
bits calls
Turn [3c Js 8d 9c], bits (46), UDF1 (71)
UDF1 bets 64
bits folds
bits awarded -46
UDF1 awarded 46

Round #428, UDF1 (-13386), bits (13386)
UDF1 posts blind: 10
bits posts blind: 20
UDF1 received [Js 7h]
bits received [Kh 5c]
UDF1 calls
bits checks
Flop [6d Ks Kc], UDF1 (20), bits (20)
bits bids 4980
UDF1 bids 92
bits won the auction and was revealed [Js]
Flop [6d Ks Kc], UDF1 (20), bits (112)
bits bets 165
UDF1 folds
UDF1 awarded -20
bits awarded 20

Round #429, bits (13406), UDF1 (-13406)
bits posts blind: 10
UDF1 posts blind: 20
bits received [6h Th]
UDF1 received [Jh Ks]
bits calls
UDF1 checks
Flop [5h Td Kh], bits (20), UDF1 (20)
UDF1 bids 80
bits bids 48
UDF1 won the auction and was revealed [Th]
Flop [5h Td Kh], bits (20), UDF1 (68)
UDF1 bets 43
bits calls
Turn [5h Td Kh 6s], bits (63), UDF1 (111)
UDF1 bets 73
bits calls
River [5h Td Kh 6s Qs], bits (136), UDF1 (184)
UDF1 bets 230
bits calls
bits shows [6h Th]
UDF1 shows [Jh Ks]
bits awarded 414
UDF1 awarded -414

Round #430, UDF1 (-13820), bits (13820)
UDF1 posts blind: 10
bits posts blind: 20
UDF1 received [3d 5h]
bits received [8h Ah]
UDF1 calls
bits checks
Flop [Kc Qh 3s], UDF1 (20), bits (20)
bits bids 29
UDF1 bids 89
UDF1 won the auction and was revealed [8h]
Flop [Kc Qh 3s], UDF1 (49), bits (20)
bits checks
UDF1 bets 32
bits calls
Turn [Kc Qh 3s 5d], UDF1 (81), bits (52)
bits checks
UDF1 bets 88
bits calls
River [Kc Qh 3s 5d Tc], UDF1 (169), bits (140)
bits checks
UDF1 bets 235
bits folds
UDF1 awarded 140
bits awarded -140

Round #431, bits (13680), UDF1 (-13680)
bits posts blind: 10
UDF1 posts blind: 20
bits received [4c Qh]
UDF1 received [8d Jd]
bits calls
UDF1 checks
Flop [2c Ac 4d], bits (20), UDF1 (20)
UDF1 bids 99
bits bids 39
UDF1 won the auction and was revealed [Qh]
Flop [2c Ac 4d], bits (20), UDF1 (59)
UDF1 checks
bits checks
Turn [2c Ac 4d 2s], bits (20), UDF1 (59)
UDF1 checks
bits checks
River [2c Ac 4d 2s Ks], bits (20), UDF1 (59)
UDF1 checks
bits checks
bits shows [4c Qh]
UDF1 shows [8d Jd]
bits awarded 59
UDF1 awarded -59

Round #432, UDF1 (-13739), bits (13739)
UDF1 posts blind: 10
bits posts blind: 20
UDF1 received [4h Ks]
bits received [4s 6h]
UDF1 calls
bits checks
Flop [3c 8c 6s], UDF1 (20), bits (20)
bits bids 38
UDF1 bids 101
UDF1 won the auction and was revealed [4s]
Flop [3c 8c 6s], UDF1 (58), bits (20)
bits checks
UDF1 checks
Turn [3c 8c 6s 7d], UDF1 (58), bits (20)
bits checks
UDF1 checks
River [3c 8c 6s 7d 6c], UDF1 (58), bits (20)
bits bets 39
UDF1 calls
UDF1 shows [4h Ks]
bits shows [4s 6h]
UDF1 awarded -97
bits awarded 97

Round #433, bits (13836), UDF1 (-13836)
bits posts blind: 10
UDF1 posts blind: 20
bits received [Kh Jh]
UDF1 received [9c 3c]
bits raises to 60
UDF1 folds
bits awarded 20
UDF1 awarded -20

Round #434, UDF1 (-13856), bits (13856)
UDF1 posts blind: 10
bits posts blind: 20
UDF1 received [6h Kh]
bits received [2s Ks]
UDF1 calls
bits checks
Flop [3d 6s 7s], UDF1 (20), bits (20)
bits bids 31
UDF1 bids 94
UDF1 won the auction and was revealed [Ks]
Flop [3d 6s 7s], UDF1 (51), bits (20)
bits checks
UDF1 bets 36
bits calls
Turn [3d 6s 7s 3h], UDF1 (87), bits (56)
bits checks
UDF1 bets 85
bits calls
River [3d 6s 7s 3h Kc], UDF1 (172), bits (141)
bits bets 156
UDF1 raises to 411
bits calls
UDF1 shows [6h Kh]
bits shows [2s Ks]
UDF1 awarded 552
bits awarded -552

Round #435, bits (13304), UDF1 (-13304)
bits posts blind: 10
UDF1 posts blind: 20
bits received [Kc Ts]
UDF1 received [4h 6d]
bits calls
UDF1 checks
Flop [9c 2d Kd], bits (20), UDF1 (20)
UDF1 bids 91
bits bids 50
UDF1 won the auction and was revealed [Kc]
Flop [9c 2d Kd], bits (20), UDF1 (70)
UDF1 checks
bits bets 45
UDF1 folds
bits awarded 70
UDF1 awarded -70

Round #436, UDF1 (-13374), bits (13374)
UDF1 posts blind: 10
bits posts blind: 20
UDF1 received [9s As]
bits received [5s 3c]
UDF1 calls
bits checks
Flop [Td 5d 4c], UDF1 (20), bits (20)
bits bids 33
UDF1 bids 77
UDF1 won the auction and was revealed [5s]
Flop [Td 5d 4c], UDF1 (53), bits (20)
bits bets 36
UDF1 folds
UDF1 awarded -53
bits awarded 53

Round #437, bits (13427), UDF1 (-13427)
bits posts blind: 10
UDF1 posts blind: 20
bits received [3d 4c]
UDF1 received [Ah 4s]
bits calls
UDF1 checks
Flop [8s Tc Jc], bits (20), UDF1 (20)
UDF1 bids 89
bits bids 11
UDF1 won the auction and was revealed [3d]
Flop [8s Tc Jc], bits (20), UDF1 (31)
UDF1 bets 20
bits folds
bits awarded -20
UDF1 awarded 20

Round #438, UDF1 (-13407), bits (13407)
UDF1 posts blind: 10
bits posts blind: 20
UDF1 received [Qd 2s]
bits received [Jd Ac]
UDF1 raises to 1126
bits folds
UDF1 awarded 20
bits awarded -20

Round #439, bits (13387), UDF1 (-13387)
bits posts blind: 10
UDF1 posts blind: 20
bits received [2c 6h]
UDF1 received [8d Kh]
bits calls
UDF1 checks
Flop [Kd 5s Kc], bits (20), UDF1 (20)
UDF1 bids 83
bits bids 14
UDF1 won the auction and was revealed [2c]
Flop [Kd 5s Kc], bits (20), UDF1 (34)
UDF1 bets 34
bits folds
bits awarded -20
UDF1 awarded 20

Round #440, UDF1 (-13367), bits (13367)
UDF1 posts blind: 10
bits posts blind: 20
UDF1 received [6c 9h]
bits received [Td 6h]
UDF1 calls
bits checks
Flop [4s 2h Qc], UDF1 (20), bits (20)
bits bids 19
UDF1 bids 92
UDF1 won the auction and was revealed [6h]
Flop [4s 2h Qc], UDF1 (39), bits (20)
bits checks
UDF1 checks
Turn [4s 2h Qc 5s], UDF1 (39), bits (20)
bits checks
UDF1 checks
River [4s 2h Qc 5s 8d], UDF1 (39), bits (20)
bits checks
UDF1 checks
UDF1 shows [6c 9h]
bits shows [Td 6h]
UDF1 awarded -39
bits awarded 39

Round #441, bits (13406), UDF1 (-13406)
bits posts blind: 10
UDF1 posts blind: 20
bits received [9s 6h]
UDF1 received [7h Ts]
bits calls
UDF1 checks
Flop [8c 9c Qd], bits (20), UDF1 (20)
UDF1 bids 81
bits bids 43
UDF1 won the auction and was revealed [6h]
Flop [8c 9c Qd], bits (20), UDF1 (63)
UDF1 bets 34
bits calls
Turn [8c 9c Qd 4h], bits (54), UDF1 (97)
UDF1 checks
bits bets 75
UDF1 folds
bits awarded 97
UDF1 awarded -97

Round #442, UDF1 (-13503), bits (13503)
UDF1 posts blind: 10
bits posts blind: 20
UDF1 received [7d Qh]
bits received [6d Js]
UDF1 calls
bits checks
Flop [3d Kc 6c], UDF1 (20), bits (20)
bits bids 38
UDF1 bids 81
UDF1 won the auction and was revealed [6d]
Flop [3d Kc 6c], UDF1 (58), bits (20)
bits bets 39
UDF1 folds
UDF1 awarded -58
bits awarded 58

Round #443, bits (13561), UDF1 (-13561)
bits posts blind: 10
UDF1 posts blind: 20
bits received [Jc Ad]
UDF1 received [Jh 3c]
bits calls
UDF1 checks
Flop [7c 2s 6s], bits (20), UDF1 (20)
UDF1 bids 98
bits bids 27
UDF1 won the auction and was revealed [Ad]
Flop [7c 2s 6s], bits (20), UDF1 (47)
UDF1 checks
bits checks
Turn [7c 2s 6s 8c], bits (20), UDF1 (47)
UDF1 checks
bits checks
River [7c 2s 6s 8c 5s], bits (20), UDF1 (47)
UDF1 checks
bits checks
bits shows [Jc Ad]
UDF1 shows [Jh 3c]
bits awarded 47
UDF1 awarded -47

Round #444, UDF1 (-13608), bits (13608)
UDF1 posts blind: 10
bits posts blind: 20
UDF1 received [Jc 6s]
bits received [9s Ts]
UDF1 calls
bits checks
Flop [Kc 8c 3h], UDF1 (20), bits (20)
bits bids 21
UDF1 bids 93
UDF1 won the auction and was revealed [Ts]
Flop [Kc 8c 3h], UDF1 (41), bits (20)
bits checks
UDF1 bets 24
bits calls
Turn [Kc 8c 3h 8d], UDF1 (65), bits (44)
bits checks
UDF1 checks
River [Kc 8c 3h 8d 9h], UDF1 (65), bits (44)
bits bets 54
UDF1 folds
UDF1 awarded -65
bits awarded 65

Round #445, bits (13673), UDF1 (-13673)
bits posts blind: 10
UDF1 posts blind: 20
bits received [2d Qh]
UDF1 received [9h Tc]
bits calls
UDF1 checks
Flop [6c Kh Jd], bits (20), UDF1 (20)
UDF1 bids 79
bits bids 23
UDF1 won the auction and was revealed [2d]
Flop [6c Kh Jd], bits (20), UDF1 (43)
UDF1 bets 28
bits folds
bits awarded -20
UDF1 awarded 20

Round #446, UDF1 (-13653), bits (13653)
UDF1 posts blind: 10
bits posts blind: 20
UDF1 received [4h 6h]
bits received [Ad Ks]
UDF1 calls
bits raises to 80
UDF1 folds
UDF1 awarded -20
bits awarded 20

Round #447, bits (13673), UDF1 (-13673)
bits posts blind: 10
UDF1 posts blind: 20
bits received [9d 4h]
UDF1 received [8d 5h]
bits calls
UDF1 checks
Flop [8c Ks 2s], bits (20), UDF1 (20)
UDF1 bids 92
bits bids 12
UDF1 won the auction and was revealed [4h]
Flop [8c Ks 2s], bits (20), UDF1 (32)
UDF1 bets 30
bits folds
bits awarded -20
UDF1 awarded 20

Round #448, UDF1 (-13653), bits (13653)
UDF1 posts blind: 10
bits posts blind: 20
UDF1 received [Tc 6h]
bits received [3c 3d]
UDF1 calls
bits checks
Flop [8c Qd Kh], UDF1 (20), bits (20)
bits bids 28
UDF1 bids 75
UDF1 won the auction and was revealed [3c]
Flop [8c Qd Kh], UDF1 (48), bits (20)
bits checks
UDF1 checks
Turn [8c Qd Kh Jc], UDF1 (48), bits (20)
bits checks
UDF1 bets 28
bits calls
River [8c Qd Kh Jc 5c], UDF1 (76), bits (48)
bits checks
UDF1 checks
UDF1 shows [Tc 6h]
bits shows [3c 3d]
UDF1 awarded -76
bits awarded 76

Round #449, bits (13729), UDF1 (-13729)
bits posts blind: 10
UDF1 posts blind: 20
bits received [3c 4c]
UDF1 received [4h 5c]
bits calls
UDF1 checks
Flop [Kd 6c Qc], bits (20), UDF1 (20)
UDF1 bids 80
bits bids 28
UDF1 won the auction and was revealed [4c]
Flop [Kd 6c Qc], bits (20), UDF1 (48)
UDF1 checks
bits checks
Turn [Kd 6c Qc 6s], bits (20), UDF1 (48)
UDF1 checks
bits checks
River [Kd 6c Qc 6s 9c], bits (20), UDF1 (48)
UDF1 checks
bits bets 34
UDF1 folds
bits awarded 48
UDF1 awarded -48

Round #450, UDF1 (-13777), bits (13777)
UDF1 posts blind: 10
bits posts blind: 20
UDF1 received [Jd 3s]
bits received [6d Qs]
UDF1 calls
bits checks
Flop [6c Th Ad], UDF1 (20), bits (20)
bits bids 42
UDF1 bids 83
UDF1 won the auction and was revealed [6d]
Flop [6c Th Ad], UDF1 (62), bits (20)
bits checks
UDF1 checks
Turn [6c Th Ad Td], UDF1 (62), bits (20)
bits checks
UDF1 checks
River [6c Th Ad Td Ts], UDF1 (62), bits (20)
bits bets 41
UDF1 folds
UDF1 awarded -62
bits awarded 62

Round #451, bits (13839), UDF1 (-13839)
bits posts blind: 10
UDF1 posts blind: 20
bits received [9d 2h]
UDF1 received [9s 8d]
bits calls
UDF1 checks
Flop [6d Th Jc], bits (20), UDF1 (20)
UDF1 bids 93
bits bids 14
UDF1 won the auction and was revealed [9d]
Flop [6d Th Jc], bits (20), UDF1 (34)
UDF1 checks
bits checks
Turn [6d Th Jc 5c], bits (20), UDF1 (34)
UDF1 checks
bits checks
River [6d Th Jc 5c Kh], bits (20), UDF1 (34)
UDF1 checks
bits checks
bits shows [9d 2h]
UDF1 shows [9s 8d]
bits awarded -20
UDF1 awarded 20

Round #452, UDF1 (-13819), bits (13819)
UDF1 posts blind: 10
bits posts blind: 20
UDF1 received [7s Ks]
bits received [Kh 3s]
UDF1 calls
bits checks
Flop [8d 4s Kc], UDF1 (20), bits (20)
bits bids 4980
UDF1 bids 79
bits won the auction and was revealed [7s]
Flop [8d 4s Kc], UDF1 (20), bits (99)
bits bets 59
UDF1 raises to 118
bits calls
Turn [8d 4s Kc Jc], UDF1 (138), bits (217)
bits bets 177
UDF1 raises to 478
bits calls
River [8d 4s Kc Jc 5d], UDF1 (616), bits (695)
bits checks
UDF1 bets 942
bits calls
UDF1 shows [7s Ks]
bits shows [Kh 3s]
UDF1 awarded 1637
bits awarded -1637

Round #453, bits (12182), UDF1 (-12182)
bits posts blind: 10
UDF1 posts blind: 20
bits received [3c 9d]
UDF1 received [Ks 6d]
bits calls
UDF1 checks
Flop [Jd 7s Kd], bits (20), UDF1 (20)
UDF1 bids 79
bits bids 17
UDF1 won the auction and was revealed [3c]
Flop [Jd 7s Kd], bits (20), UDF1 (37)
UDF1 bets 33
bits folds
bits awarded -20
UDF1 awarded 20

Round #454, UDF1 (-12162), bits (12162)
UDF1 posts blind: 10
bits posts blind: 20
UDF1 received [Th Ts]
bits received [Qh 6s]
UDF1 raises to 3784
bits folds
UDF1 awarded 20
bits awarded -20

Round #455, bits (12142), UDF1 (-12142)
bits posts blind: 10
UDF1 posts blind: 20
bits received [4c 7s]
UDF1 received [Ah Kh]
bits calls
UDF1 raises to 3908
bits folds
bits awarded -20
UDF1 awarded 20

Round #456, UDF1 (-12122), bits (12122)
UDF1 posts blind: 10
bits posts blind: 20
UDF1 received [Jc 4c]
bits received [Ks Tc]
UDF1 calls
bits checks
Flop [Kh 9s 8s], UDF1 (20), bits (20)
bits bids 46
UDF1 bids 84
UDF1 won the auction and was revealed [Tc]
Flop [Kh 9s 8s], UDF1 (66), bits (20)
bits bets 43
UDF1 calls
Turn [Kh 9s 8s 4h], UDF1 (109), bits (63)
bits bets 86
UDF1 raises to 172
bits calls
River [Kh 9s 8s 4h Td], UDF1 (281), bits (235)
bits bets 258
UDF1 folds
UDF1 awarded -281
bits awarded 281

Round #457, bits (12403), UDF1 (-12403)
bits posts blind: 10
UDF1 posts blind: 20
bits received [2h Tc]
UDF1 received [2d Jc]
bits calls
UDF1 checks
Flop [Kc Qh Ad], bits (20), UDF1 (20)
UDF1 bids 78
bits bids 23
UDF1 won the auction and was revealed [2h]
Flop [Kc Qh Ad], bits (20), UDF1 (43)
UDF1 bets 30
bits folds
bits awarded -20
UDF1 awarded 20

Round #458, UDF1 (-12383), bits (12383)
UDF1 posts blind: 10
bits posts blind: 20
UDF1 received [Td 2d]
bits received [Jh 4c]
UDF1 calls
bits checks
Flop [6d Th 5h], UDF1 (20), bits (20)
bits bids 22
UDF1 bids 79
UDF1 won the auction and was revealed [Jh]
Flop [6d Th 5h], UDF1 (42), bits (20)
bits checks
UDF1 bets 28
bits folds
UDF1 awarded 20
bits awarded -20

Round #459, bits (12363), UDF1 (-12363)
bits posts blind: 10
UDF1 posts blind: 20
bits received [2s 3c]
UDF1 received [Ah As]
bits calls
UDF1 raises to 3908
bits folds
bits awarded -20
UDF1 awarded 20

Round #460, UDF1 (-12343), bits (12343)
UDF1 posts blind: 10
bits posts blind: 20
UDF1 received [Tc 2c]
bits received [3d Jd]
UDF1 calls
bits checks
Flop [4h Kc Ac], UDF1 (20), bits (20)
bits bids 25
UDF1 bids 98
UDF1 won the auction and was revealed [Jd]
Flop [4h Kc Ac], UDF1 (45), bits (20)
bits checks
UDF1 checks
Turn [4h Kc Ac 3h], UDF1 (45), bits (20)
bits checks
UDF1 checks
River [4h Kc Ac 3h 8c], UDF1 (45), bits (20)
bits checks
UDF1 bets 49
bits calls
UDF1 shows [Tc 2c]
bits shows [3d Jd]
UDF1 awarded 69
bits awarded -69

Round #461, bits (12274), UDF1 (-12274)
bits posts blind: 10
UDF1 posts blind: 20
bits received [5d 6s]
UDF1 received [Ks 9s]
bits calls
UDF1 checks
Flop [9h 5h 4s], bits (20), UDF1 (20)
UDF1 bids 94
bits bids 35
UDF1 won the auction and was revealed [6s]
Flop [9h 5h 4s], bits (20), UDF1 (55)
UDF1 bets 43
bits calls
Turn [9h 5h 4s 9d], bits (63), UDF1 (98)
UDF1 bets 101
bits calls
River [9h 5h 4s 9d 7h], bits (164), UDF1 (199)
UDF1 bets 274
bits calls
bits shows [5d 6s]
UDF1 shows [Ks 9s]
bits awarded -438
UDF1 awarded 438

Round #462, UDF1 (-11836), bits (11836)
UDF1 posts blind: 10
bits posts blind: 20
UDF1 received [Ad Ts]
bits received [5d Ks]
UDF1 raises to 1708
bits folds
UDF1 awarded 20
bits awarded -20

Round #463, bits (11816), UDF1 (-11816)
bits posts blind: 10
UDF1 posts blind: 20
bits received [Qd 9s]
UDF1 received [Kd 8c]
bits calls
UDF1 checks
Flop [Ts 9h Js], bits (20), UDF1 (20)
UDF1 bids 77
bits bids 41
UDF1 won the auction and was revealed [Qd]
Flop [Ts 9h Js], bits (20), UDF1 (61)
UDF1 checks
bits bets 40
UDF1 calls
Turn [Ts 9h Js 5c], bits (60), UDF1 (101)
UDF1 bets 44
bits calls
River [Ts 9h Js 5c 9c], bits (104), UDF1 (145)
UDF1 checks
bits bets 124
UDF1 folds
bits awarded 145
UDF1 awarded -145

Round #464, UDF1 (-11961), bits (11961)
UDF1 posts blind: 10
bits posts blind: 20
UDF1 received [7c 9c]
bits received [7h Td]
UDF1 calls
bits checks
Flop [9s Qc Kh], UDF1 (20), bits (20)
bits bids 25
UDF1 bids 99
UDF1 won the auction and was revealed [Td]
Flop [9s Qc Kh], UDF1 (45), bits (20)
bits checks
UDF1 checks
Turn [9s Qc Kh Ac], UDF1 (45), bits (20)
bits checks
UDF1 bets 27
bits folds
UDF1 awarded 20
bits awarded -20

Round #465, bits (11941), UDF1 (-11941)
bits posts blind: 10
UDF1 posts blind: 20
bits received [Jc Ad]
UDF1 received [2c Jd]
bits calls
UDF1 checks
Flop [Ks Qs 9s], bits (20), UDF1 (20)
UDF1 bids 98
bits bids 27
UDF1 won the auction and was revealed [Jc]
Flop [Ks Qs 9s], bits (20), UDF1 (47)
UDF1 checks
bits checks
Turn [Ks Qs 9s 6s], bits (20), UDF1 (47)
UDF1 checks
bits checks
River [Ks Qs 9s 6s Qd], bits (20), UDF1 (47)
UDF1 checks
bits checks
bits shows [Jc Ad]
UDF1 shows [2c Jd]
bits awarded 47
UDF1 awarded -47

Round #466, UDF1 (-11988), bits (11988)
UDF1 posts blind: 10
bits posts blind: 20
UDF1 received [Kh 5h]
bits received [7s 8h]
UDF1 raises to 1283
bits folds
UDF1 awarded 20
bits awarded -20

Round #467, bits (11968), UDF1 (-11968)
bits posts blind: 10
UDF1 posts blind: 20
bits received [Jc 9c]
UDF1 received [6h 3h]
bits calls
UDF1 checks
Flop [4d 8c As], bits (20), UDF1 (20)
UDF1 bids 90
bits bids 24
UDF1 won the auction and was revealed [Jc]
Flop [4d 8c As], bits (20), UDF1 (44)
UDF1 checks
bits checks
Turn [4d 8c As 4s], bits (20), UDF1 (44)
UDF1 checks
bits checks
River [4d 8c As 4s Jd], bits (20), UDF1 (44)
UDF1 checks
bits bets 32
UDF1 folds
bits awarded 44
UDF1 awarded -44

Round #468, UDF1 (-12012), bits (12012)
UDF1 posts blind: 10
bits posts blind: 20
UDF1 received [Qh Kh]
bits received [Ks 3h]
UDF1 raises to 3267
bits folds
UDF1 awarded 20
bits awarded -20

Round #469, bits (11992), UDF1 (-11992)
bits posts blind: 10
UDF1 posts blind: 20
bits received [7h Ts]
UDF1 received [3c Jh]
bits calls
UDF1 checks
Flop [8s 4c 4h], bits (20), UDF1 (20)
UDF1 bids 89
bits bids 21
UDF1 won the auction and was revealed [Ts]
Flop [8s 4c 4h], bits (20), UDF1 (41)
UDF1 checks
bits checks
Turn [8s 4c 4h 5s], bits (20), UDF1 (41)
UDF1 checks
bits checks
River [8s 4c 4h 5s 2d], bits (20), UDF1 (41)
UDF1 checks
bits checks
bits shows [7h Ts]
UDF1 shows [3c Jh]
bits awarded -20
UDF1 awarded 20

Round #470, UDF1 (-11972), bits (11972)
UDF1 posts blind: 10
bits posts blind: 20
UDF1 received [Td 8d]
bits received [6s 8s]
UDF1 calls
bits checks
Flop [9c 9d 6d], UDF1 (20), bits (20)
bits bids 39
UDF1 bids 76
UDF1 won the auction and was revealed [6s]
Flop [9c 9d 6d], UDF1 (59), bits (20)
bits bets 39
UDF1 calls
Turn [9c 9d 6d Th], UDF1 (98), bits (59)
bits checks
UDF1 bets 90
bits calls
River [9c 9d 6d Th 2d], UDF1 (188), bits (149)
bits checks
UDF1 bets 247
bits calls
UDF1 shows [Td 8d]
bits shows [6s 8s]
UDF1 awarded 396
bits awarded -396

Round #471, bits (11576), UDF1 (-11576)
bits posts blind: 10
UDF1 posts blind: 20
bits received [5c Jd]
UDF1 received [8d 6c]
bits calls
UDF1 checks
Flop [6d Kd Td], bits (20), UDF1 (20)
UDF1 bids 81
bits bids 33
UDF1 won the auction and was revealed [5c]
Flop [6d Kd Td], bits (20), UDF1 (53)
UDF1 bets 40
bits calls
Turn [6d Kd Td Ac], bits (60), UDF1 (93)
UDF1 bets 89
bits folds
bits awarded -60
UDF1 awarded 60

Round #472, UDF1 (-11516), bits (11516)
UDF1 posts blind: 10
bits posts blind: 20
UDF1 received [Kc Kd]
bits received [2s 7h]
UDF1 raises to 3720
bits folds
UDF1 awarded 20
bits awarded -20

Round #473, bits (11496), UDF1 (-11496)
bits posts blind: 10
UDF1 posts blind: 20
bits received [6s Qc]
UDF1 received [Th 9s]
bits calls
UDF1 raises to 1949
bits folds
bits awarded -20
UDF1 awarded 20

Round #474, UDF1 (-11476), bits (11476)
UDF1 posts blind: 10
bits posts blind: 20
UDF1 received [5d 8h]
bits received [7s Qs]
UDF1 calls
bits checks
Flop [4s 8s 5h], UDF1 (20), bits (20)
bits bids 36
UDF1 bids 88
UDF1 won the auction and was revealed [Qs]
Flop [4s 8s 5h], UDF1 (56), bits (20)
bits bets 38
UDF1 raises to 76
bits calls
Turn [4s 8s 5h Td], UDF1 (132), bits (96)
bits checks
UDF1 bets 138
bits calls
River [4s 8s 5h Td Kh], UDF1 (270), bits (234)
bits checks
UDF1 bets 388
bits folds
UDF1 awarded 234
bits awarded -234

Round #475, bits (11242), UDF1 (-11242)
bits posts blind: 10
UDF1 posts blind: 20
bits received [Js 7c]
UDF1 received [9s Ks]
bits calls
UDF1 checks
Flop [3s 5s Qd], bits (20), UDF1 (20)
UDF1 bids 80
bits bids 21
UDF1 won the auction and was revealed [Js]
Flop [3s 5s Qd], bits (20), UDF1 (41)
UDF1 bets 25
bits folds
bits awarded -20
UDF1 awarded 20

Round #476, UDF1 (-11222), bits (11222)
UDF1 posts blind: 10
bits posts blind: 20
UDF1 received [3h Tc]
bits received [Js Jh]
UDF1 calls
bits raises to 80
UDF1 folds
UDF1 awarded -20
bits awarded 20

Round #477, bits (11242), UDF1 (-11242)
bits posts blind: 10
UDF1 posts blind: 20
bits received [Js 2s]
UDF1 received [5h As]
bits calls
UDF1 checks
Flop [4s 6h Kh], bits (20), UDF1 (20)
UDF1 bids 100
bits bids 18
UDF1 won the auction and was revealed [2s]
Flop [4s 6h Kh], bits (20), UDF1 (38)
UDF1 bets 23
bits calls
Turn [4s 6h Kh 2d], bits (43), UDF1 (61)
UDF1 checks
bits checks
River [4s 6h Kh 2d 9d], bits (43), UDF1 (61)
UDF1 checks
bits checks
bits shows [Js 2s]
UDF1 shows [5h As]
bits awarded 61
UDF1 awarded -61

Round #478, UDF1 (-11303), bits (11303)
UDF1 posts blind: 10
bits posts blind: 20
UDF1 received [Kd 8d]
bits received [Ks 3c]
UDF1 calls
bits checks
Flop [Td 6h 5s], UDF1 (20), bits (20)
bits bids 23
UDF1 bids 94
UDF1 won the auction and was revealed [Ks]
Flop [Td 6h 5s], UDF1 (43), bits (20)
bits checks
UDF1 checks
Turn [Td 6h 5s 4c], UDF1 (43), bits (20)
bits checks
UDF1 checks
River [Td 6h 5s 4c 8s], UDF1 (43), bits (20)
bits checks
UDF1 bets 41
bits folds
UDF1 awarded 20
bits awarded -20

Round #479, bits (11283), UDF1 (-11283)
bits posts blind: 10
UDF1 posts blind: 20
bits received [Kd 5s]
UDF1 received [Ks 6d]
bits calls
UDF1 checks
Flop [9d Th 9c], bits (20), UDF1 (20)
UDF1 bids 85
bits bids 27
UDF1 won the auction and was revealed [Kd]
Flop [9d Th 9c], bits (20), UDF1 (47)
UDF1 checks
bits checks
Turn [9d Th 9c 3h], bits (20), UDF1 (47)
UDF1 checks
bits checks
River [9d Th 9c 3h Tc], bits (20), UDF1 (47)
UDF1 checks
bits checks
bits shows [Kd 5s]
UDF1 shows [Ks 6d]
bits awarded 13
UDF1 awarded -13

Round #480, UDF1 (-11296), bits (11296)
UDF1 posts blind: 10
bits posts blind: 20
UDF1 received [Jd 4h]
bits received [3c 2d]
UDF1 calls
bits checks
Flop [7h Jc 8h], UDF1 (20), bits (20)
bits bids 10
UDF1 bids 78
UDF1 won the auction and was revealed [3c]
Flop [7h Jc 8h], UDF1 (30), bits (20)
bits checks
UDF1 bets 30
bits folds
UDF1 awarded 20
bits awarded -20

Round #481, bits (11276), UDF1 (-11276)
bits posts blind: 10
UDF1 posts blind: 20
bits received [7s Js]
UDF1 received [2h Ac]
bits calls
UDF1 checks
Flop [Jc 9h 4d], bits (20), UDF1 (20)
UDF1 bids 89
bits bids 47
UDF1 won the auction and was revealed [Js]
Flop [Jc 9h 4d], bits (20), UDF1 (67)
UDF1 checks
bits bets 43
UDF1 folds
bits awarded 67
UDF1 awarded -67

Round #482, UDF1 (-11343), bits (11343)
UDF1 posts blind: 10
bits posts blind: 20
UDF1 received [7s 9d]
bits received [6s Td]
UDF1 raises to 1195
bits folds
UDF1 awarded 20
bits awarded -20

Round #483, bits (11323), UDF1 (-11323)
bits posts blind: 10
UDF1 posts blind: 20
bits received [9d 5s]
UDF1 received [Kc 9s]
bits calls
UDF1 checks
Flop [8c 3h 8h], bits (20), UDF1 (20)
UDF1 bids 80
bits bids 17
UDF1 won the auction and was revealed [9d]
Flop [8c 3h 8h], bits (20), UDF1 (37)
UDF1 bets 26
bits folds
bits awarded -20
UDF1 awarded 20

Round #484, UDF1 (-11303), bits (11303)
UDF1 posts blind: 10
bits posts blind: 20
UDF1 received [5c Qd]
bits received [Jd 2s]
UDF1 calls
bits checks
Flop [Js Ad 6c], UDF1 (20), bits (20)
bits bids 41
UDF1 bids 89
UDF1 won the auction and was revealed [Jd]
Flop [Js Ad 6c], UDF1 (61), bits (20)
bits bets 40
UDF1 folds
UDF1 awarded -61
bits awarded 61

Round #485, bits (11364), UDF1 (-11364)
bits posts blind: 10
UDF1 posts blind: 20
bits received [Kh Jc]
UDF1 received [Ks 3s]
bits calls
UDF1 checks
Flop [7c 6h Kc], bits (20), UDF1 (20)
UDF1 bids 101
bits bids 49
UDF1 won the auction and was revealed [Jc]
Flop [7c 6h Kc], bits (20), UDF1 (69)
UDF1 bets 48
bits calls
Turn [7c 6h Kc 4d], bits (68), UDF1 (117)
UDF1 bets 123
bits calls
River [7c 6h Kc 4d Td], bits (191), UDF1 (240)
UDF1 bets 318
bits calls
bits shows [Kh Jc]
UDF1 shows [Ks 3s]
bits awarded 558
UDF1 awarded -558

Round #486, UDF1 (-11922), bits (11922)
UDF1 posts blind: 10
bits posts blind: 20
UDF1 received [2s Jc]
bits received [6s 8d]
UDF1 calls
bits checks
Flop [4c 9c Qd], UDF1 (20), bits (20)
bits bids 15
UDF1 bids 96
UDF1 won the auction and was revealed [8d]
Flop [4c 9c Qd], UDF1 (35), bits (20)
bits checks
UDF1 checks
Turn [4c 9c Qd 6d], UDF1 (35), bits (20)
bits checks
UDF1 checks
River [4c 9c Qd 6d Kc], UDF1 (35), bits (20)
bits checks
UDF1 checks
UDF1 shows [2s Jc]
bits shows [6s 8d]
UDF1 awarded -35
bits awarded 35

Round #487, bits (11957), UDF1 (-11957)
bits posts blind: 10
UDF1 posts blind: 20
bits received [2c 4d]
UDF1 received [Js Tc]
bits calls
UDF1 checks
Flop [5d 8h 6c], bits (20), UDF1 (20)
UDF1 bids 74
bits bids 16
UDF1 won the auction and was revealed [4d]
Flop [5d 8h 6c], bits (20), UDF1 (36)
UDF1 checks
bits checks
Turn [5d 8h 6c 5h], bits (20), UDF1 (36)
UDF1 checks
bits checks
River [5d 8h 6c 5h Kc], bits (20), UDF1 (36)
UDF1 checks
bits checks
bits shows [2c 4d]
UDF1 shows [Js Tc]
bits awarded -20
UDF1 awarded 20

Round #488, UDF1 (-11937), bits (11937)
UDF1 posts blind: 10
bits posts blind: 20
UDF1 received [9s Ts]
bits received [7h 3h]
UDF1 calls
bits checks
Flop [Js 5c Kc], UDF1 (20), bits (20)
bits bids 13
UDF1 bids 94
UDF1 won the auction and was revealed [7h]
Flop [Js 5c Kc], UDF1 (33), bits (20)
bits checks
UDF1 bets 21
bits folds
UDF1 awarded 20
bits awarded -20

Round #489, bits (11917), UDF1 (-11917)
bits posts blind: 10
UDF1 posts blind: 20
bits received [6d Qd]
UDF1 received [7h 6c]
bits calls
UDF1 checks
Flop [3c 8d 4d], bits (20), UDF1 (20)
UDF1 bids 92
bits bids 34
UDF1 won the auction and was revealed [6d]
Flop [3c 8d 4d], bits (20), UDF1 (54)
UDF1 checks
bits checks
Turn [3c 8d 4d Jh], bits (20), UDF1 (54)
UDF1 checks
bits checks
River [3c 8d 4d Jh 2h], bits (20), UDF1 (54)
UDF1 checks
bits checks
bits shows [6d Qd]
UDF1 shows [7h 6c]
bits awarded 54
UDF1 awarded -54

Round #490, UDF1 (-11971), bits (11971)
UDF1 posts blind: 10
bits posts blind: 20
UDF1 received [7d Kc]
bits received [2h Jd]
UDF1 calls
bits checks
Flop [6s 3c Ks], UDF1 (20), bits (20)
bits bids 18
UDF1 bids 75
UDF1 won the auction and was revealed [2h]
Flop [6s 3c Ks], UDF1 (38), bits (20)
bits checks
UDF1 bets 36
bits folds
UDF1 awarded 20
bits awarded -20

Round #491, bits (11951), UDF1 (-11951)
bits posts blind: 10
UDF1 posts blind: 20
bits received [Th 5s]
UDF1 received [4h 8s]
bits calls
UDF1 checks
Flop [3s Tc 8d], bits (20), UDF1 (20)
UDF1 bids 86
bits bids 43
UDF1 won the auction and was revealed [5s]
Flop [3s Tc 8d], bits (20), UDF1 (63)
UDF1 bets 55
bits calls
Turn [3s Tc 8d 6s], bits (75), UDF1 (118)
UDF1 bets 121
bits calls
River [3s Tc 8d 6s Ts], bits (196), UDF1 (239)
UDF1 bets 298
bits calls
bits shows [Th 5s]
UDF1 shows [4h 8s]
bits awarded 537
UDF1 awarded -537

Round #492, UDF1 (-12488), bits (12488)
UDF1 posts blind: 10
bits posts blind: 20
UDF1 received [Ts 9h]
bits received [6h 9s]
UDF1 calls
bits checks
Flop [7h 6s 4s], UDF1 (20), bits (20)
bits bids 36
UDF1 bids 80
UDF1 won the auction and was revealed [6h]
Flop [7h 6s 4s], UDF1 (56), bits (20)
bits bets 38
UDF1 calls
Turn [7h 6s 4s 2h], UDF1 (94), bits (58)
bits bets 76
UDF1 folds
UDF1 awarded -94
bits awarded 94

Round #493, bits (12582), UDF1 (-12582)
bits posts blind: 10
UDF1 posts blind: 20
bits received [9c 5c]
UDF1 received [7c 2h]
bits calls
UDF1 checks
Flop [8s Qh 2c], bits (20), UDF1 (20)
UDF1 bids 83
bits bids 19
UDF1 won the auction and was revealed [9c]
Flop [8s Qh 2c], bits (20), UDF1 (39)
UDF1 bets 26
bits folds
bits awarded -20
UDF1 awarded 20

Round #494, UDF1 (-12562), bits (12562)
UDF1 posts blind: 10
bits posts blind: 20
UDF1 received [5c 6d]
bits received [Td 7s]
UDF1 calls
bits checks
Flop [5d 2h 9s], UDF1 (20), bits (20)
bits bids 18
UDF1 bids 76
UDF1 won the auction and was revealed [Td]
Flop [5d 2h 9s], UDF1 (38), bits (20)
bits checks
UDF1 bets 24
bits folds
UDF1 awarded 20
bits awarded -20

Round #495, bits (12542), UDF1 (-12542)
bits posts blind: 10
UDF1 posts blind: 20
bits received [7s 2s]
UDF1 received [Kc Tc]
bits calls
UDF1 raises to 2085
bits folds
bits awarded -20
UDF1 awarded 20

Round #496, UDF1 (-12522), bits (12522)
UDF1 posts blind: 10
bits posts blind: 20
UDF1 received [Ks 5c]
bits received [Jh 9s]
UDF1 calls
bits checks
Flop [Tc Qc 4s], UDF1 (20), bits (20)
bits bids 34
UDF1 bids 86
UDF1 won the auction and was revealed [9s]
Flop [Tc Qc 4s], UDF1 (54), bits (20)
bits checks
UDF1 bets 25
bits calls
Turn [Tc Qc 4s Jd], UDF1 (79), bits (45)
bits bets 62
UDF1 folds
UDF1 awarded -79
bits awarded 79

Round #497, bits (12601), UDF1 (-12601)
bits posts blind: 10
UDF1 posts blind: 20
bits received [3s 9h]
UDF1 received [7c Td]
bits calls
UDF1 checks
Flop [Js Qd 9d], bits (20), UDF1 (20)
UDF1 bids 102
bits bids 32
UDF1 won the auction and was revealed [3s]
Flop [Js Qd 9d], bits (20), UDF1 (52)
UDF1 bets 30
bits calls
Turn [Js Qd 9d 5s], bits (50), UDF1 (82)
UDF1 checks
bits checks
River [Js Qd 9d 5s Ks], bits (50), UDF1 (82)
UDF1 bets 94
bits folds
bits awarded -50
UDF1 awarded 50

Round #498, UDF1 (-12551), bits (12551)
UDF1 posts blind: 10
bits posts blind: 20
UDF1 received [Ac 7s]
bits received [Qc Kh]
UDF1 calls
bits checks
Flop [7c Qh 4h], UDF1 (20), bits (20)
bits bids 48
UDF1 bids 102
UDF1 won the auction and was revealed [Qc]
Flop [7c Qh 4h], UDF1 (68), bits (20)
bits bets 44
UDF1 folds
UDF1 awarded -68
bits awarded 68

Round #499, bits (12619), UDF1 (-12619)
bits posts blind: 10
UDF1 posts blind: 20
bits received [5d 8c]
UDF1 received [4h Ad]
bits calls
UDF1 checks
Flop [7d Qs Kc], bits (20), UDF1 (20)
UDF1 bids 88
bits bids 14
UDF1 won the auction and was revealed [5d]
Flop [7d Qs Kc], bits (20), UDF1 (34)
UDF1 bets 22
bits folds
bits awarded -20
UDF1 awarded 20

Round #500, UDF1 (-12599), bits (12599)
UDF1 posts blind: 10
bits posts blind: 20
UDF1 received [9s 5d]
bits received [5s 6h]
UDF1 calls
bits checks
Flop [3h Ac 7s], UDF1 (20), bits (20)
bits bids 20
UDF1 bids 83
UDF1 won the auction and was revealed [6h]
Flop [3h Ac 7s], UDF1 (40), bits (20)
bits checks
UDF1 checks
Turn [3h Ac 7s 2s], UDF1 (40), bits (20)
bits checks
UDF1 checks
River [3h Ac 7s 2s 9d], UDF1 (40), bits (20)
bits checks
UDF1 bets 42
bits folds
UDF1 awarded 20
bits awarded -20

Round #501, bits (12579), UDF1 (-12579)
bits posts blind: 10
UDF1 posts blind: 20
bits received [4h 3d]
UDF1 received [3h Kd]
bits calls
UDF1 checks
Flop [Js 5d 9d], bits (20), UDF1 (20)
UDF1 bids 93
bits bids 12
UDF1 won the auction and was revealed [4h]
Flop [Js 5d 9d], bits (20), UDF1 (32)
UDF1 checks
bits checks
Turn [Js 5d 9d 2c], bits (20), UDF1 (32)
UDF1 checks
bits checks
River [Js 5d 9d 2c 6d], bits (20), UDF1 (32)
UDF1 checks
bits bets 26
UDF1 folds
bits awarded 32
UDF1 awarded -32

Round #502, UDF1 (-12611), bits (12611)
UDF1 posts blind: 10
bits posts blind: 20
UDF1 received [4c 7h]
bits received [2s Jc]
UDF1 calls
bits checks
Flop [Ah 8h 5s], UDF1 (20), bits (20)
bits bids 17
UDF1 bids 79
UDF1 won the auction and was revealed [2s]
Flop [Ah 8h 5s], UDF1 (37), bits (20)
bits checks
UDF1 checks
Turn [Ah 8h 5s Ks], UDF1 (37), bits (20)
bits checks
UDF1 checks
River [Ah 8h 5s Ks 9d], UDF1 (37), bits (20)
bits checks
UDF1 checks
UDF1 shows [4c 7h]
bits shows [2s Jc]
UDF1 awarded -37
bits awarded 37

Round #503, bits (12648), UDF1 (-12648)
bits posts blind: 10
UDF1 posts blind: 20
bits received [6s Qc]
UDF1 received [3c 9h]
bits calls
UDF1 checks
Flop [Th Qh 7h], bits (20), UDF1 (20)
UDF1 bids 95
bits bids 38
UDF1 won the auction and was revealed [Qc]
Flop [Th Qh 7h], bits (20), UDF1 (58)
UDF1 checks
bits checks
Turn [Th Qh 7h Jc], bits (20), UDF1 (58)
UDF1 checks
bits bets 39
UDF1 folds
bits awarded 58
UDF1 awarded -58

Round #504, UDF1 (-12706), bits (12706)
UDF1 posts blind: 10
bits posts blind: 20
UDF1 received [Tc 6d]
bits received [5d 5c]
UDF1 calls
bits checks
Flop [8s Qh Jc], UDF1 (20), bits (20)
bits bids 27
UDF1 bids 76
UDF1 won the auction and was revealed [5c]
Flop [8s Qh Jc], UDF1 (47), bits (20)
bits checks
UDF1 bets 27
bits calls
Turn [8s Qh Jc Jd], UDF1 (74), bits (47)
bits checks
UDF1 bets 45
bits calls
River [8s Qh Jc Jd Js], UDF1 (119), bits (92)
bits bets 105
UDF1 folds
UDF1 awarded -119
bits awarded 119

Round #505, bits (12825), UDF1 (-12825)
bits posts blind: 10
UDF1 posts blind: 20
bits received [3d 8s]
UDF1 received [5d Tc]
bits calls
UDF1 checks
Flop [6c 7h Ah], bits (20), UDF1 (20)
UDF1 bids 99
bits bids 13
UDF1 won the auction and was revealed [3d]
Flop [6c 7h Ah], bits (20), UDF1 (33)
UDF1 checks
bits checks
Turn [6c 7h Ah 3c], bits (20), UDF1 (33)
UDF1 checks
bits checks
River [6c 7h Ah 3c Ac], bits (20), UDF1 (33)
UDF1 checks
bits checks
bits shows [3d 8s]
UDF1 shows [5d Tc]
bits awarded 33
UDF1 awarded -33

Round #506, UDF1 (-12858), bits (12858)
UDF1 posts blind: 10
bits posts blind: 20
UDF1 received [Ac 3s]
bits received [7h Td]
UDF1 calls
bits checks
Flop [5d 2s 3h], UDF1 (20), bits (20)
bits bids 16
UDF1 bids 93
UDF1 won the auction and was revealed [7h]
Flop [5d 2s 3h], UDF1 (36), bits (20)
bits checks
UDF1 bets 23
bits folds
UDF1 awarded 20
bits awarded -20

Round #507, bits (12838), UDF1 (-12838)
bits posts blind: 10
UDF1 posts blind: 20
bits received [Qc 8d]
UDF1 received [4d 3s]
bits calls
UDF1 checks
Flop [8c Kh Th], bits (20), UDF1 (20)
UDF1 bids 93
bits bids 37
UDF1 won the auction and was revealed [8d]
Flop [8c Kh Th], bits (20), UDF1 (57)
UDF1 checks
bits bets 38
UDF1 folds
bits awarded 57
UDF1 awarded -57

Round #508, UDF1 (-12895), bits (12895)
UDF1 posts blind: 10
bits posts blind: 20
UDF1 received [5h Th]
bits received [2s 2d]
UDF1 calls
bits checks
Flop [8s 7h 5s], UDF1 (20), bits (20)
bits bids 22
UDF1 bids 98
UDF1 won the auction and was revealed [2s]
Flop [8s 7h 5s], UDF1 (42), bits (20)
bits checks
UDF1 bets 28
bits calls
Turn [8s 7h 5s 6d], UDF1 (70), bits (48)
bits checks
UDF1 bets 45
bits folds
UDF1 awarded 48
bits awarded -48

Round #509, bits (12847), UDF1 (-12847)
bits posts blind: 10
UDF1 posts blind: 20
bits received [2s 2c]
UDF1 received [Ks 7c]
bits calls
UDF1 checks
Flop [Ad Jc 4c], bits (20), UDF1 (20)
UDF1 bids 85
bits bids 29
UDF1 won the auction and was revealed [2s]
Flop [Ad Jc 4c], bits (20), UDF1 (49)
UDF1 bets 33
bits calls
Turn [Ad Jc 4c Kh], bits (53), UDF1 (82)
UDF1 bets 84
bits folds
bits awarded -53
UDF1 awarded 53

Round #510, UDF1 (-12794), bits (12794)
UDF1 posts blind: 10
bits posts blind: 20
UDF1 received [2c Ac]
bits received [5c 6d]
UDF1 calls
bits checks
Flop [Kh 8s As], UDF1 (20), bits (20)
bits bids 11
UDF1 bids 98
UDF1 won the auction and was revealed [5c]
Flop [Kh 8s As], UDF1 (31), bits (20)
bits checks
UDF1 bets 35
bits folds
UDF1 awarded 20
bits awarded -20

Round #511, bits (12774), UDF1 (-12774)
bits posts blind: 10
UDF1 posts blind: 20
bits received [Jd Td]
UDF1 received [Kc Js]
bits calls
UDF1 checks
Flop [Ts 9s 7d], bits (20), UDF1 (20)
UDF1 bids 88
bits bids 44
UDF1 won the auction and was revealed [Jd]
Flop [Ts 9s 7d], bits (20), UDF1 (64)
UDF1 bets 40
bits calls
Turn [Ts 9s 7d Jh], bits (60), UDF1 (104)
UDF1 checks
bits bets 82
UDF1 folds
bits awarded 104
UDF1 awarded -104

Round #512, UDF1 (-12878), bits (12878)
UDF1 posts blind: 10
bits posts blind: 20
UDF1 received [6c Kc]
bits received [9h 6h]
UDF1 calls
bits checks
Flop [2d 8h Jc], UDF1 (20), bits (20)
bits bids 21
UDF1 bids 94
UDF1 won the auction and was revealed [9h]
Flop [2d 8h Jc], UDF1 (41), bits (20)
bits checks
UDF1 checks
Turn [2d 8h Jc Ts], UDF1 (41), bits (20)
bits checks
UDF1 checks
River [2d 8h Jc Ts Td], UDF1 (41), bits (20)
bits checks
UDF1 checks
UDF1 shows [6c Kc]
bits shows [9h 6h]
UDF1 awarded 20
bits awarded -20

Round #513, bits (12858), UDF1 (-12858)
bits posts blind: 10
UDF1 posts blind: 20
bits received [3d 5c]
UDF1 received [7h Ah]
bits calls
UDF1 checks
Flop [6c Ts Qc], bits (20), UDF1 (20)
UDF1 bids 94
bits bids 11
UDF1 won the auction and was revealed [3d]
Flop [6c Ts Qc], bits (20), UDF1 (31)
UDF1 bets 25
bits folds
bits awarded -20
UDF1 awarded 20

Round #514, UDF1 (-12838), bits (12838)
UDF1 posts blind: 10
bits posts blind: 20
UDF1 received [Qh Kc]
bits received [6s Ac]
UDF1 raises to 3664
bits folds
UDF1 awarded 20
bits awarded -20

Round #515, bits (12818), UDF1 (-12818)
bits posts blind: 10
UDF1 posts blind: 20
bits received [Jd Js]
UDF1 received [8d 4d]
bits raises to 60
UDF1 folds
bits awarded 20
UDF1 awarded -20

Round #516, UDF1 (-12838), bits (12838)
UDF1 posts blind: 10
bits posts blind: 20
UDF1 received [3c 5s]
bits received [Ad Jh]
UDF1 calls
bits checks
Flop [4d 2h Kd], UDF1 (20), bits (20)
bits bids 31
UDF1 bids 76
UDF1 won the auction and was revealed [Ad]
Flop [4d 2h Kd], UDF1 (51), bits (20)
bits checks
UDF1 checks
Turn [4d 2h Kd Ac], UDF1 (51), bits (20)
bits bets 35
UDF1 raises to 70
bits calls
River [4d 2h Kd Ac 9h], UDF1 (121), bits (90)
bits bets 105
UDF1 raises to 296
bits calls
UDF1 shows [3c 5s]
bits shows [Ad Jh]
UDF1 awarded 386
bits awarded -386

Round #517, bits (12452), UDF1 (-12452)
bits posts blind: 10
UDF1 posts blind: 20
bits received [9c Ts]
UDF1 received [2h Ad]
bits calls
UDF1 checks
Flop [6d 8h 4c], bits (20), UDF1 (20)
UDF1 bids 75
bits bids 22
UDF1 won the auction and was revealed [9c]
Flop [6d 8h 4c], bits (20), UDF1 (42)
UDF1 checks
bits checks
Turn [6d 8h 4c Kc], bits (20), UDF1 (42)
UDF1 checks
bits checks
River [6d 8h 4c Kc 8d], bits (20), UDF1 (42)
UDF1 bets 46
bits folds
bits awarded -20
UDF1 awarded 20

Round #518, UDF1 (-12432), bits (12432)
UDF1 posts blind: 10
bits posts blind: 20
UDF1 received [As 3c]
bits received [7c Ac]
UDF1 calls
bits checks
Flop [Ad Td 2h], UDF1 (20), bits (20)
bits bids 48
UDF1 bids 83
UDF1 won the auction and was revealed [Ac]
Flop [Ad Td 2h], UDF1 (68), bits (20)
bits bets 44
UDF1 folds
UDF1 awarded -68
bits awarded 68

Round #519, bits (12500), UDF1 (-12500)
bits posts blind: 10
UDF1 posts blind: 20
bits received [Tc Ac]
UDF1 received [6d 3h]
bits raises to 60
UDF1 folds
bits awarded 20
UDF1 awarded -20

Round #520, UDF1 (-12520), bits (12520)
UDF1 posts blind: 10
bits posts blind: 20
UDF1 received [Qs 6s]
bits received [7s Jh]
UDF1 calls
bits checks
Flop [8h Qd 8d], UDF1 (20), bits (20)
bits bids 24
UDF1 bids 91
UDF1 won the auction and was revealed [Jh]
Flop [8h Qd 8d], UDF1 (44), bits (20)
bits checks
UDF1 bets 40
bits folds
UDF1 awarded 20
bits awarded -20

Round #521, bits (12500), UDF1 (-12500)
bits posts blind: 10
UDF1 posts blind: 20
bits received [Ts Jc]
UDF1 received [Tc 9h]
bits calls
UDF1 checks
Flop [Ac 5s 9c], bits (20), UDF1 (20)
UDF1 bids 94
bits bids 25
UDF1 won the auction and was revealed [Jc]
Flop [Ac 5s 9c], bits (20), UDF1 (45)
UDF1 bets 26
bits calls
Turn [Ac 5s 9c Td], bits (46), UDF1 (71)
UDF1 bets 69
bits calls
River [Ac 5s 9c Td 7h], bits (115), UDF1 (140)
UDF1 bets 186
bits calls
bits shows [Ts Jc]
UDF1 shows [Tc 9h]
bits awarded -301
UDF1 awarded 301

Round #522, UDF1 (-12199), bits (12199)
UDF1 posts blind: 10
bits posts blind: 20
UDF1 received [2s Td]
bits received [4d Kh]
UDF1 calls
bits checks
Flop [Jc 2h 5h], UDF1 (20), bits (20)
bits bids 28
UDF1 bids 75
UDF1 won the auction and was revealed [Kh]
Flop [Jc 2h 5h], UDF1 (48), bits (20)
bits checks
UDF1 checks
Turn [Jc 2h 5h Th], UDF1 (48), bits (20)
bits checks
UDF1 bets 24
bits calls
River [Jc 2h 5h Th 3s], UDF1 (72), bits (44)
bits checks
UDF1 bets 88
bits folds
UDF1 awarded 44
bits awarded -44

Round #523, bits (12155), UDF1 (-12155)
bits posts blind: 10
UDF1 posts blind: 20
bits received [Jh Ad]
UDF1 received [Qh Kd]
bits calls
UDF1 raises to 3514
bits folds
bits awarded -20
UDF1 awarded 20

Round #524, UDF1 (-12135), bits (12135)
UDF1 posts blind: 10
bits posts blind: 20
UDF1 received [Jh 8h]
bits received [6s Ks]
UDF1 calls
bits checks
Flop [Js Jc 7h], UDF1 (20), bits (20)
bits bids 28
UDF1 bids 82
UDF1 won the auction and was revealed [Ks]
Flop [Js Jc 7h], UDF1 (48), bits (20)
bits checks
UDF1 bets 42
bits calls
Turn [Js Jc 7h As], UDF1 (90), bits (62)
bits checks
UDF1 bets 100
bits calls
River [Js Jc 7h As 2h], UDF1 (190), bits (162)
bits checks
UDF1 bets 238
bits calls
UDF1 shows [Jh 8h]
bits shows [6s Ks]
UDF1 awarded 400
bits awarded -400

Round #525, bits (11735), UDF1 (-11735)
bits posts blind: 10
UDF1 posts blind: 20
bits received [Jc Js]
UDF1 received [2d 4s]
bits raises to 60
UDF1 folds
bits awarded 20
UDF1 awarded -20

Round #526, UDF1 (-11755), bits (11755)
UDF1 posts blind: 10
bits posts blind: 20
UDF1 received [Ad Qs]
bits received [2d 6c]
UDF1 raises to 3511
bits folds
UDF1 awarded 20
bits awarded -20

Round #527, bits (11735), UDF1 (-11735)
bits posts blind: 10
UDF1 posts blind: 20
bits received [Qd 7s]
UDF1 received [4s 7c]
bits calls
UDF1 checks
Flop [5d 3h Jh], bits (20), UDF1 (20)
UDF1 bids 78
bits bids 23
UDF1 won the auction and was revealed [Qd]
Flop [5d 3h Jh], bits (20), UDF1 (43)
UDF1 checks
bits checks
Turn [5d 3h Jh 8h], bits (20), UDF1 (43)
UDF1 checks
bits checks
River [5d 3h Jh 8h 8d], bits (20), UDF1 (43)
UDF1 checks
bits checks
bits shows [Qd 7s]
UDF1 shows [4s 7c]
bits awarded 43
UDF1 awarded -43

Round #528, UDF1 (-11778), bits (11778)
UDF1 posts blind: 10
bits posts blind: 20
UDF1 received [8c 7s]
bits received [4c 2s]
UDF1 calls
bits checks
Flop [Jd Qs 3d], UDF1 (20), bits (20)
bits bids 10
UDF1 bids 85
UDF1 won the auction and was revealed [4c]
Flop [Jd Qs 3d], UDF1 (30), bits (20)
bits checks
UDF1 checks
Turn [Jd Qs 3d 4s], UDF1 (30), bits (20)
bits checks
UDF1 checks
River [Jd Qs 3d 4s Tc], UDF1 (30), bits (20)
bits checks
UDF1 checks
UDF1 shows [8c 7s]
bits shows [4c 2s]
UDF1 awarded -30
bits awarded 30

Round #529, bits (11808), UDF1 (-11808)
bits posts blind: 10
UDF1 posts blind: 20
bits received [Tc 8d]
UDF1 received [Ah Qh]
bits calls
UDF1 raises to 3731
bits folds
bits awarded -20
UDF1 awarded 20

Round #530, UDF1 (-11788), bits (11788)
UDF1 posts blind: 10
bits posts blind: 20
UDF1 received [8s 9s]
bits received [9h Ac]
UDF1 raises to 1715
bits folds
UDF1 awarded 20
bits awarded -20

Round #531, bits (11768), UDF1 (-11768)
bits posts blind: 10
UDF1 posts blind: 20
bits received [4s 6d]
UDF1 received [2s Ts]
bits calls
UDF1 raises to 1058
bits folds
bits awarded -20
UDF1 awarded 20

Round #532, UDF1 (-11748), bits (11748)
UDF1 posts blind: 10
bits posts blind: 20
UDF1 received [7h 3c]
bits received [Tc Kd]
UDF1 raises to 1113
bits folds
UDF1 awarded 20
bits awarded -20

Round #533, bits (11728), UDF1 (-11728)
bits posts blind: 10
UDF1 posts blind: 20
bits received [Td Ad]
UDF1 received [3h Js]
bits raises to 60
UDF1 folds
bits awarded 20
UDF1 awarded -20

Round #534, UDF1 (-11748), bits (11748)
UDF1 posts blind: 10
bits posts blind: 20
UDF1 received [5h Kd]
bits received [Th Kc]
UDF1 calls
bits checks
Flop [Ac As 4h], UDF1 (20), bits (20)
bits bids 37
UDF1 bids 98
UDF1 won the auction and was revealed [Kc]
Flop [Ac As 4h], UDF1 (57), bits (20)
bits checks
UDF1 checks
Turn [Ac As 4h 2c], UDF1 (57), bits (20)
bits checks
UDF1 checks
River [Ac As 4h 2c 6s], UDF1 (57), bits (20)
bits checks
UDF1 checks
UDF1 shows [5h Kd]
bits shows [Th Kc]
UDF1 awarded -57
bits awarded 57

Round #535, bits (11805), UDF1 (-11805)
bits posts blind: 10
UDF1 posts blind: 20
bits received [5c Jc]
UDF1 received [Js Jd]
bits calls
UDF1 raises to 3908
bits folds
bits awarded -20
UDF1 awarded 20

Round #536, UDF1 (-11785), bits (11785)
UDF1 posts blind: 10
bits posts blind: 20
UDF1 received [8s Jh]
bits received [Jd 5h]
UDF1 raises to 1090
bits folds
UDF1 awarded 20
bits awarded -20

Round #537, bits (11765), UDF1 (-11765)
bits posts blind: 10
UDF1 posts blind: 20
bits received [7s 4d]
UDF1 received [9d 8d]
bits calls
UDF1 raises to 1829
bits folds
bits awarded -20
UDF1 awarded 20

Round #538, UDF1 (-11745), bits (11745)
UDF1 posts blind: 10
bits posts blind: 20
UDF1 received [Kd Qh]
bits received [5h 6d]
UDF1 raises to 3486
bits folds
UDF1 awarded 20
bits awarded -20

Round #539, bits (11725), UDF1 (-11725)
bits posts blind: 10
UDF1 posts blind: 20
bits received [As 8s]
UDF1 received [2s 5c]
bits calls
UDF1 checks
Flop [3h Kh Td], bits (20), UDF1 (20)
UDF1 bids 78
bits bids 31
UDF1 won the auction and was revealed [As]
Flop [3h Kh Td], bits (20), UDF1 (51)
UDF1 checks
bits checks
Turn [3h Kh Td 2h], bits (20), UDF1 (51)
UDF1 bets 22
bits calls
River [3h Kh Td 2h Qh], bits (42), UDF1 (73)
UDF1 checks
bits checks
bits shows [As 8s]
UDF1 shows [2s 5c]
bits awarded -42
UDF1 awarded 42

Round #540, UDF1 (-11683), bits (11683)
UDF1 posts blind: 10
bits posts blind: 20
UDF1 received [6d Kh]
bits received [9h 9s]
UDF1 calls
bits raises to 80
UDF1 folds
UDF1 awarded -20
bits awarded 20

Round #541, bits (11703), UDF1 (-11703)
bits posts blind: 10
UDF1 posts blind: 20
bits received [Jc 4c]
UDF1 received [Kd Jh]
bits calls
UDF1 raises to 1727
bits folds
bits awarded -20
UDF1 awarded 20

Round #542, UDF1 (-11683), bits (11683)
UDF1 posts blind: 10
bits posts blind: 20
UDF1 received [9s Kc]
bits received [5h Ad]
UDF1 calls
bits checks
Flop [5c Ts 7c], UDF1 (20), bits (20)
bits bids 36
UDF1 bids 82
UDF1 won the auction and was revealed [5h]
Flop [5c Ts 7c], UDF1 (56), bits (20)
bits checks
UDF1 checks
Turn [5c Ts 7c 6d], UDF1 (56), bits (20)
bits checks
UDF1 checks
River [5c Ts 7c 6d Jd], UDF1 (56), bits (20)
bits checks
UDF1 checks
UDF1 shows [9s Kc]
bits shows [5h Ad]
UDF1 awarded -56
bits awarded 56

Round #543, bits (11739), UDF1 (-11739)
bits posts blind: 10
UDF1 posts blind: 20
bits received [2s Td]
UDF1 received [8h Ks]
bits calls
UDF1 checks
Flop [7h Jd 9h], bits (20), UDF1 (20)
UDF1 bids 85
bits bids 21
UDF1 won the auction and was revealed [2s]
Flop [7h Jd 9h], bits (20), UDF1 (41)
UDF1 bets 23
bits calls
Turn [7h Jd 9h Ac], bits (43), UDF1 (64)
UDF1 bets 42
bits folds
bits awarded -43
UDF1 awarded 43

Round #544, UDF1 (-11696), bits (11696)
UDF1 posts blind: 10
bits posts blind: 20
UDF1 received [6c 8h]
bits received [2c Kh]
UDF1 calls
bits checks
Flop [5s Ts Js], UDF1 (20), bits (20)
bits bids 18
UDF1 bids 103
UDF1 won the auction and was revealed [2c]
Flop [5s Ts Js], UDF1 (38), bits (20)
bits checks
UDF1 checks
Turn [5s Ts Js Qc], UDF1 (38), bits (20)
bits checks
UDF1 checks
River [5s Ts Js Qc 5d], UDF1 (38), bits (20)
bits checks
UDF1 checks
UDF1 shows [6c 8h]
bits shows [2c Kh]
UDF1 awarded -38
bits awarded 38

Round #545, bits (11734), UDF1 (-11734)
bits posts blind: 10
UDF1 posts blind: 20
bits received [Qs 8s]
UDF1 received [Ac 7c]
bits calls
UDF1 raises to 2205
bits folds
bits awarded -20
UDF1 awarded 20

Round #546, UDF1 (-11714), bits (11714)
UDF1 posts blind: 10
bits posts blind: 20
UDF1 received [3h 2h]
bits received [2c 7s]
UDF1 calls
bits checks
Flop [5c Tc 9h], UDF1 (20), bits (20)
bits bids 16
UDF1 bids 86
UDF1 won the auction and was revealed [7s]
Flop [5c Tc 9h], UDF1 (36), bits (20)
bits checks
UDF1 checks
Turn [5c Tc 9h 4s], UDF1 (36), bits (20)
bits checks
UDF1 checks
River [5c Tc 9h 4s 3d], UDF1 (36), bits (20)
bits checks
UDF1 checks
UDF1 shows [3h 2h]
bits shows [2c 7s]
UDF1 awarded 20
bits awarded -20

Round #547, bits (11694), UDF1 (-11694)
bits posts blind: 10
UDF1 posts blind: 20
bits received [8h 5d]
UDF1 received [Qd 8s]
bits calls
UDF1 checks
Flop [Kh Ks Td], bits (20), UDF1 (20)
UDF1 bids 90
bits bids 18
UDF1 won the auction and was revealed [5d]
Flop [Kh Ks Td], bits (20), UDF1 (38)
UDF1 bets 25
bits folds
bits awarded -20
UDF1 awarded 20

Round #548, UDF1 (-11674), bits (11674)
UDF1 posts blind: 10
bits posts blind: 20
UDF1 received [4s 9h]
bits received [Kd 5c]
UDF1 calls
bits checks
Flop [3d Jc 5d], UDF1 (20), bits (20)
bits bids 39
UDF1 bids 84
UDF1 won the auction and was revealed [5c]
Flop [3d Jc 5d], UDF1 (59), bits (20)
bits bets 39
UDF1 folds
UDF1 awarded -59
bits awarded 59

Round #549, bits (11733), UDF1 (-11733)
bits posts blind: 10
UDF1 posts blind: 20
bits received [9c 2h]
UDF1 received [Ts 8s]
bits calls
UDF1 checks
Flop [2c Ad Jc], bits (20), UDF1 (20)
UDF1 bids 93
bits bids 35
UDF1 won the auction and was revealed [2h]
Flop [2c Ad Jc], bits (20), UDF1 (55)
UDF1 checks
bits checks
Turn [2c Ad Jc 9d], bits (20), UDF1 (55)
UDF1 checks
bits bets 37
UDF1 folds
bits awarded 55
UDF1 awarded -55

Round #550, UDF1 (-11788), bits (11788)
UDF1 posts blind: 10
bits posts blind: 20
UDF1 received [Ks 8d]
bits received [Kc 2d]
UDF1 calls
bits checks
Flop [4d 3c Qd], UDF1 (20), bits (20)
bits bids 21
UDF1 bids 76
UDF1 won the auction and was revealed [Kc]
Flop [4d 3c Qd], UDF1 (41), bits (20)
bits checks
UDF1 checks
Turn [4d 3c Qd 8h], UDF1 (41), bits (20)
bits checks
UDF1 bets 34
bits folds
UDF1 awarded 20
bits awarded -20

Round #551, bits (11768), UDF1 (-11768)
bits posts blind: 10
UDF1 posts blind: 20
bits received [8d 9d]
UDF1 received [4c 2d]
bits calls
UDF1 checks
Flop [2s 2c 7c], bits (20), UDF1 (20)
UDF1 bids 91
bits bids 21
UDF1 won the auction and was revealed [8d]
Flop [2s 2c 7c], bits (20), UDF1 (41)
UDF1 bets 40
bits folds
bits awarded -20
UDF1 awarded 20

Round #552, UDF1 (-11748), bits (11748)
UDF1 posts blind: 10
bits posts blind: 20
UDF1 received [5d 3c]
bits received [Tc As]
UDF1 calls
bits raises to 80
UDF1 calls
Flop [7d 6h 9h], UDF1 (80), bits (80)
bits bids 117
UDF1 bids 98
bits won the auction and was revealed [3c]
Flop [7d 6h 9h], UDF1 (80), bits (178)
bits checks
UDF1 checks
Turn [7d 6h 9h 4s], UDF1 (80), bits (178)
bits checks
UDF1 bets 168
bits calls
River [7d 6h 9h 4s 3d], UDF1 (248), bits (346)
bits checks
UDF1 bets 456
bits folds
UDF1 awarded 346
bits awarded -346

Round #553, bits (11402), UDF1 (-11402)
bits posts blind: 10
UDF1 posts blind: 20
bits received [Jh 6s]
UDF1 received [Ks 6c]
bits calls
UDF1 checks
Flop [7h 9h Qc], bits (20), UDF1 (20)
UDF1 bids 91
bits bids 22
UDF1 won the auction and was revealed [6s]
Flop [7h 9h Qc], bits (20), UDF1 (42)
UDF1 bets 26
bits folds
bits awarded -20
UDF1 awarded 20

Round #554, UDF1 (-11382), bits (11382)
UDF1 posts blind: 10
bits posts blind: 20
UDF1 received [5c 9h]
bits received [Th 3d]
UDF1 calls
bits checks
Flop [7h 8c Jh], UDF1 (20), bits (20)
bits bids 25
UDF1 bids 91
UDF1 won the auction and was revealed [Th]
Flop [7h 8c Jh], UDF1 (45), bits (20)
bits checks
UDF1 bets 20
bits calls
Turn [7h 8c Jh Kd], UDF1 (65), bits (40)
bits checks
UDF1 checks
River [7h 8c Jh Kd 9c], UDF1 (65), bits (40)
bits bets 52
UDF1 folds
UDF1 awarded -65
bits awarded 65

Round #555, bits (11447), UDF1 (-11447)
bits posts blind: 10
UDF1 posts blind: 20
bits received [Qs 9s]
UDF1 received [As Jd]
bits calls
UDF1 raises to 3670
bits folds
bits awarded -20
UDF1 awarded 20

Round #556, UDF1 (-11427), bits (11427)
UDF1 posts blind: 10
bits posts blind: 20
UDF1 received [4d Tc]
bits received [Kd Ac]
UDF1 calls
bits raises to 80
UDF1 calls
Flop [Js 6h 2d], UDF1 (80), bits (80)
bits bids 128
UDF1 bids 92
bits won the auction and was revealed [Tc]
Flop [Js 6h 2d], UDF1 (80), bits (172)
bits checks
UDF1 checks
Turn [Js 6h 2d 2s], UDF1 (80), bits (172)
bits bets 126
UDF1 folds
UDF1 awarded -80
bits awarded 80

Round #557, bits (11507), UDF1 (-11507)
bits posts blind: 10
UDF1 posts blind: 20
bits received [4s Qs]
UDF1 received [Ts 8c]
bits calls
UDF1 checks
Flop [9s 5s Kh], bits (20), UDF1 (20)
UDF1 bids 84
bits bids 35
UDF1 won the auction and was revealed [4s]
Flop [9s 5s Kh], bits (20), UDF1 (55)
UDF1 checks
bits checks
Turn [9s 5s Kh Ad], bits (20), UDF1 (55)
UDF1 checks
bits checks
River [9s 5s Kh Ad 6s], bits (20), UDF1 (55)
UDF1 checks
bits bets 93
UDF1 folds
bits awarded 55
UDF1 awarded -55

Round #558, UDF1 (-11562), bits (11562)
UDF1 posts blind: 10
bits posts blind: 20
UDF1 received [2d 4h]
bits received [Qd 8h]
UDF1 calls
bits checks
Flop [Ad 3c Jc], UDF1 (20), bits (20)
bits bids 21
UDF1 bids 86
UDF1 won the auction and was revealed [Qd]
Flop [Ad 3c Jc], UDF1 (41), bits (20)
bits checks
UDF1 bets 20
bits calls
Turn [Ad 3c Jc 7c], UDF1 (61), bits (40)
bits checks
UDF1 checks
River [Ad 3c Jc 7c Kd], UDF1 (61), bits (40)
bits checks
UDF1 checks
UDF1 shows [2d 4h]
bits shows [Qd 8h]
UDF1 awarded -61
bits awarded 61

Round #559, bits (11623), UDF1 (-11623)
bits posts blind: 10
UDF1 posts blind: 20
bits received [7d 8c]
UDF1 received [6s Jd]
bits calls
UDF1 checks
Flop [3c 6h 5c], bits (20), UDF1 (20)
UDF1 bids 99
bits bids 25
UDF1 won the auction and was revealed [8c]
Flop [3c 6h 5c], bits (20), UDF1 (45)
UDF1 bets 22
bits calls
Turn [3c 6h 5c Kc], bits (42), UDF1 (67)
UDF1 checks
bits checks
River [3c 6h 5c Kc 9h], bits (42), UDF1 (67)
UDF1 checks
bits bets 54
UDF1 folds
bits awarded 67
UDF1 awarded -67

Round #560, UDF1 (-11690), bits (11690)
UDF1 posts blind: 10
bits posts blind: 20
UDF1 received [2d 8s]
bits received [5h 6s]
UDF1 calls
bits checks
Flop [5d 8c 3c], UDF1 (20), bits (20)
bits bids 38
UDF1 bids 85
UDF1 won the auction and was revealed [6s]
Flop [5d 8c 3c], UDF1 (58), bits (20)
bits bets 39
UDF1 raises to 78
bits calls
Turn [5d 8c 3c Jd], UDF1 (136), bits (98)
bits checks
UDF1 bets 146
bits calls
River [5d 8c 3c Jd 9s], UDF1 (282), bits (244)
bits checks
UDF1 bets 371
bits calls
UDF1 shows [2d 8s]
bits shows [5h 6s]
UDF1 awarded 615
bits awarded -615

Round #561, bits (11075), UDF1 (-11075)
bits posts blind: 10
UDF1 posts blind: 20
bits received [Jh Qh]
UDF1 received [7c Ah]
bits calls
UDF1 checks
Flop [3s 5h 4s], bits (20), UDF1 (20)
UDF1 bids 77
bits bids 20
UDF1 won the auction and was revealed [Jh]
Flop [3s 5h 4s], bits (20), UDF1 (40)
UDF1 bets 24
bits folds
bits awarded -20
UDF1 awarded 20

Round #562, UDF1 (-11055), bits (11055)
UDF1 posts blind: 10
bits posts blind: 20
UDF1 received [8s 5d]
bits received [2s Qd]
UDF1 calls
bits checks
Flop [7d Kh Th], UDF1 (20), bits (20)
bits bids 21
UDF1 bids 96
UDF1 won the auction and was revealed [Qd]
Flop [7d Kh Th], UDF1 (41), bits (20)
bits checks
UDF1 checks
Turn [7d Kh Th 2c], UDF1 (41), bits (20)
bits checks
UDF1 checks
River [7d Kh Th 2c 9c], UDF1 (41), bits (20)
bits checks
UDF1 checks
UDF1 shows [8s 5d]
bits shows [2s Qd]
UDF1 awarded -41
bits awarded 41

Round #563, bits (11096), UDF1 (-11096)
bits posts blind: 10
UDF1 posts blind: 20
bits received [8h 4d]
UDF1 received [4c 3s]
bits calls
UDF1 checks
Flop [Jc 8s Js], bits (20), UDF1 (20)
UDF1 bids 83
bits bids 41
UDF1 won the auction and was revealed [4d]
Flop [Jc 8s Js], bits (20), UDF1 (61)
UDF1 checks
bits bets 40
UDF1 folds
bits awarded 61
UDF1 awarded -61

Round #564, UDF1 (-11157), bits (11157)
UDF1 posts blind: 10
bits posts blind: 20
UDF1 received [Jh 2d]
bits received [Ts 5s]
UDF1 calls
bits checks
Flop [6c 9d Qs], UDF1 (20), bits (20)
bits bids 21
UDF1 bids 91
UDF1 won the auction and was revealed [Ts]
Flop [6c 9d Qs], UDF1 (41), bits (20)
bits checks
UDF1 checks
Turn [6c 9d Qs 3h], UDF1 (41), bits (20)
bits checks
UDF1 checks
River [6c 9d Qs 3h 9c], UDF1 (41), bits (20)
bits checks
UDF1 checks
UDF1 shows [Jh 2d]
bits shows [Ts 5s]
UDF1 awarded 20
bits awarded -20

Round #565, bits (11137), UDF1 (-11137)
bits posts blind: 10
UDF1 posts blind: 20
bits received [Jc 2d]
UDF1 received [5s 9d]
bits calls
UDF1 checks
Flop [Ah 3h Qs], bits (20), UDF1 (20)
UDF1 bids 85
bits bids 24
UDF1 won the auction and was revealed [Jc]
Flop [Ah 3h Qs], bits (20), UDF1 (44)
UDF1 checks
bits checks
Turn [Ah 3h Qs Qh], bits (20), UDF1 (44)
UDF1 checks
bits checks
River [Ah 3h Qs Qh Th], bits (20), UDF1 (44)
UDF1 checks
bits checks
bits shows [Jc 2d]
UDF1 shows [5s 9d]
bits awarded 44
UDF1 awarded -44

Round #566, UDF1 (-11181), bits (11181)
UDF1 posts blind: 10
bits posts blind: 20
UDF1 received [3s Qh]
bits received [4d 7d]
UDF1 calls
bits checks
Flop [Ah 6d 8d], UDF1 (20), bits (20)
bits bids 37
UDF1 bids 89
UDF1 won the auction and was revealed [7d]
Flop [Ah 6d 8d], UDF1 (57), bits (20)
bits checks
UDF1 checks
Turn [Ah 6d 8d Qd], UDF1 (57), bits (20)
bits bets 38
UDF1 calls
River [Ah 6d 8d Qd 7c], UDF1 (95), bits (58)
bits bets 191
UDF1 folds
UDF1 awarded -95
bits awarded 95

Round #567, bits (11276), UDF1 (-11276)
bits posts blind: 10
UDF1 posts blind: 20
bits received [Js Jh]
UDF1 received [Jd 5c]
bits raises to 60
UDF1 calls
Flop [8s 6s Kh], bits (60), UDF1 (60)
UDF1 bids 94
bits bids 127
bits won the auction and was revealed [Jd]
Flop [8s 6s Kh], bits (154), UDF1 (60)
UDF1 checks
bits bets 107
UDF1 folds
bits awarded 60
UDF1 awarded -60

Round #568, UDF1 (-11336), bits (11336)
UDF1 posts blind: 10
bits posts blind: 20
UDF1 received [Qh 7h]
bits received [Jh 7s]
UDF1 calls
bits checks
Flop [2s Ah 8d], UDF1 (20), bits (20)
bits bids 17
UDF1 bids 86
UDF1 won the auction and was revealed [Jh]
Flop [2s Ah 8d], UDF1 (37), bits (20)
bits checks
UDF1 checks
Turn [2s Ah 8d 6h], UDF1 (37), bits (20)
bits checks
UDF1 checks
River [2s Ah 8d 6h Js], UDF1 (37), bits (20)
bits bets 28
UDF1 folds
UDF1 awarded -37
bits awarded 37

Round #569, bits (11373), UDF1 (-11373)
bits posts blind: 10
UDF1 posts blind: 20
bits received [3h Tc]
UDF1 received [5h Kd]
bits calls
UDF1 checks
Flop [2s 7d Qh], bits (20), UDF1 (20)
UDF1 bids 98
bits bids 15
UDF1 won the auction and was revealed [3h]
Flop [2s 7d Qh], bits (20), UDF1 (35)
UDF1 checks
bits checks
Turn [2s 7d Qh Jd], bits (20), UDF1 (35)
UDF1 checks
bits checks
River [2s 7d Qh Jd 6d], bits (20), UDF1 (35)
UDF1 checks
bits checks
bits shows [3h Tc]
UDF1 shows [5h Kd]
bits awarded -20
UDF1 awarded 20

Round #570, UDF1 (-11353), bits (11353)
UDF1 posts blind: 10
bits posts blind: 20
UDF1 received [9d 4d]
bits received [2h Kd]
UDF1 calls
bits checks
Flop [9c 3c Qs], UDF1 (20), bits (20)
bits bids 21
UDF1 bids 94
UDF1 won the auction and was revealed [2h]
Flop [9c 3c Qs], UDF1 (41), bits (20)
bits checks
UDF1 bets 40
bits folds
UDF1 awarded 20
bits awarded -20

Round #571, bits (11333), UDF1 (-11333)
bits posts blind: 10
UDF1 posts blind: 20
bits received [Tc As]
UDF1 received [5d 6d]
bits raises to 60
UDF1 raises to 1747
bits folds
bits awarded -60
UDF1 awarded 60

Round #572, UDF1 (-11273), bits (11273)
UDF1 posts blind: 10
bits posts blind: 20
UDF1 received [Qh 7s]
bits received [2h Jc]
UDF1 calls
bits checks
Flop [7h As Ad], UDF1 (20), bits (20)
bits bids 24
UDF1 bids 92
UDF1 won the auction and was revealed [Jc]
Flop [7h As Ad], UDF1 (44), bits (20)
bits checks
UDF1 bets 36
bits calls
Turn [7h As Ad 9s], UDF1 (80), bits (56)
bits checks
UDF1 bets 62
bits folds
UDF1 awarded 56
bits awarded -56

Round #573, bits (11217), UDF1 (-11217)
bits posts blind: 10
UDF1 posts blind: 20
bits received [3h 3s]
UDF1 received [8s 7s]
bits calls
UDF1 raises to 1815
bits folds
bits awarded -20
UDF1 awarded 20

Round #574, UDF1 (-11197), bits (11197)
UDF1 posts blind: 10
bits posts blind: 20
UDF1 received [Ah Js]
bits received [6h 4h]
UDF1 raises to 3802
bits folds
UDF1 awarded 20
bits awarded -20

Round #575, bits (11177), UDF1 (-11177)
bits posts blind: 10
UDF1 posts blind: 20
bits received [Qd Tc]
UDF1 received [6d 5d]
bits calls
UDF1 checks
Flop [Kd 9d 9h], bits (20), UDF1 (20)
UDF1 bids 83
bits bids 31
UDF1 won the auction and was revealed [Tc]
Flop [Kd 9d 9h], bits (20), UDF1 (51)
UDF1 checks
bits checks
Turn [Kd 9d 9h 2s], bits (20), UDF1 (51)
UDF1 checks
bits checks
River [Kd 9d 9h 2s 2c], bits (20), UDF1 (51)
UDF1 checks
bits checks
bits shows [Qd Tc]
UDF1 shows [6d 5d]
bits awarded 15
UDF1 awarded -15

Round #576, UDF1 (-11192), bits (11192)
UDF1 posts blind: 10
bits posts blind: 20
UDF1 received [As Kc]
bits received [9s 8h]
UDF1 raises to 3711
bits folds
UDF1 awarded 20
bits awarded -20

Round #577, bits (11172), UDF1 (-11172)
bits posts blind: 10
UDF1 posts blind: 20
bits received [5d 2h]
UDF1 received [8s 7d]
bits calls
UDF1 checks
Flop [Jh Jd Th], bits (20), UDF1 (20)
UDF1 bids 83
bits bids 12
UDF1 won the auction and was revealed [2h]
Flop [Jh Jd Th], bits (20), UDF1 (32)
UDF1 checks
bits checks
Turn [Jh Jd Th 4c], bits (20), UDF1 (32)
UDF1 checks
bits checks
River [Jh Jd Th 4c Qh], bits (20), UDF1 (32)
UDF1 checks
bits checks
bits shows [5d 2h]
UDF1 shows [8s 7d]
bits awarded -20
UDF1 awarded 20

Round #578, UDF1 (-11152), bits (11152)
UDF1 posts blind: 10
bits posts blind: 20
UDF1 received [4d Td]
bits received [Ah 4h]
UDF1 calls
bits checks
Flop [6d 5h 4c], UDF1 (20), bits (20)
bits bids 30
UDF1 bids 94
UDF1 won the auction and was revealed [Ah]
Flop [6d 5h 4c], UDF1 (50), bits (20)
bits checks
UDF1 bets 32
bits calls
Turn [6d 5h 4c 2d], UDF1 (82), bits (52)
bits checks
UDF1 bets 64
bits calls
River [6d 5h 4c 2d Ad], UDF1 (146), bits (116)
bits bets 131
UDF1 raises to 363
bits calls
UDF1 shows [4d Td]
bits shows [Ah 4h]
UDF1 awarded 479
bits awarded -479

Round #579, bits (10673), UDF1 (-10673)
bits posts blind: 10
UDF1 posts blind: 20
bits received [As 5c]
UDF1 received [Ah 2c]
bits calls
UDF1 checks
Flop [Jc 5h Ad], bits (20), UDF1 (20)
UDF1 bids 99
bits bids 4980
bits won the auction and was revealed [Ah]
Flop [Jc 5h Ad], bits (119), UDF1 (20)
UDF1 bets 88
bits calls
Turn [Jc 5h Ad Th], bits (207), UDF1 (108)
UDF1 bets 185
bits calls
River [Jc 5h Ad Th 3c], bits (392), UDF1 (293)
UDF1 bets 463
bits calls
bits shows [As 5c]
UDF1 shows [Ah 2c]
bits awarded 756
UDF1 awarded -756

Round #580, UDF1 (-11429), bits (11429)
UDF1 posts blind: 10
bits posts blind: 20
UDF1 received [Kd Qc]
bits received [9c 7h]
UDF1 raises to 3325
bits folds
UDF1 awarded 20
bits awarded -20

Round #581, bits (11409), UDF1 (-11409)
bits posts blind: 10
UDF1 posts blind: 20
bits received [Th 8d]
UDF1 received [3h 4d]
bits calls
UDF1 checks
Flop [Qs Td Ad], bits (20), UDF1 (20)
UDF1 bids 97
bits bids 35
UDF1 won the auction and was revealed [Th]
Flop [Qs Td Ad], bits (20), UDF1 (55)
UDF1 checks
bits checks
Turn [Qs Td Ad 6d], bits (20), UDF1 (55)
UDF1 checks
bits checks
River [Qs Td Ad 6d 2h], bits (20), UDF1 (55)
UDF1 checks
bits bets 37
UDF1 folds
bits awarded 55
UDF1 awarded -55

Round #582, UDF1 (-11464), bits (11464)
UDF1 posts blind: 10
bits posts blind: 20
UDF1 received [9d 5d]
bits received [7d 7c]
UDF1 calls
bits raises to 80
UDF1 raises to 1028
bits folds
UDF1 awarded 80
bits awarded -80

Round #583, bits (11384), UDF1 (-11384)
bits posts blind: 10
UDF1 posts blind: 20
bits received [9d 5s]
UDF1 received [3d Jc]
bits calls
UDF1 checks
Flop [4h 3c 8d], bits (20), UDF1 (20)
UDF1 bids 88
bits bids 14
UDF1 won the auction and was revealed [9d]
Flop [4h 3c 8d], bits (20), UDF1 (34)
UDF1 bets 24
bits folds
bits awarded -20
UDF1 awarded 20

Round #584, UDF1 (-11364), bits (11364)
UDF1 posts blind: 10
bits posts blind: 20
UDF1 received [5s 5c]
bits received [Js 9d]
UDF1 raises to 2098
bits folds
UDF1 awarded 20
bits awarded -20

Round #585, bits (11344), UDF1 (-11344)
bits posts blind: 10
UDF1 posts blind: 20
bits received [Kc 8d]
UDF1 received [Kd Ah]
bits calls
UDF1 raises to 3908
bits folds
bits awarded -20
UDF1 awarded 20

Round #586, UDF1 (-11324), bits (11324)
UDF1 posts blind: 10
bits posts blind: 20
UDF1 received [8d 3d]
bits received [Ad 5c]
UDF1 calls
bits checks
Flop [7h Qc 2d], UDF1 (20), bits (20)
bits bids 31
UDF1 bids 78
UDF1 won the auction and was revealed [Ad]
Flop [7h Qc 2d], UDF1 (51), bits (20)
bits checks
UDF1 bets 20
bits calls
Turn [7h Qc 2d 9d], UDF1 (71), bits (40)
bits checks
UDF1 checks
River [7h Qc 2d 9d 6s], UDF1 (71), bits (40)
bits checks
UDF1 checks
UDF1 shows [8d 3d]
bits shows [Ad 5c]
UDF1 awarded -71
bits awarded 71

Round #587, bits (11395), UDF1 (-11395)
bits posts blind: 10
UDF1 posts blind: 20
bits received [8c Qh]
UDF1 received [Tc Kh]
bits calls
UDF1 checks
Flop [2d Js 2c], bits (20), UDF1 (20)
UDF1 bids 86
bits bids 27
UDF1 won the auction and was revealed [Qh]
Flop [2d Js 2c], bits (20), UDF1 (47)
UDF1 bets 24
bits calls
Turn [2d Js 2c 6h], bits (44), UDF1 (71)
UDF1 checks
bits checks
River [2d Js 2c 6h 9h], bits (44), UDF1 (71)
UDF1 checks
bits checks
bits shows [8c Qh]
UDF1 shows [Tc Kh]
bits awarded -44
UDF1 awarded 44

Round #588, UDF1 (-11351), bits (11351)
UDF1 posts blind: 10
bits posts blind: 20
UDF1 received [9d 6s]
bits received [Kh 4c]
UDF1 calls
bits checks
Flop [Qh Ah Kc], UDF1 (20), bits (20)
bits bids 49
UDF1 bids 93
UDF1 won the auction and was revealed [4c]
Flop [Qh Ah Kc], UDF1 (69), bits (20)
bits bets 44
UDF1 calls
Turn [Qh Ah Kc Td], UDF1 (113), bits (64)
bits checks
UDF1 checks
River [Qh Ah Kc Td 3c], UDF1 (113), bits (64)
bits checks
UDF1 checks
UDF1 shows [9d 6s]
bits shows [Kh 4c]
UDF1 awarded -113
bits awarded 113

Round #589, bits (11464), UDF1 (-11464)
bits posts blind: 10
UDF1 posts blind: 20
bits received [Td Js]
UDF1 received [7s 6c]
bits calls
UDF1 checks
Flop [Jh 4c 5h], bits (20), UDF1 (20)
UDF1 bids 88
bits bids 49
UDF1 won the auction and was revealed [Js]
Flop [Jh 4c 5h], bits (20), UDF1 (69)
UDF1 checks
bits bets 44
UDF1 calls
Turn [Jh 4c 5h 3c], bits (64), UDF1 (113)
UDF1 bets 110
bits calls
River [Jh 4c 5h 3c Ac], bits (174), UDF1 (223)
UDF1 bets 301
bits calls
bits shows [Td Js]
UDF1 shows [7s 6c]
bits awarded -475
UDF1 awarded 475

Round #590, UDF1 (-10989), bits (10989)
UDF1 posts blind: 10
bits posts blind: 20
UDF1 received [9d 3c]
bits received [Th 4h]
UDF1 calls
bits checks
Flop [5s Ad Kh], UDF1 (20), bits (20)
bits bids 20
UDF1 bids 89
UDF1 won the auction and was revealed [Th]
Flop [5s Ad Kh], UDF1 (40), bits (20)
bits checks
UDF1 checks
Turn [5s Ad Kh Tc], UDF1 (40), bits (20)
bits bets 30
UDF1 folds
UDF1 awarded -40
bits awarded 40

Round #591, bits (11029), UDF1 (-11029)
bits posts blind: 10
UDF1 posts blind: 20
bits received [Ks Qd]
UDF1 received [6c Ah]
bits calls
UDF1 checks
Flop [7d Jh Td], bits (20), UDF1 (20)
UDF1 bids 92
bits bids 36
UDF1 won the auction and was revealed [Ks]
Flop [7d Jh Td], bits (20), UDF1 (56)
UDF1 bets 22
bits calls
Turn [7d Jh Td Qh], bits (42), UDF1 (78)
UDF1 checks
bits bets 60
UDF1 folds
bits awarded 78
UDF1 awarded -78

Round #592, UDF1 (-11107), bits (11107)
UDF1 posts blind: 10
bits posts blind: 20
UDF1 received [Qh 6c]
bits received [Qs Ah]
UDF1 calls
bits raises to 80
UDF1 calls
Flop [Jd 3s Kc], UDF1 (80), bits (80)
bits bids 147
UDF1 bids 101
bits won the auction and was revealed [Qh]
Flop [Jd 3s Kc], UDF1 (80), bits (181)
bits bets 130
UDF1 calls
Turn [Jd 3s Kc 4d], UDF1 (210), bits (311)
bits checks
UDF1 checks
River [Jd 3s Kc 4d 5d], UDF1 (210), bits (311)
bits checks
UDF1 checks
UDF1 shows [Qh 6c]
bits shows [Qs Ah]
UDF1 awarded -210
bits awarded 210

Round #593, bits (11317), UDF1 (-11317)
bits posts blind: 10
UDF1 posts blind: 20
bits received [Ks 8c]
UDF1 received [2c Kd]
bits calls
UDF1 checks
Flop [2h 6h Ah], bits (20), UDF1 (20)
UDF1 bids 100
bits bids 23
UDF1 won the auction and was revealed [Ks]
Flop [2h 6h Ah], bits (20), UDF1 (43)
UDF1 bets 23
bits calls
Turn [2h 6h Ah 6d], bits (43), UDF1 (66)
UDF1 bets 47
bits calls
River [2h 6h Ah 6d Qs], bits (90), UDF1 (113)
UDF1 bets 156
bits folds
bits awarded -90
UDF1 awarded 90

Round #594, UDF1 (-11227), bits (11227)
UDF1 posts blind: 10
bits posts blind: 20
UDF1 received [Jh 7c]
bits received [9d Td]
UDF1 calls
bits checks
Flop [7d 4d 5d], UDF1 (20), bits (20)
bits bids 4980
UDF1 bids 101
bits won the auction and was revealed [Jh]
Flop [7d 4d 5d], UDF1 (20), bits (121)
bits bets 70
UDF1 calls
Turn [7d 4d 5d 3d], UDF1 (90), bits (191)
bits bets 140
UDF1 folds
UDF1 awarded -90
bits awarded 90

Round #595, bits (11317), UDF1 (-11317)
bits posts blind: 10
UDF1 posts blind: 20
bits received [4h 2s]
UDF1 received [3s 7c]
bits calls
UDF1 checks
Flop [6s 7h Qh], bits (20), UDF1 (20)
UDF1 bids 91
bits bids 10
UDF1 won the auction and was revealed [2s]
Flop [6s 7h Qh], bits (20), UDF1 (30)
UDF1 bets 29
bits folds
bits awarded -20
UDF1 awarded 20

Round #596, UDF1 (-11297), bits (11297)
UDF1 posts blind: 10
bits posts blind: 20
UDF1 received [2h 3s]
bits received [8c Qd]
UDF1 calls
bits checks
Flop [Ad Kd 4c], UDF1 (20), bits (20)
bits bids 29
UDF1 bids 78
UDF1 won the auction and was revealed [Qd]
Flop [Ad Kd 4c], UDF1 (49), bits (20)
bits checks
UDF1 checks
Turn [Ad Kd 4c Td], UDF1 (49), bits (20)
bits checks
UDF1 checks
River [Ad Kd 4c Td Kc], UDF1 (49), bits (20)
bits checks
UDF1 checks
UDF1 shows [2h 3s]
bits shows [8c Qd]
UDF1 awarded -49
bits awarded 49

Round #597, bits (11346), UDF1 (-11346)
bits posts blind: 10
UDF1 posts blind: 20
bits received [Jh 3d]
UDF1 received [4s Qh]
bits calls
UDF1 checks
Flop [4h Kh 7h], bits (20), UDF1 (20)
UDF1 bids 80
bits bids 33
UDF1 won the auction and was revealed [3d]
Flop [4h Kh 7h], bits (20), UDF1 (53)
UDF1 bets 48
bits calls
Turn [4h Kh 7h Td], bits (68), UDF1 (101)
UDF1 bets 111
bits folds
bits awarded -68
UDF1 awarded 68

Round #598, UDF1 (-11278), bits (11278)
UDF1 posts blind: 10
bits posts blind: 20
UDF1 received [As Qc]
bits received [8s 3s]
UDF1 raises to 3795
bits folds
UDF1 awarded 20
bits awarded -20

Round #599, bits (11258), UDF1 (-11258)
bits posts blind: 10
UDF1 posts blind: 20
bits received [Qc 5h]
UDF1 received [8d 2d]
bits calls
UDF1 checks
Flop [7s Qs 9h], bits (20), UDF1 (20)
UDF1 bids 79
bits bids 44
UDF1 won the auction and was revealed [5h]
Flop [7s Qs 9h], bits (20), UDF1 (64)
UDF1 bets 23
bits calls
Turn [7s Qs 9h 9d], bits (43), UDF1 (87)
UDF1 checks
bits bets 65
UDF1 folds
bits awarded 87
UDF1 awarded -87

Round #600, UDF1 (-11345), bits (11345)
UDF1 posts blind: 10
bits posts blind: 20
UDF1 received [Jc Ks]
bits received [Jh 4s]
UDF1 raises to 2157
bits folds
UDF1 awarded 20
bits awarded -20

Round #601, bits (11325), UDF1 (-11325)
bits posts blind: 10
UDF1 posts blind: 20
bits received [9c Td]
UDF1 received [Js 9h]
bits calls
UDF1 checks
Flop [8d 3c 8c], bits (20), UDF1 (20)
UDF1 bids 103
bits bids 21
UDF1 won the auction and was revealed [9c]
Flop [8d 3c 8c], bits (20), UDF1 (41)
UDF1 bets 20
bits calls
Turn [8d 3c 8c 4c], bits (40), UDF1 (61)
UDF1 checks
bits checks
River [8d 3c 8c 4c Ah], bits (40), UDF1 (61)
UDF1 checks
bits checks
bits shows [9c Td]
UDF1 shows [Js 9h]
bits awarded -40
UDF1 awarded 40

Round #602, UDF1 (-11285), bits (11285)
UDF1 posts blind: 10
bits posts blind: 20
UDF1 received [7c Kd]
bits received [Jh Qh]
UDF1 calls
bits checks
Flop [Kc 9c 8h], UDF1 (20), bits (20)
bits bids 33
UDF1 bids 98
UDF1 won the auction and was revealed [Jh]
Flop [Kc 9c 8h], UDF1 (53), bits (20)
bits checks
UDF1 bets 42
bits calls
Turn [Kc 9c 8h Td], UDF1 (95), bits (62)
bits bets 196
UDF1 calls
River [Kc 9c 8h Td Jc], UDF1 (291), bits (258)
bits bets 274
UDF1 calls
UDF1 shows [7c Kd]
bits shows [Jh Qh]
UDF1 awarded -565
bits awarded 565

Round #603, bits (11850), UDF1 (-11850)
bits posts blind: 10
UDF1 posts blind: 20
bits received [9d Kc]
UDF1 received [3h 3d]
bits calls
UDF1 raises to 2138
bits folds
bits awarded -20
UDF1 awarded 20

Round #604, UDF1 (-11830), bits (11830)
UDF1 posts blind: 10
bits posts blind: 20
UDF1 received [Js Kd]
bits received [Jc 5s]
UDF1 calls
bits checks
Flop [Jd Qc Td], UDF1 (20), bits (20)
bits bids 38
UDF1 bids 77
UDF1 won the auction and was revealed [Jc]
Flop [Jd Qc Td], UDF1 (58), bits (20)
bits checks
UDF1 bets 37
bits calls
Turn [Jd Qc Td Ad], UDF1 (95), bits (57)
bits checks
UDF1 bets 98
bits calls
River [Jd Qc Td Ad Ks], UDF1 (193), bits (155)
bits checks
UDF1 checks
UDF1 shows [Js Kd]
bits shows [Jc 5s]
UDF1 awarded -19
bits awarded 19

Round #605, bits (11849), UDF1 (-11849)
bits posts blind: 10
UDF1 posts blind: 20
bits received [4s Jd]
UDF1 received [4h Kd]
bits calls
UDF1 checks
Flop [3d 6d Ac], bits (20), UDF1 (20)
UDF1 bids 84
bits bids 23
UDF1 won the auction and was revealed [4s]
Flop [3d 6d Ac], bits (20), UDF1 (43)
UDF1 bets 28
bits calls
Turn [3d 6d Ac 2h], bits (48), UDF1 (71)
UDF1 checks
bits checks
River [3d 6d Ac 2h Td], bits (48), UDF1 (71)
UDF1 bets 37
bits folds
bits awarded -48
UDF1 awarded 48

Round #606, UDF1 (-11801), bits (11801)
UDF1 posts blind: 10
bits posts blind: 20
UDF1 received [Js 4c]
bits received [Ad Qd]
UDF1 calls
bits raises to 80
UDF1 calls
Flop [7s 9c 8s], UDF1 (80), bits (80)
bits bids 94
UDF1 bids 86
bits won the auction and was revealed [4c]
Flop [7s 9c 8s], UDF1 (80), bits (166)
bits checks
UDF1 checks
Turn [7s 9c 8s Ah], UDF1 (80), bits (166)
bits bets 123
UDF1 folds
UDF1 awarded -80
bits awarded 80

Round #607, bits (11881), UDF1 (-11881)
bits posts blind: 10
UDF1 posts blind: 20
bits received [8c Th]
UDF1 received [Qs 5d]
bits calls
UDF1 checks
Flop [6c 2d 8h], bits (20), UDF1 (20)
UDF1 bids 83
bits bids 42
UDF1 won the auction and was revealed [Th]
Flop [6c 2d 8h], bits (20), UDF1 (62)
UDF1 checks
bits bets 41
UDF1 calls
Turn [6c 2d 8h Qc], bits (61), UDF1 (103)
UDF1 bets 113
bits calls
River [6c 2d 8h Qc Kh], bits (174), UDF1 (216)
UDF1 bets 278
bits calls
bits shows [8c Th]
UDF1 shows [Qs 5d]
bits awarded -452
UDF1 awarded 452

Round #608, UDF1 (-11429), bits (11429)
UDF1 posts blind: 10
bits posts blind: 20
UDF1 received [Ks Jd]
bits received [2s Th]
UDF1 raises to 1719
bits folds
UDF1 awarded 20
bits awarded -20

Round #609, bits (11409), UDF1 (-11409)
bits posts blind: 10
UDF1 posts blind: 20
bits received [9s 9d]
UDF1 received [Js 7h]
bits raises to 60
UDF1 folds
bits awarded 20
UDF1 awarded -20

Round #610, UDF1 (-11429), bits (11429)
UDF1 posts blind: 10
bits posts blind: 20
UDF1 received [Js 8s]
bits received [9d 7d]
UDF1 calls
bits checks
Flop [7s 9h Ts], UDF1 (20), bits (20)
bits bids 47
UDF1 bids 82
UDF1 won the auction and was revealed [9d]
Flop [7s 9h Ts], UDF1 (67), bits (20)
bits bets 43
UDF1 raises to 86
bits calls
Turn [7s 9h Ts Jd], UDF1 (153), bits (106)
bits bets 129
UDF1 raises to 367
bits calls
River [7s 9h Ts Jd Kd], UDF1 (520), bits (473)
bits checks
UDF1 bets 683
bits folds
UDF1 awarded 473
bits awarded -473

Round #611, bits (10956), UDF1 (-10956)
bits posts blind: 10
UDF1 posts blind: 20
bits received [8c Th]
UDF1 received [Ah Kd]
bits calls
UDF1 raises to 3908
bits folds
bits awarded -20
UDF1 awarded 20

Round #612, UDF1 (-10936), bits (10936)
UDF1 posts blind: 10
bits posts blind: 20
UDF1 received [Jd Qs]
bits received [Qc Ts]
UDF1 raises to 2053
bits folds
UDF1 awarded 20
bits awarded -20

Round #613, bits (10916), UDF1 (-10916)
bits posts blind: 10
UDF1 posts blind: 20
bits received [Td 9s]
UDF1 received [7c 8d]
bits calls
UDF1 checks
Flop [3h Tc Jh], bits (20), UDF1 (20)
UDF1 bids 99
bits bids 45
UDF1 won the auction and was revealed [9s]
Flop [3h Tc Jh], bits (20), UDF1 (65)
UDF1 checks
bits bets 42
UDF1 folds
bits awarded 65
UDF1 awarded -65

Round #614, UDF1 (-10981), bits (10981)
UDF1 posts blind: 10
bits posts blind: 20
UDF1 received [9h 8s]
bits received [8h Tc]
UDF1 raises to 2064
bits folds
UDF1 awarded 20
bits awarded -20

Round #615, bits (10961), UDF1 (-10961)
bits posts blind: 10
UDF1 posts blind: 20
bits received [7s 9c]
UDF1 received [Jc Qs]
bits calls
UDF1 raises to 1977
bits folds
bits awarded -20
UDF1 awarded 20

Round #616, UDF1 (-10941), bits (10941)
UDF1 posts blind: 10
bits posts blind: 20
UDF1 received [6d 2d]
bits received [2h Ah]
UDF1 raises to 1142
bits folds
UDF1 awarded 20
bits awarded -20

Round #617, bits (10921), UDF1 (-10921)
bits posts blind: 10
UDF1 posts blind: 20
bits received [3s 3d]
UDF1 received [5c 3h]
bits calls
UDF1 checks
Flop [6d 2h 6h], bits (20), UDF1 (20)
UDF1 bids 101
bits bids 36
UDF1 won the auction and was revealed [3d]
Flop [6d 2h 6h], bits (20), UDF1 (56)
UDF1 checks
bits checks
Turn [6d 2h 6h Ah], bits (20), UDF1 (56)
UDF1 checks
bits checks
River [6d 2h 6h Ah 2d], bits (20), UDF1 (56)
UDF1 checks
bits checks
bits shows [3s 3d]
UDF1 shows [5c 3h]
bits awarded 56
UDF1 awarded -56

Round #618, UDF1 (-10977), bits (10977)
UDF1 posts blind: 10
bits posts blind: 20
UDF1 received [Kc Js]
bits received [Qs 8h]
UDF1 raises to 1770
bits folds
UDF1 awarded 20
bits awarded -20

Round #619, bits (10957), UDF1 (-10957)
bits posts blind: 10
UDF1 posts blind: 20
bits received [8d Ks]
UDF1 received [7c 5h]
bits calls
UDF1 checks
Flop [7s Qc 4s], bits (20), UDF1 (20)
UDF1 bids 101
bits bids 26
UDF1 won the auction and was revealed [8d]
Flop [7s Qc 4s], bits (20), UDF1 (46)
UDF1 bets 30
bits calls
Turn [7s Qc 4s 4d], bits (50), UDF1 (76)
UDF1 bets 57
bits calls
River [7s Qc 4s 4d Kc], bits (107), UDF1 (133)
UDF1 bets 185
bits calls
bits shows [8d Ks]
UDF1 shows [7c 5h]
bits awarded 318
UDF1 awarded -318

Round #620, UDF1 (-11275), bits (11275)
UDF1 posts blind: 10
bits posts blind: 20
UDF1 received [4s 3c]
bits received [Kc 2d]
UDF1 calls
bits checks
Flop [4c Ad Ts], UDF1 (20), bits (20)
bits bids 28
UDF1 bids 85
UDF1 won the auction and was revealed [2d]
Flop [4c Ad Ts], UDF1 (48), bits (20)
bits checks
UDF1 bets 26
bits calls
Turn [4c Ad Ts Kd], UDF1 (74), bits (46)
bits bets 60
UDF1 calls
River [4c Ad Ts Kd 6s], UDF1 (134), bits (106)
bits bets 120
UDF1 calls
UDF1 shows [4s 3c]
bits shows [Kc 2d]
UDF1 awarded -254
bits awarded 254

Round #621, bits (11529), UDF1 (-11529)
bits posts blind: 10
UDF1 posts blind: 20
bits received [Ah Qs]
UDF1 received [7c 7h]
bits raises to 60
UDF1 raises to 1786
bits folds
bits awarded -60
UDF1 awarded 60

Round #622, UDF1 (-11469), bits (11469)
UDF1 posts blind: 10
bits posts blind: 20
UDF1 received [6c Qh]
bits received [8s 4s]
UDF1 calls
bits checks
Flop [5c Ts Js], UDF1 (20), bits (20)
bits bids 31
UDF1 bids 91
UDF1 won the auction and was revealed [4s]
Flop [5c Ts Js], UDF1 (51), bits (20)
bits checks
UDF1 bets 23
bits calls
Turn [5c Ts Js 6h], UDF1 (74), bits (43)
bits checks
UDF1 bets 52
bits folds
UDF1 awarded 43
bits awarded -43

Round #623, bits (11426), UDF1 (-11426)
bits posts blind: 10
UDF1 posts blind: 20
bits received [Th Kc]
UDF1 received [5s 9d]
bits calls
UDF1 checks
Flop [Ac Kh 7c], bits (20), UDF1 (20)
UDF1 bids 75
bits bids 49
UDF1 won the auction and was revealed [Kc]
Flop [Ac Kh 7c], bits (20), UDF1 (69)
UDF1 checks
bits bets 44
UDF1 folds
bits awarded 69
UDF1 awarded -69

Round #624, UDF1 (-11495), bits (11495)
UDF1 posts blind: 10
bits posts blind: 20
UDF1 received [Ah 3s]
bits received [3c Ac]
UDF1 calls
bits checks
Flop [Tc Qs Jd], UDF1 (20), bits (20)
bits bids 29
UDF1 bids 84
UDF1 won the auction and was revealed [3c]
Flop [Tc Qs Jd], UDF1 (49), bits (20)
bits checks
UDF1 bets 34
bits calls
Turn [Tc Qs Jd 9d], UDF1 (83), bits (54)
bits checks
UDF1 checks
River [Tc Qs Jd 9d Qd], UDF1 (83), bits (54)
bits checks
UDF1 checks
UDF1 shows [Ah 3s]
bits shows [3c Ac]
UDF1 awarded -15
bits awarded 15

Round #625, bits (11510), UDF1 (-11510)
bits posts blind: 10
UDF1 posts blind: 20
bits received [Js 5h]
UDF1 received [Kd 7d]
bits calls
UDF1 checks
Flop [3c 2h Jc], bits (20), UDF1 (20)
UDF1 bids 79
bits bids 44
UDF1 won the auction and was revealed [5h]
Flop [3c 2h Jc], bits (20), UDF1 (64)
UDF1 checks
bits bets 42
UDF1 calls
Turn [3c 2h Jc 6d], bits (62), UDF1 (106)
UDF1 checks
bits bets 84
UDF1 calls
River [3c 2h Jc 6d 4s], bits (146), UDF1 (190)
UDF1 checks
bits bets 168
UDF1 folds
bits awarded 190
UDF1 awarded -190

Round #626, UDF1 (-11700), bits (11700)
UDF1 posts blind: 10
bits posts blind: 20
UDF1 received [Kh Th]
bits received [Kd 2h]
UDF1 raises to 1994
bits folds
UDF1 awarded 20
bits awarded -20

Round #627, bits (11680), UDF1 (-11680)
bits posts blind: 10
UDF1 posts blind: 20
bits received [6d 9h]
UDF1 received [Td As]
bits calls
UDF1 raises to 1730
bits folds
bits awarded -20
UDF1 awarded 20

Round #628, UDF1 (-11660), bits (11660)
UDF1 posts blind: 10
bits posts blind: 20
UDF1 received [Ts 6d]
bits received [8d 5s]
UDF1 raises to 988
bits folds
UDF1 awarded 20
bits awarded -20

Round #629, bits (11640), UDF1 (-11640)
bits posts blind: 10
UDF1 posts blind: 20
bits received [8d 9h]
UDF1 received [9d 2d]
bits calls
UDF1 checks
Flop [3d 3h 7s], bits (20), UDF1 (20)
UDF1 bids 98
bits bids 18
UDF1 won the auction and was revealed [8d]
Flop [3d 3h 7s], bits (20), UDF1 (38)
UDF1 checks
bits checks
Turn [3d 3h 7s 3c], bits (20), UDF1 (38)
UDF1 checks
bits checks
River [3d 3h 7s 3c 7d], bits (20), UDF1 (38)
UDF1 checks
bits checks
bits shows [8d 9h]
UDF1 shows [9d 2d]
bits awarded 9
UDF1 awarded -9

Round #630, UDF1 (-11649), bits (11649)
UDF1 posts blind: 10
bits posts blind: 20
UDF1 received [Ts 7s]
bits received [8h 2d]
UDF1 calls
bits checks
Flop [6s 5c 5h], UDF1 (20), bits (20)
bits bids 12
UDF1 bids 87
UDF1 won the auction and was revealed [2d]
Flop [6s 5c 5h], UDF1 (32), bits (20)
bits checks
UDF1 checks
Turn [6s 5c 5h 8s], UDF1 (32), bits (20)
bits bets 26
UDF1 raises to 52
bits calls
River [6s 5c 5h 8s Ad], UDF1 (84), bits (72)
bits bets 78
UDF1 folds
UDF1 awarded -84
bits awarded 84

Round #631, bits (11733), UDF1 (-11733)
bits posts blind: 10
UDF1 posts blind: 20
bits received [Qd Js]
UDF1 received [2s 5s]
bits calls
UDF1 checks
Flop [9h 2h 9d], bits (20), UDF1 (20)
UDF1 bids 92
bits bids 27
UDF1 won the auction and was revealed [Js]
Flop [9h 2h 9d], bits (20), UDF1 (47)
UDF1 bets 30
bits calls
Turn [9h 2h 9d 6c], bits (50), UDF1 (77)
UDF1 bets 60
bits calls
River [9h 2h 9d 6c Ks], bits (110), UDF1 (137)
UDF1 bets 180
bits folds
bits awarded -110
UDF1 awarded 110

Round #632, UDF1 (-11623), bits (11623)
UDF1 posts blind: 10
bits posts blind: 20
UDF1 received [Ah Th]
bits received [Ad 8s]
UDF1 raises to 3798
bits folds
UDF1 awarded 20
bits awarded -20

Round #633, bits (11603), UDF1 (-11603)
bits posts blind: 10
UDF1 posts blind: 20
bits received [7d 5d]
UDF1 received [Qc 7c]
bits calls
UDF1 checks
Flop [4c 8s 6d], bits (20), UDF1 (20)
UDF1 bids 93
bits bids 4980
bits won the auction and was revealed [Qc]
Flop [4c 8s 6d], bits (113), UDF1 (20)
UDF1 checks
bits bets 166
UDF1 calls
Turn [4c 8s 6d 6c], bits (279), UDF1 (186)
UDF1 bets 185
bits calls
River [4c 8s 6d 6c Jh], bits (464), UDF1 (371)
UDF1 checks
bits bets 1043
UDF1 folds
bits awarded 371
UDF1 awarded -371

Round #634, UDF1 (-11974), bits (11974)
UDF1 posts blind: 10
bits posts blind: 20
UDF1 received [9d 5d]
bits received [Qd 6d]
UDF1 calls
bits checks
Flop [2d 7h Kc], UDF1 (20), bits (20)
bits bids 23
UDF1 bids 81
UDF1 won the auction and was revealed [6d]
Flop [2d 7h Kc], UDF1 (43), bits (20)
bits checks
UDF1 checks
Turn [2d 7h Kc 3s], UDF1 (43), bits (20)
bits checks
UDF1 checks
River [2d 7h Kc 3s 2c], UDF1 (43), bits (20)
bits checks
UDF1 checks
UDF1 shows [9d 5d]
bits shows [Qd 6d]
UDF1 awarded -43
bits awarded 43

Round #635, bits (12017), UDF1 (-12017)
bits posts blind: 10
UDF1 posts blind: 20
bits received [2s 3d]
UDF1 received [4h Qh]
bits calls
UDF1 checks
Flop [8h Jh 2c], bits (20), UDF1 (20)
UDF1 bids 81
bits bids 30
UDF1 won the auction and was revealed [2s]
Flop [8h Jh 2c], bits (20), UDF1 (50)
UDF1 checks
bits checks
Turn [8h Jh 2c 8c], bits (20), UDF1 (50)
UDF1 checks
bits checks
River [8h Jh 2c 8c 8s], bits (20), UDF1 (50)
UDF1 checks
bits bets 35
UDF1 folds
bits awarded 50
UDF1 awarded -50

Round #636, UDF1 (-12067), bits (12067)
UDF1 posts blind: 10
bits posts blind: 20
UDF1 received [3s 3h]
bits received [Ad 9s]
UDF1 raises to 1671
bits folds
UDF1 awarded 20
bits awarded -20

Round #637, bits (12047), UDF1 (-12047)
bits posts blind: 10
UDF1 posts blind: 20
bits received [Ks 2h]
UDF1 received [Qs Ac]
bits calls
UDF1 raises to 3358
bits folds
bits awarded -20
UDF1 awarded 20

Round #638, UDF1 (-12027), bits (12027)
UDF1 posts blind: 10
bits posts blind: 20
UDF1 received [6d Jc]
bits received [3h 9h]
UDF1 calls
bits checks
Flop [5h 4s 8h], UDF1 (20), bits (20)
bits bids 28
UDF1 bids 90
UDF1 won the auction and was revealed [3h]
Flop [5h 4s 8h], UDF1 (48), bits (20)
bits checks
UDF1 checks
Turn [5h 4s 8h Qs], UDF1 (48), bits (20)
bits checks
UDF1 checks
River [5h 4s 8h Qs 3d], UDF1 (48), bits (20)
bits checks
UDF1 checks
UDF1 shows [6d Jc]
bits shows [3h 9h]
UDF1 awarded -48
bits awarded 48

Round #639, bits (12075), UDF1 (-12075)
bits posts blind: 10
UDF1 posts blind: 20
bits received [6d Td]
UDF1 received [2c Tc]
bits calls
UDF1 checks
Flop [Ks Js 5d], bits (20), UDF1 (20)
UDF1 bids 98
bits bids 17
UDF1 won the auction and was revealed [6d]
Flop [Ks Js 5d], bits (20), UDF1 (37)
UDF1 checks
bits checks
Turn [Ks Js 5d 9d], bits (20), UDF1 (37)
UDF1 bets 20
bits calls
River [Ks Js 5d 9d Kh], bits (40), UDF1 (57)
UDF1 checks
bits checks
bits shows [6d Td]
UDF1 shows [2c Tc]
bits awarded 8
UDF1 awarded -8

Round #640, UDF1 (-12083), bits (12083)
UDF1 posts blind: 10
bits posts blind: 20
UDF1 received [Tc 9h]
bits received [5c 3c]
UDF1 calls
bits checks
Flop [Kh 4s Kd], UDF1 (20), bits (20)
bits bids 13
UDF1 bids 92
UDF1 won the auction and was revealed [5c]
Flop [Kh 4s Kd], UDF1 (33), bits (20)
bits checks
UDF1 checks
Turn [Kh 4s Kd Qc], UDF1 (33), bits (20)
bits checks
UDF1 bets 20
bits folds
UDF1 awarded 20
bits awarded -20

Round #641, bits (12063), UDF1 (-12063)
bits posts blind: 10
UDF1 posts blind: 20
bits received [5h 8s]
UDF1 received [Td 5s]
bits calls
UDF1 checks
Flop [7d 7h 4h], bits (20), UDF1 (20)
UDF1 bids 81
bits bids 23
UDF1 won the auction and was revealed [8s]
Flop [7d 7h 4h], bits (20), UDF1 (43)
UDF1 checks
bits checks
Turn [7d 7h 4h 7c], bits (20), UDF1 (43)
UDF1 checks
bits checks
River [7d 7h 4h 7c 2s], bits (20), UDF1 (43)
UDF1 checks
bits checks
bits shows [5h 8s]
UDF1 shows [Td 5s]
bits awarded -20
UDF1 awarded 20

Round #642, UDF1 (-12043), bits (12043)
UDF1 posts blind: 10
bits posts blind: 20
UDF1 received [6c 7h]
bits received [Tc 9c]
UDF1 calls
bits checks
Flop [3h Qh 4s], UDF1 (20), bits (20)
bits bids 20
UDF1 bids 87
UDF1 won the auction and was revealed [Tc]
Flop [3h Qh 4s], UDF1 (40), bits (20)
bits checks
UDF1 checks
Turn [3h Qh 4s Qd], UDF1 (40), bits (20)
bits checks
UDF1 checks
River [3h Qh 4s Qd 2d], UDF1 (40), bits (20)
bits checks
UDF1 checks
UDF1 shows [6c 7h]
bits shows [Tc 9c]
UDF1 awarded -40
bits awarded 40

Round #643, bits (12083), UDF1 (-12083)
bits posts blind: 10
UDF1 posts blind: 20
bits received [Jh Jd]
UDF1 received [Ah 6h]
bits raises to 60
UDF1 raises to 1951
bits folds
bits awarded -60
UDF1 awarded 60

Round #644, UDF1 (-12023), bits (12023)
UDF1 posts blind: 10
bits posts blind: 20
UDF1 received [Kd 6s]
bits received [Ts 5s]
UDF1 calls
bits checks
Flop [Js 3d 2c], UDF1 (20), bits (20)
bits bids 20
UDF1 bids 78
UDF1 won the auction and was revealed [5s]
Flop [Js 3d 2c], UDF1 (40), bits (20)
bits checks
UDF1 bets 29
bits folds
UDF1 awarded 20
bits awarded -20

Round #645, bits (12003), UDF1 (-12003)
bits posts blind: 10
UDF1 posts blind: 20
bits received [7d Qc]
UDF1 received [6s Kc]
bits calls
UDF1 checks
Flop [Jd 3h 5c], bits (20), UDF1 (20)
UDF1 bids 82
bits bids 21
UDF1 won the auction and was revealed [7d]
Flop [Jd 3h 5c], bits (20), UDF1 (41)
UDF1 checks
bits checks
Turn [Jd 3h 5c 4h], bits (20), UDF1 (41)
UDF1 checks
bits checks
River [Jd 3h 5c 4h Qh], bits (20), UDF1 (41)
UDF1 checks
bits bets 30
UDF1 folds
bits awarded 41
UDF1 awarded -41

Round #646, UDF1 (-12044), bits (12044)
UDF1 posts blind: 10
bits posts blind: 20
UDF1 received [7s 9s]
bits received [8d 5c]
UDF1 calls
bits checks
Flop [7c 3h 5s], UDF1 (20), bits (20)
bits bids 35
UDF1 bids 75
UDF1 won the auction and was revealed [8d]
Flop [7c 3h 5s], UDF1 (55), bits (20)
bits checks
UDF1 bets 41
bits calls
Turn [7c 3h 5s Qc], UDF1 (96), bits (61)
bits checks
UDF1 bets 75
bits calls
River [7c 3h 5s Qc Jc], UDF1 (171), bits (136)
bits checks
UDF1 bets 219
bits calls
UDF1 shows [7s 9s]
bits shows [8d 5c]
UDF1 awarded 355
bits awarded -355

Round #647, bits (11689), UDF1 (-11689)
bits posts blind: 10
UDF1 posts blind: 20
bits received [3c 8d]
UDF1 received [8h 5d]
bits calls
UDF1 checks
Flop [2h 2d Jd], bits (20), UDF1 (20)
UDF1 bids 84
bits bids 15
UDF1 won the auction and was revealed [3c]
Flop [2h 2d Jd], bits (20), UDF1 (35)
UDF1 checks
bits checks
Turn [2h 2d Jd Jc], bits (20), UDF1 (35)
UDF1 checks
bits checks
River [2h 2d Jd Jc 2c], bits (20), UDF1 (35)
UDF1 checks
bits checks
bits shows [3c 8d]
UDF1 shows [8h 5d]
bits awarded 7
UDF1 awarded -7

Round #648, UDF1 (-11696), bits (11696)
UDF1 posts blind: 10
bits posts blind: 20
UDF1 received [Jh Jd]
bits received [9c 8h]
UDF1 raises to 3759
bits folds
UDF1 awarded 20
bits awarded -20

Round #649, bits (11676), UDF1 (-11676)
bits posts blind: 10
UDF1 posts blind: 20
bits received [3d Jd]
UDF1 received [5d 4h]
bits calls
UDF1 checks
Flop [3h 6s Qd], bits (20), UDF1 (20)
UDF1 bids 97
bits bids 32
UDF1 won the auction and was revealed [Jd]
Flop [3h 6s Qd], bits (20), UDF1 (52)
UDF1 checks
bits checks
Turn [3h 6s Qd 5c], bits (20), UDF1 (52)
UDF1 bets 34
bits calls
River [3h 6s Qd 5c Ah], bits (54), UDF1 (86)
UDF1 bets 100
bits calls
bits shows [3d Jd]
UDF1 shows [5d 4h]
bits awarded -154
UDF1 awarded 154

Round #650, UDF1 (-11522), bits (11522)
UDF1 posts blind: 10
bits posts blind: 20
UDF1 received [Jd Ah]
bits received [2h 7s]
UDF1 raises to 3357
bits folds
UDF1 awarded 20
bits awarded -20

Round #651, bits (11502), UDF1 (-11502)
bits posts blind: 10
UDF1 posts blind: 20
bits received [Jc 2s]
UDF1 received [5s 2c]
bits calls
UDF1 checks
Flop [6d 6c 6s], bits (20), UDF1 (20)
UDF1 bids 91
bits bids 21
UDF1 won the auction and was revealed [2s]
Flop [6d 6c 6s], bits (20), UDF1 (41)
UDF1 checks
bits checks
Turn [6d 6c 6s 4s], bits (20), UDF1 (41)
UDF1 checks
bits checks
River [6d 6c 6s 4s 2h], bits (20), UDF1 (41)
UDF1 checks
bits bets 30
UDF1 calls
bits shows [Jc 2s]
UDF1 shows [5s 2c]
bits awarded 10
UDF1 awarded -10

Round #652, UDF1 (-11512), bits (11512)
UDF1 posts blind: 10
bits posts blind: 20
UDF1 received [5h Jh]
bits received [9c 2h]
UDF1 calls
bits checks
Flop [8c Kh Kd], UDF1 (20), bits (20)
bits bids 19
UDF1 bids 79
UDF1 won the auction and was revealed [9c]
Flop [8c Kh Kd], UDF1 (39), bits (20)
bits checks
UDF1 checks
Turn [8c Kh Kd Qc], UDF1 (39), bits (20)
bits checks
UDF1 checks
River [8c Kh Kd Qc 4d], UDF1 (39), bits (20)
bits checks
UDF1 checks
UDF1 shows [5h Jh]
bits shows [9c 2h]
UDF1 awarded 20
bits awarded -20

Round #653, bits (11492), UDF1 (-11492)
bits posts blind: 10
UDF1 posts blind: 20
bits received [3d 7c]
UDF1 received [Ah 2d]
bits calls
UDF1 checks
Flop [7h 4d 9s], bits (20), UDF1 (20)
UDF1 bids 85
bits bids 41
UDF1 won the auction and was revealed [3d]
Flop [7h 4d 9s], bits (20), UDF1 (61)
UDF1 bets 33
bits calls
Turn [7h 4d 9s 6d], bits (53), UDF1 (94)
UDF1 bets 46
bits calls
River [7h 4d 9s 6d 9c], bits (99), UDF1 (140)
UDF1 bets 97
bits calls
bits shows [3d 7c]
UDF1 shows [Ah 2d]
bits awarded 237
UDF1 awarded -237

Round #654, UDF1 (-11729), bits (11729)
UDF1 posts blind: 10
bits posts blind: 20
UDF1 received [9s Ks]
bits received [9c 3c]
UDF1 calls
bits checks
Flop [3s Kh 2h], UDF1 (20), bits (20)
bits bids 35
UDF1 bids 99
UDF1 won the auction and was revealed [9c]
Flop [3s Kh 2h], UDF1 (55), bits (20)
bits checks
UDF1 bets 52
bits calls
Turn [3s Kh 2h 6c], UDF1 (107), bits (72)
bits checks
UDF1 bets 122
bits calls
River [3s Kh 2h 6c Qs], UDF1 (229), bits (194)
bits checks
UDF1 bets 290
bits calls
UDF1 shows [9s Ks]
bits shows [9c 3c]
UDF1 awarded 484
bits awarded -484

Round #655, bits (11245), UDF1 (-11245)
bits posts blind: 10
UDF1 posts blind: 20
bits received [2s 7s]
UDF1 received [Th 5s]
bits calls
UDF1 checks
Flop [2d Jc 3c], bits (20), UDF1 (20)
UDF1 bids 81
bits bids 31
UDF1 won the auction and was revealed [2s]
Flop [2d Jc 3c], bits (20), UDF1 (51)
UDF1 checks
bits checks
Turn [2d Jc 3c 6s], bits (20), UDF1 (51)
UDF1 checks
bits checks
River [2d Jc 3c 6s 9c], bits (20), UDF1 (51)
UDF1 checks
bits checks
bits shows [2s 7s]
UDF1 shows [Th 5s]
bits awarded 51
UDF1 awarded -51

Round #656, UDF1 (-11296), bits (11296)
UDF1 posts blind: 10
bits posts blind: 20
UDF1 received [9c Qs]
bits received [5d 7s]
UDF1 calls
bits checks
Flop [2h 6c 3h], UDF1 (20), bits (20)
bits bids 17
UDF1 bids 79
UDF1 won the auction and was revealed [7s]
Flop [2h 6c 3h], UDF1 (37), bits (20)
bits checks
UDF1 checks
Turn [2h 6c 3h Ah], UDF1 (37), bits (20)
bits checks
UDF1 bets 20
bits folds
UDF1 awarded 20
bits awarded -20

Round #657, bits (11276), UDF1 (-11276)
bits posts blind: 10
UDF1 posts blind: 20
bits received [2s 5d]
UDF1 received [6c Kc]
bits calls
UDF1 checks
Flop [3h 3s Jc], bits (20), UDF1 (20)
UDF1 bids 78
bits bids 11
UDF1 won the auction and was revealed [2s]
Flop [3h 3s Jc], bits (20), UDF1 (31)
UDF1 bets 23
bits folds
bits awarded -20
UDF1 awarded 20

Round #658, UDF1 (-11256), bits (11256)
UDF1 posts blind: 10
bits posts blind: 20
UDF1 received [Ah 2h]
bits received [4d Th]
UDF1 calls
bits checks
Flop [9h 4s Jd], UDF1 (20), bits (20)
bits bids 37
UDF1 bids 83
UDF1 won the auction and was revealed [Th]
Flop [9h 4s Jd], UDF1 (57), bits (20)
bits checks
UDF1 bets 24
bits calls
Turn [9h 4s Jd Kc], UDF1 (81), bits (44)
bits checks
UDF1 checks
River [9h 4s Jd Kc 2c], UDF1 (81), bits (44)
bits checks
UDF1 bets 53
bits calls
UDF1 shows [Ah 2h]
bits shows [4d Th]
UDF1 awarded -134
bits awarded 134

Round #659, bits (11390), UDF1 (-11390)
bits posts blind: 10
UDF1 posts blind: 20
bits received [7s 7d]
UDF1 received [7c 4c]
bits raises to 60
UDF1 folds
bits awarded 20
UDF1 awarded -20

Round #660, UDF1 (-11410), bits (11410)
UDF1 posts blind: 10
bits posts blind: 20
UDF1 received [Ad 3c]
bits received [6h 9h]
UDF1 calls
bits checks
Flop [2d 9s 2h], UDF1 (20), bits (20)
bits bids 47
UDF1 bids 81
UDF1 won the auction and was revealed [6h]
Flop [2d 9s 2h], UDF1 (67), bits (20)
bits bets 43
UDF1 calls
Turn [2d 9s 2h 6s], UDF1 (110), bits (63)
bits bets 86
UDF1 folds
UDF1 awarded -110
bits awarded 110

Round #661, bits (11520), UDF1 (-11520)
bits posts blind: 10
UDF1 posts blind: 20
bits received [Ts Tc]
UDF1 received [6s 7s]
bits raises to 60
UDF1 calls
Flop [9h Ah Ac], bits (60), UDF1 (60)
UDF1 bids 81
bits bids 137
bits won the auction and was revealed [7s]
Flop [9h Ah Ac], bits (141), UDF1 (60)
UDF1 checks
bits bets 100
UDF1 folds
bits awarded 60
UDF1 awarded -60

Round #662, UDF1 (-11580), bits (11580)
UDF1 posts blind: 10
bits posts blind: 20
UDF1 received [9d 9s]
bits received [7h 8d]
UDF1 raises to 3711
bits folds
UDF1 awarded 20
bits awarded -20

Round #663, bits (11560), UDF1 (-11560)
bits posts blind: 10
UDF1 posts blind: 20
bits received [5c Js]
UDF1 received [Ad 2c]
bits calls
UDF1 checks
Flop [7d Jc Qc], bits (20), UDF1 (20)
UDF1 bids 82
bits bids 42
UDF1 won the auction and was revealed [5c]
Flop [7d Jc Qc], bits (20), UDF1 (62)
UDF1 bets 32
bits calls
Turn [7d Jc Qc 9h], bits (52), UDF1 (94)
UDF1 checks
bits bets 73
UDF1 folds
bits awarded 94
UDF1 awarded -94

Round #664, UDF1 (-11654), bits (11654)
UDF1 posts blind: 10
bits posts blind: 20
UDF1 received [9c 6c]
bits received [Kh Td]
UDF1 calls
bits checks
Flop [3s 5s As], UDF1 (20), bits (20)
bits bids 24
UDF1 bids 90
UDF1 won the auction and was revealed [Kh]
Flop [3s 5s As], UDF1 (44), bits (20)
bits checks
UDF1 checks
Turn [3s 5s As Js], UDF1 (44), bits (20)
bits checks
UDF1 checks
River [3s 5s As Js Jd], UDF1 (44), bits (20)
bits checks
UDF1 checks
UDF1 shows [9c 6c]
bits shows [Kh Td]
UDF1 awarded -44
bits awarded 44

Round #665, bits (11698), UDF1 (-11698)
bits posts blind: 10
UDF1 posts blind: 20
bits received [3s 5c]
UDF1 received [Qh 6d]
bits calls
UDF1 checks
Flop [5d 2h Ah], bits (20), UDF1 (20)
UDF1 bids 75
bits bids 35
UDF1 won the auction and was revealed [3s]
Flop [5d 2h Ah], bits (20), UDF1 (55)
UDF1 checks
bits checks
Turn [5d 2h Ah 4d], bits (20), UDF1 (55)
UDF1 checks
bits bets 37
UDF1 folds
bits awarded 55
UDF1 awarded -55

Round #666, UDF1 (-11753), bits (11753)
UDF1 posts blind: 10
bits posts blind: 20
UDF1 received [8s Ts]
bits received [Kh 4d]
UDF1 calls
bits checks
Flop [Ks Jc Js], UDF1 (20), bits (20)
bits bids 48
UDF1 bids 92
UDF1 won the auction and was revealed [Kh]
Flop [Ks Jc Js], UDF1 (68), bits (20)
bits bets 44
UDF1 calls
Turn [Ks Jc Js 2d], UDF1 (112), bits (64)
bits bets 88
UDF1 folds
UDF1 awarded -112
bits awarded 112

Round #667, bits (11865), UDF1 (-11865)
bits posts blind: 10
UDF1 posts blind: 20
bits received [2d 6s]
UDF1 received [Jh 3c]
bits calls
UDF1 checks
Flop [2s Kd 2h], bits (20), UDF1 (20)
UDF1 bids 92
bits bids 4980
bits won the auction and was revealed [3c]
Flop [2s Kd 2h], bits (112), UDF1 (20)
UDF1 checks
bits bets 66
UDF1 calls
Turn [2s Kd 2h 7d], bits (178), UDF1 (86)
UDF1 checks
bits bets 330
UDF1 folds
bits awarded 86
UDF1 awarded -86

Round #668, UDF1 (-11951), bits (11951)
UDF1 posts blind: 10
bits posts blind: 20
UDF1 received [9c Jh]
bits received [4s Qh]
UDF1 raises to 980
bits folds
UDF1 awarded 20
bits awarded -20

Round #669, bits (11931), UDF1 (-11931)
bits posts blind: 10
UDF1 posts blind: 20
bits received [3d Ad]
UDF1 received [3s 7c]
bits calls
UDF1 checks
Flop [Ts 3c Qs], bits (20), UDF1 (20)
UDF1 bids 82
bits bids 35
UDF1 won the auction and was revealed [3d]
Flop [Ts 3c Qs], bits (20), UDF1 (55)
UDF1 checks
bits checks
Turn [Ts 3c Qs 9s], bits (20), UDF1 (55)
UDF1 checks
bits checks
River [Ts 3c Qs 9s 4s], bits (20), UDF1 (55)
UDF1 bets 58
bits folds
bits awarded -20
UDF1 awarded 20

Round #670, UDF1 (-11911), bits (11911)
UDF1 posts blind: 10
bits posts blind: 20
UDF1 received [3d 8h]
bits received [8s 9c]
UDF1 calls
bits checks
Flop [4h 5c 7c], UDF1 (20), bits (20)
bits bids 22
UDF1 bids 77
UDF1 won the auction and was revealed [8s]
Flop [4h 5c 7c], UDF1 (42), bits (20)
bits checks
UDF1 checks
Turn [4h 5c 7c 4d], UDF1 (42), bits (20)
bits checks
UDF1 checks
River [4h 5c 7c 4d Qd], UDF1 (42), bits (20)
bits checks
UDF1 checks
UDF1 shows [3d 8h]
bits shows [8s 9c]
UDF1 awarded -42
bits awarded 42

Round #671, bits (11953), UDF1 (-11953)
bits posts blind: 10
UDF1 posts blind: 20
bits received [Td 6s]
UDF1 received [Qd 4s]
bits calls
UDF1 checks
Flop [3h Jd Tc], bits (20), UDF1 (20)
UDF1 bids 77
bits bids 41
UDF1 won the auction and was revealed [Td]
Flop [3h Jd Tc], bits (20), UDF1 (61)
UDF1 checks
bits bets 40
UDF1 folds
bits awarded 61
UDF1 awarded -61

Round #672, UDF1 (-12014), bits (12014)
UDF1 posts blind: 10
bits posts blind: 20
UDF1 received [2s Qh]
bits received [Ad 5s]
UDF1 calls
bits checks
Flop [4c Ks 4s], UDF1 (20), bits (20)
bits bids 37
UDF1 bids 77
UDF1 won the auction and was revealed [5s]
Flop [4c Ks 4s], UDF1 (57), bits (20)
bits checks
UDF1 bets 27
bits calls
Turn [4c Ks 4s 8d], UDF1 (84), bits (47)
bits checks
UDF1 checks
River [4c Ks 4s 8d Ah], UDF1 (84), bits (47)
bits bets 65
UDF1 calls
UDF1 shows [2s Qh]
bits shows [Ad 5s]
UDF1 awarded -149
bits awarded 149

Round #673, bits (12163), UDF1 (-12163)
bits posts blind: 10
UDF1 posts blind: 20
bits received [Kc 6d]
UDF1 received [Kh 8c]
bits calls
UDF1 raises to 1058
bits folds
bits awarded -20
UDF1 awarded 20

Round #674, UDF1 (-12143), bits (12143)
UDF1 posts blind: 10
bits posts blind: 20
UDF1 received [Jc 8d]
bits received [4c Kd]
UDF1 calls
bits checks
Flop [9h 3d Td], UDF1 (20), bits (20)
bits bids 24
UDF1 bids 89
UDF1 won the auction and was revealed [Kd]
Flop [9h 3d Td], UDF1 (44), bits (20)
bits checks
UDF1 bets 24
bits calls
Turn [9h 3d Td 4h], UDF1 (68), bits (44)
bits checks
UDF1 checks
River [9h 3d Td 4h As], UDF1 (68), bits (44)
bits checks
UDF1 checks
UDF1 shows [Jc 8d]
bits shows [4c Kd]
UDF1 awarded -68
bits awarded 68

Round #675, bits (12211), UDF1 (-12211)
bits posts blind: 10
UDF1 posts blind: 20
bits received [8d 8s]
UDF1 received [Kd 5c]
bits raises to 60
UDF1 folds
bits awarded 20
UDF1 awarded -20

Round #676, UDF1 (-12231), bits (12231)
UDF1 posts blind: 10
bits posts blind: 20
UDF1 received [7d 9s]
bits received [6c 8c]
UDF1 calls
bits checks
Flop [Td 7s Ts], UDF1 (20), bits (20)
bits bids 21
UDF1 bids 83
UDF1 won the auction and was revealed [8c]
Flop [Td 7s Ts], UDF1 (41), bits (20)
bits checks
UDF1 bets 23
bits folds
UDF1 awarded 20
bits awarded -20

Round #677, bits (12211), UDF1 (-12211)
bits posts blind: 10
UDF1 posts blind: 20
bits received [7h Jh]
UDF1 received [8s Ts]
bits calls
UDF1 checks
Flop [As Js Ks], bits (20), UDF1 (20)
UDF1 bids 100
bits bids 32
UDF1 won the auction and was revealed [7h]
Flop [As Js Ks], bits (20), UDF1 (52)
UDF1 bets 49
bits calls
Turn [As Js Ks Qd], bits (69), UDF1 (101)
UDF1 bets 104
bits calls
River [As Js Ks Qd Ah], bits (173), UDF1 (205)
UDF1 bets 284
bits calls
bits shows [7h Jh]
UDF1 shows [8s Ts]
bits awarded -457
UDF1 awarded 457

Round #678, UDF1 (-11754), bits (11754)
UDF1 posts blind: 10
bits posts blind: 20
UDF1 received [9d Qc]
bits received [Ks 6d]
UDF1 calls
bits checks
Flop [9h 6h Ac], UDF1 (20), bits (20)
bits bids 39
UDF1 bids 96
UDF1 won the auction and was revealed [Ks]
Flop [9h 6h Ac], UDF1 (59), bits (20)
bits checks
UDF1 bets 34
bits calls
Turn [9h 6h Ac Jd], UDF1 (93), bits (54)
bits bets 73
UDF1 calls
River [9h 6h Ac Jd Jc], UDF1 (166), bits (127)
bits checks
UDF1 bets 195
bits calls
UDF1 shows [9d Qc]
bits shows [Ks 6d]
UDF1 awarded 322
bits awarded -322

Round #679, bits (11432), UDF1 (-11432)
bits posts blind: 10
UDF1 posts blind: 20
bits received [7c 6h]
UDF1 received [2d 4c]
bits calls
UDF1 checks
Flop [2c 4d As], bits (20), UDF1 (20)
UDF1 bids 101
bits bids 11
UDF1 won the auction and was revealed [6h]
Flop [2c 4d As], bits (20), UDF1 (31)
UDF1 bets 29
bits folds
bits awarded -20
UDF1 awarded 20

Round #680, UDF1 (-11412), bits (11412)
UDF1 posts blind: 10
bits posts blind: 20
UDF1 received [8d 5s]
bits received [4d Qs]
UDF1 calls
bits checks
Flop [2s Qd Kh], UDF1 (20), bits (20)
bits bids 47
UDF1 bids 81
UDF1 won the auction and was revealed [Qs]
Flop [2s Qd Kh], UDF1 (67), bits (20)
bits bets 43
UDF1 folds
UDF1 awarded -67
bits awarded 67

Round #681, bits (11479), UDF1 (-11479)
bits posts blind: 10
UDF1 posts blind: 20
bits received [Js Ad]
UDF1 received [5s 2c]
bits calls
UDF1 checks
Flop [7s Td Kd], bits (20), UDF1 (20)
UDF1 bids 86
bits bids 36
UDF1 won the auction and was revealed [Js]
Flop [7s Td Kd], bits (20), UDF1 (56)
UDF1 checks
bits checks
Turn [7s Td Kd 2h], bits (20), UDF1 (56)
UDF1 bets 32
bits calls
River [7s Td Kd 2h 6h], bits (52), UDF1 (88)
UDF1 bets 68
bits folds
bits awarded -52
UDF1 awarded 52

Round #682, UDF1 (-11427), bits (11427)
UDF1 posts blind: 10
bits posts blind: 20
UDF1 received [9s 2h]
bits received [9c 4c]
UDF1 calls
bits checks
Flop [Ah 4d 7d], UDF1 (20), bits (20)
bits bids 34
UDF1 bids 82
UDF1 won the auction and was revealed [9c]
Flop [Ah 4d 7d], UDF1 (54), bits (20)
bits checks
UDF1 checks
Turn [Ah 4d 7d Jh], UDF1 (54), bits (20)
bits checks
UDF1 checks
River [Ah 4d 7d Jh 3h], UDF1 (54), bits (20)
bits checks
UDF1 checks
UDF1 shows [9s 2h]
bits shows [9c 4c]
UDF1 awarded -54
bits awarded 54

Round #683, bits (11481), UDF1 (-11481)
bits posts blind: 10
UDF1 posts blind: 20
bits received [7c Ts]
UDF1 received [Ac Tc]
bits calls
UDF1 raises to 3500
bits folds
bits awarded -20
UDF1 awarded 20

Round #684, UDF1 (-11461), bits (11461)
UDF1 posts blind: 10
bits posts blind: 20
UDF1 received [6d 4s]
bits received [8c 9d]
UDF1 calls
bits checks
Flop [2c 6s 5c], UDF1 (20), bits (20)
bits bids 22
UDF1 bids 88
UDF1 won the auction and was revealed [9d]
Flop [2c 6s 5c], UDF1 (42), bits (20)
bits checks
UDF1 bets 26
bits folds
UDF1 awarded 20
bits awarded -20

Round #685, bits (11441), UDF1 (-11441)
bits posts blind: 10
UDF1 posts blind: 20
bits received [5c Qs]
UDF1 received [Jh 8d]
bits calls
UDF1 checks
Flop [7d 2s Jc], bits (20), UDF1 (20)
UDF1 bids 91
bits bids 20
UDF1 won the auction and was revealed [5c]
Flop [7d 2s Jc], bits (20), UDF1 (40)
UDF1 bets 35
bits folds
bits awarded -20
UDF1 awarded 20

Round #686, UDF1 (-11421), bits (11421)
UDF1 posts blind: 10
bits posts blind: 20
UDF1 received [9d Jc]
bits received [7c Qd]
UDF1 calls
bits checks
Flop [Tc 8c 5d], UDF1 (20), bits (20)
bits bids 24
UDF1 bids 92
UDF1 won the auction and was revealed [Qd]
Flop [Tc 8c 5d], UDF1 (44), bits (20)
bits checks
UDF1 checks
Turn [Tc 8c 5d 2c], UDF1 (44), bits (20)
bits checks
UDF1 checks
River [Tc 8c 5d 2c Js], UDF1 (44), bits (20)
bits checks
UDF1 bets 50
bits folds
UDF1 awarded 20
bits awarded -20

Round #687, bits (11401), UDF1 (-11401)
bits posts blind: 10
UDF1 posts blind: 20
bits received [Jd 4s]
UDF1 received [4d 7s]
bits calls
UDF1 checks
Flop [Qh 2h 5s], bits (20), UDF1 (20)
UDF1 bids 82
bits bids 21
UDF1 won the auction and was revealed [Jd]
Flop [Qh 2h 5s], bits (20), UDF1 (41)
UDF1 bets 20
bits calls
Turn [Qh 2h 5s Qs], bits (40), UDF1 (61)
UDF1 checks
bits checks
River [Qh 2h 5s Qs 9d], bits (40), UDF1 (61)
UDF1 checks
bits checks
bits shows [Jd 4s]
UDF1 shows [4d 7s]
bits awarded 61
UDF1 awarded -61

Round #688, UDF1 (-11462), bits (11462)
UDF1 posts blind: 10
bits posts blind: 20
UDF1 received [6c Ts]
bits received [2c 4d]
UDF1 calls
bits checks
Flop [6s Td Jc], UDF1 (20), bits (20)
bits bids 10
UDF1 bids 97
UDF1 won the auction and was revealed [4d]
Flop [6s Td Jc], UDF1 (30), bits (20)
bits checks
UDF1 bets 31
bits folds
UDF1 awarded 20
bits awarded -20

Round #689, bits (11442), UDF1 (-11442)
bits posts blind: 10
UDF1 posts blind: 20
bits received [8h 7d]
UDF1 received [5s Qs]
bits calls
UDF1 checks
Flop [6c Ks 6h], bits (20), UDF1 (20)
UDF1 bids 86
bits bids 17
UDF1 won the auction and was revealed [7d]
Flop [6c Ks 6h], bits (20), UDF1 (37)
UDF1 bets 23
bits folds
bits awarded -20
UDF1 awarded 20

Round #690, UDF1 (-11422), bits (11422)
UDF1 posts blind: 10
bits posts blind: 20
UDF1 received [Qd 7s]
bits received [9d Kh]
UDF1 calls
bits checks
Flop [5d Ts 7h], UDF1 (20), bits (20)
bits bids 27
UDF1 bids 87
UDF1 won the auction and was revealed [9d]
Flop [5d Ts 7h], UDF1 (47), bits (20)
bits checks
UDF1 bets 26
bits calls
Turn [5d Ts 7h Kc], UDF1 (73), bits (46)
bits bets 59
UDF1 calls
River [5d Ts 7h Kc 6s], UDF1 (132), bits (105)
bits bets 118
UDF1 calls
UDF1 shows [Qd 7s]
bits shows [9d Kh]
UDF1 awarded -250
bits awarded 250

Round #691, bits (11672), UDF1 (-11672)
bits posts blind: 10
UDF1 posts blind: 20
bits received [Kh 3s]
UDF1 received [3h As]
bits calls
UDF1 checks
Flop [Jc 9s Jh], bits (20), UDF1 (20)
UDF1 bids 88
bits bids 28
UDF1 won the auction and was revealed [Kh]
Flop [Jc 9s Jh], bits (20), UDF1 (48)
UDF1 bets 30
bits calls
Turn [Jc 9s Jh 6c], bits (50), UDF1 (78)
UDF1 bets 54
bits calls
River [Jc 9s Jh 6c 4c], bits (104), UDF1 (132)
UDF1 bets 90
bits folds
bits awarded -104
UDF1 awarded 104

Round #692, UDF1 (-11568), bits (11568)
UDF1 posts blind: 10
bits posts blind: 20
UDF1 received [6h 8h]
bits received [4s 9h]
UDF1 calls
bits checks
Flop [5d 7d 6s], UDF1 (20), bits (20)
bits bids 21
UDF1 bids 100
UDF1 won the auction and was revealed [4s]
Flop [5d 7d 6s], UDF1 (41), bits (20)
bits checks
UDF1 bets 28
bits calls
Turn [5d 7d 6s Jd], UDF1 (69), bits (48)
bits checks
UDF1 bets 52
bits folds
UDF1 awarded 48
bits awarded -48

Round #693, bits (11520), UDF1 (-11520)
bits posts blind: 10
UDF1 posts blind: 20
bits received [4c 5s]
UDF1 received [Qc 4s]
bits calls
UDF1 checks
Flop [7s 6s As], bits (20), UDF1 (20)
UDF1 bids 101
bits bids 31
UDF1 won the auction and was revealed [4c]
Flop [7s 6s As], bits (20), UDF1 (51)
UDF1 bets 34
bits calls
Turn [7s 6s As Td], bits (54), UDF1 (85)
UDF1 bets 66
bits folds
bits awarded -54
UDF1 awarded 54

Round #694, UDF1 (-11466), bits (11466)
UDF1 posts blind: 10
bits posts blind: 20
UDF1 received [5d 6d]
bits received [Ks 9c]
UDF1 raises to 1802
bits folds
UDF1 awarded 20
bits awarded -20

Round #695, bits (11446), UDF1 (-11446)
bits posts blind: 10
UDF1 posts blind: 20
bits received [6s Jc]
UDF1 received [9d 5c]
bits calls
UDF1 checks
Flop [8c 7d 5d], bits (20), UDF1 (20)
UDF1 bids 95
bits bids 27
UDF1 won the auction and was revealed [Jc]
Flop [8c 7d 5d], bits (20), UDF1 (47)
UDF1 bets 32
bits calls
Turn [8c 7d 5d 2d], bits (52), UDF1 (79)
UDF1 bets 85
bits folds
bits awarded -52
UDF1 awarded 52

Round #696, UDF1 (-11394), bits (11394)
UDF1 posts blind: 10
bits posts blind: 20
UDF1 received [5d 8c]
bits received [Th 3c]
UDF1 calls
bits checks
Flop [Ad 7s As], UDF1 (20), bits (20)
bits bids 16
UDF1 bids 99
UDF1 won the auction and was revealed [3c]
Flop [Ad 7s As], UDF1 (36), bits (20)
bits checks
UDF1 checks
Turn [Ad 7s As Jc], UDF1 (36), bits (20)
bits checks
UDF1 checks
River [Ad 7s As Jc Td], UDF1 (36), bits (20)
bits bets 28
UDF1 folds
UDF1 awarded -36
bits awarded 36

Round #697, bits (11430), UDF1 (-11430)
bits posts blind: 10
UDF1 posts blind: 20
bits received [Tc 6c]
UDF1 received [As 4s]
bits calls
UDF1 raises to 2127
bits folds
bits awarded -20
UDF1 awarded 20

Round #698, UDF1 (-11410), bits (11410)
UDF1 posts blind: 10
bits posts blind: 20
UDF1 received [Kd 6s]
bits received [5s Js]
UDF1 calls
bits checks
Flop [Jc 2d 2c], UDF1 (20), bits (20)
bits bids 42
UDF1 bids 77
UDF1 won the auction and was revealed [Js]
Flop [Jc 2d 2c], UDF1 (62), bits (20)
bits bets 41
UDF1 folds
UDF1 awarded -62
bits awarded 62

Round #699, bits (11472), UDF1 (-11472)
bits posts blind: 10
UDF1 posts blind: 20
bits received [4c 3d]
UDF1 received [7s Tc]
bits calls
UDF1 checks
Flop [Qc 9s Jh], bits (20), UDF1 (20)
UDF1 bids 99
bits bids 10
UDF1 won the auction and was revealed [4c]
Flop [Qc 9s Jh], bits (20), UDF1 (30)
UDF1 bets 24
bits folds
bits awarded -20
UDF1 awarded 20

Round #700, UDF1 (-11452), bits (11452)
UDF1 posts blind: 10
bits posts blind: 20
UDF1 received [Jh 8h]
bits received [Kc 7d]
UDF1 calls
bits checks
Flop [Jc Ac 5s], UDF1 (20), bits (20)
bits bids 31
UDF1 bids 97
UDF1 won the auction and was revealed [Kc]
Flop [Jc Ac 5s], UDF1 (51), bits (20)
bits checks
UDF1 bets 27
bits calls
Turn [Jc Ac 5s Ts], UDF1 (78), bits (47)
bits checks
UDF1 bets 51
bits calls
River [Jc Ac 5s Ts 7c], UDF1 (129), bits (98)
bits checks
UDF1 bets 65
bits calls
UDF1 shows [Jh 8h]
bits shows [Kc 7d]
UDF1 awarded 163
bits awarded -163

Round #701, bits (11289), UDF1 (-11289)
bits posts blind: 10
UDF1 posts blind: 20
bits received [5s 7d]
UDF1 received [9s Td]
bits calls
UDF1 checks
Flop [3s 9c Jh], bits (20), UDF1 (20)
UDF1 bids 98
bits bids 16
UDF1 won the auction and was revealed [7d]
Flop [3s 9c Jh], bits (20), UDF1 (36)
UDF1 bets 34
bits folds
bits awarded -20
UDF1 awarded 20

Round #702, UDF1 (-11269), bits (11269)
UDF1 posts blind: 10
bits posts blind: 20
UDF1 received [Ks 8s]
bits received [3h 8c]
UDF1 calls
bits checks
Flop [Ac 5c Kh], UDF1 (20), bits (20)
bits bids 17
UDF1 bids 102
UDF1 won the auction and was revealed [8c]
Flop [Ac 5c Kh], UDF1 (37), bits (20)
bits checks
UDF1 bets 32
bits folds
UDF1 awarded 20
bits awarded -20

Round #703, bits (11249), UDF1 (-11249)
bits posts blind: 10
UDF1 posts blind: 20
bits received [Ks 7d]
UDF1 received [As Tc]
bits calls
UDF1 checks
Flop [Kd 2d Js], bits (20), UDF1 (20)
UDF1 bids 84
bits bids 47
UDF1 won the auction and was revealed [Ks]
Flop [Kd 2d Js], bits (20), UDF1 (67)
UDF1 checks
bits bets 43
UDF1 folds
bits awarded 67
UDF1 awarded -67

Round #704, UDF1 (-11316), bits (11316)
UDF1 posts blind: 10
bits posts blind: 20
UDF1 received [7c 2s]
bits received [7d Qc]
UDF1 calls
bits checks
Flop [Kh Qs 4h], UDF1 (20), bits (20)
bits bids 46
UDF1 bids 88
UDF1 won the auction and was revealed [7d]
Flop [Kh Qs 4h], UDF1 (66), bits (20)
bits bets 43
UDF1 folds
UDF1 awarded -66
bits awarded 66

Round #705, bits (11382), UDF1 (-11382)
bits posts blind: 10
UDF1 posts blind: 20
bits received [As 2h]
UDF1 received [5h Kc]
bits calls
UDF1 checks
Flop [7h Jh 2d], bits (20), UDF1 (20)
UDF1 bids 76
bits bids 37
UDF1 won the auction and was revealed [As]
Flop [7h Jh 2d], bits (20), UDF1 (57)
UDF1 checks
bits checks
Turn [7h Jh 2d 9h], bits (20), UDF1 (57)
UDF1 checks
bits checks
River [7h Jh 2d 9h 4s], bits (20), UDF1 (57)
UDF1 checks
bits checks
bits shows [As 2h]
UDF1 shows [5h Kc]
bits awarded 57
UDF1 awarded -57

Round #706, UDF1 (-11439), bits (11439)
UDF1 posts blind: 10
bits posts blind: 20
UDF1 received [8h 9h]
bits received [8s 2c]
UDF1 raises to 2207
bits folds
UDF1 awarded 20
bits awarded -20

Round #707, bits (11419), UDF1 (-11419)
bits posts blind: 10
UDF1 posts blind: 20
bits received [8c 9s]
UDF1 received [Kc 9c]
bits calls
UDF1 checks
Flop [8s 4c 9d], bits (20), UDF1 (20)
UDF1 bids 88
bits bids 4980
bits won the auction and was revealed [9c]
Flop [8s 4c 9d], bits (108), UDF1 (20)
UDF1 bets 71
bits calls
Turn [8s 4c 9d 2s], bits (179), UDF1 (91)
UDF1 bets 153
bits calls
River [8s 4c 9d 2s 5s], bits (332), UDF1 (244)
UDF1 bets 428
bits raises to 1255
UDF1 calls
bits shows [8c 9s]
UDF1 shows [Kc 9c]
bits awarded 1499
UDF1 awarded -1499

Round #708, UDF1 (-12918), bits (12918)
UDF1 posts blind: 10
bits posts blind: 20
UDF1 received [Jd Ah]
bits received [Qc 6h]
UDF1 raises to 3449
bits folds
UDF1 awarded 20
bits awarded -20

Round #709, bits (12898), UDF1 (-12898)
bits posts blind: 10
UDF1 posts blind: 20
bits received [9c 5c]
UDF1 received [As Jc]
bits calls
UDF1 raises to 3406
bits folds
bits awarded -20
UDF1 awarded 20

Round #710, UDF1 (-12878), bits (12878)
UDF1 posts blind: 10
bits posts blind: 20
UDF1 received [As 9c]
bits received [7c 8d]
UDF1 calls
bits checks
Flop [Qs 9s Td], UDF1 (20), bits (20)
bits bids 22
UDF1 bids 98
UDF1 won the auction and was revealed [7c]
Flop [Qs 9s Td], UDF1 (42), bits (20)
bits checks
UDF1 bets 35
bits folds
UDF1 awarded 20
bits awarded -20

Round #711, bits (12858), UDF1 (-12858)
bits posts blind: 10
UDF1 posts blind: 20
bits received [Qh Td]
UDF1 received [7h 9s]
bits calls
UDF1 checks
Flop [Jd 8d 4d], bits (20), UDF1 (20)
UDF1 bids 77
bits bids 36
UDF1 won the auction and was revealed [Td]
Flop [Jd 8d 4d], bits (20), UDF1 (56)
UDF1 checks
bits checks
Turn [Jd 8d 4d 7c], bits (20), UDF1 (56)
UDF1 bets 27
bits calls
River [Jd 8d 4d 7c Jh], bits (47), UDF1 (83)
UDF1 checks
bits checks
bits shows [Qh Td]
UDF1 shows [7h 9s]
bits awarded -47
UDF1 awarded 47

Round #712, UDF1 (-12811), bits (12811)
UDF1 posts blind: 10
bits posts blind: 20
UDF1 received [2s 3d]
bits received [5s 4d]
UDF1 calls
bits checks
Flop [2c Ac 4s], UDF1 (20), bits (20)
bits bids 40
UDF1 bids 77
UDF1 won the auction and was revealed [5s]
Flop [2c Ac 4s], UDF1 (60), bits (20)
bits bets 40
UDF1 calls
Turn [2c Ac 4s Jd], UDF1 (100), bits (60)
bits checks
UDF1 checks
River [2c Ac 4s Jd Ks], UDF1 (100), bits (60)
bits checks
UDF1 checks
UDF1 shows [2s 3d]
bits shows [5s 4d]
UDF1 awarded -100
bits awarded 100

Round #713, bits (12911), UDF1 (-12911)
bits posts blind: 10
UDF1 posts blind: 20
bits received [Js 8h]
UDF1 received [6s 8s]
bits calls
UDF1 checks
Flop [Ks 6d 9s], bits (20), UDF1 (20)
UDF1 bids 101
bits bids 25
UDF1 won the auction and was revealed [Js]
Flop [Ks 6d 9s], bits (20), UDF1 (45)
UDF1 bets 27
bits calls
Turn [Ks 6d 9s Qc], bits (47), UDF1 (72)
UDF1 bets 47
bits folds
bits awarded -47
UDF1 awarded 47

Round #714, UDF1 (-12864), bits (12864)
UDF1 posts blind: 10
bits posts blind: 20
UDF1 received [6d 7d]
bits received [Ah As]
UDF1 raises to 1887
bits calls
Flop [6c 3c Qh], UDF1 (1887), bits (1887)
bits bids 3113
UDF1 bids 89
bits won the auction and was revealed [6d]
Flop [6c 3c Qh], UDF1 (1887), bits (1976)
bits bets 1931
UDF1 calls
Turn [6c 3c Qh Kd], UDF1 (3818), bits (3907)
bits bets 1093
UDF1 calls
River [6c 3c Qh Kd 5d], UDF1 (4911), bits (5000)
bits checks
UDF1 checks
UDF1 shows [6d 7d]
bits shows [Ah As]
UDF1 awarded -4911
bits awarded 4911

Round #715, bits (17775), UDF1 (-17775)
bits posts blind: 10
UDF1 posts blind: 20
bits received [Ac 4c]
UDF1 received [4d Qh]
bits calls
UDF1 checks
Flop [2d 8c 6c], bits (20), UDF1 (20)
UDF1 bids 79
bits bids 38
UDF1 won the auction and was revealed [Ac]
Flop [2d 8c 6c], bits (20), UDF1 (58)
UDF1 checks
bits bets 39
UDF1 folds
bits awarded 58
UDF1 awarded -58

Round #716, UDF1 (-17833), bits (17833)
UDF1 posts blind: 10
bits posts blind: 20
UDF1 received [As 4h]
bits received [7s 6c]
UDF1 calls
bits checks
Flop [7c 9c Jh], UDF1 (20), bits (20)
bits bids 34
UDF1 bids 81
UDF1 won the auction and was revealed [7s]
Flop [7c 9c Jh], UDF1 (54), bits (20)
bits checks
UDF1 checks
Turn [7c 9c Jh Jd], UDF1 (54), bits (20)
bits checks
UDF1 checks
River [7c 9c Jh Jd 2h], UDF1 (54), bits (20)
bits bets 37
UDF1 folds
UDF1 awarded -54
bits awarded 54

Round #717, bits (17887), UDF1 (-17887)
bits posts blind: 10
UDF1 posts blind: 20
bits received [6c Jh]
UDF1 received [Jc 9s]
bits calls
UDF1 raises to 797
bits folds
bits awarded -20
UDF1 awarded 20

Round #718, UDF1 (-17867), bits (17867)
UDF1 posts blind: 10
bits posts blind: 20
UDF1 received [Qh Kd]
bits received [2h Ah]
UDF1 raises to 3670
bits folds
UDF1 awarded 20
bits awarded -20

Round #719, bits (17847), UDF1 (-17847)
bits posts blind: 10
UDF1 posts blind: 20
bits received [2s 8s]
UDF1 received [8d 7h]
bits calls
UDF1 checks
Flop [Kd 9h 5s], bits (20), UDF1 (20)
UDF1 bids 82
bits bids 15
UDF1 won the auction and was revealed [8s]
Flop [Kd 9h 5s], bits (20), UDF1 (35)
UDF1 checks
bits checks
Turn [Kd 9h 5s Qs], bits (20), UDF1 (35)
UDF1 checks
bits checks
River [Kd 9h 5s Qs Jc], bits (20), UDF1 (35)
UDF1 checks
bits checks
bits shows [2s 8s]
UDF1 shows [8d 7h]
bits awarded 7
UDF1 awarded -7

Round #720, UDF1 (-17854), bits (17854)
UDF1 posts blind: 10
bits posts blind: 20
UDF1 received [Th Qh]
bits received [4c Qc]
UDF1 raises to 2151
bits folds
UDF1 awarded 20
bits awarded -20

Round #721, bits (17834), UDF1 (-17834)
bits posts blind: 10
UDF1 posts blind: 20
bits received [Ac Kh]
UDF1 received [4d Qs]
bits raises to 60
UDF1 folds
bits awarded 20
UDF1 awarded -20

Round #722, UDF1 (-17854), bits (17854)
UDF1 posts blind: 10
bits posts blind: 20
UDF1 received [5s 6s]
bits received [Kc 9h]
UDF1 raises to 2028
bits folds
UDF1 awarded 20
bits awarded -20

Round #723, bits (17834), UDF1 (-17834)
bits posts blind: 10
UDF1 posts blind: 20
bits received [6s Kc]
UDF1 received [7h 9h]
bits calls
UDF1 checks
Flop [8h 9c 2h], bits (20), UDF1 (20)
UDF1 bids 81
bits bids 20
UDF1 won the auction and was revealed [6s]
Flop [8h 9c 2h], bits (20), UDF1 (40)
UDF1 bets 42
bits folds
bits awarded -20
UDF1 awarded 20

Round #724, UDF1 (-17814), bits (17814)
UDF1 posts blind: 10
bits posts blind: 20
UDF1 received [2d Ac]
bits received [2h Js]
UDF1 calls
bits checks
Flop [7s Th Qd], UDF1 (20), bits (20)
bits bids 23
UDF1 bids 82
UDF1 won the auction and was revealed [Js]
Flop [7s Th Qd], UDF1 (43), bits (20)
bits checks
UDF1 checks
Turn [7s Th Qd Ad], UDF1 (43), bits (20)
bits checks
UDF1 bets 27
bits folds
UDF1 awarded 20
bits awarded -20

Round #725, bits (17794), UDF1 (-17794)
bits posts blind: 10
UDF1 posts blind: 20
bits received [8c Ah]
UDF1 received [4c 3h]
bits calls
UDF1 checks
Flop [Qc 2d 7d], bits (20), UDF1 (20)
UDF1 bids 95
bits bids 30
UDF1 won the auction and was revealed [8c]
Flop [Qc 2d 7d], bits (20), UDF1 (50)
UDF1 checks
bits checks
Turn [Qc 2d 7d Ac], bits (20), UDF1 (50)
UDF1 checks
bits bets 35
UDF1 folds
bits awarded 50
UDF1 awarded -50

Round #726, UDF1 (-17844), bits (17844)
UDF1 posts blind: 10
bits posts blind: 20
UDF1 received [Ts 8d]
bits received [Kh 4d]
UDF1 raises to 1159
bits folds
UDF1 awarded 20
bits awarded -20

Round #727, bits (17824), UDF1 (-17824)
bits posts blind: 10
UDF1 posts blind: 20
bits received [Jc Js]
UDF1 received [Ts 2s]
bits raises to 60
UDF1 folds
bits awarded 20
UDF1 awarded -20

Round #728, UDF1 (-17844), bits (17844)
UDF1 posts blind: 10
bits posts blind: 20
UDF1 received [Kc 9d]
bits received [2d Ah]
UDF1 calls
bits checks
Flop [2c 5s 4c], UDF1 (20), bits (20)
bits bids 35
UDF1 bids 98
UDF1 won the auction and was revealed [2d]
Flop [2c 5s 4c], UDF1 (55), bits (20)
bits checks
UDF1 checks
Turn [2c 5s 4c Ks], UDF1 (55), bits (20)
bits checks
UDF1 bets 32
bits calls
River [2c 5s 4c Ks 9c], UDF1 (87), bits (52)
bits checks
UDF1 bets 94
bits calls
UDF1 shows [Kc 9d]
bits shows [2d Ah]
UDF1 awarded 146
bits awarded -146

Round #729, bits (17698), UDF1 (-17698)
bits posts blind: 10
UDF1 posts blind: 20
bits received [9s 8d]
UDF1 received [2s 6h]
bits calls
UDF1 checks
Flop [9c Jc 7s], bits (20), UDF1 (20)
UDF1 bids 87
bits bids 40
UDF1 won the auction and was revealed [9s]
Flop [9c Jc 7s], bits (20), UDF1 (60)
UDF1 checks
bits bets 40
UDF1 folds
bits awarded 60
UDF1 awarded -60

Round #730, UDF1 (-17758), bits (17758)
UDF1 posts blind: 10
bits posts blind: 20
UDF1 received [9s Td]
bits received [3h Qc]
UDF1 raises to 1677
bits folds
UDF1 awarded 20
bits awarded -20

Round #731, bits (17738), UDF1 (-17738)
bits posts blind: 10
UDF1 posts blind: 20
bits received [3c 7h]
UDF1 received [Ac Ad]
bits calls
UDF1 raises to 3908
bits folds
bits awarded -20
UDF1 awarded 20

Round #732, UDF1 (-17718), bits (17718)
UDF1 posts blind: 10
bits posts blind: 20
UDF1 received [9h Jc]
bits received [8d 6s]
UDF1 calls
bits checks
Flop [3s Qd Ad], UDF1 (20), bits (20)
bits bids 15
UDF1 bids 84
UDF1 won the auction and was revealed [6s]
Flop [3s Qd Ad], UDF1 (35), bits (20)
bits checks
UDF1 checks
Turn [3s Qd Ad Jh], UDF1 (35), bits (20)
bits checks
UDF1 bets 35
bits folds
UDF1 awarded 20
bits awarded -20

Round #733, bits (17698), UDF1 (-17698)
bits posts blind: 10
UDF1 posts blind: 20
bits received [9h 5d]
UDF1 received [Ts 6h]
bits calls
UDF1 checks
Flop [Jd 2c 2h], bits (20), UDF1 (20)
UDF1 bids 87
bits bids 19
UDF1 won the auction and was revealed [5d]
Flop [Jd 2c 2h], bits (20), UDF1 (39)
UDF1 checks
bits checks
Turn [Jd 2c 2h 4h], bits (20), UDF1 (39)
UDF1 checks
bits checks
River [Jd 2c 2h 4h Kd], bits (20), UDF1 (39)
UDF1 checks
bits checks
bits shows [9h 5d]
UDF1 shows [Ts 6h]
bits awarded -20
UDF1 awarded 20

Round #734, UDF1 (-17678), bits (17678)
UDF1 posts blind: 10
bits posts blind: 20
UDF1 received [6s 3c]
bits received [Kh 9s]
UDF1 calls
bits checks
Flop [2c Th Ac], UDF1 (20), bits (20)
bits bids 25
UDF1 bids 98
UDF1 won the auction and was revealed [9s]
Flop [2c Th Ac], UDF1 (45), bits (20)
bits checks
UDF1 bets 23
bits calls
Turn [2c Th Ac Jh], UDF1 (68), bits (43)
bits checks
UDF1 bets 28
bits calls
River [2c Th Ac Jh 8c], UDF1 (96), bits (71)
bits checks
UDF1 checks
UDF1 shows [6s 3c]
bits shows [Kh 9s]
UDF1 awarded -96
bits awarded 96

Round #735, bits (17774), UDF1 (-17774)
bits posts blind: 10
UDF1 posts blind: 20
bits received [4s 7d]
UDF1 received [Kh 7s]
bits calls
UDF1 checks
Flop [6s 3c 4c], bits (20), UDF1 (20)
UDF1 bids 88
bits bids 37
UDF1 won the auction and was revealed [4s]
Flop [6s 3c 4c], bits (20), UDF1 (57)
UDF1 checks
bits checks
Turn [6s 3c 4c 8s], bits (20), UDF1 (57)
UDF1 checks
bits checks
River [6s 3c 4c 8s Qd], bits (20), UDF1 (57)
UDF1 checks
bits checks
bits shows [4s 7d]
UDF1 shows [Kh 7s]
bits awarded 57
UDF1 awarded -57

Round #736, UDF1 (-17831), bits (17831)
UDF1 posts blind: 10
bits posts blind: 20
UDF1 received [Qd Js]
bits received [9c Th]
UDF1 calls
bits checks
Flop [Ac 8c 4d], UDF1 (20), bits (20)
bits bids 29
UDF1 bids 87
UDF1 won the auction and was revealed [9c]
Flop [Ac 8c 4d], UDF1 (49), bits (20)
bits checks
UDF1 checks
Turn [Ac 8c 4d 2s], UDF1 (49), bits (20)
bits checks
UDF1 checks
River [Ac 8c 4d 2s Jh], UDF1 (49), bits (20)
bits checks
UDF1 bets 46
bits folds
UDF1 awarded 20
bits awarded -20

Round #737, bits (17811), UDF1 (-17811)
bits posts blind: 10
UDF1 posts blind: 20
bits received [Ac 7s]
UDF1 received [8d 4h]
bits calls
UDF1 checks
Flop [6c 2c 2h], bits (20), UDF1 (20)
UDF1 bids 83
bits bids 32
UDF1 won the auction and was revealed [Ac]
Flop [6c 2c 2h], bits (20), UDF1 (52)
UDF1 checks
bits checks
Turn [6c 2c 2h Tc], bits (20), UDF1 (52)
UDF1 checks
bits checks
River [6c 2c 2h Tc 4c], bits (20), UDF1 (52)
UDF1 checks
bits bets 90
UDF1 folds
bits awarded 52
UDF1 awarded -52

Round #738, UDF1 (-17863), bits (17863)
UDF1 posts blind: 10
bits posts blind: 20
UDF1 received [2s 7d]
bits received [2h 6s]
UDF1 raises to 991
bits folds
UDF1 awarded 20
bits awarded -20

Round #739, bits (17843), UDF1 (-17843)
bits posts blind: 10
UDF1 posts blind: 20
bits received [Qs 7h]
UDF1 received [6d 5c]
bits calls
UDF1 checks
Flop [8s 6h Jd], bits (20), UDF1 (20)
UDF1 bids 92
bits bids 23
UDF1 won the auction and was revealed [7h]
Flop [8s 6h Jd], bits (20), UDF1 (43)
UDF1 bets 25
bits calls
Turn [8s 6h Jd 8c], bits (45), UDF1 (68)
UDF1 bets 43
bits folds
bits awarded -45
UDF1 awarded 45

Round #740, UDF1 (-17798), bits (17798)
UDF1 posts blind: 10
bits posts blind: 20
UDF1 received [4d 6c]
bits received [5d Ad]
UDF1 calls
bits checks
Flop [4s Ac 4h], UDF1 (20), bits (20)
bits bids 4980
UDF1 bids 93
bits won the auction and was revealed [6c]
Flop [4s Ac 4h], UDF1 (20), bits (113)
bits bets 66
UDF1 raises to 140
bits calls
Turn [4s Ac 4h 3h], UDF1 (160), bits (253)
bits bets 206
UDF1 raises to 560
bits calls
River [4s Ac 4h 3h Kh], UDF1 (720), bits (813)
bits bets 766
UDF1 raises to 2037
bits folds
UDF1 awarded 1579
bits awarded -1579

Round #741, bits (16219), UDF1 (-16219)
bits posts blind: 10
UDF1 posts blind: 20
bits received [4c 9c]
UDF1 received [Qd 8s]
bits calls
UDF1 checks
Flop [Jd Ts 7h], bits (20), UDF1 (20)
UDF1 bids 83
bits bids 18
UDF1 won the auction and was revealed [9c]
Flop [Jd Ts 7h], bits (20), UDF1 (38)
UDF1 checks
bits checks
Turn [Jd Ts 7h 2h], bits (20), UDF1 (38)
UDF1 checks
bits checks
River [Jd Ts 7h 2h 9d], bits (20), UDF1 (38)
UDF1 bets 42
bits calls
bits shows [4c 9c]
UDF1 shows [Qd 8s]
bits awarded -62
UDF1 awarded 62

Round #742, UDF1 (-16157), bits (16157)
UDF1 posts blind: 10
bits posts blind: 20
UDF1 received [6s 8c]
bits received [Kc 9s]
UDF1 raises to 988
bits folds
UDF1 awarded 20
bits awarded -20

Round #743, bits (16137), UDF1 (-16137)
bits posts blind: 10
UDF1 posts blind: 20
bits received [3c Qh]
UDF1 received [Ad 4d]
bits calls
UDF1 checks
Flop [8c 8h Ah], bits (20), UDF1 (20)
UDF1 bids 99
bits bids 28
UDF1 won the auction and was revealed [3c]
Flop [8c 8h Ah], bits (20), UDF1 (48)
UDF1 bets 41
bits calls
Turn [8c 8h Ah 4s], bits (61), UDF1 (89)
UDF1 bets 96
bits folds
bits awarded -61
UDF1 awarded 61

Round #744, UDF1 (-16076), bits (16076)
UDF1 posts blind: 10
bits posts blind: 20
UDF1 received [6d Ac]
bits received [Ad Jc]
UDF1 calls
bits checks
Flop [5h 3h 8d], UDF1 (20), bits (20)
bits bids 30
UDF1 bids 96
UDF1 won the auction and was revealed [Ad]
Flop [5h 3h 8d], UDF1 (50), bits (20)
bits checks
UDF1 checks
Turn [5h 3h 8d 2d], UDF1 (50), bits (20)
bits checks
UDF1 checks
River [5h 3h 8d 2d 2s], UDF1 (50), bits (20)
bits checks
UDF1 checks
UDF1 shows [6d Ac]
bits shows [Ad Jc]
UDF1 awarded -50
bits awarded 50

Round #745, bits (16126), UDF1 (-16126)
bits posts blind: 10
UDF1 posts blind: 20
bits received [6h Kh]
UDF1 received [4c Td]
bits calls
UDF1 checks
Flop [6d 2h Qh], bits (20), UDF1 (20)
UDF1 bids 95
bits bids 49
UDF1 won the auction and was revealed [6h]
Flop [6d 2h Qh], bits (20), UDF1 (69)
UDF1 checks
bits bets 44
UDF1 folds
bits awarded 69
UDF1 awarded -69

Round #746, UDF1 (-16195), bits (16195)
UDF1 posts blind: 10
bits posts blind: 20
UDF1 received [3c 9h]
bits received [Qh Ac]
UDF1 calls
bits raises to 80
UDF1 folds
UDF1 awarded -20
bits awarded 20

Round #747, bits (16215), UDF1 (-16215)
bits posts blind: 10
UDF1 posts blind: 20
bits received [Ts 7d]
UDF1 received [Js Qs]
bits calls
UDF1 raises to 3460
bits folds
bits awarded -20
UDF1 awarded 20

Round #748, UDF1 (-16195), bits (16195)
UDF1 posts blind: 10
bits posts blind: 20
UDF1 received [Qs 5h]
bits received [9c Qh]
UDF1 raises to 742
bits folds
UDF1 awarded 20
bits awarded -20

Round #749, bits (16175), UDF1 (-16175)
bits posts blind: 10
UDF1 posts blind: 20
bits received [6h 3h]
UDF1 received [9c 4c]
bits calls
UDF1 checks
Flop [Kc Kh Kd], bits (20), UDF1 (20)
UDF1 bids 92
bits bids 18
UDF1 won the auction and was revealed [3h]
Flop [Kc Kh Kd], bits (20), UDF1 (38)
UDF1 bets 20
bits folds
bits awarded -20
UDF1 awarded 20

Round #750, UDF1 (-16155), bits (16155)
UDF1 posts blind: 10
bits posts blind: 20
UDF1 received [9c 2h]
bits received [3c As]
UDF1 calls
bits checks
Flop [Ac 5c 4h], UDF1 (20), bits (20)
bits bids 4980
UDF1 bids 94
bits won the auction and was revealed [2h]
Flop [Ac 5c 4h], UDF1 (20), bits (114)
bits bets 67
UDF1 folds
UDF1 awarded -20
bits awarded 20

Round #751, bits (16175), UDF1 (-16175)
bits posts blind: 10
UDF1 posts blind: 20
bits received [6d 6s]
UDF1 received [5s Kh]
bits raises to 60
UDF1 folds
bits awarded 20
UDF1 awarded -20

Round #752, UDF1 (-16195), bits (16195)
UDF1 posts blind: 10
bits posts blind: 20
UDF1 received [5d 3h]
bits received [7d Th]
UDF1 calls
bits checks
Flop [Kd 3c Ks], UDF1 (20), bits (20)
bits bids 25
UDF1 bids 95
UDF1 won the auction and was revealed [Th]
Flop [Kd 3c Ks], UDF1 (45), bits (20)
bits checks
UDF1 bets 25
bits folds
UDF1 awarded 20
bits awarded -20

Round #753, bits (16175), UDF1 (-16175)
bits posts blind: 10
UDF1 posts blind: 20
bits received [6h 7d]
UDF1 received [Tc Qd]
bits calls
UDF1 checks
Flop [7c 4d 5c], bits (20), UDF1 (20)
UDF1 bids 84
bits bids 42
UDF1 won the auction and was revealed [7d]
Flop [7c 4d 5c], bits (20), UDF1 (62)
UDF1 checks
bits bets 41
UDF1 folds
bits awarded 62
UDF1 awarded -62

Round #754, UDF1 (-16237), bits (16237)
UDF1 posts blind: 10
bits posts blind: 20
UDF1 received [2c 8h]
bits received [Qd 4d]
UDF1 calls
bits checks
Flop [9d 5s 8c], UDF1 (20), bits (20)
bits bids 20
UDF1 bids 92
UDF1 won the auction and was revealed [Qd]
Flop [9d 5s 8c], UDF1 (40), bits (20)
bits checks
UDF1 bets 23
bits folds
UDF1 awarded 20
bits awarded -20

Round #755, bits (16217), UDF1 (-16217)
bits posts blind: 10
UDF1 posts blind: 20
bits received [Kc 3s]
UDF1 received [9d 4d]
bits calls
UDF1 checks
Flop [6s Td 2d], bits (20), UDF1 (20)
UDF1 bids 75
bits bids 23
UDF1 won the auction and was revealed [3s]
Flop [6s Td 2d], bits (20), UDF1 (43)
UDF1 bets 25
bits calls
Turn [6s Td 2d 5s], bits (45), UDF1 (68)
UDF1 checks
bits checks
River [6s Td 2d 5s 6c], bits (45), UDF1 (68)
UDF1 checks
bits checks
bits shows [Kc 3s]
UDF1 shows [9d 4d]
bits awarded 68
UDF1 awarded -68

Round #756, UDF1 (-16285), bits (16285)
UDF1 posts blind: 10
bits posts blind: 20
UDF1 received [9h Ac]
bits received [Ts 8s]
UDF1 calls
bits checks
Flop [4s Qc 6c], UDF1 (20), bits (20)
bits bids 18
UDF1 bids 91
UDF1 won the auction and was revealed [8s]
Flop [4s Qc 6c], UDF1 (38), bits (20)
bits checks
UDF1 bets 24
bits folds
UDF1 awarded 20
bits awarded -20

Round #757, bits (16265), UDF1 (-16265)
bits posts blind: 10
UDF1 posts blind: 20
bits received [Ks 5h]
UDF1 received [Ts 8h]
bits calls
UDF1 checks
Flop [5s Jh Tc], bits (20), UDF1 (20)
UDF1 bids 95
bits bids 39
UDF1 won the auction and was revealed [5h]
Flop [5s Jh Tc], bits (20), UDF1 (59)
UDF1 bets 31
bits calls
Turn [5s Jh Tc 4d], bits (51), UDF1 (90)
UDF1 bets 55
bits calls
River [5s Jh Tc 4d 9d], bits (106), UDF1 (145)
UDF1 bets 174
bits calls
bits shows [Ks 5h]
UDF1 shows [Ts 8h]
bits awarded -280
UDF1 awarded 280

Round #758, UDF1 (-15985), bits (15985)
UDF1 posts blind: 10
bits posts blind: 20
UDF1 received [9c Qc]
bits received [7d 6d]
UDF1 calls
bits checks
Flop [8h 8c Ah], UDF1 (20), bits (20)
bits bids 16
UDF1 bids 81
UDF1 won the auction and was revealed [6d]
Flop [8h 8c Ah], UDF1 (36), bits (20)
bits checks
UDF1 bets 26
bits folds
UDF1 awarded 20
bits awarded -20

Round #759, bits (15965), UDF1 (-15965)
bits posts blind: 10
UDF1 posts blind: 20
bits received [4c 8s]
UDF1 received [Tc 3h]
bits calls
UDF1 checks
Flop [Ts 8d Jd], bits (20), UDF1 (20)
UDF1 bids 86
bits bids 31
UDF1 won the auction and was revealed [4c]
Flop [Ts 8d Jd], bits (20), UDF1 (51)
UDF1 bets 29
bits calls
Turn [Ts 8d Jd Js], bits (49), UDF1 (80)
UDF1 bets 86
bits calls
River [Ts 8d Jd Js Kh], bits (135), UDF1 (166)
UDF1 bets 209
bits calls
bits shows [4c 8s]
UDF1 shows [Tc 3h]
bits awarded -344
UDF1 awarded 344

Round #760, UDF1 (-15621), bits (15621)
UDF1 posts blind: 10
bits posts blind: 20
UDF1 received [Qh Kc]
bits received [6s Ah]
UDF1 raises to 3688
bits folds
UDF1 awarded 20
bits awarded -20

Round #761, bits (15601), UDF1 (-15601)
bits posts blind: 10
UDF1 posts blind: 20
bits received [7s 6d]
UDF1 received [Jh 6c]
bits calls
UDF1 checks
Flop [Ad 3s Jd], bits (20), UDF1 (20)
UDF1 bids 84
bits bids 15
UDF1 won the auction and was revealed [6d]
Flop [Ad 3s Jd], bits (20), UDF1 (35)
UDF1 bets 35
bits folds
bits awarded -20
UDF1 awarded 20

Round #762, UDF1 (-15581), bits (15581)
UDF1 posts blind: 10
bits posts blind: 20
UDF1 received [2h As]
bits received [6s Jh]
UDF1 calls
bits checks
Flop [8c Ah 9c], UDF1 (20), bits (20)
bits bids 17
UDF1 bids 84
UDF1 won the auction and was revealed [6s]
Flop [8c Ah 9c], UDF1 (37), bits (20)
bits checks
UDF1 bets 34
bits folds
UDF1 awarded 20
bits awarded -20

Round #763, bits (15561), UDF1 (-15561)
bits posts blind: 10
UDF1 posts blind: 20
bits received [9d 7s]
UDF1 received [Jc Qs]
bits calls
UDF1 raises to 1997
bits folds
bits awarded -20
UDF1 awarded 20

Round #764, UDF1 (-15541), bits (15541)
UDF1 posts blind: 10
bits posts blind: 20
UDF1 received [As 2d]
bits received [Qc 8h]
UDF1 calls
bits checks
Flop [Th 7d 5h], UDF1 (20), bits (20)
bits bids 26
UDF1 bids 90
UDF1 won the auction and was revealed [Qc]
Flop [Th 7d 5h], UDF1 (46), bits (20)
bits checks
UDF1 bets 24
bits calls
Turn [Th 7d 5h 5c], UDF1 (70), bits (44)
bits checks
UDF1 bets 45
bits folds
UDF1 awarded 44
bits awarded -44

Round #765, bits (15497), UDF1 (-15497)
bits posts blind: 10
UDF1 posts blind: 20
bits received [5s 5h]
UDF1 received [3c Ts]
bits calls
UDF1 checks
Flop [5d Jh Jd], bits (20), UDF1 (20)
UDF1 bids 101
bits bids 4980
bits won the auction and was revealed [3c]
Flop [5d Jh Jd], bits (121), UDF1 (20)
UDF1 checks
bits bets 176
UDF1 folds
bits awarded 20
UDF1 awarded -20

Round #766, UDF1 (-15517), bits (15517)
UDF1 posts blind: 10
bits posts blind: 20
UDF1 received [Th Td]
bits received [Ah Tc]
UDF1 raises to 3296
bits folds
UDF1 awarded 20
bits awarded -20

Round #767, bits (15497), UDF1 (-15497)
bits posts blind: 10
UDF1 posts blind: 20
bits received [Qd 5s]
UDF1 received [4h 8c]
bits calls
UDF1 checks
Flop [Qs Jc Ac], bits (20), UDF1 (20)
UDF1 bids 93
bits bids 41
UDF1 won the auction and was revealed [Qd]
Flop [Qs Jc Ac], bits (20), UDF1 (61)
UDF1 checks
bits checks
Turn [Qs Jc Ac 7d], bits (20), UDF1 (61)
UDF1 checks
bits bets 40
UDF1 folds
bits awarded 61
UDF1 awarded -61

Round #768, UDF1 (-15558), bits (15558)
UDF1 posts blind: 10
bits posts blind: 20
UDF1 received [5d 9s]
bits received [Ah 5c]
UDF1 calls
bits checks
Flop [Tc Ts 7c], UDF1 (20), bits (20)
bits bids 33
UDF1 bids 86
UDF1 won the auction and was revealed [Ah]
Flop [Tc Ts 7c], UDF1 (53), bits (20)
bits checks
UDF1 checks
Turn [Tc Ts 7c 6h], UDF1 (53), bits (20)
bits checks
UDF1 checks
River [Tc Ts 7c 6h Qc], UDF1 (53), bits (20)
bits checks
UDF1 checks
UDF1 shows [5d 9s]
bits shows [Ah 5c]
UDF1 awarded -53
bits awarded 53

Round #769, bits (15611), UDF1 (-15611)
bits posts blind: 10
UDF1 posts blind: 20
bits received [8h 4s]
UDF1 received [Ac 5c]
bits calls
UDF1 raises to 2152
bits folds
bits awarded -20
UDF1 awarded 20

Round #770, UDF1 (-15591), bits (15591)
UDF1 posts blind: 10
bits posts blind: 20
UDF1 received [6d Ks]
bits received [4d Qd]
UDF1 calls
bits checks
Flop [5h Ad 4h], UDF1 (20), bits (20)
bits bids 33
UDF1 bids 106
UDF1 won the auction and was revealed [4d]
Flop [5h Ad 4h], UDF1 (53), bits (20)
bits checks
UDF1 checks
Turn [5h Ad 4h 9h], UDF1 (53), bits (20)
bits checks
UDF1 checks
River [5h Ad 4h 9h Tc], UDF1 (53), bits (20)
bits checks
UDF1 checks
UDF1 shows [6d Ks]
bits shows [4d Qd]
UDF1 awarded -53
bits awarded 53

Round #771, bits (15644), UDF1 (-15644)
bits posts blind: 10
UDF1 posts blind: 20
bits received [8s 7d]
UDF1 received [2h Js]
bits calls
UDF1 checks
Flop [Ac 4s Ts], bits (20), UDF1 (20)
UDF1 bids 94
bits bids 19
UDF1 won the auction and was revealed [8s]
Flop [Ac 4s Ts], bits (20), UDF1 (39)
UDF1 bets 23
bits folds
bits awarded -20
UDF1 awarded 20

Round #772, UDF1 (-15624), bits (15624)
UDF1 posts blind: 10
bits posts blind: 20
UDF1 received [4d Qc]
bits received [5s Ts]
UDF1 calls
bits checks
Flop [Ad 4s 8d], UDF1 (20), bits (20)
bits bids 18
UDF1 bids 83
UDF1 won the auction and was revealed [Ts]
Flop [Ad 4s 8d], UDF1 (38), bits (20)
bits checks
UDF1 bets 26
bits folds
UDF1 awarded 20
bits awarded -20

Round #773, bits (15604), UDF1 (-15604)
bits posts blind: 10
UDF1 posts blind: 20
bits received [4s Qh]
UDF1 received [9c Jh]
bits calls
UDF1 checks
Flop [Ts Td Jc], bits (20), UDF1 (20)
UDF1 bids 80
bits bids 26
UDF1 won the auction and was revealed [Qh]
Flop [Ts Td Jc], bits (20), UDF1 (46)
UDF1 bets 26
bits calls
Turn [Ts Td Jc 2c], bits (46), UDF1 (72)
UDF1 bets 59
bits folds
bits awarded -46
UDF1 awarded 46

Round #774, UDF1 (-15558), bits (15558)
UDF1 posts blind: 10
bits posts blind: 20
UDF1 received [Jh 5s]
bits received [9h 2s]
UDF1 calls
bits checks
Flop [Qd 7c As], UDF1 (20), bits (20)
bits bids 17
UDF1 bids 79
UDF1 won the auction and was revealed [9h]
Flop [Qd 7c As], UDF1 (37), bits (20)
bits checks
UDF1 checks
Turn [Qd 7c As 2d], UDF1 (37), bits (20)
bits checks
UDF1 checks
River [Qd 7c As 2d 6c], UDF1 (37), bits (20)
bits checks
UDF1 bets 20
bits calls
UDF1 shows [Jh 5s]
bits shows [9h 2s]
UDF1 awarded -57
bits awarded 57

Round #775, bits (15615), UDF1 (-15615)
bits posts blind: 10
UDF1 posts blind: 20
bits received [6d 6c]
UDF1 received [9c 5h]
bits raises to 60
UDF1 folds
bits awarded 20
UDF1 awarded -20

Round #776, UDF1 (-15635), bits (15635)
UDF1 posts blind: 10
bits posts blind: 20
UDF1 received [6c 8d]
bits received [Kd Ts]
UDF1 calls
bits checks
Flop [3d 2d Qh], UDF1 (20), bits (20)
bits bids 26
UDF1 bids 94
UDF1 won the auction and was revealed [Kd]
Flop [3d 2d Qh], UDF1 (46), bits (20)
bits checks
UDF1 checks
Turn [3d 2d Qh Jd], UDF1 (46), bits (20)
bits checks
UDF1 checks
River [3d 2d Qh Jd 5d], UDF1 (46), bits (20)
bits bets 33
UDF1 folds
UDF1 awarded -46
bits awarded 46

Round #777, bits (15681), UDF1 (-15681)
bits posts blind: 10
UDF1 posts blind: 20
bits received [Kd 5d]
UDF1 received [2c 3s]
bits calls
UDF1 checks
Flop [6d 3h Td], bits (20), UDF1 (20)
UDF1 bids 91
bits bids 37
UDF1 won the auction and was revealed [Kd]
Flop [6d 3h Td], bits (20), UDF1 (57)
UDF1 bets 30
bits calls
Turn [6d 3h Td 7h], bits (50), UDF1 (87)
UDF1 bets 58
bits calls
River [6d 3h Td 7h 4d], bits (108), UDF1 (145)
UDF1 checks
bits bets 316
UDF1 folds
bits awarded 145
UDF1 awarded -145

Round #778, UDF1 (-15826), bits (15826)
UDF1 posts blind: 10
bits posts blind: 20
UDF1 received [9d Jc]
bits received [7c 8h]
UDF1 calls
bits checks
Flop [2d Ts 5s], UDF1 (20), bits (20)
bits bids 16
UDF1 bids 92
UDF1 won the auction and was revealed [8h]
Flop [2d Ts 5s], UDF1 (36), bits (20)
bits checks
UDF1 checks
Turn [2d Ts 5s 2h], UDF1 (36), bits (20)
bits checks
UDF1 checks
River [2d Ts 5s 2h Th], UDF1 (36), bits (20)
bits checks
UDF1 checks
UDF1 shows [9d Jc]
bits shows [7c 8h]
UDF1 awarded 20
bits awarded -20

Round #779, bits (15806), UDF1 (-15806)
bits posts blind: 10
UDF1 posts blind: 20
bits received [Jc 6h]
UDF1 received [9c 2s]
bits calls
UDF1 checks
Flop [9h Kh 8c], bits (20), UDF1 (20)
UDF1 bids 84
bits bids 18
UDF1 won the auction and was revealed [6h]
Flop [9h Kh 8c], bits (20), UDF1 (38)
UDF1 bets 24
bits calls
Turn [9h Kh 8c Jd], bits (44), UDF1 (62)
UDF1 bets 46
bits calls
River [9h Kh 8c Jd 5s], bits (90), UDF1 (108)
UDF1 bets 137
bits calls
bits shows [Jc 6h]
UDF1 shows [9c 2s]
bits awarded 245
UDF1 awarded -245

Round #780, UDF1 (-16051), bits (16051)
UDF1 posts blind: 10
bits posts blind: 20
UDF1 received [4s 5d]
bits received [Ts 8c]
UDF1 calls
bits checks
Flop [8d 4h 6c], UDF1 (20), bits (20)
bits bids 42
UDF1 bids 77
UDF1 won the auction and was revealed [8c]
Flop [8d 4h 6c], UDF1 (62), bits (20)
bits bets 41
UDF1 folds
UDF1 awarded -62
bits awarded 62

Round #781, bits (16113), UDF1 (-16113)
bits posts blind: 10
UDF1 posts blind: 20
bits received [4h Ts]
UDF1 received [6h 5d]
bits calls
UDF1 checks
Flop [2c 2s 4s], bits (20), UDF1 (20)
UDF1 bids 93
bits bids 37
UDF1 won the auction and was revealed [4h]
Flop [2c 2s 4s], bits (20), UDF1 (57)
UDF1 checks
bits bets 38
UDF1 calls
Turn [2c 2s 4s 9d], bits (58), UDF1 (95)
UDF1 checks
bits checks
River [2c 2s 4s 9d 6c], bits (58), UDF1 (95)
UDF1 bets 109
bits calls
bits shows [4h Ts]
UDF1 shows [6h 5d]
bits awarded -167
UDF1 awarded 167

Round #782, UDF1 (-15946), bits (15946)
UDF1 posts blind: 10
bits posts blind: 20
UDF1 received [Qc Qs]
bits received [8s 2h]
UDF1 raises to 3908
bits folds
UDF1 awarded 20
bits awarded -20

Round #783, bits (15926), UDF1 (-15926)
bits posts blind: 10
UDF1 posts blind: 20
bits received [Ah 7c]
UDF1 received [5s 5c]
bits calls
UDF1 checks
Flop [Qs 4h 7h], bits (20), UDF1 (20)
UDF1 bids 87
bits bids 46
UDF1 won the auction and was revealed [Ah]
Flop [Qs 4h 7h], bits (20), UDF1 (66)
UDF1 bets 34
bits calls
Turn [Qs 4h 7h 9s], bits (54), UDF1 (100)
UDF1 bets 65
bits calls
River [Qs 4h 7h 9s 7d], bits (119), UDF1 (165)
UDF1 bets 210
bits raises to 617
UDF1 calls
bits shows [Ah 7c]
UDF1 shows [5s 5c]
bits awarded 782
UDF1 awarded -782

Round #784, UDF1 (-16708), bits (16708)
UDF1 posts blind: 10
bits posts blind: 20
UDF1 received [9h Qs]
bits received [2h Kc]
UDF1 calls
bits checks
Flop [4d Kh Tc], UDF1 (20), bits (20)
bits bids 48
UDF1 bids 84
UDF1 won the auction and was revealed [Kc]
Flop [4d Kh Tc], UDF1 (68), bits (20)
bits bets 44
UDF1 folds
UDF1 awarded -68
bits awarded 68

Round #785, bits (16776), UDF1 (-16776)
bits posts blind: 10
UDF1 posts blind: 20
bits received [Qs Ad]
UDF1 received [Js 4s]
bits raises to 60
UDF1 folds
bits awarded 20
UDF1 awarded -20

Round #786, UDF1 (-16796), bits (16796)
UDF1 posts blind: 10
bits posts blind: 20
UDF1 received [8c 3h]
bits received [Ac 5c]
UDF1 calls
bits checks
Flop [4s As Kd], UDF1 (20), bits (20)
bits bids 49
UDF1 bids 93
UDF1 won the auction and was revealed [5c]
Flop [4s As Kd], UDF1 (69), bits (20)
bits bets 44
UDF1 folds
UDF1 awarded -69
bits awarded 69

Round #787, bits (16865), UDF1 (-16865)
bits posts blind: 10
UDF1 posts blind: 20
bits received [Jc Qh]
UDF1 received [9s Kd]
bits calls
UDF1 checks
Flop [4d 8h 6h], bits (20), UDF1 (20)
UDF1 bids 100
bits bids 24
UDF1 won the auction and was revealed [Qh]
Flop [4d 8h 6h], bits (20), UDF1 (44)
UDF1 checks
bits checks
Turn [4d 8h 6h 3d], bits (20), UDF1 (44)
UDF1 bets 22
bits folds
bits awarded -20
UDF1 awarded 20

Round #788, UDF1 (-16845), bits (16845)
UDF1 posts blind: 10
bits posts blind: 20
UDF1 received [4c 8h]
bits received [Ac 7s]
UDF1 calls
bits checks
Flop [6c 7d 9c], UDF1 (20), bits (20)
bits bids 38
UDF1 bids 85
UDF1 won the auction and was revealed [7s]
Flop [6c 7d 9c], UDF1 (58), bits (20)
bits checks
UDF1 checks
Turn [6c 7d 9c 9h], UDF1 (58), bits (20)
bits bets 39
UDF1 folds
UDF1 awarded -58
bits awarded 58

Round #789, bits (16903), UDF1 (-16903)
bits posts blind: 10
UDF1 posts blind: 20
bits received [5d 3c]
UDF1 received [Ac Ts]
bits calls
UDF1 checks
Flop [8d 5s 8s], bits (20), UDF1 (20)
UDF1 bids 96
bits bids 37
UDF1 won the auction and was revealed [3c]
Flop [8d 5s 8s], bits (20), UDF1 (57)
UDF1 bets 38
bits calls
Turn [8d 5s 8s Ad], bits (58), UDF1 (95)
UDF1 bets 91
bits calls
River [8d 5s 8s Ad Jc], bits (149), UDF1 (186)
UDF1 bets 224
bits calls
bits shows [5d 3c]
UDF1 shows [Ac Ts]
bits awarded -373
UDF1 awarded 373

Round #790, UDF1 (-16530), bits (16530)
UDF1 posts blind: 10
bits posts blind: 20
UDF1 received [2d Jh]
bits received [8s Jc]
UDF1 calls
bits checks
Flop [Jd 2s Qs], UDF1 (20), bits (20)
bits bids 45
UDF1 bids 92
UDF1 won the auction and was revealed [8s]
Flop [Jd 2s Qs], UDF1 (65), bits (20)
bits bets 42
UDF1 raises to 84
bits calls
Turn [Jd 2s Qs Js], UDF1 (149), bits (104)
bits bets 126
UDF1 raises to 350
bits calls
River [Jd 2s Qs Js 9c], UDF1 (499), bits (454)
bits bets 476
UDF1 raises to 1324
bits calls
UDF1 shows [2d Jh]
bits shows [8s Jc]
UDF1 awarded 1778
bits awarded -1778

Round #791, bits (14752), UDF1 (-14752)
bits posts blind: 10
UDF1 posts blind: 20
bits received [4c Js]
UDF1 received [Qd 7c]
bits calls
UDF1 checks
Flop [3s Jd 9h], bits (20), UDF1 (20)
UDF1 bids 79
bits bids 45
UDF1 won the auction and was revealed [Js]
Flop [3s Jd 9h], bits (20), UDF1 (65)
UDF1 checks
bits bets 42
UDF1 folds
bits awarded 65
UDF1 awarded -65

Round #792, UDF1 (-14817), bits (14817)
UDF1 posts blind: 10
bits posts blind: 20
UDF1 received [3c 2s]
bits received [Ac Js]
UDF1 calls
bits checks
Flop [7d 3d 5c], UDF1 (20), bits (20)
bits bids 26
UDF1 bids 88
UDF1 won the auction and was revealed [Ac]
Flop [7d 3d 5c], UDF1 (46), bits (20)
bits checks
UDF1 bets 27
bits calls
Turn [7d 3d 5c 6c], UDF1 (73), bits (47)
bits checks
UDF1 checks
River [7d 3d 5c 6c 2d], UDF1 (73), bits (47)
bits checks
UDF1 bets 91
bits folds
UDF1 awarded 47
bits awarded -47

Round #793, bits (14770), UDF1 (-14770)
bits posts blind: 10
UDF1 posts blind: 20
bits received [8d 7h]
UDF1 received [7s 4c]
bits calls
UDF1 checks
Flop [Kh Kd Ah], bits (20), UDF1 (20)
UDF1 bids 82
bits bids 18
UDF1 won the auction and was revealed [7h]
Flop [Kh Kd Ah], bits (20), UDF1 (38)
UDF1 checks
bits checks
Turn [Kh Kd Ah Ts], bits (20), UDF1 (38)
UDF1 checks
bits checks
River [Kh Kd Ah Ts Kc], bits (20), UDF1 (38)
UDF1 checks
bits checks
bits shows [8d 7h]
UDF1 shows [7s 4c]
bits awarded 9
UDF1 awarded -9

Round #794, UDF1 (-14779), bits (14779)
UDF1 posts blind: 10
bits posts blind: 20
UDF1 received [7s 6d]
bits received [Th 3d]
UDF1 calls
bits checks
Flop [7c 3c 4c], UDF1 (20), bits (20)
bits bids 27
UDF1 bids 75
UDF1 won the auction and was revealed [3d]
Flop [7c 3c 4c], UDF1 (47), bits (20)
bits checks
UDF1 bets 30
bits calls
Turn [7c 3c 4c Qh], UDF1 (77), bits (50)
bits checks
UDF1 bets 57
bits calls
River [7c 3c 4c Qh 5c], UDF1 (134), bits (107)
bits checks
UDF1 bets 172
bits folds
UDF1 awarded 107
bits awarded -107

Round #795, bits (14672), UDF1 (-14672)
bits posts blind: 10
UDF1 posts blind: 20
bits received [6h 2c]
UDF1 received [Qh 3s]
bits calls
UDF1 checks
Flop [7h Kh Ah], bits (20), UDF1 (20)
UDF1 bids 77
bits bids 23
UDF1 won the auction and was revealed [2c]
Flop [7h Kh Ah], bits (20), UDF1 (43)
UDF1 bets 31
bits folds
bits awarded -20
UDF1 awarded 20

Round #796, UDF1 (-14652), bits (14652)
UDF1 posts blind: 10
bits posts blind: 20
UDF1 received [5d Jh]
bits received [Qs 4c]
UDF1 calls
bits checks
Flop [3h 9c 5c], UDF1 (20), bits (20)
bits bids 19
UDF1 bids 83
UDF1 won the auction and was revealed [Qs]
Flop [3h 9c 5c], UDF1 (39), bits (20)
bits checks
UDF1 bets 24
bits folds
UDF1 awarded 20
bits awarded -20

Round #797, bits (14632), UDF1 (-14632)
bits posts blind: 10
UDF1 posts blind: 20
bits received [3s As]
UDF1 received [4d 9s]
bits calls
UDF1 checks
Flop [Qc 2d 6d], bits (20), UDF1 (20)
UDF1 bids 80
bits bids 23
UDF1 won the auction and was revealed [As]
Flop [Qc 2d 6d], bits (20), UDF1 (43)
UDF1 checks
bits checks
Turn [Qc 2d 6d Tc], bits (20), UDF1 (43)
UDF1 checks
bits checks
River [Qc 2d 6d Tc 2c], bits (20), UDF1 (43)
UDF1 checks
bits checks
bits shows [3s As]
UDF1 shows [4d 9s]
bits awarded 43
UDF1 awarded -43

Round #798, UDF1 (-14675), bits (14675)
UDF1 posts blind: 10
bits posts blind: 20
UDF1 received [Qh 7s]
bits received [Ah Kh]
UDF1 calls
bits raises to 80
UDF1 folds
UDF1 awarded -20
bits awarded 20

Round #799, bits (14695), UDF1 (-14695)
bits posts blind: 10
UDF1 posts blind: 20
bits received [Kd Tc]
UDF1 received [9s Td]
bits calls
UDF1 checks
Flop [3s 6h 2s], bits (20), UDF1 (20)
UDF1 bids 90
bits bids 21
UDF1 won the auction and was revealed [Tc]
Flop [3s 6h 2s], bits (20), UDF1 (41)
UDF1 checks
bits checks
Turn [3s 6h 2s 2h], bits (20), UDF1 (41)
UDF1 checks
bits checks
River [3s 6h 2s 2h 8d], bits (20), UDF1 (41)
UDF1 checks
bits checks
bits shows [Kd Tc]
UDF1 shows [9s Td]
bits awarded 41
UDF1 awarded -41

Round #800, UDF1 (-14736), bits (14736)
UDF1 posts blind: 10
bits posts blind: 20
UDF1 received [Ah 8d]
bits received [6c Jc]
UDF1 calls
bits checks
Flop [Kd Ks Kc], UDF1 (20), bits (20)
bits bids 31
UDF1 bids 96
UDF1 won the auction and was revealed [Jc]
Flop [Kd Ks Kc], UDF1 (51), bits (20)
bits checks
UDF1 bets 29
bits calls
Turn [Kd Ks Kc 3d], UDF1 (80), bits (49)
bits checks
UDF1 bets 66
bits calls
River [Kd Ks Kc 3d 8c], UDF1 (146), bits (115)
bits checks
UDF1 bets 193
bits folds
UDF1 awarded 115
bits awarded -115

Round #801, bits (14621), UDF1 (-14621)
bits posts blind: 10
UDF1 posts blind: 20
bits received [Tc Ac]
UDF1 received [7c 4c]
bits raises to 60
UDF1 folds
bits awarded 20
UDF1 awarded -20

Round #802, UDF1 (-14641), bits (14641)
UDF1 posts blind: 10
bits posts blind: 20
UDF1 received [Ts Tc]
bits received [8d Jh]
UDF1 raises to 3668
bits folds
UDF1 awarded 20
bits awarded -20

Round #803, bits (14621), UDF1 (-14621)
bits posts blind: 10
UDF1 posts blind: 20
bits received [5h 8c]
UDF1 received [4c Kc]
bits calls
UDF1 checks
Flop [9c 2c Qc], bits (20), UDF1 (20)
UDF1 bids 96
bits bids 29
UDF1 won the auction and was revealed [5h]
Flop [9c 2c Qc], bits (20), UDF1 (49)
UDF1 bets 42
bits calls
Turn [9c 2c Qc 8d], bits (62), UDF1 (91)
UDF1 bets 98
bits calls
River [9c 2c Qc 8d 9s], bits (160), UDF1 (189)
UDF1 bets 261
bits calls
bits shows [5h 8c]
UDF1 shows [4c Kc]
bits awarded -421
UDF1 awarded 421

Round #804, UDF1 (-14200), bits (14200)
UDF1 posts blind: 10
bits posts blind: 20
UDF1 received [As Jh]
bits received [5h 9s]
UDF1 raises to 3682
bits folds
UDF1 awarded 20
bits awarded -20

Round #805, bits (14180), UDF1 (-14180)
bits posts blind: 10
UDF1 posts blind: 20
bits received [2s Ac]
UDF1 received [5s 6d]
bits calls
UDF1 checks
Flop [4c 5c Ts], bits (20), UDF1 (20)
UDF1 bids 89
bits bids 34
UDF1 won the auction and was revealed [2s]
Flop [4c 5c Ts], bits (20), UDF1 (54)
UDF1 bets 42
bits calls
Turn [4c 5c Ts 8d], bits (62), UDF1 (96)
UDF1 bets 98
bits calls
River [4c 5c Ts 8d Qc], bits (160), UDF1 (194)
UDF1 bets 252
bits folds
bits awarded -160
UDF1 awarded 160

Round #806, UDF1 (-14020), bits (14020)
UDF1 posts blind: 10
bits posts blind: 20
UDF1 received [7s 9s]
bits received [Js 6c]
UDF1 calls
bits checks
Flop [7h 8s Ks], UDF1 (20), bits (20)
bits bids 24
UDF1 bids 78
UDF1 won the auction and was revealed [6c]
Flop [7h 8s Ks], UDF1 (44), bits (20)
bits checks
UDF1 bets 41
bits folds
UDF1 awarded 20
bits awarded -20

Round #807, bits (14000), UDF1 (-14000)
bits posts blind: 10
UDF1 posts blind: 20
bits received [Jd 5h]
UDF1 received [9s Qs]
bits calls
UDF1 checks
Flop [Jh Qh 2d], bits (20), UDF1 (20)
UDF1 bids 85
bits bids 43
UDF1 won the auction and was revealed [5h]
Flop [Jh Qh 2d], bits (20), UDF1 (63)
UDF1 bets 52
bits calls
Turn [Jh Qh 2d 6h], bits (72), UDF1 (115)
UDF1 bets 87
bits calls
River [Jh Qh 2d 6h 6d], bits (159), UDF1 (202)
UDF1 bets 242
bits calls
bits shows [Jd 5h]
UDF1 shows [9s Qs]
bits awarded -401
UDF1 awarded 401

Round #808, UDF1 (-13599), bits (13599)
UDF1 posts blind: 10
bits posts blind: 20
UDF1 received [2d 3h]
bits received [Jd 5s]
UDF1 calls
bits checks
Flop [8s Qh 3s], UDF1 (20), bits (20)
bits bids 23
UDF1 bids 95
UDF1 won the auction and was revealed [5s]
Flop [8s Qh 3s], UDF1 (43), bits (20)
bits checks
UDF1 checks
Turn [8s Qh 3s Td], UDF1 (43), bits (20)
bits checks
UDF1 bets 28
bits folds
UDF1 awarded 20
bits awarded -20

Round #809, bits (13579), UDF1 (-13579)
bits posts blind: 10
UDF1 posts blind: 20
bits received [2c 3h]
UDF1 received [9d 9h]
bits calls
UDF1 raises to 3623
bits folds
bits awarded -20
UDF1 awarded 20

Round #810, UDF1 (-13559), bits (13559)
UDF1 posts blind: 10
bits posts blind: 20
UDF1 received [5d 7s]
bits received [As Qd]
UDF1 calls
bits raises to 80
UDF1 calls
Flop [7d Ad Qs], UDF1 (80), bits (80)
bits bids 4920
UDF1 bids 94
bits won the auction and was revealed [7s]
Flop [7d Ad Qs], UDF1 (80), bits (174)
bits bets 127
UDF1 calls
Turn [7d Ad Qs 9d], UDF1 (207), bits (301)
bits bets 254
UDF1 calls
River [7d Ad Qs 9d 8c], UDF1 (461), bits (555)
bits bets 508
UDF1 folds
UDF1 awarded -461
bits awarded 461

Round #811, bits (14020), UDF1 (-14020)
bits posts blind: 10
UDF1 posts blind: 20
bits received [9c Qs]
UDF1 received [Ts 8d]
bits calls
UDF1 checks
Flop [Jh 3d 4s], bits (20), UDF1 (20)
UDF1 bids 79
bits bids 22
UDF1 won the auction and was revealed [9c]
Flop [Jh 3d 4s], bits (20), UDF1 (42)
UDF1 checks
bits checks
Turn [Jh 3d 4s 2s], bits (20), UDF1 (42)
UDF1 checks
bits checks
River [Jh 3d 4s 2s 4d], bits (20), UDF1 (42)
UDF1 checks
bits checks
bits shows [9c Qs]
UDF1 shows [Ts 8d]
bits awarded 42
UDF1 awarded -42

Round #812, UDF1 (-14062), bits (14062)
UDF1 posts blind: 10
bits posts blind: 20
UDF1 received [8s Qh]
bits received [9c Tc]
UDF1 calls
bits checks
Flop [8d Kc 6c], UDF1 (20), bits (20)
bits bids 36
UDF1 bids 75
UDF1 won the auction and was revealed [9c]
Flop [8d Kc 6c], UDF1 (56), bits (20)
bits checks
UDF1 bets 33
bits calls
Turn [8d Kc 6c 2c], UDF1 (89), bits (53)
bits bets 177
UDF1 folds
UDF1 awarded -89
bits awarded 89

Round #813, bits (14151), UDF1 (-14151)
bits posts blind: 10
UDF1 posts blind: 20
bits received [3s As]
UDF1 received [6h 3c]
bits calls
UDF1 checks
Flop [9d Qd Kc], bits (20), UDF1 (20)
UDF1 bids 88
bits bids 23
UDF1 won the auction and was revealed [3s]
Flop [9d Qd Kc], bits (20), UDF1 (43)
UDF1 checks
bits checks
Turn [9d Qd Kc Js], bits (20), UDF1 (43)
UDF1 checks
bits checks
River [9d Qd Kc Js Tc], bits (20), UDF1 (43)
UDF1 checks
bits bets 31
UDF1 folds
bits awarded 43
UDF1 awarded -43

Round #814, UDF1 (-14194), bits (14194)
UDF1 posts blind: 10
bits posts blind: 20
UDF1 received [Qd 5c]
bits received [6c Ah]
UDF1 calls
bits checks
Flop [Ts 7d 3h], UDF1 (20), bits (20)
bits bids 25
UDF1 bids 85
UDF1 won the auction and was revealed [6c]
Flop [Ts 7d 3h], UDF1 (45), bits (20)
bits checks
UDF1 checks
Turn [Ts 7d 3h Td], UDF1 (45), bits (20)
bits checks
UDF1 checks
River [Ts 7d 3h Td 7h], UDF1 (45), bits (20)
bits bets 32
UDF1 raises to 68
bits calls
UDF1 shows [Qd 5c]
bits shows [6c Ah]
UDF1 awarded -113
bits awarded 113

Round #815, bits (14307), UDF1 (-14307)
bits posts blind: 10
UDF1 posts blind: 20
bits received [Qh 3s]
UDF1 received [Td 8h]
bits calls
UDF1 checks
Flop [4c 9d Qs], bits (20), UDF1 (20)
UDF1 bids 93
bits bids 46
UDF1 won the auction and was revealed [3s]
Flop [4c 9d Qs], bits (20), UDF1 (66)
UDF1 bets 38
bits calls
Turn [4c 9d Qs 7d], bits (58), UDF1 (104)
UDF1 checks
bits bets 81
UDF1 folds
bits awarded 104
UDF1 awarded -104

Round #816, UDF1 (-14411), bits (14411)
UDF1 posts blind: 10
bits posts blind: 20
UDF1 received [4d 8d]
bits received [9d 3c]
UDF1 calls
bits checks
Flop [3h 5h Ah], UDF1 (20), bits (20)
bits bids 26
UDF1 bids 83
UDF1 won the auction and was revealed [3c]
Flop [3h 5h Ah], UDF1 (46), bits (20)
bits checks
UDF1 checks
Turn [3h 5h Ah 9c], UDF1 (46), bits (20)
bits bets 33
UDF1 folds
UDF1 awarded -46
bits awarded 46

Round #817, bits (14457), UDF1 (-14457)
bits posts blind: 10
UDF1 posts blind: 20
bits received [Ah 4h]
UDF1 received [3s 6d]
bits calls
UDF1 checks
Flop [7s 5h 3h], bits (20), UDF1 (20)
UDF1 bids 78
bits bids 42
UDF1 won the auction and was revealed [4h]
Flop [7s 5h 3h], bits (20), UDF1 (62)
UDF1 bets 37
bits calls
Turn [7s 5h 3h 8h], bits (57), UDF1 (99)
UDF1 checks
bits bets 195
UDF1 folds
bits awarded 99
UDF1 awarded -99

Round #818, UDF1 (-14556), bits (14556)
UDF1 posts blind: 10
bits posts blind: 20
UDF1 received [7c Qc]
bits received [Qh Qs]
UDF1 calls
bits raises to 80
UDF1 folds
UDF1 awarded -20
bits awarded 20

Round #819, bits (14576), UDF1 (-14576)
bits posts blind: 10
UDF1 posts blind: 20
bits received [2d 4s]
UDF1 received [Kh Td]
bits calls
UDF1 checks
Flop [Jd 9s Ad], bits (20), UDF1 (20)
UDF1 bids 77
bits bids 11
UDF1 won the auction and was revealed [2d]
Flop [Jd 9s Ad], bits (20), UDF1 (31)
UDF1 bets 23
bits folds
bits awarded -20
UDF1 awarded 20

Round #820, UDF1 (-14556), bits (14556)
UDF1 posts blind: 10
bits posts blind: 20
UDF1 received [5c Js]
bits received [6h 9c]
UDF1 calls
bits checks
Flop [6s 7c Tc], UDF1 (20), bits (20)
bits bids 33
UDF1 bids 97
UDF1 won the auction and was revealed [6h]
Flop [6s 7c Tc], UDF1 (53), bits (20)
bits checks
UDF1 checks
Turn [6s 7c Tc 7h], UDF1 (53), bits (20)
bits checks
UDF1 checks
River [6s 7c Tc 7h 9d], UDF1 (53), bits (20)
bits checks
UDF1 checks
UDF1 shows [5c Js]
bits shows [6h 9c]
UDF1 awarded -53
bits awarded 53

Round #821, bits (14609), UDF1 (-14609)
bits posts blind: 10
UDF1 posts blind: 20
bits received [6s Jh]
UDF1 received [Kd Ad]
bits calls
UDF1 raises to 3710
bits folds
bits awarded -20
UDF1 awarded 20

Round #822, UDF1 (-14589), bits (14589)
UDF1 posts blind: 10
bits posts blind: 20
UDF1 received [Kd 7s]
bits received [7d 7h]
UDF1 calls
bits raises to 80
UDF1 folds
UDF1 awarded -20
bits awarded 20

Round #823, bits (14609), UDF1 (-14609)
bits posts blind: 10
UDF1 posts blind: 20
bits received [Ah 8s]
UDF1 received [7h Ad]
bits calls
UDF1 checks
Flop [Tc Qs 2s], bits (20), UDF1 (20)
UDF1 bids 83
bits bids 31
UDF1 won the auction and was revealed [8s]
Flop [Tc Qs 2s], bits (20), UDF1 (51)
UDF1 checks
bits checks
Turn [Tc Qs 2s Js], bits (20), UDF1 (51)
UDF1 checks
bits checks
River [Tc Qs 2s Js Ac], bits (20), UDF1 (51)
UDF1 bets 32
bits calls
bits shows [Ah 8s]
UDF1 shows [7h Ad]
bits awarded 15
UDF1 awarded -15

Round #824, UDF1 (-14624), bits (14624)
UDF1 posts blind: 10
bits posts blind: 20
UDF1 received [As 6h]
bits received [3d 4s]
UDF1 calls
bits checks
Flop [Jh Kd Qc], UDF1 (20), bits (20)
bits bids 10
UDF1 bids 84
UDF1 won the auction and was revealed [4s]
Flop [Jh Kd Qc], UDF1 (30), bits (20)
bits checks
UDF1 bets 22
bits folds
UDF1 awarded 20
bits awarded -20

Round #825, bits (14604), UDF1 (-14604)
bits posts blind: 10
UDF1 posts blind: 20
bits received [4h 4c]
UDF1 received [Ts 3h]
bits calls
UDF1 checks
Flop [4s 2d 8h], bits (20), UDF1 (20)
UDF1 bids 100
bits bids 4980
bits won the auction and was revealed [Ts]
Flop [4s 2d 8h], bits (120), UDF1 (20)
UDF1 checks
bits bets 70
UDF1 folds
bits awarded 20
UDF1 awarded -20

Round #826, UDF1 (-14624), bits (14624)
UDF1 posts blind: 10
bits posts blind: 20
UDF1 received [4c 4d]
bits received [Kc 8c]
UDF1 calls
bits checks
Flop [2c 6d 2d], UDF1 (20), bits (20)
bits bids 29
UDF1 bids 77
UDF1 won the auction and was revealed [Kc]
Flop [2c 6d 2d], UDF1 (49), bits (20)
bits checks
UDF1 bets 32
bits calls
Turn [2c 6d 2d Js], UDF1 (81), bits (52)
bits checks
UDF1 bets 51
bits calls
River [2c 6d 2d Js 3d], UDF1 (132), bits (103)
bits checks
UDF1 bets 163
bits folds
UDF1 awarded 103
bits awarded -103

Round #827, bits (14521), UDF1 (-14521)
bits posts blind: 10
UDF1 posts blind: 20
bits received [6h 3h]
UDF1 received [6d Jc]
bits calls
UDF1 checks
Flop [As Jh Ad], bits (20), UDF1 (20)
UDF1 bids 74
bits bids 13
UDF1 won the auction and was revealed [3h]
Flop [As Jh Ad], bits (20), UDF1 (33)
UDF1 bets 33
bits folds
bits awarded -20
UDF1 awarded 20

Round #828, UDF1 (-14501), bits (14501)
UDF1 posts blind: 10
bits posts blind: 20
UDF1 received [Ad As]
bits received [9c Jd]
UDF1 raises to 3908
bits folds
UDF1 awarded 20
bits awarded -20

Round #829, bits (14481), UDF1 (-14481)
bits posts blind: 10
UDF1 posts blind: 20
bits received [Js 3d]
UDF1 received [7s 9c]
bits calls
UDF1 checks
Flop [Tc 5h 4s], bits (20), UDF1 (20)
UDF1 bids 76
bits bids 20
UDF1 won the auction and was revealed [Js]
Flop [Tc 5h 4s], bits (20), UDF1 (40)
UDF1 checks
bits checks
Turn [Tc 5h 4s 4c], bits (20), UDF1 (40)
UDF1 checks
bits checks
River [Tc 5h 4s 4c 9h], bits (20), UDF1 (40)
UDF1 bets 45
bits folds
bits awarded -20
UDF1 awarded 20

Round #830, UDF1 (-14461), bits (14461)
UDF1 posts blind: 10
bits posts blind: 20
UDF1 received [2h 7s]
bits received [Jc 7d]
UDF1 calls
bits checks
Flop [8c Ad 4d], UDF1 (20), bits (20)
bits bids 19
UDF1 bids 94
UDF1 won the auction and was revealed [Jc]
Flop [8c Ad 4d], UDF1 (39), bits (20)
bits checks
UDF1 checks
Turn [8c Ad 4d Ac], UDF1 (39), bits (20)
bits checks
UDF1 checks
River [8c Ad 4d Ac Qh], UDF1 (39), bits (20)
bits checks
UDF1 checks
UDF1 shows [2h 7s]
bits shows [Jc 7d]
UDF1 awarded -39
bits awarded 39

Round #831, bits (14500), UDF1 (-14500)
bits posts blind: 10
UDF1 posts blind: 20
bits received [3c 6c]
UDF1 received [Qc Ks]
bits calls
UDF1 raises to 3383
bits folds
bits awarded -20
UDF1 awarded 20

Round #832, UDF1 (-14480), bits (14480)
UDF1 posts blind: 10
bits posts blind: 20
UDF1 received [8s 7s]
bits received [3s Kd]
UDF1 raises to 2222
bits folds
UDF1 awarded 20
bits awarded -20

Round #833, bits (14460), UDF1 (-14460)
bits posts blind: 10
UDF1 posts blind: 20
bits received [4s 9d]
UDF1 received [2d Kc]
bits calls
UDF1 checks
Flop [4d 5s Ah], bits (20), UDF1 (20)
UDF1 bids 89
bits bids 34
UDF1 won the auction and was revealed [9d]
Flop [4d 5s Ah], bits (20), UDF1 (54)
UDF1 bets 36
bits calls
Turn [4d 5s Ah 6s], bits (56), UDF1 (90)
UDF1 bets 70
bits calls
River [4d 5s Ah 6s Kd], bits (126), UDF1 (160)
UDF1 bets 209
bits folds
bits awarded -126
UDF1 awarded 126

Round #834, UDF1 (-14334), bits (14334)
UDF1 posts blind: 10
bits posts blind: 20
UDF1 received [5h Qh]
bits received [2s Ah]
UDF1 calls
bits checks
Flop [9h Kh 2h], UDF1 (20), bits (20)
bits bids 43
UDF1 bids 89
UDF1 won the auction and was revealed [Ah]
Flop [9h Kh 2h], UDF1 (63), bits (20)
bits bets 41
UDF1 calls
Turn [9h Kh 2h 9c], UDF1 (104), bits (61)
bits bets 82
UDF1 raises to 164
bits calls
River [9h Kh 2h 9c Th], UDF1 (268), bits (225)
bits bets 616
UDF1 folds
UDF1 awarded -268
bits awarded 268

Round #835, bits (14602), UDF1 (-14602)
bits posts blind: 10
UDF1 posts blind: 20
bits received [Ts 4h]
UDF1 received [Qs 2h]
bits calls
UDF1 checks
Flop [7c 7h Qc], bits (20), UDF1 (20)
UDF1 bids 81
bits bids 18
UDF1 won the auction and was revealed [Ts]
Flop [7c 7h Qc], bits (20), UDF1 (38)
UDF1 bets 39
bits folds
bits awarded -20
UDF1 awarded 20

Round #836, UDF1 (-14582), bits (14582)
UDF1 posts blind: 10
bits posts blind: 20
UDF1 received [6s Th]
bits received [Tc 5c]
UDF1 calls
bits checks
Flop [Qh 3h Qs], UDF1 (20), bits (20)
bits bids 22
UDF1 bids 83
UDF1 won the auction and was revealed [5c]
Flop [Qh 3h Qs], UDF1 (42), bits (20)
bits checks
UDF1 checks
Turn [Qh 3h Qs 8c], UDF1 (42), bits (20)
bits checks
UDF1 checks
River [Qh 3h Qs 8c 3c], UDF1 (42), bits (20)
bits checks
UDF1 checks
UDF1 shows [6s Th]
bits shows [Tc 5c]
UDF1 awarded -11
bits awarded 11

Round #837, bits (14593), UDF1 (-14593)
bits posts blind: 10
UDF1 posts blind: 20
bits received [Kh Qh]
UDF1 received [4c Th]
bits raises to 60
UDF1 folds
bits awarded 20
UDF1 awarded -20

Round #838, UDF1 (-14613), bits (14613)
UDF1 posts blind: 10
bits posts blind: 20
UDF1 received [8h 8d]
bits received [5s 9s]
UDF1 raises to 3260
bits folds
UDF1 awarded 20
bits awarded -20

Round #839, bits (14593), UDF1 (-14593)
bits posts blind: 10
UDF1 posts blind: 20
bits received [5c 3s]
UDF1 received [2d Qd]
bits calls
UDF1 checks
Flop [As 2s Jh], bits (20), UDF1 (20)
UDF1 bids 84
bits bids 17
UDF1 won the auction and was revealed [5c]
Flop [As 2s Jh], bits (20), UDF1 (37)
UDF1 bets 27
bits folds
bits awarded -20
UDF1 awarded 20

Round #840, UDF1 (-14573), bits (14573)
UDF1 posts blind: 10
bits posts blind: 20
UDF1 received [Ad Qs]
bits received [Ah Td]
UDF1 raises to 3557
bits folds
UDF1 awarded 20
bits awarded -20

Round #841, bits (14553), UDF1 (-14553)
bits posts blind: 10
UDF1 posts blind: 20
bits received [4c 7c]
UDF1 received [2c Ah]
bits calls
UDF1 checks
Flop [8c 5h Ad], bits (20), UDF1 (20)
UDF1 bids 97
bits bids 25
UDF1 won the auction and was revealed [7c]
Flop [8c 5h Ad], bits (20), UDF1 (45)
UDF1 bets 39
bits folds
bits awarded -20
UDF1 awarded 20

Round #842, UDF1 (-14533), bits (14533)
UDF1 posts blind: 10
bits posts blind: 20
UDF1 received [Th 6c]
bits received [Kh 2c]
UDF1 calls
bits checks
Flop [7d 5d Jd], UDF1 (20), bits (20)
bits bids 15
UDF1 bids 75
UDF1 won the auction and was revealed [2c]
Flop [7d 5d Jd], UDF1 (35), bits (20)
bits checks
UDF1 checks
Turn [7d 5d Jd 9h], UDF1 (35), bits (20)
bits checks
UDF1 checks
River [7d 5d Jd 9h 6s], UDF1 (35), bits (20)
bits checks
UDF1 bets 40
bits folds
UDF1 awarded 20
bits awarded -20

Round #843, bits (14513), UDF1 (-14513)
bits posts blind: 10
UDF1 posts blind: 20
bits received [Kh Kc]
UDF1 received [9h 6h]
bits raises to 60
UDF1 folds
bits awarded 20
UDF1 awarded -20

Round #844, UDF1 (-14533), bits (14533)
UDF1 posts blind: 10
bits posts blind: 20
UDF1 received [Kc 9c]
bits received [3c 7c]
UDF1 raises to 959
bits folds
UDF1 awarded 20
bits awarded -20

Round #845, bits (14513), UDF1 (-14513)
bits posts blind: 10
UDF1 posts blind: 20
bits received [Js 3c]
UDF1 received [Jh 9c]
bits calls
UDF1 checks
Flop [Ad Qd Kd], bits (20), UDF1 (20)
UDF1 bids 91
bits bids 25
UDF1 won the auction and was revealed [Js]
Flop [Ad Qd Kd], bits (20), UDF1 (45)
UDF1 checks
bits checks
Turn [Ad Qd Kd 9h], bits (20), UDF1 (45)
UDF1 bets 31
bits folds
bits awarded -20
UDF1 awarded 20

Round #846, UDF1 (-14493), bits (14493)
UDF1 posts blind: 10
bits posts blind: 20
UDF1 received [2h 9c]
bits received [7c 9h]
UDF1 calls
bits checks
Flop [5d Ac 7s], UDF1 (20), bits (20)
bits bids 41
UDF1 bids 99
UDF1 won the auction and was revealed [7c]
Flop [5d Ac 7s], UDF1 (61), bits (20)
bits checks
UDF1 checks
Turn [5d Ac 7s 3c], UDF1 (61), bits (20)
bits bets 40
UDF1 folds
UDF1 awarded -61
bits awarded 61

Round #847, bits (14554), UDF1 (-14554)
bits posts blind: 10
UDF1 posts blind: 20
bits received [Qc 3c]
UDF1 received [2h Td]
bits calls
UDF1 checks
Flop [Kh 7d 6h], bits (20), UDF1 (20)
UDF1 bids 97
bits bids 23
UDF1 won the auction and was revealed [3c]
Flop [Kh 7d 6h], bits (20), UDF1 (43)
UDF1 checks
bits checks
Turn [Kh 7d 6h 5h], bits (20), UDF1 (43)
UDF1 bets 20
bits folds
bits awarded -20
UDF1 awarded 20

Round #848, UDF1 (-14534), bits (14534)
UDF1 posts blind: 10
bits posts blind: 20
UDF1 received [5s 4d]
bits received [6d Th]
UDF1 calls
bits checks
Flop [8d Ks As], UDF1 (20), bits (20)
bits bids 16
UDF1 bids 85
UDF1 won the auction and was revealed [Th]
Flop [8d Ks As], UDF1 (36), bits (20)
bits checks
UDF1 checks
Turn [8d Ks As Qd], UDF1 (36), bits (20)
bits checks
UDF1 checks
River [8d Ks As Qd 5h], UDF1 (36), bits (20)
bits checks
UDF1 checks
UDF1 shows [5s 4d]
bits shows [6d Th]
UDF1 awarded 20
bits awarded -20

Round #849, bits (14514), UDF1 (-14514)
bits posts blind: 10
UDF1 posts blind: 20
bits received [6h 9s]
UDF1 received [7s 4h]
bits calls
UDF1 checks
Flop [Ah Jh Qs], bits (20), UDF1 (20)
UDF1 bids 91
bits bids 19
UDF1 won the auction and was revealed [9s]
Flop [Ah Jh Qs], bits (20), UDF1 (39)
UDF1 checks
bits checks
Turn [Ah Jh Qs Qd], bits (20), UDF1 (39)
UDF1 checks
bits checks
River [Ah Jh Qs Qd 7d], bits (20), UDF1 (39)
UDF1 bets 40
bits folds
bits awarded -20
UDF1 awarded 20

Round #850, UDF1 (-14494), bits (14494)
UDF1 posts blind: 10
bits posts blind: 20
UDF1 received [4h Ad]
bits received [8s 9h]
UDF1 calls
bits checks
Flop [2c Qd Kc], UDF1 (20), bits (20)
bits bids 18
UDF1 bids 87
UDF1 won the auction and was revealed [9h]
Flop [2c Qd Kc], UDF1 (38), bits (20)
bits checks
UDF1 bets 26
bits folds
UDF1 awarded 20
bits awarded -20

Round #851, bits (14474), UDF1 (-14474)
bits posts blind: 10
UDF1 posts blind: 20
bits received [9c 9h]
UDF1 received [As Ad]
bits raises to 60
UDF1 raises to 3922
bits folds
bits awarded -60
UDF1 awarded 60

Round #852, UDF1 (-14414), bits (14414)
UDF1 posts blind: 10
bits posts blind: 20
UDF1 received [3h Jd]
bits received [5h 8c]
UDF1 calls
bits checks
Flop [Kd 6s Qh], UDF1 (20), bits (20)
bits bids 18
UDF1 bids 103
UDF1 won the auction and was revealed [8c]
Flop [Kd 6s Qh], UDF1 (38), bits (20)
bits checks
UDF1 checks
Turn [Kd 6s Qh 2s], UDF1 (38), bits (20)
bits checks
UDF1 bets 22
bits folds
UDF1 awarded 20
bits awarded -20

Round #853, bits (14394), UDF1 (-14394)
bits posts blind: 10
UDF1 posts blind: 20
bits received [Qd 3h]
UDF1 received [Qs 4s]
bits calls
UDF1 checks
Flop [Ac Js Qh], bits (20), UDF1 (20)
UDF1 bids 84
bits bids 40
UDF1 won the auction and was revealed [3h]
Flop [Ac Js Qh], bits (20), UDF1 (60)
UDF1 bets 50
bits calls
Turn [Ac Js Qh 5s], bits (70), UDF1 (110)
UDF1 bets 112
bits calls
River [Ac Js Qh 5s 6c], bits (182), UDF1 (222)
UDF1 bets 280
bits calls
bits shows [Qd 3h]
UDF1 shows [Qs 4s]
bits awarded 20
UDF1 awarded -20

Round #854, UDF1 (-14414), bits (14414)
UDF1 posts blind: 10
bits posts blind: 20
UDF1 received [Kc Ks]
bits received [Qc 7c]
UDF1 raises to 3908
bits folds
UDF1 awarded 20
bits awarded -20

Round #855, bits (14394), UDF1 (-14394)
bits posts blind: 10
UDF1 posts blind: 20
bits received [7h 7d]
UDF1 received [2s 4c]
bits raises to 60
UDF1 folds
bits awarded 20
UDF1 awarded -20

Round #856, UDF1 (-14414), bits (14414)
UDF1 posts blind: 10
bits posts blind: 20
UDF1 received [6h Ac]
bits received [6c 2h]
UDF1 calls
bits checks
Flop [Kd 5d 6d], UDF1 (20), bits (20)
bits bids 34
UDF1 bids 92
UDF1 won the auction and was revealed [2h]
Flop [Kd 5d 6d], UDF1 (54), bits (20)
bits checks
UDF1 bets 46
bits calls
Turn [Kd 5d 6d 5c], UDF1 (100), bits (66)
bits checks
UDF1 bets 92
bits calls
River [Kd 5d 6d 5c 9d], UDF1 (192), bits (158)
bits checks
UDF1 bets 243
bits folds
UDF1 awarded 158
bits awarded -158

Round #857, bits (14256), UDF1 (-14256)
bits posts blind: 10
UDF1 posts blind: 20
bits received [3d 3c]
UDF1 received [9d Ac]
bits calls
UDF1 checks
Flop [6d Qd Ks], bits (20), UDF1 (20)
UDF1 bids 83
bits bids 32
UDF1 won the auction and was revealed [3c]
Flop [6d Qd Ks], bits (20), UDF1 (52)
UDF1 bets 34
bits calls
Turn [6d Qd Ks 5c], bits (54), UDF1 (86)
UDF1 checks
bits checks
River [6d Qd Ks 5c 4h], bits (54), UDF1 (86)
UDF1 checks
bits checks
bits shows [3d 3c]
UDF1 shows [9d Ac]
bits awarded 86
UDF1 awarded -86

Round #858, UDF1 (-14342), bits (14342)
UDF1 posts blind: 10
bits posts blind: 20
UDF1 received [8d 8h]
bits received [7h 3d]
UDF1 raises to 3662
bits folds
UDF1 awarded 20
bits awarded -20

Round #859, bits (14322), UDF1 (-14322)
bits posts blind: 10
UDF1 posts blind: 20
bits received [9c 3c]
UDF1 received [Ks Qh]
bits calls
UDF1 raises to 3222
bits folds
bits awarded -20
UDF1 awarded 20

Round #860, UDF1 (-14302), bits (14302)
UDF1 posts blind: 10
bits posts blind: 20
UDF1 received [2s 8h]
bits received [7h Ts]
UDF1 raises to 898
bits folds
UDF1 awarded 20
bits awarded -20

Round #861, bits (14282), UDF1 (-14282)
bits posts blind: 10
UDF1 posts blind: 20
bits received [Ts 6s]
UDF1 received [7d Tc]
bits calls
UDF1 checks
Flop [4s Kh Jd], bits (20), UDF1 (20)
UDF1 bids 101
bits bids 21
UDF1 won the auction and was revealed [6s]
Flop [4s Kh Jd], bits (20), UDF1 (41)
UDF1 checks
bits checks
Turn [4s Kh Jd 9s], bits (20), UDF1 (41)
UDF1 bets 24
bits calls
River [4s Kh Jd 9s Td], bits (44), UDF1 (65)
UDF1 bets 78
bits calls
bits shows [Ts 6s]
UDF1 shows [7d Tc]
bits awarded 10
UDF1 awarded -10

Round #862, UDF1 (-14292), bits (14292)
UDF1 posts blind: 10
bits posts blind: 20
UDF1 received [9d 9h]
bits received [Td Kc]
UDF1 raises to 3411
bits folds
UDF1 awarded 20
bits awarded -20

Round #863, bits (14272), UDF1 (-14272)
bits posts blind: 10
UDF1 posts blind: 20
bits received [Ah 7s]
UDF1 received [4s 6c]
bits calls
UDF1 checks
Flop [4h Js 7h], bits (20), UDF1 (20)
UDF1 bids 93
bits bids 41
UDF1 won the auction and was revealed [7s]
Flop [4h Js 7h], bits (20), UDF1 (61)
UDF1 checks
bits bets 40
UDF1 folds
bits awarded 61
UDF1 awarded -61

Round #864, UDF1 (-14333), bits (14333)
UDF1 posts blind: 10
bits posts blind: 20
UDF1 received [Ts 2d]
bits received [8c 8s]
UDF1 calls
bits raises to 80
UDF1 folds
UDF1 awarded -20
bits awarded 20

Round #865, bits (14353), UDF1 (-14353)
bits posts blind: 10
UDF1 posts blind: 20
bits received [Kh Kd]
UDF1 received [Td Qc]
bits raises to 60
UDF1 folds
bits awarded 20
UDF1 awarded -20

Round #866, UDF1 (-14373), bits (14373)
UDF1 posts blind: 10
bits posts blind: 20
UDF1 received [5c Kc]
bits received [Ts 3s]
UDF1 calls
bits checks
Flop [6d Qh Qd], UDF1 (20), bits (20)
bits bids 21
UDF1 bids 86
UDF1 won the auction and was revealed [3s]
Flop [6d Qh Qd], UDF1 (41), bits (20)
bits checks
UDF1 bets 28
bits folds
UDF1 awarded 20
bits awarded -20

Round #867, bits (14353), UDF1 (-14353)
bits posts blind: 10
UDF1 posts blind: 20
bits received [Qd 8h]
UDF1 received [7h 3c]
bits calls
UDF1 checks
Flop [9h 5c 9c], bits (20), UDF1 (20)
UDF1 bids 100
bits bids 23
UDF1 won the auction and was revealed [8h]
Flop [9h 5c 9c], bits (20), UDF1 (43)
UDF1 checks
bits checks
Turn [9h 5c 9c 9s], bits (20), UDF1 (43)
UDF1 checks
bits checks
River [9h 5c 9c 9s 2s], bits (20), UDF1 (43)
UDF1 checks
bits checks
bits shows [Qd 8h]
UDF1 shows [7h 3c]
bits awarded 43
UDF1 awarded -43

Round #868, UDF1 (-14396), bits (14396)
UDF1 posts blind: 10
bits posts blind: 20
UDF1 received [3c 7s]
bits received [5s Td]
UDF1 calls
bits checks
Flop [As 5h 2c], UDF1 (20), bits (20)
bits bids 38
UDF1 bids 82
UDF1 won the auction and was revealed [Td]
Flop [As 5h 2c], UDF1 (58), bits (20)
bits checks
UDF1 checks
Turn [As 5h 2c Qh], UDF1 (58), bits (20)
bits checks
UDF1 checks
River [As 5h 2c Qh 7c], UDF1 (58), bits (20)
bits checks
UDF1 bets 59
bits calls
UDF1 shows [3c 7s]
bits shows [5s Td]
UDF1 awarded 79
bits awarded -79

Round #869, bits (14317), UDF1 (-14317)
bits posts blind: 10
UDF1 posts blind: 20
bits received [Kh Qs]
UDF1 received [4s Ks]
bits calls
UDF1 checks
Flop [Kc 3s 2d], bits (20), UDF1 (20)
UDF1 bids 98
bits bids 4980
bits won the auction and was revealed [4s]
Flop [Kc 3s 2d], bits (118), UDF1 (20)
UDF1 bets 84
bits calls
Turn [Kc 3s 2d 4h], bits (202), UDF1 (104)
UDF1 bets 197
bits calls
River [Kc 3s 2d 4h 5d], bits (399), UDF1 (301)
UDF1 bets 534
bits folds
bits awarded -399
UDF1 awarded 399

Round #870, UDF1 (-13918), bits (13918)
UDF1 posts blind: 10
bits posts blind: 20
UDF1 received [4h 2d]
bits received [Ah Ts]
UDF1 calls
bits raises to 80
UDF1 folds
UDF1 awarded -20
bits awarded 20

Round #871, bits (13938), UDF1 (-13938)
bits posts blind: 10
UDF1 posts blind: 20
bits received [4d Ks]
UDF1 received [6c 5c]
bits calls
UDF1 raises to 1917
bits folds
bits awarded -20
UDF1 awarded 20

Round #872, UDF1 (-13918), bits (13918)
UDF1 posts blind: 10
bits posts blind: 20
UDF1 received [2d 8h]
bits received [7c 3h]
UDF1 calls
bits checks
Flop [Kd 9s 5h], UDF1 (20), bits (20)
bits bids 12
UDF1 bids 76
UDF1 won the auction and was revealed [7c]
Flop [Kd 9s 5h], UDF1 (32), bits (20)
bits checks
UDF1 checks
Turn [Kd 9s 5h Js], UDF1 (32), bits (20)
bits checks
UDF1 checks
River [Kd 9s 5h Js Qc], UDF1 (32), bits (20)
bits checks
UDF1 checks
UDF1 shows [2d 8h]
bits shows [7c 3h]
UDF1 awarded 20
bits awarded -20

Round #873, bits (13898), UDF1 (-13898)
bits posts blind: 10
UDF1 posts blind: 20
bits received [Kh 4s]
UDF1 received [Th 4d]
bits calls
UDF1 checks
Flop [8h Jd 8d], bits (20), UDF1 (20)
UDF1 bids 78
bits bids 26
UDF1 won the auction and was revealed [4s]
Flop [8h Jd 8d], bits (20), UDF1 (46)
UDF1 checks
bits checks
Turn [8h Jd 8d Qd], bits (20), UDF1 (46)
UDF1 bets 31
bits folds
bits awarded -20
UDF1 awarded 20

Round #874, UDF1 (-13878), bits (13878)
UDF1 posts blind: 10
bits posts blind: 20
UDF1 received [6c 2c]
bits received [5h 6s]
UDF1 calls
bits checks
Flop [Jd Qd 8d], UDF1 (20), bits (20)
bits bids 11
UDF1 bids 78
UDF1 won the auction and was revealed [5h]
Flop [Jd Qd 8d], UDF1 (31), bits (20)
bits checks
UDF1 checks
Turn [Jd Qd 8d 8c], UDF1 (31), bits (20)
bits checks
UDF1 checks
River [Jd Qd 8d 8c 3d], UDF1 (31), bits (20)
bits checks
UDF1 checks
UDF1 shows [6c 2c]
bits shows [5h 6s]
UDF1 awarded -6
bits awarded 6

Round #875, bits (13884), UDF1 (-13884)
bits posts blind: 10
UDF1 posts blind: 20
bits received [Ac Ks]
UDF1 received [6d 4s]
bits raises to 60
UDF1 folds
bits awarded 20
UDF1 awarded -20

Round #876, UDF1 (-13904), bits (13904)
UDF1 posts blind: 10
bits posts blind: 20
UDF1 received [6d 7s]
bits received [Qs 3d]
UDF1 calls
bits checks
Flop [8c 9s Ac], UDF1 (20), bits (20)
bits bids 22
UDF1 bids 95
UDF1 won the auction and was revealed [3d]
Flop [8c 9s Ac], UDF1 (42), bits (20)
bits checks
UDF1 bets 21
bits calls
Turn [8c 9s Ac Ks], UDF1 (63), bits (41)
bits checks
UDF1 bets 34
bits calls
River [8c 9s Ac Ks 7c], UDF1 (97), bits (75)
bits checks
UDF1 bets 115
bits folds
UDF1 awarded 75
bits awarded -75

Round #877, bits (13829), UDF1 (-13829)
bits posts blind: 10
UDF1 posts blind: 20
bits received [3c 7c]
UDF1 received [9h 2c]
bits calls
UDF1 raises to 854
bits folds
bits awarded -20
UDF1 awarded 20

Round #878, UDF1 (-13809), bits (13809)
UDF1 posts blind: 10
bits posts blind: 20
UDF1 received [Ks 6h]
bits received [8c 2d]
UDF1 calls
bits checks
Flop [4s 7h 5d], UDF1 (20), bits (20)
bits bids 17
UDF1 bids 93
UDF1 won the auction and was revealed [8c]
Flop [4s 7h 5d], UDF1 (37), bits (20)
bits checks
UDF1 bets 20
bits folds
UDF1 awarded 20
bits awarded -20

Round #879, bits (13789), UDF1 (-13789)
bits posts blind: 10
UDF1 posts blind: 20
bits received [8d 2d]
UDF1 received [7c 8s]
bits calls
UDF1 checks
Flop [2h 8h 5d], bits (20), UDF1 (20)
UDF1 bids 93
bits bids 50
UDF1 won the auction and was revealed [2d]
Flop [2h 8h 5d], bits (20), UDF1 (70)
UDF1 bets 37
bits calls
Turn [2h 8h 5d Jc], bits (57), UDF1 (107)
UDF1 bets 71
bits calls
River [2h 8h 5d Jc Js], bits (128), UDF1 (178)
UDF1 bets 216
bits calls
bits shows [8d 2d]
UDF1 shows [7c 8s]
bits awarded -344
UDF1 awarded 344

Round #880, UDF1 (-13445), bits (13445)
UDF1 posts blind: 10
bits posts blind: 20
UDF1 received [9h 8d]
bits received [2s 5d]
UDF1 calls
bits checks
Flop [5h 9c 6h], UDF1 (20), bits (20)
bits bids 27
UDF1 bids 90
UDF1 won the auction and was revealed [2s]
Flop [5h 9c 6h], UDF1 (47), bits (20)
bits checks
UDF1 bets 42
bits calls
Turn [5h 9c 6h 9d], UDF1 (89), bits (62)
bits checks
UDF1 bets 105
bits calls
River [5h 9c 6h 9d 7d], UDF1 (194), bits (167)
bits checks
UDF1 bets 246
bits calls
UDF1 shows [9h 8d]
bits shows [2s 5d]
UDF1 awarded 413
bits awarded -413

Round #881, bits (13032), UDF1 (-13032)
bits posts blind: 10
UDF1 posts blind: 20
bits received [6d Jh]
UDF1 received [7s 8s]
bits calls
UDF1 raises to 2074
bits folds
bits awarded -20
UDF1 awarded 20

Round #882, UDF1 (-13012), bits (13012)
UDF1 posts blind: 10
bits posts blind: 20
UDF1 received [Kc 9s]
bits received [Jc 9c]
UDF1 calls
bits checks
Flop [7s 2c 4h], UDF1 (20), bits (20)
bits bids 19
UDF1 bids 94
UDF1 won the auction and was revealed [Jc]
Flop [7s 2c 4h], UDF1 (39), bits (20)
bits checks
UDF1 checks
Turn [7s 2c 4h 8c], UDF1 (39), bits (20)
bits checks
UDF1 checks
River [7s 2c 4h 8c 4c], UDF1 (39), bits (20)
bits bets 73
UDF1 folds
UDF1 awarded -39
bits awarded 39

Round #883, bits (13051), UDF1 (-13051)
bits posts blind: 10
UDF1 posts blind: 20
bits received [Qs 3c]
UDF1 received [Qc 9d]
bits calls
UDF1 checks
Flop [9s Jd 3h], bits (20), UDF1 (20)
UDF1 bids 97
bits bids 37
UDF1 won the auction and was revealed [3c]
Flop [9s Jd 3h], bits (20), UDF1 (57)
UDF1 bets 31
bits calls
Turn [9s Jd 3h Ac], bits (51), UDF1 (88)
UDF1 bets 88
bits calls
River [9s Jd 3h Ac 6h], bits (139), UDF1 (176)
UDF1 bets 229
bits folds
bits awarded -139
UDF1 awarded 139

Round #884, UDF1 (-12912), bits (12912)
UDF1 posts blind: 10
bits posts blind: 20
UDF1 received [6d Kd]
bits received [5c 5s]
UDF1 calls
bits checks
Flop [8d Qc Ts], UDF1 (20), bits (20)
bits bids 24
UDF1 bids 75
UDF1 won the auction and was revealed [5s]
Flop [8d Qc Ts], UDF1 (44), bits (20)
bits checks
UDF1 checks
Turn [8d Qc Ts 2s], UDF1 (44), bits (20)
bits checks
UDF1 bets 20
bits calls
River [8d Qc Ts 2s Th], UDF1 (64), bits (40)
bits checks
UDF1 bets 41
bits calls
UDF1 shows [6d Kd]
bits shows [5c 5s]
UDF1 awarded -105
bits awarded 105

Round #885, bits (13017), UDF1 (-13017)
bits posts blind: 10
UDF1 posts blind: 20
bits received [6c Ac]
UDF1 received [7d 8d]
bits calls
UDF1 checks
Flop [Td 8h 7h], bits (20), UDF1 (20)
UDF1 bids 79
bits bids 25
UDF1 won the auction and was revealed [6c]
Flop [Td 8h 7h], bits (20), UDF1 (45)
UDF1 bets 39
bits calls
Turn [Td 8h 7h 3h], bits (59), UDF1 (84)
UDF1 bets 79
bits folds
bits awarded -59
UDF1 awarded 59

Round #886, UDF1 (-12958), bits (12958)
UDF1 posts blind: 10
bits posts blind: 20
UDF1 received [2s 3h]
bits received [As 8d]
UDF1 calls
bits checks
Flop [Qd 6s Jc], UDF1 (20), bits (20)
bits bids 28
UDF1 bids 98
UDF1 won the auction and was revealed [8d]
Flop [Qd 6s Jc], UDF1 (48), bits (20)
bits checks
UDF1 checks
Turn [Qd 6s Jc 5s], UDF1 (48), bits (20)
bits checks
UDF1 checks
River [Qd 6s Jc 5s 4s], UDF1 (48), bits (20)
bits checks
UDF1 bets 51
bits folds
UDF1 awarded 20
bits awarded -20

Round #887, bits (12938), UDF1 (-12938)
bits posts blind: 10
UDF1 posts blind: 20
bits received [Qd Tc]
UDF1 received [4h Js]
bits calls
UDF1 checks
Flop [5s 8s 6s], bits (20), UDF1 (20)
UDF1 bids 85
bits bids 18
UDF1 won the auction and was revealed [Qd]
Flop [5s 8s 6s], bits (20), UDF1 (38)
UDF1 bets 23
bits folds
bits awarded -20
UDF1 awarded 20

Round #888, UDF1 (-12918), bits (12918)
UDF1 posts blind: 10
bits posts blind: 20
UDF1 received [Jd 8c]
bits received [4s Jh]
UDF1 calls
bits checks
Flop [2h 8s 3c], UDF1 (20), bits (20)
bits bids 21
UDF1 bids 92
UDF1 won the auction and was revealed [4s]
Flop [2h 8s 3c], UDF1 (41), bits (20)
bits checks
UDF1 bets 37
bits folds
UDF1 awarded 20
bits awarded -20

Round #889, bits (12898), UDF1 (-12898)
bits posts blind: 10
UDF1 posts blind: 20
bits received [4s 7h]
UDF1 received [5d Qd]
bits calls
UDF1 checks
Flop [3c Qh 6s], bits (20), UDF1 (20)
UDF1 bids 84
bits bids 20
UDF1 won the auction and was revealed [7h]
Flop [3c Qh 6s], bits (20), UDF1 (40)
UDF1 bets 39
bits folds
bits awarded -20
UDF1 awarded 20

Round #890, UDF1 (-12878), bits (12878)
UDF1 posts blind: 10
bits posts blind: 20
UDF1 received [9c 8s]
bits received [Ad Td]
UDF1 raises to 1951
bits folds
UDF1 awarded 20
bits awarded -20

Round #891, bits (12858), UDF1 (-12858)
bits posts blind: 10
UDF1 posts blind: 20
bits received [Kc 4s]
UDF1 received [7h 6d]
bits calls
UDF1 checks
Flop [6s As 3d], bits (20), UDF1 (20)
UDF1 bids 76
bits bids 25
UDF1 won the auction and was revealed [4s]
Flop [6s As 3d], bits (20), UDF1 (45)
UDF1 bets 25
bits calls
Turn [6s As 3d 7d], bits (45), UDF1 (70)
UDF1 bets 69
bits folds
bits awarded -45
UDF1 awarded 45

Round #892, UDF1 (-12813), bits (12813)
UDF1 posts blind: 10
bits posts blind: 20
UDF1 received [Qd 2c]
bits received [Ks 8c]
UDF1 calls
bits checks
Flop [5c 5d 6h], UDF1 (20), bits (20)
bits bids 26
UDF1 bids 81
UDF1 won the auction and was revealed [8c]
Flop [5c 5d 6h], UDF1 (46), bits (20)
bits checks
UDF1 checks
Turn [5c 5d 6h 4h], UDF1 (46), bits (20)
bits checks
UDF1 bets 20
bits calls
River [5c 5d 6h 4h 3h], UDF1 (66), bits (40)
bits checks
UDF1 bets 79
bits folds
UDF1 awarded 40
bits awarded -40

Round #893, bits (12773), UDF1 (-12773)
bits posts blind: 10
UDF1 posts blind: 20
bits received [6c Ts]
UDF1 received [2h Ah]
bits calls
UDF1 raises to 2039
bits folds
bits awarded -20
UDF1 awarded 20

Round #894, UDF1 (-12753), bits (12753)
UDF1 posts blind: 10
bits posts blind: 20
UDF1 received [Jd 8d]
bits received [5s 3h]
UDF1 calls
bits checks
Flop [Th 6c Js], UDF1 (20), bits (20)
bits bids 11
UDF1 bids 84
UDF1 won the auction and was revealed [3h]
Flop [Th 6c Js], UDF1 (31), bits (20)
bits checks
UDF1 bets 29
bits folds
UDF1 awarded 20
bits awarded -20

Round #895, bits (12733), UDF1 (-12733)
bits posts blind: 10
UDF1 posts blind: 20
bits received [9d 8d]
UDF1 received [Td 2d]
bits calls
UDF1 checks
Flop [6c 3c Kd], bits (20), UDF1 (20)
UDF1 bids 102
bits bids 17
UDF1 won the auction and was revealed [8d]
Flop [6c 3c Kd], bits (20), UDF1 (37)
UDF1 checks
bits checks
Turn [6c 3c Kd Th], bits (20), UDF1 (37)
UDF1 bets 35
bits folds
bits awarded -20
UDF1 awarded 20

Round #896, UDF1 (-12713), bits (12713)
UDF1 posts blind: 10
bits posts blind: 20
UDF1 received [4h 2h]
bits received [5s 6d]
UDF1 calls
bits checks
Flop [As 8c 4s], UDF1 (20), bits (20)
bits bids 20
UDF1 bids 81
UDF1 won the auction and was revealed [6d]
Flop [As 8c 4s], UDF1 (40), bits (20)
bits checks
UDF1 bets 27
bits folds
UDF1 awarded 20
bits awarded -20

Round #897, bits (12693), UDF1 (-12693)
bits posts blind: 10
UDF1 posts blind: 20
bits received [6h 8h]
UDF1 received [9c Ks]
bits calls
UDF1 checks
Flop [Ac Ad 6d], bits (20), UDF1 (20)
UDF1 bids 101
bits bids 41
UDF1 won the auction and was revealed [6h]
Flop [Ac Ad 6d], bits (20), UDF1 (61)
UDF1 checks
bits bets 40
UDF1 folds
bits awarded 61
UDF1 awarded -61

Round #898, UDF1 (-12754), bits (12754)
UDF1 posts blind: 10
bits posts blind: 20
UDF1 received [8s Ah]
bits received [Ks Qs]
UDF1 calls
bits raises to 80
UDF1 folds
UDF1 awarded -20
bits awarded 20

Round #899, bits (12774), UDF1 (-12774)
bits posts blind: 10
UDF1 posts blind: 20
bits received [8h 6c]
UDF1 received [5d 5h]
bits calls
UDF1 checks
Flop [6s Kd 4h], bits (20), UDF1 (20)
UDF1 bids 78
bits bids 41
UDF1 won the auction and was revealed [6c]
Flop [6s Kd 4h], bits (20), UDF1 (61)
UDF1 checks
bits checks
Turn [6s Kd 4h 3c], bits (20), UDF1 (61)
UDF1 checks
bits bets 40
UDF1 folds
bits awarded 61
UDF1 awarded -61

Round #900, UDF1 (-12835), bits (12835)
UDF1 posts blind: 10
bits posts blind: 20
UDF1 received [8d Qd]
bits received [7h 7d]
UDF1 calls
bits raises to 80
UDF1 folds
UDF1 awarded -20
bits awarded 20

Round #901, bits (12855), UDF1 (-12855)
bits posts blind: 10
UDF1 posts blind: 20
bits received [2c 4h]
UDF1 received [3s Ad]
bits calls
UDF1 checks
Flop [2d 5h 6c], bits (20), UDF1 (20)
UDF1 bids 92
bits bids 30
UDF1 won the auction and was revealed [4h]
Flop [2d 5h 6c], bits (20), UDF1 (50)
UDF1 bets 29
bits calls
Turn [2d 5h 6c Ks], bits (49), UDF1 (79)
UDF1 bets 50
bits calls
River [2d 5h 6c Ks Kh], bits (99), UDF1 (129)
UDF1 bets 70
bits calls
bits shows [2c 4h]
UDF1 shows [3s Ad]
bits awarded 199
UDF1 awarded -199

Round #902, UDF1 (-13054), bits (13054)
UDF1 posts blind: 10
bits posts blind: 20
UDF1 received [Th 7h]
bits received [2c 9c]
UDF1 calls
bits checks
Flop [5c Tc Kd], UDF1 (20), bits (20)
bits bids 30
UDF1 bids 78
UDF1 won the auction and was revealed [9c]
Flop [5c Tc Kd], UDF1 (50), bits (20)
bits checks
UDF1 bets 33
bits calls
Turn [5c Tc Kd 9d], UDF1 (83), bits (53)
bits bets 68
UDF1 calls
River [5c Tc Kd 9d 7s], UDF1 (151), bits (121)
bits checks
UDF1 bets 206
bits calls
UDF1 shows [Th 7h]
bits shows [2c 9c]
UDF1 awarded 327
bits awarded -327

Round #903, bits (12727), UDF1 (-12727)
bits posts blind: 10
UDF1 posts blind: 20
bits received [4d 4h]
UDF1 received [3h 3s]
bits calls
UDF1 checks
Flop [9s 8h Ad], bits (20), UDF1 (20)
UDF1 bids 81
bits bids 28
UDF1 won the auction and was revealed [4h]
Flop [9s 8h Ad], bits (20), UDF1 (48)
UDF1 bets 30
bits calls
Turn [9s 8h Ad Kd], bits (50), UDF1 (78)
UDF1 bets 57
bits calls
River [9s 8h Ad Kd 7h], bits (107), UDF1 (135)
UDF1 bets 109
bits folds
bits awarded -107
UDF1 awarded 107

Round #904, UDF1 (-12620), bits (12620)
UDF1 posts blind: 10
bits posts blind: 20
UDF1 received [Qh Ts]
bits received [6c Ks]
UDF1 calls
bits checks
Flop [3d 2d Qd], UDF1 (20), bits (20)
bits bids 21
UDF1 bids 85
UDF1 won the auction and was revealed [6c]
Flop [3d 2d Qd], UDF1 (41), bits (20)
bits checks
UDF1 bets 36
bits folds
UDF1 awarded 20
bits awarded -20

Round #905, bits (12600), UDF1 (-12600)
bits posts blind: 10
UDF1 posts blind: 20
bits received [2s 2d]
UDF1 received [7d Qc]
bits calls
UDF1 checks
Flop [As 5c Ac], bits (20), UDF1 (20)
UDF1 bids 97
bits bids 25
UDF1 won the auction and was revealed [2s]
Flop [As 5c Ac], bits (20), UDF1 (45)
UDF1 bets 28
bits calls
Turn [As 5c Ac 8s], bits (48), UDF1 (73)
UDF1 bets 51
bits calls
River [As 5c Ac 8s Ad], bits (99), UDF1 (124)
UDF1 bets 86
bits calls
bits shows [2s 2d]
UDF1 shows [7d Qc]
bits awarded 210
UDF1 awarded -210

Round #906, UDF1 (-12810), bits (12810)
UDF1 posts blind: 10
bits posts blind: 20
UDF1 received [6c Ad]
bits received [Kc Kh]
UDF1 calls
bits raises to 80
UDF1 folds
UDF1 awarded -20
bits awarded 20

Round #907, bits (12830), UDF1 (-12830)
bits posts blind: 10
UDF1 posts blind: 20
bits received [Jd 6h]
UDF1 received [8h 2s]
bits calls
UDF1 checks
Flop [2d 4c Kh], bits (20), UDF1 (20)
UDF1 bids 91
bits bids 23
UDF1 won the auction and was revealed [Jd]
Flop [2d 4c Kh], bits (20), UDF1 (43)
UDF1 bets 28
bits folds
bits awarded -20
UDF1 awarded 20

Round #908, UDF1 (-12810), bits (12810)
UDF1 posts blind: 10
bits posts blind: 20
UDF1 received [3c 6h]
bits received [As 6c]
UDF1 raises to 922
bits folds
UDF1 awarded 20
bits awarded -20

Round #909, bits (12790), UDF1 (-12790)
bits posts blind: 10
UDF1 posts blind: 20
bits received [5c 8d]
UDF1 received [Ks 5d]
bits calls
UDF1 checks
Flop [Ac Js 8s], bits (20), UDF1 (20)
UDF1 bids 90
bits bids 37
UDF1 won the auction and was revealed [8d]
Flop [Ac Js 8s], bits (20), UDF1 (57)
UDF1 checks
bits checks
Turn [Ac Js 8s 9s], bits (20), UDF1 (57)
UDF1 checks
bits checks
River [Ac Js 8s 9s 3h], bits (20), UDF1 (57)
UDF1 checks
bits checks
bits shows [5c 8d]
UDF1 shows [Ks 5d]
bits awarded 57
UDF1 awarded -57

Round #910, UDF1 (-12847), bits (12847)
UDF1 posts blind: 10
bits posts blind: 20
UDF1 received [7c Qh]
bits received [5s 8s]
UDF1 calls
bits checks
Flop [Td 7s 5d], UDF1 (20), bits (20)
bits bids 38
UDF1 bids 97
UDF1 won the auction and was revealed [8s]
Flop [Td 7s 5d], UDF1 (58), bits (20)
bits checks
UDF1 bets 36
bits calls
Turn [Td 7s 5d Ah], UDF1 (94), bits (56)
bits checks
UDF1 bets 74
bits calls
River [Td 7s 5d Ah Jh], UDF1 (168), bits (130)
bits checks
UDF1 bets 119
bits calls
UDF1 shows [7c Qh]
bits shows [5s 8s]
UDF1 awarded 249
bits awarded -249

Round #911, bits (12598), UDF1 (-12598)
bits posts blind: 10
UDF1 posts blind: 20
bits received [7s 6s]
UDF1 received [4s 4c]
bits calls
UDF1 checks
Flop [6c 7d 5s], bits (20), UDF1 (20)
UDF1 bids 100
bits bids 43
UDF1 won the auction and was revealed [7s]
Flop [6c 7d 5s], bits (20), UDF1 (63)
UDF1 checks
bits bets 41
UDF1 calls
Turn [6c 7d 5s 5d], bits (61), UDF1 (104)
UDF1 checks
bits bets 82
UDF1 folds
bits awarded 104
UDF1 awarded -104

Round #912, UDF1 (-12702), bits (12702)
UDF1 posts blind: 10
bits posts blind: 20
UDF1 received [3h 8c]
bits received [Td 9d]
UDF1 calls
bits checks
Flop [9h 6d Qs], UDF1 (20), bits (20)
bits bids 46
UDF1 bids 89
UDF1 won the auction and was revealed [9d]
Flop [9h 6d Qs], UDF1 (66), bits (20)
bits bets 43
UDF1 folds
UDF1 awarded -66
bits awarded 66

Round #913, bits (12768), UDF1 (-12768)
bits posts blind: 10
UDF1 posts blind: 20
bits received [4h 6s]
UDF1 received [Kd 7h]
bits calls
UDF1 checks
Flop [Tc Ad 9h], bits (20), UDF1 (20)
UDF1 bids 77
bits bids 13
UDF1 won the auction and was revealed [6s]
Flop [Tc Ad 9h], bits (20), UDF1 (33)
UDF1 bets 23
bits folds
bits awarded -20
UDF1 awarded 20

Round #914, UDF1 (-12748), bits (12748)
UDF1 posts blind: 10
bits posts blind: 20
UDF1 received [Ts Ks]
bits received [9d Th]
UDF1 calls
bits checks
Flop [Tc 7d 7s], UDF1 (20), bits (20)
bits bids 45
UDF1 bids 94
UDF1 won the auction and was revealed [Th]
Flop [Tc 7d 7s], UDF1 (65), bits (20)
bits bets 42
UDF1 raises to 84
bits calls
Turn [Tc 7d 7s Jd], UDF1 (149), bits (104)
bits bets 126
UDF1 calls
River [Tc 7d 7s Jd 3s], UDF1 (275), bits (230)
bits bets 252
UDF1 calls
UDF1 shows [Ts Ks]
bits shows [9d Th]
UDF1 awarded 482
bits awarded -482

Round #915, bits (12266), UDF1 (-12266)
bits posts blind: 10
UDF1 posts blind: 20
bits received [8s Ac]
UDF1 received [5d Jh]
bits calls
UDF1 checks
Flop [Qh Kd Kc], bits (20), UDF1 (20)
UDF1 bids 87
bits bids 36
UDF1 won the auction and was revealed [8s]
Flop [Qh Kd Kc], bits (20), UDF1 (56)
UDF1 bets 29
bits calls
Turn [Qh Kd Kc 2c], bits (49), UDF1 (85)
UDF1 bets 59
bits calls
River [Qh Kd Kc 2c Jd], bits (108), UDF1 (144)
UDF1 bets 176
bits folds
bits awarded -108
UDF1 awarded 108

Round #916, UDF1 (-12158), bits (12158)
UDF1 posts blind: 10
bits posts blind: 20
UDF1 received [3d Qs]
bits received [Kc 5h]
UDF1 calls
bits checks
Flop [7s 6s 3h], UDF1 (20), bits (20)
bits bids 27
UDF1 bids 100
UDF1 won the auction and was revealed [5h]
Flop [7s 6s 3h], UDF1 (47), bits (20)
bits checks
UDF1 checks
Turn [7s 6s 3h Qc], UDF1 (47), bits (20)
bits checks
UDF1 bets 40
bits folds
UDF1 awarded 20
bits awarded -20

Round #917, bits (12138), UDF1 (-12138)
bits posts blind: 10
UDF1 posts blind: 20
bits received [3s 2d]
UDF1 received [Ts 9c]
bits calls
UDF1 checks
Flop [7c Kh 4d], bits (20), UDF1 (20)
UDF1 bids 95
bits bids 11
UDF1 won the auction and was revealed [3s]
Flop [7c Kh 4d], bits (20), UDF1 (31)
UDF1 checks
bits checks
Turn [7c Kh 4d Qs], bits (20), UDF1 (31)
UDF1 checks
bits checks
River [7c Kh 4d Qs Kc], bits (20), UDF1 (31)
UDF1 bets 20
bits folds
bits awarded -20
UDF1 awarded 20

Round #918, UDF1 (-12118), bits (12118)
UDF1 posts blind: 10
bits posts blind: 20
UDF1 received [Ad 8c]
bits received [5c 2s]
UDF1 calls
bits checks
Flop [3s 3d 4s], UDF1 (20), bits (20)
bits bids 27
UDF1 bids 92
UDF1 won the auction and was revealed [2s]
Flop [3s 3d 4s], UDF1 (47), bits (20)
bits checks
UDF1 bets 20
bits calls
Turn [3s 3d 4s 2h], UDF1 (67), bits (40)
bits checks
UDF1 checks
River [3s 3d 4s 2h Ah], UDF1 (67), bits (40)
bits bets 53
UDF1 calls
UDF1 shows [Ad 8c]
bits shows [5c 2s]
UDF1 awarded -120
bits awarded 120

Round #919, bits (12238), UDF1 (-12238)
bits posts blind: 10
UDF1 posts blind: 20
bits received [9d As]
UDF1 received [6c Kh]
bits calls
UDF1 checks
Flop [7c Kd Kc], bits (20), UDF1 (20)
UDF1 bids 78
bits bids 35
UDF1 won the auction and was revealed [As]
Flop [7c Kd Kc], bits (20), UDF1 (55)
UDF1 bets 53
bits calls
Turn [7c Kd Kc 7h], bits (73), UDF1 (108)
UDF1 bets 126
bits calls
River [7c Kd Kc 7h 7d], bits (199), UDF1 (234)
UDF1 bets 323
bits folds
bits awarded -199
UDF1 awarded 199

Round #920, UDF1 (-12039), bits (12039)
UDF1 posts blind: 10
bits posts blind: 20
UDF1 received [8h 5d]
bits received [Td As]
UDF1 raises to 1207
bits folds
UDF1 awarded 20
bits awarded -20

Round #921, bits (12019), UDF1 (-12019)
bits posts blind: 10
UDF1 posts blind: 20
bits received [7c Qc]
UDF1 received [6s Js]
bits calls
UDF1 checks
Flop [5h 3h 2h], bits (20), UDF1 (20)
UDF1 bids 90
bits bids 11
UDF1 won the auction and was revealed [Qc]
Flop [5h 3h 2h], bits (20), UDF1 (31)
UDF1 checks
bits checks
Turn [5h 3h 2h 6h], bits (20), UDF1 (31)
UDF1 checks
bits checks
River [5h 3h 2h 6h 9d], bits (20), UDF1 (31)
UDF1 bets 20
bits folds
bits awarded -20
UDF1 awarded 20

Round #922, UDF1 (-11999), bits (11999)
UDF1 posts blind: 10
bits posts blind: 20
UDF1 received [8s 7h]
bits received [Qh 6c]
UDF1 calls
bits checks
Flop [As Qd 8h], UDF1 (20), bits (20)
bits bids 42
UDF1 bids 80
UDF1 won the auction and was revealed [6c]
Flop [As Qd 8h], UDF1 (62), bits (20)
bits bets 41
UDF1 raises to 82
bits calls
Turn [As Qd 8h 5s], UDF1 (144), bits (102)
bits bets 123
UDF1 raises to 347
bits calls
River [As Qd 8h 5s 6h], UDF1 (491), bits (449)
bits bets 470
UDF1 calls
UDF1 shows [8s 7h]
bits shows [Qh 6c]
UDF1 awarded -961
bits awarded 961

Round #923, bits (12960), UDF1 (-12960)
bits posts blind: 10
UDF1 posts blind: 20
bits received [Js Jc]
UDF1 received [8d 3d]
bits raises to 60
UDF1 calls
Flop [Qh 5h Ks], bits (60), UDF1 (60)
UDF1 bids 85
bits bids 122
bits won the auction and was revealed [8d]
Flop [Qh 5h Ks], bits (145), UDF1 (60)
UDF1 bets 53
bits calls
Turn [Qh 5h Ks Ad], bits (198), UDF1 (113)
UDF1 checks
bits bets 155
UDF1 folds
bits awarded 113
UDF1 awarded -113

Round #924, UDF1 (-13073), bits (13073)
UDF1 posts blind: 10
bits posts blind: 20
UDF1 received [5d 2c]
bits received [5s 2h]
UDF1 calls
bits checks
Flop [2s 4h 7c], UDF1 (20), bits (20)
bits bids 33
UDF1 bids 88
UDF1 won the auction and was revealed [5s]
Flop [2s 4h 7c], UDF1 (53), bits (20)
bits checks
UDF1 bets 33
bits calls
Turn [2s 4h 7c 7s], UDF1 (86), bits (53)
bits checks
UDF1 bets 68
bits calls
River [2s 4h 7c 7s 8c], UDF1 (154), bits (121)
bits checks
UDF1 bets 127
bits calls
UDF1 shows [5d 2c]
bits shows [5s 2h]
UDF1 awarded -17
bits awarded 17

Round #925, bits (13090), UDF1 (-13090)
bits posts blind: 10
UDF1 posts blind: 20
bits received [Jh 2c]
UDF1 received [8s Th]
bits calls
UDF1 raises to 1303
bits folds
bits awarded -20
UDF1 awarded 20

Round #926, UDF1 (-13070), bits (13070)
UDF1 posts blind: 10
bits posts blind: 20
UDF1 received [4h 4d]
bits received [4c 6d]
UDF1 calls
bits checks
Flop [Ac 6h 5s], UDF1 (20), bits (20)
bits bids 39
UDF1 bids 98
UDF1 won the auction and was revealed [4c]
Flop [Ac 6h 5s], UDF1 (59), bits (20)
bits checks
UDF1 bets 29
bits calls
Turn [Ac 6h 5s 9c], UDF1 (88), bits (49)
bits checks
UDF1 bets 56
bits calls
River [Ac 6h 5s 9c Qd], UDF1 (144), bits (105)
bits checks
UDF1 bets 188
bits calls
UDF1 shows [4h 4d]
bits shows [4c 6d]
UDF1 awarded -332
bits awarded 332

Round #927, bits (13402), UDF1 (-13402)
bits posts blind: 10
UDF1 posts blind: 20
bits received [3c Ks]
UDF1 received [Th Jc]
bits calls
UDF1 raises to 2034
bits folds
bits awarded -20
UDF1 awarded 20

Round #928, UDF1 (-13382), bits (13382)
UDF1 posts blind: 10
bits posts blind: 20
UDF1 received [9h Ad]
bits received [2h Ts]
UDF1 calls
bits checks
Flop [5h 8c Kh], UDF1 (20), bits (20)
bits bids 15
UDF1 bids 87
UDF1 won the auction and was revealed [Ts]
Flop [5h 8c Kh], UDF1 (35), bits (20)
bits checks
UDF1 bets 21
bits folds
UDF1 awarded 20
bits awarded -20

Round #929, bits (13362), UDF1 (-13362)
bits posts blind: 10
UDF1 posts blind: 20
bits received [5s Qc]
UDF1 received [8h Jc]
bits calls
UDF1 checks
Flop [2d Kc 3h], bits (20), UDF1 (20)
UDF1 bids 90
bits bids 24
UDF1 won the auction and was revealed [Qc]
Flop [2d Kc 3h], bits (20), UDF1 (44)
UDF1 checks
bits checks
Turn [2d Kc 3h Qh], bits (20), UDF1 (44)
UDF1 checks
bits bets 32
UDF1 folds
bits awarded 44
UDF1 awarded -44

Round #930, UDF1 (-13406), bits (13406)
UDF1 posts blind: 10
bits posts blind: 20
UDF1 received [6c 8c]
bits received [Qc 2d]
UDF1 calls
bits checks
Flop [Jd 4c 3c], UDF1 (20), bits (20)
bits bids 20
UDF1 bids 87
UDF1 won the auction and was revealed [Qc]
Flop [Jd 4c 3c], UDF1 (40), bits (20)
bits checks
UDF1 checks
Turn [Jd 4c 3c Kc], UDF1 (40), bits (20)
bits checks
UDF1 bets 24
bits calls
River [Jd 4c 3c Kc 2c], UDF1 (64), bits (44)
bits bets 54
UDF1 folds
UDF1 awarded -64
bits awarded 64

Round #931, bits (13470), UDF1 (-13470)
bits posts blind: 10
UDF1 posts blind: 20
bits received [7c 6s]
UDF1 received [8h Kc]
bits calls
UDF1 checks
Flop [2h 7d Qc], bits (20), UDF1 (20)
UDF1 bids 77
bits bids 40
UDF1 won the auction and was revealed [6s]
Flop [2h 7d Qc], bits (20), UDF1 (60)
UDF1 bets 36
bits calls
Turn [2h 7d Qc 9h], bits (56), UDF1 (96)
UDF1 bets 71
bits calls
River [2h 7d Qc 9h 6h], bits (127), UDF1 (167)
UDF1 checks
bits bets 147
UDF1 folds
bits awarded 167
UDF1 awarded -167

Round #932, UDF1 (-13637), bits (13637)
UDF1 posts blind: 10
bits posts blind: 20
UDF1 received [8h 2d]
bits received [Jc As]
UDF1 calls
bits checks
Flop [6h 8c 3c], UDF1 (20), bits (20)
bits bids 32
UDF1 bids 91
UDF1 won the auction and was revealed [Jc]
Flop [6h 8c 3c], UDF1 (52), bits (20)
bits checks
UDF1 bets 27
bits calls
Turn [6h 8c 3c 4c], UDF1 (79), bits (47)
bits checks
UDF1 checks
River [6h 8c 3c 4c Qs], UDF1 (79), bits (47)
bits checks
UDF1 bets 95
bits folds
UDF1 awarded 47
bits awarded -47

Round #933, bits (13590), UDF1 (-13590)
bits posts blind: 10
UDF1 posts blind: 20
bits received [2c 4c]
UDF1 received [Ac 2s]
bits calls
UDF1 checks
Flop [4s 5h 4h], bits (20), UDF1 (20)
UDF1 bids 82
bits bids 4980
bits won the auction and was revealed [Ac]
Flop [4s 5h 4h], bits (102), UDF1 (20)
UDF1 bets 48
bits calls
Turn [4s 5h 4h 8c], bits (150), UDF1 (68)
UDF1 bets 87
bits calls
River [4s 5h 4h 8c 6c], bits (237), UDF1 (155)
UDF1 checks
bits bets 196
UDF1 folds
bits awarded 155
UDF1 awarded -155

Round #934, UDF1 (-13745), bits (13745)
UDF1 posts blind: 10
bits posts blind: 20
UDF1 received [Kd 4d]
bits received [8c 8d]
UDF1 calls
bits raises to 80
UDF1 folds
UDF1 awarded -20
bits awarded 20

Round #935, bits (13765), UDF1 (-13765)
bits posts blind: 10
UDF1 posts blind: 20
bits received [5s Kh]
UDF1 received [8d 2c]
bits calls
UDF1 checks
Flop [2d 8c 3d], bits (20), UDF1 (20)
UDF1 bids 90
bits bids 21
UDF1 won the auction and was revealed [5s]
Flop [2d 8c 3d], bits (20), UDF1 (41)
UDF1 bets 39
bits folds
bits awarded -20
UDF1 awarded 20

Round #936, UDF1 (-13745), bits (13745)
UDF1 posts blind: 10
bits posts blind: 20
UDF1 received [Td 5s]
bits received [7d 5c]
UDF1 calls
bits checks
Flop [6s 3c Qd], UDF1 (20), bits (20)
bits bids 20
UDF1 bids 94
UDF1 won the auction and was revealed [7d]
Flop [6s 3c Qd], UDF1 (40), bits (20)
bits checks
UDF1 checks
Turn [6s 3c Qd 7s], UDF1 (40), bits (20)
bits bets 30
UDF1 folds
UDF1 awarded -40
bits awarded 40

Round #937, bits (13785), UDF1 (-13785)
bits posts blind: 10
UDF1 posts blind: 20
bits received [2c Ah]
UDF1 received [3d 5c]
bits calls
UDF1 checks
Flop [9d 8c As], bits (20), UDF1 (20)
UDF1 bids 96
bits bids 49
UDF1 won the auction and was revealed [2c]
Flop [9d 8c As], bits (20), UDF1 (69)
UDF1 checks
bits bets 44
UDF1 folds
bits awarded 69
UDF1 awarded -69

Round #938, UDF1 (-13854), bits (13854)
UDF1 posts blind: 10
bits posts blind: 20
UDF1 received [5c 3c]
bits received [Qs Th]
UDF1 calls
bits checks
Flop [2s 4d Td], UDF1 (20), bits (20)
bits bids 47
UDF1 bids 99
UDF1 won the auction and was revealed [Th]
Flop [2s 4d Td], UDF1 (67), bits (20)
bits bets 43
UDF1 calls
Turn [2s 4d Td Qh], UDF1 (110), bits (63)
bits bets 86
UDF1 folds
UDF1 awarded -110
bits awarded 110

Round #939, bits (13964), UDF1 (-13964)
bits posts blind: 10
UDF1 posts blind: 20
bits received [5s Kd]
UDF1 received [8h 6c]
bits calls
UDF1 checks
Flop [5h 9d Ks], bits (20), UDF1 (20)
UDF1 bids 95
bits bids 4980
bits won the auction and was revealed [6c]
Flop [5h 9d Ks], bits (115), UDF1 (20)
UDF1 checks
bits bets 67
UDF1 folds
bits awarded 20
UDF1 awarded -20

Round #940, UDF1 (-13984), bits (13984)
UDF1 posts blind: 10
bits posts blind: 20
UDF1 received [Ts Td]
bits received [4h Jc]
UDF1 raises to 3431
bits folds
UDF1 awarded 20
bits awarded -20

Round #941, bits (13964), UDF1 (-13964)
bits posts blind: 10
UDF1 posts blind: 20
bits received [4h 4c]
UDF1 received [7h 6h]
bits calls
UDF1 checks
Flop [Kh Kd 6c], bits (20), UDF1 (20)
UDF1 bids 98
bits bids 31
UDF1 won the auction and was revealed [4c]
Flop [Kh Kd 6c], bits (20), UDF1 (51)
UDF1 bets 44
bits calls
Turn [Kh Kd 6c 4s], bits (64), UDF1 (95)
UDF1 bets 94
bits calls
River [Kh Kd 6c 4s Qd], bits (158), UDF1 (189)
UDF1 bets 260
bits raises to 758
UDF1 calls
bits shows [4h 4c]
UDF1 shows [7h 6h]
bits awarded 947
UDF1 awarded -947

Round #942, UDF1 (-14911), bits (14911)
UDF1 posts blind: 10
bits posts blind: 20
UDF1 received [2s 7c]
bits received [2c Qs]
UDF1 calls
bits checks
Flop [Qc 6d 9h], UDF1 (20), bits (20)
bits bids 47
UDF1 bids 76
UDF1 won the auction and was revealed [2c]
Flop [Qc 6d 9h], UDF1 (67), bits (20)
bits bets 43
UDF1 calls
Turn [Qc 6d 9h 6c], UDF1 (110), bits (63)
bits bets 86
UDF1 folds
UDF1 awarded -110
bits awarded 110

Round #943, bits (15021), UDF1 (-15021)
bits posts blind: 10
UDF1 posts blind: 20
bits received [Td Js]
UDF1 received [4h 6s]
bits calls
UDF1 checks
Flop [8d 4d 6d], bits (20), UDF1 (20)
UDF1 bids 85
bits bids 28
UDF1 won the auction and was revealed [Td]
Flop [8d 4d 6d], bits (20), UDF1 (48)
UDF1 bets 31
bits calls
Turn [8d 4d 6d As], bits (51), UDF1 (79)
UDF1 bets 60
bits folds
bits awarded -51
UDF1 awarded 51

Round #944, UDF1 (-14970), bits (14970)
UDF1 posts blind: 10
bits posts blind: 20
UDF1 received [7s 7c]
bits received [3c 4h]
UDF1 raises to 1996
bits folds
UDF1 awarded 20
bits awarded -20

Round #945, bits (14950), UDF1 (-14950)
bits posts blind: 10
UDF1 posts blind: 20
bits received [2h As]
UDF1 received [Tc Ah]
bits calls
UDF1 checks
Flop [7c 8d 6d], bits (20), UDF1 (20)
UDF1 bids 76
bits bids 19
UDF1 won the auction and was revealed [As]
Flop [7c 8d 6d], bits (20), UDF1 (39)
UDF1 checks
bits checks
Turn [7c 8d 6d 7h], bits (20), UDF1 (39)
UDF1 checks
bits checks
River [7c 8d 6d 7h Ad], bits (20), UDF1 (39)
UDF1 checks
bits bets 29
UDF1 calls
bits shows [2h As]
UDF1 shows [Tc Ah]
bits awarded -49
UDF1 awarded 49

Round #946, UDF1 (-14901), bits (14901)
UDF1 posts blind: 10
bits posts blind: 20
UDF1 received [Qc Qs]
bits received [Qh 7d]
UDF1 raises to 3723
bits folds
UDF1 awarded 20
bits awarded -20

Round #947, bits (14881), UDF1 (-14881)
bits posts blind: 10
UDF1 posts blind: 20
bits received [Tc 2h]
UDF1 received [6h 7c]
bits calls
UDF1 checks
Flop [6c Jd 9s], bits (20), UDF1 (20)
UDF1 bids 95
bits bids 16
UDF1 won the auction and was revealed [Tc]
Flop [6c Jd 9s], bits (20), UDF1 (36)
UDF1 bets 24
bits folds
bits awarded -20
UDF1 awarded 20

Round #948, UDF1 (-14861), bits (14861)
UDF1 posts blind: 10
bits posts blind: 20
UDF1 received [Ks Jc]
bits received [3d 7c]
UDF1 calls
bits checks
Flop [Tc Kd 2d], UDF1 (20), bits (20)
bits bids 13
UDF1 bids 101
UDF1 won the auction and was revealed [7c]
Flop [Tc Kd 2d], UDF1 (33), bits (20)
bits checks
UDF1 bets 34
bits folds
UDF1 awarded 20
bits awarded -20

Round #949, bits (14841), UDF1 (-14841)
bits posts blind: 10
UDF1 posts blind: 20
bits received [6c Kd]
UDF1 received [Jh 9s]
bits calls
UDF1 checks
Flop [7s Ts 2s], bits (20), UDF1 (20)
UDF1 bids 79
bits bids 19
UDF1 won the auction and was revealed [6c]
Flop [7s Ts 2s], bits (20), UDF1 (39)
UDF1 bets 28
bits folds
bits awarded -20
UDF1 awarded 20

Round #950, UDF1 (-14821), bits (14821)
UDF1 posts blind: 10
bits posts blind: 20
UDF1 received [4d 5d]
bits received [Kd Kh]
UDF1 raises to 882
bits calls
Flop [Qs 8h 7c], UDF1 (882), bits (882)
bits bids 2142
UDF1 bids 97
bits won the auction and was revealed [4d]
Flop [Qs 8h 7c], UDF1 (882), bits (979)
bits checks
UDF1 checks
Turn [Qs 8h 7c 9h], UDF1 (882), bits (979)
bits checks
UDF1 checks
River [Qs 8h 7c 9h 3h], UDF1 (882), bits (979)
bits bets 2326
UDF1 folds
UDF1 awarded -882
bits awarded 882

Round #951, bits (15703), UDF1 (-15703)
bits posts blind: 10
UDF1 posts blind: 20
bits received [6d 7d]
UDF1 received [5h As]
bits calls
UDF1 checks
Flop [Kh 9s Ks], bits (20), UDF1 (20)
UDF1 bids 82
bits bids 14
UDF1 won the auction and was revealed [6d]
Flop [Kh 9s Ks], bits (20), UDF1 (34)
UDF1 bets 24
bits folds
bits awarded -20
UDF1 awarded 20

Round #952, UDF1 (-15683), bits (15683)
UDF1 posts blind: 10
bits posts blind: 20
UDF1 received [9s 7h]
bits received [Ks 6c]
UDF1 calls
bits checks
Flop [3c Ts 2d], UDF1 (20), bits (20)
bits bids 28
UDF1 bids 76
UDF1 won the auction and was revealed [6c]
Flop [3c Ts 2d], UDF1 (48), bits (20)
bits checks
UDF1 checks
Turn [3c Ts 2d 2c], UDF1 (48), bits (20)
bits checks
UDF1 checks
River [3c Ts 2d 2c As], UDF1 (48), bits (20)
bits checks
UDF1 checks
UDF1 shows [9s 7h]
bits shows [Ks 6c]
UDF1 awarded -48
bits awarded 48

Round #953, bits (15731), UDF1 (-15731)
bits posts blind: 10
UDF1 posts blind: 20
bits received [7h 8d]
UDF1 received [Qd Ts]
bits calls
UDF1 checks
Flop [4d 5s 5c], bits (20), UDF1 (20)
UDF1 bids 91
bits bids 21
UDF1 won the auction and was revealed [8d]
Flop [4d 5s 5c], bits (20), UDF1 (41)
UDF1 bets 20
bits calls
Turn [4d 5s 5c 4s], bits (40), UDF1 (61)
UDF1 checks
bits checks
River [4d 5s 5c 4s Jh], bits (40), UDF1 (61)
UDF1 bets 37
bits folds
bits awarded -40
UDF1 awarded 40

Round #954, UDF1 (-15691), bits (15691)
UDF1 posts blind: 10
bits posts blind: 20
UDF1 received [6c 4d]
bits received [Ts 5c]
UDF1 calls
bits checks
Flop [3h 9h 3c], UDF1 (20), bits (20)
bits bids 20
UDF1 bids 76
UDF1 won the auction and was revealed [Ts]
Flop [3h 9h 3c], UDF1 (40), bits (20)
bits checks
UDF1 checks
Turn [3h 9h 3c 9d], UDF1 (40), bits (20)
bits checks
UDF1 checks
River [3h 9h 3c 9d 2s], UDF1 (40), bits (20)
bits checks
UDF1 checks
UDF1 shows [6c 4d]
bits shows [Ts 5c]
UDF1 awarded -40
bits awarded 40

Round #955, bits (15731), UDF1 (-15731)
bits posts blind: 10
UDF1 posts blind: 20
bits received [6d Ts]
UDF1 received [9d 7c]
bits calls
UDF1 checks
Flop [5d 6s 2s], bits (20), UDF1 (20)
UDF1 bids 81
bits bids 39
UDF1 won the auction and was revealed [Ts]
Flop [5d 6s 2s], bits (20), UDF1 (59)
UDF1 checks
bits checks
Turn [5d 6s 2s Kc], bits (20), UDF1 (59)
UDF1 checks
bits checks
River [5d 6s 2s Kc 2h], bits (20), UDF1 (59)
UDF1 checks
bits bets 39
UDF1 folds
bits awarded 59
UDF1 awarded -59

Round #956, UDF1 (-15790), bits (15790)
UDF1 posts blind: 10
bits posts blind: 20
UDF1 received [Jd As]
bits received [Kd 2s]
UDF1 raises to 3609
bits folds
UDF1 awarded 20
bits awarded -20

Round #957, bits (15770), UDF1 (-15770)
bits posts blind: 10
UDF1 posts blind: 20
bits received [2c 9d]
UDF1 received [5c 5s]
bits calls
UDF1 checks
Flop [3h Js Qd], bits (20), UDF1 (20)
UDF1 bids 76
bits bids 14
UDF1 won the auction and was revealed [2c]
Flop [3h Js Qd], bits (20), UDF1 (34)
UDF1 bets 23
bits folds
bits awarded -20
UDF1 awarded 20

Round #958, UDF1 (-15750), bits (15750)
UDF1 posts blind: 10
bits posts blind: 20
UDF1 received [7d 6d]
bits received [3h 4c]
UDF1 raises to 1711
bits folds
UDF1 awarded 20
bits awarded -20

Round #959, bits (15730), UDF1 (-15730)
bits posts blind: 10
UDF1 posts blind: 20
bits received [4s Ad]
UDF1 received [Qh Jh]
bits calls
UDF1 raises to 3442
bits folds
bits awarded -20
UDF1 awarded 20

Round #960, UDF1 (-15710), bits (15710)
UDF1 posts blind: 10
bits posts blind: 20
UDF1 received [6s 4d]
bits received [Js Ah]
UDF1 calls
bits checks
Flop [8h Jc 8d], UDF1 (20), bits (20)
bits bids 50
UDF1 bids 103
UDF1 won the auction and was revealed [Ah]
Flop [8h Jc 8d], UDF1 (70), bits (20)
bits bets 45
UDF1 folds
UDF1 awarded -70
bits awarded 70

Round #961, bits (15780), UDF1 (-15780)
bits posts blind: 10
UDF1 posts blind: 20
bits received [4s 3h]
UDF1 received [Jc 4d]
bits calls
UDF1 checks
Flop [Jh Qd 3c], bits (20), UDF1 (20)
UDF1 bids 92
bits bids 33
UDF1 won the auction and was revealed [3h]
Flop [Jh Qd 3c], bits (20), UDF1 (53)
UDF1 bets 31
bits calls
Turn [Jh Qd 3c 6s], bits (51), UDF1 (84)
UDF1 bets 65
bits calls
River [Jh Qd 3c 6s 2c], bits (116), UDF1 (149)
UDF1 bets 122
bits calls
bits shows [4s 3h]
UDF1 shows [Jc 4d]
bits awarded -238
UDF1 awarded 238

Round #962, UDF1 (-15542), bits (15542)
UDF1 posts blind: 10
bits posts blind: 20
UDF1 received [3c 6d]
bits received [6h 8d]
UDF1 calls
bits checks
Flop [2c 4c 5s], UDF1 (20), bits (20)
bits bids 25
UDF1 bids 82
UDF1 won the auction and was revealed [6h]
Flop [2c 4c 5s], UDF1 (45), bits (20)
bits checks
UDF1 bets 40
bits folds
UDF1 awarded 20
bits awarded -20

Round #963, bits (15522), UDF1 (-15522)
bits posts blind: 10
UDF1 posts blind: 20
bits received [Kd Ts]
UDF1 received [3h 7s]
bits calls
UDF1 checks
Flop [Kc 8s Ks], bits (20), UDF1 (20)
UDF1 bids 92
bits bids 4980
bits won the auction and was revealed [3h]
Flop [Kc 8s Ks], bits (112), UDF1 (20)
UDF1 checks
bits bets 165
UDF1 folds
bits awarded 20
UDF1 awarded -20

Round #964, UDF1 (-15542), bits (15542)
UDF1 posts blind: 10
bits posts blind: 20
UDF1 received [5c Kc]
bits received [9c Th]
UDF1 calls
bits checks
Flop [Ts 8c 5d], UDF1 (20), bits (20)
bits bids 42
UDF1 bids 77
UDF1 won the auction and was revealed [9c]
Flop [Ts 8c 5d], UDF1 (62), bits (20)
bits bets 41
UDF1 calls
Turn [Ts 8c 5d 5h], UDF1 (103), bits (61)
bits bets 82
UDF1 raises to 164
bits calls
River [Ts 8c 5d 5h Qh], UDF1 (267), bits (225)
bits bets 246
UDF1 raises to 706
bits calls
UDF1 shows [5c Kc]
bits shows [9c Th]
UDF1 awarded 931
bits awarded -931

Round #965, bits (14611), UDF1 (-14611)
bits posts blind: 10
UDF1 posts blind: 20
bits received [5h 3c]
UDF1 received [Ks 4d]
bits calls
UDF1 checks
Flop [8c 9c Kh], bits (20), UDF1 (20)
UDF1 bids 91
bits bids 12
UDF1 won the auction and was revealed [5h]
Flop [8c 9c Kh], bits (20), UDF1 (32)
UDF1 bets 35
bits folds
bits awarded -20
UDF1 awarded 20

Round #966, UDF1 (-14591), bits (14591)
UDF1 posts blind: 10
bits posts blind: 20
UDF1 received [Ts Ks]
bits received [5s 9h]
UDF1 calls
bits checks
Flop [4s Qd 3d], UDF1 (20), bits (20)
bits bids 16
UDF1 bids 94
UDF1 won the auction and was revealed [9h]
Flop [4s Qd 3d], UDF1 (36), bits (20)
bits checks
UDF1 bets 26
bits folds
UDF1 awarded 20
bits awarded -20

Round #967, bits (14571), UDF1 (-14571)
bits posts blind: 10
UDF1 posts blind: 20
bits received [6d Td]
UDF1 received [5d 7c]
bits calls
UDF1 checks
Flop [8s Tc 2s], bits (20), UDF1 (20)
UDF1 bids 75
bits bids 42
UDF1 won the auction and was revealed [Td]
Flop [8s Tc 2s], bits (20), UDF1 (62)
UDF1 checks
bits bets 41
UDF1 folds
bits awarded 62
UDF1 awarded -62

Round #968, UDF1 (-14633), bits (14633)
UDF1 posts blind: 10
bits posts blind: 20
UDF1 received [4h Tc]
bits received [2d Qh]
UDF1 calls
bits checks
Flop [3s 4d Jd], UDF1 (20), bits (20)
bits bids 20
UDF1 bids 88
UDF1 won the auction and was revealed [2d]
Flop [3s 4d Jd], UDF1 (40), bits (20)
bits checks
UDF1 bets 25
bits folds
UDF1 awarded 20
bits awarded -20

Round #969, bits (14613), UDF1 (-14613)
bits posts blind: 10
UDF1 posts blind: 20
bits received [Kh Qs]
UDF1 received [6d 3c]
bits calls
UDF1 checks
Flop [8c 9h 2c], bits (20), UDF1 (20)
UDF1 bids 93
bits bids 26
UDF1 won the auction and was revealed [Qs]
Flop [8c 9h 2c], bits (20), UDF1 (46)
UDF1 checks
bits checks
Turn [8c 9h 2c 5d], bits (20), UDF1 (46)
UDF1 checks
bits checks
River [8c 9h 2c 5d Ah], bits (20), UDF1 (46)
UDF1 checks
bits checks
bits shows [Kh Qs]
UDF1 shows [6d 3c]
bits awarded 46
UDF1 awarded -46

Round #970, UDF1 (-14659), bits (14659)
UDF1 posts blind: 10
bits posts blind: 20
UDF1 received [2d 3s]
bits received [Qs 4c]
UDF1 calls
bits checks
Flop [3c Tc 7d], UDF1 (20), bits (20)
bits bids 20
UDF1 bids 79
UDF1 won the auction and was revealed [4c]
Flop [3c Tc 7d], UDF1 (40), bits (20)
bits checks
UDF1 bets 29
bits folds
UDF1 awarded 20
bits awarded -20

Round #971, bits (14639), UDF1 (-14639)
bits posts blind: 10
UDF1 posts blind: 20
bits received [3c 8d]
UDF1 received [2c 4c]
bits calls
UDF1 checks
Flop [4d 9h As], bits (20), UDF1 (20)
UDF1 bids 99
bits bids 14
UDF1 won the auction and was revealed [3c]
Flop [4d 9h As], bits (20), UDF1 (34)
UDF1 bets 21
bits folds
bits awarded -20
UDF1 awarded 20

Round #972, UDF1 (-14619), bits (14619)
UDF1 posts blind: 10
bits posts blind: 20
UDF1 received [Ac 5s]
bits received [6h Ad]
UDF1 calls
bits checks
Flop [9h 4d Th], UDF1 (20), bits (20)
bits bids 34
UDF1 bids 98
UDF1 won the auction and was revealed [Ad]
Flop [9h 4d Th], UDF1 (54), bits (20)
bits checks
UDF1 checks
Turn [9h 4d Th 8c], UDF1 (54), bits (20)
bits checks
UDF1 checks
River [9h 4d Th 8c 9s], UDF1 (54), bits (20)
bits checks
UDF1 checks
UDF1 shows [Ac 5s]
bits shows [6h Ad]
UDF1 awarded -17
bits awarded 17

Round #973, bits (14636), UDF1 (-14636)
bits posts blind: 10
UDF1 posts blind: 20
bits received [Ad 2d]
UDF1 received [Qc 2h]
bits calls
UDF1 checks
Flop [5s Js 7c], bits (20), UDF1 (20)
UDF1 bids 90
bits bids 27
UDF1 won the auction and was revealed [Ad]
Flop [5s Js 7c], bits (20), UDF1 (47)
UDF1 checks
bits checks
Turn [5s Js 7c 9d], bits (20), UDF1 (47)
UDF1 checks
bits checks
River [5s Js 7c 9d Td], bits (20), UDF1 (47)
UDF1 checks
bits checks
bits shows [Ad 2d]
UDF1 shows [Qc 2h]
bits awarded 47
UDF1 awarded -47

Round #974, UDF1 (-14683), bits (14683)
UDF1 posts blind: 10
bits posts blind: 20
UDF1 received [Qh 2s]
bits received [Qd 5c]
UDF1 calls
bits checks
Flop [8h Js Jh], UDF1 (20), bits (20)
bits bids 25
UDF1 bids 79
UDF1 won the auction and was revealed [Qd]
Flop [8h Js Jh], UDF1 (45), bits (20)
bits checks
UDF1 checks
Turn [8h Js Jh 9h], UDF1 (45), bits (20)
bits checks
UDF1 bets 20
bits folds
UDF1 awarded 20
bits awarded -20

Round #975, bits (14663), UDF1 (-14663)
bits posts blind: 10
UDF1 posts blind: 20
bits received [5h Kc]
UDF1 received [2h 9d]
bits calls
UDF1 checks
Flop [2c As 5c], bits (20), UDF1 (20)
UDF1 bids 94
bits bids 39
UDF1 won the auction and was revealed [Kc]
Flop [2c As 5c], bits (20), UDF1 (59)
UDF1 checks
bits checks
Turn [2c As 5c Tc], bits (20), UDF1 (59)
UDF1 checks
bits bets 39
UDF1 calls
River [2c As 5c Tc Qd], bits (59), UDF1 (98)
UDF1 checks
bits checks
bits shows [5h Kc]
UDF1 shows [2h 9d]
bits awarded 98
UDF1 awarded -98

Round #976, UDF1 (-14761), bits (14761)
UDF1 posts blind: 10
bits posts blind: 20
UDF1 received [Qc 5c]
bits received [Kc 3c]
UDF1 calls
bits checks
Flop [5h Ad Qd], UDF1 (20), bits (20)
bits bids 25
UDF1 bids 93
UDF1 won the auction and was revealed [Kc]
Flop [5h Ad Qd], UDF1 (45), bits (20)
bits checks
UDF1 bets 41
bits calls
Turn [5h Ad Qd Kd], UDF1 (86), bits (61)
bits bets 73
UDF1 calls
River [5h Ad Qd Kd 6h], UDF1 (159), bits (134)
bits bets 146
UDF1 calls
UDF1 shows [Qc 5c]
bits shows [Kc 3c]
UDF1 awarded 280
bits awarded -280

Round #977, bits (14481), UDF1 (-14481)
bits posts blind: 10
UDF1 posts blind: 20
bits received [Qd Ts]
UDF1 received [9s Ac]
bits calls
UDF1 checks
Flop [Ks Qh Kc], bits (20), UDF1 (20)
UDF1 bids 95
bits bids 50
UDF1 won the auction and was revealed [Ts]
Flop [Ks Qh Kc], bits (20), UDF1 (70)
UDF1 bets 37
bits calls
Turn [Ks Qh Kc 7c], bits (57), UDF1 (107)
UDF1 bets 75
bits calls
River [Ks Qh Kc 7c 5c], bits (132), UDF1 (182)
UDF1 bets 151
bits calls
bits shows [Qd Ts]
UDF1 shows [9s Ac]
bits awarded 333
UDF1 awarded -333

Round #978, UDF1 (-14814), bits (14814)
UDF1 posts blind: 10
bits posts blind: 20
UDF1 received [Jd Kd]
bits received [Td 2h]
UDF1 raises to 3240
bits folds
UDF1 awarded 20
bits awarded -20

Round #979, bits (14794), UDF1 (-14794)
bits posts blind: 10
UDF1 posts blind: 20
bits received [9c 4s]
UDF1 received [7c 8h]
bits calls
UDF1 checks
Flop [Ad 6c 6h], bits (20), UDF1 (20)
UDF1 bids 91
bits bids 18
UDF1 won the auction and was revealed [4s]
Flop [Ad 6c 6h], bits (20), UDF1 (38)
UDF1 checks
bits checks
Turn [Ad 6c 6h Qd], bits (20), UDF1 (38)
UDF1 checks
bits checks
River [Ad 6c 6h Qd Js], bits (20), UDF1 (38)
UDF1 checks
bits checks
bits shows [9c 4s]
UDF1 shows [7c 8h]
bits awarded 9
UDF1 awarded -9

Round #980, UDF1 (-14803), bits (14803)
UDF1 posts blind: 10
bits posts blind: 20
UDF1 received [6d 7h]
bits received [As Qs]
UDF1 calls
bits raises to 80
UDF1 calls
Flop [9s 2h 2c], UDF1 (80), bits (80)
bits bids 152
UDF1 bids 81
bits won the auction and was revealed [7h]
Flop [9s 2h 2c], UDF1 (80), bits (161)
bits bets 120
UDF1 folds
UDF1 awarded -80
bits awarded 80

Round #981, bits (14883), UDF1 (-14883)
bits posts blind: 10
UDF1 posts blind: 20
bits received [5d 7d]
UDF1 received [Ts 6c]
bits calls
UDF1 checks
Flop [3d Ks Jc], bits (20), UDF1 (20)
UDF1 bids 81
bits bids 11
UDF1 won the auction and was revealed [5d]
Flop [3d Ks Jc], bits (20), UDF1 (31)
UDF1 checks
bits checks
Turn [3d Ks Jc 8s], bits (20), UDF1 (31)
UDF1 checks
bits checks
River [3d Ks Jc 8s Qc], bits (20), UDF1 (31)
UDF1 checks
bits checks
bits shows [5d 7d]
UDF1 shows [Ts 6c]
bits awarded -20
UDF1 awarded 20

Round #982, UDF1 (-14863), bits (14863)
UDF1 posts blind: 10
bits posts blind: 20
UDF1 received [Js 8c]
bits received [7s 5d]
UDF1 calls
bits checks
Flop [6s Ts 6c], UDF1 (20), bits (20)
bits bids 18
UDF1 bids 101
UDF1 won the auction and was revealed [5d]
Flop [6s Ts 6c], UDF1 (38), bits (20)
bits checks
UDF1 bets 25
bits folds
UDF1 awarded 20
bits awarded -20

Round #983, bits (14843), UDF1 (-14843)
bits posts blind: 10
UDF1 posts blind: 20
bits received [Qs As]
UDF1 received [2h Ks]
bits raises to 60
UDF1 folds
bits awarded 20
UDF1 awarded -20

Round #984, UDF1 (-14863), bits (14863)
UDF1 posts blind: 10
bits posts blind: 20
UDF1 received [Kd 7d]
bits received [5s Ks]
UDF1 calls
bits checks
Flop [6h 9h 6d], UDF1 (20), bits (20)
bits bids 23
UDF1 bids 85
UDF1 won the auction and was revealed [5s]
Flop [6h 9h 6d], UDF1 (43), bits (20)
bits checks
UDF1 bets 27
bits calls
Turn [6h 9h 6d 8d], UDF1 (70), bits (47)
bits checks
UDF1 bets 47
bits calls
River [6h 9h 6d 8d 4s], UDF1 (117), bits (94)
bits checks
UDF1 bets 79
bits folds
UDF1 awarded 94
bits awarded -94

Round #985, bits (14769), UDF1 (-14769)
bits posts blind: 10
UDF1 posts blind: 20
bits received [Kd 5h]
UDF1 received [6d 8c]
bits calls
UDF1 checks
Flop [2d Td Qh], bits (20), UDF1 (20)
UDF1 bids 92
bits bids 28
UDF1 won the auction and was revealed [5h]
Flop [2d Td Qh], bits (20), UDF1 (48)
UDF1 checks
bits checks
Turn [2d Td Qh 5s], bits (20), UDF1 (48)
UDF1 checks
bits bets 34
UDF1 folds
bits awarded 48
UDF1 awarded -48

Round #986, UDF1 (-14817), bits (14817)
UDF1 posts blind: 10
bits posts blind: 20
UDF1 received [Ad 6h]
bits received [8c Ac]
UDF1 calls
bits checks
Flop [7d 6s Qh], UDF1 (20), bits (20)
bits bids 30
UDF1 bids 80
UDF1 won the auction and was revealed [Ac]
Flop [7d 6s Qh], UDF1 (50), bits (20)
bits checks
UDF1 bets 36
bits calls
Turn [7d 6s Qh Jh], UDF1 (86), bits (56)
bits checks
UDF1 bets 77
bits calls
River [7d 6s Qh Jh 2d], UDF1 (163), bits (133)
bits checks
UDF1 bets 207
bits folds
UDF1 awarded 133
bits awarded -133

Round #987, bits (14684), UDF1 (-14684)
bits posts blind: 10
UDF1 posts blind: 20
bits received [3d Kd]
UDF1 received [6d Js]
bits calls
UDF1 checks
Flop [3h Kc 8h], bits (20), UDF1 (20)
UDF1 bids 100
bits bids 4980
bits won the auction and was revealed [Js]
Flop [3h Kc 8h], bits (120), UDF1 (20)
UDF1 checks
bits bets 70
UDF1 folds
bits awarded 20
UDF1 awarded -20

Round #988, UDF1 (-14704), bits (14704)
UDF1 posts blind: 10
bits posts blind: 20
UDF1 received [Td 3s]
bits received [9c Ah]
UDF1 calls
bits checks
Flop [2h Js Ks], UDF1 (20), bits (20)
bits bids 26
UDF1 bids 94
UDF1 won the auction and was revealed [9c]
Flop [2h Js Ks], UDF1 (46), bits (20)
bits checks
UDF1 checks
Turn [2h Js Ks 5h], UDF1 (46), bits (20)
bits checks
UDF1 checks
River [2h Js Ks 5h 6h], UDF1 (46), bits (20)
bits checks
UDF1 checks
UDF1 shows [Td 3s]
bits shows [9c Ah]
UDF1 awarded -46
bits awarded 46

Round #989, bits (14750), UDF1 (-14750)
bits posts blind: 10
UDF1 posts blind: 20
bits received [Th Qd]
UDF1 received [Jd 8c]
bits calls
UDF1 checks
Flop [7c 5s Qc], bits (20), UDF1 (20)
UDF1 bids 91
bits bids 47
UDF1 won the auction and was revealed [Qd]
Flop [7c 5s Qc], bits (20), UDF1 (67)
UDF1 checks
bits bets 43
UDF1 folds
bits awarded 67
UDF1 awarded -67

Round #990, UDF1 (-14817), bits (14817)
UDF1 posts blind: 10
bits posts blind: 20
UDF1 received [As 8h]
bits received [Ad 2d]
UDF1 calls
bits checks
Flop [Ah 8c 8s], UDF1 (20), bits (20)
bits bids 50
UDF1 bids 90
UDF1 won the auction and was revealed [2d]
Flop [Ah 8c 8s], UDF1 (70), bits (20)
bits bets 45
UDF1 raises to 91
bits calls
Turn [Ah 8c 8s 4h], UDF1 (161), bits (111)
bits bets 136
UDF1 raises to 391
bits calls
River [Ah 8c 8s 4h 7d], UDF1 (552), bits (502)
bits checks
UDF1 bets 779
bits calls
UDF1 shows [As 8h]
bits shows [Ad 2d]
UDF1 awarded 1281
bits awarded -1281

Round #991, bits (13536), UDF1 (-13536)
bits posts blind: 10
UDF1 posts blind: 20
bits received [3s Kh]
UDF1 received [6s Jc]
bits calls
UDF1 checks
Flop [4d Qh 3h], bits (20), UDF1 (20)
UDF1 bids 87
bits bids 38
UDF1 won the auction and was revealed [Kh]
Flop [4d Qh 3h], bits (20), UDF1 (58)
UDF1 checks
bits checks
Turn [4d Qh 3h 7d], bits (20), UDF1 (58)
UDF1 checks
bits checks
River [4d Qh 3h 7d 2d], bits (20), UDF1 (58)
UDF1 checks
bits checks
bits shows [3s Kh]
UDF1 shows [6s Jc]
bits awarded 58
UDF1 awarded -58

Round #992, UDF1 (-13594), bits (13594)
UDF1 posts blind: 10
bits posts blind: 20
UDF1 received [Qh 8c]
bits received [9h 6s]
UDF1 calls
bits checks
Flop [4c Ts 4s], UDF1 (20), bits (20)
bits bids 18
UDF1 bids 75
UDF1 won the auction and was revealed [6s]
Flop [4c Ts 4s], UDF1 (38), bits (20)
bits checks
UDF1 checks
Turn [4c Ts 4s 8d], UDF1 (38), bits (20)
bits checks
UDF1 bets 33
bits folds
UDF1 awarded 20
bits awarded -20

Round #993, bits (13574), UDF1 (-13574)
bits posts blind: 10
UDF1 posts blind: 20
bits received [Js Jh]
UDF1 received [9s Tc]
bits raises to 60
UDF1 calls
Flop [6c Kc Qd], bits (60), UDF1 (60)
UDF1 bids 92
bits bids 117
bits won the auction and was revealed [9s]
Flop [6c Kc Qd], bits (152), UDF1 (60)
UDF1 checks
bits bets 106
UDF1 calls
Turn [6c Kc Qd Qc], bits (258), UDF1 (166)
UDF1 checks
bits bets 212
UDF1 calls
River [6c Kc Qd Qc 2h], bits (470), UDF1 (378)
UDF1 checks
bits bets 424
UDF1 folds
bits awarded 378
UDF1 awarded -378

Round #994, UDF1 (-13952), bits (13952)
UDF1 posts blind: 10
bits posts blind: 20
UDF1 received [Ah Kh]
bits received [6h 3h]
UDF1 raises to 3755
bits folds
UDF1 awarded 20
bits awarded -20

Round #995, bits (13932), UDF1 (-13932)
bits posts blind: 10
UDF1 posts blind: 20
bits received [6c 3s]
UDF1 received [Th 9c]
bits calls
UDF1 raises to 1933
bits folds
bits awarded -20
UDF1 awarded 20

Round #996, UDF1 (-13912), bits (13912)
UDF1 posts blind: 10
bits posts blind: 20
UDF1 received [2c 8h]
bits received [4d 9c]
UDF1 calls
bits checks
Flop [6d Jc 8c], UDF1 (20), bits (20)
bits bids 14
UDF1 bids 81
UDF1 won the auction and was revealed [4d]
Flop [6d Jc 8c], UDF1 (34), bits (20)
bits checks
UDF1 bets 30
bits folds
UDF1 awarded 20
bits awarded -20

Round #997, bits (13892), UDF1 (-13892)
bits posts blind: 10
UDF1 posts blind: 20
bits received [4s 7d]
UDF1 received [Ks 2d]
bits calls
UDF1 checks
Flop [Ts Qs Kh], bits (20), UDF1 (20)
UDF1 bids 95
bits bids 14
UDF1 won the auction and was revealed [7d]
Flop [Ts Qs Kh], bits (20), UDF1 (34)
UDF1 bets 33
bits folds
bits awarded -20
UDF1 awarded 20

Round #998, UDF1 (-13872), bits (13872)
UDF1 posts blind: 10
bits posts blind: 20
UDF1 received [7s 8c]
bits received [4d 9d]
UDF1 calls
bits checks
Flop [Kd 5s 3h], UDF1 (20), bits (20)
bits bids 22
UDF1 bids 96
UDF1 won the auction and was revealed [4d]
Flop [Kd 5s 3h], UDF1 (42), bits (20)
bits checks
UDF1 checks
Turn [Kd 5s 3h 5h], UDF1 (42), bits (20)
bits checks
UDF1 checks
River [Kd 5s 3h 5h As], UDF1 (42), bits (20)
bits checks
UDF1 checks
UDF1 shows [7s 8c]
bits shows [4d 9d]
UDF1 awarded -42
bits awarded 42

Round #999, bits (13914), UDF1 (-13914)
bits posts blind: 10
UDF1 posts blind: 20
bits received [8s Kc]
UDF1 received [5c 3s]
bits calls
UDF1 checks
Flop [2s Td Tc], bits (20), UDF1 (20)
UDF1 bids 87
bits bids 31
UDF1 won the auction and was revealed [Kc]
Flop [2s Td Tc], bits (20), UDF1 (51)
UDF1 checks
bits checks
Turn [2s Td Tc 8c], bits (20), UDF1 (51)
UDF1 checks
bits bets 35
UDF1 folds
bits awarded 51
UDF1 awarded -51

Round #1000, UDF1 (-13965), bits (13965)
UDF1 posts blind: 10
bits posts blind: 20
UDF1 received [4h 3c]
bits received [Jd 7d]
UDF1 calls
bits checks
Flop [3s 6c 8s], UDF1 (20), bits (20)
bits bids 19
UDF1 bids 97
UDF1 won the auction and was revealed [Jd]
Flop [3s 6c 8s], UDF1 (39), bits (20)
bits checks
UDF1 bets 24
bits folds
UDF1 awarded 20
bits awarded -20

Final, bits (13945), UDF1 (-13945)