2026-02-28 23:51:49 UDF1 vs POCKET_D_ACE

Round #1, UDF1 (0), POCKET_D_ACE (0)
UDF1 posts blind: 10
POCKET_D_ACE posts blind: 20
UDF1 received [9s Td]
POCKET_D_ACE received [Kc 8c]
UDF1 raises to 5000
POCKET_D_ACE calls
Flop [8s 9d 5h], UDF1 (5000), POCKET_D_ACE (5000)
POCKET_D_ACE bids 0
UDF1 bids 0
UDF1 won the auction and was revealed [Kc]
POCKET_D_ACE won the auction and was revealed [9s]
Flop [8s 9d 5h], UDF1 (5000), POCKET_D_ACE (5000)
POCKET_D_ACE checks
UDF1 checks
Turn [8s 9d 5h Ac], UDF1 (5000), POCKET_D_ACE (5000)
POCKET_D_ACE checks
UDF1 checks
River [8s 9d 5h Ac Qd], UDF1 (5000), POCKET_D_ACE (5000)
POCKET_D_ACE checks
UDF1 checks
UDF1 shows [9s Td]
POCKET_D_ACE shows [Kc 8c]
UDF1 awarded 5000
POCKET_D_ACE awarded -5000

Round #2, POCKET_D_ACE (-5000), UDF1 (5000)
POCKET_D_ACE posts blind: 10
UDF1 posts blind: 20
POCKET_D_ACE received [5s Ks]
UDF1 received [7h 2d]
POCKET_D_ACE calls
UDF1 raises to 5000
POCKET_D_ACE calls
Flop [7c 6s 9d], POCKET_D_ACE (5000), UDF1 (5000)
UDF1 bids 0
POCKET_D_ACE bids 0
POCKET_D_ACE won the auction and was revealed [2d]
UDF1 won the auction and was revealed [Ks]
Flop [7c 6s 9d], POCKET_D_ACE (5000), UDF1 (5000)
UDF1 checks
POCKET_D_ACE checks
Turn [7c 6s 9d 9h], POCKET_D_ACE (5000), UDF1 (5000)
UDF1 checks
POCKET_D_ACE checks
River [7c 6s 9d 9h 4c], POCKET_D_ACE (5000), UDF1 (5000)
UDF1 checks
POCKET_D_ACE checks
POCKET_D_ACE shows [5s Ks]
UDF1 shows [7h 2d]
POCKET_D_ACE awarded -5000
UDF1 awarded 5000

Round #3, UDF1 (10000), POCKET_D_ACE (-10000)
UDF1 posts blind: 10
POCKET_D_ACE posts blind: 20
UDF1 received [Js 5h]
POCKET_D_ACE received [7d Qh]
UDF1 raises to 5000
POCKET_D_ACE calls
Flop [Qd 9d Ks], UDF1 (5000), POCKET_D_ACE (5000)
POCKET_D_ACE bids 0
UDF1 bids 0
UDF1 won the auction and was revealed [Qh]
POCKET_D_ACE won the auction and was revealed [5h]
Flop [Qd 9d Ks], UDF1 (5000), POCKET_D_ACE (5000)
POCKET_D_ACE checks
UDF1 checks
Turn [Qd 9d Ks Tc], UDF1 (5000), POCKET_D_ACE (5000)
POCKET_D_ACE checks
UDF1 checks
River [Qd 9d Ks Tc 4c], UDF1 (5000), POCKET_D_ACE (5000)
POCKET_D_ACE checks
UDF1 checks
UDF1 shows [Js 5h]
POCKET_D_ACE shows [7d Qh]
UDF1 awarded 5000
POCKET_D_ACE awarded -5000

Round #4, POCKET_D_ACE (-15000), UDF1 (15000)
POCKET_D_ACE posts blind: 10
UDF1 posts blind: 20
POCKET_D_ACE received [7h Ad]
UDF1 received [Kd Kc]
POCKET_D_ACE calls
UDF1 raises to 5000
POCKET_D_ACE calls
Flop [6c 6h Th], POCKET_D_ACE (5000), UDF1 (5000)
UDF1 bids 0
POCKET_D_ACE bids 0
POCKET_D_ACE won the auction and was revealed [Kd]
UDF1 won the auction and was revealed [7h]
Flop [6c 6h Th], POCKET_D_ACE (5000), UDF1 (5000)
UDF1 checks
POCKET_D_ACE checks
Turn [6c 6h Th Td], POCKET_D_ACE (5000), UDF1 (5000)
UDF1 checks
POCKET_D_ACE checks
River [6c 6h Th Td 2c], POCKET_D_ACE (5000), UDF1 (5000)
UDF1 checks
POCKET_D_ACE checks
POCKET_D_ACE shows [7h Ad]
UDF1 shows [Kd Kc]
POCKET_D_ACE awarded -5000
UDF1 awarded 5000

Round #5, UDF1 (20000), POCKET_D_ACE (-20000)
UDF1 posts blind: 10
POCKET_D_ACE posts blind: 20
UDF1 received [6h Qc]
POCKET_D_ACE received [7s 6s]
UDF1 raises to 5000
POCKET_D_ACE calls
Flop [Th Ac 3h], UDF1 (5000), POCKET_D_ACE (5000)
POCKET_D_ACE bids 0
UDF1 bids 0
UDF1 won the auction and was revealed [7s]
POCKET_D_ACE won the auction and was revealed [Qc]
Flop [Th Ac 3h], UDF1 (5000), POCKET_D_ACE (5000)
POCKET_D_ACE checks
UDF1 checks
Turn [Th Ac 3h 3s], UDF1 (5000), POCKET_D_ACE (5000)
POCKET_D_ACE checks
UDF1 checks
River [Th Ac 3h 3s 9c], UDF1 (5000), POCKET_D_ACE (5000)
POCKET_D_ACE checks
UDF1 checks
UDF1 shows [6h Qc]
POCKET_D_ACE shows [7s 6s]
UDF1 awarded 5000
POCKET_D_ACE awarded -5000

Round #6, POCKET_D_ACE (-25000), UDF1 (25000)
POCKET_D_ACE posts blind: 10
UDF1 posts blind: 20
POCKET_D_ACE received [7c 9d]
UDF1 received [3s 8h]
POCKET_D_ACE calls
UDF1 raises to 5000
POCKET_D_ACE calls
Flop [6d 5s 5h], POCKET_D_ACE (5000), UDF1 (5000)
UDF1 bids 0
POCKET_D_ACE bids 0
POCKET_D_ACE won the auction and was revealed [8h]
UDF1 won the auction and was revealed [7c]
Flop [6d 5s 5h], POCKET_D_ACE (5000), UDF1 (5000)
UDF1 checks
POCKET_D_ACE checks
Turn [6d 5s 5h Kd], POCKET_D_ACE (5000), UDF1 (5000)
UDF1 checks
POCKET_D_ACE checks
River [6d 5s 5h Kd 3c], POCKET_D_ACE (5000), UDF1 (5000)
UDF1 checks
POCKET_D_ACE checks
POCKET_D_ACE shows [7c 9d]
UDF1 shows [3s 8h]
POCKET_D_ACE awarded -5000
UDF1 awarded 5000

Round #7, UDF1 (30000), POCKET_D_ACE (-30000)
UDF1 posts blind: 10
POCKET_D_ACE posts blind: 20
UDF1 received [Kc Qc]
POCKET_D_ACE received [3c 8d]
UDF1 raises to 5000
POCKET_D_ACE folds
UDF1 awarded 20
POCKET_D_ACE awarded -20

Round #8, POCKET_D_ACE (-30020), UDF1 (30020)
POCKET_D_ACE posts blind: 10
UDF1 posts blind: 20
POCKET_D_ACE received [8s 9s]
UDF1 received [Qh 8d]
POCKET_D_ACE calls
UDF1 raises to 5000
POCKET_D_ACE calls
Flop [Ad Qc Js], POCKET_D_ACE (5000), UDF1 (5000)
UDF1 bids 0
POCKET_D_ACE bids 0
POCKET_D_ACE won the auction and was revealed [8d]
UDF1 won the auction and was revealed [8s]
Flop [Ad Qc Js], POCKET_D_ACE (5000), UDF1 (5000)
UDF1 checks
POCKET_D_ACE checks
Turn [Ad Qc Js 2c], POCKET_D_ACE (5000), UDF1 (5000)
UDF1 checks
POCKET_D_ACE checks
River [Ad Qc Js 2c Kh], POCKET_D_ACE (5000), UDF1 (5000)
UDF1 checks
POCKET_D_ACE checks
POCKET_D_ACE shows [8s 9s]
UDF1 shows [Qh 8d]
POCKET_D_ACE awarded -5000
UDF1 awarded 5000

Round #9, UDF1 (35020), POCKET_D_ACE (-35020)
UDF1 posts blind: 10
POCKET_D_ACE posts blind: 20
UDF1 received [9s 5h]
POCKET_D_ACE received [9h As]
UDF1 raises to 5000
POCKET_D_ACE calls
Flop [5s Th Jc], UDF1 (5000), POCKET_D_ACE (5000)
POCKET_D_ACE bids 0
UDF1 bids 0
UDF1 won the auction and was revealed [9h]
POCKET_D_ACE won the auction and was revealed [9s]
Flop [5s Th Jc], UDF1 (5000), POCKET_D_ACE (5000)
POCKET_D_ACE checks
UDF1 checks
Turn [5s Th Jc 4h], UDF1 (5000), POCKET_D_ACE (5000)
POCKET_D_ACE checks
UDF1 checks
River [5s Th Jc 4h 6c], UDF1 (5000), POCKET_D_ACE (5000)
POCKET_D_ACE checks
UDF1 checks
UDF1 shows [9s 5h]
POCKET_D_ACE shows [9h As]
UDF1 awarded 5000
POCKET_D_ACE awarded -5000

Round #10, POCKET_D_ACE (-40020), UDF1 (40020)
POCKET_D_ACE posts blind: 10
UDF1 posts blind: 20
POCKET_D_ACE received [4h 9s]
UDF1 received [6d Jc]
POCKET_D_ACE calls
UDF1 raises to 5000
POCKET_D_ACE folds
POCKET_D_ACE awarded -20
UDF1 awarded 20

Round #11, UDF1 (40040), POCKET_D_ACE (-40040)
UDF1 posts blind: 10
POCKET_D_ACE posts blind: 20
UDF1 received [Kh 7h]
POCKET_D_ACE received [8h As]
UDF1 raises to 5000
POCKET_D_ACE calls
Flop [7s Qc 6c], UDF1 (5000), POCKET_D_ACE (5000)
POCKET_D_ACE bids 0
UDF1 bids 0
UDF1 won the auction and was revealed [8h]
POCKET_D_ACE won the auction and was revealed [Kh]
Flop [7s Qc 6c], UDF1 (5000), POCKET_D_ACE (5000)
POCKET_D_ACE checks
UDF1 checks
Turn [7s Qc 6c Jc], UDF1 (5000), POCKET_D_ACE (5000)
POCKET_D_ACE checks
UDF1 checks
River [7s Qc 6c Jc Jh], UDF1 (5000), POCKET_D_ACE (5000)
POCKET_D_ACE checks
UDF1 checks
UDF1 shows [Kh 7h]
POCKET_D_ACE shows [8h As]
UDF1 awarded 5000
POCKET_D_ACE awarded -5000

Round #12, POCKET_D_ACE (-45040), UDF1 (45040)
POCKET_D_ACE posts blind: 10
UDF1 posts blind: 20
POCKET_D_ACE received [Kh 7s]
UDF1 received [Qs 5h]
POCKET_D_ACE calls
UDF1 raises to 5000
POCKET_D_ACE calls
Flop [4c 9d 9c], POCKET_D_ACE (5000), UDF1 (5000)
UDF1 bids 0
POCKET_D_ACE bids 0
POCKET_D_ACE won the auction and was revealed [5h]
UDF1 won the auction and was revealed [7s]
Flop [4c 9d 9c], POCKET_D_ACE (5000), UDF1 (5000)
UDF1 checks
POCKET_D_ACE checks
Turn [4c 9d 9c Js], POCKET_D_ACE (5000), UDF1 (5000)
UDF1 checks
POCKET_D_ACE checks
River [4c 9d 9c Js Td], POCKET_D_ACE (5000), UDF1 (5000)
UDF1 checks
POCKET_D_ACE checks
POCKET_D_ACE shows [Kh 7s]
UDF1 shows [Qs 5h]
POCKET_D_ACE awarded 5000
UDF1 awarded -5000

Round #13, UDF1 (40040), POCKET_D_ACE (-40040)
UDF1 posts blind: 10
POCKET_D_ACE posts blind: 20
UDF1 received [6c 9c]
POCKET_D_ACE received [8c 4h]
UDF1 raises to 5000
POCKET_D_ACE folds
UDF1 awarded 20
POCKET_D_ACE awarded -20

Round #14, POCKET_D_ACE (-40060), UDF1 (40060)
POCKET_D_ACE posts blind: 10
UDF1 posts blind: 20
POCKET_D_ACE received [2c Ks]
UDF1 received [Qh 6h]
POCKET_D_ACE calls
UDF1 raises to 5000
POCKET_D_ACE folds
POCKET_D_ACE awarded -20
UDF1 awarded 20

Round #15, UDF1 (40080), POCKET_D_ACE (-40080)
UDF1 posts blind: 10
POCKET_D_ACE posts blind: 20
UDF1 received [Kc 8h]
POCKET_D_ACE received [6s 4d]
UDF1 raises to 5000
POCKET_D_ACE folds
UDF1 awarded 20
POCKET_D_ACE awarded -20

Round #16, POCKET_D_ACE (-40100), UDF1 (40100)
POCKET_D_ACE posts blind: 10
UDF1 posts blind: 20
POCKET_D_ACE received [2c 7d]
UDF1 received [Jh 4s]
POCKET_D_ACE calls
UDF1 raises to 5000
POCKET_D_ACE folds
POCKET_D_ACE awarded -20
UDF1 awarded 20

Round #17, UDF1 (40120), POCKET_D_ACE (-40120)
UDF1 posts blind: 10
POCKET_D_ACE posts blind: 20
UDF1 received [Ts 8h]
POCKET_D_ACE received [Qs 7d]
UDF1 raises to 5000
POCKET_D_ACE calls
Flop [Qd 6h Td], UDF1 (5000), POCKET_D_ACE (5000)
POCKET_D_ACE bids 0
UDF1 bids 0
UDF1 won the auction and was revealed [Qs]
POCKET_D_ACE won the auction and was revealed [Ts]
Flop [Qd 6h Td], UDF1 (5000), POCKET_D_ACE (5000)
POCKET_D_ACE checks
UDF1 checks
Turn [Qd 6h Td Jd], UDF1 (5000), POCKET_D_ACE (5000)
POCKET_D_ACE checks
UDF1 checks
River [Qd 6h Td Jd Th], UDF1 (5000), POCKET_D_ACE (5000)
POCKET_D_ACE checks
UDF1 checks
UDF1 shows [Ts 8h]
POCKET_D_ACE shows [Qs 7d]
UDF1 awarded 5000
POCKET_D_ACE awarded -5000

Round #18, POCKET_D_ACE (-45120), UDF1 (45120)
POCKET_D_ACE posts blind: 10
UDF1 posts blind: 20
POCKET_D_ACE received [3h 3s]
UDF1 received [4s Ac]
POCKET_D_ACE calls
UDF1 raises to 5000
POCKET_D_ACE calls
Flop [Ks 3c 7c], POCKET_D_ACE (5000), UDF1 (5000)
UDF1 bids 0
POCKET_D_ACE bids 0
POCKET_D_ACE won the auction and was revealed [Ac]
UDF1 won the auction and was revealed [3s]
Flop [Ks 3c 7c], POCKET_D_ACE (5000), UDF1 (5000)
UDF1 checks
POCKET_D_ACE checks
Turn [Ks 3c 7c Jc], POCKET_D_ACE (5000), UDF1 (5000)
UDF1 checks
POCKET_D_ACE checks
River [Ks 3c 7c Jc Jh], POCKET_D_ACE (5000), UDF1 (5000)
UDF1 checks
POCKET_D_ACE checks
POCKET_D_ACE shows [3h 3s]
UDF1 shows [4s Ac]
POCKET_D_ACE awarded 5000
UDF1 awarded -5000

Round #19, UDF1 (40120), POCKET_D_ACE (-40120)
UDF1 posts blind: 10
POCKET_D_ACE posts blind: 20
UDF1 received [2d 8s]
POCKET_D_ACE received [Jd 3h]
UDF1 raises to 5000
POCKET_D_ACE folds
UDF1 awarded 20
POCKET_D_ACE awarded -20

Round #20, POCKET_D_ACE (-40140), UDF1 (40140)
POCKET_D_ACE posts blind: 10
UDF1 posts blind: 20
POCKET_D_ACE received [9s 8h]
UDF1 received [4d Kc]
POCKET_D_ACE calls
UDF1 raises to 5000
POCKET_D_ACE calls
Flop [Tc 5s Qs], POCKET_D_ACE (5000), UDF1 (5000)
UDF1 bids 0
POCKET_D_ACE bids 0
POCKET_D_ACE won the auction and was revealed [4d]
UDF1 won the auction and was revealed [9s]
Flop [Tc 5s Qs], POCKET_D_ACE (5000), UDF1 (5000)
UDF1 checks
POCKET_D_ACE checks
Turn [Tc 5s Qs 7h], POCKET_D_ACE (5000), UDF1 (5000)
UDF1 checks
POCKET_D_ACE checks
River [Tc 5s Qs 7h Ad], POCKET_D_ACE (5000), UDF1 (5000)
UDF1 checks
POCKET_D_ACE checks
POCKET_D_ACE shows [9s 8h]
UDF1 shows [4d Kc]
POCKET_D_ACE awarded -5000
UDF1 awarded 5000

Round #21, UDF1 (45140), POCKET_D_ACE (-45140)
UDF1 posts blind: 10
POCKET_D_ACE posts blind: 20
UDF1 received [Ks 4d]
POCKET_D_ACE received [As 2d]
UDF1 raises to 5000
POCKET_D_ACE calls
Flop [8h Ac 8c], UDF1 (5000), POCKET_D_ACE (5000)
POCKET_D_ACE bids 0
UDF1 bids 0
UDF1 won the auction and was revealed [2d]
POCKET_D_ACE won the auction and was revealed [4d]
Flop [8h Ac 8c], UDF1 (5000), POCKET_D_ACE (5000)
POCKET_D_ACE checks
UDF1 checks
Turn [8h Ac 8c 2s], UDF1 (5000), POCKET_D_ACE (5000)
POCKET_D_ACE checks
UDF1 checks
River [8h Ac 8c 2s Qd], UDF1 (5000), POCKET_D_ACE (5000)
POCKET_D_ACE checks
UDF1 checks
UDF1 shows [Ks 4d]
POCKET_D_ACE shows [As 2d]
UDF1 awarded -5000
POCKET_D_ACE awarded 5000

Round #22, POCKET_D_ACE (-40140), UDF1 (40140)
POCKET_D_ACE posts blind: 10
UDF1 posts blind: 20
POCKET_D_ACE received [8h Qd]
UDF1 received [2s 3d]
POCKET_D_ACE calls
UDF1 raises to 5000
POCKET_D_ACE calls
Flop [Qc 7h Kh], POCKET_D_ACE (5000), UDF1 (5000)
UDF1 bids 0
POCKET_D_ACE bids 0
POCKET_D_ACE won the auction and was revealed [2s]
UDF1 won the auction and was revealed [Qd]
Flop [Qc 7h Kh], POCKET_D_ACE (5000), UDF1 (5000)
UDF1 checks
POCKET_D_ACE checks
Turn [Qc 7h Kh 2h], POCKET_D_ACE (5000), UDF1 (5000)
UDF1 checks
POCKET_D_ACE checks
River [Qc 7h Kh 2h 4d], POCKET_D_ACE (5000), UDF1 (5000)
UDF1 checks
POCKET_D_ACE checks
POCKET_D_ACE shows [8h Qd]
UDF1 shows [2s 3d]
POCKET_D_ACE awarded 5000
UDF1 awarded -5000

Round #23, UDF1 (35140), POCKET_D_ACE (-35140)
UDF1 posts blind: 10
POCKET_D_ACE posts blind: 20
UDF1 received [3s Td]
POCKET_D_ACE received [5d Jd]
UDF1 raises to 5000
POCKET_D_ACE calls
Flop [Ks 7s Qc], UDF1 (5000), POCKET_D_ACE (5000)
POCKET_D_ACE bids 0
UDF1 bids 0
UDF1 won the auction and was revealed [Jd]
POCKET_D_ACE won the auction and was revealed [Td]
Flop [Ks 7s Qc], UDF1 (5000), POCKET_D_ACE (5000)
POCKET_D_ACE checks
UDF1 checks
Turn [Ks 7s Qc Tc], UDF1 (5000), POCKET_D_ACE (5000)
POCKET_D_ACE checks
UDF1 checks
River [Ks 7s Qc Tc 6s], UDF1 (5000), POCKET_D_ACE (5000)
POCKET_D_ACE checks
UDF1 checks
UDF1 shows [3s Td]
POCKET_D_ACE shows [5d Jd]
UDF1 awarded 5000
POCKET_D_ACE awarded -5000

Round #24, POCKET_D_ACE (-40140), UDF1 (40140)
POCKET_D_ACE posts blind: 10
UDF1 posts blind: 20
POCKET_D_ACE received [9h 4s]
UDF1 received [9c Kc]
POCKET_D_ACE calls
UDF1 raises to 5000
POCKET_D_ACE folds
POCKET_D_ACE awarded -20
UDF1 awarded 20

Round #25, UDF1 (40160), POCKET_D_ACE (-40160)
UDF1 posts blind: 10
POCKET_D_ACE posts blind: 20
UDF1 received [3d Ad]
POCKET_D_ACE received [Kh 2c]
UDF1 raises to 5000
POCKET_D_ACE folds
UDF1 awarded 20
POCKET_D_ACE awarded -20

Round #26, POCKET_D_ACE (-40180), UDF1 (40180)
POCKET_D_ACE posts blind: 10
UDF1 posts blind: 20
POCKET_D_ACE received [Qs 5h]
UDF1 received [8d 6c]
POCKET_D_ACE calls
UDF1 raises to 5000
POCKET_D_ACE calls
Flop [Kh 2d 4c], POCKET_D_ACE (5000), UDF1 (5000)
UDF1 bids 0
POCKET_D_ACE bids 0
POCKET_D_ACE won the auction and was revealed [6c]
UDF1 won the auction and was revealed [Qs]
Flop [Kh 2d 4c], POCKET_D_ACE (5000), UDF1 (5000)
UDF1 checks
POCKET_D_ACE checks
Turn [Kh 2d 4c 7h], POCKET_D_ACE (5000), UDF1 (5000)
UDF1 checks
POCKET_D_ACE checks
River [Kh 2d 4c 7h 3c], POCKET_D_ACE (5000), UDF1 (5000)
UDF1 checks
POCKET_D_ACE checks
POCKET_D_ACE shows [Qs 5h]
UDF1 shows [8d 6c]
POCKET_D_ACE awarded 5000
UDF1 awarded -5000

Round #27, UDF1 (35180), POCKET_D_ACE (-35180)
UDF1 posts blind: 10
POCKET_D_ACE posts blind: 20
UDF1 received [Qs 6h]
POCKET_D_ACE received [Ks 6s]
UDF1 raises to 5000
POCKET_D_ACE calls
Flop [7h 9h Kh], UDF1 (5000), POCKET_D_ACE (5000)
POCKET_D_ACE bids 0
UDF1 bids 0
UDF1 won the auction and was revealed [Ks]
POCKET_D_ACE won the auction and was revealed [6h]
Flop [7h 9h Kh], UDF1 (5000), POCKET_D_ACE (5000)
POCKET_D_ACE checks
UDF1 checks
Turn [7h 9h Kh 6d], UDF1 (5000), POCKET_D_ACE (5000)
POCKET_D_ACE checks
UDF1 checks
River [7h 9h Kh 6d Ah], UDF1 (5000), POCKET_D_ACE (5000)
POCKET_D_ACE checks
UDF1 checks
UDF1 shows [Qs 6h]
POCKET_D_ACE shows [Ks 6s]
UDF1 awarded 5000
POCKET_D_ACE awarded -5000

Round #28, POCKET_D_ACE (-40180), UDF1 (40180)
POCKET_D_ACE posts blind: 10
UDF1 posts blind: 20
POCKET_D_ACE received [Qs Kh]
UDF1 received [4h Jc]
POCKET_D_ACE calls
UDF1 raises to 5000
POCKET_D_ACE calls
Flop [2h 2s As], POCKET_D_ACE (5000), UDF1 (5000)
UDF1 bids 0
POCKET_D_ACE bids 0
POCKET_D_ACE won the auction and was revealed [4h]
UDF1 won the auction and was revealed [Qs]
Flop [2h 2s As], POCKET_D_ACE (5000), UDF1 (5000)
UDF1 checks
POCKET_D_ACE checks
Turn [2h 2s As 7s], POCKET_D_ACE (5000), UDF1 (5000)
UDF1 checks
POCKET_D_ACE checks
River [2h 2s As 7s 4d], POCKET_D_ACE (5000), UDF1 (5000)
UDF1 checks
POCKET_D_ACE checks
POCKET_D_ACE shows [Qs Kh]
UDF1 shows [4h Jc]
POCKET_D_ACE awarded -5000
UDF1 awarded 5000

Round #29, UDF1 (45180), POCKET_D_ACE (-45180)
UDF1 posts blind: 10
POCKET_D_ACE posts blind: 20
UDF1 received [7c Tc]
POCKET_D_ACE received [7h Jh]
UDF1 raises to 5000
POCKET_D_ACE calls
Flop [3c Jc Qh], UDF1 (5000), POCKET_D_ACE (5000)
POCKET_D_ACE bids 0
UDF1 bids 0
UDF1 won the auction and was revealed [Jh]
POCKET_D_ACE won the auction and was revealed [7c]
Flop [3c Jc Qh], UDF1 (5000), POCKET_D_ACE (5000)
POCKET_D_ACE checks
UDF1 checks
Turn [3c Jc Qh 9c], UDF1 (5000), POCKET_D_ACE (5000)
POCKET_D_ACE checks
UDF1 checks
River [3c Jc Qh 9c 6d], UDF1 (5000), POCKET_D_ACE (5000)
POCKET_D_ACE checks
UDF1 checks
UDF1 shows [7c Tc]
POCKET_D_ACE shows [7h Jh]
UDF1 awarded 5000
POCKET_D_ACE awarded -5000

Round #30, POCKET_D_ACE (-50180), UDF1 (50180)
POCKET_D_ACE posts blind: 10
UDF1 posts blind: 20
POCKET_D_ACE received [Ah Tc]
UDF1 received [Qc 6d]
POCKET_D_ACE calls
UDF1 raises to 5000
POCKET_D_ACE calls
Flop [4s 3h Qh], POCKET_D_ACE (5000), UDF1 (5000)
UDF1 bids 0
POCKET_D_ACE bids 0
POCKET_D_ACE won the auction and was revealed [Qc]
UDF1 won the auction and was revealed [Tc]
Flop [4s 3h Qh], POCKET_D_ACE (5000), UDF1 (5000)
UDF1 checks
POCKET_D_ACE checks
Turn [4s 3h Qh 4d], POCKET_D_ACE (5000), UDF1 (5000)
UDF1 checks
POCKET_D_ACE checks
River [4s 3h Qh 4d 3c], POCKET_D_ACE (5000), UDF1 (5000)
UDF1 checks
POCKET_D_ACE checks
POCKET_D_ACE shows [Ah Tc]
UDF1 shows [Qc 6d]
POCKET_D_ACE awarded -5000
UDF1 awarded 5000

Round #31, UDF1 (55180), POCKET_D_ACE (-55180)
UDF1 posts blind: 10
POCKET_D_ACE posts blind: 20
UDF1 received [6s Jc]
POCKET_D_ACE received [Ad 9s]
UDF1 raises to 5000
POCKET_D_ACE calls
Flop [Jd 5h 4s], UDF1 (5000), POCKET_D_ACE (5000)
POCKET_D_ACE bids 0
UDF1 bids 0
UDF1 won the auction and was revealed [Ad]
POCKET_D_ACE won the auction and was revealed [6s]
Flop [Jd 5h 4s], UDF1 (5000), POCKET_D_ACE (5000)
POCKET_D_ACE checks
UDF1 checks
Turn [Jd 5h 4s 4d], UDF1 (5000), POCKET_D_ACE (5000)
POCKET_D_ACE checks
UDF1 checks
River [Jd 5h 4s 4d Tc], UDF1 (5000), POCKET_D_ACE (5000)
POCKET_D_ACE checks
UDF1 checks
UDF1 shows [6s Jc]
POCKET_D_ACE shows [Ad 9s]
UDF1 awarded 5000
POCKET_D_ACE awarded -5000

Round #32, POCKET_D_ACE (-60180), UDF1 (60180)
POCKET_D_ACE posts blind: 10
UDF1 posts blind: 20
POCKET_D_ACE received [Qc 7c]
UDF1 received [4d 3h]
POCKET_D_ACE calls
UDF1 raises to 5000
POCKET_D_ACE calls
Flop [9c Kh Qh], POCKET_D_ACE (5000), UDF1 (5000)
UDF1 bids 0
POCKET_D_ACE bids 0
POCKET_D_ACE won the auction and was revealed [4d]
UDF1 won the auction and was revealed [Qc]
Flop [9c Kh Qh], POCKET_D_ACE (5000), UDF1 (5000)
UDF1 checks
POCKET_D_ACE checks
Turn [9c Kh Qh Jd], POCKET_D_ACE (5000), UDF1 (5000)
UDF1 checks
POCKET_D_ACE checks
River [9c Kh Qh Jd Ah], POCKET_D_ACE (5000), UDF1 (5000)
UDF1 checks
POCKET_D_ACE checks
POCKET_D_ACE shows [Qc 7c]
UDF1 shows [4d 3h]
POCKET_D_ACE awarded 5000
UDF1 awarded -5000

Round #33, UDF1 (55180), POCKET_D_ACE (-55180)
UDF1 posts blind: 10
POCKET_D_ACE posts blind: 20
UDF1 received [Th Jh]
POCKET_D_ACE received [Ad Td]
UDF1 raises to 5000
POCKET_D_ACE calls
Flop [Jc Kc 8h], UDF1 (5000), POCKET_D_ACE (5000)
POCKET_D_ACE bids 0
UDF1 bids 0
UDF1 won the auction and was revealed [Ad]
POCKET_D_ACE won the auction and was revealed [Jh]
Flop [Jc Kc 8h], UDF1 (5000), POCKET_D_ACE (5000)
POCKET_D_ACE checks
UDF1 checks
Turn [Jc Kc 8h 6h], UDF1 (5000), POCKET_D_ACE (5000)
POCKET_D_ACE checks
UDF1 checks
River [Jc Kc 8h 6h 8s], UDF1 (5000), POCKET_D_ACE (5000)
POCKET_D_ACE checks
UDF1 checks
UDF1 shows [Th Jh]
POCKET_D_ACE shows [Ad Td]
UDF1 awarded 5000
POCKET_D_ACE awarded -5000

Round #34, POCKET_D_ACE (-60180), UDF1 (60180)
POCKET_D_ACE posts blind: 10
UDF1 posts blind: 20
POCKET_D_ACE received [4d 7s]
UDF1 received [6c 5d]
POCKET_D_ACE calls
UDF1 raises to 5000
POCKET_D_ACE folds
POCKET_D_ACE awarded -20
UDF1 awarded 20

Round #35, UDF1 (60200), POCKET_D_ACE (-60200)
UDF1 posts blind: 10
POCKET_D_ACE posts blind: 20
UDF1 received [2d 8c]
POCKET_D_ACE received [As 5d]
UDF1 raises to 5000
POCKET_D_ACE calls
Flop [Qd 3h 9h], UDF1 (5000), POCKET_D_ACE (5000)
POCKET_D_ACE bids 0
UDF1 bids 0
UDF1 won the auction and was revealed [As]
POCKET_D_ACE won the auction and was revealed [8c]
Flop [Qd 3h 9h], UDF1 (5000), POCKET_D_ACE (5000)
POCKET_D_ACE checks
UDF1 checks
Turn [Qd 3h 9h 6h], UDF1 (5000), POCKET_D_ACE (5000)
POCKET_D_ACE checks
UDF1 checks
River [Qd 3h 9h 6h Ad], UDF1 (5000), POCKET_D_ACE (5000)
POCKET_D_ACE checks
UDF1 checks
UDF1 shows [2d 8c]
POCKET_D_ACE shows [As 5d]
UDF1 awarded -5000
POCKET_D_ACE awarded 5000

Round #36, POCKET_D_ACE (-55200), UDF1 (55200)
POCKET_D_ACE posts blind: 10
UDF1 posts blind: 20
POCKET_D_ACE received [6h 9c]
UDF1 received [3d Qd]
POCKET_D_ACE calls
UDF1 raises to 5000
POCKET_D_ACE calls
Flop [4s Qc 7s], POCKET_D_ACE (5000), UDF1 (5000)
UDF1 bids 0
POCKET_D_ACE bids 0
POCKET_D_ACE won the auction and was revealed [3d]
UDF1 won the auction and was revealed [9c]
Flop [4s Qc 7s], POCKET_D_ACE (5000), UDF1 (5000)
UDF1 checks
POCKET_D_ACE checks
Turn [4s Qc 7s Ks], POCKET_D_ACE (5000), UDF1 (5000)
UDF1 checks
POCKET_D_ACE checks
River [4s Qc 7s Ks 2c], POCKET_D_ACE (5000), UDF1 (5000)
UDF1 checks
POCKET_D_ACE checks
POCKET_D_ACE shows [6h 9c]
UDF1 shows [3d Qd]
POCKET_D_ACE awarded -5000
UDF1 awarded 5000

Round #37, UDF1 (60200), POCKET_D_ACE (-60200)
UDF1 posts blind: 10
POCKET_D_ACE posts blind: 20
UDF1 received [9h 6c]
POCKET_D_ACE received [9s 3s]
UDF1 raises to 5000
POCKET_D_ACE folds
UDF1 awarded 20
POCKET_D_ACE awarded -20

Round #38, POCKET_D_ACE (-60220), UDF1 (60220)
POCKET_D_ACE posts blind: 10
UDF1 posts blind: 20
POCKET_D_ACE received [6d 8d]
UDF1 received [2c 3h]
POCKET_D_ACE calls
UDF1 raises to 5000
POCKET_D_ACE calls
Flop [7c As Ah], POCKET_D_ACE (5000), UDF1 (5000)
UDF1 bids 0
POCKET_D_ACE bids 0
POCKET_D_ACE won the auction and was revealed [3h]
UDF1 won the auction and was revealed [8d]
Flop [7c As Ah], POCKET_D_ACE (5000), UDF1 (5000)
UDF1 checks
POCKET_D_ACE checks
Turn [7c As Ah 2s], POCKET_D_ACE (5000), UDF1 (5000)
UDF1 checks
POCKET_D_ACE checks
River [7c As Ah 2s 4h], POCKET_D_ACE (5000), UDF1 (5000)
UDF1 checks
POCKET_D_ACE checks
POCKET_D_ACE shows [6d 8d]
UDF1 shows [2c 3h]
POCKET_D_ACE awarded -5000
UDF1 awarded 5000

Round #39, UDF1 (65220), POCKET_D_ACE (-65220)
UDF1 posts blind: 10
POCKET_D_ACE posts blind: 20
UDF1 received [Ah Kc]
POCKET_D_ACE received [7c 3d]
UDF1 raises to 5000
POCKET_D_ACE folds
UDF1 awarded 20
POCKET_D_ACE awarded -20

Round #40, POCKET_D_ACE (-65240), UDF1 (65240)
POCKET_D_ACE posts blind: 10
UDF1 posts blind: 20
POCKET_D_ACE received [Ac Tc]
UDF1 received [As 7h]
POCKET_D_ACE calls
UDF1 raises to 5000
POCKET_D_ACE calls
Flop [Qh Jc 6h], POCKET_D_ACE (5000), UDF1 (5000)
UDF1 bids 0
POCKET_D_ACE bids 0
POCKET_D_ACE won the auction and was revealed [As]
UDF1 won the auction and was revealed [Ac]
Flop [Qh Jc 6h], POCKET_D_ACE (5000), UDF1 (5000)
UDF1 checks
POCKET_D_ACE checks
Turn [Qh Jc 6h Ah], POCKET_D_ACE (5000), UDF1 (5000)
UDF1 checks
POCKET_D_ACE checks
River [Qh Jc 6h Ah 4h], POCKET_D_ACE (5000), UDF1 (5000)
UDF1 checks
POCKET_D_ACE checks
POCKET_D_ACE shows [Ac Tc]
UDF1 shows [As 7h]
POCKET_D_ACE awarded -5000
UDF1 awarded 5000

Round #41, UDF1 (70240), POCKET_D_ACE (-70240)
UDF1 posts blind: 10
POCKET_D_ACE posts blind: 20
UDF1 received [9s 5d]
POCKET_D_ACE received [8s Jh]
UDF1 raises to 5000
POCKET_D_ACE calls
Flop [5h Ks 5c], UDF1 (5000), POCKET_D_ACE (5000)
POCKET_D_ACE bids 0
UDF1 bids 0
UDF1 won the auction and was revealed [Jh]
POCKET_D_ACE won the auction and was revealed [9s]
Flop [5h Ks 5c], UDF1 (5000), POCKET_D_ACE (5000)
POCKET_D_ACE checks
UDF1 checks
Turn [5h Ks 5c 3c], UDF1 (5000), POCKET_D_ACE (5000)
POCKET_D_ACE checks
UDF1 checks
River [5h Ks 5c 3c 3s], UDF1 (5000), POCKET_D_ACE (5000)
POCKET_D_ACE checks
UDF1 checks
UDF1 shows [9s 5d]
POCKET_D_ACE shows [8s Jh]
UDF1 awarded 5000
POCKET_D_ACE awarded -5000

Round #42, POCKET_D_ACE (-75240), UDF1 (75240)
POCKET_D_ACE posts blind: 10
UDF1 posts blind: 20
POCKET_D_ACE received [Kd 7s]
UDF1 received [Qc Ac]
POCKET_D_ACE calls
UDF1 raises to 5000
POCKET_D_ACE calls
Flop [6c 8c 9c], POCKET_D_ACE (5000), UDF1 (5000)
UDF1 bids 0
POCKET_D_ACE bids 0
POCKET_D_ACE won the auction and was revealed [Qc]
UDF1 won the auction and was revealed [Kd]
Flop [6c 8c 9c], POCKET_D_ACE (5000), UDF1 (5000)
UDF1 checks
POCKET_D_ACE checks
Turn [6c 8c 9c Kh], POCKET_D_ACE (5000), UDF1 (5000)
UDF1 checks
POCKET_D_ACE checks
River [6c 8c 9c Kh Qh], POCKET_D_ACE (5000), UDF1 (5000)
UDF1 checks
POCKET_D_ACE checks
POCKET_D_ACE shows [Kd 7s]
UDF1 shows [Qc Ac]
POCKET_D_ACE awarded -5000
UDF1 awarded 5000

Round #43, UDF1 (80240), POCKET_D_ACE (-80240)
UDF1 posts blind: 10
POCKET_D_ACE posts blind: 20
UDF1 received [4c Th]
POCKET_D_ACE received [3d 4h]
UDF1 raises to 5000
POCKET_D_ACE folds
UDF1 awarded 20
POCKET_D_ACE awarded -20

Round #44, POCKET_D_ACE (-80260), UDF1 (80260)
POCKET_D_ACE posts blind: 10
UDF1 posts blind: 20
POCKET_D_ACE received [7s 4d]
UDF1 received [Jh 6c]
POCKET_D_ACE calls
UDF1 raises to 5000
POCKET_D_ACE folds
POCKET_D_ACE awarded -20
UDF1 awarded 20

Round #45, UDF1 (80280), POCKET_D_ACE (-80280)
UDF1 posts blind: 10
POCKET_D_ACE posts blind: 20
UDF1 received [Td 7s]
POCKET_D_ACE received [Tc 6c]
UDF1 raises to 5000
POCKET_D_ACE calls
Flop [8d 2s Kh], UDF1 (5000), POCKET_D_ACE (5000)
POCKET_D_ACE bids 0
UDF1 bids 0
UDF1 won the auction and was revealed [Tc]
POCKET_D_ACE won the auction and was revealed [Td]
Flop [8d 2s Kh], UDF1 (5000), POCKET_D_ACE (5000)
POCKET_D_ACE checks
UDF1 checks
Turn [8d 2s Kh Kc], UDF1 (5000), POCKET_D_ACE (5000)
POCKET_D_ACE checks
UDF1 checks
River [8d 2s Kh Kc Jc], UDF1 (5000), POCKET_D_ACE (5000)
POCKET_D_ACE checks
UDF1 checks
UDF1 shows [Td 7s]
POCKET_D_ACE shows [Tc 6c]
UDF1 awarded 0
POCKET_D_ACE awarded 0

Round #46, POCKET_D_ACE (-80280), UDF1 (80280)
POCKET_D_ACE posts blind: 10
UDF1 posts blind: 20
POCKET_D_ACE received [5h 2h]
UDF1 received [Jh Js]
POCKET_D_ACE calls
UDF1 raises to 5000
POCKET_D_ACE folds
POCKET_D_ACE awarded -20
UDF1 awarded 20

Round #47, UDF1 (80300), POCKET_D_ACE (-80300)
UDF1 posts blind: 10
POCKET_D_ACE posts blind: 20
UDF1 received [7h Jd]
POCKET_D_ACE received [8c Ac]
UDF1 raises to 5000
POCKET_D_ACE calls
Flop [2s 8d 7d], UDF1 (5000), POCKET_D_ACE (5000)
POCKET_D_ACE bids 0
UDF1 bids 0
UDF1 won the auction and was revealed [8c]
POCKET_D_ACE won the auction and was revealed [Jd]
Flop [2s 8d 7d], UDF1 (5000), POCKET_D_ACE (5000)
POCKET_D_ACE checks
UDF1 checks
Turn [2s 8d 7d Jc], UDF1 (5000), POCKET_D_ACE (5000)
POCKET_D_ACE checks
UDF1 checks
River [2s 8d 7d Jc Ks], UDF1 (5000), POCKET_D_ACE (5000)
POCKET_D_ACE checks
UDF1 checks
UDF1 shows [7h Jd]
POCKET_D_ACE shows [8c Ac]
UDF1 awarded 5000
POCKET_D_ACE awarded -5000

Round #48, POCKET_D_ACE (-85300), UDF1 (85300)
POCKET_D_ACE posts blind: 10
UDF1 posts blind: 20
POCKET_D_ACE received [4d Tc]
UDF1 received [4h 4s]
POCKET_D_ACE calls
UDF1 raises to 5000
POCKET_D_ACE folds
POCKET_D_ACE awarded -20
UDF1 awarded 20

Round #49, UDF1 (85320), POCKET_D_ACE (-85320)
UDF1 posts blind: 10
POCKET_D_ACE posts blind: 20
UDF1 received [8c 3d]
POCKET_D_ACE received [9d 7s]
UDF1 raises to 5000
POCKET_D_ACE calls
Flop [As 5s Qc], UDF1 (5000), POCKET_D_ACE (5000)
POCKET_D_ACE bids 0
UDF1 bids 0
UDF1 won the auction and was revealed [7s]
POCKET_D_ACE won the auction and was revealed [3d]
Flop [As 5s Qc], UDF1 (5000), POCKET_D_ACE (5000)
POCKET_D_ACE checks
UDF1 checks
Turn [As 5s Qc 5h], UDF1 (5000), POCKET_D_ACE (5000)
POCKET_D_ACE checks
UDF1 checks
River [As 5s Qc 5h Ad], UDF1 (5000), POCKET_D_ACE (5000)
POCKET_D_ACE checks
UDF1 checks
UDF1 shows [8c 3d]
POCKET_D_ACE shows [9d 7s]
UDF1 awarded 0
POCKET_D_ACE awarded 0

Round #50, POCKET_D_ACE (-85320), UDF1 (85320)
POCKET_D_ACE posts blind: 10
UDF1 posts blind: 20
POCKET_D_ACE received [6h 9s]
UDF1 received [7s Qh]
POCKET_D_ACE calls
UDF1 raises to 5000
POCKET_D_ACE calls
Flop [3c 5d Kd], POCKET_D_ACE (5000), UDF1 (5000)
UDF1 bids 0
POCKET_D_ACE bids 0
POCKET_D_ACE won the auction and was revealed [7s]
UDF1 won the auction and was revealed [9s]
Flop [3c 5d Kd], POCKET_D_ACE (5000), UDF1 (5000)
UDF1 checks
POCKET_D_ACE checks
Turn [3c 5d Kd 8c], POCKET_D_ACE (5000), UDF1 (5000)
UDF1 checks
POCKET_D_ACE checks
River [3c 5d Kd 8c Ad], POCKET_D_ACE (5000), UDF1 (5000)
UDF1 checks
POCKET_D_ACE checks
POCKET_D_ACE shows [6h 9s]
UDF1 shows [7s Qh]
POCKET_D_ACE awarded -5000
UDF1 awarded 5000

Round #51, UDF1 (90320), POCKET_D_ACE (-90320)
UDF1 posts blind: 10
POCKET_D_ACE posts blind: 20
UDF1 received [7d Qc]
POCKET_D_ACE received [6d 5d]
UDF1 raises to 5000
POCKET_D_ACE calls
Flop [5h Kh As], UDF1 (5000), POCKET_D_ACE (5000)
POCKET_D_ACE bids 0
UDF1 bids 0
UDF1 won the auction and was revealed [6d]
POCKET_D_ACE won the auction and was revealed [7d]
Flop [5h Kh As], UDF1 (5000), POCKET_D_ACE (5000)
POCKET_D_ACE checks
UDF1 checks
Turn [5h Kh As 7c], UDF1 (5000), POCKET_D_ACE (5000)
POCKET_D_ACE checks
UDF1 checks
River [5h Kh As 7c 8s], UDF1 (5000), POCKET_D_ACE (5000)
POCKET_D_ACE checks
UDF1 checks
UDF1 shows [7d Qc]
POCKET_D_ACE shows [6d 5d]
UDF1 awarded 5000
POCKET_D_ACE awarded -5000

Round #52, POCKET_D_ACE (-95320), UDF1 (95320)
POCKET_D_ACE posts blind: 10
UDF1 posts blind: 20
POCKET_D_ACE received [Jd Ac]
UDF1 received [Kc Jh]
POCKET_D_ACE calls
UDF1 raises to 5000
POCKET_D_ACE calls
Flop [9d Td 3h], POCKET_D_ACE (5000), UDF1 (5000)
UDF1 bids 0
POCKET_D_ACE bids 0
POCKET_D_ACE won the auction and was revealed [Kc]
UDF1 won the auction and was revealed [Jd]
Flop [9d Td 3h], POCKET_D_ACE (5000), UDF1 (5000)
UDF1 checks
POCKET_D_ACE checks
Turn [9d Td 3h 3c], POCKET_D_ACE (5000), UDF1 (5000)
UDF1 checks
POCKET_D_ACE checks
River [9d Td 3h 3c 9h], POCKET_D_ACE (5000), UDF1 (5000)
UDF1 checks
POCKET_D_ACE checks
POCKET_D_ACE shows [Jd Ac]
UDF1 shows [Kc Jh]
POCKET_D_ACE awarded 5000
UDF1 awarded -5000

Round #53, UDF1 (90320), POCKET_D_ACE (-90320)
UDF1 posts blind: 10
POCKET_D_ACE posts blind: 20
UDF1 received [2d 9s]
POCKET_D_ACE received [8h 4d]
UDF1 raises to 5000
POCKET_D_ACE folds
UDF1 awarded 20
POCKET_D_ACE awarded -20

Round #54, POCKET_D_ACE (-90340), UDF1 (90340)
POCKET_D_ACE posts blind: 10
UDF1 posts blind: 20
POCKET_D_ACE received [7c Ks]
UDF1 received [8h Js]
POCKET_D_ACE calls
UDF1 raises to 5000
POCKET_D_ACE calls
Flop [Jd 9d Qc], POCKET_D_ACE (5000), UDF1 (5000)
UDF1 bids 0
POCKET_D_ACE bids 0
POCKET_D_ACE won the auction and was revealed [Js]
UDF1 won the auction and was revealed [7c]
Flop [Jd 9d Qc], POCKET_D_ACE (5000), UDF1 (5000)
UDF1 checks
POCKET_D_ACE checks
Turn [Jd 9d Qc Tc], POCKET_D_ACE (5000), UDF1 (5000)
UDF1 checks
POCKET_D_ACE checks
River [Jd 9d Qc Tc 2c], POCKET_D_ACE (5000), UDF1 (5000)
UDF1 checks
POCKET_D_ACE checks
POCKET_D_ACE shows [7c Ks]
UDF1 shows [8h Js]
POCKET_D_ACE awarded 5000
UDF1 awarded -5000

Round #55, UDF1 (85340), POCKET_D_ACE (-85340)
UDF1 posts blind: 10
POCKET_D_ACE posts blind: 20
UDF1 received [Ad 7c]
POCKET_D_ACE received [Qh 8s]
UDF1 raises to 5000
POCKET_D_ACE calls
Flop [4s Jd Td], UDF1 (5000), POCKET_D_ACE (5000)
POCKET_D_ACE bids 0
UDF1 bids 0
UDF1 won the auction and was revealed [8s]
POCKET_D_ACE won the auction and was revealed [Ad]
Flop [4s Jd Td], UDF1 (5000), POCKET_D_ACE (5000)
POCKET_D_ACE checks
UDF1 checks
Turn [4s Jd Td 9d], UDF1 (5000), POCKET_D_ACE (5000)
POCKET_D_ACE checks
UDF1 checks
River [4s Jd Td 9d Qc], UDF1 (5000), POCKET_D_ACE (5000)
POCKET_D_ACE checks
UDF1 checks
UDF1 shows [Ad 7c]
POCKET_D_ACE shows [Qh 8s]
UDF1 awarded -5000
POCKET_D_ACE awarded 5000

Round #56, POCKET_D_ACE (-80340), UDF1 (80340)
POCKET_D_ACE posts blind: 10
UDF1 posts blind: 20
POCKET_D_ACE received [3d 8h]
UDF1 received [7s 9s]
POCKET_D_ACE calls
UDF1 raises to 5000
POCKET_D_ACE folds
POCKET_D_ACE awarded -20
UDF1 awarded 20

Round #57, UDF1 (80360), POCKET_D_ACE (-80360)
UDF1 posts blind: 10
POCKET_D_ACE posts blind: 20
UDF1 received [8d 5d]
POCKET_D_ACE received [9s 7c]
UDF1 raises to 5000
POCKET_D_ACE calls
Flop [2s 7h Qd], UDF1 (5000), POCKET_D_ACE (5000)
POCKET_D_ACE bids 0
UDF1 bids 0
UDF1 won the auction and was revealed [7c]
POCKET_D_ACE won the auction and was revealed [8d]
Flop [2s 7h Qd], UDF1 (5000), POCKET_D_ACE (5000)
POCKET_D_ACE checks
UDF1 checks
Turn [2s 7h Qd Jh], UDF1 (5000), POCKET_D_ACE (5000)
POCKET_D_ACE checks
UDF1 checks
River [2s 7h Qd Jh Tc], UDF1 (5000), POCKET_D_ACE (5000)
POCKET_D_ACE checks
UDF1 checks
UDF1 shows [8d 5d]
POCKET_D_ACE shows [9s 7c]
UDF1 awarded -5000
POCKET_D_ACE awarded 5000

Round #58, POCKET_D_ACE (-75360), UDF1 (75360)
POCKET_D_ACE posts blind: 10
UDF1 posts blind: 20
POCKET_D_ACE received [Td 5d]
UDF1 received [6d 9d]
POCKET_D_ACE calls
UDF1 raises to 5000
POCKET_D_ACE calls
Flop [8s 9h Jh], POCKET_D_ACE (5000), UDF1 (5000)
UDF1 bids 0
POCKET_D_ACE bids 0
POCKET_D_ACE won the auction and was revealed [6d]
UDF1 won the auction and was revealed [Td]
Flop [8s 9h Jh], POCKET_D_ACE (5000), UDF1 (5000)
UDF1 checks
POCKET_D_ACE checks
Turn [8s 9h Jh 7h], POCKET_D_ACE (5000), UDF1 (5000)
UDF1 checks
POCKET_D_ACE checks
River [8s 9h Jh 7h 4c], POCKET_D_ACE (5000), UDF1 (5000)
UDF1 checks
POCKET_D_ACE checks
POCKET_D_ACE shows [Td 5d]
UDF1 shows [6d 9d]
POCKET_D_ACE awarded 5000
UDF1 awarded -5000

Round #59, UDF1 (70360), POCKET_D_ACE (-70360)
UDF1 posts blind: 10
POCKET_D_ACE posts blind: 20
UDF1 received [Ad 3c]
POCKET_D_ACE received [6d 7c]
UDF1 raises to 5000
POCKET_D_ACE calls
Flop [7d Ts 5d], UDF1 (5000), POCKET_D_ACE (5000)
POCKET_D_ACE bids 0
UDF1 bids 0
UDF1 won the auction and was revealed [7c]
POCKET_D_ACE won the auction and was revealed [3c]
Flop [7d Ts 5d], UDF1 (5000), POCKET_D_ACE (5000)
POCKET_D_ACE checks
UDF1 checks
Turn [7d Ts 5d 9h], UDF1 (5000), POCKET_D_ACE (5000)
POCKET_D_ACE checks
UDF1 checks
River [7d Ts 5d 9h Qc], UDF1 (5000), POCKET_D_ACE (5000)
POCKET_D_ACE checks
UDF1 checks
UDF1 shows [Ad 3c]
POCKET_D_ACE shows [6d 7c]
UDF1 awarded -5000
POCKET_D_ACE awarded 5000

Round #60, POCKET_D_ACE (-65360), UDF1 (65360)
POCKET_D_ACE posts blind: 10
UDF1 posts blind: 20
POCKET_D_ACE received [8s 7c]
UDF1 received [Jd Td]
POCKET_D_ACE calls
UDF1 raises to 5000
POCKET_D_ACE calls
Flop [Kc 6c Tc], POCKET_D_ACE (5000), UDF1 (5000)
UDF1 bids 0
POCKET_D_ACE bids 0
POCKET_D_ACE won the auction and was revealed [Jd]
UDF1 won the auction and was revealed [8s]
Flop [Kc 6c Tc], POCKET_D_ACE (5000), UDF1 (5000)
UDF1 checks
POCKET_D_ACE checks
Turn [Kc 6c Tc 4c], POCKET_D_ACE (5000), UDF1 (5000)
UDF1 checks
POCKET_D_ACE checks
River [Kc 6c Tc 4c 2h], POCKET_D_ACE (5000), UDF1 (5000)
UDF1 checks
POCKET_D_ACE checks
POCKET_D_ACE shows [8s 7c]
UDF1 shows [Jd Td]
POCKET_D_ACE awarded 5000
UDF1 awarded -5000

Round #61, UDF1 (60360), POCKET_D_ACE (-60360)
UDF1 posts blind: 10
POCKET_D_ACE posts blind: 20
UDF1 received [6s 6c]
POCKET_D_ACE received [2h 3d]
UDF1 raises to 5000
POCKET_D_ACE folds
UDF1 awarded 20
POCKET_D_ACE awarded -20

Round #62, POCKET_D_ACE (-60380), UDF1 (60380)
POCKET_D_ACE posts blind: 10
UDF1 posts blind: 20
POCKET_D_ACE received [2s 2d]
UDF1 received [Ts Kh]
POCKET_D_ACE calls
UDF1 raises to 5000
POCKET_D_ACE calls
Flop [8c 3d 3s], POCKET_D_ACE (5000), UDF1 (5000)
UDF1 bids 0
POCKET_D_ACE bids 0
POCKET_D_ACE won the auction and was revealed [Ts]
UDF1 won the auction and was revealed [2s]
Flop [8c 3d 3s], POCKET_D_ACE (5000), UDF1 (5000)
UDF1 checks
POCKET_D_ACE checks
Turn [8c 3d 3s 8d], POCKET_D_ACE (5000), UDF1 (5000)
UDF1 checks
POCKET_D_ACE checks
River [8c 3d 3s 8d 4c], POCKET_D_ACE (5000), UDF1 (5000)
UDF1 checks
POCKET_D_ACE checks
POCKET_D_ACE shows [2s 2d]
UDF1 shows [Ts Kh]
POCKET_D_ACE awarded -5000
UDF1 awarded 5000

Round #63, UDF1 (65380), POCKET_D_ACE (-65380)
UDF1 posts blind: 10
POCKET_D_ACE posts blind: 20
UDF1 received [Qh Qs]
POCKET_D_ACE received [As Jd]
UDF1 raises to 5000
POCKET_D_ACE calls
Flop [8s 7s Jc], UDF1 (5000), POCKET_D_ACE (5000)
POCKET_D_ACE bids 0
UDF1 bids 0
UDF1 won the auction and was revealed [As]
POCKET_D_ACE won the auction and was revealed [Qh]
Flop [8s 7s Jc], UDF1 (5000), POCKET_D_ACE (5000)
POCKET_D_ACE checks
UDF1 checks
Turn [8s 7s Jc 7h], UDF1 (5000), POCKET_D_ACE (5000)
POCKET_D_ACE checks
UDF1 checks
River [8s 7s Jc 7h Js], UDF1 (5000), POCKET_D_ACE (5000)
POCKET_D_ACE checks
UDF1 checks
UDF1 shows [Qh Qs]
POCKET_D_ACE shows [As Jd]
UDF1 awarded -5000
POCKET_D_ACE awarded 5000

Round #64, POCKET_D_ACE (-60380), UDF1 (60380)
POCKET_D_ACE posts blind: 10
UDF1 posts blind: 20
POCKET_D_ACE received [4c Tc]
UDF1 received [6s 3s]
POCKET_D_ACE calls
UDF1 raises to 5000
POCKET_D_ACE calls
Flop [Ad 2d 5s], POCKET_D_ACE (5000), UDF1 (5000)
UDF1 bids 0
POCKET_D_ACE bids 0
POCKET_D_ACE won the auction and was revealed [3s]
UDF1 won the auction and was revealed [4c]
Flop [Ad 2d 5s], POCKET_D_ACE (5000), UDF1 (5000)
UDF1 checks
POCKET_D_ACE checks
Turn [Ad 2d 5s 3c], POCKET_D_ACE (5000), UDF1 (5000)
UDF1 checks
POCKET_D_ACE checks
River [Ad 2d 5s 3c 2s], POCKET_D_ACE (5000), UDF1 (5000)
UDF1 checks
POCKET_D_ACE checks
POCKET_D_ACE shows [4c Tc]
UDF1 shows [6s 3s]
POCKET_D_ACE awarded 5000
UDF1 awarded -5000

Round #65, UDF1 (55380), POCKET_D_ACE (-55380)
UDF1 posts blind: 10
POCKET_D_ACE posts blind: 20
UDF1 received [Kd Ts]
POCKET_D_ACE received [4s 9d]
UDF1 raises to 5000
POCKET_D_ACE folds
UDF1 awarded 20
POCKET_D_ACE awarded -20

Round #66, POCKET_D_ACE (-55400), UDF1 (55400)
POCKET_D_ACE posts blind: 10
UDF1 posts blind: 20
POCKET_D_ACE received [Td 9d]
UDF1 received [Qc 5c]
POCKET_D_ACE calls
UDF1 raises to 5000
POCKET_D_ACE calls
Flop [8s Kc 4d], POCKET_D_ACE (5000), UDF1 (5000)
UDF1 bids 0
POCKET_D_ACE bids 0
POCKET_D_ACE won the auction and was revealed [Qc]
UDF1 won the auction and was revealed [Td]
Flop [8s Kc 4d], POCKET_D_ACE (5000), UDF1 (5000)
UDF1 checks
POCKET_D_ACE checks
Turn [8s Kc 4d 4s], POCKET_D_ACE (5000), UDF1 (5000)
UDF1 checks
POCKET_D_ACE checks
River [8s Kc 4d 4s 5h], POCKET_D_ACE (5000), UDF1 (5000)
UDF1 checks
POCKET_D_ACE checks
POCKET_D_ACE shows [Td 9d]
UDF1 shows [Qc 5c]
POCKET_D_ACE awarded -5000
UDF1 awarded 5000

Round #67, UDF1 (60400), POCKET_D_ACE (-60400)
UDF1 posts blind: 10
POCKET_D_ACE posts blind: 20
UDF1 received [6c Qs]
POCKET_D_ACE received [4d Qd]
UDF1 raises to 5000
POCKET_D_ACE calls
Flop [9c 7s 5s], UDF1 (5000), POCKET_D_ACE (5000)
POCKET_D_ACE bids 0
UDF1 bids 0
UDF1 won the auction and was revealed [4d]
POCKET_D_ACE won the auction and was revealed [6c]
Flop [9c 7s 5s], UDF1 (5000), POCKET_D_ACE (5000)
POCKET_D_ACE checks
UDF1 checks
Turn [9c 7s 5s 7h], UDF1 (5000), POCKET_D_ACE (5000)
POCKET_D_ACE checks
UDF1 checks
River [9c 7s 5s 7h Ts], UDF1 (5000), POCKET_D_ACE (5000)
POCKET_D_ACE checks
UDF1 checks
UDF1 shows [6c Qs]
POCKET_D_ACE shows [4d Qd]
UDF1 awarded 0
POCKET_D_ACE awarded 0

Round #68, POCKET_D_ACE (-60400), UDF1 (60400)
POCKET_D_ACE posts blind: 10
UDF1 posts blind: 20
POCKET_D_ACE received [Ks As]
UDF1 received [3d Kh]
POCKET_D_ACE raises to 52
UDF1 raises to 5000
POCKET_D_ACE calls
Flop [Qc 2d Tc], POCKET_D_ACE (5000), UDF1 (5000)
UDF1 bids 0
POCKET_D_ACE bids 0
POCKET_D_ACE won the auction and was revealed [3d]
UDF1 won the auction and was revealed [Ks]
Flop [Qc 2d Tc], POCKET_D_ACE (5000), UDF1 (5000)
UDF1 checks
POCKET_D_ACE checks
Turn [Qc 2d Tc Th], POCKET_D_ACE (5000), UDF1 (5000)
UDF1 checks
POCKET_D_ACE checks
River [Qc 2d Tc Th 6h], POCKET_D_ACE (5000), UDF1 (5000)
UDF1 checks
POCKET_D_ACE checks
POCKET_D_ACE shows [Ks As]
UDF1 shows [3d Kh]
POCKET_D_ACE awarded 5000
UDF1 awarded -5000

Round #69, UDF1 (55400), POCKET_D_ACE (-55400)
UDF1 posts blind: 10
POCKET_D_ACE posts blind: 20
UDF1 received [8h 4s]
POCKET_D_ACE received [6c 2h]
UDF1 raises to 5000
POCKET_D_ACE folds
UDF1 awarded 20
POCKET_D_ACE awarded -20

Round #70, POCKET_D_ACE (-55420), UDF1 (55420)
POCKET_D_ACE posts blind: 10
UDF1 posts blind: 20
POCKET_D_ACE received [Jc 9d]
UDF1 received [8h 5d]
POCKET_D_ACE calls
UDF1 raises to 5000
POCKET_D_ACE calls
Flop [7h Jh 6h], POCKET_D_ACE (5000), UDF1 (5000)
UDF1 bids 0
POCKET_D_ACE bids 0
POCKET_D_ACE won the auction and was revealed [5d]
UDF1 won the auction and was revealed [9d]
Flop [7h Jh 6h], POCKET_D_ACE (5000), UDF1 (5000)
UDF1 checks
POCKET_D_ACE checks
Turn [7h Jh 6h 9s], POCKET_D_ACE (5000), UDF1 (5000)
UDF1 checks
POCKET_D_ACE checks
River [7h Jh 6h 9s 4c], POCKET_D_ACE (5000), UDF1 (5000)
UDF1 checks
POCKET_D_ACE checks
POCKET_D_ACE shows [Jc 9d]
UDF1 shows [8h 5d]
POCKET_D_ACE awarded -5000
UDF1 awarded 5000

Round #71, UDF1 (60420), POCKET_D_ACE (-60420)
UDF1 posts blind: 10
POCKET_D_ACE posts blind: 20
UDF1 received [9h Qs]
POCKET_D_ACE received [2s 6c]
UDF1 raises to 5000
POCKET_D_ACE folds
UDF1 awarded 20
POCKET_D_ACE awarded -20

Round #72, POCKET_D_ACE (-60440), UDF1 (60440)
POCKET_D_ACE posts blind: 10
UDF1 posts blind: 20
POCKET_D_ACE received [As 9s]
UDF1 received [8h Ks]
POCKET_D_ACE calls
UDF1 raises to 5000
POCKET_D_ACE calls
Flop [5c 4h 8d], POCKET_D_ACE (5000), UDF1 (5000)
UDF1 bids 0
POCKET_D_ACE bids 0
POCKET_D_ACE won the auction and was revealed [8h]
UDF1 won the auction and was revealed [9s]
Flop [5c 4h 8d], POCKET_D_ACE (5000), UDF1 (5000)
UDF1 checks
POCKET_D_ACE checks
Turn [5c 4h 8d 5s], POCKET_D_ACE (5000), UDF1 (5000)
UDF1 checks
POCKET_D_ACE checks
River [5c 4h 8d 5s Th], POCKET_D_ACE (5000), UDF1 (5000)
UDF1 checks
POCKET_D_ACE checks
POCKET_D_ACE shows [As 9s]
UDF1 shows [8h Ks]
POCKET_D_ACE awarded -5000
UDF1 awarded 5000

Round #73, UDF1 (65440), POCKET_D_ACE (-65440)
UDF1 posts blind: 10
POCKET_D_ACE posts blind: 20
UDF1 received [2d 3s]
POCKET_D_ACE received [9d 9h]
UDF1 raises to 5000
POCKET_D_ACE calls
Flop [4h 8d 5h], UDF1 (5000), POCKET_D_ACE (5000)
POCKET_D_ACE bids 0
UDF1 bids 0
UDF1 won the auction and was revealed [9h]
POCKET_D_ACE won the auction and was revealed [3s]
Flop [4h 8d 5h], UDF1 (5000), POCKET_D_ACE (5000)
POCKET_D_ACE checks
UDF1 checks
Turn [4h 8d 5h Jc], UDF1 (5000), POCKET_D_ACE (5000)
POCKET_D_ACE checks
UDF1 checks
River [4h 8d 5h Jc 2s], UDF1 (5000), POCKET_D_ACE (5000)
POCKET_D_ACE checks
UDF1 checks
UDF1 shows [2d 3s]
POCKET_D_ACE shows [9d 9h]
UDF1 awarded -5000
POCKET_D_ACE awarded 5000

Round #74, POCKET_D_ACE (-60440), UDF1 (60440)
POCKET_D_ACE posts blind: 10
UDF1 posts blind: 20
POCKET_D_ACE received [Jh 4h]
UDF1 received [Ks Qd]
POCKET_D_ACE calls
UDF1 raises to 5000
POCKET_D_ACE calls
Flop [9d 2s 8h], POCKET_D_ACE (5000), UDF1 (5000)
UDF1 bids 0
POCKET_D_ACE bids 0
POCKET_D_ACE won the auction and was revealed [Qd]
UDF1 won the auction and was revealed [4h]
Flop [9d 2s 8h], POCKET_D_ACE (5000), UDF1 (5000)
UDF1 checks
POCKET_D_ACE checks
Turn [9d 2s 8h 5s], POCKET_D_ACE (5000), UDF1 (5000)
UDF1 checks
POCKET_D_ACE checks
River [9d 2s 8h 5s 7h], POCKET_D_ACE (5000), UDF1 (5000)
UDF1 checks
POCKET_D_ACE checks
POCKET_D_ACE shows [Jh 4h]
UDF1 shows [Ks Qd]
POCKET_D_ACE awarded -5000
UDF1 awarded 5000

Round #75, UDF1 (65440), POCKET_D_ACE (-65440)
UDF1 posts blind: 10
POCKET_D_ACE posts blind: 20
UDF1 received [9s Jh]
POCKET_D_ACE received [As 5s]
UDF1 raises to 5000
POCKET_D_ACE calls
Flop [Ah Ad 4h], UDF1 (5000), POCKET_D_ACE (5000)
POCKET_D_ACE bids 0
UDF1 bids 0
UDF1 won the auction and was revealed [As]
POCKET_D_ACE won the auction and was revealed [Jh]
Flop [Ah Ad 4h], UDF1 (5000), POCKET_D_ACE (5000)
POCKET_D_ACE checks
UDF1 checks
Turn [Ah Ad 4h 8h], UDF1 (5000), POCKET_D_ACE (5000)
POCKET_D_ACE checks
UDF1 checks
River [Ah Ad 4h 8h Tc], UDF1 (5000), POCKET_D_ACE (5000)
POCKET_D_ACE checks
UDF1 checks
UDF1 shows [9s Jh]
POCKET_D_ACE shows [As 5s]
UDF1 awarded -5000
POCKET_D_ACE awarded 5000

Round #76, POCKET_D_ACE (-60440), UDF1 (60440)
POCKET_D_ACE posts blind: 10
UDF1 posts blind: 20
POCKET_D_ACE received [2d 4s]
UDF1 received [4c 9s]
POCKET_D_ACE folds
POCKET_D_ACE awarded -10
UDF1 awarded 10

Round #77, UDF1 (60450), POCKET_D_ACE (-60450)
UDF1 posts blind: 10
POCKET_D_ACE posts blind: 20
UDF1 received [6c Ac]
POCKET_D_ACE received [Th Ks]
UDF1 raises to 5000
POCKET_D_ACE calls
Flop [9s Ts Jd], UDF1 (5000), POCKET_D_ACE (5000)
POCKET_D_ACE bids 0
UDF1 bids 0
UDF1 won the auction and was revealed [Th]
POCKET_D_ACE won the auction and was revealed [Ac]
Flop [9s Ts Jd], UDF1 (5000), POCKET_D_ACE (5000)
POCKET_D_ACE checks
UDF1 checks
Turn [9s Ts Jd 5c], UDF1 (5000), POCKET_D_ACE (5000)
POCKET_D_ACE checks
UDF1 checks
River [9s Ts Jd 5c Js], UDF1 (5000), POCKET_D_ACE (5000)
POCKET_D_ACE checks
UDF1 checks
UDF1 shows [6c Ac]
POCKET_D_ACE shows [Th Ks]
UDF1 awarded -5000
POCKET_D_ACE awarded 5000

Round #78, POCKET_D_ACE (-55450), UDF1 (55450)
POCKET_D_ACE posts blind: 10
UDF1 posts blind: 20
POCKET_D_ACE received [3s 5h]
UDF1 received [3d Ts]
POCKET_D_ACE folds
POCKET_D_ACE awarded -10
UDF1 awarded 10

Round #79, UDF1 (55460), POCKET_D_ACE (-55460)
UDF1 posts blind: 10
POCKET_D_ACE posts blind: 20
UDF1 received [4h 8d]
POCKET_D_ACE received [5s Ts]
UDF1 raises to 5000
POCKET_D_ACE calls
Flop [6d 8c 7c], UDF1 (5000), POCKET_D_ACE (5000)
POCKET_D_ACE bids 0
UDF1 bids 0
UDF1 won the auction and was revealed [Ts]
POCKET_D_ACE won the auction and was revealed [8d]
Flop [6d 8c 7c], UDF1 (5000), POCKET_D_ACE (5000)
POCKET_D_ACE checks
UDF1 checks
Turn [6d 8c 7c 3h], UDF1 (5000), POCKET_D_ACE (5000)
POCKET_D_ACE checks
UDF1 checks
River [6d 8c 7c 3h 9s], UDF1 (5000), POCKET_D_ACE (5000)
POCKET_D_ACE checks
UDF1 checks
UDF1 shows [4h 8d]
POCKET_D_ACE shows [5s Ts]
UDF1 awarded -5000
POCKET_D_ACE awarded 5000

Round #80, POCKET_D_ACE (-50460), UDF1 (50460)
POCKET_D_ACE posts blind: 10
UDF1 posts blind: 20
POCKET_D_ACE received [7d Qs]
UDF1 received [As 7c]
POCKET_D_ACE calls
UDF1 raises to 5000
POCKET_D_ACE calls
Flop [6d 2s 9d], POCKET_D_ACE (5000), UDF1 (5000)
UDF1 bids 0
POCKET_D_ACE bids 0
POCKET_D_ACE won the auction and was revealed [7c]
UDF1 won the auction and was revealed [7d]
Flop [6d 2s 9d], POCKET_D_ACE (5000), UDF1 (5000)
UDF1 checks
POCKET_D_ACE checks
Turn [6d 2s 9d Ah], POCKET_D_ACE (5000), UDF1 (5000)
UDF1 checks
POCKET_D_ACE checks
River [6d 2s 9d Ah 8h], POCKET_D_ACE (5000), UDF1 (5000)
UDF1 checks
POCKET_D_ACE checks
POCKET_D_ACE shows [7d Qs]
UDF1 shows [As 7c]
POCKET_D_ACE awarded -5000
UDF1 awarded 5000

Round #81, UDF1 (55460), POCKET_D_ACE (-55460)
UDF1 posts blind: 10
POCKET_D_ACE posts blind: 20
UDF1 received [8h 8c]
POCKET_D_ACE received [7c 9s]
UDF1 raises to 5000
POCKET_D_ACE calls
Flop [2s 6s 4h], UDF1 (5000), POCKET_D_ACE (5000)
POCKET_D_ACE bids 0
UDF1 bids 0
UDF1 won the auction and was revealed [9s]
POCKET_D_ACE won the auction and was revealed [8c]
Flop [2s 6s 4h], UDF1 (5000), POCKET_D_ACE (5000)
POCKET_D_ACE checks
UDF1 checks
Turn [2s 6s 4h 5s], UDF1 (5000), POCKET_D_ACE (5000)
POCKET_D_ACE checks
UDF1 checks
River [2s 6s 4h 5s 8d], UDF1 (5000), POCKET_D_ACE (5000)
POCKET_D_ACE checks
UDF1 checks
UDF1 shows [8h 8c]
POCKET_D_ACE shows [7c 9s]
UDF1 awarded -5000
POCKET_D_ACE awarded 5000

Round #82, POCKET_D_ACE (-50460), UDF1 (50460)
POCKET_D_ACE posts blind: 10
UDF1 posts blind: 20
POCKET_D_ACE received [Qh 6c]
UDF1 received [6h Kh]
POCKET_D_ACE calls
UDF1 raises to 5000
POCKET_D_ACE calls
Flop [4h Tc Ac], POCKET_D_ACE (5000), UDF1 (5000)
UDF1 bids 0
POCKET_D_ACE bids 0
POCKET_D_ACE won the auction and was revealed [Kh]
UDF1 won the auction and was revealed [6c]
Flop [4h Tc Ac], POCKET_D_ACE (5000), UDF1 (5000)
UDF1 checks
POCKET_D_ACE checks
Turn [4h Tc Ac 2d], POCKET_D_ACE (5000), UDF1 (5000)
UDF1 checks
POCKET_D_ACE checks
River [4h Tc Ac 2d 2c], POCKET_D_ACE (5000), UDF1 (5000)
UDF1 checks
POCKET_D_ACE checks
POCKET_D_ACE shows [Qh 6c]
UDF1 shows [6h Kh]
POCKET_D_ACE awarded -5000
UDF1 awarded 5000

Round #83, UDF1 (55460), POCKET_D_ACE (-55460)
UDF1 posts blind: 10
POCKET_D_ACE posts blind: 20
UDF1 received [As Jh]
POCKET_D_ACE received [7s 2d]
UDF1 raises to 5000
POCKET_D_ACE folds
UDF1 awarded 20
POCKET_D_ACE awarded -20

Round #84, POCKET_D_ACE (-55480), UDF1 (55480)
POCKET_D_ACE posts blind: 10
UDF1 posts blind: 20
POCKET_D_ACE received [7c 6d]
UDF1 received [Kc 4h]
POCKET_D_ACE calls
UDF1 raises to 5000
POCKET_D_ACE calls
Flop [5d Ah 6s], POCKET_D_ACE (5000), UDF1 (5000)
UDF1 bids 0
POCKET_D_ACE bids 0
POCKET_D_ACE won the auction and was revealed [Kc]
UDF1 won the auction and was revealed [7c]
Flop [5d Ah 6s], POCKET_D_ACE (5000), UDF1 (5000)
UDF1 checks
POCKET_D_ACE checks
Turn [5d Ah 6s 2h], POCKET_D_ACE (5000), UDF1 (5000)
UDF1 checks
POCKET_D_ACE checks
River [5d Ah 6s 2h 7s], POCKET_D_ACE (5000), UDF1 (5000)
UDF1 checks
POCKET_D_ACE checks
POCKET_D_ACE shows [7c 6d]
UDF1 shows [Kc 4h]
POCKET_D_ACE awarded 5000
UDF1 awarded -5000

Round #85, UDF1 (50480), POCKET_D_ACE (-50480)
UDF1 posts blind: 10
POCKET_D_ACE posts blind: 20
UDF1 received [8s Ah]
POCKET_D_ACE received [Kc 2d]
UDF1 raises to 5000
POCKET_D_ACE folds
UDF1 awarded 20
POCKET_D_ACE awarded -20

Round #86, POCKET_D_ACE (-50500), UDF1 (50500)
POCKET_D_ACE posts blind: 10
UDF1 posts blind: 20
POCKET_D_ACE received [Th 4s]
UDF1 received [2s Kc]
POCKET_D_ACE calls
UDF1 raises to 5000
POCKET_D_ACE folds
POCKET_D_ACE awarded -20
UDF1 awarded 20

Round #87, UDF1 (50520), POCKET_D_ACE (-50520)
UDF1 posts blind: 10
POCKET_D_ACE posts blind: 20
UDF1 received [Ts 8c]
POCKET_D_ACE received [5s 7s]
UDF1 raises to 5000
POCKET_D_ACE calls
Flop [5d 7h Ah], UDF1 (5000), POCKET_D_ACE (5000)
POCKET_D_ACE bids 0
UDF1 bids 0
UDF1 won the auction and was revealed [7s]
POCKET_D_ACE won the auction and was revealed [8c]
Flop [5d 7h Ah], UDF1 (5000), POCKET_D_ACE (5000)
POCKET_D_ACE checks
UDF1 checks
Turn [5d 7h Ah 9d], UDF1 (5000), POCKET_D_ACE (5000)
POCKET_D_ACE checks
UDF1 checks
River [5d 7h Ah 9d 3c], UDF1 (5000), POCKET_D_ACE (5000)
POCKET_D_ACE checks
UDF1 checks
UDF1 shows [Ts 8c]
POCKET_D_ACE shows [5s 7s]
UDF1 awarded -5000
POCKET_D_ACE awarded 5000

Round #88, POCKET_D_ACE (-45520), UDF1 (45520)
POCKET_D_ACE posts blind: 10
UDF1 posts blind: 20
POCKET_D_ACE received [Ks Qc]
UDF1 received [5d Ts]
POCKET_D_ACE calls
UDF1 raises to 5000
POCKET_D_ACE calls
Flop [Td Th Js], POCKET_D_ACE (5000), UDF1 (5000)
UDF1 bids 0
POCKET_D_ACE bids 0
POCKET_D_ACE won the auction and was revealed [5d]
UDF1 won the auction and was revealed [Qc]
Flop [Td Th Js], POCKET_D_ACE (5000), UDF1 (5000)
UDF1 checks
POCKET_D_ACE checks
Turn [Td Th Js 6d], POCKET_D_ACE (5000), UDF1 (5000)
UDF1 checks
POCKET_D_ACE checks
River [Td Th Js 6d 8c], POCKET_D_ACE (5000), UDF1 (5000)
UDF1 checks
POCKET_D_ACE checks
POCKET_D_ACE shows [Ks Qc]
UDF1 shows [5d Ts]
POCKET_D_ACE awarded -5000
UDF1 awarded 5000

Round #89, UDF1 (50520), POCKET_D_ACE (-50520)
UDF1 posts blind: 10
POCKET_D_ACE posts blind: 20
UDF1 received [Qh 6h]
POCKET_D_ACE received [9s 6d]
UDF1 raises to 5000
POCKET_D_ACE calls
Flop [2s Tc 4c], UDF1 (5000), POCKET_D_ACE (5000)
POCKET_D_ACE bids 0
UDF1 bids 0
UDF1 won the auction and was revealed [6d]
POCKET_D_ACE won the auction and was revealed [6h]
Flop [2s Tc 4c], UDF1 (5000), POCKET_D_ACE (5000)
POCKET_D_ACE checks
UDF1 checks
Turn [2s Tc 4c 9d], UDF1 (5000), POCKET_D_ACE (5000)
POCKET_D_ACE checks
UDF1 checks
River [2s Tc 4c 9d Jd], UDF1 (5000), POCKET_D_ACE (5000)
POCKET_D_ACE checks
UDF1 checks
UDF1 shows [Qh 6h]
POCKET_D_ACE shows [9s 6d]
UDF1 awarded -5000
POCKET_D_ACE awarded 5000

Round #90, POCKET_D_ACE (-45520), UDF1 (45520)
POCKET_D_ACE posts blind: 10
UDF1 posts blind: 20
POCKET_D_ACE received [7c 2d]
UDF1 received [9d 8d]
POCKET_D_ACE calls
UDF1 raises to 5000
POCKET_D_ACE folds
POCKET_D_ACE awarded -20
UDF1 awarded 20

Round #91, UDF1 (45540), POCKET_D_ACE (-45540)
UDF1 posts blind: 10
POCKET_D_ACE posts blind: 20
UDF1 received [9s 4c]
POCKET_D_ACE received [Jd Kc]
UDF1 raises to 5000
POCKET_D_ACE calls
Flop [9h 5s Ad], UDF1 (5000), POCKET_D_ACE (5000)
POCKET_D_ACE bids 0
UDF1 bids 0
UDF1 won the auction and was revealed [Kc]
POCKET_D_ACE won the auction and was revealed [9s]
Flop [9h 5s Ad], UDF1 (5000), POCKET_D_ACE (5000)
POCKET_D_ACE checks
UDF1 checks
Turn [9h 5s Ad Kh], UDF1 (5000), POCKET_D_ACE (5000)
POCKET_D_ACE checks
UDF1 checks
River [9h 5s Ad Kh Qs], UDF1 (5000), POCKET_D_ACE (5000)
POCKET_D_ACE checks
UDF1 checks
UDF1 shows [9s 4c]
POCKET_D_ACE shows [Jd Kc]
UDF1 awarded -5000
POCKET_D_ACE awarded 5000

Round #92, POCKET_D_ACE (-40540), UDF1 (40540)
POCKET_D_ACE posts blind: 10
UDF1 posts blind: 20
POCKET_D_ACE received [6s Tc]
UDF1 received [Qh 4h]
POCKET_D_ACE calls
UDF1 raises to 5000
POCKET_D_ACE calls
Flop [Th 5h 2c], POCKET_D_ACE (5000), UDF1 (5000)
UDF1 bids 0
POCKET_D_ACE bids 0
POCKET_D_ACE won the auction and was revealed [Qh]
UDF1 won the auction and was revealed [6s]
Flop [Th 5h 2c], POCKET_D_ACE (5000), UDF1 (5000)
UDF1 checks
POCKET_D_ACE checks
Turn [Th 5h 2c Jc], POCKET_D_ACE (5000), UDF1 (5000)
UDF1 checks
POCKET_D_ACE checks
River [Th 5h 2c Jc Ah], POCKET_D_ACE (5000), UDF1 (5000)
UDF1 checks
POCKET_D_ACE checks
POCKET_D_ACE shows [6s Tc]
UDF1 shows [Qh 4h]
POCKET_D_ACE awarded -5000
UDF1 awarded 5000

Round #93, UDF1 (45540), POCKET_D_ACE (-45540)
UDF1 posts blind: 10
POCKET_D_ACE posts blind: 20
UDF1 received [Js 4h]
POCKET_D_ACE received [3s Ts]
UDF1 raises to 5000
POCKET_D_ACE folds
UDF1 awarded 20
POCKET_D_ACE awarded -20

Round #94, POCKET_D_ACE (-45560), UDF1 (45560)
POCKET_D_ACE posts blind: 10
UDF1 posts blind: 20
POCKET_D_ACE received [5s As]
UDF1 received [4c Th]
POCKET_D_ACE calls
UDF1 raises to 5000
POCKET_D_ACE calls
Flop [7s 3h 4d], POCKET_D_ACE (5000), UDF1 (5000)
UDF1 bids 0
POCKET_D_ACE bids 0
POCKET_D_ACE won the auction and was revealed [Th]
UDF1 won the auction and was revealed [5s]
Flop [7s 3h 4d], POCKET_D_ACE (5000), UDF1 (5000)
UDF1 checks
POCKET_D_ACE checks
Turn [7s 3h 4d Qd], POCKET_D_ACE (5000), UDF1 (5000)
UDF1 checks
POCKET_D_ACE checks
River [7s 3h 4d Qd 8c], POCKET_D_ACE (5000), UDF1 (5000)
UDF1 checks
POCKET_D_ACE checks
POCKET_D_ACE shows [5s As]
UDF1 shows [4c Th]
POCKET_D_ACE awarded -5000
UDF1 awarded 5000

Round #95, UDF1 (50560), POCKET_D_ACE (-50560)
UDF1 posts blind: 10
POCKET_D_ACE posts blind: 20
UDF1 received [7c Qs]
POCKET_D_ACE received [Jc Ad]
UDF1 raises to 5000
POCKET_D_ACE calls
Flop [4d 5h 4c], UDF1 (5000), POCKET_D_ACE (5000)
POCKET_D_ACE bids 0
UDF1 bids 0
UDF1 won the auction and was revealed [Jc]
POCKET_D_ACE won the auction and was revealed [7c]
Flop [4d 5h 4c], UDF1 (5000), POCKET_D_ACE (5000)
POCKET_D_ACE checks
UDF1 checks
Turn [4d 5h 4c 8h], UDF1 (5000), POCKET_D_ACE (5000)
POCKET_D_ACE checks
UDF1 checks
River [4d 5h 4c 8h Ah], UDF1 (5000), POCKET_D_ACE (5000)
POCKET_D_ACE checks
UDF1 checks
UDF1 shows [7c Qs]
POCKET_D_ACE shows [Jc Ad]
UDF1 awarded -5000
POCKET_D_ACE awarded 5000

Round #96, POCKET_D_ACE (-45560), UDF1 (45560)
POCKET_D_ACE posts blind: 10
UDF1 posts blind: 20
POCKET_D_ACE received [9c 3s]
UDF1 received [Ad 7d]
POCKET_D_ACE calls
UDF1 raises to 5000
POCKET_D_ACE folds
POCKET_D_ACE awarded -20
UDF1 awarded 20

Round #97, UDF1 (45580), POCKET_D_ACE (-45580)
UDF1 posts blind: 10
POCKET_D_ACE posts blind: 20
UDF1 received [Ad 8d]
POCKET_D_ACE received [As Qc]
UDF1 raises to 5000
POCKET_D_ACE calls
Flop [3s 2c 6d], UDF1 (5000), POCKET_D_ACE (5000)
POCKET_D_ACE bids 0
UDF1 bids 0
UDF1 won the auction and was revealed [As]
POCKET_D_ACE won the auction and was revealed [8d]
Flop [3s 2c 6d], UDF1 (5000), POCKET_D_ACE (5000)
POCKET_D_ACE checks
UDF1 checks
Turn [3s 2c 6d Kc], UDF1 (5000), POCKET_D_ACE (5000)
POCKET_D_ACE checks
UDF1 checks
River [3s 2c 6d Kc 7h], UDF1 (5000), POCKET_D_ACE (5000)
POCKET_D_ACE checks
UDF1 checks
UDF1 shows [Ad 8d]
POCKET_D_ACE shows [As Qc]
UDF1 awarded -5000
POCKET_D_ACE awarded 5000

Round #98, POCKET_D_ACE (-40580), UDF1 (40580)
POCKET_D_ACE posts blind: 10
UDF1 posts blind: 20
POCKET_D_ACE received [7h 5h]
UDF1 received [As Ts]
POCKET_D_ACE calls
UDF1 raises to 5000
POCKET_D_ACE calls
Flop [Qs 3d 4c], POCKET_D_ACE (5000), UDF1 (5000)
UDF1 bids 0
POCKET_D_ACE bids 0
POCKET_D_ACE won the auction and was revealed [Ts]
UDF1 won the auction and was revealed [7h]
Flop [Qs 3d 4c], POCKET_D_ACE (5000), UDF1 (5000)
UDF1 checks
POCKET_D_ACE checks
Turn [Qs 3d 4c Kc], POCKET_D_ACE (5000), UDF1 (5000)
UDF1 checks
POCKET_D_ACE checks
River [Qs 3d 4c Kc 2d], POCKET_D_ACE (5000), UDF1 (5000)
UDF1 checks
POCKET_D_ACE checks
POCKET_D_ACE shows [7h 5h]
UDF1 shows [As Ts]
POCKET_D_ACE awarded -5000
UDF1 awarded 5000

Round #99, UDF1 (45580), POCKET_D_ACE (-45580)
UDF1 posts blind: 10
POCKET_D_ACE posts blind: 20
UDF1 received [Td 2h]
POCKET_D_ACE received [9h 3d]
UDF1 raises to 5000
POCKET_D_ACE folds
UDF1 awarded 20
POCKET_D_ACE awarded -20

Round #100, POCKET_D_ACE (-45600), UDF1 (45600)
POCKET_D_ACE posts blind: 10
UDF1 posts blind: 20
POCKET_D_ACE received [9s 8h]
UDF1 received [5h 6h]
POCKET_D_ACE calls
UDF1 raises to 5000
POCKET_D_ACE calls
Flop [Ah 5c Ad], POCKET_D_ACE (5000), UDF1 (5000)
UDF1 bids 0
POCKET_D_ACE bids 0
POCKET_D_ACE won the auction and was revealed [5h]
UDF1 won the auction and was revealed [9s]
Flop [Ah 5c Ad], POCKET_D_ACE (5000), UDF1 (5000)
UDF1 checks
POCKET_D_ACE checks
Turn [Ah 5c Ad 8d], POCKET_D_ACE (5000), UDF1 (5000)
UDF1 checks
POCKET_D_ACE checks
River [Ah 5c Ad 8d 2c], POCKET_D_ACE (5000), UDF1 (5000)
UDF1 checks
POCKET_D_ACE checks
POCKET_D_ACE shows [9s 8h]
UDF1 shows [5h 6h]
POCKET_D_ACE awarded 5000
UDF1 awarded -5000

Round #101, UDF1 (40600), POCKET_D_ACE (-40600)
UDF1 posts blind: 10
POCKET_D_ACE posts blind: 20
UDF1 received [6c 4c]
POCKET_D_ACE received [Ts Qh]
UDF1 raises to 5000
POCKET_D_ACE calls
Flop [6s 4s 3s], UDF1 (5000), POCKET_D_ACE (5000)
POCKET_D_ACE bids 0
UDF1 bids 0
UDF1 won the auction and was revealed [Ts]
POCKET_D_ACE won the auction and was revealed [4c]
Flop [6s 4s 3s], UDF1 (5000), POCKET_D_ACE (5000)
POCKET_D_ACE checks
UDF1 checks
Turn [6s 4s 3s Ac], UDF1 (5000), POCKET_D_ACE (5000)
POCKET_D_ACE checks
UDF1 checks
River [6s 4s 3s Ac Qc], UDF1 (5000), POCKET_D_ACE (5000)
POCKET_D_ACE checks
UDF1 checks
UDF1 shows [6c 4c]
POCKET_D_ACE shows [Ts Qh]
UDF1 awarded 5000
POCKET_D_ACE awarded -5000

Round #102, POCKET_D_ACE (-45600), UDF1 (45600)
POCKET_D_ACE posts blind: 10
UDF1 posts blind: 20
POCKET_D_ACE received [Th 8c]
UDF1 received [Ac Kd]
POCKET_D_ACE calls
UDF1 raises to 5000
POCKET_D_ACE calls
Flop [6c 2h Kh], POCKET_D_ACE (5000), UDF1 (5000)
UDF1 bids 0
POCKET_D_ACE bids 0
POCKET_D_ACE won the auction and was revealed [Ac]
UDF1 won the auction and was revealed [8c]
Flop [6c 2h Kh], POCKET_D_ACE (5000), UDF1 (5000)
UDF1 checks
POCKET_D_ACE checks
Turn [6c 2h Kh 9h], POCKET_D_ACE (5000), UDF1 (5000)
UDF1 checks
POCKET_D_ACE checks
River [6c 2h Kh 9h 4c], POCKET_D_ACE (5000), UDF1 (5000)
UDF1 checks
POCKET_D_ACE checks
POCKET_D_ACE shows [Th 8c]
UDF1 shows [Ac Kd]
POCKET_D_ACE awarded -5000
UDF1 awarded 5000

Round #103, UDF1 (50600), POCKET_D_ACE (-50600)
UDF1 posts blind: 10
POCKET_D_ACE posts blind: 20
UDF1 received [3d 8d]
POCKET_D_ACE received [Jh Th]
UDF1 raises to 5000
POCKET_D_ACE calls
Flop [6s Qc 2h], UDF1 (5000), POCKET_D_ACE (5000)
POCKET_D_ACE bids 0
UDF1 bids 0
UDF1 won the auction and was revealed [Th]
POCKET_D_ACE won the auction and was revealed [8d]
Flop [6s Qc 2h], UDF1 (5000), POCKET_D_ACE (5000)
POCKET_D_ACE checks
UDF1 checks
Turn [6s Qc 2h 9h], UDF1 (5000), POCKET_D_ACE (5000)
POCKET_D_ACE checks
UDF1 checks
River [6s Qc 2h 9h 6h], UDF1 (5000), POCKET_D_ACE (5000)
POCKET_D_ACE checks
UDF1 checks
UDF1 shows [3d 8d]
POCKET_D_ACE shows [Jh Th]
UDF1 awarded -5000
POCKET_D_ACE awarded 5000

Round #104, POCKET_D_ACE (-45600), UDF1 (45600)
POCKET_D_ACE posts blind: 10
UDF1 posts blind: 20
POCKET_D_ACE received [2h 2c]
UDF1 received [5s 7s]
POCKET_D_ACE calls
UDF1 raises to 5000
POCKET_D_ACE calls
Flop [Jh 9h Ts], POCKET_D_ACE (5000), UDF1 (5000)
UDF1 bids 0
POCKET_D_ACE bids 0
POCKET_D_ACE won the auction and was revealed [7s]
UDF1 won the auction and was revealed [2c]
Flop [Jh 9h Ts], POCKET_D_ACE (5000), UDF1 (5000)
UDF1 checks
POCKET_D_ACE checks
Turn [Jh 9h Ts 3h], POCKET_D_ACE (5000), UDF1 (5000)
UDF1 checks
POCKET_D_ACE checks
River [Jh 9h Ts 3h 9s], POCKET_D_ACE (5000), UDF1 (5000)
UDF1 checks
POCKET_D_ACE checks
POCKET_D_ACE shows [2h 2c]
UDF1 shows [5s 7s]
POCKET_D_ACE awarded 5000
UDF1 awarded -5000

Round #105, UDF1 (40600), POCKET_D_ACE (-40600)
UDF1 posts blind: 10
POCKET_D_ACE posts blind: 20
UDF1 received [2d 6c]
POCKET_D_ACE received [5h Jh]
UDF1 raises to 5000
POCKET_D_ACE calls
Flop [Jc 8d 6d], UDF1 (5000), POCKET_D_ACE (5000)
POCKET_D_ACE bids 0
UDF1 bids 0
UDF1 won the auction and was revealed [5h]
POCKET_D_ACE won the auction and was revealed [2d]
Flop [Jc 8d 6d], UDF1 (5000), POCKET_D_ACE (5000)
POCKET_D_ACE checks
UDF1 checks
Turn [Jc 8d 6d Qh], UDF1 (5000), POCKET_D_ACE (5000)
POCKET_D_ACE checks
UDF1 checks
River [Jc 8d 6d Qh 4d], UDF1 (5000), POCKET_D_ACE (5000)
POCKET_D_ACE checks
UDF1 checks
UDF1 shows [2d 6c]
POCKET_D_ACE shows [5h Jh]
UDF1 awarded -5000
POCKET_D_ACE awarded 5000

Round #106, POCKET_D_ACE (-35600), UDF1 (35600)
POCKET_D_ACE posts blind: 10
UDF1 posts blind: 20
POCKET_D_ACE received [4h 7s]
UDF1 received [5s 6d]
POCKET_D_ACE calls
UDF1 raises to 5000
POCKET_D_ACE folds
POCKET_D_ACE awarded -20
UDF1 awarded 20

Round #107, UDF1 (35620), POCKET_D_ACE (-35620)
UDF1 posts blind: 10
POCKET_D_ACE posts blind: 20
UDF1 received [Ts Qd]
POCKET_D_ACE received [Jd 2d]
UDF1 raises to 5000
POCKET_D_ACE folds
UDF1 awarded 20
POCKET_D_ACE awarded -20

Round #108, POCKET_D_ACE (-35640), UDF1 (35640)
POCKET_D_ACE posts blind: 10
UDF1 posts blind: 20
POCKET_D_ACE received [4s 5d]
UDF1 received [8s 2h]
POCKET_D_ACE folds
POCKET_D_ACE awarded -10
UDF1 awarded 10

Round #109, UDF1 (35650), POCKET_D_ACE (-35650)
UDF1 posts blind: 10
POCKET_D_ACE posts blind: 20
UDF1 received [Qc 8h]
POCKET_D_ACE received [8c 5c]
UDF1 raises to 5000
POCKET_D_ACE calls
Flop [4h 6s Ts], UDF1 (5000), POCKET_D_ACE (5000)
POCKET_D_ACE bids 0
UDF1 bids 0
UDF1 won the auction and was revealed [8c]
POCKET_D_ACE won the auction and was revealed [Qc]
Flop [4h 6s Ts], UDF1 (5000), POCKET_D_ACE (5000)
POCKET_D_ACE checks
UDF1 checks
Turn [4h 6s Ts Ac], UDF1 (5000), POCKET_D_ACE (5000)
POCKET_D_ACE checks
UDF1 checks
River [4h 6s Ts Ac Qh], UDF1 (5000), POCKET_D_ACE (5000)
POCKET_D_ACE checks
UDF1 checks
UDF1 shows [Qc 8h]
POCKET_D_ACE shows [8c 5c]
UDF1 awarded 5000
POCKET_D_ACE awarded -5000

Round #110, POCKET_D_ACE (-40650), UDF1 (40650)
POCKET_D_ACE posts blind: 10
UDF1 posts blind: 20
POCKET_D_ACE received [8d 7d]
UDF1 received [2h 7s]
POCKET_D_ACE calls
UDF1 raises to 5000
POCKET_D_ACE calls
Flop [Ad 5c Qs], POCKET_D_ACE (5000), UDF1 (5000)
UDF1 bids 0
POCKET_D_ACE bids 0
POCKET_D_ACE won the auction and was revealed [2h]
UDF1 won the auction and was revealed [7d]
Flop [Ad 5c Qs], POCKET_D_ACE (5000), UDF1 (5000)
UDF1 checks
POCKET_D_ACE checks
Turn [Ad 5c Qs 4d], POCKET_D_ACE (5000), UDF1 (5000)
UDF1 checks
POCKET_D_ACE checks
River [Ad 5c Qs 4d 9h], POCKET_D_ACE (5000), UDF1 (5000)
UDF1 checks
POCKET_D_ACE checks
POCKET_D_ACE shows [8d 7d]
UDF1 shows [2h 7s]
POCKET_D_ACE awarded 5000
UDF1 awarded -5000

Round #111, UDF1 (35650), POCKET_D_ACE (-35650)
UDF1 posts blind: 10
POCKET_D_ACE posts blind: 20
UDF1 received [7c 6d]
POCKET_D_ACE received [3s 5d]
UDF1 raises to 5000
POCKET_D_ACE folds
UDF1 awarded 20
POCKET_D_ACE awarded -20

Round #112, POCKET_D_ACE (-35670), UDF1 (35670)
POCKET_D_ACE posts blind: 10
UDF1 posts blind: 20
POCKET_D_ACE received [As Ad]
UDF1 received [9c Qd]
POCKET_D_ACE raises to 58
UDF1 raises to 5000
POCKET_D_ACE calls
Flop [4d 8d 4s], POCKET_D_ACE (5000), UDF1 (5000)
UDF1 bids 0
POCKET_D_ACE bids 0
POCKET_D_ACE won the auction and was revealed [9c]
UDF1 won the auction and was revealed [As]
Flop [4d 8d 4s], POCKET_D_ACE (5000), UDF1 (5000)
UDF1 checks
POCKET_D_ACE checks
Turn [4d 8d 4s 2d], POCKET_D_ACE (5000), UDF1 (5000)
UDF1 checks
POCKET_D_ACE checks
River [4d 8d 4s 2d 6c], POCKET_D_ACE (5000), UDF1 (5000)
UDF1 checks
POCKET_D_ACE checks
POCKET_D_ACE shows [As Ad]
UDF1 shows [9c Qd]
POCKET_D_ACE awarded 5000
UDF1 awarded -5000

Round #113, UDF1 (30670), POCKET_D_ACE (-30670)
UDF1 posts blind: 10
POCKET_D_ACE posts blind: 20
UDF1 received [4c 2s]
POCKET_D_ACE received [Kd 7d]
UDF1 raises to 5000
POCKET_D_ACE calls
Flop [8h Qh 6s], UDF1 (5000), POCKET_D_ACE (5000)
POCKET_D_ACE bids 0
UDF1 bids 0
UDF1 won the auction and was revealed [7d]
POCKET_D_ACE won the auction and was revealed [2s]
Flop [8h Qh 6s], UDF1 (5000), POCKET_D_ACE (5000)
POCKET_D_ACE checks
UDF1 checks
Turn [8h Qh 6s Js], UDF1 (5000), POCKET_D_ACE (5000)
POCKET_D_ACE checks
UDF1 checks
River [8h Qh 6s Js 6h], UDF1 (5000), POCKET_D_ACE (5000)
POCKET_D_ACE checks
UDF1 checks
UDF1 shows [4c 2s]
POCKET_D_ACE shows [Kd 7d]
UDF1 awarded -5000
POCKET_D_ACE awarded 5000

Round #114, POCKET_D_ACE (-25670), UDF1 (25670)
POCKET_D_ACE posts blind: 10
UDF1 posts blind: 20
POCKET_D_ACE received [Tc 4d]
UDF1 received [Jd 2d]
POCKET_D_ACE calls
UDF1 raises to 5000
POCKET_D_ACE folds
POCKET_D_ACE awarded -20
UDF1 awarded 20

Round #115, UDF1 (25690), POCKET_D_ACE (-25690)
UDF1 posts blind: 10
POCKET_D_ACE posts blind: 20
UDF1 received [Ad Kh]
POCKET_D_ACE received [5s 8s]
UDF1 raises to 5000
POCKET_D_ACE calls
Flop [Tc Qc 8h], UDF1 (5000), POCKET_D_ACE (5000)
POCKET_D_ACE bids 0
UDF1 bids 0
UDF1 won the auction and was revealed [8s]
POCKET_D_ACE won the auction and was revealed [Kh]
Flop [Tc Qc 8h], UDF1 (5000), POCKET_D_ACE (5000)
POCKET_D_ACE checks
UDF1 checks
Turn [Tc Qc 8h 6c], UDF1 (5000), POCKET_D_ACE (5000)
POCKET_D_ACE checks
UDF1 checks
River [Tc Qc 8h 6c 3s], UDF1 (5000), POCKET_D_ACE (5000)
POCKET_D_ACE checks
UDF1 checks
UDF1 shows [Ad Kh]
POCKET_D_ACE shows [5s 8s]
UDF1 awarded -5000
POCKET_D_ACE awarded 5000

Round #116, POCKET_D_ACE (-20690), UDF1 (20690)
POCKET_D_ACE posts blind: 10
UDF1 posts blind: 20
POCKET_D_ACE received [5d Jh]
UDF1 received [Qd Kc]
POCKET_D_ACE calls
UDF1 raises to 5000
POCKET_D_ACE calls
Flop [9s 4h 9h], POCKET_D_ACE (5000), UDF1 (5000)
UDF1 bids 0
POCKET_D_ACE bids 0
POCKET_D_ACE won the auction and was revealed [Qd]
UDF1 won the auction and was revealed [Jh]
Flop [9s 4h 9h], POCKET_D_ACE (5000), UDF1 (5000)
UDF1 checks
POCKET_D_ACE checks
Turn [9s 4h 9h Qc], POCKET_D_ACE (5000), UDF1 (5000)
UDF1 checks
POCKET_D_ACE checks
River [9s 4h 9h Qc Jd], POCKET_D_ACE (5000), UDF1 (5000)
UDF1 checks
POCKET_D_ACE checks
POCKET_D_ACE shows [5d Jh]
UDF1 shows [Qd Kc]
POCKET_D_ACE awarded -5000
UDF1 awarded 5000

Round #117, UDF1 (25690), POCKET_D_ACE (-25690)
UDF1 posts blind: 10
POCKET_D_ACE posts blind: 20
UDF1 received [Js 5h]
POCKET_D_ACE received [9h Kc]
UDF1 raises to 5000
POCKET_D_ACE calls
Flop [8h Td Jd], UDF1 (5000), POCKET_D_ACE (5000)
POCKET_D_ACE bids 0
UDF1 bids 0
UDF1 won the auction and was revealed [Kc]
POCKET_D_ACE won the auction and was revealed [5h]
Flop [8h Td Jd], UDF1 (5000), POCKET_D_ACE (5000)
POCKET_D_ACE checks
UDF1 checks
Turn [8h Td Jd 6s], UDF1 (5000), POCKET_D_ACE (5000)
POCKET_D_ACE checks
UDF1 checks
River [8h Td Jd 6s 6d], UDF1 (5000), POCKET_D_ACE (5000)
POCKET_D_ACE checks
UDF1 checks
UDF1 shows [Js 5h]
POCKET_D_ACE shows [9h Kc]
UDF1 awarded 5000
POCKET_D_ACE awarded -5000

Round #118, POCKET_D_ACE (-30690), UDF1 (30690)
POCKET_D_ACE posts blind: 10
UDF1 posts blind: 20
POCKET_D_ACE received [Td 9c]
UDF1 received [Qd Jc]
POCKET_D_ACE calls
UDF1 raises to 5000
POCKET_D_ACE calls
Flop [3c Qs 8h], POCKET_D_ACE (5000), UDF1 (5000)
UDF1 bids 0
POCKET_D_ACE bids 0
POCKET_D_ACE won the auction and was revealed [Qd]
UDF1 won the auction and was revealed [Td]
Flop [3c Qs 8h], POCKET_D_ACE (5000), UDF1 (5000)
UDF1 checks
POCKET_D_ACE checks
Turn [3c Qs 8h 2s], POCKET_D_ACE (5000), UDF1 (5000)
UDF1 checks
POCKET_D_ACE checks
River [3c Qs 8h 2s Qh], POCKET_D_ACE (5000), UDF1 (5000)
UDF1 checks
POCKET_D_ACE checks
POCKET_D_ACE shows [Td 9c]
UDF1 shows [Qd Jc]
POCKET_D_ACE awarded -5000
UDF1 awarded 5000

Round #119, UDF1 (35690), POCKET_D_ACE (-35690)
UDF1 posts blind: 10
POCKET_D_ACE posts blind: 20
UDF1 received [Qs Kc]
POCKET_D_ACE received [8h 9d]
UDF1 raises to 5000
POCKET_D_ACE calls
Flop [8c Td 7s], UDF1 (5000), POCKET_D_ACE (5000)
POCKET_D_ACE bids 0
UDF1 bids 0
UDF1 won the auction and was revealed [8h]
POCKET_D_ACE won the auction and was revealed [Qs]
Flop [8c Td 7s], UDF1 (5000), POCKET_D_ACE (5000)
POCKET_D_ACE checks
UDF1 checks
Turn [8c Td 7s 7c], UDF1 (5000), POCKET_D_ACE (5000)
POCKET_D_ACE checks
UDF1 checks
River [8c Td 7s 7c 3d], UDF1 (5000), POCKET_D_ACE (5000)
POCKET_D_ACE checks
UDF1 checks
UDF1 shows [Qs Kc]
POCKET_D_ACE shows [8h 9d]
UDF1 awarded -5000
POCKET_D_ACE awarded 5000

Round #120, POCKET_D_ACE (-30690), UDF1 (30690)
POCKET_D_ACE posts blind: 10
UDF1 posts blind: 20
POCKET_D_ACE received [Ts Qd]
UDF1 received [2d Tc]
POCKET_D_ACE calls
UDF1 raises to 5000
POCKET_D_ACE calls
Flop [Ah 5c As], POCKET_D_ACE (5000), UDF1 (5000)
UDF1 bids 0
POCKET_D_ACE bids 0
POCKET_D_ACE won the auction and was revealed [2d]
UDF1 won the auction and was revealed [Qd]
Flop [Ah 5c As], POCKET_D_ACE (5000), UDF1 (5000)
UDF1 checks
POCKET_D_ACE checks
Turn [Ah 5c As 2h], POCKET_D_ACE (5000), UDF1 (5000)
UDF1 checks
POCKET_D_ACE checks
River [Ah 5c As 2h Td], POCKET_D_ACE (5000), UDF1 (5000)
UDF1 checks
POCKET_D_ACE checks
POCKET_D_ACE shows [Ts Qd]
UDF1 shows [2d Tc]
POCKET_D_ACE awarded 5000
UDF1 awarded -5000

Round #121, UDF1 (25690), POCKET_D_ACE (-25690)
UDF1 posts blind: 10
POCKET_D_ACE posts blind: 20
UDF1 received [Ah 2c]
POCKET_D_ACE received [Jd 3d]
UDF1 raises to 5000
POCKET_D_ACE calls
Flop [8d 2h 9h], UDF1 (5000), POCKET_D_ACE (5000)
POCKET_D_ACE bids 0
UDF1 bids 0
UDF1 won the auction and was revealed [Jd]
POCKET_D_ACE won the auction and was revealed [2c]
Flop [8d 2h 9h], UDF1 (5000), POCKET_D_ACE (5000)
POCKET_D_ACE checks
UDF1 checks
Turn [8d 2h 9h 5s], UDF1 (5000), POCKET_D_ACE (5000)
POCKET_D_ACE checks
UDF1 checks
River [8d 2h 9h 5s Ad], UDF1 (5000), POCKET_D_ACE (5000)
POCKET_D_ACE checks
UDF1 checks
UDF1 shows [Ah 2c]
POCKET_D_ACE shows [Jd 3d]
UDF1 awarded 5000
POCKET_D_ACE awarded -5000

Round #122, POCKET_D_ACE (-30690), UDF1 (30690)
POCKET_D_ACE posts blind: 10
UDF1 posts blind: 20
POCKET_D_ACE received [9c 6d]
UDF1 received [3c Tc]
POCKET_D_ACE calls
UDF1 raises to 5000
POCKET_D_ACE calls
Flop [7h Ac 8s], POCKET_D_ACE (5000), UDF1 (5000)
UDF1 bids 0
POCKET_D_ACE bids 0
POCKET_D_ACE won the auction and was revealed [Tc]
UDF1 won the auction and was revealed [6d]
Flop [7h Ac 8s], POCKET_D_ACE (5000), UDF1 (5000)
UDF1 checks
POCKET_D_ACE checks
Turn [7h Ac 8s 2h], POCKET_D_ACE (5000), UDF1 (5000)
UDF1 checks
POCKET_D_ACE checks
River [7h Ac 8s 2h Th], POCKET_D_ACE (5000), UDF1 (5000)
UDF1 checks
POCKET_D_ACE checks
POCKET_D_ACE shows [9c 6d]
UDF1 shows [3c Tc]
POCKET_D_ACE awarded 5000
UDF1 awarded -5000

Round #123, UDF1 (25690), POCKET_D_ACE (-25690)
UDF1 posts blind: 10
POCKET_D_ACE posts blind: 20
UDF1 received [3h 6s]
POCKET_D_ACE received [4d Ah]
UDF1 raises to 5000
POCKET_D_ACE calls
Flop [3d 6d 4h], UDF1 (5000), POCKET_D_ACE (5000)
POCKET_D_ACE bids 0
UDF1 bids 0
UDF1 won the auction and was revealed [Ah]
POCKET_D_ACE won the auction and was revealed [3h]
Flop [3d 6d 4h], UDF1 (5000), POCKET_D_ACE (5000)
POCKET_D_ACE checks
UDF1 checks
Turn [3d 6d 4h Kh], UDF1 (5000), POCKET_D_ACE (5000)
POCKET_D_ACE checks
UDF1 checks
River [3d 6d 4h Kh Ac], UDF1 (5000), POCKET_D_ACE (5000)
POCKET_D_ACE checks
UDF1 checks
UDF1 shows [3h 6s]
POCKET_D_ACE shows [4d Ah]
UDF1 awarded -5000
POCKET_D_ACE awarded 5000

Round #124, POCKET_D_ACE (-20690), UDF1 (20690)
POCKET_D_ACE posts blind: 10
UDF1 posts blind: 20
POCKET_D_ACE received [4s Qh]
UDF1 received [9h 4h]
POCKET_D_ACE calls
UDF1 raises to 5000
POCKET_D_ACE calls
Flop [Jc 9d 2s], POCKET_D_ACE (5000), UDF1 (5000)
UDF1 bids 0
POCKET_D_ACE bids 0
POCKET_D_ACE won the auction and was revealed [9h]
UDF1 won the auction and was revealed [Qh]
Flop [Jc 9d 2s], POCKET_D_ACE (5000), UDF1 (5000)
UDF1 checks
POCKET_D_ACE checks
Turn [Jc 9d 2s 8h], POCKET_D_ACE (5000), UDF1 (5000)
UDF1 checks
POCKET_D_ACE checks
River [Jc 9d 2s 8h Ks], POCKET_D_ACE (5000), UDF1 (5000)
UDF1 checks
POCKET_D_ACE checks
POCKET_D_ACE shows [4s Qh]
UDF1 shows [9h 4h]
POCKET_D_ACE awarded -5000
UDF1 awarded 5000

Round #125, UDF1 (25690), POCKET_D_ACE (-25690)
UDF1 posts blind: 10
POCKET_D_ACE posts blind: 20
UDF1 received [Ad 3c]
POCKET_D_ACE received [6d Qc]
UDF1 raises to 5000
POCKET_D_ACE calls
Flop [2d 7h 4d], UDF1 (5000), POCKET_D_ACE (5000)
POCKET_D_ACE bids 0
UDF1 bids 0
UDF1 won the auction and was revealed [6d]
POCKET_D_ACE won the auction and was revealed [3c]
Flop [2d 7h 4d], UDF1 (5000), POCKET_D_ACE (5000)
POCKET_D_ACE checks
UDF1 checks
Turn [2d 7h 4d 5d], UDF1 (5000), POCKET_D_ACE (5000)
POCKET_D_ACE checks
UDF1 checks
River [2d 7h 4d 5d Ks], UDF1 (5000), POCKET_D_ACE (5000)
POCKET_D_ACE checks
UDF1 checks
UDF1 shows [Ad 3c]
POCKET_D_ACE shows [6d Qc]
UDF1 awarded 5000
POCKET_D_ACE awarded -5000

Round #126, POCKET_D_ACE (-30690), UDF1 (30690)
POCKET_D_ACE posts blind: 10
UDF1 posts blind: 20
POCKET_D_ACE received [Th 2h]
UDF1 received [Kd 4s]
POCKET_D_ACE calls
UDF1 raises to 5000
POCKET_D_ACE folds
POCKET_D_ACE awarded -20
UDF1 awarded 20

Round #127, UDF1 (30710), POCKET_D_ACE (-30710)
UDF1 posts blind: 10
POCKET_D_ACE posts blind: 20
UDF1 received [2h 4h]
POCKET_D_ACE received [Th 9h]
UDF1 raises to 5000
POCKET_D_ACE calls
Flop [As 8c Jc], UDF1 (5000), POCKET_D_ACE (5000)
POCKET_D_ACE bids 0
UDF1 bids 0
UDF1 won the auction and was revealed [9h]
POCKET_D_ACE won the auction and was revealed [4h]
Flop [As 8c Jc], UDF1 (5000), POCKET_D_ACE (5000)
POCKET_D_ACE checks
UDF1 checks
Turn [As 8c Jc 3d], UDF1 (5000), POCKET_D_ACE (5000)
POCKET_D_ACE checks
UDF1 checks
River [As 8c Jc 3d 6h], UDF1 (5000), POCKET_D_ACE (5000)
POCKET_D_ACE checks
UDF1 checks
UDF1 shows [2h 4h]
POCKET_D_ACE shows [Th 9h]
UDF1 awarded -5000
POCKET_D_ACE awarded 5000

Round #128, POCKET_D_ACE (-25710), UDF1 (25710)
POCKET_D_ACE posts blind: 10
UDF1 posts blind: 20
POCKET_D_ACE received [2d Jd]
UDF1 received [6s 9h]
POCKET_D_ACE calls
UDF1 raises to 5000
POCKET_D_ACE folds
POCKET_D_ACE awarded -20
UDF1 awarded 20

Round #129, UDF1 (25730), POCKET_D_ACE (-25730)
UDF1 posts blind: 10
POCKET_D_ACE posts blind: 20
UDF1 received [Ac Ts]
POCKET_D_ACE received [9d 4s]
UDF1 raises to 5000
POCKET_D_ACE folds
UDF1 awarded 20
POCKET_D_ACE awarded -20

Round #130, POCKET_D_ACE (-25750), UDF1 (25750)
POCKET_D_ACE posts blind: 10
UDF1 posts blind: 20
POCKET_D_ACE received [5d Ah]
UDF1 received [3c 4h]
POCKET_D_ACE calls
UDF1 raises to 5000
POCKET_D_ACE calls
Flop [Kh 4d 2s], POCKET_D_ACE (5000), UDF1 (5000)
UDF1 bids 0
POCKET_D_ACE bids 0
POCKET_D_ACE won the auction and was revealed [3c]
UDF1 won the auction and was revealed [5d]
Flop [Kh 4d 2s], POCKET_D_ACE (5000), UDF1 (5000)
UDF1 checks
POCKET_D_ACE checks
Turn [Kh 4d 2s Jc], POCKET_D_ACE (5000), UDF1 (5000)
UDF1 checks
POCKET_D_ACE checks
River [Kh 4d 2s Jc As], POCKET_D_ACE (5000), UDF1 (5000)
UDF1 checks
POCKET_D_ACE checks
POCKET_D_ACE shows [5d Ah]
UDF1 shows [3c 4h]
POCKET_D_ACE awarded 5000
UDF1 awarded -5000

Round #131, UDF1 (20750), POCKET_D_ACE (-20750)
UDF1 posts blind: 10
POCKET_D_ACE posts blind: 20
UDF1 received [9d 2s]
POCKET_D_ACE received [Kd Tc]
UDF1 raises to 5000
POCKET_D_ACE calls
Flop [4h Ts 4d], UDF1 (5000), POCKET_D_ACE (5000)
POCKET_D_ACE bids 0
UDF1 bids 0
UDF1 won the auction and was revealed [Tc]
POCKET_D_ACE won the auction and was revealed [2s]
Flop [4h Ts 4d], UDF1 (5000), POCKET_D_ACE (5000)
POCKET_D_ACE checks
UDF1 checks
Turn [4h Ts 4d 6h], UDF1 (5000), POCKET_D_ACE (5000)
POCKET_D_ACE checks
UDF1 checks
River [4h Ts 4d 6h Qd], UDF1 (5000), POCKET_D_ACE (5000)
POCKET_D_ACE checks
UDF1 checks
UDF1 shows [9d 2s]
POCKET_D_ACE shows [Kd Tc]
UDF1 awarded -5000
POCKET_D_ACE awarded 5000

Round #132, POCKET_D_ACE (-15750), UDF1 (15750)
POCKET_D_ACE posts blind: 10
UDF1 posts blind: 20
POCKET_D_ACE received [7d 4s]
UDF1 received [Ah Qh]
POCKET_D_ACE calls
UDF1 raises to 5000
POCKET_D_ACE folds
POCKET_D_ACE awarded -20
UDF1 awarded 20

Round #133, UDF1 (15770), POCKET_D_ACE (-15770)
UDF1 posts blind: 10
POCKET_D_ACE posts blind: 20
UDF1 received [2h Js]
POCKET_D_ACE received [Qd 7h]
UDF1 raises to 5000
POCKET_D_ACE calls
Flop [7d 4s Qc], UDF1 (5000), POCKET_D_ACE (5000)
POCKET_D_ACE bids 0
UDF1 bids 0
UDF1 won the auction and was revealed [7h]
POCKET_D_ACE won the auction and was revealed [Js]
Flop [7d 4s Qc], UDF1 (5000), POCKET_D_ACE (5000)
POCKET_D_ACE checks
UDF1 checks
Turn [7d 4s Qc Jc], UDF1 (5000), POCKET_D_ACE (5000)
POCKET_D_ACE checks
UDF1 checks
River [7d 4s Qc Jc 2d], UDF1 (5000), POCKET_D_ACE (5000)
POCKET_D_ACE checks
UDF1 checks
UDF1 shows [2h Js]
POCKET_D_ACE shows [Qd 7h]
UDF1 awarded -5000
POCKET_D_ACE awarded 5000

Round #134, POCKET_D_ACE (-10770), UDF1 (10770)
POCKET_D_ACE posts blind: 10
UDF1 posts blind: 20
POCKET_D_ACE received [Ts 6d]
UDF1 received [Js 6c]
POCKET_D_ACE calls
UDF1 raises to 5000
POCKET_D_ACE calls
Flop [8d Qd 8h], POCKET_D_ACE (5000), UDF1 (5000)
UDF1 bids 0
POCKET_D_ACE bids 0
POCKET_D_ACE won the auction and was revealed [Js]
UDF1 won the auction and was revealed [6d]
Flop [8d Qd 8h], POCKET_D_ACE (5000), UDF1 (5000)
UDF1 checks
POCKET_D_ACE checks
Turn [8d Qd 8h 7c], POCKET_D_ACE (5000), UDF1 (5000)
UDF1 checks
POCKET_D_ACE checks
River [8d Qd 8h 7c 7s], POCKET_D_ACE (5000), UDF1 (5000)
UDF1 checks
POCKET_D_ACE checks
POCKET_D_ACE shows [Ts 6d]
UDF1 shows [Js 6c]
POCKET_D_ACE awarded 0
UDF1 awarded 0

Round #135, UDF1 (10770), POCKET_D_ACE (-10770)
UDF1 posts blind: 10
POCKET_D_ACE posts blind: 20
UDF1 received [Ks 2s]
POCKET_D_ACE received [Qh Jc]
UDF1 raises to 5000
POCKET_D_ACE calls
Flop [Ts Th 7s], UDF1 (5000), POCKET_D_ACE (5000)
POCKET_D_ACE bids 0
UDF1 bids 0
UDF1 won the auction and was revealed [Qh]
POCKET_D_ACE won the auction and was revealed [2s]
Flop [Ts Th 7s], UDF1 (5000), POCKET_D_ACE (5000)
POCKET_D_ACE checks
UDF1 checks
Turn [Ts Th 7s Kc], UDF1 (5000), POCKET_D_ACE (5000)
POCKET_D_ACE checks
UDF1 checks
River [Ts Th 7s Kc 3s], UDF1 (5000), POCKET_D_ACE (5000)
POCKET_D_ACE checks
UDF1 checks
UDF1 shows [Ks 2s]
POCKET_D_ACE shows [Qh Jc]
UDF1 awarded 5000
POCKET_D_ACE awarded -5000

Round #136, POCKET_D_ACE (-15770), UDF1 (15770)
POCKET_D_ACE posts blind: 10
UDF1 posts blind: 20
POCKET_D_ACE received [Th 5s]
UDF1 received [9h Jh]
POCKET_D_ACE calls
UDF1 raises to 5000
POCKET_D_ACE folds
POCKET_D_ACE awarded -20
UDF1 awarded 20

Round #137, UDF1 (15790), POCKET_D_ACE (-15790)
UDF1 posts blind: 10
POCKET_D_ACE posts blind: 20
UDF1 received [4s Ad]
POCKET_D_ACE received [5d Ac]
UDF1 raises to 5000
POCKET_D_ACE calls
Flop [5c Qs 9h], UDF1 (5000), POCKET_D_ACE (5000)
POCKET_D_ACE bids 0
UDF1 bids 0
UDF1 won the auction and was revealed [5d]
POCKET_D_ACE won the auction and was revealed [Ad]
Flop [5c Qs 9h], UDF1 (5000), POCKET_D_ACE (5000)
POCKET_D_ACE checks
UDF1 checks
Turn [5c Qs 9h 2c], UDF1 (5000), POCKET_D_ACE (5000)
POCKET_D_ACE checks
UDF1 checks
River [5c Qs 9h 2c Jc], UDF1 (5000), POCKET_D_ACE (5000)
POCKET_D_ACE checks
UDF1 checks
UDF1 shows [4s Ad]
POCKET_D_ACE shows [5d Ac]
UDF1 awarded -5000
POCKET_D_ACE awarded 5000

Round #138, POCKET_D_ACE (-10790), UDF1 (10790)
POCKET_D_ACE posts blind: 10
UDF1 posts blind: 20
POCKET_D_ACE received [Jh Ts]
UDF1 received [Td Qd]
POCKET_D_ACE calls
UDF1 raises to 5000
POCKET_D_ACE calls
Flop [Kh 2h Js], POCKET_D_ACE (5000), UDF1 (5000)
UDF1 bids 0
POCKET_D_ACE bids 0
POCKET_D_ACE won the auction and was revealed [Qd]
UDF1 won the auction and was revealed [Jh]
Flop [Kh 2h Js], POCKET_D_ACE (5000), UDF1 (5000)
UDF1 checks
POCKET_D_ACE checks
Turn [Kh 2h Js 7s], POCKET_D_ACE (5000), UDF1 (5000)
UDF1 checks
POCKET_D_ACE checks
River [Kh 2h Js 7s 4c], POCKET_D_ACE (5000), UDF1 (5000)
UDF1 checks
POCKET_D_ACE checks
POCKET_D_ACE shows [Jh Ts]
UDF1 shows [Td Qd]
POCKET_D_ACE awarded 5000
UDF1 awarded -5000

Round #139, UDF1 (5790), POCKET_D_ACE (-5790)
UDF1 posts blind: 10
POCKET_D_ACE posts blind: 20
UDF1 received [Ks 7s]
POCKET_D_ACE received [5h Ac]
UDF1 raises to 5000
POCKET_D_ACE calls
Flop [9s 9h Ts], UDF1 (5000), POCKET_D_ACE (5000)
POCKET_D_ACE bids 0
UDF1 bids 0
UDF1 won the auction and was revealed [Ac]
POCKET_D_ACE won the auction and was revealed [Ks]
Flop [9s 9h Ts], UDF1 (5000), POCKET_D_ACE (5000)
POCKET_D_ACE checks
UDF1 checks
Turn [9s 9h Ts 4s], UDF1 (5000), POCKET_D_ACE (5000)
POCKET_D_ACE checks
UDF1 checks
River [9s 9h Ts 4s 8d], UDF1 (5000), POCKET_D_ACE (5000)
POCKET_D_ACE checks
UDF1 checks
UDF1 shows [Ks 7s]
POCKET_D_ACE shows [5h Ac]
UDF1 awarded 5000
POCKET_D_ACE awarded -5000

Round #140, POCKET_D_ACE (-10790), UDF1 (10790)
POCKET_D_ACE posts blind: 10
UDF1 posts blind: 20
POCKET_D_ACE received [Tc Js]
UDF1 received [Ks 4d]
POCKET_D_ACE calls
UDF1 raises to 5000
POCKET_D_ACE calls
Flop [5c As 2d], POCKET_D_ACE (5000), UDF1 (5000)
UDF1 bids 0
POCKET_D_ACE bids 0
POCKET_D_ACE won the auction and was revealed [Ks]
UDF1 won the auction and was revealed [Tc]
Flop [5c As 2d], POCKET_D_ACE (5000), UDF1 (5000)
UDF1 checks
POCKET_D_ACE checks
Turn [5c As 2d 3c], POCKET_D_ACE (5000), UDF1 (5000)
UDF1 checks
POCKET_D_ACE checks
River [5c As 2d 3c Ad], POCKET_D_ACE (5000), UDF1 (5000)
UDF1 checks
POCKET_D_ACE checks
POCKET_D_ACE shows [Tc Js]
UDF1 shows [Ks 4d]
POCKET_D_ACE awarded -5000
UDF1 awarded 5000

Round #141, UDF1 (15790), POCKET_D_ACE (-15790)
UDF1 posts blind: 10
POCKET_D_ACE posts blind: 20
UDF1 received [Qc 6d]
POCKET_D_ACE received [Ts 9d]
UDF1 raises to 5000
POCKET_D_ACE calls
Flop [2h 4h Kd], UDF1 (5000), POCKET_D_ACE (5000)
POCKET_D_ACE bids 0
UDF1 bids 0
UDF1 won the auction and was revealed [9d]
POCKET_D_ACE won the auction and was revealed [6d]
Flop [2h 4h Kd], UDF1 (5000), POCKET_D_ACE (5000)
POCKET_D_ACE checks
UDF1 checks
Turn [2h 4h Kd 9c], UDF1 (5000), POCKET_D_ACE (5000)
POCKET_D_ACE checks
UDF1 checks
River [2h 4h Kd 9c Tc], UDF1 (5000), POCKET_D_ACE (5000)
POCKET_D_ACE checks
UDF1 checks
UDF1 shows [Qc 6d]
POCKET_D_ACE shows [Ts 9d]
UDF1 awarded -5000
POCKET_D_ACE awarded 5000

Round #142, POCKET_D_ACE (-10790), UDF1 (10790)
POCKET_D_ACE posts blind: 10
UDF1 posts blind: 20
POCKET_D_ACE received [8s 4h]
UDF1 received [7h 2c]
POCKET_D_ACE calls
UDF1 raises to 5000
POCKET_D_ACE folds
POCKET_D_ACE awarded -20
UDF1 awarded 20

Round #143, UDF1 (10810), POCKET_D_ACE (-10810)
UDF1 posts blind: 10
POCKET_D_ACE posts blind: 20
UDF1 received [5d 5h]
POCKET_D_ACE received [5c 7h]
UDF1 raises to 5000
POCKET_D_ACE folds
UDF1 awarded 20
POCKET_D_ACE awarded -20

Round #144, POCKET_D_ACE (-10830), UDF1 (10830)
POCKET_D_ACE posts blind: 10
UDF1 posts blind: 20
POCKET_D_ACE received [8h Ad]
UDF1 received [Jh Kd]
POCKET_D_ACE calls
UDF1 raises to 5000
POCKET_D_ACE calls
Flop [9c Ah 3s], POCKET_D_ACE (5000), UDF1 (5000)
UDF1 bids 0
POCKET_D_ACE bids 0
POCKET_D_ACE won the auction and was revealed [Jh]
UDF1 won the auction and was revealed [Ad]
Flop [9c Ah 3s], POCKET_D_ACE (5000), UDF1 (5000)
UDF1 checks
POCKET_D_ACE checks
Turn [9c Ah 3s 7h], POCKET_D_ACE (5000), UDF1 (5000)
UDF1 checks
POCKET_D_ACE checks
River [9c Ah 3s 7h Js], POCKET_D_ACE (5000), UDF1 (5000)
UDF1 checks
POCKET_D_ACE checks
POCKET_D_ACE shows [8h Ad]
UDF1 shows [Jh Kd]
POCKET_D_ACE awarded 5000
UDF1 awarded -5000

Round #145, UDF1 (5830), POCKET_D_ACE (-5830)
UDF1 posts blind: 10
POCKET_D_ACE posts blind: 20
UDF1 received [Ad 8s]
POCKET_D_ACE received [Ts 3h]
UDF1 raises to 5000
POCKET_D_ACE folds
UDF1 awarded 20
POCKET_D_ACE awarded -20

Round #146, POCKET_D_ACE (-5850), UDF1 (5850)
POCKET_D_ACE posts blind: 10
UDF1 posts blind: 20
POCKET_D_ACE received [Ad Jh]
UDF1 received [Qs 8c]
POCKET_D_ACE calls
UDF1 raises to 5000
POCKET_D_ACE calls
Flop [5c 7c Tc], POCKET_D_ACE (5000), UDF1 (5000)
UDF1 bids 0
POCKET_D_ACE bids 0
POCKET_D_ACE won the auction and was revealed [Qs]
UDF1 won the auction and was revealed [Jh]
Flop [5c 7c Tc], POCKET_D_ACE (5000), UDF1 (5000)
UDF1 checks
POCKET_D_ACE checks
Turn [5c 7c Tc 2c], POCKET_D_ACE (5000), UDF1 (5000)
UDF1 checks
POCKET_D_ACE checks
River [5c 7c Tc 2c 6s], POCKET_D_ACE (5000), UDF1 (5000)
UDF1 checks
POCKET_D_ACE checks
POCKET_D_ACE shows [Ad Jh]
UDF1 shows [Qs 8c]
POCKET_D_ACE awarded -5000
UDF1 awarded 5000

Round #147, UDF1 (10850), POCKET_D_ACE (-10850)
UDF1 posts blind: 10
POCKET_D_ACE posts blind: 20
UDF1 received [Ah 4h]
POCKET_D_ACE received [6d 5d]
UDF1 raises to 5000
POCKET_D_ACE calls
Flop [2c 8d 9d], UDF1 (5000), POCKET_D_ACE (5000)
POCKET_D_ACE bids 0
UDF1 bids 0
UDF1 won the auction and was revealed [6d]
POCKET_D_ACE won the auction and was revealed [Ah]
Flop [2c 8d 9d], UDF1 (5000), POCKET_D_ACE (5000)
POCKET_D_ACE checks
UDF1 checks
Turn [2c 8d 9d Td], UDF1 (5000), POCKET_D_ACE (5000)
POCKET_D_ACE checks
UDF1 checks
River [2c 8d 9d Td 9c], UDF1 (5000), POCKET_D_ACE (5000)
POCKET_D_ACE checks
UDF1 checks
UDF1 shows [Ah 4h]
POCKET_D_ACE shows [6d 5d]
UDF1 awarded -5000
POCKET_D_ACE awarded 5000

Round #148, POCKET_D_ACE (-5850), UDF1 (5850)
POCKET_D_ACE posts blind: 10
UDF1 posts blind: 20
POCKET_D_ACE received [4h Qs]
UDF1 received [Ts 9s]
POCKET_D_ACE calls
UDF1 raises to 5000
POCKET_D_ACE calls
Flop [3c Qh Th], POCKET_D_ACE (5000), UDF1 (5000)
UDF1 bids 0
POCKET_D_ACE bids 0
POCKET_D_ACE won the auction and was revealed [Ts]
UDF1 won the auction and was revealed [Qs]
Flop [3c Qh Th], POCKET_D_ACE (5000), UDF1 (5000)
UDF1 checks
POCKET_D_ACE checks
Turn [3c Qh Th Kc], POCKET_D_ACE (5000), UDF1 (5000)
UDF1 checks
POCKET_D_ACE checks
River [3c Qh Th Kc 9c], POCKET_D_ACE (5000), UDF1 (5000)
UDF1 checks
POCKET_D_ACE checks
POCKET_D_ACE shows [4h Qs]
UDF1 shows [Ts 9s]
POCKET_D_ACE awarded -5000
UDF1 awarded 5000

Round #149, UDF1 (10850), POCKET_D_ACE (-10850)
UDF1 posts blind: 10
POCKET_D_ACE posts blind: 20
UDF1 received [Tc Qc]
POCKET_D_ACE received [8c 7c]
UDF1 raises to 5000
POCKET_D_ACE calls
Flop [3c Ac 9s], UDF1 (5000), POCKET_D_ACE (5000)
POCKET_D_ACE bids 0
UDF1 bids 0
UDF1 won the auction and was revealed [7c]
POCKET_D_ACE won the auction and was revealed [Tc]
Flop [3c Ac 9s], UDF1 (5000), POCKET_D_ACE (5000)
POCKET_D_ACE checks
UDF1 checks
Turn [3c Ac 9s 9d], UDF1 (5000), POCKET_D_ACE (5000)
POCKET_D_ACE checks
UDF1 checks
River [3c Ac 9s 9d Qs], UDF1 (5000), POCKET_D_ACE (5000)
POCKET_D_ACE checks
UDF1 checks
UDF1 shows [Tc Qc]
POCKET_D_ACE shows [8c 7c]
UDF1 awarded 5000
POCKET_D_ACE awarded -5000

Round #150, POCKET_D_ACE (-15850), UDF1 (15850)
POCKET_D_ACE posts blind: 10
UDF1 posts blind: 20
POCKET_D_ACE received [5h Jh]
UDF1 received [7h Js]
POCKET_D_ACE calls
UDF1 raises to 5000
POCKET_D_ACE calls
Flop [Ah 2s Jd], POCKET_D_ACE (5000), UDF1 (5000)
UDF1 bids 0
POCKET_D_ACE bids 0
POCKET_D_ACE won the auction and was revealed [7h]
UDF1 won the auction and was revealed [5h]
Flop [Ah 2s Jd], POCKET_D_ACE (5000), UDF1 (5000)
UDF1 checks
POCKET_D_ACE checks
Turn [Ah 2s Jd 5d], POCKET_D_ACE (5000), UDF1 (5000)
UDF1 checks
POCKET_D_ACE checks
River [Ah 2s Jd 5d 2d], POCKET_D_ACE (5000), UDF1 (5000)
UDF1 checks
POCKET_D_ACE checks
POCKET_D_ACE shows [5h Jh]
UDF1 shows [7h Js]
POCKET_D_ACE awarded 5000
UDF1 awarded -5000

Round #151, UDF1 (10850), POCKET_D_ACE (-10850)
UDF1 posts blind: 10
POCKET_D_ACE posts blind: 20
UDF1 received [Qd 5s]
POCKET_D_ACE received [6c 8c]
UDF1 raises to 5000
POCKET_D_ACE calls
Flop [Th 6d 7c], UDF1 (5000), POCKET_D_ACE (5000)
POCKET_D_ACE bids 0
UDF1 bids 0
UDF1 won the auction and was revealed [8c]
POCKET_D_ACE won the auction and was revealed [Qd]
Flop [Th 6d 7c], UDF1 (5000), POCKET_D_ACE (5000)
POCKET_D_ACE checks
UDF1 checks
Turn [Th 6d 7c Js], UDF1 (5000), POCKET_D_ACE (5000)
POCKET_D_ACE checks
UDF1 checks
River [Th 6d 7c Js 3d], UDF1 (5000), POCKET_D_ACE (5000)
POCKET_D_ACE checks
UDF1 checks
UDF1 shows [Qd 5s]
POCKET_D_ACE shows [6c 8c]
UDF1 awarded -5000
POCKET_D_ACE awarded 5000

Round #152, POCKET_D_ACE (-5850), UDF1 (5850)
POCKET_D_ACE posts blind: 10
UDF1 posts blind: 20
POCKET_D_ACE received [6d 6h]
UDF1 received [6c Jd]
POCKET_D_ACE calls
UDF1 raises to 5000
POCKET_D_ACE calls
Flop [Kc Kd Js], POCKET_D_ACE (5000), UDF1 (5000)
UDF1 bids 0
POCKET_D_ACE bids 0
POCKET_D_ACE won the auction and was revealed [6c]
UDF1 won the auction and was revealed [6d]
Flop [Kc Kd Js], POCKET_D_ACE (5000), UDF1 (5000)
UDF1 checks
POCKET_D_ACE checks
Turn [Kc Kd Js 9d], POCKET_D_ACE (5000), UDF1 (5000)
UDF1 checks
POCKET_D_ACE checks
River [Kc Kd Js 9d 3s], POCKET_D_ACE (5000), UDF1 (5000)
UDF1 checks
POCKET_D_ACE checks
POCKET_D_ACE shows [6d 6h]
UDF1 shows [6c Jd]
POCKET_D_ACE awarded -5000
UDF1 awarded 5000

Round #153, UDF1 (10850), POCKET_D_ACE (-10850)
UDF1 posts blind: 10
POCKET_D_ACE posts blind: 20
UDF1 received [8h 6h]
POCKET_D_ACE received [Js Qd]
UDF1 raises to 5000
POCKET_D_ACE calls
Flop [Qh 2h 8s], UDF1 (5000), POCKET_D_ACE (5000)
POCKET_D_ACE bids 0
UDF1 bids 0
UDF1 won the auction and was revealed [Js]
POCKET_D_ACE won the auction and was revealed [8h]
Flop [Qh 2h 8s], UDF1 (5000), POCKET_D_ACE (5000)
POCKET_D_ACE checks
UDF1 checks
Turn [Qh 2h 8s Kh], UDF1 (5000), POCKET_D_ACE (5000)
POCKET_D_ACE checks
UDF1 checks
River [Qh 2h 8s Kh 3h], UDF1 (5000), POCKET_D_ACE (5000)
POCKET_D_ACE checks
UDF1 checks
UDF1 shows [8h 6h]
POCKET_D_ACE shows [Js Qd]
UDF1 awarded 5000
POCKET_D_ACE awarded -5000

Round #154, POCKET_D_ACE (-15850), UDF1 (15850)
POCKET_D_ACE posts blind: 10
UDF1 posts blind: 20
POCKET_D_ACE received [Ks Tc]
UDF1 received [Qs 9c]
POCKET_D_ACE calls
UDF1 raises to 5000
POCKET_D_ACE calls
Flop [7d 8s 5c], POCKET_D_ACE (5000), UDF1 (5000)
UDF1 bids 0
POCKET_D_ACE bids 0
POCKET_D_ACE won the auction and was revealed [Qs]
UDF1 won the auction and was revealed [Tc]
Flop [7d 8s 5c], POCKET_D_ACE (5000), UDF1 (5000)
UDF1 checks
POCKET_D_ACE checks
Turn [7d 8s 5c Jh], POCKET_D_ACE (5000), UDF1 (5000)
UDF1 checks
POCKET_D_ACE checks
River [7d 8s 5c Jh 3h], POCKET_D_ACE (5000), UDF1 (5000)
UDF1 checks
POCKET_D_ACE checks
POCKET_D_ACE shows [Ks Tc]
UDF1 shows [Qs 9c]
POCKET_D_ACE awarded 5000
UDF1 awarded -5000

Round #155, UDF1 (10850), POCKET_D_ACE (-10850)
UDF1 posts blind: 10
POCKET_D_ACE posts blind: 20
UDF1 received [9s 8d]
POCKET_D_ACE received [2s 3s]
UDF1 raises to 5000
POCKET_D_ACE folds
UDF1 awarded 20
POCKET_D_ACE awarded -20

Round #156, POCKET_D_ACE (-10870), UDF1 (10870)
POCKET_D_ACE posts blind: 10
UDF1 posts blind: 20
POCKET_D_ACE received [6d 2h]
UDF1 received [Qh 6s]
POCKET_D_ACE folds
POCKET_D_ACE awarded -10
UDF1 awarded 10

Round #157, UDF1 (10880), POCKET_D_ACE (-10880)
UDF1 posts blind: 10
POCKET_D_ACE posts blind: 20
UDF1 received [Th Ts]
POCKET_D_ACE received [Ad 2c]
UDF1 raises to 5000
POCKET_D_ACE calls
Flop [Jc 3d Kh], UDF1 (5000), POCKET_D_ACE (5000)
POCKET_D_ACE bids 0
UDF1 bids 0
UDF1 won the auction and was revealed [2c]
POCKET_D_ACE won the auction and was revealed [Ts]
Flop [Jc 3d Kh], UDF1 (5000), POCKET_D_ACE (5000)
POCKET_D_ACE checks
UDF1 checks
Turn [Jc 3d Kh 8d], UDF1 (5000), POCKET_D_ACE (5000)
POCKET_D_ACE checks
UDF1 checks
River [Jc 3d Kh 8d 9c], UDF1 (5000), POCKET_D_ACE (5000)
POCKET_D_ACE checks
UDF1 checks
UDF1 shows [Th Ts]
POCKET_D_ACE shows [Ad 2c]
UDF1 awarded 5000
POCKET_D_ACE awarded -5000

Round #158, POCKET_D_ACE (-15880), UDF1 (15880)
POCKET_D_ACE posts blind: 10
UDF1 posts blind: 20
POCKET_D_ACE received [3h 8d]
UDF1 received [6h 3d]
POCKET_D_ACE calls
UDF1 raises to 5000
POCKET_D_ACE folds
POCKET_D_ACE awarded -20
UDF1 awarded 20

Round #159, UDF1 (15900), POCKET_D_ACE (-15900)
UDF1 posts blind: 10
POCKET_D_ACE posts blind: 20
UDF1 received [8s 4d]
POCKET_D_ACE received [Qd 6d]
UDF1 raises to 5000
POCKET_D_ACE calls
Flop [2d Ts 7s], UDF1 (5000), POCKET_D_ACE (5000)
POCKET_D_ACE bids 0
UDF1 bids 0
UDF1 won the auction and was revealed [Qd]
POCKET_D_ACE won the auction and was revealed [8s]
Flop [2d Ts 7s], UDF1 (5000), POCKET_D_ACE (5000)
POCKET_D_ACE checks
UDF1 checks
Turn [2d Ts 7s 7h], UDF1 (5000), POCKET_D_ACE (5000)
POCKET_D_ACE checks
UDF1 checks
River [2d Ts 7s 7h 4s], UDF1 (5000), POCKET_D_ACE (5000)
POCKET_D_ACE checks
UDF1 checks
UDF1 shows [8s 4d]
POCKET_D_ACE shows [Qd 6d]
UDF1 awarded 5000
POCKET_D_ACE awarded -5000

Round #160, POCKET_D_ACE (-20900), UDF1 (20900)
POCKET_D_ACE posts blind: 10
UDF1 posts blind: 20
POCKET_D_ACE received [7h 3d]
UDF1 received [8s Qd]
POCKET_D_ACE calls
UDF1 raises to 5000
POCKET_D_ACE folds
POCKET_D_ACE awarded -20
UDF1 awarded 20

Round #161, UDF1 (20920), POCKET_D_ACE (-20920)
UDF1 posts blind: 10
POCKET_D_ACE posts blind: 20
UDF1 received [9c Kc]
POCKET_D_ACE received [5c 2s]
UDF1 raises to 5000
POCKET_D_ACE folds
UDF1 awarded 20
POCKET_D_ACE awarded -20

Round #162, POCKET_D_ACE (-20940), UDF1 (20940)
POCKET_D_ACE posts blind: 10
UDF1 posts blind: 20
POCKET_D_ACE received [9h 8c]
UDF1 received [3s 5d]
POCKET_D_ACE calls
UDF1 raises to 5000
POCKET_D_ACE calls
Flop [Kd 4s Tc], POCKET_D_ACE (5000), UDF1 (5000)
UDF1 bids 0
POCKET_D_ACE bids 0
POCKET_D_ACE won the auction and was revealed [3s]
UDF1 won the auction and was revealed [8c]
Flop [Kd 4s Tc], POCKET_D_ACE (5000), UDF1 (5000)
UDF1 checks
POCKET_D_ACE checks
Turn [Kd 4s Tc 8d], POCKET_D_ACE (5000), UDF1 (5000)
UDF1 checks
POCKET_D_ACE checks
River [Kd 4s Tc 8d 6s], POCKET_D_ACE (5000), UDF1 (5000)
UDF1 checks
POCKET_D_ACE checks
POCKET_D_ACE shows [9h 8c]
UDF1 shows [3s 5d]
POCKET_D_ACE awarded 5000
UDF1 awarded -5000

Round #163, UDF1 (15940), POCKET_D_ACE (-15940)
UDF1 posts blind: 10
POCKET_D_ACE posts blind: 20
UDF1 received [6h 8h]
POCKET_D_ACE received [Ac 3h]
UDF1 raises to 5000
POCKET_D_ACE calls
Flop [5c 7d 2s], UDF1 (5000), POCKET_D_ACE (5000)
POCKET_D_ACE bids 0
UDF1 bids 0
UDF1 won the auction and was revealed [Ac]
POCKET_D_ACE won the auction and was revealed [6h]
Flop [5c 7d 2s], UDF1 (5000), POCKET_D_ACE (5000)
POCKET_D_ACE checks
UDF1 checks
Turn [5c 7d 2s 4s], UDF1 (5000), POCKET_D_ACE (5000)
POCKET_D_ACE checks
UDF1 checks
River [5c 7d 2s 4s 5d], UDF1 (5000), POCKET_D_ACE (5000)
POCKET_D_ACE checks
UDF1 checks
UDF1 shows [6h 8h]
POCKET_D_ACE shows [Ac 3h]
UDF1 awarded 5000
POCKET_D_ACE awarded -5000

Round #164, POCKET_D_ACE (-20940), UDF1 (20940)
POCKET_D_ACE posts blind: 10
UDF1 posts blind: 20
POCKET_D_ACE received [Kd Js]
UDF1 received [7d Ks]
POCKET_D_ACE calls
UDF1 raises to 5000
POCKET_D_ACE calls
Flop [7s Qd 8c], POCKET_D_ACE (5000), UDF1 (5000)
UDF1 bids 0
POCKET_D_ACE bids 0
POCKET_D_ACE won the auction and was revealed [7d]
UDF1 won the auction and was revealed [Js]
Flop [7s Qd 8c], POCKET_D_ACE (5000), UDF1 (5000)
UDF1 checks
POCKET_D_ACE checks
Turn [7s Qd 8c 5h], POCKET_D_ACE (5000), UDF1 (5000)
UDF1 checks
POCKET_D_ACE checks
River [7s Qd 8c 5h 6s], POCKET_D_ACE (5000), UDF1 (5000)
UDF1 checks
POCKET_D_ACE checks
POCKET_D_ACE shows [Kd Js]
UDF1 shows [7d Ks]
POCKET_D_ACE awarded -5000
UDF1 awarded 5000

Round #165, UDF1 (25940), POCKET_D_ACE (-25940)
UDF1 posts blind: 10
POCKET_D_ACE posts blind: 20
UDF1 received [As Td]
POCKET_D_ACE received [7h Ah]
UDF1 raises to 5000
POCKET_D_ACE calls
Flop [Kc Ks 6s], UDF1 (5000), POCKET_D_ACE (5000)
POCKET_D_ACE bids 0
UDF1 bids 0
UDF1 won the auction and was revealed [Ah]
POCKET_D_ACE won the auction and was revealed [As]
Flop [Kc Ks 6s], UDF1 (5000), POCKET_D_ACE (5000)
POCKET_D_ACE checks
UDF1 checks
Turn [Kc Ks 6s 8c], UDF1 (5000), POCKET_D_ACE (5000)
POCKET_D_ACE checks
UDF1 checks
River [Kc Ks 6s 8c Ts], UDF1 (5000), POCKET_D_ACE (5000)
POCKET_D_ACE checks
UDF1 checks
UDF1 shows [As Td]
POCKET_D_ACE shows [7h Ah]
UDF1 awarded 5000
POCKET_D_ACE awarded -5000

Round #166, POCKET_D_ACE (-30940), UDF1 (30940)
POCKET_D_ACE posts blind: 10
UDF1 posts blind: 20
POCKET_D_ACE received [8s 6d]
UDF1 received [4h Qs]
POCKET_D_ACE calls
UDF1 raises to 5000
POCKET_D_ACE calls
Flop [5d 3d 7s], POCKET_D_ACE (5000), UDF1 (5000)
UDF1 bids 0
POCKET_D_ACE bids 0
POCKET_D_ACE won the auction and was revealed [4h]
UDF1 won the auction and was revealed [8s]
Flop [5d 3d 7s], POCKET_D_ACE (5000), UDF1 (5000)
UDF1 checks
POCKET_D_ACE checks
Turn [5d 3d 7s 9s], POCKET_D_ACE (5000), UDF1 (5000)
UDF1 checks
POCKET_D_ACE checks
River [5d 3d 7s 9s 5c], POCKET_D_ACE (5000), UDF1 (5000)
UDF1 checks
POCKET_D_ACE checks
POCKET_D_ACE shows [8s 6d]
UDF1 shows [4h Qs]
POCKET_D_ACE awarded 5000
UDF1 awarded -5000

Round #167, UDF1 (25940), POCKET_D_ACE (-25940)
UDF1 posts blind: 10
POCKET_D_ACE posts blind: 20
UDF1 received [Tc Td]
POCKET_D_ACE received [Jh 7c]
UDF1 raises to 5000
POCKET_D_ACE calls
Flop [8h Kd Qs], UDF1 (5000), POCKET_D_ACE (5000)
POCKET_D_ACE bids 0
UDF1 bids 0
UDF1 won the auction and was revealed [7c]
POCKET_D_ACE won the auction and was revealed [Tc]
Flop [8h Kd Qs], UDF1 (5000), POCKET_D_ACE (5000)
POCKET_D_ACE checks
UDF1 checks
Turn [8h Kd Qs Kh], UDF1 (5000), POCKET_D_ACE (5000)
POCKET_D_ACE checks
UDF1 checks
River [8h Kd Qs Kh Qc], UDF1 (5000), POCKET_D_ACE (5000)
POCKET_D_ACE checks
UDF1 checks
UDF1 shows [Tc Td]
POCKET_D_ACE shows [Jh 7c]
UDF1 awarded -5000
POCKET_D_ACE awarded 5000

Round #168, POCKET_D_ACE (-20940), UDF1 (20940)
POCKET_D_ACE posts blind: 10
UDF1 posts blind: 20
POCKET_D_ACE received [Jc 3c]
UDF1 received [4s 2h]
POCKET_D_ACE calls
UDF1 raises to 5000
POCKET_D_ACE calls
Flop [Qh 3s 9h], POCKET_D_ACE (5000), UDF1 (5000)
UDF1 bids 0
POCKET_D_ACE bids 0
POCKET_D_ACE won the auction and was revealed [4s]
UDF1 won the auction and was revealed [Jc]
Flop [Qh 3s 9h], POCKET_D_ACE (5000), UDF1 (5000)
UDF1 checks
POCKET_D_ACE checks
Turn [Qh 3s 9h Js], POCKET_D_ACE (5000), UDF1 (5000)
UDF1 checks
POCKET_D_ACE checks
River [Qh 3s 9h Js 6s], POCKET_D_ACE (5000), UDF1 (5000)
UDF1 checks
POCKET_D_ACE checks
POCKET_D_ACE shows [Jc 3c]
UDF1 shows [4s 2h]
POCKET_D_ACE awarded 5000
UDF1 awarded -5000

Round #169, UDF1 (15940), POCKET_D_ACE (-15940)
UDF1 posts blind: 10
POCKET_D_ACE posts blind: 20
UDF1 received [6s 8d]
POCKET_D_ACE received [4c Qh]
UDF1 raises to 5000
POCKET_D_ACE calls
Flop [9c 9d 7s], UDF1 (5000), POCKET_D_ACE (5000)
POCKET_D_ACE bids 0
UDF1 bids 0
UDF1 won the auction and was revealed [Qh]
POCKET_D_ACE won the auction and was revealed [6s]
Flop [9c 9d 7s], UDF1 (5000), POCKET_D_ACE (5000)
POCKET_D_ACE checks
UDF1 checks
Turn [9c 9d 7s Kd], UDF1 (5000), POCKET_D_ACE (5000)
POCKET_D_ACE checks
UDF1 checks
River [9c 9d 7s Kd 4d], UDF1 (5000), POCKET_D_ACE (5000)
POCKET_D_ACE checks
UDF1 checks
UDF1 shows [6s 8d]
POCKET_D_ACE shows [4c Qh]
UDF1 awarded -5000
POCKET_D_ACE awarded 5000

Round #170, POCKET_D_ACE (-10940), UDF1 (10940)
POCKET_D_ACE posts blind: 10
UDF1 posts blind: 20
POCKET_D_ACE received [7s Qc]
UDF1 received [Jh Ks]
POCKET_D_ACE calls
UDF1 raises to 5000
POCKET_D_ACE calls
Flop [7d 9c Tc], POCKET_D_ACE (5000), UDF1 (5000)
UDF1 bids 0
POCKET_D_ACE bids 0
POCKET_D_ACE won the auction and was revealed [Ks]
UDF1 won the auction and was revealed [7s]
Flop [7d 9c Tc], POCKET_D_ACE (5000), UDF1 (5000)
UDF1 checks
POCKET_D_ACE checks
Turn [7d 9c Tc 2d], POCKET_D_ACE (5000), UDF1 (5000)
UDF1 checks
POCKET_D_ACE checks
River [7d 9c Tc 2d 5h], POCKET_D_ACE (5000), UDF1 (5000)
UDF1 checks
POCKET_D_ACE checks
POCKET_D_ACE shows [7s Qc]
UDF1 shows [Jh Ks]
POCKET_D_ACE awarded 5000
UDF1 awarded -5000

Round #171, UDF1 (5940), POCKET_D_ACE (-5940)
UDF1 posts blind: 10
POCKET_D_ACE posts blind: 20
UDF1 received [3s 7c]
POCKET_D_ACE received [Jh Ks]
UDF1 raises to 5000
POCKET_D_ACE calls
Flop [Js Jd 6h], UDF1 (5000), POCKET_D_ACE (5000)
POCKET_D_ACE bids 0
UDF1 bids 0
UDF1 won the auction and was revealed [Jh]
POCKET_D_ACE won the auction and was revealed [3s]
Flop [Js Jd 6h], UDF1 (5000), POCKET_D_ACE (5000)
POCKET_D_ACE checks
UDF1 checks
Turn [Js Jd 6h 7h], UDF1 (5000), POCKET_D_ACE (5000)
POCKET_D_ACE checks
UDF1 checks
River [Js Jd 6h 7h 9d], UDF1 (5000), POCKET_D_ACE (5000)
POCKET_D_ACE checks
UDF1 checks
UDF1 shows [3s 7c]
POCKET_D_ACE shows [Jh Ks]
UDF1 awarded -5000
POCKET_D_ACE awarded 5000

Round #172, POCKET_D_ACE (-940), UDF1 (940)
POCKET_D_ACE posts blind: 10
UDF1 posts blind: 20
POCKET_D_ACE received [Td Kc]
UDF1 received [Jc Js]
POCKET_D_ACE calls
UDF1 raises to 5000
POCKET_D_ACE calls
Flop [2s Qd 3d], POCKET_D_ACE (5000), UDF1 (5000)
UDF1 bids 0
POCKET_D_ACE bids 0
POCKET_D_ACE won the auction and was revealed [Jc]
UDF1 won the auction and was revealed [Kc]
Flop [2s Qd 3d], POCKET_D_ACE (5000), UDF1 (5000)
UDF1 checks
POCKET_D_ACE checks
Turn [2s Qd 3d Tc], POCKET_D_ACE (5000), UDF1 (5000)
UDF1 checks
POCKET_D_ACE checks
River [2s Qd 3d Tc 6d], POCKET_D_ACE (5000), UDF1 (5000)
UDF1 checks
POCKET_D_ACE checks
POCKET_D_ACE shows [Td Kc]
UDF1 shows [Jc Js]
POCKET_D_ACE awarded -5000
UDF1 awarded 5000

Round #173, UDF1 (5940), POCKET_D_ACE (-5940)
UDF1 posts blind: 10
POCKET_D_ACE posts blind: 20
UDF1 received [Jc 5d]
POCKET_D_ACE received [Ts 6c]
UDF1 raises to 5000
POCKET_D_ACE calls
Flop [Qs 4c 8s], UDF1 (5000), POCKET_D_ACE (5000)
POCKET_D_ACE bids 0
UDF1 bids 0
UDF1 won the auction and was revealed [6c]
POCKET_D_ACE won the auction and was revealed [5d]
Flop [Qs 4c 8s], UDF1 (5000), POCKET_D_ACE (5000)
POCKET_D_ACE checks
UDF1 checks
Turn [Qs 4c 8s Tc], UDF1 (5000), POCKET_D_ACE (5000)
POCKET_D_ACE checks
UDF1 checks
River [Qs 4c 8s Tc Kc], UDF1 (5000), POCKET_D_ACE (5000)
POCKET_D_ACE checks
UDF1 checks
UDF1 shows [Jc 5d]
POCKET_D_ACE shows [Ts 6c]
UDF1 awarded -5000
POCKET_D_ACE awarded 5000

Round #174, POCKET_D_ACE (-940), UDF1 (940)
POCKET_D_ACE posts blind: 10
UDF1 posts blind: 20
POCKET_D_ACE received [Jh Ac]
UDF1 received [6d 3h]
POCKET_D_ACE calls
UDF1 raises to 5000
POCKET_D_ACE calls
Flop [3c Js 8s], POCKET_D_ACE (5000), UDF1 (5000)
UDF1 bids 0
POCKET_D_ACE bids 0
POCKET_D_ACE won the auction and was revealed [3h]
UDF1 won the auction and was revealed [Jh]
Flop [3c Js 8s], POCKET_D_ACE (5000), UDF1 (5000)
UDF1 checks
POCKET_D_ACE checks
Turn [3c Js 8s Kh], POCKET_D_ACE (5000), UDF1 (5000)
UDF1 checks
POCKET_D_ACE checks
River [3c Js 8s Kh 5c], POCKET_D_ACE (5000), UDF1 (5000)
UDF1 checks
POCKET_D_ACE checks
POCKET_D_ACE shows [Jh Ac]
UDF1 shows [6d 3h]
POCKET_D_ACE awarded 5000
UDF1 awarded -5000

Round #175, UDF1 (-4060), POCKET_D_ACE (4060)
UDF1 posts blind: 10
POCKET_D_ACE posts blind: 20
UDF1 received [6d 3h]
POCKET_D_ACE received [9d 4s]
UDF1 raises to 5000
POCKET_D_ACE folds
UDF1 awarded 20
POCKET_D_ACE awarded -20

Round #176, POCKET_D_ACE (4040), UDF1 (-4040)
POCKET_D_ACE posts blind: 10
UDF1 posts blind: 20
POCKET_D_ACE received [Js 4h]
UDF1 received [Th Ad]
POCKET_D_ACE calls
UDF1 raises to 5000
POCKET_D_ACE folds
POCKET_D_ACE awarded -20
UDF1 awarded 20

Round #177, UDF1 (-4020), POCKET_D_ACE (4020)
UDF1 posts blind: 10
POCKET_D_ACE posts blind: 20
UDF1 received [3s Qh]
POCKET_D_ACE received [Ks Kd]
UDF1 raises to 5000
POCKET_D_ACE calls
Flop [8c 9d Qs], UDF1 (5000), POCKET_D_ACE (5000)
POCKET_D_ACE bids 0
UDF1 bids 0
UDF1 won the auction and was revealed [Ks]
POCKET_D_ACE won the auction and was revealed [3s]
Flop [8c 9d Qs], UDF1 (5000), POCKET_D_ACE (5000)
POCKET_D_ACE checks
UDF1 checks
Turn [8c 9d Qs 6d], UDF1 (5000), POCKET_D_ACE (5000)
POCKET_D_ACE checks
UDF1 checks
River [8c 9d Qs 6d 7s], UDF1 (5000), POCKET_D_ACE (5000)
POCKET_D_ACE checks
UDF1 checks
UDF1 shows [3s Qh]
POCKET_D_ACE shows [Ks Kd]
UDF1 awarded -5000
POCKET_D_ACE awarded 5000

Round #178, POCKET_D_ACE (9020), UDF1 (-9020)
POCKET_D_ACE posts blind: 10
UDF1 posts blind: 20
POCKET_D_ACE received [9s 9h]
UDF1 received [Js 7s]
POCKET_D_ACE raises to 54
UDF1 raises to 5000
POCKET_D_ACE calls
Flop [9d 6h 8s], POCKET_D_ACE (5000), UDF1 (5000)
UDF1 bids 0
POCKET_D_ACE bids 0
POCKET_D_ACE won the auction and was revealed [7s]
UDF1 won the auction and was revealed [9s]
Flop [9d 6h 8s], POCKET_D_ACE (5000), UDF1 (5000)
UDF1 checks
POCKET_D_ACE checks
Turn [9d 6h 8s 5s], POCKET_D_ACE (5000), UDF1 (5000)
UDF1 checks
POCKET_D_ACE checks
River [9d 6h 8s 5s Qh], POCKET_D_ACE (5000), UDF1 (5000)
UDF1 checks
POCKET_D_ACE checks
POCKET_D_ACE shows [9s 9h]
UDF1 shows [Js 7s]
POCKET_D_ACE awarded -5000
UDF1 awarded 5000

Round #179, UDF1 (-4020), POCKET_D_ACE (4020)
UDF1 posts blind: 10
POCKET_D_ACE posts blind: 20
UDF1 received [7s 6h]
POCKET_D_ACE received [2d 3h]
UDF1 raises to 5000
POCKET_D_ACE folds
UDF1 awarded 20
POCKET_D_ACE awarded -20

Round #180, POCKET_D_ACE (4000), UDF1 (-4000)
POCKET_D_ACE posts blind: 10
UDF1 posts blind: 20
POCKET_D_ACE received [3s Qs]
UDF1 received [6c 9h]
POCKET_D_ACE calls
UDF1 raises to 5000
POCKET_D_ACE calls
Flop [5c 2s Qh], POCKET_D_ACE (5000), UDF1 (5000)
UDF1 bids 0
POCKET_D_ACE bids 0
POCKET_D_ACE won the auction and was revealed [9h]
UDF1 won the auction and was revealed [Qs]
Flop [5c 2s Qh], POCKET_D_ACE (5000), UDF1 (5000)
UDF1 checks
POCKET_D_ACE checks
Turn [5c 2s Qh 3c], POCKET_D_ACE (5000), UDF1 (5000)
UDF1 checks
POCKET_D_ACE checks
River [5c 2s Qh 3c 2d], POCKET_D_ACE (5000), UDF1 (5000)
UDF1 checks
POCKET_D_ACE checks
POCKET_D_ACE shows [3s Qs]
UDF1 shows [6c 9h]
POCKET_D_ACE awarded 5000
UDF1 awarded -5000

Round #181, UDF1 (-9000), POCKET_D_ACE (9000)
UDF1 posts blind: 10
POCKET_D_ACE posts blind: 20
UDF1 received [7s 3c]
POCKET_D_ACE received [4s 3h]
UDF1 raises to 5000
POCKET_D_ACE folds
UDF1 awarded 20
POCKET_D_ACE awarded -20

Round #182, POCKET_D_ACE (8980), UDF1 (-8980)
POCKET_D_ACE posts blind: 10
UDF1 posts blind: 20
POCKET_D_ACE received [6h Ac]
UDF1 received [5d Ah]
POCKET_D_ACE calls
UDF1 raises to 5000
POCKET_D_ACE calls
Flop [Qc Jc Js], POCKET_D_ACE (5000), UDF1 (5000)
UDF1 bids 0
POCKET_D_ACE bids 0
POCKET_D_ACE won the auction and was revealed [5d]
UDF1 won the auction and was revealed [6h]
Flop [Qc Jc Js], POCKET_D_ACE (5000), UDF1 (5000)
UDF1 checks
POCKET_D_ACE checks
Turn [Qc Jc Js 3s], POCKET_D_ACE (5000), UDF1 (5000)
UDF1 checks
POCKET_D_ACE checks
River [Qc Jc Js 3s 3d], POCKET_D_ACE (5000), UDF1 (5000)
UDF1 checks
POCKET_D_ACE checks
POCKET_D_ACE shows [6h Ac]
UDF1 shows [5d Ah]
POCKET_D_ACE awarded 0
UDF1 awarded 0

Round #183, UDF1 (-8980), POCKET_D_ACE (8980)
UDF1 posts blind: 10
POCKET_D_ACE posts blind: 20
UDF1 received [Ac 7h]
POCKET_D_ACE received [5d 4c]
UDF1 raises to 5000
POCKET_D_ACE folds
UDF1 awarded 20
POCKET_D_ACE awarded -20

Round #184, POCKET_D_ACE (8960), UDF1 (-8960)
POCKET_D_ACE posts blind: 10
UDF1 posts blind: 20
POCKET_D_ACE received [Kh 4c]
UDF1 received [8h 2d]
POCKET_D_ACE calls
UDF1 raises to 5000
POCKET_D_ACE calls
Flop [3d Js As], POCKET_D_ACE (5000), UDF1 (5000)
UDF1 bids 0
POCKET_D_ACE bids 0
POCKET_D_ACE won the auction and was revealed [8h]
UDF1 won the auction and was revealed [Kh]
Flop [3d Js As], POCKET_D_ACE (5000), UDF1 (5000)
UDF1 checks
POCKET_D_ACE checks
Turn [3d Js As 9s], POCKET_D_ACE (5000), UDF1 (5000)
UDF1 checks
POCKET_D_ACE checks
River [3d Js As 9s 8d], POCKET_D_ACE (5000), UDF1 (5000)
UDF1 checks
POCKET_D_ACE checks
POCKET_D_ACE shows [Kh 4c]
UDF1 shows [8h 2d]
POCKET_D_ACE awarded -5000
UDF1 awarded 5000

Round #185, UDF1 (-3960), POCKET_D_ACE (3960)
UDF1 posts blind: 10
POCKET_D_ACE posts blind: 20
UDF1 received [9s 5h]
POCKET_D_ACE received [Jc 5s]
UDF1 raises to 5000
POCKET_D_ACE calls
Flop [3c As 3d], UDF1 (5000), POCKET_D_ACE (5000)
POCKET_D_ACE bids 0
UDF1 bids 0
UDF1 won the auction and was revealed [Jc]
POCKET_D_ACE won the auction and was revealed [5h]
Flop [3c As 3d], UDF1 (5000), POCKET_D_ACE (5000)
POCKET_D_ACE checks
UDF1 checks
Turn [3c As 3d 8c], UDF1 (5000), POCKET_D_ACE (5000)
POCKET_D_ACE checks
UDF1 checks
River [3c As 3d 8c 7c], UDF1 (5000), POCKET_D_ACE (5000)
POCKET_D_ACE checks
UDF1 checks
UDF1 shows [9s 5h]
POCKET_D_ACE shows [Jc 5s]
UDF1 awarded -5000
POCKET_D_ACE awarded 5000

Round #186, POCKET_D_ACE (8960), UDF1 (-8960)
POCKET_D_ACE posts blind: 10
UDF1 posts blind: 20
POCKET_D_ACE received [6s 5d]
UDF1 received [4s Qd]
POCKET_D_ACE folds
POCKET_D_ACE awarded -10
UDF1 awarded 10

Round #187, UDF1 (-8950), POCKET_D_ACE (8950)
UDF1 posts blind: 10
POCKET_D_ACE posts blind: 20
UDF1 received [Kc 7c]
POCKET_D_ACE received [7d 2d]
UDF1 raises to 5000
POCKET_D_ACE folds
UDF1 awarded 20
POCKET_D_ACE awarded -20

Round #188, POCKET_D_ACE (8930), UDF1 (-8930)
POCKET_D_ACE posts blind: 10
UDF1 posts blind: 20
POCKET_D_ACE received [8h 4s]
UDF1 received [9d Qd]
POCKET_D_ACE calls
UDF1 raises to 5000
POCKET_D_ACE folds
POCKET_D_ACE awarded -20
UDF1 awarded 20

Round #189, UDF1 (-8910), POCKET_D_ACE (8910)
UDF1 posts blind: 10
POCKET_D_ACE posts blind: 20
UDF1 received [4c Ad]
POCKET_D_ACE received [6h 9d]
UDF1 raises to 5000
POCKET_D_ACE calls
Flop [Ac 5h 3h], UDF1 (5000), POCKET_D_ACE (5000)
POCKET_D_ACE bids 0
UDF1 bids 0
UDF1 won the auction and was revealed [6h]
POCKET_D_ACE won the auction and was revealed [Ad]
Flop [Ac 5h 3h], UDF1 (5000), POCKET_D_ACE (5000)
POCKET_D_ACE checks
UDF1 checks
Turn [Ac 5h 3h 2c], UDF1 (5000), POCKET_D_ACE (5000)
POCKET_D_ACE checks
UDF1 checks
River [Ac 5h 3h 2c Th], UDF1 (5000), POCKET_D_ACE (5000)
POCKET_D_ACE checks
UDF1 checks
UDF1 shows [4c Ad]
POCKET_D_ACE shows [6h 9d]
UDF1 awarded 5000
POCKET_D_ACE awarded -5000

Round #190, POCKET_D_ACE (3910), UDF1 (-3910)
POCKET_D_ACE posts blind: 10
UDF1 posts blind: 20
POCKET_D_ACE received [Ts Kh]
UDF1 received [Kd 9d]
POCKET_D_ACE calls
UDF1 raises to 5000
POCKET_D_ACE calls
Flop [Ah Qs Ac], POCKET_D_ACE (5000), UDF1 (5000)
UDF1 bids 0
POCKET_D_ACE bids 0
POCKET_D_ACE won the auction and was revealed [Kd]
UDF1 won the auction and was revealed [Ts]
Flop [Ah Qs Ac], POCKET_D_ACE (5000), UDF1 (5000)
UDF1 checks
POCKET_D_ACE checks
Turn [Ah Qs Ac Jc], POCKET_D_ACE (5000), UDF1 (5000)
UDF1 checks
POCKET_D_ACE checks
River [Ah Qs Ac Jc 6c], POCKET_D_ACE (5000), UDF1 (5000)
UDF1 checks
POCKET_D_ACE checks
POCKET_D_ACE shows [Ts Kh]
UDF1 shows [Kd 9d]
POCKET_D_ACE awarded 5000
UDF1 awarded -5000

Round #191, UDF1 (-8910), POCKET_D_ACE (8910)
UDF1 posts blind: 10
POCKET_D_ACE posts blind: 20
UDF1 received [8d 4s]
POCKET_D_ACE received [7h 2d]
UDF1 raises to 5000
POCKET_D_ACE folds
UDF1 awarded 20
POCKET_D_ACE awarded -20

Round #192, POCKET_D_ACE (8890), UDF1 (-8890)
POCKET_D_ACE posts blind: 10
UDF1 posts blind: 20
POCKET_D_ACE received [3h Tc]
UDF1 received [Kc 7h]
POCKET_D_ACE calls
UDF1 raises to 5000
POCKET_D_ACE folds
POCKET_D_ACE awarded -20
UDF1 awarded 20

Round #193, UDF1 (-8870), POCKET_D_ACE (8870)
UDF1 posts blind: 10
POCKET_D_ACE posts blind: 20
UDF1 received [5s 5c]
POCKET_D_ACE received [4h Kd]
UDF1 raises to 5000
POCKET_D_ACE calls
Flop [Qc Qh Ts], UDF1 (5000), POCKET_D_ACE (5000)
POCKET_D_ACE bids 0
UDF1 bids 0
UDF1 won the auction and was revealed [4h]
POCKET_D_ACE won the auction and was revealed [5c]
Flop [Qc Qh Ts], UDF1 (5000), POCKET_D_ACE (5000)
POCKET_D_ACE checks
UDF1 checks
Turn [Qc Qh Ts Ks], UDF1 (5000), POCKET_D_ACE (5000)
POCKET_D_ACE checks
UDF1 checks
River [Qc Qh Ts Ks 6h], UDF1 (5000), POCKET_D_ACE (5000)
POCKET_D_ACE checks
UDF1 checks
UDF1 shows [5s 5c]
POCKET_D_ACE shows [4h Kd]
UDF1 awarded -5000
POCKET_D_ACE awarded 5000

Round #194, POCKET_D_ACE (13870), UDF1 (-13870)
POCKET_D_ACE posts blind: 10
UDF1 posts blind: 20
POCKET_D_ACE received [5c Js]
UDF1 received [8c Jd]
POCKET_D_ACE calls
UDF1 raises to 5000
POCKET_D_ACE calls
Flop [3d 6h 6c], POCKET_D_ACE (5000), UDF1 (5000)
UDF1 bids 0
POCKET_D_ACE bids 0
POCKET_D_ACE won the auction and was revealed [8c]
UDF1 won the auction and was revealed [5c]
Flop [3d 6h 6c], POCKET_D_ACE (5000), UDF1 (5000)
UDF1 checks
POCKET_D_ACE checks
Turn [3d 6h 6c As], POCKET_D_ACE (5000), UDF1 (5000)
UDF1 checks
POCKET_D_ACE checks
River [3d 6h 6c As Ah], POCKET_D_ACE (5000), UDF1 (5000)
UDF1 checks
POCKET_D_ACE checks
POCKET_D_ACE shows [5c Js]
UDF1 shows [8c Jd]
POCKET_D_ACE awarded 0
UDF1 awarded 0

Round #195, UDF1 (-13870), POCKET_D_ACE (13870)
UDF1 posts blind: 10
POCKET_D_ACE posts blind: 20
UDF1 received [8d 3h]
POCKET_D_ACE received [Jd Qh]
UDF1 raises to 5000
POCKET_D_ACE calls
Flop [9d 3s Kd], UDF1 (5000), POCKET_D_ACE (5000)
POCKET_D_ACE bids 0
UDF1 bids 0
UDF1 won the auction and was revealed [Jd]
POCKET_D_ACE won the auction and was revealed [3h]
Flop [9d 3s Kd], UDF1 (5000), POCKET_D_ACE (5000)
POCKET_D_ACE checks
UDF1 checks
Turn [9d 3s Kd 7h], UDF1 (5000), POCKET_D_ACE (5000)
POCKET_D_ACE checks
UDF1 checks
River [9d 3s Kd 7h 9h], UDF1 (5000), POCKET_D_ACE (5000)
POCKET_D_ACE checks
UDF1 checks
UDF1 shows [8d 3h]
POCKET_D_ACE shows [Jd Qh]
UDF1 awarded 5000
POCKET_D_ACE awarded -5000

Round #196, POCKET_D_ACE (8870), UDF1 (-8870)
POCKET_D_ACE posts blind: 10
UDF1 posts blind: 20
POCKET_D_ACE received [4h 9h]
UDF1 received [6s Tc]
POCKET_D_ACE calls
UDF1 raises to 5000
POCKET_D_ACE calls
Flop [Ah 3h 5s], POCKET_D_ACE (5000), UDF1 (5000)
UDF1 bids 0
POCKET_D_ACE bids 0
POCKET_D_ACE won the auction and was revealed [Tc]
UDF1 won the auction and was revealed [9h]
Flop [Ah 3h 5s], POCKET_D_ACE (5000), UDF1 (5000)
UDF1 checks
POCKET_D_ACE checks
Turn [Ah 3h 5s 6c], POCKET_D_ACE (5000), UDF1 (5000)
UDF1 checks
POCKET_D_ACE checks
River [Ah 3h 5s 6c 5d], POCKET_D_ACE (5000), UDF1 (5000)
UDF1 checks
POCKET_D_ACE checks
POCKET_D_ACE shows [4h 9h]
UDF1 shows [6s Tc]
POCKET_D_ACE awarded -5000
UDF1 awarded 5000

Round #197, UDF1 (-3870), POCKET_D_ACE (3870)
UDF1 posts blind: 10
POCKET_D_ACE posts blind: 20
UDF1 received [3d 2c]
POCKET_D_ACE received [Kh 8c]
UDF1 raises to 5000
POCKET_D_ACE calls
Flop [8s 4h 9d], UDF1 (5000), POCKET_D_ACE (5000)
POCKET_D_ACE bids 0
UDF1 bids 0
UDF1 won the auction and was revealed [8c]
POCKET_D_ACE won the auction and was revealed [3d]
Flop [8s 4h 9d], UDF1 (5000), POCKET_D_ACE (5000)
POCKET_D_ACE checks
UDF1 checks
Turn [8s 4h 9d 3h], UDF1 (5000), POCKET_D_ACE (5000)
POCKET_D_ACE checks
UDF1 checks
River [8s 4h 9d 3h 6d], UDF1 (5000), POCKET_D_ACE (5000)
POCKET_D_ACE checks
UDF1 checks
UDF1 shows [3d 2c]
POCKET_D_ACE shows [Kh 8c]
UDF1 awarded -5000
POCKET_D_ACE awarded 5000

Round #198, POCKET_D_ACE (8870), UDF1 (-8870)
POCKET_D_ACE posts blind: 10
UDF1 posts blind: 20
POCKET_D_ACE received [2d Qs]
UDF1 received [4s 8h]
POCKET_D_ACE calls
UDF1 raises to 5000
POCKET_D_ACE folds
POCKET_D_ACE awarded -20
UDF1 awarded 20

Round #199, UDF1 (-8850), POCKET_D_ACE (8850)
UDF1 posts blind: 10
POCKET_D_ACE posts blind: 20
UDF1 received [8h 5h]
POCKET_D_ACE received [9d 6h]
UDF1 raises to 5000
POCKET_D_ACE calls
Flop [2h Qs Ks], UDF1 (5000), POCKET_D_ACE (5000)
POCKET_D_ACE bids 0
UDF1 bids 0
UDF1 won the auction and was revealed [9d]
POCKET_D_ACE won the auction and was revealed [8h]
Flop [2h Qs Ks], UDF1 (5000), POCKET_D_ACE (5000)
POCKET_D_ACE checks
UDF1 checks
Turn [2h Qs Ks 2c], UDF1 (5000), POCKET_D_ACE (5000)
POCKET_D_ACE checks
UDF1 checks
River [2h Qs Ks 2c Th], UDF1 (5000), POCKET_D_ACE (5000)
POCKET_D_ACE checks
UDF1 checks
UDF1 shows [8h 5h]
POCKET_D_ACE shows [9d 6h]
UDF1 awarded 0
POCKET_D_ACE awarded 0

Round #200, POCKET_D_ACE (8850), UDF1 (-8850)
POCKET_D_ACE posts blind: 10
UDF1 posts blind: 20
POCKET_D_ACE received [Ad Qh]
UDF1 received [8s 5d]
POCKET_D_ACE calls
UDF1 raises to 5000
POCKET_D_ACE calls
Flop [5s Js 9d], POCKET_D_ACE (5000), UDF1 (5000)
UDF1 bids 0
POCKET_D_ACE bids 0
POCKET_D_ACE won the auction and was revealed [5d]
UDF1 won the auction and was revealed [Ad]
Flop [5s Js 9d], POCKET_D_ACE (5000), UDF1 (5000)
UDF1 checks
POCKET_D_ACE checks
Turn [5s Js 9d 8c], POCKET_D_ACE (5000), UDF1 (5000)
UDF1 checks
POCKET_D_ACE checks
River [5s Js 9d 8c 5h], POCKET_D_ACE (5000), UDF1 (5000)
UDF1 checks
POCKET_D_ACE checks
POCKET_D_ACE shows [Ad Qh]
UDF1 shows [8s 5d]
POCKET_D_ACE awarded -5000
UDF1 awarded 5000

Round #201, UDF1 (-3850), POCKET_D_ACE (3850)
UDF1 posts blind: 10
POCKET_D_ACE posts blind: 20
UDF1 received [8h Jd]
POCKET_D_ACE received [Kc 6h]
UDF1 raises to 5000
POCKET_D_ACE calls
Flop [5s 5h Kd], UDF1 (5000), POCKET_D_ACE (5000)
POCKET_D_ACE bids 0
UDF1 bids 0
UDF1 won the auction and was revealed [Kc]
POCKET_D_ACE won the auction and was revealed [8h]
Flop [5s 5h Kd], UDF1 (5000), POCKET_D_ACE (5000)
POCKET_D_ACE checks
UDF1 checks
Turn [5s 5h Kd 2d], UDF1 (5000), POCKET_D_ACE (5000)
POCKET_D_ACE checks
UDF1 checks
River [5s 5h Kd 2d 3c], UDF1 (5000), POCKET_D_ACE (5000)
POCKET_D_ACE checks
UDF1 checks
UDF1 shows [8h Jd]
POCKET_D_ACE shows [Kc 6h]
UDF1 awarded -5000
POCKET_D_ACE awarded 5000

Round #202, POCKET_D_ACE (8850), UDF1 (-8850)
POCKET_D_ACE posts blind: 10
UDF1 posts blind: 20
POCKET_D_ACE received [9h 3s]
UDF1 received [Jc Ac]
POCKET_D_ACE calls
UDF1 raises to 5000
POCKET_D_ACE folds
POCKET_D_ACE awarded -20
UDF1 awarded 20

Round #203, UDF1 (-8830), POCKET_D_ACE (8830)
UDF1 posts blind: 10
POCKET_D_ACE posts blind: 20
UDF1 received [9d Th]
POCKET_D_ACE received [As 8d]
UDF1 raises to 5000
POCKET_D_ACE calls
Flop [2d 4d 8s], UDF1 (5000), POCKET_D_ACE (5000)
POCKET_D_ACE bids 0
UDF1 bids 0
UDF1 won the auction and was revealed [As]
POCKET_D_ACE won the auction and was revealed [9d]
Flop [2d 4d 8s], UDF1 (5000), POCKET_D_ACE (5000)
POCKET_D_ACE checks
UDF1 checks
Turn [2d 4d 8s 5h], UDF1 (5000), POCKET_D_ACE (5000)
POCKET_D_ACE checks
UDF1 checks
River [2d 4d 8s 5h 3c], UDF1 (5000), POCKET_D_ACE (5000)
POCKET_D_ACE checks
UDF1 checks
UDF1 shows [9d Th]
POCKET_D_ACE shows [As 8d]
UDF1 awarded -5000
POCKET_D_ACE awarded 5000

Round #204, POCKET_D_ACE (13830), UDF1 (-13830)
POCKET_D_ACE posts blind: 10
UDF1 posts blind: 20
POCKET_D_ACE received [9s 5d]
UDF1 received [2s Ac]
POCKET_D_ACE calls
UDF1 raises to 5000
POCKET_D_ACE folds
POCKET_D_ACE awarded -20
UDF1 awarded 20

Round #205, UDF1 (-13810), POCKET_D_ACE (13810)
UDF1 posts blind: 10
POCKET_D_ACE posts blind: 20
UDF1 received [Jc 3s]
POCKET_D_ACE received [9c Td]
UDF1 raises to 5000
POCKET_D_ACE calls
Flop [7c 9h Kc], UDF1 (5000), POCKET_D_ACE (5000)
POCKET_D_ACE bids 0
UDF1 bids 0
UDF1 won the auction and was revealed [9c]
POCKET_D_ACE won the auction and was revealed [Jc]
Flop [7c 9h Kc], UDF1 (5000), POCKET_D_ACE (5000)
POCKET_D_ACE checks
UDF1 checks
Turn [7c 9h Kc 6d], UDF1 (5000), POCKET_D_ACE (5000)
POCKET_D_ACE checks
UDF1 checks
River [7c 9h Kc 6d 4d], UDF1 (5000), POCKET_D_ACE (5000)
POCKET_D_ACE checks
UDF1 checks
UDF1 shows [Jc 3s]
POCKET_D_ACE shows [9c Td]
UDF1 awarded -5000
POCKET_D_ACE awarded 5000

Round #206, POCKET_D_ACE (18810), UDF1 (-18810)
POCKET_D_ACE posts blind: 10
UDF1 posts blind: 20
POCKET_D_ACE received [7d 5c]
UDF1 received [Kh Jc]
POCKET_D_ACE calls
UDF1 raises to 5000
POCKET_D_ACE folds
POCKET_D_ACE awarded -20
UDF1 awarded 20

Round #207, UDF1 (-18790), POCKET_D_ACE (18790)
UDF1 posts blind: 10
POCKET_D_ACE posts blind: 20
UDF1 received [Jd 5d]
POCKET_D_ACE received [7s 2d]
UDF1 raises to 5000
POCKET_D_ACE folds
UDF1 awarded 20
POCKET_D_ACE awarded -20

Round #208, POCKET_D_ACE (18770), UDF1 (-18770)
POCKET_D_ACE posts blind: 10
UDF1 posts blind: 20
POCKET_D_ACE received [3d Qs]
UDF1 received [2h 3c]
POCKET_D_ACE calls
UDF1 raises to 5000
POCKET_D_ACE folds
POCKET_D_ACE awarded -20
UDF1 awarded 20

Round #209, UDF1 (-18750), POCKET_D_ACE (18750)
UDF1 posts blind: 10
POCKET_D_ACE posts blind: 20
UDF1 received [2c 9c]
POCKET_D_ACE received [Jh Js]
UDF1 raises to 5000
POCKET_D_ACE calls
Flop [4d 4c Ad], UDF1 (5000), POCKET_D_ACE (5000)
POCKET_D_ACE bids 0
UDF1 bids 0
UDF1 won the auction and was revealed [Jh]
POCKET_D_ACE won the auction and was revealed [9c]
Flop [4d 4c Ad], UDF1 (5000), POCKET_D_ACE (5000)
POCKET_D_ACE checks
UDF1 checks
Turn [4d 4c Ad 9d], UDF1 (5000), POCKET_D_ACE (5000)
POCKET_D_ACE checks
UDF1 checks
River [4d 4c Ad 9d 4s], UDF1 (5000), POCKET_D_ACE (5000)
POCKET_D_ACE checks
UDF1 checks
UDF1 shows [2c 9c]
POCKET_D_ACE shows [Jh Js]
UDF1 awarded -5000
POCKET_D_ACE awarded 5000

Round #210, POCKET_D_ACE (23750), UDF1 (-23750)
POCKET_D_ACE posts blind: 10
UDF1 posts blind: 20
POCKET_D_ACE received [Kh 6d]
UDF1 received [5c 2c]
POCKET_D_ACE calls
UDF1 raises to 5000
POCKET_D_ACE calls
Flop [Ah 4h 8d], POCKET_D_ACE (5000), UDF1 (5000)
UDF1 bids 0
POCKET_D_ACE bids 0
POCKET_D_ACE won the auction and was revealed [2c]
UDF1 won the auction and was revealed [Kh]
Flop [Ah 4h 8d], POCKET_D_ACE (5000), UDF1 (5000)
UDF1 checks
POCKET_D_ACE checks
Turn [Ah 4h 8d 2h], POCKET_D_ACE (5000), UDF1 (5000)
UDF1 checks
POCKET_D_ACE checks
River [Ah 4h 8d 2h 5d], POCKET_D_ACE (5000), UDF1 (5000)
UDF1 checks
POCKET_D_ACE checks
POCKET_D_ACE shows [Kh 6d]
UDF1 shows [5c 2c]
POCKET_D_ACE awarded -5000
UDF1 awarded 5000

Round #211, UDF1 (-18750), POCKET_D_ACE (18750)
UDF1 posts blind: 10
POCKET_D_ACE posts blind: 20
UDF1 received [Kc 4d]
POCKET_D_ACE received [Ad 6h]
UDF1 raises to 5000
POCKET_D_ACE calls
Flop [7h 3c Jd], UDF1 (5000), POCKET_D_ACE (5000)
POCKET_D_ACE bids 0
UDF1 bids 0
UDF1 won the auction and was revealed [6h]
POCKET_D_ACE won the auction and was revealed [Kc]
Flop [7h 3c Jd], UDF1 (5000), POCKET_D_ACE (5000)
POCKET_D_ACE checks
UDF1 checks
Turn [7h 3c Jd Qs], UDF1 (5000), POCKET_D_ACE (5000)
POCKET_D_ACE checks
UDF1 checks
River [7h 3c Jd Qs 4c], UDF1 (5000), POCKET_D_ACE (5000)
POCKET_D_ACE checks
UDF1 checks
UDF1 shows [Kc 4d]
POCKET_D_ACE shows [Ad 6h]
UDF1 awarded 5000
POCKET_D_ACE awarded -5000

Round #212, POCKET_D_ACE (13750), UDF1 (-13750)
POCKET_D_ACE posts blind: 10
UDF1 posts blind: 20
POCKET_D_ACE received [8h 9c]
UDF1 received [5d Qs]
POCKET_D_ACE calls
UDF1 raises to 5000
POCKET_D_ACE calls
Flop [9s 8c 5c], POCKET_D_ACE (5000), UDF1 (5000)
UDF1 bids 0
POCKET_D_ACE bids 0
POCKET_D_ACE won the auction and was revealed [Qs]
UDF1 won the auction and was revealed [8h]
Flop [9s 8c 5c], POCKET_D_ACE (5000), UDF1 (5000)
UDF1 checks
POCKET_D_ACE checks
Turn [9s 8c 5c 4c], POCKET_D_ACE (5000), UDF1 (5000)
UDF1 checks
POCKET_D_ACE checks
River [9s 8c 5c 4c Ad], POCKET_D_ACE (5000), UDF1 (5000)
UDF1 checks
POCKET_D_ACE checks
POCKET_D_ACE shows [8h 9c]
UDF1 shows [5d Qs]
POCKET_D_ACE awarded 5000
UDF1 awarded -5000

Round #213, UDF1 (-18750), POCKET_D_ACE (18750)
UDF1 posts blind: 10
POCKET_D_ACE posts blind: 20
UDF1 received [Qh 6d]
POCKET_D_ACE received [Tc 2h]
UDF1 raises to 5000
POCKET_D_ACE folds
UDF1 awarded 20
POCKET_D_ACE awarded -20

Round #214, POCKET_D_ACE (18730), UDF1 (-18730)
POCKET_D_ACE posts blind: 10
UDF1 posts blind: 20
POCKET_D_ACE received [5d 2s]
UDF1 received [Tc 7h]
POCKET_D_ACE folds
POCKET_D_ACE awarded -10
UDF1 awarded 10

Round #215, UDF1 (-18720), POCKET_D_ACE (18720)
UDF1 posts blind: 10
POCKET_D_ACE posts blind: 20
UDF1 received [Jc 3s]
POCKET_D_ACE received [9c 8h]
UDF1 raises to 5000
POCKET_D_ACE calls
Flop [3h 4c 6s], UDF1 (5000), POCKET_D_ACE (5000)
POCKET_D_ACE bids 0
UDF1 bids 0
UDF1 won the auction and was revealed [8h]
POCKET_D_ACE won the auction and was revealed [Jc]
Flop [3h 4c 6s], UDF1 (5000), POCKET_D_ACE (5000)
POCKET_D_ACE checks
UDF1 checks
Turn [3h 4c 6s Ts], UDF1 (5000), POCKET_D_ACE (5000)
POCKET_D_ACE checks
UDF1 checks
River [3h 4c 6s Ts 7s], UDF1 (5000), POCKET_D_ACE (5000)
POCKET_D_ACE checks
UDF1 checks
UDF1 shows [Jc 3s]
POCKET_D_ACE shows [9c 8h]
UDF1 awarded -5000
POCKET_D_ACE awarded 5000

Round #216, POCKET_D_ACE (23720), UDF1 (-23720)
POCKET_D_ACE posts blind: 10
UDF1 posts blind: 20
POCKET_D_ACE received [9c 4s]
UDF1 received [7c Jh]
POCKET_D_ACE calls
UDF1 raises to 5000
POCKET_D_ACE folds
POCKET_D_ACE awarded -20
UDF1 awarded 20

Round #217, UDF1 (-23700), POCKET_D_ACE (23700)
UDF1 posts blind: 10
POCKET_D_ACE posts blind: 20
UDF1 received [2c 6s]
POCKET_D_ACE received [2s 7c]
UDF1 raises to 5000
POCKET_D_ACE folds
UDF1 awarded 20
POCKET_D_ACE awarded -20

Round #218, POCKET_D_ACE (23680), UDF1 (-23680)
POCKET_D_ACE posts blind: 10
UDF1 posts blind: 20
POCKET_D_ACE received [4d 7d]
UDF1 received [Qh 9s]
POCKET_D_ACE calls
UDF1 raises to 5000
POCKET_D_ACE calls
Flop [3c Jh 6s], POCKET_D_ACE (5000), UDF1 (5000)
UDF1 bids 0
POCKET_D_ACE bids 0
POCKET_D_ACE won the auction and was revealed [9s]
UDF1 won the auction and was revealed [7d]
Flop [3c Jh 6s], POCKET_D_ACE (5000), UDF1 (5000)
UDF1 checks
POCKET_D_ACE checks
Turn [3c Jh 6s Qd], POCKET_D_ACE (5000), UDF1 (5000)
UDF1 checks
POCKET_D_ACE checks
River [3c Jh 6s Qd 2d], POCKET_D_ACE (5000), UDF1 (5000)
UDF1 checks
POCKET_D_ACE checks
POCKET_D_ACE shows [4d 7d]
UDF1 shows [Qh 9s]
POCKET_D_ACE awarded -5000
UDF1 awarded 5000

Round #219, UDF1 (-18680), POCKET_D_ACE (18680)
UDF1 posts blind: 10
POCKET_D_ACE posts blind: 20
UDF1 received [2h Kh]
POCKET_D_ACE received [Ah Jd]
UDF1 raises to 5000
POCKET_D_ACE calls
Flop [7c 2s 5c], UDF1 (5000), POCKET_D_ACE (5000)
POCKET_D_ACE bids 0
UDF1 bids 0
UDF1 won the auction and was revealed [Jd]
POCKET_D_ACE won the auction and was revealed [2h]
Flop [7c 2s 5c], UDF1 (5000), POCKET_D_ACE (5000)
POCKET_D_ACE checks
UDF1 checks
Turn [7c 2s 5c Qd], UDF1 (5000), POCKET_D_ACE (5000)
POCKET_D_ACE checks
UDF1 checks
River [7c 2s 5c Qd 6d], UDF1 (5000), POCKET_D_ACE (5000)
POCKET_D_ACE checks
UDF1 checks
UDF1 shows [2h Kh]
POCKET_D_ACE shows [Ah Jd]
UDF1 awarded 5000
POCKET_D_ACE awarded -5000

Round #220, POCKET_D_ACE (13680), UDF1 (-13680)
POCKET_D_ACE posts blind: 10
UDF1 posts blind: 20
POCKET_D_ACE received [2d 6c]
UDF1 received [9c 3s]
POCKET_D_ACE folds
POCKET_D_ACE awarded -10
UDF1 awarded 10

Round #221, UDF1 (-13670), POCKET_D_ACE (13670)
UDF1 posts blind: 10
POCKET_D_ACE posts blind: 20
UDF1 received [3d 8c]
POCKET_D_ACE received [Jh 7d]
UDF1 raises to 5000
POCKET_D_ACE calls
Flop [Kc 3c Ks], UDF1 (5000), POCKET_D_ACE (5000)
POCKET_D_ACE bids 0
UDF1 bids 0
UDF1 won the auction and was revealed [7d]
POCKET_D_ACE won the auction and was revealed [8c]
Flop [Kc 3c Ks], UDF1 (5000), POCKET_D_ACE (5000)
POCKET_D_ACE checks
UDF1 checks
Turn [Kc 3c Ks 5s], UDF1 (5000), POCKET_D_ACE (5000)
POCKET_D_ACE checks
UDF1 checks
River [Kc 3c Ks 5s 7h], UDF1 (5000), POCKET_D_ACE (5000)
POCKET_D_ACE checks
UDF1 checks
UDF1 shows [3d 8c]
POCKET_D_ACE shows [Jh 7d]
UDF1 awarded -5000
POCKET_D_ACE awarded 5000

Round #222, POCKET_D_ACE (18670), UDF1 (-18670)
POCKET_D_ACE posts blind: 10
UDF1 posts blind: 20
POCKET_D_ACE received [5h 5d]
UDF1 received [Kh 3s]
POCKET_D_ACE calls
UDF1 raises to 5000
POCKET_D_ACE calls
Flop [4s 7d 9h], POCKET_D_ACE (5000), UDF1 (5000)
UDF1 bids 0
POCKET_D_ACE bids 0
POCKET_D_ACE won the auction and was revealed [3s]
UDF1 won the auction and was revealed [5h]
Flop [4s 7d 9h], POCKET_D_ACE (5000), UDF1 (5000)
UDF1 checks
POCKET_D_ACE checks
Turn [4s 7d 9h 4c], POCKET_D_ACE (5000), UDF1 (5000)
UDF1 checks
POCKET_D_ACE checks
River [4s 7d 9h 4c Qh], POCKET_D_ACE (5000), UDF1 (5000)
UDF1 checks
POCKET_D_ACE checks
POCKET_D_ACE shows [5h 5d]
UDF1 shows [Kh 3s]
POCKET_D_ACE awarded 5000
UDF1 awarded -5000

Round #223, UDF1 (-23670), POCKET_D_ACE (23670)
UDF1 posts blind: 10
POCKET_D_ACE posts blind: 20
UDF1 received [6h 5h]
POCKET_D_ACE received [7c Ks]
UDF1 raises to 5000
POCKET_D_ACE calls
Flop [Jh 9c As], UDF1 (5000), POCKET_D_ACE (5000)
POCKET_D_ACE bids 0
UDF1 bids 0
UDF1 won the auction and was revealed [7c]
POCKET_D_ACE won the auction and was revealed [6h]
Flop [Jh 9c As], UDF1 (5000), POCKET_D_ACE (5000)
POCKET_D_ACE checks
UDF1 checks
Turn [Jh 9c As 5s], UDF1 (5000), POCKET_D_ACE (5000)
POCKET_D_ACE checks
UDF1 checks
River [Jh 9c As 5s 8h], UDF1 (5000), POCKET_D_ACE (5000)
POCKET_D_ACE checks
UDF1 checks
UDF1 shows [6h 5h]
POCKET_D_ACE shows [7c Ks]
UDF1 awarded 5000
POCKET_D_ACE awarded -5000

Round #224, POCKET_D_ACE (18670), UDF1 (-18670)
POCKET_D_ACE posts blind: 10
UDF1 posts blind: 20
POCKET_D_ACE received [9h 2h]
UDF1 received [7c Ad]
POCKET_D_ACE calls
UDF1 raises to 5000
POCKET_D_ACE folds
POCKET_D_ACE awarded -20
UDF1 awarded 20

Round #225, UDF1 (-18650), POCKET_D_ACE (18650)
UDF1 posts blind: 10
POCKET_D_ACE posts blind: 20
UDF1 received [Qs 2d]
POCKET_D_ACE received [6c Kd]
UDF1 raises to 5000
POCKET_D_ACE calls
Flop [3d Qd 5s], UDF1 (5000), POCKET_D_ACE (5000)
POCKET_D_ACE bids 0
UDF1 bids 0
UDF1 won the auction and was revealed [6c]
POCKET_D_ACE won the auction and was revealed [Qs]
Flop [3d Qd 5s], UDF1 (5000), POCKET_D_ACE (5000)
POCKET_D_ACE checks
UDF1 checks
Turn [3d Qd 5s 2c], UDF1 (5000), POCKET_D_ACE (5000)
POCKET_D_ACE checks
UDF1 checks
River [3d Qd 5s 2c Kc], UDF1 (5000), POCKET_D_ACE (5000)
POCKET_D_ACE checks
UDF1 checks
UDF1 shows [Qs 2d]
POCKET_D_ACE shows [6c Kd]
UDF1 awarded 5000
POCKET_D_ACE awarded -5000

Round #226, POCKET_D_ACE (13650), UDF1 (-13650)
POCKET_D_ACE posts blind: 10
UDF1 posts blind: 20
POCKET_D_ACE received [8h 2d]
UDF1 received [Qh 4d]
POCKET_D_ACE calls
UDF1 raises to 5000
POCKET_D_ACE folds
POCKET_D_ACE awarded -20
UDF1 awarded 20

Round #227, UDF1 (-13630), POCKET_D_ACE (13630)
UDF1 posts blind: 10
POCKET_D_ACE posts blind: 20
UDF1 received [Qd 7h]
POCKET_D_ACE received [9s 2s]
UDF1 raises to 5000
POCKET_D_ACE folds
UDF1 awarded 20
POCKET_D_ACE awarded -20

Round #228, POCKET_D_ACE (13610), UDF1 (-13610)
POCKET_D_ACE posts blind: 10
UDF1 posts blind: 20
POCKET_D_ACE received [Jc 5d]
UDF1 received [Ks 4s]
POCKET_D_ACE calls
UDF1 raises to 5000
POCKET_D_ACE calls
Flop [2d 3h Qc], POCKET_D_ACE (5000), UDF1 (5000)
UDF1 bids 0
POCKET_D_ACE bids 0
POCKET_D_ACE won the auction and was revealed [Ks]
UDF1 won the auction and was revealed [Jc]
Flop [2d 3h Qc], POCKET_D_ACE (5000), UDF1 (5000)
UDF1 checks
POCKET_D_ACE checks
Turn [2d 3h Qc Js], POCKET_D_ACE (5000), UDF1 (5000)
UDF1 checks
POCKET_D_ACE checks
River [2d 3h Qc Js Ah], POCKET_D_ACE (5000), UDF1 (5000)
UDF1 checks
POCKET_D_ACE checks
POCKET_D_ACE shows [Jc 5d]
UDF1 shows [Ks 4s]
POCKET_D_ACE awarded 5000
UDF1 awarded -5000

Round #229, UDF1 (-18610), POCKET_D_ACE (18610)
UDF1 posts blind: 10
POCKET_D_ACE posts blind: 20
UDF1 received [4d Ad]
POCKET_D_ACE received [Qs 8h]
UDF1 raises to 5000
POCKET_D_ACE calls
Flop [7s Ah 2d], UDF1 (5000), POCKET_D_ACE (5000)
POCKET_D_ACE bids 0
UDF1 bids 0
UDF1 won the auction and was revealed [Qs]
POCKET_D_ACE won the auction and was revealed [4d]
Flop [7s Ah 2d], UDF1 (5000), POCKET_D_ACE (5000)
POCKET_D_ACE checks
UDF1 checks
Turn [7s Ah 2d 3h], UDF1 (5000), POCKET_D_ACE (5000)
POCKET_D_ACE checks
UDF1 checks
River [7s Ah 2d 3h 9h], UDF1 (5000), POCKET_D_ACE (5000)
POCKET_D_ACE checks
UDF1 checks
UDF1 shows [4d Ad]
POCKET_D_ACE shows [Qs 8h]
UDF1 awarded 5000
POCKET_D_ACE awarded -5000

Round #230, POCKET_D_ACE (13610), UDF1 (-13610)
POCKET_D_ACE posts blind: 10
UDF1 posts blind: 20
POCKET_D_ACE received [9c Ac]
UDF1 received [7s 7c]
POCKET_D_ACE calls
UDF1 raises to 5000
POCKET_D_ACE calls
Flop [2d Qh 9s], POCKET_D_ACE (5000), UDF1 (5000)
UDF1 bids 0
POCKET_D_ACE bids 0
POCKET_D_ACE won the auction and was revealed [7c]
UDF1 won the auction and was revealed [9c]
Flop [2d Qh 9s], POCKET_D_ACE (5000), UDF1 (5000)
UDF1 checks
POCKET_D_ACE checks
Turn [2d Qh 9s 6s], POCKET_D_ACE (5000), UDF1 (5000)
UDF1 checks
POCKET_D_ACE checks
River [2d Qh 9s 6s 2h], POCKET_D_ACE (5000), UDF1 (5000)
UDF1 checks
POCKET_D_ACE checks
POCKET_D_ACE shows [9c Ac]
UDF1 shows [7s 7c]
POCKET_D_ACE awarded 5000
UDF1 awarded -5000

Round #231, UDF1 (-18610), POCKET_D_ACE (18610)
UDF1 posts blind: 10
POCKET_D_ACE posts blind: 20
UDF1 received [4d 7s]
POCKET_D_ACE received [5h Jh]
UDF1 raises to 5000
POCKET_D_ACE calls
Flop [3d 5d 6h], UDF1 (5000), POCKET_D_ACE (5000)
POCKET_D_ACE bids 0
UDF1 bids 0
UDF1 won the auction and was revealed [Jh]
POCKET_D_ACE won the auction and was revealed [4d]
Flop [3d 5d 6h], UDF1 (5000), POCKET_D_ACE (5000)
POCKET_D_ACE checks
UDF1 checks
Turn [3d 5d 6h 3h], UDF1 (5000), POCKET_D_ACE (5000)
POCKET_D_ACE checks
UDF1 checks
River [3d 5d 6h 3h 8d], UDF1 (5000), POCKET_D_ACE (5000)
POCKET_D_ACE checks
UDF1 checks
UDF1 shows [4d 7s]
POCKET_D_ACE shows [5h Jh]
UDF1 awarded 5000
POCKET_D_ACE awarded -5000

Round #232, POCKET_D_ACE (13610), UDF1 (-13610)
POCKET_D_ACE posts blind: 10
UDF1 posts blind: 20
POCKET_D_ACE received [Tc 6h]
UDF1 received [5c 8h]
POCKET_D_ACE calls
UDF1 raises to 5000
POCKET_D_ACE calls
Flop [Jh Jc 6c], POCKET_D_ACE (5000), UDF1 (5000)
UDF1 bids 0
POCKET_D_ACE bids 0
POCKET_D_ACE won the auction and was revealed [5c]
UDF1 won the auction and was revealed [Tc]
Flop [Jh Jc 6c], POCKET_D_ACE (5000), UDF1 (5000)
UDF1 checks
POCKET_D_ACE checks
Turn [Jh Jc 6c 6d], POCKET_D_ACE (5000), UDF1 (5000)
UDF1 checks
POCKET_D_ACE checks
River [Jh Jc 6c 6d 7h], POCKET_D_ACE (5000), UDF1 (5000)
UDF1 checks
POCKET_D_ACE checks
POCKET_D_ACE shows [Tc 6h]
UDF1 shows [5c 8h]
POCKET_D_ACE awarded 5000
UDF1 awarded -5000

Round #233, UDF1 (-18610), POCKET_D_ACE (18610)
UDF1 posts blind: 10
POCKET_D_ACE posts blind: 20
UDF1 received [4d Qs]
POCKET_D_ACE received [9s 9c]
UDF1 raises to 5000
POCKET_D_ACE calls
Flop [Qd 7d 8h], UDF1 (5000), POCKET_D_ACE (5000)
POCKET_D_ACE bids 0
UDF1 bids 0
UDF1 won the auction and was revealed [9s]
POCKET_D_ACE won the auction and was revealed [4d]
Flop [Qd 7d 8h], UDF1 (5000), POCKET_D_ACE (5000)
POCKET_D_ACE checks
UDF1 checks
Turn [Qd 7d 8h Ac], UDF1 (5000), POCKET_D_ACE (5000)
POCKET_D_ACE checks
UDF1 checks
River [Qd 7d 8h Ac Kc], UDF1 (5000), POCKET_D_ACE (5000)
POCKET_D_ACE checks
UDF1 checks
UDF1 shows [4d Qs]
POCKET_D_ACE shows [9s 9c]
UDF1 awarded 5000
POCKET_D_ACE awarded -5000

Round #234, POCKET_D_ACE (13610), UDF1 (-13610)
POCKET_D_ACE posts blind: 10
UDF1 posts blind: 20
POCKET_D_ACE received [4s Kd]
UDF1 received [6h Ks]
POCKET_D_ACE calls
UDF1 raises to 5000
POCKET_D_ACE calls
Flop [8s 9h 3c], POCKET_D_ACE (5000), UDF1 (5000)
UDF1 bids 0
POCKET_D_ACE bids 0
POCKET_D_ACE won the auction and was revealed [Ks]
UDF1 won the auction and was revealed [Kd]
Flop [8s 9h 3c], POCKET_D_ACE (5000), UDF1 (5000)
UDF1 checks
POCKET_D_ACE checks
Turn [8s 9h 3c Qh], POCKET_D_ACE (5000), UDF1 (5000)
UDF1 checks
POCKET_D_ACE checks
River [8s 9h 3c Qh As], POCKET_D_ACE (5000), UDF1 (5000)
UDF1 checks
POCKET_D_ACE checks
POCKET_D_ACE shows [4s Kd]
UDF1 shows [6h Ks]
POCKET_D_ACE awarded 0
UDF1 awarded 0

Round #235, UDF1 (-13610), POCKET_D_ACE (13610)
UDF1 posts blind: 10
POCKET_D_ACE posts blind: 20
UDF1 received [5d Js]
POCKET_D_ACE received [6s Ac]
UDF1 raises to 5000
POCKET_D_ACE calls
Flop [4c 4s Kc], UDF1 (5000), POCKET_D_ACE (5000)
POCKET_D_ACE bids 0
UDF1 bids 0
UDF1 won the auction and was revealed [Ac]
POCKET_D_ACE won the auction and was revealed [Js]
Flop [4c 4s Kc], UDF1 (5000), POCKET_D_ACE (5000)
POCKET_D_ACE checks
UDF1 checks
Turn [4c 4s Kc Jh], UDF1 (5000), POCKET_D_ACE (5000)
POCKET_D_ACE checks
UDF1 checks
River [4c 4s Kc Jh 3d], UDF1 (5000), POCKET_D_ACE (5000)
POCKET_D_ACE checks
UDF1 checks
UDF1 shows [5d Js]
POCKET_D_ACE shows [6s Ac]
UDF1 awarded 5000
POCKET_D_ACE awarded -5000

Round #236, POCKET_D_ACE (8610), UDF1 (-8610)
POCKET_D_ACE posts blind: 10
UDF1 posts blind: 20
POCKET_D_ACE received [8s 2h]
UDF1 received [Ad 2s]
POCKET_D_ACE calls
UDF1 raises to 5000
POCKET_D_ACE folds
POCKET_D_ACE awarded -20
UDF1 awarded 20

Round #237, UDF1 (-8590), POCKET_D_ACE (8590)
UDF1 posts blind: 10
POCKET_D_ACE posts blind: 20
UDF1 received [Qs Tc]
POCKET_D_ACE received [3c Ts]
UDF1 raises to 5000
POCKET_D_ACE folds
UDF1 awarded 20
POCKET_D_ACE awarded -20

Round #238, POCKET_D_ACE (8570), UDF1 (-8570)
POCKET_D_ACE posts blind: 10
UDF1 posts blind: 20
POCKET_D_ACE received [Qs 2s]
UDF1 received [9d 5d]
POCKET_D_ACE calls
UDF1 raises to 5000
POCKET_D_ACE calls
Flop [6c Js Ad], POCKET_D_ACE (5000), UDF1 (5000)
UDF1 bids 0
POCKET_D_ACE bids 0
POCKET_D_ACE won the auction and was revealed [9d]
UDF1 won the auction and was revealed [2s]
Flop [6c Js Ad], POCKET_D_ACE (5000), UDF1 (5000)
UDF1 checks
POCKET_D_ACE checks
Turn [6c Js Ad 3h], POCKET_D_ACE (5000), UDF1 (5000)
UDF1 checks
POCKET_D_ACE checks
River [6c Js Ad 3h 9c], POCKET_D_ACE (5000), UDF1 (5000)
UDF1 checks
POCKET_D_ACE checks
POCKET_D_ACE shows [Qs 2s]
UDF1 shows [9d 5d]
POCKET_D_ACE awarded -5000
UDF1 awarded 5000

Round #239, UDF1 (-3570), POCKET_D_ACE (3570)
UDF1 posts blind: 10
POCKET_D_ACE posts blind: 20
UDF1 received [Jc 2h]
POCKET_D_ACE received [Ks 3s]
UDF1 raises to 5000
POCKET_D_ACE calls
Flop [5s Kh 7c], UDF1 (5000), POCKET_D_ACE (5000)
POCKET_D_ACE bids 0
UDF1 bids 0
UDF1 won the auction and was revealed [3s]
POCKET_D_ACE won the auction and was revealed [2h]
Flop [5s Kh 7c], UDF1 (5000), POCKET_D_ACE (5000)
POCKET_D_ACE checks
UDF1 checks
Turn [5s Kh 7c 5c], UDF1 (5000), POCKET_D_ACE (5000)
POCKET_D_ACE checks
UDF1 checks
River [5s Kh 7c 5c 6s], UDF1 (5000), POCKET_D_ACE (5000)
POCKET_D_ACE checks
UDF1 checks
UDF1 shows [Jc 2h]
POCKET_D_ACE shows [Ks 3s]
UDF1 awarded -5000
POCKET_D_ACE awarded 5000

Round #240, POCKET_D_ACE (8570), UDF1 (-8570)
POCKET_D_ACE posts blind: 10
UDF1 posts blind: 20
POCKET_D_ACE received [Jc 8c]
UDF1 received [Ah Js]
POCKET_D_ACE calls
UDF1 raises to 5000
POCKET_D_ACE calls
Flop [2d 7s Jh], POCKET_D_ACE (5000), UDF1 (5000)
UDF1 bids 0
POCKET_D_ACE bids 0
POCKET_D_ACE won the auction and was revealed [Js]
UDF1 won the auction and was revealed [8c]
Flop [2d 7s Jh], POCKET_D_ACE (5000), UDF1 (5000)
UDF1 checks
POCKET_D_ACE checks
Turn [2d 7s Jh 3c], POCKET_D_ACE (5000), UDF1 (5000)
UDF1 checks
POCKET_D_ACE checks
River [2d 7s Jh 3c 6h], POCKET_D_ACE (5000), UDF1 (5000)
UDF1 checks
POCKET_D_ACE checks
POCKET_D_ACE shows [Jc 8c]
UDF1 shows [Ah Js]
POCKET_D_ACE awarded -5000
UDF1 awarded 5000

Round #241, UDF1 (-3570), POCKET_D_ACE (3570)
UDF1 posts blind: 10
POCKET_D_ACE posts blind: 20
UDF1 received [8d 2s]
POCKET_D_ACE received [9s 4s]
UDF1 raises to 5000
POCKET_D_ACE calls
Flop [Kd Tc 4c], UDF1 (5000), POCKET_D_ACE (5000)
POCKET_D_ACE bids 0
UDF1 bids 0
UDF1 won the auction and was revealed [4s]
POCKET_D_ACE won the auction and was revealed [2s]
Flop [Kd Tc 4c], UDF1 (5000), POCKET_D_ACE (5000)
POCKET_D_ACE checks
UDF1 checks
Turn [Kd Tc 4c 5h], UDF1 (5000), POCKET_D_ACE (5000)
POCKET_D_ACE checks
UDF1 checks
River [Kd Tc 4c 5h Kc], UDF1 (5000), POCKET_D_ACE (5000)
POCKET_D_ACE checks
UDF1 checks
UDF1 shows [8d 2s]
POCKET_D_ACE shows [9s 4s]
UDF1 awarded -5000
POCKET_D_ACE awarded 5000

Round #242, POCKET_D_ACE (8570), UDF1 (-8570)
POCKET_D_ACE posts blind: 10
UDF1 posts blind: 20
POCKET_D_ACE received [Tc 2h]
UDF1 received [8c 5c]
POCKET_D_ACE calls
UDF1 raises to 5000
POCKET_D_ACE folds
POCKET_D_ACE awarded -20
UDF1 awarded 20

Round #243, UDF1 (-8550), POCKET_D_ACE (8550)
UDF1 posts blind: 10
POCKET_D_ACE posts blind: 20
UDF1 received [Ts Ad]
POCKET_D_ACE received [8s Td]
UDF1 raises to 5000
POCKET_D_ACE calls
Flop [2s 7d 4h], UDF1 (5000), POCKET_D_ACE (5000)
POCKET_D_ACE bids 0
UDF1 bids 0
UDF1 won the auction and was revealed [Td]
POCKET_D_ACE won the auction and was revealed [Ad]
Flop [2s 7d 4h], UDF1 (5000), POCKET_D_ACE (5000)
POCKET_D_ACE checks
UDF1 checks
Turn [2s 7d 4h Ks], UDF1 (5000), POCKET_D_ACE (5000)
POCKET_D_ACE checks
UDF1 checks
River [2s 7d 4h Ks Kc], UDF1 (5000), POCKET_D_ACE (5000)
POCKET_D_ACE checks
UDF1 checks
UDF1 shows [Ts Ad]
POCKET_D_ACE shows [8s Td]
UDF1 awarded 5000
POCKET_D_ACE awarded -5000

Round #244, POCKET_D_ACE (3550), UDF1 (-3550)
POCKET_D_ACE posts blind: 10
UDF1 posts blind: 20
POCKET_D_ACE received [Ah 9c]
UDF1 received [Td 8h]
POCKET_D_ACE calls
UDF1 raises to 5000
POCKET_D_ACE calls
Flop [7s 2h 3c], POCKET_D_ACE (5000), UDF1 (5000)
UDF1 bids 0
POCKET_D_ACE bids 0
POCKET_D_ACE won the auction and was revealed [8h]
UDF1 won the auction and was revealed [9c]
Flop [7s 2h 3c], POCKET_D_ACE (5000), UDF1 (5000)
UDF1 checks
POCKET_D_ACE checks
Turn [7s 2h 3c As], POCKET_D_ACE (5000), UDF1 (5000)
UDF1 checks
POCKET_D_ACE checks
River [7s 2h 3c As Qc], POCKET_D_ACE (5000), UDF1 (5000)
UDF1 checks
POCKET_D_ACE checks
POCKET_D_ACE shows [Ah 9c]
UDF1 shows [Td 8h]
POCKET_D_ACE awarded 5000
UDF1 awarded -5000

Round #245, UDF1 (-8550), POCKET_D_ACE (8550)
UDF1 posts blind: 10
POCKET_D_ACE posts blind: 20
UDF1 received [Jd Jh]
POCKET_D_ACE received [9h 3h]
UDF1 raises to 5000
POCKET_D_ACE folds
UDF1 awarded 20
POCKET_D_ACE awarded -20

Round #246, POCKET_D_ACE (8530), UDF1 (-8530)
POCKET_D_ACE posts blind: 10
UDF1 posts blind: 20
POCKET_D_ACE received [6d 5c]
UDF1 received [3c Qs]
POCKET_D_ACE folds
POCKET_D_ACE awarded -10
UDF1 awarded 10

Round #247, UDF1 (-8520), POCKET_D_ACE (8520)
UDF1 posts blind: 10
POCKET_D_ACE posts blind: 20
UDF1 received [Td 6d]
POCKET_D_ACE received [Jd Tc]
UDF1 raises to 5000
POCKET_D_ACE calls
Flop [Ad Kh 5h], UDF1 (5000), POCKET_D_ACE (5000)
POCKET_D_ACE bids 0
UDF1 bids 0
UDF1 won the auction and was revealed [Jd]
POCKET_D_ACE won the auction and was revealed [Td]
Flop [Ad Kh 5h], UDF1 (5000), POCKET_D_ACE (5000)
POCKET_D_ACE checks
UDF1 checks
Turn [Ad Kh 5h Ah], UDF1 (5000), POCKET_D_ACE (5000)
POCKET_D_ACE checks
UDF1 checks
River [Ad Kh 5h Ah 8c], UDF1 (5000), POCKET_D_ACE (5000)
POCKET_D_ACE checks
UDF1 checks
UDF1 shows [Td 6d]
POCKET_D_ACE shows [Jd Tc]
UDF1 awarded -5000
POCKET_D_ACE awarded 5000

Round #248, POCKET_D_ACE (13520), UDF1 (-13520)
POCKET_D_ACE posts blind: 10
UDF1 posts blind: 20
POCKET_D_ACE received [Ts Qh]
UDF1 received [Ad 6s]
POCKET_D_ACE calls
UDF1 raises to 5000
POCKET_D_ACE calls
Flop [3s As Kh], POCKET_D_ACE (5000), UDF1 (5000)
UDF1 bids 0
POCKET_D_ACE bids 0
POCKET_D_ACE won the auction and was revealed [6s]
UDF1 won the auction and was revealed [Qh]
Flop [3s As Kh], POCKET_D_ACE (5000), UDF1 (5000)
UDF1 checks
POCKET_D_ACE checks
Turn [3s As Kh Kd], POCKET_D_ACE (5000), UDF1 (5000)
UDF1 checks
POCKET_D_ACE checks
River [3s As Kh Kd 6d], POCKET_D_ACE (5000), UDF1 (5000)
UDF1 checks
POCKET_D_ACE checks
POCKET_D_ACE shows [Ts Qh]
UDF1 shows [Ad 6s]
POCKET_D_ACE awarded -5000
UDF1 awarded 5000

Round #249, UDF1 (-8520), POCKET_D_ACE (8520)
UDF1 posts blind: 10
POCKET_D_ACE posts blind: 20
UDF1 received [Ac Jd]
POCKET_D_ACE received [8h 3h]
UDF1 raises to 5000
POCKET_D_ACE folds
UDF1 awarded 20
POCKET_D_ACE awarded -20

Round #250, POCKET_D_ACE (8500), UDF1 (-8500)
POCKET_D_ACE posts blind: 10
UDF1 posts blind: 20
POCKET_D_ACE received [2d Ts]
UDF1 received [8c 7c]
POCKET_D_ACE calls
UDF1 raises to 5000
POCKET_D_ACE folds
POCKET_D_ACE awarded -20
UDF1 awarded 20

Round #251, UDF1 (-8480), POCKET_D_ACE (8480)
UDF1 posts blind: 10
POCKET_D_ACE posts blind: 20
UDF1 received [3d Qs]
POCKET_D_ACE received [8d 6d]
UDF1 raises to 5000
POCKET_D_ACE calls
Flop [6c 4h 7d], UDF1 (5000), POCKET_D_ACE (5000)
POCKET_D_ACE bids 0
UDF1 bids 0
UDF1 won the auction and was revealed [8d]
POCKET_D_ACE won the auction and was revealed [Qs]
Flop [6c 4h 7d], UDF1 (5000), POCKET_D_ACE (5000)
POCKET_D_ACE checks
UDF1 checks
Turn [6c 4h 7d 7h], UDF1 (5000), POCKET_D_ACE (5000)
POCKET_D_ACE checks
UDF1 checks
River [6c 4h 7d 7h 3s], UDF1 (5000), POCKET_D_ACE (5000)
POCKET_D_ACE checks
UDF1 checks
UDF1 shows [3d Qs]
POCKET_D_ACE shows [8d 6d]
UDF1 awarded -5000
POCKET_D_ACE awarded 5000

Round #252, POCKET_D_ACE (13480), UDF1 (-13480)
POCKET_D_ACE posts blind: 10
UDF1 posts blind: 20
POCKET_D_ACE received [Ks 9c]
UDF1 received [Qc 5d]
POCKET_D_ACE calls
UDF1 raises to 5000
POCKET_D_ACE calls
Flop [Jd 8d Js], POCKET_D_ACE (5000), UDF1 (5000)
UDF1 bids 0
POCKET_D_ACE bids 0
POCKET_D_ACE won the auction and was revealed [Qc]
UDF1 won the auction and was revealed [9c]
Flop [Jd 8d Js], POCKET_D_ACE (5000), UDF1 (5000)
UDF1 checks
POCKET_D_ACE checks
Turn [Jd 8d Js Qh], POCKET_D_ACE (5000), UDF1 (5000)
UDF1 checks
POCKET_D_ACE checks
River [Jd 8d Js Qh As], POCKET_D_ACE (5000), UDF1 (5000)
UDF1 checks
POCKET_D_ACE checks
POCKET_D_ACE shows [Ks 9c]
UDF1 shows [Qc 5d]
POCKET_D_ACE awarded -5000
UDF1 awarded 5000

Round #253, UDF1 (-8480), POCKET_D_ACE (8480)
UDF1 posts blind: 10
POCKET_D_ACE posts blind: 20
UDF1 received [Qs 5c]
POCKET_D_ACE received [7d 7h]
UDF1 raises to 5000
POCKET_D_ACE calls
Flop [Ac 3c 5s], UDF1 (5000), POCKET_D_ACE (5000)
POCKET_D_ACE bids 0
UDF1 bids 0
UDF1 won the auction and was revealed [7h]
POCKET_D_ACE won the auction and was revealed [Qs]
Flop [Ac 3c 5s], UDF1 (5000), POCKET_D_ACE (5000)
POCKET_D_ACE checks
UDF1 checks
Turn [Ac 3c 5s 2d], UDF1 (5000), POCKET_D_ACE (5000)
POCKET_D_ACE checks
UDF1 checks
River [Ac 3c 5s 2d Ah], UDF1 (5000), POCKET_D_ACE (5000)
POCKET_D_ACE checks
UDF1 checks
UDF1 shows [Qs 5c]
POCKET_D_ACE shows [7d 7h]
UDF1 awarded -5000
POCKET_D_ACE awarded 5000

Round #254, POCKET_D_ACE (13480), UDF1 (-13480)
POCKET_D_ACE posts blind: 10
UDF1 posts blind: 20
POCKET_D_ACE received [9s 4s]
UDF1 received [Ad Tc]
POCKET_D_ACE calls
UDF1 raises to 5000
POCKET_D_ACE calls
Flop [6c 9h Kc], POCKET_D_ACE (5000), UDF1 (5000)
UDF1 bids 0
POCKET_D_ACE bids 0
POCKET_D_ACE won the auction and was revealed [Tc]
UDF1 won the auction and was revealed [4s]
Flop [6c 9h Kc], POCKET_D_ACE (5000), UDF1 (5000)
UDF1 checks
POCKET_D_ACE checks
Turn [6c 9h Kc Ks], POCKET_D_ACE (5000), UDF1 (5000)
UDF1 checks
POCKET_D_ACE checks
River [6c 9h Kc Ks Qd], POCKET_D_ACE (5000), UDF1 (5000)
UDF1 checks
POCKET_D_ACE checks
POCKET_D_ACE shows [9s 4s]
UDF1 shows [Ad Tc]
POCKET_D_ACE awarded 5000
UDF1 awarded -5000

Round #255, UDF1 (-18480), POCKET_D_ACE (18480)
UDF1 posts blind: 10
POCKET_D_ACE posts blind: 20
UDF1 received [5c Jd]
POCKET_D_ACE received [6d As]
UDF1 raises to 5000
POCKET_D_ACE calls
Flop [Kc 2s 6h], UDF1 (5000), POCKET_D_ACE (5000)
POCKET_D_ACE bids 0
UDF1 bids 0
UDF1 won the auction and was revealed [As]
POCKET_D_ACE won the auction and was revealed [5c]
Flop [Kc 2s 6h], UDF1 (5000), POCKET_D_ACE (5000)
POCKET_D_ACE checks
UDF1 checks
Turn [Kc 2s 6h 7d], UDF1 (5000), POCKET_D_ACE (5000)
POCKET_D_ACE checks
UDF1 checks
River [Kc 2s 6h 7d 2d], UDF1 (5000), POCKET_D_ACE (5000)
POCKET_D_ACE checks
UDF1 checks
UDF1 shows [5c Jd]
POCKET_D_ACE shows [6d As]
UDF1 awarded -5000
POCKET_D_ACE awarded 5000

Round #256, POCKET_D_ACE (23480), UDF1 (-23480)
POCKET_D_ACE posts blind: 10
UDF1 posts blind: 20
POCKET_D_ACE received [Ac Ks]
UDF1 received [3d 3s]
POCKET_D_ACE raises to 52
UDF1 raises to 5000
POCKET_D_ACE calls
Flop [7h 7c Tc], POCKET_D_ACE (5000), UDF1 (5000)
UDF1 bids 0
POCKET_D_ACE bids 0
POCKET_D_ACE won the auction and was revealed [3s]
UDF1 won the auction and was revealed [Ac]
Flop [7h 7c Tc], POCKET_D_ACE (5000), UDF1 (5000)
UDF1 checks
POCKET_D_ACE checks
Turn [7h 7c Tc 9c], POCKET_D_ACE (5000), UDF1 (5000)
UDF1 checks
POCKET_D_ACE checks
River [7h 7c Tc 9c 9s], POCKET_D_ACE (5000), UDF1 (5000)
UDF1 checks
POCKET_D_ACE checks
POCKET_D_ACE shows [Ac Ks]
UDF1 shows [3d 3s]
POCKET_D_ACE awarded 5000
UDF1 awarded -5000

Round #257, UDF1 (-28480), POCKET_D_ACE (28480)
UDF1 posts blind: 10
POCKET_D_ACE posts blind: 20
UDF1 received [3h Tc]
POCKET_D_ACE received [6h 6d]
UDF1 raises to 5000
POCKET_D_ACE calls
Flop [9s Ad 3c], UDF1 (5000), POCKET_D_ACE (5000)
POCKET_D_ACE bids 0
UDF1 bids 0
UDF1 won the auction and was revealed [6h]
POCKET_D_ACE won the auction and was revealed [Tc]
Flop [9s Ad 3c], UDF1 (5000), POCKET_D_ACE (5000)
POCKET_D_ACE checks
UDF1 checks
Turn [9s Ad 3c As], UDF1 (5000), POCKET_D_ACE (5000)
POCKET_D_ACE checks
UDF1 checks
River [9s Ad 3c As 3s], UDF1 (5000), POCKET_D_ACE (5000)
POCKET_D_ACE checks
UDF1 checks
UDF1 shows [3h Tc]
POCKET_D_ACE shows [6h 6d]
UDF1 awarded 5000
POCKET_D_ACE awarded -5000

Round #258, POCKET_D_ACE (23480), UDF1 (-23480)
POCKET_D_ACE posts blind: 10
UDF1 posts blind: 20
POCKET_D_ACE received [Qc 6s]
UDF1 received [4d 9h]
POCKET_D_ACE calls
UDF1 raises to 5000
POCKET_D_ACE calls
Flop [8d Kc 3d], POCKET_D_ACE (5000), UDF1 (5000)
UDF1 bids 0
POCKET_D_ACE bids 0
POCKET_D_ACE won the auction and was revealed [9h]
UDF1 won the auction and was revealed [Qc]
Flop [8d Kc 3d], POCKET_D_ACE (5000), UDF1 (5000)
UDF1 checks
POCKET_D_ACE checks
Turn [8d Kc 3d 5h], POCKET_D_ACE (5000), UDF1 (5000)
UDF1 checks
POCKET_D_ACE checks
River [8d Kc 3d 5h Qs], POCKET_D_ACE (5000), UDF1 (5000)
UDF1 checks
POCKET_D_ACE checks
POCKET_D_ACE shows [Qc 6s]
UDF1 shows [4d 9h]
POCKET_D_ACE awarded 5000
UDF1 awarded -5000

Round #259, UDF1 (-28480), POCKET_D_ACE (28480)
UDF1 posts blind: 10
POCKET_D_ACE posts blind: 20
UDF1 received [Jh 9d]
POCKET_D_ACE received [2s Kh]
UDF1 raises to 5000
POCKET_D_ACE folds
UDF1 awarded 20
POCKET_D_ACE awarded -20

Round #260, POCKET_D_ACE (28460), UDF1 (-28460)
POCKET_D_ACE posts blind: 10
UDF1 posts blind: 20
POCKET_D_ACE received [4d Kh]
UDF1 received [5h 7s]
POCKET_D_ACE calls
UDF1 raises to 5000
POCKET_D_ACE calls
Flop [4s 9d Td], POCKET_D_ACE (5000), UDF1 (5000)
UDF1 bids 0
POCKET_D_ACE bids 0
POCKET_D_ACE won the auction and was revealed [7s]
UDF1 won the auction and was revealed [Kh]
Flop [4s 9d Td], POCKET_D_ACE (5000), UDF1 (5000)
UDF1 checks
POCKET_D_ACE checks
Turn [4s 9d Td 5s], POCKET_D_ACE (5000), UDF1 (5000)
UDF1 checks
POCKET_D_ACE checks
River [4s 9d Td 5s 7h], POCKET_D_ACE (5000), UDF1 (5000)
UDF1 checks
POCKET_D_ACE checks
POCKET_D_ACE shows [4d Kh]
UDF1 shows [5h 7s]
POCKET_D_ACE awarded -5000
UDF1 awarded 5000

Round #261, UDF1 (-23460), POCKET_D_ACE (23460)
UDF1 posts blind: 10
POCKET_D_ACE posts blind: 20
UDF1 received [6s Kh]
POCKET_D_ACE received [7d 6d]
UDF1 raises to 5000
POCKET_D_ACE calls
Flop [Js Kc 9h], UDF1 (5000), POCKET_D_ACE (5000)
POCKET_D_ACE bids 0
UDF1 bids 0
UDF1 won the auction and was revealed [6d]
POCKET_D_ACE won the auction and was revealed [Kh]
Flop [Js Kc 9h], UDF1 (5000), POCKET_D_ACE (5000)
POCKET_D_ACE checks
UDF1 checks
Turn [Js Kc 9h 2c], UDF1 (5000), POCKET_D_ACE (5000)
POCKET_D_ACE checks
UDF1 checks
River [Js Kc 9h 2c Ac], UDF1 (5000), POCKET_D_ACE (5000)
POCKET_D_ACE checks
UDF1 checks
UDF1 shows [6s Kh]
POCKET_D_ACE shows [7d 6d]
UDF1 awarded 5000
POCKET_D_ACE awarded -5000

Round #262, POCKET_D_ACE (18460), UDF1 (-18460)
POCKET_D_ACE posts blind: 10
UDF1 posts blind: 20
POCKET_D_ACE received [2s 9d]
UDF1 received [8h 6d]
POCKET_D_ACE calls
UDF1 raises to 5000
POCKET_D_ACE folds
POCKET_D_ACE awarded -20
UDF1 awarded 20

Round #263, UDF1 (-18440), POCKET_D_ACE (18440)
UDF1 posts blind: 10
POCKET_D_ACE posts blind: 20
UDF1 received [2h Ah]
POCKET_D_ACE received [Qc 5d]
UDF1 raises to 5000
POCKET_D_ACE calls
Flop [8d 7h 5c], UDF1 (5000), POCKET_D_ACE (5000)
POCKET_D_ACE bids 0
UDF1 bids 0
UDF1 won the auction and was revealed [5d]
POCKET_D_ACE won the auction and was revealed [Ah]
Flop [8d 7h 5c], UDF1 (5000), POCKET_D_ACE (5000)
POCKET_D_ACE checks
UDF1 checks
Turn [8d 7h 5c 9d], UDF1 (5000), POCKET_D_ACE (5000)
POCKET_D_ACE checks
UDF1 checks
River [8d 7h 5c 9d As], UDF1 (5000), POCKET_D_ACE (5000)
POCKET_D_ACE checks
UDF1 checks
UDF1 shows [2h Ah]
POCKET_D_ACE shows [Qc 5d]
UDF1 awarded 5000
POCKET_D_ACE awarded -5000

Round #264, POCKET_D_ACE (13440), UDF1 (-13440)
POCKET_D_ACE posts blind: 10
UDF1 posts blind: 20
POCKET_D_ACE received [9c Qd]
UDF1 received [3c 9d]
POCKET_D_ACE calls
UDF1 raises to 5000
POCKET_D_ACE calls
Flop [8c Jc 5h], POCKET_D_ACE (5000), UDF1 (5000)
UDF1 bids 0
POCKET_D_ACE bids 0
POCKET_D_ACE won the auction and was revealed [3c]
UDF1 won the auction and was revealed [Qd]
Flop [8c Jc 5h], POCKET_D_ACE (5000), UDF1 (5000)
UDF1 checks
POCKET_D_ACE checks
Turn [8c Jc 5h Tc], POCKET_D_ACE (5000), UDF1 (5000)
UDF1 checks
POCKET_D_ACE checks
River [8c Jc 5h Tc 5d], POCKET_D_ACE (5000), UDF1 (5000)
UDF1 checks
POCKET_D_ACE checks
POCKET_D_ACE shows [9c Qd]
UDF1 shows [3c 9d]
POCKET_D_ACE awarded 5000
UDF1 awarded -5000

Round #265, UDF1 (-18440), POCKET_D_ACE (18440)
UDF1 posts blind: 10
POCKET_D_ACE posts blind: 20
UDF1 received [3c 8c]
POCKET_D_ACE received [Js Qs]
UDF1 raises to 5000
POCKET_D_ACE calls
Flop [7h Kd 4h], UDF1 (5000), POCKET_D_ACE (5000)
POCKET_D_ACE bids 0
UDF1 bids 0
UDF1 won the auction and was revealed [Qs]
POCKET_D_ACE won the auction and was revealed [3c]
Flop [7h Kd 4h], UDF1 (5000), POCKET_D_ACE (5000)
POCKET_D_ACE checks
UDF1 checks
Turn [7h Kd 4h Ac], UDF1 (5000), POCKET_D_ACE (5000)
POCKET_D_ACE checks
UDF1 checks
River [7h Kd 4h Ac Jh], UDF1 (5000), POCKET_D_ACE (5000)
POCKET_D_ACE checks
UDF1 checks
UDF1 shows [3c 8c]
POCKET_D_ACE shows [Js Qs]
UDF1 awarded -5000
POCKET_D_ACE awarded 5000

Round #266, POCKET_D_ACE (23440), UDF1 (-23440)
POCKET_D_ACE posts blind: 10
UDF1 posts blind: 20
POCKET_D_ACE received [4d 7s]
UDF1 received [8h Qd]
POCKET_D_ACE calls
UDF1 raises to 5000
POCKET_D_ACE folds
POCKET_D_ACE awarded -20
UDF1 awarded 20

Round #267, UDF1 (-23420), POCKET_D_ACE (23420)
UDF1 posts blind: 10
POCKET_D_ACE posts blind: 20
UDF1 received [8s 8d]
POCKET_D_ACE received [5s Ad]
UDF1 raises to 5000
POCKET_D_ACE calls
Flop [2h Qd 4h], UDF1 (5000), POCKET_D_ACE (5000)
POCKET_D_ACE bids 0
UDF1 bids 0
UDF1 won the auction and was revealed [5s]
POCKET_D_ACE won the auction and was revealed [8s]
Flop [2h Qd 4h], UDF1 (5000), POCKET_D_ACE (5000)
POCKET_D_ACE checks
UDF1 checks
Turn [2h Qd 4h Jc], UDF1 (5000), POCKET_D_ACE (5000)
POCKET_D_ACE checks
UDF1 checks
River [2h Qd 4h Jc Qc], UDF1 (5000), POCKET_D_ACE (5000)
POCKET_D_ACE checks
UDF1 checks
UDF1 shows [8s 8d]
POCKET_D_ACE shows [5s Ad]
UDF1 awarded 5000
POCKET_D_ACE awarded -5000

Round #268, POCKET_D_ACE (18420), UDF1 (-18420)
POCKET_D_ACE posts blind: 10
UDF1 posts blind: 20
POCKET_D_ACE received [2c Tc]
UDF1 received [2s 6s]
POCKET_D_ACE calls
UDF1 raises to 5000
POCKET_D_ACE folds
POCKET_D_ACE awarded -20
UDF1 awarded 20

Round #269, UDF1 (-18400), POCKET_D_ACE (18400)
UDF1 posts blind: 10
POCKET_D_ACE posts blind: 20
UDF1 received [7d Qc]
POCKET_D_ACE received [8d Tc]
UDF1 raises to 5000
POCKET_D_ACE calls
Flop [5d Jc 6c], UDF1 (5000), POCKET_D_ACE (5000)
POCKET_D_ACE bids 0
UDF1 bids 0
UDF1 won the auction and was revealed [Tc]
POCKET_D_ACE won the auction and was revealed [Qc]
Flop [5d Jc 6c], UDF1 (5000), POCKET_D_ACE (5000)
POCKET_D_ACE checks
UDF1 checks
Turn [5d Jc 6c 6h], UDF1 (5000), POCKET_D_ACE (5000)
POCKET_D_ACE checks
UDF1 checks
River [5d Jc 6c 6h As], UDF1 (5000), POCKET_D_ACE (5000)
POCKET_D_ACE checks
UDF1 checks
UDF1 shows [7d Qc]
POCKET_D_ACE shows [8d Tc]
UDF1 awarded 5000
POCKET_D_ACE awarded -5000

Round #270, POCKET_D_ACE (13400), UDF1 (-13400)
POCKET_D_ACE posts blind: 10
UDF1 posts blind: 20
POCKET_D_ACE received [Ts 2c]
UDF1 received [4s Ks]
POCKET_D_ACE calls
UDF1 raises to 5000
POCKET_D_ACE folds
POCKET_D_ACE awarded -20
UDF1 awarded 20

Round #271, UDF1 (-13380), POCKET_D_ACE (13380)
UDF1 posts blind: 10
POCKET_D_ACE posts blind: 20
UDF1 received [Qh Qd]
POCKET_D_ACE received [7d 4h]
UDF1 raises to 5000
POCKET_D_ACE folds
UDF1 awarded 20
POCKET_D_ACE awarded -20

Round #272, POCKET_D_ACE (13360), UDF1 (-13360)
POCKET_D_ACE posts blind: 10
UDF1 posts blind: 20
POCKET_D_ACE received [9c 6s]
UDF1 received [8d 9h]
POCKET_D_ACE calls
UDF1 raises to 5000
POCKET_D_ACE calls
Flop [Jc Th Ad], POCKET_D_ACE (5000), UDF1 (5000)
UDF1 bids 0
POCKET_D_ACE bids 0
POCKET_D_ACE won the auction and was revealed [8d]
UDF1 won the auction and was revealed [6s]
Flop [Jc Th Ad], POCKET_D_ACE (5000), UDF1 (5000)
UDF1 checks
POCKET_D_ACE checks
Turn [Jc Th Ad Js], POCKET_D_ACE (5000), UDF1 (5000)
UDF1 checks
POCKET_D_ACE checks
River [Jc Th Ad Js 9d], POCKET_D_ACE (5000), UDF1 (5000)
UDF1 checks
POCKET_D_ACE checks
POCKET_D_ACE shows [9c 6s]
UDF1 shows [8d 9h]
POCKET_D_ACE awarded 0
UDF1 awarded 0

Round #273, UDF1 (-13360), POCKET_D_ACE (13360)
UDF1 posts blind: 10
POCKET_D_ACE posts blind: 20
UDF1 received [7s Ad]
POCKET_D_ACE received [9s Ks]
UDF1 raises to 5000
POCKET_D_ACE calls
Flop [2s As 3s], UDF1 (5000), POCKET_D_ACE (5000)
POCKET_D_ACE bids 0
UDF1 bids 0
UDF1 won the auction and was revealed [Ks]
POCKET_D_ACE won the auction and was revealed [Ad]
Flop [2s As 3s], UDF1 (5000), POCKET_D_ACE (5000)
POCKET_D_ACE checks
UDF1 checks
Turn [2s As 3s 3c], UDF1 (5000), POCKET_D_ACE (5000)
POCKET_D_ACE checks
UDF1 checks
River [2s As 3s 3c 6h], UDF1 (5000), POCKET_D_ACE (5000)
POCKET_D_ACE checks
UDF1 checks
UDF1 shows [7s Ad]
POCKET_D_ACE shows [9s Ks]
UDF1 awarded -5000
POCKET_D_ACE awarded 5000

Round #274, POCKET_D_ACE (18360), UDF1 (-18360)
POCKET_D_ACE posts blind: 10
UDF1 posts blind: 20
POCKET_D_ACE received [4c Ts]
UDF1 received [Ah 6c]
POCKET_D_ACE calls
UDF1 raises to 5000
POCKET_D_ACE folds
POCKET_D_ACE awarded -20
UDF1 awarded 20

Round #275, UDF1 (-18340), POCKET_D_ACE (18340)
UDF1 posts blind: 10
POCKET_D_ACE posts blind: 20
UDF1 received [Ah 2s]
POCKET_D_ACE received [Jd Tc]
UDF1 raises to 5000
POCKET_D_ACE calls
Flop [Ts 2h 2d], UDF1 (5000), POCKET_D_ACE (5000)
POCKET_D_ACE bids 0
UDF1 bids 0
UDF1 won the auction and was revealed [Tc]
POCKET_D_ACE won the auction and was revealed [Ah]
Flop [Ts 2h 2d], UDF1 (5000), POCKET_D_ACE (5000)
POCKET_D_ACE checks
UDF1 checks
Turn [Ts 2h 2d 9c], UDF1 (5000), POCKET_D_ACE (5000)
POCKET_D_ACE checks
UDF1 checks
River [Ts 2h 2d 9c Ad], UDF1 (5000), POCKET_D_ACE (5000)
POCKET_D_ACE checks
UDF1 checks
UDF1 shows [Ah 2s]
POCKET_D_ACE shows [Jd Tc]
UDF1 awarded 5000
POCKET_D_ACE awarded -5000

Round #276, POCKET_D_ACE (13340), UDF1 (-13340)
POCKET_D_ACE posts blind: 10
UDF1 posts blind: 20
POCKET_D_ACE received [3s Tc]
UDF1 received [8d Th]
POCKET_D_ACE calls
UDF1 raises to 5000
POCKET_D_ACE folds
POCKET_D_ACE awarded -20
UDF1 awarded 20

Round #277, UDF1 (-13320), POCKET_D_ACE (13320)
UDF1 posts blind: 10
POCKET_D_ACE posts blind: 20
UDF1 received [As 3d]
POCKET_D_ACE received [6d Kh]
UDF1 raises to 5000
POCKET_D_ACE calls
Flop [Qc Ts Jc], UDF1 (5000), POCKET_D_ACE (5000)
POCKET_D_ACE bids 0
UDF1 bids 0
UDF1 won the auction and was revealed [6d]
POCKET_D_ACE won the auction and was revealed [As]
Flop [Qc Ts Jc], UDF1 (5000), POCKET_D_ACE (5000)
POCKET_D_ACE checks
UDF1 checks
Turn [Qc Ts Jc 4s], UDF1 (5000), POCKET_D_ACE (5000)
POCKET_D_ACE checks
UDF1 checks
River [Qc Ts Jc 4s Ac], UDF1 (5000), POCKET_D_ACE (5000)
POCKET_D_ACE checks
UDF1 checks
UDF1 shows [As 3d]
POCKET_D_ACE shows [6d Kh]
UDF1 awarded -5000
POCKET_D_ACE awarded 5000

Round #278, POCKET_D_ACE (18320), UDF1 (-18320)
POCKET_D_ACE posts blind: 10
UDF1 posts blind: 20
POCKET_D_ACE received [9s Js]
UDF1 received [Ks Kc]
POCKET_D_ACE calls
UDF1 raises to 5000
POCKET_D_ACE calls
Flop [7d 7c Ac], POCKET_D_ACE (5000), UDF1 (5000)
UDF1 bids 0
POCKET_D_ACE bids 0
POCKET_D_ACE won the auction and was revealed [Ks]
UDF1 won the auction and was revealed [9s]
Flop [7d 7c Ac], POCKET_D_ACE (5000), UDF1 (5000)
UDF1 checks
POCKET_D_ACE checks
Turn [7d 7c Ac 8s], POCKET_D_ACE (5000), UDF1 (5000)
UDF1 checks
POCKET_D_ACE checks
River [7d 7c Ac 8s 3h], POCKET_D_ACE (5000), UDF1 (5000)
UDF1 checks
POCKET_D_ACE checks
POCKET_D_ACE shows [9s Js]
UDF1 shows [Ks Kc]
POCKET_D_ACE awarded -5000
UDF1 awarded 5000

Round #279, UDF1 (-13320), POCKET_D_ACE (13320)
UDF1 posts blind: 10
POCKET_D_ACE posts blind: 20
UDF1 received [2c 5c]
POCKET_D_ACE received [8c Kd]
UDF1 raises to 5000
POCKET_D_ACE calls
Flop [Ts Ah 8s], UDF1 (5000), POCKET_D_ACE (5000)
POCKET_D_ACE bids 0
UDF1 bids 0
UDF1 won the auction and was revealed [8c]
POCKET_D_ACE won the auction and was revealed [2c]
Flop [Ts Ah 8s], UDF1 (5000), POCKET_D_ACE (5000)
POCKET_D_ACE checks
UDF1 checks
Turn [Ts Ah 8s 9c], UDF1 (5000), POCKET_D_ACE (5000)
POCKET_D_ACE checks
UDF1 checks
River [Ts Ah 8s 9c 4d], UDF1 (5000), POCKET_D_ACE (5000)
POCKET_D_ACE checks
UDF1 checks
UDF1 shows [2c 5c]
POCKET_D_ACE shows [8c Kd]
UDF1 awarded -5000
POCKET_D_ACE awarded 5000

Round #280, POCKET_D_ACE (18320), UDF1 (-18320)
POCKET_D_ACE posts blind: 10
UDF1 posts blind: 20
POCKET_D_ACE received [6s Js]
UDF1 received [8d Tc]
POCKET_D_ACE calls
UDF1 raises to 5000
POCKET_D_ACE calls
Flop [As 2s 5c], POCKET_D_ACE (5000), UDF1 (5000)
UDF1 bids 0
POCKET_D_ACE bids 0
POCKET_D_ACE won the auction and was revealed [Tc]
UDF1 won the auction and was revealed [Js]
Flop [As 2s 5c], POCKET_D_ACE (5000), UDF1 (5000)
UDF1 checks
POCKET_D_ACE checks
Turn [As 2s 5c Jh], POCKET_D_ACE (5000), UDF1 (5000)
UDF1 checks
POCKET_D_ACE checks
River [As 2s 5c Jh Ac], POCKET_D_ACE (5000), UDF1 (5000)
UDF1 checks
POCKET_D_ACE checks
POCKET_D_ACE shows [6s Js]
UDF1 shows [8d Tc]
POCKET_D_ACE awarded 5000
UDF1 awarded -5000

Round #281, UDF1 (-23320), POCKET_D_ACE (23320)
UDF1 posts blind: 10
POCKET_D_ACE posts blind: 20
UDF1 received [8h Qd]
POCKET_D_ACE received [4h 6d]
UDF1 raises to 5000
POCKET_D_ACE folds
UDF1 awarded 20
POCKET_D_ACE awarded -20

Round #282, POCKET_D_ACE (23300), UDF1 (-23300)
POCKET_D_ACE posts blind: 10
UDF1 posts blind: 20
POCKET_D_ACE received [Tc 7c]
UDF1 received [Kc 8d]
POCKET_D_ACE calls
UDF1 raises to 5000
POCKET_D_ACE calls
Flop [4h 4d Ac], POCKET_D_ACE (5000), UDF1 (5000)
UDF1 bids 0
POCKET_D_ACE bids 0
POCKET_D_ACE won the auction and was revealed [Kc]
UDF1 won the auction and was revealed [Tc]
Flop [4h 4d Ac], POCKET_D_ACE (5000), UDF1 (5000)
UDF1 checks
POCKET_D_ACE checks
Turn [4h 4d Ac 9s], POCKET_D_ACE (5000), UDF1 (5000)
UDF1 checks
POCKET_D_ACE checks
River [4h 4d Ac 9s 7d], POCKET_D_ACE (5000), UDF1 (5000)
UDF1 checks
POCKET_D_ACE checks
POCKET_D_ACE shows [Tc 7c]
UDF1 shows [Kc 8d]
POCKET_D_ACE awarded 5000
UDF1 awarded -5000

Round #283, UDF1 (-28300), POCKET_D_ACE (28300)
UDF1 posts blind: 10
POCKET_D_ACE posts blind: 20
UDF1 received [8h 2s]
POCKET_D_ACE received [Td As]
UDF1 raises to 5000
POCKET_D_ACE calls
Flop [Ac Qc Qh], UDF1 (5000), POCKET_D_ACE (5000)
POCKET_D_ACE bids 0
UDF1 bids 0
UDF1 won the auction and was revealed [As]
POCKET_D_ACE won the auction and was revealed [2s]
Flop [Ac Qc Qh], UDF1 (5000), POCKET_D_ACE (5000)
POCKET_D_ACE checks
UDF1 checks
Turn [Ac Qc Qh Kh], UDF1 (5000), POCKET_D_ACE (5000)
POCKET_D_ACE checks
UDF1 checks
River [Ac Qc Qh Kh 9s], UDF1 (5000), POCKET_D_ACE (5000)
POCKET_D_ACE checks
UDF1 checks
UDF1 shows [8h 2s]
POCKET_D_ACE shows [Td As]
UDF1 awarded -5000
POCKET_D_ACE awarded 5000

Round #284, POCKET_D_ACE (33300), UDF1 (-33300)
POCKET_D_ACE posts blind: 10
UDF1 posts blind: 20
POCKET_D_ACE received [5d Jc]
UDF1 received [Ac Js]
POCKET_D_ACE calls
UDF1 raises to 5000
POCKET_D_ACE calls
Flop [9c 4d 5c], POCKET_D_ACE (5000), UDF1 (5000)
UDF1 bids 0
POCKET_D_ACE bids 0
POCKET_D_ACE won the auction and was revealed [Ac]
UDF1 won the auction and was revealed [Jc]
Flop [9c 4d 5c], POCKET_D_ACE (5000), UDF1 (5000)
UDF1 checks
POCKET_D_ACE checks
Turn [9c 4d 5c 7d], POCKET_D_ACE (5000), UDF1 (5000)
UDF1 checks
POCKET_D_ACE checks
River [9c 4d 5c 7d 8s], POCKET_D_ACE (5000), UDF1 (5000)
UDF1 checks
POCKET_D_ACE checks
POCKET_D_ACE shows [5d Jc]
UDF1 shows [Ac Js]
POCKET_D_ACE awarded 5000
UDF1 awarded -5000

Round #285, UDF1 (-38300), POCKET_D_ACE (38300)
UDF1 posts blind: 10
POCKET_D_ACE posts blind: 20
UDF1 received [Js 6d]
POCKET_D_ACE received [Ah 8s]
UDF1 raises to 5000
POCKET_D_ACE calls
Flop [Qc 7h Th], UDF1 (5000), POCKET_D_ACE (5000)
POCKET_D_ACE bids 0
UDF1 bids 0
UDF1 won the auction and was revealed [Ah]
POCKET_D_ACE won the auction and was revealed [Js]
Flop [Qc 7h Th], UDF1 (5000), POCKET_D_ACE (5000)
POCKET_D_ACE checks
UDF1 checks
Turn [Qc 7h Th 5h], UDF1 (5000), POCKET_D_ACE (5000)
POCKET_D_ACE checks
UDF1 checks
River [Qc 7h Th 5h 3d], UDF1 (5000), POCKET_D_ACE (5000)
POCKET_D_ACE checks
UDF1 checks
UDF1 shows [Js 6d]
POCKET_D_ACE shows [Ah 8s]
UDF1 awarded -5000
POCKET_D_ACE awarded 5000

Round #286, POCKET_D_ACE (43300), UDF1 (-43300)
POCKET_D_ACE posts blind: 10
UDF1 posts blind: 20
POCKET_D_ACE received [4c Qc]
UDF1 received [9h 4d]
POCKET_D_ACE calls
UDF1 raises to 5000
POCKET_D_ACE calls
Flop [8d Jh 7h], POCKET_D_ACE (5000), UDF1 (5000)
UDF1 bids 0
POCKET_D_ACE bids 0
POCKET_D_ACE won the auction and was revealed [9h]
UDF1 won the auction and was revealed [Qc]
Flop [8d Jh 7h], POCKET_D_ACE (5000), UDF1 (5000)
UDF1 checks
POCKET_D_ACE checks
Turn [8d Jh 7h 2s], POCKET_D_ACE (5000), UDF1 (5000)
UDF1 checks
POCKET_D_ACE checks
River [8d Jh 7h 2s Kc], POCKET_D_ACE (5000), UDF1 (5000)
UDF1 checks
POCKET_D_ACE checks
POCKET_D_ACE shows [4c Qc]
UDF1 shows [9h 4d]
POCKET_D_ACE awarded 5000
UDF1 awarded -5000

Round #287, UDF1 (-48300), POCKET_D_ACE (48300)
UDF1 posts blind: 10
POCKET_D_ACE posts blind: 20
UDF1 received [5h Ac]
POCKET_D_ACE received [Js Qh]
UDF1 raises to 5000
POCKET_D_ACE calls
Flop [3d 8c 2s], UDF1 (5000), POCKET_D_ACE (5000)
POCKET_D_ACE bids 0
UDF1 bids 0
UDF1 won the auction and was revealed [Js]
POCKET_D_ACE won the auction and was revealed [Ac]
Flop [3d 8c 2s], UDF1 (5000), POCKET_D_ACE (5000)
POCKET_D_ACE checks
UDF1 checks
Turn [3d 8c 2s 2c], UDF1 (5000), POCKET_D_ACE (5000)
POCKET_D_ACE checks
UDF1 checks
River [3d 8c 2s 2c 9d], UDF1 (5000), POCKET_D_ACE (5000)
POCKET_D_ACE checks
UDF1 checks
UDF1 shows [5h Ac]
POCKET_D_ACE shows [Js Qh]
UDF1 awarded 5000
POCKET_D_ACE awarded -5000

Round #288, POCKET_D_ACE (43300), UDF1 (-43300)
POCKET_D_ACE posts blind: 10
UDF1 posts blind: 20
POCKET_D_ACE received [4s 2c]
UDF1 received [Tc 3d]
POCKET_D_ACE folds
POCKET_D_ACE awarded -10
UDF1 awarded 10

Round #289, UDF1 (-43290), POCKET_D_ACE (43290)
UDF1 posts blind: 10
POCKET_D_ACE posts blind: 20
UDF1 received [2c 8s]
POCKET_D_ACE received [7c 7d]
UDF1 raises to 5000
POCKET_D_ACE calls
Flop [3c Kh Qc], UDF1 (5000), POCKET_D_ACE (5000)
POCKET_D_ACE bids 0
UDF1 bids 0
UDF1 won the auction and was revealed [7d]
POCKET_D_ACE won the auction and was revealed [8s]
Flop [3c Kh Qc], UDF1 (5000), POCKET_D_ACE (5000)
POCKET_D_ACE checks
UDF1 checks
Turn [3c Kh Qc 6c], UDF1 (5000), POCKET_D_ACE (5000)
POCKET_D_ACE checks
UDF1 checks
River [3c Kh Qc 6c Th], UDF1 (5000), POCKET_D_ACE (5000)
POCKET_D_ACE checks
UDF1 checks
UDF1 shows [2c 8s]
POCKET_D_ACE shows [7c 7d]
UDF1 awarded -5000
POCKET_D_ACE awarded 5000

Round #290, POCKET_D_ACE (48290), UDF1 (-48290)
POCKET_D_ACE posts blind: 10
UDF1 posts blind: 20
POCKET_D_ACE received [2h 9c]
UDF1 received [7s Jh]
POCKET_D_ACE calls
UDF1 raises to 5000
POCKET_D_ACE folds
POCKET_D_ACE awarded -20
UDF1 awarded 20

Round #291, UDF1 (-48270), POCKET_D_ACE (48270)
UDF1 posts blind: 10
POCKET_D_ACE posts blind: 20
UDF1 received [6c 2s]
POCKET_D_ACE received [5c As]
UDF1 raises to 5000
POCKET_D_ACE calls
Flop [Kc Kh 5h], UDF1 (5000), POCKET_D_ACE (5000)
POCKET_D_ACE bids 0
UDF1 bids 0
UDF1 won the auction and was revealed [As]
POCKET_D_ACE won the auction and was revealed [6c]
Flop [Kc Kh 5h], UDF1 (5000), POCKET_D_ACE (5000)
POCKET_D_ACE checks
UDF1 checks
Turn [Kc Kh 5h 2c], UDF1 (5000), POCKET_D_ACE (5000)
POCKET_D_ACE checks
UDF1 checks
River [Kc Kh 5h 2c Ts], UDF1 (5000), POCKET_D_ACE (5000)
POCKET_D_ACE checks
UDF1 checks
UDF1 shows [6c 2s]
POCKET_D_ACE shows [5c As]
UDF1 awarded -5000
POCKET_D_ACE awarded 5000

Round #292, POCKET_D_ACE (53270), UDF1 (-53270)
POCKET_D_ACE posts blind: 10
UDF1 posts blind: 20
POCKET_D_ACE received [Qh Ac]
UDF1 received [5d 3d]
POCKET_D_ACE calls
UDF1 raises to 5000
POCKET_D_ACE calls
Flop [2d 5h 7s], POCKET_D_ACE (5000), UDF1 (5000)
UDF1 bids 0
POCKET_D_ACE bids 0
POCKET_D_ACE won the auction and was revealed [5d]
UDF1 won the auction and was revealed [Ac]
Flop [2d 5h 7s], POCKET_D_ACE (5000), UDF1 (5000)
UDF1 checks
POCKET_D_ACE checks
Turn [2d 5h 7s 8d], POCKET_D_ACE (5000), UDF1 (5000)
UDF1 checks
POCKET_D_ACE checks
River [2d 5h 7s 8d Kh], POCKET_D_ACE (5000), UDF1 (5000)
UDF1 checks
POCKET_D_ACE checks
POCKET_D_ACE shows [Qh Ac]
UDF1 shows [5d 3d]
POCKET_D_ACE awarded -5000
UDF1 awarded 5000

Round #293, UDF1 (-48270), POCKET_D_ACE (48270)
UDF1 posts blind: 10
POCKET_D_ACE posts blind: 20
UDF1 received [7h 4h]
POCKET_D_ACE received [Qc Qs]
UDF1 raises to 5000
POCKET_D_ACE calls
Flop [Jc 5c 3h], UDF1 (5000), POCKET_D_ACE (5000)
POCKET_D_ACE bids 0
UDF1 bids 0
UDF1 won the auction and was revealed [Qs]
POCKET_D_ACE won the auction and was revealed [7h]
Flop [Jc 5c 3h], UDF1 (5000), POCKET_D_ACE (5000)
POCKET_D_ACE checks
UDF1 checks
Turn [Jc 5c 3h Jh], UDF1 (5000), POCKET_D_ACE (5000)
POCKET_D_ACE checks
UDF1 checks
River [Jc 5c 3h Jh 4c], UDF1 (5000), POCKET_D_ACE (5000)
POCKET_D_ACE checks
UDF1 checks
UDF1 shows [7h 4h]
POCKET_D_ACE shows [Qc Qs]
UDF1 awarded -5000
POCKET_D_ACE awarded 5000

Round #294, POCKET_D_ACE (53270), UDF1 (-53270)
POCKET_D_ACE posts blind: 10
UDF1 posts blind: 20
POCKET_D_ACE received [As 7c]
UDF1 received [6d 8h]
POCKET_D_ACE calls
UDF1 raises to 5000
POCKET_D_ACE calls
Flop [Qc 7s Ks], POCKET_D_ACE (5000), UDF1 (5000)
UDF1 bids 0
POCKET_D_ACE bids 0
POCKET_D_ACE won the auction and was revealed [6d]
UDF1 won the auction and was revealed [7c]
Flop [Qc 7s Ks], POCKET_D_ACE (5000), UDF1 (5000)
UDF1 checks
POCKET_D_ACE checks
Turn [Qc 7s Ks Js], POCKET_D_ACE (5000), UDF1 (5000)
UDF1 checks
POCKET_D_ACE checks
River [Qc 7s Ks Js 2c], POCKET_D_ACE (5000), UDF1 (5000)
UDF1 checks
POCKET_D_ACE checks
POCKET_D_ACE shows [As 7c]
UDF1 shows [6d 8h]
POCKET_D_ACE awarded 5000
UDF1 awarded -5000

Round #295, UDF1 (-58270), POCKET_D_ACE (58270)
UDF1 posts blind: 10
POCKET_D_ACE posts blind: 20
UDF1 received [2c 2d]
POCKET_D_ACE received [Kc 6d]
UDF1 raises to 5000
POCKET_D_ACE calls
Flop [7h Kh 6h], UDF1 (5000), POCKET_D_ACE (5000)
POCKET_D_ACE bids 0
UDF1 bids 0
UDF1 won the auction and was revealed [6d]
POCKET_D_ACE won the auction and was revealed [2d]
Flop [7h Kh 6h], UDF1 (5000), POCKET_D_ACE (5000)
POCKET_D_ACE checks
UDF1 checks
Turn [7h Kh 6h 4c], UDF1 (5000), POCKET_D_ACE (5000)
POCKET_D_ACE checks
UDF1 checks
River [7h Kh 6h 4c Ad], UDF1 (5000), POCKET_D_ACE (5000)
POCKET_D_ACE checks
UDF1 checks
UDF1 shows [2c 2d]
POCKET_D_ACE shows [Kc 6d]
UDF1 awarded -5000
POCKET_D_ACE awarded 5000

Round #296, POCKET_D_ACE (63270), UDF1 (-63270)
POCKET_D_ACE posts blind: 10
UDF1 posts blind: 20
POCKET_D_ACE received [2c 3h]
UDF1 received [8d 8c]
POCKET_D_ACE folds
POCKET_D_ACE awarded -10
UDF1 awarded 10

Round #297, UDF1 (-63260), POCKET_D_ACE (63260)
UDF1 posts blind: 10
POCKET_D_ACE posts blind: 20
UDF1 received [7s 5h]
POCKET_D_ACE received [Js 3s]
UDF1 raises to 5000
POCKET_D_ACE calls
Flop [8d Jh Th], UDF1 (5000), POCKET_D_ACE (5000)
POCKET_D_ACE bids 0
UDF1 bids 0
UDF1 won the auction and was revealed [3s]
POCKET_D_ACE won the auction and was revealed [5h]
Flop [8d Jh Th], UDF1 (5000), POCKET_D_ACE (5000)
POCKET_D_ACE checks
UDF1 checks
Turn [8d Jh Th 4d], UDF1 (5000), POCKET_D_ACE (5000)
POCKET_D_ACE checks
UDF1 checks
River [8d Jh Th 4d Kh], UDF1 (5000), POCKET_D_ACE (5000)
POCKET_D_ACE checks
UDF1 checks
UDF1 shows [7s 5h]
POCKET_D_ACE shows [Js 3s]
UDF1 awarded -5000
POCKET_D_ACE awarded 5000

Round #298, POCKET_D_ACE (68260), UDF1 (-68260)
POCKET_D_ACE posts blind: 10
UDF1 posts blind: 20
POCKET_D_ACE received [7c 6s]
UDF1 received [Th 3d]
POCKET_D_ACE calls
UDF1 raises to 5000
POCKET_D_ACE calls
Flop [2c Kh 8d], POCKET_D_ACE (5000), UDF1 (5000)
UDF1 bids 0
POCKET_D_ACE bids 0
POCKET_D_ACE won the auction and was revealed [3d]
UDF1 won the auction and was revealed [7c]
Flop [2c Kh 8d], POCKET_D_ACE (5000), UDF1 (5000)
UDF1 checks
POCKET_D_ACE checks
Turn [2c Kh 8d 6c], POCKET_D_ACE (5000), UDF1 (5000)
UDF1 checks
POCKET_D_ACE checks
River [2c Kh 8d 6c 5c], POCKET_D_ACE (5000), UDF1 (5000)
UDF1 checks
POCKET_D_ACE checks
POCKET_D_ACE shows [7c 6s]
UDF1 shows [Th 3d]
POCKET_D_ACE awarded 5000
UDF1 awarded -5000

Round #299, UDF1 (-73260), POCKET_D_ACE (73260)
UDF1 posts blind: 10
POCKET_D_ACE posts blind: 20
UDF1 received [3s 2d]
POCKET_D_ACE received [4c 9s]
UDF1 raises to 5000
POCKET_D_ACE folds
UDF1 awarded 20
POCKET_D_ACE awarded -20

Round #300, POCKET_D_ACE (73240), UDF1 (-73240)
POCKET_D_ACE posts blind: 10
UDF1 posts blind: 20
POCKET_D_ACE received [Qc Ac]
UDF1 received [9s 7c]
POCKET_D_ACE raises to 52
UDF1 raises to 5000
POCKET_D_ACE calls
Flop [Kh As 5s], POCKET_D_ACE (5000), UDF1 (5000)
UDF1 bids 0
POCKET_D_ACE bids 0
POCKET_D_ACE won the auction and was revealed [7c]
UDF1 won the auction and was revealed [Ac]
Flop [Kh As 5s], POCKET_D_ACE (5000), UDF1 (5000)
UDF1 checks
POCKET_D_ACE checks
Turn [Kh As 5s 6d], POCKET_D_ACE (5000), UDF1 (5000)
UDF1 checks
POCKET_D_ACE checks
River [Kh As 5s 6d Tc], POCKET_D_ACE (5000), UDF1 (5000)
UDF1 checks
POCKET_D_ACE checks
POCKET_D_ACE shows [Qc Ac]
UDF1 shows [9s 7c]
POCKET_D_ACE awarded 5000
UDF1 awarded -5000

Round #301, UDF1 (-78240), POCKET_D_ACE (78240)
UDF1 posts blind: 10
POCKET_D_ACE posts blind: 20
UDF1 received [Kh Qc]
POCKET_D_ACE received [Tc 5c]
UDF1 raises to 5000
POCKET_D_ACE calls
Flop [As 8h 8d], UDF1 (5000), POCKET_D_ACE (5000)
POCKET_D_ACE bids 0
UDF1 bids 0
UDF1 won the auction and was revealed [5c]
POCKET_D_ACE won the auction and was revealed [Kh]
Flop [As 8h 8d], UDF1 (5000), POCKET_D_ACE (5000)
POCKET_D_ACE checks
UDF1 checks
Turn [As 8h 8d 3d], UDF1 (5000), POCKET_D_ACE (5000)
POCKET_D_ACE checks
UDF1 checks
River [As 8h 8d 3d 9s], UDF1 (5000), POCKET_D_ACE (5000)
POCKET_D_ACE checks
UDF1 checks
UDF1 shows [Kh Qc]
POCKET_D_ACE shows [Tc 5c]
UDF1 awarded 5000
POCKET_D_ACE awarded -5000

Round #302, POCKET_D_ACE (73240), UDF1 (-73240)
POCKET_D_ACE posts blind: 10
UDF1 posts blind: 20
POCKET_D_ACE received [2s 9s]
UDF1 received [7h Th]
POCKET_D_ACE calls
UDF1 raises to 5000
POCKET_D_ACE folds
POCKET_D_ACE awarded -20
UDF1 awarded 20

Round #303, UDF1 (-73220), POCKET_D_ACE (73220)
UDF1 posts blind: 10
POCKET_D_ACE posts blind: 20
UDF1 received [5c Jd]
POCKET_D_ACE received [Qh 6h]
UDF1 raises to 5000
POCKET_D_ACE calls
Flop [Kh Td 5s], UDF1 (5000), POCKET_D_ACE (5000)
POCKET_D_ACE bids 0
UDF1 bids 0
UDF1 won the auction and was revealed [Qh]
POCKET_D_ACE won the auction and was revealed [5c]
Flop [Kh Td 5s], UDF1 (5000), POCKET_D_ACE (5000)
POCKET_D_ACE checks
UDF1 checks
Turn [Kh Td 5s Ah], UDF1 (5000), POCKET_D_ACE (5000)
POCKET_D_ACE checks
UDF1 checks
River [Kh Td 5s Ah 8c], UDF1 (5000), POCKET_D_ACE (5000)
POCKET_D_ACE checks
UDF1 checks
UDF1 shows [5c Jd]
POCKET_D_ACE shows [Qh 6h]
UDF1 awarded 5000
POCKET_D_ACE awarded -5000

Round #304, POCKET_D_ACE (68220), UDF1 (-68220)
POCKET_D_ACE posts blind: 10
UDF1 posts blind: 20
POCKET_D_ACE received [5s Jc]
UDF1 received [Ah 4d]
POCKET_D_ACE calls
UDF1 raises to 5000
POCKET_D_ACE calls
Flop [Js 6d Tc], POCKET_D_ACE (5000), UDF1 (5000)
UDF1 bids 0
POCKET_D_ACE bids 0
POCKET_D_ACE won the auction and was revealed [4d]
UDF1 won the auction and was revealed [5s]
Flop [Js 6d Tc], POCKET_D_ACE (5000), UDF1 (5000)
UDF1 checks
POCKET_D_ACE checks
Turn [Js 6d Tc Ad], POCKET_D_ACE (5000), UDF1 (5000)
UDF1 checks
POCKET_D_ACE checks
River [Js 6d Tc Ad 6h], POCKET_D_ACE (5000), UDF1 (5000)
UDF1 checks
POCKET_D_ACE checks
POCKET_D_ACE shows [5s Jc]
UDF1 shows [Ah 4d]
POCKET_D_ACE awarded -5000
UDF1 awarded 5000

Round #305, UDF1 (-63220), POCKET_D_ACE (63220)
UDF1 posts blind: 10
POCKET_D_ACE posts blind: 20
UDF1 received [2c 6s]
POCKET_D_ACE received [Kd Ad]
UDF1 raises to 5000
POCKET_D_ACE calls
Flop [As Kh 9h], UDF1 (5000), POCKET_D_ACE (5000)
POCKET_D_ACE bids 0
UDF1 bids 0
UDF1 won the auction and was revealed [Ad]
POCKET_D_ACE won the auction and was revealed [2c]
Flop [As Kh 9h], UDF1 (5000), POCKET_D_ACE (5000)
POCKET_D_ACE checks
UDF1 checks
Turn [As Kh 9h 5s], UDF1 (5000), POCKET_D_ACE (5000)
POCKET_D_ACE checks
UDF1 checks
River [As Kh 9h 5s 4h], UDF1 (5000), POCKET_D_ACE (5000)
POCKET_D_ACE checks
UDF1 checks
UDF1 shows [2c 6s]
POCKET_D_ACE shows [Kd Ad]
UDF1 awarded -5000
POCKET_D_ACE awarded 5000

Round #306, POCKET_D_ACE (68220), UDF1 (-68220)
POCKET_D_ACE posts blind: 10
UDF1 posts blind: 20
POCKET_D_ACE received [8d 8c]
UDF1 received [Js 7d]
POCKET_D_ACE raises to 53
UDF1 raises to 5000
POCKET_D_ACE calls
Flop [Qs Kd Qc], POCKET_D_ACE (5000), UDF1 (5000)
UDF1 bids 0
POCKET_D_ACE bids 0
POCKET_D_ACE won the auction and was revealed [Js]
UDF1 won the auction and was revealed [8d]
Flop [Qs Kd Qc], POCKET_D_ACE (5000), UDF1 (5000)
UDF1 checks
POCKET_D_ACE checks
Turn [Qs Kd Qc Td], POCKET_D_ACE (5000), UDF1 (5000)
UDF1 checks
POCKET_D_ACE checks
River [Qs Kd Qc Td 6h], POCKET_D_ACE (5000), UDF1 (5000)
UDF1 checks
POCKET_D_ACE checks
POCKET_D_ACE shows [8d 8c]
UDF1 shows [Js 7d]
POCKET_D_ACE awarded 5000
UDF1 awarded -5000

Round #307, UDF1 (-73220), POCKET_D_ACE (73220)
UDF1 posts blind: 10
POCKET_D_ACE posts blind: 20
UDF1 received [Qh 9d]
POCKET_D_ACE received [6s 4c]
UDF1 raises to 5000
POCKET_D_ACE folds
UDF1 awarded 20
POCKET_D_ACE awarded -20

Round #308, POCKET_D_ACE (73200), UDF1 (-73200)
POCKET_D_ACE posts blind: 10
UDF1 posts blind: 20
POCKET_D_ACE received [Ah 5s]
UDF1 received [Tc 8d]
POCKET_D_ACE calls
UDF1 raises to 5000
POCKET_D_ACE calls
Flop [As 3s Qc], POCKET_D_ACE (5000), UDF1 (5000)
UDF1 bids 0
POCKET_D_ACE bids 0
POCKET_D_ACE won the auction and was revealed [Tc]
UDF1 won the auction and was revealed [Ah]
Flop [As 3s Qc], POCKET_D_ACE (5000), UDF1 (5000)
UDF1 checks
POCKET_D_ACE checks
Turn [As 3s Qc Kh], POCKET_D_ACE (5000), UDF1 (5000)
UDF1 checks
POCKET_D_ACE checks
River [As 3s Qc Kh 5h], POCKET_D_ACE (5000), UDF1 (5000)
UDF1 checks
POCKET_D_ACE checks
POCKET_D_ACE shows [Ah 5s]
UDF1 shows [Tc 8d]
POCKET_D_ACE awarded 5000
UDF1 awarded -5000

Round #309, UDF1 (-78200), POCKET_D_ACE (78200)
UDF1 posts blind: 10
POCKET_D_ACE posts blind: 20
UDF1 received [3h 3s]
POCKET_D_ACE received [9c Js]
UDF1 raises to 5000
POCKET_D_ACE calls
Flop [9h Ah Qd], UDF1 (5000), POCKET_D_ACE (5000)
POCKET_D_ACE bids 0
UDF1 bids 0
UDF1 won the auction and was revealed [9c]
POCKET_D_ACE won the auction and was revealed [3h]
Flop [9h Ah Qd], UDF1 (5000), POCKET_D_ACE (5000)
POCKET_D_ACE checks
UDF1 checks
Turn [9h Ah Qd As], UDF1 (5000), POCKET_D_ACE (5000)
POCKET_D_ACE checks
UDF1 checks
River [9h Ah Qd As 9s], UDF1 (5000), POCKET_D_ACE (5000)
POCKET_D_ACE checks
UDF1 checks
UDF1 shows [3h 3s]
POCKET_D_ACE shows [9c Js]
UDF1 awarded -5000
POCKET_D_ACE awarded 5000

Round #310, POCKET_D_ACE (83200), UDF1 (-83200)
POCKET_D_ACE posts blind: 10
UDF1 posts blind: 20
POCKET_D_ACE received [Qc 2c]
UDF1 received [2d 7h]
POCKET_D_ACE calls
UDF1 raises to 5000
POCKET_D_ACE calls
Flop [Tc 5s 8h], POCKET_D_ACE (5000), UDF1 (5000)
UDF1 bids 0
POCKET_D_ACE bids 0
POCKET_D_ACE won the auction and was revealed [7h]
UDF1 won the auction and was revealed [2c]
Flop [Tc 5s 8h], POCKET_D_ACE (5000), UDF1 (5000)
UDF1 checks
POCKET_D_ACE checks
Turn [Tc 5s 8h 6h], POCKET_D_ACE (5000), UDF1 (5000)
UDF1 checks
POCKET_D_ACE checks
River [Tc 5s 8h 6h Kh], POCKET_D_ACE (5000), UDF1 (5000)
UDF1 checks
POCKET_D_ACE checks
POCKET_D_ACE shows [Qc 2c]
UDF1 shows [2d 7h]
POCKET_D_ACE awarded 5000
UDF1 awarded -5000

Round #311, UDF1 (-88200), POCKET_D_ACE (88200)
UDF1 posts blind: 10
POCKET_D_ACE posts blind: 20
UDF1 received [3d 2h]
POCKET_D_ACE received [2d Ah]
UDF1 raises to 5000
POCKET_D_ACE calls
Flop [Js Jh Qs], UDF1 (5000), POCKET_D_ACE (5000)
POCKET_D_ACE bids 0
UDF1 bids 0
UDF1 won the auction and was revealed [2d]
POCKET_D_ACE won the auction and was revealed [3d]
Flop [Js Jh Qs], UDF1 (5000), POCKET_D_ACE (5000)
POCKET_D_ACE checks
UDF1 checks
Turn [Js Jh Qs 2s], UDF1 (5000), POCKET_D_ACE (5000)
POCKET_D_ACE checks
UDF1 checks
River [Js Jh Qs 2s 8h], UDF1 (5000), POCKET_D_ACE (5000)
POCKET_D_ACE checks
UDF1 checks
UDF1 shows [3d 2h]
POCKET_D_ACE shows [2d Ah]
UDF1 awarded -5000
POCKET_D_ACE awarded 5000

Round #312, POCKET_D_ACE (93200), UDF1 (-93200)
POCKET_D_ACE posts blind: 10
UDF1 posts blind: 20
POCKET_D_ACE received [3h Qh]
UDF1 received [8d Jc]
POCKET_D_ACE calls
UDF1 raises to 5000
POCKET_D_ACE calls
Flop [Kh Kc Tc], POCKET_D_ACE (5000), UDF1 (5000)
UDF1 bids 0
POCKET_D_ACE bids 0
POCKET_D_ACE won the auction and was revealed [8d]
UDF1 won the auction and was revealed [Qh]
Flop [Kh Kc Tc], POCKET_D_ACE (5000), UDF1 (5000)
UDF1 checks
POCKET_D_ACE checks
Turn [Kh Kc Tc 4d], POCKET_D_ACE (5000), UDF1 (5000)
UDF1 checks
POCKET_D_ACE checks
River [Kh Kc Tc 4d 7h], POCKET_D_ACE (5000), UDF1 (5000)
UDF1 checks
POCKET_D_ACE checks
POCKET_D_ACE shows [3h Qh]
UDF1 shows [8d Jc]
POCKET_D_ACE awarded 5000
UDF1 awarded -5000

Round #313, UDF1 (-98200), POCKET_D_ACE (98200)
UDF1 posts blind: 10
POCKET_D_ACE posts blind: 20
UDF1 received [Jc Ad]
POCKET_D_ACE received [Qh 8c]
UDF1 raises to 5000
POCKET_D_ACE calls
Flop [6s 9d Ah], UDF1 (5000), POCKET_D_ACE (5000)
POCKET_D_ACE bids 0
UDF1 bids 0
UDF1 won the auction and was revealed [Qh]
POCKET_D_ACE won the auction and was revealed [Jc]
Flop [6s 9d Ah], UDF1 (5000), POCKET_D_ACE (5000)
POCKET_D_ACE checks
UDF1 checks
Turn [6s 9d Ah Jd], UDF1 (5000), POCKET_D_ACE (5000)
POCKET_D_ACE checks
UDF1 checks
River [6s 9d Ah Jd 7d], UDF1 (5000), POCKET_D_ACE (5000)
POCKET_D_ACE checks
UDF1 checks
UDF1 shows [Jc Ad]
POCKET_D_ACE shows [Qh 8c]
UDF1 awarded 5000
POCKET_D_ACE awarded -5000

Round #314, POCKET_D_ACE (93200), UDF1 (-93200)
POCKET_D_ACE posts blind: 10
UDF1 posts blind: 20
POCKET_D_ACE received [As Ks]
UDF1 received [8c 3s]
POCKET_D_ACE raises to 52
UDF1 raises to 5000
POCKET_D_ACE calls
Flop [5s Jd 8d], POCKET_D_ACE (5000), UDF1 (5000)
UDF1 bids 0
POCKET_D_ACE bids 0
POCKET_D_ACE won the auction and was revealed [8c]
UDF1 won the auction and was revealed [As]
Flop [5s Jd 8d], POCKET_D_ACE (5000), UDF1 (5000)
UDF1 checks
POCKET_D_ACE checks
Turn [5s Jd 8d 3d], POCKET_D_ACE (5000), UDF1 (5000)
UDF1 checks
POCKET_D_ACE checks
River [5s Jd 8d 3d Ah], POCKET_D_ACE (5000), UDF1 (5000)
UDF1 checks
POCKET_D_ACE checks
POCKET_D_ACE shows [As Ks]
UDF1 shows [8c 3s]
POCKET_D_ACE awarded -5000
UDF1 awarded 5000

Round #315, UDF1 (-88200), POCKET_D_ACE (88200)
UDF1 posts blind: 10
POCKET_D_ACE posts blind: 20
UDF1 received [4h 6c]
POCKET_D_ACE received [6d As]
UDF1 raises to 5000
POCKET_D_ACE calls
Flop [7h 2d Qd], UDF1 (5000), POCKET_D_ACE (5000)
POCKET_D_ACE bids 0
UDF1 bids 0
UDF1 won the auction and was revealed [As]
POCKET_D_ACE won the auction and was revealed [6c]
Flop [7h 2d Qd], UDF1 (5000), POCKET_D_ACE (5000)
POCKET_D_ACE checks
UDF1 checks
Turn [7h 2d Qd 8s], UDF1 (5000), POCKET_D_ACE (5000)
POCKET_D_ACE checks
UDF1 checks
River [7h 2d Qd 8s Tc], UDF1 (5000), POCKET_D_ACE (5000)
POCKET_D_ACE checks
UDF1 checks
UDF1 shows [4h 6c]
POCKET_D_ACE shows [6d As]
UDF1 awarded -5000
POCKET_D_ACE awarded 5000

Round #316, POCKET_D_ACE (93200), UDF1 (-93200)
POCKET_D_ACE posts blind: 10
UDF1 posts blind: 20
POCKET_D_ACE received [Js 9c]
UDF1 received [Qc Jh]
POCKET_D_ACE calls
UDF1 raises to 5000
POCKET_D_ACE calls
Flop [3s 4h Jd], POCKET_D_ACE (5000), UDF1 (5000)
UDF1 bids 0
POCKET_D_ACE bids 0
POCKET_D_ACE won the auction and was revealed [Jh]
UDF1 won the auction and was revealed [Js]
Flop [3s 4h Jd], POCKET_D_ACE (5000), UDF1 (5000)
UDF1 checks
POCKET_D_ACE checks
Turn [3s 4h Jd 2d], POCKET_D_ACE (5000), UDF1 (5000)
UDF1 checks
POCKET_D_ACE checks
River [3s 4h Jd 2d Qd], POCKET_D_ACE (5000), UDF1 (5000)
UDF1 checks
POCKET_D_ACE checks
POCKET_D_ACE shows [Js 9c]
UDF1 shows [Qc Jh]
POCKET_D_ACE awarded -5000
UDF1 awarded 5000

Round #317, UDF1 (-88200), POCKET_D_ACE (88200)
UDF1 posts blind: 10
POCKET_D_ACE posts blind: 20
UDF1 received [4h Tc]
POCKET_D_ACE received [8c 5c]
UDF1 raises to 5000
POCKET_D_ACE calls
Flop [Qs Kh Ac], UDF1 (5000), POCKET_D_ACE (5000)
POCKET_D_ACE bids 0
UDF1 bids 0
UDF1 won the auction and was revealed [5c]
POCKET_D_ACE won the auction and was revealed [Tc]
Flop [Qs Kh Ac], UDF1 (5000), POCKET_D_ACE (5000)
POCKET_D_ACE checks
UDF1 checks
Turn [Qs Kh Ac Ad], UDF1 (5000), POCKET_D_ACE (5000)
POCKET_D_ACE checks
UDF1 checks
River [Qs Kh Ac Ad Js], UDF1 (5000), POCKET_D_ACE (5000)
POCKET_D_ACE checks
UDF1 checks
UDF1 shows [4h Tc]
POCKET_D_ACE shows [8c 5c]
UDF1 awarded 5000
POCKET_D_ACE awarded -5000

Round #318, POCKET_D_ACE (83200), UDF1 (-83200)
POCKET_D_ACE posts blind: 10
UDF1 posts blind: 20
POCKET_D_ACE received [7d 2h]
UDF1 received [Qc 2s]
POCKET_D_ACE calls
UDF1 raises to 5000
POCKET_D_ACE folds
POCKET_D_ACE awarded -20
UDF1 awarded 20

Round #319, UDF1 (-83180), POCKET_D_ACE (83180)
UDF1 posts blind: 10
POCKET_D_ACE posts blind: 20
UDF1 received [5s Js]
POCKET_D_ACE received [8d 5c]
UDF1 raises to 5000
POCKET_D_ACE folds
UDF1 awarded 20
POCKET_D_ACE awarded -20

Round #320, POCKET_D_ACE (83160), UDF1 (-83160)
POCKET_D_ACE posts blind: 10
UDF1 posts blind: 20
POCKET_D_ACE received [Ks 7c]
UDF1 received [7s 3s]
POCKET_D_ACE calls
UDF1 raises to 5000
POCKET_D_ACE calls
Flop [Jc 9h 5h], POCKET_D_ACE (5000), UDF1 (5000)
UDF1 bids 0
POCKET_D_ACE bids 0
POCKET_D_ACE won the auction and was revealed [7s]
UDF1 won the auction and was revealed [Ks]
Flop [Jc 9h 5h], POCKET_D_ACE (5000), UDF1 (5000)
UDF1 checks
POCKET_D_ACE checks
Turn [Jc 9h 5h 6s], POCKET_D_ACE (5000), UDF1 (5000)
UDF1 checks
POCKET_D_ACE checks
River [Jc 9h 5h 6s 5d], POCKET_D_ACE (5000), UDF1 (5000)
UDF1 checks
POCKET_D_ACE checks
POCKET_D_ACE shows [Ks 7c]
UDF1 shows [7s 3s]
POCKET_D_ACE awarded 5000
UDF1 awarded -5000

Round #321, UDF1 (-88160), POCKET_D_ACE (88160)
UDF1 posts blind: 10
POCKET_D_ACE posts blind: 20
UDF1 received [Jd 7d]
POCKET_D_ACE received [3c 8s]
UDF1 raises to 5000
POCKET_D_ACE folds
UDF1 awarded 20
POCKET_D_ACE awarded -20

Round #322, POCKET_D_ACE (88140), UDF1 (-88140)
POCKET_D_ACE posts blind: 10
UDF1 posts blind: 20
POCKET_D_ACE received [9c 5s]
UDF1 received [Jh 8d]
POCKET_D_ACE calls
UDF1 raises to 5000
POCKET_D_ACE folds
POCKET_D_ACE awarded -20
UDF1 awarded 20

Round #323, UDF1 (-88120), POCKET_D_ACE (88120)
UDF1 posts blind: 10
POCKET_D_ACE posts blind: 20
UDF1 received [5c 7s]
POCKET_D_ACE received [7d Ks]
UDF1 raises to 5000
POCKET_D_ACE calls
Flop [Jc 9c 6h], UDF1 (5000), POCKET_D_ACE (5000)
POCKET_D_ACE bids 0
UDF1 bids 0
UDF1 won the auction and was revealed [Ks]
POCKET_D_ACE won the auction and was revealed [7s]
Flop [Jc 9c 6h], UDF1 (5000), POCKET_D_ACE (5000)
POCKET_D_ACE checks
UDF1 checks
Turn [Jc 9c 6h Ac], UDF1 (5000), POCKET_D_ACE (5000)
POCKET_D_ACE checks
UDF1 checks
River [Jc 9c 6h Ac Qh], UDF1 (5000), POCKET_D_ACE (5000)
POCKET_D_ACE checks
UDF1 checks
UDF1 shows [5c 7s]
POCKET_D_ACE shows [7d Ks]
UDF1 awarded -5000
POCKET_D_ACE awarded 5000

Round #324, POCKET_D_ACE (93120), UDF1 (-93120)
POCKET_D_ACE posts blind: 10
UDF1 posts blind: 20
POCKET_D_ACE received [Td 7s]
UDF1 received [Th 9s]
POCKET_D_ACE calls
UDF1 raises to 5000
POCKET_D_ACE calls
Flop [Qc 4d 4c], POCKET_D_ACE (5000), UDF1 (5000)
UDF1 bids 0
POCKET_D_ACE bids 0
POCKET_D_ACE won the auction and was revealed [Th]
UDF1 won the auction and was revealed [Td]
Flop [Qc 4d 4c], POCKET_D_ACE (5000), UDF1 (5000)
UDF1 checks
POCKET_D_ACE checks
Turn [Qc 4d 4c Jc], POCKET_D_ACE (5000), UDF1 (5000)
UDF1 checks
POCKET_D_ACE checks
River [Qc 4d 4c Jc Kd], POCKET_D_ACE (5000), UDF1 (5000)
UDF1 checks
POCKET_D_ACE checks
POCKET_D_ACE shows [Td 7s]
UDF1 shows [Th 9s]
POCKET_D_ACE awarded -5000
UDF1 awarded 5000

Round #325, UDF1 (-88120), POCKET_D_ACE (88120)
UDF1 posts blind: 10
POCKET_D_ACE posts blind: 20
UDF1 received [9s 9c]
POCKET_D_ACE received [Ac Ad]
UDF1 raises to 5000
POCKET_D_ACE calls
Flop [4d 8h 4c], UDF1 (5000), POCKET_D_ACE (5000)
POCKET_D_ACE bids 0
UDF1 bids 0
UDF1 won the auction and was revealed [Ac]
POCKET_D_ACE won the auction and was revealed [9s]
Flop [4d 8h 4c], UDF1 (5000), POCKET_D_ACE (5000)
POCKET_D_ACE checks
UDF1 checks
Turn [4d 8h 4c 2h], UDF1 (5000), POCKET_D_ACE (5000)
POCKET_D_ACE checks
UDF1 checks
River [4d 8h 4c 2h 3d], UDF1 (5000), POCKET_D_ACE (5000)
POCKET_D_ACE checks
UDF1 checks
UDF1 shows [9s 9c]
POCKET_D_ACE shows [Ac Ad]
UDF1 awarded -5000
POCKET_D_ACE awarded 5000

Round #326, POCKET_D_ACE (93120), UDF1 (-93120)
POCKET_D_ACE posts blind: 10
UDF1 posts blind: 20
POCKET_D_ACE received [Jd 3h]
UDF1 received [4h Kd]
POCKET_D_ACE calls
UDF1 raises to 5000
POCKET_D_ACE folds
POCKET_D_ACE awarded -20
UDF1 awarded 20

Round #327, UDF1 (-93100), POCKET_D_ACE (93100)
UDF1 posts blind: 10
POCKET_D_ACE posts blind: 20
UDF1 received [9h 7s]
POCKET_D_ACE received [2s Qs]
UDF1 raises to 5000
POCKET_D_ACE calls
Flop [Qh Jh 4s], UDF1 (5000), POCKET_D_ACE (5000)
POCKET_D_ACE bids 0
UDF1 bids 0
UDF1 won the auction and was revealed [2s]
POCKET_D_ACE won the auction and was revealed [7s]
Flop [Qh Jh 4s], UDF1 (5000), POCKET_D_ACE (5000)
POCKET_D_ACE checks
UDF1 checks
Turn [Qh Jh 4s Ac], UDF1 (5000), POCKET_D_ACE (5000)
POCKET_D_ACE checks
UDF1 checks
River [Qh Jh 4s Ac 6h], UDF1 (5000), POCKET_D_ACE (5000)
POCKET_D_ACE checks
UDF1 checks
UDF1 shows [9h 7s]
POCKET_D_ACE shows [2s Qs]
UDF1 awarded -5000
POCKET_D_ACE awarded 5000

Round #328, POCKET_D_ACE (98100), UDF1 (-98100)
POCKET_D_ACE posts blind: 10
UDF1 posts blind: 20
POCKET_D_ACE received [5d 8h]
UDF1 received [8s 8d]
POCKET_D_ACE calls
UDF1 raises to 5000
POCKET_D_ACE folds
POCKET_D_ACE awarded -20
UDF1 awarded 20

Round #329, UDF1 (-98080), POCKET_D_ACE (98080)
UDF1 posts blind: 10
POCKET_D_ACE posts blind: 20
UDF1 received [Qd Qc]
POCKET_D_ACE received [9c Jc]
UDF1 raises to 5000
POCKET_D_ACE calls
Flop [6h Qh 4h], UDF1 (5000), POCKET_D_ACE (5000)
POCKET_D_ACE bids 0
UDF1 bids 0
UDF1 won the auction and was revealed [9c]
POCKET_D_ACE won the auction and was revealed [Qc]
Flop [6h Qh 4h], UDF1 (5000), POCKET_D_ACE (5000)
POCKET_D_ACE checks
UDF1 checks
Turn [6h Qh 4h 4d], UDF1 (5000), POCKET_D_ACE (5000)
POCKET_D_ACE checks
UDF1 checks
River [6h Qh 4h 4d 9d], UDF1 (5000), POCKET_D_ACE (5000)
POCKET_D_ACE checks
UDF1 checks
UDF1 shows [Qd Qc]
POCKET_D_ACE shows [9c Jc]
UDF1 awarded 5000
POCKET_D_ACE awarded -5000

Round #330, POCKET_D_ACE (93080), UDF1 (-93080)
POCKET_D_ACE posts blind: 10
UDF1 posts blind: 20
POCKET_D_ACE received [Qd Tc]
UDF1 received [Kd Th]
POCKET_D_ACE calls
UDF1 raises to 5000
POCKET_D_ACE calls
Flop [Ac Js Kc], POCKET_D_ACE (5000), UDF1 (5000)
UDF1 bids 0
POCKET_D_ACE bids 0
POCKET_D_ACE won the auction and was revealed [Th]
UDF1 won the auction and was revealed [Tc]
Flop [Ac Js Kc], POCKET_D_ACE (5000), UDF1 (5000)
UDF1 checks
POCKET_D_ACE checks
Turn [Ac Js Kc Qc], POCKET_D_ACE (5000), UDF1 (5000)
UDF1 checks
POCKET_D_ACE checks
River [Ac Js Kc Qc 6h], POCKET_D_ACE (5000), UDF1 (5000)
UDF1 checks
POCKET_D_ACE checks
POCKET_D_ACE shows [Qd Tc]
UDF1 shows [Kd Th]
POCKET_D_ACE awarded 0
UDF1 awarded 0

Round #331, UDF1 (-93080), POCKET_D_ACE (93080)
UDF1 posts blind: 10
POCKET_D_ACE posts blind: 20
UDF1 received [3d Ac]
POCKET_D_ACE received [Ad 6s]
UDF1 raises to 5000
POCKET_D_ACE calls
Flop [Js 5c Jc], UDF1 (5000), POCKET_D_ACE (5000)
POCKET_D_ACE bids 0
UDF1 bids 0
UDF1 won the auction and was revealed [Ad]
POCKET_D_ACE won the auction and was revealed [3d]
Flop [Js 5c Jc], UDF1 (5000), POCKET_D_ACE (5000)
POCKET_D_ACE checks
UDF1 checks
Turn [Js 5c Jc 5d], UDF1 (5000), POCKET_D_ACE (5000)
POCKET_D_ACE checks
UDF1 checks
River [Js 5c Jc 5d 8h], UDF1 (5000), POCKET_D_ACE (5000)
POCKET_D_ACE checks
UDF1 checks
UDF1 shows [3d Ac]
POCKET_D_ACE shows [Ad 6s]
UDF1 awarded 0
POCKET_D_ACE awarded 0

Round #332, POCKET_D_ACE (93080), UDF1 (-93080)
POCKET_D_ACE posts blind: 10
UDF1 posts blind: 20
POCKET_D_ACE received [2h Th]
UDF1 received [Qs 4d]
POCKET_D_ACE calls
UDF1 raises to 5000
POCKET_D_ACE folds
POCKET_D_ACE awarded -20
UDF1 awarded 20

Round #333, UDF1 (-93060), POCKET_D_ACE (93060)
UDF1 posts blind: 10
POCKET_D_ACE posts blind: 20
UDF1 received [Jh Tc]
POCKET_D_ACE received [As 5d]
UDF1 raises to 5000
POCKET_D_ACE calls
Flop [6d Qs 8d], UDF1 (5000), POCKET_D_ACE (5000)
POCKET_D_ACE bids 0
UDF1 bids 0
UDF1 won the auction and was revealed [5d]
POCKET_D_ACE won the auction and was revealed [Jh]
Flop [6d Qs 8d], UDF1 (5000), POCKET_D_ACE (5000)
POCKET_D_ACE checks
UDF1 checks
Turn [6d Qs 8d Kd], UDF1 (5000), POCKET_D_ACE (5000)
POCKET_D_ACE checks
UDF1 checks
River [6d Qs 8d Kd 4c], UDF1 (5000), POCKET_D_ACE (5000)
POCKET_D_ACE checks
UDF1 checks
UDF1 shows [Jh Tc]
POCKET_D_ACE shows [As 5d]
UDF1 awarded -5000
POCKET_D_ACE awarded 5000

Round #334, POCKET_D_ACE (98060), UDF1 (-98060)
POCKET_D_ACE posts blind: 10
UDF1 posts blind: 20
POCKET_D_ACE received [6c Ad]
UDF1 received [7h 8s]
POCKET_D_ACE calls
UDF1 raises to 5000
POCKET_D_ACE calls
Flop [6s Ac As], POCKET_D_ACE (5000), UDF1 (5000)
UDF1 bids 0
POCKET_D_ACE bids 0
POCKET_D_ACE won the auction and was revealed [7h]
UDF1 won the auction and was revealed [6c]
Flop [6s Ac As], POCKET_D_ACE (5000), UDF1 (5000)
UDF1 checks
POCKET_D_ACE checks
Turn [6s Ac As Kc], POCKET_D_ACE (5000), UDF1 (5000)
UDF1 checks
POCKET_D_ACE checks
River [6s Ac As Kc 9c], POCKET_D_ACE (5000), UDF1 (5000)
UDF1 checks
POCKET_D_ACE checks
POCKET_D_ACE shows [6c Ad]
UDF1 shows [7h 8s]
POCKET_D_ACE awarded 5000
UDF1 awarded -5000

Round #335, UDF1 (-103060), POCKET_D_ACE (103060)
UDF1 posts blind: 10
POCKET_D_ACE posts blind: 20
UDF1 received [5c 9c]
POCKET_D_ACE received [7h Ks]
UDF1 raises to 5000
POCKET_D_ACE calls
Flop [8c Ts 5d], UDF1 (5000), POCKET_D_ACE (5000)
POCKET_D_ACE bids 0
UDF1 bids 0
UDF1 won the auction and was revealed [7h]
POCKET_D_ACE won the auction and was revealed [5c]
Flop [8c Ts 5d], UDF1 (5000), POCKET_D_ACE (5000)
POCKET_D_ACE checks
UDF1 checks
Turn [8c Ts 5d 3h], UDF1 (5000), POCKET_D_ACE (5000)
POCKET_D_ACE checks
UDF1 checks
River [8c Ts 5d 3h Tc], UDF1 (5000), POCKET_D_ACE (5000)
POCKET_D_ACE checks
UDF1 checks
UDF1 shows [5c 9c]
POCKET_D_ACE shows [7h Ks]
UDF1 awarded 5000
POCKET_D_ACE awarded -5000

Round #336, POCKET_D_ACE (98060), UDF1 (-98060)
POCKET_D_ACE posts blind: 10
UDF1 posts blind: 20
POCKET_D_ACE received [Js 5c]
UDF1 received [2d Qs]
POCKET_D_ACE calls
UDF1 raises to 5000
POCKET_D_ACE calls
Flop [Ac 2h Qh], POCKET_D_ACE (5000), UDF1 (5000)
UDF1 bids 0
POCKET_D_ACE bids 0
POCKET_D_ACE won the auction and was revealed [2d]
UDF1 won the auction and was revealed [5c]
Flop [Ac 2h Qh], POCKET_D_ACE (5000), UDF1 (5000)
UDF1 checks
POCKET_D_ACE checks
Turn [Ac 2h Qh 3c], POCKET_D_ACE (5000), UDF1 (5000)
UDF1 checks
POCKET_D_ACE checks
River [Ac 2h Qh 3c Kh], POCKET_D_ACE (5000), UDF1 (5000)
UDF1 checks
POCKET_D_ACE checks
POCKET_D_ACE shows [Js 5c]
UDF1 shows [2d Qs]
POCKET_D_ACE awarded -5000
UDF1 awarded 5000

Round #337, UDF1 (-93060), POCKET_D_ACE (93060)
UDF1 posts blind: 10
POCKET_D_ACE posts blind: 20
UDF1 received [Qh 9d]
POCKET_D_ACE received [5h Qs]
UDF1 raises to 5000
POCKET_D_ACE calls
Flop [8d 2h 3d], UDF1 (5000), POCKET_D_ACE (5000)
POCKET_D_ACE bids 0
UDF1 bids 0
UDF1 won the auction and was revealed [5h]
POCKET_D_ACE won the auction and was revealed [Qh]
Flop [8d 2h 3d], UDF1 (5000), POCKET_D_ACE (5000)
POCKET_D_ACE checks
UDF1 checks
Turn [8d 2h 3d 6d], UDF1 (5000), POCKET_D_ACE (5000)
POCKET_D_ACE checks
UDF1 checks
River [8d 2h 3d 6d Ts], UDF1 (5000), POCKET_D_ACE (5000)
POCKET_D_ACE checks
UDF1 checks
UDF1 shows [Qh 9d]
POCKET_D_ACE shows [5h Qs]
UDF1 awarded 5000
POCKET_D_ACE awarded -5000

Round #338, POCKET_D_ACE (88060), UDF1 (-88060)
POCKET_D_ACE posts blind: 10
UDF1 posts blind: 20
POCKET_D_ACE received [Kd Jc]
UDF1 received [5d 5h]
POCKET_D_ACE calls
UDF1 raises to 5000
POCKET_D_ACE calls
Flop [2h 4d 2d], POCKET_D_ACE (5000), UDF1 (5000)
UDF1 bids 0
POCKET_D_ACE bids 0
POCKET_D_ACE won the auction and was revealed [5h]
UDF1 won the auction and was revealed [Jc]
Flop [2h 4d 2d], POCKET_D_ACE (5000), UDF1 (5000)
UDF1 checks
POCKET_D_ACE checks
Turn [2h 4d 2d Qs], POCKET_D_ACE (5000), UDF1 (5000)
UDF1 checks
POCKET_D_ACE checks
River [2h 4d 2d Qs 9d], POCKET_D_ACE (5000), UDF1 (5000)
UDF1 checks
POCKET_D_ACE checks
POCKET_D_ACE shows [Kd Jc]
UDF1 shows [5d 5h]
POCKET_D_ACE awarded -5000
UDF1 awarded 5000

Round #339, UDF1 (-83060), POCKET_D_ACE (83060)
UDF1 posts blind: 10
POCKET_D_ACE posts blind: 20
UDF1 received [8c Ac]
POCKET_D_ACE received [Jd 3h]
UDF1 raises to 5000
POCKET_D_ACE folds
UDF1 awarded 20
POCKET_D_ACE awarded -20

Round #340, POCKET_D_ACE (83040), UDF1 (-83040)
POCKET_D_ACE posts blind: 10
UDF1 posts blind: 20
POCKET_D_ACE received [Qs Js]
UDF1 received [Tc Kh]
POCKET_D_ACE calls
UDF1 raises to 5000
POCKET_D_ACE calls
Flop [Th 6s 9c], POCKET_D_ACE (5000), UDF1 (5000)
UDF1 bids 0
POCKET_D_ACE bids 0
POCKET_D_ACE won the auction and was revealed [Tc]
UDF1 won the auction and was revealed [Js]
Flop [Th 6s 9c], POCKET_D_ACE (5000), UDF1 (5000)
UDF1 checks
POCKET_D_ACE checks
Turn [Th 6s 9c 4d], POCKET_D_ACE (5000), UDF1 (5000)
UDF1 checks
POCKET_D_ACE checks
River [Th 6s 9c 4d 9h], POCKET_D_ACE (5000), UDF1 (5000)
UDF1 checks
POCKET_D_ACE checks
POCKET_D_ACE shows [Qs Js]
UDF1 shows [Tc Kh]
POCKET_D_ACE awarded -5000
UDF1 awarded 5000

Round #341, UDF1 (-78040), POCKET_D_ACE (78040)
UDF1 posts blind: 10
POCKET_D_ACE posts blind: 20
UDF1 received [2h Js]
POCKET_D_ACE received [Jh 8h]
UDF1 raises to 5000
POCKET_D_ACE calls
Flop [2d Qs 8d], UDF1 (5000), POCKET_D_ACE (5000)
POCKET_D_ACE bids 0
UDF1 bids 0
UDF1 won the auction and was revealed [8h]
POCKET_D_ACE won the auction and was revealed [Js]
Flop [2d Qs 8d], UDF1 (5000), POCKET_D_ACE (5000)
POCKET_D_ACE checks
UDF1 checks
Turn [2d Qs 8d Qh], UDF1 (5000), POCKET_D_ACE (5000)
POCKET_D_ACE checks
UDF1 checks
River [2d Qs 8d Qh Th], UDF1 (5000), POCKET_D_ACE (5000)
POCKET_D_ACE checks
UDF1 checks
UDF1 shows [2h Js]
POCKET_D_ACE shows [Jh 8h]
UDF1 awarded -5000
POCKET_D_ACE awarded 5000

Round #342, POCKET_D_ACE (83040), UDF1 (-83040)
POCKET_D_ACE posts blind: 10
UDF1 posts blind: 20
POCKET_D_ACE received [Kh 3h]
UDF1 received [Qh Ks]
POCKET_D_ACE calls
UDF1 raises to 5000
POCKET_D_ACE calls
Flop [5s 7s 6h], POCKET_D_ACE (5000), UDF1 (5000)
UDF1 bids 0
POCKET_D_ACE bids 0
POCKET_D_ACE won the auction and was revealed [Ks]
UDF1 won the auction and was revealed [Kh]
Flop [5s 7s 6h], POCKET_D_ACE (5000), UDF1 (5000)
UDF1 checks
POCKET_D_ACE checks
Turn [5s 7s 6h 7c], POCKET_D_ACE (5000), UDF1 (5000)
UDF1 checks
POCKET_D_ACE checks
River [5s 7s 6h 7c 8s], POCKET_D_ACE (5000), UDF1 (5000)
UDF1 checks
POCKET_D_ACE checks
POCKET_D_ACE shows [Kh 3h]
UDF1 shows [Qh Ks]
POCKET_D_ACE awarded -5000
UDF1 awarded 5000

Round #343, UDF1 (-78040), POCKET_D_ACE (78040)
UDF1 posts blind: 10
POCKET_D_ACE posts blind: 20
UDF1 received [4c 7s]
POCKET_D_ACE received [Jh 4h]
UDF1 raises to 5000
POCKET_D_ACE calls
Flop [8h 8c Jc], UDF1 (5000), POCKET_D_ACE (5000)
POCKET_D_ACE bids 0
UDF1 bids 0
UDF1 won the auction and was revealed [4h]
POCKET_D_ACE won the auction and was revealed [7s]
Flop [8h 8c Jc], UDF1 (5000), POCKET_D_ACE (5000)
POCKET_D_ACE checks
UDF1 checks
Turn [8h 8c Jc 3s], UDF1 (5000), POCKET_D_ACE (5000)
POCKET_D_ACE checks
UDF1 checks
River [8h 8c Jc 3s Qs], UDF1 (5000), POCKET_D_ACE (5000)
POCKET_D_ACE checks
UDF1 checks
UDF1 shows [4c 7s]
POCKET_D_ACE shows [Jh 4h]
UDF1 awarded -5000
POCKET_D_ACE awarded 5000

Round #344, POCKET_D_ACE (83040), UDF1 (-83040)
POCKET_D_ACE posts blind: 10
UDF1 posts blind: 20
POCKET_D_ACE received [8c 3d]
UDF1 received [7c 7d]
POCKET_D_ACE calls
UDF1 raises to 5000
POCKET_D_ACE folds
POCKET_D_ACE awarded -20
UDF1 awarded 20

Round #345, UDF1 (-83020), POCKET_D_ACE (83020)
UDF1 posts blind: 10
POCKET_D_ACE posts blind: 20
UDF1 received [6c 5c]
POCKET_D_ACE received [7d Jd]
UDF1 raises to 5000
POCKET_D_ACE calls
Flop [2d 4d 8c], UDF1 (5000), POCKET_D_ACE (5000)
POCKET_D_ACE bids 0
UDF1 bids 0
UDF1 won the auction and was revealed [Jd]
POCKET_D_ACE won the auction and was revealed [6c]
Flop [2d 4d 8c], UDF1 (5000), POCKET_D_ACE (5000)
POCKET_D_ACE checks
UDF1 checks
Turn [2d 4d 8c 4s], UDF1 (5000), POCKET_D_ACE (5000)
POCKET_D_ACE checks
UDF1 checks
River [2d 4d 8c 4s 8h], UDF1 (5000), POCKET_D_ACE (5000)
POCKET_D_ACE checks
UDF1 checks
UDF1 shows [6c 5c]
POCKET_D_ACE shows [7d Jd]
UDF1 awarded -5000
POCKET_D_ACE awarded 5000

Round #346, POCKET_D_ACE (88020), UDF1 (-88020)
POCKET_D_ACE posts blind: 10
UDF1 posts blind: 20
POCKET_D_ACE received [Qd 7d]
UDF1 received [2d Ks]
POCKET_D_ACE calls
UDF1 raises to 5000
POCKET_D_ACE calls
Flop [Th 4h 6h], POCKET_D_ACE (5000), UDF1 (5000)
UDF1 bids 0
POCKET_D_ACE bids 0
POCKET_D_ACE won the auction and was revealed [2d]
UDF1 won the auction and was revealed [7d]
Flop [Th 4h 6h], POCKET_D_ACE (5000), UDF1 (5000)
UDF1 checks
POCKET_D_ACE checks
Turn [Th 4h 6h Jd], POCKET_D_ACE (5000), UDF1 (5000)
UDF1 checks
POCKET_D_ACE checks
River [Th 4h 6h Jd 7s], POCKET_D_ACE (5000), UDF1 (5000)
UDF1 checks
POCKET_D_ACE checks
POCKET_D_ACE shows [Qd 7d]
UDF1 shows [2d Ks]
POCKET_D_ACE awarded 5000
UDF1 awarded -5000

Round #347, UDF1 (-93020), POCKET_D_ACE (93020)
UDF1 posts blind: 10
POCKET_D_ACE posts blind: 20
UDF1 received [6h 4h]
POCKET_D_ACE received [8c 4c]
UDF1 raises to 5000
POCKET_D_ACE calls
Flop [8h 2c 9h], UDF1 (5000), POCKET_D_ACE (5000)
POCKET_D_ACE bids 0
UDF1 bids 0
UDF1 won the auction and was revealed [4c]
POCKET_D_ACE won the auction and was revealed [6h]
Flop [8h 2c 9h], UDF1 (5000), POCKET_D_ACE (5000)
POCKET_D_ACE checks
UDF1 checks
Turn [8h 2c 9h 6d], UDF1 (5000), POCKET_D_ACE (5000)
POCKET_D_ACE checks
UDF1 checks
River [8h 2c 9h 6d Kh], UDF1 (5000), POCKET_D_ACE (5000)
POCKET_D_ACE checks
UDF1 checks
UDF1 shows [6h 4h]
POCKET_D_ACE shows [8c 4c]
UDF1 awarded 5000
POCKET_D_ACE awarded -5000

Round #348, POCKET_D_ACE (88020), UDF1 (-88020)
POCKET_D_ACE posts blind: 10
UDF1 posts blind: 20
POCKET_D_ACE received [4h 6d]
UDF1 received [5s 3h]
POCKET_D_ACE folds
POCKET_D_ACE awarded -10
UDF1 awarded 10

Round #349, UDF1 (-88010), POCKET_D_ACE (88010)
UDF1 posts blind: 10
POCKET_D_ACE posts blind: 20
UDF1 received [5h 4h]
POCKET_D_ACE received [Ts 6h]
UDF1 raises to 5000
POCKET_D_ACE calls
Flop [As 7h Ah], UDF1 (5000), POCKET_D_ACE (5000)
POCKET_D_ACE bids 0
UDF1 bids 0
UDF1 won the auction and was revealed [6h]
POCKET_D_ACE won the auction and was revealed [5h]
Flop [As 7h Ah], UDF1 (5000), POCKET_D_ACE (5000)
POCKET_D_ACE checks
UDF1 checks
Turn [As 7h Ah 3s], UDF1 (5000), POCKET_D_ACE (5000)
POCKET_D_ACE checks
UDF1 checks
River [As 7h Ah 3s Ac], UDF1 (5000), POCKET_D_ACE (5000)
POCKET_D_ACE checks
UDF1 checks
UDF1 shows [5h 4h]
POCKET_D_ACE shows [Ts 6h]
UDF1 awarded -5000
POCKET_D_ACE awarded 5000

Round #350, POCKET_D_ACE (93010), UDF1 (-93010)
POCKET_D_ACE posts blind: 10
UDF1 posts blind: 20
POCKET_D_ACE received [5s Qc]
UDF1 received [8c Tc]
POCKET_D_ACE calls
UDF1 raises to 5000
POCKET_D_ACE calls
Flop [9c 2s Ks], POCKET_D_ACE (5000), UDF1 (5000)
UDF1 bids 0
POCKET_D_ACE bids 0
POCKET_D_ACE won the auction and was revealed [8c]
UDF1 won the auction and was revealed [5s]
Flop [9c 2s Ks], POCKET_D_ACE (5000), UDF1 (5000)
UDF1 checks
POCKET_D_ACE checks
Turn [9c 2s Ks 6s], POCKET_D_ACE (5000), UDF1 (5000)
UDF1 checks
POCKET_D_ACE checks
River [9c 2s Ks 6s 3d], POCKET_D_ACE (5000), UDF1 (5000)
UDF1 checks
POCKET_D_ACE checks
POCKET_D_ACE shows [5s Qc]
UDF1 shows [8c Tc]
POCKET_D_ACE awarded 5000
UDF1 awarded -5000

Round #351, UDF1 (-98010), POCKET_D_ACE (98010)
UDF1 posts blind: 10
POCKET_D_ACE posts blind: 20
UDF1 received [4h Ks]
POCKET_D_ACE received [4s 7c]
UDF1 raises to 5000
POCKET_D_ACE folds
UDF1 awarded 20
POCKET_D_ACE awarded -20

Round #352, POCKET_D_ACE (97990), UDF1 (-97990)
POCKET_D_ACE posts blind: 10
UDF1 posts blind: 20
POCKET_D_ACE received [4d 6d]
UDF1 received [5c 4c]
POCKET_D_ACE calls
UDF1 raises to 5000
POCKET_D_ACE calls
Flop [4h 3d 5s], POCKET_D_ACE (5000), UDF1 (5000)
UDF1 bids 0
POCKET_D_ACE bids 0
POCKET_D_ACE won the auction and was revealed [5c]
UDF1 won the auction and was revealed [4d]
Flop [4h 3d 5s], POCKET_D_ACE (5000), UDF1 (5000)
UDF1 checks
POCKET_D_ACE checks
Turn [4h 3d 5s 4s], POCKET_D_ACE (5000), UDF1 (5000)
UDF1 checks
POCKET_D_ACE checks
River [4h 3d 5s 4s 2d], POCKET_D_ACE (5000), UDF1 (5000)
UDF1 checks
POCKET_D_ACE checks
POCKET_D_ACE shows [4d 6d]
UDF1 shows [5c 4c]
POCKET_D_ACE awarded -5000
UDF1 awarded 5000

Round #353, UDF1 (-92990), POCKET_D_ACE (92990)
UDF1 posts blind: 10
POCKET_D_ACE posts blind: 20
UDF1 received [4c Jd]
POCKET_D_ACE received [Qd Td]
UDF1 raises to 5000
POCKET_D_ACE calls
Flop [Jh 9c Ts], UDF1 (5000), POCKET_D_ACE (5000)
POCKET_D_ACE bids 0
UDF1 bids 0
UDF1 won the auction and was revealed [Td]
POCKET_D_ACE won the auction and was revealed [Jd]
Flop [Jh 9c Ts], UDF1 (5000), POCKET_D_ACE (5000)
POCKET_D_ACE checks
UDF1 checks
Turn [Jh 9c Ts 8c], UDF1 (5000), POCKET_D_ACE (5000)
POCKET_D_ACE checks
UDF1 checks
River [Jh 9c Ts 8c 3h], UDF1 (5000), POCKET_D_ACE (5000)
POCKET_D_ACE checks
UDF1 checks
UDF1 shows [4c Jd]
POCKET_D_ACE shows [Qd Td]
UDF1 awarded -5000
POCKET_D_ACE awarded 5000

Round #354, POCKET_D_ACE (97990), UDF1 (-97990)
POCKET_D_ACE posts blind: 10
UDF1 posts blind: 20
POCKET_D_ACE received [8c Qh]
UDF1 received [9s 3c]
POCKET_D_ACE calls
UDF1 raises to 5000
POCKET_D_ACE calls
Flop [5h 7s Jd], POCKET_D_ACE (5000), UDF1 (5000)
UDF1 bids 0
POCKET_D_ACE bids 0
POCKET_D_ACE won the auction and was revealed [3c]
UDF1 won the auction and was revealed [8c]
Flop [5h 7s Jd], POCKET_D_ACE (5000), UDF1 (5000)
UDF1 checks
POCKET_D_ACE checks
Turn [5h 7s Jd Tc], POCKET_D_ACE (5000), UDF1 (5000)
UDF1 checks
POCKET_D_ACE checks
River [5h 7s Jd Tc 8d], POCKET_D_ACE (5000), UDF1 (5000)
UDF1 checks
POCKET_D_ACE checks
POCKET_D_ACE shows [8c Qh]
UDF1 shows [9s 3c]
POCKET_D_ACE awarded -5000
UDF1 awarded 5000

Round #355, UDF1 (-92990), POCKET_D_ACE (92990)
UDF1 posts blind: 10
POCKET_D_ACE posts blind: 20
UDF1 received [Jc 7c]
POCKET_D_ACE received [Ad 3d]
UDF1 raises to 5000
POCKET_D_ACE calls
Flop [3c Js Qc], UDF1 (5000), POCKET_D_ACE (5000)
POCKET_D_ACE bids 0
UDF1 bids 0
UDF1 won the auction and was revealed [3d]
POCKET_D_ACE won the auction and was revealed [Jc]
Flop [3c Js Qc], UDF1 (5000), POCKET_D_ACE (5000)
POCKET_D_ACE checks
UDF1 checks
Turn [3c Js Qc 8h], UDF1 (5000), POCKET_D_ACE (5000)
POCKET_D_ACE checks
UDF1 checks
River [3c Js Qc 8h 8d], UDF1 (5000), POCKET_D_ACE (5000)
POCKET_D_ACE checks
UDF1 checks
UDF1 shows [Jc 7c]
POCKET_D_ACE shows [Ad 3d]
UDF1 awarded 5000
POCKET_D_ACE awarded -5000

Round #356, POCKET_D_ACE (87990), UDF1 (-87990)
POCKET_D_ACE posts blind: 10
UDF1 posts blind: 20
POCKET_D_ACE received [3s 4c]
UDF1 received [7h 2d]
POCKET_D_ACE folds
POCKET_D_ACE awarded -10
UDF1 awarded 10

Round #357, UDF1 (-87980), POCKET_D_ACE (87980)
UDF1 posts blind: 10
POCKET_D_ACE posts blind: 20
UDF1 received [6d As]
POCKET_D_ACE received [2s Ah]
UDF1 raises to 5000
POCKET_D_ACE calls
Flop [Td Js 3s], UDF1 (5000), POCKET_D_ACE (5000)
POCKET_D_ACE bids 0
UDF1 bids 0
UDF1 won the auction and was revealed [Ah]
POCKET_D_ACE won the auction and was revealed [6d]
Flop [Td Js 3s], UDF1 (5000), POCKET_D_ACE (5000)
POCKET_D_ACE checks
UDF1 checks
Turn [Td Js 3s 9h], UDF1 (5000), POCKET_D_ACE (5000)
POCKET_D_ACE checks
UDF1 checks
River [Td Js 3s 9h 2d], UDF1 (5000), POCKET_D_ACE (5000)
POCKET_D_ACE checks
UDF1 checks
UDF1 shows [6d As]
POCKET_D_ACE shows [2s Ah]
UDF1 awarded -5000
POCKET_D_ACE awarded 5000

Round #358, POCKET_D_ACE (92980), UDF1 (-92980)
POCKET_D_ACE posts blind: 10
UDF1 posts blind: 20
POCKET_D_ACE received [3c Qc]
UDF1 received [6c Qs]
POCKET_D_ACE calls
UDF1 raises to 5000
POCKET_D_ACE calls
Flop [Ad Tc 7h], POCKET_D_ACE (5000), UDF1 (5000)
UDF1 bids 0
POCKET_D_ACE bids 0
POCKET_D_ACE won the auction and was revealed [6c]
UDF1 won the auction and was revealed [3c]
Flop [Ad Tc 7h], POCKET_D_ACE (5000), UDF1 (5000)
UDF1 checks
POCKET_D_ACE checks
Turn [Ad Tc 7h Jh], POCKET_D_ACE (5000), UDF1 (5000)
UDF1 checks
POCKET_D_ACE checks
River [Ad Tc 7h Jh Ac], POCKET_D_ACE (5000), UDF1 (5000)
UDF1 checks
POCKET_D_ACE checks
POCKET_D_ACE shows [3c Qc]
UDF1 shows [6c Qs]
POCKET_D_ACE awarded 0
UDF1 awarded 0

Round #359, UDF1 (-92980), POCKET_D_ACE (92980)
UDF1 posts blind: 10
POCKET_D_ACE posts blind: 20
UDF1 received [3d 4s]
POCKET_D_ACE received [Ah 4h]
UDF1 raises to 5000
POCKET_D_ACE calls
Flop [8s 6s Kc], UDF1 (5000), POCKET_D_ACE (5000)
POCKET_D_ACE bids 0
UDF1 bids 0
UDF1 won the auction and was revealed [4h]
POCKET_D_ACE won the auction and was revealed [3d]
Flop [8s 6s Kc], UDF1 (5000), POCKET_D_ACE (5000)
POCKET_D_ACE checks
UDF1 checks
Turn [8s 6s Kc 2h], UDF1 (5000), POCKET_D_ACE (5000)
POCKET_D_ACE checks
UDF1 checks
River [8s 6s Kc 2h Ad], UDF1 (5000), POCKET_D_ACE (5000)
POCKET_D_ACE checks
UDF1 checks
UDF1 shows [3d 4s]
POCKET_D_ACE shows [Ah 4h]
UDF1 awarded -5000
POCKET_D_ACE awarded 5000

Round #360, POCKET_D_ACE (97980), UDF1 (-97980)
POCKET_D_ACE posts blind: 10
UDF1 posts blind: 20
POCKET_D_ACE received [Jd 5s]
UDF1 received [7c 2d]
POCKET_D_ACE calls
UDF1 raises to 5000
POCKET_D_ACE calls
Flop [9d Td 8c], POCKET_D_ACE (5000), UDF1 (5000)
UDF1 bids 0
POCKET_D_ACE bids 0
POCKET_D_ACE won the auction and was revealed [7c]
UDF1 won the auction and was revealed [5s]
Flop [9d Td 8c], POCKET_D_ACE (5000), UDF1 (5000)
UDF1 checks
POCKET_D_ACE checks
Turn [9d Td 8c Ad], POCKET_D_ACE (5000), UDF1 (5000)
UDF1 checks
POCKET_D_ACE checks
River [9d Td 8c Ad 3h], POCKET_D_ACE (5000), UDF1 (5000)
UDF1 checks
POCKET_D_ACE checks
POCKET_D_ACE shows [Jd 5s]
UDF1 shows [7c 2d]
POCKET_D_ACE awarded 5000
UDF1 awarded -5000

Round #361, UDF1 (-102980), POCKET_D_ACE (102980)
UDF1 posts blind: 10
POCKET_D_ACE posts blind: 20
UDF1 received [Kc 9s]
POCKET_D_ACE received [8d 9h]
UDF1 raises to 5000
POCKET_D_ACE calls
Flop [8c 2c 7d], UDF1 (5000), POCKET_D_ACE (5000)
POCKET_D_ACE bids 0
UDF1 bids 0
UDF1 won the auction and was revealed [8d]
POCKET_D_ACE won the auction and was revealed [9s]
Flop [8c 2c 7d], UDF1 (5000), POCKET_D_ACE (5000)
POCKET_D_ACE checks
UDF1 checks
Turn [8c 2c 7d 9c], UDF1 (5000), POCKET_D_ACE (5000)
POCKET_D_ACE checks
UDF1 checks
River [8c 2c 7d 9c Jd], UDF1 (5000), POCKET_D_ACE (5000)
POCKET_D_ACE checks
UDF1 checks
UDF1 shows [Kc 9s]
POCKET_D_ACE shows [8d 9h]
UDF1 awarded -5000
POCKET_D_ACE awarded 5000

Round #362, POCKET_D_ACE (107980), UDF1 (-107980)
POCKET_D_ACE posts blind: 10
UDF1 posts blind: 20
POCKET_D_ACE received [Kh Js]
UDF1 received [7s 7h]
POCKET_D_ACE calls
UDF1 raises to 5000
POCKET_D_ACE calls
Flop [Ah Jd 2c], POCKET_D_ACE (5000), UDF1 (5000)
UDF1 bids 0
POCKET_D_ACE bids 0
POCKET_D_ACE won the auction and was revealed [7h]
UDF1 won the auction and was revealed [Kh]
Flop [Ah Jd 2c], POCKET_D_ACE (5000), UDF1 (5000)
UDF1 checks
POCKET_D_ACE checks
Turn [Ah Jd 2c 5c], POCKET_D_ACE (5000), UDF1 (5000)
UDF1 checks
POCKET_D_ACE checks
River [Ah Jd 2c 5c Kd], POCKET_D_ACE (5000), UDF1 (5000)
UDF1 checks
POCKET_D_ACE checks
POCKET_D_ACE shows [Kh Js]
UDF1 shows [7s 7h]
POCKET_D_ACE awarded 5000
UDF1 awarded -5000

Round #363, UDF1 (-112980), POCKET_D_ACE (112980)
UDF1 posts blind: 10
POCKET_D_ACE posts blind: 20
UDF1 received [Qs Ah]
POCKET_D_ACE received [6s 6d]
UDF1 raises to 5000
POCKET_D_ACE calls
Flop [9h Jc Qc], UDF1 (5000), POCKET_D_ACE (5000)
POCKET_D_ACE bids 0
UDF1 bids 0
UDF1 won the auction and was revealed [6d]
POCKET_D_ACE won the auction and was revealed [Qs]
Flop [9h Jc Qc], UDF1 (5000), POCKET_D_ACE (5000)
POCKET_D_ACE checks
UDF1 checks
Turn [9h Jc Qc Ks], UDF1 (5000), POCKET_D_ACE (5000)
POCKET_D_ACE checks
UDF1 checks
River [9h Jc Qc Ks 8h], UDF1 (5000), POCKET_D_ACE (5000)
POCKET_D_ACE checks
UDF1 checks
UDF1 shows [Qs Ah]
POCKET_D_ACE shows [6s 6d]
UDF1 awarded 5000
POCKET_D_ACE awarded -5000

Round #364, POCKET_D_ACE (107980), UDF1 (-107980)
POCKET_D_ACE posts blind: 10
UDF1 posts blind: 20
POCKET_D_ACE received [3c 5h]
UDF1 received [7d 3s]
POCKET_D_ACE folds
POCKET_D_ACE awarded -10
UDF1 awarded 10

Round #365, UDF1 (-107970), POCKET_D_ACE (107970)
UDF1 posts blind: 10
POCKET_D_ACE posts blind: 20
UDF1 received [Td 6s]
POCKET_D_ACE received [2h 9c]
UDF1 raises to 5000
POCKET_D_ACE folds
UDF1 awarded 20
POCKET_D_ACE awarded -20

Round #366, POCKET_D_ACE (107950), UDF1 (-107950)
POCKET_D_ACE posts blind: 10
UDF1 posts blind: 20
POCKET_D_ACE received [7h Jd]
UDF1 received [6c 2h]
POCKET_D_ACE calls
UDF1 raises to 5000
POCKET_D_ACE calls
Flop [Js 4h 7d], POCKET_D_ACE (5000), UDF1 (5000)
UDF1 bids 0
POCKET_D_ACE bids 0
POCKET_D_ACE won the auction and was revealed [6c]
UDF1 won the auction and was revealed [7h]
Flop [Js 4h 7d], POCKET_D_ACE (5000), UDF1 (5000)
UDF1 checks
POCKET_D_ACE checks
Turn [Js 4h 7d Kc], POCKET_D_ACE (5000), UDF1 (5000)
UDF1 checks
POCKET_D_ACE checks
River [Js 4h 7d Kc 8s], POCKET_D_ACE (5000), UDF1 (5000)
UDF1 checks
POCKET_D_ACE checks
POCKET_D_ACE shows [7h Jd]
UDF1 shows [6c 2h]
POCKET_D_ACE awarded 5000
UDF1 awarded -5000

Round #367, UDF1 (-112950), POCKET_D_ACE (112950)
UDF1 posts blind: 10
POCKET_D_ACE posts blind: 20
UDF1 received [7s 5h]
POCKET_D_ACE received [5s Th]
UDF1 raises to 5000
POCKET_D_ACE folds
UDF1 awarded 20
POCKET_D_ACE awarded -20

Round #368, POCKET_D_ACE (112930), UDF1 (-112930)
POCKET_D_ACE posts blind: 10
UDF1 posts blind: 20
POCKET_D_ACE received [Jh 2c]
UDF1 received [7h Ac]
POCKET_D_ACE calls
UDF1 raises to 5000
POCKET_D_ACE folds
POCKET_D_ACE awarded -20
UDF1 awarded 20

Round #369, UDF1 (-112910), POCKET_D_ACE (112910)
UDF1 posts blind: 10
POCKET_D_ACE posts blind: 20
UDF1 received [As 4h]
POCKET_D_ACE received [Ks 6d]
UDF1 raises to 5000
POCKET_D_ACE calls
Flop [Qc 8c 9s], UDF1 (5000), POCKET_D_ACE (5000)
POCKET_D_ACE bids 0
UDF1 bids 0
UDF1 won the auction and was revealed [Ks]
POCKET_D_ACE won the auction and was revealed [As]
Flop [Qc 8c 9s], UDF1 (5000), POCKET_D_ACE (5000)
POCKET_D_ACE checks
UDF1 checks
Turn [Qc 8c 9s 8s], UDF1 (5000), POCKET_D_ACE (5000)
POCKET_D_ACE checks
UDF1 checks
River [Qc 8c 9s 8s Js], UDF1 (5000), POCKET_D_ACE (5000)
POCKET_D_ACE checks
UDF1 checks
UDF1 shows [As 4h]
POCKET_D_ACE shows [Ks 6d]
UDF1 awarded 5000
POCKET_D_ACE awarded -5000

Round #370, POCKET_D_ACE (107910), UDF1 (-107910)
POCKET_D_ACE posts blind: 10
UDF1 posts blind: 20
POCKET_D_ACE received [3s 9s]
UDF1 received [Qd 7h]
POCKET_D_ACE calls
UDF1 raises to 5000
POCKET_D_ACE folds
POCKET_D_ACE awarded -20
UDF1 awarded 20

Round #371, UDF1 (-107890), POCKET_D_ACE (107890)
UDF1 posts blind: 10
POCKET_D_ACE posts blind: 20
UDF1 received [As 3d]
POCKET_D_ACE received [2d Ah]
UDF1 raises to 5000
POCKET_D_ACE calls
Flop [4d 8d 6s], UDF1 (5000), POCKET_D_ACE (5000)
POCKET_D_ACE bids 0
UDF1 bids 0
UDF1 won the auction and was revealed [2d]
POCKET_D_ACE won the auction and was revealed [As]
Flop [4d 8d 6s], UDF1 (5000), POCKET_D_ACE (5000)
POCKET_D_ACE checks
UDF1 checks
Turn [4d 8d 6s 5d], UDF1 (5000), POCKET_D_ACE (5000)
POCKET_D_ACE checks
UDF1 checks
River [4d 8d 6s 5d Qh], UDF1 (5000), POCKET_D_ACE (5000)
POCKET_D_ACE checks
UDF1 checks
UDF1 shows [As 3d]
POCKET_D_ACE shows [2d Ah]
UDF1 awarded 0
POCKET_D_ACE awarded 0

Round #372, POCKET_D_ACE (107890), UDF1 (-107890)
POCKET_D_ACE posts blind: 10
UDF1 posts blind: 20
POCKET_D_ACE received [9h 8c]
UDF1 received [9c 5s]
POCKET_D_ACE calls
UDF1 raises to 5000
POCKET_D_ACE calls
Flop [9d Js Qh], POCKET_D_ACE (5000), UDF1 (5000)
UDF1 bids 0
POCKET_D_ACE bids 0
POCKET_D_ACE won the auction and was revealed [9c]
UDF1 won the auction and was revealed [9h]
Flop [9d Js Qh], POCKET_D_ACE (5000), UDF1 (5000)
UDF1 checks
POCKET_D_ACE checks
Turn [9d Js Qh 5h], POCKET_D_ACE (5000), UDF1 (5000)
UDF1 checks
POCKET_D_ACE checks
River [9d Js Qh 5h Qd], POCKET_D_ACE (5000), UDF1 (5000)
UDF1 checks
POCKET_D_ACE checks
POCKET_D_ACE shows [9h 8c]
UDF1 shows [9c 5s]
POCKET_D_ACE awarded 0
UDF1 awarded 0

Round #373, UDF1 (-107890), POCKET_D_ACE (107890)
UDF1 posts blind: 10
POCKET_D_ACE posts blind: 20
UDF1 received [4c 3s]
POCKET_D_ACE received [Td 2d]
UDF1 raises to 5000
POCKET_D_ACE folds
UDF1 awarded 20
POCKET_D_ACE awarded -20

Round #374, POCKET_D_ACE (107870), UDF1 (-107870)
POCKET_D_ACE posts blind: 10
UDF1 posts blind: 20
POCKET_D_ACE received [3s Ac]
UDF1 received [9d 9s]
POCKET_D_ACE calls
UDF1 raises to 5000
POCKET_D_ACE calls
Flop [Td Jh 5c], POCKET_D_ACE (5000), UDF1 (5000)
UDF1 bids 0
POCKET_D_ACE bids 0
POCKET_D_ACE won the auction and was revealed [9s]
UDF1 won the auction and was revealed [Ac]
Flop [Td Jh 5c], POCKET_D_ACE (5000), UDF1 (5000)
UDF1 checks
POCKET_D_ACE checks
Turn [Td Jh 5c Ad], POCKET_D_ACE (5000), UDF1 (5000)
UDF1 checks
POCKET_D_ACE checks
River [Td Jh 5c Ad Jc], POCKET_D_ACE (5000), UDF1 (5000)
UDF1 checks
POCKET_D_ACE checks
POCKET_D_ACE shows [3s Ac]
UDF1 shows [9d 9s]
POCKET_D_ACE awarded 5000
UDF1 awarded -5000

Round #375, UDF1 (-112870), POCKET_D_ACE (112870)
UDF1 posts blind: 10
POCKET_D_ACE posts blind: 20
UDF1 received [Ad 9d]
POCKET_D_ACE received [Jd 3s]
UDF1 raises to 5000
POCKET_D_ACE folds
UDF1 awarded 20
POCKET_D_ACE awarded -20

Round #376, POCKET_D_ACE (112850), UDF1 (-112850)
POCKET_D_ACE posts blind: 10
UDF1 posts blind: 20
POCKET_D_ACE received [Kh As]
UDF1 received [7d Kc]
POCKET_D_ACE raises to 52
UDF1 raises to 5000
POCKET_D_ACE calls
Flop [5s 4c Js], POCKET_D_ACE (5000), UDF1 (5000)
UDF1 bids 0
POCKET_D_ACE bids 0
POCKET_D_ACE won the auction and was revealed [Kc]
UDF1 won the auction and was revealed [Kh]
Flop [5s 4c Js], POCKET_D_ACE (5000), UDF1 (5000)
UDF1 checks
POCKET_D_ACE checks
Turn [5s 4c Js 8c], POCKET_D_ACE (5000), UDF1 (5000)
UDF1 checks
POCKET_D_ACE checks
River [5s 4c Js 8c 2c], POCKET_D_ACE (5000), UDF1 (5000)
UDF1 checks
POCKET_D_ACE checks
POCKET_D_ACE shows [Kh As]
UDF1 shows [7d Kc]
POCKET_D_ACE awarded 5000
UDF1 awarded -5000

Round #377, UDF1 (-117850), POCKET_D_ACE (117850)
UDF1 posts blind: 10
POCKET_D_ACE posts blind: 20
UDF1 received [3s 2d]
POCKET_D_ACE received [7s 7h]
UDF1 raises to 5000
POCKET_D_ACE calls
Flop [7c 6h 5h], UDF1 (5000), POCKET_D_ACE (5000)
POCKET_D_ACE bids 0
UDF1 bids 0
UDF1 won the auction and was revealed [7s]
POCKET_D_ACE won the auction and was revealed [3s]
Flop [7c 6h 5h], UDF1 (5000), POCKET_D_ACE (5000)
POCKET_D_ACE checks
UDF1 checks
Turn [7c 6h 5h 4h], UDF1 (5000), POCKET_D_ACE (5000)
POCKET_D_ACE checks
UDF1 checks
River [7c 6h 5h 4h 6d], UDF1 (5000), POCKET_D_ACE (5000)
POCKET_D_ACE checks
UDF1 checks
UDF1 shows [3s 2d]
POCKET_D_ACE shows [7s 7h]
UDF1 awarded -5000
POCKET_D_ACE awarded 5000

Round #378, POCKET_D_ACE (122850), UDF1 (-122850)
POCKET_D_ACE posts blind: 10
UDF1 posts blind: 20
POCKET_D_ACE received [Ks 2c]
UDF1 received [As 9h]
POCKET_D_ACE calls
UDF1 raises to 5000
POCKET_D_ACE folds
POCKET_D_ACE awarded -20
UDF1 awarded 20

Round #379, UDF1 (-122830), POCKET_D_ACE (122830)
UDF1 posts blind: 10
POCKET_D_ACE posts blind: 20
UDF1 received [Qd Ad]
POCKET_D_ACE received [9d 8h]
UDF1 raises to 5000
POCKET_D_ACE calls
Flop [Js Jc Jh], UDF1 (5000), POCKET_D_ACE (5000)
POCKET_D_ACE bids 0
UDF1 bids 0
UDF1 won the auction and was revealed [9d]
POCKET_D_ACE won the auction and was revealed [Qd]
Flop [Js Jc Jh], UDF1 (5000), POCKET_D_ACE (5000)
POCKET_D_ACE checks
UDF1 checks
Turn [Js Jc Jh 8s], UDF1 (5000), POCKET_D_ACE (5000)
POCKET_D_ACE checks
UDF1 checks
River [Js Jc Jh 8s 3h], UDF1 (5000), POCKET_D_ACE (5000)
POCKET_D_ACE checks
UDF1 checks
UDF1 shows [Qd Ad]
POCKET_D_ACE shows [9d 8h]
UDF1 awarded -5000
POCKET_D_ACE awarded 5000

Round #380, POCKET_D_ACE (127830), UDF1 (-127830)
POCKET_D_ACE posts blind: 10
UDF1 posts blind: 20
POCKET_D_ACE received [8d 7h]
UDF1 received [5d Ac]
POCKET_D_ACE calls
UDF1 raises to 5000
POCKET_D_ACE calls
Flop [9s Ad 7c], POCKET_D_ACE (5000), UDF1 (5000)
UDF1 bids 0
POCKET_D_ACE bids 0
POCKET_D_ACE won the auction and was revealed [5d]
UDF1 won the auction and was revealed [7h]
Flop [9s Ad 7c], POCKET_D_ACE (5000), UDF1 (5000)
UDF1 checks
POCKET_D_ACE checks
Turn [9s Ad 7c Kh], POCKET_D_ACE (5000), UDF1 (5000)
UDF1 checks
POCKET_D_ACE checks
River [9s Ad 7c Kh Ah], POCKET_D_ACE (5000), UDF1 (5000)
UDF1 checks
POCKET_D_ACE checks
POCKET_D_ACE shows [8d 7h]
UDF1 shows [5d Ac]
POCKET_D_ACE awarded -5000
UDF1 awarded 5000

Round #381, UDF1 (-122830), POCKET_D_ACE (122830)
UDF1 posts blind: 10
POCKET_D_ACE posts blind: 20
UDF1 received [8c Ad]
POCKET_D_ACE received [3c 4c]
UDF1 raises to 5000
POCKET_D_ACE folds
UDF1 awarded 20
POCKET_D_ACE awarded -20

Round #382, POCKET_D_ACE (122810), UDF1 (-122810)
POCKET_D_ACE posts blind: 10
UDF1 posts blind: 20
POCKET_D_ACE received [5h Qc]
UDF1 received [6h Qs]
POCKET_D_ACE calls
UDF1 raises to 5000
POCKET_D_ACE calls
Flop [Ac 8s 4d], POCKET_D_ACE (5000), UDF1 (5000)
UDF1 bids 0
POCKET_D_ACE bids 0
POCKET_D_ACE won the auction and was revealed [Qs]
UDF1 won the auction and was revealed [Qc]
Flop [Ac 8s 4d], POCKET_D_ACE (5000), UDF1 (5000)
UDF1 checks
POCKET_D_ACE checks
Turn [Ac 8s 4d 2d], POCKET_D_ACE (5000), UDF1 (5000)
UDF1 checks
POCKET_D_ACE checks
River [Ac 8s 4d 2d 3d], POCKET_D_ACE (5000), UDF1 (5000)
UDF1 checks
POCKET_D_ACE checks
POCKET_D_ACE shows [5h Qc]
UDF1 shows [6h Qs]
POCKET_D_ACE awarded 5000
UDF1 awarded -5000

Round #383, UDF1 (-127810), POCKET_D_ACE (127810)
UDF1 posts blind: 10
POCKET_D_ACE posts blind: 20
UDF1 received [2s 5h]
POCKET_D_ACE received [7c 9s]
UDF1 raises to 5000
POCKET_D_ACE calls
Flop [3s Jc 9c], UDF1 (5000), POCKET_D_ACE (5000)
POCKET_D_ACE bids 0
UDF1 bids 0
UDF1 won the auction and was revealed [7c]
POCKET_D_ACE won the auction and was revealed [5h]
Flop [3s Jc 9c], UDF1 (5000), POCKET_D_ACE (5000)
POCKET_D_ACE checks
UDF1 checks
Turn [3s Jc 9c 2d], UDF1 (5000), POCKET_D_ACE (5000)
POCKET_D_ACE checks
UDF1 checks
River [3s Jc 9c 2d 6h], UDF1 (5000), POCKET_D_ACE (5000)
POCKET_D_ACE checks
UDF1 checks
UDF1 shows [2s 5h]
POCKET_D_ACE shows [7c 9s]
UDF1 awarded -5000
POCKET_D_ACE awarded 5000

Round #384, POCKET_D_ACE (132810), UDF1 (-132810)
POCKET_D_ACE posts blind: 10
UDF1 posts blind: 20
POCKET_D_ACE received [Jh Tc]
UDF1 received [Th 2d]
POCKET_D_ACE calls
UDF1 raises to 5000
POCKET_D_ACE calls
Flop [5h 7c 5d], POCKET_D_ACE (5000), UDF1 (5000)
UDF1 bids 0
POCKET_D_ACE bids 0
POCKET_D_ACE won the auction and was revealed [2d]
UDF1 won the auction and was revealed [Jh]
Flop [5h 7c 5d], POCKET_D_ACE (5000), UDF1 (5000)
UDF1 checks
POCKET_D_ACE checks
Turn [5h 7c 5d Js], POCKET_D_ACE (5000), UDF1 (5000)
UDF1 checks
POCKET_D_ACE checks
River [5h 7c 5d Js Qh], POCKET_D_ACE (5000), UDF1 (5000)
UDF1 checks
POCKET_D_ACE checks
POCKET_D_ACE shows [Jh Tc]
UDF1 shows [Th 2d]
POCKET_D_ACE awarded 5000
UDF1 awarded -5000

Round #385, UDF1 (-137810), POCKET_D_ACE (137810)
UDF1 posts blind: 10
POCKET_D_ACE posts blind: 20
UDF1 received [9c Qs]
POCKET_D_ACE received [Qd 7s]
UDF1 raises to 5000
POCKET_D_ACE calls
Flop [8d Ad Ac], UDF1 (5000), POCKET_D_ACE (5000)
POCKET_D_ACE bids 0
UDF1 bids 0
UDF1 won the auction and was revealed [7s]
POCKET_D_ACE won the auction and was revealed [9c]
Flop [8d Ad Ac], UDF1 (5000), POCKET_D_ACE (5000)
POCKET_D_ACE checks
UDF1 checks
Turn [8d Ad Ac Qc], UDF1 (5000), POCKET_D_ACE (5000)
POCKET_D_ACE checks
UDF1 checks
River [8d Ad Ac Qc 6c], UDF1 (5000), POCKET_D_ACE (5000)
POCKET_D_ACE checks
UDF1 checks
UDF1 shows [9c Qs]
POCKET_D_ACE shows [Qd 7s]
UDF1 awarded 5000
POCKET_D_ACE awarded -5000

Round #386, POCKET_D_ACE (132810), UDF1 (-132810)
POCKET_D_ACE posts blind: 10
UDF1 posts blind: 20
POCKET_D_ACE received [9h Ah]
UDF1 received [3s Qd]
POCKET_D_ACE calls
UDF1 raises to 5000
POCKET_D_ACE calls
Flop [Th 4s 3h], POCKET_D_ACE (5000), UDF1 (5000)
UDF1 bids 0
POCKET_D_ACE bids 0
POCKET_D_ACE won the auction and was revealed [Qd]
UDF1 won the auction and was revealed [9h]
Flop [Th 4s 3h], POCKET_D_ACE (5000), UDF1 (5000)
UDF1 checks
POCKET_D_ACE checks
Turn [Th 4s 3h Td], POCKET_D_ACE (5000), UDF1 (5000)
UDF1 checks
POCKET_D_ACE checks
River [Th 4s 3h Td 6d], POCKET_D_ACE (5000), UDF1 (5000)
UDF1 checks
POCKET_D_ACE checks
POCKET_D_ACE shows [9h Ah]
UDF1 shows [3s Qd]
POCKET_D_ACE awarded -5000
UDF1 awarded 5000

Round #387, UDF1 (-127810), POCKET_D_ACE (127810)
UDF1 posts blind: 10
POCKET_D_ACE posts blind: 20
UDF1 received [3d Qh]
POCKET_D_ACE received [9h Qc]
UDF1 raises to 5000
POCKET_D_ACE calls
Flop [9s 4d 6d], UDF1 (5000), POCKET_D_ACE (5000)
POCKET_D_ACE bids 0
UDF1 bids 0
UDF1 won the auction and was revealed [9h]
POCKET_D_ACE won the auction and was revealed [Qh]
Flop [9s 4d 6d], UDF1 (5000), POCKET_D_ACE (5000)
POCKET_D_ACE checks
UDF1 checks
Turn [9s 4d 6d 5d], UDF1 (5000), POCKET_D_ACE (5000)
POCKET_D_ACE checks
UDF1 checks
River [9s 4d 6d 5d 5s], UDF1 (5000), POCKET_D_ACE (5000)
POCKET_D_ACE checks
UDF1 checks
UDF1 shows [3d Qh]
POCKET_D_ACE shows [9h Qc]
UDF1 awarded -5000
POCKET_D_ACE awarded 5000

Round #388, POCKET_D_ACE (132810), UDF1 (-132810)
POCKET_D_ACE posts blind: 10
UDF1 posts blind: 20
POCKET_D_ACE received [As 3d]
UDF1 received [9s 8c]
POCKET_D_ACE calls
UDF1 raises to 5000
POCKET_D_ACE calls
Flop [2s Ts Jh], POCKET_D_ACE (5000), UDF1 (5000)
UDF1 bids 0
POCKET_D_ACE bids 0
POCKET_D_ACE won the auction and was revealed [9s]
UDF1 won the auction and was revealed [3d]
Flop [2s Ts Jh], POCKET_D_ACE (5000), UDF1 (5000)
UDF1 checks
POCKET_D_ACE checks
Turn [2s Ts Jh 8d], POCKET_D_ACE (5000), UDF1 (5000)
UDF1 checks
POCKET_D_ACE checks
River [2s Ts Jh 8d Jd], POCKET_D_ACE (5000), UDF1 (5000)
UDF1 checks
POCKET_D_ACE checks
POCKET_D_ACE shows [As 3d]
UDF1 shows [9s 8c]
POCKET_D_ACE awarded -5000
UDF1 awarded 5000

Round #389, UDF1 (-127810), POCKET_D_ACE (127810)
UDF1 posts blind: 10
POCKET_D_ACE posts blind: 20
UDF1 received [Kd 6c]
POCKET_D_ACE received [5c Ac]
UDF1 raises to 5000
POCKET_D_ACE calls
Flop [8s Kc 3d], UDF1 (5000), POCKET_D_ACE (5000)
POCKET_D_ACE bids 0
UDF1 bids 0
UDF1 won the auction and was revealed [Ac]
POCKET_D_ACE won the auction and was revealed [Kd]
Flop [8s Kc 3d], UDF1 (5000), POCKET_D_ACE (5000)
POCKET_D_ACE checks
UDF1 checks
Turn [8s Kc 3d Ad], UDF1 (5000), POCKET_D_ACE (5000)
POCKET_D_ACE checks
UDF1 checks
River [8s Kc 3d Ad 5s], UDF1 (5000), POCKET_D_ACE (5000)
POCKET_D_ACE checks
UDF1 checks
UDF1 shows [Kd 6c]
POCKET_D_ACE shows [5c Ac]
UDF1 awarded -5000
POCKET_D_ACE awarded 5000

Round #390, POCKET_D_ACE (132810), UDF1 (-132810)
POCKET_D_ACE posts blind: 10
UDF1 posts blind: 20
POCKET_D_ACE received [Jc Qc]
UDF1 received [8c 7h]
POCKET_D_ACE calls
UDF1 raises to 5000
POCKET_D_ACE calls
Flop [Qs Ah Qd], POCKET_D_ACE (5000), UDF1 (5000)
UDF1 bids 0
POCKET_D_ACE bids 0
POCKET_D_ACE won the auction and was revealed [8c]
UDF1 won the auction and was revealed [Jc]
Flop [Qs Ah Qd], POCKET_D_ACE (5000), UDF1 (5000)
UDF1 checks
POCKET_D_ACE checks
Turn [Qs Ah Qd 4d], POCKET_D_ACE (5000), UDF1 (5000)
UDF1 checks
POCKET_D_ACE checks
River [Qs Ah Qd 4d 9c], POCKET_D_ACE (5000), UDF1 (5000)
UDF1 checks
POCKET_D_ACE checks
POCKET_D_ACE shows [Jc Qc]
UDF1 shows [8c 7h]
POCKET_D_ACE awarded 5000
UDF1 awarded -5000

Round #391, UDF1 (-137810), POCKET_D_ACE (137810)
UDF1 posts blind: 10
POCKET_D_ACE posts blind: 20
UDF1 received [6c 6d]
POCKET_D_ACE received [Td 3d]
UDF1 raises to 5000
POCKET_D_ACE folds
UDF1 awarded 20
POCKET_D_ACE awarded -20

Round #392, POCKET_D_ACE (137790), UDF1 (-137790)
POCKET_D_ACE posts blind: 10
UDF1 posts blind: 20
POCKET_D_ACE received [Ks Tc]
UDF1 received [7h 6c]
POCKET_D_ACE calls
UDF1 raises to 5000
POCKET_D_ACE calls
Flop [4d Ah 3h], POCKET_D_ACE (5000), UDF1 (5000)
UDF1 bids 0
POCKET_D_ACE bids 0
POCKET_D_ACE won the auction and was revealed [7h]
UDF1 won the auction and was revealed [Ks]
Flop [4d Ah 3h], POCKET_D_ACE (5000), UDF1 (5000)
UDF1 checks
POCKET_D_ACE checks
Turn [4d Ah 3h Qh], POCKET_D_ACE (5000), UDF1 (5000)
UDF1 checks
POCKET_D_ACE checks
River [4d Ah 3h Qh 7c], POCKET_D_ACE (5000), UDF1 (5000)
UDF1 checks
POCKET_D_ACE checks
POCKET_D_ACE shows [Ks Tc]
UDF1 shows [7h 6c]
POCKET_D_ACE awarded -5000
UDF1 awarded 5000

Round #393, UDF1 (-132790), POCKET_D_ACE (132790)
UDF1 posts blind: 10
POCKET_D_ACE posts blind: 20
UDF1 received [4c Qh]
POCKET_D_ACE received [3s 6d]
UDF1 raises to 5000
POCKET_D_ACE folds
UDF1 awarded 20
POCKET_D_ACE awarded -20

Round #394, POCKET_D_ACE (132770), UDF1 (-132770)
POCKET_D_ACE posts blind: 10
UDF1 posts blind: 20
POCKET_D_ACE received [Th Qc]
UDF1 received [Ts Ac]
POCKET_D_ACE calls
UDF1 raises to 5000
POCKET_D_ACE calls
Flop [5h 4c 5c], POCKET_D_ACE (5000), UDF1 (5000)
UDF1 bids 0
POCKET_D_ACE bids 0
POCKET_D_ACE won the auction and was revealed [Ts]
UDF1 won the auction and was revealed [Th]
Flop [5h 4c 5c], POCKET_D_ACE (5000), UDF1 (5000)
UDF1 checks
POCKET_D_ACE checks
Turn [5h 4c 5c Ad], POCKET_D_ACE (5000), UDF1 (5000)
UDF1 checks
POCKET_D_ACE checks
River [5h 4c 5c Ad 2c], POCKET_D_ACE (5000), UDF1 (5000)
UDF1 checks
POCKET_D_ACE checks
POCKET_D_ACE shows [Th Qc]
UDF1 shows [Ts Ac]
POCKET_D_ACE awarded -5000
UDF1 awarded 5000

Round #395, UDF1 (-127770), POCKET_D_ACE (127770)
UDF1 posts blind: 10
POCKET_D_ACE posts blind: 20
UDF1 received [3c 7d]
POCKET_D_ACE received [5d Kh]
UDF1 raises to 5000
POCKET_D_ACE calls
Flop [3h 4h 3s], UDF1 (5000), POCKET_D_ACE (5000)
POCKET_D_ACE bids 0
UDF1 bids 0
UDF1 won the auction and was revealed [Kh]
POCKET_D_ACE won the auction and was revealed [7d]
Flop [3h 4h 3s], UDF1 (5000), POCKET_D_ACE (5000)
POCKET_D_ACE checks
UDF1 checks
Turn [3h 4h 3s 9s], UDF1 (5000), POCKET_D_ACE (5000)
POCKET_D_ACE checks
UDF1 checks
River [3h 4h 3s 9s 7s], UDF1 (5000), POCKET_D_ACE (5000)
POCKET_D_ACE checks
UDF1 checks
UDF1 shows [3c 7d]
POCKET_D_ACE shows [5d Kh]
UDF1 awarded 5000
POCKET_D_ACE awarded -5000

Round #396, POCKET_D_ACE (122770), UDF1 (-122770)
POCKET_D_ACE posts blind: 10
UDF1 posts blind: 20
POCKET_D_ACE received [Qh Tc]
UDF1 received [4d 6s]
POCKET_D_ACE calls
UDF1 raises to 5000
POCKET_D_ACE calls
Flop [Td 3h Ts], POCKET_D_ACE (5000), UDF1 (5000)
UDF1 bids 0
POCKET_D_ACE bids 0
POCKET_D_ACE won the auction and was revealed [4d]
UDF1 won the auction and was revealed [Qh]
Flop [Td 3h Ts], POCKET_D_ACE (5000), UDF1 (5000)
UDF1 checks
POCKET_D_ACE checks
Turn [Td 3h Ts Qc], POCKET_D_ACE (5000), UDF1 (5000)
UDF1 checks
POCKET_D_ACE checks
River [Td 3h Ts Qc 2c], POCKET_D_ACE (5000), UDF1 (5000)
UDF1 checks
POCKET_D_ACE checks
POCKET_D_ACE shows [Qh Tc]
UDF1 shows [4d 6s]
POCKET_D_ACE awarded 5000
UDF1 awarded -5000

Round #397, UDF1 (-127770), POCKET_D_ACE (127770)
UDF1 posts blind: 10
POCKET_D_ACE posts blind: 20
UDF1 received [Kd Ah]
POCKET_D_ACE received [4s Qd]
UDF1 raises to 5000
POCKET_D_ACE calls
Flop [6c 7d 3s], UDF1 (5000), POCKET_D_ACE (5000)
POCKET_D_ACE bids 0
UDF1 bids 0
UDF1 won the auction and was revealed [4s]
POCKET_D_ACE won the auction and was revealed [Ah]
Flop [6c 7d 3s], UDF1 (5000), POCKET_D_ACE (5000)
POCKET_D_ACE checks
UDF1 checks
Turn [6c 7d 3s As], UDF1 (5000), POCKET_D_ACE (5000)
POCKET_D_ACE checks
UDF1 checks
River [6c 7d 3s As 2c], UDF1 (5000), POCKET_D_ACE (5000)
POCKET_D_ACE checks
UDF1 checks
UDF1 shows [Kd Ah]
POCKET_D_ACE shows [4s Qd]
UDF1 awarded 5000
POCKET_D_ACE awarded -5000

Round #398, POCKET_D_ACE (122770), UDF1 (-122770)
POCKET_D_ACE posts blind: 10
UDF1 posts blind: 20
POCKET_D_ACE received [6h 9c]
UDF1 received [5c 2h]
POCKET_D_ACE calls
UDF1 raises to 5000
POCKET_D_ACE calls
Flop [6d Kd Qd], POCKET_D_ACE (5000), UDF1 (5000)
UDF1 bids 0
POCKET_D_ACE bids 0
POCKET_D_ACE won the auction and was revealed [5c]
UDF1 won the auction and was revealed [9c]
Flop [6d Kd Qd], POCKET_D_ACE (5000), UDF1 (5000)
UDF1 checks
POCKET_D_ACE checks
Turn [6d Kd Qd Qs], POCKET_D_ACE (5000), UDF1 (5000)
UDF1 checks
POCKET_D_ACE checks
River [6d Kd Qd Qs Ah], POCKET_D_ACE (5000), UDF1 (5000)
UDF1 checks
POCKET_D_ACE checks
POCKET_D_ACE shows [6h 9c]
UDF1 shows [5c 2h]
POCKET_D_ACE awarded 5000
UDF1 awarded -5000

Round #399, UDF1 (-127770), POCKET_D_ACE (127770)
UDF1 posts blind: 10
POCKET_D_ACE posts blind: 20
UDF1 received [Ac Qs]
POCKET_D_ACE received [Th Jd]
UDF1 raises to 5000
POCKET_D_ACE calls
Flop [Jh Qd 6d], UDF1 (5000), POCKET_D_ACE (5000)
POCKET_D_ACE bids 0
UDF1 bids 0
UDF1 won the auction and was revealed [Jd]
POCKET_D_ACE won the auction and was revealed [Ac]
Flop [Jh Qd 6d], UDF1 (5000), POCKET_D_ACE (5000)
POCKET_D_ACE checks
UDF1 checks
Turn [Jh Qd 6d Td], UDF1 (5000), POCKET_D_ACE (5000)
POCKET_D_ACE checks
UDF1 checks
River [Jh Qd 6d Td Ts], UDF1 (5000), POCKET_D_ACE (5000)
POCKET_D_ACE checks
UDF1 checks
UDF1 shows [Ac Qs]
POCKET_D_ACE shows [Th Jd]
UDF1 awarded -5000
POCKET_D_ACE awarded 5000

Round #400, POCKET_D_ACE (132770), UDF1 (-132770)
POCKET_D_ACE posts blind: 10
UDF1 posts blind: 20
POCKET_D_ACE received [Qd 6d]
UDF1 received [Ac Qs]
POCKET_D_ACE calls
UDF1 raises to 5000
POCKET_D_ACE calls
Flop [Kh 9c 5d], POCKET_D_ACE (5000), UDF1 (5000)
UDF1 bids 0
POCKET_D_ACE bids 0
POCKET_D_ACE won the auction and was revealed [Ac]
UDF1 won the auction and was revealed [6d]
Flop [Kh 9c 5d], POCKET_D_ACE (5000), UDF1 (5000)
UDF1 checks
POCKET_D_ACE checks
Turn [Kh 9c 5d 2h], POCKET_D_ACE (5000), UDF1 (5000)
UDF1 checks
POCKET_D_ACE checks
River [Kh 9c 5d 2h Td], POCKET_D_ACE (5000), UDF1 (5000)
UDF1 checks
POCKET_D_ACE checks
POCKET_D_ACE shows [Qd 6d]
UDF1 shows [Ac Qs]
POCKET_D_ACE awarded -5000
UDF1 awarded 5000

Round #401, UDF1 (-127770), POCKET_D_ACE (127770)
UDF1 posts blind: 10
POCKET_D_ACE posts blind: 20
UDF1 received [2d 9c]
POCKET_D_ACE received [As Th]
UDF1 raises to 5000
POCKET_D_ACE calls
Flop [7s 5h Ks], UDF1 (5000), POCKET_D_ACE (5000)
POCKET_D_ACE bids 0
UDF1 bids 0
UDF1 won the auction and was revealed [As]
POCKET_D_ACE won the auction and was revealed [9c]
Flop [7s 5h Ks], UDF1 (5000), POCKET_D_ACE (5000)
POCKET_D_ACE checks
UDF1 checks
Turn [7s 5h Ks Kd], UDF1 (5000), POCKET_D_ACE (5000)
POCKET_D_ACE checks
UDF1 checks
River [7s 5h Ks Kd 7h], UDF1 (5000), POCKET_D_ACE (5000)
POCKET_D_ACE checks
UDF1 checks
UDF1 shows [2d 9c]
POCKET_D_ACE shows [As Th]
UDF1 awarded -5000
POCKET_D_ACE awarded 5000

Round #402, POCKET_D_ACE (132770), UDF1 (-132770)
POCKET_D_ACE posts blind: 10
UDF1 posts blind: 20
POCKET_D_ACE received [Ac 4c]
UDF1 received [Qs 3c]
POCKET_D_ACE calls
UDF1 raises to 5000
POCKET_D_ACE calls
Flop [3s 7c Jh], POCKET_D_ACE (5000), UDF1 (5000)
UDF1 bids 0
POCKET_D_ACE bids 0
POCKET_D_ACE won the auction and was revealed [3c]
UDF1 won the auction and was revealed [4c]
Flop [3s 7c Jh], POCKET_D_ACE (5000), UDF1 (5000)
UDF1 checks
POCKET_D_ACE checks
Turn [3s 7c Jh 6d], POCKET_D_ACE (5000), UDF1 (5000)
UDF1 checks
POCKET_D_ACE checks
River [3s 7c Jh 6d Jd], POCKET_D_ACE (5000), UDF1 (5000)
UDF1 checks
POCKET_D_ACE checks
POCKET_D_ACE shows [Ac 4c]
UDF1 shows [Qs 3c]
POCKET_D_ACE awarded -5000
UDF1 awarded 5000

Round #403, UDF1 (-127770), POCKET_D_ACE (127770)
UDF1 posts blind: 10
POCKET_D_ACE posts blind: 20
UDF1 received [Ac 8h]
POCKET_D_ACE received [Th Ah]
UDF1 raises to 5000
POCKET_D_ACE calls
Flop [8d 4h Qh], UDF1 (5000), POCKET_D_ACE (5000)
POCKET_D_ACE bids 0
UDF1 bids 0
UDF1 won the auction and was revealed [Th]
POCKET_D_ACE won the auction and was revealed [Ac]
Flop [8d 4h Qh], UDF1 (5000), POCKET_D_ACE (5000)
POCKET_D_ACE checks
UDF1 checks
Turn [8d 4h Qh Ks], UDF1 (5000), POCKET_D_ACE (5000)
POCKET_D_ACE checks
UDF1 checks
River [8d 4h Qh Ks Qs], UDF1 (5000), POCKET_D_ACE (5000)
POCKET_D_ACE checks
UDF1 checks
UDF1 shows [Ac 8h]
POCKET_D_ACE shows [Th Ah]
UDF1 awarded 5000
POCKET_D_ACE awarded -5000

Round #404, POCKET_D_ACE (122770), UDF1 (-122770)
POCKET_D_ACE posts blind: 10
UDF1 posts blind: 20
POCKET_D_ACE received [4d 9d]
UDF1 received [3c 8h]
POCKET_D_ACE calls
UDF1 raises to 5000
POCKET_D_ACE calls
Flop [As 7h 3h], POCKET_D_ACE (5000), UDF1 (5000)
UDF1 bids 0
POCKET_D_ACE bids 0
POCKET_D_ACE won the auction and was revealed [3c]
UDF1 won the auction and was revealed [9d]
Flop [As 7h 3h], POCKET_D_ACE (5000), UDF1 (5000)
UDF1 checks
POCKET_D_ACE checks
Turn [As 7h 3h Js], POCKET_D_ACE (5000), UDF1 (5000)
UDF1 checks
POCKET_D_ACE checks
River [As 7h 3h Js Th], POCKET_D_ACE (5000), UDF1 (5000)
UDF1 checks
POCKET_D_ACE checks
POCKET_D_ACE shows [4d 9d]
UDF1 shows [3c 8h]
POCKET_D_ACE awarded -5000
UDF1 awarded 5000

Round #405, UDF1 (-117770), POCKET_D_ACE (117770)
UDF1 posts blind: 10
POCKET_D_ACE posts blind: 20
UDF1 received [3d As]
POCKET_D_ACE received [5h Js]
UDF1 raises to 5000
POCKET_D_ACE calls
Flop [8s Td Th], UDF1 (5000), POCKET_D_ACE (5000)
POCKET_D_ACE bids 0
UDF1 bids 0
UDF1 won the auction and was revealed [5h]
POCKET_D_ACE won the auction and was revealed [As]
Flop [8s Td Th], UDF1 (5000), POCKET_D_ACE (5000)
POCKET_D_ACE checks
UDF1 checks
Turn [8s Td Th 8d], UDF1 (5000), POCKET_D_ACE (5000)
POCKET_D_ACE checks
UDF1 checks
River [8s Td Th 8d 3h], UDF1 (5000), POCKET_D_ACE (5000)
POCKET_D_ACE checks
UDF1 checks
UDF1 shows [3d As]
POCKET_D_ACE shows [5h Js]
UDF1 awarded 5000
POCKET_D_ACE awarded -5000

Round #406, POCKET_D_ACE (112770), UDF1 (-112770)
POCKET_D_ACE posts blind: 10
UDF1 posts blind: 20
POCKET_D_ACE received [3d Ks]
UDF1 received [Jh Ts]
POCKET_D_ACE calls
UDF1 raises to 5000
POCKET_D_ACE calls
Flop [5s 6s 4s], POCKET_D_ACE (5000), UDF1 (5000)
UDF1 bids 0
POCKET_D_ACE bids 0
POCKET_D_ACE won the auction and was revealed [Ts]
UDF1 won the auction and was revealed [3d]
Flop [5s 6s 4s], POCKET_D_ACE (5000), UDF1 (5000)
UDF1 checks
POCKET_D_ACE checks
Turn [5s 6s 4s 9d], POCKET_D_ACE (5000), UDF1 (5000)
UDF1 checks
POCKET_D_ACE checks
River [5s 6s 4s 9d 2s], POCKET_D_ACE (5000), UDF1 (5000)
UDF1 checks
POCKET_D_ACE checks
POCKET_D_ACE shows [3d Ks]
UDF1 shows [Jh Ts]
POCKET_D_ACE awarded 5000
UDF1 awarded -5000

Round #407, UDF1 (-117770), POCKET_D_ACE (117770)
UDF1 posts blind: 10
POCKET_D_ACE posts blind: 20
UDF1 received [8c 5h]
POCKET_D_ACE received [Td 3h]
UDF1 raises to 5000
POCKET_D_ACE folds
UDF1 awarded 20
POCKET_D_ACE awarded -20

Round #408, POCKET_D_ACE (117750), UDF1 (-117750)
POCKET_D_ACE posts blind: 10
UDF1 posts blind: 20
POCKET_D_ACE received [2d 3s]
UDF1 received [4s 5c]
POCKET_D_ACE folds
POCKET_D_ACE awarded -10
UDF1 awarded 10

Round #409, UDF1 (-117740), POCKET_D_ACE (117740)
UDF1 posts blind: 10
POCKET_D_ACE posts blind: 20
UDF1 received [8s 5h]
POCKET_D_ACE received [3h Ts]
UDF1 raises to 5000
POCKET_D_ACE folds
UDF1 awarded 20
POCKET_D_ACE awarded -20

Round #410, POCKET_D_ACE (117720), UDF1 (-117720)
POCKET_D_ACE posts blind: 10
UDF1 posts blind: 20
POCKET_D_ACE received [6s Jd]
UDF1 received [Td Qh]
POCKET_D_ACE calls
UDF1 raises to 5000
POCKET_D_ACE calls
Flop [9s 8d 7s], POCKET_D_ACE (5000), UDF1 (5000)
UDF1 bids 0
POCKET_D_ACE bids 0
POCKET_D_ACE won the auction and was revealed [Qh]
UDF1 won the auction and was revealed [6s]
Flop [9s 8d 7s], POCKET_D_ACE (5000), UDF1 (5000)
UDF1 checks
POCKET_D_ACE checks
Turn [9s 8d 7s 4d], POCKET_D_ACE (5000), UDF1 (5000)
UDF1 checks
POCKET_D_ACE checks
River [9s 8d 7s 4d 2c], POCKET_D_ACE (5000), UDF1 (5000)
UDF1 checks
POCKET_D_ACE checks
POCKET_D_ACE shows [6s Jd]
UDF1 shows [Td Qh]
POCKET_D_ACE awarded -5000
UDF1 awarded 5000

Round #411, UDF1 (-112720), POCKET_D_ACE (112720)
UDF1 posts blind: 10
POCKET_D_ACE posts blind: 20
UDF1 received [Jc Ad]
POCKET_D_ACE received [Qd As]
UDF1 raises to 5000
POCKET_D_ACE calls
Flop [Jh 4c 3c], UDF1 (5000), POCKET_D_ACE (5000)
POCKET_D_ACE bids 0
UDF1 bids 0
UDF1 won the auction and was revealed [As]
POCKET_D_ACE won the auction and was revealed [Jc]
Flop [Jh 4c 3c], UDF1 (5000), POCKET_D_ACE (5000)
POCKET_D_ACE checks
UDF1 checks
Turn [Jh 4c 3c 7h], UDF1 (5000), POCKET_D_ACE (5000)
POCKET_D_ACE checks
UDF1 checks
River [Jh 4c 3c 7h 6c], UDF1 (5000), POCKET_D_ACE (5000)
POCKET_D_ACE checks
UDF1 checks
UDF1 shows [Jc Ad]
POCKET_D_ACE shows [Qd As]
UDF1 awarded 5000
POCKET_D_ACE awarded -5000

Round #412, POCKET_D_ACE (107720), UDF1 (-107720)
POCKET_D_ACE posts blind: 10
UDF1 posts blind: 20
POCKET_D_ACE received [8c 3s]
UDF1 received [Ad 9d]
POCKET_D_ACE calls
UDF1 raises to 5000
POCKET_D_ACE folds
POCKET_D_ACE awarded -20
UDF1 awarded 20

Round #413, UDF1 (-107700), POCKET_D_ACE (107700)
UDF1 posts blind: 10
POCKET_D_ACE posts blind: 20
UDF1 received [6s 2s]
POCKET_D_ACE received [Ks Th]
UDF1 raises to 5000
POCKET_D_ACE calls
Flop [8s 7s 3h], UDF1 (5000), POCKET_D_ACE (5000)
POCKET_D_ACE bids 0
UDF1 bids 0
UDF1 won the auction and was revealed [Ks]
POCKET_D_ACE won the auction and was revealed [6s]
Flop [8s 7s 3h], UDF1 (5000), POCKET_D_ACE (5000)
POCKET_D_ACE checks
UDF1 checks
Turn [8s 7s 3h 5s], UDF1 (5000), POCKET_D_ACE (5000)
POCKET_D_ACE checks
UDF1 checks
River [8s 7s 3h 5s 8d], UDF1 (5000), POCKET_D_ACE (5000)
POCKET_D_ACE checks
UDF1 checks
UDF1 shows [6s 2s]
POCKET_D_ACE shows [Ks Th]
UDF1 awarded 5000
POCKET_D_ACE awarded -5000

Round #414, POCKET_D_ACE (102700), UDF1 (-102700)
POCKET_D_ACE posts blind: 10
UDF1 posts blind: 20
POCKET_D_ACE received [5c 4c]
UDF1 received [Tc 7s]
POCKET_D_ACE calls
UDF1 raises to 5000
POCKET_D_ACE calls
Flop [9s Ac 3h], POCKET_D_ACE (5000), UDF1 (5000)
UDF1 bids 0
POCKET_D_ACE bids 0
POCKET_D_ACE won the auction and was revealed [7s]
UDF1 won the auction and was revealed [4c]
Flop [9s Ac 3h], POCKET_D_ACE (5000), UDF1 (5000)
UDF1 checks
POCKET_D_ACE checks
Turn [9s Ac 3h Js], POCKET_D_ACE (5000), UDF1 (5000)
UDF1 checks
POCKET_D_ACE checks
River [9s Ac 3h Js 2h], POCKET_D_ACE (5000), UDF1 (5000)
UDF1 checks
POCKET_D_ACE checks
POCKET_D_ACE shows [5c 4c]
UDF1 shows [Tc 7s]
POCKET_D_ACE awarded 5000
UDF1 awarded -5000

Round #415, UDF1 (-107700), POCKET_D_ACE (107700)
UDF1 posts blind: 10
POCKET_D_ACE posts blind: 20
UDF1 received [7d 8s]
POCKET_D_ACE received [8h Qs]
UDF1 raises to 5000
POCKET_D_ACE calls
Flop [8c Th Td], UDF1 (5000), POCKET_D_ACE (5000)
POCKET_D_ACE bids 0
UDF1 bids 0
UDF1 won the auction and was revealed [8h]
POCKET_D_ACE won the auction and was revealed [8s]
Flop [8c Th Td], UDF1 (5000), POCKET_D_ACE (5000)
POCKET_D_ACE checks
UDF1 checks
Turn [8c Th Td 6c], UDF1 (5000), POCKET_D_ACE (5000)
POCKET_D_ACE checks
UDF1 checks
River [8c Th Td 6c 9h], UDF1 (5000), POCKET_D_ACE (5000)
POCKET_D_ACE checks
UDF1 checks
UDF1 shows [7d 8s]
POCKET_D_ACE shows [8h Qs]
UDF1 awarded 5000
POCKET_D_ACE awarded -5000

Round #416, POCKET_D_ACE (102700), UDF1 (-102700)
POCKET_D_ACE posts blind: 10
UDF1 posts blind: 20
POCKET_D_ACE received [7d Js]
UDF1 received [5c 7h]
POCKET_D_ACE calls
UDF1 raises to 5000
POCKET_D_ACE calls
Flop [Kh 8h Kc], POCKET_D_ACE (5000), UDF1 (5000)
UDF1 bids 0
POCKET_D_ACE bids 0
POCKET_D_ACE won the auction and was revealed [5c]
UDF1 won the auction and was revealed [7d]
Flop [Kh 8h Kc], POCKET_D_ACE (5000), UDF1 (5000)
UDF1 checks
POCKET_D_ACE checks
Turn [Kh 8h Kc 5h], POCKET_D_ACE (5000), UDF1 (5000)
UDF1 checks
POCKET_D_ACE checks
River [Kh 8h Kc 5h Kd], POCKET_D_ACE (5000), UDF1 (5000)
UDF1 checks
POCKET_D_ACE checks
POCKET_D_ACE shows [7d Js]
UDF1 shows [5c 7h]
POCKET_D_ACE awarded -5000
UDF1 awarded 5000

Round #417, UDF1 (-97700), POCKET_D_ACE (97700)
UDF1 posts blind: 10
POCKET_D_ACE posts blind: 20
UDF1 received [3c 8h]
POCKET_D_ACE received [Ah 5h]
UDF1 raises to 5000
POCKET_D_ACE calls
Flop [5d 9c 9d], UDF1 (5000), POCKET_D_ACE (5000)
POCKET_D_ACE bids 0
UDF1 bids 0
UDF1 won the auction and was revealed [Ah]
POCKET_D_ACE won the auction and was revealed [8h]
Flop [5d 9c 9d], UDF1 (5000), POCKET_D_ACE (5000)
POCKET_D_ACE checks
UDF1 checks
Turn [5d 9c 9d 8c], UDF1 (5000), POCKET_D_ACE (5000)
POCKET_D_ACE checks
UDF1 checks
River [5d 9c 9d 8c 9s], UDF1 (5000), POCKET_D_ACE (5000)
POCKET_D_ACE checks
UDF1 checks
UDF1 shows [3c 8h]
POCKET_D_ACE shows [Ah 5h]
UDF1 awarded 5000
POCKET_D_ACE awarded -5000

Round #418, POCKET_D_ACE (92700), UDF1 (-92700)
POCKET_D_ACE posts blind: 10
UDF1 posts blind: 20
POCKET_D_ACE received [Jc 6s]
UDF1 received [8s Kd]
POCKET_D_ACE calls
UDF1 raises to 5000
POCKET_D_ACE calls
Flop [Jd 2s 9h], POCKET_D_ACE (5000), UDF1 (5000)
UDF1 bids 0
POCKET_D_ACE bids 0
POCKET_D_ACE won the auction and was revealed [8s]
UDF1 won the auction and was revealed [Jc]
Flop [Jd 2s 9h], POCKET_D_ACE (5000), UDF1 (5000)
UDF1 checks
POCKET_D_ACE checks
Turn [Jd 2s 9h Qh], POCKET_D_ACE (5000), UDF1 (5000)
UDF1 checks
POCKET_D_ACE checks
River [Jd 2s 9h Qh 2c], POCKET_D_ACE (5000), UDF1 (5000)
UDF1 checks
POCKET_D_ACE checks
POCKET_D_ACE shows [Jc 6s]
UDF1 shows [8s Kd]
POCKET_D_ACE awarded 5000
UDF1 awarded -5000

Round #419, UDF1 (-97700), POCKET_D_ACE (97700)
UDF1 posts blind: 10
POCKET_D_ACE posts blind: 20
UDF1 received [9h Tc]
POCKET_D_ACE received [8c 4c]
UDF1 raises to 5000
POCKET_D_ACE calls
Flop [4s 4d Ah], UDF1 (5000), POCKET_D_ACE (5000)
POCKET_D_ACE bids 0
UDF1 bids 0
UDF1 won the auction and was revealed [8c]
POCKET_D_ACE won the auction and was revealed [9h]
Flop [4s 4d Ah], UDF1 (5000), POCKET_D_ACE (5000)
POCKET_D_ACE checks
UDF1 checks
Turn [4s 4d Ah 4h], UDF1 (5000), POCKET_D_ACE (5000)
POCKET_D_ACE checks
UDF1 checks
River [4s 4d Ah 4h 9c], UDF1 (5000), POCKET_D_ACE (5000)
POCKET_D_ACE checks
UDF1 checks
UDF1 shows [9h Tc]
POCKET_D_ACE shows [8c 4c]
UDF1 awarded -5000
POCKET_D_ACE awarded 5000

Round #420, POCKET_D_ACE (102700), UDF1 (-102700)
POCKET_D_ACE posts blind: 10
UDF1 posts blind: 20
POCKET_D_ACE received [Td Ts]
UDF1 received [Ah 4d]
POCKET_D_ACE raises to 55
UDF1 raises to 5000
POCKET_D_ACE calls
Flop [3c 7s 6d], POCKET_D_ACE (5000), UDF1 (5000)
UDF1 bids 0
POCKET_D_ACE bids 0
POCKET_D_ACE won the auction and was revealed [Ah]
UDF1 won the auction and was revealed [Td]
Flop [3c 7s 6d], POCKET_D_ACE (5000), UDF1 (5000)
UDF1 checks
POCKET_D_ACE checks
Turn [3c 7s 6d 8s], POCKET_D_ACE (5000), UDF1 (5000)
UDF1 checks
POCKET_D_ACE checks
River [3c 7s 6d 8s 2d], POCKET_D_ACE (5000), UDF1 (5000)
UDF1 checks
POCKET_D_ACE checks
POCKET_D_ACE shows [Td Ts]
UDF1 shows [Ah 4d]
POCKET_D_ACE awarded 5000
UDF1 awarded -5000

Round #421, UDF1 (-107700), POCKET_D_ACE (107700)
UDF1 posts blind: 10
POCKET_D_ACE posts blind: 20
UDF1 received [Jh 3c]
POCKET_D_ACE received [Jc Ad]
UDF1 raises to 5000
POCKET_D_ACE calls
Flop [7h Js Jd], UDF1 (5000), POCKET_D_ACE (5000)
POCKET_D_ACE bids 0
UDF1 bids 0
UDF1 won the auction and was revealed [Jc]
POCKET_D_ACE won the auction and was revealed [3c]
Flop [7h Js Jd], UDF1 (5000), POCKET_D_ACE (5000)
POCKET_D_ACE checks
UDF1 checks
Turn [7h Js Jd 4s], UDF1 (5000), POCKET_D_ACE (5000)
POCKET_D_ACE checks
UDF1 checks
River [7h Js Jd 4s 8d], UDF1 (5000), POCKET_D_ACE (5000)
POCKET_D_ACE checks
UDF1 checks
UDF1 shows [Jh 3c]
POCKET_D_ACE shows [Jc Ad]
UDF1 awarded -5000
POCKET_D_ACE awarded 5000

Round #422, POCKET_D_ACE (112700), UDF1 (-112700)
POCKET_D_ACE posts blind: 10
UDF1 posts blind: 20
POCKET_D_ACE received [8c 7h]
UDF1 received [8d 7c]
POCKET_D_ACE calls
UDF1 raises to 5000
POCKET_D_ACE calls
Flop [Qs 5d 6d], POCKET_D_ACE (5000), UDF1 (5000)
UDF1 bids 0
POCKET_D_ACE bids 0
POCKET_D_ACE won the auction and was revealed [7c]
UDF1 won the auction and was revealed [7h]
Flop [Qs 5d 6d], POCKET_D_ACE (5000), UDF1 (5000)
UDF1 checks
POCKET_D_ACE checks
Turn [Qs 5d 6d 9c], POCKET_D_ACE (5000), UDF1 (5000)
UDF1 checks
POCKET_D_ACE checks
River [Qs 5d 6d 9c Jd], POCKET_D_ACE (5000), UDF1 (5000)
UDF1 checks
POCKET_D_ACE checks
POCKET_D_ACE shows [8c 7h]
UDF1 shows [8d 7c]
POCKET_D_ACE awarded 0
UDF1 awarded 0

Round #423, UDF1 (-112700), POCKET_D_ACE (112700)
UDF1 posts blind: 10
POCKET_D_ACE posts blind: 20
UDF1 received [Js 7c]
POCKET_D_ACE received [Jh 8h]
UDF1 raises to 5000
POCKET_D_ACE calls
Flop [Jd 6s 6d], UDF1 (5000), POCKET_D_ACE (5000)
POCKET_D_ACE bids 0
UDF1 bids 0
UDF1 won the auction and was revealed [Jh]
POCKET_D_ACE won the auction and was revealed [7c]
Flop [Jd 6s 6d], UDF1 (5000), POCKET_D_ACE (5000)
POCKET_D_ACE checks
UDF1 checks
Turn [Jd 6s 6d Kd], UDF1 (5000), POCKET_D_ACE (5000)
POCKET_D_ACE checks
UDF1 checks
River [Jd 6s 6d Kd Td], UDF1 (5000), POCKET_D_ACE (5000)
POCKET_D_ACE checks
UDF1 checks
UDF1 shows [Js 7c]
POCKET_D_ACE shows [Jh 8h]
UDF1 awarded 0
POCKET_D_ACE awarded 0

Round #424, POCKET_D_ACE (112700), UDF1 (-112700)
POCKET_D_ACE posts blind: 10
UDF1 posts blind: 20
POCKET_D_ACE received [9c Js]
UDF1 received [Jd 5s]
POCKET_D_ACE calls
UDF1 raises to 5000
POCKET_D_ACE calls
Flop [Jc 2h Ts], POCKET_D_ACE (5000), UDF1 (5000)
UDF1 bids 0
POCKET_D_ACE bids 0
POCKET_D_ACE won the auction and was revealed [5s]
UDF1 won the auction and was revealed [Js]
Flop [Jc 2h Ts], POCKET_D_ACE (5000), UDF1 (5000)
UDF1 checks
POCKET_D_ACE checks
Turn [Jc 2h Ts Kh], POCKET_D_ACE (5000), UDF1 (5000)
UDF1 checks
POCKET_D_ACE checks
River [Jc 2h Ts Kh 4c], POCKET_D_ACE (5000), UDF1 (5000)
UDF1 checks
POCKET_D_ACE checks
POCKET_D_ACE shows [9c Js]
UDF1 shows [Jd 5s]
POCKET_D_ACE awarded 5000
UDF1 awarded -5000

Round #425, UDF1 (-117700), POCKET_D_ACE (117700)
UDF1 posts blind: 10
POCKET_D_ACE posts blind: 20
UDF1 received [Qh 8h]
POCKET_D_ACE received [Ts 3s]
UDF1 raises to 5000
POCKET_D_ACE folds
UDF1 awarded 20
POCKET_D_ACE awarded -20

Round #426, POCKET_D_ACE (117680), UDF1 (-117680)
POCKET_D_ACE posts blind: 10
UDF1 posts blind: 20
POCKET_D_ACE received [Ks 2s]
UDF1 received [6h Qs]
POCKET_D_ACE calls
UDF1 raises to 5000
POCKET_D_ACE calls
Flop [Kh As Ac], POCKET_D_ACE (5000), UDF1 (5000)
UDF1 bids 0
POCKET_D_ACE bids 0
POCKET_D_ACE won the auction and was revealed [Qs]
UDF1 won the auction and was revealed [2s]
Flop [Kh As Ac], POCKET_D_ACE (5000), UDF1 (5000)
UDF1 checks
POCKET_D_ACE checks
Turn [Kh As Ac 2c], POCKET_D_ACE (5000), UDF1 (5000)
UDF1 checks
POCKET_D_ACE checks
River [Kh As Ac 2c 6s], POCKET_D_ACE (5000), UDF1 (5000)
UDF1 checks
POCKET_D_ACE checks
POCKET_D_ACE shows [Ks 2s]
UDF1 shows [6h Qs]
POCKET_D_ACE awarded 5000
UDF1 awarded -5000

Round #427, UDF1 (-122680), POCKET_D_ACE (122680)
UDF1 posts blind: 10
POCKET_D_ACE posts blind: 20
UDF1 received [2s Qh]
POCKET_D_ACE received [6h Th]
UDF1 raises to 5000
POCKET_D_ACE calls
Flop [Kd 4h 9d], UDF1 (5000), POCKET_D_ACE (5000)
POCKET_D_ACE bids 0
UDF1 bids 0
UDF1 won the auction and was revealed [Th]
POCKET_D_ACE won the auction and was revealed [Qh]
Flop [Kd 4h 9d], UDF1 (5000), POCKET_D_ACE (5000)
POCKET_D_ACE checks
UDF1 checks
Turn [Kd 4h 9d 7s], UDF1 (5000), POCKET_D_ACE (5000)
POCKET_D_ACE checks
UDF1 checks
River [Kd 4h 9d 7s 2d], UDF1 (5000), POCKET_D_ACE (5000)
POCKET_D_ACE checks
UDF1 checks
UDF1 shows [2s Qh]
POCKET_D_ACE shows [6h Th]
UDF1 awarded 5000
POCKET_D_ACE awarded -5000

Round #428, POCKET_D_ACE (117680), UDF1 (-117680)
POCKET_D_ACE posts blind: 10
UDF1 posts blind: 20
POCKET_D_ACE received [Jc Jd]
UDF1 received [6h 3s]
POCKET_D_ACE raises to 55
UDF1 raises to 5000
POCKET_D_ACE calls
Flop [2d Ks 8c], POCKET_D_ACE (5000), UDF1 (5000)
UDF1 bids 0
POCKET_D_ACE bids 0
POCKET_D_ACE won the auction and was revealed [3s]
UDF1 won the auction and was revealed [Jd]
Flop [2d Ks 8c], POCKET_D_ACE (5000), UDF1 (5000)
UDF1 checks
POCKET_D_ACE checks
Turn [2d Ks 8c Js], POCKET_D_ACE (5000), UDF1 (5000)
UDF1 checks
POCKET_D_ACE checks
River [2d Ks 8c Js Ad], POCKET_D_ACE (5000), UDF1 (5000)
UDF1 checks
POCKET_D_ACE checks
POCKET_D_ACE shows [Jc Jd]
UDF1 shows [6h 3s]
POCKET_D_ACE awarded 5000
UDF1 awarded -5000

Round #429, UDF1 (-122680), POCKET_D_ACE (122680)
UDF1 posts blind: 10
POCKET_D_ACE posts blind: 20
UDF1 received [Jc 6s]
POCKET_D_ACE received [3c 8s]
UDF1 raises to 5000
POCKET_D_ACE folds
UDF1 awarded 20
POCKET_D_ACE awarded -20

Round #430, POCKET_D_ACE (122660), UDF1 (-122660)
POCKET_D_ACE posts blind: 10
UDF1 posts blind: 20
POCKET_D_ACE received [8c Td]
UDF1 received [Ad Js]
POCKET_D_ACE calls
UDF1 raises to 5000
POCKET_D_ACE calls
Flop [Ac 2c Th], POCKET_D_ACE (5000), UDF1 (5000)
UDF1 bids 0
POCKET_D_ACE bids 0
POCKET_D_ACE won the auction and was revealed [Ad]
UDF1 won the auction and was revealed [Td]
Flop [Ac 2c Th], POCKET_D_ACE (5000), UDF1 (5000)
UDF1 checks
POCKET_D_ACE checks
Turn [Ac 2c Th Jd], POCKET_D_ACE (5000), UDF1 (5000)
UDF1 checks
POCKET_D_ACE checks
River [Ac 2c Th Jd 4c], POCKET_D_ACE (5000), UDF1 (5000)
UDF1 checks
POCKET_D_ACE checks
POCKET_D_ACE shows [8c Td]
UDF1 shows [Ad Js]
POCKET_D_ACE awarded -5000
UDF1 awarded 5000

Round #431, UDF1 (-117660), POCKET_D_ACE (117660)
UDF1 posts blind: 10
POCKET_D_ACE posts blind: 20
UDF1 received [9s 6h]
POCKET_D_ACE received [5s 5h]
UDF1 raises to 5000
POCKET_D_ACE calls
Flop [5c 7d 7h], UDF1 (5000), POCKET_D_ACE (5000)
POCKET_D_ACE bids 0
UDF1 bids 0
UDF1 won the auction and was revealed [5h]
POCKET_D_ACE won the auction and was revealed [6h]
Flop [5c 7d 7h], UDF1 (5000), POCKET_D_ACE (5000)
POCKET_D_ACE checks
UDF1 checks
Turn [5c 7d 7h 8h], UDF1 (5000), POCKET_D_ACE (5000)
POCKET_D_ACE checks
UDF1 checks
River [5c 7d 7h 8h Qd], UDF1 (5000), POCKET_D_ACE (5000)
POCKET_D_ACE checks
UDF1 checks
UDF1 shows [9s 6h]
POCKET_D_ACE shows [5s 5h]
UDF1 awarded -5000
POCKET_D_ACE awarded 5000

Round #432, POCKET_D_ACE (122660), UDF1 (-122660)
POCKET_D_ACE posts blind: 10
UDF1 posts blind: 20
POCKET_D_ACE received [Th Ks]
UDF1 received [8d 9h]
POCKET_D_ACE calls
UDF1 raises to 5000
POCKET_D_ACE calls
Flop [As 6s Qd], POCKET_D_ACE (5000), UDF1 (5000)
UDF1 bids 0
POCKET_D_ACE bids 0
POCKET_D_ACE won the auction and was revealed [8d]
UDF1 won the auction and was revealed [Th]
Flop [As 6s Qd], POCKET_D_ACE (5000), UDF1 (5000)
UDF1 checks
POCKET_D_ACE checks
Turn [As 6s Qd 8c], POCKET_D_ACE (5000), UDF1 (5000)
UDF1 checks
POCKET_D_ACE checks
River [As 6s Qd 8c Td], POCKET_D_ACE (5000), UDF1 (5000)
UDF1 checks
POCKET_D_ACE checks
POCKET_D_ACE shows [Th Ks]
UDF1 shows [8d 9h]
POCKET_D_ACE awarded 5000
UDF1 awarded -5000

Round #433, UDF1 (-127660), POCKET_D_ACE (127660)
UDF1 posts blind: 10
POCKET_D_ACE posts blind: 20
UDF1 received [6h 3d]
POCKET_D_ACE received [5h 7c]
UDF1 raises to 5000
POCKET_D_ACE folds
UDF1 awarded 20
POCKET_D_ACE awarded -20

Round #434, POCKET_D_ACE (127640), UDF1 (-127640)
POCKET_D_ACE posts blind: 10
UDF1 posts blind: 20
POCKET_D_ACE received [Kc 8s]
UDF1 received [3d Ts]
POCKET_D_ACE calls
UDF1 raises to 5000
POCKET_D_ACE calls
Flop [Tc 9c As], POCKET_D_ACE (5000), UDF1 (5000)
UDF1 bids 0
POCKET_D_ACE bids 0
POCKET_D_ACE won the auction and was revealed [3d]
UDF1 won the auction and was revealed [8s]
Flop [Tc 9c As], POCKET_D_ACE (5000), UDF1 (5000)
UDF1 checks
POCKET_D_ACE checks
Turn [Tc 9c As 4s], POCKET_D_ACE (5000), UDF1 (5000)
UDF1 checks
POCKET_D_ACE checks
River [Tc 9c As 4s 2s], POCKET_D_ACE (5000), UDF1 (5000)
UDF1 checks
POCKET_D_ACE checks
POCKET_D_ACE shows [Kc 8s]
UDF1 shows [3d Ts]
POCKET_D_ACE awarded -5000
UDF1 awarded 5000

Round #435, UDF1 (-122640), POCKET_D_ACE (122640)
UDF1 posts blind: 10
POCKET_D_ACE posts blind: 20
UDF1 received [Ts Js]
POCKET_D_ACE received [Th 2s]
UDF1 raises to 5000
POCKET_D_ACE folds
UDF1 awarded 20
POCKET_D_ACE awarded -20

Round #436, POCKET_D_ACE (122620), UDF1 (-122620)
POCKET_D_ACE posts blind: 10
UDF1 posts blind: 20
POCKET_D_ACE received [Jc Kc]
UDF1 received [9d 8s]
POCKET_D_ACE calls
UDF1 raises to 5000
POCKET_D_ACE calls
Flop [9c 5c Kh], POCKET_D_ACE (5000), UDF1 (5000)
UDF1 bids 0
POCKET_D_ACE bids 0
POCKET_D_ACE won the auction and was revealed [8s]
UDF1 won the auction and was revealed [Kc]
Flop [9c 5c Kh], POCKET_D_ACE (5000), UDF1 (5000)
UDF1 checks
POCKET_D_ACE checks
Turn [9c 5c Kh 8d], POCKET_D_ACE (5000), UDF1 (5000)
UDF1 checks
POCKET_D_ACE checks
River [9c 5c Kh 8d 2h], POCKET_D_ACE (5000), UDF1 (5000)
UDF1 checks
POCKET_D_ACE checks
POCKET_D_ACE shows [Jc Kc]
UDF1 shows [9d 8s]
POCKET_D_ACE awarded -5000
UDF1 awarded 5000

Round #437, UDF1 (-117620), POCKET_D_ACE (117620)
UDF1 posts blind: 10
POCKET_D_ACE posts blind: 20
UDF1 received [6d 8c]
POCKET_D_ACE received [Jd 6h]
UDF1 raises to 5000
POCKET_D_ACE calls
Flop [Qh 2h Kh], UDF1 (5000), POCKET_D_ACE (5000)
POCKET_D_ACE bids 0
UDF1 bids 0
UDF1 won the auction and was revealed [Jd]
POCKET_D_ACE won the auction and was revealed [8c]
Flop [Qh 2h Kh], UDF1 (5000), POCKET_D_ACE (5000)
POCKET_D_ACE checks
UDF1 checks
Turn [Qh 2h Kh 2c], UDF1 (5000), POCKET_D_ACE (5000)
POCKET_D_ACE checks
UDF1 checks
River [Qh 2h Kh 2c 3c], UDF1 (5000), POCKET_D_ACE (5000)
POCKET_D_ACE checks
UDF1 checks
UDF1 shows [6d 8c]
POCKET_D_ACE shows [Jd 6h]
UDF1 awarded -5000
POCKET_D_ACE awarded 5000

Round #438, POCKET_D_ACE (122620), UDF1 (-122620)
POCKET_D_ACE posts blind: 10
UDF1 posts blind: 20
POCKET_D_ACE received [Kh Js]
UDF1 received [9c Qc]
POCKET_D_ACE calls
UDF1 raises to 5000
POCKET_D_ACE calls
Flop [7h 4d 2h], POCKET_D_ACE (5000), UDF1 (5000)
UDF1 bids 0
POCKET_D_ACE bids 0
POCKET_D_ACE won the auction and was revealed [Qc]
UDF1 won the auction and was revealed [Js]
Flop [7h 4d 2h], POCKET_D_ACE (5000), UDF1 (5000)
UDF1 checks
POCKET_D_ACE checks
Turn [7h 4d 2h 5s], POCKET_D_ACE (5000), UDF1 (5000)
UDF1 checks
POCKET_D_ACE checks
River [7h 4d 2h 5s 8d], POCKET_D_ACE (5000), UDF1 (5000)
UDF1 checks
POCKET_D_ACE checks
POCKET_D_ACE shows [Kh Js]
UDF1 shows [9c Qc]
POCKET_D_ACE awarded 5000
UDF1 awarded -5000

Round #439, UDF1 (-127620), POCKET_D_ACE (127620)
UDF1 posts blind: 10
POCKET_D_ACE posts blind: 20
UDF1 received [5d 6h]
POCKET_D_ACE received [2h 9c]
UDF1 raises to 5000
POCKET_D_ACE folds
UDF1 awarded 20
POCKET_D_ACE awarded -20

Round #440, POCKET_D_ACE (127600), UDF1 (-127600)
POCKET_D_ACE posts blind: 10
UDF1 posts blind: 20
POCKET_D_ACE received [2d 2c]
UDF1 received [4h 2s]
POCKET_D_ACE calls
UDF1 raises to 5000
POCKET_D_ACE calls
Flop [5d 8c 4d], POCKET_D_ACE (5000), UDF1 (5000)
UDF1 bids 0
POCKET_D_ACE bids 0
POCKET_D_ACE won the auction and was revealed [2s]
UDF1 won the auction and was revealed [2c]
Flop [5d 8c 4d], POCKET_D_ACE (5000), UDF1 (5000)
UDF1 checks
POCKET_D_ACE checks
Turn [5d 8c 4d Js], POCKET_D_ACE (5000), UDF1 (5000)
UDF1 checks
POCKET_D_ACE checks
River [5d 8c 4d Js Ks], POCKET_D_ACE (5000), UDF1 (5000)
UDF1 checks
POCKET_D_ACE checks
POCKET_D_ACE shows [2d 2c]
UDF1 shows [4h 2s]
POCKET_D_ACE awarded -5000
UDF1 awarded 5000

Round #441, UDF1 (-122600), POCKET_D_ACE (122600)
UDF1 posts blind: 10
POCKET_D_ACE posts blind: 20
UDF1 received [4d 9d]
POCKET_D_ACE received [Ac Js]
UDF1 raises to 5000
POCKET_D_ACE calls
Flop [2h Jd Jh], UDF1 (5000), POCKET_D_ACE (5000)
POCKET_D_ACE bids 0
UDF1 bids 0
UDF1 won the auction and was revealed [Js]
POCKET_D_ACE won the auction and was revealed [9d]
Flop [2h Jd Jh], UDF1 (5000), POCKET_D_ACE (5000)
POCKET_D_ACE checks
UDF1 checks
Turn [2h Jd Jh 8d], UDF1 (5000), POCKET_D_ACE (5000)
POCKET_D_ACE checks
UDF1 checks
River [2h Jd Jh 8d Td], UDF1 (5000), POCKET_D_ACE (5000)
POCKET_D_ACE checks
UDF1 checks
UDF1 shows [4d 9d]
POCKET_D_ACE shows [Ac Js]
UDF1 awarded 5000
POCKET_D_ACE awarded -5000

Round #442, POCKET_D_ACE (117600), UDF1 (-117600)
POCKET_D_ACE posts blind: 10
UDF1 posts blind: 20
POCKET_D_ACE received [As 3d]
UDF1 received [4h Ac]
POCKET_D_ACE calls
UDF1 raises to 5000
POCKET_D_ACE calls
Flop [8s 6s Qs], POCKET_D_ACE (5000), UDF1 (5000)
UDF1 bids 0
POCKET_D_ACE bids 0
POCKET_D_ACE won the auction and was revealed [4h]
UDF1 won the auction and was revealed [3d]
Flop [8s 6s Qs], POCKET_D_ACE (5000), UDF1 (5000)
UDF1 checks
POCKET_D_ACE checks
Turn [8s 6s Qs 9c], POCKET_D_ACE (5000), UDF1 (5000)
UDF1 checks
POCKET_D_ACE checks
River [8s 6s Qs 9c 3c], POCKET_D_ACE (5000), UDF1 (5000)
UDF1 checks
POCKET_D_ACE checks
POCKET_D_ACE shows [As 3d]
UDF1 shows [4h Ac]
POCKET_D_ACE awarded 5000
UDF1 awarded -5000

Round #443, UDF1 (-122600), POCKET_D_ACE (122600)
UDF1 posts blind: 10
POCKET_D_ACE posts blind: 20
UDF1 received [8d Qd]
POCKET_D_ACE received [Ad As]
UDF1 raises to 5000
POCKET_D_ACE calls
Flop [5s Qs 4c], UDF1 (5000), POCKET_D_ACE (5000)
POCKET_D_ACE bids 0
UDF1 bids 0
UDF1 won the auction and was revealed [Ad]
POCKET_D_ACE won the auction and was revealed [Qd]
Flop [5s Qs 4c], UDF1 (5000), POCKET_D_ACE (5000)
POCKET_D_ACE checks
UDF1 checks
Turn [5s Qs 4c 3s], UDF1 (5000), POCKET_D_ACE (5000)
POCKET_D_ACE checks
UDF1 checks
River [5s Qs 4c 3s 6s], UDF1 (5000), POCKET_D_ACE (5000)
POCKET_D_ACE checks
UDF1 checks
UDF1 shows [8d Qd]
POCKET_D_ACE shows [Ad As]
UDF1 awarded -5000
POCKET_D_ACE awarded 5000

Round #444, POCKET_D_ACE (127600), UDF1 (-127600)
POCKET_D_ACE posts blind: 10
UDF1 posts blind: 20
POCKET_D_ACE received [6s 6d]
UDF1 received [2d Js]
POCKET_D_ACE calls
UDF1 raises to 5000
POCKET_D_ACE calls
Flop [9h Qs Tc], POCKET_D_ACE (5000), UDF1 (5000)
UDF1 bids 0
POCKET_D_ACE bids 0
POCKET_D_ACE won the auction and was revealed [2d]
UDF1 won the auction and was revealed [6s]
Flop [9h Qs Tc], POCKET_D_ACE (5000), UDF1 (5000)
UDF1 checks
POCKET_D_ACE checks
Turn [9h Qs Tc Ks], POCKET_D_ACE (5000), UDF1 (5000)
UDF1 checks
POCKET_D_ACE checks
River [9h Qs Tc Ks 4d], POCKET_D_ACE (5000), UDF1 (5000)
UDF1 checks
POCKET_D_ACE checks
POCKET_D_ACE shows [6s 6d]
UDF1 shows [2d Js]
POCKET_D_ACE awarded -5000
UDF1 awarded 5000

Round #445, UDF1 (-122600), POCKET_D_ACE (122600)
UDF1 posts blind: 10
POCKET_D_ACE posts blind: 20
UDF1 received [6h Td]
POCKET_D_ACE received [As Js]
UDF1 raises to 5000
POCKET_D_ACE calls
Flop [Jc 9d Kd], UDF1 (5000), POCKET_D_ACE (5000)
POCKET_D_ACE bids 0
UDF1 bids 0
UDF1 won the auction and was revealed [Js]
POCKET_D_ACE won the auction and was revealed [Td]
Flop [Jc 9d Kd], UDF1 (5000), POCKET_D_ACE (5000)
POCKET_D_ACE checks
UDF1 checks
Turn [Jc 9d Kd Qs], UDF1 (5000), POCKET_D_ACE (5000)
POCKET_D_ACE checks
UDF1 checks
River [Jc 9d Kd Qs 7s], UDF1 (5000), POCKET_D_ACE (5000)
POCKET_D_ACE checks
UDF1 checks
UDF1 shows [6h Td]
POCKET_D_ACE shows [As Js]
UDF1 awarded 5000
POCKET_D_ACE awarded -5000

Round #446, POCKET_D_ACE (117600), UDF1 (-117600)
POCKET_D_ACE posts blind: 10
UDF1 posts blind: 20
POCKET_D_ACE received [Qc 3h]
UDF1 received [7h 6d]
POCKET_D_ACE calls
UDF1 raises to 5000
POCKET_D_ACE folds
POCKET_D_ACE awarded -20
UDF1 awarded 20

Round #447, UDF1 (-117580), POCKET_D_ACE (117580)
UDF1 posts blind: 10
POCKET_D_ACE posts blind: 20
UDF1 received [Ts 2h]
POCKET_D_ACE received [Ks 7s]
UDF1 raises to 5000
POCKET_D_ACE calls
Flop [2c 8d 6h], UDF1 (5000), POCKET_D_ACE (5000)
POCKET_D_ACE bids 0
UDF1 bids 0
UDF1 won the auction and was revealed [Ks]
POCKET_D_ACE won the auction and was revealed [Ts]
Flop [2c 8d 6h], UDF1 (5000), POCKET_D_ACE (5000)
POCKET_D_ACE checks
UDF1 checks
Turn [2c 8d 6h 9c], UDF1 (5000), POCKET_D_ACE (5000)
POCKET_D_ACE checks
UDF1 checks
River [2c 8d 6h 9c 4c], UDF1 (5000), POCKET_D_ACE (5000)
POCKET_D_ACE checks
UDF1 checks
UDF1 shows [Ts 2h]
POCKET_D_ACE shows [Ks 7s]
UDF1 awarded 5000
POCKET_D_ACE awarded -5000

Round #448, POCKET_D_ACE (112580), UDF1 (-112580)
POCKET_D_ACE posts blind: 10
UDF1 posts blind: 20
POCKET_D_ACE received [2h Qs]
UDF1 received [7c 4c]
POCKET_D_ACE calls
UDF1 raises to 5000
POCKET_D_ACE folds
POCKET_D_ACE awarded -20
UDF1 awarded 20

Round #449, UDF1 (-112560), POCKET_D_ACE (112560)
UDF1 posts blind: 10
POCKET_D_ACE posts blind: 20
UDF1 received [9c Js]
POCKET_D_ACE received [8h 8d]
UDF1 raises to 5000
POCKET_D_ACE calls
Flop [4h Qs 4c], UDF1 (5000), POCKET_D_ACE (5000)
POCKET_D_ACE bids 0
UDF1 bids 0
UDF1 won the auction and was revealed [8d]
POCKET_D_ACE won the auction and was revealed [Js]
Flop [4h Qs 4c], UDF1 (5000), POCKET_D_ACE (5000)
POCKET_D_ACE checks
UDF1 checks
Turn [4h Qs 4c Kd], UDF1 (5000), POCKET_D_ACE (5000)
POCKET_D_ACE checks
UDF1 checks
River [4h Qs 4c Kd 2c], UDF1 (5000), POCKET_D_ACE (5000)
POCKET_D_ACE checks
UDF1 checks
UDF1 shows [9c Js]
POCKET_D_ACE shows [8h 8d]
UDF1 awarded -5000
POCKET_D_ACE awarded 5000

Round #450, POCKET_D_ACE (117560), UDF1 (-117560)
POCKET_D_ACE posts blind: 10
UDF1 posts blind: 20
POCKET_D_ACE received [Js 4d]
UDF1 received [Ad 5h]
POCKET_D_ACE calls
UDF1 raises to 5000
POCKET_D_ACE folds
POCKET_D_ACE awarded -20
UDF1 awarded 20

Round #451, UDF1 (-117540), POCKET_D_ACE (117540)
UDF1 posts blind: 10
POCKET_D_ACE posts blind: 20
UDF1 received [Ts 4c]
POCKET_D_ACE received [Jh 7h]
UDF1 raises to 5000
POCKET_D_ACE calls
Flop [8c Jc 3h], UDF1 (5000), POCKET_D_ACE (5000)
POCKET_D_ACE bids 0
UDF1 bids 0
UDF1 won the auction and was revealed [Jh]
POCKET_D_ACE won the auction and was revealed [Ts]
Flop [8c Jc 3h], UDF1 (5000), POCKET_D_ACE (5000)
POCKET_D_ACE checks
UDF1 checks
Turn [8c Jc 3h Td], UDF1 (5000), POCKET_D_ACE (5000)
POCKET_D_ACE checks
UDF1 checks
River [8c Jc 3h Td 4h], UDF1 (5000), POCKET_D_ACE (5000)
POCKET_D_ACE checks
UDF1 checks
UDF1 shows [Ts 4c]
POCKET_D_ACE shows [Jh 7h]
UDF1 awarded 5000
POCKET_D_ACE awarded -5000

Round #452, POCKET_D_ACE (112540), UDF1 (-112540)
POCKET_D_ACE posts blind: 10
UDF1 posts blind: 20
POCKET_D_ACE received [Qh 3h]
UDF1 received [Jh Ks]
POCKET_D_ACE calls
UDF1 raises to 5000
POCKET_D_ACE calls
Flop [7d 6d 4h], POCKET_D_ACE (5000), UDF1 (5000)
UDF1 bids 0
POCKET_D_ACE bids 0
POCKET_D_ACE won the auction and was revealed [Jh]
UDF1 won the auction and was revealed [3h]
Flop [7d 6d 4h], POCKET_D_ACE (5000), UDF1 (5000)
UDF1 checks
POCKET_D_ACE checks
Turn [7d 6d 4h 4c], POCKET_D_ACE (5000), UDF1 (5000)
UDF1 checks
POCKET_D_ACE checks
River [7d 6d 4h 4c 5h], POCKET_D_ACE (5000), UDF1 (5000)
UDF1 checks
POCKET_D_ACE checks
POCKET_D_ACE shows [Qh 3h]
UDF1 shows [Jh Ks]
POCKET_D_ACE awarded 5000
UDF1 awarded -5000

Round #453, UDF1 (-117540), POCKET_D_ACE (117540)
UDF1 posts blind: 10
POCKET_D_ACE posts blind: 20
UDF1 received [8c 7c]
POCKET_D_ACE received [Qd Js]
UDF1 raises to 5000
POCKET_D_ACE calls
Flop [3d Jh 3s], UDF1 (5000), POCKET_D_ACE (5000)
POCKET_D_ACE bids 0
UDF1 bids 0
UDF1 won the auction and was revealed [Qd]
POCKET_D_ACE won the auction and was revealed [8c]
Flop [3d Jh 3s], UDF1 (5000), POCKET_D_ACE (5000)
POCKET_D_ACE checks
UDF1 checks
Turn [3d Jh 3s Kc], UDF1 (5000), POCKET_D_ACE (5000)
POCKET_D_ACE checks
UDF1 checks
River [3d Jh 3s Kc 3h], UDF1 (5000), POCKET_D_ACE (5000)
POCKET_D_ACE checks
UDF1 checks
UDF1 shows [8c 7c]
POCKET_D_ACE shows [Qd Js]
UDF1 awarded -5000
POCKET_D_ACE awarded 5000

Round #454, POCKET_D_ACE (122540), UDF1 (-122540)
POCKET_D_ACE posts blind: 10
UDF1 posts blind: 20
POCKET_D_ACE received [3d 5c]
UDF1 received [Tc Qc]
POCKET_D_ACE folds
POCKET_D_ACE awarded -10
UDF1 awarded 10

Round #455, UDF1 (-122530), POCKET_D_ACE (122530)
UDF1 posts blind: 10
POCKET_D_ACE posts blind: 20
UDF1 received [3d 3h]
POCKET_D_ACE received [4s Qc]
UDF1 raises to 5000
POCKET_D_ACE calls
Flop [2c 7c Ts], UDF1 (5000), POCKET_D_ACE (5000)
POCKET_D_ACE bids 0
UDF1 bids 0
UDF1 won the auction and was revealed [4s]
POCKET_D_ACE won the auction and was revealed [3d]
Flop [2c 7c Ts], UDF1 (5000), POCKET_D_ACE (5000)
POCKET_D_ACE checks
UDF1 checks
Turn [2c 7c Ts 7d], UDF1 (5000), POCKET_D_ACE (5000)
POCKET_D_ACE checks
UDF1 checks
River [2c 7c Ts 7d 7s], UDF1 (5000), POCKET_D_ACE (5000)
POCKET_D_ACE checks
UDF1 checks
UDF1 shows [3d 3h]
POCKET_D_ACE shows [4s Qc]
UDF1 awarded 5000
POCKET_D_ACE awarded -5000

Round #456, POCKET_D_ACE (117530), UDF1 (-117530)
POCKET_D_ACE posts blind: 10
UDF1 posts blind: 20
POCKET_D_ACE received [Qd Qh]
UDF1 received [7d 5h]
POCKET_D_ACE raises to 56
UDF1 raises to 5000
POCKET_D_ACE calls
Flop [Qs 5s 8d], POCKET_D_ACE (5000), UDF1 (5000)
UDF1 bids 0
POCKET_D_ACE bids 0
POCKET_D_ACE won the auction and was revealed [5h]
UDF1 won the auction and was revealed [Qd]
Flop [Qs 5s 8d], POCKET_D_ACE (5000), UDF1 (5000)
UDF1 checks
POCKET_D_ACE checks
Turn [Qs 5s 8d 5c], POCKET_D_ACE (5000), UDF1 (5000)
UDF1 checks
POCKET_D_ACE checks
River [Qs 5s 8d 5c 7s], POCKET_D_ACE (5000), UDF1 (5000)
UDF1 checks
POCKET_D_ACE checks
POCKET_D_ACE shows [Qd Qh]
UDF1 shows [7d 5h]
POCKET_D_ACE awarded 5000
UDF1 awarded -5000

Round #457, UDF1 (-122530), POCKET_D_ACE (122530)
UDF1 posts blind: 10
POCKET_D_ACE posts blind: 20
UDF1 received [Jh 4s]
POCKET_D_ACE received [9s Th]
UDF1 raises to 5000
POCKET_D_ACE calls
Flop [7h Qs Qh], UDF1 (5000), POCKET_D_ACE (5000)
POCKET_D_ACE bids 0
UDF1 bids 0
UDF1 won the auction and was revealed [9s]
POCKET_D_ACE won the auction and was revealed [4s]
Flop [7h Qs Qh], UDF1 (5000), POCKET_D_ACE (5000)
POCKET_D_ACE checks
UDF1 checks
Turn [7h Qs Qh 2s], UDF1 (5000), POCKET_D_ACE (5000)
POCKET_D_ACE checks
UDF1 checks
River [7h Qs Qh 2s Kh], UDF1 (5000), POCKET_D_ACE (5000)
POCKET_D_ACE checks
UDF1 checks
UDF1 shows [Jh 4s]
POCKET_D_ACE shows [9s Th]
UDF1 awarded 5000
POCKET_D_ACE awarded -5000

Round #458, POCKET_D_ACE (117530), UDF1 (-117530)
POCKET_D_ACE posts blind: 10
UDF1 posts blind: 20
POCKET_D_ACE received [6c 9d]
UDF1 received [2d As]
POCKET_D_ACE calls
UDF1 raises to 5000
POCKET_D_ACE calls
Flop [3c Jh Ad], POCKET_D_ACE (5000), UDF1 (5000)
UDF1 bids 0
POCKET_D_ACE bids 0
POCKET_D_ACE won the auction and was revealed [As]
UDF1 won the auction and was revealed [6c]
Flop [3c Jh Ad], POCKET_D_ACE (5000), UDF1 (5000)
UDF1 checks
POCKET_D_ACE checks
Turn [3c Jh Ad 8d], POCKET_D_ACE (5000), UDF1 (5000)
UDF1 checks
POCKET_D_ACE checks
River [3c Jh Ad 8d 4h], POCKET_D_ACE (5000), UDF1 (5000)
UDF1 checks
POCKET_D_ACE checks
POCKET_D_ACE shows [6c 9d]
UDF1 shows [2d As]
POCKET_D_ACE awarded -5000
UDF1 awarded 5000

Round #459, UDF1 (-112530), POCKET_D_ACE (112530)
UDF1 posts blind: 10
POCKET_D_ACE posts blind: 20
UDF1 received [Tc Kd]
POCKET_D_ACE received [2c Js]
UDF1 raises to 5000
POCKET_D_ACE folds
UDF1 awarded 20
POCKET_D_ACE awarded -20

Round #460, POCKET_D_ACE (112510), UDF1 (-112510)
POCKET_D_ACE posts blind: 10
UDF1 posts blind: 20
POCKET_D_ACE received [Ad 7d]
UDF1 received [5d Th]
POCKET_D_ACE calls
UDF1 raises to 5000
POCKET_D_ACE calls
Flop [Qs Js 9h], POCKET_D_ACE (5000), UDF1 (5000)
UDF1 bids 0
POCKET_D_ACE bids 0
POCKET_D_ACE won the auction and was revealed [5d]
UDF1 won the auction and was revealed [7d]
Flop [Qs Js 9h], POCKET_D_ACE (5000), UDF1 (5000)
UDF1 checks
POCKET_D_ACE checks
Turn [Qs Js 9h Qd], POCKET_D_ACE (5000), UDF1 (5000)
UDF1 checks
POCKET_D_ACE checks
River [Qs Js 9h Qd 3s], POCKET_D_ACE (5000), UDF1 (5000)
UDF1 checks
POCKET_D_ACE checks
POCKET_D_ACE shows [Ad 7d]
UDF1 shows [5d Th]
POCKET_D_ACE awarded 5000
UDF1 awarded -5000

Round #461, UDF1 (-117510), POCKET_D_ACE (117510)
UDF1 posts blind: 10
POCKET_D_ACE posts blind: 20
UDF1 received [Tc 6h]
POCKET_D_ACE received [4c Ad]
UDF1 raises to 5000
POCKET_D_ACE calls
Flop [9d 3d Kh], UDF1 (5000), POCKET_D_ACE (5000)
POCKET_D_ACE bids 0
UDF1 bids 0
UDF1 won the auction and was revealed [4c]
POCKET_D_ACE won the auction and was revealed [Tc]
Flop [9d 3d Kh], UDF1 (5000), POCKET_D_ACE (5000)
POCKET_D_ACE checks
UDF1 checks
Turn [9d 3d Kh Td], UDF1 (5000), POCKET_D_ACE (5000)
POCKET_D_ACE checks
UDF1 checks
River [9d 3d Kh Td 9s], UDF1 (5000), POCKET_D_ACE (5000)
POCKET_D_ACE checks
UDF1 checks
UDF1 shows [Tc 6h]
POCKET_D_ACE shows [4c Ad]
UDF1 awarded 5000
POCKET_D_ACE awarded -5000

Round #462, POCKET_D_ACE (112510), UDF1 (-112510)
POCKET_D_ACE posts blind: 10
UDF1 posts blind: 20
POCKET_D_ACE received [2s 7d]
UDF1 received [Jc 6s]
POCKET_D_ACE calls
UDF1 raises to 5000
POCKET_D_ACE folds
POCKET_D_ACE awarded -20
UDF1 awarded 20

Round #463, UDF1 (-112490), POCKET_D_ACE (112490)
UDF1 posts blind: 10
POCKET_D_ACE posts blind: 20
UDF1 received [8h 5c]
POCKET_D_ACE received [7d 4s]
UDF1 raises to 5000
POCKET_D_ACE folds
UDF1 awarded 20
POCKET_D_ACE awarded -20

Round #464, POCKET_D_ACE (112470), UDF1 (-112470)
POCKET_D_ACE posts blind: 10
UDF1 posts blind: 20
POCKET_D_ACE received [2h 2d]
UDF1 received [Ah 5d]
POCKET_D_ACE calls
UDF1 raises to 5000
POCKET_D_ACE calls
Flop [Kh 4s Ad], POCKET_D_ACE (5000), UDF1 (5000)
UDF1 bids 0
POCKET_D_ACE bids 0
POCKET_D_ACE won the auction and was revealed [Ah]
UDF1 won the auction and was revealed [2h]
Flop [Kh 4s Ad], POCKET_D_ACE (5000), UDF1 (5000)
UDF1 checks
POCKET_D_ACE checks
Turn [Kh 4s Ad 4h], POCKET_D_ACE (5000), UDF1 (5000)
UDF1 checks
POCKET_D_ACE checks
River [Kh 4s Ad 4h 8h], POCKET_D_ACE (5000), UDF1 (5000)
UDF1 checks
POCKET_D_ACE checks
POCKET_D_ACE shows [2h 2d]
UDF1 shows [Ah 5d]
POCKET_D_ACE awarded -5000
UDF1 awarded 5000

Round #465, UDF1 (-107470), POCKET_D_ACE (107470)
UDF1 posts blind: 10
POCKET_D_ACE posts blind: 20
UDF1 received [Th 8c]
POCKET_D_ACE received [5h Qs]
UDF1 raises to 5000
POCKET_D_ACE calls
Flop [2h 7s 2s], UDF1 (5000), POCKET_D_ACE (5000)
POCKET_D_ACE bids 0
UDF1 bids 0
UDF1 won the auction and was revealed [5h]
POCKET_D_ACE won the auction and was revealed [Th]
Flop [2h 7s 2s], UDF1 (5000), POCKET_D_ACE (5000)
POCKET_D_ACE checks
UDF1 checks
Turn [2h 7s 2s 5d], UDF1 (5000), POCKET_D_ACE (5000)
POCKET_D_ACE checks
UDF1 checks
River [2h 7s 2s 5d 9c], UDF1 (5000), POCKET_D_ACE (5000)
POCKET_D_ACE checks
UDF1 checks
UDF1 shows [Th 8c]
POCKET_D_ACE shows [5h Qs]
UDF1 awarded -5000
POCKET_D_ACE awarded 5000

Round #466, POCKET_D_ACE (112470), UDF1 (-112470)
POCKET_D_ACE posts blind: 10
UDF1 posts blind: 20
POCKET_D_ACE received [Qd Ac]
UDF1 received [2c 7c]
POCKET_D_ACE calls
UDF1 raises to 5000
POCKET_D_ACE calls
Flop [Th 8d 9h], POCKET_D_ACE (5000), UDF1 (5000)
UDF1 bids 0
POCKET_D_ACE bids 0
POCKET_D_ACE won the auction and was revealed [2c]
UDF1 won the auction and was revealed [Qd]
Flop [Th 8d 9h], POCKET_D_ACE (5000), UDF1 (5000)
UDF1 checks
POCKET_D_ACE checks
Turn [Th 8d 9h 5h], POCKET_D_ACE (5000), UDF1 (5000)
UDF1 checks
POCKET_D_ACE checks
River [Th 8d 9h 5h 2d], POCKET_D_ACE (5000), UDF1 (5000)
UDF1 checks
POCKET_D_ACE checks
POCKET_D_ACE shows [Qd Ac]
UDF1 shows [2c 7c]
POCKET_D_ACE awarded -5000
UDF1 awarded 5000

Round #467, UDF1 (-107470), POCKET_D_ACE (107470)
UDF1 posts blind: 10
POCKET_D_ACE posts blind: 20
UDF1 received [3d Kd]
POCKET_D_ACE received [2c Qd]
UDF1 raises to 5000
POCKET_D_ACE folds
UDF1 awarded 20
POCKET_D_ACE awarded -20

Round #468, POCKET_D_ACE (107450), UDF1 (-107450)
POCKET_D_ACE posts blind: 10
UDF1 posts blind: 20
POCKET_D_ACE received [5c 2d]
UDF1 received [As Jh]
POCKET_D_ACE folds
POCKET_D_ACE awarded -10
UDF1 awarded 10

Round #469, UDF1 (-107440), POCKET_D_ACE (107440)
UDF1 posts blind: 10
POCKET_D_ACE posts blind: 20
UDF1 received [Qh 2c]
POCKET_D_ACE received [5c 7d]
UDF1 raises to 5000
POCKET_D_ACE folds
UDF1 awarded 20
POCKET_D_ACE awarded -20

Round #470, POCKET_D_ACE (107420), UDF1 (-107420)
POCKET_D_ACE posts blind: 10
UDF1 posts blind: 20
POCKET_D_ACE received [Qc 4d]
UDF1 received [2d 6s]
POCKET_D_ACE calls
UDF1 raises to 5000
POCKET_D_ACE calls
Flop [7s Js 6d], POCKET_D_ACE (5000), UDF1 (5000)
UDF1 bids 0
POCKET_D_ACE bids 0
POCKET_D_ACE won the auction and was revealed [6s]
UDF1 won the auction and was revealed [4d]
Flop [7s Js 6d], POCKET_D_ACE (5000), UDF1 (5000)
UDF1 checks
POCKET_D_ACE checks
Turn [7s Js 6d Jh], POCKET_D_ACE (5000), UDF1 (5000)
UDF1 checks
POCKET_D_ACE checks
River [7s Js 6d Jh As], POCKET_D_ACE (5000), UDF1 (5000)
UDF1 checks
POCKET_D_ACE checks
POCKET_D_ACE shows [Qc 4d]
UDF1 shows [2d 6s]
POCKET_D_ACE awarded -5000
UDF1 awarded 5000

Round #471, UDF1 (-102420), POCKET_D_ACE (102420)
UDF1 posts blind: 10
POCKET_D_ACE posts blind: 20
UDF1 received [Jc 2h]
POCKET_D_ACE received [6c 2s]
UDF1 raises to 5000
POCKET_D_ACE folds
UDF1 awarded 20
POCKET_D_ACE awarded -20

Round #472, POCKET_D_ACE (102400), UDF1 (-102400)
POCKET_D_ACE posts blind: 10
UDF1 posts blind: 20
POCKET_D_ACE received [8d 2s]
UDF1 received [6d Ac]
POCKET_D_ACE calls
UDF1 raises to 5000
POCKET_D_ACE folds
POCKET_D_ACE awarded -20
UDF1 awarded 20

Round #473, UDF1 (-102380), POCKET_D_ACE (102380)
UDF1 posts blind: 10
POCKET_D_ACE posts blind: 20
UDF1 received [6h Ac]
POCKET_D_ACE received [9d Jd]
UDF1 raises to 5000
POCKET_D_ACE calls
Flop [8c Kc 7c], UDF1 (5000), POCKET_D_ACE (5000)
POCKET_D_ACE bids 0
UDF1 bids 0
UDF1 won the auction and was revealed [Jd]
POCKET_D_ACE won the auction and was revealed [6h]
Flop [8c Kc 7c], UDF1 (5000), POCKET_D_ACE (5000)
POCKET_D_ACE checks
UDF1 checks
Turn [8c Kc 7c 9s], UDF1 (5000), POCKET_D_ACE (5000)
POCKET_D_ACE checks
UDF1 checks
River [8c Kc 7c 9s 6s], UDF1 (5000), POCKET_D_ACE (5000)
POCKET_D_ACE checks
UDF1 checks
UDF1 shows [6h Ac]
POCKET_D_ACE shows [9d Jd]
UDF1 awarded -5000
POCKET_D_ACE awarded 5000

Round #474, POCKET_D_ACE (107380), UDF1 (-107380)
POCKET_D_ACE posts blind: 10
UDF1 posts blind: 20
POCKET_D_ACE received [Ks Td]
UDF1 received [Qh 8d]
POCKET_D_ACE calls
UDF1 raises to 5000
POCKET_D_ACE calls
Flop [Qd Js 3d], POCKET_D_ACE (5000), UDF1 (5000)
UDF1 bids 0
POCKET_D_ACE bids 0
POCKET_D_ACE won the auction and was revealed [8d]
UDF1 won the auction and was revealed [Td]
Flop [Qd Js 3d], POCKET_D_ACE (5000), UDF1 (5000)
UDF1 checks
POCKET_D_ACE checks
Turn [Qd Js 3d 4c], POCKET_D_ACE (5000), UDF1 (5000)
UDF1 checks
POCKET_D_ACE checks
River [Qd Js 3d 4c Qs], POCKET_D_ACE (5000), UDF1 (5000)
UDF1 checks
POCKET_D_ACE checks
POCKET_D_ACE shows [Ks Td]
UDF1 shows [Qh 8d]
POCKET_D_ACE awarded -5000
UDF1 awarded 5000

Round #475, UDF1 (-102380), POCKET_D_ACE (102380)
UDF1 posts blind: 10
POCKET_D_ACE posts blind: 20
UDF1 received [Js 4h]
POCKET_D_ACE received [Jd 8s]
UDF1 raises to 5000
POCKET_D_ACE calls
Flop [3d 7s 7c], UDF1 (5000), POCKET_D_ACE (5000)
POCKET_D_ACE bids 0
UDF1 bids 0
UDF1 won the auction and was revealed [Jd]
POCKET_D_ACE won the auction and was revealed [4h]
Flop [3d 7s 7c], UDF1 (5000), POCKET_D_ACE (5000)
POCKET_D_ACE checks
UDF1 checks
Turn [3d 7s 7c 7d], UDF1 (5000), POCKET_D_ACE (5000)
POCKET_D_ACE checks
UDF1 checks
River [3d 7s 7c 7d 4c], UDF1 (5000), POCKET_D_ACE (5000)
POCKET_D_ACE checks
UDF1 checks
UDF1 shows [Js 4h]
POCKET_D_ACE shows [Jd 8s]
UDF1 awarded 5000
POCKET_D_ACE awarded -5000

Round #476, POCKET_D_ACE (97380), UDF1 (-97380)
POCKET_D_ACE posts blind: 10
UDF1 posts blind: 20
POCKET_D_ACE received [5c 7c]
UDF1 received [3d Kd]
POCKET_D_ACE calls
UDF1 raises to 5000
POCKET_D_ACE calls
Flop [Kc 3h 8s], POCKET_D_ACE (5000), UDF1 (5000)
UDF1 bids 0
POCKET_D_ACE bids 0
POCKET_D_ACE won the auction and was revealed [Kd]
UDF1 won the auction and was revealed [7c]
Flop [Kc 3h 8s], POCKET_D_ACE (5000), UDF1 (5000)
UDF1 checks
POCKET_D_ACE checks
Turn [Kc 3h 8s Qh], POCKET_D_ACE (5000), UDF1 (5000)
UDF1 checks
POCKET_D_ACE checks
River [Kc 3h 8s Qh 5s], POCKET_D_ACE (5000), UDF1 (5000)
UDF1 checks
POCKET_D_ACE checks
POCKET_D_ACE shows [5c 7c]
UDF1 shows [3d Kd]
POCKET_D_ACE awarded -5000
UDF1 awarded 5000

Round #477, UDF1 (-92380), POCKET_D_ACE (92380)
UDF1 posts blind: 10
POCKET_D_ACE posts blind: 20
UDF1 received [2c Qd]
POCKET_D_ACE received [7d 3d]
UDF1 raises to 5000
POCKET_D_ACE folds
UDF1 awarded 20
POCKET_D_ACE awarded -20

Round #478, POCKET_D_ACE (92360), UDF1 (-92360)
POCKET_D_ACE posts blind: 10
UDF1 posts blind: 20
POCKET_D_ACE received [5c Kh]
UDF1 received [Jh 6s]
POCKET_D_ACE calls
UDF1 raises to 5000
POCKET_D_ACE calls
Flop [Js Jc 3d], POCKET_D_ACE (5000), UDF1 (5000)
UDF1 bids 0
POCKET_D_ACE bids 0
POCKET_D_ACE won the auction and was revealed [Jh]
UDF1 won the auction and was revealed [Kh]
Flop [Js Jc 3d], POCKET_D_ACE (5000), UDF1 (5000)
UDF1 checks
POCKET_D_ACE checks
Turn [Js Jc 3d 9h], POCKET_D_ACE (5000), UDF1 (5000)
UDF1 checks
POCKET_D_ACE checks
River [Js Jc 3d 9h 6h], POCKET_D_ACE (5000), UDF1 (5000)
UDF1 checks
POCKET_D_ACE checks
POCKET_D_ACE shows [5c Kh]
UDF1 shows [Jh 6s]
POCKET_D_ACE awarded -5000
UDF1 awarded 5000

Round #479, UDF1 (-87360), POCKET_D_ACE (87360)
UDF1 posts blind: 10
POCKET_D_ACE posts blind: 20
UDF1 received [5d 7c]
POCKET_D_ACE received [4s 5h]
UDF1 raises to 5000
POCKET_D_ACE folds
UDF1 awarded 20
POCKET_D_ACE awarded -20

Round #480, POCKET_D_ACE (87340), UDF1 (-87340)
POCKET_D_ACE posts blind: 10
UDF1 posts blind: 20
POCKET_D_ACE received [5c 5d]
UDF1 received [4d Ah]
POCKET_D_ACE calls
UDF1 raises to 5000
POCKET_D_ACE calls
Flop [3c Ac 4s], POCKET_D_ACE (5000), UDF1 (5000)
UDF1 bids 0
POCKET_D_ACE bids 0
POCKET_D_ACE won the auction and was revealed [Ah]
UDF1 won the auction and was revealed [5c]
Flop [3c Ac 4s], POCKET_D_ACE (5000), UDF1 (5000)
UDF1 checks
POCKET_D_ACE checks
Turn [3c Ac 4s 6d], POCKET_D_ACE (5000), UDF1 (5000)
UDF1 checks
POCKET_D_ACE checks
River [3c Ac 4s 6d Th], POCKET_D_ACE (5000), UDF1 (5000)
UDF1 checks
POCKET_D_ACE checks
POCKET_D_ACE shows [5c 5d]
UDF1 shows [4d Ah]
POCKET_D_ACE awarded -5000
UDF1 awarded 5000

Round #481, UDF1 (-82340), POCKET_D_ACE (82340)
UDF1 posts blind: 10
POCKET_D_ACE posts blind: 20
UDF1 received [3h 7c]
POCKET_D_ACE received [Qc Ts]
UDF1 raises to 5000
POCKET_D_ACE calls
Flop [3s Qs Qh], UDF1 (5000), POCKET_D_ACE (5000)
POCKET_D_ACE bids 0
UDF1 bids 0
UDF1 won the auction and was revealed [Ts]
POCKET_D_ACE won the auction and was revealed [7c]
Flop [3s Qs Qh], UDF1 (5000), POCKET_D_ACE (5000)
POCKET_D_ACE checks
UDF1 checks
Turn [3s Qs Qh 6c], UDF1 (5000), POCKET_D_ACE (5000)
POCKET_D_ACE checks
UDF1 checks
River [3s Qs Qh 6c Ac], UDF1 (5000), POCKET_D_ACE (5000)
POCKET_D_ACE checks
UDF1 checks
UDF1 shows [3h 7c]
POCKET_D_ACE shows [Qc Ts]
UDF1 awarded -5000
POCKET_D_ACE awarded 5000

Round #482, POCKET_D_ACE (87340), UDF1 (-87340)
POCKET_D_ACE posts blind: 10
UDF1 posts blind: 20
POCKET_D_ACE received [5c Qs]
UDF1 received [As Ad]
POCKET_D_ACE calls
UDF1 raises to 5000
POCKET_D_ACE calls
Flop [6c Jc 6s], POCKET_D_ACE (5000), UDF1 (5000)
UDF1 bids 0
POCKET_D_ACE bids 0
POCKET_D_ACE won the auction and was revealed [Ad]
UDF1 won the auction and was revealed [Qs]
Flop [6c Jc 6s], POCKET_D_ACE (5000), UDF1 (5000)
UDF1 checks
POCKET_D_ACE checks
Turn [6c Jc 6s Jd], POCKET_D_ACE (5000), UDF1 (5000)
UDF1 checks
POCKET_D_ACE checks
River [6c Jc 6s Jd Ac], POCKET_D_ACE (5000), UDF1 (5000)
UDF1 checks
POCKET_D_ACE checks
POCKET_D_ACE shows [5c Qs]
UDF1 shows [As Ad]
POCKET_D_ACE awarded -5000
UDF1 awarded 5000

Round #483, UDF1 (-82340), POCKET_D_ACE (82340)
UDF1 posts blind: 10
POCKET_D_ACE posts blind: 20
UDF1 received [5d 7s]
POCKET_D_ACE received [Th 2h]
UDF1 raises to 5000
POCKET_D_ACE folds
UDF1 awarded 20
POCKET_D_ACE awarded -20

Round #484, POCKET_D_ACE (82320), UDF1 (-82320)
POCKET_D_ACE posts blind: 10
UDF1 posts blind: 20
POCKET_D_ACE received [4s Js]
UDF1 received [5d 5c]
POCKET_D_ACE calls
UDF1 raises to 5000
POCKET_D_ACE calls
Flop [Ad 4d Qh], POCKET_D_ACE (5000), UDF1 (5000)
UDF1 bids 0
POCKET_D_ACE bids 0
POCKET_D_ACE won the auction and was revealed [5d]
UDF1 won the auction and was revealed [4s]
Flop [Ad 4d Qh], POCKET_D_ACE (5000), UDF1 (5000)
UDF1 checks
POCKET_D_ACE checks
Turn [Ad 4d Qh Qs], POCKET_D_ACE (5000), UDF1 (5000)
UDF1 checks
POCKET_D_ACE checks
River [Ad 4d Qh Qs Ah], POCKET_D_ACE (5000), UDF1 (5000)
UDF1 checks
POCKET_D_ACE checks
POCKET_D_ACE shows [4s Js]
UDF1 shows [5d 5c]
POCKET_D_ACE awarded 5000
UDF1 awarded -5000

Round #485, UDF1 (-87320), POCKET_D_ACE (87320)
UDF1 posts blind: 10
POCKET_D_ACE posts blind: 20
UDF1 received [Qs 3c]
POCKET_D_ACE received [Js 9h]
UDF1 raises to 5000
POCKET_D_ACE calls
Flop [Kd 5d Tc], UDF1 (5000), POCKET_D_ACE (5000)
POCKET_D_ACE bids 0
UDF1 bids 0
UDF1 won the auction and was revealed [Js]
POCKET_D_ACE won the auction and was revealed [3c]
Flop [Kd 5d Tc], UDF1 (5000), POCKET_D_ACE (5000)
POCKET_D_ACE checks
UDF1 checks
Turn [Kd 5d Tc Qd], UDF1 (5000), POCKET_D_ACE (5000)
POCKET_D_ACE checks
UDF1 checks
River [Kd 5d Tc Qd As], UDF1 (5000), POCKET_D_ACE (5000)
POCKET_D_ACE checks
UDF1 checks
UDF1 shows [Qs 3c]
POCKET_D_ACE shows [Js 9h]
UDF1 awarded -5000
POCKET_D_ACE awarded 5000

Round #486, POCKET_D_ACE (92320), UDF1 (-92320)
POCKET_D_ACE posts blind: 10
UDF1 posts blind: 20
POCKET_D_ACE received [4s 3s]
UDF1 received [7s Ah]
POCKET_D_ACE calls
UDF1 raises to 5000
POCKET_D_ACE folds
POCKET_D_ACE awarded -20
UDF1 awarded 20

Round #487, UDF1 (-92300), POCKET_D_ACE (92300)
UDF1 posts blind: 10
POCKET_D_ACE posts blind: 20
UDF1 received [7c Ts]
POCKET_D_ACE received [Qh 9s]
UDF1 raises to 5000
POCKET_D_ACE calls
Flop [4c Ah 8s], UDF1 (5000), POCKET_D_ACE (5000)
POCKET_D_ACE bids 0
UDF1 bids 0
UDF1 won the auction and was revealed [9s]
POCKET_D_ACE won the auction and was revealed [7c]
Flop [4c Ah 8s], UDF1 (5000), POCKET_D_ACE (5000)
POCKET_D_ACE checks
UDF1 checks
Turn [4c Ah 8s 3d], UDF1 (5000), POCKET_D_ACE (5000)
POCKET_D_ACE checks
UDF1 checks
River [4c Ah 8s 3d 6c], UDF1 (5000), POCKET_D_ACE (5000)
POCKET_D_ACE checks
UDF1 checks
UDF1 shows [7c Ts]
POCKET_D_ACE shows [Qh 9s]
UDF1 awarded -5000
POCKET_D_ACE awarded 5000

Round #488, POCKET_D_ACE (97300), UDF1 (-97300)
POCKET_D_ACE posts blind: 10
UDF1 posts blind: 20
POCKET_D_ACE received [Ad 9d]
UDF1 received [3h 8c]
POCKET_D_ACE calls
UDF1 raises to 5000
POCKET_D_ACE calls
Flop [Ks 5h 2s], POCKET_D_ACE (5000), UDF1 (5000)
UDF1 bids 0
POCKET_D_ACE bids 0
POCKET_D_ACE won the auction and was revealed [8c]
UDF1 won the auction and was revealed [9d]
Flop [Ks 5h 2s], POCKET_D_ACE (5000), UDF1 (5000)
UDF1 checks
POCKET_D_ACE checks
Turn [Ks 5h 2s Jh], POCKET_D_ACE (5000), UDF1 (5000)
UDF1 checks
POCKET_D_ACE checks
River [Ks 5h 2s Jh 9s], POCKET_D_ACE (5000), UDF1 (5000)
UDF1 checks
POCKET_D_ACE checks
POCKET_D_ACE shows [Ad 9d]
UDF1 shows [3h 8c]
POCKET_D_ACE awarded 5000
UDF1 awarded -5000

Round #489, UDF1 (-102300), POCKET_D_ACE (102300)
UDF1 posts blind: 10
POCKET_D_ACE posts blind: 20
UDF1 received [6c 7d]
POCKET_D_ACE received [4c 6s]
UDF1 raises to 5000
POCKET_D_ACE folds
UDF1 awarded 20
POCKET_D_ACE awarded -20

Round #490, POCKET_D_ACE (102280), UDF1 (-102280)
POCKET_D_ACE posts blind: 10
UDF1 posts blind: 20
POCKET_D_ACE received [6d 8d]
UDF1 received [2d Kd]
POCKET_D_ACE calls
UDF1 raises to 5000
POCKET_D_ACE calls
Flop [5c Ts 9h], POCKET_D_ACE (5000), UDF1 (5000)
UDF1 bids 0
POCKET_D_ACE bids 0
POCKET_D_ACE won the auction and was revealed [Kd]
UDF1 won the auction and was revealed [6d]
Flop [5c Ts 9h], POCKET_D_ACE (5000), UDF1 (5000)
UDF1 checks
POCKET_D_ACE checks
Turn [5c Ts 9h As], POCKET_D_ACE (5000), UDF1 (5000)
UDF1 checks
POCKET_D_ACE checks
River [5c Ts 9h As Kh], POCKET_D_ACE (5000), UDF1 (5000)
UDF1 checks
POCKET_D_ACE checks
POCKET_D_ACE shows [6d 8d]
UDF1 shows [2d Kd]
POCKET_D_ACE awarded -5000
UDF1 awarded 5000

Round #491, UDF1 (-97280), POCKET_D_ACE (97280)
UDF1 posts blind: 10
POCKET_D_ACE posts blind: 20
UDF1 received [3d 4s]
POCKET_D_ACE received [6h 2h]
UDF1 raises to 5000
POCKET_D_ACE folds
UDF1 awarded 20
POCKET_D_ACE awarded -20

Round #492, POCKET_D_ACE (97260), UDF1 (-97260)
POCKET_D_ACE posts blind: 10
UDF1 posts blind: 20
POCKET_D_ACE received [2s 6s]
UDF1 received [Tc 3c]
POCKET_D_ACE calls
UDF1 raises to 5000
POCKET_D_ACE folds
POCKET_D_ACE awarded -20
UDF1 awarded 20

Round #493, UDF1 (-97240), POCKET_D_ACE (97240)
UDF1 posts blind: 10
POCKET_D_ACE posts blind: 20
UDF1 received [2s 5h]
POCKET_D_ACE received [6c Js]
UDF1 raises to 5000
POCKET_D_ACE calls
Flop [5c 6d 3s], UDF1 (5000), POCKET_D_ACE (5000)
POCKET_D_ACE bids 0
UDF1 bids 0
UDF1 won the auction and was revealed [Js]
POCKET_D_ACE won the auction and was revealed [5h]
Flop [5c 6d 3s], UDF1 (5000), POCKET_D_ACE (5000)
POCKET_D_ACE checks
UDF1 checks
Turn [5c 6d 3s 9d], UDF1 (5000), POCKET_D_ACE (5000)
POCKET_D_ACE checks
UDF1 checks
River [5c 6d 3s 9d Ah], UDF1 (5000), POCKET_D_ACE (5000)
POCKET_D_ACE checks
UDF1 checks
UDF1 shows [2s 5h]
POCKET_D_ACE shows [6c Js]
UDF1 awarded -5000
POCKET_D_ACE awarded 5000

Round #494, POCKET_D_ACE (102240), UDF1 (-102240)
POCKET_D_ACE posts blind: 10
UDF1 posts blind: 20
POCKET_D_ACE received [2d Js]
UDF1 received [Qh 3d]
POCKET_D_ACE calls
UDF1 raises to 5000
POCKET_D_ACE folds
POCKET_D_ACE awarded -20
UDF1 awarded 20

Round #495, UDF1 (-102220), POCKET_D_ACE (102220)
UDF1 posts blind: 10
POCKET_D_ACE posts blind: 20
UDF1 received [Qs 5c]
POCKET_D_ACE received [5d 9h]
UDF1 raises to 5000
POCKET_D_ACE folds
UDF1 awarded 20
POCKET_D_ACE awarded -20

Round #496, POCKET_D_ACE (102200), UDF1 (-102200)
POCKET_D_ACE posts blind: 10
UDF1 posts blind: 20
POCKET_D_ACE received [6c 7h]
UDF1 received [5d 8c]
POCKET_D_ACE calls
UDF1 raises to 5000
POCKET_D_ACE calls
Flop [Ah 7c Jh], POCKET_D_ACE (5000), UDF1 (5000)
UDF1 bids 0
POCKET_D_ACE bids 0
POCKET_D_ACE won the auction and was revealed [5d]
UDF1 won the auction and was revealed [7h]
Flop [Ah 7c Jh], POCKET_D_ACE (5000), UDF1 (5000)
UDF1 checks
POCKET_D_ACE checks
Turn [Ah 7c Jh Jc], POCKET_D_ACE (5000), UDF1 (5000)
UDF1 checks
POCKET_D_ACE checks
River [Ah 7c Jh Jc 3c], POCKET_D_ACE (5000), UDF1 (5000)
UDF1 checks
POCKET_D_ACE checks
POCKET_D_ACE shows [6c 7h]
UDF1 shows [5d 8c]
POCKET_D_ACE awarded 5000
UDF1 awarded -5000

Round #497, UDF1 (-107200), POCKET_D_ACE (107200)
UDF1 posts blind: 10
POCKET_D_ACE posts blind: 20
UDF1 received [7c 8s]
POCKET_D_ACE received [7d 9s]
UDF1 raises to 5000
POCKET_D_ACE calls
Flop [Qh Ah Kh], UDF1 (5000), POCKET_D_ACE (5000)
POCKET_D_ACE bids 0
UDF1 bids 0
UDF1 won the auction and was revealed [7d]
POCKET_D_ACE won the auction and was revealed [8s]
Flop [Qh Ah Kh], UDF1 (5000), POCKET_D_ACE (5000)
POCKET_D_ACE checks
UDF1 checks
Turn [Qh Ah Kh Kc], UDF1 (5000), POCKET_D_ACE (5000)
POCKET_D_ACE checks
UDF1 checks
River [Qh Ah Kh Kc Ts], UDF1 (5000), POCKET_D_ACE (5000)
POCKET_D_ACE checks
UDF1 checks
UDF1 shows [7c 8s]
POCKET_D_ACE shows [7d 9s]
UDF1 awarded 0
POCKET_D_ACE awarded 0

Round #498, POCKET_D_ACE (107200), UDF1 (-107200)
POCKET_D_ACE posts blind: 10
UDF1 posts blind: 20
POCKET_D_ACE received [Qd Qc]
UDF1 received [As 8s]
POCKET_D_ACE raises to 56
UDF1 raises to 5000
POCKET_D_ACE calls
Flop [4c 3s 2c], POCKET_D_ACE (5000), UDF1 (5000)
UDF1 bids 0
POCKET_D_ACE bids 0
POCKET_D_ACE won the auction and was revealed [As]
UDF1 won the auction and was revealed [Qc]
Flop [4c 3s 2c], POCKET_D_ACE (5000), UDF1 (5000)
UDF1 checks
POCKET_D_ACE checks
Turn [4c 3s 2c Jd], POCKET_D_ACE (5000), UDF1 (5000)
UDF1 checks
POCKET_D_ACE checks
River [4c 3s 2c Jd Ts], POCKET_D_ACE (5000), UDF1 (5000)
UDF1 checks
POCKET_D_ACE checks
POCKET_D_ACE shows [Qd Qc]
UDF1 shows [As 8s]
POCKET_D_ACE awarded 5000
UDF1 awarded -5000

Round #499, UDF1 (-112200), POCKET_D_ACE (112200)
UDF1 posts blind: 10
POCKET_D_ACE posts blind: 20
UDF1 received [7h As]
POCKET_D_ACE received [Jd Jc]
UDF1 raises to 5000
POCKET_D_ACE calls
Flop [5s 4d Qd], UDF1 (5000), POCKET_D_ACE (5000)
POCKET_D_ACE bids 0
UDF1 bids 0
UDF1 won the auction and was revealed [Jc]
POCKET_D_ACE won the auction and was revealed [7h]
Flop [5s 4d Qd], UDF1 (5000), POCKET_D_ACE (5000)
POCKET_D_ACE checks
UDF1 checks
Turn [5s 4d Qd Js], UDF1 (5000), POCKET_D_ACE (5000)
POCKET_D_ACE checks
UDF1 checks
River [5s 4d Qd Js 5c], UDF1 (5000), POCKET_D_ACE (5000)
POCKET_D_ACE checks
UDF1 checks
UDF1 shows [7h As]
POCKET_D_ACE shows [Jd Jc]
UDF1 awarded -5000
POCKET_D_ACE awarded 5000

Round #500, POCKET_D_ACE (117200), UDF1 (-117200)
POCKET_D_ACE posts blind: 10
UDF1 posts blind: 20
POCKET_D_ACE received [7h Qh]
UDF1 received [6h 5h]
POCKET_D_ACE calls
UDF1 raises to 5000
POCKET_D_ACE calls
Flop [Qs 3d 9h], POCKET_D_ACE (5000), UDF1 (5000)
UDF1 bids 0
POCKET_D_ACE bids 0
POCKET_D_ACE won the auction and was revealed [6h]
UDF1 won the auction and was revealed [Qh]
Flop [Qs 3d 9h], POCKET_D_ACE (5000), UDF1 (5000)
UDF1 checks
POCKET_D_ACE checks
Turn [Qs 3d 9h Th], POCKET_D_ACE (5000), UDF1 (5000)
UDF1 checks
POCKET_D_ACE checks
River [Qs 3d 9h Th 8d], POCKET_D_ACE (5000), UDF1 (5000)
UDF1 checks
POCKET_D_ACE checks
POCKET_D_ACE shows [7h Qh]
UDF1 shows [6h 5h]
POCKET_D_ACE awarded 5000
UDF1 awarded -5000

Round #501, UDF1 (-122200), POCKET_D_ACE (122200)
UDF1 posts blind: 10
POCKET_D_ACE posts blind: 20
UDF1 received [Kd 4d]
POCKET_D_ACE received [6d 5c]
UDF1 raises to 5000
POCKET_D_ACE folds
UDF1 awarded 20
POCKET_D_ACE awarded -20

Round #502, POCKET_D_ACE (122180), UDF1 (-122180)
POCKET_D_ACE posts blind: 10
UDF1 posts blind: 20
POCKET_D_ACE received [Ts Ad]
UDF1 received [9d 9c]
POCKET_D_ACE calls
UDF1 raises to 5000
POCKET_D_ACE calls
Flop [5d 3d 4c], POCKET_D_ACE (5000), UDF1 (5000)
UDF1 bids 0
POCKET_D_ACE bids 0
POCKET_D_ACE won the auction and was revealed [9c]
UDF1 won the auction and was revealed [Ts]
Flop [5d 3d 4c], POCKET_D_ACE (5000), UDF1 (5000)
UDF1 checks
POCKET_D_ACE checks
Turn [5d 3d 4c Kh], POCKET_D_ACE (5000), UDF1 (5000)
UDF1 checks
POCKET_D_ACE checks
River [5d 3d 4c Kh 6c], POCKET_D_ACE (5000), UDF1 (5000)
UDF1 checks
POCKET_D_ACE checks
POCKET_D_ACE shows [Ts Ad]
UDF1 shows [9d 9c]
POCKET_D_ACE awarded -5000
UDF1 awarded 5000

Round #503, UDF1 (-117180), POCKET_D_ACE (117180)
UDF1 posts blind: 10
POCKET_D_ACE posts blind: 20
UDF1 received [Ts 9s]
POCKET_D_ACE received [2d 8d]
UDF1 raises to 5000
POCKET_D_ACE folds
UDF1 awarded 20
POCKET_D_ACE awarded -20

Round #504, POCKET_D_ACE (117160), UDF1 (-117160)
POCKET_D_ACE posts blind: 10
UDF1 posts blind: 20
POCKET_D_ACE received [3c 3s]
UDF1 received [5s Qh]
POCKET_D_ACE calls
UDF1 raises to 5000
POCKET_D_ACE calls
Flop [Ks Th 9h], POCKET_D_ACE (5000), UDF1 (5000)
UDF1 bids 0
POCKET_D_ACE bids 0
POCKET_D_ACE won the auction and was revealed [5s]
UDF1 won the auction and was revealed [3c]
Flop [Ks Th 9h], POCKET_D_ACE (5000), UDF1 (5000)
UDF1 checks
POCKET_D_ACE checks
Turn [Ks Th 9h Td], POCKET_D_ACE (5000), UDF1 (5000)
UDF1 checks
POCKET_D_ACE checks
River [Ks Th 9h Td Qd], POCKET_D_ACE (5000), UDF1 (5000)
UDF1 checks
POCKET_D_ACE checks
POCKET_D_ACE shows [3c 3s]
UDF1 shows [5s Qh]
POCKET_D_ACE awarded -5000
UDF1 awarded 5000

Round #505, UDF1 (-112160), POCKET_D_ACE (112160)
UDF1 posts blind: 10
POCKET_D_ACE posts blind: 20
UDF1 received [6c 7d]
POCKET_D_ACE received [Ah 9s]
UDF1 raises to 5000
POCKET_D_ACE calls
Flop [8h As Ks], UDF1 (5000), POCKET_D_ACE (5000)
POCKET_D_ACE bids 0
UDF1 bids 0
UDF1 won the auction and was revealed [Ah]
POCKET_D_ACE won the auction and was revealed [6c]
Flop [8h As Ks], UDF1 (5000), POCKET_D_ACE (5000)
POCKET_D_ACE checks
UDF1 checks
Turn [8h As Ks Jh], UDF1 (5000), POCKET_D_ACE (5000)
POCKET_D_ACE checks
UDF1 checks
River [8h As Ks Jh Jd], UDF1 (5000), POCKET_D_ACE (5000)
POCKET_D_ACE checks
UDF1 checks
UDF1 shows [6c 7d]
POCKET_D_ACE shows [Ah 9s]
UDF1 awarded -5000
POCKET_D_ACE awarded 5000

Round #506, POCKET_D_ACE (117160), UDF1 (-117160)
POCKET_D_ACE posts blind: 10
UDF1 posts blind: 20
POCKET_D_ACE received [7h 6s]
UDF1 received [3s Qh]
POCKET_D_ACE calls
UDF1 raises to 5000
POCKET_D_ACE calls
Flop [4c 8d 9h], POCKET_D_ACE (5000), UDF1 (5000)
UDF1 bids 0
POCKET_D_ACE bids 0
POCKET_D_ACE won the auction and was revealed [3s]
UDF1 won the auction and was revealed [6s]
Flop [4c 8d 9h], POCKET_D_ACE (5000), UDF1 (5000)
UDF1 checks
POCKET_D_ACE checks
Turn [4c 8d 9h Kh], POCKET_D_ACE (5000), UDF1 (5000)
UDF1 checks
POCKET_D_ACE checks
River [4c 8d 9h Kh 5c], POCKET_D_ACE (5000), UDF1 (5000)
UDF1 checks
POCKET_D_ACE checks
POCKET_D_ACE shows [7h 6s]
UDF1 shows [3s Qh]
POCKET_D_ACE awarded 5000
UDF1 awarded -5000

Round #507, UDF1 (-122160), POCKET_D_ACE (122160)
UDF1 posts blind: 10
POCKET_D_ACE posts blind: 20
UDF1 received [Kc Tc]
POCKET_D_ACE received [5s 8d]
UDF1 raises to 5000
POCKET_D_ACE folds
UDF1 awarded 20
POCKET_D_ACE awarded -20

Round #508, POCKET_D_ACE (122140), UDF1 (-122140)
POCKET_D_ACE posts blind: 10
UDF1 posts blind: 20
POCKET_D_ACE received [5c 4h]
UDF1 received [7d Js]
POCKET_D_ACE folds
POCKET_D_ACE awarded -10
UDF1 awarded 10

Round #509, UDF1 (-122130), POCKET_D_ACE (122130)
UDF1 posts blind: 10
POCKET_D_ACE posts blind: 20
UDF1 received [8d 4d]
POCKET_D_ACE received [2c Kh]
UDF1 raises to 5000
POCKET_D_ACE folds
UDF1 awarded 20
POCKET_D_ACE awarded -20

Round #510, POCKET_D_ACE (122110), UDF1 (-122110)
POCKET_D_ACE posts blind: 10
UDF1 posts blind: 20
POCKET_D_ACE received [Kh Qd]
UDF1 received [Jc 3h]
POCKET_D_ACE calls
UDF1 raises to 5000
POCKET_D_ACE calls
Flop [8h Ks 9d], POCKET_D_ACE (5000), UDF1 (5000)
UDF1 bids 0
POCKET_D_ACE bids 0
POCKET_D_ACE won the auction and was revealed [3h]
UDF1 won the auction and was revealed [Qd]
Flop [8h Ks 9d], POCKET_D_ACE (5000), UDF1 (5000)
UDF1 checks
POCKET_D_ACE checks
Turn [8h Ks 9d 3d], POCKET_D_ACE (5000), UDF1 (5000)
UDF1 checks
POCKET_D_ACE checks
River [8h Ks 9d 3d 9h], POCKET_D_ACE (5000), UDF1 (5000)
UDF1 checks
POCKET_D_ACE checks
POCKET_D_ACE shows [Kh Qd]
UDF1 shows [Jc 3h]
POCKET_D_ACE awarded 5000
UDF1 awarded -5000

Round #511, UDF1 (-127110), POCKET_D_ACE (127110)
UDF1 posts blind: 10
POCKET_D_ACE posts blind: 20
UDF1 received [7h Qc]
POCKET_D_ACE received [Qd 5c]
UDF1 raises to 5000
POCKET_D_ACE calls
Flop [Kd Jh Jd], UDF1 (5000), POCKET_D_ACE (5000)
POCKET_D_ACE bids 0
UDF1 bids 0
UDF1 won the auction and was revealed [Qd]
POCKET_D_ACE won the auction and was revealed [Qc]
Flop [Kd Jh Jd], UDF1 (5000), POCKET_D_ACE (5000)
POCKET_D_ACE checks
UDF1 checks
Turn [Kd Jh Jd As], UDF1 (5000), POCKET_D_ACE (5000)
POCKET_D_ACE checks
UDF1 checks
River [Kd Jh Jd As 4d], UDF1 (5000), POCKET_D_ACE (5000)
POCKET_D_ACE checks
UDF1 checks
UDF1 shows [7h Qc]
POCKET_D_ACE shows [Qd 5c]
UDF1 awarded 0
POCKET_D_ACE awarded 0

Round #512, POCKET_D_ACE (127110), UDF1 (-127110)
POCKET_D_ACE posts blind: 10
UDF1 posts blind: 20
POCKET_D_ACE received [8s Qd]
UDF1 received [6h Td]
POCKET_D_ACE calls
UDF1 raises to 5000
POCKET_D_ACE calls
Flop [7c Ac 2d], POCKET_D_ACE (5000), UDF1 (5000)
UDF1 bids 0
POCKET_D_ACE bids 0
POCKET_D_ACE won the auction and was revealed [Td]
UDF1 won the auction and was revealed [Qd]
Flop [7c Ac 2d], POCKET_D_ACE (5000), UDF1 (5000)
UDF1 checks
POCKET_D_ACE checks
Turn [7c Ac 2d Qc], POCKET_D_ACE (5000), UDF1 (5000)
UDF1 checks
POCKET_D_ACE checks
River [7c Ac 2d Qc 8c], POCKET_D_ACE (5000), UDF1 (5000)
UDF1 checks
POCKET_D_ACE checks
POCKET_D_ACE shows [8s Qd]
UDF1 shows [6h Td]
POCKET_D_ACE awarded 5000
UDF1 awarded -5000

Round #513, UDF1 (-132110), POCKET_D_ACE (132110)
UDF1 posts blind: 10
POCKET_D_ACE posts blind: 20
UDF1 received [2d Qd]
POCKET_D_ACE received [Qc 7d]
UDF1 raises to 5000
POCKET_D_ACE calls
Flop [2c Ad Qs], UDF1 (5000), POCKET_D_ACE (5000)
POCKET_D_ACE bids 0
UDF1 bids 0
UDF1 won the auction and was revealed [Qc]
POCKET_D_ACE won the auction and was revealed [2d]
Flop [2c Ad Qs], UDF1 (5000), POCKET_D_ACE (5000)
POCKET_D_ACE checks
UDF1 checks
Turn [2c Ad Qs Th], UDF1 (5000), POCKET_D_ACE (5000)
POCKET_D_ACE checks
UDF1 checks
River [2c Ad Qs Th 9s], UDF1 (5000), POCKET_D_ACE (5000)
POCKET_D_ACE checks
UDF1 checks
UDF1 shows [2d Qd]
POCKET_D_ACE shows [Qc 7d]
UDF1 awarded 5000
POCKET_D_ACE awarded -5000

Round #514, POCKET_D_ACE (127110), UDF1 (-127110)
POCKET_D_ACE posts blind: 10
UDF1 posts blind: 20
POCKET_D_ACE received [2c 6c]
UDF1 received [Qh 7s]
POCKET_D_ACE calls
UDF1 raises to 5000
POCKET_D_ACE folds
POCKET_D_ACE awarded -20
UDF1 awarded 20

Round #515, UDF1 (-127090), POCKET_D_ACE (127090)
UDF1 posts blind: 10
POCKET_D_ACE posts blind: 20
UDF1 received [5h 2s]
POCKET_D_ACE received [Kc 9s]
UDF1 raises to 5000
POCKET_D_ACE calls
Flop [4s 5c 9c], UDF1 (5000), POCKET_D_ACE (5000)
POCKET_D_ACE bids 0
UDF1 bids 0
UDF1 won the auction and was revealed [9s]
POCKET_D_ACE won the auction and was revealed [2s]
Flop [4s 5c 9c], UDF1 (5000), POCKET_D_ACE (5000)
POCKET_D_ACE checks
UDF1 checks
Turn [4s 5c 9c 7d], UDF1 (5000), POCKET_D_ACE (5000)
POCKET_D_ACE checks
UDF1 checks
River [4s 5c 9c 7d 3d], UDF1 (5000), POCKET_D_ACE (5000)
POCKET_D_ACE checks
UDF1 checks
UDF1 shows [5h 2s]
POCKET_D_ACE shows [Kc 9s]
UDF1 awarded -5000
POCKET_D_ACE awarded 5000

Round #516, POCKET_D_ACE (132090), UDF1 (-132090)
POCKET_D_ACE posts blind: 10
UDF1 posts blind: 20
POCKET_D_ACE received [Kd Ah]
UDF1 received [5h 9c]
POCKET_D_ACE raises to 52
UDF1 raises to 5000
POCKET_D_ACE calls
Flop [Jd Th 6d], POCKET_D_ACE (5000), UDF1 (5000)
UDF1 bids 0
POCKET_D_ACE bids 0
POCKET_D_ACE won the auction and was revealed [9c]
UDF1 won the auction and was revealed [Ah]
Flop [Jd Th 6d], POCKET_D_ACE (5000), UDF1 (5000)
UDF1 checks
POCKET_D_ACE checks
Turn [Jd Th 6d 9s], POCKET_D_ACE (5000), UDF1 (5000)
UDF1 checks
POCKET_D_ACE checks
River [Jd Th 6d 9s 7d], POCKET_D_ACE (5000), UDF1 (5000)
UDF1 checks
POCKET_D_ACE checks
POCKET_D_ACE shows [Kd Ah]
UDF1 shows [5h 9c]
POCKET_D_ACE awarded -5000
UDF1 awarded 5000

Round #517, UDF1 (-127090), POCKET_D_ACE (127090)
UDF1 posts blind: 10
POCKET_D_ACE posts blind: 20
UDF1 received [Qc 6d]
POCKET_D_ACE received [7d 7h]
UDF1 raises to 5000
POCKET_D_ACE calls
Flop [Td 3h 9s], UDF1 (5000), POCKET_D_ACE (5000)
POCKET_D_ACE bids 0
UDF1 bids 0
UDF1 won the auction and was revealed [7d]
POCKET_D_ACE won the auction and was revealed [6d]
Flop [Td 3h 9s], UDF1 (5000), POCKET_D_ACE (5000)
POCKET_D_ACE checks
UDF1 checks
Turn [Td 3h 9s Ks], UDF1 (5000), POCKET_D_ACE (5000)
POCKET_D_ACE checks
UDF1 checks
River [Td 3h 9s Ks Qh], UDF1 (5000), POCKET_D_ACE (5000)
POCKET_D_ACE checks
UDF1 checks
UDF1 shows [Qc 6d]
POCKET_D_ACE shows [7d 7h]
UDF1 awarded 5000
POCKET_D_ACE awarded -5000

Round #518, POCKET_D_ACE (122090), UDF1 (-122090)
POCKET_D_ACE posts blind: 10
UDF1 posts blind: 20
POCKET_D_ACE received [3s 5s]
UDF1 received [Jc 4c]
POCKET_D_ACE calls
UDF1 raises to 5000
POCKET_D_ACE folds
POCKET_D_ACE awarded -20
UDF1 awarded 20

Round #519, UDF1 (-122070), POCKET_D_ACE (122070)
UDF1 posts blind: 10
POCKET_D_ACE posts blind: 20
UDF1 received [3d Ac]
POCKET_D_ACE received [Js 9s]
UDF1 raises to 5000
POCKET_D_ACE calls
Flop [4d Ad Qs], UDF1 (5000), POCKET_D_ACE (5000)
POCKET_D_ACE bids 0
UDF1 bids 0
UDF1 won the auction and was revealed [Js]
POCKET_D_ACE won the auction and was revealed [3d]
Flop [4d Ad Qs], UDF1 (5000), POCKET_D_ACE (5000)
POCKET_D_ACE checks
UDF1 checks
Turn [4d Ad Qs Kc], UDF1 (5000), POCKET_D_ACE (5000)
POCKET_D_ACE checks
UDF1 checks
River [4d Ad Qs Kc 6s], UDF1 (5000), POCKET_D_ACE (5000)
POCKET_D_ACE checks
UDF1 checks
UDF1 shows [3d Ac]
POCKET_D_ACE shows [Js 9s]
UDF1 awarded 5000
POCKET_D_ACE awarded -5000

Round #520, POCKET_D_ACE (117070), UDF1 (-117070)
POCKET_D_ACE posts blind: 10
UDF1 posts blind: 20
POCKET_D_ACE received [2c Ad]
UDF1 received [Js 8s]
POCKET_D_ACE calls
UDF1 raises to 5000
POCKET_D_ACE calls
Flop [Kc 8d Qs], POCKET_D_ACE (5000), UDF1 (5000)
UDF1 bids 0
POCKET_D_ACE bids 0
POCKET_D_ACE won the auction and was revealed [Js]
UDF1 won the auction and was revealed [2c]
Flop [Kc 8d Qs], POCKET_D_ACE (5000), UDF1 (5000)
UDF1 checks
POCKET_D_ACE checks
Turn [Kc 8d Qs 3s], POCKET_D_ACE (5000), UDF1 (5000)
UDF1 checks
POCKET_D_ACE checks
River [Kc 8d Qs 3s 8h], POCKET_D_ACE (5000), UDF1 (5000)
UDF1 checks
POCKET_D_ACE checks
POCKET_D_ACE shows [2c Ad]
UDF1 shows [Js 8s]
POCKET_D_ACE awarded -5000
UDF1 awarded 5000

Round #521, UDF1 (-112070), POCKET_D_ACE (112070)
UDF1 posts blind: 10
POCKET_D_ACE posts blind: 20
UDF1 received [Ah 9s]
POCKET_D_ACE received [9c Jc]
UDF1 raises to 5000
POCKET_D_ACE calls
Flop [5d 6c Qd], UDF1 (5000), POCKET_D_ACE (5000)
POCKET_D_ACE bids 0
UDF1 bids 0
UDF1 won the auction and was revealed [Jc]
POCKET_D_ACE won the auction and was revealed [9s]
Flop [5d 6c Qd], UDF1 (5000), POCKET_D_ACE (5000)
POCKET_D_ACE checks
UDF1 checks
Turn [5d 6c Qd As], UDF1 (5000), POCKET_D_ACE (5000)
POCKET_D_ACE checks
UDF1 checks
River [5d 6c Qd As 3h], UDF1 (5000), POCKET_D_ACE (5000)
POCKET_D_ACE checks
UDF1 checks
UDF1 shows [Ah 9s]
POCKET_D_ACE shows [9c Jc]
UDF1 awarded 5000
POCKET_D_ACE awarded -5000

Round #522, POCKET_D_ACE (107070), UDF1 (-107070)
POCKET_D_ACE posts blind: 10
UDF1 posts blind: 20
POCKET_D_ACE received [9c 2s]
UDF1 received [4d 4h]
POCKET_D_ACE calls
UDF1 raises to 5000
POCKET_D_ACE folds
POCKET_D_ACE awarded -20
UDF1 awarded 20

Round #523, UDF1 (-107050), POCKET_D_ACE (107050)
UDF1 posts blind: 10
POCKET_D_ACE posts blind: 20
UDF1 received [8h 6s]
POCKET_D_ACE received [7d 4h]
UDF1 raises to 5000
POCKET_D_ACE folds
UDF1 awarded 20
POCKET_D_ACE awarded -20

Round #524, POCKET_D_ACE (107030), UDF1 (-107030)
POCKET_D_ACE posts blind: 10
UDF1 posts blind: 20
POCKET_D_ACE received [9h 5s]
UDF1 received [6c Th]
POCKET_D_ACE calls
UDF1 raises to 5000
POCKET_D_ACE folds
POCKET_D_ACE awarded -20
UDF1 awarded 20

Round #525, UDF1 (-107010), POCKET_D_ACE (107010)
UDF1 posts blind: 10
POCKET_D_ACE posts blind: 20
UDF1 received [3h Kc]
POCKET_D_ACE received [Js 5c]
UDF1 raises to 5000
POCKET_D_ACE calls
Flop [5d 5h Ah], UDF1 (5000), POCKET_D_ACE (5000)
POCKET_D_ACE bids 0
UDF1 bids 0
UDF1 won the auction and was revealed [Js]
POCKET_D_ACE won the auction and was revealed [3h]
Flop [5d 5h Ah], UDF1 (5000), POCKET_D_ACE (5000)
POCKET_D_ACE checks
UDF1 checks
Turn [5d 5h Ah 2s], UDF1 (5000), POCKET_D_ACE (5000)
POCKET_D_ACE checks
UDF1 checks
River [5d 5h Ah 2s 6c], UDF1 (5000), POCKET_D_ACE (5000)
POCKET_D_ACE checks
UDF1 checks
UDF1 shows [3h Kc]
POCKET_D_ACE shows [Js 5c]
UDF1 awarded -5000
POCKET_D_ACE awarded 5000

Round #526, POCKET_D_ACE (112010), UDF1 (-112010)
POCKET_D_ACE posts blind: 10
UDF1 posts blind: 20
POCKET_D_ACE received [Qs Kc]
UDF1 received [Ts 7s]
POCKET_D_ACE calls
UDF1 raises to 5000
POCKET_D_ACE calls
Flop [8d 9h 7c], POCKET_D_ACE (5000), UDF1 (5000)
UDF1 bids 0
POCKET_D_ACE bids 0
POCKET_D_ACE won the auction and was revealed [Ts]
UDF1 won the auction and was revealed [Qs]
Flop [8d 9h 7c], POCKET_D_ACE (5000), UDF1 (5000)
UDF1 checks
POCKET_D_ACE checks
Turn [8d 9h 7c 8s], POCKET_D_ACE (5000), UDF1 (5000)
UDF1 checks
POCKET_D_ACE checks
River [8d 9h 7c 8s 6d], POCKET_D_ACE (5000), UDF1 (5000)
UDF1 checks
POCKET_D_ACE checks
POCKET_D_ACE shows [Qs Kc]
UDF1 shows [Ts 7s]
POCKET_D_ACE awarded -5000
UDF1 awarded 5000

Round #527, UDF1 (-107010), POCKET_D_ACE (107010)
UDF1 posts blind: 10
POCKET_D_ACE posts blind: 20
UDF1 received [Jh Ad]
POCKET_D_ACE received [Ac Kh]
UDF1 raises to 5000
POCKET_D_ACE calls
Flop [3c 7h Kd], UDF1 (5000), POCKET_D_ACE (5000)
POCKET_D_ACE bids 0
UDF1 bids 0
UDF1 won the auction and was revealed [Kh]
POCKET_D_ACE won the auction and was revealed [Ad]
Flop [3c 7h Kd], UDF1 (5000), POCKET_D_ACE (5000)
POCKET_D_ACE checks
UDF1 checks
Turn [3c 7h Kd 2h], UDF1 (5000), POCKET_D_ACE (5000)
POCKET_D_ACE checks
UDF1 checks
River [3c 7h Kd 2h 6d], UDF1 (5000), POCKET_D_ACE (5000)
POCKET_D_ACE checks
UDF1 checks
UDF1 shows [Jh Ad]
POCKET_D_ACE shows [Ac Kh]
UDF1 awarded -5000
POCKET_D_ACE awarded 5000

Round #528, POCKET_D_ACE (112010), UDF1 (-112010)
POCKET_D_ACE posts blind: 10
UDF1 posts blind: 20
POCKET_D_ACE received [2s Qc]
UDF1 received [Ac 9s]
POCKET_D_ACE calls
UDF1 raises to 5000
POCKET_D_ACE folds
POCKET_D_ACE awarded -20
UDF1 awarded 20

Round #529, UDF1 (-111990), POCKET_D_ACE (111990)
UDF1 posts blind: 10
POCKET_D_ACE posts blind: 20
UDF1 received [5h 4c]
POCKET_D_ACE received [Js Th]
UDF1 raises to 5000
POCKET_D_ACE calls
Flop [8d As Kc], UDF1 (5000), POCKET_D_ACE (5000)
POCKET_D_ACE bids 0
UDF1 bids 0
UDF1 won the auction and was revealed [Js]
POCKET_D_ACE won the auction and was revealed [4c]
Flop [8d As Kc], UDF1 (5000), POCKET_D_ACE (5000)
POCKET_D_ACE checks
UDF1 checks
Turn [8d As Kc Qs], UDF1 (5000), POCKET_D_ACE (5000)
POCKET_D_ACE checks
UDF1 checks
River [8d As Kc Qs Jd], UDF1 (5000), POCKET_D_ACE (5000)
POCKET_D_ACE checks
UDF1 checks
UDF1 shows [5h 4c]
POCKET_D_ACE shows [Js Th]
UDF1 awarded -5000
POCKET_D_ACE awarded 5000

Round #530, POCKET_D_ACE (116990), UDF1 (-116990)
POCKET_D_ACE posts blind: 10
UDF1 posts blind: 20
POCKET_D_ACE received [9s Td]
UDF1 received [2h 8d]
POCKET_D_ACE calls
UDF1 raises to 5000
POCKET_D_ACE calls
Flop [Qd Ad 6d], POCKET_D_ACE (5000), UDF1 (5000)
UDF1 bids 0
POCKET_D_ACE bids 0
POCKET_D_ACE won the auction and was revealed [2h]
UDF1 won the auction and was revealed [9s]
Flop [Qd Ad 6d], POCKET_D_ACE (5000), UDF1 (5000)
UDF1 checks
POCKET_D_ACE checks
Turn [Qd Ad 6d 4s], POCKET_D_ACE (5000), UDF1 (5000)
UDF1 checks
POCKET_D_ACE checks
River [Qd Ad 6d 4s 3d], POCKET_D_ACE (5000), UDF1 (5000)
UDF1 checks
POCKET_D_ACE checks
POCKET_D_ACE shows [9s Td]
UDF1 shows [2h 8d]
POCKET_D_ACE awarded 5000
UDF1 awarded -5000

Round #531, UDF1 (-121990), POCKET_D_ACE (121990)
UDF1 posts blind: 10
POCKET_D_ACE posts blind: 20
UDF1 received [7s As]
POCKET_D_ACE received [7c 4c]
UDF1 raises to 5000
POCKET_D_ACE calls
Flop [Ac 8d Ks], UDF1 (5000), POCKET_D_ACE (5000)
POCKET_D_ACE bids 0
UDF1 bids 0
UDF1 won the auction and was revealed [7c]
POCKET_D_ACE won the auction and was revealed [7s]
Flop [Ac 8d Ks], UDF1 (5000), POCKET_D_ACE (5000)
POCKET_D_ACE checks
UDF1 checks
Turn [Ac 8d Ks 8h], UDF1 (5000), POCKET_D_ACE (5000)
POCKET_D_ACE checks
UDF1 checks
River [Ac 8d Ks 8h Qd], UDF1 (5000), POCKET_D_ACE (5000)
POCKET_D_ACE checks
UDF1 checks
UDF1 shows [7s As]
POCKET_D_ACE shows [7c 4c]
UDF1 awarded 5000
POCKET_D_ACE awarded -5000

Round #532, POCKET_D_ACE (116990), UDF1 (-116990)
POCKET_D_ACE posts blind: 10
UDF1 posts blind: 20
POCKET_D_ACE received [8c Td]
UDF1 received [8d 3s]
POCKET_D_ACE calls
UDF1 raises to 5000
POCKET_D_ACE calls
Flop [6h 9d 7d], POCKET_D_ACE (5000), UDF1 (5000)
UDF1 bids 0
POCKET_D_ACE bids 0
POCKET_D_ACE won the auction and was revealed [8d]
UDF1 won the auction and was revealed [8c]
Flop [6h 9d 7d], POCKET_D_ACE (5000), UDF1 (5000)
UDF1 checks
POCKET_D_ACE checks
Turn [6h 9d 7d 9c], POCKET_D_ACE (5000), UDF1 (5000)
UDF1 checks
POCKET_D_ACE checks
River [6h 9d 7d 9c Qd], POCKET_D_ACE (5000), UDF1 (5000)
UDF1 checks
POCKET_D_ACE checks
POCKET_D_ACE shows [8c Td]
UDF1 shows [8d 3s]
POCKET_D_ACE awarded 5000
UDF1 awarded -5000

Round #533, UDF1 (-121990), POCKET_D_ACE (121990)
UDF1 posts blind: 10
POCKET_D_ACE posts blind: 20
UDF1 received [Qd Kc]
POCKET_D_ACE received [8c 4s]
UDF1 raises to 5000
POCKET_D_ACE folds
UDF1 awarded 20
POCKET_D_ACE awarded -20

Round #534, POCKET_D_ACE (121970), UDF1 (-121970)
POCKET_D_ACE posts blind: 10
UDF1 posts blind: 20
POCKET_D_ACE received [7d Kh]
UDF1 received [Kd 5d]
POCKET_D_ACE calls
UDF1 raises to 5000
POCKET_D_ACE calls
Flop [4h Ts 7h], POCKET_D_ACE (5000), UDF1 (5000)
UDF1 bids 0
POCKET_D_ACE bids 0
POCKET_D_ACE won the auction and was revealed [5d]
UDF1 won the auction and was revealed [7d]
Flop [4h Ts 7h], POCKET_D_ACE (5000), UDF1 (5000)
UDF1 checks
POCKET_D_ACE checks
Turn [4h Ts 7h 8s], POCKET_D_ACE (5000), UDF1 (5000)
UDF1 checks
POCKET_D_ACE checks
River [4h Ts 7h 8s 7c], POCKET_D_ACE (5000), UDF1 (5000)
UDF1 checks
POCKET_D_ACE checks
POCKET_D_ACE shows [7d Kh]
UDF1 shows [Kd 5d]
POCKET_D_ACE awarded 5000
UDF1 awarded -5000

Round #535, UDF1 (-126970), POCKET_D_ACE (126970)
UDF1 posts blind: 10
POCKET_D_ACE posts blind: 20
UDF1 received [Tc Ad]
POCKET_D_ACE received [Jd Kd]
UDF1 raises to 5000
POCKET_D_ACE calls
Flop [9s 6h 6s], UDF1 (5000), POCKET_D_ACE (5000)
POCKET_D_ACE bids 0
UDF1 bids 0
UDF1 won the auction and was revealed [Jd]
POCKET_D_ACE won the auction and was revealed [Tc]
Flop [9s 6h 6s], UDF1 (5000), POCKET_D_ACE (5000)
POCKET_D_ACE checks
UDF1 checks
Turn [9s 6h 6s Jc], UDF1 (5000), POCKET_D_ACE (5000)
POCKET_D_ACE checks
UDF1 checks
River [9s 6h 6s Jc 3h], UDF1 (5000), POCKET_D_ACE (5000)
POCKET_D_ACE checks
UDF1 checks
UDF1 shows [Tc Ad]
POCKET_D_ACE shows [Jd Kd]
UDF1 awarded -5000
POCKET_D_ACE awarded 5000

Round #536, POCKET_D_ACE (131970), UDF1 (-131970)
POCKET_D_ACE posts blind: 10
UDF1 posts blind: 20
POCKET_D_ACE received [As 7d]
UDF1 received [3c 2d]
POCKET_D_ACE calls
UDF1 raises to 5000
POCKET_D_ACE calls
Flop [5s Th 6c], POCKET_D_ACE (5000), UDF1 (5000)
UDF1 bids 0
POCKET_D_ACE bids 0
POCKET_D_ACE won the auction and was revealed [2d]
UDF1 won the auction and was revealed [7d]
Flop [5s Th 6c], POCKET_D_ACE (5000), UDF1 (5000)
UDF1 checks
POCKET_D_ACE checks
Turn [5s Th 6c 6d], POCKET_D_ACE (5000), UDF1 (5000)
UDF1 checks
POCKET_D_ACE checks
River [5s Th 6c 6d Qh], POCKET_D_ACE (5000), UDF1 (5000)
UDF1 checks
POCKET_D_ACE checks
POCKET_D_ACE shows [As 7d]
UDF1 shows [3c 2d]
POCKET_D_ACE awarded 5000
UDF1 awarded -5000

Round #537, UDF1 (-136970), POCKET_D_ACE (136970)
UDF1 posts blind: 10
POCKET_D_ACE posts blind: 20
UDF1 received [Jh 3d]
POCKET_D_ACE received [8h 6c]
UDF1 raises to 5000
POCKET_D_ACE calls
Flop [2h 7d 7c], UDF1 (5000), POCKET_D_ACE (5000)
POCKET_D_ACE bids 0
UDF1 bids 0
UDF1 won the auction and was revealed [6c]
POCKET_D_ACE won the auction and was revealed [Jh]
Flop [2h 7d 7c], UDF1 (5000), POCKET_D_ACE (5000)
POCKET_D_ACE checks
UDF1 checks
Turn [2h 7d 7c 4s], UDF1 (5000), POCKET_D_ACE (5000)
POCKET_D_ACE checks
UDF1 checks
River [2h 7d 7c 4s 4d], UDF1 (5000), POCKET_D_ACE (5000)
POCKET_D_ACE checks
UDF1 checks
UDF1 shows [Jh 3d]
POCKET_D_ACE shows [8h 6c]
UDF1 awarded 5000
POCKET_D_ACE awarded -5000

Round #538, POCKET_D_ACE (131970), UDF1 (-131970)
POCKET_D_ACE posts blind: 10
UDF1 posts blind: 20
POCKET_D_ACE received [3d 8h]
UDF1 received [7s Ts]
POCKET_D_ACE calls
UDF1 raises to 5000
POCKET_D_ACE folds
POCKET_D_ACE awarded -20
UDF1 awarded 20

Round #539, UDF1 (-131950), POCKET_D_ACE (131950)
UDF1 posts blind: 10
POCKET_D_ACE posts blind: 20
UDF1 received [8s Kh]
POCKET_D_ACE received [5h Jh]
UDF1 raises to 5000
POCKET_D_ACE calls
Flop [8h Qc 5s], UDF1 (5000), POCKET_D_ACE (5000)
POCKET_D_ACE bids 0
UDF1 bids 0
UDF1 won the auction and was revealed [5h]
POCKET_D_ACE won the auction and was revealed [Kh]
Flop [8h Qc 5s], UDF1 (5000), POCKET_D_ACE (5000)
POCKET_D_ACE checks
UDF1 checks
Turn [8h Qc 5s Ks], UDF1 (5000), POCKET_D_ACE (5000)
POCKET_D_ACE checks
UDF1 checks
River [8h Qc 5s Ks 3h], UDF1 (5000), POCKET_D_ACE (5000)
POCKET_D_ACE checks
UDF1 checks
UDF1 shows [8s Kh]
POCKET_D_ACE shows [5h Jh]
UDF1 awarded 5000
POCKET_D_ACE awarded -5000

Round #540, POCKET_D_ACE (126950), UDF1 (-126950)
POCKET_D_ACE posts blind: 10
UDF1 posts blind: 20
POCKET_D_ACE received [Tc Jc]
UDF1 received [6c 7s]
POCKET_D_ACE calls
UDF1 raises to 5000
POCKET_D_ACE calls
Flop [Ts 7h 8h], POCKET_D_ACE (5000), UDF1 (5000)
UDF1 bids 0
POCKET_D_ACE bids 0
POCKET_D_ACE won the auction and was revealed [6c]
UDF1 won the auction and was revealed [Tc]
Flop [Ts 7h 8h], POCKET_D_ACE (5000), UDF1 (5000)
UDF1 checks
POCKET_D_ACE checks
Turn [Ts 7h 8h 4d], POCKET_D_ACE (5000), UDF1 (5000)
UDF1 checks
POCKET_D_ACE checks
River [Ts 7h 8h 4d Kc], POCKET_D_ACE (5000), UDF1 (5000)
UDF1 checks
POCKET_D_ACE checks
POCKET_D_ACE shows [Tc Jc]
UDF1 shows [6c 7s]
POCKET_D_ACE awarded 5000
UDF1 awarded -5000

Round #541, UDF1 (-131950), POCKET_D_ACE (131950)
UDF1 posts blind: 10
POCKET_D_ACE posts blind: 20
UDF1 received [Ad 9s]
POCKET_D_ACE received [6h 7s]
UDF1 raises to 5000
POCKET_D_ACE calls
Flop [Ac 8c Ah], UDF1 (5000), POCKET_D_ACE (5000)
POCKET_D_ACE bids 0
UDF1 bids 0
UDF1 won the auction and was revealed [6h]
POCKET_D_ACE won the auction and was revealed [Ad]
Flop [Ac 8c Ah], UDF1 (5000), POCKET_D_ACE (5000)
POCKET_D_ACE checks
UDF1 checks
Turn [Ac 8c Ah 5d], UDF1 (5000), POCKET_D_ACE (5000)
POCKET_D_ACE checks
UDF1 checks
River [Ac 8c Ah 5d 4d], UDF1 (5000), POCKET_D_ACE (5000)
POCKET_D_ACE checks
UDF1 checks
UDF1 shows [Ad 9s]
POCKET_D_ACE shows [6h 7s]
UDF1 awarded -5000
POCKET_D_ACE awarded 5000

Round #542, POCKET_D_ACE (136950), UDF1 (-136950)
POCKET_D_ACE posts blind: 10
UDF1 posts blind: 20
POCKET_D_ACE received [Ks 9h]
UDF1 received [7s Th]
POCKET_D_ACE calls
UDF1 raises to 5000
POCKET_D_ACE calls
Flop [Jd 2s 3s], POCKET_D_ACE (5000), UDF1 (5000)
UDF1 bids 0
POCKET_D_ACE bids 0
POCKET_D_ACE won the auction and was revealed [7s]
UDF1 won the auction and was revealed [9h]
Flop [Jd 2s 3s], POCKET_D_ACE (5000), UDF1 (5000)
UDF1 checks
POCKET_D_ACE checks
Turn [Jd 2s 3s 3d], POCKET_D_ACE (5000), UDF1 (5000)
UDF1 checks
POCKET_D_ACE checks
River [Jd 2s 3s 3d Td], POCKET_D_ACE (5000), UDF1 (5000)
UDF1 checks
POCKET_D_ACE checks
POCKET_D_ACE shows [Ks 9h]
UDF1 shows [7s Th]
POCKET_D_ACE awarded -5000
UDF1 awarded 5000

Round #543, UDF1 (-131950), POCKET_D_ACE (131950)
UDF1 posts blind: 10
POCKET_D_ACE posts blind: 20
UDF1 received [Jh 9c]
POCKET_D_ACE received [Ah 3s]
UDF1 raises to 5000
POCKET_D_ACE calls
Flop [Qh 6s Kd], UDF1 (5000), POCKET_D_ACE (5000)
POCKET_D_ACE bids 0
UDF1 bids 0
UDF1 won the auction and was revealed [Ah]
POCKET_D_ACE won the auction and was revealed [9c]
Flop [Qh 6s Kd], UDF1 (5000), POCKET_D_ACE (5000)
POCKET_D_ACE checks
UDF1 checks
Turn [Qh 6s Kd 2h], UDF1 (5000), POCKET_D_ACE (5000)
POCKET_D_ACE checks
UDF1 checks
River [Qh 6s Kd 2h Qd], UDF1 (5000), POCKET_D_ACE (5000)
POCKET_D_ACE checks
UDF1 checks
UDF1 shows [Jh 9c]
POCKET_D_ACE shows [Ah 3s]
UDF1 awarded -5000
POCKET_D_ACE awarded 5000

Round #544, POCKET_D_ACE (136950), UDF1 (-136950)
POCKET_D_ACE posts blind: 10
UDF1 posts blind: 20
POCKET_D_ACE received [4h Qh]
UDF1 received [3h Qc]
POCKET_D_ACE calls
UDF1 raises to 5000
POCKET_D_ACE calls
Flop [3s 4d 8s], POCKET_D_ACE (5000), UDF1 (5000)
UDF1 bids 0
POCKET_D_ACE bids 0
POCKET_D_ACE won the auction and was revealed [Qc]
UDF1 won the auction and was revealed [4h]
Flop [3s 4d 8s], POCKET_D_ACE (5000), UDF1 (5000)
UDF1 checks
POCKET_D_ACE checks
Turn [3s 4d 8s 3c], POCKET_D_ACE (5000), UDF1 (5000)
UDF1 checks
POCKET_D_ACE checks
River [3s 4d 8s 3c 9c], POCKET_D_ACE (5000), UDF1 (5000)
UDF1 checks
POCKET_D_ACE checks
POCKET_D_ACE shows [4h Qh]
UDF1 shows [3h Qc]
POCKET_D_ACE awarded -5000
UDF1 awarded 5000

Round #545, UDF1 (-131950), POCKET_D_ACE (131950)
UDF1 posts blind: 10
POCKET_D_ACE posts blind: 20
UDF1 received [9c Th]
POCKET_D_ACE received [Ah 8h]
UDF1 raises to 5000
POCKET_D_ACE calls
Flop [8s Qd 3h], UDF1 (5000), POCKET_D_ACE (5000)
POCKET_D_ACE bids 0
UDF1 bids 0
UDF1 won the auction and was revealed [Ah]
POCKET_D_ACE won the auction and was revealed [9c]
Flop [8s Qd 3h], UDF1 (5000), POCKET_D_ACE (5000)
POCKET_D_ACE checks
UDF1 checks
Turn [8s Qd 3h 6h], UDF1 (5000), POCKET_D_ACE (5000)
POCKET_D_ACE checks
UDF1 checks
River [8s Qd 3h 6h 6c], UDF1 (5000), POCKET_D_ACE (5000)
POCKET_D_ACE checks
UDF1 checks
UDF1 shows [9c Th]
POCKET_D_ACE shows [Ah 8h]
UDF1 awarded -5000
POCKET_D_ACE awarded 5000

Round #546, POCKET_D_ACE (136950), UDF1 (-136950)
POCKET_D_ACE posts blind: 10
UDF1 posts blind: 20
POCKET_D_ACE received [8c Jc]
UDF1 received [Kd 3s]
POCKET_D_ACE calls
UDF1 raises to 5000
POCKET_D_ACE calls
Flop [7h 9d 2d], POCKET_D_ACE (5000), UDF1 (5000)
UDF1 bids 0
POCKET_D_ACE bids 0
POCKET_D_ACE won the auction and was revealed [3s]
UDF1 won the auction and was revealed [Jc]
Flop [7h 9d 2d], POCKET_D_ACE (5000), UDF1 (5000)
UDF1 checks
POCKET_D_ACE checks
Turn [7h 9d 2d 5h], POCKET_D_ACE (5000), UDF1 (5000)
UDF1 checks
POCKET_D_ACE checks
River [7h 9d 2d 5h 2h], POCKET_D_ACE (5000), UDF1 (5000)
UDF1 checks
POCKET_D_ACE checks
POCKET_D_ACE shows [8c Jc]
UDF1 shows [Kd 3s]
POCKET_D_ACE awarded -5000
UDF1 awarded 5000

Round #547, UDF1 (-131950), POCKET_D_ACE (131950)
UDF1 posts blind: 10
POCKET_D_ACE posts blind: 20
UDF1 received [7h 5c]
POCKET_D_ACE received [Ad Qc]
UDF1 raises to 5000
POCKET_D_ACE calls
Flop [Qd 8s Ts], UDF1 (5000), POCKET_D_ACE (5000)
POCKET_D_ACE bids 0
UDF1 bids 0
UDF1 won the auction and was revealed [Ad]
POCKET_D_ACE won the auction and was revealed [7h]
Flop [Qd 8s Ts], UDF1 (5000), POCKET_D_ACE (5000)
POCKET_D_ACE checks
UDF1 checks
Turn [Qd 8s Ts 9s], UDF1 (5000), POCKET_D_ACE (5000)
POCKET_D_ACE checks
UDF1 checks
River [Qd 8s Ts 9s 9d], UDF1 (5000), POCKET_D_ACE (5000)
POCKET_D_ACE checks
UDF1 checks
UDF1 shows [7h 5c]
POCKET_D_ACE shows [Ad Qc]
UDF1 awarded -5000
POCKET_D_ACE awarded 5000

Round #548, POCKET_D_ACE (136950), UDF1 (-136950)
POCKET_D_ACE posts blind: 10
UDF1 posts blind: 20
POCKET_D_ACE received [5h Ac]
UDF1 received [Kd 2d]
POCKET_D_ACE calls
UDF1 raises to 5000
POCKET_D_ACE calls
Flop [5c 6c 2c], POCKET_D_ACE (5000), UDF1 (5000)
UDF1 bids 0
POCKET_D_ACE bids 0
POCKET_D_ACE won the auction and was revealed [Kd]
UDF1 won the auction and was revealed [5h]
Flop [5c 6c 2c], POCKET_D_ACE (5000), UDF1 (5000)
UDF1 checks
POCKET_D_ACE checks
Turn [5c 6c 2c Js], POCKET_D_ACE (5000), UDF1 (5000)
UDF1 checks
POCKET_D_ACE checks
River [5c 6c 2c Js 9h], POCKET_D_ACE (5000), UDF1 (5000)
UDF1 checks
POCKET_D_ACE checks
POCKET_D_ACE shows [5h Ac]
UDF1 shows [Kd 2d]
POCKET_D_ACE awarded 5000
UDF1 awarded -5000

Round #549, UDF1 (-141950), POCKET_D_ACE (141950)
UDF1 posts blind: 10
POCKET_D_ACE posts blind: 20
UDF1 received [Js 2s]
POCKET_D_ACE received [Qd 3d]
UDF1 raises to 5000
POCKET_D_ACE calls
Flop [Qc 2c 7c], UDF1 (5000), POCKET_D_ACE (5000)
POCKET_D_ACE bids 0
UDF1 bids 0
UDF1 won the auction and was revealed [Qd]
POCKET_D_ACE won the auction and was revealed [2s]
Flop [Qc 2c 7c], UDF1 (5000), POCKET_D_ACE (5000)
POCKET_D_ACE checks
UDF1 checks
Turn [Qc 2c 7c 4s], UDF1 (5000), POCKET_D_ACE (5000)
POCKET_D_ACE checks
UDF1 checks
River [Qc 2c 7c 4s 2h], UDF1 (5000), POCKET_D_ACE (5000)
POCKET_D_ACE checks
UDF1 checks
UDF1 shows [Js 2s]
POCKET_D_ACE shows [Qd 3d]
UDF1 awarded 5000
POCKET_D_ACE awarded -5000

Round #550, POCKET_D_ACE (136950), UDF1 (-136950)
POCKET_D_ACE posts blind: 10
UDF1 posts blind: 20
POCKET_D_ACE received [3c Kh]
UDF1 received [9c 8d]
POCKET_D_ACE calls
UDF1 raises to 5000
POCKET_D_ACE calls
Flop [9h 3s 7h], POCKET_D_ACE (5000), UDF1 (5000)
UDF1 bids 0
POCKET_D_ACE bids 0
POCKET_D_ACE won the auction and was revealed [8d]
UDF1 won the auction and was revealed [3c]
Flop [9h 3s 7h], POCKET_D_ACE (5000), UDF1 (5000)
UDF1 checks
POCKET_D_ACE checks
Turn [9h 3s 7h Qc], POCKET_D_ACE (5000), UDF1 (5000)
UDF1 checks
POCKET_D_ACE checks
River [9h 3s 7h Qc Qh], POCKET_D_ACE (5000), UDF1 (5000)
UDF1 checks
POCKET_D_ACE checks
POCKET_D_ACE shows [3c Kh]
UDF1 shows [9c 8d]
POCKET_D_ACE awarded -5000
UDF1 awarded 5000

Round #551, UDF1 (-131950), POCKET_D_ACE (131950)
UDF1 posts blind: 10
POCKET_D_ACE posts blind: 20
UDF1 received [5h 7h]
POCKET_D_ACE received [Tc 8s]
UDF1 raises to 5000
POCKET_D_ACE calls
Flop [5d 6h 9d], UDF1 (5000), POCKET_D_ACE (5000)
POCKET_D_ACE bids 0
UDF1 bids 0
UDF1 won the auction and was revealed [Tc]
POCKET_D_ACE won the auction and was revealed [7h]
Flop [5d 6h 9d], UDF1 (5000), POCKET_D_ACE (5000)
POCKET_D_ACE checks
UDF1 checks
Turn [5d 6h 9d 2s], UDF1 (5000), POCKET_D_ACE (5000)
POCKET_D_ACE checks
UDF1 checks
River [5d 6h 9d 2s 4h], UDF1 (5000), POCKET_D_ACE (5000)
POCKET_D_ACE checks
UDF1 checks
UDF1 shows [5h 7h]
POCKET_D_ACE shows [Tc 8s]
UDF1 awarded 5000
POCKET_D_ACE awarded -5000

Round #552, POCKET_D_ACE (126950), UDF1 (-126950)
POCKET_D_ACE posts blind: 10
UDF1 posts blind: 20
POCKET_D_ACE received [Qh 8c]
UDF1 received [Ac Kd]
POCKET_D_ACE calls
UDF1 raises to 5000
POCKET_D_ACE calls
Flop [Qs Jc 4d], POCKET_D_ACE (5000), UDF1 (5000)
UDF1 bids 0
POCKET_D_ACE bids 0
POCKET_D_ACE won the auction and was revealed [Ac]
UDF1 won the auction and was revealed [8c]
Flop [Qs Jc 4d], POCKET_D_ACE (5000), UDF1 (5000)
UDF1 checks
POCKET_D_ACE checks
Turn [Qs Jc 4d 2h], POCKET_D_ACE (5000), UDF1 (5000)
UDF1 checks
POCKET_D_ACE checks
River [Qs Jc 4d 2h 9s], POCKET_D_ACE (5000), UDF1 (5000)
UDF1 checks
POCKET_D_ACE checks
POCKET_D_ACE shows [Qh 8c]
UDF1 shows [Ac Kd]
POCKET_D_ACE awarded 5000
UDF1 awarded -5000

Round #553, UDF1 (-131950), POCKET_D_ACE (131950)
UDF1 posts blind: 10
POCKET_D_ACE posts blind: 20
UDF1 received [4h 9d]
POCKET_D_ACE received [2s Th]
UDF1 raises to 5000
POCKET_D_ACE folds
UDF1 awarded 20
POCKET_D_ACE awarded -20

Round #554, POCKET_D_ACE (131930), UDF1 (-131930)
POCKET_D_ACE posts blind: 10
UDF1 posts blind: 20
POCKET_D_ACE received [Kd 9d]
UDF1 received [Td 5d]
POCKET_D_ACE calls
UDF1 raises to 5000
POCKET_D_ACE calls
Flop [5h 7d 5s], POCKET_D_ACE (5000), UDF1 (5000)
UDF1 bids 0
POCKET_D_ACE bids 0
POCKET_D_ACE won the auction and was revealed [5d]
UDF1 won the auction and was revealed [9d]
Flop [5h 7d 5s], POCKET_D_ACE (5000), UDF1 (5000)
UDF1 checks
POCKET_D_ACE checks
Turn [5h 7d 5s 9s], POCKET_D_ACE (5000), UDF1 (5000)
UDF1 checks
POCKET_D_ACE checks
River [5h 7d 5s 9s Qc], POCKET_D_ACE (5000), UDF1 (5000)
UDF1 checks
POCKET_D_ACE checks
POCKET_D_ACE shows [Kd 9d]
UDF1 shows [Td 5d]
POCKET_D_ACE awarded -5000
UDF1 awarded 5000

Round #555, UDF1 (-126930), POCKET_D_ACE (126930)
UDF1 posts blind: 10
POCKET_D_ACE posts blind: 20
UDF1 received [Kh 5c]
POCKET_D_ACE received [4h 8h]
UDF1 raises to 5000
POCKET_D_ACE calls
Flop [7s 3s 7d], UDF1 (5000), POCKET_D_ACE (5000)
POCKET_D_ACE bids 0
UDF1 bids 0
UDF1 won the auction and was revealed [4h]
POCKET_D_ACE won the auction and was revealed [5c]
Flop [7s 3s 7d], UDF1 (5000), POCKET_D_ACE (5000)
POCKET_D_ACE checks
UDF1 checks
Turn [7s 3s 7d 9c], UDF1 (5000), POCKET_D_ACE (5000)
POCKET_D_ACE checks
UDF1 checks
River [7s 3s 7d 9c 8c], UDF1 (5000), POCKET_D_ACE (5000)
POCKET_D_ACE checks
UDF1 checks
UDF1 shows [Kh 5c]
POCKET_D_ACE shows [4h 8h]
UDF1 awarded -5000
POCKET_D_ACE awarded 5000

Round #556, POCKET_D_ACE (131930), UDF1 (-131930)
POCKET_D_ACE posts blind: 10
UDF1 posts blind: 20
POCKET_D_ACE received [6c Ad]
UDF1 received [4c 3s]
POCKET_D_ACE calls
UDF1 raises to 5000
POCKET_D_ACE calls
Flop [8c 9c 6d], POCKET_D_ACE (5000), UDF1 (5000)
UDF1 bids 0
POCKET_D_ACE bids 0
POCKET_D_ACE won the auction and was revealed [4c]
UDF1 won the auction and was revealed [Ad]
Flop [8c 9c 6d], POCKET_D_ACE (5000), UDF1 (5000)
UDF1 checks
POCKET_D_ACE checks
Turn [8c 9c 6d 3d], POCKET_D_ACE (5000), UDF1 (5000)
UDF1 checks
POCKET_D_ACE checks
River [8c 9c 6d 3d 5c], POCKET_D_ACE (5000), UDF1 (5000)
UDF1 checks
POCKET_D_ACE checks
POCKET_D_ACE shows [6c Ad]
UDF1 shows [4c 3s]
POCKET_D_ACE awarded 5000
UDF1 awarded -5000

Round #557, UDF1 (-136930), POCKET_D_ACE (136930)
UDF1 posts blind: 10
POCKET_D_ACE posts blind: 20
UDF1 received [Js 3h]
POCKET_D_ACE received [2s Jc]
UDF1 raises to 5000
POCKET_D_ACE folds
UDF1 awarded 20
POCKET_D_ACE awarded -20

Round #558, POCKET_D_ACE (136910), UDF1 (-136910)
POCKET_D_ACE posts blind: 10
UDF1 posts blind: 20
POCKET_D_ACE received [Kd Ac]
UDF1 received [Jh 8d]
POCKET_D_ACE raises to 52
UDF1 raises to 5000
POCKET_D_ACE calls
Flop [Qc Ks 6h], POCKET_D_ACE (5000), UDF1 (5000)
UDF1 bids 0
POCKET_D_ACE bids 0
POCKET_D_ACE won the auction and was revealed [8d]
UDF1 won the auction and was revealed [Ac]
Flop [Qc Ks 6h], POCKET_D_ACE (5000), UDF1 (5000)
UDF1 checks
POCKET_D_ACE checks
Turn [Qc Ks 6h 2s], POCKET_D_ACE (5000), UDF1 (5000)
UDF1 checks
POCKET_D_ACE checks
River [Qc Ks 6h 2s 6s], POCKET_D_ACE (5000), UDF1 (5000)
UDF1 checks
POCKET_D_ACE checks
POCKET_D_ACE shows [Kd Ac]
UDF1 shows [Jh 8d]
POCKET_D_ACE awarded 5000
UDF1 awarded -5000

Round #559, UDF1 (-141910), POCKET_D_ACE (141910)
UDF1 posts blind: 10
POCKET_D_ACE posts blind: 20
UDF1 received [Kh Js]
POCKET_D_ACE received [8s 6s]
UDF1 raises to 5000
POCKET_D_ACE calls
Flop [4s Ac Ts], UDF1 (5000), POCKET_D_ACE (5000)
POCKET_D_ACE bids 0
UDF1 bids 0
UDF1 won the auction and was revealed [8s]
POCKET_D_ACE won the auction and was revealed [Js]
Flop [4s Ac Ts], UDF1 (5000), POCKET_D_ACE (5000)
POCKET_D_ACE checks
UDF1 checks
Turn [4s Ac Ts 7s], UDF1 (5000), POCKET_D_ACE (5000)
POCKET_D_ACE checks
UDF1 checks
River [4s Ac Ts 7s 4c], UDF1 (5000), POCKET_D_ACE (5000)
POCKET_D_ACE checks
UDF1 checks
UDF1 shows [Kh Js]
POCKET_D_ACE shows [8s 6s]
UDF1 awarded -5000
POCKET_D_ACE awarded 5000

Round #560, POCKET_D_ACE (146910), UDF1 (-146910)
POCKET_D_ACE posts blind: 10
UDF1 posts blind: 20
POCKET_D_ACE received [Td 2c]
UDF1 received [Qh 2d]
POCKET_D_ACE calls
UDF1 raises to 5000
POCKET_D_ACE folds
POCKET_D_ACE awarded -20
UDF1 awarded 20

Round #561, UDF1 (-146890), POCKET_D_ACE (146890)
UDF1 posts blind: 10
POCKET_D_ACE posts blind: 20
UDF1 received [Js 5c]
POCKET_D_ACE received [3s 4c]
UDF1 raises to 5000
POCKET_D_ACE folds
UDF1 awarded 20
POCKET_D_ACE awarded -20

Round #562, POCKET_D_ACE (146870), UDF1 (-146870)
POCKET_D_ACE posts blind: 10
UDF1 posts blind: 20
POCKET_D_ACE received [Js 7s]
UDF1 received [8s 7c]
POCKET_D_ACE calls
UDF1 raises to 5000
POCKET_D_ACE calls
Flop [9h 6d Td], POCKET_D_ACE (5000), UDF1 (5000)
UDF1 bids 0
POCKET_D_ACE bids 0
POCKET_D_ACE won the auction and was revealed [8s]
UDF1 won the auction and was revealed [Js]
Flop [9h 6d Td], POCKET_D_ACE (5000), UDF1 (5000)
UDF1 checks
POCKET_D_ACE checks
Turn [9h 6d Td Qs], POCKET_D_ACE (5000), UDF1 (5000)
UDF1 checks
POCKET_D_ACE checks
River [9h 6d Td Qs 4h], POCKET_D_ACE (5000), UDF1 (5000)
UDF1 checks
POCKET_D_ACE checks
POCKET_D_ACE shows [Js 7s]
UDF1 shows [8s 7c]
POCKET_D_ACE awarded -5000
UDF1 awarded 5000

Round #563, UDF1 (-141870), POCKET_D_ACE (141870)
UDF1 posts blind: 10
POCKET_D_ACE posts blind: 20
UDF1 received [4h Jh]
POCKET_D_ACE received [9c Qs]
UDF1 raises to 5000
POCKET_D_ACE calls
Flop [Qh 6s 5c], UDF1 (5000), POCKET_D_ACE (5000)
POCKET_D_ACE bids 0
UDF1 bids 0
UDF1 won the auction and was revealed [9c]
POCKET_D_ACE won the auction and was revealed [Jh]
Flop [Qh 6s 5c], UDF1 (5000), POCKET_D_ACE (5000)
POCKET_D_ACE checks
UDF1 checks
Turn [Qh 6s 5c 3c], UDF1 (5000), POCKET_D_ACE (5000)
POCKET_D_ACE checks
UDF1 checks
River [Qh 6s 5c 3c 8c], UDF1 (5000), POCKET_D_ACE (5000)
POCKET_D_ACE checks
UDF1 checks
UDF1 shows [4h Jh]
POCKET_D_ACE shows [9c Qs]
UDF1 awarded -5000
POCKET_D_ACE awarded 5000

Round #564, POCKET_D_ACE (146870), UDF1 (-146870)
POCKET_D_ACE posts blind: 10
UDF1 posts blind: 20
POCKET_D_ACE received [9d 8s]
UDF1 received [Th 9s]
POCKET_D_ACE calls
UDF1 raises to 5000
POCKET_D_ACE calls
Flop [3s 4c 8h], POCKET_D_ACE (5000), UDF1 (5000)
UDF1 bids 0
POCKET_D_ACE bids 0
POCKET_D_ACE won the auction and was revealed [9s]
UDF1 won the auction and was revealed [9d]
Flop [3s 4c 8h], POCKET_D_ACE (5000), UDF1 (5000)
UDF1 checks
POCKET_D_ACE checks
Turn [3s 4c 8h Tc], POCKET_D_ACE (5000), UDF1 (5000)
UDF1 checks
POCKET_D_ACE checks
River [3s 4c 8h Tc 2c], POCKET_D_ACE (5000), UDF1 (5000)
UDF1 checks
POCKET_D_ACE checks
POCKET_D_ACE shows [9d 8s]
UDF1 shows [Th 9s]
POCKET_D_ACE awarded -5000
UDF1 awarded 5000

Round #565, UDF1 (-141870), POCKET_D_ACE (141870)
UDF1 posts blind: 10
POCKET_D_ACE posts blind: 20
UDF1 received [Qc 8h]
POCKET_D_ACE received [4s 8c]
UDF1 raises to 5000
POCKET_D_ACE folds
UDF1 awarded 20
POCKET_D_ACE awarded -20

Round #566, POCKET_D_ACE (141850), UDF1 (-141850)
POCKET_D_ACE posts blind: 10
UDF1 posts blind: 20
POCKET_D_ACE received [Tc 5h]
UDF1 received [8h Js]
POCKET_D_ACE calls
UDF1 raises to 5000
POCKET_D_ACE folds
POCKET_D_ACE awarded -20
UDF1 awarded 20

Round #567, UDF1 (-141830), POCKET_D_ACE (141830)
UDF1 posts blind: 10
POCKET_D_ACE posts blind: 20
UDF1 received [9d 7s]
POCKET_D_ACE received [9s Kc]
UDF1 raises to 5000
POCKET_D_ACE calls
Flop [Ad Jc 2d], UDF1 (5000), POCKET_D_ACE (5000)
POCKET_D_ACE bids 0
UDF1 bids 0
UDF1 won the auction and was revealed [9s]
POCKET_D_ACE won the auction and was revealed [7s]
Flop [Ad Jc 2d], UDF1 (5000), POCKET_D_ACE (5000)
POCKET_D_ACE checks
UDF1 checks
Turn [Ad Jc 2d 5h], UDF1 (5000), POCKET_D_ACE (5000)
POCKET_D_ACE checks
UDF1 checks
River [Ad Jc 2d 5h 6h], UDF1 (5000), POCKET_D_ACE (5000)
POCKET_D_ACE checks
UDF1 checks
UDF1 shows [9d 7s]
POCKET_D_ACE shows [9s Kc]
UDF1 awarded -5000
POCKET_D_ACE awarded 5000

Round #568, POCKET_D_ACE (146830), UDF1 (-146830)
POCKET_D_ACE posts blind: 10
UDF1 posts blind: 20
POCKET_D_ACE received [5h 5c]
UDF1 received [5d 2s]
POCKET_D_ACE calls
UDF1 raises to 5000
POCKET_D_ACE calls
Flop [Qh 8c Jc], POCKET_D_ACE (5000), UDF1 (5000)
UDF1 bids 0
POCKET_D_ACE bids 0
POCKET_D_ACE won the auction and was revealed [2s]
UDF1 won the auction and was revealed [5c]
Flop [Qh 8c Jc], POCKET_D_ACE (5000), UDF1 (5000)
UDF1 checks
POCKET_D_ACE checks
Turn [Qh 8c Jc Jh], POCKET_D_ACE (5000), UDF1 (5000)
UDF1 checks
POCKET_D_ACE checks
River [Qh 8c Jc Jh Kh], POCKET_D_ACE (5000), UDF1 (5000)
UDF1 checks
POCKET_D_ACE checks
POCKET_D_ACE shows [5h 5c]
UDF1 shows [5d 2s]
POCKET_D_ACE awarded 5000
UDF1 awarded -5000

Round #569, UDF1 (-151830), POCKET_D_ACE (151830)
UDF1 posts blind: 10
POCKET_D_ACE posts blind: 20
UDF1 received [2c Ah]
POCKET_D_ACE received [8c 8d]
UDF1 raises to 5000
POCKET_D_ACE calls
Flop [7c 6c 2d], UDF1 (5000), POCKET_D_ACE (5000)
POCKET_D_ACE bids 0
UDF1 bids 0
UDF1 won the auction and was revealed [8c]
POCKET_D_ACE won the auction and was revealed [2c]
Flop [7c 6c 2d], UDF1 (5000), POCKET_D_ACE (5000)
POCKET_D_ACE checks
UDF1 checks
Turn [7c 6c 2d Tc], UDF1 (5000), POCKET_D_ACE (5000)
POCKET_D_ACE checks
UDF1 checks
River [7c 6c 2d Tc 9c], UDF1 (5000), POCKET_D_ACE (5000)
POCKET_D_ACE checks
UDF1 checks
UDF1 shows [2c Ah]
POCKET_D_ACE shows [8c 8d]
UDF1 awarded -5000
POCKET_D_ACE awarded 5000

Round #570, POCKET_D_ACE (156830), UDF1 (-156830)
POCKET_D_ACE posts blind: 10
UDF1 posts blind: 20
POCKET_D_ACE received [Tc Th]
UDF1 received [Ad Js]
POCKET_D_ACE raises to 55
UDF1 raises to 5000
POCKET_D_ACE calls
Flop [2c 9s 7s], POCKET_D_ACE (5000), UDF1 (5000)
UDF1 bids 0
POCKET_D_ACE bids 0
POCKET_D_ACE won the auction and was revealed [Ad]
UDF1 won the auction and was revealed [Th]
Flop [2c 9s 7s], POCKET_D_ACE (5000), UDF1 (5000)
UDF1 checks
POCKET_D_ACE checks
Turn [2c 9s 7s 4h], POCKET_D_ACE (5000), UDF1 (5000)
UDF1 checks
POCKET_D_ACE checks
River [2c 9s 7s 4h 5s], POCKET_D_ACE (5000), UDF1 (5000)
UDF1 checks
POCKET_D_ACE checks
POCKET_D_ACE shows [Tc Th]
UDF1 shows [Ad Js]
POCKET_D_ACE awarded 5000
UDF1 awarded -5000

Round #571, UDF1 (-161830), POCKET_D_ACE (161830)
UDF1 posts blind: 10
POCKET_D_ACE posts blind: 20
UDF1 received [6h Ts]
POCKET_D_ACE received [Kc 9h]
UDF1 raises to 5000
POCKET_D_ACE calls
Flop [4d 9c Qc], UDF1 (5000), POCKET_D_ACE (5000)
POCKET_D_ACE bids 0
UDF1 bids 0
UDF1 won the auction and was revealed [9h]
POCKET_D_ACE won the auction and was revealed [Ts]
Flop [4d 9c Qc], UDF1 (5000), POCKET_D_ACE (5000)
POCKET_D_ACE checks
UDF1 checks
Turn [4d 9c Qc 4s], UDF1 (5000), POCKET_D_ACE (5000)
POCKET_D_ACE checks
UDF1 checks
River [4d 9c Qc 4s 5s], UDF1 (5000), POCKET_D_ACE (5000)
POCKET_D_ACE checks
UDF1 checks
UDF1 shows [6h Ts]
POCKET_D_ACE shows [Kc 9h]
UDF1 awarded -5000
POCKET_D_ACE awarded 5000

Round #572, POCKET_D_ACE (166830), UDF1 (-166830)
POCKET_D_ACE posts blind: 10
UDF1 posts blind: 20
POCKET_D_ACE received [6c 8c]
UDF1 received [3c Th]
POCKET_D_ACE calls
UDF1 raises to 5000
POCKET_D_ACE calls
Flop [6d 5s Js], POCKET_D_ACE (5000), UDF1 (5000)
UDF1 bids 0
POCKET_D_ACE bids 0
POCKET_D_ACE won the auction and was revealed [3c]
UDF1 won the auction and was revealed [8c]
Flop [6d 5s Js], POCKET_D_ACE (5000), UDF1 (5000)
UDF1 checks
POCKET_D_ACE checks
Turn [6d 5s Js Kd], POCKET_D_ACE (5000), UDF1 (5000)
UDF1 checks
POCKET_D_ACE checks
River [6d 5s Js Kd 2c], POCKET_D_ACE (5000), UDF1 (5000)
UDF1 checks
POCKET_D_ACE checks
POCKET_D_ACE shows [6c 8c]
UDF1 shows [3c Th]
POCKET_D_ACE awarded 5000
UDF1 awarded -5000

Round #573, UDF1 (-171830), POCKET_D_ACE (171830)
UDF1 posts blind: 10
POCKET_D_ACE posts blind: 20
UDF1 received [9d Kh]
POCKET_D_ACE received [7s 5d]
UDF1 raises to 5000
POCKET_D_ACE folds
UDF1 awarded 20
POCKET_D_ACE awarded -20

Round #574, POCKET_D_ACE (171810), UDF1 (-171810)
POCKET_D_ACE posts blind: 10
UDF1 posts blind: 20
POCKET_D_ACE received [Kd 2c]
UDF1 received [Th 2s]
POCKET_D_ACE calls
UDF1 raises to 5000
POCKET_D_ACE folds
POCKET_D_ACE awarded -20
UDF1 awarded 20

Round #575, UDF1 (-171790), POCKET_D_ACE (171790)
UDF1 posts blind: 10
POCKET_D_ACE posts blind: 20
UDF1 received [Jh 5h]
POCKET_D_ACE received [5c Ad]
UDF1 raises to 5000
POCKET_D_ACE calls
Flop [Jd Td 9h], UDF1 (5000), POCKET_D_ACE (5000)
POCKET_D_ACE bids 0
UDF1 bids 0
UDF1 won the auction and was revealed [5c]
POCKET_D_ACE won the auction and was revealed [Jh]
Flop [Jd Td 9h], UDF1 (5000), POCKET_D_ACE (5000)
POCKET_D_ACE checks
UDF1 checks
Turn [Jd Td 9h 3h], UDF1 (5000), POCKET_D_ACE (5000)
POCKET_D_ACE checks
UDF1 checks
River [Jd Td 9h 3h Kd], UDF1 (5000), POCKET_D_ACE (5000)
POCKET_D_ACE checks
UDF1 checks
UDF1 shows [Jh 5h]
POCKET_D_ACE shows [5c Ad]
UDF1 awarded 5000
POCKET_D_ACE awarded -5000

Round #576, POCKET_D_ACE (166790), UDF1 (-166790)
POCKET_D_ACE posts blind: 10
UDF1 posts blind: 20
POCKET_D_ACE received [2h 6s]
UDF1 received [Ad 9h]
POCKET_D_ACE folds
POCKET_D_ACE awarded -10
UDF1 awarded 10

Round #577, UDF1 (-166780), POCKET_D_ACE (166780)
UDF1 posts blind: 10
POCKET_D_ACE posts blind: 20
UDF1 received [9c Qd]
POCKET_D_ACE received [3h 3s]
UDF1 raises to 5000
POCKET_D_ACE calls
Flop [Jc Qh Th], UDF1 (5000), POCKET_D_ACE (5000)
POCKET_D_ACE bids 0
UDF1 bids 0
UDF1 won the auction and was revealed [3h]
POCKET_D_ACE won the auction and was revealed [9c]
Flop [Jc Qh Th], UDF1 (5000), POCKET_D_ACE (5000)
POCKET_D_ACE checks
UDF1 checks
Turn [Jc Qh Th 2h], UDF1 (5000), POCKET_D_ACE (5000)
POCKET_D_ACE checks
UDF1 checks
River [Jc Qh Th 2h Ks], UDF1 (5000), POCKET_D_ACE (5000)
POCKET_D_ACE checks
UDF1 checks
UDF1 shows [9c Qd]
POCKET_D_ACE shows [3h 3s]
UDF1 awarded 5000
POCKET_D_ACE awarded -5000

Round #578, POCKET_D_ACE (161780), UDF1 (-161780)
POCKET_D_ACE posts blind: 10
UDF1 posts blind: 20
POCKET_D_ACE received [7s Ah]
UDF1 received [7c 4c]
POCKET_D_ACE calls
UDF1 raises to 5000
POCKET_D_ACE calls
Flop [Qc Ad Qs], POCKET_D_ACE (5000), UDF1 (5000)
UDF1 bids 0
POCKET_D_ACE bids 0
POCKET_D_ACE won the auction and was revealed [7c]
UDF1 won the auction and was revealed [7s]
Flop [Qc Ad Qs], POCKET_D_ACE (5000), UDF1 (5000)
UDF1 checks
POCKET_D_ACE checks
Turn [Qc Ad Qs 8c], POCKET_D_ACE (5000), UDF1 (5000)
UDF1 checks
POCKET_D_ACE checks
River [Qc Ad Qs 8c 8s], POCKET_D_ACE (5000), UDF1 (5000)
UDF1 checks
POCKET_D_ACE checks
POCKET_D_ACE shows [7s Ah]
UDF1 shows [7c 4c]
POCKET_D_ACE awarded 5000
UDF1 awarded -5000

Round #579, UDF1 (-166780), POCKET_D_ACE (166780)
UDF1 posts blind: 10
POCKET_D_ACE posts blind: 20
UDF1 received [4h Qc]
POCKET_D_ACE received [As Th]
UDF1 raises to 5000
POCKET_D_ACE calls
Flop [9s 6s 3h], UDF1 (5000), POCKET_D_ACE (5000)
POCKET_D_ACE bids 0
UDF1 bids 0
UDF1 won the auction and was revealed [Th]
POCKET_D_ACE won the auction and was revealed [Qc]
Flop [9s 6s 3h], UDF1 (5000), POCKET_D_ACE (5000)
POCKET_D_ACE checks
UDF1 checks
Turn [9s 6s 3h 3c], UDF1 (5000), POCKET_D_ACE (5000)
POCKET_D_ACE checks
UDF1 checks
River [9s 6s 3h 3c Js], UDF1 (5000), POCKET_D_ACE (5000)
POCKET_D_ACE checks
UDF1 checks
UDF1 shows [4h Qc]
POCKET_D_ACE shows [As Th]
UDF1 awarded -5000
POCKET_D_ACE awarded 5000

Round #580, POCKET_D_ACE (171780), UDF1 (-171780)
POCKET_D_ACE posts blind: 10
UDF1 posts blind: 20
POCKET_D_ACE received [Qd Ad]
UDF1 received [Qc 4d]
POCKET_D_ACE raises to 52
UDF1 raises to 5000
POCKET_D_ACE calls
Flop [Qh 5d Jc], POCKET_D_ACE (5000), UDF1 (5000)
UDF1 bids 0
POCKET_D_ACE bids 0
POCKET_D_ACE won the auction and was revealed [Qc]
UDF1 won the auction and was revealed [Qd]
Flop [Qh 5d Jc], POCKET_D_ACE (5000), UDF1 (5000)
UDF1 checks
POCKET_D_ACE checks
Turn [Qh 5d Jc 6d], POCKET_D_ACE (5000), UDF1 (5000)
UDF1 checks
POCKET_D_ACE checks
River [Qh 5d Jc 6d Ts], POCKET_D_ACE (5000), UDF1 (5000)
UDF1 checks
POCKET_D_ACE checks
POCKET_D_ACE shows [Qd Ad]
UDF1 shows [Qc 4d]
POCKET_D_ACE awarded 5000
UDF1 awarded -5000

Round #581, UDF1 (-176780), POCKET_D_ACE (176780)
UDF1 posts blind: 10
POCKET_D_ACE posts blind: 20
UDF1 received [Jh 5h]
POCKET_D_ACE received [6s 8d]
UDF1 raises to 5000
POCKET_D_ACE calls
Flop [4s 9h 6h], UDF1 (5000), POCKET_D_ACE (5000)
POCKET_D_ACE bids 0
UDF1 bids 0
UDF1 won the auction and was revealed [8d]
POCKET_D_ACE won the auction and was revealed [5h]
Flop [4s 9h 6h], UDF1 (5000), POCKET_D_ACE (5000)
POCKET_D_ACE checks
UDF1 checks
Turn [4s 9h 6h 2c], UDF1 (5000), POCKET_D_ACE (5000)
POCKET_D_ACE checks
UDF1 checks
River [4s 9h 6h 2c 4d], UDF1 (5000), POCKET_D_ACE (5000)
POCKET_D_ACE checks
UDF1 checks
UDF1 shows [Jh 5h]
POCKET_D_ACE shows [6s 8d]
UDF1 awarded -5000
POCKET_D_ACE awarded 5000

Round #582, POCKET_D_ACE (181780), UDF1 (-181780)
POCKET_D_ACE posts blind: 10
UDF1 posts blind: 20
POCKET_D_ACE received [4d 8d]
UDF1 received [Qc 5s]
POCKET_D_ACE calls
UDF1 raises to 5000
POCKET_D_ACE calls
Flop [2d Tc 6d], POCKET_D_ACE (5000), UDF1 (5000)
UDF1 bids 0
POCKET_D_ACE bids 0
POCKET_D_ACE won the auction and was revealed [Qc]
UDF1 won the auction and was revealed [4d]
Flop [2d Tc 6d], POCKET_D_ACE (5000), UDF1 (5000)
UDF1 checks
POCKET_D_ACE checks
Turn [2d Tc 6d Ah], POCKET_D_ACE (5000), UDF1 (5000)
UDF1 checks
POCKET_D_ACE checks
River [2d Tc 6d Ah Ad], POCKET_D_ACE (5000), UDF1 (5000)
UDF1 checks
POCKET_D_ACE checks
POCKET_D_ACE shows [4d 8d]
UDF1 shows [Qc 5s]
POCKET_D_ACE awarded 5000
UDF1 awarded -5000

Round #583, UDF1 (-186780), POCKET_D_ACE (186780)
UDF1 posts blind: 10
POCKET_D_ACE posts blind: 20
UDF1 received [9h Jh]
POCKET_D_ACE received [6h 5c]
UDF1 raises to 5000
POCKET_D_ACE folds
UDF1 awarded 20
POCKET_D_ACE awarded -20

Round #584, POCKET_D_ACE (186760), UDF1 (-186760)
POCKET_D_ACE posts blind: 10
UDF1 posts blind: 20
POCKET_D_ACE received [3d 4c]
UDF1 received [6s 7s]
POCKET_D_ACE folds
POCKET_D_ACE awarded -10
UDF1 awarded 10

Round #585, UDF1 (-186750), POCKET_D_ACE (186750)
UDF1 posts blind: 10
POCKET_D_ACE posts blind: 20
UDF1 received [Td 8d]
POCKET_D_ACE received [8c 3h]
UDF1 raises to 5000
POCKET_D_ACE folds
UDF1 awarded 20
POCKET_D_ACE awarded -20

Round #586, POCKET_D_ACE (186730), UDF1 (-186730)
POCKET_D_ACE posts blind: 10
UDF1 posts blind: 20
POCKET_D_ACE received [5c 5s]
UDF1 received [Ks 8d]
POCKET_D_ACE calls
UDF1 raises to 5000
POCKET_D_ACE calls
Flop [5d As Qd], POCKET_D_ACE (5000), UDF1 (5000)
UDF1 bids 0
POCKET_D_ACE bids 0
POCKET_D_ACE won the auction and was revealed [Ks]
UDF1 won the auction and was revealed [5c]
Flop [5d As Qd], POCKET_D_ACE (5000), UDF1 (5000)
UDF1 checks
POCKET_D_ACE checks
Turn [5d As Qd 2s], POCKET_D_ACE (5000), UDF1 (5000)
UDF1 checks
POCKET_D_ACE checks
River [5d As Qd 2s Qh], POCKET_D_ACE (5000), UDF1 (5000)
UDF1 checks
POCKET_D_ACE checks
POCKET_D_ACE shows [5c 5s]
UDF1 shows [Ks 8d]
POCKET_D_ACE awarded 5000
UDF1 awarded -5000

Round #587, UDF1 (-191730), POCKET_D_ACE (191730)
UDF1 posts blind: 10
POCKET_D_ACE posts blind: 20
UDF1 received [5d 6d]
POCKET_D_ACE received [Kc Td]
UDF1 raises to 5000
POCKET_D_ACE calls
Flop [8d 6h 8c], UDF1 (5000), POCKET_D_ACE (5000)
POCKET_D_ACE bids 0
UDF1 bids 0
UDF1 won the auction and was revealed [Td]
POCKET_D_ACE won the auction and was revealed [5d]
Flop [8d 6h 8c], UDF1 (5000), POCKET_D_ACE (5000)
POCKET_D_ACE checks
UDF1 checks
Turn [8d 6h 8c Jd], UDF1 (5000), POCKET_D_ACE (5000)
POCKET_D_ACE checks
UDF1 checks
River [8d 6h 8c Jd 4c], UDF1 (5000), POCKET_D_ACE (5000)
POCKET_D_ACE checks
UDF1 checks
UDF1 shows [5d 6d]
POCKET_D_ACE shows [Kc Td]
UDF1 awarded 5000
POCKET_D_ACE awarded -5000

Round #588, POCKET_D_ACE (186730), UDF1 (-186730)
POCKET_D_ACE posts blind: 10
UDF1 posts blind: 20
POCKET_D_ACE received [4d Td]
UDF1 received [Jh 8s]
POCKET_D_ACE calls
UDF1 raises to 5000
POCKET_D_ACE calls
Flop [Kd 2h 4h], POCKET_D_ACE (5000), UDF1 (5000)
UDF1 bids 0
POCKET_D_ACE bids 0
POCKET_D_ACE won the auction and was revealed [8s]
UDF1 won the auction and was revealed [Td]
Flop [Kd 2h 4h], POCKET_D_ACE (5000), UDF1 (5000)
UDF1 checks
POCKET_D_ACE checks
Turn [Kd 2h 4h 7h], POCKET_D_ACE (5000), UDF1 (5000)
UDF1 checks
POCKET_D_ACE checks
River [Kd 2h 4h 7h 8c], POCKET_D_ACE (5000), UDF1 (5000)
UDF1 checks
POCKET_D_ACE checks
POCKET_D_ACE shows [4d Td]
UDF1 shows [Jh 8s]
POCKET_D_ACE awarded -5000
UDF1 awarded 5000

Round #589, UDF1 (-181730), POCKET_D_ACE (181730)
UDF1 posts blind: 10
POCKET_D_ACE posts blind: 20
UDF1 received [3c Js]
POCKET_D_ACE received [As Ts]
UDF1 raises to 5000
POCKET_D_ACE calls
Flop [5c 5s 6d], UDF1 (5000), POCKET_D_ACE (5000)
POCKET_D_ACE bids 0
UDF1 bids 0
UDF1 won the auction and was revealed [Ts]
POCKET_D_ACE won the auction and was revealed [Js]
Flop [5c 5s 6d], UDF1 (5000), POCKET_D_ACE (5000)
POCKET_D_ACE checks
UDF1 checks
Turn [5c 5s 6d 9s], UDF1 (5000), POCKET_D_ACE (5000)
POCKET_D_ACE checks
UDF1 checks
River [5c 5s 6d 9s 8c], UDF1 (5000), POCKET_D_ACE (5000)
POCKET_D_ACE checks
UDF1 checks
UDF1 shows [3c Js]
POCKET_D_ACE shows [As Ts]
UDF1 awarded -5000
POCKET_D_ACE awarded 5000

Round #590, POCKET_D_ACE (186730), UDF1 (-186730)
POCKET_D_ACE posts blind: 10
UDF1 posts blind: 20
POCKET_D_ACE received [Kh Ts]
UDF1 received [2s 4h]
POCKET_D_ACE calls
UDF1 raises to 5000
POCKET_D_ACE calls
Flop [Ks 9s 2d], POCKET_D_ACE (5000), UDF1 (5000)
UDF1 bids 0
POCKET_D_ACE bids 0
POCKET_D_ACE won the auction and was revealed [2s]
UDF1 won the auction and was revealed [Kh]
Flop [Ks 9s 2d], POCKET_D_ACE (5000), UDF1 (5000)
UDF1 checks
POCKET_D_ACE checks
Turn [Ks 9s 2d 3s], POCKET_D_ACE (5000), UDF1 (5000)
UDF1 checks
POCKET_D_ACE checks
River [Ks 9s 2d 3s 9c], POCKET_D_ACE (5000), UDF1 (5000)
UDF1 checks
POCKET_D_ACE checks
POCKET_D_ACE shows [Kh Ts]
UDF1 shows [2s 4h]
POCKET_D_ACE awarded 5000
UDF1 awarded -5000

Round #591, UDF1 (-191730), POCKET_D_ACE (191730)
UDF1 posts blind: 10
POCKET_D_ACE posts blind: 20
UDF1 received [7s Qs]
POCKET_D_ACE received [Jd 2c]
UDF1 raises to 5000
POCKET_D_ACE folds
UDF1 awarded 20
POCKET_D_ACE awarded -20

Round #592, POCKET_D_ACE (191710), UDF1 (-191710)
POCKET_D_ACE posts blind: 10
UDF1 posts blind: 20
POCKET_D_ACE received [Ah 2c]
UDF1 received [3s Kh]
POCKET_D_ACE calls
UDF1 raises to 5000
POCKET_D_ACE calls
Flop [Qs 6s 7d], POCKET_D_ACE (5000), UDF1 (5000)
UDF1 bids 0
POCKET_D_ACE bids 0
POCKET_D_ACE won the auction and was revealed [3s]
UDF1 won the auction and was revealed [Ah]
Flop [Qs 6s 7d], POCKET_D_ACE (5000), UDF1 (5000)
UDF1 checks
POCKET_D_ACE checks
Turn [Qs 6s 7d 6d], POCKET_D_ACE (5000), UDF1 (5000)
UDF1 checks
POCKET_D_ACE checks
River [Qs 6s 7d 6d 4s], POCKET_D_ACE (5000), UDF1 (5000)
UDF1 checks
POCKET_D_ACE checks
POCKET_D_ACE shows [Ah 2c]
UDF1 shows [3s Kh]
POCKET_D_ACE awarded 5000
UDF1 awarded -5000

Round #593, UDF1 (-196710), POCKET_D_ACE (196710)
UDF1 posts blind: 10
POCKET_D_ACE posts blind: 20
UDF1 received [Ts 2s]
POCKET_D_ACE received [6s 4c]
UDF1 raises to 5000
POCKET_D_ACE folds
UDF1 awarded 20
POCKET_D_ACE awarded -20

Round #594, POCKET_D_ACE (196690), UDF1 (-196690)
POCKET_D_ACE posts blind: 10
UDF1 posts blind: 20
POCKET_D_ACE received [3d As]
UDF1 received [Kc 3h]
POCKET_D_ACE calls
UDF1 raises to 5000
POCKET_D_ACE calls
Flop [4h Qd 7s], POCKET_D_ACE (5000), UDF1 (5000)
UDF1 bids 0
POCKET_D_ACE bids 0
POCKET_D_ACE won the auction and was revealed [3h]
UDF1 won the auction and was revealed [As]
Flop [4h Qd 7s], POCKET_D_ACE (5000), UDF1 (5000)
UDF1 checks
POCKET_D_ACE checks
Turn [4h Qd 7s 2c], POCKET_D_ACE (5000), UDF1 (5000)
UDF1 checks
POCKET_D_ACE checks
River [4h Qd 7s 2c 9h], POCKET_D_ACE (5000), UDF1 (5000)
UDF1 checks
POCKET_D_ACE checks
POCKET_D_ACE shows [3d As]
UDF1 shows [Kc 3h]
POCKET_D_ACE awarded 5000
UDF1 awarded -5000

Round #595, UDF1 (-201690), POCKET_D_ACE (201690)
UDF1 posts blind: 10
POCKET_D_ACE posts blind: 20
UDF1 received [7c 9c]
POCKET_D_ACE received [3c 2h]
UDF1 raises to 5000
POCKET_D_ACE folds
UDF1 awarded 20
POCKET_D_ACE awarded -20

Round #596, POCKET_D_ACE (201670), UDF1 (-201670)
POCKET_D_ACE posts blind: 10
UDF1 posts blind: 20
POCKET_D_ACE received [Jh 3d]
UDF1 received [6c 6d]
POCKET_D_ACE calls
UDF1 raises to 5000
POCKET_D_ACE folds
POCKET_D_ACE awarded -20
UDF1 awarded 20

Round #597, UDF1 (-201650), POCKET_D_ACE (201650)
UDF1 posts blind: 10
POCKET_D_ACE posts blind: 20
UDF1 received [Td Kc]
POCKET_D_ACE received [6d Ac]
UDF1 raises to 5000
POCKET_D_ACE calls
Flop [8d 8h 2d], UDF1 (5000), POCKET_D_ACE (5000)
POCKET_D_ACE bids 0
UDF1 bids 0
UDF1 won the auction and was revealed [Ac]
POCKET_D_ACE won the auction and was revealed [Kc]
Flop [8d 8h 2d], UDF1 (5000), POCKET_D_ACE (5000)
POCKET_D_ACE checks
UDF1 checks
Turn [8d 8h 2d 5d], UDF1 (5000), POCKET_D_ACE (5000)
POCKET_D_ACE checks
UDF1 checks
River [8d 8h 2d 5d Ah], UDF1 (5000), POCKET_D_ACE (5000)
POCKET_D_ACE checks
UDF1 checks
UDF1 shows [Td Kc]
POCKET_D_ACE shows [6d Ac]
UDF1 awarded -5000
POCKET_D_ACE awarded 5000

Round #598, POCKET_D_ACE (206650), UDF1 (-206650)
POCKET_D_ACE posts blind: 10
UDF1 posts blind: 20
POCKET_D_ACE received [Ad 3s]
UDF1 received [Tc Ts]
POCKET_D_ACE calls
UDF1 raises to 5000
POCKET_D_ACE calls
Flop [3d Ks Qc], POCKET_D_ACE (5000), UDF1 (5000)
UDF1 bids 0
POCKET_D_ACE bids 0
POCKET_D_ACE won the auction and was revealed [Tc]
UDF1 won the auction and was revealed [Ad]
Flop [3d Ks Qc], POCKET_D_ACE (5000), UDF1 (5000)
UDF1 checks
POCKET_D_ACE checks
Turn [3d Ks Qc 9c], POCKET_D_ACE (5000), UDF1 (5000)
UDF1 checks
POCKET_D_ACE checks
River [3d Ks Qc 9c 9h], POCKET_D_ACE (5000), UDF1 (5000)
UDF1 checks
POCKET_D_ACE checks
POCKET_D_ACE shows [Ad 3s]
UDF1 shows [Tc Ts]
POCKET_D_ACE awarded -5000
UDF1 awarded 5000

Round #599, UDF1 (-201650), POCKET_D_ACE (201650)
UDF1 posts blind: 10
POCKET_D_ACE posts blind: 20
UDF1 received [3h Ah]
POCKET_D_ACE received [5s Kd]
UDF1 raises to 5000
POCKET_D_ACE calls
Flop [2d 4h 3d], UDF1 (5000), POCKET_D_ACE (5000)
POCKET_D_ACE bids 0
UDF1 bids 0
UDF1 won the auction and was revealed [5s]
POCKET_D_ACE won the auction and was revealed [3h]
Flop [2d 4h 3d], UDF1 (5000), POCKET_D_ACE (5000)
POCKET_D_ACE checks
UDF1 checks
Turn [2d 4h 3d 9h], UDF1 (5000), POCKET_D_ACE (5000)
POCKET_D_ACE checks
UDF1 checks
River [2d 4h 3d 9h 6h], UDF1 (5000), POCKET_D_ACE (5000)
POCKET_D_ACE checks
UDF1 checks
UDF1 shows [3h Ah]
POCKET_D_ACE shows [5s Kd]
UDF1 awarded 5000
POCKET_D_ACE awarded -5000

Round #600, POCKET_D_ACE (196650), UDF1 (-196650)
POCKET_D_ACE posts blind: 10
UDF1 posts blind: 20
POCKET_D_ACE received [2c Tc]
UDF1 received [Jc Qh]
POCKET_D_ACE calls
UDF1 raises to 5000
POCKET_D_ACE folds
POCKET_D_ACE awarded -20
UDF1 awarded 20

Round #601, UDF1 (-196630), POCKET_D_ACE (196630)
UDF1 posts blind: 10
POCKET_D_ACE posts blind: 20
UDF1 received [Ad 6c]
POCKET_D_ACE received [8s Td]
UDF1 raises to 5000
POCKET_D_ACE calls
Flop [Ks 4d 3s], UDF1 (5000), POCKET_D_ACE (5000)
POCKET_D_ACE bids 0
UDF1 bids 0
UDF1 won the auction and was revealed [8s]
POCKET_D_ACE won the auction and was revealed [6c]
Flop [Ks 4d 3s], UDF1 (5000), POCKET_D_ACE (5000)
POCKET_D_ACE checks
UDF1 checks
Turn [Ks 4d 3s 8c], UDF1 (5000), POCKET_D_ACE (5000)
POCKET_D_ACE checks
UDF1 checks
River [Ks 4d 3s 8c Kd], UDF1 (5000), POCKET_D_ACE (5000)
POCKET_D_ACE checks
UDF1 checks
UDF1 shows [Ad 6c]
POCKET_D_ACE shows [8s Td]
UDF1 awarded -5000
POCKET_D_ACE awarded 5000

Round #602, POCKET_D_ACE (201630), UDF1 (-201630)
POCKET_D_ACE posts blind: 10
UDF1 posts blind: 20
POCKET_D_ACE received [Ad Ah]
UDF1 received [Tc 5s]
POCKET_D_ACE raises to 58
UDF1 raises to 5000
POCKET_D_ACE calls
Flop [9d 2c 9c], POCKET_D_ACE (5000), UDF1 (5000)
UDF1 bids 0
POCKET_D_ACE bids 0
POCKET_D_ACE won the auction and was revealed [5s]
UDF1 won the auction and was revealed [Ad]
Flop [9d 2c 9c], POCKET_D_ACE (5000), UDF1 (5000)
UDF1 checks
POCKET_D_ACE checks
Turn [9d 2c 9c 7s], POCKET_D_ACE (5000), UDF1 (5000)
UDF1 checks
POCKET_D_ACE checks
River [9d 2c 9c 7s Kh], POCKET_D_ACE (5000), UDF1 (5000)
UDF1 checks
POCKET_D_ACE checks
POCKET_D_ACE shows [Ad Ah]
UDF1 shows [Tc 5s]
POCKET_D_ACE awarded 5000
UDF1 awarded -5000

Round #603, UDF1 (-206630), POCKET_D_ACE (206630)
UDF1 posts blind: 10
POCKET_D_ACE posts blind: 20
UDF1 received [Qs 3h]
POCKET_D_ACE received [5d 7d]
UDF1 raises to 5000
POCKET_D_ACE calls
Flop [2s 9s Kh], UDF1 (5000), POCKET_D_ACE (5000)
POCKET_D_ACE bids 0
UDF1 bids 0
UDF1 won the auction and was revealed [5d]
POCKET_D_ACE won the auction and was revealed [3h]
Flop [2s 9s Kh], UDF1 (5000), POCKET_D_ACE (5000)
POCKET_D_ACE checks
UDF1 checks
Turn [2s 9s Kh 4c], UDF1 (5000), POCKET_D_ACE (5000)
POCKET_D_ACE checks
UDF1 checks
River [2s 9s Kh 4c Th], UDF1 (5000), POCKET_D_ACE (5000)
POCKET_D_ACE checks
UDF1 checks
UDF1 shows [Qs 3h]
POCKET_D_ACE shows [5d 7d]
UDF1 awarded 5000
POCKET_D_ACE awarded -5000

Round #604, POCKET_D_ACE (201630), UDF1 (-201630)
POCKET_D_ACE posts blind: 10
UDF1 posts blind: 20
POCKET_D_ACE received [7s 7c]
UDF1 received [Kc Kd]
POCKET_D_ACE raises to 52
UDF1 raises to 5000
POCKET_D_ACE calls
Flop [Td 8h 5h], POCKET_D_ACE (5000), UDF1 (5000)
UDF1 bids 0
POCKET_D_ACE bids 0
POCKET_D_ACE won the auction and was revealed [Kc]
UDF1 won the auction and was revealed [7s]
Flop [Td 8h 5h], POCKET_D_ACE (5000), UDF1 (5000)
UDF1 checks
POCKET_D_ACE checks
Turn [Td 8h 5h 9s], POCKET_D_ACE (5000), UDF1 (5000)
UDF1 checks
POCKET_D_ACE checks
River [Td 8h 5h 9s As], POCKET_D_ACE (5000), UDF1 (5000)
UDF1 checks
POCKET_D_ACE checks
POCKET_D_ACE shows [7s 7c]
UDF1 shows [Kc Kd]
POCKET_D_ACE awarded -5000
UDF1 awarded 5000

Round #605, UDF1 (-196630), POCKET_D_ACE (196630)
UDF1 posts blind: 10
POCKET_D_ACE posts blind: 20
UDF1 received [Jd Js]
POCKET_D_ACE received [7s Qd]
UDF1 raises to 5000
POCKET_D_ACE calls
Flop [7c Ts 3h], UDF1 (5000), POCKET_D_ACE (5000)
POCKET_D_ACE bids 0
UDF1 bids 0
UDF1 won the auction and was revealed [7s]
POCKET_D_ACE won the auction and was revealed [Js]
Flop [7c Ts 3h], UDF1 (5000), POCKET_D_ACE (5000)
POCKET_D_ACE checks
UDF1 checks
Turn [7c Ts 3h 4s], UDF1 (5000), POCKET_D_ACE (5000)
POCKET_D_ACE checks
UDF1 checks
River [7c Ts 3h 4s 6c], UDF1 (5000), POCKET_D_ACE (5000)
POCKET_D_ACE checks
UDF1 checks
UDF1 shows [Jd Js]
POCKET_D_ACE shows [7s Qd]
UDF1 awarded 5000
POCKET_D_ACE awarded -5000

Round #606, POCKET_D_ACE (191630), UDF1 (-191630)
POCKET_D_ACE posts blind: 10
UDF1 posts blind: 20
POCKET_D_ACE received [Qd Ks]
UDF1 received [7s Kc]
POCKET_D_ACE calls
UDF1 raises to 5000
POCKET_D_ACE calls
Flop [7h 8h Th], POCKET_D_ACE (5000), UDF1 (5000)
UDF1 bids 0
POCKET_D_ACE bids 0
POCKET_D_ACE won the auction and was revealed [7s]
UDF1 won the auction and was revealed [Ks]
Flop [7h 8h Th], POCKET_D_ACE (5000), UDF1 (5000)
UDF1 checks
POCKET_D_ACE checks
Turn [7h 8h Th Ts], POCKET_D_ACE (5000), UDF1 (5000)
UDF1 checks
POCKET_D_ACE checks
River [7h 8h Th Ts 4d], POCKET_D_ACE (5000), UDF1 (5000)
UDF1 checks
POCKET_D_ACE checks
POCKET_D_ACE shows [Qd Ks]
UDF1 shows [7s Kc]
POCKET_D_ACE awarded -5000
UDF1 awarded 5000

Round #607, UDF1 (-186630), POCKET_D_ACE (186630)
UDF1 posts blind: 10
POCKET_D_ACE posts blind: 20
UDF1 received [9c 4h]
POCKET_D_ACE received [Qs 2d]
UDF1 raises to 5000
POCKET_D_ACE folds
UDF1 awarded 20
POCKET_D_ACE awarded -20

Round #608, POCKET_D_ACE (186610), UDF1 (-186610)
POCKET_D_ACE posts blind: 10
UDF1 posts blind: 20
POCKET_D_ACE received [9c 8s]
UDF1 received [4s 2d]
POCKET_D_ACE calls
UDF1 raises to 5000
POCKET_D_ACE calls
Flop [5c 7d 7h], POCKET_D_ACE (5000), UDF1 (5000)
UDF1 bids 0
POCKET_D_ACE bids 0
POCKET_D_ACE won the auction and was revealed [4s]
UDF1 won the auction and was revealed [9c]
Flop [5c 7d 7h], POCKET_D_ACE (5000), UDF1 (5000)
UDF1 checks
POCKET_D_ACE checks
Turn [5c 7d 7h Ad], POCKET_D_ACE (5000), UDF1 (5000)
UDF1 checks
POCKET_D_ACE checks
River [5c 7d 7h Ad 3s], POCKET_D_ACE (5000), UDF1 (5000)
UDF1 checks
POCKET_D_ACE checks
POCKET_D_ACE shows [9c 8s]
UDF1 shows [4s 2d]
POCKET_D_ACE awarded -5000
UDF1 awarded 5000

Round #609, UDF1 (-181610), POCKET_D_ACE (181610)
UDF1 posts blind: 10
POCKET_D_ACE posts blind: 20
UDF1 received [As Kc]
POCKET_D_ACE received [Jd 2d]
UDF1 raises to 5000
POCKET_D_ACE folds
UDF1 awarded 20
POCKET_D_ACE awarded -20

Round #610, POCKET_D_ACE (181590), UDF1 (-181590)
POCKET_D_ACE posts blind: 10
UDF1 posts blind: 20
POCKET_D_ACE received [Ad As]
UDF1 received [3c 7d]
POCKET_D_ACE raises to 58
UDF1 raises to 5000
POCKET_D_ACE calls
Flop [2c Qs Js], POCKET_D_ACE (5000), UDF1 (5000)
UDF1 bids 0
POCKET_D_ACE bids 0
POCKET_D_ACE won the auction and was revealed [7d]
UDF1 won the auction and was revealed [As]
Flop [2c Qs Js], POCKET_D_ACE (5000), UDF1 (5000)
UDF1 checks
POCKET_D_ACE checks
Turn [2c Qs Js Th], POCKET_D_ACE (5000), UDF1 (5000)
UDF1 checks
POCKET_D_ACE checks
River [2c Qs Js Th 3s], POCKET_D_ACE (5000), UDF1 (5000)
UDF1 checks
POCKET_D_ACE checks
POCKET_D_ACE shows [Ad As]
UDF1 shows [3c 7d]
POCKET_D_ACE awarded 5000
UDF1 awarded -5000

Round #611, UDF1 (-186590), POCKET_D_ACE (186590)
UDF1 posts blind: 10
POCKET_D_ACE posts blind: 20
UDF1 received [4s Ad]
POCKET_D_ACE received [5h Ac]
UDF1 raises to 5000
POCKET_D_ACE calls
Flop [Jh 8h 8s], UDF1 (5000), POCKET_D_ACE (5000)
POCKET_D_ACE bids 0
UDF1 bids 0
UDF1 won the auction and was revealed [5h]
POCKET_D_ACE won the auction and was revealed [4s]
Flop [Jh 8h 8s], UDF1 (5000), POCKET_D_ACE (5000)
POCKET_D_ACE checks
UDF1 checks
Turn [Jh 8h 8s 7d], UDF1 (5000), POCKET_D_ACE (5000)
POCKET_D_ACE checks
UDF1 checks
River [Jh 8h 8s 7d Qc], UDF1 (5000), POCKET_D_ACE (5000)
POCKET_D_ACE checks
UDF1 checks
UDF1 shows [4s Ad]
POCKET_D_ACE shows [5h Ac]
UDF1 awarded 0
POCKET_D_ACE awarded 0

Round #612, POCKET_D_ACE (186590), UDF1 (-186590)
POCKET_D_ACE posts blind: 10
UDF1 posts blind: 20
POCKET_D_ACE received [7s Jc]
UDF1 received [3s Qd]
POCKET_D_ACE calls
UDF1 raises to 5000
POCKET_D_ACE calls
Flop [3c Jh Kd], POCKET_D_ACE (5000), UDF1 (5000)
UDF1 bids 0
POCKET_D_ACE bids 0
POCKET_D_ACE won the auction and was revealed [Qd]
UDF1 won the auction and was revealed [7s]
Flop [3c Jh Kd], POCKET_D_ACE (5000), UDF1 (5000)
UDF1 checks
POCKET_D_ACE checks
Turn [3c Jh Kd 2d], POCKET_D_ACE (5000), UDF1 (5000)
UDF1 checks
POCKET_D_ACE checks
River [3c Jh Kd 2d Td], POCKET_D_ACE (5000), UDF1 (5000)
UDF1 checks
POCKET_D_ACE checks
POCKET_D_ACE shows [7s Jc]
UDF1 shows [3s Qd]
POCKET_D_ACE awarded 5000
UDF1 awarded -5000

Round #613, UDF1 (-191590), POCKET_D_ACE (191590)
UDF1 posts blind: 10
POCKET_D_ACE posts blind: 20
UDF1 received [Kd Ts]
POCKET_D_ACE received [Qc Ad]
UDF1 raises to 5000
POCKET_D_ACE calls
Flop [6d 3h Qh], UDF1 (5000), POCKET_D_ACE (5000)
POCKET_D_ACE bids 0
UDF1 bids 0
UDF1 won the auction and was revealed [Ad]
POCKET_D_ACE won the auction and was revealed [Kd]
Flop [6d 3h Qh], UDF1 (5000), POCKET_D_ACE (5000)
POCKET_D_ACE checks
UDF1 checks
Turn [6d 3h Qh 5c], UDF1 (5000), POCKET_D_ACE (5000)
POCKET_D_ACE checks
UDF1 checks
River [6d 3h Qh 5c 5h], UDF1 (5000), POCKET_D_ACE (5000)
POCKET_D_ACE checks
UDF1 checks
UDF1 shows [Kd Ts]
POCKET_D_ACE shows [Qc Ad]
UDF1 awarded -5000
POCKET_D_ACE awarded 5000

Round #614, POCKET_D_ACE (196590), UDF1 (-196590)
POCKET_D_ACE posts blind: 10
UDF1 posts blind: 20
POCKET_D_ACE received [Td 2s]
UDF1 received [4s 8h]
POCKET_D_ACE calls
UDF1 raises to 5000
POCKET_D_ACE folds
POCKET_D_ACE awarded -20
UDF1 awarded 20

Round #615, UDF1 (-196570), POCKET_D_ACE (196570)
UDF1 posts blind: 10
POCKET_D_ACE posts blind: 20
UDF1 received [4h 4c]
POCKET_D_ACE received [6h 8s]
UDF1 raises to 5000
POCKET_D_ACE calls
Flop [7c 6d 7s], UDF1 (5000), POCKET_D_ACE (5000)
POCKET_D_ACE bids 0
UDF1 bids 0
UDF1 won the auction and was revealed [8s]
POCKET_D_ACE won the auction and was revealed [4c]
Flop [7c 6d 7s], UDF1 (5000), POCKET_D_ACE (5000)
POCKET_D_ACE checks
UDF1 checks
Turn [7c 6d 7s 5s], UDF1 (5000), POCKET_D_ACE (5000)
POCKET_D_ACE checks
UDF1 checks
River [7c 6d 7s 5s 2d], UDF1 (5000), POCKET_D_ACE (5000)
POCKET_D_ACE checks
UDF1 checks
UDF1 shows [4h 4c]
POCKET_D_ACE shows [6h 8s]
UDF1 awarded -5000
POCKET_D_ACE awarded 5000

Round #616, POCKET_D_ACE (201570), UDF1 (-201570)
POCKET_D_ACE posts blind: 10
UDF1 posts blind: 20
POCKET_D_ACE received [Js 6c]
UDF1 received [6h Kc]
POCKET_D_ACE calls
UDF1 raises to 5000
POCKET_D_ACE calls
Flop [2c As 7s], POCKET_D_ACE (5000), UDF1 (5000)
UDF1 bids 0
POCKET_D_ACE bids 0
POCKET_D_ACE won the auction and was revealed [Kc]
UDF1 won the auction and was revealed [Js]
Flop [2c As 7s], POCKET_D_ACE (5000), UDF1 (5000)
UDF1 checks
POCKET_D_ACE checks
Turn [2c As 7s Qs], POCKET_D_ACE (5000), UDF1 (5000)
UDF1 checks
POCKET_D_ACE checks
River [2c As 7s Qs Jd], POCKET_D_ACE (5000), UDF1 (5000)
UDF1 checks
POCKET_D_ACE checks
POCKET_D_ACE shows [Js 6c]
UDF1 shows [6h Kc]
POCKET_D_ACE awarded 5000
UDF1 awarded -5000

Round #617, UDF1 (-206570), POCKET_D_ACE (206570)
UDF1 posts blind: 10
POCKET_D_ACE posts blind: 20
UDF1 received [8h 2h]
POCKET_D_ACE received [9s Ah]
UDF1 raises to 5000
POCKET_D_ACE calls
Flop [Qs Tc Kh], UDF1 (5000), POCKET_D_ACE (5000)
POCKET_D_ACE bids 0
UDF1 bids 0
UDF1 won the auction and was revealed [Ah]
POCKET_D_ACE won the auction and was revealed [8h]
Flop [Qs Tc Kh], UDF1 (5000), POCKET_D_ACE (5000)
POCKET_D_ACE checks
UDF1 checks
Turn [Qs Tc Kh Ts], UDF1 (5000), POCKET_D_ACE (5000)
POCKET_D_ACE checks
UDF1 checks
River [Qs Tc Kh Ts 6c], UDF1 (5000), POCKET_D_ACE (5000)
POCKET_D_ACE checks
UDF1 checks
UDF1 shows [8h 2h]
POCKET_D_ACE shows [9s Ah]
UDF1 awarded -5000
POCKET_D_ACE awarded 5000

Round #618, POCKET_D_ACE (211570), UDF1 (-211570)
POCKET_D_ACE posts blind: 10
UDF1 posts blind: 20
POCKET_D_ACE received [As Qs]
UDF1 received [Qc Qd]
POCKET_D_ACE raises to 52
UDF1 raises to 5000
POCKET_D_ACE calls
Flop [Td Ah 3d], POCKET_D_ACE (5000), UDF1 (5000)
UDF1 bids 0
POCKET_D_ACE bids 0
POCKET_D_ACE won the auction and was revealed [Qc]
UDF1 won the auction and was revealed [As]
Flop [Td Ah 3d], POCKET_D_ACE (5000), UDF1 (5000)
UDF1 checks
POCKET_D_ACE checks
Turn [Td Ah 3d Kc], POCKET_D_ACE (5000), UDF1 (5000)
UDF1 checks
POCKET_D_ACE checks
River [Td Ah 3d Kc 7d], POCKET_D_ACE (5000), UDF1 (5000)
UDF1 checks
POCKET_D_ACE checks
POCKET_D_ACE shows [As Qs]
UDF1 shows [Qc Qd]
POCKET_D_ACE awarded 5000
UDF1 awarded -5000

Round #619, UDF1 (-216570), POCKET_D_ACE (216570)
UDF1 posts blind: 10
POCKET_D_ACE posts blind: 20
UDF1 received [Qd 3s]
POCKET_D_ACE received [3d 7s]
UDF1 raises to 5000
POCKET_D_ACE folds
UDF1 awarded 20
POCKET_D_ACE awarded -20

Round #620, POCKET_D_ACE (216550), UDF1 (-216550)
POCKET_D_ACE posts blind: 10
UDF1 posts blind: 20
POCKET_D_ACE received [2s 7h]
UDF1 received [Kc 8h]
POCKET_D_ACE calls
UDF1 raises to 5000
POCKET_D_ACE folds
POCKET_D_ACE awarded -20
UDF1 awarded 20

Round #621, UDF1 (-216530), POCKET_D_ACE (216530)
UDF1 posts blind: 10
POCKET_D_ACE posts blind: 20
UDF1 received [Th Ks]
POCKET_D_ACE received [5d Js]
UDF1 raises to 5000
POCKET_D_ACE calls
Flop [9s Td 8d], UDF1 (5000), POCKET_D_ACE (5000)
POCKET_D_ACE bids 0
UDF1 bids 0
UDF1 won the auction and was revealed [Js]
POCKET_D_ACE won the auction and was revealed [Th]
Flop [9s Td 8d], UDF1 (5000), POCKET_D_ACE (5000)
POCKET_D_ACE checks
UDF1 checks
Turn [9s Td 8d 7d], UDF1 (5000), POCKET_D_ACE (5000)
POCKET_D_ACE checks
UDF1 checks
River [9s Td 8d 7d Jh], UDF1 (5000), POCKET_D_ACE (5000)
POCKET_D_ACE checks
UDF1 checks
UDF1 shows [Th Ks]
POCKET_D_ACE shows [5d Js]
UDF1 awarded 0
POCKET_D_ACE awarded 0

Round #622, POCKET_D_ACE (216530), UDF1 (-216530)
POCKET_D_ACE posts blind: 10
UDF1 posts blind: 20
POCKET_D_ACE received [2d 2s]
UDF1 received [Ah 9s]
POCKET_D_ACE calls
UDF1 raises to 5000
POCKET_D_ACE calls
Flop [4d Jc 6d], POCKET_D_ACE (5000), UDF1 (5000)
UDF1 bids 0
POCKET_D_ACE bids 0
POCKET_D_ACE won the auction and was revealed [Ah]
UDF1 won the auction and was revealed [2d]
Flop [4d Jc 6d], POCKET_D_ACE (5000), UDF1 (5000)
UDF1 checks
POCKET_D_ACE checks
Turn [4d Jc 6d 6c], POCKET_D_ACE (5000), UDF1 (5000)
UDF1 checks
POCKET_D_ACE checks
River [4d Jc 6d 6c 3h], POCKET_D_ACE (5000), UDF1 (5000)
UDF1 checks
POCKET_D_ACE checks
POCKET_D_ACE shows [2d 2s]
UDF1 shows [Ah 9s]
POCKET_D_ACE awarded 5000
UDF1 awarded -5000

Round #623, UDF1 (-221530), POCKET_D_ACE (221530)
UDF1 posts blind: 10
POCKET_D_ACE posts blind: 20
UDF1 received [9c 7c]
POCKET_D_ACE received [2s 7s]
UDF1 raises to 5000
POCKET_D_ACE folds
UDF1 awarded 20
POCKET_D_ACE awarded -20

Round #624, POCKET_D_ACE (221510), UDF1 (-221510)
POCKET_D_ACE posts blind: 10
UDF1 posts blind: 20
POCKET_D_ACE received [8d 5d]
UDF1 received [Ah 8s]
POCKET_D_ACE calls
UDF1 raises to 5000
POCKET_D_ACE calls
Flop [6h Kc 4s], POCKET_D_ACE (5000), UDF1 (5000)
UDF1 bids 0
POCKET_D_ACE bids 0
POCKET_D_ACE won the auction and was revealed [8s]
UDF1 won the auction and was revealed [8d]
Flop [6h Kc 4s], POCKET_D_ACE (5000), UDF1 (5000)
UDF1 checks
POCKET_D_ACE checks
Turn [6h Kc 4s Th], POCKET_D_ACE (5000), UDF1 (5000)
UDF1 checks
POCKET_D_ACE checks
River [6h Kc 4s Th Ac], POCKET_D_ACE (5000), UDF1 (5000)
UDF1 checks
POCKET_D_ACE checks
POCKET_D_ACE shows [8d 5d]
UDF1 shows [Ah 8s]
POCKET_D_ACE awarded -5000
UDF1 awarded 5000

Round #625, UDF1 (-216510), POCKET_D_ACE (216510)
UDF1 posts blind: 10
POCKET_D_ACE posts blind: 20
UDF1 received [Ad 5h]
POCKET_D_ACE received [Jc Qc]
UDF1 raises to 5000
POCKET_D_ACE calls
Flop [9c Ac 4c], UDF1 (5000), POCKET_D_ACE (5000)
POCKET_D_ACE bids 0
UDF1 bids 0
UDF1 won the auction and was revealed [Qc]
POCKET_D_ACE won the auction and was revealed [5h]
Flop [9c Ac 4c], UDF1 (5000), POCKET_D_ACE (5000)
POCKET_D_ACE checks
UDF1 checks
Turn [9c Ac 4c Tc], UDF1 (5000), POCKET_D_ACE (5000)
POCKET_D_ACE checks
UDF1 checks
River [9c Ac 4c Tc 2s], UDF1 (5000), POCKET_D_ACE (5000)
POCKET_D_ACE checks
UDF1 checks
UDF1 shows [Ad 5h]
POCKET_D_ACE shows [Jc Qc]
UDF1 awarded -5000
POCKET_D_ACE awarded 5000

Round #626, POCKET_D_ACE (221510), UDF1 (-221510)
POCKET_D_ACE posts blind: 10
UDF1 posts blind: 20
POCKET_D_ACE received [6c 6d]
UDF1 received [9c Ks]
POCKET_D_ACE calls
UDF1 raises to 5000
POCKET_D_ACE calls
Flop [4h 7d Kd], POCKET_D_ACE (5000), UDF1 (5000)
UDF1 bids 0
POCKET_D_ACE bids 0
POCKET_D_ACE won the auction and was revealed [9c]
UDF1 won the auction and was revealed [6c]
Flop [4h 7d Kd], POCKET_D_ACE (5000), UDF1 (5000)
UDF1 checks
POCKET_D_ACE checks
Turn [4h 7d Kd 2h], POCKET_D_ACE (5000), UDF1 (5000)
UDF1 checks
POCKET_D_ACE checks
River [4h 7d Kd 2h Ad], POCKET_D_ACE (5000), UDF1 (5000)
UDF1 checks
POCKET_D_ACE checks
POCKET_D_ACE shows [6c 6d]
UDF1 shows [9c Ks]
POCKET_D_ACE awarded -5000
UDF1 awarded 5000

Round #627, UDF1 (-216510), POCKET_D_ACE (216510)
UDF1 posts blind: 10
POCKET_D_ACE posts blind: 20
UDF1 received [6s 7h]
POCKET_D_ACE received [Kh 4s]
UDF1 raises to 5000
POCKET_D_ACE calls
Flop [8c 7s Th], UDF1 (5000), POCKET_D_ACE (5000)
POCKET_D_ACE bids 0
UDF1 bids 0
UDF1 won the auction and was revealed [4s]
POCKET_D_ACE won the auction and was revealed [6s]
Flop [8c 7s Th], UDF1 (5000), POCKET_D_ACE (5000)
POCKET_D_ACE checks
UDF1 checks
Turn [8c 7s Th Ts], UDF1 (5000), POCKET_D_ACE (5000)
POCKET_D_ACE checks
UDF1 checks
River [8c 7s Th Ts 8d], UDF1 (5000), POCKET_D_ACE (5000)
POCKET_D_ACE checks
UDF1 checks
UDF1 shows [6s 7h]
POCKET_D_ACE shows [Kh 4s]
UDF1 awarded -5000
POCKET_D_ACE awarded 5000

Round #628, POCKET_D_ACE (221510), UDF1 (-221510)
POCKET_D_ACE posts blind: 10
UDF1 posts blind: 20
POCKET_D_ACE received [5d 8s]
UDF1 received [Qh 4c]
POCKET_D_ACE calls
UDF1 raises to 5000
POCKET_D_ACE folds
POCKET_D_ACE awarded -20
UDF1 awarded 20

Round #629, UDF1 (-221490), POCKET_D_ACE (221490)
UDF1 posts blind: 10
POCKET_D_ACE posts blind: 20
UDF1 received [9h 5h]
POCKET_D_ACE received [As 4c]
UDF1 raises to 5000
POCKET_D_ACE calls
Flop [Ac 7h Jc], UDF1 (5000), POCKET_D_ACE (5000)
POCKET_D_ACE bids 0
UDF1 bids 0
UDF1 won the auction and was revealed [As]
POCKET_D_ACE won the auction and was revealed [9h]
Flop [Ac 7h Jc], UDF1 (5000), POCKET_D_ACE (5000)
POCKET_D_ACE checks
UDF1 checks
Turn [Ac 7h Jc Kd], UDF1 (5000), POCKET_D_ACE (5000)
POCKET_D_ACE checks
UDF1 checks
River [Ac 7h Jc Kd 6d], UDF1 (5000), POCKET_D_ACE (5000)
POCKET_D_ACE checks
UDF1 checks
UDF1 shows [9h 5h]
POCKET_D_ACE shows [As 4c]
UDF1 awarded -5000
POCKET_D_ACE awarded 5000

Round #630, POCKET_D_ACE (226490), UDF1 (-226490)
POCKET_D_ACE posts blind: 10
UDF1 posts blind: 20
POCKET_D_ACE received [As 6c]
UDF1 received [8c 7s]
POCKET_D_ACE calls
UDF1 raises to 5000
POCKET_D_ACE calls
Flop [Tc 7c 4d], POCKET_D_ACE (5000), UDF1 (5000)
UDF1 bids 0
POCKET_D_ACE bids 0
POCKET_D_ACE won the auction and was revealed [7s]
UDF1 won the auction and was revealed [6c]
Flop [Tc 7c 4d], POCKET_D_ACE (5000), UDF1 (5000)
UDF1 checks
POCKET_D_ACE checks
Turn [Tc 7c 4d 3d], POCKET_D_ACE (5000), UDF1 (5000)
UDF1 checks
POCKET_D_ACE checks
River [Tc 7c 4d 3d Ah], POCKET_D_ACE (5000), UDF1 (5000)
UDF1 checks
POCKET_D_ACE checks
POCKET_D_ACE shows [As 6c]
UDF1 shows [8c 7s]
POCKET_D_ACE awarded 5000
UDF1 awarded -5000

Round #631, UDF1 (-231490), POCKET_D_ACE (231490)
UDF1 posts blind: 10
POCKET_D_ACE posts blind: 20
UDF1 received [2d Jd]
POCKET_D_ACE received [3s Kd]
UDF1 raises to 5000
POCKET_D_ACE calls
Flop [Ad 5d 6c], UDF1 (5000), POCKET_D_ACE (5000)
POCKET_D_ACE bids 0
UDF1 bids 0
UDF1 won the auction and was revealed [Kd]
POCKET_D_ACE won the auction and was revealed [Jd]
Flop [Ad 5d 6c], UDF1 (5000), POCKET_D_ACE (5000)
POCKET_D_ACE checks
UDF1 checks
Turn [Ad 5d 6c Th], UDF1 (5000), POCKET_D_ACE (5000)
POCKET_D_ACE checks
UDF1 checks
River [Ad 5d 6c Th 6s], UDF1 (5000), POCKET_D_ACE (5000)
POCKET_D_ACE checks
UDF1 checks
UDF1 shows [2d Jd]
POCKET_D_ACE shows [3s Kd]
UDF1 awarded -5000
POCKET_D_ACE awarded 5000

Round #632, POCKET_D_ACE (236490), UDF1 (-236490)
POCKET_D_ACE posts blind: 10
UDF1 posts blind: 20
POCKET_D_ACE received [8s 3d]
UDF1 received [5h Th]
POCKET_D_ACE calls
UDF1 raises to 5000
POCKET_D_ACE folds
POCKET_D_ACE awarded -20
UDF1 awarded 20

Round #633, UDF1 (-236470), POCKET_D_ACE (236470)
UDF1 posts blind: 10
POCKET_D_ACE posts blind: 20
UDF1 received [7h Kh]
POCKET_D_ACE received [6h 4c]
UDF1 raises to 5000
POCKET_D_ACE folds
UDF1 awarded 20
POCKET_D_ACE awarded -20

Round #634, POCKET_D_ACE (236450), UDF1 (-236450)
POCKET_D_ACE posts blind: 10
UDF1 posts blind: 20
POCKET_D_ACE received [7h Kc]
UDF1 received [7s 5d]
POCKET_D_ACE calls
UDF1 raises to 5000
POCKET_D_ACE calls
Flop [4d Th 4c], POCKET_D_ACE (5000), UDF1 (5000)
UDF1 bids 0
POCKET_D_ACE bids 0
POCKET_D_ACE won the auction and was revealed [5d]
UDF1 won the auction and was revealed [Kc]
Flop [4d Th 4c], POCKET_D_ACE (5000), UDF1 (5000)
UDF1 checks
POCKET_D_ACE checks
Turn [4d Th 4c 6s], POCKET_D_ACE (5000), UDF1 (5000)
UDF1 checks
POCKET_D_ACE checks
River [4d Th 4c 6s Jh], POCKET_D_ACE (5000), UDF1 (5000)
UDF1 checks
POCKET_D_ACE checks
POCKET_D_ACE shows [7h Kc]
UDF1 shows [7s 5d]
POCKET_D_ACE awarded 5000
UDF1 awarded -5000

Round #635, UDF1 (-241450), POCKET_D_ACE (241450)
UDF1 posts blind: 10
POCKET_D_ACE posts blind: 20
UDF1 received [Kc 3c]
POCKET_D_ACE received [Jc Ac]
UDF1 raises to 5000
POCKET_D_ACE calls
Flop [Kd 9h 9s], UDF1 (5000), POCKET_D_ACE (5000)
POCKET_D_ACE bids 0
UDF1 bids 0
UDF1 won the auction and was revealed [Ac]
POCKET_D_ACE won the auction and was revealed [Kc]
Flop [Kd 9h 9s], UDF1 (5000), POCKET_D_ACE (5000)
POCKET_D_ACE checks
UDF1 checks
Turn [Kd 9h 9s 7d], UDF1 (5000), POCKET_D_ACE (5000)
POCKET_D_ACE checks
UDF1 checks
River [Kd 9h 9s 7d 2c], UDF1 (5000), POCKET_D_ACE (5000)
POCKET_D_ACE checks
UDF1 checks
UDF1 shows [Kc 3c]
POCKET_D_ACE shows [Jc Ac]
UDF1 awarded 5000
POCKET_D_ACE awarded -5000

Round #636, POCKET_D_ACE (236450), UDF1 (-236450)
POCKET_D_ACE posts blind: 10
UDF1 posts blind: 20
POCKET_D_ACE received [4c 9s]
UDF1 received [As Kd]
POCKET_D_ACE calls
UDF1 raises to 5000
POCKET_D_ACE folds
POCKET_D_ACE awarded -20
UDF1 awarded 20

Round #637, UDF1 (-236430), POCKET_D_ACE (236430)
UDF1 posts blind: 10
POCKET_D_ACE posts blind: 20
UDF1 received [Qd 4d]
POCKET_D_ACE received [Kd Kc]
UDF1 raises to 5000
POCKET_D_ACE calls
Flop [8d 8c Th], UDF1 (5000), POCKET_D_ACE (5000)
POCKET_D_ACE bids 0
UDF1 bids 0
UDF1 won the auction and was revealed [Kd]
POCKET_D_ACE won the auction and was revealed [Qd]
Flop [8d 8c Th], UDF1 (5000), POCKET_D_ACE (5000)
POCKET_D_ACE checks
UDF1 checks
Turn [8d 8c Th 9c], UDF1 (5000), POCKET_D_ACE (5000)
POCKET_D_ACE checks
UDF1 checks
River [8d 8c Th 9c Ad], UDF1 (5000), POCKET_D_ACE (5000)
POCKET_D_ACE checks
UDF1 checks
UDF1 shows [Qd 4d]
POCKET_D_ACE shows [Kd Kc]
UDF1 awarded -5000
POCKET_D_ACE awarded 5000

Round #638, POCKET_D_ACE (241430), UDF1 (-241430)
POCKET_D_ACE posts blind: 10
UDF1 posts blind: 20
POCKET_D_ACE received [8d Kc]
UDF1 received [Jd 6d]
POCKET_D_ACE calls
UDF1 raises to 5000
POCKET_D_ACE calls
Flop [7d 4d 8c], POCKET_D_ACE (5000), UDF1 (5000)
UDF1 bids 0
POCKET_D_ACE bids 0
POCKET_D_ACE won the auction and was revealed [Jd]
UDF1 won the auction and was revealed [8d]
Flop [7d 4d 8c], POCKET_D_ACE (5000), UDF1 (5000)
UDF1 checks
POCKET_D_ACE checks
Turn [7d 4d 8c Kh], POCKET_D_ACE (5000), UDF1 (5000)
UDF1 checks
POCKET_D_ACE checks
River [7d 4d 8c Kh Js], POCKET_D_ACE (5000), UDF1 (5000)
UDF1 checks
POCKET_D_ACE checks
POCKET_D_ACE shows [8d Kc]
UDF1 shows [Jd 6d]
POCKET_D_ACE awarded 5000
UDF1 awarded -5000

Round #639, UDF1 (-246430), POCKET_D_ACE (246430)
UDF1 posts blind: 10
POCKET_D_ACE posts blind: 20
UDF1 received [4d Jh]
POCKET_D_ACE received [6h Kc]
UDF1 raises to 5000
POCKET_D_ACE calls
Flop [3c Jc 3h], UDF1 (5000), POCKET_D_ACE (5000)
POCKET_D_ACE bids 0
UDF1 bids 0
UDF1 won the auction and was revealed [6h]
POCKET_D_ACE won the auction and was revealed [Jh]
Flop [3c Jc 3h], UDF1 (5000), POCKET_D_ACE (5000)
POCKET_D_ACE checks
UDF1 checks
Turn [3c Jc 3h 8h], UDF1 (5000), POCKET_D_ACE (5000)
POCKET_D_ACE checks
UDF1 checks
River [3c Jc 3h 8h Th], UDF1 (5000), POCKET_D_ACE (5000)
POCKET_D_ACE checks
UDF1 checks
UDF1 shows [4d Jh]
POCKET_D_ACE shows [6h Kc]
UDF1 awarded 5000
POCKET_D_ACE awarded -5000

Round #640, POCKET_D_ACE (241430), UDF1 (-241430)
POCKET_D_ACE posts blind: 10
UDF1 posts blind: 20
POCKET_D_ACE received [Kh Jh]
UDF1 received [8h 2c]
POCKET_D_ACE calls
UDF1 raises to 5000
POCKET_D_ACE calls
Flop [Tc 8c 3c], POCKET_D_ACE (5000), UDF1 (5000)
UDF1 bids 0
POCKET_D_ACE bids 0
POCKET_D_ACE won the auction and was revealed [8h]
UDF1 won the auction and was revealed [Jh]
Flop [Tc 8c 3c], POCKET_D_ACE (5000), UDF1 (5000)
UDF1 checks
POCKET_D_ACE checks
Turn [Tc 8c 3c 4c], POCKET_D_ACE (5000), UDF1 (5000)
UDF1 checks
POCKET_D_ACE checks
River [Tc 8c 3c 4c 9d], POCKET_D_ACE (5000), UDF1 (5000)
UDF1 checks
POCKET_D_ACE checks
POCKET_D_ACE shows [Kh Jh]
UDF1 shows [8h 2c]
POCKET_D_ACE awarded -5000
UDF1 awarded 5000

Round #641, UDF1 (-236430), POCKET_D_ACE (236430)
UDF1 posts blind: 10
POCKET_D_ACE posts blind: 20
UDF1 received [Ts Ac]
POCKET_D_ACE received [3c Ad]
UDF1 raises to 5000
POCKET_D_ACE calls
Flop [3h 9d Qh], UDF1 (5000), POCKET_D_ACE (5000)
POCKET_D_ACE bids 0
UDF1 bids 0
UDF1 won the auction and was revealed [Ad]
POCKET_D_ACE won the auction and was revealed [Ts]
Flop [3h 9d Qh], UDF1 (5000), POCKET_D_ACE (5000)
POCKET_D_ACE checks
UDF1 checks
Turn [3h 9d Qh 4d], UDF1 (5000), POCKET_D_ACE (5000)
POCKET_D_ACE checks
UDF1 checks
River [3h 9d Qh 4d 6c], UDF1 (5000), POCKET_D_ACE (5000)
POCKET_D_ACE checks
UDF1 checks
UDF1 shows [Ts Ac]
POCKET_D_ACE shows [3c Ad]
UDF1 awarded -5000
POCKET_D_ACE awarded 5000

Round #642, POCKET_D_ACE (241430), UDF1 (-241430)
POCKET_D_ACE posts blind: 10
UDF1 posts blind: 20
POCKET_D_ACE received [Jd Jh]
UDF1 received [2d Ac]
POCKET_D_ACE raises to 55
UDF1 raises to 5000
POCKET_D_ACE calls
Flop [5d 2c 4h], POCKET_D_ACE (5000), UDF1 (5000)
UDF1 bids 0
POCKET_D_ACE bids 0
POCKET_D_ACE won the auction and was revealed [Ac]
UDF1 won the auction and was revealed [Jh]
Flop [5d 2c 4h], POCKET_D_ACE (5000), UDF1 (5000)
UDF1 checks
POCKET_D_ACE checks
Turn [5d 2c 4h Qc], POCKET_D_ACE (5000), UDF1 (5000)
UDF1 checks
POCKET_D_ACE checks
River [5d 2c 4h Qc 8s], POCKET_D_ACE (5000), UDF1 (5000)
UDF1 checks
POCKET_D_ACE checks
POCKET_D_ACE shows [Jd Jh]
UDF1 shows [2d Ac]
POCKET_D_ACE awarded 5000
UDF1 awarded -5000

Round #643, UDF1 (-246430), POCKET_D_ACE (246430)
UDF1 posts blind: 10
POCKET_D_ACE posts blind: 20
UDF1 received [3h Js]
POCKET_D_ACE received [Kd 2d]
UDF1 raises to 5000
POCKET_D_ACE calls
Flop [3d 4d 7d], UDF1 (5000), POCKET_D_ACE (5000)
POCKET_D_ACE bids 0
UDF1 bids 0
UDF1 won the auction and was revealed [Kd]
POCKET_D_ACE won the auction and was revealed [Js]
Flop [3d 4d 7d], UDF1 (5000), POCKET_D_ACE (5000)
POCKET_D_ACE checks
UDF1 checks
Turn [3d 4d 7d 6d], UDF1 (5000), POCKET_D_ACE (5000)
POCKET_D_ACE checks
UDF1 checks
River [3d 4d 7d 6d 8c], UDF1 (5000), POCKET_D_ACE (5000)
POCKET_D_ACE checks
UDF1 checks
UDF1 shows [3h Js]
POCKET_D_ACE shows [Kd 2d]
UDF1 awarded -5000
POCKET_D_ACE awarded 5000

Round #644, POCKET_D_ACE (251430), UDF1 (-251430)
POCKET_D_ACE posts blind: 10
UDF1 posts blind: 20
POCKET_D_ACE received [9h 5s]
UDF1 received [4c 6d]
POCKET_D_ACE calls
UDF1 raises to 5000
POCKET_D_ACE folds
POCKET_D_ACE awarded -20
UDF1 awarded 20

Round #645, UDF1 (-251410), POCKET_D_ACE (251410)
UDF1 posts blind: 10
POCKET_D_ACE posts blind: 20
UDF1 received [Jd 3c]
POCKET_D_ACE received [Qc 6h]
UDF1 raises to 5000
POCKET_D_ACE calls
Flop [Tc 3s 4h], UDF1 (5000), POCKET_D_ACE (5000)
POCKET_D_ACE bids 0
UDF1 bids 0
UDF1 won the auction and was revealed [Qc]
POCKET_D_ACE won the auction and was revealed [Jd]
Flop [Tc 3s 4h], UDF1 (5000), POCKET_D_ACE (5000)
POCKET_D_ACE checks
UDF1 checks
Turn [Tc 3s 4h 3d], UDF1 (5000), POCKET_D_ACE (5000)
POCKET_D_ACE checks
UDF1 checks
River [Tc 3s 4h 3d Kc], UDF1 (5000), POCKET_D_ACE (5000)
POCKET_D_ACE checks
UDF1 checks
UDF1 shows [Jd 3c]
POCKET_D_ACE shows [Qc 6h]
UDF1 awarded 5000
POCKET_D_ACE awarded -5000

Round #646, POCKET_D_ACE (246410), UDF1 (-246410)
POCKET_D_ACE posts blind: 10
UDF1 posts blind: 20
POCKET_D_ACE received [7h Qc]
UDF1 received [Tc Th]
POCKET_D_ACE calls
UDF1 raises to 5000
POCKET_D_ACE calls
Flop [5d 3h 4s], POCKET_D_ACE (5000), UDF1 (5000)
UDF1 bids 0
POCKET_D_ACE bids 0
POCKET_D_ACE won the auction and was revealed [Tc]
UDF1 won the auction and was revealed [7h]
Flop [5d 3h 4s], POCKET_D_ACE (5000), UDF1 (5000)
UDF1 checks
POCKET_D_ACE checks
Turn [5d 3h 4s 2s], POCKET_D_ACE (5000), UDF1 (5000)
UDF1 checks
POCKET_D_ACE checks
River [5d 3h 4s 2s Qd], POCKET_D_ACE (5000), UDF1 (5000)
UDF1 checks
POCKET_D_ACE checks
POCKET_D_ACE shows [7h Qc]
UDF1 shows [Tc Th]
POCKET_D_ACE awarded 5000
UDF1 awarded -5000

Round #647, UDF1 (-251410), POCKET_D_ACE (251410)
UDF1 posts blind: 10
POCKET_D_ACE posts blind: 20
UDF1 received [3s 4s]
POCKET_D_ACE received [Kc 4d]
UDF1 raises to 5000
POCKET_D_ACE calls
Flop [Ks 5d 2d], UDF1 (5000), POCKET_D_ACE (5000)
POCKET_D_ACE bids 0
UDF1 bids 0
UDF1 won the auction and was revealed [4d]
POCKET_D_ACE won the auction and was revealed [3s]
Flop [Ks 5d 2d], UDF1 (5000), POCKET_D_ACE (5000)
POCKET_D_ACE checks
UDF1 checks
Turn [Ks 5d 2d Jd], UDF1 (5000), POCKET_D_ACE (5000)
POCKET_D_ACE checks
UDF1 checks
River [Ks 5d 2d Jd As], UDF1 (5000), POCKET_D_ACE (5000)
POCKET_D_ACE checks
UDF1 checks
UDF1 shows [3s 4s]
POCKET_D_ACE shows [Kc 4d]
UDF1 awarded 5000
POCKET_D_ACE awarded -5000

Round #648, POCKET_D_ACE (246410), UDF1 (-246410)
POCKET_D_ACE posts blind: 10
UDF1 posts blind: 20
POCKET_D_ACE received [Th 3d]
UDF1 received [Qc Jh]
POCKET_D_ACE calls
UDF1 raises to 5000
POCKET_D_ACE folds
POCKET_D_ACE awarded -20
UDF1 awarded 20

Round #649, UDF1 (-246390), POCKET_D_ACE (246390)
UDF1 posts blind: 10
POCKET_D_ACE posts blind: 20
UDF1 received [7s 8d]
POCKET_D_ACE received [Kh 9d]
UDF1 raises to 5000
POCKET_D_ACE calls
Flop [3h 4s 3s], UDF1 (5000), POCKET_D_ACE (5000)
POCKET_D_ACE bids 0
UDF1 bids 0
UDF1 won the auction and was revealed [9d]
POCKET_D_ACE won the auction and was revealed [7s]
Flop [3h 4s 3s], UDF1 (5000), POCKET_D_ACE (5000)
POCKET_D_ACE checks
UDF1 checks
Turn [3h 4s 3s 2c], UDF1 (5000), POCKET_D_ACE (5000)
POCKET_D_ACE checks
UDF1 checks
River [3h 4s 3s 2c Kc], UDF1 (5000), POCKET_D_ACE (5000)
POCKET_D_ACE checks
UDF1 checks
UDF1 shows [7s 8d]
POCKET_D_ACE shows [Kh 9d]
UDF1 awarded -5000
POCKET_D_ACE awarded 5000

Round #650, POCKET_D_ACE (251390), UDF1 (-251390)
POCKET_D_ACE posts blind: 10
UDF1 posts blind: 20
POCKET_D_ACE received [7h Kd]
UDF1 received [Jh 3s]
POCKET_D_ACE calls
UDF1 raises to 5000
POCKET_D_ACE calls
Flop [4h 5d 2c], POCKET_D_ACE (5000), UDF1 (5000)
UDF1 bids 0
POCKET_D_ACE bids 0
POCKET_D_ACE won the auction and was revealed [Jh]
UDF1 won the auction and was revealed [Kd]
Flop [4h 5d 2c], POCKET_D_ACE (5000), UDF1 (5000)
UDF1 checks
POCKET_D_ACE checks
Turn [4h 5d 2c 8h], POCKET_D_ACE (5000), UDF1 (5000)
UDF1 checks
POCKET_D_ACE checks
River [4h 5d 2c 8h 9h], POCKET_D_ACE (5000), UDF1 (5000)
UDF1 checks
POCKET_D_ACE checks
POCKET_D_ACE shows [7h Kd]
UDF1 shows [Jh 3s]
POCKET_D_ACE awarded 5000
UDF1 awarded -5000

Round #651, UDF1 (-256390), POCKET_D_ACE (256390)
UDF1 posts blind: 10
POCKET_D_ACE posts blind: 20
UDF1 received [Kc 6d]
POCKET_D_ACE received [2h 8c]
UDF1 raises to 5000
POCKET_D_ACE folds
UDF1 awarded 20
POCKET_D_ACE awarded -20

Round #652, POCKET_D_ACE (256370), UDF1 (-256370)
POCKET_D_ACE posts blind: 10
UDF1 posts blind: 20
POCKET_D_ACE received [Qc 7c]
UDF1 received [Ah Kd]
POCKET_D_ACE calls
UDF1 raises to 5000
POCKET_D_ACE calls
Flop [6c 6s 3h], POCKET_D_ACE (5000), UDF1 (5000)
UDF1 bids 0
POCKET_D_ACE bids 0
POCKET_D_ACE won the auction and was revealed [Ah]
UDF1 won the auction and was revealed [7c]
Flop [6c 6s 3h], POCKET_D_ACE (5000), UDF1 (5000)
UDF1 checks
POCKET_D_ACE checks
Turn [6c 6s 3h 5h], POCKET_D_ACE (5000), UDF1 (5000)
UDF1 checks
POCKET_D_ACE checks
River [6c 6s 3h 5h 9h], POCKET_D_ACE (5000), UDF1 (5000)
UDF1 checks
POCKET_D_ACE checks
POCKET_D_ACE shows [Qc 7c]
UDF1 shows [Ah Kd]
POCKET_D_ACE awarded -5000
UDF1 awarded 5000

Round #653, UDF1 (-251370), POCKET_D_ACE (251370)
UDF1 posts blind: 10
POCKET_D_ACE posts blind: 20
UDF1 received [8h Ks]
POCKET_D_ACE received [Kd 9c]
UDF1 raises to 5000
POCKET_D_ACE calls
Flop [3c Ad 4h], UDF1 (5000), POCKET_D_ACE (5000)
POCKET_D_ACE bids 0
UDF1 bids 0
UDF1 won the auction and was revealed [Kd]
POCKET_D_ACE won the auction and was revealed [Ks]
Flop [3c Ad 4h], UDF1 (5000), POCKET_D_ACE (5000)
POCKET_D_ACE checks
UDF1 checks
Turn [3c Ad 4h 4s], UDF1 (5000), POCKET_D_ACE (5000)
POCKET_D_ACE checks
UDF1 checks
River [3c Ad 4h 4s 2h], UDF1 (5000), POCKET_D_ACE (5000)
POCKET_D_ACE checks
UDF1 checks
UDF1 shows [8h Ks]
POCKET_D_ACE shows [Kd 9c]
UDF1 awarded -5000
POCKET_D_ACE awarded 5000

Round #654, POCKET_D_ACE (256370), UDF1 (-256370)
POCKET_D_ACE posts blind: 10
UDF1 posts blind: 20
POCKET_D_ACE received [7s Kc]
UDF1 received [6c Td]
POCKET_D_ACE calls
UDF1 raises to 5000
POCKET_D_ACE calls
Flop [5h Qh Jc], POCKET_D_ACE (5000), UDF1 (5000)
UDF1 bids 0
POCKET_D_ACE bids 0
POCKET_D_ACE won the auction and was revealed [Td]
UDF1 won the auction and was revealed [7s]
Flop [5h Qh Jc], POCKET_D_ACE (5000), UDF1 (5000)
UDF1 checks
POCKET_D_ACE checks
Turn [5h Qh Jc Ad], POCKET_D_ACE (5000), UDF1 (5000)
UDF1 checks
POCKET_D_ACE checks
River [5h Qh Jc Ad 4h], POCKET_D_ACE (5000), UDF1 (5000)
UDF1 checks
POCKET_D_ACE checks
POCKET_D_ACE shows [7s Kc]
UDF1 shows [6c Td]
POCKET_D_ACE awarded 5000
UDF1 awarded -5000

Round #655, UDF1 (-261370), POCKET_D_ACE (261370)
UDF1 posts blind: 10
POCKET_D_ACE posts blind: 20
UDF1 received [Kd 9s]
POCKET_D_ACE received [Th 3s]
UDF1 raises to 5000
POCKET_D_ACE folds
UDF1 awarded 20
POCKET_D_ACE awarded -20

Round #656, POCKET_D_ACE (261350), UDF1 (-261350)
POCKET_D_ACE posts blind: 10
UDF1 posts blind: 20
POCKET_D_ACE received [8h Jd]
UDF1 received [8s 2s]
POCKET_D_ACE calls
UDF1 raises to 5000
POCKET_D_ACE calls
Flop [2h 9d Jh], POCKET_D_ACE (5000), UDF1 (5000)
UDF1 bids 0
POCKET_D_ACE bids 0
POCKET_D_ACE won the auction and was revealed [8s]
UDF1 won the auction and was revealed [8h]
Flop [2h 9d Jh], POCKET_D_ACE (5000), UDF1 (5000)
UDF1 checks
POCKET_D_ACE checks
Turn [2h 9d Jh 3s], POCKET_D_ACE (5000), UDF1 (5000)
UDF1 checks
POCKET_D_ACE checks
River [2h 9d Jh 3s Td], POCKET_D_ACE (5000), UDF1 (5000)
UDF1 checks
POCKET_D_ACE checks
POCKET_D_ACE shows [8h Jd]
UDF1 shows [8s 2s]
POCKET_D_ACE awarded 5000
UDF1 awarded -5000

Round #657, UDF1 (-266350), POCKET_D_ACE (266350)
UDF1 posts blind: 10
POCKET_D_ACE posts blind: 20
UDF1 received [9c Kd]
POCKET_D_ACE received [8h Ts]
UDF1 raises to 5000
POCKET_D_ACE calls
Flop [Js Ad 4c], UDF1 (5000), POCKET_D_ACE (5000)
POCKET_D_ACE bids 0
UDF1 bids 0
UDF1 won the auction and was revealed [Ts]
POCKET_D_ACE won the auction and was revealed [Kd]
Flop [Js Ad 4c], UDF1 (5000), POCKET_D_ACE (5000)
POCKET_D_ACE checks
UDF1 checks
Turn [Js Ad 4c Qc], UDF1 (5000), POCKET_D_ACE (5000)
POCKET_D_ACE checks
UDF1 checks
River [Js Ad 4c Qc Qs], UDF1 (5000), POCKET_D_ACE (5000)
POCKET_D_ACE checks
UDF1 checks
UDF1 shows [9c Kd]
POCKET_D_ACE shows [8h Ts]
UDF1 awarded 5000
POCKET_D_ACE awarded -5000

Round #658, POCKET_D_ACE (261350), UDF1 (-261350)
POCKET_D_ACE posts blind: 10
UDF1 posts blind: 20
POCKET_D_ACE received [7d 2s]
UDF1 received [9c 6s]
POCKET_D_ACE calls
UDF1 raises to 5000
POCKET_D_ACE folds
POCKET_D_ACE awarded -20
UDF1 awarded 20

Round #659, UDF1 (-261330), POCKET_D_ACE (261330)
UDF1 posts blind: 10
POCKET_D_ACE posts blind: 20
UDF1 received [Qd Jc]
POCKET_D_ACE received [2s 6s]
UDF1 raises to 5000
POCKET_D_ACE folds
UDF1 awarded 20
POCKET_D_ACE awarded -20

Round #660, POCKET_D_ACE (261310), UDF1 (-261310)
POCKET_D_ACE posts blind: 10
UDF1 posts blind: 20
POCKET_D_ACE received [9d 4h]
UDF1 received [2s 9h]
POCKET_D_ACE calls
UDF1 raises to 5000
POCKET_D_ACE folds
POCKET_D_ACE awarded -20
UDF1 awarded 20

Round #661, UDF1 (-261290), POCKET_D_ACE (261290)
UDF1 posts blind: 10
POCKET_D_ACE posts blind: 20
UDF1 received [4c 5c]
POCKET_D_ACE received [Qs 6s]
UDF1 raises to 5000
POCKET_D_ACE calls
Flop [9d Ad Kc], UDF1 (5000), POCKET_D_ACE (5000)
POCKET_D_ACE bids 0
UDF1 bids 0
UDF1 won the auction and was revealed [Qs]
POCKET_D_ACE won the auction and was revealed [5c]
Flop [9d Ad Kc], UDF1 (5000), POCKET_D_ACE (5000)
POCKET_D_ACE checks
UDF1 checks
Turn [9d Ad Kc 9h], UDF1 (5000), POCKET_D_ACE (5000)
POCKET_D_ACE checks
UDF1 checks
River [9d Ad Kc 9h 6h], UDF1 (5000), POCKET_D_ACE (5000)
POCKET_D_ACE checks
UDF1 checks
UDF1 shows [4c 5c]
POCKET_D_ACE shows [Qs 6s]
UDF1 awarded -5000
POCKET_D_ACE awarded 5000

Round #662, POCKET_D_ACE (266290), UDF1 (-266290)
POCKET_D_ACE posts blind: 10
UDF1 posts blind: 20
POCKET_D_ACE received [6d Ah]
UDF1 received [2s 6s]
POCKET_D_ACE calls
UDF1 raises to 5000
POCKET_D_ACE calls
Flop [Qc Tc 2h], POCKET_D_ACE (5000), UDF1 (5000)
UDF1 bids 0
POCKET_D_ACE bids 0
POCKET_D_ACE won the auction and was revealed [6s]
UDF1 won the auction and was revealed [6d]
Flop [Qc Tc 2h], POCKET_D_ACE (5000), UDF1 (5000)
UDF1 checks
POCKET_D_ACE checks
Turn [Qc Tc 2h Js], POCKET_D_ACE (5000), UDF1 (5000)
UDF1 checks
POCKET_D_ACE checks
River [Qc Tc 2h Js 3s], POCKET_D_ACE (5000), UDF1 (5000)
UDF1 checks
POCKET_D_ACE checks
POCKET_D_ACE shows [6d Ah]
UDF1 shows [2s 6s]
POCKET_D_ACE awarded -5000
UDF1 awarded 5000

Round #663, UDF1 (-261290), POCKET_D_ACE (261290)
UDF1 posts blind: 10
POCKET_D_ACE posts blind: 20
UDF1 received [Tc Ac]
POCKET_D_ACE received [9s Ks]
UDF1 raises to 5000
POCKET_D_ACE calls
Flop [Ah Qc Qd], UDF1 (5000), POCKET_D_ACE (5000)
POCKET_D_ACE bids 0
UDF1 bids 0
UDF1 won the auction and was revealed [9s]
POCKET_D_ACE won the auction and was revealed [Tc]
Flop [Ah Qc Qd], UDF1 (5000), POCKET_D_ACE (5000)
POCKET_D_ACE checks
UDF1 checks
Turn [Ah Qc Qd 3c], UDF1 (5000), POCKET_D_ACE (5000)
POCKET_D_ACE checks
UDF1 checks
River [Ah Qc Qd 3c 8s], UDF1 (5000), POCKET_D_ACE (5000)
POCKET_D_ACE checks
UDF1 checks
UDF1 shows [Tc Ac]
POCKET_D_ACE shows [9s Ks]
UDF1 awarded 5000
POCKET_D_ACE awarded -5000

Round #664, POCKET_D_ACE (256290), UDF1 (-256290)
POCKET_D_ACE posts blind: 10
UDF1 posts blind: 20
POCKET_D_ACE received [4h 6s]
UDF1 received [Tc 3c]
POCKET_D_ACE folds
POCKET_D_ACE awarded -10
UDF1 awarded 10

Round #665, UDF1 (-256280), POCKET_D_ACE (256280)
UDF1 posts blind: 10
POCKET_D_ACE posts blind: 20
UDF1 received [6d Qs]
POCKET_D_ACE received [Ad Ks]
UDF1 raises to 5000
POCKET_D_ACE calls
Flop [Td 7h 8c], UDF1 (5000), POCKET_D_ACE (5000)
POCKET_D_ACE bids 0
UDF1 bids 0
UDF1 won the auction and was revealed [Ad]
POCKET_D_ACE won the auction and was revealed [Qs]
Flop [Td 7h 8c], UDF1 (5000), POCKET_D_ACE (5000)
POCKET_D_ACE checks
UDF1 checks
Turn [Td 7h 8c 2h], UDF1 (5000), POCKET_D_ACE (5000)
POCKET_D_ACE checks
UDF1 checks
River [Td 7h 8c 2h 9s], UDF1 (5000), POCKET_D_ACE (5000)
POCKET_D_ACE checks
UDF1 checks
UDF1 shows [6d Qs]
POCKET_D_ACE shows [Ad Ks]
UDF1 awarded 5000
POCKET_D_ACE awarded -5000

Round #666, POCKET_D_ACE (251280), UDF1 (-251280)
POCKET_D_ACE posts blind: 10
UDF1 posts blind: 20
POCKET_D_ACE received [6d As]
UDF1 received [Kc Kd]
POCKET_D_ACE calls
UDF1 raises to 5000
POCKET_D_ACE calls
Flop [Jd 4c Td], POCKET_D_ACE (5000), UDF1 (5000)
UDF1 bids 0
POCKET_D_ACE bids 0
POCKET_D_ACE won the auction and was revealed [Kc]
UDF1 won the auction and was revealed [As]
Flop [Jd 4c Td], POCKET_D_ACE (5000), UDF1 (5000)
UDF1 checks
POCKET_D_ACE checks
Turn [Jd 4c Td 4s], POCKET_D_ACE (5000), UDF1 (5000)
UDF1 checks
POCKET_D_ACE checks
River [Jd 4c Td 4s 9h], POCKET_D_ACE (5000), UDF1 (5000)
UDF1 checks
POCKET_D_ACE checks
POCKET_D_ACE shows [6d As]
UDF1 shows [Kc Kd]
POCKET_D_ACE awarded -5000
UDF1 awarded 5000

Round #667, UDF1 (-246280), POCKET_D_ACE (246280)
UDF1 posts blind: 10
POCKET_D_ACE posts blind: 20
UDF1 received [3s Tc]
POCKET_D_ACE received [Kh Ad]
UDF1 raises to 5000
POCKET_D_ACE calls
Flop [Ts 6s As], UDF1 (5000), POCKET_D_ACE (5000)
POCKET_D_ACE bids 0
UDF1 bids 0
UDF1 won the auction and was revealed [Kh]
POCKET_D_ACE won the auction and was revealed [Tc]
Flop [Ts 6s As], UDF1 (5000), POCKET_D_ACE (5000)
POCKET_D_ACE checks
UDF1 checks
Turn [Ts 6s As 6h], UDF1 (5000), POCKET_D_ACE (5000)
POCKET_D_ACE checks
UDF1 checks
River [Ts 6s As 6h Kc], UDF1 (5000), POCKET_D_ACE (5000)
POCKET_D_ACE checks
UDF1 checks
UDF1 shows [3s Tc]
POCKET_D_ACE shows [Kh Ad]
UDF1 awarded -5000
POCKET_D_ACE awarded 5000

Round #668, POCKET_D_ACE (251280), UDF1 (-251280)
POCKET_D_ACE posts blind: 10
UDF1 posts blind: 20
POCKET_D_ACE received [As 9s]
UDF1 received [5d 2h]
POCKET_D_ACE calls
UDF1 raises to 5000
POCKET_D_ACE calls
Flop [Qd 5s Td], POCKET_D_ACE (5000), UDF1 (5000)
UDF1 bids 0
POCKET_D_ACE bids 0
POCKET_D_ACE won the auction and was revealed [2h]
UDF1 won the auction and was revealed [9s]
Flop [Qd 5s Td], POCKET_D_ACE (5000), UDF1 (5000)
UDF1 checks
POCKET_D_ACE checks
Turn [Qd 5s Td 3d], POCKET_D_ACE (5000), UDF1 (5000)
UDF1 checks
POCKET_D_ACE checks
River [Qd 5s Td 3d Ks], POCKET_D_ACE (5000), UDF1 (5000)
UDF1 checks
POCKET_D_ACE checks
POCKET_D_ACE shows [As 9s]
UDF1 shows [5d 2h]
POCKET_D_ACE awarded -5000
UDF1 awarded 5000

Round #669, UDF1 (-246280), POCKET_D_ACE (246280)
UDF1 posts blind: 10
POCKET_D_ACE posts blind: 20
UDF1 received [Qc 8d]
POCKET_D_ACE received [7d Tc]
UDF1 raises to 5000
POCKET_D_ACE calls
Flop [8h 2s 5c], UDF1 (5000), POCKET_D_ACE (5000)
POCKET_D_ACE bids 0
UDF1 bids 0
UDF1 won the auction and was revealed [7d]
POCKET_D_ACE won the auction and was revealed [Qc]
Flop [8h 2s 5c], UDF1 (5000), POCKET_D_ACE (5000)
POCKET_D_ACE checks
UDF1 checks
Turn [8h 2s 5c 5h], UDF1 (5000), POCKET_D_ACE (5000)
POCKET_D_ACE checks
UDF1 checks
River [8h 2s 5c 5h 5d], UDF1 (5000), POCKET_D_ACE (5000)
POCKET_D_ACE checks
UDF1 checks
UDF1 shows [Qc 8d]
POCKET_D_ACE shows [7d Tc]
UDF1 awarded 5000
POCKET_D_ACE awarded -5000

Round #670, POCKET_D_ACE (241280), UDF1 (-241280)
POCKET_D_ACE posts blind: 10
UDF1 posts blind: 20
POCKET_D_ACE received [Ac Ad]
UDF1 received [5h 7c]
POCKET_D_ACE raises to 58
UDF1 raises to 5000
POCKET_D_ACE calls
Flop [2h 3d 8s], POCKET_D_ACE (5000), UDF1 (5000)
UDF1 bids 0
POCKET_D_ACE bids 0
POCKET_D_ACE won the auction and was revealed [7c]
UDF1 won the auction and was revealed [Ad]
Flop [2h 3d 8s], POCKET_D_ACE (5000), UDF1 (5000)
UDF1 checks
POCKET_D_ACE checks
Turn [2h 3d 8s 6s], POCKET_D_ACE (5000), UDF1 (5000)
UDF1 checks
POCKET_D_ACE checks
River [2h 3d 8s 6s Js], POCKET_D_ACE (5000), UDF1 (5000)
UDF1 checks
POCKET_D_ACE checks
POCKET_D_ACE shows [Ac Ad]
UDF1 shows [5h 7c]
POCKET_D_ACE awarded 5000
UDF1 awarded -5000

Round #671, UDF1 (-246280), POCKET_D_ACE (246280)
UDF1 posts blind: 10
POCKET_D_ACE posts blind: 20
UDF1 received [7d 3s]
POCKET_D_ACE received [Ks Ad]
UDF1 raises to 5000
POCKET_D_ACE calls
Flop [3d 2d Kd], UDF1 (5000), POCKET_D_ACE (5000)
POCKET_D_ACE bids 0
UDF1 bids 0
UDF1 won the auction and was revealed [Ad]
POCKET_D_ACE won the auction and was revealed [3s]
Flop [3d 2d Kd], UDF1 (5000), POCKET_D_ACE (5000)
POCKET_D_ACE checks
UDF1 checks
Turn [3d 2d Kd Th], UDF1 (5000), POCKET_D_ACE (5000)
POCKET_D_ACE checks
UDF1 checks
River [3d 2d Kd Th Ts], UDF1 (5000), POCKET_D_ACE (5000)
POCKET_D_ACE checks
UDF1 checks
UDF1 shows [7d 3s]
POCKET_D_ACE shows [Ks Ad]
UDF1 awarded -5000
POCKET_D_ACE awarded 5000

Round #672, POCKET_D_ACE (251280), UDF1 (-251280)
POCKET_D_ACE posts blind: 10
UDF1 posts blind: 20
POCKET_D_ACE received [Kh 7c]
UDF1 received [9h Kd]
POCKET_D_ACE calls
UDF1 raises to 5000
POCKET_D_ACE calls
Flop [2h 3s 5d], POCKET_D_ACE (5000), UDF1 (5000)
UDF1 bids 0
POCKET_D_ACE bids 0
POCKET_D_ACE won the auction and was revealed [9h]
UDF1 won the auction and was revealed [7c]
Flop [2h 3s 5d], POCKET_D_ACE (5000), UDF1 (5000)
UDF1 checks
POCKET_D_ACE checks
Turn [2h 3s 5d Tc], POCKET_D_ACE (5000), UDF1 (5000)
UDF1 checks
POCKET_D_ACE checks
River [2h 3s 5d Tc 3c], POCKET_D_ACE (5000), UDF1 (5000)
UDF1 checks
POCKET_D_ACE checks
POCKET_D_ACE shows [Kh 7c]
UDF1 shows [9h Kd]
POCKET_D_ACE awarded -5000
UDF1 awarded 5000

Round #673, UDF1 (-246280), POCKET_D_ACE (246280)
UDF1 posts blind: 10
POCKET_D_ACE posts blind: 20
UDF1 received [7s 2d]
POCKET_D_ACE received [2h Js]
UDF1 raises to 5000
POCKET_D_ACE folds
UDF1 awarded 20
POCKET_D_ACE awarded -20

Round #674, POCKET_D_ACE (246260), UDF1 (-246260)
POCKET_D_ACE posts blind: 10
UDF1 posts blind: 20
POCKET_D_ACE received [Ts Js]
UDF1 received [3d 4s]
POCKET_D_ACE calls
UDF1 raises to 5000
POCKET_D_ACE calls
Flop [4h 6h 9h], POCKET_D_ACE (5000), UDF1 (5000)
UDF1 bids 0
POCKET_D_ACE bids 0
POCKET_D_ACE won the auction and was revealed [4s]
UDF1 won the auction and was revealed [Ts]
Flop [4h 6h 9h], POCKET_D_ACE (5000), UDF1 (5000)
UDF1 checks
POCKET_D_ACE checks
Turn [4h 6h 9h 4d], POCKET_D_ACE (5000), UDF1 (5000)
UDF1 checks
POCKET_D_ACE checks
River [4h 6h 9h 4d 8s], POCKET_D_ACE (5000), UDF1 (5000)
UDF1 checks
POCKET_D_ACE checks
POCKET_D_ACE shows [Ts Js]
UDF1 shows [3d 4s]
POCKET_D_ACE awarded -5000
UDF1 awarded 5000

Round #675, UDF1 (-241260), POCKET_D_ACE (241260)
UDF1 posts blind: 10
POCKET_D_ACE posts blind: 20
UDF1 received [7h 8s]
POCKET_D_ACE received [2s Kc]
UDF1 raises to 5000
POCKET_D_ACE folds
UDF1 awarded 20
POCKET_D_ACE awarded -20

Round #676, POCKET_D_ACE (241240), UDF1 (-241240)
POCKET_D_ACE posts blind: 10
UDF1 posts blind: 20
POCKET_D_ACE received [Jd Qh]
UDF1 received [6c 7c]
POCKET_D_ACE calls
UDF1 raises to 5000
POCKET_D_ACE calls
Flop [2d 9c 3d], POCKET_D_ACE (5000), UDF1 (5000)
UDF1 bids 0
POCKET_D_ACE bids 0
POCKET_D_ACE won the auction and was revealed [7c]
UDF1 won the auction and was revealed [Qh]
Flop [2d 9c 3d], POCKET_D_ACE (5000), UDF1 (5000)
UDF1 checks
POCKET_D_ACE checks
Turn [2d 9c 3d 9s], POCKET_D_ACE (5000), UDF1 (5000)
UDF1 checks
POCKET_D_ACE checks
River [2d 9c 3d 9s Tc], POCKET_D_ACE (5000), UDF1 (5000)
UDF1 checks
POCKET_D_ACE checks
POCKET_D_ACE shows [Jd Qh]
UDF1 shows [6c 7c]
POCKET_D_ACE awarded 5000
UDF1 awarded -5000

Round #677, UDF1 (-246240), POCKET_D_ACE (246240)
UDF1 posts blind: 10
POCKET_D_ACE posts blind: 20
UDF1 received [Td Ks]
POCKET_D_ACE received [Jh 3c]
UDF1 raises to 5000
POCKET_D_ACE folds
UDF1 awarded 20
POCKET_D_ACE awarded -20

Round #678, POCKET_D_ACE (246220), UDF1 (-246220)
POCKET_D_ACE posts blind: 10
UDF1 posts blind: 20
POCKET_D_ACE received [5c 7d]
UDF1 received [Th 8s]
POCKET_D_ACE calls
UDF1 raises to 5000
POCKET_D_ACE folds
POCKET_D_ACE awarded -20
UDF1 awarded 20

Round #679, UDF1 (-246200), POCKET_D_ACE (246200)
UDF1 posts blind: 10
POCKET_D_ACE posts blind: 20
UDF1 received [2s Th]
POCKET_D_ACE received [Ac Jd]
UDF1 raises to 5000
POCKET_D_ACE calls
Flop [9h Td Jc], UDF1 (5000), POCKET_D_ACE (5000)
POCKET_D_ACE bids 0
UDF1 bids 0
UDF1 won the auction and was revealed [Jd]
POCKET_D_ACE won the auction and was revealed [Th]
Flop [9h Td Jc], UDF1 (5000), POCKET_D_ACE (5000)
POCKET_D_ACE checks
UDF1 checks
Turn [9h Td Jc 7s], UDF1 (5000), POCKET_D_ACE (5000)
POCKET_D_ACE checks
UDF1 checks
River [9h Td Jc 7s Kh], UDF1 (5000), POCKET_D_ACE (5000)
POCKET_D_ACE checks
UDF1 checks
UDF1 shows [2s Th]
POCKET_D_ACE shows [Ac Jd]
UDF1 awarded -5000
POCKET_D_ACE awarded 5000

Round #680, POCKET_D_ACE (251200), UDF1 (-251200)
POCKET_D_ACE posts blind: 10
UDF1 posts blind: 20
POCKET_D_ACE received [9s Ah]
UDF1 received [7h 9c]
POCKET_D_ACE calls
UDF1 raises to 5000
POCKET_D_ACE calls
Flop [2h Ks 4c], POCKET_D_ACE (5000), UDF1 (5000)
UDF1 bids 0
POCKET_D_ACE bids 0
POCKET_D_ACE won the auction and was revealed [9c]
UDF1 won the auction and was revealed [Ah]
Flop [2h Ks 4c], POCKET_D_ACE (5000), UDF1 (5000)
UDF1 checks
POCKET_D_ACE checks
Turn [2h Ks 4c 2s], POCKET_D_ACE (5000), UDF1 (5000)
UDF1 checks
POCKET_D_ACE checks
River [2h Ks 4c 2s Ac], POCKET_D_ACE (5000), UDF1 (5000)
UDF1 checks
POCKET_D_ACE checks
POCKET_D_ACE shows [9s Ah]
UDF1 shows [7h 9c]
POCKET_D_ACE awarded 5000
UDF1 awarded -5000

Round #681, UDF1 (-256200), POCKET_D_ACE (256200)
UDF1 posts blind: 10
POCKET_D_ACE posts blind: 20
UDF1 received [5s 2h]
POCKET_D_ACE received [6c Qd]
UDF1 raises to 5000
POCKET_D_ACE calls
Flop [5d 7h 3h], UDF1 (5000), POCKET_D_ACE (5000)
POCKET_D_ACE bids 0
UDF1 bids 0
UDF1 won the auction and was revealed [Qd]
POCKET_D_ACE won the auction and was revealed [5s]
Flop [5d 7h 3h], UDF1 (5000), POCKET_D_ACE (5000)
POCKET_D_ACE checks
UDF1 checks
Turn [5d 7h 3h Tc], UDF1 (5000), POCKET_D_ACE (5000)
POCKET_D_ACE checks
UDF1 checks
River [5d 7h 3h Tc 3c], UDF1 (5000), POCKET_D_ACE (5000)
POCKET_D_ACE checks
UDF1 checks
UDF1 shows [5s 2h]
POCKET_D_ACE shows [6c Qd]
UDF1 awarded 5000
POCKET_D_ACE awarded -5000

Round #682, POCKET_D_ACE (251200), UDF1 (-251200)
POCKET_D_ACE posts blind: 10
UDF1 posts blind: 20
POCKET_D_ACE received [Ks 7d]
UDF1 received [9s 8c]
POCKET_D_ACE calls
UDF1 raises to 5000
POCKET_D_ACE calls
Flop [4h As 5d], POCKET_D_ACE (5000), UDF1 (5000)
UDF1 bids 0
POCKET_D_ACE bids 0
POCKET_D_ACE won the auction and was revealed [9s]
UDF1 won the auction and was revealed [Ks]
Flop [4h As 5d], POCKET_D_ACE (5000), UDF1 (5000)
UDF1 checks
POCKET_D_ACE checks
Turn [4h As 5d 6h], POCKET_D_ACE (5000), UDF1 (5000)
UDF1 checks
POCKET_D_ACE checks
River [4h As 5d 6h Qs], POCKET_D_ACE (5000), UDF1 (5000)
UDF1 checks
POCKET_D_ACE checks
POCKET_D_ACE shows [Ks 7d]
UDF1 shows [9s 8c]
POCKET_D_ACE awarded 5000
UDF1 awarded -5000

Round #683, UDF1 (-256200), POCKET_D_ACE (256200)
UDF1 posts blind: 10
POCKET_D_ACE posts blind: 20
UDF1 received [6c 7s]
POCKET_D_ACE received [Jd Ks]
UDF1 raises to 5000
POCKET_D_ACE calls
Flop [Th 9h As], UDF1 (5000), POCKET_D_ACE (5000)
POCKET_D_ACE bids 0
UDF1 bids 0
UDF1 won the auction and was revealed [Jd]
POCKET_D_ACE won the auction and was revealed [6c]
Flop [Th 9h As], UDF1 (5000), POCKET_D_ACE (5000)
POCKET_D_ACE checks
UDF1 checks
Turn [Th 9h As 4d], UDF1 (5000), POCKET_D_ACE (5000)
POCKET_D_ACE checks
UDF1 checks
River [Th 9h As 4d 6s], UDF1 (5000), POCKET_D_ACE (5000)
POCKET_D_ACE checks
UDF1 checks
UDF1 shows [6c 7s]
POCKET_D_ACE shows [Jd Ks]
UDF1 awarded 5000
POCKET_D_ACE awarded -5000

Round #684, POCKET_D_ACE (251200), UDF1 (-251200)
POCKET_D_ACE posts blind: 10
UDF1 posts blind: 20
POCKET_D_ACE received [3d Th]
UDF1 received [Ts Jc]
POCKET_D_ACE calls
UDF1 raises to 5000
POCKET_D_ACE folds
POCKET_D_ACE awarded -20
UDF1 awarded 20

Round #685, UDF1 (-251180), POCKET_D_ACE (251180)
UDF1 posts blind: 10
POCKET_D_ACE posts blind: 20
UDF1 received [Ad Jh]
POCKET_D_ACE received [Jd 4s]
UDF1 raises to 5000
POCKET_D_ACE folds
UDF1 awarded 20
POCKET_D_ACE awarded -20

Round #686, POCKET_D_ACE (251160), UDF1 (-251160)
POCKET_D_ACE posts blind: 10
UDF1 posts blind: 20
POCKET_D_ACE received [9h 8c]
UDF1 received [Ah 2h]
POCKET_D_ACE calls
UDF1 raises to 5000
POCKET_D_ACE calls
Flop [6c Td 9s], POCKET_D_ACE (5000), UDF1 (5000)
UDF1 bids 0
POCKET_D_ACE bids 0
POCKET_D_ACE won the auction and was revealed [2h]
UDF1 won the auction and was revealed [8c]
Flop [6c Td 9s], POCKET_D_ACE (5000), UDF1 (5000)
UDF1 checks
POCKET_D_ACE checks
Turn [6c Td 9s Ts], POCKET_D_ACE (5000), UDF1 (5000)
UDF1 checks
POCKET_D_ACE checks
River [6c Td 9s Ts 8s], POCKET_D_ACE (5000), UDF1 (5000)
UDF1 checks
POCKET_D_ACE checks
POCKET_D_ACE shows [9h 8c]
UDF1 shows [Ah 2h]
POCKET_D_ACE awarded 5000
UDF1 awarded -5000

Round #687, UDF1 (-256160), POCKET_D_ACE (256160)
UDF1 posts blind: 10
POCKET_D_ACE posts blind: 20
UDF1 received [4c 5s]
POCKET_D_ACE received [2s 6c]
UDF1 raises to 5000
POCKET_D_ACE folds
UDF1 awarded 20
POCKET_D_ACE awarded -20

Round #688, POCKET_D_ACE (256140), UDF1 (-256140)
POCKET_D_ACE posts blind: 10
UDF1 posts blind: 20
POCKET_D_ACE received [3h Jd]
UDF1 received [4h 6s]
POCKET_D_ACE calls
UDF1 raises to 5000
POCKET_D_ACE folds
POCKET_D_ACE awarded -20
UDF1 awarded 20

Round #689, UDF1 (-256120), POCKET_D_ACE (256120)
UDF1 posts blind: 10
POCKET_D_ACE posts blind: 20
UDF1 received [6c 6s]
POCKET_D_ACE received [Td 3h]
UDF1 raises to 5000
POCKET_D_ACE folds
UDF1 awarded 20
POCKET_D_ACE awarded -20

Round #690, POCKET_D_ACE (256100), UDF1 (-256100)
POCKET_D_ACE posts blind: 10
UDF1 posts blind: 20
POCKET_D_ACE received [2h Ah]
UDF1 received [2c Qc]
POCKET_D_ACE calls
UDF1 raises to 5000
POCKET_D_ACE calls
Flop [Kh As 9s], POCKET_D_ACE (5000), UDF1 (5000)
UDF1 bids 0
POCKET_D_ACE bids 0
POCKET_D_ACE won the auction and was revealed [2c]
UDF1 won the auction and was revealed [Ah]
Flop [Kh As 9s], POCKET_D_ACE (5000), UDF1 (5000)
UDF1 checks
POCKET_D_ACE checks
Turn [Kh As 9s Ac], POCKET_D_ACE (5000), UDF1 (5000)
UDF1 checks
POCKET_D_ACE checks
River [Kh As 9s Ac 6d], POCKET_D_ACE (5000), UDF1 (5000)
UDF1 checks
POCKET_D_ACE checks
POCKET_D_ACE shows [2h Ah]
UDF1 shows [2c Qc]
POCKET_D_ACE awarded 5000
UDF1 awarded -5000

Round #691, UDF1 (-261100), POCKET_D_ACE (261100)
UDF1 posts blind: 10
POCKET_D_ACE posts blind: 20
UDF1 received [4h Ks]
POCKET_D_ACE received [8h Ac]
UDF1 raises to 5000
POCKET_D_ACE calls
Flop [8c 2s Qh], UDF1 (5000), POCKET_D_ACE (5000)
POCKET_D_ACE bids 0
UDF1 bids 0
UDF1 won the auction and was revealed [Ac]
POCKET_D_ACE won the auction and was revealed [4h]
Flop [8c 2s Qh], UDF1 (5000), POCKET_D_ACE (5000)
POCKET_D_ACE checks
UDF1 checks
Turn [8c 2s Qh 6s], UDF1 (5000), POCKET_D_ACE (5000)
POCKET_D_ACE checks
UDF1 checks
River [8c 2s Qh 6s Ah], UDF1 (5000), POCKET_D_ACE (5000)
POCKET_D_ACE checks
UDF1 checks
UDF1 shows [4h Ks]
POCKET_D_ACE shows [8h Ac]
UDF1 awarded -5000
POCKET_D_ACE awarded 5000

Round #692, POCKET_D_ACE (266100), UDF1 (-266100)
POCKET_D_ACE posts blind: 10
UDF1 posts blind: 20
POCKET_D_ACE received [2d Ah]
UDF1 received [Kd 3d]
POCKET_D_ACE calls
UDF1 raises to 5000
POCKET_D_ACE calls
Flop [Qs As Qd], POCKET_D_ACE (5000), UDF1 (5000)
UDF1 bids 0
POCKET_D_ACE bids 0
POCKET_D_ACE won the auction and was revealed [Kd]
UDF1 won the auction and was revealed [2d]
Flop [Qs As Qd], POCKET_D_ACE (5000), UDF1 (5000)
UDF1 checks
POCKET_D_ACE checks
Turn [Qs As Qd 7s], POCKET_D_ACE (5000), UDF1 (5000)
UDF1 checks
POCKET_D_ACE checks
River [Qs As Qd 7s 8s], POCKET_D_ACE (5000), UDF1 (5000)
UDF1 checks
POCKET_D_ACE checks
POCKET_D_ACE shows [2d Ah]
UDF1 shows [Kd 3d]
POCKET_D_ACE awarded 5000
UDF1 awarded -5000

Round #693, UDF1 (-271100), POCKET_D_ACE (271100)
UDF1 posts blind: 10
POCKET_D_ACE posts blind: 20
UDF1 received [5h Jh]
POCKET_D_ACE received [Ad 9s]
UDF1 raises to 5000
POCKET_D_ACE calls
Flop [8h 4d Ts], UDF1 (5000), POCKET_D_ACE (5000)
POCKET_D_ACE bids 0
UDF1 bids 0
UDF1 won the auction and was revealed [Ad]
POCKET_D_ACE won the auction and was revealed [Jh]
Flop [8h 4d Ts], UDF1 (5000), POCKET_D_ACE (5000)
POCKET_D_ACE checks
UDF1 checks
Turn [8h 4d Ts 5d], UDF1 (5000), POCKET_D_ACE (5000)
POCKET_D_ACE checks
UDF1 checks
River [8h 4d Ts 5d Th], UDF1 (5000), POCKET_D_ACE (5000)
POCKET_D_ACE checks
UDF1 checks
UDF1 shows [5h Jh]
POCKET_D_ACE shows [Ad 9s]
UDF1 awarded 5000
POCKET_D_ACE awarded -5000

Round #694, POCKET_D_ACE (266100), UDF1 (-266100)
POCKET_D_ACE posts blind: 10
UDF1 posts blind: 20
POCKET_D_ACE received [Js Ac]
UDF1 received [8h Kh]
POCKET_D_ACE calls
UDF1 raises to 5000
POCKET_D_ACE calls
Flop [5h Jd 3s], POCKET_D_ACE (5000), UDF1 (5000)
UDF1 bids 0
POCKET_D_ACE bids 0
POCKET_D_ACE won the auction and was revealed [8h]
UDF1 won the auction and was revealed [Js]
Flop [5h Jd 3s], POCKET_D_ACE (5000), UDF1 (5000)
UDF1 checks
POCKET_D_ACE checks
Turn [5h Jd 3s 4c], POCKET_D_ACE (5000), UDF1 (5000)
UDF1 checks
POCKET_D_ACE checks
River [5h Jd 3s 4c 6d], POCKET_D_ACE (5000), UDF1 (5000)
UDF1 checks
POCKET_D_ACE checks
POCKET_D_ACE shows [Js Ac]
UDF1 shows [8h Kh]
POCKET_D_ACE awarded 5000
UDF1 awarded -5000

Round #695, UDF1 (-271100), POCKET_D_ACE (271100)
UDF1 posts blind: 10
POCKET_D_ACE posts blind: 20
UDF1 received [Ac 5d]
POCKET_D_ACE received [2d 3c]
UDF1 raises to 5000
POCKET_D_ACE folds
UDF1 awarded 20
POCKET_D_ACE awarded -20

Round #696, POCKET_D_ACE (271080), UDF1 (-271080)
POCKET_D_ACE posts blind: 10
UDF1 posts blind: 20
POCKET_D_ACE received [9h 7s]
UDF1 received [Qd Ac]
POCKET_D_ACE calls
UDF1 raises to 5000
POCKET_D_ACE calls
Flop [3s Ad Kc], POCKET_D_ACE (5000), UDF1 (5000)
UDF1 bids 0
POCKET_D_ACE bids 0
POCKET_D_ACE won the auction and was revealed [Qd]
UDF1 won the auction and was revealed [7s]
Flop [3s Ad Kc], POCKET_D_ACE (5000), UDF1 (5000)
UDF1 checks
POCKET_D_ACE checks
Turn [3s Ad Kc Ts], POCKET_D_ACE (5000), UDF1 (5000)
UDF1 checks
POCKET_D_ACE checks
River [3s Ad Kc Ts Qh], POCKET_D_ACE (5000), UDF1 (5000)
UDF1 checks
POCKET_D_ACE checks
POCKET_D_ACE shows [9h 7s]
UDF1 shows [Qd Ac]
POCKET_D_ACE awarded -5000
UDF1 awarded 5000

Round #697, UDF1 (-266080), POCKET_D_ACE (266080)
UDF1 posts blind: 10
POCKET_D_ACE posts blind: 20
UDF1 received [2d 7h]
POCKET_D_ACE received [9s 4s]
UDF1 raises to 5000
POCKET_D_ACE calls
Flop [8s Jc Th], UDF1 (5000), POCKET_D_ACE (5000)
POCKET_D_ACE bids 0
UDF1 bids 0
UDF1 won the auction and was revealed [4s]
POCKET_D_ACE won the auction and was revealed [7h]
Flop [8s Jc Th], UDF1 (5000), POCKET_D_ACE (5000)
POCKET_D_ACE checks
UDF1 checks
Turn [8s Jc Th 6c], UDF1 (5000), POCKET_D_ACE (5000)
POCKET_D_ACE checks
UDF1 checks
River [8s Jc Th 6c 4h], UDF1 (5000), POCKET_D_ACE (5000)
POCKET_D_ACE checks
UDF1 checks
UDF1 shows [2d 7h]
POCKET_D_ACE shows [9s 4s]
UDF1 awarded -5000
POCKET_D_ACE awarded 5000

Round #698, POCKET_D_ACE (271080), UDF1 (-271080)
POCKET_D_ACE posts blind: 10
UDF1 posts blind: 20
POCKET_D_ACE received [2s Ts]
UDF1 received [Kh 6s]
POCKET_D_ACE calls
UDF1 raises to 5000
POCKET_D_ACE folds
POCKET_D_ACE awarded -20
UDF1 awarded 20

Round #699, UDF1 (-271060), POCKET_D_ACE (271060)
UDF1 posts blind: 10
POCKET_D_ACE posts blind: 20
UDF1 received [3h Qs]
POCKET_D_ACE received [5s 4s]
UDF1 raises to 5000
POCKET_D_ACE calls
Flop [Th 6h Qd], UDF1 (5000), POCKET_D_ACE (5000)
POCKET_D_ACE bids 0
UDF1 bids 0
UDF1 won the auction and was revealed [5s]
POCKET_D_ACE won the auction and was revealed [Qs]
Flop [Th 6h Qd], UDF1 (5000), POCKET_D_ACE (5000)
POCKET_D_ACE checks
UDF1 checks
Turn [Th 6h Qd Td], UDF1 (5000), POCKET_D_ACE (5000)
POCKET_D_ACE checks
UDF1 checks
River [Th 6h Qd Td Ts], UDF1 (5000), POCKET_D_ACE (5000)
POCKET_D_ACE checks
UDF1 checks
UDF1 shows [3h Qs]
POCKET_D_ACE shows [5s 4s]
UDF1 awarded 5000
POCKET_D_ACE awarded -5000

Round #700, POCKET_D_ACE (266060), UDF1 (-266060)
POCKET_D_ACE posts blind: 10
UDF1 posts blind: 20
POCKET_D_ACE received [4d 8h]
UDF1 received [9h 5d]
POCKET_D_ACE calls
UDF1 raises to 5000
POCKET_D_ACE folds
POCKET_D_ACE awarded -20
UDF1 awarded 20

Round #701, UDF1 (-266040), POCKET_D_ACE (266040)
UDF1 posts blind: 10
POCKET_D_ACE posts blind: 20
UDF1 received [Qc 4s]
POCKET_D_ACE received [8s 6d]
UDF1 raises to 5000
POCKET_D_ACE calls
Flop [Td As 9s], UDF1 (5000), POCKET_D_ACE (5000)
POCKET_D_ACE bids 0
UDF1 bids 0
UDF1 won the auction and was revealed [8s]
POCKET_D_ACE won the auction and was revealed [Qc]
Flop [Td As 9s], UDF1 (5000), POCKET_D_ACE (5000)
POCKET_D_ACE checks
UDF1 checks
Turn [Td As 9s 6c], UDF1 (5000), POCKET_D_ACE (5000)
POCKET_D_ACE checks
UDF1 checks
River [Td As 9s 6c 2d], UDF1 (5000), POCKET_D_ACE (5000)
POCKET_D_ACE checks
UDF1 checks
UDF1 shows [Qc 4s]
POCKET_D_ACE shows [8s 6d]
UDF1 awarded -5000
POCKET_D_ACE awarded 5000

Round #702, POCKET_D_ACE (271040), UDF1 (-271040)
POCKET_D_ACE posts blind: 10
UDF1 posts blind: 20
POCKET_D_ACE received [4c Js]
UDF1 received [Qd Jc]
POCKET_D_ACE calls
UDF1 raises to 5000
POCKET_D_ACE folds
POCKET_D_ACE awarded -20
UDF1 awarded 20

Round #703, UDF1 (-271020), POCKET_D_ACE (271020)
UDF1 posts blind: 10
POCKET_D_ACE posts blind: 20
UDF1 received [Jh 8c]
POCKET_D_ACE received [6d Qs]
UDF1 raises to 5000
POCKET_D_ACE calls
Flop [Kc Ad Jc], UDF1 (5000), POCKET_D_ACE (5000)
POCKET_D_ACE bids 0
UDF1 bids 0
UDF1 won the auction and was revealed [Qs]
POCKET_D_ACE won the auction and was revealed [8c]
Flop [Kc Ad Jc], UDF1 (5000), POCKET_D_ACE (5000)
POCKET_D_ACE checks
UDF1 checks
Turn [Kc Ad Jc Ks], UDF1 (5000), POCKET_D_ACE (5000)
POCKET_D_ACE checks
UDF1 checks
River [Kc Ad Jc Ks 4s], UDF1 (5000), POCKET_D_ACE (5000)
POCKET_D_ACE checks
UDF1 checks
UDF1 shows [Jh 8c]
POCKET_D_ACE shows [6d Qs]
UDF1 awarded 5000
POCKET_D_ACE awarded -5000

Round #704, POCKET_D_ACE (266020), UDF1 (-266020)
POCKET_D_ACE posts blind: 10
UDF1 posts blind: 20
POCKET_D_ACE received [Qs Ts]
UDF1 received [6h 3c]
POCKET_D_ACE calls
UDF1 raises to 5000
POCKET_D_ACE calls
Flop [5c Ad 7s], POCKET_D_ACE (5000), UDF1 (5000)
UDF1 bids 0
POCKET_D_ACE bids 0
POCKET_D_ACE won the auction and was revealed [3c]
UDF1 won the auction and was revealed [Qs]
Flop [5c Ad 7s], POCKET_D_ACE (5000), UDF1 (5000)
UDF1 checks
POCKET_D_ACE checks
Turn [5c Ad 7s Th], POCKET_D_ACE (5000), UDF1 (5000)
UDF1 checks
POCKET_D_ACE checks
River [5c Ad 7s Th Ah], POCKET_D_ACE (5000), UDF1 (5000)
UDF1 checks
POCKET_D_ACE checks
POCKET_D_ACE shows [Qs Ts]
UDF1 shows [6h 3c]
POCKET_D_ACE awarded 5000
UDF1 awarded -5000

Round #705, UDF1 (-271020), POCKET_D_ACE (271020)
UDF1 posts blind: 10
POCKET_D_ACE posts blind: 20
UDF1 received [Jh 9s]
POCKET_D_ACE received [Kc 3h]
UDF1 raises to 5000
POCKET_D_ACE calls
Flop [8h Qd 7s], UDF1 (5000), POCKET_D_ACE (5000)
POCKET_D_ACE bids 0
UDF1 bids 0
UDF1 won the auction and was revealed [Kc]
POCKET_D_ACE won the auction and was revealed [Jh]
Flop [8h Qd 7s], UDF1 (5000), POCKET_D_ACE (5000)
POCKET_D_ACE checks
UDF1 checks
Turn [8h Qd 7s 2d], UDF1 (5000), POCKET_D_ACE (5000)
POCKET_D_ACE checks
UDF1 checks
River [8h Qd 7s 2d 9d], UDF1 (5000), POCKET_D_ACE (5000)
POCKET_D_ACE checks
UDF1 checks
UDF1 shows [Jh 9s]
POCKET_D_ACE shows [Kc 3h]
UDF1 awarded 5000
POCKET_D_ACE awarded -5000

Round #706, POCKET_D_ACE (266020), UDF1 (-266020)
POCKET_D_ACE posts blind: 10
UDF1 posts blind: 20
POCKET_D_ACE received [2s 6d]
UDF1 received [Ac 9s]
POCKET_D_ACE folds
POCKET_D_ACE awarded -10
UDF1 awarded 10

Round #707, UDF1 (-266010), POCKET_D_ACE (266010)
UDF1 posts blind: 10
POCKET_D_ACE posts blind: 20
UDF1 received [9h Tc]
POCKET_D_ACE received [9c Qd]
UDF1 raises to 5000
POCKET_D_ACE calls
Flop [2s 7h 7s], UDF1 (5000), POCKET_D_ACE (5000)
POCKET_D_ACE bids 0
UDF1 bids 0
UDF1 won the auction and was revealed [9c]
POCKET_D_ACE won the auction and was revealed [Tc]
Flop [2s 7h 7s], UDF1 (5000), POCKET_D_ACE (5000)
POCKET_D_ACE checks
UDF1 checks
Turn [2s 7h 7s 4h], UDF1 (5000), POCKET_D_ACE (5000)
POCKET_D_ACE checks
UDF1 checks
River [2s 7h 7s 4h Ah], UDF1 (5000), POCKET_D_ACE (5000)
POCKET_D_ACE checks
UDF1 checks
UDF1 shows [9h Tc]
POCKET_D_ACE shows [9c Qd]
UDF1 awarded -5000
POCKET_D_ACE awarded 5000

Round #708, POCKET_D_ACE (271010), UDF1 (-271010)
POCKET_D_ACE posts blind: 10
UDF1 posts blind: 20
POCKET_D_ACE received [Ks 6c]
UDF1 received [9s 2d]
POCKET_D_ACE calls
UDF1 raises to 5000
POCKET_D_ACE calls
Flop [2s 4d 7h], POCKET_D_ACE (5000), UDF1 (5000)
UDF1 bids 0
POCKET_D_ACE bids 0
POCKET_D_ACE won the auction and was revealed [9s]
UDF1 won the auction and was revealed [6c]
Flop [2s 4d 7h], POCKET_D_ACE (5000), UDF1 (5000)
UDF1 checks
POCKET_D_ACE checks
Turn [2s 4d 7h 2c], POCKET_D_ACE (5000), UDF1 (5000)
UDF1 checks
POCKET_D_ACE checks
River [2s 4d 7h 2c Ad], POCKET_D_ACE (5000), UDF1 (5000)
UDF1 checks
POCKET_D_ACE checks
POCKET_D_ACE shows [Ks 6c]
UDF1 shows [9s 2d]
POCKET_D_ACE awarded -5000
UDF1 awarded 5000

Round #709, UDF1 (-266010), POCKET_D_ACE (266010)
UDF1 posts blind: 10
POCKET_D_ACE posts blind: 20
UDF1 received [6c 2c]
POCKET_D_ACE received [4h Jc]
UDF1 raises to 5000
POCKET_D_ACE folds
UDF1 awarded 20
POCKET_D_ACE awarded -20

Round #710, POCKET_D_ACE (265990), UDF1 (-265990)
POCKET_D_ACE posts blind: 10
UDF1 posts blind: 20
POCKET_D_ACE received [Qh 9s]
UDF1 received [6d Js]
POCKET_D_ACE calls
UDF1 raises to 5000
POCKET_D_ACE calls
Flop [3s As Ac], POCKET_D_ACE (5000), UDF1 (5000)
UDF1 bids 0
POCKET_D_ACE bids 0
POCKET_D_ACE won the auction and was revealed [Js]
UDF1 won the auction and was revealed [Qh]
Flop [3s As Ac], POCKET_D_ACE (5000), UDF1 (5000)
UDF1 checks
POCKET_D_ACE checks
Turn [3s As Ac 4h], POCKET_D_ACE (5000), UDF1 (5000)
UDF1 checks
POCKET_D_ACE checks
River [3s As Ac 4h Tc], POCKET_D_ACE (5000), UDF1 (5000)
UDF1 checks
POCKET_D_ACE checks
POCKET_D_ACE shows [Qh 9s]
UDF1 shows [6d Js]
POCKET_D_ACE awarded 5000
UDF1 awarded -5000

Round #711, UDF1 (-270990), POCKET_D_ACE (270990)
UDF1 posts blind: 10
POCKET_D_ACE posts blind: 20
UDF1 received [3d Qs]
POCKET_D_ACE received [2c 4h]
UDF1 raises to 5000
POCKET_D_ACE folds
UDF1 awarded 20
POCKET_D_ACE awarded -20

Round #712, POCKET_D_ACE (270970), UDF1 (-270970)
POCKET_D_ACE posts blind: 10
UDF1 posts blind: 20
POCKET_D_ACE received [8h Kd]
UDF1 received [Ac Qs]
POCKET_D_ACE calls
UDF1 raises to 5000
POCKET_D_ACE calls
Flop [3c Ts 6d], POCKET_D_ACE (5000), UDF1 (5000)
UDF1 bids 0
POCKET_D_ACE bids 0
POCKET_D_ACE won the auction and was revealed [Ac]
UDF1 won the auction and was revealed [8h]
Flop [3c Ts 6d], POCKET_D_ACE (5000), UDF1 (5000)
UDF1 checks
POCKET_D_ACE checks
Turn [3c Ts 6d Kh], POCKET_D_ACE (5000), UDF1 (5000)
UDF1 checks
POCKET_D_ACE checks
River [3c Ts 6d Kh 2d], POCKET_D_ACE (5000), UDF1 (5000)
UDF1 checks
POCKET_D_ACE checks
POCKET_D_ACE shows [8h Kd]
UDF1 shows [Ac Qs]
POCKET_D_ACE awarded 5000
UDF1 awarded -5000

Round #713, UDF1 (-275970), POCKET_D_ACE (275970)
UDF1 posts blind: 10
POCKET_D_ACE posts blind: 20
UDF1 received [4c Kc]
POCKET_D_ACE received [9s 7c]
UDF1 raises to 5000
POCKET_D_ACE calls
Flop [Jd 2s 5s], UDF1 (5000), POCKET_D_ACE (5000)
POCKET_D_ACE bids 0
UDF1 bids 0
UDF1 won the auction and was revealed [7c]
POCKET_D_ACE won the auction and was revealed [4c]
Flop [Jd 2s 5s], UDF1 (5000), POCKET_D_ACE (5000)
POCKET_D_ACE checks
UDF1 checks
Turn [Jd 2s 5s Qc], UDF1 (5000), POCKET_D_ACE (5000)
POCKET_D_ACE checks
UDF1 checks
River [Jd 2s 5s Qc 8c], UDF1 (5000), POCKET_D_ACE (5000)
POCKET_D_ACE checks
UDF1 checks
UDF1 shows [4c Kc]
POCKET_D_ACE shows [9s 7c]
UDF1 awarded 5000
POCKET_D_ACE awarded -5000

Round #714, POCKET_D_ACE (270970), UDF1 (-270970)
POCKET_D_ACE posts blind: 10
UDF1 posts blind: 20
POCKET_D_ACE received [Th 3h]
UDF1 received [9c 2s]
POCKET_D_ACE calls
UDF1 raises to 5000
POCKET_D_ACE folds
POCKET_D_ACE awarded -20
UDF1 awarded 20

Round #715, UDF1 (-270950), POCKET_D_ACE (270950)
UDF1 posts blind: 10
POCKET_D_ACE posts blind: 20
UDF1 received [Js 5d]
POCKET_D_ACE received [3c As]
UDF1 raises to 5000
POCKET_D_ACE calls
Flop [5s 2h 8s], UDF1 (5000), POCKET_D_ACE (5000)
POCKET_D_ACE bids 0
UDF1 bids 0
UDF1 won the auction and was revealed [3c]
POCKET_D_ACE won the auction and was revealed [5d]
Flop [5s 2h 8s], UDF1 (5000), POCKET_D_ACE (5000)
POCKET_D_ACE checks
UDF1 checks
Turn [5s 2h 8s Qs], UDF1 (5000), POCKET_D_ACE (5000)
POCKET_D_ACE checks
UDF1 checks
River [5s 2h 8s Qs Qd], UDF1 (5000), POCKET_D_ACE (5000)
POCKET_D_ACE checks
UDF1 checks
UDF1 shows [Js 5d]
POCKET_D_ACE shows [3c As]
UDF1 awarded 5000
POCKET_D_ACE awarded -5000

Round #716, POCKET_D_ACE (265950), UDF1 (-265950)
POCKET_D_ACE posts blind: 10
UDF1 posts blind: 20
POCKET_D_ACE received [8d Kc]
UDF1 received [4s Kd]
POCKET_D_ACE calls
UDF1 raises to 5000
POCKET_D_ACE calls
Flop [3d Ad Jh], POCKET_D_ACE (5000), UDF1 (5000)
UDF1 bids 0
POCKET_D_ACE bids 0
POCKET_D_ACE won the auction and was revealed [Kd]
UDF1 won the auction and was revealed [Kc]
Flop [3d Ad Jh], POCKET_D_ACE (5000), UDF1 (5000)
UDF1 checks
POCKET_D_ACE checks
Turn [3d Ad Jh Qs], POCKET_D_ACE (5000), UDF1 (5000)
UDF1 checks
POCKET_D_ACE checks
River [3d Ad Jh Qs 5s], POCKET_D_ACE (5000), UDF1 (5000)
UDF1 checks
POCKET_D_ACE checks
POCKET_D_ACE shows [8d Kc]
UDF1 shows [4s Kd]
POCKET_D_ACE awarded 5000
UDF1 awarded -5000

Round #717, UDF1 (-270950), POCKET_D_ACE (270950)
UDF1 posts blind: 10
POCKET_D_ACE posts blind: 20
UDF1 received [7h Tc]
POCKET_D_ACE received [Kh 5c]
UDF1 raises to 5000
POCKET_D_ACE calls
Flop [4h 6h Qs], UDF1 (5000), POCKET_D_ACE (5000)
POCKET_D_ACE bids 0
UDF1 bids 0
UDF1 won the auction and was revealed [5c]
POCKET_D_ACE won the auction and was revealed [Tc]
Flop [4h 6h Qs], UDF1 (5000), POCKET_D_ACE (5000)
POCKET_D_ACE checks
UDF1 checks
Turn [4h 6h Qs 8d], UDF1 (5000), POCKET_D_ACE (5000)
POCKET_D_ACE checks
UDF1 checks
River [4h 6h Qs 8d 2h], UDF1 (5000), POCKET_D_ACE (5000)
POCKET_D_ACE checks
UDF1 checks
UDF1 shows [7h Tc]
POCKET_D_ACE shows [Kh 5c]
UDF1 awarded -5000
POCKET_D_ACE awarded 5000

Round #718, POCKET_D_ACE (275950), UDF1 (-275950)
POCKET_D_ACE posts blind: 10
UDF1 posts blind: 20
POCKET_D_ACE received [Ah 6c]
UDF1 received [7c Td]
POCKET_D_ACE calls
UDF1 raises to 5000
POCKET_D_ACE calls
Flop [7s 7d 6d], POCKET_D_ACE (5000), UDF1 (5000)
UDF1 bids 0
POCKET_D_ACE bids 0
POCKET_D_ACE won the auction and was revealed [Td]
UDF1 won the auction and was revealed [Ah]
Flop [7s 7d 6d], POCKET_D_ACE (5000), UDF1 (5000)
UDF1 checks
POCKET_D_ACE checks
Turn [7s 7d 6d Ts], POCKET_D_ACE (5000), UDF1 (5000)
UDF1 checks
POCKET_D_ACE checks
River [7s 7d 6d Ts 9s], POCKET_D_ACE (5000), UDF1 (5000)
UDF1 checks
POCKET_D_ACE checks
POCKET_D_ACE shows [Ah 6c]
UDF1 shows [7c Td]
POCKET_D_ACE awarded -5000
UDF1 awarded 5000

Round #719, UDF1 (-270950), POCKET_D_ACE (270950)
UDF1 posts blind: 10
POCKET_D_ACE posts blind: 20
UDF1 received [3d Kd]
POCKET_D_ACE received [9d 7h]
UDF1 raises to 5000
POCKET_D_ACE calls
Flop [5c Js 5s], UDF1 (5000), POCKET_D_ACE (5000)
POCKET_D_ACE bids 0
UDF1 bids 0
UDF1 won the auction and was revealed [7h]
POCKET_D_ACE won the auction and was revealed [Kd]
Flop [5c Js 5s], UDF1 (5000), POCKET_D_ACE (5000)
POCKET_D_ACE checks
UDF1 checks
Turn [5c Js 5s 7c], UDF1 (5000), POCKET_D_ACE (5000)
POCKET_D_ACE checks
UDF1 checks
River [5c Js 5s 7c 7s], UDF1 (5000), POCKET_D_ACE (5000)
POCKET_D_ACE checks
UDF1 checks
UDF1 shows [3d Kd]
POCKET_D_ACE shows [9d 7h]
UDF1 awarded -5000
POCKET_D_ACE awarded 5000

Round #720, POCKET_D_ACE (275950), UDF1 (-275950)
POCKET_D_ACE posts blind: 10
UDF1 posts blind: 20
POCKET_D_ACE received [As Js]
UDF1 received [7h 8s]
POCKET_D_ACE raises to 52
UDF1 raises to 5000
POCKET_D_ACE calls
Flop [Qc 9s Jc], POCKET_D_ACE (5000), UDF1 (5000)
UDF1 bids 0
POCKET_D_ACE bids 0
POCKET_D_ACE won the auction and was revealed [7h]
UDF1 won the auction and was revealed [As]
Flop [Qc 9s Jc], POCKET_D_ACE (5000), UDF1 (5000)
UDF1 checks
POCKET_D_ACE checks
Turn [Qc 9s Jc 6s], POCKET_D_ACE (5000), UDF1 (5000)
UDF1 checks
POCKET_D_ACE checks
River [Qc 9s Jc 6s 5d], POCKET_D_ACE (5000), UDF1 (5000)
UDF1 checks
POCKET_D_ACE checks
POCKET_D_ACE shows [As Js]
UDF1 shows [7h 8s]
POCKET_D_ACE awarded -5000
UDF1 awarded 5000

Round #721, UDF1 (-270950), POCKET_D_ACE (270950)
UDF1 posts blind: 10
POCKET_D_ACE posts blind: 20
UDF1 received [Ks 5c]
POCKET_D_ACE received [6d 9c]
UDF1 raises to 5000
POCKET_D_ACE calls
Flop [As Ac 4h], UDF1 (5000), POCKET_D_ACE (5000)
POCKET_D_ACE bids 0
UDF1 bids 0
UDF1 won the auction and was revealed [6d]
POCKET_D_ACE won the auction and was revealed [5c]
Flop [As Ac 4h], UDF1 (5000), POCKET_D_ACE (5000)
POCKET_D_ACE checks
UDF1 checks
Turn [As Ac 4h Ts], UDF1 (5000), POCKET_D_ACE (5000)
POCKET_D_ACE checks
UDF1 checks
River [As Ac 4h Ts Qs], UDF1 (5000), POCKET_D_ACE (5000)
POCKET_D_ACE checks
UDF1 checks
UDF1 shows [Ks 5c]
POCKET_D_ACE shows [6d 9c]
UDF1 awarded 5000
POCKET_D_ACE awarded -5000

Round #722, POCKET_D_ACE (265950), UDF1 (-265950)
POCKET_D_ACE posts blind: 10
UDF1 posts blind: 20
POCKET_D_ACE received [8d 3c]
UDF1 received [6c Qs]
POCKET_D_ACE calls
UDF1 raises to 5000
POCKET_D_ACE folds
POCKET_D_ACE awarded -20
UDF1 awarded 20

Round #723, UDF1 (-265930), POCKET_D_ACE (265930)
UDF1 posts blind: 10
POCKET_D_ACE posts blind: 20
UDF1 received [Qc As]
POCKET_D_ACE received [Ac 3h]
UDF1 raises to 5000
POCKET_D_ACE calls
Flop [2c Jh Th], UDF1 (5000), POCKET_D_ACE (5000)
POCKET_D_ACE bids 0
UDF1 bids 0
UDF1 won the auction and was revealed [Ac]
POCKET_D_ACE won the auction and was revealed [Qc]
Flop [2c Jh Th], UDF1 (5000), POCKET_D_ACE (5000)
POCKET_D_ACE checks
UDF1 checks
Turn [2c Jh Th Td], UDF1 (5000), POCKET_D_ACE (5000)
POCKET_D_ACE checks
UDF1 checks
River [2c Jh Th Td Ad], UDF1 (5000), POCKET_D_ACE (5000)
POCKET_D_ACE checks
UDF1 checks
UDF1 shows [Qc As]
POCKET_D_ACE shows [Ac 3h]
UDF1 awarded 5000
POCKET_D_ACE awarded -5000

Round #724, POCKET_D_ACE (260930), UDF1 (-260930)
POCKET_D_ACE posts blind: 10
UDF1 posts blind: 20
POCKET_D_ACE received [6h 3d]
UDF1 received [4c Td]
POCKET_D_ACE folds
POCKET_D_ACE awarded -10
UDF1 awarded 10

Round #725, UDF1 (-260920), POCKET_D_ACE (260920)
UDF1 posts blind: 10
POCKET_D_ACE posts blind: 20
UDF1 received [7d Kd]
POCKET_D_ACE received [8s Qs]
UDF1 raises to 5000
POCKET_D_ACE calls
Flop [4s 8d 3d], UDF1 (5000), POCKET_D_ACE (5000)
POCKET_D_ACE bids 0
UDF1 bids 0
UDF1 won the auction and was revealed [8s]
POCKET_D_ACE won the auction and was revealed [7d]
Flop [4s 8d 3d], UDF1 (5000), POCKET_D_ACE (5000)
POCKET_D_ACE checks
UDF1 checks
Turn [4s 8d 3d 5h], UDF1 (5000), POCKET_D_ACE (5000)
POCKET_D_ACE checks
UDF1 checks
River [4s 8d 3d 5h Qd], UDF1 (5000), POCKET_D_ACE (5000)
POCKET_D_ACE checks
UDF1 checks
UDF1 shows [7d Kd]
POCKET_D_ACE shows [8s Qs]
UDF1 awarded 5000
POCKET_D_ACE awarded -5000

Round #726, POCKET_D_ACE (255920), UDF1 (-255920)
POCKET_D_ACE posts blind: 10
UDF1 posts blind: 20
POCKET_D_ACE received [Th 7d]
UDF1 received [5h 2d]
POCKET_D_ACE calls
UDF1 raises to 5000
POCKET_D_ACE calls
Flop [Kd 7h 9h], POCKET_D_ACE (5000), UDF1 (5000)
UDF1 bids 0
POCKET_D_ACE bids 0
POCKET_D_ACE won the auction and was revealed [2d]
UDF1 won the auction and was revealed [Th]
Flop [Kd 7h 9h], POCKET_D_ACE (5000), UDF1 (5000)
UDF1 checks
POCKET_D_ACE checks
Turn [Kd 7h 9h Qd], POCKET_D_ACE (5000), UDF1 (5000)
UDF1 checks
POCKET_D_ACE checks
River [Kd 7h 9h Qd Qs], POCKET_D_ACE (5000), UDF1 (5000)
UDF1 checks
POCKET_D_ACE checks
POCKET_D_ACE shows [Th 7d]
UDF1 shows [5h 2d]
POCKET_D_ACE awarded 5000
UDF1 awarded -5000

Round #727, UDF1 (-260920), POCKET_D_ACE (260920)
UDF1 posts blind: 10
POCKET_D_ACE posts blind: 20
UDF1 received [Ah Td]
POCKET_D_ACE received [4c Kc]
UDF1 raises to 5000
POCKET_D_ACE calls
Flop [5s 6s 8d], UDF1 (5000), POCKET_D_ACE (5000)
POCKET_D_ACE bids 0
UDF1 bids 0
UDF1 won the auction and was revealed [Kc]
POCKET_D_ACE won the auction and was revealed [Ah]
Flop [5s 6s 8d], UDF1 (5000), POCKET_D_ACE (5000)
POCKET_D_ACE checks
UDF1 checks
Turn [5s 6s 8d 3h], UDF1 (5000), POCKET_D_ACE (5000)
POCKET_D_ACE checks
UDF1 checks
River [5s 6s 8d 3h 7s], UDF1 (5000), POCKET_D_ACE (5000)
POCKET_D_ACE checks
UDF1 checks
UDF1 shows [Ah Td]
POCKET_D_ACE shows [4c Kc]
UDF1 awarded -5000
POCKET_D_ACE awarded 5000

Round #728, POCKET_D_ACE (265920), UDF1 (-265920)
POCKET_D_ACE posts blind: 10
UDF1 posts blind: 20
POCKET_D_ACE received [Kh 4c]
UDF1 received [5h Th]
POCKET_D_ACE calls
UDF1 raises to 5000
POCKET_D_ACE calls
Flop [5d Ts Js], POCKET_D_ACE (5000), UDF1 (5000)
UDF1 bids 0
POCKET_D_ACE bids 0
POCKET_D_ACE won the auction and was revealed [Th]
UDF1 won the auction and was revealed [4c]
Flop [5d Ts Js], POCKET_D_ACE (5000), UDF1 (5000)
UDF1 checks
POCKET_D_ACE checks
Turn [5d Ts Js 6c], POCKET_D_ACE (5000), UDF1 (5000)
UDF1 checks
POCKET_D_ACE checks
River [5d Ts Js 6c 2c], POCKET_D_ACE (5000), UDF1 (5000)
UDF1 checks
POCKET_D_ACE checks
POCKET_D_ACE shows [Kh 4c]
UDF1 shows [5h Th]
POCKET_D_ACE awarded -5000
UDF1 awarded 5000

Round #729, UDF1 (-260920), POCKET_D_ACE (260920)
UDF1 posts blind: 10
POCKET_D_ACE posts blind: 20
UDF1 received [Kc 8d]
POCKET_D_ACE received [7h Kh]
UDF1 raises to 5000
POCKET_D_ACE calls
Flop [Ah 4h 7s], UDF1 (5000), POCKET_D_ACE (5000)
POCKET_D_ACE bids 0
UDF1 bids 0
UDF1 won the auction and was revealed [7h]
POCKET_D_ACE won the auction and was revealed [8d]
Flop [Ah 4h 7s], UDF1 (5000), POCKET_D_ACE (5000)
POCKET_D_ACE checks
UDF1 checks
Turn [Ah 4h 7s 2s], UDF1 (5000), POCKET_D_ACE (5000)
POCKET_D_ACE checks
UDF1 checks
River [Ah 4h 7s 2s 6h], UDF1 (5000), POCKET_D_ACE (5000)
POCKET_D_ACE checks
UDF1 checks
UDF1 shows [Kc 8d]
POCKET_D_ACE shows [7h Kh]
UDF1 awarded -5000
POCKET_D_ACE awarded 5000

Round #730, POCKET_D_ACE (265920), UDF1 (-265920)
POCKET_D_ACE posts blind: 10
UDF1 posts blind: 20
POCKET_D_ACE received [Ac Th]
UDF1 received [Ks As]
POCKET_D_ACE calls
UDF1 raises to 5000
POCKET_D_ACE calls
Flop [9s 5h Jh], POCKET_D_ACE (5000), UDF1 (5000)
UDF1 bids 0
POCKET_D_ACE bids 0
POCKET_D_ACE won the auction and was revealed [Ks]
UDF1 won the auction and was revealed [Th]
Flop [9s 5h Jh], POCKET_D_ACE (5000), UDF1 (5000)
UDF1 checks
POCKET_D_ACE checks
Turn [9s 5h Jh 3c], POCKET_D_ACE (5000), UDF1 (5000)
UDF1 checks
POCKET_D_ACE checks
River [9s 5h Jh 3c 3h], POCKET_D_ACE (5000), UDF1 (5000)
UDF1 checks
POCKET_D_ACE checks
POCKET_D_ACE shows [Ac Th]
UDF1 shows [Ks As]
POCKET_D_ACE awarded -5000
UDF1 awarded 5000

Round #731, UDF1 (-260920), POCKET_D_ACE (260920)
UDF1 posts blind: 10
POCKET_D_ACE posts blind: 20
UDF1 received [3c 5d]
POCKET_D_ACE received [2h 4s]
UDF1 raises to 5000
POCKET_D_ACE folds
UDF1 awarded 20
POCKET_D_ACE awarded -20

Round #732, POCKET_D_ACE (260900), UDF1 (-260900)
POCKET_D_ACE posts blind: 10
UDF1 posts blind: 20
POCKET_D_ACE received [Jh Jd]
UDF1 received [Qc Ts]
POCKET_D_ACE raises to 55
UDF1 raises to 5000
POCKET_D_ACE calls
Flop [2h Kd 5c], POCKET_D_ACE (5000), UDF1 (5000)
UDF1 bids 0
POCKET_D_ACE bids 0
POCKET_D_ACE won the auction and was revealed [Qc]
UDF1 won the auction and was revealed [Jd]
Flop [2h Kd 5c], POCKET_D_ACE (5000), UDF1 (5000)
UDF1 checks
POCKET_D_ACE checks
Turn [2h Kd 5c 6h], POCKET_D_ACE (5000), UDF1 (5000)
UDF1 checks
POCKET_D_ACE checks
River [2h Kd 5c 6h 7c], POCKET_D_ACE (5000), UDF1 (5000)
UDF1 checks
POCKET_D_ACE checks
POCKET_D_ACE shows [Jh Jd]
UDF1 shows [Qc Ts]
POCKET_D_ACE awarded 5000
UDF1 awarded -5000

Round #733, UDF1 (-265900), POCKET_D_ACE (265900)
UDF1 posts blind: 10
POCKET_D_ACE posts blind: 20
UDF1 received [7d 5c]
POCKET_D_ACE received [Ah Kd]
UDF1 raises to 5000
POCKET_D_ACE calls
Flop [Tc Jh 6c], UDF1 (5000), POCKET_D_ACE (5000)
POCKET_D_ACE bids 0
UDF1 bids 0
UDF1 won the auction and was revealed [Ah]
POCKET_D_ACE won the auction and was revealed [5c]
Flop [Tc Jh 6c], UDF1 (5000), POCKET_D_ACE (5000)
POCKET_D_ACE checks
UDF1 checks
Turn [Tc Jh 6c 8s], UDF1 (5000), POCKET_D_ACE (5000)
POCKET_D_ACE checks
UDF1 checks
River [Tc Jh 6c 8s 9d], UDF1 (5000), POCKET_D_ACE (5000)
POCKET_D_ACE checks
UDF1 checks
UDF1 shows [7d 5c]
POCKET_D_ACE shows [Ah Kd]
UDF1 awarded 5000
POCKET_D_ACE awarded -5000

Round #734, POCKET_D_ACE (260900), UDF1 (-260900)
POCKET_D_ACE posts blind: 10
UDF1 posts blind: 20
POCKET_D_ACE received [Qc 3h]
UDF1 received [Qh Js]
POCKET_D_ACE calls
UDF1 raises to 5000
POCKET_D_ACE folds
POCKET_D_ACE awarded -20
UDF1 awarded 20

Round #735, UDF1 (-260880), POCKET_D_ACE (260880)
UDF1 posts blind: 10
POCKET_D_ACE posts blind: 20
UDF1 received [3h Jd]
POCKET_D_ACE received [Kh 2d]
UDF1 raises to 5000
POCKET_D_ACE folds
UDF1 awarded 20
POCKET_D_ACE awarded -20

Round #736, POCKET_D_ACE (260860), UDF1 (-260860)
POCKET_D_ACE posts blind: 10
UDF1 posts blind: 20
POCKET_D_ACE received [2s 8s]
UDF1 received [7d Qd]
POCKET_D_ACE calls
UDF1 raises to 5000
POCKET_D_ACE folds
POCKET_D_ACE awarded -20
UDF1 awarded 20

Round #737, UDF1 (-260840), POCKET_D_ACE (260840)
UDF1 posts blind: 10
POCKET_D_ACE posts blind: 20
UDF1 received [2d 7h]
POCKET_D_ACE received [9c 7s]
UDF1 raises to 5000
POCKET_D_ACE calls
Flop [Ts 3s Td], UDF1 (5000), POCKET_D_ACE (5000)
POCKET_D_ACE bids 0
UDF1 bids 0
UDF1 won the auction and was revealed [7s]
POCKET_D_ACE won the auction and was revealed [2d]
Flop [Ts 3s Td], UDF1 (5000), POCKET_D_ACE (5000)
POCKET_D_ACE checks
UDF1 checks
Turn [Ts 3s Td Kc], UDF1 (5000), POCKET_D_ACE (5000)
POCKET_D_ACE checks
UDF1 checks
River [Ts 3s Td Kc Kd], UDF1 (5000), POCKET_D_ACE (5000)
POCKET_D_ACE checks
UDF1 checks
UDF1 shows [2d 7h]
POCKET_D_ACE shows [9c 7s]
UDF1 awarded -5000
POCKET_D_ACE awarded 5000

Round #738, POCKET_D_ACE (265840), UDF1 (-265840)
POCKET_D_ACE posts blind: 10
UDF1 posts blind: 20
POCKET_D_ACE received [7c 6d]
UDF1 received [Td Ac]
POCKET_D_ACE calls
UDF1 raises to 5000
POCKET_D_ACE calls
Flop [5c 5h 4c], POCKET_D_ACE (5000), UDF1 (5000)
UDF1 bids 0
POCKET_D_ACE bids 0
POCKET_D_ACE won the auction and was revealed [Td]
UDF1 won the auction and was revealed [7c]
Flop [5c 5h 4c], POCKET_D_ACE (5000), UDF1 (5000)
UDF1 checks
POCKET_D_ACE checks
Turn [5c 5h 4c As], POCKET_D_ACE (5000), UDF1 (5000)
UDF1 checks
POCKET_D_ACE checks
River [5c 5h 4c As 8h], POCKET_D_ACE (5000), UDF1 (5000)
UDF1 checks
POCKET_D_ACE checks
POCKET_D_ACE shows [7c 6d]
UDF1 shows [Td Ac]
POCKET_D_ACE awarded 5000
UDF1 awarded -5000

Round #739, UDF1 (-270840), POCKET_D_ACE (270840)
UDF1 posts blind: 10
POCKET_D_ACE posts blind: 20
UDF1 received [5h 7d]
POCKET_D_ACE received [5s Qd]
UDF1 raises to 5000
POCKET_D_ACE calls
Flop [9c 5c 8s], UDF1 (5000), POCKET_D_ACE (5000)
POCKET_D_ACE bids 0
UDF1 bids 0
UDF1 won the auction and was revealed [5s]
POCKET_D_ACE won the auction and was revealed [5h]
Flop [9c 5c 8s], UDF1 (5000), POCKET_D_ACE (5000)
POCKET_D_ACE checks
UDF1 checks
Turn [9c 5c 8s Th], UDF1 (5000), POCKET_D_ACE (5000)
POCKET_D_ACE checks
UDF1 checks
River [9c 5c 8s Th Qc], UDF1 (5000), POCKET_D_ACE (5000)
POCKET_D_ACE checks
UDF1 checks
UDF1 shows [5h 7d]
POCKET_D_ACE shows [5s Qd]
UDF1 awarded -5000
POCKET_D_ACE awarded 5000

Round #740, POCKET_D_ACE (275840), UDF1 (-275840)
POCKET_D_ACE posts blind: 10
UDF1 posts blind: 20
POCKET_D_ACE received [8h Qh]
UDF1 received [7c Ks]
POCKET_D_ACE calls
UDF1 raises to 5000
POCKET_D_ACE calls
Flop [9c 5c 4c], POCKET_D_ACE (5000), UDF1 (5000)
UDF1 bids 0
POCKET_D_ACE bids 0
POCKET_D_ACE won the auction and was revealed [7c]
UDF1 won the auction and was revealed [8h]
Flop [9c 5c 4c], POCKET_D_ACE (5000), UDF1 (5000)
UDF1 checks
POCKET_D_ACE checks
Turn [9c 5c 4c Kc], POCKET_D_ACE (5000), UDF1 (5000)
UDF1 checks
POCKET_D_ACE checks
River [9c 5c 4c Kc 3h], POCKET_D_ACE (5000), UDF1 (5000)
UDF1 checks
POCKET_D_ACE checks
POCKET_D_ACE shows [8h Qh]
UDF1 shows [7c Ks]
POCKET_D_ACE awarded -5000
UDF1 awarded 5000

Round #741, UDF1 (-270840), POCKET_D_ACE (270840)
UDF1 posts blind: 10
POCKET_D_ACE posts blind: 20
UDF1 received [9s 4c]
POCKET_D_ACE received [8d 5s]
UDF1 raises to 5000
POCKET_D_ACE folds
UDF1 awarded 20
POCKET_D_ACE awarded -20

Round #742, POCKET_D_ACE (270820), UDF1 (-270820)
POCKET_D_ACE posts blind: 10
UDF1 posts blind: 20
POCKET_D_ACE received [2d 7s]
UDF1 received [4d Kh]
POCKET_D_ACE calls
UDF1 raises to 5000
POCKET_D_ACE folds
POCKET_D_ACE awarded -20
UDF1 awarded 20

Round #743, UDF1 (-270800), POCKET_D_ACE (270800)
UDF1 posts blind: 10
POCKET_D_ACE posts blind: 20
UDF1 received [3s 6h]
POCKET_D_ACE received [4d Kc]
UDF1 raises to 5000
POCKET_D_ACE calls
Flop [3c 3d 7h], UDF1 (5000), POCKET_D_ACE (5000)
POCKET_D_ACE bids 0
UDF1 bids 0
UDF1 won the auction and was revealed [4d]
POCKET_D_ACE won the auction and was revealed [6h]
Flop [3c 3d 7h], UDF1 (5000), POCKET_D_ACE (5000)
POCKET_D_ACE checks
UDF1 checks
Turn [3c 3d 7h 3h], UDF1 (5000), POCKET_D_ACE (5000)
POCKET_D_ACE checks
UDF1 checks
River [3c 3d 7h 3h 7c], UDF1 (5000), POCKET_D_ACE (5000)
POCKET_D_ACE checks
UDF1 checks
UDF1 shows [3s 6h]
POCKET_D_ACE shows [4d Kc]
UDF1 awarded 5000
POCKET_D_ACE awarded -5000

Round #744, POCKET_D_ACE (265800), UDF1 (-265800)
POCKET_D_ACE posts blind: 10
UDF1 posts blind: 20
POCKET_D_ACE received [Kd Jh]
UDF1 received [2s 4d]
POCKET_D_ACE calls
UDF1 raises to 5000
POCKET_D_ACE calls
Flop [5d 3c 3d], POCKET_D_ACE (5000), UDF1 (5000)
UDF1 bids 0
POCKET_D_ACE bids 0
POCKET_D_ACE won the auction and was revealed [4d]
UDF1 won the auction and was revealed [Jh]
Flop [5d 3c 3d], POCKET_D_ACE (5000), UDF1 (5000)
UDF1 checks
POCKET_D_ACE checks
Turn [5d 3c 3d 5c], POCKET_D_ACE (5000), UDF1 (5000)
UDF1 checks
POCKET_D_ACE checks
River [5d 3c 3d 5c 7h], POCKET_D_ACE (5000), UDF1 (5000)
UDF1 checks
POCKET_D_ACE checks
POCKET_D_ACE shows [Kd Jh]
UDF1 shows [2s 4d]
POCKET_D_ACE awarded 5000
UDF1 awarded -5000

Round #745, UDF1 (-270800), POCKET_D_ACE (270800)
UDF1 posts blind: 10
POCKET_D_ACE posts blind: 20
UDF1 received [7d 5s]
POCKET_D_ACE received [Kh 4h]
UDF1 raises to 5000
POCKET_D_ACE calls
Flop [6d 8c 6h], UDF1 (5000), POCKET_D_ACE (5000)
POCKET_D_ACE bids 0
UDF1 bids 0
UDF1 won the auction and was revealed [Kh]
POCKET_D_ACE won the auction and was revealed [7d]
Flop [6d 8c 6h], UDF1 (5000), POCKET_D_ACE (5000)
POCKET_D_ACE checks
UDF1 checks
Turn [6d 8c 6h 7s], UDF1 (5000), POCKET_D_ACE (5000)
POCKET_D_ACE checks
UDF1 checks
River [6d 8c 6h 7s Jd], UDF1 (5000), POCKET_D_ACE (5000)
POCKET_D_ACE checks
UDF1 checks
UDF1 shows [7d 5s]
POCKET_D_ACE shows [Kh 4h]
UDF1 awarded 5000
POCKET_D_ACE awarded -5000

Round #746, POCKET_D_ACE (265800), UDF1 (-265800)
POCKET_D_ACE posts blind: 10
UDF1 posts blind: 20
POCKET_D_ACE received [Td Tc]
UDF1 received [2c 5h]
POCKET_D_ACE raises to 55
UDF1 raises to 5000
POCKET_D_ACE calls
Flop [Kc 6s Th], POCKET_D_ACE (5000), UDF1 (5000)
UDF1 bids 0
POCKET_D_ACE bids 0
POCKET_D_ACE won the auction and was revealed [5h]
UDF1 won the auction and was revealed [Tc]
Flop [Kc 6s Th], POCKET_D_ACE (5000), UDF1 (5000)
UDF1 checks
POCKET_D_ACE checks
Turn [Kc 6s Th Ts], POCKET_D_ACE (5000), UDF1 (5000)
UDF1 checks
POCKET_D_ACE checks
River [Kc 6s Th Ts Jc], POCKET_D_ACE (5000), UDF1 (5000)
UDF1 checks
POCKET_D_ACE checks
POCKET_D_ACE shows [Td Tc]
UDF1 shows [2c 5h]
POCKET_D_ACE awarded 5000
UDF1 awarded -5000

Round #747, UDF1 (-270800), POCKET_D_ACE (270800)
UDF1 posts blind: 10
POCKET_D_ACE posts blind: 20
UDF1 received [Qd 5s]
POCKET_D_ACE received [Th 8d]
UDF1 raises to 5000
POCKET_D_ACE calls
Flop [Qs 3h Jc], UDF1 (5000), POCKET_D_ACE (5000)
POCKET_D_ACE bids 0
UDF1 bids 0
UDF1 won the auction and was revealed [8d]
POCKET_D_ACE won the auction and was revealed [Qd]
Flop [Qs 3h Jc], UDF1 (5000), POCKET_D_ACE (5000)
POCKET_D_ACE checks
UDF1 checks
Turn [Qs 3h Jc 4c], UDF1 (5000), POCKET_D_ACE (5000)
POCKET_D_ACE checks
UDF1 checks
River [Qs 3h Jc 4c 2c], UDF1 (5000), POCKET_D_ACE (5000)
POCKET_D_ACE checks
UDF1 checks
UDF1 shows [Qd 5s]
POCKET_D_ACE shows [Th 8d]
UDF1 awarded 5000
POCKET_D_ACE awarded -5000

Round #748, POCKET_D_ACE (265800), UDF1 (-265800)
POCKET_D_ACE posts blind: 10
UDF1 posts blind: 20
POCKET_D_ACE received [6d 2c]
UDF1 received [Kd Kh]
POCKET_D_ACE folds
POCKET_D_ACE awarded -10
UDF1 awarded 10

Round #749, UDF1 (-265790), POCKET_D_ACE (265790)
UDF1 posts blind: 10
POCKET_D_ACE posts blind: 20
UDF1 received [Qd 5s]
POCKET_D_ACE received [2s Kd]
UDF1 raises to 5000
POCKET_D_ACE folds
UDF1 awarded 20
POCKET_D_ACE awarded -20

Round #750, POCKET_D_ACE (265770), UDF1 (-265770)
POCKET_D_ACE posts blind: 10
UDF1 posts blind: 20
POCKET_D_ACE received [6s 9d]
UDF1 received [7h 2h]
POCKET_D_ACE calls
UDF1 raises to 5000
POCKET_D_ACE calls
Flop [Kc Kd 4s], POCKET_D_ACE (5000), UDF1 (5000)
UDF1 bids 0
POCKET_D_ACE bids 0
POCKET_D_ACE won the auction and was revealed [7h]
UDF1 won the auction and was revealed [6s]
Flop [Kc Kd 4s], POCKET_D_ACE (5000), UDF1 (5000)
UDF1 checks
POCKET_D_ACE checks
Turn [Kc Kd 4s 8h], POCKET_D_ACE (5000), UDF1 (5000)
UDF1 checks
POCKET_D_ACE checks
River [Kc Kd 4s 8h Qs], POCKET_D_ACE (5000), UDF1 (5000)
UDF1 checks
POCKET_D_ACE checks
POCKET_D_ACE shows [6s 9d]
UDF1 shows [7h 2h]
POCKET_D_ACE awarded 5000
UDF1 awarded -5000

Round #751, UDF1 (-270770), POCKET_D_ACE (270770)
UDF1 posts blind: 10
POCKET_D_ACE posts blind: 20
UDF1 received [Jh 7c]
POCKET_D_ACE received [2s Jc]
UDF1 raises to 5000
POCKET_D_ACE folds
UDF1 awarded 20
POCKET_D_ACE awarded -20

Round #752, POCKET_D_ACE (270750), UDF1 (-270750)
POCKET_D_ACE posts blind: 10
UDF1 posts blind: 20
POCKET_D_ACE received [Ts 4s]
UDF1 received [5s 8c]
POCKET_D_ACE calls
UDF1 raises to 5000
POCKET_D_ACE calls
Flop [Jh Td 3s], POCKET_D_ACE (5000), UDF1 (5000)
UDF1 bids 0
POCKET_D_ACE bids 0
POCKET_D_ACE won the auction and was revealed [8c]
UDF1 won the auction and was revealed [Ts]
Flop [Jh Td 3s], POCKET_D_ACE (5000), UDF1 (5000)
UDF1 checks
POCKET_D_ACE checks
Turn [Jh Td 3s 7c], POCKET_D_ACE (5000), UDF1 (5000)
UDF1 checks
POCKET_D_ACE checks
River [Jh Td 3s 7c 9d], POCKET_D_ACE (5000), UDF1 (5000)
UDF1 checks
POCKET_D_ACE checks
POCKET_D_ACE shows [Ts 4s]
UDF1 shows [5s 8c]
POCKET_D_ACE awarded -5000
UDF1 awarded 5000

Round #753, UDF1 (-265750), POCKET_D_ACE (265750)
UDF1 posts blind: 10
POCKET_D_ACE posts blind: 20
UDF1 received [4d 6s]
POCKET_D_ACE received [9s Ks]
UDF1 raises to 5000
POCKET_D_ACE calls
Flop [5h Th Qd], UDF1 (5000), POCKET_D_ACE (5000)
POCKET_D_ACE bids 0
UDF1 bids 0
UDF1 won the auction and was revealed [9s]
POCKET_D_ACE won the auction and was revealed [6s]
Flop [5h Th Qd], UDF1 (5000), POCKET_D_ACE (5000)
POCKET_D_ACE checks
UDF1 checks
Turn [5h Th Qd As], UDF1 (5000), POCKET_D_ACE (5000)
POCKET_D_ACE checks
UDF1 checks
River [5h Th Qd As 6c], UDF1 (5000), POCKET_D_ACE (5000)
POCKET_D_ACE checks
UDF1 checks
UDF1 shows [4d 6s]
POCKET_D_ACE shows [9s Ks]
UDF1 awarded 5000
POCKET_D_ACE awarded -5000

Round #754, POCKET_D_ACE (260750), UDF1 (-260750)
POCKET_D_ACE posts blind: 10
UDF1 posts blind: 20
POCKET_D_ACE received [2c Ad]
UDF1 received [2h 2d]
POCKET_D_ACE calls
UDF1 raises to 5000
POCKET_D_ACE calls
Flop [9c 9s 9h], POCKET_D_ACE (5000), UDF1 (5000)
UDF1 bids 0
POCKET_D_ACE bids 0
POCKET_D_ACE won the auction and was revealed [2d]
UDF1 won the auction and was revealed [2c]
Flop [9c 9s 9h], POCKET_D_ACE (5000), UDF1 (5000)
UDF1 checks
POCKET_D_ACE checks
Turn [9c 9s 9h Kc], POCKET_D_ACE (5000), UDF1 (5000)
UDF1 checks
POCKET_D_ACE checks
River [9c 9s 9h Kc Js], POCKET_D_ACE (5000), UDF1 (5000)
UDF1 checks
POCKET_D_ACE checks
POCKET_D_ACE shows [2c Ad]
UDF1 shows [2h 2d]
POCKET_D_ACE awarded -5000
UDF1 awarded 5000

Round #755, UDF1 (-255750), POCKET_D_ACE (255750)
UDF1 posts blind: 10
POCKET_D_ACE posts blind: 20
UDF1 received [Ac 9s]
POCKET_D_ACE received [2h Qc]
UDF1 raises to 5000
POCKET_D_ACE folds
UDF1 awarded 20
POCKET_D_ACE awarded -20

Round #756, POCKET_D_ACE (255730), UDF1 (-255730)
POCKET_D_ACE posts blind: 10
UDF1 posts blind: 20
POCKET_D_ACE received [8h Qd]
UDF1 received [5d 7d]
POCKET_D_ACE calls
UDF1 raises to 5000
POCKET_D_ACE calls
Flop [4c 9h 9d], POCKET_D_ACE (5000), UDF1 (5000)
UDF1 bids 0
POCKET_D_ACE bids 0
POCKET_D_ACE won the auction and was revealed [5d]
UDF1 won the auction and was revealed [Qd]
Flop [4c 9h 9d], POCKET_D_ACE (5000), UDF1 (5000)
UDF1 checks
POCKET_D_ACE checks
Turn [4c 9h 9d Qs], POCKET_D_ACE (5000), UDF1 (5000)
UDF1 checks
POCKET_D_ACE checks
River [4c 9h 9d Qs Qc], POCKET_D_ACE (5000), UDF1 (5000)
UDF1 checks
POCKET_D_ACE checks
POCKET_D_ACE shows [8h Qd]
UDF1 shows [5d 7d]
POCKET_D_ACE awarded 5000
UDF1 awarded -5000

Round #757, UDF1 (-260730), POCKET_D_ACE (260730)
UDF1 posts blind: 10
POCKET_D_ACE posts blind: 20
UDF1 received [Th Kc]
POCKET_D_ACE received [Jc Td]
UDF1 raises to 5000
POCKET_D_ACE calls
Flop [2c Qd 6c], UDF1 (5000), POCKET_D_ACE (5000)
POCKET_D_ACE bids 0
UDF1 bids 0
UDF1 won the auction and was revealed [Jc]
POCKET_D_ACE won the auction and was revealed [Th]
Flop [2c Qd 6c], UDF1 (5000), POCKET_D_ACE (5000)
POCKET_D_ACE checks
UDF1 checks
Turn [2c Qd 6c 5h], UDF1 (5000), POCKET_D_ACE (5000)
POCKET_D_ACE checks
UDF1 checks
River [2c Qd 6c 5h 3c], UDF1 (5000), POCKET_D_ACE (5000)
POCKET_D_ACE checks
UDF1 checks
UDF1 shows [Th Kc]
POCKET_D_ACE shows [Jc Td]
UDF1 awarded 5000
POCKET_D_ACE awarded -5000

Round #758, POCKET_D_ACE (255730), UDF1 (-255730)
POCKET_D_ACE posts blind: 10
UDF1 posts blind: 20
POCKET_D_ACE received [6d Qh]
UDF1 received [9h 2h]
POCKET_D_ACE calls
UDF1 raises to 5000
POCKET_D_ACE calls
Flop [7c 5s 4s], POCKET_D_ACE (5000), UDF1 (5000)
UDF1 bids 0
POCKET_D_ACE bids 0
POCKET_D_ACE won the auction and was revealed [2h]
UDF1 won the auction and was revealed [Qh]
Flop [7c 5s 4s], POCKET_D_ACE (5000), UDF1 (5000)
UDF1 checks
POCKET_D_ACE checks
Turn [7c 5s 4s Ks], POCKET_D_ACE (5000), UDF1 (5000)
UDF1 checks
POCKET_D_ACE checks
River [7c 5s 4s Ks Ad], POCKET_D_ACE (5000), UDF1 (5000)
UDF1 checks
POCKET_D_ACE checks
POCKET_D_ACE shows [6d Qh]
UDF1 shows [9h 2h]
POCKET_D_ACE awarded 5000
UDF1 awarded -5000

Round #759, UDF1 (-260730), POCKET_D_ACE (260730)
UDF1 posts blind: 10
POCKET_D_ACE posts blind: 20
UDF1 received [2c 4s]
POCKET_D_ACE received [Jd 3c]
UDF1 raises to 5000
POCKET_D_ACE folds
UDF1 awarded 20
POCKET_D_ACE awarded -20

Round #760, POCKET_D_ACE (260710), UDF1 (-260710)
POCKET_D_ACE posts blind: 10
UDF1 posts blind: 20
POCKET_D_ACE received [8c 6d]
UDF1 received [3h Js]
POCKET_D_ACE calls
UDF1 raises to 5000
POCKET_D_ACE calls
Flop [Ks 7d 5c], POCKET_D_ACE (5000), UDF1 (5000)
UDF1 bids 0
POCKET_D_ACE bids 0
POCKET_D_ACE won the auction and was revealed [3h]
UDF1 won the auction and was revealed [8c]
Flop [Ks 7d 5c], POCKET_D_ACE (5000), UDF1 (5000)
UDF1 checks
POCKET_D_ACE checks
Turn [Ks 7d 5c 5s], POCKET_D_ACE (5000), UDF1 (5000)
UDF1 checks
POCKET_D_ACE checks
River [Ks 7d 5c 5s Jh], POCKET_D_ACE (5000), UDF1 (5000)
UDF1 checks
POCKET_D_ACE checks
POCKET_D_ACE shows [8c 6d]
UDF1 shows [3h Js]
POCKET_D_ACE awarded -5000
UDF1 awarded 5000

Round #761, UDF1 (-255710), POCKET_D_ACE (255710)
UDF1 posts blind: 10
POCKET_D_ACE posts blind: 20
UDF1 received [Ah 9h]
POCKET_D_ACE received [9c Th]
UDF1 raises to 5000
POCKET_D_ACE calls
Flop [2d 3h 8d], UDF1 (5000), POCKET_D_ACE (5000)
POCKET_D_ACE bids 0
UDF1 bids 0
UDF1 won the auction and was revealed [9c]
POCKET_D_ACE won the auction and was revealed [9h]
Flop [2d 3h 8d], UDF1 (5000), POCKET_D_ACE (5000)
POCKET_D_ACE checks
UDF1 checks
Turn [2d 3h 8d 5h], UDF1 (5000), POCKET_D_ACE (5000)
POCKET_D_ACE checks
UDF1 checks
River [2d 3h 8d 5h 9d], UDF1 (5000), POCKET_D_ACE (5000)
POCKET_D_ACE checks
UDF1 checks
UDF1 shows [Ah 9h]
POCKET_D_ACE shows [9c Th]
UDF1 awarded 5000
POCKET_D_ACE awarded -5000

Round #762, POCKET_D_ACE (250710), UDF1 (-250710)
POCKET_D_ACE posts blind: 10
UDF1 posts blind: 20
POCKET_D_ACE received [Tc 3c]
UDF1 received [Td 3s]
POCKET_D_ACE calls
UDF1 raises to 5000
POCKET_D_ACE folds
POCKET_D_ACE awarded -20
UDF1 awarded 20

Round #763, UDF1 (-250690), POCKET_D_ACE (250690)
UDF1 posts blind: 10
POCKET_D_ACE posts blind: 20
UDF1 received [Js 6h]
POCKET_D_ACE received [8c Ad]
UDF1 raises to 5000
POCKET_D_ACE calls
Flop [Jh 5d Tc], UDF1 (5000), POCKET_D_ACE (5000)
POCKET_D_ACE bids 0
UDF1 bids 0
UDF1 won the auction and was revealed [Ad]
POCKET_D_ACE won the auction and was revealed [6h]
Flop [Jh 5d Tc], UDF1 (5000), POCKET_D_ACE (5000)
POCKET_D_ACE checks
UDF1 checks
Turn [Jh 5d Tc 5h], UDF1 (5000), POCKET_D_ACE (5000)
POCKET_D_ACE checks
UDF1 checks
River [Jh 5d Tc 5h 4d], UDF1 (5000), POCKET_D_ACE (5000)
POCKET_D_ACE checks
UDF1 checks
UDF1 shows [Js 6h]
POCKET_D_ACE shows [8c Ad]
UDF1 awarded 5000
POCKET_D_ACE awarded -5000

Round #764, POCKET_D_ACE (245690), UDF1 (-245690)
POCKET_D_ACE posts blind: 10
UDF1 posts blind: 20
POCKET_D_ACE received [Ts 6c]
UDF1 received [2c Qc]
POCKET_D_ACE calls
UDF1 raises to 5000
POCKET_D_ACE calls
Flop [6s Th 7d], POCKET_D_ACE (5000), UDF1 (5000)
UDF1 bids 0
POCKET_D_ACE bids 0
POCKET_D_ACE won the auction and was revealed [2c]
UDF1 won the auction and was revealed [Ts]
Flop [6s Th 7d], POCKET_D_ACE (5000), UDF1 (5000)
UDF1 checks
POCKET_D_ACE checks
Turn [6s Th 7d Qs], POCKET_D_ACE (5000), UDF1 (5000)
UDF1 checks
POCKET_D_ACE checks
River [6s Th 7d Qs 4d], POCKET_D_ACE (5000), UDF1 (5000)
UDF1 checks
POCKET_D_ACE checks
POCKET_D_ACE shows [Ts 6c]
UDF1 shows [2c Qc]
POCKET_D_ACE awarded 5000
UDF1 awarded -5000

Round #765, UDF1 (-250690), POCKET_D_ACE (250690)
UDF1 posts blind: 10
POCKET_D_ACE posts blind: 20
UDF1 received [5d Th]
POCKET_D_ACE received [Td 4h]
UDF1 raises to 5000
POCKET_D_ACE folds
UDF1 awarded 20
POCKET_D_ACE awarded -20

Round #766, POCKET_D_ACE (250670), UDF1 (-250670)
POCKET_D_ACE posts blind: 10
UDF1 posts blind: 20
POCKET_D_ACE received [Jd As]
UDF1 received [Js 5s]
POCKET_D_ACE calls
UDF1 raises to 5000
POCKET_D_ACE calls
Flop [7c 9h Qs], POCKET_D_ACE (5000), UDF1 (5000)
UDF1 bids 0
POCKET_D_ACE bids 0
POCKET_D_ACE won the auction and was revealed [5s]
UDF1 won the auction and was revealed [As]
Flop [7c 9h Qs], POCKET_D_ACE (5000), UDF1 (5000)
UDF1 checks
POCKET_D_ACE checks
Turn [7c 9h Qs 2s], POCKET_D_ACE (5000), UDF1 (5000)
UDF1 checks
POCKET_D_ACE checks
River [7c 9h Qs 2s Td], POCKET_D_ACE (5000), UDF1 (5000)
UDF1 checks
POCKET_D_ACE checks
POCKET_D_ACE shows [Jd As]
UDF1 shows [Js 5s]
POCKET_D_ACE awarded 5000
UDF1 awarded -5000

Round #767, UDF1 (-255670), POCKET_D_ACE (255670)
UDF1 posts blind: 10
POCKET_D_ACE posts blind: 20
UDF1 received [Td 5d]
POCKET_D_ACE received [Qd 5s]
UDF1 raises to 5000
POCKET_D_ACE calls
Flop [Kh 6s Jh], UDF1 (5000), POCKET_D_ACE (5000)
POCKET_D_ACE bids 0
UDF1 bids 0
UDF1 won the auction and was revealed [Qd]
POCKET_D_ACE won the auction and was revealed [5d]
Flop [Kh 6s Jh], UDF1 (5000), POCKET_D_ACE (5000)
POCKET_D_ACE checks
UDF1 checks
Turn [Kh 6s Jh 9s], UDF1 (5000), POCKET_D_ACE (5000)
POCKET_D_ACE checks
UDF1 checks
River [Kh 6s Jh 9s 2s], UDF1 (5000), POCKET_D_ACE (5000)
POCKET_D_ACE checks
UDF1 checks
UDF1 shows [Td 5d]
POCKET_D_ACE shows [Qd 5s]
UDF1 awarded -5000
POCKET_D_ACE awarded 5000

Round #768, POCKET_D_ACE (260670), UDF1 (-260670)
POCKET_D_ACE posts blind: 10
UDF1 posts blind: 20
POCKET_D_ACE received [9d 9c]
UDF1 received [6h 3d]
POCKET_D_ACE raises to 54
UDF1 raises to 5000
POCKET_D_ACE calls
Flop [2s As Jh], POCKET_D_ACE (5000), UDF1 (5000)
UDF1 bids 0
POCKET_D_ACE bids 0
POCKET_D_ACE won the auction and was revealed [6h]
UDF1 won the auction and was revealed [9c]
Flop [2s As Jh], POCKET_D_ACE (5000), UDF1 (5000)
UDF1 checks
POCKET_D_ACE checks
Turn [2s As Jh 7h], POCKET_D_ACE (5000), UDF1 (5000)
UDF1 checks
POCKET_D_ACE checks
River [2s As Jh 7h 4h], POCKET_D_ACE (5000), UDF1 (5000)
UDF1 checks
POCKET_D_ACE checks
POCKET_D_ACE shows [9d 9c]
UDF1 shows [6h 3d]
POCKET_D_ACE awarded 5000
UDF1 awarded -5000

Round #769, UDF1 (-265670), POCKET_D_ACE (265670)
UDF1 posts blind: 10
POCKET_D_ACE posts blind: 20
UDF1 received [2d Qh]
POCKET_D_ACE received [4d 6s]
UDF1 raises to 5000
POCKET_D_ACE folds
UDF1 awarded 20
POCKET_D_ACE awarded -20

Round #770, POCKET_D_ACE (265650), UDF1 (-265650)
POCKET_D_ACE posts blind: 10
UDF1 posts blind: 20
POCKET_D_ACE received [5d Ad]
UDF1 received [4d Jh]
POCKET_D_ACE calls
UDF1 raises to 5000
POCKET_D_ACE calls
Flop [Tc Jd 3s], POCKET_D_ACE (5000), UDF1 (5000)
UDF1 bids 0
POCKET_D_ACE bids 0
POCKET_D_ACE won the auction and was revealed [Jh]
UDF1 won the auction and was revealed [Ad]
Flop [Tc Jd 3s], POCKET_D_ACE (5000), UDF1 (5000)
UDF1 checks
POCKET_D_ACE checks
Turn [Tc Jd 3s 7d], POCKET_D_ACE (5000), UDF1 (5000)
UDF1 checks
POCKET_D_ACE checks
River [Tc Jd 3s 7d 6c], POCKET_D_ACE (5000), UDF1 (5000)
UDF1 checks
POCKET_D_ACE checks
POCKET_D_ACE shows [5d Ad]
UDF1 shows [4d Jh]
POCKET_D_ACE awarded -5000
UDF1 awarded 5000

Round #771, UDF1 (-260650), POCKET_D_ACE (260650)
UDF1 posts blind: 10
POCKET_D_ACE posts blind: 20
UDF1 received [3h Ts]
POCKET_D_ACE received [5h Qc]
UDF1 raises to 5000
POCKET_D_ACE calls
Flop [As 4c 8s], UDF1 (5000), POCKET_D_ACE (5000)
POCKET_D_ACE bids 0
UDF1 bids 0
UDF1 won the auction and was revealed [5h]
POCKET_D_ACE won the auction and was revealed [Ts]
Flop [As 4c 8s], UDF1 (5000), POCKET_D_ACE (5000)
POCKET_D_ACE checks
UDF1 checks
Turn [As 4c 8s 3c], UDF1 (5000), POCKET_D_ACE (5000)
POCKET_D_ACE checks
UDF1 checks
River [As 4c 8s 3c Jd], UDF1 (5000), POCKET_D_ACE (5000)
POCKET_D_ACE checks
UDF1 checks
UDF1 shows [3h Ts]
POCKET_D_ACE shows [5h Qc]
UDF1 awarded 5000
POCKET_D_ACE awarded -5000

Round #772, POCKET_D_ACE (255650), UDF1 (-255650)
POCKET_D_ACE posts blind: 10
UDF1 posts blind: 20
POCKET_D_ACE received [5d Qs]
UDF1 received [6c 2c]
POCKET_D_ACE calls
UDF1 raises to 5000
POCKET_D_ACE calls
Flop [5c Jh Ad], POCKET_D_ACE (5000), UDF1 (5000)
UDF1 bids 0
POCKET_D_ACE bids 0
POCKET_D_ACE won the auction and was revealed [6c]
UDF1 won the auction and was revealed [Qs]
Flop [5c Jh Ad], POCKET_D_ACE (5000), UDF1 (5000)
UDF1 checks
POCKET_D_ACE checks
Turn [5c Jh Ad 4c], POCKET_D_ACE (5000), UDF1 (5000)
UDF1 checks
POCKET_D_ACE checks
River [5c Jh Ad 4c Th], POCKET_D_ACE (5000), UDF1 (5000)
UDF1 checks
POCKET_D_ACE checks
POCKET_D_ACE shows [5d Qs]
UDF1 shows [6c 2c]
POCKET_D_ACE awarded 5000
UDF1 awarded -5000

Round #773, UDF1 (-260650), POCKET_D_ACE (260650)
UDF1 posts blind: 10
POCKET_D_ACE posts blind: 20
UDF1 received [9c 4c]
POCKET_D_ACE received [Jh 8s]
UDF1 raises to 5000
POCKET_D_ACE calls
Flop [5h 6s Kc], UDF1 (5000), POCKET_D_ACE (5000)
POCKET_D_ACE bids 0
UDF1 bids 0
UDF1 won the auction and was revealed [Jh]
POCKET_D_ACE won the auction and was revealed [4c]
Flop [5h 6s Kc], UDF1 (5000), POCKET_D_ACE (5000)
POCKET_D_ACE checks
UDF1 checks
Turn [5h 6s Kc Qs], UDF1 (5000), POCKET_D_ACE (5000)
POCKET_D_ACE checks
UDF1 checks
River [5h 6s Kc Qs 8d], UDF1 (5000), POCKET_D_ACE (5000)
POCKET_D_ACE checks
UDF1 checks
UDF1 shows [9c 4c]
POCKET_D_ACE shows [Jh 8s]
UDF1 awarded -5000
POCKET_D_ACE awarded 5000

Round #774, POCKET_D_ACE (265650), UDF1 (-265650)
POCKET_D_ACE posts blind: 10
UDF1 posts blind: 20
POCKET_D_ACE received [7s Qd]
UDF1 received [2c 9s]
POCKET_D_ACE calls
UDF1 raises to 5000
POCKET_D_ACE calls
Flop [Ad 3d 5h], POCKET_D_ACE (5000), UDF1 (5000)
UDF1 bids 0
POCKET_D_ACE bids 0
POCKET_D_ACE won the auction and was revealed [2c]
UDF1 won the auction and was revealed [7s]
Flop [Ad 3d 5h], POCKET_D_ACE (5000), UDF1 (5000)
UDF1 checks
POCKET_D_ACE checks
Turn [Ad 3d 5h Qh], POCKET_D_ACE (5000), UDF1 (5000)
UDF1 checks
POCKET_D_ACE checks
River [Ad 3d 5h Qh 7c], POCKET_D_ACE (5000), UDF1 (5000)
UDF1 checks
POCKET_D_ACE checks
POCKET_D_ACE shows [7s Qd]
UDF1 shows [2c 9s]
POCKET_D_ACE awarded 5000
UDF1 awarded -5000

Round #775, UDF1 (-270650), POCKET_D_ACE (270650)
UDF1 posts blind: 10
POCKET_D_ACE posts blind: 20
UDF1 received [6d Ad]
POCKET_D_ACE received [4d Js]
UDF1 raises to 5000
POCKET_D_ACE folds
UDF1 awarded 20
POCKET_D_ACE awarded -20

Round #776, POCKET_D_ACE (270630), UDF1 (-270630)
POCKET_D_ACE posts blind: 10
UDF1 posts blind: 20
POCKET_D_ACE received [2d Kh]
UDF1 received [Ad 9d]
POCKET_D_ACE calls
UDF1 raises to 5000
POCKET_D_ACE folds
POCKET_D_ACE awarded -20
UDF1 awarded 20

Round #777, UDF1 (-270610), POCKET_D_ACE (270610)
UDF1 posts blind: 10
POCKET_D_ACE posts blind: 20
UDF1 received [7c 7d]
POCKET_D_ACE received [9h 7h]
UDF1 raises to 5000
POCKET_D_ACE calls
Flop [6c Tc 4d], UDF1 (5000), POCKET_D_ACE (5000)
POCKET_D_ACE bids 0
UDF1 bids 0
UDF1 won the auction and was revealed [7h]
POCKET_D_ACE won the auction and was revealed [7c]
Flop [6c Tc 4d], UDF1 (5000), POCKET_D_ACE (5000)
POCKET_D_ACE checks
UDF1 checks
Turn [6c Tc 4d Ah], UDF1 (5000), POCKET_D_ACE (5000)
POCKET_D_ACE checks
UDF1 checks
River [6c Tc 4d Ah 8c], UDF1 (5000), POCKET_D_ACE (5000)
POCKET_D_ACE checks
UDF1 checks
UDF1 shows [7c 7d]
POCKET_D_ACE shows [9h 7h]
UDF1 awarded -5000
POCKET_D_ACE awarded 5000

Round #778, POCKET_D_ACE (275610), UDF1 (-275610)
POCKET_D_ACE posts blind: 10
UDF1 posts blind: 20
POCKET_D_ACE received [Th 4c]
UDF1 received [5d 8s]
POCKET_D_ACE calls
UDF1 raises to 5000
POCKET_D_ACE folds
POCKET_D_ACE awarded -20
UDF1 awarded 20

Round #779, UDF1 (-275590), POCKET_D_ACE (275590)
UDF1 posts blind: 10
POCKET_D_ACE posts blind: 20
UDF1 received [6h Jc]
POCKET_D_ACE received [9s Qh]
UDF1 raises to 5000
POCKET_D_ACE calls
Flop [5d Qc 2d], UDF1 (5000), POCKET_D_ACE (5000)
POCKET_D_ACE bids 0
UDF1 bids 0
UDF1 won the auction and was revealed [9s]
POCKET_D_ACE won the auction and was revealed [6h]
Flop [5d Qc 2d], UDF1 (5000), POCKET_D_ACE (5000)
POCKET_D_ACE checks
UDF1 checks
Turn [5d Qc 2d 5s], UDF1 (5000), POCKET_D_ACE (5000)
POCKET_D_ACE checks
UDF1 checks
River [5d Qc 2d 5s Ah], UDF1 (5000), POCKET_D_ACE (5000)
POCKET_D_ACE checks
UDF1 checks
UDF1 shows [6h Jc]
POCKET_D_ACE shows [9s Qh]
UDF1 awarded -5000
POCKET_D_ACE awarded 5000

Round #780, POCKET_D_ACE (280590), UDF1 (-280590)
POCKET_D_ACE posts blind: 10
UDF1 posts blind: 20
POCKET_D_ACE received [5s 3d]
UDF1 received [3s 5h]
POCKET_D_ACE folds
POCKET_D_ACE awarded -10
UDF1 awarded 10

Round #781, UDF1 (-280580), POCKET_D_ACE (280580)
UDF1 posts blind: 10
POCKET_D_ACE posts blind: 20
UDF1 received [Qs 6c]
POCKET_D_ACE received [Tc 2c]
UDF1 raises to 5000
POCKET_D_ACE folds
UDF1 awarded 20
POCKET_D_ACE awarded -20

Round #782, POCKET_D_ACE (280560), UDF1 (-280560)
POCKET_D_ACE posts blind: 10
UDF1 posts blind: 20
POCKET_D_ACE received [Qd 5h]
UDF1 received [6h 8c]
POCKET_D_ACE calls
UDF1 raises to 5000
POCKET_D_ACE calls
Flop [2d 7s 6s], POCKET_D_ACE (5000), UDF1 (5000)
UDF1 bids 0
POCKET_D_ACE bids 0
POCKET_D_ACE won the auction and was revealed [6h]
UDF1 won the auction and was revealed [Qd]
Flop [2d 7s 6s], POCKET_D_ACE (5000), UDF1 (5000)
UDF1 checks
POCKET_D_ACE checks
Turn [2d 7s 6s Jc], POCKET_D_ACE (5000), UDF1 (5000)
UDF1 checks
POCKET_D_ACE checks
River [2d 7s 6s Jc 9d], POCKET_D_ACE (5000), UDF1 (5000)
UDF1 checks
POCKET_D_ACE checks
POCKET_D_ACE shows [Qd 5h]
UDF1 shows [6h 8c]
POCKET_D_ACE awarded -5000
UDF1 awarded 5000

Round #783, UDF1 (-275560), POCKET_D_ACE (275560)
UDF1 posts blind: 10
POCKET_D_ACE posts blind: 20
UDF1 received [2h 7s]
POCKET_D_ACE received [Jh 7d]
UDF1 raises to 5000
POCKET_D_ACE calls
Flop [Js 3d 6d], UDF1 (5000), POCKET_D_ACE (5000)
POCKET_D_ACE bids 0
UDF1 bids 0
UDF1 won the auction and was revealed [Jh]
POCKET_D_ACE won the auction and was revealed [7s]
Flop [Js 3d 6d], UDF1 (5000), POCKET_D_ACE (5000)
POCKET_D_ACE checks
UDF1 checks
Turn [Js 3d 6d 4c], UDF1 (5000), POCKET_D_ACE (5000)
POCKET_D_ACE checks
UDF1 checks
River [Js 3d 6d 4c 6s], UDF1 (5000), POCKET_D_ACE (5000)
POCKET_D_ACE checks
UDF1 checks
UDF1 shows [2h 7s]
POCKET_D_ACE shows [Jh 7d]
UDF1 awarded -5000
POCKET_D_ACE awarded 5000

Round #784, POCKET_D_ACE (280560), UDF1 (-280560)
POCKET_D_ACE posts blind: 10
UDF1 posts blind: 20
POCKET_D_ACE received [Jh 9c]
UDF1 received [6s Js]
POCKET_D_ACE calls
UDF1 raises to 5000
POCKET_D_ACE calls
Flop [5h 7h 7c], POCKET_D_ACE (5000), UDF1 (5000)
UDF1 bids 0
POCKET_D_ACE bids 0
POCKET_D_ACE won the auction and was revealed [Js]
UDF1 won the auction and was revealed [9c]
Flop [5h 7h 7c], POCKET_D_ACE (5000), UDF1 (5000)
UDF1 checks
POCKET_D_ACE checks
Turn [5h 7h 7c Ks], POCKET_D_ACE (5000), UDF1 (5000)
UDF1 checks
POCKET_D_ACE checks
River [5h 7h 7c Ks Kd], POCKET_D_ACE (5000), UDF1 (5000)
UDF1 checks
POCKET_D_ACE checks
POCKET_D_ACE shows [Jh 9c]
UDF1 shows [6s Js]
POCKET_D_ACE awarded 0
UDF1 awarded 0

Round #785, UDF1 (-280560), POCKET_D_ACE (280560)
UDF1 posts blind: 10
POCKET_D_ACE posts blind: 20
UDF1 received [8c 9d]
POCKET_D_ACE received [6d 8h]
UDF1 raises to 5000
POCKET_D_ACE calls
Flop [Qc 8s Qh], UDF1 (5000), POCKET_D_ACE (5000)
POCKET_D_ACE bids 0
UDF1 bids 0
UDF1 won the auction and was revealed [8h]
POCKET_D_ACE won the auction and was revealed [9d]
Flop [Qc 8s Qh], UDF1 (5000), POCKET_D_ACE (5000)
POCKET_D_ACE checks
UDF1 checks
Turn [Qc 8s Qh 7c], UDF1 (5000), POCKET_D_ACE (5000)
POCKET_D_ACE checks
UDF1 checks
River [Qc 8s Qh 7c 2s], UDF1 (5000), POCKET_D_ACE (5000)
POCKET_D_ACE checks
UDF1 checks
UDF1 shows [8c 9d]
POCKET_D_ACE shows [6d 8h]
UDF1 awarded 5000
POCKET_D_ACE awarded -5000

Round #786, POCKET_D_ACE (275560), UDF1 (-275560)
POCKET_D_ACE posts blind: 10
UDF1 posts blind: 20
POCKET_D_ACE received [9h 4c]
UDF1 received [6c 4d]
POCKET_D_ACE calls
UDF1 raises to 5000
POCKET_D_ACE folds
POCKET_D_ACE awarded -20
UDF1 awarded 20

Round #787, UDF1 (-275540), POCKET_D_ACE (275540)
UDF1 posts blind: 10
POCKET_D_ACE posts blind: 20
UDF1 received [Ah Kh]
POCKET_D_ACE received [Js 5h]
UDF1 raises to 5000
POCKET_D_ACE calls
Flop [6d Tc Jc], UDF1 (5000), POCKET_D_ACE (5000)
POCKET_D_ACE bids 0
UDF1 bids 0
UDF1 won the auction and was revealed [Js]
POCKET_D_ACE won the auction and was revealed [Ah]
Flop [6d Tc Jc], UDF1 (5000), POCKET_D_ACE (5000)
POCKET_D_ACE checks
UDF1 checks
Turn [6d Tc Jc 7c], UDF1 (5000), POCKET_D_ACE (5000)
POCKET_D_ACE checks
UDF1 checks
River [6d Tc Jc 7c 5s], UDF1 (5000), POCKET_D_ACE (5000)
POCKET_D_ACE checks
UDF1 checks
UDF1 shows [Ah Kh]
POCKET_D_ACE shows [Js 5h]
UDF1 awarded -5000
POCKET_D_ACE awarded 5000

Round #788, POCKET_D_ACE (280540), UDF1 (-280540)
POCKET_D_ACE posts blind: 10
UDF1 posts blind: 20
POCKET_D_ACE received [Qd Ah]
UDF1 received [5s Jd]
POCKET_D_ACE calls
UDF1 raises to 5000
POCKET_D_ACE calls
Flop [7d 7h Qs], POCKET_D_ACE (5000), UDF1 (5000)
UDF1 bids 0
POCKET_D_ACE bids 0
POCKET_D_ACE won the auction and was revealed [5s]
UDF1 won the auction and was revealed [Qd]
Flop [7d 7h Qs], POCKET_D_ACE (5000), UDF1 (5000)
UDF1 checks
POCKET_D_ACE checks
Turn [7d 7h Qs 3d], POCKET_D_ACE (5000), UDF1 (5000)
UDF1 checks
POCKET_D_ACE checks
River [7d 7h Qs 3d 5h], POCKET_D_ACE (5000), UDF1 (5000)
UDF1 checks
POCKET_D_ACE checks
POCKET_D_ACE shows [Qd Ah]
UDF1 shows [5s Jd]
POCKET_D_ACE awarded 5000
UDF1 awarded -5000

Round #789, UDF1 (-285540), POCKET_D_ACE (285540)
UDF1 posts blind: 10
POCKET_D_ACE posts blind: 20
UDF1 received [Jc 9h]
POCKET_D_ACE received [Ac 6c]
UDF1 raises to 5000
POCKET_D_ACE calls
Flop [Jh 6d 5h], UDF1 (5000), POCKET_D_ACE (5000)
POCKET_D_ACE bids 0
UDF1 bids 0
UDF1 won the auction and was revealed [Ac]
POCKET_D_ACE won the auction and was revealed [9h]
Flop [Jh 6d 5h], UDF1 (5000), POCKET_D_ACE (5000)
POCKET_D_ACE checks
UDF1 checks
Turn [Jh 6d 5h Kc], UDF1 (5000), POCKET_D_ACE (5000)
POCKET_D_ACE checks
UDF1 checks
River [Jh 6d 5h Kc 3h], UDF1 (5000), POCKET_D_ACE (5000)
POCKET_D_ACE checks
UDF1 checks
UDF1 shows [Jc 9h]
POCKET_D_ACE shows [Ac 6c]
UDF1 awarded 5000
POCKET_D_ACE awarded -5000

Round #790, POCKET_D_ACE (280540), UDF1 (-280540)
POCKET_D_ACE posts blind: 10
UDF1 posts blind: 20
POCKET_D_ACE received [3d 4d]
UDF1 received [Jd 3h]
POCKET_D_ACE calls
UDF1 raises to 5000
POCKET_D_ACE folds
POCKET_D_ACE awarded -20
UDF1 awarded 20

Round #791, UDF1 (-280520), POCKET_D_ACE (280520)
UDF1 posts blind: 10
POCKET_D_ACE posts blind: 20
UDF1 received [Kh 8s]
POCKET_D_ACE received [Kc 9c]
UDF1 raises to 5000
POCKET_D_ACE calls
Flop [5c 2s Kd], UDF1 (5000), POCKET_D_ACE (5000)
POCKET_D_ACE bids 0
UDF1 bids 0
UDF1 won the auction and was revealed [Kc]
POCKET_D_ACE won the auction and was revealed [Kh]
Flop [5c 2s Kd], UDF1 (5000), POCKET_D_ACE (5000)
POCKET_D_ACE checks
UDF1 checks
Turn [5c 2s Kd Tc], UDF1 (5000), POCKET_D_ACE (5000)
POCKET_D_ACE checks
UDF1 checks
River [5c 2s Kd Tc 4d], UDF1 (5000), POCKET_D_ACE (5000)
POCKET_D_ACE checks
UDF1 checks
UDF1 shows [Kh 8s]
POCKET_D_ACE shows [Kc 9c]
UDF1 awarded -5000
POCKET_D_ACE awarded 5000

Round #792, POCKET_D_ACE (285520), UDF1 (-285520)
POCKET_D_ACE posts blind: 10
UDF1 posts blind: 20
POCKET_D_ACE received [3d 3c]
UDF1 received [Ks Js]
POCKET_D_ACE calls
UDF1 raises to 5000
POCKET_D_ACE calls
Flop [6d Th Qs], POCKET_D_ACE (5000), UDF1 (5000)
UDF1 bids 0
POCKET_D_ACE bids 0
POCKET_D_ACE won the auction and was revealed [Ks]
UDF1 won the auction and was revealed [3c]
Flop [6d Th Qs], POCKET_D_ACE (5000), UDF1 (5000)
UDF1 checks
POCKET_D_ACE checks
Turn [6d Th Qs 8s], POCKET_D_ACE (5000), UDF1 (5000)
UDF1 checks
POCKET_D_ACE checks
River [6d Th Qs 8s 2s], POCKET_D_ACE (5000), UDF1 (5000)
UDF1 checks
POCKET_D_ACE checks
POCKET_D_ACE shows [3d 3c]
UDF1 shows [Ks Js]
POCKET_D_ACE awarded -5000
UDF1 awarded 5000

Round #793, UDF1 (-280520), POCKET_D_ACE (280520)
UDF1 posts blind: 10
POCKET_D_ACE posts blind: 20
UDF1 received [6h 9s]
POCKET_D_ACE received [2c Js]
UDF1 raises to 5000
POCKET_D_ACE folds
UDF1 awarded 20
POCKET_D_ACE awarded -20

Round #794, POCKET_D_ACE (280500), UDF1 (-280500)
POCKET_D_ACE posts blind: 10
UDF1 posts blind: 20
POCKET_D_ACE received [6d Td]
UDF1 received [8c Kh]
POCKET_D_ACE calls
UDF1 raises to 5000
POCKET_D_ACE calls
Flop [9h Jh Kd], POCKET_D_ACE (5000), UDF1 (5000)
UDF1 bids 0
POCKET_D_ACE bids 0
POCKET_D_ACE won the auction and was revealed [8c]
UDF1 won the auction and was revealed [6d]
Flop [9h Jh Kd], POCKET_D_ACE (5000), UDF1 (5000)
UDF1 checks
POCKET_D_ACE checks
Turn [9h Jh Kd 9s], POCKET_D_ACE (5000), UDF1 (5000)
UDF1 checks
POCKET_D_ACE checks
River [9h Jh Kd 9s Ks], POCKET_D_ACE (5000), UDF1 (5000)
UDF1 checks
POCKET_D_ACE checks
POCKET_D_ACE shows [6d Td]
UDF1 shows [8c Kh]
POCKET_D_ACE awarded -5000
UDF1 awarded 5000

Round #795, UDF1 (-275500), POCKET_D_ACE (275500)
UDF1 posts blind: 10
POCKET_D_ACE posts blind: 20
UDF1 received [Qs 9c]
POCKET_D_ACE received [Jd 6d]
UDF1 raises to 5000
POCKET_D_ACE calls
Flop [3c Kc 9s], UDF1 (5000), POCKET_D_ACE (5000)
POCKET_D_ACE bids 0
UDF1 bids 0
UDF1 won the auction and was revealed [Jd]
POCKET_D_ACE won the auction and was revealed [Qs]
Flop [3c Kc 9s], UDF1 (5000), POCKET_D_ACE (5000)
POCKET_D_ACE checks
UDF1 checks
Turn [3c Kc 9s 4d], UDF1 (5000), POCKET_D_ACE (5000)
POCKET_D_ACE checks
UDF1 checks
River [3c Kc 9s 4d Tc], UDF1 (5000), POCKET_D_ACE (5000)
POCKET_D_ACE checks
UDF1 checks
UDF1 shows [Qs 9c]
POCKET_D_ACE shows [Jd 6d]
UDF1 awarded 5000
POCKET_D_ACE awarded -5000

Round #796, POCKET_D_ACE (270500), UDF1 (-270500)
POCKET_D_ACE posts blind: 10
UDF1 posts blind: 20
POCKET_D_ACE received [9h Kc]
UDF1 received [8d 9c]
POCKET_D_ACE calls
UDF1 raises to 5000
POCKET_D_ACE calls
Flop [7s Ts Kh], POCKET_D_ACE (5000), UDF1 (5000)
UDF1 bids 0
POCKET_D_ACE bids 0
POCKET_D_ACE won the auction and was revealed [8d]
UDF1 won the auction and was revealed [Kc]
Flop [7s Ts Kh], POCKET_D_ACE (5000), UDF1 (5000)
UDF1 checks
POCKET_D_ACE checks
Turn [7s Ts Kh 4s], POCKET_D_ACE (5000), UDF1 (5000)
UDF1 checks
POCKET_D_ACE checks
River [7s Ts Kh 4s 4h], POCKET_D_ACE (5000), UDF1 (5000)
UDF1 checks
POCKET_D_ACE checks
POCKET_D_ACE shows [9h Kc]
UDF1 shows [8d 9c]
POCKET_D_ACE awarded 5000
UDF1 awarded -5000

Round #797, UDF1 (-275500), POCKET_D_ACE (275500)
UDF1 posts blind: 10
POCKET_D_ACE posts blind: 20
UDF1 received [5d Th]
POCKET_D_ACE received [Qd Tc]
UDF1 raises to 5000
POCKET_D_ACE calls
Flop [Kc Qh 6s], UDF1 (5000), POCKET_D_ACE (5000)
POCKET_D_ACE bids 0
UDF1 bids 0
UDF1 won the auction and was revealed [Tc]
POCKET_D_ACE won the auction and was revealed [5d]
Flop [Kc Qh 6s], UDF1 (5000), POCKET_D_ACE (5000)
POCKET_D_ACE checks
UDF1 checks
Turn [Kc Qh 6s 2d], UDF1 (5000), POCKET_D_ACE (5000)
POCKET_D_ACE checks
UDF1 checks
River [Kc Qh 6s 2d 5h], UDF1 (5000), POCKET_D_ACE (5000)
POCKET_D_ACE checks
UDF1 checks
UDF1 shows [5d Th]
POCKET_D_ACE shows [Qd Tc]
UDF1 awarded -5000
POCKET_D_ACE awarded 5000

Round #798, POCKET_D_ACE (280500), UDF1 (-280500)
POCKET_D_ACE posts blind: 10
UDF1 posts blind: 20
POCKET_D_ACE received [7c 9s]
UDF1 received [6s Ks]
POCKET_D_ACE calls
UDF1 raises to 5000
POCKET_D_ACE calls
Flop [8s 5d 2d], POCKET_D_ACE (5000), UDF1 (5000)
UDF1 bids 0
POCKET_D_ACE bids 0
POCKET_D_ACE won the auction and was revealed [6s]
UDF1 won the auction and was revealed [7c]
Flop [8s 5d 2d], POCKET_D_ACE (5000), UDF1 (5000)
UDF1 checks
POCKET_D_ACE checks
Turn [8s 5d 2d 7h], POCKET_D_ACE (5000), UDF1 (5000)
UDF1 checks
POCKET_D_ACE checks
River [8s 5d 2d 7h Jd], POCKET_D_ACE (5000), UDF1 (5000)
UDF1 checks
POCKET_D_ACE checks
POCKET_D_ACE shows [7c 9s]
UDF1 shows [6s Ks]
POCKET_D_ACE awarded 5000
UDF1 awarded -5000

Round #799, UDF1 (-285500), POCKET_D_ACE (285500)
UDF1 posts blind: 10
POCKET_D_ACE posts blind: 20
UDF1 received [7s Th]
POCKET_D_ACE received [2h 2d]
UDF1 raises to 5000
POCKET_D_ACE calls
Flop [Qd 6c 5s], UDF1 (5000), POCKET_D_ACE (5000)
POCKET_D_ACE bids 0
UDF1 bids 0
UDF1 won the auction and was revealed [2h]
POCKET_D_ACE won the auction and was revealed [7s]
Flop [Qd 6c 5s], UDF1 (5000), POCKET_D_ACE (5000)
POCKET_D_ACE checks
UDF1 checks
Turn [Qd 6c 5s Ts], UDF1 (5000), POCKET_D_ACE (5000)
POCKET_D_ACE checks
UDF1 checks
River [Qd 6c 5s Ts Tc], UDF1 (5000), POCKET_D_ACE (5000)
POCKET_D_ACE checks
UDF1 checks
UDF1 shows [7s Th]
POCKET_D_ACE shows [2h 2d]
UDF1 awarded 5000
POCKET_D_ACE awarded -5000

Round #800, POCKET_D_ACE (280500), UDF1 (-280500)
POCKET_D_ACE posts blind: 10
UDF1 posts blind: 20
POCKET_D_ACE received [Th 4c]
UDF1 received [5c 5h]
POCKET_D_ACE calls
UDF1 raises to 5000
POCKET_D_ACE folds
POCKET_D_ACE awarded -20
UDF1 awarded 20

Round #801, UDF1 (-280480), POCKET_D_ACE (280480)
UDF1 posts blind: 10
POCKET_D_ACE posts blind: 20
UDF1 received [Jc 7s]
POCKET_D_ACE received [3h Kc]
UDF1 raises to 5000
POCKET_D_ACE calls
Flop [5c 2h 4s], UDF1 (5000), POCKET_D_ACE (5000)
POCKET_D_ACE bids 0
UDF1 bids 0
UDF1 won the auction and was revealed [Kc]
POCKET_D_ACE won the auction and was revealed [7s]
Flop [5c 2h 4s], UDF1 (5000), POCKET_D_ACE (5000)
POCKET_D_ACE checks
UDF1 checks
Turn [5c 2h 4s Ks], UDF1 (5000), POCKET_D_ACE (5000)
POCKET_D_ACE checks
UDF1 checks
River [5c 2h 4s Ks Th], UDF1 (5000), POCKET_D_ACE (5000)
POCKET_D_ACE checks
UDF1 checks
UDF1 shows [Jc 7s]
POCKET_D_ACE shows [3h Kc]
UDF1 awarded -5000
POCKET_D_ACE awarded 5000

Round #802, POCKET_D_ACE (285480), UDF1 (-285480)
POCKET_D_ACE posts blind: 10
UDF1 posts blind: 20
POCKET_D_ACE received [3h 4c]
UDF1 received [2d 4d]
POCKET_D_ACE folds
POCKET_D_ACE awarded -10
UDF1 awarded 10

Round #803, UDF1 (-285470), POCKET_D_ACE (285470)
UDF1 posts blind: 10
POCKET_D_ACE posts blind: 20
UDF1 received [Ah 2d]
POCKET_D_ACE received [5h 6d]
UDF1 raises to 5000
POCKET_D_ACE folds
UDF1 awarded 20
POCKET_D_ACE awarded -20

Round #804, POCKET_D_ACE (285450), UDF1 (-285450)
POCKET_D_ACE posts blind: 10
UDF1 posts blind: 20
POCKET_D_ACE received [Ks 7s]
UDF1 received [Kh Qh]
POCKET_D_ACE calls
UDF1 raises to 5000
POCKET_D_ACE calls
Flop [3c 6c 2h], POCKET_D_ACE (5000), UDF1 (5000)
UDF1 bids 0
POCKET_D_ACE bids 0
POCKET_D_ACE won the auction and was revealed [Qh]
UDF1 won the auction and was revealed [7s]
Flop [3c 6c 2h], POCKET_D_ACE (5000), UDF1 (5000)
UDF1 checks
POCKET_D_ACE checks
Turn [3c 6c 2h 4h], POCKET_D_ACE (5000), UDF1 (5000)
UDF1 checks
POCKET_D_ACE checks
River [3c 6c 2h 4h Jd], POCKET_D_ACE (5000), UDF1 (5000)
UDF1 checks
POCKET_D_ACE checks
POCKET_D_ACE shows [Ks 7s]
UDF1 shows [Kh Qh]
POCKET_D_ACE awarded -5000
UDF1 awarded 5000

Round #805, UDF1 (-280450), POCKET_D_ACE (280450)
UDF1 posts blind: 10
POCKET_D_ACE posts blind: 20
UDF1 received [2c Jh]
POCKET_D_ACE received [9d 7d]
UDF1 raises to 5000
POCKET_D_ACE calls
Flop [4s 4c Ac], UDF1 (5000), POCKET_D_ACE (5000)
POCKET_D_ACE bids 0
UDF1 bids 0
UDF1 won the auction and was revealed [9d]
POCKET_D_ACE won the auction and was revealed [2c]
Flop [4s 4c Ac], UDF1 (5000), POCKET_D_ACE (5000)
POCKET_D_ACE checks
UDF1 checks
Turn [4s 4c Ac 3d], UDF1 (5000), POCKET_D_ACE (5000)
POCKET_D_ACE checks
UDF1 checks
River [4s 4c Ac 3d 4h], UDF1 (5000), POCKET_D_ACE (5000)
POCKET_D_ACE checks
UDF1 checks
UDF1 shows [2c Jh]
POCKET_D_ACE shows [9d 7d]
UDF1 awarded 5000
POCKET_D_ACE awarded -5000

Round #806, POCKET_D_ACE (275450), UDF1 (-275450)
POCKET_D_ACE posts blind: 10
UDF1 posts blind: 20
POCKET_D_ACE received [9d 4s]
UDF1 received [4d 3s]
POCKET_D_ACE calls
UDF1 raises to 5000
POCKET_D_ACE folds
POCKET_D_ACE awarded -20
UDF1 awarded 20

Round #807, UDF1 (-275430), POCKET_D_ACE (275430)
UDF1 posts blind: 10
POCKET_D_ACE posts blind: 20
UDF1 received [9c 6d]
POCKET_D_ACE received [3d Ts]
UDF1 raises to 5000
POCKET_D_ACE folds
UDF1 awarded 20
POCKET_D_ACE awarded -20

Round #808, POCKET_D_ACE (275410), UDF1 (-275410)
POCKET_D_ACE posts blind: 10
UDF1 posts blind: 20
POCKET_D_ACE received [Ac 6c]
UDF1 received [Kh 5h]
POCKET_D_ACE calls
UDF1 raises to 5000
POCKET_D_ACE calls
Flop [3c 8d 4d], POCKET_D_ACE (5000), UDF1 (5000)
UDF1 bids 0
POCKET_D_ACE bids 0
POCKET_D_ACE won the auction and was revealed [5h]
UDF1 won the auction and was revealed [Ac]
Flop [3c 8d 4d], POCKET_D_ACE (5000), UDF1 (5000)
UDF1 checks
POCKET_D_ACE checks
Turn [3c 8d 4d 6s], POCKET_D_ACE (5000), UDF1 (5000)
UDF1 checks
POCKET_D_ACE checks
River [3c 8d 4d 6s Jh], POCKET_D_ACE (5000), UDF1 (5000)
UDF1 checks
POCKET_D_ACE checks
POCKET_D_ACE shows [Ac 6c]
UDF1 shows [Kh 5h]
POCKET_D_ACE awarded 5000
UDF1 awarded -5000

Round #809, UDF1 (-280410), POCKET_D_ACE (280410)
UDF1 posts blind: 10
POCKET_D_ACE posts blind: 20
UDF1 received [2s 7c]
POCKET_D_ACE received [Kc 4s]
UDF1 raises to 5000
POCKET_D_ACE calls
Flop [7h 5c 3c], UDF1 (5000), POCKET_D_ACE (5000)
POCKET_D_ACE bids 0
UDF1 bids 0
UDF1 won the auction and was revealed [Kc]
POCKET_D_ACE won the auction and was revealed [2s]
Flop [7h 5c 3c], UDF1 (5000), POCKET_D_ACE (5000)
POCKET_D_ACE checks
UDF1 checks
Turn [7h 5c 3c 5h], UDF1 (5000), POCKET_D_ACE (5000)
POCKET_D_ACE checks
UDF1 checks
River [7h 5c 3c 5h 7d], UDF1 (5000), POCKET_D_ACE (5000)
POCKET_D_ACE checks
UDF1 checks
UDF1 shows [2s 7c]
POCKET_D_ACE shows [Kc 4s]
UDF1 awarded 5000
POCKET_D_ACE awarded -5000

Round #810, POCKET_D_ACE (275410), UDF1 (-275410)
POCKET_D_ACE posts blind: 10
UDF1 posts blind: 20
POCKET_D_ACE received [3d Jd]
UDF1 received [Kc 2d]
POCKET_D_ACE calls
UDF1 raises to 5000
POCKET_D_ACE calls
Flop [Jc 3s 4c], POCKET_D_ACE (5000), UDF1 (5000)
UDF1 bids 0
POCKET_D_ACE bids 0
POCKET_D_ACE won the auction and was revealed [2d]
UDF1 won the auction and was revealed [Jd]
Flop [Jc 3s 4c], POCKET_D_ACE (5000), UDF1 (5000)
UDF1 checks
POCKET_D_ACE checks
Turn [Jc 3s 4c Ah], POCKET_D_ACE (5000), UDF1 (5000)
UDF1 checks
POCKET_D_ACE checks
River [Jc 3s 4c Ah 6d], POCKET_D_ACE (5000), UDF1 (5000)
UDF1 checks
POCKET_D_ACE checks
POCKET_D_ACE shows [3d Jd]
UDF1 shows [Kc 2d]
POCKET_D_ACE awarded 5000
UDF1 awarded -5000

Round #811, UDF1 (-280410), POCKET_D_ACE (280410)
UDF1 posts blind: 10
POCKET_D_ACE posts blind: 20
UDF1 received [Jh 5h]
POCKET_D_ACE received [7d 3c]
UDF1 raises to 5000
POCKET_D_ACE folds
UDF1 awarded 20
POCKET_D_ACE awarded -20

Round #812, POCKET_D_ACE (280390), UDF1 (-280390)
POCKET_D_ACE posts blind: 10
UDF1 posts blind: 20
POCKET_D_ACE received [5c Ks]
UDF1 received [3d Ac]
POCKET_D_ACE calls
UDF1 raises to 5000
POCKET_D_ACE calls
Flop [Ts 9c 2h], POCKET_D_ACE (5000), UDF1 (5000)
UDF1 bids 0
POCKET_D_ACE bids 0
POCKET_D_ACE won the auction and was revealed [3d]
UDF1 won the auction and was revealed [Ks]
Flop [Ts 9c 2h], POCKET_D_ACE (5000), UDF1 (5000)
UDF1 checks
POCKET_D_ACE checks
Turn [Ts 9c 2h Jc], POCKET_D_ACE (5000), UDF1 (5000)
UDF1 checks
POCKET_D_ACE checks
River [Ts 9c 2h Jc Ad], POCKET_D_ACE (5000), UDF1 (5000)
UDF1 checks
POCKET_D_ACE checks
POCKET_D_ACE shows [5c Ks]
UDF1 shows [3d Ac]
POCKET_D_ACE awarded -5000
UDF1 awarded 5000

Round #813, UDF1 (-275390), POCKET_D_ACE (275390)
UDF1 posts blind: 10
POCKET_D_ACE posts blind: 20
UDF1 received [Kd Jd]
POCKET_D_ACE received [Ac 5h]
UDF1 raises to 5000
POCKET_D_ACE calls
Flop [6h Ad 9d], UDF1 (5000), POCKET_D_ACE (5000)
POCKET_D_ACE bids 0
UDF1 bids 0
UDF1 won the auction and was revealed [5h]
POCKET_D_ACE won the auction and was revealed [Kd]
Flop [6h Ad 9d], UDF1 (5000), POCKET_D_ACE (5000)
POCKET_D_ACE checks
UDF1 checks
Turn [6h Ad 9d Ts], UDF1 (5000), POCKET_D_ACE (5000)
POCKET_D_ACE checks
UDF1 checks
River [6h Ad 9d Ts Tc], UDF1 (5000), POCKET_D_ACE (5000)
POCKET_D_ACE checks
UDF1 checks
UDF1 shows [Kd Jd]
POCKET_D_ACE shows [Ac 5h]
UDF1 awarded -5000
POCKET_D_ACE awarded 5000

Round #814, POCKET_D_ACE (280390), UDF1 (-280390)
POCKET_D_ACE posts blind: 10
UDF1 posts blind: 20
POCKET_D_ACE received [7h 9c]
UDF1 received [5d Ts]
POCKET_D_ACE calls
UDF1 raises to 5000
POCKET_D_ACE calls
Flop [3h 6c Qh], POCKET_D_ACE (5000), UDF1 (5000)
UDF1 bids 0
POCKET_D_ACE bids 0
POCKET_D_ACE won the auction and was revealed [5d]
UDF1 won the auction and was revealed [7h]
Flop [3h 6c Qh], POCKET_D_ACE (5000), UDF1 (5000)
UDF1 checks
POCKET_D_ACE checks
Turn [3h 6c Qh Jd], POCKET_D_ACE (5000), UDF1 (5000)
UDF1 checks
POCKET_D_ACE checks
River [3h 6c Qh Jd Tc], POCKET_D_ACE (5000), UDF1 (5000)
UDF1 checks
POCKET_D_ACE checks
POCKET_D_ACE shows [7h 9c]
UDF1 shows [5d Ts]
POCKET_D_ACE awarded -5000
UDF1 awarded 5000

Round #815, UDF1 (-275390), POCKET_D_ACE (275390)
UDF1 posts blind: 10
POCKET_D_ACE posts blind: 20
UDF1 received [9s 3s]
POCKET_D_ACE received [Jd 5s]
UDF1 raises to 5000
POCKET_D_ACE calls
Flop [7c 5h 7d], UDF1 (5000), POCKET_D_ACE (5000)
POCKET_D_ACE bids 0
UDF1 bids 0
UDF1 won the auction and was revealed [Jd]
POCKET_D_ACE won the auction and was revealed [3s]
Flop [7c 5h 7d], UDF1 (5000), POCKET_D_ACE (5000)
POCKET_D_ACE checks
UDF1 checks
Turn [7c 5h 7d 2c], UDF1 (5000), POCKET_D_ACE (5000)
POCKET_D_ACE checks
UDF1 checks
River [7c 5h 7d 2c 3d], UDF1 (5000), POCKET_D_ACE (5000)
POCKET_D_ACE checks
UDF1 checks
UDF1 shows [9s 3s]
POCKET_D_ACE shows [Jd 5s]
UDF1 awarded -5000
POCKET_D_ACE awarded 5000

Round #816, POCKET_D_ACE (280390), UDF1 (-280390)
POCKET_D_ACE posts blind: 10
UDF1 posts blind: 20
POCKET_D_ACE received [Tc Qd]
UDF1 received [Jd 3h]
POCKET_D_ACE calls
UDF1 raises to 5000
POCKET_D_ACE calls
Flop [4c 2h 7s], POCKET_D_ACE (5000), UDF1 (5000)
UDF1 bids 0
POCKET_D_ACE bids 0
POCKET_D_ACE won the auction and was revealed [3h]
UDF1 won the auction and was revealed [Tc]
Flop [4c 2h 7s], POCKET_D_ACE (5000), UDF1 (5000)
UDF1 checks
POCKET_D_ACE checks
Turn [4c 2h 7s 5h], POCKET_D_ACE (5000), UDF1 (5000)
UDF1 checks
POCKET_D_ACE checks
River [4c 2h 7s 5h 9d], POCKET_D_ACE (5000), UDF1 (5000)
UDF1 checks
POCKET_D_ACE checks
POCKET_D_ACE shows [Tc Qd]
UDF1 shows [Jd 3h]
POCKET_D_ACE awarded 5000
UDF1 awarded -5000

Round #817, UDF1 (-285390), POCKET_D_ACE (285390)
UDF1 posts blind: 10
POCKET_D_ACE posts blind: 20
UDF1 received [Kd Kc]
POCKET_D_ACE received [Qc Ks]
UDF1 raises to 5000
POCKET_D_ACE calls
Flop [5d Ts 5s], UDF1 (5000), POCKET_D_ACE (5000)
POCKET_D_ACE bids 0
UDF1 bids 0
UDF1 won the auction and was revealed [Qc]
POCKET_D_ACE won the auction and was revealed [Kc]
Flop [5d Ts 5s], UDF1 (5000), POCKET_D_ACE (5000)
POCKET_D_ACE checks
UDF1 checks
Turn [5d Ts 5s 2h], UDF1 (5000), POCKET_D_ACE (5000)
POCKET_D_ACE checks
UDF1 checks
River [5d Ts 5s 2h Ac], UDF1 (5000), POCKET_D_ACE (5000)
POCKET_D_ACE checks
UDF1 checks
UDF1 shows [Kd Kc]
POCKET_D_ACE shows [Qc Ks]
UDF1 awarded 5000
POCKET_D_ACE awarded -5000

Round #818, POCKET_D_ACE (280390), UDF1 (-280390)
POCKET_D_ACE posts blind: 10
UDF1 posts blind: 20
POCKET_D_ACE received [6s Jh]
UDF1 received [Ah 4h]
POCKET_D_ACE calls
UDF1 raises to 5000
POCKET_D_ACE calls
Flop [Qs 3c Ts], POCKET_D_ACE (5000), UDF1 (5000)
UDF1 bids 0
POCKET_D_ACE bids 0
POCKET_D_ACE won the auction and was revealed [Ah]
UDF1 won the auction and was revealed [Jh]
Flop [Qs 3c Ts], POCKET_D_ACE (5000), UDF1 (5000)
UDF1 checks
POCKET_D_ACE checks
Turn [Qs 3c Ts 5s], POCKET_D_ACE (5000), UDF1 (5000)
UDF1 checks
POCKET_D_ACE checks
River [Qs 3c Ts 5s 8h], POCKET_D_ACE (5000), UDF1 (5000)
UDF1 checks
POCKET_D_ACE checks
POCKET_D_ACE shows [6s Jh]
UDF1 shows [Ah 4h]
POCKET_D_ACE awarded -5000
UDF1 awarded 5000

Round #819, UDF1 (-275390), POCKET_D_ACE (275390)
UDF1 posts blind: 10
POCKET_D_ACE posts blind: 20
UDF1 received [4s 3h]
POCKET_D_ACE received [Th 9s]
UDF1 raises to 5000
POCKET_D_ACE calls
Flop [9h Qd 6h], UDF1 (5000), POCKET_D_ACE (5000)
POCKET_D_ACE bids 0
UDF1 bids 0
UDF1 won the auction and was revealed [Th]
POCKET_D_ACE won the auction and was revealed [3h]
Flop [9h Qd 6h], UDF1 (5000), POCKET_D_ACE (5000)
POCKET_D_ACE checks
UDF1 checks
Turn [9h Qd 6h As], UDF1 (5000), POCKET_D_ACE (5000)
POCKET_D_ACE checks
UDF1 checks
River [9h Qd 6h As 8c], UDF1 (5000), POCKET_D_ACE (5000)
POCKET_D_ACE checks
UDF1 checks
UDF1 shows [4s 3h]
POCKET_D_ACE shows [Th 9s]
UDF1 awarded -5000
POCKET_D_ACE awarded 5000

Round #820, POCKET_D_ACE (280390), UDF1 (-280390)
POCKET_D_ACE posts blind: 10
UDF1 posts blind: 20
POCKET_D_ACE received [Ad As]
UDF1 received [Ac 5h]
POCKET_D_ACE raises to 58
UDF1 raises to 5000
POCKET_D_ACE calls
Flop [5s 9c Tc], POCKET_D_ACE (5000), UDF1 (5000)
UDF1 bids 0
POCKET_D_ACE bids 0
POCKET_D_ACE won the auction and was revealed [Ac]
UDF1 won the auction and was revealed [As]
Flop [5s 9c Tc], POCKET_D_ACE (5000), UDF1 (5000)
UDF1 checks
POCKET_D_ACE checks
Turn [5s 9c Tc Kc], POCKET_D_ACE (5000), UDF1 (5000)
UDF1 checks
POCKET_D_ACE checks
River [5s 9c Tc Kc 2h], POCKET_D_ACE (5000), UDF1 (5000)
UDF1 checks
POCKET_D_ACE checks
POCKET_D_ACE shows [Ad As]
UDF1 shows [Ac 5h]
POCKET_D_ACE awarded 5000
UDF1 awarded -5000

Round #821, UDF1 (-285390), POCKET_D_ACE (285390)
UDF1 posts blind: 10
POCKET_D_ACE posts blind: 20
UDF1 received [Ts 5c]
POCKET_D_ACE received [3h Td]
UDF1 raises to 5000
POCKET_D_ACE folds
UDF1 awarded 20
POCKET_D_ACE awarded -20

Round #822, POCKET_D_ACE (285370), UDF1 (-285370)
POCKET_D_ACE posts blind: 10
UDF1 posts blind: 20
POCKET_D_ACE received [3c 7h]
UDF1 received [Qs Jh]
POCKET_D_ACE calls
UDF1 raises to 5000
POCKET_D_ACE folds
POCKET_D_ACE awarded -20
UDF1 awarded 20

Round #823, UDF1 (-285350), POCKET_D_ACE (285350)
UDF1 posts blind: 10
POCKET_D_ACE posts blind: 20
UDF1 received [Ac 7d]
POCKET_D_ACE received [9h Ah]
UDF1 raises to 5000
POCKET_D_ACE calls
Flop [Kh Qs 7c], UDF1 (5000), POCKET_D_ACE (5000)
POCKET_D_ACE bids 0
UDF1 bids 0
UDF1 won the auction and was revealed [Ah]
POCKET_D_ACE won the auction and was revealed [Ac]
Flop [Kh Qs 7c], UDF1 (5000), POCKET_D_ACE (5000)
POCKET_D_ACE checks
UDF1 checks
Turn [Kh Qs 7c Kc], UDF1 (5000), POCKET_D_ACE (5000)
POCKET_D_ACE checks
UDF1 checks
River [Kh Qs 7c Kc 2h], UDF1 (5000), POCKET_D_ACE (5000)
POCKET_D_ACE checks
UDF1 checks
UDF1 shows [Ac 7d]
POCKET_D_ACE shows [9h Ah]
UDF1 awarded 5000
POCKET_D_ACE awarded -5000

Round #824, POCKET_D_ACE (280350), UDF1 (-280350)
POCKET_D_ACE posts blind: 10
UDF1 posts blind: 20
POCKET_D_ACE received [7h 5h]
UDF1 received [2h 5c]
POCKET_D_ACE calls
UDF1 raises to 5000
POCKET_D_ACE calls
Flop [As 9s 9d], POCKET_D_ACE (5000), UDF1 (5000)
UDF1 bids 0
POCKET_D_ACE bids 0
POCKET_D_ACE won the auction and was revealed [5c]
UDF1 won the auction and was revealed [5h]
Flop [As 9s 9d], POCKET_D_ACE (5000), UDF1 (5000)
UDF1 checks
POCKET_D_ACE checks
Turn [As 9s 9d 4h], POCKET_D_ACE (5000), UDF1 (5000)
UDF1 checks
POCKET_D_ACE checks
River [As 9s 9d 4h Qd], POCKET_D_ACE (5000), UDF1 (5000)
UDF1 checks
POCKET_D_ACE checks
POCKET_D_ACE shows [7h 5h]
UDF1 shows [2h 5c]
POCKET_D_ACE awarded 5000
UDF1 awarded -5000

Round #825, UDF1 (-285350), POCKET_D_ACE (285350)
UDF1 posts blind: 10
POCKET_D_ACE posts blind: 20
UDF1 received [8h Ah]
POCKET_D_ACE received [6c 3d]
UDF1 raises to 5000
POCKET_D_ACE folds
UDF1 awarded 20
POCKET_D_ACE awarded -20

Round #826, POCKET_D_ACE (285330), UDF1 (-285330)
POCKET_D_ACE posts blind: 10
UDF1 posts blind: 20
POCKET_D_ACE received [Jd Jh]
UDF1 received [3d Kd]
POCKET_D_ACE raises to 55
UDF1 raises to 5000
POCKET_D_ACE calls
Flop [6d 2d Ac], POCKET_D_ACE (5000), UDF1 (5000)
UDF1 bids 0
POCKET_D_ACE bids 0
POCKET_D_ACE won the auction and was revealed [3d]
UDF1 won the auction and was revealed [Jh]
Flop [6d 2d Ac], POCKET_D_ACE (5000), UDF1 (5000)
UDF1 checks
POCKET_D_ACE checks
Turn [6d 2d Ac 3s], POCKET_D_ACE (5000), UDF1 (5000)
UDF1 checks
POCKET_D_ACE checks
River [6d 2d Ac 3s Kc], POCKET_D_ACE (5000), UDF1 (5000)
UDF1 checks
POCKET_D_ACE checks
POCKET_D_ACE shows [Jd Jh]
UDF1 shows [3d Kd]
POCKET_D_ACE awarded -5000
UDF1 awarded 5000

Round #827, UDF1 (-280330), POCKET_D_ACE (280330)
UDF1 posts blind: 10
POCKET_D_ACE posts blind: 20
UDF1 received [7s 8d]
POCKET_D_ACE received [Ks Ac]
UDF1 raises to 5000
POCKET_D_ACE calls
Flop [8h Js 9s], UDF1 (5000), POCKET_D_ACE (5000)
POCKET_D_ACE bids 0
UDF1 bids 0
UDF1 won the auction and was revealed [Ac]
POCKET_D_ACE won the auction and was revealed [7s]
Flop [8h Js 9s], UDF1 (5000), POCKET_D_ACE (5000)
POCKET_D_ACE checks
UDF1 checks
Turn [8h Js 9s 6c], UDF1 (5000), POCKET_D_ACE (5000)
POCKET_D_ACE checks
UDF1 checks
River [8h Js 9s 6c 9d], UDF1 (5000), POCKET_D_ACE (5000)
POCKET_D_ACE checks
UDF1 checks
UDF1 shows [7s 8d]
POCKET_D_ACE shows [Ks Ac]
UDF1 awarded 5000
POCKET_D_ACE awarded -5000

Round #828, POCKET_D_ACE (275330), UDF1 (-275330)
POCKET_D_ACE posts blind: 10
UDF1 posts blind: 20
POCKET_D_ACE received [Js Kc]
UDF1 received [4h Kd]
POCKET_D_ACE calls
UDF1 raises to 5000
POCKET_D_ACE calls
Flop [8c 7s Th], POCKET_D_ACE (5000), UDF1 (5000)
UDF1 bids 0
POCKET_D_ACE bids 0
POCKET_D_ACE won the auction and was revealed [Kd]
UDF1 won the auction and was revealed [Js]
Flop [8c 7s Th], POCKET_D_ACE (5000), UDF1 (5000)
UDF1 checks
POCKET_D_ACE checks
Turn [8c 7s Th 5d], POCKET_D_ACE (5000), UDF1 (5000)
UDF1 checks
POCKET_D_ACE checks
River [8c 7s Th 5d Tc], POCKET_D_ACE (5000), UDF1 (5000)
UDF1 checks
POCKET_D_ACE checks
POCKET_D_ACE shows [Js Kc]
UDF1 shows [4h Kd]
POCKET_D_ACE awarded 5000
UDF1 awarded -5000

Round #829, UDF1 (-280330), POCKET_D_ACE (280330)
UDF1 posts blind: 10
POCKET_D_ACE posts blind: 20
UDF1 received [Qs 7h]
POCKET_D_ACE received [6h 3h]
UDF1 raises to 5000
POCKET_D_ACE folds
UDF1 awarded 20
POCKET_D_ACE awarded -20

Round #830, POCKET_D_ACE (280310), UDF1 (-280310)
POCKET_D_ACE posts blind: 10
UDF1 posts blind: 20
POCKET_D_ACE received [3h Th]
UDF1 received [2d 6d]
POCKET_D_ACE calls
UDF1 raises to 5000
POCKET_D_ACE folds
POCKET_D_ACE awarded -20
UDF1 awarded 20

Round #831, UDF1 (-280290), POCKET_D_ACE (280290)
UDF1 posts blind: 10
POCKET_D_ACE posts blind: 20
UDF1 received [Js 5s]
POCKET_D_ACE received [Th Jc]
UDF1 raises to 5000
POCKET_D_ACE calls
Flop [3s Ts Qd], UDF1 (5000), POCKET_D_ACE (5000)
POCKET_D_ACE bids 0
UDF1 bids 0
UDF1 won the auction and was revealed [Th]
POCKET_D_ACE won the auction and was revealed [5s]
Flop [3s Ts Qd], UDF1 (5000), POCKET_D_ACE (5000)
POCKET_D_ACE checks
UDF1 checks
Turn [3s Ts Qd 2d], UDF1 (5000), POCKET_D_ACE (5000)
POCKET_D_ACE checks
UDF1 checks
River [3s Ts Qd 2d Kh], UDF1 (5000), POCKET_D_ACE (5000)
POCKET_D_ACE checks
UDF1 checks
UDF1 shows [Js 5s]
POCKET_D_ACE shows [Th Jc]
UDF1 awarded -5000
POCKET_D_ACE awarded 5000

Round #832, POCKET_D_ACE (285290), UDF1 (-285290)
POCKET_D_ACE posts blind: 10
UDF1 posts blind: 20
POCKET_D_ACE received [3c Js]
UDF1 received [5s Ah]
POCKET_D_ACE calls
UDF1 raises to 5000
POCKET_D_ACE folds
POCKET_D_ACE awarded -20
UDF1 awarded 20

Round #833, UDF1 (-285270), POCKET_D_ACE (285270)
UDF1 posts blind: 10
POCKET_D_ACE posts blind: 20
UDF1 received [Ah 2d]
POCKET_D_ACE received [8d 8c]
UDF1 raises to 5000
POCKET_D_ACE calls
Flop [3d Qs Qd], UDF1 (5000), POCKET_D_ACE (5000)
POCKET_D_ACE bids 0
UDF1 bids 0
UDF1 won the auction and was revealed [8c]
POCKET_D_ACE won the auction and was revealed [2d]
Flop [3d Qs Qd], UDF1 (5000), POCKET_D_ACE (5000)
POCKET_D_ACE checks
UDF1 checks
Turn [3d Qs Qd Jd], UDF1 (5000), POCKET_D_ACE (5000)
POCKET_D_ACE checks
UDF1 checks
River [3d Qs Qd Jd 9s], UDF1 (5000), POCKET_D_ACE (5000)
POCKET_D_ACE checks
UDF1 checks
UDF1 shows [Ah 2d]
POCKET_D_ACE shows [8d 8c]
UDF1 awarded -5000
POCKET_D_ACE awarded 5000

Round #834, POCKET_D_ACE (290270), UDF1 (-290270)
POCKET_D_ACE posts blind: 10
UDF1 posts blind: 20
POCKET_D_ACE received [Kd 7d]
UDF1 received [Qh 2c]
POCKET_D_ACE calls
UDF1 raises to 5000
POCKET_D_ACE calls
Flop [Ts Qd 8d], POCKET_D_ACE (5000), UDF1 (5000)
UDF1 bids 0
POCKET_D_ACE bids 0
POCKET_D_ACE won the auction and was revealed [2c]
UDF1 won the auction and was revealed [7d]
Flop [Ts Qd 8d], POCKET_D_ACE (5000), UDF1 (5000)
UDF1 checks
POCKET_D_ACE checks
Turn [Ts Qd 8d 4c], POCKET_D_ACE (5000), UDF1 (5000)
UDF1 checks
POCKET_D_ACE checks
River [Ts Qd 8d 4c Kh], POCKET_D_ACE (5000), UDF1 (5000)
UDF1 checks
POCKET_D_ACE checks
POCKET_D_ACE shows [Kd 7d]
UDF1 shows [Qh 2c]
POCKET_D_ACE awarded 5000
UDF1 awarded -5000

Round #835, UDF1 (-295270), POCKET_D_ACE (295270)
UDF1 posts blind: 10
POCKET_D_ACE posts blind: 20
UDF1 received [Ac Ks]
POCKET_D_ACE received [3c 7c]
UDF1 raises to 5000
POCKET_D_ACE folds
UDF1 awarded 20
POCKET_D_ACE awarded -20

Round #836, POCKET_D_ACE (295250), UDF1 (-295250)
POCKET_D_ACE posts blind: 10
UDF1 posts blind: 20
POCKET_D_ACE received [Qc Kh]
UDF1 received [9s Jc]
POCKET_D_ACE calls
UDF1 raises to 5000
POCKET_D_ACE calls
Flop [Jd Js 7h], POCKET_D_ACE (5000), UDF1 (5000)
UDF1 bids 0
POCKET_D_ACE bids 0
POCKET_D_ACE won the auction and was revealed [9s]
UDF1 won the auction and was revealed [Qc]
Flop [Jd Js 7h], POCKET_D_ACE (5000), UDF1 (5000)
UDF1 checks
POCKET_D_ACE checks
Turn [Jd Js 7h 3s], POCKET_D_ACE (5000), UDF1 (5000)
UDF1 checks
POCKET_D_ACE checks
River [Jd Js 7h 3s 6h], POCKET_D_ACE (5000), UDF1 (5000)
UDF1 checks
POCKET_D_ACE checks
POCKET_D_ACE shows [Qc Kh]
UDF1 shows [9s Jc]
POCKET_D_ACE awarded -5000
UDF1 awarded 5000

Round #837, UDF1 (-290250), POCKET_D_ACE (290250)
UDF1 posts blind: 10
POCKET_D_ACE posts blind: 20
UDF1 received [5s Ah]
POCKET_D_ACE received [Tc Kc]
UDF1 raises to 5000
POCKET_D_ACE calls
Flop [9d Qd 6h], UDF1 (5000), POCKET_D_ACE (5000)
POCKET_D_ACE bids 0
UDF1 bids 0
UDF1 won the auction and was revealed [Tc]
POCKET_D_ACE won the auction and was revealed [Ah]
Flop [9d Qd 6h], UDF1 (5000), POCKET_D_ACE (5000)
POCKET_D_ACE checks
UDF1 checks
Turn [9d Qd 6h 5d], UDF1 (5000), POCKET_D_ACE (5000)
POCKET_D_ACE checks
UDF1 checks
River [9d Qd 6h 5d Th], UDF1 (5000), POCKET_D_ACE (5000)
POCKET_D_ACE checks
UDF1 checks
UDF1 shows [5s Ah]
POCKET_D_ACE shows [Tc Kc]
UDF1 awarded -5000
POCKET_D_ACE awarded 5000

Round #838, POCKET_D_ACE (295250), UDF1 (-295250)
POCKET_D_ACE posts blind: 10
UDF1 posts blind: 20
POCKET_D_ACE received [8d Ts]
UDF1 received [6c 8c]
POCKET_D_ACE calls
UDF1 raises to 5000
POCKET_D_ACE calls
Flop [8s 7s 5c], POCKET_D_ACE (5000), UDF1 (5000)
UDF1 bids 0
POCKET_D_ACE bids 0
POCKET_D_ACE won the auction and was revealed [6c]
UDF1 won the auction and was revealed [8d]
Flop [8s 7s 5c], POCKET_D_ACE (5000), UDF1 (5000)
UDF1 checks
POCKET_D_ACE checks
Turn [8s 7s 5c 8h], POCKET_D_ACE (5000), UDF1 (5000)
UDF1 checks
POCKET_D_ACE checks
River [8s 7s 5c 8h 6d], POCKET_D_ACE (5000), UDF1 (5000)
UDF1 checks
POCKET_D_ACE checks
POCKET_D_ACE shows [8d Ts]
UDF1 shows [6c 8c]
POCKET_D_ACE awarded -5000
UDF1 awarded 5000

Round #839, UDF1 (-290250), POCKET_D_ACE (290250)
UDF1 posts blind: 10
POCKET_D_ACE posts blind: 20
UDF1 received [6d 7h]
POCKET_D_ACE received [Ts 9s]
UDF1 raises to 5000
POCKET_D_ACE calls
Flop [Ac Jh 3d], UDF1 (5000), POCKET_D_ACE (5000)
POCKET_D_ACE bids 0
UDF1 bids 0
UDF1 won the auction and was revealed [Ts]
POCKET_D_ACE won the auction and was revealed [6d]
Flop [Ac Jh 3d], UDF1 (5000), POCKET_D_ACE (5000)
POCKET_D_ACE checks
UDF1 checks
Turn [Ac Jh 3d Th], UDF1 (5000), POCKET_D_ACE (5000)
POCKET_D_ACE checks
UDF1 checks
River [Ac Jh 3d Th 2c], UDF1 (5000), POCKET_D_ACE (5000)
POCKET_D_ACE checks
UDF1 checks
UDF1 shows [6d 7h]
POCKET_D_ACE shows [Ts 9s]
UDF1 awarded -5000
POCKET_D_ACE awarded 5000

Round #840, POCKET_D_ACE (295250), UDF1 (-295250)
POCKET_D_ACE posts blind: 10
UDF1 posts blind: 20
POCKET_D_ACE received [Jh Tc]
UDF1 received [2h Ad]
POCKET_D_ACE calls
UDF1 raises to 5000
POCKET_D_ACE calls
Flop [8h 9h 6d], POCKET_D_ACE (5000), UDF1 (5000)
UDF1 bids 0
POCKET_D_ACE bids 0
POCKET_D_ACE won the auction and was revealed [2h]
UDF1 won the auction and was revealed [Tc]
Flop [8h 9h 6d], POCKET_D_ACE (5000), UDF1 (5000)
UDF1 checks
POCKET_D_ACE checks
Turn [8h 9h 6d 9c], POCKET_D_ACE (5000), UDF1 (5000)
UDF1 checks
POCKET_D_ACE checks
River [8h 9h 6d 9c Th], POCKET_D_ACE (5000), UDF1 (5000)
UDF1 checks
POCKET_D_ACE checks
POCKET_D_ACE shows [Jh Tc]
UDF1 shows [2h Ad]
POCKET_D_ACE awarded 5000
UDF1 awarded -5000

Round #841, UDF1 (-300250), POCKET_D_ACE (300250)
UDF1 posts blind: 10
POCKET_D_ACE posts blind: 20
UDF1 received [7d 3h]
POCKET_D_ACE received [9h 5h]
UDF1 raises to 5000
POCKET_D_ACE calls
Flop [8s Th 3s], UDF1 (5000), POCKET_D_ACE (5000)
POCKET_D_ACE bids 0
UDF1 bids 0
UDF1 won the auction and was revealed [9h]
POCKET_D_ACE won the auction and was revealed [3h]
Flop [8s Th 3s], UDF1 (5000), POCKET_D_ACE (5000)
POCKET_D_ACE checks
UDF1 checks
Turn [8s Th 3s 5s], UDF1 (5000), POCKET_D_ACE (5000)
POCKET_D_ACE checks
UDF1 checks
River [8s Th 3s 5s Qc], UDF1 (5000), POCKET_D_ACE (5000)
POCKET_D_ACE checks
UDF1 checks
UDF1 shows [7d 3h]
POCKET_D_ACE shows [9h 5h]
UDF1 awarded -5000
POCKET_D_ACE awarded 5000

Round #842, POCKET_D_ACE (305250), UDF1 (-305250)
POCKET_D_ACE posts blind: 10
UDF1 posts blind: 20
POCKET_D_ACE received [Qc 7s]
UDF1 received [6h Ad]
POCKET_D_ACE calls
UDF1 raises to 5000
POCKET_D_ACE calls
Flop [3c 7d Ts], POCKET_D_ACE (5000), UDF1 (5000)
UDF1 bids 0
POCKET_D_ACE bids 0
POCKET_D_ACE won the auction and was revealed [6h]
UDF1 won the auction and was revealed [Qc]
Flop [3c 7d Ts], POCKET_D_ACE (5000), UDF1 (5000)
UDF1 checks
POCKET_D_ACE checks
Turn [3c 7d Ts 4h], POCKET_D_ACE (5000), UDF1 (5000)
UDF1 checks
POCKET_D_ACE checks
River [3c 7d Ts 4h 3d], POCKET_D_ACE (5000), UDF1 (5000)
UDF1 checks
POCKET_D_ACE checks
POCKET_D_ACE shows [Qc 7s]
UDF1 shows [6h Ad]
POCKET_D_ACE awarded 5000
UDF1 awarded -5000

Round #843, UDF1 (-310250), POCKET_D_ACE (310250)
UDF1 posts blind: 10
POCKET_D_ACE posts blind: 20
UDF1 received [Ac Kd]
POCKET_D_ACE received [2s 3s]
UDF1 raises to 5000
POCKET_D_ACE folds
UDF1 awarded 20
POCKET_D_ACE awarded -20

Round #844, POCKET_D_ACE (310230), UDF1 (-310230)
POCKET_D_ACE posts blind: 10
UDF1 posts blind: 20
POCKET_D_ACE received [8s 9h]
UDF1 received [Qd Ts]
POCKET_D_ACE calls
UDF1 raises to 5000
POCKET_D_ACE calls
Flop [Tc 4d 4h], POCKET_D_ACE (5000), UDF1 (5000)
UDF1 bids 0
POCKET_D_ACE bids 0
POCKET_D_ACE won the auction and was revealed [Qd]
UDF1 won the auction and was revealed [9h]
Flop [Tc 4d 4h], POCKET_D_ACE (5000), UDF1 (5000)
UDF1 checks
POCKET_D_ACE checks
Turn [Tc 4d 4h Ad], POCKET_D_ACE (5000), UDF1 (5000)
UDF1 checks
POCKET_D_ACE checks
River [Tc 4d 4h Ad Jh], POCKET_D_ACE (5000), UDF1 (5000)
UDF1 checks
POCKET_D_ACE checks
POCKET_D_ACE shows [8s 9h]
UDF1 shows [Qd Ts]
POCKET_D_ACE awarded -5000
UDF1 awarded 5000

Round #845, UDF1 (-305230), POCKET_D_ACE (305230)
UDF1 posts blind: 10
POCKET_D_ACE posts blind: 20
UDF1 received [Jc 7h]
POCKET_D_ACE received [4h Qd]
UDF1 raises to 5000
POCKET_D_ACE calls
Flop [Tc As 5h], UDF1 (5000), POCKET_D_ACE (5000)
POCKET_D_ACE bids 0
UDF1 bids 0
UDF1 won the auction and was revealed [Qd]
POCKET_D_ACE won the auction and was revealed [7h]
Flop [Tc As 5h], UDF1 (5000), POCKET_D_ACE (5000)
POCKET_D_ACE checks
UDF1 checks
Turn [Tc As 5h Kh], UDF1 (5000), POCKET_D_ACE (5000)
POCKET_D_ACE checks
UDF1 checks
River [Tc As 5h Kh 7s], UDF1 (5000), POCKET_D_ACE (5000)
POCKET_D_ACE checks
UDF1 checks
UDF1 shows [Jc 7h]
POCKET_D_ACE shows [4h Qd]
UDF1 awarded 5000
POCKET_D_ACE awarded -5000

Round #846, POCKET_D_ACE (300230), UDF1 (-300230)
POCKET_D_ACE posts blind: 10
UDF1 posts blind: 20
POCKET_D_ACE received [8d As]
UDF1 received [Ac 7c]
POCKET_D_ACE calls
UDF1 raises to 5000
POCKET_D_ACE calls
Flop [2d Qd Qc], POCKET_D_ACE (5000), UDF1 (5000)
UDF1 bids 0
POCKET_D_ACE bids 0
POCKET_D_ACE won the auction and was revealed [Ac]
UDF1 won the auction and was revealed [8d]
Flop [2d Qd Qc], POCKET_D_ACE (5000), UDF1 (5000)
UDF1 checks
POCKET_D_ACE checks
Turn [2d Qd Qc Jc], POCKET_D_ACE (5000), UDF1 (5000)
UDF1 checks
POCKET_D_ACE checks
River [2d Qd Qc Jc Qs], POCKET_D_ACE (5000), UDF1 (5000)
UDF1 checks
POCKET_D_ACE checks
POCKET_D_ACE shows [8d As]
UDF1 shows [Ac 7c]
POCKET_D_ACE awarded 0
UDF1 awarded 0

Round #847, UDF1 (-300230), POCKET_D_ACE (300230)
UDF1 posts blind: 10
POCKET_D_ACE posts blind: 20
UDF1 received [Jc 4h]
POCKET_D_ACE received [6h 4c]
UDF1 raises to 5000
POCKET_D_ACE folds
UDF1 awarded 20
POCKET_D_ACE awarded -20

Round #848, POCKET_D_ACE (300210), UDF1 (-300210)
POCKET_D_ACE posts blind: 10
UDF1 posts blind: 20
POCKET_D_ACE received [9d 4c]
UDF1 received [3d As]
POCKET_D_ACE calls
UDF1 raises to 5000
POCKET_D_ACE folds
POCKET_D_ACE awarded -20
UDF1 awarded 20

Round #849, UDF1 (-300190), POCKET_D_ACE (300190)
UDF1 posts blind: 10
POCKET_D_ACE posts blind: 20
UDF1 received [Ks 7d]
POCKET_D_ACE received [4d 7h]
UDF1 raises to 5000
POCKET_D_ACE folds
UDF1 awarded 20
POCKET_D_ACE awarded -20

Round #850, POCKET_D_ACE (300170), UDF1 (-300170)
POCKET_D_ACE posts blind: 10
UDF1 posts blind: 20
POCKET_D_ACE received [Ac Jd]
UDF1 received [3h Qh]
POCKET_D_ACE calls
UDF1 raises to 5000
POCKET_D_ACE calls
Flop [2h 8d Qs], POCKET_D_ACE (5000), UDF1 (5000)
UDF1 bids 0
POCKET_D_ACE bids 0
POCKET_D_ACE won the auction and was revealed [3h]
UDF1 won the auction and was revealed [Ac]
Flop [2h 8d Qs], POCKET_D_ACE (5000), UDF1 (5000)
UDF1 checks
POCKET_D_ACE checks
Turn [2h 8d Qs 5s], POCKET_D_ACE (5000), UDF1 (5000)
UDF1 checks
POCKET_D_ACE checks
River [2h 8d Qs 5s Th], POCKET_D_ACE (5000), UDF1 (5000)
UDF1 checks
POCKET_D_ACE checks
POCKET_D_ACE shows [Ac Jd]
UDF1 shows [3h Qh]
POCKET_D_ACE awarded -5000
UDF1 awarded 5000

Round #851, UDF1 (-295170), POCKET_D_ACE (295170)
UDF1 posts blind: 10
POCKET_D_ACE posts blind: 20
UDF1 received [4d Ac]
POCKET_D_ACE received [Tc Jh]
UDF1 raises to 5000
POCKET_D_ACE calls
Flop [3c 7s Qc], UDF1 (5000), POCKET_D_ACE (5000)
POCKET_D_ACE bids 0
UDF1 bids 0
UDF1 won the auction and was revealed [Tc]
POCKET_D_ACE won the auction and was revealed [Ac]
Flop [3c 7s Qc], UDF1 (5000), POCKET_D_ACE (5000)
POCKET_D_ACE checks
UDF1 checks
Turn [3c 7s Qc 7c], UDF1 (5000), POCKET_D_ACE (5000)
POCKET_D_ACE checks
UDF1 checks
River [3c 7s Qc 7c Jd], UDF1 (5000), POCKET_D_ACE (5000)
POCKET_D_ACE checks
UDF1 checks
UDF1 shows [4d Ac]
POCKET_D_ACE shows [Tc Jh]
UDF1 awarded -5000
POCKET_D_ACE awarded 5000

Round #852, POCKET_D_ACE (300170), UDF1 (-300170)
POCKET_D_ACE posts blind: 10
UDF1 posts blind: 20
POCKET_D_ACE received [6d 7d]
UDF1 received [Ks Jh]
POCKET_D_ACE calls
UDF1 raises to 5000
POCKET_D_ACE calls
Flop [8h 7c Th], POCKET_D_ACE (5000), UDF1 (5000)
UDF1 bids 0
POCKET_D_ACE bids 0
POCKET_D_ACE won the auction and was revealed [Jh]
UDF1 won the auction and was revealed [6d]
Flop [8h 7c Th], POCKET_D_ACE (5000), UDF1 (5000)
UDF1 checks
POCKET_D_ACE checks
Turn [8h 7c Th 6h], POCKET_D_ACE (5000), UDF1 (5000)
UDF1 checks
POCKET_D_ACE checks
River [8h 7c Th 6h Td], POCKET_D_ACE (5000), UDF1 (5000)
UDF1 checks
POCKET_D_ACE checks
POCKET_D_ACE shows [6d 7d]
UDF1 shows [Ks Jh]
POCKET_D_ACE awarded 5000
UDF1 awarded -5000

Round #853, UDF1 (-305170), POCKET_D_ACE (305170)
UDF1 posts blind: 10
POCKET_D_ACE posts blind: 20
UDF1 received [3h 2h]
POCKET_D_ACE received [2s Kd]
UDF1 raises to 5000
POCKET_D_ACE folds
UDF1 awarded 20
POCKET_D_ACE awarded -20

Round #854, POCKET_D_ACE (305150), UDF1 (-305150)
POCKET_D_ACE posts blind: 10
UDF1 posts blind: 20
POCKET_D_ACE received [Ah Qc]
UDF1 received [Ac 6d]
POCKET_D_ACE calls
UDF1 raises to 5000
POCKET_D_ACE calls
Flop [Qd Jh 5h], POCKET_D_ACE (5000), UDF1 (5000)
UDF1 bids 0
POCKET_D_ACE bids 0
POCKET_D_ACE won the auction and was revealed [Ac]
UDF1 won the auction and was revealed [Qc]
Flop [Qd Jh 5h], POCKET_D_ACE (5000), UDF1 (5000)
UDF1 checks
POCKET_D_ACE checks
Turn [Qd Jh 5h 3h], POCKET_D_ACE (5000), UDF1 (5000)
UDF1 checks
POCKET_D_ACE checks
River [Qd Jh 5h 3h Ts], POCKET_D_ACE (5000), UDF1 (5000)
UDF1 checks
POCKET_D_ACE checks
POCKET_D_ACE shows [Ah Qc]
UDF1 shows [Ac 6d]
POCKET_D_ACE awarded 5000
UDF1 awarded -5000

Round #855, UDF1 (-310150), POCKET_D_ACE (310150)
UDF1 posts blind: 10
POCKET_D_ACE posts blind: 20
UDF1 received [Jh Jc]
POCKET_D_ACE received [5h Kc]
UDF1 raises to 5000
POCKET_D_ACE calls
Flop [7c Qs 8d], UDF1 (5000), POCKET_D_ACE (5000)
POCKET_D_ACE bids 0
UDF1 bids 0
UDF1 won the auction and was revealed [Kc]
POCKET_D_ACE won the auction and was revealed [Jh]
Flop [7c Qs 8d], UDF1 (5000), POCKET_D_ACE (5000)
POCKET_D_ACE checks
UDF1 checks
Turn [7c Qs 8d 4d], UDF1 (5000), POCKET_D_ACE (5000)
POCKET_D_ACE checks
UDF1 checks
River [7c Qs 8d 4d 2c], UDF1 (5000), POCKET_D_ACE (5000)
POCKET_D_ACE checks
UDF1 checks
UDF1 shows [Jh Jc]
POCKET_D_ACE shows [5h Kc]
UDF1 awarded 5000
POCKET_D_ACE awarded -5000

Round #856, POCKET_D_ACE (305150), UDF1 (-305150)
POCKET_D_ACE posts blind: 10
UDF1 posts blind: 20
POCKET_D_ACE received [9c 4s]
UDF1 received [Qd 7s]
POCKET_D_ACE calls
UDF1 raises to 5000
POCKET_D_ACE folds
POCKET_D_ACE awarded -20
UDF1 awarded 20

Round #857, UDF1 (-305130), POCKET_D_ACE (305130)
UDF1 posts blind: 10
POCKET_D_ACE posts blind: 20
UDF1 received [5h 8c]
POCKET_D_ACE received [9c 9d]
UDF1 raises to 5000
POCKET_D_ACE calls
Flop [2d 7c Ts], UDF1 (5000), POCKET_D_ACE (5000)
POCKET_D_ACE bids 0
UDF1 bids 0
UDF1 won the auction and was revealed [9c]
POCKET_D_ACE won the auction and was revealed [8c]
Flop [2d 7c Ts], UDF1 (5000), POCKET_D_ACE (5000)
POCKET_D_ACE checks
UDF1 checks
Turn [2d 7c Ts Js], UDF1 (5000), POCKET_D_ACE (5000)
POCKET_D_ACE checks
UDF1 checks
River [2d 7c Ts Js 8h], UDF1 (5000), POCKET_D_ACE (5000)
POCKET_D_ACE checks
UDF1 checks
UDF1 shows [5h 8c]
POCKET_D_ACE shows [9c 9d]
UDF1 awarded -5000
POCKET_D_ACE awarded 5000

Round #858, POCKET_D_ACE (310130), UDF1 (-310130)
POCKET_D_ACE posts blind: 10
UDF1 posts blind: 20
POCKET_D_ACE received [Ad Jh]
UDF1 received [4c 7c]
POCKET_D_ACE calls
UDF1 raises to 5000
POCKET_D_ACE calls
Flop [4s As 8d], POCKET_D_ACE (5000), UDF1 (5000)
UDF1 bids 0
POCKET_D_ACE bids 0
POCKET_D_ACE won the auction and was revealed [4c]
UDF1 won the auction and was revealed [Ad]
Flop [4s As 8d], POCKET_D_ACE (5000), UDF1 (5000)
UDF1 checks
POCKET_D_ACE checks
Turn [4s As 8d 3h], POCKET_D_ACE (5000), UDF1 (5000)
UDF1 checks
POCKET_D_ACE checks
River [4s As 8d 3h 7h], POCKET_D_ACE (5000), UDF1 (5000)
UDF1 checks
POCKET_D_ACE checks
POCKET_D_ACE shows [Ad Jh]
UDF1 shows [4c 7c]
POCKET_D_ACE awarded -5000
UDF1 awarded 5000

Round #859, UDF1 (-305130), POCKET_D_ACE (305130)
UDF1 posts blind: 10
POCKET_D_ACE posts blind: 20
UDF1 received [Kd Tc]
POCKET_D_ACE received [Qs 3d]
UDF1 raises to 5000
POCKET_D_ACE folds
UDF1 awarded 20
POCKET_D_ACE awarded -20

Round #860, POCKET_D_ACE (305110), UDF1 (-305110)
POCKET_D_ACE posts blind: 10
UDF1 posts blind: 20
POCKET_D_ACE received [2d 7c]
UDF1 received [Kh Ts]
POCKET_D_ACE calls
UDF1 raises to 5000
POCKET_D_ACE folds
POCKET_D_ACE awarded -20
UDF1 awarded 20

Round #861, UDF1 (-305090), POCKET_D_ACE (305090)
UDF1 posts blind: 10
POCKET_D_ACE posts blind: 20
UDF1 received [Kc Ks]
POCKET_D_ACE received [2s Qc]
UDF1 raises to 5000
POCKET_D_ACE folds
UDF1 awarded 20
POCKET_D_ACE awarded -20

Round #862, POCKET_D_ACE (305070), UDF1 (-305070)
POCKET_D_ACE posts blind: 10
UDF1 posts blind: 20
POCKET_D_ACE received [7h Qh]
UDF1 received [Ks Qs]
POCKET_D_ACE calls
UDF1 raises to 5000
POCKET_D_ACE calls
Flop [Ah 8d Jd], POCKET_D_ACE (5000), UDF1 (5000)
UDF1 bids 0
POCKET_D_ACE bids 0
POCKET_D_ACE won the auction and was revealed [Qs]
UDF1 won the auction and was revealed [7h]
Flop [Ah 8d Jd], POCKET_D_ACE (5000), UDF1 (5000)
UDF1 checks
POCKET_D_ACE checks
Turn [Ah 8d Jd Ad], POCKET_D_ACE (5000), UDF1 (5000)
UDF1 checks
POCKET_D_ACE checks
River [Ah 8d Jd Ad Kh], POCKET_D_ACE (5000), UDF1 (5000)
UDF1 checks
POCKET_D_ACE checks
POCKET_D_ACE shows [7h Qh]
UDF1 shows [Ks Qs]
POCKET_D_ACE awarded -5000
UDF1 awarded 5000

Round #863, UDF1 (-300070), POCKET_D_ACE (300070)
UDF1 posts blind: 10
POCKET_D_ACE posts blind: 20
UDF1 received [Js 6s]
POCKET_D_ACE received [Ks 8c]
UDF1 raises to 5000
POCKET_D_ACE calls
Flop [Th 4c Kd], UDF1 (5000), POCKET_D_ACE (5000)
POCKET_D_ACE bids 0
UDF1 bids 0
UDF1 won the auction and was revealed [Ks]
POCKET_D_ACE won the auction and was revealed [6s]
Flop [Th 4c Kd], UDF1 (5000), POCKET_D_ACE (5000)
POCKET_D_ACE checks
UDF1 checks
Turn [Th 4c Kd 9s], UDF1 (5000), POCKET_D_ACE (5000)
POCKET_D_ACE checks
UDF1 checks
River [Th 4c Kd 9s 9d], UDF1 (5000), POCKET_D_ACE (5000)
POCKET_D_ACE checks
UDF1 checks
UDF1 shows [Js 6s]
POCKET_D_ACE shows [Ks 8c]
UDF1 awarded -5000
POCKET_D_ACE awarded 5000

Round #864, POCKET_D_ACE (305070), UDF1 (-305070)
POCKET_D_ACE posts blind: 10
UDF1 posts blind: 20
POCKET_D_ACE received [Th 3s]
UDF1 received [8c 7d]
POCKET_D_ACE calls
UDF1 raises to 5000
POCKET_D_ACE folds
POCKET_D_ACE awarded -20
UDF1 awarded 20

Round #865, UDF1 (-305050), POCKET_D_ACE (305050)
UDF1 posts blind: 10
POCKET_D_ACE posts blind: 20
UDF1 received [6c 7c]
POCKET_D_ACE received [5d Ts]
UDF1 raises to 5000
POCKET_D_ACE folds
UDF1 awarded 20
POCKET_D_ACE awarded -20

Round #866, POCKET_D_ACE (305030), UDF1 (-305030)
POCKET_D_ACE posts blind: 10
UDF1 posts blind: 20
POCKET_D_ACE received [Qc 6d]
UDF1 received [Th 4s]
POCKET_D_ACE calls
UDF1 raises to 5000
POCKET_D_ACE calls
Flop [As Jh 3c], POCKET_D_ACE (5000), UDF1 (5000)
UDF1 bids 0
POCKET_D_ACE bids 0
POCKET_D_ACE won the auction and was revealed [Th]
UDF1 won the auction and was revealed [Qc]
Flop [As Jh 3c], POCKET_D_ACE (5000), UDF1 (5000)
UDF1 checks
POCKET_D_ACE checks
Turn [As Jh 3c 7s], POCKET_D_ACE (5000), UDF1 (5000)
UDF1 checks
POCKET_D_ACE checks
River [As Jh 3c 7s Kd], POCKET_D_ACE (5000), UDF1 (5000)
UDF1 checks
POCKET_D_ACE checks
POCKET_D_ACE shows [Qc 6d]
UDF1 shows [Th 4s]
POCKET_D_ACE awarded 5000
UDF1 awarded -5000

Round #867, UDF1 (-310030), POCKET_D_ACE (310030)
UDF1 posts blind: 10
POCKET_D_ACE posts blind: 20
UDF1 received [7h 6h]
POCKET_D_ACE received [Ac 3c]
UDF1 raises to 5000
POCKET_D_ACE calls
Flop [Ks 2s Js], UDF1 (5000), POCKET_D_ACE (5000)
POCKET_D_ACE bids 0
UDF1 bids 0
UDF1 won the auction and was revealed [Ac]
POCKET_D_ACE won the auction and was revealed [7h]
Flop [Ks 2s Js], UDF1 (5000), POCKET_D_ACE (5000)
POCKET_D_ACE checks
UDF1 checks
Turn [Ks 2s Js 9c], UDF1 (5000), POCKET_D_ACE (5000)
POCKET_D_ACE checks
UDF1 checks
River [Ks 2s Js 9c Qh], UDF1 (5000), POCKET_D_ACE (5000)
POCKET_D_ACE checks
UDF1 checks
UDF1 shows [7h 6h]
POCKET_D_ACE shows [Ac 3c]
UDF1 awarded -5000
POCKET_D_ACE awarded 5000

Round #868, POCKET_D_ACE (315030), UDF1 (-315030)
POCKET_D_ACE posts blind: 10
UDF1 posts blind: 20
POCKET_D_ACE received [5h 4d]
UDF1 received [6c 5s]
POCKET_D_ACE folds
POCKET_D_ACE awarded -10
UDF1 awarded 10

Round #869, UDF1 (-315020), POCKET_D_ACE (315020)
UDF1 posts blind: 10
POCKET_D_ACE posts blind: 20
UDF1 received [5d Qh]
POCKET_D_ACE received [7h 8c]
UDF1 raises to 5000
POCKET_D_ACE calls
Flop [3c Js Qd], UDF1 (5000), POCKET_D_ACE (5000)
POCKET_D_ACE bids 0
UDF1 bids 0
UDF1 won the auction and was revealed [8c]
POCKET_D_ACE won the auction and was revealed [5d]
Flop [3c Js Qd], UDF1 (5000), POCKET_D_ACE (5000)
POCKET_D_ACE checks
UDF1 checks
Turn [3c Js Qd Ah], UDF1 (5000), POCKET_D_ACE (5000)
POCKET_D_ACE checks
UDF1 checks
River [3c Js Qd Ah Ts], UDF1 (5000), POCKET_D_ACE (5000)
POCKET_D_ACE checks
UDF1 checks
UDF1 shows [5d Qh]
POCKET_D_ACE shows [7h 8c]
UDF1 awarded 5000
POCKET_D_ACE awarded -5000

Round #870, POCKET_D_ACE (310020), UDF1 (-310020)
POCKET_D_ACE posts blind: 10
UDF1 posts blind: 20
POCKET_D_ACE received [8c Jc]
UDF1 received [2h Ts]
POCKET_D_ACE calls
UDF1 raises to 5000
POCKET_D_ACE calls
Flop [4d 6h Qd], POCKET_D_ACE (5000), UDF1 (5000)
UDF1 bids 0
POCKET_D_ACE bids 0
POCKET_D_ACE won the auction and was revealed [2h]
UDF1 won the auction and was revealed [8c]
Flop [4d 6h Qd], POCKET_D_ACE (5000), UDF1 (5000)
UDF1 checks
POCKET_D_ACE checks
Turn [4d 6h Qd 7c], POCKET_D_ACE (5000), UDF1 (5000)
UDF1 checks
POCKET_D_ACE checks
River [4d 6h Qd 7c 5c], POCKET_D_ACE (5000), UDF1 (5000)
UDF1 checks
POCKET_D_ACE checks
POCKET_D_ACE shows [8c Jc]
UDF1 shows [2h Ts]
POCKET_D_ACE awarded 5000
UDF1 awarded -5000

Round #871, UDF1 (-315020), POCKET_D_ACE (315020)
UDF1 posts blind: 10
POCKET_D_ACE posts blind: 20
UDF1 received [7d 8h]
POCKET_D_ACE received [5s Qc]
UDF1 raises to 5000
POCKET_D_ACE calls
Flop [3h 2h Jh], UDF1 (5000), POCKET_D_ACE (5000)
POCKET_D_ACE bids 0
UDF1 bids 0
UDF1 won the auction and was revealed [Qc]
POCKET_D_ACE won the auction and was revealed [7d]
Flop [3h 2h Jh], UDF1 (5000), POCKET_D_ACE (5000)
POCKET_D_ACE checks
UDF1 checks
Turn [3h 2h Jh 4h], UDF1 (5000), POCKET_D_ACE (5000)
POCKET_D_ACE checks
UDF1 checks
River [3h 2h Jh 4h Qd], UDF1 (5000), POCKET_D_ACE (5000)
POCKET_D_ACE checks
UDF1 checks
UDF1 shows [7d 8h]
POCKET_D_ACE shows [5s Qc]
UDF1 awarded 5000
POCKET_D_ACE awarded -5000

Round #872, POCKET_D_ACE (310020), UDF1 (-310020)
POCKET_D_ACE posts blind: 10
UDF1 posts blind: 20
POCKET_D_ACE received [Kh Kc]
UDF1 received [2s Jd]
POCKET_D_ACE raises to 57
UDF1 raises to 5000
POCKET_D_ACE calls
Flop [7c 8c 6s], POCKET_D_ACE (5000), UDF1 (5000)
UDF1 bids 0
POCKET_D_ACE bids 0
POCKET_D_ACE won the auction and was revealed [2s]
UDF1 won the auction and was revealed [Kh]
Flop [7c 8c 6s], POCKET_D_ACE (5000), UDF1 (5000)
UDF1 checks
POCKET_D_ACE checks
Turn [7c 8c 6s 5s], POCKET_D_ACE (5000), UDF1 (5000)
UDF1 checks
POCKET_D_ACE checks
River [7c 8c 6s 5s 7s], POCKET_D_ACE (5000), UDF1 (5000)
UDF1 checks
POCKET_D_ACE checks
POCKET_D_ACE shows [Kh Kc]
UDF1 shows [2s Jd]
POCKET_D_ACE awarded 5000
UDF1 awarded -5000

Round #873, UDF1 (-315020), POCKET_D_ACE (315020)
UDF1 posts blind: 10
POCKET_D_ACE posts blind: 20
UDF1 received [2h Ts]
POCKET_D_ACE received [8d 3s]
UDF1 raises to 5000
POCKET_D_ACE folds
UDF1 awarded 20
POCKET_D_ACE awarded -20

Round #874, POCKET_D_ACE (315000), UDF1 (-315000)
POCKET_D_ACE posts blind: 10
UDF1 posts blind: 20
POCKET_D_ACE received [Kc 8s]
UDF1 received [5h Tc]
POCKET_D_ACE calls
UDF1 raises to 5000
POCKET_D_ACE calls
Flop [Ac Qc 5c], POCKET_D_ACE (5000), UDF1 (5000)
UDF1 bids 0
POCKET_D_ACE bids 0
POCKET_D_ACE won the auction and was revealed [Tc]
UDF1 won the auction and was revealed [Kc]
Flop [Ac Qc 5c], POCKET_D_ACE (5000), UDF1 (5000)
UDF1 checks
POCKET_D_ACE checks
Turn [Ac Qc 5c 7h], POCKET_D_ACE (5000), UDF1 (5000)
UDF1 checks
POCKET_D_ACE checks
River [Ac Qc 5c 7h 3d], POCKET_D_ACE (5000), UDF1 (5000)
UDF1 checks
POCKET_D_ACE checks
POCKET_D_ACE shows [Kc 8s]
UDF1 shows [5h Tc]
POCKET_D_ACE awarded -5000
UDF1 awarded 5000

Round #875, UDF1 (-310000), POCKET_D_ACE (310000)
UDF1 posts blind: 10
POCKET_D_ACE posts blind: 20
UDF1 received [Ts Qh]
POCKET_D_ACE received [3s 7c]
UDF1 raises to 5000
POCKET_D_ACE folds
UDF1 awarded 20
POCKET_D_ACE awarded -20

Round #876, POCKET_D_ACE (309980), UDF1 (-309980)
POCKET_D_ACE posts blind: 10
UDF1 posts blind: 20
POCKET_D_ACE received [5s Qc]
UDF1 received [9c 2d]
POCKET_D_ACE calls
UDF1 raises to 5000
POCKET_D_ACE calls
Flop [2s 5d 3h], POCKET_D_ACE (5000), UDF1 (5000)
UDF1 bids 0
POCKET_D_ACE bids 0
POCKET_D_ACE won the auction and was revealed [2d]
UDF1 won the auction and was revealed [Qc]
Flop [2s 5d 3h], POCKET_D_ACE (5000), UDF1 (5000)
UDF1 checks
POCKET_D_ACE checks
Turn [2s 5d 3h Ts], POCKET_D_ACE (5000), UDF1 (5000)
UDF1 checks
POCKET_D_ACE checks
River [2s 5d 3h Ts 3s], POCKET_D_ACE (5000), UDF1 (5000)
UDF1 checks
POCKET_D_ACE checks
POCKET_D_ACE shows [5s Qc]
UDF1 shows [9c 2d]
POCKET_D_ACE awarded 5000
UDF1 awarded -5000

Round #877, UDF1 (-314980), POCKET_D_ACE (314980)
UDF1 posts blind: 10
POCKET_D_ACE posts blind: 20
UDF1 received [Tc Js]
POCKET_D_ACE received [Kc 8s]
UDF1 raises to 5000
POCKET_D_ACE calls
Flop [Qc 8h 5s], UDF1 (5000), POCKET_D_ACE (5000)
POCKET_D_ACE bids 0
UDF1 bids 0
UDF1 won the auction and was revealed [Kc]
POCKET_D_ACE won the auction and was revealed [Js]
Flop [Qc 8h 5s], UDF1 (5000), POCKET_D_ACE (5000)
POCKET_D_ACE checks
UDF1 checks
Turn [Qc 8h 5s 9s], UDF1 (5000), POCKET_D_ACE (5000)
POCKET_D_ACE checks
UDF1 checks
River [Qc 8h 5s 9s Th], UDF1 (5000), POCKET_D_ACE (5000)
POCKET_D_ACE checks
UDF1 checks
UDF1 shows [Tc Js]
POCKET_D_ACE shows [Kc 8s]
UDF1 awarded 5000
POCKET_D_ACE awarded -5000

Round #878, POCKET_D_ACE (309980), UDF1 (-309980)
POCKET_D_ACE posts blind: 10
UDF1 posts blind: 20
POCKET_D_ACE received [Th 9c]
UDF1 received [Ah 8s]
POCKET_D_ACE calls
UDF1 raises to 5000
POCKET_D_ACE calls
Flop [6d Qc 7h], POCKET_D_ACE (5000), UDF1 (5000)
UDF1 bids 0
POCKET_D_ACE bids 0
POCKET_D_ACE won the auction and was revealed [Ah]
UDF1 won the auction and was revealed [Th]
Flop [6d Qc 7h], POCKET_D_ACE (5000), UDF1 (5000)
UDF1 checks
POCKET_D_ACE checks
Turn [6d Qc 7h Ad], POCKET_D_ACE (5000), UDF1 (5000)
UDF1 checks
POCKET_D_ACE checks
River [6d Qc 7h Ad 2s], POCKET_D_ACE (5000), UDF1 (5000)
UDF1 checks
POCKET_D_ACE checks
POCKET_D_ACE shows [Th 9c]
UDF1 shows [Ah 8s]
POCKET_D_ACE awarded -5000
UDF1 awarded 5000

Round #879, UDF1 (-304980), POCKET_D_ACE (304980)
UDF1 posts blind: 10
POCKET_D_ACE posts blind: 20
UDF1 received [Js 3d]
POCKET_D_ACE received [2h 5s]
UDF1 raises to 5000
POCKET_D_ACE folds
UDF1 awarded 20
POCKET_D_ACE awarded -20

Round #880, POCKET_D_ACE (304960), UDF1 (-304960)
POCKET_D_ACE posts blind: 10
UDF1 posts blind: 20
POCKET_D_ACE received [9h 7c]
UDF1 received [Td 8s]
POCKET_D_ACE calls
UDF1 raises to 5000
POCKET_D_ACE calls
Flop [Jh 8d Kc], POCKET_D_ACE (5000), UDF1 (5000)
UDF1 bids 0
POCKET_D_ACE bids 0
POCKET_D_ACE won the auction and was revealed [Td]
UDF1 won the auction and was revealed [7c]
Flop [Jh 8d Kc], POCKET_D_ACE (5000), UDF1 (5000)
UDF1 checks
POCKET_D_ACE checks
Turn [Jh 8d Kc 7d], POCKET_D_ACE (5000), UDF1 (5000)
UDF1 checks
POCKET_D_ACE checks
River [Jh 8d Kc 7d Ts], POCKET_D_ACE (5000), UDF1 (5000)
UDF1 checks
POCKET_D_ACE checks
POCKET_D_ACE shows [9h 7c]
UDF1 shows [Td 8s]
POCKET_D_ACE awarded 5000
UDF1 awarded -5000

Round #881, UDF1 (-309960), POCKET_D_ACE (309960)
UDF1 posts blind: 10
POCKET_D_ACE posts blind: 20
UDF1 received [8h As]
POCKET_D_ACE received [2h Qh]
UDF1 raises to 5000
POCKET_D_ACE calls
Flop [Qs Jh 3s], UDF1 (5000), POCKET_D_ACE (5000)
POCKET_D_ACE bids 0
UDF1 bids 0
UDF1 won the auction and was revealed [2h]
POCKET_D_ACE won the auction and was revealed [As]
Flop [Qs Jh 3s], UDF1 (5000), POCKET_D_ACE (5000)
POCKET_D_ACE checks
UDF1 checks
Turn [Qs Jh 3s Js], UDF1 (5000), POCKET_D_ACE (5000)
POCKET_D_ACE checks
UDF1 checks
River [Qs Jh 3s Js 9s], UDF1 (5000), POCKET_D_ACE (5000)
POCKET_D_ACE checks
UDF1 checks
UDF1 shows [8h As]
POCKET_D_ACE shows [2h Qh]
UDF1 awarded 5000
POCKET_D_ACE awarded -5000

Round #882, POCKET_D_ACE (304960), UDF1 (-304960)
POCKET_D_ACE posts blind: 10
UDF1 posts blind: 20
POCKET_D_ACE received [5s Ah]
UDF1 received [Qc 5h]
POCKET_D_ACE calls
UDF1 raises to 5000
POCKET_D_ACE calls
Flop [Kh 3d 8s], POCKET_D_ACE (5000), UDF1 (5000)
UDF1 bids 0
POCKET_D_ACE bids 0
POCKET_D_ACE won the auction and was revealed [5h]
UDF1 won the auction and was revealed [Ah]
Flop [Kh 3d 8s], POCKET_D_ACE (5000), UDF1 (5000)
UDF1 checks
POCKET_D_ACE checks
Turn [Kh 3d 8s 9h], POCKET_D_ACE (5000), UDF1 (5000)
UDF1 checks
POCKET_D_ACE checks
River [Kh 3d 8s 9h Ac], POCKET_D_ACE (5000), UDF1 (5000)
UDF1 checks
POCKET_D_ACE checks
POCKET_D_ACE shows [5s Ah]
UDF1 shows [Qc 5h]
POCKET_D_ACE awarded 5000
UDF1 awarded -5000

Round #883, UDF1 (-309960), POCKET_D_ACE (309960)
UDF1 posts blind: 10
POCKET_D_ACE posts blind: 20
UDF1 received [Jc Ks]
POCKET_D_ACE received [6d 4c]
UDF1 raises to 5000
POCKET_D_ACE folds
UDF1 awarded 20
POCKET_D_ACE awarded -20

Round #884, POCKET_D_ACE (309940), UDF1 (-309940)
POCKET_D_ACE posts blind: 10
UDF1 posts blind: 20
POCKET_D_ACE received [8d Th]
UDF1 received [8c Js]
POCKET_D_ACE calls
UDF1 raises to 5000
POCKET_D_ACE calls
Flop [Ks Ad As], POCKET_D_ACE (5000), UDF1 (5000)
UDF1 bids 0
POCKET_D_ACE bids 0
POCKET_D_ACE won the auction and was revealed [8c]
UDF1 won the auction and was revealed [Th]
Flop [Ks Ad As], POCKET_D_ACE (5000), UDF1 (5000)
UDF1 checks
POCKET_D_ACE checks
Turn [Ks Ad As Ah], POCKET_D_ACE (5000), UDF1 (5000)
UDF1 checks
POCKET_D_ACE checks
River [Ks Ad As Ah 2s], POCKET_D_ACE (5000), UDF1 (5000)
UDF1 checks
POCKET_D_ACE checks
POCKET_D_ACE shows [8d Th]
UDF1 shows [8c Js]
POCKET_D_ACE awarded -5000
UDF1 awarded 5000

Round #885, UDF1 (-304940), POCKET_D_ACE (304940)
UDF1 posts blind: 10
POCKET_D_ACE posts blind: 20
UDF1 received [2c 6c]
POCKET_D_ACE received [Jd 4h]
UDF1 raises to 5000
POCKET_D_ACE folds
UDF1 awarded 20
POCKET_D_ACE awarded -20

Round #886, POCKET_D_ACE (304920), UDF1 (-304920)
POCKET_D_ACE posts blind: 10
UDF1 posts blind: 20
POCKET_D_ACE received [5h 2s]
UDF1 received [2d Ad]
POCKET_D_ACE folds
POCKET_D_ACE awarded -10
UDF1 awarded 10

Round #887, UDF1 (-304910), POCKET_D_ACE (304910)
UDF1 posts blind: 10
POCKET_D_ACE posts blind: 20
UDF1 received [3c Kd]
POCKET_D_ACE received [Td 2c]
UDF1 raises to 5000
POCKET_D_ACE folds
UDF1 awarded 20
POCKET_D_ACE awarded -20

Round #888, POCKET_D_ACE (304890), UDF1 (-304890)
POCKET_D_ACE posts blind: 10
UDF1 posts blind: 20
POCKET_D_ACE received [Td 7s]
UDF1 received [9d 3h]
POCKET_D_ACE calls
UDF1 raises to 5000
POCKET_D_ACE calls
Flop [Ac Qc 4d], POCKET_D_ACE (5000), UDF1 (5000)
UDF1 bids 0
POCKET_D_ACE bids 0
POCKET_D_ACE won the auction and was revealed [9d]
UDF1 won the auction and was revealed [7s]
Flop [Ac Qc 4d], POCKET_D_ACE (5000), UDF1 (5000)
UDF1 checks
POCKET_D_ACE checks
Turn [Ac Qc 4d 3s], POCKET_D_ACE (5000), UDF1 (5000)
UDF1 checks
POCKET_D_ACE checks
River [Ac Qc 4d 3s 8c], POCKET_D_ACE (5000), UDF1 (5000)
UDF1 checks
POCKET_D_ACE checks
POCKET_D_ACE shows [Td 7s]
UDF1 shows [9d 3h]
POCKET_D_ACE awarded -5000
UDF1 awarded 5000

Round #889, UDF1 (-299890), POCKET_D_ACE (299890)
UDF1 posts blind: 10
POCKET_D_ACE posts blind: 20
UDF1 received [5c Ah]
POCKET_D_ACE received [7c 8c]
UDF1 raises to 5000
POCKET_D_ACE calls
Flop [9h 5d 4c], UDF1 (5000), POCKET_D_ACE (5000)
POCKET_D_ACE bids 0
UDF1 bids 0
UDF1 won the auction and was revealed [7c]
POCKET_D_ACE won the auction and was revealed [5c]
Flop [9h 5d 4c], UDF1 (5000), POCKET_D_ACE (5000)
POCKET_D_ACE checks
UDF1 checks
Turn [9h 5d 4c 2d], UDF1 (5000), POCKET_D_ACE (5000)
POCKET_D_ACE checks
UDF1 checks
River [9h 5d 4c 2d Td], UDF1 (5000), POCKET_D_ACE (5000)
POCKET_D_ACE checks
UDF1 checks
UDF1 shows [5c Ah]
POCKET_D_ACE shows [7c 8c]
UDF1 awarded 5000
POCKET_D_ACE awarded -5000

Round #890, POCKET_D_ACE (294890), UDF1 (-294890)
POCKET_D_ACE posts blind: 10
UDF1 posts blind: 20
POCKET_D_ACE received [7c 9h]
UDF1 received [Js 5c]
POCKET_D_ACE calls
UDF1 raises to 5000
POCKET_D_ACE calls
Flop [7h 4d 5s], POCKET_D_ACE (5000), UDF1 (5000)
UDF1 bids 0
POCKET_D_ACE bids 0
POCKET_D_ACE won the auction and was revealed [5c]
UDF1 won the auction and was revealed [9h]
Flop [7h 4d 5s], POCKET_D_ACE (5000), UDF1 (5000)
UDF1 checks
POCKET_D_ACE checks
Turn [7h 4d 5s 4s], POCKET_D_ACE (5000), UDF1 (5000)
UDF1 checks
POCKET_D_ACE checks
River [7h 4d 5s 4s Td], POCKET_D_ACE (5000), UDF1 (5000)
UDF1 checks
POCKET_D_ACE checks
POCKET_D_ACE shows [7c 9h]
UDF1 shows [Js 5c]
POCKET_D_ACE awarded 5000
UDF1 awarded -5000

Round #891, UDF1 (-299890), POCKET_D_ACE (299890)
UDF1 posts blind: 10
POCKET_D_ACE posts blind: 20
UDF1 received [Kd 6d]
POCKET_D_ACE received [5s 5h]
UDF1 raises to 5000
POCKET_D_ACE calls
Flop [4s 8c 7d], UDF1 (5000), POCKET_D_ACE (5000)
POCKET_D_ACE bids 0
UDF1 bids 0
UDF1 won the auction and was revealed [5s]
POCKET_D_ACE won the auction and was revealed [Kd]
Flop [4s 8c 7d], UDF1 (5000), POCKET_D_ACE (5000)
POCKET_D_ACE checks
UDF1 checks
Turn [4s 8c 7d 8s], UDF1 (5000), POCKET_D_ACE (5000)
POCKET_D_ACE checks
UDF1 checks
River [4s 8c 7d 8s Jh], UDF1 (5000), POCKET_D_ACE (5000)
POCKET_D_ACE checks
UDF1 checks
UDF1 shows [Kd 6d]
POCKET_D_ACE shows [5s 5h]
UDF1 awarded -5000
POCKET_D_ACE awarded 5000

Round #892, POCKET_D_ACE (304890), UDF1 (-304890)
POCKET_D_ACE posts blind: 10
UDF1 posts blind: 20
POCKET_D_ACE received [Jc 3c]
UDF1 received [Qs 4c]
POCKET_D_ACE calls
UDF1 raises to 5000
POCKET_D_ACE calls
Flop [Jd 5s Qc], POCKET_D_ACE (5000), UDF1 (5000)
UDF1 bids 0
POCKET_D_ACE bids 0
POCKET_D_ACE won the auction and was revealed [Qs]
UDF1 won the auction and was revealed [3c]
Flop [Jd 5s Qc], POCKET_D_ACE (5000), UDF1 (5000)
UDF1 checks
POCKET_D_ACE checks
Turn [Jd 5s Qc 4s], POCKET_D_ACE (5000), UDF1 (5000)
UDF1 checks
POCKET_D_ACE checks
River [Jd 5s Qc 4s 7h], POCKET_D_ACE (5000), UDF1 (5000)
UDF1 checks
POCKET_D_ACE checks
POCKET_D_ACE shows [Jc 3c]
UDF1 shows [Qs 4c]
POCKET_D_ACE awarded -5000
UDF1 awarded 5000

Round #893, UDF1 (-299890), POCKET_D_ACE (299890)
UDF1 posts blind: 10
POCKET_D_ACE posts blind: 20
UDF1 received [4c 4h]
POCKET_D_ACE received [3d Th]
UDF1 raises to 5000
POCKET_D_ACE folds
UDF1 awarded 20
POCKET_D_ACE awarded -20

Round #894, POCKET_D_ACE (299870), UDF1 (-299870)
POCKET_D_ACE posts blind: 10
UDF1 posts blind: 20
POCKET_D_ACE received [Th 5d]
UDF1 received [Kc 2h]
POCKET_D_ACE calls
UDF1 raises to 5000
POCKET_D_ACE folds
POCKET_D_ACE awarded -20
UDF1 awarded 20

Round #895, UDF1 (-299850), POCKET_D_ACE (299850)
UDF1 posts blind: 10
POCKET_D_ACE posts blind: 20
UDF1 received [9c 2h]
POCKET_D_ACE received [Td 6d]
UDF1 raises to 5000
POCKET_D_ACE calls
Flop [4d 9d Ah], UDF1 (5000), POCKET_D_ACE (5000)
POCKET_D_ACE bids 0
UDF1 bids 0
UDF1 won the auction and was revealed [Td]
POCKET_D_ACE won the auction and was revealed [9c]
Flop [4d 9d Ah], UDF1 (5000), POCKET_D_ACE (5000)
POCKET_D_ACE checks
UDF1 checks
Turn [4d 9d Ah Js], UDF1 (5000), POCKET_D_ACE (5000)
POCKET_D_ACE checks
UDF1 checks
River [4d 9d Ah Js Qc], UDF1 (5000), POCKET_D_ACE (5000)
POCKET_D_ACE checks
UDF1 checks
UDF1 shows [9c 2h]
POCKET_D_ACE shows [Td 6d]
UDF1 awarded 5000
POCKET_D_ACE awarded -5000

Round #896, POCKET_D_ACE (294850), UDF1 (-294850)
POCKET_D_ACE posts blind: 10
UDF1 posts blind: 20
POCKET_D_ACE received [4c 6c]
UDF1 received [5h Qd]
POCKET_D_ACE calls
UDF1 raises to 5000
POCKET_D_ACE calls
Flop [Kd Jd Td], POCKET_D_ACE (5000), UDF1 (5000)
UDF1 bids 0
POCKET_D_ACE bids 0
POCKET_D_ACE won the auction and was revealed [Qd]
UDF1 won the auction and was revealed [6c]
Flop [Kd Jd Td], POCKET_D_ACE (5000), UDF1 (5000)
UDF1 checks
POCKET_D_ACE checks
Turn [Kd Jd Td 4s], POCKET_D_ACE (5000), UDF1 (5000)
UDF1 checks
POCKET_D_ACE checks
River [Kd Jd Td 4s 6s], POCKET_D_ACE (5000), UDF1 (5000)
UDF1 checks
POCKET_D_ACE checks
POCKET_D_ACE shows [4c 6c]
UDF1 shows [5h Qd]
POCKET_D_ACE awarded 5000
UDF1 awarded -5000

Round #897, UDF1 (-299850), POCKET_D_ACE (299850)
UDF1 posts blind: 10
POCKET_D_ACE posts blind: 20
UDF1 received [7s 6c]
POCKET_D_ACE received [2c 6s]
UDF1 raises to 5000
POCKET_D_ACE folds
UDF1 awarded 20
POCKET_D_ACE awarded -20

Round #898, POCKET_D_ACE (299830), UDF1 (-299830)
POCKET_D_ACE posts blind: 10
UDF1 posts blind: 20
POCKET_D_ACE received [Ad 2s]
UDF1 received [3s Ah]
POCKET_D_ACE calls
UDF1 raises to 5000
POCKET_D_ACE calls
Flop [8d Jh Jd], POCKET_D_ACE (5000), UDF1 (5000)
UDF1 bids 0
POCKET_D_ACE bids 0
POCKET_D_ACE won the auction and was revealed [Ah]
UDF1 won the auction and was revealed [2s]
Flop [8d Jh Jd], POCKET_D_ACE (5000), UDF1 (5000)
UDF1 checks
POCKET_D_ACE checks
Turn [8d Jh Jd 4s], POCKET_D_ACE (5000), UDF1 (5000)
UDF1 checks
POCKET_D_ACE checks
River [8d Jh Jd 4s As], POCKET_D_ACE (5000), UDF1 (5000)
UDF1 checks
POCKET_D_ACE checks
POCKET_D_ACE shows [Ad 2s]
UDF1 shows [3s Ah]
POCKET_D_ACE awarded 0
UDF1 awarded 0

Round #899, UDF1 (-299830), POCKET_D_ACE (299830)
UDF1 posts blind: 10
POCKET_D_ACE posts blind: 20
UDF1 received [Ac 4d]
POCKET_D_ACE received [Ad 3h]
UDF1 raises to 5000
POCKET_D_ACE calls
Flop [Kh 9d 2h], UDF1 (5000), POCKET_D_ACE (5000)
POCKET_D_ACE bids 0
UDF1 bids 0
UDF1 won the auction and was revealed [Ad]
POCKET_D_ACE won the auction and was revealed [4d]
Flop [Kh 9d 2h], UDF1 (5000), POCKET_D_ACE (5000)
POCKET_D_ACE checks
UDF1 checks
Turn [Kh 9d 2h 7s], UDF1 (5000), POCKET_D_ACE (5000)
POCKET_D_ACE checks
UDF1 checks
River [Kh 9d 2h 7s Qh], UDF1 (5000), POCKET_D_ACE (5000)
POCKET_D_ACE checks
UDF1 checks
UDF1 shows [Ac 4d]
POCKET_D_ACE shows [Ad 3h]
UDF1 awarded 0
POCKET_D_ACE awarded 0

Round #900, POCKET_D_ACE (299830), UDF1 (-299830)
POCKET_D_ACE posts blind: 10
UDF1 posts blind: 20
POCKET_D_ACE received [Jd Kc]
UDF1 received [Td Qs]
POCKET_D_ACE calls
UDF1 raises to 5000
POCKET_D_ACE calls
Flop [Ah Qh Jc], POCKET_D_ACE (5000), UDF1 (5000)
UDF1 bids 0
POCKET_D_ACE bids 0
POCKET_D_ACE won the auction and was revealed [Qs]
UDF1 won the auction and was revealed [Kc]
Flop [Ah Qh Jc], POCKET_D_ACE (5000), UDF1 (5000)
UDF1 checks
POCKET_D_ACE checks
Turn [Ah Qh Jc 6h], POCKET_D_ACE (5000), UDF1 (5000)
UDF1 checks
POCKET_D_ACE checks
River [Ah Qh Jc 6h Ts], POCKET_D_ACE (5000), UDF1 (5000)
UDF1 checks
POCKET_D_ACE checks
POCKET_D_ACE shows [Jd Kc]
UDF1 shows [Td Qs]
POCKET_D_ACE awarded 5000
UDF1 awarded -5000

Round #901, UDF1 (-304830), POCKET_D_ACE (304830)
UDF1 posts blind: 10
POCKET_D_ACE posts blind: 20
UDF1 received [8d 9s]
POCKET_D_ACE received [9h Kc]
UDF1 raises to 5000
POCKET_D_ACE calls
Flop [7d Jd Ks], UDF1 (5000), POCKET_D_ACE (5000)
POCKET_D_ACE bids 0
UDF1 bids 0
UDF1 won the auction and was revealed [9h]
POCKET_D_ACE won the auction and was revealed [8d]
Flop [7d Jd Ks], UDF1 (5000), POCKET_D_ACE (5000)
POCKET_D_ACE checks
UDF1 checks
Turn [7d Jd Ks 2c], UDF1 (5000), POCKET_D_ACE (5000)
POCKET_D_ACE checks
UDF1 checks
River [7d Jd Ks 2c 4h], UDF1 (5000), POCKET_D_ACE (5000)
POCKET_D_ACE checks
UDF1 checks
UDF1 shows [8d 9s]
POCKET_D_ACE shows [9h Kc]
UDF1 awarded -5000
POCKET_D_ACE awarded 5000

Round #902, POCKET_D_ACE (309830), UDF1 (-309830)
POCKET_D_ACE posts blind: 10
UDF1 posts blind: 20
POCKET_D_ACE received [Ac Jc]
UDF1 received [Td 2s]
POCKET_D_ACE raises to 52
UDF1 raises to 5000
POCKET_D_ACE calls
Flop [Qh Jh 6h], POCKET_D_ACE (5000), UDF1 (5000)
UDF1 bids 0
POCKET_D_ACE bids 0
POCKET_D_ACE won the auction and was revealed [Td]
UDF1 won the auction and was revealed [Jc]
Flop [Qh Jh 6h], POCKET_D_ACE (5000), UDF1 (5000)
UDF1 checks
POCKET_D_ACE checks
Turn [Qh Jh 6h 2d], POCKET_D_ACE (5000), UDF1 (5000)
UDF1 checks
POCKET_D_ACE checks
River [Qh Jh 6h 2d 3d], POCKET_D_ACE (5000), UDF1 (5000)
UDF1 checks
POCKET_D_ACE checks
POCKET_D_ACE shows [Ac Jc]
UDF1 shows [Td 2s]
POCKET_D_ACE awarded 5000
UDF1 awarded -5000

Round #903, UDF1 (-314830), POCKET_D_ACE (314830)
UDF1 posts blind: 10
POCKET_D_ACE posts blind: 20
UDF1 received [6s 3d]
POCKET_D_ACE received [Ts 5c]
UDF1 raises to 5000
POCKET_D_ACE folds
UDF1 awarded 20
POCKET_D_ACE awarded -20

Round #904, POCKET_D_ACE (314810), UDF1 (-314810)
POCKET_D_ACE posts blind: 10
UDF1 posts blind: 20
POCKET_D_ACE received [Ac 4h]
UDF1 received [6d Ad]
POCKET_D_ACE calls
UDF1 raises to 5000
POCKET_D_ACE calls
Flop [Kc 2s Jd], POCKET_D_ACE (5000), UDF1 (5000)
UDF1 bids 0
POCKET_D_ACE bids 0
POCKET_D_ACE won the auction and was revealed [Ad]
UDF1 won the auction and was revealed [4h]
Flop [Kc 2s Jd], POCKET_D_ACE (5000), UDF1 (5000)
UDF1 checks
POCKET_D_ACE checks
Turn [Kc 2s Jd Js], POCKET_D_ACE (5000), UDF1 (5000)
UDF1 checks
POCKET_D_ACE checks
River [Kc 2s Jd Js 6s], POCKET_D_ACE (5000), UDF1 (5000)
UDF1 checks
POCKET_D_ACE checks
POCKET_D_ACE shows [Ac 4h]
UDF1 shows [6d Ad]
POCKET_D_ACE awarded -5000
UDF1 awarded 5000

Round #905, UDF1 (-309810), POCKET_D_ACE (309810)
UDF1 posts blind: 10
POCKET_D_ACE posts blind: 20
UDF1 received [4c 5s]
POCKET_D_ACE received [3c 2h]
UDF1 raises to 5000
POCKET_D_ACE folds
UDF1 awarded 20
POCKET_D_ACE awarded -20

Round #906, POCKET_D_ACE (309790), UDF1 (-309790)
POCKET_D_ACE posts blind: 10
UDF1 posts blind: 20
POCKET_D_ACE received [7h Kd]
UDF1 received [9d 6s]
POCKET_D_ACE calls
UDF1 raises to 5000
POCKET_D_ACE calls
Flop [4d 8d As], POCKET_D_ACE (5000), UDF1 (5000)
UDF1 bids 0
POCKET_D_ACE bids 0
POCKET_D_ACE won the auction and was revealed [6s]
UDF1 won the auction and was revealed [Kd]
Flop [4d 8d As], POCKET_D_ACE (5000), UDF1 (5000)
UDF1 checks
POCKET_D_ACE checks
Turn [4d 8d As 4h], POCKET_D_ACE (5000), UDF1 (5000)
UDF1 checks
POCKET_D_ACE checks
River [4d 8d As 4h Qs], POCKET_D_ACE (5000), UDF1 (5000)
UDF1 checks
POCKET_D_ACE checks
POCKET_D_ACE shows [7h Kd]
UDF1 shows [9d 6s]
POCKET_D_ACE awarded 5000
UDF1 awarded -5000

Round #907, UDF1 (-314790), POCKET_D_ACE (314790)
UDF1 posts blind: 10
POCKET_D_ACE posts blind: 20
UDF1 received [6s 8c]
POCKET_D_ACE received [8s 7s]
UDF1 raises to 5000
POCKET_D_ACE calls
Flop [7c 5h Qc], UDF1 (5000), POCKET_D_ACE (5000)
POCKET_D_ACE bids 0
UDF1 bids 0
UDF1 won the auction and was revealed [7s]
POCKET_D_ACE won the auction and was revealed [6s]
Flop [7c 5h Qc], UDF1 (5000), POCKET_D_ACE (5000)
POCKET_D_ACE checks
UDF1 checks
Turn [7c 5h Qc 9d], UDF1 (5000), POCKET_D_ACE (5000)
POCKET_D_ACE checks
UDF1 checks
River [7c 5h Qc 9d 6c], UDF1 (5000), POCKET_D_ACE (5000)
POCKET_D_ACE checks
UDF1 checks
UDF1 shows [6s 8c]
POCKET_D_ACE shows [8s 7s]
UDF1 awarded 0
POCKET_D_ACE awarded 0

Round #908, POCKET_D_ACE (314790), UDF1 (-314790)
POCKET_D_ACE posts blind: 10
UDF1 posts blind: 20
POCKET_D_ACE received [2h 2s]
UDF1 received [Ts 2d]
POCKET_D_ACE calls
UDF1 raises to 5000
POCKET_D_ACE calls
Flop [8d Jh Qs], POCKET_D_ACE (5000), UDF1 (5000)
UDF1 bids 0
POCKET_D_ACE bids 0
POCKET_D_ACE won the auction and was revealed [Ts]
UDF1 won the auction and was revealed [2h]
Flop [8d Jh Qs], POCKET_D_ACE (5000), UDF1 (5000)
UDF1 checks
POCKET_D_ACE checks
Turn [8d Jh Qs 3s], POCKET_D_ACE (5000), UDF1 (5000)
UDF1 checks
POCKET_D_ACE checks
River [8d Jh Qs 3s 6c], POCKET_D_ACE (5000), UDF1 (5000)
UDF1 checks
POCKET_D_ACE checks
POCKET_D_ACE shows [2h 2s]
UDF1 shows [Ts 2d]
POCKET_D_ACE awarded 5000
UDF1 awarded -5000

Round #909, UDF1 (-319790), POCKET_D_ACE (319790)
UDF1 posts blind: 10
POCKET_D_ACE posts blind: 20
UDF1 received [Qd 9d]
POCKET_D_ACE received [7d 2c]
UDF1 raises to 5000
POCKET_D_ACE folds
UDF1 awarded 20
POCKET_D_ACE awarded -20

Round #910, POCKET_D_ACE (319770), UDF1 (-319770)
POCKET_D_ACE posts blind: 10
UDF1 posts blind: 20
POCKET_D_ACE received [2d 5h]
UDF1 received [6c 2s]
POCKET_D_ACE folds
POCKET_D_ACE awarded -10
UDF1 awarded 10

Round #911, UDF1 (-319760), POCKET_D_ACE (319760)
UDF1 posts blind: 10
POCKET_D_ACE posts blind: 20
UDF1 received [7s Ac]
POCKET_D_ACE received [6d Ts]
UDF1 raises to 5000
POCKET_D_ACE calls
Flop [Kc 8c 4c], UDF1 (5000), POCKET_D_ACE (5000)
POCKET_D_ACE bids 0
UDF1 bids 0
UDF1 won the auction and was revealed [Ts]
POCKET_D_ACE won the auction and was revealed [Ac]
Flop [Kc 8c 4c], UDF1 (5000), POCKET_D_ACE (5000)
POCKET_D_ACE checks
UDF1 checks
Turn [Kc 8c 4c Qs], UDF1 (5000), POCKET_D_ACE (5000)
POCKET_D_ACE checks
UDF1 checks
River [Kc 8c 4c Qs Tc], UDF1 (5000), POCKET_D_ACE (5000)
POCKET_D_ACE checks
UDF1 checks
UDF1 shows [7s Ac]
POCKET_D_ACE shows [6d Ts]
UDF1 awarded 5000
POCKET_D_ACE awarded -5000

Round #912, POCKET_D_ACE (314760), UDF1 (-314760)
POCKET_D_ACE posts blind: 10
UDF1 posts blind: 20
POCKET_D_ACE received [4h Qh]
UDF1 received [Jc 2c]
POCKET_D_ACE calls
UDF1 raises to 5000
POCKET_D_ACE calls
Flop [Ts Ad 3d], POCKET_D_ACE (5000), UDF1 (5000)
UDF1 bids 0
POCKET_D_ACE bids 0
POCKET_D_ACE won the auction and was revealed [Jc]
UDF1 won the auction and was revealed [4h]
Flop [Ts Ad 3d], POCKET_D_ACE (5000), UDF1 (5000)
UDF1 checks
POCKET_D_ACE checks
Turn [Ts Ad 3d 5h], POCKET_D_ACE (5000), UDF1 (5000)
UDF1 checks
POCKET_D_ACE checks
River [Ts Ad 3d 5h 8d], POCKET_D_ACE (5000), UDF1 (5000)
UDF1 checks
POCKET_D_ACE checks
POCKET_D_ACE shows [4h Qh]
UDF1 shows [Jc 2c]
POCKET_D_ACE awarded 5000
UDF1 awarded -5000

Round #913, UDF1 (-319760), POCKET_D_ACE (319760)
UDF1 posts blind: 10
POCKET_D_ACE posts blind: 20
UDF1 received [Kh Qh]
POCKET_D_ACE received [Qs 2c]
UDF1 raises to 5000
POCKET_D_ACE folds
UDF1 awarded 20
POCKET_D_ACE awarded -20

Round #914, POCKET_D_ACE (319740), UDF1 (-319740)
POCKET_D_ACE posts blind: 10
UDF1 posts blind: 20
POCKET_D_ACE received [5s Kc]
UDF1 received [3s Js]
POCKET_D_ACE calls
UDF1 raises to 5000
POCKET_D_ACE calls
Flop [4c 6s 3h], POCKET_D_ACE (5000), UDF1 (5000)
UDF1 bids 0
POCKET_D_ACE bids 0
POCKET_D_ACE won the auction and was revealed [Js]
UDF1 won the auction and was revealed [5s]
Flop [4c 6s 3h], POCKET_D_ACE (5000), UDF1 (5000)
UDF1 checks
POCKET_D_ACE checks
Turn [4c 6s 3h 8d], POCKET_D_ACE (5000), UDF1 (5000)
UDF1 checks
POCKET_D_ACE checks
River [4c 6s 3h 8d 2d], POCKET_D_ACE (5000), UDF1 (5000)
UDF1 checks
POCKET_D_ACE checks
POCKET_D_ACE shows [5s Kc]
UDF1 shows [3s Js]
POCKET_D_ACE awarded 5000
UDF1 awarded -5000

Round #915, UDF1 (-324740), POCKET_D_ACE (324740)
UDF1 posts blind: 10
POCKET_D_ACE posts blind: 20
UDF1 received [4s 5h]
POCKET_D_ACE received [Td Ac]
UDF1 raises to 5000
POCKET_D_ACE calls
Flop [6s Ks 9d], UDF1 (5000), POCKET_D_ACE (5000)
POCKET_D_ACE bids 0
UDF1 bids 0
UDF1 won the auction and was revealed [Td]
POCKET_D_ACE won the auction and was revealed [5h]
Flop [6s Ks 9d], UDF1 (5000), POCKET_D_ACE (5000)
POCKET_D_ACE checks
UDF1 checks
Turn [6s Ks 9d 2d], UDF1 (5000), POCKET_D_ACE (5000)
POCKET_D_ACE checks
UDF1 checks
River [6s Ks 9d 2d Kd], UDF1 (5000), POCKET_D_ACE (5000)
POCKET_D_ACE checks
UDF1 checks
UDF1 shows [4s 5h]
POCKET_D_ACE shows [Td Ac]
UDF1 awarded -5000
POCKET_D_ACE awarded 5000

Round #916, POCKET_D_ACE (329740), UDF1 (-329740)
POCKET_D_ACE posts blind: 10
UDF1 posts blind: 20
POCKET_D_ACE received [7d Qs]
UDF1 received [Kd 6c]
POCKET_D_ACE calls
UDF1 raises to 5000
POCKET_D_ACE calls
Flop [Jd 8h 2s], POCKET_D_ACE (5000), UDF1 (5000)
UDF1 bids 0
POCKET_D_ACE bids 0
POCKET_D_ACE won the auction and was revealed [Kd]
UDF1 won the auction and was revealed [7d]
Flop [Jd 8h 2s], POCKET_D_ACE (5000), UDF1 (5000)
UDF1 checks
POCKET_D_ACE checks
Turn [Jd 8h 2s 4s], POCKET_D_ACE (5000), UDF1 (5000)
UDF1 checks
POCKET_D_ACE checks
River [Jd 8h 2s 4s Ah], POCKET_D_ACE (5000), UDF1 (5000)
UDF1 checks
POCKET_D_ACE checks
POCKET_D_ACE shows [7d Qs]
UDF1 shows [Kd 6c]
POCKET_D_ACE awarded -5000
UDF1 awarded 5000

Round #917, UDF1 (-324740), POCKET_D_ACE (324740)
UDF1 posts blind: 10
POCKET_D_ACE posts blind: 20
UDF1 received [Qh Jh]
POCKET_D_ACE received [2h 3d]
UDF1 raises to 5000
POCKET_D_ACE folds
UDF1 awarded 20
POCKET_D_ACE awarded -20

Round #918, POCKET_D_ACE (324720), UDF1 (-324720)
POCKET_D_ACE posts blind: 10
UDF1 posts blind: 20
POCKET_D_ACE received [Kc 3c]
UDF1 received [8s Kd]
POCKET_D_ACE calls
UDF1 raises to 5000
POCKET_D_ACE calls
Flop [Ts Ac 8c], POCKET_D_ACE (5000), UDF1 (5000)
UDF1 bids 0
POCKET_D_ACE bids 0
POCKET_D_ACE won the auction and was revealed [Kd]
UDF1 won the auction and was revealed [3c]
Flop [Ts Ac 8c], POCKET_D_ACE (5000), UDF1 (5000)
UDF1 checks
POCKET_D_ACE checks
Turn [Ts Ac 8c 7d], POCKET_D_ACE (5000), UDF1 (5000)
UDF1 checks
POCKET_D_ACE checks
River [Ts Ac 8c 7d Ah], POCKET_D_ACE (5000), UDF1 (5000)
UDF1 checks
POCKET_D_ACE checks
POCKET_D_ACE shows [Kc 3c]
UDF1 shows [8s Kd]
POCKET_D_ACE awarded -5000
UDF1 awarded 5000

Round #919, UDF1 (-319720), POCKET_D_ACE (319720)
UDF1 posts blind: 10
POCKET_D_ACE posts blind: 20
UDF1 received [5h 7s]
POCKET_D_ACE received [Kd 9h]
UDF1 raises to 5000
POCKET_D_ACE calls
Flop [Jc Kc 7c], UDF1 (5000), POCKET_D_ACE (5000)
POCKET_D_ACE bids 0
UDF1 bids 0
UDF1 won the auction and was revealed [9h]
POCKET_D_ACE won the auction and was revealed [5h]
Flop [Jc Kc 7c], UDF1 (5000), POCKET_D_ACE (5000)
POCKET_D_ACE checks
UDF1 checks
Turn [Jc Kc 7c Td], UDF1 (5000), POCKET_D_ACE (5000)
POCKET_D_ACE checks
UDF1 checks
River [Jc Kc 7c Td Ts], UDF1 (5000), POCKET_D_ACE (5000)
POCKET_D_ACE checks
UDF1 checks
UDF1 shows [5h 7s]
POCKET_D_ACE shows [Kd 9h]
UDF1 awarded -5000
POCKET_D_ACE awarded 5000

Round #920, POCKET_D_ACE (324720), UDF1 (-324720)
POCKET_D_ACE posts blind: 10
UDF1 posts blind: 20
POCKET_D_ACE received [Js 4h]
UDF1 received [Ad 9s]
POCKET_D_ACE calls
UDF1 raises to 5000
POCKET_D_ACE folds
POCKET_D_ACE awarded -20
UDF1 awarded 20

Round #921, UDF1 (-324700), POCKET_D_ACE (324700)
UDF1 posts blind: 10
POCKET_D_ACE posts blind: 20
UDF1 received [7h Js]
POCKET_D_ACE received [Kd 2c]
UDF1 raises to 5000
POCKET_D_ACE folds
UDF1 awarded 20
POCKET_D_ACE awarded -20

Round #922, POCKET_D_ACE (324680), UDF1 (-324680)
POCKET_D_ACE posts blind: 10
UDF1 posts blind: 20
POCKET_D_ACE received [8d Js]
UDF1 received [Ts 7c]
POCKET_D_ACE calls
UDF1 raises to 5000
POCKET_D_ACE calls
Flop [Qh 6s 5c], POCKET_D_ACE (5000), UDF1 (5000)
UDF1 bids 0
POCKET_D_ACE bids 0
POCKET_D_ACE won the auction and was revealed [7c]
UDF1 won the auction and was revealed [8d]
Flop [Qh 6s 5c], POCKET_D_ACE (5000), UDF1 (5000)
UDF1 checks
POCKET_D_ACE checks
Turn [Qh 6s 5c 4d], POCKET_D_ACE (5000), UDF1 (5000)
UDF1 checks
POCKET_D_ACE checks
River [Qh 6s 5c 4d Kc], POCKET_D_ACE (5000), UDF1 (5000)
UDF1 checks
POCKET_D_ACE checks
POCKET_D_ACE shows [8d Js]
UDF1 shows [Ts 7c]
POCKET_D_ACE awarded 5000
UDF1 awarded -5000

Round #923, UDF1 (-329680), POCKET_D_ACE (329680)
UDF1 posts blind: 10
POCKET_D_ACE posts blind: 20
UDF1 received [Th 8d]
POCKET_D_ACE received [7d Ad]
UDF1 raises to 5000
POCKET_D_ACE calls
Flop [Ah 2c 3s], UDF1 (5000), POCKET_D_ACE (5000)
POCKET_D_ACE bids 0
UDF1 bids 0
UDF1 won the auction and was revealed [7d]
POCKET_D_ACE won the auction and was revealed [Th]
Flop [Ah 2c 3s], UDF1 (5000), POCKET_D_ACE (5000)
POCKET_D_ACE checks
UDF1 checks
Turn [Ah 2c 3s 6d], UDF1 (5000), POCKET_D_ACE (5000)
POCKET_D_ACE checks
UDF1 checks
River [Ah 2c 3s 6d Qc], UDF1 (5000), POCKET_D_ACE (5000)
POCKET_D_ACE checks
UDF1 checks
UDF1 shows [Th 8d]
POCKET_D_ACE shows [7d Ad]
UDF1 awarded -5000
POCKET_D_ACE awarded 5000

Round #924, POCKET_D_ACE (334680), UDF1 (-334680)
POCKET_D_ACE posts blind: 10
UDF1 posts blind: 20
POCKET_D_ACE received [As 3c]
UDF1 received [Jc 4c]
POCKET_D_ACE calls
UDF1 raises to 5000
POCKET_D_ACE calls
Flop [7h Js 8c], POCKET_D_ACE (5000), UDF1 (5000)
UDF1 bids 0
POCKET_D_ACE bids 0
POCKET_D_ACE won the auction and was revealed [Jc]
UDF1 won the auction and was revealed [As]
Flop [7h Js 8c], POCKET_D_ACE (5000), UDF1 (5000)
UDF1 checks
POCKET_D_ACE checks
Turn [7h Js 8c 8s], POCKET_D_ACE (5000), UDF1 (5000)
UDF1 checks
POCKET_D_ACE checks
River [7h Js 8c 8s 5d], POCKET_D_ACE (5000), UDF1 (5000)
UDF1 checks
POCKET_D_ACE checks
POCKET_D_ACE shows [As 3c]
UDF1 shows [Jc 4c]
POCKET_D_ACE awarded -5000
UDF1 awarded 5000

Round #925, UDF1 (-329680), POCKET_D_ACE (329680)
UDF1 posts blind: 10
POCKET_D_ACE posts blind: 20
UDF1 received [8c Qd]
POCKET_D_ACE received [5h 4s]
UDF1 raises to 5000
POCKET_D_ACE folds
UDF1 awarded 20
POCKET_D_ACE awarded -20

Round #926, POCKET_D_ACE (329660), UDF1 (-329660)
POCKET_D_ACE posts blind: 10
UDF1 posts blind: 20
POCKET_D_ACE received [2c Jh]
UDF1 received [5d Td]
POCKET_D_ACE calls
UDF1 raises to 5000
POCKET_D_ACE folds
POCKET_D_ACE awarded -20
UDF1 awarded 20

Round #927, UDF1 (-329640), POCKET_D_ACE (329640)
UDF1 posts blind: 10
POCKET_D_ACE posts blind: 20
UDF1 received [6h 2c]
POCKET_D_ACE received [Th 3c]
UDF1 raises to 5000
POCKET_D_ACE folds
UDF1 awarded 20
POCKET_D_ACE awarded -20

Round #928, POCKET_D_ACE (329620), UDF1 (-329620)
POCKET_D_ACE posts blind: 10
UDF1 posts blind: 20
POCKET_D_ACE received [7c Jc]
UDF1 received [Qh 6h]
POCKET_D_ACE calls
UDF1 raises to 5000
POCKET_D_ACE calls
Flop [9c 2c 3h], POCKET_D_ACE (5000), UDF1 (5000)
UDF1 bids 0
POCKET_D_ACE bids 0
POCKET_D_ACE won the auction and was revealed [6h]
UDF1 won the auction and was revealed [Jc]
Flop [9c 2c 3h], POCKET_D_ACE (5000), UDF1 (5000)
UDF1 checks
POCKET_D_ACE checks
Turn [9c 2c 3h Kh], POCKET_D_ACE (5000), UDF1 (5000)
UDF1 checks
POCKET_D_ACE checks
River [9c 2c 3h Kh 7h], POCKET_D_ACE (5000), UDF1 (5000)
UDF1 checks
POCKET_D_ACE checks
POCKET_D_ACE shows [7c Jc]
UDF1 shows [Qh 6h]
POCKET_D_ACE awarded -5000
UDF1 awarded 5000

Round #929, UDF1 (-324620), POCKET_D_ACE (324620)
UDF1 posts blind: 10
POCKET_D_ACE posts blind: 20
UDF1 received [Jd 5d]
POCKET_D_ACE received [Th 6s]
UDF1 raises to 5000
POCKET_D_ACE calls
Flop [Ad Js 8d], UDF1 (5000), POCKET_D_ACE (5000)
POCKET_D_ACE bids 0
UDF1 bids 0
UDF1 won the auction and was revealed [6s]
POCKET_D_ACE won the auction and was revealed [Jd]
Flop [Ad Js 8d], UDF1 (5000), POCKET_D_ACE (5000)
POCKET_D_ACE checks
UDF1 checks
Turn [Ad Js 8d 8s], UDF1 (5000), POCKET_D_ACE (5000)
POCKET_D_ACE checks
UDF1 checks
River [Ad Js 8d 8s 7d], UDF1 (5000), POCKET_D_ACE (5000)
POCKET_D_ACE checks
UDF1 checks
UDF1 shows [Jd 5d]
POCKET_D_ACE shows [Th 6s]
UDF1 awarded 5000
POCKET_D_ACE awarded -5000

Round #930, POCKET_D_ACE (319620), UDF1 (-319620)
POCKET_D_ACE posts blind: 10
UDF1 posts blind: 20
POCKET_D_ACE received [3c Qd]
UDF1 received [6c Jd]
POCKET_D_ACE calls
UDF1 raises to 5000
POCKET_D_ACE folds
POCKET_D_ACE awarded -20
UDF1 awarded 20

Round #931, UDF1 (-319600), POCKET_D_ACE (319600)
UDF1 posts blind: 10
POCKET_D_ACE posts blind: 20
UDF1 received [Qd 2s]
POCKET_D_ACE received [8h 9s]
UDF1 raises to 5000
POCKET_D_ACE calls
Flop [2d 5d Jd], UDF1 (5000), POCKET_D_ACE (5000)
POCKET_D_ACE bids 0
UDF1 bids 0
UDF1 won the auction and was revealed [9s]
POCKET_D_ACE won the auction and was revealed [Qd]
Flop [2d 5d Jd], UDF1 (5000), POCKET_D_ACE (5000)
POCKET_D_ACE checks
UDF1 checks
Turn [2d 5d Jd Ts], UDF1 (5000), POCKET_D_ACE (5000)
POCKET_D_ACE checks
UDF1 checks
River [2d 5d Jd Ts Qc], UDF1 (5000), POCKET_D_ACE (5000)
POCKET_D_ACE checks
UDF1 checks
UDF1 shows [Qd 2s]
POCKET_D_ACE shows [8h 9s]
UDF1 awarded -5000
POCKET_D_ACE awarded 5000

Round #932, POCKET_D_ACE (324600), UDF1 (-324600)
POCKET_D_ACE posts blind: 10
UDF1 posts blind: 20
POCKET_D_ACE received [Jd 8d]
UDF1 received [5d Kc]
POCKET_D_ACE calls
UDF1 raises to 5000
POCKET_D_ACE calls
Flop [5s Tc 6c], POCKET_D_ACE (5000), UDF1 (5000)
UDF1 bids 0
POCKET_D_ACE bids 0
POCKET_D_ACE won the auction and was revealed [Kc]
UDF1 won the auction and was revealed [8d]
Flop [5s Tc 6c], POCKET_D_ACE (5000), UDF1 (5000)
UDF1 checks
POCKET_D_ACE checks
Turn [5s Tc 6c 4d], POCKET_D_ACE (5000), UDF1 (5000)
UDF1 checks
POCKET_D_ACE checks
River [5s Tc 6c 4d 2h], POCKET_D_ACE (5000), UDF1 (5000)
UDF1 checks
POCKET_D_ACE checks
POCKET_D_ACE shows [Jd 8d]
UDF1 shows [5d Kc]
POCKET_D_ACE awarded -5000
UDF1 awarded 5000

Round #933, UDF1 (-319600), POCKET_D_ACE (319600)
UDF1 posts blind: 10
POCKET_D_ACE posts blind: 20
UDF1 received [Jc Kd]
POCKET_D_ACE received [Qc Jh]
UDF1 raises to 5000
POCKET_D_ACE calls
Flop [3h 8d Ts], UDF1 (5000), POCKET_D_ACE (5000)
POCKET_D_ACE bids 0
UDF1 bids 0
UDF1 won the auction and was revealed [Jh]
POCKET_D_ACE won the auction and was revealed [Jc]
Flop [3h 8d Ts], UDF1 (5000), POCKET_D_ACE (5000)
POCKET_D_ACE checks
UDF1 checks
Turn [3h 8d Ts 9h], UDF1 (5000), POCKET_D_ACE (5000)
POCKET_D_ACE checks
UDF1 checks
River [3h 8d Ts 9h 3s], UDF1 (5000), POCKET_D_ACE (5000)
POCKET_D_ACE checks
UDF1 checks
UDF1 shows [Jc Kd]
POCKET_D_ACE shows [Qc Jh]
UDF1 awarded -5000
POCKET_D_ACE awarded 5000

Round #934, POCKET_D_ACE (324600), UDF1 (-324600)
POCKET_D_ACE posts blind: 10
UDF1 posts blind: 20
POCKET_D_ACE received [2h Qh]
UDF1 received [4d 3d]
POCKET_D_ACE calls
UDF1 raises to 5000
POCKET_D_ACE calls
Flop [Ad 9c 8c], POCKET_D_ACE (5000), UDF1 (5000)
UDF1 bids 0
POCKET_D_ACE bids 0
POCKET_D_ACE won the auction and was revealed [3d]
UDF1 won the auction and was revealed [2h]
Flop [Ad 9c 8c], POCKET_D_ACE (5000), UDF1 (5000)
UDF1 checks
POCKET_D_ACE checks
Turn [Ad 9c 8c Td], POCKET_D_ACE (5000), UDF1 (5000)
UDF1 checks
POCKET_D_ACE checks
River [Ad 9c 8c Td 9d], POCKET_D_ACE (5000), UDF1 (5000)
UDF1 checks
POCKET_D_ACE checks
POCKET_D_ACE shows [2h Qh]
UDF1 shows [4d 3d]
POCKET_D_ACE awarded -5000
UDF1 awarded 5000

Round #935, UDF1 (-319600), POCKET_D_ACE (319600)
UDF1 posts blind: 10
POCKET_D_ACE posts blind: 20
UDF1 received [4h Ac]
POCKET_D_ACE received [Qd 5d]
UDF1 raises to 5000
POCKET_D_ACE calls
Flop [Qs 3c Kh], UDF1 (5000), POCKET_D_ACE (5000)
POCKET_D_ACE bids 0
UDF1 bids 0
UDF1 won the auction and was revealed [5d]
POCKET_D_ACE won the auction and was revealed [4h]
Flop [Qs 3c Kh], UDF1 (5000), POCKET_D_ACE (5000)
POCKET_D_ACE checks
UDF1 checks
Turn [Qs 3c Kh 6d], UDF1 (5000), POCKET_D_ACE (5000)
POCKET_D_ACE checks
UDF1 checks
River [Qs 3c Kh 6d 2c], UDF1 (5000), POCKET_D_ACE (5000)
POCKET_D_ACE checks
UDF1 checks
UDF1 shows [4h Ac]
POCKET_D_ACE shows [Qd 5d]
UDF1 awarded -5000
POCKET_D_ACE awarded 5000

Round #936, POCKET_D_ACE (324600), UDF1 (-324600)
POCKET_D_ACE posts blind: 10
UDF1 posts blind: 20
POCKET_D_ACE received [Jd Ad]
UDF1 received [3c Qd]
POCKET_D_ACE raises to 52
UDF1 raises to 5000
POCKET_D_ACE calls
Flop [2h 6d 5h], POCKET_D_ACE (5000), UDF1 (5000)
UDF1 bids 0
POCKET_D_ACE bids 0
POCKET_D_ACE won the auction and was revealed [Qd]
UDF1 won the auction and was revealed [Jd]
Flop [2h 6d 5h], POCKET_D_ACE (5000), UDF1 (5000)
UDF1 checks
POCKET_D_ACE checks
Turn [2h 6d 5h Qh], POCKET_D_ACE (5000), UDF1 (5000)
UDF1 checks
POCKET_D_ACE checks
River [2h 6d 5h Qh Tc], POCKET_D_ACE (5000), UDF1 (5000)
UDF1 checks
POCKET_D_ACE checks
POCKET_D_ACE shows [Jd Ad]
UDF1 shows [3c Qd]
POCKET_D_ACE awarded -5000
UDF1 awarded 5000

Round #937, UDF1 (-319600), POCKET_D_ACE (319600)
UDF1 posts blind: 10
POCKET_D_ACE posts blind: 20
UDF1 received [7s 8d]
POCKET_D_ACE received [5d Js]
UDF1 raises to 5000
POCKET_D_ACE calls
Flop [4c 7h 9h], UDF1 (5000), POCKET_D_ACE (5000)
POCKET_D_ACE bids 0
UDF1 bids 0
UDF1 won the auction and was revealed [5d]
POCKET_D_ACE won the auction and was revealed [7s]
Flop [4c 7h 9h], UDF1 (5000), POCKET_D_ACE (5000)
POCKET_D_ACE checks
UDF1 checks
Turn [4c 7h 9h 4h], UDF1 (5000), POCKET_D_ACE (5000)
POCKET_D_ACE checks
UDF1 checks
River [4c 7h 9h 4h 6h], UDF1 (5000), POCKET_D_ACE (5000)
POCKET_D_ACE checks
UDF1 checks
UDF1 shows [7s 8d]
POCKET_D_ACE shows [5d Js]
UDF1 awarded 5000
POCKET_D_ACE awarded -5000

Round #938, POCKET_D_ACE (314600), UDF1 (-314600)
POCKET_D_ACE posts blind: 10
UDF1 posts blind: 20
POCKET_D_ACE received [Qs Kd]
UDF1 received [7c Th]
POCKET_D_ACE calls
UDF1 raises to 5000
POCKET_D_ACE calls
Flop [Ac Td 6c], POCKET_D_ACE (5000), UDF1 (5000)
UDF1 bids 0
POCKET_D_ACE bids 0
POCKET_D_ACE won the auction and was revealed [Th]
UDF1 won the auction and was revealed [Kd]
Flop [Ac Td 6c], POCKET_D_ACE (5000), UDF1 (5000)
UDF1 checks
POCKET_D_ACE checks
Turn [Ac Td 6c 9d], POCKET_D_ACE (5000), UDF1 (5000)
UDF1 checks
POCKET_D_ACE checks
River [Ac Td 6c 9d 2h], POCKET_D_ACE (5000), UDF1 (5000)
UDF1 checks
POCKET_D_ACE checks
POCKET_D_ACE shows [Qs Kd]
UDF1 shows [7c Th]
POCKET_D_ACE awarded -5000
UDF1 awarded 5000

Round #939, UDF1 (-309600), POCKET_D_ACE (309600)
UDF1 posts blind: 10
POCKET_D_ACE posts blind: 20
UDF1 received [5s 5d]
POCKET_D_ACE received [6h 6d]
UDF1 raises to 5000
POCKET_D_ACE calls
Flop [7h 8s Qh], UDF1 (5000), POCKET_D_ACE (5000)
POCKET_D_ACE bids 0
UDF1 bids 0
UDF1 won the auction and was revealed [6d]
POCKET_D_ACE won the auction and was revealed [5d]
Flop [7h 8s Qh], UDF1 (5000), POCKET_D_ACE (5000)
POCKET_D_ACE checks
UDF1 checks
Turn [7h 8s Qh 9h], UDF1 (5000), POCKET_D_ACE (5000)
POCKET_D_ACE checks
UDF1 checks
River [7h 8s Qh 9h Td], UDF1 (5000), POCKET_D_ACE (5000)
POCKET_D_ACE checks
UDF1 checks
UDF1 shows [5s 5d]
POCKET_D_ACE shows [6h 6d]
UDF1 awarded -5000
POCKET_D_ACE awarded 5000

Round #940, POCKET_D_ACE (314600), UDF1 (-314600)
POCKET_D_ACE posts blind: 10
UDF1 posts blind: 20
POCKET_D_ACE received [As 2c]
UDF1 received [Kd 7c]
POCKET_D_ACE calls
UDF1 raises to 5000
POCKET_D_ACE calls
Flop [Ts 5c 6h], POCKET_D_ACE (5000), UDF1 (5000)
UDF1 bids 0
POCKET_D_ACE bids 0
POCKET_D_ACE won the auction and was revealed [Kd]
UDF1 won the auction and was revealed [2c]
Flop [Ts 5c 6h], POCKET_D_ACE (5000), UDF1 (5000)
UDF1 checks
POCKET_D_ACE checks
Turn [Ts 5c 6h Qd], POCKET_D_ACE (5000), UDF1 (5000)
UDF1 checks
POCKET_D_ACE checks
River [Ts 5c 6h Qd 2d], POCKET_D_ACE (5000), UDF1 (5000)
UDF1 checks
POCKET_D_ACE checks
POCKET_D_ACE shows [As 2c]
UDF1 shows [Kd 7c]
POCKET_D_ACE awarded 5000
UDF1 awarded -5000

Round #941, UDF1 (-319600), POCKET_D_ACE (319600)
UDF1 posts blind: 10
POCKET_D_ACE posts blind: 20
UDF1 received [Jc 7d]
POCKET_D_ACE received [7s 2c]
UDF1 raises to 5000
POCKET_D_ACE folds
UDF1 awarded 20
POCKET_D_ACE awarded -20

Round #942, POCKET_D_ACE (319580), UDF1 (-319580)
POCKET_D_ACE posts blind: 10
UDF1 posts blind: 20
POCKET_D_ACE received [2c Jd]
UDF1 received [7h 8s]
POCKET_D_ACE calls
UDF1 raises to 5000
POCKET_D_ACE folds
POCKET_D_ACE awarded -20
UDF1 awarded 20

Round #943, UDF1 (-319560), POCKET_D_ACE (319560)
UDF1 posts blind: 10
POCKET_D_ACE posts blind: 20
UDF1 received [7c Ah]
POCKET_D_ACE received [9s 6d]
UDF1 raises to 5000
POCKET_D_ACE calls
Flop [As 5h Qc], UDF1 (5000), POCKET_D_ACE (5000)
POCKET_D_ACE bids 0
UDF1 bids 0
UDF1 won the auction and was revealed [9s]
POCKET_D_ACE won the auction and was revealed [Ah]
Flop [As 5h Qc], UDF1 (5000), POCKET_D_ACE (5000)
POCKET_D_ACE checks
UDF1 checks
Turn [As 5h Qc Kc], UDF1 (5000), POCKET_D_ACE (5000)
POCKET_D_ACE checks
UDF1 checks
River [As 5h Qc Kc Qs], UDF1 (5000), POCKET_D_ACE (5000)
POCKET_D_ACE checks
UDF1 checks
UDF1 shows [7c Ah]
POCKET_D_ACE shows [9s 6d]
UDF1 awarded 5000
POCKET_D_ACE awarded -5000

Round #944, POCKET_D_ACE (314560), UDF1 (-314560)
POCKET_D_ACE posts blind: 10
UDF1 posts blind: 20
POCKET_D_ACE received [9h 3s]
UDF1 received [6h 7s]
POCKET_D_ACE calls
UDF1 raises to 5000
POCKET_D_ACE folds
POCKET_D_ACE awarded -20
UDF1 awarded 20

Round #945, UDF1 (-314540), POCKET_D_ACE (314540)
UDF1 posts blind: 10
POCKET_D_ACE posts blind: 20
UDF1 received [Qd 7s]
POCKET_D_ACE received [Ac 8d]
UDF1 raises to 5000
POCKET_D_ACE calls
Flop [Jc Ks Qs], UDF1 (5000), POCKET_D_ACE (5000)
POCKET_D_ACE bids 0
UDF1 bids 0
UDF1 won the auction and was revealed [Ac]
POCKET_D_ACE won the auction and was revealed [7s]
Flop [Jc Ks Qs], UDF1 (5000), POCKET_D_ACE (5000)
POCKET_D_ACE checks
UDF1 checks
Turn [Jc Ks Qs 4h], UDF1 (5000), POCKET_D_ACE (5000)
POCKET_D_ACE checks
UDF1 checks
River [Jc Ks Qs 4h 7h], UDF1 (5000), POCKET_D_ACE (5000)
POCKET_D_ACE checks
UDF1 checks
UDF1 shows [Qd 7s]
POCKET_D_ACE shows [Ac 8d]
UDF1 awarded 5000
POCKET_D_ACE awarded -5000

Round #946, POCKET_D_ACE (309540), UDF1 (-309540)
POCKET_D_ACE posts blind: 10
UDF1 posts blind: 20
POCKET_D_ACE received [Ks Ts]
UDF1 received [7s As]
POCKET_D_ACE calls
UDF1 raises to 5000
POCKET_D_ACE calls
Flop [7h 2h 2d], POCKET_D_ACE (5000), UDF1 (5000)
UDF1 bids 0
POCKET_D_ACE bids 0
POCKET_D_ACE won the auction and was revealed [As]
UDF1 won the auction and was revealed [Ks]
Flop [7h 2h 2d], POCKET_D_ACE (5000), UDF1 (5000)
UDF1 checks
POCKET_D_ACE checks
Turn [7h 2h 2d 8s], POCKET_D_ACE (5000), UDF1 (5000)
UDF1 checks
POCKET_D_ACE checks
River [7h 2h 2d 8s 5c], POCKET_D_ACE (5000), UDF1 (5000)
UDF1 checks
POCKET_D_ACE checks
POCKET_D_ACE shows [Ks Ts]
UDF1 shows [7s As]
POCKET_D_ACE awarded -5000
UDF1 awarded 5000

Round #947, UDF1 (-304540), POCKET_D_ACE (304540)
UDF1 posts blind: 10
POCKET_D_ACE posts blind: 20
UDF1 received [4s 7d]
POCKET_D_ACE received [3h 4h]
UDF1 raises to 5000
POCKET_D_ACE folds
UDF1 awarded 20
POCKET_D_ACE awarded -20

Round #948, POCKET_D_ACE (304520), UDF1 (-304520)
POCKET_D_ACE posts blind: 10
UDF1 posts blind: 20
POCKET_D_ACE received [2c 4c]
UDF1 received [3c 8h]
POCKET_D_ACE calls
UDF1 raises to 5000
POCKET_D_ACE folds
POCKET_D_ACE awarded -20
UDF1 awarded 20

Round #949, UDF1 (-304500), POCKET_D_ACE (304500)
UDF1 posts blind: 10
POCKET_D_ACE posts blind: 20
UDF1 received [Ah 4h]
POCKET_D_ACE received [Qh 4c]
UDF1 raises to 5000
POCKET_D_ACE calls
Flop [Ac Qs 5h], UDF1 (5000), POCKET_D_ACE (5000)
POCKET_D_ACE bids 0
UDF1 bids 0
UDF1 won the auction and was revealed [4c]
POCKET_D_ACE won the auction and was revealed [Ah]
Flop [Ac Qs 5h], UDF1 (5000), POCKET_D_ACE (5000)
POCKET_D_ACE checks
UDF1 checks
Turn [Ac Qs 5h 9h], UDF1 (5000), POCKET_D_ACE (5000)
POCKET_D_ACE checks
UDF1 checks
River [Ac Qs 5h 9h 4d], UDF1 (5000), POCKET_D_ACE (5000)
POCKET_D_ACE checks
UDF1 checks
UDF1 shows [Ah 4h]
POCKET_D_ACE shows [Qh 4c]
UDF1 awarded 5000
POCKET_D_ACE awarded -5000

Round #950, POCKET_D_ACE (299500), UDF1 (-299500)
POCKET_D_ACE posts blind: 10
UDF1 posts blind: 20
POCKET_D_ACE received [Ks 3s]
UDF1 received [9c Qd]
POCKET_D_ACE calls
UDF1 raises to 5000
POCKET_D_ACE calls
Flop [7c Ts Tc], POCKET_D_ACE (5000), UDF1 (5000)
UDF1 bids 0
POCKET_D_ACE bids 0
POCKET_D_ACE won the auction and was revealed [9c]
UDF1 won the auction and was revealed [3s]
Flop [7c Ts Tc], POCKET_D_ACE (5000), UDF1 (5000)
UDF1 checks
POCKET_D_ACE checks
Turn [7c Ts Tc 6h], POCKET_D_ACE (5000), UDF1 (5000)
UDF1 checks
POCKET_D_ACE checks
River [7c Ts Tc 6h 9s], POCKET_D_ACE (5000), UDF1 (5000)
UDF1 checks
POCKET_D_ACE checks
POCKET_D_ACE shows [Ks 3s]
UDF1 shows [9c Qd]
POCKET_D_ACE awarded -5000
UDF1 awarded 5000

Round #951, UDF1 (-294500), POCKET_D_ACE (294500)
UDF1 posts blind: 10
POCKET_D_ACE posts blind: 20
UDF1 received [Kh 9h]
POCKET_D_ACE received [4s 7s]
UDF1 raises to 5000
POCKET_D_ACE calls
Flop [8s Ac Kd], UDF1 (5000), POCKET_D_ACE (5000)
POCKET_D_ACE bids 0
UDF1 bids 0
UDF1 won the auction and was revealed [7s]
POCKET_D_ACE won the auction and was revealed [9h]
Flop [8s Ac Kd], UDF1 (5000), POCKET_D_ACE (5000)
POCKET_D_ACE checks
UDF1 checks
Turn [8s Ac Kd Ah], UDF1 (5000), POCKET_D_ACE (5000)
POCKET_D_ACE checks
UDF1 checks
River [8s Ac Kd Ah Jd], UDF1 (5000), POCKET_D_ACE (5000)
POCKET_D_ACE checks
UDF1 checks
UDF1 shows [Kh 9h]
POCKET_D_ACE shows [4s 7s]
UDF1 awarded 5000
POCKET_D_ACE awarded -5000

Round #952, POCKET_D_ACE (289500), UDF1 (-289500)
POCKET_D_ACE posts blind: 10
UDF1 posts blind: 20
POCKET_D_ACE received [4h 9h]
UDF1 received [Tc Ah]
POCKET_D_ACE calls
UDF1 raises to 5000
POCKET_D_ACE calls
Flop [4s 7d 5d], POCKET_D_ACE (5000), UDF1 (5000)
UDF1 bids 0
POCKET_D_ACE bids 0
POCKET_D_ACE won the auction and was revealed [Tc]
UDF1 won the auction and was revealed [4h]
Flop [4s 7d 5d], POCKET_D_ACE (5000), UDF1 (5000)
UDF1 checks
POCKET_D_ACE checks
Turn [4s 7d 5d 3d], POCKET_D_ACE (5000), UDF1 (5000)
UDF1 checks
POCKET_D_ACE checks
River [4s 7d 5d 3d 4d], POCKET_D_ACE (5000), UDF1 (5000)
UDF1 checks
POCKET_D_ACE checks
POCKET_D_ACE shows [4h 9h]
UDF1 shows [Tc Ah]
POCKET_D_ACE awarded 5000
UDF1 awarded -5000

Round #953, UDF1 (-294500), POCKET_D_ACE (294500)
UDF1 posts blind: 10
POCKET_D_ACE posts blind: 20
UDF1 received [Ks Ac]
POCKET_D_ACE received [3s 5d]
UDF1 raises to 5000
POCKET_D_ACE folds
UDF1 awarded 20
POCKET_D_ACE awarded -20

Round #954, POCKET_D_ACE (294480), UDF1 (-294480)
POCKET_D_ACE posts blind: 10
UDF1 posts blind: 20
POCKET_D_ACE received [Kc 7c]
UDF1 received [5c 8c]
POCKET_D_ACE calls
UDF1 raises to 5000
POCKET_D_ACE calls
Flop [5h 9h Ts], POCKET_D_ACE (5000), UDF1 (5000)
UDF1 bids 0
POCKET_D_ACE bids 0
POCKET_D_ACE won the auction and was revealed [5c]
UDF1 won the auction and was revealed [7c]
Flop [5h 9h Ts], POCKET_D_ACE (5000), UDF1 (5000)
UDF1 checks
POCKET_D_ACE checks
Turn [5h 9h Ts 2d], POCKET_D_ACE (5000), UDF1 (5000)
UDF1 checks
POCKET_D_ACE checks
River [5h 9h Ts 2d 4d], POCKET_D_ACE (5000), UDF1 (5000)
UDF1 checks
POCKET_D_ACE checks
POCKET_D_ACE shows [Kc 7c]
UDF1 shows [5c 8c]
POCKET_D_ACE awarded -5000
UDF1 awarded 5000

Round #955, UDF1 (-289480), POCKET_D_ACE (289480)
UDF1 posts blind: 10
POCKET_D_ACE posts blind: 20
UDF1 received [2s 7c]
POCKET_D_ACE received [8s 7s]
UDF1 raises to 5000
POCKET_D_ACE calls
Flop [9h Kd Qd], UDF1 (5000), POCKET_D_ACE (5000)
POCKET_D_ACE bids 0
UDF1 bids 0
UDF1 won the auction and was revealed [7s]
POCKET_D_ACE won the auction and was revealed [7c]
Flop [9h Kd Qd], UDF1 (5000), POCKET_D_ACE (5000)
POCKET_D_ACE checks
UDF1 checks
Turn [9h Kd Qd Kc], UDF1 (5000), POCKET_D_ACE (5000)
POCKET_D_ACE checks
UDF1 checks
River [9h Kd Qd Kc 7d], UDF1 (5000), POCKET_D_ACE (5000)
POCKET_D_ACE checks
UDF1 checks
UDF1 shows [2s 7c]
POCKET_D_ACE shows [8s 7s]
UDF1 awarded 0
POCKET_D_ACE awarded 0

Round #956, POCKET_D_ACE (289480), UDF1 (-289480)
POCKET_D_ACE posts blind: 10
UDF1 posts blind: 20
POCKET_D_ACE received [4h 4c]
UDF1 received [5s 6s]
POCKET_D_ACE calls
UDF1 raises to 5000
POCKET_D_ACE calls
Flop [9s 9c Qh], POCKET_D_ACE (5000), UDF1 (5000)
UDF1 bids 0
POCKET_D_ACE bids 0
POCKET_D_ACE won the auction and was revealed [5s]
UDF1 won the auction and was revealed [4c]
Flop [9s 9c Qh], POCKET_D_ACE (5000), UDF1 (5000)
UDF1 checks
POCKET_D_ACE checks
Turn [9s 9c Qh 6h], POCKET_D_ACE (5000), UDF1 (5000)
UDF1 checks
POCKET_D_ACE checks
River [9s 9c Qh 6h Ah], POCKET_D_ACE (5000), UDF1 (5000)
UDF1 checks
POCKET_D_ACE checks
POCKET_D_ACE shows [4h 4c]
UDF1 shows [5s 6s]
POCKET_D_ACE awarded -5000
UDF1 awarded 5000

Round #957, UDF1 (-284480), POCKET_D_ACE (284480)
UDF1 posts blind: 10
POCKET_D_ACE posts blind: 20
UDF1 received [3s 5h]
POCKET_D_ACE received [Ah 5s]
UDF1 raises to 5000
POCKET_D_ACE calls
Flop [4c Kc 9h], UDF1 (5000), POCKET_D_ACE (5000)
POCKET_D_ACE bids 0
UDF1 bids 0
UDF1 won the auction and was revealed [5s]
POCKET_D_ACE won the auction and was revealed [3s]
Flop [4c Kc 9h], UDF1 (5000), POCKET_D_ACE (5000)
POCKET_D_ACE checks
UDF1 checks
Turn [4c Kc 9h Jc], UDF1 (5000), POCKET_D_ACE (5000)
POCKET_D_ACE checks
UDF1 checks
River [4c Kc 9h Jc 2h], UDF1 (5000), POCKET_D_ACE (5000)
POCKET_D_ACE checks
UDF1 checks
UDF1 shows [3s 5h]
POCKET_D_ACE shows [Ah 5s]
UDF1 awarded -5000
POCKET_D_ACE awarded 5000

Round #958, POCKET_D_ACE (289480), UDF1 (-289480)
POCKET_D_ACE posts blind: 10
UDF1 posts blind: 20
POCKET_D_ACE received [4h 2c]
UDF1 received [Qh 7d]
POCKET_D_ACE folds
POCKET_D_ACE awarded -10
UDF1 awarded 10

Round #959, UDF1 (-289470), POCKET_D_ACE (289470)
UDF1 posts blind: 10
POCKET_D_ACE posts blind: 20
UDF1 received [8h 7s]
POCKET_D_ACE received [Ts 5s]
UDF1 raises to 5000
POCKET_D_ACE calls
Flop [3s 8d 4d], UDF1 (5000), POCKET_D_ACE (5000)
POCKET_D_ACE bids 0
UDF1 bids 0
UDF1 won the auction and was revealed [5s]
POCKET_D_ACE won the auction and was revealed [7s]
Flop [3s 8d 4d], UDF1 (5000), POCKET_D_ACE (5000)
POCKET_D_ACE checks
UDF1 checks
Turn [3s 8d 4d Ks], UDF1 (5000), POCKET_D_ACE (5000)
POCKET_D_ACE checks
UDF1 checks
River [3s 8d 4d Ks 3h], UDF1 (5000), POCKET_D_ACE (5000)
POCKET_D_ACE checks
UDF1 checks
UDF1 shows [8h 7s]
POCKET_D_ACE shows [Ts 5s]
UDF1 awarded 5000
POCKET_D_ACE awarded -5000

Round #960, POCKET_D_ACE (284470), UDF1 (-284470)
POCKET_D_ACE posts blind: 10
UDF1 posts blind: 20
POCKET_D_ACE received [2d 8h]
UDF1 received [6d 4s]
POCKET_D_ACE calls
UDF1 raises to 5000
POCKET_D_ACE folds
POCKET_D_ACE awarded -20
UDF1 awarded 20

Round #961, UDF1 (-284450), POCKET_D_ACE (284450)
UDF1 posts blind: 10
POCKET_D_ACE posts blind: 20
UDF1 received [3h 7s]
POCKET_D_ACE received [9s 8s]
UDF1 raises to 5000
POCKET_D_ACE calls
Flop [3c 6h Qd], UDF1 (5000), POCKET_D_ACE (5000)
POCKET_D_ACE bids 0
UDF1 bids 0
UDF1 won the auction and was revealed [9s]
POCKET_D_ACE won the auction and was revealed [7s]
Flop [3c 6h Qd], UDF1 (5000), POCKET_D_ACE (5000)
POCKET_D_ACE checks
UDF1 checks
Turn [3c 6h Qd Jh], UDF1 (5000), POCKET_D_ACE (5000)
POCKET_D_ACE checks
UDF1 checks
River [3c 6h Qd Jh 3d], UDF1 (5000), POCKET_D_ACE (5000)
POCKET_D_ACE checks
UDF1 checks
UDF1 shows [3h 7s]
POCKET_D_ACE shows [9s 8s]
UDF1 awarded 5000
POCKET_D_ACE awarded -5000

Round #962, POCKET_D_ACE (279450), UDF1 (-279450)
POCKET_D_ACE posts blind: 10
UDF1 posts blind: 20
POCKET_D_ACE received [As Jh]
UDF1 received [8d 4h]
POCKET_D_ACE calls
UDF1 raises to 5000
POCKET_D_ACE calls
Flop [Td 4c 4s], POCKET_D_ACE (5000), UDF1 (5000)
UDF1 bids 0
POCKET_D_ACE bids 0
POCKET_D_ACE won the auction and was revealed [4h]
UDF1 won the auction and was revealed [As]
Flop [Td 4c 4s], POCKET_D_ACE (5000), UDF1 (5000)
UDF1 checks
POCKET_D_ACE checks
Turn [Td 4c 4s Jc], POCKET_D_ACE (5000), UDF1 (5000)
UDF1 checks
POCKET_D_ACE checks
River [Td 4c 4s Jc 3c], POCKET_D_ACE (5000), UDF1 (5000)
UDF1 checks
POCKET_D_ACE checks
POCKET_D_ACE shows [As Jh]
UDF1 shows [8d 4h]
POCKET_D_ACE awarded -5000
UDF1 awarded 5000

Round #963, UDF1 (-274450), POCKET_D_ACE (274450)
UDF1 posts blind: 10
POCKET_D_ACE posts blind: 20
UDF1 received [Js 2h]
POCKET_D_ACE received [Ah Qd]
UDF1 raises to 5000
POCKET_D_ACE calls
Flop [8h 9c 2d], UDF1 (5000), POCKET_D_ACE (5000)
POCKET_D_ACE bids 0
UDF1 bids 0
UDF1 won the auction and was revealed [Ah]
POCKET_D_ACE won the auction and was revealed [Js]
Flop [8h 9c 2d], UDF1 (5000), POCKET_D_ACE (5000)
POCKET_D_ACE checks
UDF1 checks
Turn [8h 9c 2d 7c], UDF1 (5000), POCKET_D_ACE (5000)
POCKET_D_ACE checks
UDF1 checks
River [8h 9c 2d 7c Qs], UDF1 (5000), POCKET_D_ACE (5000)
POCKET_D_ACE checks
UDF1 checks
UDF1 shows [Js 2h]
POCKET_D_ACE shows [Ah Qd]
UDF1 awarded -5000
POCKET_D_ACE awarded 5000

Round #964, POCKET_D_ACE (279450), UDF1 (-279450)
POCKET_D_ACE posts blind: 10
UDF1 posts blind: 20
POCKET_D_ACE received [4h 8h]
UDF1 received [Qh 2d]
POCKET_D_ACE calls
UDF1 raises to 5000
POCKET_D_ACE calls
Flop [Ac Th 5h], POCKET_D_ACE (5000), UDF1 (5000)
UDF1 bids 0
POCKET_D_ACE bids 0
POCKET_D_ACE won the auction and was revealed [Qh]
UDF1 won the auction and was revealed [8h]
Flop [Ac Th 5h], POCKET_D_ACE (5000), UDF1 (5000)
UDF1 checks
POCKET_D_ACE checks
Turn [Ac Th 5h 6s], POCKET_D_ACE (5000), UDF1 (5000)
UDF1 checks
POCKET_D_ACE checks
River [Ac Th 5h 6s 5s], POCKET_D_ACE (5000), UDF1 (5000)
UDF1 checks
POCKET_D_ACE checks
POCKET_D_ACE shows [4h 8h]
UDF1 shows [Qh 2d]
POCKET_D_ACE awarded -5000
UDF1 awarded 5000

Round #965, UDF1 (-274450), POCKET_D_ACE (274450)
UDF1 posts blind: 10
POCKET_D_ACE posts blind: 20
UDF1 received [2h 9s]
POCKET_D_ACE received [6h 8h]
UDF1 raises to 5000
POCKET_D_ACE calls
Flop [2d 2c 5d], UDF1 (5000), POCKET_D_ACE (5000)
POCKET_D_ACE bids 0
UDF1 bids 0
UDF1 won the auction and was revealed [8h]
POCKET_D_ACE won the auction and was revealed [9s]
Flop [2d 2c 5d], UDF1 (5000), POCKET_D_ACE (5000)
POCKET_D_ACE checks
UDF1 checks
Turn [2d 2c 5d 3c], UDF1 (5000), POCKET_D_ACE (5000)
POCKET_D_ACE checks
UDF1 checks
River [2d 2c 5d 3c Ts], UDF1 (5000), POCKET_D_ACE (5000)
POCKET_D_ACE checks
UDF1 checks
UDF1 shows [2h 9s]
POCKET_D_ACE shows [6h 8h]
UDF1 awarded 5000
POCKET_D_ACE awarded -5000

Round #966, POCKET_D_ACE (269450), UDF1 (-269450)
POCKET_D_ACE posts blind: 10
UDF1 posts blind: 20
POCKET_D_ACE received [4c 9s]
UDF1 received [Qd Ad]
POCKET_D_ACE calls
UDF1 raises to 5000
POCKET_D_ACE folds
POCKET_D_ACE awarded -20
UDF1 awarded 20

Round #967, UDF1 (-269430), POCKET_D_ACE (269430)
UDF1 posts blind: 10
POCKET_D_ACE posts blind: 20
UDF1 received [4d Ah]
POCKET_D_ACE received [4c 4s]
UDF1 raises to 5000
POCKET_D_ACE calls
Flop [Qd 2h Kd], UDF1 (5000), POCKET_D_ACE (5000)
POCKET_D_ACE bids 0
UDF1 bids 0
UDF1 won the auction and was revealed [4c]
POCKET_D_ACE won the auction and was revealed [4d]
Flop [Qd 2h Kd], UDF1 (5000), POCKET_D_ACE (5000)
POCKET_D_ACE checks
UDF1 checks
Turn [Qd 2h Kd Ks], UDF1 (5000), POCKET_D_ACE (5000)
POCKET_D_ACE checks
UDF1 checks
River [Qd 2h Kd Ks Jc], UDF1 (5000), POCKET_D_ACE (5000)
POCKET_D_ACE checks
UDF1 checks
UDF1 shows [4d Ah]
POCKET_D_ACE shows [4c 4s]
UDF1 awarded -5000
POCKET_D_ACE awarded 5000

Round #968, POCKET_D_ACE (274430), UDF1 (-274430)
POCKET_D_ACE posts blind: 10
UDF1 posts blind: 20
POCKET_D_ACE received [3c 2d]
UDF1 received [3h Th]
POCKET_D_ACE folds
POCKET_D_ACE awarded -10
UDF1 awarded 10

Round #969, UDF1 (-274420), POCKET_D_ACE (274420)
UDF1 posts blind: 10
POCKET_D_ACE posts blind: 20
UDF1 received [Tc 2d]
POCKET_D_ACE received [7h Ts]
UDF1 raises to 5000
POCKET_D_ACE calls
Flop [6d Th 5c], UDF1 (5000), POCKET_D_ACE (5000)
POCKET_D_ACE bids 0
UDF1 bids 0
UDF1 won the auction and was revealed [Ts]
POCKET_D_ACE won the auction and was revealed [2d]
Flop [6d Th 5c], UDF1 (5000), POCKET_D_ACE (5000)
POCKET_D_ACE checks
UDF1 checks
Turn [6d Th 5c Qc], UDF1 (5000), POCKET_D_ACE (5000)
POCKET_D_ACE checks
UDF1 checks
River [6d Th 5c Qc 3s], UDF1 (5000), POCKET_D_ACE (5000)
POCKET_D_ACE checks
UDF1 checks
UDF1 shows [Tc 2d]
POCKET_D_ACE shows [7h Ts]
UDF1 awarded -5000
POCKET_D_ACE awarded 5000

Round #970, POCKET_D_ACE (279420), UDF1 (-279420)
POCKET_D_ACE posts blind: 10
UDF1 posts blind: 20
POCKET_D_ACE received [3h Qc]
UDF1 received [4d 2h]
POCKET_D_ACE calls
UDF1 raises to 5000
POCKET_D_ACE folds
POCKET_D_ACE awarded -20
UDF1 awarded 20

Round #971, UDF1 (-279400), POCKET_D_ACE (279400)
UDF1 posts blind: 10
POCKET_D_ACE posts blind: 20
UDF1 received [8d 6c]
POCKET_D_ACE received [8c 7c]
UDF1 raises to 5000
POCKET_D_ACE calls
Flop [6d 3d 7s], UDF1 (5000), POCKET_D_ACE (5000)
POCKET_D_ACE bids 0
UDF1 bids 0
UDF1 won the auction and was revealed [8c]
POCKET_D_ACE won the auction and was revealed [6c]
Flop [6d 3d 7s], UDF1 (5000), POCKET_D_ACE (5000)
POCKET_D_ACE checks
UDF1 checks
Turn [6d 3d 7s Js], UDF1 (5000), POCKET_D_ACE (5000)
POCKET_D_ACE checks
UDF1 checks
River [6d 3d 7s Js 4c], UDF1 (5000), POCKET_D_ACE (5000)
POCKET_D_ACE checks
UDF1 checks
UDF1 shows [8d 6c]
POCKET_D_ACE shows [8c 7c]
UDF1 awarded -5000
POCKET_D_ACE awarded 5000

Round #972, POCKET_D_ACE (284400), UDF1 (-284400)
POCKET_D_ACE posts blind: 10
UDF1 posts blind: 20
POCKET_D_ACE received [9h Th]
UDF1 received [Ks Jd]
POCKET_D_ACE calls
UDF1 raises to 5000
POCKET_D_ACE calls
Flop [8d 9s 9d], POCKET_D_ACE (5000), UDF1 (5000)
UDF1 bids 0
POCKET_D_ACE bids 0
POCKET_D_ACE won the auction and was revealed [Jd]
UDF1 won the auction and was revealed [9h]
Flop [8d 9s 9d], POCKET_D_ACE (5000), UDF1 (5000)
UDF1 checks
POCKET_D_ACE checks
Turn [8d 9s 9d 3c], POCKET_D_ACE (5000), UDF1 (5000)
UDF1 checks
POCKET_D_ACE checks
River [8d 9s 9d 3c 5d], POCKET_D_ACE (5000), UDF1 (5000)
UDF1 checks
POCKET_D_ACE checks
POCKET_D_ACE shows [9h Th]
UDF1 shows [Ks Jd]
POCKET_D_ACE awarded 5000
UDF1 awarded -5000

Round #973, UDF1 (-289400), POCKET_D_ACE (289400)
UDF1 posts blind: 10
POCKET_D_ACE posts blind: 20
UDF1 received [3d 6s]
POCKET_D_ACE received [2d 2s]
UDF1 raises to 5000
POCKET_D_ACE calls
Flop [Ah 7h Jh], UDF1 (5000), POCKET_D_ACE (5000)
POCKET_D_ACE bids 0
UDF1 bids 0
UDF1 won the auction and was revealed [2s]
POCKET_D_ACE won the auction and was revealed [3d]
Flop [Ah 7h Jh], UDF1 (5000), POCKET_D_ACE (5000)
POCKET_D_ACE checks
UDF1 checks
Turn [Ah 7h Jh 3c], UDF1 (5000), POCKET_D_ACE (5000)
POCKET_D_ACE checks
UDF1 checks
River [Ah 7h Jh 3c Qs], UDF1 (5000), POCKET_D_ACE (5000)
POCKET_D_ACE checks
UDF1 checks
UDF1 shows [3d 6s]
POCKET_D_ACE shows [2d 2s]
UDF1 awarded 5000
POCKET_D_ACE awarded -5000

Round #974, POCKET_D_ACE (284400), UDF1 (-284400)
POCKET_D_ACE posts blind: 10
UDF1 posts blind: 20
POCKET_D_ACE received [Jh 9c]
UDF1 received [4c 4d]
POCKET_D_ACE calls
UDF1 raises to 5000
POCKET_D_ACE calls
Flop [Js 2h Th], POCKET_D_ACE (5000), UDF1 (5000)
UDF1 bids 0
POCKET_D_ACE bids 0
POCKET_D_ACE won the auction and was revealed [4d]
UDF1 won the auction and was revealed [9c]
Flop [Js 2h Th], POCKET_D_ACE (5000), UDF1 (5000)
UDF1 checks
POCKET_D_ACE checks
Turn [Js 2h Th Ah], POCKET_D_ACE (5000), UDF1 (5000)
UDF1 checks
POCKET_D_ACE checks
River [Js 2h Th Ah 7h], POCKET_D_ACE (5000), UDF1 (5000)
UDF1 checks
POCKET_D_ACE checks
POCKET_D_ACE shows [Jh 9c]
UDF1 shows [4c 4d]
POCKET_D_ACE awarded 5000
UDF1 awarded -5000

Round #975, UDF1 (-289400), POCKET_D_ACE (289400)
UDF1 posts blind: 10
POCKET_D_ACE posts blind: 20
UDF1 received [7c 3h]
POCKET_D_ACE received [9s As]
UDF1 raises to 5000
POCKET_D_ACE calls
Flop [8d 2d 8c], UDF1 (5000), POCKET_D_ACE (5000)
POCKET_D_ACE bids 0
UDF1 bids 0
UDF1 won the auction and was revealed [9s]
POCKET_D_ACE won the auction and was revealed [3h]
Flop [8d 2d 8c], UDF1 (5000), POCKET_D_ACE (5000)
POCKET_D_ACE checks
UDF1 checks
Turn [8d 2d 8c Ac], UDF1 (5000), POCKET_D_ACE (5000)
POCKET_D_ACE checks
UDF1 checks
River [8d 2d 8c Ac 2s], UDF1 (5000), POCKET_D_ACE (5000)
POCKET_D_ACE checks
UDF1 checks
UDF1 shows [7c 3h]
POCKET_D_ACE shows [9s As]
UDF1 awarded -5000
POCKET_D_ACE awarded 5000

Round #976, POCKET_D_ACE (294400), UDF1 (-294400)
POCKET_D_ACE posts blind: 10
UDF1 posts blind: 20
POCKET_D_ACE received [6c Ah]
UDF1 received [Kc 6d]
POCKET_D_ACE calls
UDF1 raises to 5000
POCKET_D_ACE calls
Flop [6s 2h 2d], POCKET_D_ACE (5000), UDF1 (5000)
UDF1 bids 0
POCKET_D_ACE bids 0
POCKET_D_ACE won the auction and was revealed [Kc]
UDF1 won the auction and was revealed [6c]
Flop [6s 2h 2d], POCKET_D_ACE (5000), UDF1 (5000)
UDF1 checks
POCKET_D_ACE checks
Turn [6s 2h 2d Jd], POCKET_D_ACE (5000), UDF1 (5000)
UDF1 checks
POCKET_D_ACE checks
River [6s 2h 2d Jd Qs], POCKET_D_ACE (5000), UDF1 (5000)
UDF1 checks
POCKET_D_ACE checks
POCKET_D_ACE shows [6c Ah]
UDF1 shows [Kc 6d]
POCKET_D_ACE awarded 5000
UDF1 awarded -5000

Round #977, UDF1 (-299400), POCKET_D_ACE (299400)
UDF1 posts blind: 10
POCKET_D_ACE posts blind: 20
UDF1 received [6s 6c]
POCKET_D_ACE received [7s As]
UDF1 raises to 5000
POCKET_D_ACE calls
Flop [2s Kh Ac], UDF1 (5000), POCKET_D_ACE (5000)
POCKET_D_ACE bids 0
UDF1 bids 0
UDF1 won the auction and was revealed [7s]
POCKET_D_ACE won the auction and was revealed [6s]
Flop [2s Kh Ac], UDF1 (5000), POCKET_D_ACE (5000)
POCKET_D_ACE checks
UDF1 checks
Turn [2s Kh Ac Ad], UDF1 (5000), POCKET_D_ACE (5000)
POCKET_D_ACE checks
UDF1 checks
River [2s Kh Ac Ad Qs], UDF1 (5000), POCKET_D_ACE (5000)
POCKET_D_ACE checks
UDF1 checks
UDF1 shows [6s 6c]
POCKET_D_ACE shows [7s As]
UDF1 awarded -5000
POCKET_D_ACE awarded 5000

Round #978, POCKET_D_ACE (304400), UDF1 (-304400)
POCKET_D_ACE posts blind: 10
UDF1 posts blind: 20
POCKET_D_ACE received [Ah Kd]
UDF1 received [8c As]
POCKET_D_ACE raises to 52
UDF1 raises to 5000
POCKET_D_ACE calls
Flop [8s Th 4s], POCKET_D_ACE (5000), UDF1 (5000)
UDF1 bids 0
POCKET_D_ACE bids 0
POCKET_D_ACE won the auction and was revealed [8c]
UDF1 won the auction and was revealed [Kd]
Flop [8s Th 4s], POCKET_D_ACE (5000), UDF1 (5000)
UDF1 checks
POCKET_D_ACE checks
Turn [8s Th 4s Jh], POCKET_D_ACE (5000), UDF1 (5000)
UDF1 checks
POCKET_D_ACE checks
River [8s Th 4s Jh 7d], POCKET_D_ACE (5000), UDF1 (5000)
UDF1 checks
POCKET_D_ACE checks
POCKET_D_ACE shows [Ah Kd]
UDF1 shows [8c As]
POCKET_D_ACE awarded -5000
UDF1 awarded 5000

Round #979, UDF1 (-299400), POCKET_D_ACE (299400)
UDF1 posts blind: 10
POCKET_D_ACE posts blind: 20
UDF1 received [Kh Qs]
POCKET_D_ACE received [Kc 5s]
UDF1 raises to 5000
POCKET_D_ACE calls
Flop [2h 5h 3s], UDF1 (5000), POCKET_D_ACE (5000)
POCKET_D_ACE bids 0
UDF1 bids 0
UDF1 won the auction and was revealed [5s]
POCKET_D_ACE won the auction and was revealed [Kh]
Flop [2h 5h 3s], UDF1 (5000), POCKET_D_ACE (5000)
POCKET_D_ACE checks
UDF1 checks
Turn [2h 5h 3s Ts], UDF1 (5000), POCKET_D_ACE (5000)
POCKET_D_ACE checks
UDF1 checks
River [2h 5h 3s Ts 9c], UDF1 (5000), POCKET_D_ACE (5000)
POCKET_D_ACE checks
UDF1 checks
UDF1 shows [Kh Qs]
POCKET_D_ACE shows [Kc 5s]
UDF1 awarded -5000
POCKET_D_ACE awarded 5000

Round #980, POCKET_D_ACE (304400), UDF1 (-304400)
POCKET_D_ACE posts blind: 10
UDF1 posts blind: 20
POCKET_D_ACE received [4h Th]
UDF1 received [Tc 6s]
POCKET_D_ACE calls
UDF1 raises to 5000
POCKET_D_ACE calls
Flop [3c 7d Jc], POCKET_D_ACE (5000), UDF1 (5000)
UDF1 bids 0
POCKET_D_ACE bids 0
POCKET_D_ACE won the auction and was revealed [Tc]
UDF1 won the auction and was revealed [Th]
Flop [3c 7d Jc], POCKET_D_ACE (5000), UDF1 (5000)
UDF1 checks
POCKET_D_ACE checks
Turn [3c 7d Jc 4s], POCKET_D_ACE (5000), UDF1 (5000)
UDF1 checks
POCKET_D_ACE checks
River [3c 7d Jc 4s 4c], POCKET_D_ACE (5000), UDF1 (5000)
UDF1 checks
POCKET_D_ACE checks
POCKET_D_ACE shows [4h Th]
UDF1 shows [Tc 6s]
POCKET_D_ACE awarded 5000
UDF1 awarded -5000

Round #981, UDF1 (-309400), POCKET_D_ACE (309400)
UDF1 posts blind: 10
POCKET_D_ACE posts blind: 20
UDF1 received [7d 6c]
POCKET_D_ACE received [As 6d]
UDF1 raises to 5000
POCKET_D_ACE calls
Flop [9s 2c 7c], UDF1 (5000), POCKET_D_ACE (5000)
POCKET_D_ACE bids 0
UDF1 bids 0
UDF1 won the auction and was revealed [6d]
POCKET_D_ACE won the auction and was revealed [6c]
Flop [9s 2c 7c], UDF1 (5000), POCKET_D_ACE (5000)
POCKET_D_ACE checks
UDF1 checks
Turn [9s 2c 7c 6s], UDF1 (5000), POCKET_D_ACE (5000)
POCKET_D_ACE checks
UDF1 checks
River [9s 2c 7c 6s 5c], UDF1 (5000), POCKET_D_ACE (5000)
POCKET_D_ACE checks
UDF1 checks
UDF1 shows [7d 6c]
POCKET_D_ACE shows [As 6d]
UDF1 awarded 5000
POCKET_D_ACE awarded -5000

Round #982, POCKET_D_ACE (304400), UDF1 (-304400)
POCKET_D_ACE posts blind: 10
UDF1 posts blind: 20
POCKET_D_ACE received [8h 2d]
UDF1 received [6h 9s]
POCKET_D_ACE calls
UDF1 raises to 5000
POCKET_D_ACE folds
POCKET_D_ACE awarded -20
UDF1 awarded 20

Round #983, UDF1 (-304380), POCKET_D_ACE (304380)
UDF1 posts blind: 10
POCKET_D_ACE posts blind: 20
UDF1 received [Qc 4s]
POCKET_D_ACE received [Th 7d]
UDF1 raises to 5000
POCKET_D_ACE calls
Flop [Qs Ac 8h], UDF1 (5000), POCKET_D_ACE (5000)
POCKET_D_ACE bids 0
UDF1 bids 0
UDF1 won the auction and was revealed [Th]
POCKET_D_ACE won the auction and was revealed [Qc]
Flop [Qs Ac 8h], UDF1 (5000), POCKET_D_ACE (5000)
POCKET_D_ACE checks
UDF1 checks
Turn [Qs Ac 8h Ad], UDF1 (5000), POCKET_D_ACE (5000)
POCKET_D_ACE checks
UDF1 checks
River [Qs Ac 8h Ad 9c], UDF1 (5000), POCKET_D_ACE (5000)
POCKET_D_ACE checks
UDF1 checks
UDF1 shows [Qc 4s]
POCKET_D_ACE shows [Th 7d]
UDF1 awarded 5000
POCKET_D_ACE awarded -5000

Round #984, POCKET_D_ACE (299380), UDF1 (-299380)
POCKET_D_ACE posts blind: 10
UDF1 posts blind: 20
POCKET_D_ACE received [Tc 6d]
UDF1 received [3c 7d]
POCKET_D_ACE calls
UDF1 raises to 5000
POCKET_D_ACE calls
Flop [Jd 2d 5c], POCKET_D_ACE (5000), UDF1 (5000)
UDF1 bids 0
POCKET_D_ACE bids 0
POCKET_D_ACE won the auction and was revealed [7d]
UDF1 won the auction and was revealed [Tc]
Flop [Jd 2d 5c], POCKET_D_ACE (5000), UDF1 (5000)
UDF1 checks
POCKET_D_ACE checks
Turn [Jd 2d 5c 4h], POCKET_D_ACE (5000), UDF1 (5000)
UDF1 checks
POCKET_D_ACE checks
River [Jd 2d 5c 4h 5d], POCKET_D_ACE (5000), UDF1 (5000)
UDF1 checks
POCKET_D_ACE checks
POCKET_D_ACE shows [Tc 6d]
UDF1 shows [3c 7d]
POCKET_D_ACE awarded 5000
UDF1 awarded -5000

Round #985, UDF1 (-304380), POCKET_D_ACE (304380)
UDF1 posts blind: 10
POCKET_D_ACE posts blind: 20
UDF1 received [Qh Qc]
POCKET_D_ACE received [6s 3d]
UDF1 raises to 5000
POCKET_D_ACE folds
UDF1 awarded 20
POCKET_D_ACE awarded -20

Round #986, POCKET_D_ACE (304360), UDF1 (-304360)
POCKET_D_ACE posts blind: 10
UDF1 posts blind: 20
POCKET_D_ACE received [7c 7h]
UDF1 received [9s 2h]
POCKET_D_ACE raises to 52
UDF1 raises to 5000
POCKET_D_ACE calls
Flop [Ac 8h Jc], POCKET_D_ACE (5000), UDF1 (5000)
UDF1 bids 0
POCKET_D_ACE bids 0
POCKET_D_ACE won the auction and was revealed [2h]
UDF1 won the auction and was revealed [7h]
Flop [Ac 8h Jc], POCKET_D_ACE (5000), UDF1 (5000)
UDF1 checks
POCKET_D_ACE checks
Turn [Ac 8h Jc 2s], POCKET_D_ACE (5000), UDF1 (5000)
UDF1 checks
POCKET_D_ACE checks
River [Ac 8h Jc 2s Th], POCKET_D_ACE (5000), UDF1 (5000)
UDF1 checks
POCKET_D_ACE checks
POCKET_D_ACE shows [7c 7h]
UDF1 shows [9s 2h]
POCKET_D_ACE awarded 5000
UDF1 awarded -5000

Round #987, UDF1 (-309360), POCKET_D_ACE (309360)
UDF1 posts blind: 10
POCKET_D_ACE posts blind: 20
UDF1 received [4h 3s]
POCKET_D_ACE received [6d 6c]
UDF1 raises to 5000
POCKET_D_ACE calls
Flop [2h 5d 5h], UDF1 (5000), POCKET_D_ACE (5000)
POCKET_D_ACE bids 0
UDF1 bids 0
UDF1 won the auction and was revealed [6c]
POCKET_D_ACE won the auction and was revealed [3s]
Flop [2h 5d 5h], UDF1 (5000), POCKET_D_ACE (5000)
POCKET_D_ACE checks
UDF1 checks
Turn [2h 5d 5h 9d], UDF1 (5000), POCKET_D_ACE (5000)
POCKET_D_ACE checks
UDF1 checks
River [2h 5d 5h 9d 8s], UDF1 (5000), POCKET_D_ACE (5000)
POCKET_D_ACE checks
UDF1 checks
UDF1 shows [4h 3s]
POCKET_D_ACE shows [6d 6c]
UDF1 awarded -5000
POCKET_D_ACE awarded 5000

Round #988, POCKET_D_ACE (314360), UDF1 (-314360)
POCKET_D_ACE posts blind: 10
UDF1 posts blind: 20
POCKET_D_ACE received [3h 8c]
UDF1 received [Ad 5c]
POCKET_D_ACE calls
UDF1 raises to 5000
POCKET_D_ACE folds
POCKET_D_ACE awarded -20
UDF1 awarded 20

Round #989, UDF1 (-314340), POCKET_D_ACE (314340)
UDF1 posts blind: 10
POCKET_D_ACE posts blind: 20
UDF1 received [Jh 9d]
POCKET_D_ACE received [7c 6c]
UDF1 raises to 5000
POCKET_D_ACE calls
Flop [2c 3h 3d], UDF1 (5000), POCKET_D_ACE (5000)
POCKET_D_ACE bids 0
UDF1 bids 0
UDF1 won the auction and was revealed [6c]
POCKET_D_ACE won the auction and was revealed [Jh]
Flop [2c 3h 3d], UDF1 (5000), POCKET_D_ACE (5000)
POCKET_D_ACE checks
UDF1 checks
Turn [2c 3h 3d 3c], UDF1 (5000), POCKET_D_ACE (5000)
POCKET_D_ACE checks
UDF1 checks
River [2c 3h 3d 3c Ad], UDF1 (5000), POCKET_D_ACE (5000)
POCKET_D_ACE checks
UDF1 checks
UDF1 shows [Jh 9d]
POCKET_D_ACE shows [7c 6c]
UDF1 awarded 5000
POCKET_D_ACE awarded -5000

Round #990, POCKET_D_ACE (309340), UDF1 (-309340)
POCKET_D_ACE posts blind: 10
UDF1 posts blind: 20
POCKET_D_ACE received [4d 4c]
UDF1 received [6h 5d]
POCKET_D_ACE calls
UDF1 raises to 5000
POCKET_D_ACE calls
Flop [Kh 5s Qs], POCKET_D_ACE (5000), UDF1 (5000)
UDF1 bids 0
POCKET_D_ACE bids 0
POCKET_D_ACE won the auction and was revealed [6h]
UDF1 won the auction and was revealed [4c]
Flop [Kh 5s Qs], POCKET_D_ACE (5000), UDF1 (5000)
UDF1 checks
POCKET_D_ACE checks
Turn [Kh 5s Qs 8d], POCKET_D_ACE (5000), UDF1 (5000)
UDF1 checks
POCKET_D_ACE checks
River [Kh 5s Qs 8d 9s], POCKET_D_ACE (5000), UDF1 (5000)
UDF1 checks
POCKET_D_ACE checks
POCKET_D_ACE shows [4d 4c]
UDF1 shows [6h 5d]
POCKET_D_ACE awarded -5000
UDF1 awarded 5000

Round #991, UDF1 (-304340), POCKET_D_ACE (304340)
UDF1 posts blind: 10
POCKET_D_ACE posts blind: 20
UDF1 received [Tc 6d]
POCKET_D_ACE received [9d Jc]
UDF1 raises to 5000
POCKET_D_ACE calls
Flop [7h 7d 4s], UDF1 (5000), POCKET_D_ACE (5000)
POCKET_D_ACE bids 0
UDF1 bids 0
UDF1 won the auction and was revealed [Jc]
POCKET_D_ACE won the auction and was revealed [6d]
Flop [7h 7d 4s], UDF1 (5000), POCKET_D_ACE (5000)
POCKET_D_ACE checks
UDF1 checks
Turn [7h 7d 4s Ks], UDF1 (5000), POCKET_D_ACE (5000)
POCKET_D_ACE checks
UDF1 checks
River [7h 7d 4s Ks 7s], UDF1 (5000), POCKET_D_ACE (5000)
POCKET_D_ACE checks
UDF1 checks
UDF1 shows [Tc 6d]
POCKET_D_ACE shows [9d Jc]
UDF1 awarded -5000
POCKET_D_ACE awarded 5000

Round #992, POCKET_D_ACE (309340), UDF1 (-309340)
POCKET_D_ACE posts blind: 10
UDF1 posts blind: 20
POCKET_D_ACE received [Th 7c]
UDF1 received [Qs 2d]
POCKET_D_ACE calls
UDF1 raises to 5000
POCKET_D_ACE calls
Flop [Kh 8s Qd], POCKET_D_ACE (5000), UDF1 (5000)
UDF1 bids 0
POCKET_D_ACE bids 0
POCKET_D_ACE won the auction and was revealed [Qs]
UDF1 won the auction and was revealed [7c]
Flop [Kh 8s Qd], POCKET_D_ACE (5000), UDF1 (5000)
UDF1 checks
POCKET_D_ACE checks
Turn [Kh 8s Qd 4c], POCKET_D_ACE (5000), UDF1 (5000)
UDF1 checks
POCKET_D_ACE checks
River [Kh 8s Qd 4c 7d], POCKET_D_ACE (5000), UDF1 (5000)
UDF1 checks
POCKET_D_ACE checks
POCKET_D_ACE shows [Th 7c]
UDF1 shows [Qs 2d]
POCKET_D_ACE awarded -5000
UDF1 awarded 5000

Round #993, UDF1 (-304340), POCKET_D_ACE (304340)
UDF1 posts blind: 10
POCKET_D_ACE posts blind: 20
UDF1 received [8d Kc]
POCKET_D_ACE received [2s 4h]
UDF1 raises to 5000
POCKET_D_ACE folds
UDF1 awarded 20
POCKET_D_ACE awarded -20

Round #994, POCKET_D_ACE (304320), UDF1 (-304320)
POCKET_D_ACE posts blind: 10
UDF1 posts blind: 20
POCKET_D_ACE received [7h 9c]
UDF1 received [Ac Kh]
POCKET_D_ACE calls
UDF1 raises to 5000
POCKET_D_ACE calls
Flop [Ad 4h 9s], POCKET_D_ACE (5000), UDF1 (5000)
UDF1 bids 0
POCKET_D_ACE bids 0
POCKET_D_ACE won the auction and was revealed [Kh]
UDF1 won the auction and was revealed [7h]
Flop [Ad 4h 9s], POCKET_D_ACE (5000), UDF1 (5000)
UDF1 checks
POCKET_D_ACE checks
Turn [Ad 4h 9s 7d], POCKET_D_ACE (5000), UDF1 (5000)
UDF1 checks
POCKET_D_ACE checks
River [Ad 4h 9s 7d Qd], POCKET_D_ACE (5000), UDF1 (5000)
UDF1 checks
POCKET_D_ACE checks
POCKET_D_ACE shows [7h 9c]
UDF1 shows [Ac Kh]
POCKET_D_ACE awarded 5000
UDF1 awarded -5000

Round #995, UDF1 (-309320), POCKET_D_ACE (309320)
UDF1 posts blind: 10
POCKET_D_ACE posts blind: 20
UDF1 received [8d Kc]
POCKET_D_ACE received [3h Qc]
UDF1 raises to 5000
POCKET_D_ACE folds
UDF1 awarded 20
POCKET_D_ACE awarded -20

Round #996, POCKET_D_ACE (309300), UDF1 (-309300)
POCKET_D_ACE posts blind: 10
UDF1 posts blind: 20
POCKET_D_ACE received [5c Ad]
UDF1 received [Kd 9c]
POCKET_D_ACE calls
UDF1 raises to 5000
POCKET_D_ACE calls
Flop [Jc 4s 9s], POCKET_D_ACE (5000), UDF1 (5000)
UDF1 bids 0
POCKET_D_ACE bids 0
POCKET_D_ACE won the auction and was revealed [9c]
UDF1 won the auction and was revealed [Ad]
Flop [Jc 4s 9s], POCKET_D_ACE (5000), UDF1 (5000)
UDF1 checks
POCKET_D_ACE checks
Turn [Jc 4s 9s 6d], POCKET_D_ACE (5000), UDF1 (5000)
UDF1 checks
POCKET_D_ACE checks
River [Jc 4s 9s 6d 2h], POCKET_D_ACE (5000), UDF1 (5000)
UDF1 checks
POCKET_D_ACE checks
POCKET_D_ACE shows [5c Ad]
UDF1 shows [Kd 9c]
POCKET_D_ACE awarded -5000
UDF1 awarded 5000

Round #997, UDF1 (-304300), POCKET_D_ACE (304300)
UDF1 posts blind: 10
POCKET_D_ACE posts blind: 20
UDF1 received [2c 4h]
POCKET_D_ACE received [Ah 5h]
UDF1 raises to 5000
POCKET_D_ACE calls
Flop [7d 5d 8s], UDF1 (5000), POCKET_D_ACE (5000)
POCKET_D_ACE bids 0
UDF1 bids 0
UDF1 won the auction and was revealed [5h]
POCKET_D_ACE won the auction and was revealed [2c]
Flop [7d 5d 8s], UDF1 (5000), POCKET_D_ACE (5000)
POCKET_D_ACE checks
UDF1 checks
Turn [7d 5d 8s Jc], UDF1 (5000), POCKET_D_ACE (5000)
POCKET_D_ACE checks
UDF1 checks
River [7d 5d 8s Jc 5c], UDF1 (5000), POCKET_D_ACE (5000)
POCKET_D_ACE checks
UDF1 checks
UDF1 shows [2c 4h]
POCKET_D_ACE shows [Ah 5h]
UDF1 awarded -5000
POCKET_D_ACE awarded 5000

Round #998, POCKET_D_ACE (309300), UDF1 (-309300)
POCKET_D_ACE posts blind: 10
UDF1 posts blind: 20
POCKET_D_ACE received [Ac 7s]
UDF1 received [3h 6d]
POCKET_D_ACE calls
UDF1 raises to 5000
POCKET_D_ACE calls
Flop [9h Kd Js], POCKET_D_ACE (5000), UDF1 (5000)
UDF1 bids 0
POCKET_D_ACE bids 0
POCKET_D_ACE won the auction and was revealed [3h]
UDF1 won the auction and was revealed [Ac]
Flop [9h Kd Js], POCKET_D_ACE (5000), UDF1 (5000)
UDF1 checks
POCKET_D_ACE checks
Turn [9h Kd Js 7h], POCKET_D_ACE (5000), UDF1 (5000)
UDF1 checks
POCKET_D_ACE checks
River [9h Kd Js 7h Ad], POCKET_D_ACE (5000), UDF1 (5000)
UDF1 checks
POCKET_D_ACE checks
POCKET_D_ACE shows [Ac 7s]
UDF1 shows [3h 6d]
POCKET_D_ACE awarded 5000
UDF1 awarded -5000

Round #999, UDF1 (-314300), POCKET_D_ACE (314300)
UDF1 posts blind: 10
POCKET_D_ACE posts blind: 20
UDF1 received [Kc 6d]
POCKET_D_ACE received [Ad As]
UDF1 raises to 5000
POCKET_D_ACE calls
Flop [5s 4c Qd], UDF1 (5000), POCKET_D_ACE (5000)
POCKET_D_ACE bids 0
UDF1 bids 0
UDF1 won the auction and was revealed [As]
POCKET_D_ACE won the auction and was revealed [Kc]
Flop [5s 4c Qd], UDF1 (5000), POCKET_D_ACE (5000)
POCKET_D_ACE checks
UDF1 checks
Turn [5s 4c Qd 4d], UDF1 (5000), POCKET_D_ACE (5000)
POCKET_D_ACE checks
UDF1 checks
River [5s 4c Qd 4d 8d], UDF1 (5000), POCKET_D_ACE (5000)
POCKET_D_ACE checks
UDF1 checks
UDF1 shows [Kc 6d]
POCKET_D_ACE shows [Ad As]
UDF1 awarded -5000
POCKET_D_ACE awarded 5000

Round #1000, POCKET_D_ACE (319300), UDF1 (-319300)
POCKET_D_ACE posts blind: 10
UDF1 posts blind: 20
POCKET_D_ACE received [6h 7c]
UDF1 received [5s Ks]
POCKET_D_ACE calls
UDF1 raises to 5000
POCKET_D_ACE calls
Flop [8d Ts 7s], POCKET_D_ACE (5000), UDF1 (5000)
UDF1 bids 0
POCKET_D_ACE bids 0
POCKET_D_ACE won the auction and was revealed [Ks]
UDF1 won the auction and was revealed [7c]
Flop [8d Ts 7s], POCKET_D_ACE (5000), UDF1 (5000)
UDF1 checks
POCKET_D_ACE checks
Turn [8d Ts 7s Th], POCKET_D_ACE (5000), UDF1 (5000)
UDF1 checks
POCKET_D_ACE checks
River [8d Ts 7s Th Qd], POCKET_D_ACE (5000), UDF1 (5000)
UDF1 checks
POCKET_D_ACE checks
POCKET_D_ACE shows [6h 7c]
UDF1 shows [5s Ks]
POCKET_D_ACE awarded 5000
UDF1 awarded -5000

Final, UDF1 (-324300), POCKET_D_ACE (324300)