2026-03-01 01:09:49 UDF1 vs Unrest

Round #1, UDF1 (0), Unrest (0)
UDF1 posts blind: 10
Unrest posts blind: 20
UDF1 received [Ad Kh]
Unrest received [5c 8d]
UDF1 raises to 2210
Unrest folds
UDF1 awarded 20
Unrest awarded -20

Round #2, Unrest (-20), UDF1 (20)
Unrest posts blind: 10
UDF1 posts blind: 20
Unrest received [Kc Jd]
UDF1 received [Qc Jh]
Unrest raises to 40
UDF1 raises to 2649
Unrest raises to 5000
UDF1 folds
Unrest awarded 2649
UDF1 awarded -2649

Round #3, UDF1 (-2629), Unrest (2629)
UDF1 posts blind: 10
Unrest posts blind: 20
UDF1 received [9h Ac]
Unrest received [Js 5h]
UDF1 raises to 1025
Unrest calls
Flop [Jc Qh 8d], UDF1 (1025), Unrest (1025)
Unrest bids 596
UDF1 bids 285
Unrest won the auction and was revealed [Ac]
Flop [Jc Qh 8d], UDF1 (1025), Unrest (1310)
Unrest bets 20
UDF1 raises to 2287
Unrest calls
Turn [Jc Qh 8d 7h], UDF1 (3312), Unrest (3597)
Unrest bets 20
UDF1 calls
River [Jc Qh 8d 7h 7s], UDF1 (3332), Unrest (3617)
Unrest checks
UDF1 checks
UDF1 shows [9h Ac]
Unrest shows [Js 5h]
UDF1 awarded -3332
Unrest awarded 3332

Round #4, Unrest (5961), UDF1 (-5961)
Unrest posts blind: 10
UDF1 posts blind: 20
Unrest received [Kh 3s]
UDF1 received [8d 3h]
Unrest folds
Unrest awarded -10
UDF1 awarded 10

Round #5, UDF1 (-5951), Unrest (5951)
UDF1 posts blind: 10
Unrest posts blind: 20
UDF1 received [5c Qd]
Unrest received [7c Th]
UDF1 raises to 50
Unrest calls
Flop [Kd 2s 2c], UDF1 (50), Unrest (50)
Unrest bids 247
UDF1 bids 51
Unrest won the auction and was revealed [5c]
Flop [Kd 2s 2c], UDF1 (50), Unrest (101)
Unrest checks
UDF1 bets 99
Unrest calls
Turn [Kd 2s 2c 7d], UDF1 (149), Unrest (200)
Unrest checks
UDF1 bets 230
Unrest calls
River [Kd 2s 2c 7d 8c], UDF1 (379), Unrest (430)
Unrest checks
UDF1 bets 533
Unrest calls
UDF1 shows [5c Qd]
Unrest shows [7c Th]
UDF1 awarded -912
Unrest awarded 912

Round #6, Unrest (6863), UDF1 (-6863)
Unrest posts blind: 10
UDF1 posts blind: 20
Unrest received [8s 7s]
UDF1 received [6s 2h]
Unrest calls
UDF1 checks
Flop [Kh 3h 2c], Unrest (20), UDF1 (20)
UDF1 bids 23
Unrest bids 249
Unrest won the auction and was revealed [6s]
Flop [Kh 3h 2c], Unrest (43), UDF1 (20)
UDF1 bets 1411
Unrest folds
Unrest awarded -43
UDF1 awarded 43

Round #7, UDF1 (-6820), Unrest (6820)
UDF1 posts blind: 10
Unrest posts blind: 20
UDF1 received [6d Jd]
Unrest received [2d 7c]
UDF1 raises to 50
Unrest folds
UDF1 awarded 20
Unrest awarded -20

Round #8, Unrest (6800), UDF1 (-6800)
Unrest posts blind: 10
UDF1 posts blind: 20
Unrest received [Kd 2c]
UDF1 received [6d 9d]
Unrest calls
UDF1 raises to 46
Unrest calls
Flop [8s 9c As], Unrest (46), UDF1 (46)
UDF1 bids 38
Unrest bids 247
Unrest won the auction and was revealed [6d]
Flop [8s 9c As], Unrest (84), UDF1 (46)
UDF1 bets 1500
Unrest folds
Unrest awarded -84
UDF1 awarded 84

Round #9, UDF1 (-6716), Unrest (6716)
UDF1 posts blind: 10
Unrest posts blind: 20
UDF1 received [Qc Ac]
Unrest received [7h 5h]
UDF1 raises to 2258
Unrest calls
Flop [9s 5d Ad], UDF1 (2258), Unrest (2258)
Unrest bids 685
UDF1 bids 335
Unrest won the auction and was revealed [Qc]
Flop [9s 5d Ad], UDF1 (2258), Unrest (2593)
Unrest bets 20
UDF1 raises to 1796
Unrest calls
Turn [9s 5d Ad 4d], UDF1 (4054), Unrest (4389)
Unrest checks
UDF1 bets 377
Unrest calls
River [9s 5d Ad 4d Td], UDF1 (4431), Unrest (4766)
Unrest bets 20
UDF1 calls
UDF1 shows [Qc Ac]
Unrest shows [7h 5h]
UDF1 awarded 4786
Unrest awarded -4786

Round #10, Unrest (1930), UDF1 (-1930)
Unrest posts blind: 10
UDF1 posts blind: 20
Unrest received [Ac Kh]
UDF1 received [6s 2s]
Unrest raises to 40
UDF1 raises to 100
Unrest raises to 160
UDF1 raises to 5000
Unrest calls
Flop [8c Kd 4h], Unrest (5000), UDF1 (5000)
UDF1 bids 0
Unrest bids 0
Unrest won the auction and was revealed [2s]
UDF1 won the auction and was revealed [Kh]
Flop [8c Kd 4h], Unrest (5000), UDF1 (5000)
UDF1 checks
Unrest checks
Turn [8c Kd 4h 3c], Unrest (5000), UDF1 (5000)
UDF1 checks
Unrest checks
River [8c Kd 4h 3c Jh], Unrest (5000), UDF1 (5000)
UDF1 checks
Unrest checks
Unrest shows [Ac Kh]
UDF1 shows [6s 2s]
Unrest awarded 5000
UDF1 awarded -5000

Round #11, UDF1 (-6930), Unrest (6930)
UDF1 posts blind: 10
Unrest posts blind: 20
UDF1 received [6c Ad]
Unrest received [7h Ac]
UDF1 calls
Unrest raises to 40
UDF1 raises to 5000
Unrest calls
Flop [Jh Jc 3h], UDF1 (5000), Unrest (5000)
Unrest bids 0
UDF1 bids 0
UDF1 won the auction and was revealed [Ac]
Unrest won the auction and was revealed [6c]
Flop [Jh Jc 3h], UDF1 (5000), Unrest (5000)
Unrest checks
UDF1 checks
Turn [Jh Jc 3h 8s], UDF1 (5000), Unrest (5000)
Unrest checks
UDF1 checks
River [Jh Jc 3h 8s 2d], UDF1 (5000), Unrest (5000)
Unrest checks
UDF1 checks
UDF1 shows [6c Ad]
Unrest shows [7h Ac]
UDF1 awarded -5000
Unrest awarded 5000

Round #12, Unrest (11930), UDF1 (-11930)
Unrest posts blind: 10
UDF1 posts blind: 20
Unrest received [Qh 4s]
UDF1 received [As 5s]
Unrest calls
UDF1 raises to 838
Unrest calls
Flop [3s 9c 6d], Unrest (838), UDF1 (838)
UDF1 bids 119
Unrest bids 208
Unrest won the auction and was revealed [5s]
Flop [3s 9c 6d], Unrest (957), UDF1 (838)
UDF1 bets 1184
Unrest calls
Turn [3s 9c 6d 9h], Unrest (2141), UDF1 (2022)
UDF1 checks
Unrest checks
River [3s 9c 6d 9h Ad], Unrest (2141), UDF1 (2022)
UDF1 bets 1962
Unrest calls
Unrest shows [Qh 4s]
UDF1 shows [As 5s]
Unrest awarded -4103
UDF1 awarded 4103

Round #13, UDF1 (-7827), Unrest (7827)
UDF1 posts blind: 10
Unrest posts blind: 20
UDF1 received [7h Jc]
Unrest received [Ts 6s]
UDF1 calls
Unrest checks
Flop [2s 4s 9d], UDF1 (20), Unrest (20)
Unrest bids 249
UDF1 bids 4
Unrest won the auction and was revealed [Jc]
Flop [2s 4s 9d], UDF1 (20), Unrest (24)
Unrest checks
UDF1 checks
Turn [2s 4s 9d 2h], UDF1 (20), Unrest (24)
Unrest checks
UDF1 checks
River [2s 4s 9d 2h 7d], UDF1 (20), Unrest (24)
Unrest checks
UDF1 checks
UDF1 shows [7h Jc]
Unrest shows [Ts 6s]
UDF1 awarded 24
Unrest awarded -24

Round #14, Unrest (7803), UDF1 (-7803)
Unrest posts blind: 10
UDF1 posts blind: 20
Unrest received [8s 7s]
UDF1 received [Jd Ts]
Unrest calls
UDF1 raises to 46
Unrest calls
Flop [As Th 7d], Unrest (46), UDF1 (46)
UDF1 bids 39
Unrest bids 743
Unrest won the auction and was revealed [Jd]
Flop [As Th 7d], Unrest (85), UDF1 (46)
UDF1 bets 1692
Unrest calls
Turn [As Th 7d Ac], Unrest (1777), UDF1 (1738)
UDF1 bets 2287
Unrest calls
River [As Th 7d Ac 7h], Unrest (4064), UDF1 (4025)
UDF1 bets 570
Unrest calls
Unrest shows [8s 7s]
UDF1 shows [Jd Ts]
Unrest awarded 4595
UDF1 awarded -4595

Round #15, UDF1 (-12398), Unrest (12398)
UDF1 posts blind: 10
Unrest posts blind: 20
UDF1 received [3c Jd]
Unrest received [Ad Kd]
UDF1 raises to 1009
Unrest calls
Flop [3s 5d Ts], UDF1 (1009), Unrest (1009)
Unrest bids 199
UDF1 bids 301
UDF1 won the auction and was revealed [Ad]
Flop [3s 5d Ts], UDF1 (1208), Unrest (1009)
Unrest checks
UDF1 bets 1817
Unrest calls
Turn [3s 5d Ts 7h], UDF1 (3025), Unrest (2826)
Unrest checks
UDF1 checks
River [3s 5d Ts 7h 4h], UDF1 (3025), Unrest (2826)
Unrest checks
UDF1 checks
UDF1 shows [3c Jd]
Unrest shows [Ad Kd]
UDF1 awarded 2826
Unrest awarded -2826

Round #16, Unrest (9572), UDF1 (-9572)
Unrest posts blind: 10
UDF1 posts blind: 20
Unrest received [6s Ad]
UDF1 received [Qc 5c]
Unrest raises to 40
UDF1 calls
Flop [3c Kd 8s], Unrest (40), UDF1 (40)
UDF1 bids 53
Unrest bids 248
Unrest won the auction and was revealed [Qc]
Flop [3c Kd 8s], Unrest (93), UDF1 (40)
UDF1 checks
Unrest checks
Turn [3c Kd 8s 3s], Unrest (93), UDF1 (40)
UDF1 bets 4907
Unrest folds
Unrest awarded -93
UDF1 awarded 93

Round #17, UDF1 (-9479), Unrest (9479)
UDF1 posts blind: 10
Unrest posts blind: 20
UDF1 received [Jc 7d]
Unrest received [As 6h]
UDF1 raises to 5000
Unrest calls
Flop [Jh 9s 4d], UDF1 (5000), Unrest (5000)
Unrest bids 0
UDF1 bids 0
UDF1 won the auction and was revealed [6h]
Unrest won the auction and was revealed [7d]
Flop [Jh 9s 4d], UDF1 (5000), Unrest (5000)
Unrest checks
UDF1 checks
Turn [Jh 9s 4d 7h], UDF1 (5000), Unrest (5000)
Unrest checks
UDF1 checks
River [Jh 9s 4d 7h 3d], UDF1 (5000), Unrest (5000)
Unrest checks
UDF1 checks
UDF1 shows [Jc 7d]
Unrest shows [As 6h]
UDF1 awarded 5000
Unrest awarded -5000

Round #18, Unrest (4479), UDF1 (-4479)
Unrest posts blind: 10
UDF1 posts blind: 20
Unrest received [4c 3h]
UDF1 received [Kc Th]
Unrest folds
Unrest awarded -10
UDF1 awarded 10

Round #19, UDF1 (-4469), Unrest (4469)
UDF1 posts blind: 10
Unrest posts blind: 20
UDF1 received [Js 6d]
Unrest received [As Ah]
UDF1 raises to 50
Unrest calls
Flop [8d 6s 8h], UDF1 (50), Unrest (50)
Unrest bids 247
UDF1 bids 61
Unrest won the auction and was revealed [Js]
Flop [8d 6s 8h], UDF1 (50), Unrest (111)
Unrest checks
UDF1 bets 4889
Unrest folds
UDF1 awarded 111
Unrest awarded -111

Round #20, Unrest (4358), UDF1 (-4358)
Unrest posts blind: 10
UDF1 posts blind: 20
Unrest received [Ac 3c]
UDF1 received [4d 8s]
Unrest raises to 40
UDF1 raises to 5000
Unrest calls
Flop [Ks 5s Th], Unrest (5000), UDF1 (5000)
UDF1 bids 0
Unrest bids 0
Unrest won the auction and was revealed [4d]
UDF1 won the auction and was revealed [3c]
Flop [Ks 5s Th], Unrest (5000), UDF1 (5000)
UDF1 checks
Unrest checks
Turn [Ks 5s Th 5d], Unrest (5000), UDF1 (5000)
UDF1 checks
Unrest checks
River [Ks 5s Th 5d Kc], Unrest (5000), UDF1 (5000)
UDF1 checks
Unrest checks
Unrest shows [Ac 3c]
UDF1 shows [4d 8s]
Unrest awarded 5000
UDF1 awarded -5000

Round #21, UDF1 (-9358), Unrest (9358)
UDF1 posts blind: 10
Unrest posts blind: 20
UDF1 received [4d Kd]
Unrest received [4c Kc]
UDF1 raises to 50
Unrest calls
Flop [2c Ad 9s], UDF1 (50), Unrest (50)
Unrest bids 247
UDF1 bids 26
Unrest won the auction and was revealed [4d]
Flop [2c Ad 9s], UDF1 (50), Unrest (76)
Unrest checks
UDF1 bets 83
Unrest calls
Turn [2c Ad 9s 6d], UDF1 (133), Unrest (159)
Unrest checks
UDF1 bets 2667
Unrest folds
UDF1 awarded 159
Unrest awarded -159

Round #22, Unrest (9199), UDF1 (-9199)
Unrest posts blind: 10
UDF1 posts blind: 20
Unrest received [Ac Kd]
UDF1 received [Tc Qd]
Unrest raises to 40
UDF1 folds
Unrest awarded 20
UDF1 awarded -20

Round #23, UDF1 (-9219), Unrest (9219)
UDF1 posts blind: 10
Unrest posts blind: 20
UDF1 received [As 6h]
Unrest received [Js 4h]
UDF1 raises to 5000
Unrest calls
Flop [Ah Qc Qh], UDF1 (5000), Unrest (5000)
Unrest bids 0
UDF1 bids 0
UDF1 won the auction and was revealed [Js]
Unrest won the auction and was revealed [As]
Flop [Ah Qc Qh], UDF1 (5000), Unrest (5000)
Unrest checks
UDF1 checks
Turn [Ah Qc Qh Jc], UDF1 (5000), Unrest (5000)
Unrest checks
UDF1 checks
River [Ah Qc Qh Jc Kc], UDF1 (5000), Unrest (5000)
Unrest checks
UDF1 checks
UDF1 shows [As 6h]
Unrest shows [Js 4h]
UDF1 awarded 5000
Unrest awarded -5000

Round #24, Unrest (4219), UDF1 (-4219)
Unrest posts blind: 10
UDF1 posts blind: 20
Unrest received [Ks Qd]
UDF1 received [4d 9s]
Unrest raises to 40
UDF1 calls
Flop [Kh Th 6d], Unrest (40), UDF1 (40)
UDF1 bids 737
Unrest bids 744
Unrest won the auction and was revealed [9s]
Flop [Kh Th 6d], Unrest (777), UDF1 (40)
UDF1 bets 539
Unrest calls
Turn [Kh Th 6d 3h], Unrest (1316), UDF1 (579)
UDF1 bets 3684
Unrest calls
River [Kh Th 6d 3h 7h], Unrest (5000), UDF1 (4263)
UDF1 checks
Unrest checks
Unrest shows [Ks Qd]
UDF1 shows [4d 9s]
Unrest awarded 4263
UDF1 awarded -4263

Round #25, UDF1 (-8482), Unrest (8482)
UDF1 posts blind: 10
Unrest posts blind: 20
UDF1 received [8h Kc]
Unrest received [Qc Ts]
UDF1 raises to 5000
Unrest calls
Flop [2h 7c 9s], UDF1 (5000), Unrest (5000)
Unrest bids 0
UDF1 bids 0
UDF1 won the auction and was revealed [Ts]
Unrest won the auction and was revealed [8h]
Flop [2h 7c 9s], UDF1 (5000), Unrest (5000)
Unrest checks
UDF1 checks
Turn [2h 7c 9s Qd], UDF1 (5000), Unrest (5000)
Unrest checks
UDF1 checks
River [2h 7c 9s Qd 2s], UDF1 (5000), Unrest (5000)
Unrest checks
UDF1 checks
UDF1 shows [8h Kc]
Unrest shows [Qc Ts]
UDF1 awarded -5000
Unrest awarded 5000

Round #26, Unrest (13482), UDF1 (-13482)
Unrest posts blind: 10
UDF1 posts blind: 20
Unrest received [6d 5h]
UDF1 received [As Ah]
Unrest folds
Unrest awarded -10
UDF1 awarded 10

Round #27, UDF1 (-13472), Unrest (13472)
UDF1 posts blind: 10
Unrest posts blind: 20
UDF1 received [2h As]
Unrest received [Qh 4d]
UDF1 calls
Unrest checks
Flop [Ts 8h 5c], UDF1 (20), Unrest (20)
Unrest bids 249
UDF1 bids 40
Unrest won the auction and was revealed [2h]
Flop [Ts 8h 5c], UDF1 (20), Unrest (60)
Unrest checks
UDF1 checks
Turn [Ts 8h 5c 6c], UDF1 (20), Unrest (60)
Unrest checks
UDF1 checks
River [Ts 8h 5c 6c Ah], UDF1 (20), Unrest (60)
Unrest bets 20
UDF1 calls
UDF1 shows [2h As]
Unrest shows [Qh 4d]
UDF1 awarded 80
Unrest awarded -80

Round #28, Unrest (13392), UDF1 (-13392)
Unrest posts blind: 10
UDF1 posts blind: 20
Unrest received [7h 3s]
UDF1 received [6d 9s]
Unrest folds
Unrest awarded -10
UDF1 awarded 10

Round #29, UDF1 (-13382), Unrest (13382)
UDF1 posts blind: 10
Unrest posts blind: 20
UDF1 received [3c 5s]
Unrest received [9s 7d]
UDF1 folds
UDF1 awarded -10
Unrest awarded 10

Round #30, Unrest (13392), UDF1 (-13392)
Unrest posts blind: 10
UDF1 posts blind: 20
Unrest received [Th 2h]
UDF1 received [5d 7h]
Unrest calls
UDF1 checks
Flop [Ac Ad Jh], Unrest (20), UDF1 (20)
UDF1 bids 40
Unrest bids 249
Unrest won the auction and was revealed [5d]
Flop [Ac Ad Jh], Unrest (60), UDF1 (20)
UDF1 checks
Unrest checks
Turn [Ac Ad Jh 9d], Unrest (60), UDF1 (20)
UDF1 checks
Unrest checks
River [Ac Ad Jh 9d 2c], Unrest (60), UDF1 (20)
UDF1 bets 52
Unrest calls
Unrest shows [Th 2h]
UDF1 shows [5d 7h]
Unrest awarded 72
UDF1 awarded -72

Round #31, UDF1 (-13464), Unrest (13464)
UDF1 posts blind: 10
Unrest posts blind: 20
UDF1 received [4s Kh]
Unrest received [3c 5h]
UDF1 calls
Unrest checks
Flop [Jh 6c Kd], UDF1 (20), Unrest (20)
Unrest bids 249
UDF1 bids 40
Unrest won the auction and was revealed [Kh]
Flop [Jh 6c Kd], UDF1 (20), Unrest (60)
Unrest checks
UDF1 checks
Turn [Jh 6c Kd 3h], UDF1 (20), Unrest (60)
Unrest checks
UDF1 bets 1704
Unrest calls
River [Jh 6c Kd 3h Th], UDF1 (1724), Unrest (1764)
Unrest bets 20
UDF1 raises to 2132
Unrest calls
UDF1 shows [4s Kh]
Unrest shows [3c 5h]
UDF1 awarded 3896
Unrest awarded -3896

Round #32, Unrest (9568), UDF1 (-9568)
Unrest posts blind: 10
UDF1 posts blind: 20
Unrest received [3s Kd]
UDF1 received [Ks 8s]
Unrest calls
UDF1 raises to 46
Unrest calls
Flop [Js 4c Jh], Unrest (46), UDF1 (46)
UDF1 bids 59
Unrest bids 247
Unrest won the auction and was revealed [Ks]
Flop [Js 4c Jh], Unrest (105), UDF1 (46)
UDF1 checks
Unrest checks
Turn [Js 4c Jh 7c], Unrest (105), UDF1 (46)
UDF1 checks
Unrest checks
River [Js 4c Jh 7c 9d], Unrest (105), UDF1 (46)
UDF1 checks
Unrest checks
Unrest shows [3s Kd]
UDF1 shows [Ks 8s]
Unrest awarded -105
UDF1 awarded 105

Round #33, UDF1 (-9463), Unrest (9463)
UDF1 posts blind: 10
Unrest posts blind: 20
UDF1 received [8c Qc]
Unrest received [9h 3h]
UDF1 raises to 866
Unrest calls
Flop [Qh Ks Kd], UDF1 (866), Unrest (866)
Unrest bids 206
UDF1 bids 129
Unrest won the auction and was revealed [8c]
Flop [Qh Ks Kd], UDF1 (866), Unrest (995)
Unrest checks
UDF1 bets 4005
Unrest calls
Turn [Qh Ks Kd Kc], UDF1 (4871), Unrest (5000)
Unrest checks
UDF1 checks
River [Qh Ks Kd Kc 5d], UDF1 (4871), Unrest (5000)
Unrest checks
UDF1 checks
UDF1 shows [8c Qc]
Unrest shows [9h 3h]
UDF1 awarded 5000
Unrest awarded -5000

Round #34, Unrest (4463), UDF1 (-4463)
Unrest posts blind: 10
UDF1 posts blind: 20
Unrest received [6d 6c]
UDF1 received [9h 5s]
Unrest raises to 40
UDF1 calls
Flop [3s Ac 5d], Unrest (40), UDF1 (40)
UDF1 bids 25
Unrest bids 744
Unrest won the auction and was revealed [5s]
Flop [3s Ac 5d], Unrest (65), UDF1 (40)
UDF1 bets 69
Unrest calls
Turn [3s Ac 5d 8s], Unrest (134), UDF1 (109)
UDF1 bets 1695
Unrest calls
River [3s Ac 5d 8s 3d], Unrest (1829), UDF1 (1804)
UDF1 bets 3171
Unrest calls
Unrest shows [6d 6c]
UDF1 shows [9h 5s]
Unrest awarded 4975
UDF1 awarded -4975

Round #35, UDF1 (-9438), Unrest (9438)
UDF1 posts blind: 10
Unrest posts blind: 20
UDF1 received [6c Kd]
Unrest received [6d 3c]
UDF1 calls
Unrest checks
Flop [9c Th 4c], UDF1 (20), Unrest (20)
Unrest bids 249
UDF1 bids 41
Unrest won the auction and was revealed [6c]
Flop [9c Th 4c], UDF1 (20), Unrest (61)
Unrest checks
UDF1 bets 4939
Unrest folds
UDF1 awarded 61
Unrest awarded -61

Round #36, Unrest (9377), UDF1 (-9377)
Unrest posts blind: 10
UDF1 posts blind: 20
Unrest received [Qs Qd]
UDF1 received [2s 6c]
Unrest raises to 40
UDF1 raises to 100
Unrest raises to 160
UDF1 raises to 1212
Unrest raises to 2264
UDF1 raises to 4214
Unrest raises to 5000
UDF1 calls
Flop [As Ts Kh], Unrest (5000), UDF1 (5000)
UDF1 bids 0
Unrest bids 0
Unrest won the auction and was revealed [2s]
UDF1 won the auction and was revealed [Qd]
Flop [As Ts Kh], Unrest (5000), UDF1 (5000)
UDF1 checks
Unrest checks
Turn [As Ts Kh 4c], Unrest (5000), UDF1 (5000)
UDF1 checks
Unrest checks
River [As Ts Kh 4c 4h], Unrest (5000), UDF1 (5000)
UDF1 checks
Unrest checks
Unrest shows [Qs Qd]
UDF1 shows [2s 6c]
Unrest awarded 5000
UDF1 awarded -5000

Round #37, UDF1 (-14377), Unrest (14377)
UDF1 posts blind: 10
Unrest posts blind: 20
UDF1 received [8h 2c]
Unrest received [3d 2s]
UDF1 raises to 5000
Unrest folds
UDF1 awarded 20
Unrest awarded -20

Round #38, Unrest (14357), UDF1 (-14357)
Unrest posts blind: 10
UDF1 posts blind: 20
Unrest received [Jc 5c]
UDF1 received [Qd 8h]
Unrest calls
UDF1 checks
Flop [Td 3c Ah], Unrest (20), UDF1 (20)
UDF1 bids 40
Unrest bids 249
Unrest won the auction and was revealed [Qd]
Flop [Td 3c Ah], Unrest (60), UDF1 (20)
UDF1 bets 4940
Unrest folds
Unrest awarded -60
UDF1 awarded 60

Round #39, UDF1 (-14297), Unrest (14297)
UDF1 posts blind: 10
Unrest posts blind: 20
UDF1 received [As 2s]
Unrest received [2h 7c]
UDF1 raises to 5000
Unrest folds
UDF1 awarded 20
Unrest awarded -20

Round #40, Unrest (14277), UDF1 (-14277)
Unrest posts blind: 10
UDF1 posts blind: 20
Unrest received [Ts Js]
UDF1 received [4c Qc]
Unrest raises to 40
UDF1 raises to 1041
Unrest raises to 2042
UDF1 raises to 3803
Unrest raises to 5000
UDF1 calls
Flop [3s 5c 8s], Unrest (5000), UDF1 (5000)
UDF1 bids 0
Unrest bids 0
Unrest won the auction and was revealed [4c]
UDF1 won the auction and was revealed [Ts]
Flop [3s 5c 8s], Unrest (5000), UDF1 (5000)
UDF1 checks
Unrest checks
Turn [3s 5c 8s Ah], Unrest (5000), UDF1 (5000)
UDF1 checks
Unrest checks
River [3s 5c 8s Ah Qd], Unrest (5000), UDF1 (5000)
UDF1 checks
Unrest checks
Unrest shows [Ts Js]
UDF1 shows [4c Qc]
Unrest awarded -5000
UDF1 awarded 5000

Round #41, UDF1 (-9277), Unrest (9277)
UDF1 posts blind: 10
Unrest posts blind: 20
UDF1 received [3s Kc]
Unrest received [4c 2s]
UDF1 raises to 923
Unrest folds
UDF1 awarded 20
Unrest awarded -20

Round #42, Unrest (9257), UDF1 (-9257)
Unrest posts blind: 10
UDF1 posts blind: 20
Unrest received [Kh 6h]
UDF1 received [6d As]
Unrest raises to 40
UDF1 raises to 100
Unrest raises to 160
UDF1 raises to 5000
Unrest calls
Flop [8c 5d Jc], Unrest (5000), UDF1 (5000)
UDF1 bids 0
Unrest bids 0
Unrest won the auction and was revealed [As]
UDF1 won the auction and was revealed [6h]
Flop [8c 5d Jc], Unrest (5000), UDF1 (5000)
UDF1 checks
Unrest checks
Turn [8c 5d Jc 7h], Unrest (5000), UDF1 (5000)
UDF1 checks
Unrest checks
River [8c 5d Jc 7h 2s], Unrest (5000), UDF1 (5000)
UDF1 checks
Unrest checks
Unrest shows [Kh 6h]
UDF1 shows [6d As]
Unrest awarded -5000
UDF1 awarded 5000

Round #43, UDF1 (-4257), Unrest (4257)
UDF1 posts blind: 10
Unrest posts blind: 20
UDF1 received [6d 5c]
Unrest received [7h 9c]
UDF1 calls
Unrest checks
Flop [3c 2c 8d], UDF1 (20), Unrest (20)
Unrest bids 249
UDF1 bids 39
Unrest won the auction and was revealed [6d]
Flop [3c 2c 8d], UDF1 (20), Unrest (59)
Unrest checks
UDF1 bets 52
Unrest calls
Turn [3c 2c 8d 9d], UDF1 (72), Unrest (111)
Unrest checks
UDF1 checks
River [3c 2c 8d 9d 7s], UDF1 (72), Unrest (111)
Unrest checks
UDF1 checks
UDF1 shows [6d 5c]
Unrest shows [7h 9c]
UDF1 awarded 111
Unrest awarded -111

Round #44, Unrest (4146), UDF1 (-4146)
Unrest posts blind: 10
UDF1 posts blind: 20
Unrest received [2c 3h]
UDF1 received [6s Ad]
Unrest folds
Unrest awarded -10
UDF1 awarded 10

Round #45, UDF1 (-4136), Unrest (4136)
UDF1 posts blind: 10
Unrest posts blind: 20
UDF1 received [3s 8s]
Unrest received [Ah 2c]
UDF1 raises to 50
Unrest calls
Flop [8h 4s 5s], UDF1 (50), Unrest (50)
Unrest bids 247
UDF1 bids 25
Unrest won the auction and was revealed [8s]
Flop [8h 4s 5s], UDF1 (50), Unrest (75)
Unrest checks
UDF1 checks
Turn [8h 4s 5s 2h], UDF1 (50), Unrest (75)
Unrest bets 20
UDF1 raises to 1641
Unrest calls
River [8h 4s 5s 2h 3h], UDF1 (1691), Unrest (1716)
Unrest checks
UDF1 bets 3284
Unrest calls
UDF1 shows [3s 8s]
Unrest shows [Ah 2c]
UDF1 awarded -4975
Unrest awarded 4975

Round #46, Unrest (9111), UDF1 (-9111)
Unrest posts blind: 10
UDF1 posts blind: 20
Unrest received [9s 8s]
UDF1 received [6c Kh]
Unrest calls
UDF1 raises to 5000
Unrest calls
Flop [5s 8d 8h], Unrest (5000), UDF1 (5000)
UDF1 bids 0
Unrest bids 0
Unrest won the auction and was revealed [6c]
UDF1 won the auction and was revealed [9s]
Flop [5s 8d 8h], Unrest (5000), UDF1 (5000)
UDF1 checks
Unrest checks
Turn [5s 8d 8h Ks], Unrest (5000), UDF1 (5000)
UDF1 checks
Unrest checks
River [5s 8d 8h Ks Qh], Unrest (5000), UDF1 (5000)
UDF1 checks
Unrest checks
Unrest shows [9s 8s]
UDF1 shows [6c Kh]
Unrest awarded 5000
UDF1 awarded -5000

Round #47, UDF1 (-14111), Unrest (14111)
UDF1 posts blind: 10
Unrest posts blind: 20
UDF1 received [5c 5d]
Unrest received [9s Kh]
UDF1 raises to 50
Unrest calls
Flop [Qc Kd Ah], UDF1 (50), Unrest (50)
Unrest bids 742
UDF1 bids 60
Unrest won the auction and was revealed [5d]
Flop [Qc Kd Ah], UDF1 (50), Unrest (110)
Unrest bets 20
UDF1 raises to 200
Unrest calls
Turn [Qc Kd Ah 3c], UDF1 (250), Unrest (310)
Unrest bets 20
UDF1 calls
River [Qc Kd Ah 3c 9c], UDF1 (270), Unrest (330)
Unrest bets 20
UDF1 raises to 640
Unrest calls
UDF1 shows [5c 5d]
Unrest shows [9s Kh]
UDF1 awarded -910
Unrest awarded 910

Round #48, Unrest (15021), UDF1 (-15021)
Unrest posts blind: 10
UDF1 posts blind: 20
Unrest received [Qd Ac]
UDF1 received [Jd Th]
Unrest raises to 40
UDF1 raises to 5000
Unrest calls
Flop [Ah 4d 7d], Unrest (5000), UDF1 (5000)
UDF1 bids 0
Unrest bids 0
Unrest won the auction and was revealed [Jd]
UDF1 won the auction and was revealed [Ac]
Flop [Ah 4d 7d], Unrest (5000), UDF1 (5000)
UDF1 checks
Unrest checks
Turn [Ah 4d 7d Kh], Unrest (5000), UDF1 (5000)
UDF1 checks
Unrest checks
River [Ah 4d 7d Kh 5h], Unrest (5000), UDF1 (5000)
UDF1 checks
Unrest checks
Unrest shows [Qd Ac]
UDF1 shows [Jd Th]
Unrest awarded 5000
UDF1 awarded -5000

Round #49, UDF1 (-20021), Unrest (20021)
UDF1 posts blind: 10
Unrest posts blind: 20
UDF1 received [6s 6d]
Unrest received [5c 7s]
UDF1 raises to 1312
Unrest folds
UDF1 awarded 20
Unrest awarded -20

Round #50, Unrest (20001), UDF1 (-20001)
Unrest posts blind: 10
UDF1 posts blind: 20
Unrest received [2c Td]
UDF1 received [Js As]
Unrest calls
UDF1 raises to 46
Unrest calls
Flop [4d 7c 3s], Unrest (46), UDF1 (46)
UDF1 bids 26
Unrest bids 247
Unrest won the auction and was revealed [Js]
Flop [4d 7c 3s], Unrest (72), UDF1 (46)
UDF1 bets 4928
Unrest folds
Unrest awarded -72
UDF1 awarded 72

Round #51, UDF1 (-19929), Unrest (19929)
UDF1 posts blind: 10
Unrest posts blind: 20
UDF1 received [Ts Js]
Unrest received [8c Th]
UDF1 raises to 1267
Unrest calls
Flop [5c 3s 6d], UDF1 (1267), Unrest (1267)
Unrest bids 186
UDF1 bids 218
UDF1 won the auction and was revealed [8c]
Flop [5c 3s 6d], UDF1 (1453), Unrest (1267)
Unrest checks
UDF1 bets 1795
Unrest calls
Turn [5c 3s 6d Kc], UDF1 (3248), Unrest (3062)
Unrest checks
UDF1 checks
River [5c 3s 6d Kc 9c], UDF1 (3248), Unrest (3062)
Unrest checks
UDF1 checks
UDF1 shows [Ts Js]
Unrest shows [8c Th]
UDF1 awarded 3062
Unrest awarded -3062

Round #52, Unrest (16867), UDF1 (-16867)
Unrest posts blind: 10
UDF1 posts blind: 20
Unrest received [5c 9s]
UDF1 received [3h Kc]
Unrest calls
UDF1 checks
Flop [4s Ks 4h], Unrest (20), UDF1 (20)
UDF1 bids 34
Unrest bids 249
Unrest won the auction and was revealed [3h]
Flop [4s Ks 4h], Unrest (54), UDF1 (20)
UDF1 bets 4946
Unrest folds
Unrest awarded -54
UDF1 awarded 54

Round #53, UDF1 (-16813), Unrest (16813)
UDF1 posts blind: 10
Unrest posts blind: 20
UDF1 received [Qd 8s]
Unrest received [5h 2h]
UDF1 raises to 5000
Unrest folds
UDF1 awarded 20
Unrest awarded -20

Round #54, Unrest (16793), UDF1 (-16793)
Unrest posts blind: 10
UDF1 posts blind: 20
Unrest received [2d 2c]
UDF1 received [5h Ah]
Unrest raises to 40
UDF1 raises to 5000
Unrest calls
Flop [Jd Jh Tc], Unrest (5000), UDF1 (5000)
UDF1 bids 0
Unrest bids 0
Unrest won the auction and was revealed [5h]
UDF1 won the auction and was revealed [2c]
Flop [Jd Jh Tc], Unrest (5000), UDF1 (5000)
UDF1 checks
Unrest checks
Turn [Jd Jh Tc 2h], Unrest (5000), UDF1 (5000)
UDF1 checks
Unrest checks
River [Jd Jh Tc 2h As], Unrest (5000), UDF1 (5000)
UDF1 checks
Unrest checks
Unrest shows [2d 2c]
UDF1 shows [5h Ah]
Unrest awarded 5000
UDF1 awarded -5000

Round #55, UDF1 (-21793), Unrest (21793)
UDF1 posts blind: 10
Unrest posts blind: 20
UDF1 received [8s Ac]
Unrest received [Td 5h]
UDF1 calls
Unrest checks
Flop [6d 5c 3s], UDF1 (20), Unrest (20)
Unrest bids 1245
UDF1 bids 39
Unrest won the auction and was revealed [Ac]
Flop [6d 5c 3s], UDF1 (20), Unrest (59)
Unrest bets 20
UDF1 calls
Turn [6d 5c 3s 3h], UDF1 (40), Unrest (79)
Unrest checks
UDF1 checks
River [6d 5c 3s 3h 5s], UDF1 (40), Unrest (79)
Unrest bets 20
UDF1 calls
UDF1 shows [8s Ac]
Unrest shows [Td 5h]
UDF1 awarded -60
Unrest awarded 60

Round #56, Unrest (21853), UDF1 (-21853)
Unrest posts blind: 10
UDF1 posts blind: 20
Unrest received [5h 4s]
UDF1 received [2d 8s]
Unrest folds
Unrest awarded -10
UDF1 awarded 10

Round #57, UDF1 (-21843), Unrest (21843)
UDF1 posts blind: 10
Unrest posts blind: 20
UDF1 received [Ah 5s]
Unrest received [8h 7h]
UDF1 raises to 5000
Unrest calls
Flop [3h 5c 2d], UDF1 (5000), Unrest (5000)
Unrest bids 0
UDF1 bids 0
UDF1 won the auction and was revealed [8h]
Unrest won the auction and was revealed [Ah]
Flop [3h 5c 2d], UDF1 (5000), Unrest (5000)
Unrest checks
UDF1 checks
Turn [3h 5c 2d 2h], UDF1 (5000), Unrest (5000)
Unrest checks
UDF1 checks
River [3h 5c 2d 2h 4s], UDF1 (5000), Unrest (5000)
Unrest checks
UDF1 checks
UDF1 shows [Ah 5s]
Unrest shows [8h 7h]
UDF1 awarded 5000
Unrest awarded -5000

Round #58, Unrest (16843), UDF1 (-16843)
Unrest posts blind: 10
UDF1 posts blind: 20
Unrest received [Jh 7s]
UDF1 received [9s Td]
Unrest calls
UDF1 raises to 46
Unrest calls
Flop [Qh Js Qc], Unrest (46), UDF1 (46)
UDF1 bids 22
Unrest bids 247
Unrest won the auction and was revealed [Td]
Flop [Qh Js Qc], Unrest (68), UDF1 (46)
UDF1 checks
Unrest checks
Turn [Qh Js Qc 7h], Unrest (68), UDF1 (46)
UDF1 bets 4932
Unrest calls
River [Qh Js Qc 7h 6c], Unrest (5000), UDF1 (4978)
UDF1 checks
Unrest checks
Unrest shows [Jh 7s]
UDF1 shows [9s Td]
Unrest awarded 4978
UDF1 awarded -4978

Round #59, UDF1 (-21821), Unrest (21821)
UDF1 posts blind: 10
Unrest posts blind: 20
UDF1 received [3c 6s]
Unrest received [Qs Jc]
UDF1 raises to 1699
Unrest calls
Flop [9c Ks 9h], UDF1 (1699), Unrest (1699)
Unrest bids 165
UDF1 bids 79
Unrest won the auction and was revealed [6s]
Flop [9c Ks 9h], UDF1 (1699), Unrest (1778)
Unrest checks
UDF1 bets 2294
Unrest calls
Turn [9c Ks 9h 4c], UDF1 (3993), Unrest (4072)
Unrest checks
UDF1 checks
River [9c Ks 9h 4c 5s], UDF1 (3993), Unrest (4072)
Unrest checks
UDF1 checks
UDF1 shows [3c 6s]
Unrest shows [Qs Jc]
UDF1 awarded -3993
Unrest awarded 3993

Round #60, Unrest (25814), UDF1 (-25814)
Unrest posts blind: 10
UDF1 posts blind: 20
Unrest received [Ad Kd]
UDF1 received [Kh 2s]
Unrest raises to 40
UDF1 calls
Flop [8d 9c 7c], Unrest (40), UDF1 (40)
UDF1 bids 48
Unrest bids 248
Unrest won the auction and was revealed [2s]
Flop [8d 9c 7c], Unrest (88), UDF1 (40)
UDF1 bets 84
Unrest calls
Turn [8d 9c 7c 2d], Unrest (172), UDF1 (124)
UDF1 bets 4828
Unrest folds
Unrest awarded -172
UDF1 awarded 172

Round #61, UDF1 (-25642), Unrest (25642)
UDF1 posts blind: 10
Unrest posts blind: 20
UDF1 received [Qd 9s]
Unrest received [Ts Td]
UDF1 raises to 969
Unrest calls
Flop [6c Kc Jc], UDF1 (969), Unrest (969)
Unrest bids 604
UDF1 bids 188
Unrest won the auction and was revealed [Qd]
Flop [6c Kc Jc], UDF1 (969), Unrest (1157)
Unrest bets 20
UDF1 calls
Turn [6c Kc Jc 6h], UDF1 (989), Unrest (1177)
Unrest checks
UDF1 checks
River [6c Kc Jc 6h 4h], UDF1 (989), Unrest (1177)
Unrest checks
UDF1 bets 3823
Unrest calls
UDF1 shows [Qd 9s]
Unrest shows [Ts Td]
UDF1 awarded -4812
Unrest awarded 4812

Round #62, Unrest (30454), UDF1 (-30454)
Unrest posts blind: 10
UDF1 posts blind: 20
Unrest received [Jc 2c]
UDF1 received [Jd 8h]
Unrest calls
UDF1 raises to 46
Unrest calls
Flop [7c Ah 4d], Unrest (46), UDF1 (46)
UDF1 bids 56
Unrest bids 247
Unrest won the auction and was revealed [8h]
Flop [7c Ah 4d], Unrest (102), UDF1 (46)
UDF1 checks
Unrest checks
Turn [7c Ah 4d 6c], Unrest (102), UDF1 (46)
UDF1 bets 97
Unrest calls
River [7c Ah 4d 6c Th], Unrest (199), UDF1 (143)
UDF1 checks
Unrest checks
Unrest shows [Jc 2c]
UDF1 shows [Jd 8h]
Unrest awarded -199
UDF1 awarded 199

Round #63, UDF1 (-30255), Unrest (30255)
UDF1 posts blind: 10
Unrest posts blind: 20
UDF1 received [9d Ks]
Unrest received [4h Qs]
UDF1 calls
Unrest checks
Flop [6c Js 4d], UDF1 (20), Unrest (20)
Unrest bids 1245
UDF1 bids 39
Unrest won the auction and was revealed [Ks]
Flop [6c Js 4d], UDF1 (20), Unrest (59)
Unrest bets 20
UDF1 raises to 1463
Unrest calls
Turn [6c Js 4d 4s], UDF1 (1483), Unrest (1522)
Unrest bets 20
UDF1 calls
River [6c Js 4d 4s Td], UDF1 (1503), Unrest (1542)
Unrest bets 20
UDF1 calls
UDF1 shows [9d Ks]
Unrest shows [4h Qs]
UDF1 awarded -1523
Unrest awarded 1523

Round #64, Unrest (31778), UDF1 (-31778)
Unrest posts blind: 10
UDF1 posts blind: 20
Unrest received [Th Ts]
UDF1 received [Ks 4d]
Unrest raises to 40
UDF1 folds
Unrest awarded 20
UDF1 awarded -20

Round #65, UDF1 (-31798), Unrest (31798)
UDF1 posts blind: 10
Unrest posts blind: 20
UDF1 received [4d Td]
Unrest received [Ad As]
UDF1 raises to 50
Unrest calls
Flop [Ac 8h Qh], UDF1 (50), Unrest (50)
Unrest bids 1237
UDF1 bids 57
Unrest won the auction and was revealed [4d]
Flop [Ac 8h Qh], UDF1 (50), Unrest (107)
Unrest bets 20
UDF1 raises to 197
Unrest calls
Turn [Ac 8h Qh 7c], UDF1 (247), Unrest (304)
Unrest bets 20
UDF1 raises to 591
Unrest calls
River [Ac 8h Qh 7c Ah], UDF1 (838), Unrest (895)
Unrest bets 20
UDF1 calls
UDF1 shows [4d Td]
Unrest shows [Ad As]
UDF1 awarded -858
Unrest awarded 858

Round #66, Unrest (32656), UDF1 (-32656)
Unrest posts blind: 10
UDF1 posts blind: 20
Unrest received [2s Ks]
UDF1 received [9d Js]
Unrest raises to 40
UDF1 raises to 100
Unrest raises to 160
UDF1 raises to 5000
Unrest calls
Flop [3d 5s 9h], Unrest (5000), UDF1 (5000)
UDF1 bids 0
Unrest bids 0
Unrest won the auction and was revealed [9d]
UDF1 won the auction and was revealed [2s]
Flop [3d 5s 9h], Unrest (5000), UDF1 (5000)
UDF1 checks
Unrest checks
Turn [3d 5s 9h Qs], Unrest (5000), UDF1 (5000)
UDF1 checks
Unrest checks
River [3d 5s 9h Qs Ts], Unrest (5000), UDF1 (5000)
UDF1 checks
Unrest checks
Unrest shows [2s Ks]
UDF1 shows [9d Js]
Unrest awarded 5000
UDF1 awarded -5000

Round #67, UDF1 (-37656), Unrest (37656)
UDF1 posts blind: 10
Unrest posts blind: 20
UDF1 received [Kc Ad]
Unrest received [8h 7d]
UDF1 raises to 5000
Unrest calls
Flop [Td 2h 9c], UDF1 (5000), Unrest (5000)
Unrest bids 0
UDF1 bids 0
UDF1 won the auction and was revealed [7d]
Unrest won the auction and was revealed [Ad]
Flop [Td 2h 9c], UDF1 (5000), Unrest (5000)
Unrest checks
UDF1 checks
Turn [Td 2h 9c 7s], UDF1 (5000), Unrest (5000)
Unrest checks
UDF1 checks
River [Td 2h 9c 7s 2s], UDF1 (5000), Unrest (5000)
Unrest checks
UDF1 checks
UDF1 shows [Kc Ad]
Unrest shows [8h 7d]
UDF1 awarded -5000
Unrest awarded 5000

Round #68, Unrest (42656), UDF1 (-42656)
Unrest posts blind: 10
UDF1 posts blind: 20
Unrest received [As 8d]
UDF1 received [5s Js]
Unrest raises to 40
UDF1 raises to 100
Unrest raises to 160
UDF1 raises to 5000
Unrest calls
Flop [4s 9c 4h], Unrest (5000), UDF1 (5000)
UDF1 bids 0
Unrest bids 0
Unrest won the auction and was revealed [Js]
UDF1 won the auction and was revealed [As]
Flop [4s 9c 4h], Unrest (5000), UDF1 (5000)
UDF1 checks
Unrest checks
Turn [4s 9c 4h Tc], Unrest (5000), UDF1 (5000)
UDF1 checks
Unrest checks
River [4s 9c 4h Tc 5d], Unrest (5000), UDF1 (5000)
UDF1 checks
Unrest checks
Unrest shows [As 8d]
UDF1 shows [5s Js]
Unrest awarded -5000
UDF1 awarded 5000

Round #69, UDF1 (-37656), Unrest (37656)
UDF1 posts blind: 10
Unrest posts blind: 20
UDF1 received [Ad Qd]
Unrest received [Qs Js]
UDF1 raises to 5000
Unrest calls
Flop [Kd Th 6c], UDF1 (5000), Unrest (5000)
Unrest bids 0
UDF1 bids 0
UDF1 won the auction and was revealed [Js]
Unrest won the auction and was revealed [Qd]
Flop [Kd Th 6c], UDF1 (5000), Unrest (5000)
Unrest checks
UDF1 checks
Turn [Kd Th 6c 7d], UDF1 (5000), Unrest (5000)
Unrest checks
UDF1 checks
River [Kd Th 6c 7d 2s], UDF1 (5000), Unrest (5000)
Unrest checks
UDF1 checks
UDF1 shows [Ad Qd]
Unrest shows [Qs Js]
UDF1 awarded 5000
Unrest awarded -5000

Round #70, Unrest (32656), UDF1 (-32656)
Unrest posts blind: 10
UDF1 posts blind: 20
Unrest received [7h 2c]
UDF1 received [9h 6c]
Unrest folds
Unrest awarded -10
UDF1 awarded 10

Round #71, UDF1 (-32646), Unrest (32646)
UDF1 posts blind: 10
Unrest posts blind: 20
UDF1 received [Js 9s]
Unrest received [5d 6s]
UDF1 raises to 50
Unrest folds
UDF1 awarded 20
Unrest awarded -20

Round #72, Unrest (32626), UDF1 (-32626)
Unrest posts blind: 10
UDF1 posts blind: 20
Unrest received [2h 9h]
UDF1 received [9c Tc]
Unrest calls
UDF1 raises to 46
Unrest calls
Flop [8d Js 7h], Unrest (46), UDF1 (46)
UDF1 bids 52
Unrest bids 247
Unrest won the auction and was revealed [9c]
Flop [8d Js 7h], Unrest (98), UDF1 (46)
UDF1 bets 4902
Unrest folds
Unrest awarded -98
UDF1 awarded 98

Round #73, UDF1 (-32528), Unrest (32528)
UDF1 posts blind: 10
Unrest posts blind: 20
UDF1 received [Ts 3c]
Unrest received [2s Kc]
UDF1 raises to 50
Unrest calls
Flop [Jc Td As], UDF1 (50), Unrest (50)
Unrest bids 247
UDF1 bids 60
Unrest won the auction and was revealed [Ts]
Flop [Jc Td As], UDF1 (50), Unrest (110)
Unrest checks
UDF1 bets 4890
Unrest folds
UDF1 awarded 110
Unrest awarded -110

Round #74, Unrest (32418), UDF1 (-32418)
Unrest posts blind: 10
UDF1 posts blind: 20
Unrest received [Js 3d]
UDF1 received [Kc As]
Unrest calls
UDF1 checks
Flop [Ah Td 8h], Unrest (20), UDF1 (20)
UDF1 bids 21
Unrest bids 249
Unrest won the auction and was revealed [Kc]
Flop [Ah Td 8h], Unrest (41), UDF1 (20)
UDF1 bets 1629
Unrest folds
Unrest awarded -41
UDF1 awarded 41

Round #75, UDF1 (-32377), Unrest (32377)
UDF1 posts blind: 10
Unrest posts blind: 20
UDF1 received [9h 3c]
Unrest received [4d 2s]
UDF1 folds
UDF1 awarded -10
Unrest awarded 10

Round #76, Unrest (32387), UDF1 (-32387)
Unrest posts blind: 10
UDF1 posts blind: 20
Unrest received [5d Jh]
UDF1 received [6c Ah]
Unrest calls
UDF1 raises to 5000
Unrest calls
Flop [5c Ts Qd], Unrest (5000), UDF1 (5000)
UDF1 bids 0
Unrest bids 0
Unrest won the auction and was revealed [6c]
UDF1 won the auction and was revealed [Jh]
Flop [5c Ts Qd], Unrest (5000), UDF1 (5000)
UDF1 checks
Unrest checks
Turn [5c Ts Qd Kc], Unrest (5000), UDF1 (5000)
UDF1 checks
Unrest checks
River [5c Ts Qd Kc Ac], Unrest (5000), UDF1 (5000)
UDF1 checks
Unrest checks
Unrest shows [5d Jh]
UDF1 shows [6c Ah]
Unrest awarded 5000
UDF1 awarded -5000

Round #77, UDF1 (-37387), Unrest (37387)
UDF1 posts blind: 10
Unrest posts blind: 20
UDF1 received [5c 7c]
Unrest received [4c 9c]
UDF1 calls
Unrest checks
Flop [3h 6c 9d], UDF1 (20), Unrest (20)
Unrest bids 747
UDF1 bids 38
Unrest won the auction and was revealed [5c]
Flop [3h 6c 9d], UDF1 (20), Unrest (58)
Unrest bets 20
UDF1 calls
Turn [3h 6c 9d Th], UDF1 (40), Unrest (78)
Unrest bets 20
UDF1 folds
UDF1 awarded -40
Unrest awarded 40

Round #78, Unrest (37427), UDF1 (-37427)
Unrest posts blind: 10
UDF1 posts blind: 20
Unrest received [4s 4h]
UDF1 received [7h Js]
Unrest raises to 40
UDF1 raises to 5000
Unrest calls
Flop [Tc Ts Kh], Unrest (5000), UDF1 (5000)
UDF1 bids 0
Unrest bids 0
Unrest won the auction and was revealed [Js]
UDF1 won the auction and was revealed [4h]
Flop [Tc Ts Kh], Unrest (5000), UDF1 (5000)
UDF1 checks
Unrest checks
Turn [Tc Ts Kh Th], Unrest (5000), UDF1 (5000)
UDF1 checks
Unrest checks
River [Tc Ts Kh Th 2s], Unrest (5000), UDF1 (5000)
UDF1 checks
Unrest checks
Unrest shows [4s 4h]
UDF1 shows [7h Js]
Unrest awarded 5000
UDF1 awarded -5000

Round #79, UDF1 (-42427), Unrest (42427)
UDF1 posts blind: 10
Unrest posts blind: 20
UDF1 received [3d Jc]
Unrest received [3c Ks]
UDF1 raises to 5000
Unrest calls
Flop [Qd 9s Kc], UDF1 (5000), Unrest (5000)
Unrest bids 0
UDF1 bids 0
UDF1 won the auction and was revealed [Ks]
Unrest won the auction and was revealed [Jc]
Flop [Qd 9s Kc], UDF1 (5000), Unrest (5000)
Unrest checks
UDF1 checks
Turn [Qd 9s Kc 6h], UDF1 (5000), Unrest (5000)
Unrest checks
UDF1 checks
River [Qd 9s Kc 6h 6s], UDF1 (5000), Unrest (5000)
Unrest checks
UDF1 checks
UDF1 shows [3d Jc]
Unrest shows [3c Ks]
UDF1 awarded -5000
Unrest awarded 5000

Round #80, Unrest (47427), UDF1 (-47427)
Unrest posts blind: 10
UDF1 posts blind: 20
Unrest received [5c 3h]
UDF1 received [6c 8c]
Unrest folds
Unrest awarded -10
UDF1 awarded 10

Round #81, UDF1 (-47417), Unrest (47417)
UDF1 posts blind: 10
Unrest posts blind: 20
UDF1 received [6d Kc]
Unrest received [Jd Jh]
UDF1 raises to 5000
Unrest calls
Flop [4d 5s 7c], UDF1 (5000), Unrest (5000)
Unrest bids 0
UDF1 bids 0
UDF1 won the auction and was revealed [Jh]
Unrest won the auction and was revealed [Kc]
Flop [4d 5s 7c], UDF1 (5000), Unrest (5000)
Unrest checks
UDF1 checks
Turn [4d 5s 7c 8c], UDF1 (5000), Unrest (5000)
Unrest checks
UDF1 checks
River [4d 5s 7c 8c Qh], UDF1 (5000), Unrest (5000)
Unrest checks
UDF1 checks
UDF1 shows [6d Kc]
Unrest shows [Jd Jh]
UDF1 awarded 5000
Unrest awarded -5000

Round #82, Unrest (42417), UDF1 (-42417)
Unrest posts blind: 10
UDF1 posts blind: 20
Unrest received [Qc Ac]
UDF1 received [3d 6c]
Unrest raises to 40
UDF1 raises to 100
Unrest raises to 160
UDF1 raises to 420
Unrest raises to 680
UDF1 raises to 1780
Unrest raises to 2880
UDF1 raises to 4566
Unrest raises to 5000
UDF1 calls
Flop [Kc 6s Qh], Unrest (5000), UDF1 (5000)
UDF1 bids 0
Unrest bids 0
Unrest won the auction and was revealed [3d]
UDF1 won the auction and was revealed [Ac]
Flop [Kc 6s Qh], Unrest (5000), UDF1 (5000)
UDF1 checks
Unrest checks
Turn [Kc 6s Qh Jh], Unrest (5000), UDF1 (5000)
UDF1 checks
Unrest checks
River [Kc 6s Qh Jh 2h], Unrest (5000), UDF1 (5000)
UDF1 checks
Unrest checks
Unrest shows [Qc Ac]
UDF1 shows [3d 6c]
Unrest awarded 5000
UDF1 awarded -5000

Round #83, UDF1 (-47417), Unrest (47417)
UDF1 posts blind: 10
Unrest posts blind: 20
UDF1 received [Kc 2c]
Unrest received [6c 2d]
UDF1 raises to 5000
Unrest folds
UDF1 awarded 20
Unrest awarded -20

Round #84, Unrest (47397), UDF1 (-47397)
Unrest posts blind: 10
UDF1 posts blind: 20
Unrest received [Ah 3c]
UDF1 received [6h 3s]
Unrest calls
UDF1 raises to 46
Unrest calls
Flop [Qd 7s Kd], Unrest (46), UDF1 (46)
UDF1 bids 53
Unrest bids 247
Unrest won the auction and was revealed [3s]
Flop [Qd 7s Kd], Unrest (99), UDF1 (46)
UDF1 checks
Unrest checks
Turn [Qd 7s Kd 6d], Unrest (99), UDF1 (46)
UDF1 bets 4901
Unrest folds
Unrest awarded -99
UDF1 awarded 99

Round #85, UDF1 (-47298), Unrest (47298)
UDF1 posts blind: 10
Unrest posts blind: 20
UDF1 received [9c 4d]
Unrest received [As 6h]
UDF1 raises to 2060
Unrest calls
Flop [8h 5c Jh], UDF1 (2060), Unrest (2060)
Unrest bids 147
UDF1 bids 139
Unrest won the auction and was revealed [9c]
Flop [8h 5c Jh], UDF1 (2060), Unrest (2199)
Unrest checks
UDF1 bets 2801
Unrest calls
Turn [8h 5c Jh Kd], UDF1 (4861), Unrest (5000)
Unrest checks
UDF1 checks
River [8h 5c Jh Kd 5s], UDF1 (4861), Unrest (5000)
Unrest checks
UDF1 checks
UDF1 shows [9c 4d]
Unrest shows [As 6h]
UDF1 awarded -4861
Unrest awarded 4861

Round #86, Unrest (52159), UDF1 (-52159)
Unrest posts blind: 10
UDF1 posts blind: 20
Unrest received [4s 8d]
UDF1 received [2c Jd]
Unrest folds
Unrest awarded -10
UDF1 awarded 10

Round #87, UDF1 (-52149), Unrest (52149)
UDF1 posts blind: 10
Unrest posts blind: 20
UDF1 received [7c 5d]
Unrest received [Qd Qh]
UDF1 raises to 5000
Unrest calls
Flop [Jh 7d Kd], UDF1 (5000), Unrest (5000)
Unrest bids 0
UDF1 bids 0
UDF1 won the auction and was revealed [Qh]
Unrest won the auction and was revealed [5d]
Flop [Jh 7d Kd], UDF1 (5000), Unrest (5000)
Unrest checks
UDF1 checks
Turn [Jh 7d Kd 6s], UDF1 (5000), Unrest (5000)
Unrest checks
UDF1 checks
River [Jh 7d Kd 6s 4h], UDF1 (5000), Unrest (5000)
Unrest checks
UDF1 checks
UDF1 shows [7c 5d]
Unrest shows [Qd Qh]
UDF1 awarded -5000
Unrest awarded 5000

Round #88, Unrest (57149), UDF1 (-57149)
Unrest posts blind: 10
UDF1 posts blind: 20
Unrest received [Qh 2c]
UDF1 received [Qs 7c]
Unrest calls
UDF1 raises to 5000
Unrest calls
Flop [4d Ac 7h], Unrest (5000), UDF1 (5000)
UDF1 bids 0
Unrest bids 0
Unrest won the auction and was revealed [Qs]
UDF1 won the auction and was revealed [Qh]
Flop [4d Ac 7h], Unrest (5000), UDF1 (5000)
UDF1 checks
Unrest checks
Turn [4d Ac 7h 6h], Unrest (5000), UDF1 (5000)
UDF1 checks
Unrest checks
River [4d Ac 7h 6h 4s], Unrest (5000), UDF1 (5000)
UDF1 checks
Unrest checks
Unrest shows [Qh 2c]
UDF1 shows [Qs 7c]
Unrest awarded -5000
UDF1 awarded 5000

Round #89, UDF1 (-52149), Unrest (52149)
UDF1 posts blind: 10
Unrest posts blind: 20
UDF1 received [Qs 7s]
Unrest received [5c 3h]
UDF1 raises to 5000
Unrest folds
UDF1 awarded 20
Unrest awarded -20

Round #90, Unrest (52129), UDF1 (-52129)
Unrest posts blind: 10
UDF1 posts blind: 20
Unrest received [Jh Ks]
UDF1 received [8d Th]
Unrest raises to 40
UDF1 raises to 100
Unrest raises to 160
UDF1 raises to 5000
Unrest calls
Flop [Kh 2d Ac], Unrest (5000), UDF1 (5000)
UDF1 bids 0
Unrest bids 0
Unrest won the auction and was revealed [Th]
UDF1 won the auction and was revealed [Jh]
Flop [Kh 2d Ac], Unrest (5000), UDF1 (5000)
UDF1 checks
Unrest checks
Turn [Kh 2d Ac Td], Unrest (5000), UDF1 (5000)
UDF1 checks
Unrest checks
River [Kh 2d Ac Td Qh], Unrest (5000), UDF1 (5000)
UDF1 checks
Unrest checks
Unrest shows [Jh Ks]
UDF1 shows [8d Th]
Unrest awarded 5000
UDF1 awarded -5000

Round #91, UDF1 (-57129), Unrest (57129)
UDF1 posts blind: 10
Unrest posts blind: 20
UDF1 received [7d 6d]
Unrest received [6c Ac]
UDF1 raises to 1734
Unrest calls
Flop [As 4s 8h], UDF1 (1734), Unrest (1734)
Unrest bids 489
UDF1 bids 79
Unrest won the auction and was revealed [7d]
Flop [As 4s 8h], UDF1 (1734), Unrest (1813)
Unrest bets 20
UDF1 calls
Turn [As 4s 8h Qh], UDF1 (1754), Unrest (1833)
Unrest bets 20
UDF1 calls
River [As 4s 8h Qh Kc], UDF1 (1774), Unrest (1853)
Unrest bets 20
UDF1 calls
UDF1 shows [7d 6d]
Unrest shows [6c Ac]
UDF1 awarded -1794
Unrest awarded 1794

Round #92, Unrest (58923), UDF1 (-58923)
Unrest posts blind: 10
UDF1 posts blind: 20
Unrest received [Ts Kc]
UDF1 received [Tc Jd]
Unrest raises to 40
UDF1 raises to 5000
Unrest calls
Flop [5s Td 7h], Unrest (5000), UDF1 (5000)
UDF1 bids 0
Unrest bids 0
Unrest won the auction and was revealed [Tc]
UDF1 won the auction and was revealed [Kc]
Flop [5s Td 7h], Unrest (5000), UDF1 (5000)
UDF1 checks
Unrest checks
Turn [5s Td 7h 8s], Unrest (5000), UDF1 (5000)
UDF1 checks
Unrest checks
River [5s Td 7h 8s Ad], Unrest (5000), UDF1 (5000)
UDF1 checks
Unrest checks
Unrest shows [Ts Kc]
UDF1 shows [Tc Jd]
Unrest awarded 5000
UDF1 awarded -5000

Round #93, UDF1 (-63923), Unrest (63923)
UDF1 posts blind: 10
Unrest posts blind: 20
UDF1 received [5h 9d]
Unrest received [7d 4d]
UDF1 raises to 50
Unrest calls
Flop [Th 6c Qc], UDF1 (50), Unrest (50)
Unrest bids 247
UDF1 bids 57
Unrest won the auction and was revealed [9d]
Flop [Th 6c Qc], UDF1 (50), Unrest (107)
Unrest checks
UDF1 bets 103
Unrest calls
Turn [Th 6c Qc Js], UDF1 (153), Unrest (210)
Unrest checks
UDF1 checks
River [Th 6c Qc Js 6h], UDF1 (153), Unrest (210)
Unrest checks
UDF1 checks
UDF1 shows [5h 9d]
Unrest shows [7d 4d]
UDF1 awarded 28
Unrest awarded -28

Round #94, Unrest (63895), UDF1 (-63895)
Unrest posts blind: 10
UDF1 posts blind: 20
Unrest received [Td 7s]
UDF1 received [8s 4s]
Unrest calls
UDF1 raises to 46
Unrest calls
Flop [Th 8h Js], Unrest (46), UDF1 (46)
UDF1 bids 55
Unrest bids 743
Unrest won the auction and was revealed [4s]
Flop [Th 8h Js], Unrest (101), UDF1 (46)
UDF1 bets 4899
Unrest calls
Turn [Th 8h Js 3s], Unrest (5000), UDF1 (4945)
UDF1 checks
Unrest checks
River [Th 8h Js 3s Jh], Unrest (5000), UDF1 (4945)
UDF1 checks
Unrest checks
Unrest shows [Td 7s]
UDF1 shows [8s 4s]
Unrest awarded 4945
UDF1 awarded -4945

Round #95, UDF1 (-68840), Unrest (68840)
UDF1 posts blind: 10
Unrest posts blind: 20
UDF1 received [4h Ks]
Unrest received [Ad Td]
UDF1 raises to 5000
Unrest calls
Flop [3c 9c 2h], UDF1 (5000), Unrest (5000)
Unrest bids 0
UDF1 bids 0
UDF1 won the auction and was revealed [Td]
Unrest won the auction and was revealed [Ks]
Flop [3c 9c 2h], UDF1 (5000), Unrest (5000)
Unrest checks
UDF1 checks
Turn [3c 9c 2h 4c], UDF1 (5000), Unrest (5000)
Unrest checks
UDF1 checks
River [3c 9c 2h 4c 9h], UDF1 (5000), Unrest (5000)
Unrest checks
UDF1 checks
UDF1 shows [4h Ks]
Unrest shows [Ad Td]
UDF1 awarded 5000
Unrest awarded -5000

Round #96, Unrest (63840), UDF1 (-63840)
Unrest posts blind: 10
UDF1 posts blind: 20
Unrest received [Th 4h]
UDF1 received [5d 4d]
Unrest calls
UDF1 checks
Flop [3c 8h Ts], Unrest (20), UDF1 (20)
UDF1 bids 38
Unrest bids 1245
Unrest won the auction and was revealed [4d]
Flop [3c 8h Ts], Unrest (58), UDF1 (20)
UDF1 bets 51
Unrest calls
Turn [3c 8h Ts 8d], Unrest (109), UDF1 (71)
UDF1 checks
Unrest checks
River [3c 8h Ts 8d 5h], Unrest (109), UDF1 (71)
UDF1 bets 4891
Unrest folds
Unrest awarded -109
UDF1 awarded 109

Round #97, UDF1 (-63731), Unrest (63731)
UDF1 posts blind: 10
Unrest posts blind: 20
UDF1 received [5c Jh]
Unrest received [6h 3h]
UDF1 raises to 50
Unrest folds
UDF1 awarded 20
Unrest awarded -20

Round #98, Unrest (63711), UDF1 (-63711)
Unrest posts blind: 10
UDF1 posts blind: 20
Unrest received [4c Ad]
UDF1 received [Th 5d]
Unrest calls
UDF1 checks
Flop [3s 2c Ac], Unrest (20), UDF1 (20)
UDF1 bids 35
Unrest bids 747
Unrest won the auction and was revealed [5d]
Flop [3s 2c Ac], Unrest (55), UDF1 (20)
UDF1 bets 4945
Unrest calls
Turn [3s 2c Ac 8s], Unrest (5000), UDF1 (4965)
UDF1 checks
Unrest checks
River [3s 2c Ac 8s 5c], Unrest (5000), UDF1 (4965)
UDF1 checks
Unrest checks
Unrest shows [4c Ad]
UDF1 shows [Th 5d]
Unrest awarded 4965
UDF1 awarded -4965

Round #99, UDF1 (-68676), Unrest (68676)
UDF1 posts blind: 10
Unrest posts blind: 20
UDF1 received [Qd 6c]
Unrest received [Kd Kc]
UDF1 calls
Unrest raises to 40
UDF1 raises to 5000
Unrest calls
Flop [Jd 2h 5c], UDF1 (5000), Unrest (5000)
Unrest bids 0
UDF1 bids 0
UDF1 won the auction and was revealed [Kc]
Unrest won the auction and was revealed [6c]
Flop [Jd 2h 5c], UDF1 (5000), Unrest (5000)
Unrest checks
UDF1 checks
Turn [Jd 2h 5c Td], UDF1 (5000), Unrest (5000)
Unrest checks
UDF1 checks
River [Jd 2h 5c Td 6h], UDF1 (5000), Unrest (5000)
Unrest checks
UDF1 checks
UDF1 shows [Qd 6c]
Unrest shows [Kd Kc]
UDF1 awarded -5000
Unrest awarded 5000

Round #100, Unrest (73676), UDF1 (-73676)
Unrest posts blind: 10
UDF1 posts blind: 20
Unrest received [Kc 3c]
UDF1 received [4h Th]
Unrest raises to 40
UDF1 raises to 5000
Unrest calls
Flop [2c 2d 2s], Unrest (5000), UDF1 (5000)
UDF1 bids 0
Unrest bids 0
Unrest won the auction and was revealed [4h]
UDF1 won the auction and was revealed [Kc]
Flop [2c 2d 2s], Unrest (5000), UDF1 (5000)
UDF1 checks
Unrest checks
Turn [2c 2d 2s Ah], Unrest (5000), UDF1 (5000)
UDF1 checks
Unrest checks
River [2c 2d 2s Ah 7s], Unrest (5000), UDF1 (5000)
UDF1 checks
Unrest checks
Unrest shows [Kc 3c]
UDF1 shows [4h Th]
Unrest awarded 5000
UDF1 awarded -5000

Round #101, UDF1 (-78676), Unrest (78676)
UDF1 posts blind: 10
Unrest posts blind: 20
UDF1 received [2d 7s]
Unrest received [Jd Ks]
UDF1 calls
Unrest raises to 40
UDF1 raises to 100
Unrest calls
Flop [Ts 5h Kh], UDF1 (100), Unrest (100)
Unrest bids 1225
UDF1 bids 20
Unrest won the auction and was revealed [7s]
Flop [Ts 5h Kh], UDF1 (100), Unrest (120)
Unrest bets 20
UDF1 folds
UDF1 awarded -100
Unrest awarded 100

Round #102, Unrest (78776), UDF1 (-78776)
Unrest posts blind: 10
UDF1 posts blind: 20
Unrest received [6s 2d]
UDF1 received [Ah Kh]
Unrest folds
Unrest awarded -10
UDF1 awarded 10

Round #103, UDF1 (-78766), Unrest (78766)
UDF1 posts blind: 10
Unrest posts blind: 20
UDF1 received [Th 7h]
Unrest received [9h Kh]
UDF1 raises to 50
Unrest calls
Flop [3s 5s Qh], UDF1 (50), Unrest (50)
Unrest bids 247
UDF1 bids 21
Unrest won the auction and was revealed [7h]
Flop [3s 5s Qh], UDF1 (50), Unrest (71)
Unrest checks
UDF1 bets 79
Unrest calls
Turn [3s 5s Qh 4d], UDF1 (129), Unrest (150)
Unrest checks
UDF1 bets 4850
Unrest folds
UDF1 awarded 150
Unrest awarded -150

Round #104, Unrest (78616), UDF1 (-78616)
Unrest posts blind: 10
UDF1 posts blind: 20
Unrest received [As 8c]
UDF1 received [Jh 2h]
Unrest raises to 40
UDF1 calls
Flop [Js 8d 8h], Unrest (40), UDF1 (40)
UDF1 bids 49
Unrest bids 1240
Unrest won the auction and was revealed [Jh]
Flop [Js 8d 8h], Unrest (89), UDF1 (40)
UDF1 bets 1811
Unrest calls
Turn [Js 8d 8h 3s], Unrest (1900), UDF1 (1851)
UDF1 bets 3100
Unrest calls
River [Js 8d 8h 3s 2d], Unrest (5000), UDF1 (4951)
UDF1 checks
Unrest checks
Unrest shows [As 8c]
UDF1 shows [Jh 2h]
Unrest awarded 4951
UDF1 awarded -4951

Round #105, UDF1 (-83567), Unrest (83567)
UDF1 posts blind: 10
Unrest posts blind: 20
UDF1 received [9s 6d]
Unrest received [8d Kh]
UDF1 raises to 5000
Unrest calls
Flop [Qd Js 4d], UDF1 (5000), Unrest (5000)
Unrest bids 0
UDF1 bids 0
UDF1 won the auction and was revealed [8d]
Unrest won the auction and was revealed [9s]
Flop [Qd Js 4d], UDF1 (5000), Unrest (5000)
Unrest checks
UDF1 checks
Turn [Qd Js 4d Qc], UDF1 (5000), Unrest (5000)
Unrest checks
UDF1 checks
River [Qd Js 4d Qc 9h], UDF1 (5000), Unrest (5000)
Unrest checks
UDF1 checks
UDF1 shows [9s 6d]
Unrest shows [8d Kh]
UDF1 awarded 5000
Unrest awarded -5000

Round #106, Unrest (78567), UDF1 (-78567)
Unrest posts blind: 10
UDF1 posts blind: 20
Unrest received [4h Ts]
UDF1 received [Kh 5s]
Unrest calls
UDF1 raises to 5000
Unrest calls
Flop [9s 6c 4c], Unrest (5000), UDF1 (5000)
UDF1 bids 0
Unrest bids 0
Unrest won the auction and was revealed [5s]
UDF1 won the auction and was revealed [Ts]
Flop [9s 6c 4c], Unrest (5000), UDF1 (5000)
UDF1 checks
Unrest checks
Turn [9s 6c 4c 5h], Unrest (5000), UDF1 (5000)
UDF1 checks
Unrest checks
River [9s 6c 4c 5h 5c], Unrest (5000), UDF1 (5000)
UDF1 checks
Unrest checks
Unrest shows [4h Ts]
UDF1 shows [Kh 5s]
Unrest awarded -5000
UDF1 awarded 5000

Round #107, UDF1 (-73567), Unrest (73567)
UDF1 posts blind: 10
Unrest posts blind: 20
UDF1 received [4d Js]
Unrest received [7d Td]
UDF1 raises to 50
Unrest calls
Flop [5d 7c Jd], UDF1 (50), Unrest (50)
Unrest bids 742
UDF1 bids 24
Unrest won the auction and was revealed [Js]
Flop [5d 7c Jd], UDF1 (50), Unrest (74)
Unrest bets 20
UDF1 folds
UDF1 awarded -50
Unrest awarded 50

Round #108, Unrest (73617), UDF1 (-73617)
Unrest posts blind: 10
UDF1 posts blind: 20
Unrest received [2c Td]
UDF1 received [4s 3h]
Unrest calls
UDF1 checks
Flop [Kc Ad 9h], Unrest (20), UDF1 (20)
UDF1 bids 32
Unrest bids 249
Unrest won the auction and was revealed [4s]
Flop [Kc Ad 9h], Unrest (52), UDF1 (20)
UDF1 bets 47
Unrest calls
Turn [Kc Ad 9h 9c], Unrest (99), UDF1 (67)
UDF1 checks
Unrest checks
River [Kc Ad 9h 9c 4h], Unrest (99), UDF1 (67)
UDF1 bets 109
Unrest calls
Unrest shows [2c Td]
UDF1 shows [4s 3h]
Unrest awarded -208
UDF1 awarded 208

Round #109, UDF1 (-73409), Unrest (73409)
UDF1 posts blind: 10
Unrest posts blind: 20
UDF1 received [Qd 2s]
Unrest received [Kc 3d]
UDF1 calls
Unrest checks
Flop [Ad Jc Tc], UDF1 (20), Unrest (20)
Unrest bids 249
UDF1 bids 35
Unrest won the auction and was revealed [Qd]
Flop [Ad Jc Tc], UDF1 (20), Unrest (55)
Unrest checks
UDF1 bets 4945
Unrest folds
UDF1 awarded 55
Unrest awarded -55

Round #110, Unrest (73354), UDF1 (-73354)
Unrest posts blind: 10
UDF1 posts blind: 20
Unrest received [3c 4c]
UDF1 received [Td 4h]
Unrest folds
Unrest awarded -10
UDF1 awarded 10

Round #111, UDF1 (-73344), Unrest (73344)
UDF1 posts blind: 10
Unrest posts blind: 20
UDF1 received [Jc 6d]
Unrest received [Qs 7d]
UDF1 raises to 50
Unrest calls
Flop [5h Tc 7h], UDF1 (50), Unrest (50)
Unrest bids 742
UDF1 bids 55
Unrest won the auction and was revealed [6d]
Flop [5h Tc 7h], UDF1 (50), Unrest (105)
Unrest checks
UDF1 bets 4895
Unrest calls
Turn [5h Tc 7h 4d], UDF1 (4945), Unrest (5000)
Unrest checks
UDF1 checks
River [5h Tc 7h 4d 8d], UDF1 (4945), Unrest (5000)
Unrest checks
UDF1 checks
UDF1 shows [Jc 6d]
Unrest shows [Qs 7d]
UDF1 awarded 5000
Unrest awarded -5000

Round #112, Unrest (68344), UDF1 (-68344)
Unrest posts blind: 10
UDF1 posts blind: 20
Unrest received [Qc 8h]
UDF1 received [Ac Kd]
Unrest calls
UDF1 raises to 5000
Unrest calls
Flop [3h 4h Qs], Unrest (5000), UDF1 (5000)
UDF1 bids 0
Unrest bids 0
Unrest won the auction and was revealed [Kd]
UDF1 won the auction and was revealed [8h]
Flop [3h 4h Qs], Unrest (5000), UDF1 (5000)
UDF1 checks
Unrest checks
Turn [3h 4h Qs 3c], Unrest (5000), UDF1 (5000)
UDF1 checks
Unrest checks
River [3h 4h Qs 3c 7d], Unrest (5000), UDF1 (5000)
UDF1 checks
Unrest checks
Unrest shows [Qc 8h]
UDF1 shows [Ac Kd]
Unrest awarded 5000
UDF1 awarded -5000

Round #113, UDF1 (-73344), Unrest (73344)
UDF1 posts blind: 10
Unrest posts blind: 20
UDF1 received [4c 7d]
Unrest received [9d Kc]
UDF1 calls
Unrest raises to 40
UDF1 raises to 5000
Unrest calls
Flop [8s 5s 7s], UDF1 (5000), Unrest (5000)
Unrest bids 0
UDF1 bids 0
UDF1 won the auction and was revealed [Kc]
Unrest won the auction and was revealed [7d]
Flop [8s 5s 7s], UDF1 (5000), Unrest (5000)
Unrest checks
UDF1 checks
Turn [8s 5s 7s Ad], UDF1 (5000), Unrest (5000)
Unrest checks
UDF1 checks
River [8s 5s 7s Ad Jc], UDF1 (5000), Unrest (5000)
Unrest checks
UDF1 checks
UDF1 shows [4c 7d]
Unrest shows [9d Kc]
UDF1 awarded 5000
Unrest awarded -5000

Round #114, Unrest (68344), UDF1 (-68344)
Unrest posts blind: 10
UDF1 posts blind: 20
Unrest received [Ah 9s]
UDF1 received [Tc 3d]
Unrest raises to 40
UDF1 raises to 100
Unrest raises to 160
UDF1 raises to 5000
Unrest calls
Flop [Qd Ts Js], Unrest (5000), UDF1 (5000)
UDF1 bids 0
Unrest bids 0
Unrest won the auction and was revealed [3d]
UDF1 won the auction and was revealed [Ah]
Flop [Qd Ts Js], Unrest (5000), UDF1 (5000)
UDF1 checks
Unrest checks
Turn [Qd Ts Js Kd], Unrest (5000), UDF1 (5000)
UDF1 checks
Unrest checks
River [Qd Ts Js Kd Ac], Unrest (5000), UDF1 (5000)
UDF1 checks
Unrest checks
Unrest shows [Ah 9s]
UDF1 shows [Tc 3d]
Unrest awarded 0
UDF1 awarded 0

Round #115, UDF1 (-68344), Unrest (68344)
UDF1 posts blind: 10
Unrest posts blind: 20
UDF1 received [Js As]
Unrest received [2h Ac]
UDF1 calls
Unrest raises to 40
UDF1 raises to 5000
Unrest calls
Flop [5h 8d 8c], UDF1 (5000), Unrest (5000)
Unrest bids 0
UDF1 bids 0
UDF1 won the auction and was revealed [2h]
Unrest won the auction and was revealed [Js]
Flop [5h 8d 8c], UDF1 (5000), Unrest (5000)
Unrest checks
UDF1 checks
Turn [5h 8d 8c 3h], UDF1 (5000), Unrest (5000)
Unrest checks
UDF1 checks
River [5h 8d 8c 3h Jh], UDF1 (5000), Unrest (5000)
Unrest checks
UDF1 checks
UDF1 shows [Js As]
Unrest shows [2h Ac]
UDF1 awarded 5000
Unrest awarded -5000

Round #116, Unrest (63344), UDF1 (-63344)
Unrest posts blind: 10
UDF1 posts blind: 20
Unrest received [Ah 5h]
UDF1 received [8d 6s]
Unrest raises to 40
UDF1 calls
Flop [Kd Jc Td], Unrest (40), UDF1 (40)
UDF1 bids 46
Unrest bids 248
Unrest won the auction and was revealed [8d]
Flop [Kd Jc Td], Unrest (86), UDF1 (40)
UDF1 checks
Unrest checks
Turn [Kd Jc Td 9c], Unrest (86), UDF1 (40)
UDF1 checks
Unrest checks
River [Kd Jc Td 9c As], Unrest (86), UDF1 (40)
UDF1 bets 4914
Unrest calls
Unrest shows [Ah 5h]
UDF1 shows [8d 6s]
Unrest awarded 4954
UDF1 awarded -4954

Round #117, UDF1 (-68298), Unrest (68298)
UDF1 posts blind: 10
Unrest posts blind: 20
UDF1 received [Td Ac]
Unrest received [Jc 9s]
UDF1 raises to 5000
Unrest calls
Flop [5h 5s Ah], UDF1 (5000), Unrest (5000)
Unrest bids 0
UDF1 bids 0
UDF1 won the auction and was revealed [Jc]
Unrest won the auction and was revealed [Ac]
Flop [5h 5s Ah], UDF1 (5000), Unrest (5000)
Unrest checks
UDF1 checks
Turn [5h 5s Ah Qh], UDF1 (5000), Unrest (5000)
Unrest checks
UDF1 checks
River [5h 5s Ah Qh Th], UDF1 (5000), Unrest (5000)
Unrest checks
UDF1 checks
UDF1 shows [Td Ac]
Unrest shows [Jc 9s]
UDF1 awarded 5000
Unrest awarded -5000

Round #118, Unrest (63298), UDF1 (-63298)
Unrest posts blind: 10
UDF1 posts blind: 20
Unrest received [Td Jh]
UDF1 received [6s 3h]
Unrest calls
UDF1 checks
Flop [7c 6c Qc], Unrest (20), UDF1 (20)
UDF1 bids 39
Unrest bids 249
Unrest won the auction and was revealed [3h]
Flop [7c 6c Qc], Unrest (59), UDF1 (20)
UDF1 bets 52
Unrest calls
Turn [7c 6c Qc As], Unrest (111), UDF1 (72)
UDF1 bets 120
Unrest calls
River [7c 6c Qc As 2s], Unrest (231), UDF1 (192)
UDF1 bets 4769
Unrest folds
Unrest awarded -231
UDF1 awarded 231

Round #119, UDF1 (-63067), Unrest (63067)
UDF1 posts blind: 10
Unrest posts blind: 20
UDF1 received [8h Th]
Unrest received [Js 4s]
UDF1 calls
Unrest raises to 40
UDF1 raises to 5000
Unrest calls
Flop [Jh 7c 7h], UDF1 (5000), Unrest (5000)
Unrest bids 0
UDF1 bids 0
UDF1 won the auction and was revealed [4s]
Unrest won the auction and was revealed [8h]
Flop [Jh 7c 7h], UDF1 (5000), Unrest (5000)
Unrest checks
UDF1 checks
Turn [Jh 7c 7h 7s], UDF1 (5000), Unrest (5000)
Unrest checks
UDF1 checks
River [Jh 7c 7h 7s Jc], UDF1 (5000), Unrest (5000)
Unrest checks
UDF1 checks
UDF1 shows [8h Th]
Unrest shows [Js 4s]
UDF1 awarded -5000
Unrest awarded 5000

Round #120, Unrest (68067), UDF1 (-68067)
Unrest posts blind: 10
UDF1 posts blind: 20
Unrest received [Qh Js]
UDF1 received [4d 3s]
Unrest raises to 40
UDF1 raises to 5000
Unrest calls
Flop [7d 9c Ts], Unrest (5000), UDF1 (5000)
UDF1 bids 0
Unrest bids 0
Unrest won the auction and was revealed [3s]
UDF1 won the auction and was revealed [Qh]
Flop [7d 9c Ts], Unrest (5000), UDF1 (5000)
UDF1 checks
Unrest checks
Turn [7d 9c Ts 3h], Unrest (5000), UDF1 (5000)
UDF1 checks
Unrest checks
River [7d 9c Ts 3h 9d], Unrest (5000), UDF1 (5000)
UDF1 checks
Unrest checks
Unrest shows [Qh Js]
UDF1 shows [4d 3s]
Unrest awarded -5000
UDF1 awarded 5000

Round #121, UDF1 (-63067), Unrest (63067)
UDF1 posts blind: 10
Unrest posts blind: 20
UDF1 received [6h 8s]
Unrest received [6d 4c]
UDF1 raises to 50
Unrest folds
UDF1 awarded 20
Unrest awarded -20

Round #122, Unrest (63047), UDF1 (-63047)
Unrest posts blind: 10
UDF1 posts blind: 20
Unrest received [3h 5c]
UDF1 received [2s 8h]
Unrest folds
Unrest awarded -10
UDF1 awarded 10

Round #123, UDF1 (-63037), Unrest (63037)
UDF1 posts blind: 10
Unrest posts blind: 20
UDF1 received [4h 2h]
Unrest received [3c 9c]
UDF1 raises to 1582
Unrest calls
Flop [Qh 5s Kh], UDF1 (1582), Unrest (1582)
Unrest bids 170
UDF1 bids 306
UDF1 won the auction and was revealed [9c]
Flop [Qh 5s Kh], UDF1 (1752), Unrest (1582)
Unrest checks
UDF1 bets 3248
Unrest calls
Turn [Qh 5s Kh Ah], UDF1 (5000), Unrest (4830)
Unrest checks
UDF1 checks
River [Qh 5s Kh Ah 2d], UDF1 (5000), Unrest (4830)
Unrest checks
UDF1 checks
UDF1 shows [4h 2h]
Unrest shows [3c 9c]
UDF1 awarded 4830
Unrest awarded -4830

Round #124, Unrest (58207), UDF1 (-58207)
Unrest posts blind: 10
UDF1 posts blind: 20
Unrest received [Qd 7s]
UDF1 received [2c Tc]
Unrest calls
UDF1 raises to 46
Unrest calls
Flop [Qs 4c 5h], Unrest (46), UDF1 (46)
UDF1 bids 21
Unrest bids 1238
Unrest won the auction and was revealed [2c]
Flop [Qs 4c 5h], Unrest (67), UDF1 (46)
UDF1 bets 74
Unrest calls
Turn [Qs 4c 5h Jc], Unrest (141), UDF1 (120)
UDF1 bets 172
Unrest calls
River [Qs 4c 5h Jc 2d], Unrest (313), UDF1 (292)
UDF1 bets 399
Unrest calls
Unrest shows [Qd 7s]
UDF1 shows [2c Tc]
Unrest awarded 691
UDF1 awarded -691

Round #125, UDF1 (-58898), Unrest (58898)
UDF1 posts blind: 10
Unrest posts blind: 20
UDF1 received [Ac 3h]
Unrest received [Qd As]
UDF1 raises to 5000
Unrest calls
Flop [2c 5d 9s], UDF1 (5000), Unrest (5000)
Unrest bids 0
UDF1 bids 0
UDF1 won the auction and was revealed [Qd]
Unrest won the auction and was revealed [Ac]
Flop [2c 5d 9s], UDF1 (5000), Unrest (5000)
Unrest checks
UDF1 checks
Turn [2c 5d 9s 7s], UDF1 (5000), Unrest (5000)
Unrest checks
UDF1 checks
River [2c 5d 9s 7s 9h], UDF1 (5000), Unrest (5000)
Unrest checks
UDF1 checks
UDF1 shows [Ac 3h]
Unrest shows [Qd As]
UDF1 awarded -5000
Unrest awarded 5000

Round #126, Unrest (63898), UDF1 (-63898)
Unrest posts blind: 10
UDF1 posts blind: 20
Unrest received [Qd 8d]
UDF1 received [5s Tc]
Unrest raises to 40
UDF1 raises to 5000
Unrest calls
Flop [6d Td Ts], Unrest (5000), UDF1 (5000)
UDF1 bids 0
Unrest bids 0
Unrest won the auction and was revealed [Tc]
UDF1 won the auction and was revealed [8d]
Flop [6d Td Ts], Unrest (5000), UDF1 (5000)
UDF1 checks
Unrest checks
Turn [6d Td Ts 3s], Unrest (5000), UDF1 (5000)
UDF1 checks
Unrest checks
River [6d Td Ts 3s 3h], Unrest (5000), UDF1 (5000)
UDF1 checks
Unrest checks
Unrest shows [Qd 8d]
UDF1 shows [5s Tc]
Unrest awarded -5000
UDF1 awarded 5000

Round #127, UDF1 (-58898), Unrest (58898)
UDF1 posts blind: 10
Unrest posts blind: 20
UDF1 received [2d Ah]
Unrest received [Qc 6d]
UDF1 raises to 5000
Unrest calls
Flop [9h 8d 3d], UDF1 (5000), Unrest (5000)
Unrest bids 0
UDF1 bids 0
UDF1 won the auction and was revealed [6d]
Unrest won the auction and was revealed [Ah]
Flop [9h 8d 3d], UDF1 (5000), Unrest (5000)
Unrest checks
UDF1 checks
Turn [9h 8d 3d Ks], UDF1 (5000), Unrest (5000)
Unrest checks
UDF1 checks
River [9h 8d 3d Ks As], UDF1 (5000), Unrest (5000)
Unrest checks
UDF1 checks
UDF1 shows [2d Ah]
Unrest shows [Qc 6d]
UDF1 awarded 5000
Unrest awarded -5000

Round #128, Unrest (53898), UDF1 (-53898)
Unrest posts blind: 10
UDF1 posts blind: 20
Unrest received [Ts 4s]
UDF1 received [3h Js]
Unrest calls
UDF1 raises to 46
Unrest calls
Flop [3d Kh Jh], Unrest (46), UDF1 (46)
UDF1 bids 22
Unrest bids 247
Unrest won the auction and was revealed [3h]
Flop [3d Kh Jh], Unrest (68), UDF1 (46)
UDF1 checks
Unrest checks
Turn [3d Kh Jh 9h], Unrest (68), UDF1 (46)
UDF1 checks
Unrest checks
River [3d Kh Jh 9h Qd], Unrest (68), UDF1 (46)
UDF1 checks
Unrest checks
Unrest shows [Ts 4s]
UDF1 shows [3h Js]
Unrest awarded 46
UDF1 awarded -46

Round #129, UDF1 (-53944), Unrest (53944)
UDF1 posts blind: 10
Unrest posts blind: 20
UDF1 received [9s 2h]
Unrest received [Qd 2c]
UDF1 calls
Unrest checks
Flop [Ts 4s 5d], UDF1 (20), Unrest (20)
Unrest bids 249
UDF1 bids 19
Unrest won the auction and was revealed [2h]
Flop [Ts 4s 5d], UDF1 (20), Unrest (39)
Unrest checks
UDF1 bets 38
Unrest calls
Turn [Ts 4s 5d 5h], UDF1 (58), Unrest (77)
Unrest checks
UDF1 bets 89
Unrest calls
River [Ts 4s 5d 5h Ks], UDF1 (147), Unrest (166)
Unrest checks
UDF1 checks
UDF1 shows [9s 2h]
Unrest shows [Qd 2c]
UDF1 awarded -147
Unrest awarded 147

Round #130, Unrest (54091), UDF1 (-54091)
Unrest posts blind: 10
UDF1 posts blind: 20
Unrest received [5c 4s]
UDF1 received [9d 7c]
Unrest folds
Unrest awarded -10
UDF1 awarded 10

Round #131, UDF1 (-54081), Unrest (54081)
UDF1 posts blind: 10
Unrest posts blind: 20
UDF1 received [Kc 2s]
Unrest received [7c Kh]
UDF1 raises to 1689
Unrest calls
Flop [2c 4s 3c], UDF1 (1689), Unrest (1689)
Unrest bids 165
UDF1 bids 234
UDF1 won the auction and was revealed [7c]
Flop [2c 4s 3c], UDF1 (1854), Unrest (1689)
Unrest checks
UDF1 bets 3146
Unrest calls
Turn [2c 4s 3c 8d], UDF1 (5000), Unrest (4835)
Unrest checks
UDF1 checks
River [2c 4s 3c 8d Jh], UDF1 (5000), Unrest (4835)
Unrest checks
UDF1 checks
UDF1 shows [Kc 2s]
Unrest shows [7c Kh]
UDF1 awarded 4835
Unrest awarded -4835

Round #132, Unrest (49246), UDF1 (-49246)
Unrest posts blind: 10
UDF1 posts blind: 20
Unrest received [Ks Qs]
UDF1 received [8h Js]
Unrest raises to 40
UDF1 raises to 5000
Unrest calls
Flop [9d 6d 3d], Unrest (5000), UDF1 (5000)
UDF1 bids 0
Unrest bids 0
Unrest won the auction and was revealed [Js]
UDF1 won the auction and was revealed [Ks]
Flop [9d 6d 3d], Unrest (5000), UDF1 (5000)
UDF1 checks
Unrest checks
Turn [9d 6d 3d Tc], Unrest (5000), UDF1 (5000)
UDF1 checks
Unrest checks
River [9d 6d 3d Tc 5c], Unrest (5000), UDF1 (5000)
UDF1 checks
Unrest checks
Unrest shows [Ks Qs]
UDF1 shows [8h Js]
Unrest awarded 5000
UDF1 awarded -5000

Round #133, UDF1 (-54246), Unrest (54246)
UDF1 posts blind: 10
Unrest posts blind: 20
UDF1 received [Tc Ah]
Unrest received [Js 6d]
UDF1 raises to 2595
Unrest calls
Flop [5s 7s Jd], UDF1 (2595), Unrest (2595)
Unrest bids 360
UDF1 bids 297
Unrest won the auction and was revealed [Tc]
Flop [5s 7s Jd], UDF1 (2595), Unrest (2892)
Unrest bets 20
UDF1 calls
Turn [5s 7s Jd Jh], UDF1 (2615), Unrest (2912)
Unrest bets 20
UDF1 raises to 1382
Unrest calls
River [5s 7s Jd Jh Qs], UDF1 (3997), Unrest (4294)
Unrest bets 20
UDF1 calls
UDF1 shows [Tc Ah]
Unrest shows [Js 6d]
UDF1 awarded -4017
Unrest awarded 4017

Round #134, Unrest (58263), UDF1 (-58263)
Unrest posts blind: 10
UDF1 posts blind: 20
Unrest received [7h 2c]
UDF1 received [9h 7d]
Unrest folds
Unrest awarded -10
UDF1 awarded 10

Round #135, UDF1 (-58253), Unrest (58253)
UDF1 posts blind: 10
Unrest posts blind: 20
UDF1 received [6c 6d]
Unrest received [7h Qd]
UDF1 raises to 5000
Unrest calls
Flop [Jc 3c 4c], UDF1 (5000), Unrest (5000)
Unrest bids 0
UDF1 bids 0
UDF1 won the auction and was revealed [7h]
Unrest won the auction and was revealed [6d]
Flop [Jc 3c 4c], UDF1 (5000), Unrest (5000)
Unrest checks
UDF1 checks
Turn [Jc 3c 4c 9h], UDF1 (5000), Unrest (5000)
Unrest checks
UDF1 checks
River [Jc 3c 4c 9h 9s], UDF1 (5000), Unrest (5000)
Unrest checks
UDF1 checks
UDF1 shows [6c 6d]
Unrest shows [7h Qd]
UDF1 awarded 5000
Unrest awarded -5000

Round #136, Unrest (53253), UDF1 (-53253)
Unrest posts blind: 10
UDF1 posts blind: 20
Unrest received [9h Td]
UDF1 received [Jc Qc]
Unrest calls
UDF1 raises to 5000
Unrest calls
Flop [5s 3s 8h], Unrest (5000), UDF1 (5000)
UDF1 bids 0
Unrest bids 0
Unrest won the auction and was revealed [Jc]
UDF1 won the auction and was revealed [Td]
Flop [5s 3s 8h], Unrest (5000), UDF1 (5000)
UDF1 checks
Unrest checks
Turn [5s 3s 8h Tc], Unrest (5000), UDF1 (5000)
UDF1 checks
Unrest checks
River [5s 3s 8h Tc Ts], Unrest (5000), UDF1 (5000)
UDF1 checks
Unrest checks
Unrest shows [9h Td]
UDF1 shows [Jc Qc]
Unrest awarded 5000
UDF1 awarded -5000

Round #137, UDF1 (-58253), Unrest (58253)
UDF1 posts blind: 10
Unrest posts blind: 20
UDF1 received [Kh Jd]
Unrest received [7d 4c]
UDF1 calls
Unrest checks
Flop [4s Qs 4d], UDF1 (20), Unrest (20)
Unrest bids 1245
UDF1 bids 34
Unrest won the auction and was revealed [Jd]
Flop [4s Qs 4d], UDF1 (20), Unrest (54)
Unrest bets 20
UDF1 calls
Turn [4s Qs 4d Ah], UDF1 (40), Unrest (74)
Unrest bets 20
UDF1 raises to 4926
Unrest calls
River [4s Qs 4d Ah 5d], UDF1 (4966), Unrest (5000)
Unrest checks
UDF1 checks
UDF1 shows [Kh Jd]
Unrest shows [7d 4c]
UDF1 awarded -4966
Unrest awarded 4966

Round #138, Unrest (63219), UDF1 (-63219)
Unrest posts blind: 10
UDF1 posts blind: 20
Unrest received [5s 8c]
UDF1 received [Tc 6c]
Unrest folds
Unrest awarded -10
UDF1 awarded 10

Round #139, UDF1 (-63209), Unrest (63209)
UDF1 posts blind: 10
Unrest posts blind: 20
UDF1 received [Ah 3d]
Unrest received [8s Qh]
UDF1 raises to 5000
Unrest calls
Flop [9c 6h 9d], UDF1 (5000), Unrest (5000)
Unrest bids 0
UDF1 bids 0
UDF1 won the auction and was revealed [8s]
Unrest won the auction and was revealed [Ah]
Flop [9c 6h 9d], UDF1 (5000), Unrest (5000)
Unrest checks
UDF1 checks
Turn [9c 6h 9d 8h], UDF1 (5000), Unrest (5000)
Unrest checks
UDF1 checks
River [9c 6h 9d 8h 9h], UDF1 (5000), Unrest (5000)
Unrest checks
UDF1 checks
UDF1 shows [Ah 3d]
Unrest shows [8s Qh]
UDF1 awarded -5000
Unrest awarded 5000

Round #140, Unrest (68209), UDF1 (-68209)
Unrest posts blind: 10
UDF1 posts blind: 20
Unrest received [3s 7h]
UDF1 received [5d 4c]
Unrest folds
Unrest awarded -10
UDF1 awarded 10

Round #141, UDF1 (-68199), Unrest (68199)
UDF1 posts blind: 10
Unrest posts blind: 20
UDF1 received [Th Kc]
Unrest received [2d 3h]
UDF1 raises to 50
Unrest folds
UDF1 awarded 20
Unrest awarded -20

Round #142, Unrest (68179), UDF1 (-68179)
Unrest posts blind: 10
UDF1 posts blind: 20
Unrest received [Ts 2c]
UDF1 received [8c 7h]
Unrest calls
UDF1 raises to 46
Unrest calls
Flop [Js 3s 2h], Unrest (46), UDF1 (46)
UDF1 bids 21
Unrest bids 743
Unrest won the auction and was revealed [8c]
Flop [Js 3s 2h], Unrest (67), UDF1 (46)
UDF1 bets 74
Unrest calls
Turn [Js 3s 2h 4s], Unrest (141), UDF1 (120)
UDF1 bets 172
Unrest calls
River [Js 3s 2h 4s 2d], Unrest (313), UDF1 (292)
UDF1 bets 399
Unrest calls
Unrest shows [Ts 2c]
UDF1 shows [8c 7h]
Unrest awarded 691
UDF1 awarded -691

Round #143, UDF1 (-68870), Unrest (68870)
UDF1 posts blind: 10
Unrest posts blind: 20
UDF1 received [Ah 6d]
Unrest received [Tc 2h]
UDF1 raises to 5000
Unrest calls
Flop [5h 7s 9c], UDF1 (5000), Unrest (5000)
Unrest bids 0
UDF1 bids 0
UDF1 won the auction and was revealed [2h]
Unrest won the auction and was revealed [6d]
Flop [5h 7s 9c], UDF1 (5000), Unrest (5000)
Unrest checks
UDF1 checks
Turn [5h 7s 9c 3d], UDF1 (5000), Unrest (5000)
Unrest checks
UDF1 checks
River [5h 7s 9c 3d 8h], UDF1 (5000), Unrest (5000)
Unrest checks
UDF1 checks
UDF1 shows [Ah 6d]
Unrest shows [Tc 2h]
UDF1 awarded 5000
Unrest awarded -5000

Round #144, Unrest (63870), UDF1 (-63870)
Unrest posts blind: 10
UDF1 posts blind: 20
Unrest received [Jh 9h]
UDF1 received [As Ah]
Unrest raises to 40
UDF1 raises to 4455
Unrest raises to 5000
UDF1 calls
Flop [Js 4d 9d], Unrest (5000), UDF1 (5000)
UDF1 bids 0
Unrest bids 0
Unrest won the auction and was revealed [Ah]
UDF1 won the auction and was revealed [9h]
Flop [Js 4d 9d], Unrest (5000), UDF1 (5000)
UDF1 checks
Unrest checks
Turn [Js 4d 9d 4c], Unrest (5000), UDF1 (5000)
UDF1 checks
Unrest checks
River [Js 4d 9d 4c 5s], Unrest (5000), UDF1 (5000)
UDF1 checks
Unrest checks
Unrest shows [Jh 9h]
UDF1 shows [As Ah]
Unrest awarded -5000
UDF1 awarded 5000

Round #145, UDF1 (-58870), Unrest (58870)
UDF1 posts blind: 10
Unrest posts blind: 20
UDF1 received [2s 4h]
Unrest received [Kc 2h]
UDF1 raises to 50
Unrest calls
Flop [As Kh Ks], UDF1 (50), Unrest (50)
Unrest bids 1237
UDF1 bids 53
Unrest won the auction and was revealed [2s]
Flop [As Kh Ks], UDF1 (50), Unrest (103)
Unrest bets 20
UDF1 folds
UDF1 awarded -50
Unrest awarded 50

Round #146, Unrest (58920), UDF1 (-58920)
Unrest posts blind: 10
UDF1 posts blind: 20
Unrest received [Js 6d]
UDF1 received [Kc 9c]
Unrest calls
UDF1 raises to 46
Unrest calls
Flop [Ks 9h Ah], Unrest (46), UDF1 (46)
UDF1 bids 52
Unrest bids 247
Unrest won the auction and was revealed [Kc]
Flop [Ks 9h Ah], Unrest (98), UDF1 (46)
UDF1 checks
Unrest checks
Turn [Ks 9h Ah 5s], Unrest (98), UDF1 (46)
UDF1 bets 4902
Unrest folds
Unrest awarded -98
UDF1 awarded 98

Round #147, UDF1 (-58822), Unrest (58822)
UDF1 posts blind: 10
Unrest posts blind: 20
UDF1 received [5s 5d]
Unrest received [9h Tc]
UDF1 raises to 5000
Unrest calls
Flop [7h Jc Qd], UDF1 (5000), Unrest (5000)
Unrest bids 0
UDF1 bids 0
UDF1 won the auction and was revealed [Tc]
Unrest won the auction and was revealed [5d]
Flop [7h Jc Qd], UDF1 (5000), Unrest (5000)
Unrest checks
UDF1 checks
Turn [7h Jc Qd Ac], UDF1 (5000), Unrest (5000)
Unrest checks
UDF1 checks
River [7h Jc Qd Ac Kc], UDF1 (5000), Unrest (5000)
Unrest checks
UDF1 checks
UDF1 shows [5s 5d]
Unrest shows [9h Tc]
UDF1 awarded -5000
Unrest awarded 5000

Round #148, Unrest (63822), UDF1 (-63822)
Unrest posts blind: 10
UDF1 posts blind: 20
Unrest received [4d 4c]
UDF1 received [Jd 2s]
Unrest raises to 40
UDF1 raises to 5000
Unrest calls
Flop [4h Ks Js], Unrest (5000), UDF1 (5000)
UDF1 bids 0
Unrest bids 0
Unrest won the auction and was revealed [2s]
UDF1 won the auction and was revealed [4c]
Flop [4h Ks Js], Unrest (5000), UDF1 (5000)
UDF1 checks
Unrest checks
Turn [4h Ks Js 8s], Unrest (5000), UDF1 (5000)
UDF1 checks
Unrest checks
River [4h Ks Js 8s Jc], Unrest (5000), UDF1 (5000)
UDF1 checks
Unrest checks
Unrest shows [4d 4c]
UDF1 shows [Jd 2s]
Unrest awarded 5000
UDF1 awarded -5000

Round #149, UDF1 (-68822), Unrest (68822)
UDF1 posts blind: 10
Unrest posts blind: 20
UDF1 received [6d 4c]
Unrest received [Td 2c]
UDF1 calls
Unrest checks
Flop [Qd 2d Ad], UDF1 (20), Unrest (20)
Unrest bids 747
UDF1 bids 37
Unrest won the auction and was revealed [4c]
Flop [Qd 2d Ad], UDF1 (20), Unrest (57)
Unrest bets 20
UDF1 raises to 4943
Unrest calls
Turn [Qd 2d Ad 6s], UDF1 (4963), Unrest (5000)
Unrest checks
UDF1 checks
River [Qd 2d Ad 6s As], UDF1 (4963), Unrest (5000)
Unrest checks
UDF1 checks
UDF1 shows [6d 4c]
Unrest shows [Td 2c]
UDF1 awarded 5000
Unrest awarded -5000

Round #150, Unrest (63822), UDF1 (-63822)
Unrest posts blind: 10
UDF1 posts blind: 20
Unrest received [Jc Ad]
UDF1 received [6c Qh]
Unrest raises to 40
UDF1 raises to 5000
Unrest calls
Flop [8c 2c As], Unrest (5000), UDF1 (5000)
UDF1 bids 0
Unrest bids 0
Unrest won the auction and was revealed [6c]
UDF1 won the auction and was revealed [Ad]
Flop [8c 2c As], Unrest (5000), UDF1 (5000)
UDF1 checks
Unrest checks
Turn [8c 2c As 6s], Unrest (5000), UDF1 (5000)
UDF1 checks
Unrest checks
River [8c 2c As 6s 7s], Unrest (5000), UDF1 (5000)
UDF1 checks
Unrest checks
Unrest shows [Jc Ad]
UDF1 shows [6c Qh]
Unrest awarded 5000
UDF1 awarded -5000

Round #151, UDF1 (-68822), Unrest (68822)
UDF1 posts blind: 10
Unrest posts blind: 20
UDF1 received [9d 4d]
Unrest received [Qd Kh]
UDF1 raises to 50
Unrest calls
Flop [3s Td 3h], UDF1 (50), Unrest (50)
Unrest bids 247
UDF1 bids 53
Unrest won the auction and was revealed [9d]
Flop [3s Td 3h], UDF1 (50), Unrest (103)
Unrest checks
UDF1 bets 100
Unrest calls
Turn [3s Td 3h 7h], UDF1 (150), Unrest (203)
Unrest checks
UDF1 checks
River [3s Td 3h 7h Tc], UDF1 (150), Unrest (203)
Unrest bets 20
UDF1 calls
UDF1 shows [9d 4d]
Unrest shows [Qd Kh]
UDF1 awarded -170
Unrest awarded 170

Round #152, Unrest (68992), UDF1 (-68992)
Unrest posts blind: 10
UDF1 posts blind: 20
Unrest received [4h Kc]
UDF1 received [8h Ad]
Unrest calls
UDF1 checks
Flop [As Ah 5c], Unrest (20), UDF1 (20)
UDF1 bids 21
Unrest bids 249
Unrest won the auction and was revealed [8h]
Flop [As Ah 5c], Unrest (41), UDF1 (20)
UDF1 bets 1894
Unrest folds
Unrest awarded -41
UDF1 awarded 41

Round #153, UDF1 (-68951), Unrest (68951)
UDF1 posts blind: 10
Unrest posts blind: 20
UDF1 received [5c Td]
Unrest received [8h Jh]
UDF1 folds
UDF1 awarded -10
Unrest awarded 10

Round #154, Unrest (68961), UDF1 (-68961)
Unrest posts blind: 10
UDF1 posts blind: 20
Unrest received [Jc 4s]
UDF1 received [9s Jd]
Unrest calls
UDF1 raises to 5000
Unrest calls
Flop [2s 2d 2c], Unrest (5000), UDF1 (5000)
UDF1 bids 0
Unrest bids 0
Unrest won the auction and was revealed [9s]
UDF1 won the auction and was revealed [4s]
Flop [2s 2d 2c], Unrest (5000), UDF1 (5000)
UDF1 checks
Unrest checks
Turn [2s 2d 2c 4h], Unrest (5000), UDF1 (5000)
UDF1 checks
Unrest checks
River [2s 2d 2c 4h 5d], Unrest (5000), UDF1 (5000)
UDF1 checks
Unrest checks
Unrest shows [Jc 4s]
UDF1 shows [9s Jd]
Unrest awarded 5000
UDF1 awarded -5000

Round #155, UDF1 (-73961), Unrest (73961)
UDF1 posts blind: 10
Unrest posts blind: 20
UDF1 received [Tc 9c]
Unrest received [Qh 5c]
UDF1 raises to 50
Unrest calls
Flop [Jh 4s 3d], UDF1 (50), Unrest (50)
Unrest bids 247
UDF1 bids 22
Unrest won the auction and was revealed [9c]
Flop [Jh 4s 3d], UDF1 (50), Unrest (72)
Unrest checks
UDF1 bets 80
Unrest calls
Turn [Jh 4s 3d Ad], UDF1 (130), Unrest (152)
Unrest checks
UDF1 bets 186
Unrest folds
UDF1 awarded 152
Unrest awarded -152

Round #156, Unrest (73809), UDF1 (-73809)
Unrest posts blind: 10
UDF1 posts blind: 20
Unrest received [8h 3s]
UDF1 received [6c Jd]
Unrest folds
Unrest awarded -10
UDF1 awarded 10

Round #157, UDF1 (-73799), Unrest (73799)
UDF1 posts blind: 10
Unrest posts blind: 20
UDF1 received [9c Th]
Unrest received [Qs 2h]
UDF1 raises to 5000
Unrest calls
Flop [Ts 9h Qd], UDF1 (5000), Unrest (5000)
Unrest bids 0
UDF1 bids 0
UDF1 won the auction and was revealed [Qs]
Unrest won the auction and was revealed [Th]
Flop [Ts 9h Qd], UDF1 (5000), Unrest (5000)
Unrest checks
UDF1 checks
Turn [Ts 9h Qd 2d], UDF1 (5000), Unrest (5000)
Unrest checks
UDF1 checks
River [Ts 9h Qd 2d 5s], UDF1 (5000), Unrest (5000)
Unrest checks
UDF1 checks
UDF1 shows [9c Th]
Unrest shows [Qs 2h]
UDF1 awarded -5000
Unrest awarded 5000

Round #158, Unrest (78799), UDF1 (-78799)
Unrest posts blind: 10
UDF1 posts blind: 20
Unrest received [Kd 6c]
UDF1 received [Kh 9d]
Unrest calls
UDF1 raises to 5000
Unrest calls
Flop [3c 7h 5h], Unrest (5000), UDF1 (5000)
UDF1 bids 0
Unrest bids 0
Unrest won the auction and was revealed [Kh]
UDF1 won the auction and was revealed [6c]
Flop [3c 7h 5h], Unrest (5000), UDF1 (5000)
UDF1 checks
Unrest checks
Turn [3c 7h 5h 6s], Unrest (5000), UDF1 (5000)
UDF1 checks
Unrest checks
River [3c 7h 5h 6s 4c], Unrest (5000), UDF1 (5000)
UDF1 checks
Unrest checks
Unrest shows [Kd 6c]
UDF1 shows [Kh 9d]
Unrest awarded 0
UDF1 awarded 0

Round #159, UDF1 (-78799), Unrest (78799)
UDF1 posts blind: 10
Unrest posts blind: 20
UDF1 received [6d Js]
Unrest received [2h Jd]
UDF1 raises to 5000
Unrest calls
Flop [5s 7s 9s], UDF1 (5000), Unrest (5000)
Unrest bids 0
UDF1 bids 0
UDF1 won the auction and was revealed [2h]
Unrest won the auction and was revealed [Js]
Flop [5s 7s 9s], UDF1 (5000), Unrest (5000)
Unrest checks
UDF1 checks
Turn [5s 7s 9s Ts], UDF1 (5000), Unrest (5000)
Unrest checks
UDF1 checks
River [5s 7s 9s Ts Kh], UDF1 (5000), Unrest (5000)
Unrest checks
UDF1 checks
UDF1 shows [6d Js]
Unrest shows [2h Jd]
UDF1 awarded 5000
Unrest awarded -5000

Round #160, Unrest (73799), UDF1 (-73799)
Unrest posts blind: 10
UDF1 posts blind: 20
Unrest received [Td Js]
UDF1 received [4s 9h]
Unrest calls
UDF1 raises to 5000
Unrest calls
Flop [Ah 3s 4c], Unrest (5000), UDF1 (5000)
UDF1 bids 0
Unrest bids 0
Unrest won the auction and was revealed [4s]
UDF1 won the auction and was revealed [Js]
Flop [Ah 3s 4c], Unrest (5000), UDF1 (5000)
UDF1 checks
Unrest checks
Turn [Ah 3s 4c Qd], Unrest (5000), UDF1 (5000)
UDF1 checks
Unrest checks
River [Ah 3s 4c Qd Ts], Unrest (5000), UDF1 (5000)
UDF1 checks
Unrest checks
Unrest shows [Td Js]
UDF1 shows [4s 9h]
Unrest awarded 5000
UDF1 awarded -5000

Round #161, UDF1 (-78799), Unrest (78799)
UDF1 posts blind: 10
Unrest posts blind: 20
UDF1 received [Qd Kd]
Unrest received [8c 5c]
UDF1 raises to 2040
Unrest calls
Flop [5d 2d Qs], UDF1 (2040), Unrest (2040)
Unrest bids 740
UDF1 bids 129
Unrest won the auction and was revealed [Qd]
Flop [5d 2d Qs], UDF1 (2040), Unrest (2169)
Unrest bets 20
UDF1 raises to 2098
Unrest calls
Turn [5d 2d Qs Td], UDF1 (4138), Unrest (4267)
Unrest checks
UDF1 bets 512
Unrest calls
River [5d 2d Qs Td As], UDF1 (4650), Unrest (4779)
Unrest checks
UDF1 bets 153
Unrest calls
UDF1 shows [Qd Kd]
Unrest shows [8c 5c]
UDF1 awarded 4932
Unrest awarded -4932

Round #162, Unrest (73867), UDF1 (-73867)
Unrest posts blind: 10
UDF1 posts blind: 20
Unrest received [Kd Qc]
UDF1 received [6s 4d]
Unrest raises to 40
UDF1 raises to 5000
Unrest calls
Flop [9d 3s Qh], Unrest (5000), UDF1 (5000)
UDF1 bids 0
Unrest bids 0
Unrest won the auction and was revealed [6s]
UDF1 won the auction and was revealed [Kd]
Flop [9d 3s Qh], Unrest (5000), UDF1 (5000)
UDF1 checks
Unrest checks
Turn [9d 3s Qh Kh], Unrest (5000), UDF1 (5000)
UDF1 checks
Unrest checks
River [9d 3s Qh Kh 2c], Unrest (5000), UDF1 (5000)
UDF1 checks
Unrest checks
Unrest shows [Kd Qc]
UDF1 shows [6s 4d]
Unrest awarded 5000
UDF1 awarded -5000

Round #163, UDF1 (-78867), Unrest (78867)
UDF1 posts blind: 10
Unrest posts blind: 20
UDF1 received [Th Qh]
Unrest received [3s Js]
UDF1 raises to 2512
Unrest calls
Flop [8s 9d Qs], UDF1 (2512), Unrest (2512)
Unrest bids 124
UDF1 bids 134
UDF1 won the auction and was revealed [3s]
Flop [8s 9d Qs], UDF1 (2636), Unrest (2512)
Unrest checks
UDF1 bets 2364
Unrest calls
Turn [8s 9d Qs 4h], UDF1 (5000), Unrest (4876)
Unrest checks
UDF1 checks
River [8s 9d Qs 4h 7d], UDF1 (5000), Unrest (4876)
Unrest checks
UDF1 checks
UDF1 shows [Th Qh]
Unrest shows [3s Js]
UDF1 awarded 4876
Unrest awarded -4876

Round #164, Unrest (73991), UDF1 (-73991)
Unrest posts blind: 10
UDF1 posts blind: 20
Unrest received [Jc 5s]
UDF1 received [5d 5c]
Unrest calls
UDF1 raises to 46
Unrest calls
Flop [Jh Tc 6s], Unrest (46), UDF1 (46)
UDF1 bids 21
Unrest bids 1238
Unrest won the auction and was revealed [5d]
Flop [Jh Tc 6s], Unrest (67), UDF1 (46)
UDF1 bets 4933
Unrest calls
Turn [Jh Tc 6s 9c], Unrest (5000), UDF1 (4979)
UDF1 checks
Unrest checks
River [Jh Tc 6s 9c 8h], Unrest (5000), UDF1 (4979)
UDF1 checks
Unrest checks
Unrest shows [Jc 5s]
UDF1 shows [5d 5c]
Unrest awarded 4979
UDF1 awarded -4979

Round #165, UDF1 (-78970), Unrest (78970)
UDF1 posts blind: 10
Unrest posts blind: 20
UDF1 received [5h 7h]
Unrest received [9s Kc]
UDF1 raises to 5000
Unrest calls
Flop [Js 6d 2h], UDF1 (5000), Unrest (5000)
Unrest bids 0
UDF1 bids 0
UDF1 won the auction and was revealed [Kc]
Unrest won the auction and was revealed [5h]
Flop [Js 6d 2h], UDF1 (5000), Unrest (5000)
Unrest checks
UDF1 checks
Turn [Js 6d 2h 8s], UDF1 (5000), Unrest (5000)
Unrest checks
UDF1 checks
River [Js 6d 2h 8s As], UDF1 (5000), Unrest (5000)
Unrest checks
UDF1 checks
UDF1 shows [5h 7h]
Unrest shows [9s Kc]
UDF1 awarded -5000
Unrest awarded 5000

Round #166, Unrest (83970), UDF1 (-83970)
Unrest posts blind: 10
UDF1 posts blind: 20
Unrest received [2d 3s]
UDF1 received [Tc 5c]
Unrest folds
Unrest awarded -10
UDF1 awarded 10

Round #167, UDF1 (-83960), Unrest (83960)
UDF1 posts blind: 10
Unrest posts blind: 20
UDF1 received [2h 8d]
Unrest received [5c 6h]
UDF1 calls
Unrest checks
Flop [Ad 4c 5s], UDF1 (20), Unrest (20)
Unrest bids 1245
UDF1 bids 34
Unrest won the auction and was revealed [8d]
Flop [Ad 4c 5s], UDF1 (20), Unrest (54)
Unrest bets 20
UDF1 calls
Turn [Ad 4c 5s Js], UDF1 (40), Unrest (74)
Unrest bets 20
UDF1 raises to 154
Unrest calls
River [Ad 4c 5s Js 4s], UDF1 (194), Unrest (228)
Unrest bets 20
UDF1 raises to 462
Unrest calls
UDF1 shows [2h 8d]
Unrest shows [5c 6h]
UDF1 awarded -656
Unrest awarded 656

Round #168, Unrest (84616), UDF1 (-84616)
Unrest posts blind: 10
UDF1 posts blind: 20
Unrest received [Qh Td]
UDF1 received [2d 7c]
Unrest calls
UDF1 raises to 46
Unrest calls
Flop [Ks 6c 6h], Unrest (46), UDF1 (46)
UDF1 bids 20
Unrest bids 247
Unrest won the auction and was revealed [2d]
Flop [Ks 6c 6h], Unrest (66), UDF1 (46)
UDF1 checks
Unrest checks
Turn [Ks 6c 6h 7d], Unrest (66), UDF1 (46)
UDF1 checks
Unrest checks
River [Ks 6c 6h 7d 7h], Unrest (66), UDF1 (46)
UDF1 bets 1784
Unrest folds
Unrest awarded -66
UDF1 awarded 66

Round #169, UDF1 (-84550), Unrest (84550)
UDF1 posts blind: 10
Unrest posts blind: 20
UDF1 received [Qs 7d]
Unrest received [6s Tc]
UDF1 raises to 50
Unrest calls
Flop [5d As Jd], UDF1 (50), Unrest (50)
Unrest bids 247
UDF1 bids 53
Unrest won the auction and was revealed [Qs]
Flop [5d As Jd], UDF1 (50), Unrest (103)
Unrest checks
UDF1 bets 4897
Unrest folds
UDF1 awarded 103
Unrest awarded -103

Round #170, Unrest (84447), UDF1 (-84447)
Unrest posts blind: 10
UDF1 posts blind: 20
Unrest received [4h Ah]
UDF1 received [5h Ac]
Unrest raises to 40
UDF1 raises to 5000
Unrest calls
Flop [7d 7s 6d], Unrest (5000), UDF1 (5000)
UDF1 bids 0
Unrest bids 0
Unrest won the auction and was revealed [5h]
UDF1 won the auction and was revealed [4h]
Flop [7d 7s 6d], Unrest (5000), UDF1 (5000)
UDF1 checks
Unrest checks
Turn [7d 7s 6d Kh], Unrest (5000), UDF1 (5000)
UDF1 checks
Unrest checks
River [7d 7s 6d Kh Ks], Unrest (5000), UDF1 (5000)
UDF1 checks
Unrest checks
Unrest shows [4h Ah]
UDF1 shows [5h Ac]
Unrest awarded 0
UDF1 awarded 0

Round #171, UDF1 (-84447), Unrest (84447)
UDF1 posts blind: 10
Unrest posts blind: 20
UDF1 received [As Td]
Unrest received [4s 3d]
UDF1 raises to 5000
Unrest folds
UDF1 awarded 20
Unrest awarded -20

Round #172, Unrest (84427), UDF1 (-84427)
Unrest posts blind: 10
UDF1 posts blind: 20
Unrest received [Ts 7h]
UDF1 received [4d Tc]
Unrest calls
UDF1 checks
Flop [2d 9s 2s], Unrest (20), UDF1 (20)
UDF1 bids 35
Unrest bids 249
Unrest won the auction and was revealed [Tc]
Flop [2d 9s 2s], Unrest (55), UDF1 (20)
UDF1 checks
Unrest checks
Turn [2d 9s 2s 5s], Unrest (55), UDF1 (20)
UDF1 bets 49
Unrest calls
River [2d 9s 2s 5s Kd], Unrest (104), UDF1 (69)
UDF1 bets 114
Unrest calls
Unrest shows [Ts 7h]
UDF1 shows [4d Tc]
Unrest awarded -18
UDF1 awarded 18

Round #173, UDF1 (-84409), Unrest (84409)
UDF1 posts blind: 10
Unrest posts blind: 20
UDF1 received [Jd Kd]
Unrest received [9h 8c]
UDF1 raises to 1968
Unrest calls
Flop [Js 2d Ts], UDF1 (1968), Unrest (1968)
Unrest bids 151
UDF1 bids 122
Unrest won the auction and was revealed [Kd]
Flop [Js 2d Ts], UDF1 (1968), Unrest (2090)
Unrest checks
UDF1 bets 2910
Unrest calls
Turn [Js 2d Ts Qs], UDF1 (4878), Unrest (5000)
Unrest checks
UDF1 checks
River [Js 2d Ts Qs 7c], UDF1 (4878), Unrest (5000)
Unrest checks
UDF1 checks
UDF1 shows [Jd Kd]
Unrest shows [9h 8c]
UDF1 awarded -4878
Unrest awarded 4878

Round #174, Unrest (89287), UDF1 (-89287)
Unrest posts blind: 10
UDF1 posts blind: 20
Unrest received [Qc 3d]
UDF1 received [Ah 4s]
Unrest calls
UDF1 checks
Flop [Th Js 7d], Unrest (20), UDF1 (20)
UDF1 bids 20
Unrest bids 249
Unrest won the auction and was revealed [Ah]
Flop [Th Js 7d], Unrest (40), UDF1 (20)
UDF1 bets 4960
Unrest folds
Unrest awarded -40
UDF1 awarded 40

Round #175, UDF1 (-89247), Unrest (89247)
UDF1 posts blind: 10
Unrest posts blind: 20
UDF1 received [Ac 7h]
Unrest received [2d 2c]
UDF1 calls
Unrest raises to 40
UDF1 raises to 5000
Unrest calls
Flop [7c 4h 5d], UDF1 (5000), Unrest (5000)
Unrest bids 0
UDF1 bids 0
UDF1 won the auction and was revealed [2d]
Unrest won the auction and was revealed [Ac]
Flop [7c 4h 5d], UDF1 (5000), Unrest (5000)
Unrest checks
UDF1 checks
Turn [7c 4h 5d Ks], UDF1 (5000), Unrest (5000)
Unrest checks
UDF1 checks
River [7c 4h 5d Ks 4c], UDF1 (5000), Unrest (5000)
Unrest checks
UDF1 checks
UDF1 shows [Ac 7h]
Unrest shows [2d 2c]
UDF1 awarded 5000
Unrest awarded -5000

Round #176, Unrest (84247), UDF1 (-84247)
Unrest posts blind: 10
UDF1 posts blind: 20
Unrest received [5d 4d]
UDF1 received [4s Qh]
Unrest folds
Unrest awarded -10
UDF1 awarded 10

Round #177, UDF1 (-84237), Unrest (84237)
UDF1 posts blind: 10
Unrest posts blind: 20
UDF1 received [Ac 6s]
Unrest received [9s 8c]
UDF1 raises to 5000
Unrest calls
Flop [5c 5h 4c], UDF1 (5000), Unrest (5000)
Unrest bids 0
UDF1 bids 0
UDF1 won the auction and was revealed [9s]
Unrest won the auction and was revealed [Ac]
Flop [5c 5h 4c], UDF1 (5000), Unrest (5000)
Unrest checks
UDF1 checks
Turn [5c 5h 4c As], UDF1 (5000), Unrest (5000)
Unrest checks
UDF1 checks
River [5c 5h 4c As 4s], UDF1 (5000), Unrest (5000)
Unrest checks
UDF1 checks
UDF1 shows [Ac 6s]
Unrest shows [9s 8c]
UDF1 awarded 5000
Unrest awarded -5000

Round #178, Unrest (79237), UDF1 (-79237)
Unrest posts blind: 10
UDF1 posts blind: 20
Unrest received [Ks 8d]
UDF1 received [5h Ts]
Unrest calls
UDF1 raises to 5000
Unrest calls
Flop [4c 9h 3h], Unrest (5000), UDF1 (5000)
UDF1 bids 0
Unrest bids 0
Unrest won the auction and was revealed [Ts]
UDF1 won the auction and was revealed [Ks]
Flop [4c 9h 3h], Unrest (5000), UDF1 (5000)
UDF1 checks
Unrest checks
Turn [4c 9h 3h 7d], Unrest (5000), UDF1 (5000)
UDF1 checks
Unrest checks
River [4c 9h 3h 7d Qh], Unrest (5000), UDF1 (5000)
UDF1 checks
Unrest checks
Unrest shows [Ks 8d]
UDF1 shows [5h Ts]
Unrest awarded 5000
UDF1 awarded -5000

Round #179, UDF1 (-84237), Unrest (84237)
UDF1 posts blind: 10
Unrest posts blind: 20
UDF1 received [5s 4c]
Unrest received [5c Ac]
UDF1 raises to 1742
Unrest calls
Flop [3s 9d 2s], UDF1 (1742), Unrest (1742)
Unrest bids 162
UDF1 bids 190
UDF1 won the auction and was revealed [Ac]
Flop [3s 9d 2s], UDF1 (1904), Unrest (1742)
Unrest checks
UDF1 checks
Turn [3s 9d 2s 9h], UDF1 (1904), Unrest (1742)
Unrest checks
UDF1 bets 2406
Unrest calls
River [3s 9d 2s 9h 2h], UDF1 (4310), Unrest (4148)
Unrest checks
UDF1 checks
UDF1 shows [5s 4c]
Unrest shows [5c Ac]
UDF1 awarded -4310
Unrest awarded 4310

Round #180, Unrest (88547), UDF1 (-88547)
Unrest posts blind: 10
UDF1 posts blind: 20
Unrest received [Kd Th]
UDF1 received [4s Js]
Unrest raises to 40
UDF1 raises to 100
Unrest raises to 160
UDF1 raises to 5000
Unrest calls
Flop [9s 6c Ks], Unrest (5000), UDF1 (5000)
UDF1 bids 0
Unrest bids 0
Unrest won the auction and was revealed [Js]
UDF1 won the auction and was revealed [Th]
Flop [9s 6c Ks], Unrest (5000), UDF1 (5000)
UDF1 checks
Unrest checks
Turn [9s 6c Ks 8s], Unrest (5000), UDF1 (5000)
UDF1 checks
Unrest checks
River [9s 6c Ks 8s 8c], Unrest (5000), UDF1 (5000)
UDF1 checks
Unrest checks
Unrest shows [Kd Th]
UDF1 shows [4s Js]
Unrest awarded -5000
UDF1 awarded 5000

Round #181, UDF1 (-83547), Unrest (83547)
UDF1 posts blind: 10
Unrest posts blind: 20
UDF1 received [7c 5h]
Unrest received [Qc 3h]
UDF1 raises to 50
Unrest calls
Flop [Th Ad Jc], UDF1 (50), Unrest (50)
Unrest bids 247
UDF1 bids 20
Unrest won the auction and was revealed [7c]
Flop [Th Ad Jc], UDF1 (50), Unrest (70)
Unrest checks
UDF1 bets 79
Unrest calls
Turn [Th Ad Jc 5d], UDF1 (129), Unrest (149)
Unrest checks
UDF1 bets 183
Unrest calls
River [Th Ad Jc 5d Qs], UDF1 (312), Unrest (332)
Unrest checks
UDF1 checks
UDF1 shows [7c 5h]
Unrest shows [Qc 3h]
UDF1 awarded -312
Unrest awarded 312

Round #182, Unrest (83859), UDF1 (-83859)
Unrest posts blind: 10
UDF1 posts blind: 20
Unrest received [3h 7h]
UDF1 received [9d 9s]
Unrest folds
Unrest awarded -10
UDF1 awarded 10

Round #183, UDF1 (-83849), Unrest (83849)
UDF1 posts blind: 10
Unrest posts blind: 20
UDF1 received [Ad Ah]
Unrest received [Jc 9h]
UDF1 raises to 5000
Unrest calls
Flop [Ac 4d Td], UDF1 (5000), Unrest (5000)
Unrest bids 0
UDF1 bids 0
UDF1 won the auction and was revealed [9h]
Unrest won the auction and was revealed [Ad]
Flop [Ac 4d Td], UDF1 (5000), Unrest (5000)
Unrest checks
UDF1 checks
Turn [Ac 4d Td 4c], UDF1 (5000), Unrest (5000)
Unrest checks
UDF1 checks
River [Ac 4d Td 4c Qs], UDF1 (5000), Unrest (5000)
Unrest checks
UDF1 checks
UDF1 shows [Ad Ah]
Unrest shows [Jc 9h]
UDF1 awarded 5000
Unrest awarded -5000

Round #184, Unrest (78849), UDF1 (-78849)
Unrest posts blind: 10
UDF1 posts blind: 20
Unrest received [7s 5h]
UDF1 received [As 6h]
Unrest folds
Unrest awarded -10
UDF1 awarded 10

Round #185, UDF1 (-78839), Unrest (78839)
UDF1 posts blind: 10
Unrest posts blind: 20
UDF1 received [As 7h]
Unrest received [Jc 6h]
UDF1 raises to 5000
Unrest calls
Flop [3h 3d Td], UDF1 (5000), Unrest (5000)
Unrest bids 0
UDF1 bids 0
UDF1 won the auction and was revealed [Jc]
Unrest won the auction and was revealed [7h]
Flop [3h 3d Td], UDF1 (5000), Unrest (5000)
Unrest checks
UDF1 checks
Turn [3h 3d Td Qh], UDF1 (5000), Unrest (5000)
Unrest checks
UDF1 checks
River [3h 3d Td Qh Ts], UDF1 (5000), Unrest (5000)
Unrest checks
UDF1 checks
UDF1 shows [As 7h]
Unrest shows [Jc 6h]
UDF1 awarded 5000
Unrest awarded -5000

Round #186, Unrest (73839), UDF1 (-73839)
Unrest posts blind: 10
UDF1 posts blind: 20
Unrest received [Kc 6c]
UDF1 received [As 5d]
Unrest raises to 40
UDF1 raises to 5000
Unrest calls
Flop [8h Js 3d], Unrest (5000), UDF1 (5000)
UDF1 bids 0
Unrest bids 0
Unrest won the auction and was revealed [5d]
UDF1 won the auction and was revealed [Kc]
Flop [8h Js 3d], Unrest (5000), UDF1 (5000)
UDF1 checks
Unrest checks
Turn [8h Js 3d 2h], Unrest (5000), UDF1 (5000)
UDF1 checks
Unrest checks
River [8h Js 3d 2h 4d], Unrest (5000), UDF1 (5000)
UDF1 checks
Unrest checks
Unrest shows [Kc 6c]
UDF1 shows [As 5d]
Unrest awarded -5000
UDF1 awarded 5000

Round #187, UDF1 (-68839), Unrest (68839)
UDF1 posts blind: 10
Unrest posts blind: 20
UDF1 received [8s Qc]
Unrest received [Ah Ks]
UDF1 calls
Unrest raises to 40
UDF1 raises to 5000
Unrest calls
Flop [3s Kd 3d], UDF1 (5000), Unrest (5000)
Unrest bids 0
UDF1 bids 0
UDF1 won the auction and was revealed [Ah]
Unrest won the auction and was revealed [Qc]
Flop [3s Kd 3d], UDF1 (5000), Unrest (5000)
Unrest checks
UDF1 checks
Turn [3s Kd 3d Kc], UDF1 (5000), Unrest (5000)
Unrest checks
UDF1 checks
River [3s Kd 3d Kc 8c], UDF1 (5000), Unrest (5000)
Unrest checks
UDF1 checks
UDF1 shows [8s Qc]
Unrest shows [Ah Ks]
UDF1 awarded -5000
Unrest awarded 5000

Round #188, Unrest (73839), UDF1 (-73839)
Unrest posts blind: 10
UDF1 posts blind: 20
Unrest received [Ad 2s]
UDF1 received [Jc Th]
Unrest calls
UDF1 raises to 5000
Unrest calls
Flop [Qs 2d 2c], Unrest (5000), UDF1 (5000)
UDF1 bids 0
Unrest bids 0
Unrest won the auction and was revealed [Th]
UDF1 won the auction and was revealed [2s]
Flop [Qs 2d 2c], Unrest (5000), UDF1 (5000)
UDF1 checks
Unrest checks
Turn [Qs 2d 2c 7s], Unrest (5000), UDF1 (5000)
UDF1 checks
Unrest checks
River [Qs 2d 2c 7s 5c], Unrest (5000), UDF1 (5000)
UDF1 checks
Unrest checks
Unrest shows [Ad 2s]
UDF1 shows [Jc Th]
Unrest awarded 5000
UDF1 awarded -5000

Round #189, UDF1 (-78839), Unrest (78839)
UDF1 posts blind: 10
Unrest posts blind: 20
UDF1 received [3d 3s]
Unrest received [5s Qc]
UDF1 raises to 1238
Unrest calls
Flop [Ts 9d 4d], UDF1 (1238), Unrest (1238)
Unrest bids 188
UDF1 bids 234
UDF1 won the auction and was revealed [Qc]
Flop [Ts 9d 4d], UDF1 (1426), Unrest (1238)
Unrest checks
UDF1 bets 1758
Unrest calls
Turn [Ts 9d 4d Jd], UDF1 (3184), Unrest (2996)
Unrest checks
UDF1 bets 1816
Unrest calls
River [Ts 9d 4d Jd 2h], UDF1 (5000), Unrest (4812)
Unrest checks
UDF1 checks
UDF1 shows [3d 3s]
Unrest shows [5s Qc]
UDF1 awarded 4812
Unrest awarded -4812

Round #190, Unrest (74027), UDF1 (-74027)
Unrest posts blind: 10
UDF1 posts blind: 20
Unrest received [Ad 3h]
UDF1 received [4s 5d]
Unrest calls
UDF1 checks
Flop [Qs 3d Jh], Unrest (20), UDF1 (20)
UDF1 bids 35
Unrest bids 1245
Unrest won the auction and was revealed [4s]
Flop [Qs 3d Jh], Unrest (55), UDF1 (20)
UDF1 checks
Unrest bets 20
UDF1 calls
Turn [Qs 3d Jh 6h], Unrest (75), UDF1 (40)
UDF1 bets 75
Unrest calls
River [Qs 3d Jh 6h 3c], Unrest (150), UDF1 (115)
UDF1 checks
Unrest bets 20
UDF1 folds
Unrest awarded 115
UDF1 awarded -115

Round #191, UDF1 (-74142), Unrest (74142)
UDF1 posts blind: 10
Unrest posts blind: 20
UDF1 received [6s 7c]
Unrest received [6c 8c]
UDF1 calls
Unrest checks
Flop [Jc Qs Kc], UDF1 (20), Unrest (20)
Unrest bids 249
UDF1 bids 17
Unrest won the auction and was revealed [7c]
Flop [Jc Qs Kc], UDF1 (20), Unrest (37)
Unrest checks
UDF1 bets 4963
Unrest folds
UDF1 awarded 37
Unrest awarded -37

Round #192, Unrest (74105), UDF1 (-74105)
Unrest posts blind: 10
UDF1 posts blind: 20
Unrest received [8s 4s]
UDF1 received [8d 9c]
Unrest calls
UDF1 checks
Flop [Jh 4d 7d], Unrest (20), UDF1 (20)
UDF1 bids 34
Unrest bids 1245
Unrest won the auction and was revealed [8d]
Flop [Jh 4d 7d], Unrest (54), UDF1 (20)
UDF1 bets 4946
Unrest calls
Turn [Jh 4d 7d 7s], Unrest (5000), UDF1 (4966)
UDF1 checks
Unrest checks
River [Jh 4d 7d 7s Th], Unrest (5000), UDF1 (4966)
UDF1 checks
Unrest checks
Unrest shows [8s 4s]
UDF1 shows [8d 9c]
Unrest awarded -5000
UDF1 awarded 5000

Round #193, UDF1 (-69105), Unrest (69105)
UDF1 posts blind: 10
Unrest posts blind: 20
UDF1 received [4d Kh]
Unrest received [2h Js]
UDF1 raises to 5000
Unrest calls
Flop [5c Jh Ad], UDF1 (5000), Unrest (5000)
Unrest bids 0
UDF1 bids 0
UDF1 won the auction and was revealed [2h]
Unrest won the auction and was revealed [4d]
Flop [5c Jh Ad], UDF1 (5000), Unrest (5000)
Unrest checks
UDF1 checks
Turn [5c Jh Ad 9s], UDF1 (5000), Unrest (5000)
Unrest checks
UDF1 checks
River [5c Jh Ad 9s 5d], UDF1 (5000), Unrest (5000)
Unrest checks
UDF1 checks
UDF1 shows [4d Kh]
Unrest shows [2h Js]
UDF1 awarded -5000
Unrest awarded 5000

Round #194, Unrest (74105), UDF1 (-74105)
Unrest posts blind: 10
UDF1 posts blind: 20
Unrest received [Qd Qs]
UDF1 received [7s 8h]
Unrest raises to 40
UDF1 raises to 5000
Unrest calls
Flop [5d 5c Qc], Unrest (5000), UDF1 (5000)
UDF1 bids 0
Unrest bids 0
Unrest won the auction and was revealed [8h]
UDF1 won the auction and was revealed [Qd]
Flop [5d 5c Qc], Unrest (5000), UDF1 (5000)
UDF1 checks
Unrest checks
Turn [5d 5c Qc 9h], Unrest (5000), UDF1 (5000)
UDF1 checks
Unrest checks
River [5d 5c Qc 9h Ks], Unrest (5000), UDF1 (5000)
UDF1 checks
Unrest checks
Unrest shows [Qd Qs]
UDF1 shows [7s 8h]
Unrest awarded 5000
UDF1 awarded -5000

Round #195, UDF1 (-79105), Unrest (79105)
UDF1 posts blind: 10
Unrest posts blind: 20
UDF1 received [4d 3c]
Unrest received [9d Jh]
UDF1 raises to 50
Unrest calls
Flop [7s 2c 8s], UDF1 (50), Unrest (50)
Unrest bids 247
UDF1 bids 51
Unrest won the auction and was revealed [3c]
Flop [7s 2c 8s], UDF1 (50), Unrest (101)
Unrest checks
UDF1 checks
Turn [7s 2c 8s 9c], UDF1 (50), Unrest (101)
Unrest bets 20
UDF1 folds
UDF1 awarded -50
Unrest awarded 50

Round #196, Unrest (79155), UDF1 (-79155)
Unrest posts blind: 10
UDF1 posts blind: 20
Unrest received [6s 4c]
UDF1 received [Qc 4h]
Unrest folds
Unrest awarded -10
UDF1 awarded 10

Round #197, UDF1 (-79145), Unrest (79145)
UDF1 posts blind: 10
Unrest posts blind: 20
UDF1 received [Ah Ad]
Unrest received [Jc 7d]
UDF1 raises to 5000
Unrest calls
Flop [5s 5c 2s], UDF1 (5000), Unrest (5000)
Unrest bids 0
UDF1 bids 0
UDF1 won the auction and was revealed [7d]
Unrest won the auction and was revealed [Ah]
Flop [5s 5c 2s], UDF1 (5000), Unrest (5000)
Unrest checks
UDF1 checks
Turn [5s 5c 2s Kc], UDF1 (5000), Unrest (5000)
Unrest checks
UDF1 checks
River [5s 5c 2s Kc 6d], UDF1 (5000), Unrest (5000)
Unrest checks
UDF1 checks
UDF1 shows [Ah Ad]
Unrest shows [Jc 7d]
UDF1 awarded 5000
Unrest awarded -5000

Round #198, Unrest (74145), UDF1 (-74145)
Unrest posts blind: 10
UDF1 posts blind: 20
Unrest received [5s Kc]
UDF1 received [7s Jc]
Unrest calls
UDF1 checks
Flop [4h 9h 6s], Unrest (20), UDF1 (20)
UDF1 bids 31
Unrest bids 249
Unrest won the auction and was revealed [7s]
Flop [4h 9h 6s], Unrest (51), UDF1 (20)
UDF1 bets 46
Unrest calls
Turn [4h 9h 6s 8c], Unrest (97), UDF1 (66)
UDF1 bets 107
Unrest calls
River [4h 9h 6s 8c 5d], Unrest (204), UDF1 (173)
UDF1 bets 3459
Unrest calls
Unrest shows [5s Kc]
UDF1 shows [7s Jc]
Unrest awarded -3663
UDF1 awarded 3663

Round #199, UDF1 (-70482), Unrest (70482)
UDF1 posts blind: 10
Unrest posts blind: 20
UDF1 received [8s 7c]
Unrest received [Js 4h]
UDF1 calls
Unrest checks
Flop [Qd 8h 4d], UDF1 (20), Unrest (20)
Unrest bids 747
UDF1 bids 34
Unrest won the auction and was revealed [8s]
Flop [Qd 8h 4d], UDF1 (20), Unrest (54)
Unrest bets 20
UDF1 folds
UDF1 awarded -20
Unrest awarded 20

Round #200, Unrest (70502), UDF1 (-70502)
Unrest posts blind: 10
UDF1 posts blind: 20
Unrest received [2s 3s]
UDF1 received [Jc 5d]
Unrest folds
Unrest awarded -10
UDF1 awarded 10

Round #201, UDF1 (-70492), Unrest (70492)
UDF1 posts blind: 10
Unrest posts blind: 20
UDF1 received [9d Qd]
Unrest received [8d 9c]
UDF1 raises to 50
Unrest calls
Flop [9s 6h Td], UDF1 (50), Unrest (50)
Unrest bids 742
UDF1 bids 51
Unrest won the auction and was revealed [Qd]
Flop [9s 6h Td], UDF1 (50), Unrest (101)
Unrest bets 20
UDF1 folds
UDF1 awarded -50
Unrest awarded 50

Round #202, Unrest (70542), UDF1 (-70542)
Unrest posts blind: 10
UDF1 posts blind: 20
Unrest received [Kd 2c]
UDF1 received [Qd 6d]
Unrest calls
UDF1 raises to 46
Unrest calls
Flop [Js 4c 2s], Unrest (46), UDF1 (46)
UDF1 bids 49
Unrest bids 743
Unrest won the auction and was revealed [6d]
Flop [Js 4c 2s], Unrest (95), UDF1 (46)
UDF1 bets 93
Unrest calls
Turn [Js 4c 2s 6c], Unrest (188), UDF1 (139)
UDF1 bets 3238
Unrest calls
River [Js 4c 2s 6c 2d], Unrest (3426), UDF1 (3377)
UDF1 bets 1037
Unrest calls
Unrest shows [Kd 2c]
UDF1 shows [Qd 6d]
Unrest awarded 4414
UDF1 awarded -4414

Round #203, UDF1 (-74956), Unrest (74956)
UDF1 posts blind: 10
Unrest posts blind: 20
UDF1 received [Ah 8c]
Unrest received [As 6c]
UDF1 raises to 5000
Unrest calls
Flop [4s 2h 3d], UDF1 (5000), Unrest (5000)
Unrest bids 0
UDF1 bids 0
UDF1 won the auction and was revealed [As]
Unrest won the auction and was revealed [8c]
Flop [4s 2h 3d], UDF1 (5000), Unrest (5000)
Unrest checks
UDF1 checks
Turn [4s 2h 3d 3s], UDF1 (5000), Unrest (5000)
Unrest checks
UDF1 checks
River [4s 2h 3d 3s 8d], UDF1 (5000), Unrest (5000)
Unrest checks
UDF1 checks
UDF1 shows [Ah 8c]
Unrest shows [As 6c]
UDF1 awarded 5000
Unrest awarded -5000

Round #204, Unrest (69956), UDF1 (-69956)
Unrest posts blind: 10
UDF1 posts blind: 20
Unrest received [3c 3s]
UDF1 received [Qh Qc]
Unrest raises to 40
UDF1 raises to 4805
Unrest raises to 5000
UDF1 calls
Flop [Qs As Ts], Unrest (5000), UDF1 (5000)
UDF1 bids 0
Unrest bids 0
Unrest won the auction and was revealed [Qh]
UDF1 won the auction and was revealed [3s]
Flop [Qs As Ts], Unrest (5000), UDF1 (5000)
UDF1 checks
Unrest checks
Turn [Qs As Ts Ad], Unrest (5000), UDF1 (5000)
UDF1 checks
Unrest checks
River [Qs As Ts Ad 4h], Unrest (5000), UDF1 (5000)
UDF1 checks
Unrest checks
Unrest shows [3c 3s]
UDF1 shows [Qh Qc]
Unrest awarded -5000
UDF1 awarded 5000

Round #205, UDF1 (-64956), Unrest (64956)
UDF1 posts blind: 10
Unrest posts blind: 20
UDF1 received [Kd Kh]
Unrest received [2h 7s]
UDF1 raises to 4679
Unrest folds
UDF1 awarded 20
Unrest awarded -20

Round #206, Unrest (64936), UDF1 (-64936)
Unrest posts blind: 10
UDF1 posts blind: 20
Unrest received [2d Th]
UDF1 received [9d Jh]
Unrest calls
UDF1 raises to 5000
Unrest calls
Flop [8h 5s Tc], Unrest (5000), UDF1 (5000)
UDF1 bids 0
Unrest bids 0
Unrest won the auction and was revealed [Jh]
UDF1 won the auction and was revealed [Th]
Flop [8h 5s Tc], Unrest (5000), UDF1 (5000)
UDF1 checks
Unrest checks
Turn [8h 5s Tc Qs], Unrest (5000), UDF1 (5000)
UDF1 checks
Unrest checks
River [8h 5s Tc Qs Ac], Unrest (5000), UDF1 (5000)
UDF1 checks
Unrest checks
Unrest shows [2d Th]
UDF1 shows [9d Jh]
Unrest awarded -5000
UDF1 awarded 5000

Round #207, UDF1 (-59936), Unrest (59936)
UDF1 posts blind: 10
Unrest posts blind: 20
UDF1 received [Td Ah]
Unrest received [2s Kd]
UDF1 raises to 5000
Unrest calls
Flop [Qh Th 5h], UDF1 (5000), Unrest (5000)
Unrest bids 0
UDF1 bids 0
UDF1 won the auction and was revealed [2s]
Unrest won the auction and was revealed [Td]
Flop [Qh Th 5h], UDF1 (5000), Unrest (5000)
Unrest checks
UDF1 checks
Turn [Qh Th 5h 9d], UDF1 (5000), Unrest (5000)
Unrest checks
UDF1 checks
River [Qh Th 5h 9d Qd], UDF1 (5000), Unrest (5000)
Unrest checks
UDF1 checks
UDF1 shows [Td Ah]
Unrest shows [2s Kd]
UDF1 awarded 5000
Unrest awarded -5000

Round #208, Unrest (54936), UDF1 (-54936)
Unrest posts blind: 10
UDF1 posts blind: 20
Unrest received [7s Td]
UDF1 received [Kc Kh]
Unrest calls
UDF1 checks
Flop [6h As Qh], Unrest (20), UDF1 (20)
UDF1 bids 19
Unrest bids 249
Unrest won the auction and was revealed [Kc]
Flop [6h As Qh], Unrest (39), UDF1 (20)
UDF1 bets 4961
Unrest folds
Unrest awarded -39
UDF1 awarded 39

Round #209, UDF1 (-54897), Unrest (54897)
UDF1 posts blind: 10
Unrest posts blind: 20
UDF1 received [As Kc]
Unrest received [2d 8s]
UDF1 raises to 5000
Unrest folds
UDF1 awarded 20
Unrest awarded -20

Round #210, Unrest (54877), UDF1 (-54877)
Unrest posts blind: 10
UDF1 posts blind: 20
Unrest received [7c 9h]
UDF1 received [8d 2d]
Unrest calls
UDF1 raises to 46
Unrest calls
Flop [7d 6d 4h], Unrest (46), UDF1 (46)
UDF1 bids 55
Unrest bids 1238
Unrest won the auction and was revealed [2d]
Flop [7d 6d 4h], Unrest (101), UDF1 (46)
UDF1 bets 4899
Unrest calls
Turn [7d 6d 4h 3c], Unrest (5000), UDF1 (4945)
UDF1 checks
Unrest checks
River [7d 6d 4h 3c 8h], Unrest (5000), UDF1 (4945)
UDF1 checks
Unrest checks
Unrest shows [7c 9h]
UDF1 shows [8d 2d]
Unrest awarded -5000
UDF1 awarded 5000

Round #211, UDF1 (-49877), Unrest (49877)
UDF1 posts blind: 10
Unrest posts blind: 20
UDF1 received [Th Qd]
Unrest received [Tc 5h]
UDF1 raises to 5000
Unrest calls
Flop [Jh 2s 8d], UDF1 (5000), Unrest (5000)
Unrest bids 0
UDF1 bids 0
UDF1 won the auction and was revealed [5h]
Unrest won the auction and was revealed [Qd]
Flop [Jh 2s 8d], UDF1 (5000), Unrest (5000)
Unrest checks
UDF1 checks
Turn [Jh 2s 8d Qh], UDF1 (5000), Unrest (5000)
Unrest checks
UDF1 checks
River [Jh 2s 8d Qh 6s], UDF1 (5000), Unrest (5000)
Unrest checks
UDF1 checks
UDF1 shows [Th Qd]
Unrest shows [Tc 5h]
UDF1 awarded 5000
Unrest awarded -5000

Round #212, Unrest (44877), UDF1 (-44877)
Unrest posts blind: 10
UDF1 posts blind: 20
Unrest received [4c 5d]
UDF1 received [Js 2s]
Unrest folds
Unrest awarded -10
UDF1 awarded 10

Round #213, UDF1 (-44867), Unrest (44867)
UDF1 posts blind: 10
Unrest posts blind: 20
UDF1 received [6c 2s]
Unrest received [Jd Tc]
UDF1 raises to 50
Unrest calls
Flop [Kh 9s Td], UDF1 (50), Unrest (50)
Unrest bids 742
UDF1 bids 50
Unrest won the auction and was revealed [2s]
Flop [Kh 9s Td], UDF1 (50), Unrest (100)
Unrest bets 20
UDF1 folds
UDF1 awarded -50
Unrest awarded 50

Round #214, Unrest (44917), UDF1 (-44917)
Unrest posts blind: 10
UDF1 posts blind: 20
Unrest received [8h 4h]
UDF1 received [As 5h]
Unrest calls
UDF1 checks
Flop [7s Ac Kd], Unrest (20), UDF1 (20)
UDF1 bids 32
Unrest bids 249
Unrest won the auction and was revealed [5h]
Flop [7s Ac Kd], Unrest (52), UDF1 (20)
UDF1 bets 4948
Unrest folds
Unrest awarded -52
UDF1 awarded 52

Round #215, UDF1 (-44865), Unrest (44865)
UDF1 posts blind: 10
Unrest posts blind: 20
UDF1 received [4s Ks]
Unrest received [Ts 8d]
UDF1 raises to 5000
Unrest calls
Flop [Jc 2h 4c], UDF1 (5000), Unrest (5000)
Unrest bids 0
UDF1 bids 0
UDF1 won the auction and was revealed [Ts]
Unrest won the auction and was revealed [4s]
Flop [Jc 2h 4c], UDF1 (5000), Unrest (5000)
Unrest checks
UDF1 checks
Turn [Jc 2h 4c 6h], UDF1 (5000), Unrest (5000)
Unrest checks
UDF1 checks
River [Jc 2h 4c 6h Kc], UDF1 (5000), Unrest (5000)
Unrest checks
UDF1 checks
UDF1 shows [4s Ks]
Unrest shows [Ts 8d]
UDF1 awarded 5000
Unrest awarded -5000

Round #216, Unrest (39865), UDF1 (-39865)
Unrest posts blind: 10
UDF1 posts blind: 20
Unrest received [Tc 9h]
UDF1 received [4h Jc]
Unrest calls
UDF1 raises to 5000
Unrest calls
Flop [3d 5s Ad], Unrest (5000), UDF1 (5000)
UDF1 bids 0
Unrest bids 0
Unrest won the auction and was revealed [4h]
UDF1 won the auction and was revealed [9h]
Flop [3d 5s Ad], Unrest (5000), UDF1 (5000)
UDF1 checks
Unrest checks
Turn [3d 5s Ad 9s], Unrest (5000), UDF1 (5000)
UDF1 checks
Unrest checks
River [3d 5s Ad 9s 6c], Unrest (5000), UDF1 (5000)
UDF1 checks
Unrest checks
Unrest shows [Tc 9h]
UDF1 shows [4h Jc]
Unrest awarded 5000
UDF1 awarded -5000

Round #217, UDF1 (-44865), Unrest (44865)
UDF1 posts blind: 10
Unrest posts blind: 20
UDF1 received [4d 2c]
Unrest received [4h Jd]
UDF1 raises to 5000
Unrest calls
Flop [6c Jh 3c], UDF1 (5000), Unrest (5000)
Unrest bids 0
UDF1 bids 0
UDF1 won the auction and was revealed [4h]
Unrest won the auction and was revealed [2c]
Flop [6c Jh 3c], UDF1 (5000), Unrest (5000)
Unrest checks
UDF1 checks
Turn [6c Jh 3c 6s], UDF1 (5000), Unrest (5000)
Unrest checks
UDF1 checks
River [6c Jh 3c 6s 9s], UDF1 (5000), Unrest (5000)
Unrest checks
UDF1 checks
UDF1 shows [4d 2c]
Unrest shows [4h Jd]
UDF1 awarded -5000
Unrest awarded 5000

Round #218, Unrest (49865), UDF1 (-49865)
Unrest posts blind: 10
UDF1 posts blind: 20
Unrest received [3c 5s]
UDF1 received [7c Kd]
Unrest folds
Unrest awarded -10
UDF1 awarded 10

Round #219, UDF1 (-49855), Unrest (49855)
UDF1 posts blind: 10
Unrest posts blind: 20
UDF1 received [8h Ad]
Unrest received [9h Ah]
UDF1 raises to 5000
Unrest calls
Flop [6c 3h Jc], UDF1 (5000), Unrest (5000)
Unrest bids 0
UDF1 bids 0
UDF1 won the auction and was revealed [9h]
Unrest won the auction and was revealed [Ad]
Flop [6c 3h Jc], UDF1 (5000), Unrest (5000)
Unrest checks
UDF1 checks
Turn [6c 3h Jc 6s], UDF1 (5000), Unrest (5000)
Unrest checks
UDF1 checks
River [6c 3h Jc 6s Kh], UDF1 (5000), Unrest (5000)
Unrest checks
UDF1 checks
UDF1 shows [8h Ad]
Unrest shows [9h Ah]
UDF1 awarded 0
Unrest awarded 0

Round #220, Unrest (49855), UDF1 (-49855)
Unrest posts blind: 10
UDF1 posts blind: 20
Unrest received [9d 8h]
UDF1 received [9c 4h]
Unrest calls
UDF1 raises to 5000
Unrest calls
Flop [5h 3s Ah], Unrest (5000), UDF1 (5000)
UDF1 bids 0
Unrest bids 0
Unrest won the auction and was revealed [4h]
UDF1 won the auction and was revealed [8h]
Flop [5h 3s Ah], Unrest (5000), UDF1 (5000)
UDF1 checks
Unrest checks
Turn [5h 3s Ah 8d], Unrest (5000), UDF1 (5000)
UDF1 checks
Unrest checks
River [5h 3s Ah 8d Kc], Unrest (5000), UDF1 (5000)
UDF1 checks
Unrest checks
Unrest shows [9d 8h]
UDF1 shows [9c 4h]
Unrest awarded 5000
UDF1 awarded -5000

Round #221, UDF1 (-54855), Unrest (54855)
UDF1 posts blind: 10
Unrest posts blind: 20
UDF1 received [9h 9d]
Unrest received [Jh 6d]
UDF1 raises to 5000
Unrest calls
Flop [5s 6c 7c], UDF1 (5000), Unrest (5000)
Unrest bids 0
UDF1 bids 0
UDF1 won the auction and was revealed [6d]
Unrest won the auction and was revealed [9h]
Flop [5s 6c 7c], UDF1 (5000), Unrest (5000)
Unrest checks
UDF1 checks
Turn [5s 6c 7c Ad], UDF1 (5000), Unrest (5000)
Unrest checks
UDF1 checks
River [5s 6c 7c Ad 2d], UDF1 (5000), Unrest (5000)
Unrest checks
UDF1 checks
UDF1 shows [9h 9d]
Unrest shows [Jh 6d]
UDF1 awarded 5000
Unrest awarded -5000

Round #222, Unrest (49855), UDF1 (-49855)
Unrest posts blind: 10
UDF1 posts blind: 20
Unrest received [6s 7c]
UDF1 received [Ts 9d]
Unrest folds
Unrest awarded -10
UDF1 awarded 10

Round #223, UDF1 (-49845), Unrest (49845)
UDF1 posts blind: 10
Unrest posts blind: 20
UDF1 received [4h Qh]
Unrest received [2h 6s]
UDF1 raises to 50
Unrest folds
UDF1 awarded 20
Unrest awarded -20

Round #224, Unrest (49825), UDF1 (-49825)
Unrest posts blind: 10
UDF1 posts blind: 20
Unrest received [2d 9c]
UDF1 received [7h 3s]
Unrest folds
Unrest awarded -10
UDF1 awarded 10

Round #225, UDF1 (-49815), Unrest (49815)
UDF1 posts blind: 10
Unrest posts blind: 20
UDF1 received [6c 5c]
Unrest received [8s Ts]
UDF1 calls
Unrest raises to 40
UDF1 raises to 5000
Unrest calls
Flop [Th Ac Kh], UDF1 (5000), Unrest (5000)
Unrest bids 0
UDF1 bids 0
UDF1 won the auction and was revealed [8s]
Unrest won the auction and was revealed [6c]
Flop [Th Ac Kh], UDF1 (5000), Unrest (5000)
Unrest checks
UDF1 checks
Turn [Th Ac Kh 7c], UDF1 (5000), Unrest (5000)
Unrest checks
UDF1 checks
River [Th Ac Kh 7c Td], UDF1 (5000), Unrest (5000)
Unrest checks
UDF1 checks
UDF1 shows [6c 5c]
Unrest shows [8s Ts]
UDF1 awarded -5000
Unrest awarded 5000

Round #226, Unrest (54815), UDF1 (-54815)
Unrest posts blind: 10
UDF1 posts blind: 20
Unrest received [Jc 2s]
UDF1 received [4c Qc]
Unrest calls
UDF1 raises to 5000
Unrest calls
Flop [7c 9h Js], Unrest (5000), UDF1 (5000)
UDF1 bids 0
Unrest bids 0
Unrest won the auction and was revealed [Qc]
UDF1 won the auction and was revealed [Jc]
Flop [7c 9h Js], Unrest (5000), UDF1 (5000)
UDF1 checks
Unrest checks
Turn [7c 9h Js 8d], Unrest (5000), UDF1 (5000)
UDF1 checks
Unrest checks
River [7c 9h Js 8d Ks], Unrest (5000), UDF1 (5000)
UDF1 checks
Unrest checks
Unrest shows [Jc 2s]
UDF1 shows [4c Qc]
Unrest awarded 5000
UDF1 awarded -5000

Round #227, UDF1 (-59815), Unrest (59815)
UDF1 posts blind: 10
Unrest posts blind: 20
UDF1 received [Kd 5h]
Unrest received [4d Ks]
UDF1 calls
Unrest raises to 40
UDF1 raises to 5000
Unrest calls
Flop [Ah 3c Kc], UDF1 (5000), Unrest (5000)
Unrest bids 0
UDF1 bids 0
UDF1 won the auction and was revealed [Ks]
Unrest won the auction and was revealed [Kd]
Flop [Ah 3c Kc], UDF1 (5000), Unrest (5000)
Unrest checks
UDF1 checks
Turn [Ah 3c Kc Kh], UDF1 (5000), Unrest (5000)
Unrest checks
UDF1 checks
River [Ah 3c Kc Kh 3h], UDF1 (5000), Unrest (5000)
Unrest checks
UDF1 checks
UDF1 shows [Kd 5h]
Unrest shows [4d Ks]
UDF1 awarded 0
Unrest awarded 0

Round #228, Unrest (59815), UDF1 (-59815)
Unrest posts blind: 10
UDF1 posts blind: 20
Unrest received [Qs 7h]
UDF1 received [4d 4s]
Unrest calls
UDF1 raises to 46
Unrest calls
Flop [Ah 3s Ks], Unrest (46), UDF1 (46)
UDF1 bids 20
Unrest bids 247
Unrest won the auction and was revealed [4s]
Flop [Ah 3s Ks], Unrest (66), UDF1 (46)
UDF1 bets 4934
Unrest folds
Unrest awarded -66
UDF1 awarded 66

Round #229, UDF1 (-59749), Unrest (59749)
UDF1 posts blind: 10
Unrest posts blind: 20
UDF1 received [Ad 5h]
Unrest received [5c Ts]
UDF1 raises to 50
Unrest calls
Flop [Kh 5s Js], UDF1 (50), Unrest (50)
Unrest bids 742
UDF1 bids 57
Unrest won the auction and was revealed [Ad]
Flop [Kh 5s Js], UDF1 (50), Unrest (107)
Unrest bets 20
UDF1 folds
UDF1 awarded -50
Unrest awarded 50

Round #230, Unrest (59799), UDF1 (-59799)
Unrest posts blind: 10
UDF1 posts blind: 20
Unrest received [Jh 6c]
UDF1 received [Qs 8h]
Unrest calls
UDF1 raises to 5000
Unrest calls
Flop [Td Ks 6d], Unrest (5000), UDF1 (5000)
UDF1 bids 0
Unrest bids 0
Unrest won the auction and was revealed [8h]
UDF1 won the auction and was revealed [6c]
Flop [Td Ks 6d], Unrest (5000), UDF1 (5000)
UDF1 checks
Unrest checks
Turn [Td Ks 6d Kh], Unrest (5000), UDF1 (5000)
UDF1 checks
Unrest checks
River [Td Ks 6d Kh 7s], Unrest (5000), UDF1 (5000)
UDF1 checks
Unrest checks
Unrest shows [Jh 6c]
UDF1 shows [Qs 8h]
Unrest awarded 5000
UDF1 awarded -5000

Round #231, UDF1 (-64799), Unrest (64799)
UDF1 posts blind: 10
Unrest posts blind: 20
UDF1 received [Js 5h]
Unrest received [4s 8h]
UDF1 raises to 5000
Unrest calls
Flop [2h 8d Td], UDF1 (5000), Unrest (5000)
Unrest bids 0
UDF1 bids 0
UDF1 won the auction and was revealed [8h]
Unrest won the auction and was revealed [Js]
Flop [2h 8d Td], UDF1 (5000), Unrest (5000)
Unrest checks
UDF1 checks
Turn [2h 8d Td Ts], UDF1 (5000), Unrest (5000)
Unrest checks
UDF1 checks
River [2h 8d Td Ts 4c], UDF1 (5000), Unrest (5000)
Unrest checks
UDF1 checks
UDF1 shows [Js 5h]
Unrest shows [4s 8h]
UDF1 awarded -5000
Unrest awarded 5000

Round #232, Unrest (69799), UDF1 (-69799)
Unrest posts blind: 10
UDF1 posts blind: 20
Unrest received [Qd 5s]
UDF1 received [7h 9d]
Unrest calls
UDF1 checks
Flop [Ts Kc Jd], Unrest (20), UDF1 (20)
UDF1 bids 31
Unrest bids 249
Unrest won the auction and was revealed [9d]
Flop [Ts Kc Jd], Unrest (51), UDF1 (20)
UDF1 bets 4949
Unrest folds
Unrest awarded -51
UDF1 awarded 51

Round #233, UDF1 (-69748), Unrest (69748)
UDF1 posts blind: 10
Unrest posts blind: 20
UDF1 received [9c 6c]
Unrest received [4c 8s]
UDF1 calls
Unrest checks
Flop [4d 7s 8h], UDF1 (20), Unrest (20)
Unrest bids 747
UDF1 bids 36
Unrest won the auction and was revealed [6c]
Flop [4d 7s 8h], UDF1 (20), Unrest (56)
Unrest bets 20
UDF1 raises to 116
Unrest calls
Turn [4d 7s 8h Qs], UDF1 (136), Unrest (172)
Unrest bets 20
UDF1 raises to 348
Unrest calls
River [4d 7s 8h Qs 9s], UDF1 (484), Unrest (520)
Unrest checks
UDF1 bets 2698
Unrest calls
UDF1 shows [9c 6c]
Unrest shows [4c 8s]
UDF1 awarded -3182
Unrest awarded 3182

Round #234, Unrest (72930), UDF1 (-72930)
Unrest posts blind: 10
UDF1 posts blind: 20
Unrest received [Kc 5h]
UDF1 received [4s 2h]
Unrest calls
UDF1 checks
Flop [2d 9d Th], Unrest (20), UDF1 (20)
UDF1 bids 35
Unrest bids 249
Unrest won the auction and was revealed [4s]
Flop [2d 9d Th], Unrest (55), UDF1 (20)
UDF1 bets 4945
Unrest folds
Unrest awarded -55
UDF1 awarded 55

Round #235, UDF1 (-72875), Unrest (72875)
UDF1 posts blind: 10
Unrest posts blind: 20
UDF1 received [Jc 9d]
Unrest received [Ks 8h]
UDF1 raises to 50
Unrest calls
Flop [2s 4c Js], UDF1 (50), Unrest (50)
Unrest bids 247
UDF1 bids 54
Unrest won the auction and was revealed [Jc]
Flop [2s 4c Js], UDF1 (50), Unrest (104)
Unrest checks
UDF1 bets 4896
Unrest folds
UDF1 awarded 104
Unrest awarded -104

Round #236, Unrest (72771), UDF1 (-72771)
Unrest posts blind: 10
UDF1 posts blind: 20
Unrest received [6c Jh]
UDF1 received [8d Qd]
Unrest calls
UDF1 raises to 5000
Unrest calls
Flop [3h 7c Ac], Unrest (5000), UDF1 (5000)
UDF1 bids 0
Unrest bids 0
Unrest won the auction and was revealed [8d]
UDF1 won the auction and was revealed [Jh]
Flop [3h 7c Ac], Unrest (5000), UDF1 (5000)
UDF1 checks
Unrest checks
Turn [3h 7c Ac Kc], Unrest (5000), UDF1 (5000)
UDF1 checks
Unrest checks
River [3h 7c Ac Kc 8h], Unrest (5000), UDF1 (5000)
UDF1 checks
Unrest checks
Unrest shows [6c Jh]
UDF1 shows [8d Qd]
Unrest awarded -5000
UDF1 awarded 5000

Round #237, UDF1 (-67771), Unrest (67771)
UDF1 posts blind: 10
Unrest posts blind: 20
UDF1 received [7h 6h]
Unrest received [Ts Td]
UDF1 raises to 5000
Unrest calls
Flop [4c 9h Ks], UDF1 (5000), Unrest (5000)
Unrest bids 0
UDF1 bids 0
UDF1 won the auction and was revealed [Ts]
Unrest won the auction and was revealed [6h]
Flop [4c 9h Ks], UDF1 (5000), Unrest (5000)
Unrest checks
UDF1 checks
Turn [4c 9h Ks Ad], UDF1 (5000), Unrest (5000)
Unrest checks
UDF1 checks
River [4c 9h Ks Ad 3s], UDF1 (5000), Unrest (5000)
Unrest checks
UDF1 checks
UDF1 shows [7h 6h]
Unrest shows [Ts Td]
UDF1 awarded -5000
Unrest awarded 5000

Round #238, Unrest (72771), UDF1 (-72771)
Unrest posts blind: 10
UDF1 posts blind: 20
Unrest received [9s 8d]
UDF1 received [Ts 2s]
Unrest calls
UDF1 raises to 5000
Unrest calls
Flop [4h 3h 5s], Unrest (5000), UDF1 (5000)
UDF1 bids 0
Unrest bids 0
Unrest won the auction and was revealed [2s]
UDF1 won the auction and was revealed [8d]
Flop [4h 3h 5s], Unrest (5000), UDF1 (5000)
UDF1 checks
Unrest checks
Turn [4h 3h 5s Qd], Unrest (5000), UDF1 (5000)
UDF1 checks
Unrest checks
River [4h 3h 5s Qd 7d], Unrest (5000), UDF1 (5000)
UDF1 checks
Unrest checks
Unrest shows [9s 8d]
UDF1 shows [Ts 2s]
Unrest awarded -5000
UDF1 awarded 5000

Round #239, UDF1 (-67771), Unrest (67771)
UDF1 posts blind: 10
Unrest posts blind: 20
UDF1 received [6c 3s]
Unrest received [8d Jc]
UDF1 raises to 50
Unrest calls
Flop [8s 3h Th], UDF1 (50), Unrest (50)
Unrest bids 742
UDF1 bids 21
Unrest won the auction and was revealed [3s]
Flop [8s 3h Th], UDF1 (50), Unrest (71)
Unrest bets 20
UDF1 raises to 4929
Unrest calls
Turn [8s 3h Th 7c], UDF1 (4979), Unrest (5000)
Unrest checks
UDF1 checks
River [8s 3h Th 7c Kd], UDF1 (4979), Unrest (5000)
Unrest checks
UDF1 checks
UDF1 shows [6c 3s]
Unrest shows [8d Jc]
UDF1 awarded -4979
Unrest awarded 4979

Round #240, Unrest (72750), UDF1 (-72750)
Unrest posts blind: 10
UDF1 posts blind: 20
Unrest received [9h 7d]
UDF1 received [3h 5c]
Unrest calls
UDF1 raises to 5000
Unrest calls
Flop [7s 5h 9d], Unrest (5000), UDF1 (5000)
UDF1 bids 0
Unrest bids 0
Unrest won the auction and was revealed [5c]
UDF1 won the auction and was revealed [9h]
Flop [7s 5h 9d], Unrest (5000), UDF1 (5000)
UDF1 checks
Unrest checks
Turn [7s 5h 9d 2h], Unrest (5000), UDF1 (5000)
UDF1 checks
Unrest checks
River [7s 5h 9d 2h Ac], Unrest (5000), UDF1 (5000)
UDF1 checks
Unrest checks
Unrest shows [9h 7d]
UDF1 shows [3h 5c]
Unrest awarded 5000
UDF1 awarded -5000

Round #241, UDF1 (-77750), Unrest (77750)
UDF1 posts blind: 10
Unrest posts blind: 20
UDF1 received [9h 4c]
Unrest received [Qc Td]
UDF1 raises to 50
Unrest calls
Flop [5s Jc 2h], UDF1 (50), Unrest (50)
Unrest bids 247
UDF1 bids 51
Unrest won the auction and was revealed [4c]
Flop [5s Jc 2h], UDF1 (50), Unrest (101)
Unrest checks
UDF1 bets 4899
Unrest folds
UDF1 awarded 101
Unrest awarded -101

Round #242, Unrest (77649), UDF1 (-77649)
Unrest posts blind: 10
UDF1 posts blind: 20
Unrest received [Kd 7c]
UDF1 received [6h 9s]
Unrest calls
UDF1 raises to 5000
Unrest calls
Flop [3d 6c Jd], Unrest (5000), UDF1 (5000)
UDF1 bids 0
Unrest bids 0
Unrest won the auction and was revealed [9s]
UDF1 won the auction and was revealed [Kd]
Flop [3d 6c Jd], Unrest (5000), UDF1 (5000)
UDF1 checks
Unrest checks
Turn [3d 6c Jd 7s], Unrest (5000), UDF1 (5000)
UDF1 checks
Unrest checks
River [3d 6c Jd 7s As], Unrest (5000), UDF1 (5000)
UDF1 checks
Unrest checks
Unrest shows [Kd 7c]
UDF1 shows [6h 9s]
Unrest awarded 5000
UDF1 awarded -5000

Round #243, UDF1 (-82649), Unrest (82649)
UDF1 posts blind: 10
Unrest posts blind: 20
UDF1 received [6c 3s]
Unrest received [8c 9h]
UDF1 raises to 5000
Unrest calls
Flop [Kc 6d 2d], UDF1 (5000), Unrest (5000)
Unrest bids 0
UDF1 bids 0
UDF1 won the auction and was revealed [8c]
Unrest won the auction and was revealed [3s]
Flop [Kc 6d 2d], UDF1 (5000), Unrest (5000)
Unrest checks
UDF1 checks
Turn [Kc 6d 2d 8d], UDF1 (5000), Unrest (5000)
Unrest checks
UDF1 checks
River [Kc 6d 2d 8d Js], UDF1 (5000), Unrest (5000)
Unrest checks
UDF1 checks
UDF1 shows [6c 3s]
Unrest shows [8c 9h]
UDF1 awarded -5000
Unrest awarded 5000

Round #244, Unrest (87649), UDF1 (-87649)
Unrest posts blind: 10
UDF1 posts blind: 20
Unrest received [4c 7c]
UDF1 received [Qs 5s]
Unrest folds
Unrest awarded -10
UDF1 awarded 10

Round #245, UDF1 (-87639), Unrest (87639)
UDF1 posts blind: 10
Unrest posts blind: 20
UDF1 received [7d 9d]
Unrest received [3s 4d]
UDF1 raises to 50
Unrest folds
UDF1 awarded 20
Unrest awarded -20

Round #246, Unrest (87619), UDF1 (-87619)
Unrest posts blind: 10
UDF1 posts blind: 20
Unrest received [8s 7s]
UDF1 received [Ad Qh]
Unrest calls
UDF1 checks
Flop [7d 8h Ks], Unrest (20), UDF1 (20)
UDF1 bids 34
Unrest bids 1245
Unrest won the auction and was revealed [Ad]
Flop [7d 8h Ks], Unrest (54), UDF1 (20)
UDF1 bets 48
Unrest calls
Turn [7d 8h Ks Jh], Unrest (102), UDF1 (68)
UDF1 bets 4898
Unrest calls
River [7d 8h Ks Jh 7c], Unrest (5000), UDF1 (4966)
UDF1 checks
Unrest checks
Unrest shows [8s 7s]
UDF1 shows [Ad Qh]
Unrest awarded 4966
UDF1 awarded -4966

Round #247, UDF1 (-92585), Unrest (92585)
UDF1 posts blind: 10
Unrest posts blind: 20
UDF1 received [9d 5s]
Unrest received [Ad Qc]
UDF1 raises to 5000
Unrest calls
Flop [Qd 7c Th], UDF1 (5000), Unrest (5000)
Unrest bids 0
UDF1 bids 0
UDF1 won the auction and was revealed [Ad]
Unrest won the auction and was revealed [5s]
Flop [Qd 7c Th], UDF1 (5000), Unrest (5000)
Unrest checks
UDF1 checks
Turn [Qd 7c Th 6h], UDF1 (5000), Unrest (5000)
Unrest checks
UDF1 checks
River [Qd 7c Th 6h Jc], UDF1 (5000), Unrest (5000)
Unrest checks
UDF1 checks
UDF1 shows [9d 5s]
Unrest shows [Ad Qc]
UDF1 awarded -5000
Unrest awarded 5000

Round #248, Unrest (97585), UDF1 (-97585)
Unrest posts blind: 10
UDF1 posts blind: 20
Unrest received [Td 2h]
UDF1 received [2d 3c]
Unrest calls
UDF1 raises to 46
Unrest calls
Flop [4h 7d 5s], Unrest (46), UDF1 (46)
UDF1 bids 18
Unrest bids 247
Unrest won the auction and was revealed [2d]
Flop [4h 7d 5s], Unrest (64), UDF1 (46)
UDF1 bets 72
Unrest calls
Turn [4h 7d 5s 6d], Unrest (136), UDF1 (118)
UDF1 bets 4864
Unrest folds
Unrest awarded -136
UDF1 awarded 136

Round #249, UDF1 (-97449), Unrest (97449)
UDF1 posts blind: 10
Unrest posts blind: 20
UDF1 received [8d Kh]
Unrest received [4s Tc]
UDF1 folds
UDF1 awarded -10
Unrest awarded 10

Round #250, Unrest (97459), UDF1 (-97459)
Unrest posts blind: 10
UDF1 posts blind: 20
Unrest received [Qs 6d]
UDF1 received [Ac 5h]
Unrest calls
UDF1 raises to 5000
Unrest calls
Flop [4s 4c Th], Unrest (5000), UDF1 (5000)
UDF1 bids 0
Unrest bids 0
Unrest won the auction and was revealed [5h]
UDF1 won the auction and was revealed [Qs]
Flop [4s 4c Th], Unrest (5000), UDF1 (5000)
UDF1 checks
Unrest checks
Turn [4s 4c Th Td], Unrest (5000), UDF1 (5000)
UDF1 checks
Unrest checks
River [4s 4c Th Td Kd], Unrest (5000), UDF1 (5000)
UDF1 checks
Unrest checks
Unrest shows [Qs 6d]
UDF1 shows [Ac 5h]
Unrest awarded -5000
UDF1 awarded 5000

Round #251, UDF1 (-92459), Unrest (92459)
UDF1 posts blind: 10
Unrest posts blind: 20
UDF1 received [Ad 3c]
Unrest received [9s 5c]
UDF1 folds
UDF1 awarded -10
Unrest awarded 10

Round #252, Unrest (92469), UDF1 (-92469)
Unrest posts blind: 10
UDF1 posts blind: 20
Unrest received [Qd 3c]
UDF1 received [Kh 8s]
Unrest calls
UDF1 raises to 5000
Unrest calls
Flop [2h 3h 9s], Unrest (5000), UDF1 (5000)
UDF1 bids 0
Unrest bids 0
Unrest won the auction and was revealed [8s]
UDF1 won the auction and was revealed [3c]
Flop [2h 3h 9s], Unrest (5000), UDF1 (5000)
UDF1 checks
Unrest checks
Turn [2h 3h 9s 4h], Unrest (5000), UDF1 (5000)
UDF1 checks
Unrest checks
River [2h 3h 9s 4h 6h], Unrest (5000), UDF1 (5000)
UDF1 checks
Unrest checks
Unrest shows [Qd 3c]
UDF1 shows [Kh 8s]
Unrest awarded -5000
UDF1 awarded 5000

Round #253, UDF1 (-87469), Unrest (87469)
UDF1 posts blind: 10
Unrest posts blind: 20
UDF1 received [4s Ah]
Unrest received [9h Kc]
UDF1 calls
Unrest raises to 40
UDF1 raises to 5000
Unrest calls
Flop [3s 4d 7h], UDF1 (5000), Unrest (5000)
Unrest bids 0
UDF1 bids 0
UDF1 won the auction and was revealed [9h]
Unrest won the auction and was revealed [4s]
Flop [3s 4d 7h], UDF1 (5000), Unrest (5000)
Unrest checks
UDF1 checks
Turn [3s 4d 7h 2c], UDF1 (5000), Unrest (5000)
Unrest checks
UDF1 checks
River [3s 4d 7h 2c 8h], UDF1 (5000), Unrest (5000)
Unrest checks
UDF1 checks
UDF1 shows [4s Ah]
Unrest shows [9h Kc]
UDF1 awarded 5000
Unrest awarded -5000

Round #254, Unrest (82469), UDF1 (-82469)
Unrest posts blind: 10
UDF1 posts blind: 20
Unrest received [5h 3s]
UDF1 received [7c Ah]
Unrest folds
Unrest awarded -10
UDF1 awarded 10

Round #255, UDF1 (-82459), Unrest (82459)
UDF1 posts blind: 10
Unrest posts blind: 20
UDF1 received [Tc Ks]
Unrest received [4c 3h]
UDF1 raises to 5000
Unrest folds
UDF1 awarded 20
Unrest awarded -20

Round #256, Unrest (82439), UDF1 (-82439)
Unrest posts blind: 10
UDF1 posts blind: 20
Unrest received [Ts 5c]
UDF1 received [8s 9d]
Unrest calls
UDF1 raises to 5000
Unrest calls
Flop [2h 5s Js], Unrest (5000), UDF1 (5000)
UDF1 bids 0
Unrest bids 0
Unrest won the auction and was revealed [9d]
UDF1 won the auction and was revealed [Ts]
Flop [2h 5s Js], Unrest (5000), UDF1 (5000)
UDF1 checks
Unrest checks
Turn [2h 5s Js Ac], Unrest (5000), UDF1 (5000)
UDF1 checks
Unrest checks
River [2h 5s Js Ac 4c], Unrest (5000), UDF1 (5000)
UDF1 checks
Unrest checks
Unrest shows [Ts 5c]
UDF1 shows [8s 9d]
Unrest awarded 5000
UDF1 awarded -5000

Round #257, UDF1 (-87439), Unrest (87439)
UDF1 posts blind: 10
Unrest posts blind: 20
UDF1 received [3c Tc]
Unrest received [Qs 9d]
UDF1 calls
Unrest raises to 40
UDF1 raises to 5000
Unrest calls
Flop [Kh 8d 5s], UDF1 (5000), Unrest (5000)
Unrest bids 0
UDF1 bids 0
UDF1 won the auction and was revealed [9d]
Unrest won the auction and was revealed [Tc]
Flop [Kh 8d 5s], UDF1 (5000), Unrest (5000)
Unrest checks
UDF1 checks
Turn [Kh 8d 5s 9h], UDF1 (5000), Unrest (5000)
Unrest checks
UDF1 checks
River [Kh 8d 5s 9h Jh], UDF1 (5000), Unrest (5000)
Unrest checks
UDF1 checks
UDF1 shows [3c Tc]
Unrest shows [Qs 9d]
UDF1 awarded -5000
Unrest awarded 5000

Round #258, Unrest (92439), UDF1 (-92439)
Unrest posts blind: 10
UDF1 posts blind: 20
Unrest received [Ts Jh]
UDF1 received [6d 8d]
Unrest calls
UDF1 raises to 46
Unrest calls
Flop [Js As 8h], Unrest (46), UDF1 (46)
UDF1 bids 49
Unrest bids 1238
Unrest won the auction and was revealed [8d]
Flop [Js As 8h], Unrest (95), UDF1 (46)
UDF1 bets 4905
Unrest calls
Turn [Js As 8h 2c], Unrest (5000), UDF1 (4951)
UDF1 checks
Unrest checks
River [Js As 8h 2c Kh], Unrest (5000), UDF1 (4951)
UDF1 checks
Unrest checks
Unrest shows [Ts Jh]
UDF1 shows [6d 8d]
Unrest awarded 4951
UDF1 awarded -4951

Round #259, UDF1 (-97390), Unrest (97390)
UDF1 posts blind: 10
Unrest posts blind: 20
UDF1 received [Tc Ks]
Unrest received [Qh Kd]
UDF1 raises to 5000
Unrest calls
Flop [Ts 6c Qs], UDF1 (5000), Unrest (5000)
Unrest bids 0
UDF1 bids 0
UDF1 won the auction and was revealed [Qh]
Unrest won the auction and was revealed [Ks]
Flop [Ts 6c Qs], UDF1 (5000), Unrest (5000)
Unrest checks
UDF1 checks
Turn [Ts 6c Qs 3h], UDF1 (5000), Unrest (5000)
Unrest checks
UDF1 checks
River [Ts 6c Qs 3h 9s], UDF1 (5000), Unrest (5000)
Unrest checks
UDF1 checks
UDF1 shows [Tc Ks]
Unrest shows [Qh Kd]
UDF1 awarded -5000
Unrest awarded 5000

Round #260, Unrest (102390), UDF1 (-102390)
Unrest posts blind: 10
UDF1 posts blind: 20
Unrest received [3c 9s]
UDF1 received [7s Ah]
Unrest folds
Unrest awarded -10
UDF1 awarded 10

Round #261, UDF1 (-102380), Unrest (102380)
UDF1 posts blind: 10
Unrest posts blind: 20
UDF1 received [8c Ad]
Unrest received [Ts 4s]
UDF1 raises to 5000
Unrest calls
Flop [6s 9h Jd], UDF1 (5000), Unrest (5000)
Unrest bids 0
UDF1 bids 0
UDF1 won the auction and was revealed [Ts]
Unrest won the auction and was revealed [Ad]
Flop [6s 9h Jd], UDF1 (5000), Unrest (5000)
Unrest checks
UDF1 checks
Turn [6s 9h Jd 3h], UDF1 (5000), Unrest (5000)
Unrest checks
UDF1 checks
River [6s 9h Jd 3h 2d], UDF1 (5000), Unrest (5000)
Unrest checks
UDF1 checks
UDF1 shows [8c Ad]
Unrest shows [Ts 4s]
UDF1 awarded 5000
Unrest awarded -5000

Round #262, Unrest (97380), UDF1 (-97380)
Unrest posts blind: 10
UDF1 posts blind: 20
Unrest received [3h Qd]
UDF1 received [5h 8s]
Unrest calls
UDF1 raises to 46
Unrest calls
Flop [7d Jd 9h], Unrest (46), UDF1 (46)
UDF1 bids 20
Unrest bids 247
Unrest won the auction and was revealed [5h]
Flop [7d Jd 9h], Unrest (66), UDF1 (46)
UDF1 bets 4934
Unrest folds
Unrest awarded -66
UDF1 awarded 66

Round #263, UDF1 (-97314), Unrest (97314)
UDF1 posts blind: 10
Unrest posts blind: 20
UDF1 received [Tc 3c]
Unrest received [Jh 6h]
UDF1 raises to 5000
Unrest calls
Flop [8s Jd 9c], UDF1 (5000), Unrest (5000)
Unrest bids 0
UDF1 bids 0
UDF1 won the auction and was revealed [Jh]
Unrest won the auction and was revealed [3c]
Flop [8s Jd 9c], UDF1 (5000), Unrest (5000)
Unrest checks
UDF1 checks
Turn [8s Jd 9c Kd], UDF1 (5000), Unrest (5000)
Unrest checks
UDF1 checks
River [8s Jd 9c Kd Kc], UDF1 (5000), Unrest (5000)
Unrest checks
UDF1 checks
UDF1 shows [Tc 3c]
Unrest shows [Jh 6h]
UDF1 awarded -5000
Unrest awarded 5000

Round #264, Unrest (102314), UDF1 (-102314)
Unrest posts blind: 10
UDF1 posts blind: 20
Unrest received [9d Kd]
UDF1 received [3s 4s]
Unrest raises to 40
UDF1 raises to 5000
Unrest calls
Flop [6c Jc 6h], Unrest (5000), UDF1 (5000)
UDF1 bids 0
Unrest bids 0
Unrest won the auction and was revealed [3s]
UDF1 won the auction and was revealed [Kd]
Flop [6c Jc 6h], Unrest (5000), UDF1 (5000)
UDF1 checks
Unrest checks
Turn [6c Jc 6h 5c], Unrest (5000), UDF1 (5000)
UDF1 checks
Unrest checks
River [6c Jc 6h 5c 7d], Unrest (5000), UDF1 (5000)
UDF1 checks
Unrest checks
Unrest shows [9d Kd]
UDF1 shows [3s 4s]
Unrest awarded -5000
UDF1 awarded 5000

Round #265, UDF1 (-97314), Unrest (97314)
UDF1 posts blind: 10
Unrest posts blind: 20
UDF1 received [6d 9d]
Unrest received [3h 2c]
UDF1 raises to 5000
Unrest folds
UDF1 awarded 20
Unrest awarded -20

Round #266, Unrest (97294), UDF1 (-97294)
Unrest posts blind: 10
UDF1 posts blind: 20
Unrest received [8h Ks]
UDF1 received [Qh 6s]
Unrest calls
UDF1 raises to 46
Unrest calls
Flop [Ad 5s 2d], Unrest (46), UDF1 (46)
UDF1 bids 49
Unrest bids 247
Unrest won the auction and was revealed [Qh]
Flop [Ad 5s 2d], Unrest (95), UDF1 (46)
UDF1 bets 4905
Unrest folds
Unrest awarded -95
UDF1 awarded 95

Round #267, UDF1 (-97199), Unrest (97199)
UDF1 posts blind: 10
Unrest posts blind: 20
UDF1 received [5d 2s]
Unrest received [4s 9d]
UDF1 raises to 50
Unrest calls
Flop [5c As 3c], UDF1 (50), Unrest (50)
Unrest bids 247
UDF1 bids 54
Unrest won the auction and was revealed [5d]
Flop [5c As 3c], UDF1 (50), Unrest (104)
Unrest checks
UDF1 checks
Turn [5c As 3c 7h], UDF1 (50), Unrest (104)
Unrest checks
UDF1 bets 4896
Unrest folds
UDF1 awarded 104
Unrest awarded -104

Round #268, Unrest (97095), UDF1 (-97095)
Unrest posts blind: 10
UDF1 posts blind: 20
Unrest received [7s 3h]
UDF1 received [Js 9h]
Unrest folds
Unrest awarded -10
UDF1 awarded 10

Round #269, UDF1 (-97085), Unrest (97085)
UDF1 posts blind: 10
Unrest posts blind: 20
UDF1 received [3s 3h]
Unrest received [7h Jc]
UDF1 raises to 5000
Unrest calls
Flop [Qd 5c 5h], UDF1 (5000), Unrest (5000)
Unrest bids 0
UDF1 bids 0
UDF1 won the auction and was revealed [7h]
Unrest won the auction and was revealed [3h]
Flop [Qd 5c 5h], UDF1 (5000), Unrest (5000)
Unrest checks
UDF1 checks
Turn [Qd 5c 5h Td], UDF1 (5000), Unrest (5000)
Unrest checks
UDF1 checks
River [Qd 5c 5h Td 5s], UDF1 (5000), Unrest (5000)
Unrest checks
UDF1 checks
UDF1 shows [3s 3h]
Unrest shows [7h Jc]
UDF1 awarded 5000
Unrest awarded -5000

Round #270, Unrest (92085), UDF1 (-92085)
Unrest posts blind: 10
UDF1 posts blind: 20
Unrest received [4d Jd]
UDF1 received [Th Jh]
Unrest calls
UDF1 raises to 46
Unrest calls
Flop [Kc Ah 5d], Unrest (46), UDF1 (46)
UDF1 bids 54
Unrest bids 247
Unrest won the auction and was revealed [Th]
Flop [Kc Ah 5d], Unrest (100), UDF1 (46)
UDF1 checks
Unrest checks
Turn [Kc Ah 5d Qd], Unrest (100), UDF1 (46)
UDF1 checks
Unrest checks
River [Kc Ah 5d Qd Ks], Unrest (100), UDF1 (46)
UDF1 bets 4900
Unrest folds
Unrest awarded -100
UDF1 awarded 100

Round #271, UDF1 (-91985), Unrest (91985)
UDF1 posts blind: 10
Unrest posts blind: 20
UDF1 received [8d Kc]
Unrest received [4s Kh]
UDF1 raises to 5000
Unrest calls
Flop [8s Ah Ks], UDF1 (5000), Unrest (5000)
Unrest bids 0
UDF1 bids 0
UDF1 won the auction and was revealed [Kh]
Unrest won the auction and was revealed [Kc]
Flop [8s Ah Ks], UDF1 (5000), Unrest (5000)
Unrest checks
UDF1 checks
Turn [8s Ah Ks 5d], UDF1 (5000), Unrest (5000)
Unrest checks
UDF1 checks
River [8s Ah Ks 5d 3c], UDF1 (5000), Unrest (5000)
Unrest checks
UDF1 checks
UDF1 shows [8d Kc]
Unrest shows [4s Kh]
UDF1 awarded 5000
Unrest awarded -5000

Round #272, Unrest (86985), UDF1 (-86985)
Unrest posts blind: 10
UDF1 posts blind: 20
Unrest received [3s 6c]
UDF1 received [6d 2h]
Unrest folds
Unrest awarded -10
UDF1 awarded 10

Round #273, UDF1 (-86975), Unrest (86975)
UDF1 posts blind: 10
Unrest posts blind: 20
UDF1 received [8s 2h]
Unrest received [Qh 5c]
UDF1 calls
Unrest checks
Flop [Ks Ts 9d], UDF1 (20), Unrest (20)
Unrest bids 249
UDF1 bids 36
Unrest won the auction and was revealed [8s]
Flop [Ks Ts 9d], UDF1 (20), Unrest (56)
Unrest checks
UDF1 checks
Turn [Ks Ts 9d 5d], UDF1 (20), Unrest (56)
Unrest checks
UDF1 checks
River [Ks Ts 9d 5d 4c], UDF1 (20), Unrest (56)
Unrest checks
UDF1 checks
UDF1 shows [8s 2h]
Unrest shows [Qh 5c]
UDF1 awarded -20
Unrest awarded 20

Round #274, Unrest (86995), UDF1 (-86995)
Unrest posts blind: 10
UDF1 posts blind: 20
Unrest received [7d 4c]
UDF1 received [6c 8s]
Unrest folds
Unrest awarded -10
UDF1 awarded 10

Round #275, UDF1 (-86985), Unrest (86985)
UDF1 posts blind: 10
Unrest posts blind: 20
UDF1 received [6h 2s]
Unrest received [Jh Js]
UDF1 raises to 5000
Unrest calls
Flop [4h Kh 7d], UDF1 (5000), Unrest (5000)
Unrest bids 0
UDF1 bids 0
UDF1 won the auction and was revealed [Jh]
Unrest won the auction and was revealed [6h]
Flop [4h Kh 7d], UDF1 (5000), Unrest (5000)
Unrest checks
UDF1 checks
Turn [4h Kh 7d 5d], UDF1 (5000), Unrest (5000)
Unrest checks
UDF1 checks
River [4h Kh 7d 5d 7h], UDF1 (5000), Unrest (5000)
Unrest checks
UDF1 checks
UDF1 shows [6h 2s]
Unrest shows [Jh Js]
UDF1 awarded -5000
Unrest awarded 5000

Round #276, Unrest (91985), UDF1 (-91985)
Unrest posts blind: 10
UDF1 posts blind: 20
Unrest received [Kd 3s]
UDF1 received [Ac Jd]
Unrest calls
UDF1 raises to 5000
Unrest calls
Flop [9d Td Ah], Unrest (5000), UDF1 (5000)
UDF1 bids 0
Unrest bids 0
Unrest won the auction and was revealed [Ac]
UDF1 won the auction and was revealed [3s]
Flop [9d Td Ah], Unrest (5000), UDF1 (5000)
UDF1 checks
Unrest checks
Turn [9d Td Ah Ad], Unrest (5000), UDF1 (5000)
UDF1 checks
Unrest checks
River [9d Td Ah Ad 2d], Unrest (5000), UDF1 (5000)
UDF1 checks
Unrest checks
Unrest shows [Kd 3s]
UDF1 shows [Ac Jd]
Unrest awarded 5000
UDF1 awarded -5000

Round #277, UDF1 (-96985), Unrest (96985)
UDF1 posts blind: 10
Unrest posts blind: 20
UDF1 received [7c 3h]
Unrest received [8c Ks]
UDF1 raises to 2027
Unrest calls
Flop [Ts 6h Qh], UDF1 (2027), Unrest (2027)
Unrest bids 148
UDF1 bids 79
Unrest won the auction and was revealed [7c]
Flop [Ts 6h Qh], UDF1 (2027), Unrest (2106)
Unrest checks
UDF1 bets 2894
Unrest calls
Turn [Ts 6h Qh 8s], UDF1 (4921), Unrest (5000)
Unrest checks
UDF1 checks
River [Ts 6h Qh 8s Qs], UDF1 (4921), Unrest (5000)
Unrest checks
UDF1 checks
UDF1 shows [7c 3h]
Unrest shows [8c Ks]
UDF1 awarded -4921
Unrest awarded 4921

Round #278, Unrest (101906), UDF1 (-101906)
Unrest posts blind: 10
UDF1 posts blind: 20
Unrest received [Kh 6c]
UDF1 received [Qc Td]
Unrest calls
UDF1 raises to 5000
Unrest calls
Flop [Qd 3d 8d], Unrest (5000), UDF1 (5000)
UDF1 bids 0
Unrest bids 0
Unrest won the auction and was revealed [Td]
UDF1 won the auction and was revealed [6c]
Flop [Qd 3d 8d], Unrest (5000), UDF1 (5000)
UDF1 checks
Unrest checks
Turn [Qd 3d 8d Jc], Unrest (5000), UDF1 (5000)
UDF1 checks
Unrest checks
River [Qd 3d 8d Jc 6s], Unrest (5000), UDF1 (5000)
UDF1 checks
Unrest checks
Unrest shows [Kh 6c]
UDF1 shows [Qc Td]
Unrest awarded -5000
UDF1 awarded 5000

Round #279, UDF1 (-96906), Unrest (96906)
UDF1 posts blind: 10
Unrest posts blind: 20
UDF1 received [2s As]
Unrest received [3s Jd]
UDF1 raises to 50
Unrest calls
Flop [8c Ks Qh], UDF1 (50), Unrest (50)
Unrest bids 247
UDF1 bids 53
Unrest won the auction and was revealed [2s]
Flop [8c Ks Qh], UDF1 (50), Unrest (103)
Unrest checks
UDF1 bets 100
Unrest calls
Turn [8c Ks Qh Qs], UDF1 (150), Unrest (203)
Unrest checks
UDF1 bets 3092
Unrest calls
River [8c Ks Qh Qs Kc], UDF1 (3242), Unrest (3295)
Unrest checks
UDF1 bets 1033
Unrest calls
UDF1 shows [2s As]
Unrest shows [3s Jd]
UDF1 awarded 4328
Unrest awarded -4328

Round #280, Unrest (92578), UDF1 (-92578)
Unrest posts blind: 10
UDF1 posts blind: 20
Unrest received [Jc Qh]
UDF1 received [3s 6h]
Unrest raises to 40
UDF1 raises to 100
Unrest raises to 160
UDF1 raises to 420
Unrest raises to 680
UDF1 raises to 1780
Unrest raises to 2880
UDF1 folds
Unrest awarded 1780
UDF1 awarded -1780

Round #281, UDF1 (-94358), Unrest (94358)
UDF1 posts blind: 10
Unrest posts blind: 20
UDF1 received [2h 4h]
Unrest received [9c Qc]
UDF1 raises to 50
Unrest calls
Flop [5h Th Jc], UDF1 (50), Unrest (50)
Unrest bids 247
UDF1 bids 58
Unrest won the auction and was revealed [4h]
Flop [5h Th Jc], UDF1 (50), Unrest (108)
Unrest checks
UDF1 bets 4892
Unrest folds
UDF1 awarded 108
Unrest awarded -108

Round #282, Unrest (94250), UDF1 (-94250)
Unrest posts blind: 10
UDF1 posts blind: 20
Unrest received [6h Kc]
UDF1 received [Kd 4s]
Unrest calls
UDF1 raises to 5000
Unrest calls
Flop [7h 3h 3c], Unrest (5000), UDF1 (5000)
UDF1 bids 0
Unrest bids 0
Unrest won the auction and was revealed [Kd]
UDF1 won the auction and was revealed [6h]
Flop [7h 3h 3c], Unrest (5000), UDF1 (5000)
UDF1 checks
Unrest checks
Turn [7h 3h 3c Tc], Unrest (5000), UDF1 (5000)
UDF1 checks
Unrest checks
River [7h 3h 3c Tc 5d], Unrest (5000), UDF1 (5000)
UDF1 checks
Unrest checks
Unrest shows [6h Kc]
UDF1 shows [Kd 4s]
Unrest awarded 0
UDF1 awarded 0

Round #283, UDF1 (-94250), Unrest (94250)
UDF1 posts blind: 10
Unrest posts blind: 20
UDF1 received [Ac 4s]
Unrest received [As Jd]
UDF1 raises to 5000
Unrest calls
Flop [5d 6s Qs], UDF1 (5000), Unrest (5000)
Unrest bids 0
UDF1 bids 0
UDF1 won the auction and was revealed [As]
Unrest won the auction and was revealed [4s]
Flop [5d 6s Qs], UDF1 (5000), Unrest (5000)
Unrest checks
UDF1 checks
Turn [5d 6s Qs Jh], UDF1 (5000), Unrest (5000)
Unrest checks
UDF1 checks
River [5d 6s Qs Jh 2d], UDF1 (5000), Unrest (5000)
Unrest checks
UDF1 checks
UDF1 shows [Ac 4s]
Unrest shows [As Jd]
UDF1 awarded -5000
Unrest awarded 5000

Round #284, Unrest (99250), UDF1 (-99250)
Unrest posts blind: 10
UDF1 posts blind: 20
Unrest received [3c Ks]
UDF1 received [Jd 5s]
Unrest calls
UDF1 raises to 5000
Unrest calls
Flop [9d 3s 4d], Unrest (5000), UDF1 (5000)
UDF1 bids 0
Unrest bids 0
Unrest won the auction and was revealed [5s]
UDF1 won the auction and was revealed [3c]
Flop [9d 3s 4d], Unrest (5000), UDF1 (5000)
UDF1 checks
Unrest checks
Turn [9d 3s 4d 4h], Unrest (5000), UDF1 (5000)
UDF1 checks
Unrest checks
River [9d 3s 4d 4h 9c], Unrest (5000), UDF1 (5000)
UDF1 checks
Unrest checks
Unrest shows [3c Ks]
UDF1 shows [Jd 5s]
Unrest awarded 5000
UDF1 awarded -5000

Round #285, UDF1 (-104250), Unrest (104250)
UDF1 posts blind: 10
Unrest posts blind: 20
UDF1 received [8c Qs]
Unrest received [2c Tc]
UDF1 raises to 5000
Unrest calls
Flop [4d Jh 6d], UDF1 (5000), Unrest (5000)
Unrest bids 0
UDF1 bids 0
UDF1 won the auction and was revealed [Tc]
Unrest won the auction and was revealed [Qs]
Flop [4d Jh 6d], UDF1 (5000), Unrest (5000)
Unrest checks
UDF1 checks
Turn [4d Jh 6d 7h], UDF1 (5000), Unrest (5000)
Unrest checks
UDF1 checks
River [4d Jh 6d 7h 9h], UDF1 (5000), Unrest (5000)
Unrest checks
UDF1 checks
UDF1 shows [8c Qs]
Unrest shows [2c Tc]
UDF1 awarded 5000
Unrest awarded -5000

Round #286, Unrest (99250), UDF1 (-99250)
Unrest posts blind: 10
UDF1 posts blind: 20
Unrest received [9c 6d]
UDF1 received [Qc 3c]
Unrest calls
UDF1 raises to 5000
Unrest calls
Flop [Kh 8c Qh], Unrest (5000), UDF1 (5000)
UDF1 bids 0
Unrest bids 0
Unrest won the auction and was revealed [3c]
UDF1 won the auction and was revealed [6d]
Flop [Kh 8c Qh], Unrest (5000), UDF1 (5000)
UDF1 checks
Unrest checks
Turn [Kh 8c Qh 2d], Unrest (5000), UDF1 (5000)
UDF1 checks
Unrest checks
River [Kh 8c Qh 2d 4h], Unrest (5000), UDF1 (5000)
UDF1 checks
Unrest checks
Unrest shows [9c 6d]
UDF1 shows [Qc 3c]
Unrest awarded -5000
UDF1 awarded 5000

Round #287, UDF1 (-94250), Unrest (94250)
UDF1 posts blind: 10
Unrest posts blind: 20
UDF1 received [4h 7c]
Unrest received [Ac 3d]
UDF1 raises to 5000
Unrest calls
Flop [Qs Th 8h], UDF1 (5000), Unrest (5000)
Unrest bids 0
UDF1 bids 0
UDF1 won the auction and was revealed [Ac]
Unrest won the auction and was revealed [4h]
Flop [Qs Th 8h], UDF1 (5000), Unrest (5000)
Unrest checks
UDF1 checks
Turn [Qs Th 8h 7d], UDF1 (5000), Unrest (5000)
Unrest checks
UDF1 checks
River [Qs Th 8h 7d Tc], UDF1 (5000), Unrest (5000)
Unrest checks
UDF1 checks
UDF1 shows [4h 7c]
Unrest shows [Ac 3d]
UDF1 awarded 5000
Unrest awarded -5000

Round #288, Unrest (89250), UDF1 (-89250)
Unrest posts blind: 10
UDF1 posts blind: 20
Unrest received [Kh Tc]
UDF1 received [Js 8c]
Unrest raises to 40
UDF1 raises to 5000
Unrest calls
Flop [6s 3c Qd], Unrest (5000), UDF1 (5000)
UDF1 bids 0
Unrest bids 0
Unrest won the auction and was revealed [8c]
UDF1 won the auction and was revealed [Kh]
Flop [6s 3c Qd], Unrest (5000), UDF1 (5000)
UDF1 checks
Unrest checks
Turn [6s 3c Qd 2c], Unrest (5000), UDF1 (5000)
UDF1 checks
Unrest checks
River [6s 3c Qd 2c 4c], Unrest (5000), UDF1 (5000)
UDF1 checks
Unrest checks
Unrest shows [Kh Tc]
UDF1 shows [Js 8c]
Unrest awarded 5000
UDF1 awarded -5000

Round #289, UDF1 (-94250), Unrest (94250)
UDF1 posts blind: 10
Unrest posts blind: 20
UDF1 received [5d Kc]
Unrest received [6c Ts]
UDF1 raises to 5000
Unrest calls
Flop [6h 2h 8s], UDF1 (5000), Unrest (5000)
Unrest bids 0
UDF1 bids 0
UDF1 won the auction and was revealed [6c]
Unrest won the auction and was revealed [Kc]
Flop [6h 2h 8s], UDF1 (5000), Unrest (5000)
Unrest checks
UDF1 checks
Turn [6h 2h 8s 6s], UDF1 (5000), Unrest (5000)
Unrest checks
UDF1 checks
River [6h 2h 8s 6s Qs], UDF1 (5000), Unrest (5000)
Unrest checks
UDF1 checks
UDF1 shows [5d Kc]
Unrest shows [6c Ts]
UDF1 awarded -5000
Unrest awarded 5000

Round #290, Unrest (99250), UDF1 (-99250)
Unrest posts blind: 10
UDF1 posts blind: 20
Unrest received [8d Ad]
UDF1 received [5s 6s]
Unrest raises to 40
UDF1 calls
Flop [3h As 8h], Unrest (40), UDF1 (40)
UDF1 bids 17
Unrest bids 1240
Unrest won the auction and was revealed [6s]
Flop [3h As 8h], Unrest (57), UDF1 (40)
UDF1 checks
Unrest bets 20
UDF1 raises to 137
Unrest calls
Turn [3h As 8h Qs], Unrest (194), UDF1 (177)
UDF1 checks
Unrest bets 20
UDF1 raises to 411
Unrest calls
River [3h As 8h Qs Ts], Unrest (605), UDF1 (588)
UDF1 bets 2823
Unrest calls
Unrest shows [8d Ad]
UDF1 shows [5s 6s]
Unrest awarded -3428
UDF1 awarded 3428

Round #291, UDF1 (-95822), Unrest (95822)
UDF1 posts blind: 10
Unrest posts blind: 20
UDF1 received [Ad 6d]
Unrest received [Qc Ah]
UDF1 raises to 50
Unrest calls
Flop [9s Jc 3d], UDF1 (50), Unrest (50)
Unrest bids 247
UDF1 bids 54
Unrest won the auction and was revealed [6d]
Flop [9s Jc 3d], UDF1 (50), Unrest (104)
Unrest checks
UDF1 bets 4896
Unrest folds
UDF1 awarded 104
Unrest awarded -104

Round #292, Unrest (95718), UDF1 (-95718)
Unrest posts blind: 10
UDF1 posts blind: 20
Unrest received [5h 6c]
UDF1 received [9c Ts]
Unrest folds
Unrest awarded -10
UDF1 awarded 10

Round #293, UDF1 (-95708), Unrest (95708)
UDF1 posts blind: 10
Unrest posts blind: 20
UDF1 received [4s 5c]
Unrest received [5d 9d]
UDF1 raises to 5000
Unrest calls
Flop [Tc 5s Qh], UDF1 (5000), Unrest (5000)
Unrest bids 0
UDF1 bids 0
UDF1 won the auction and was revealed [9d]
Unrest won the auction and was revealed [5c]
Flop [Tc 5s Qh], UDF1 (5000), Unrest (5000)
Unrest checks
UDF1 checks
Turn [Tc 5s Qh 3d], UDF1 (5000), Unrest (5000)
Unrest checks
UDF1 checks
River [Tc 5s Qh 3d 7c], UDF1 (5000), Unrest (5000)
Unrest checks
UDF1 checks
UDF1 shows [4s 5c]
Unrest shows [5d 9d]
UDF1 awarded -5000
Unrest awarded 5000

Round #294, Unrest (100708), UDF1 (-100708)
Unrest posts blind: 10
UDF1 posts blind: 20
Unrest received [Ks Ah]
UDF1 received [4c 7d]
Unrest raises to 40
UDF1 raises to 5000
Unrest calls
Flop [9d Qc 7c], Unrest (5000), UDF1 (5000)
UDF1 bids 0
Unrest bids 0
Unrest won the auction and was revealed [7d]
UDF1 won the auction and was revealed [Ah]
Flop [9d Qc 7c], Unrest (5000), UDF1 (5000)
UDF1 checks
Unrest checks
Turn [9d Qc 7c Tc], Unrest (5000), UDF1 (5000)
UDF1 checks
Unrest checks
River [9d Qc 7c Tc 9h], Unrest (5000), UDF1 (5000)
UDF1 checks
Unrest checks
Unrest shows [Ks Ah]
UDF1 shows [4c 7d]
Unrest awarded -5000
UDF1 awarded 5000

Round #295, UDF1 (-95708), Unrest (95708)
UDF1 posts blind: 10
Unrest posts blind: 20
UDF1 received [6d 4h]
Unrest received [4c 9h]
UDF1 raises to 50
Unrest calls
Flop [Th Jc 6h], UDF1 (50), Unrest (50)
Unrest bids 247
UDF1 bids 53
Unrest won the auction and was revealed [6d]
Flop [Th Jc 6h], UDF1 (50), Unrest (103)
Unrest checks
UDF1 checks
Turn [Th Jc 6h 2h], UDF1 (50), Unrest (103)
Unrest checks
UDF1 bets 4897
Unrest folds
UDF1 awarded 103
Unrest awarded -103

Round #296, Unrest (95605), UDF1 (-95605)
Unrest posts blind: 10
UDF1 posts blind: 20
Unrest received [Qd Ad]
UDF1 received [7c 7d]
Unrest raises to 40
UDF1 calls
Flop [Ah 3s 9h], Unrest (40), UDF1 (40)
UDF1 bids 47
Unrest bids 744
Unrest won the auction and was revealed [7c]
Flop [Ah 3s 9h], Unrest (87), UDF1 (40)
UDF1 bets 83
Unrest calls
Turn [Ah 3s 9h 8h], Unrest (170), UDF1 (123)
UDF1 bets 4830
Unrest calls
River [Ah 3s 9h 8h Qs], Unrest (5000), UDF1 (4953)
UDF1 checks
Unrest checks
Unrest shows [Qd Ad]
UDF1 shows [7c 7d]
Unrest awarded 4953
UDF1 awarded -4953

Round #297, UDF1 (-100558), Unrest (100558)
UDF1 posts blind: 10
Unrest posts blind: 20
UDF1 received [Ad 8c]
Unrest received [Qc 3h]
UDF1 raises to 5000
Unrest calls
Flop [Qs Kh 9c], UDF1 (5000), Unrest (5000)
Unrest bids 0
UDF1 bids 0
UDF1 won the auction and was revealed [Qc]
Unrest won the auction and was revealed [8c]
Flop [Qs Kh 9c], UDF1 (5000), Unrest (5000)
Unrest checks
UDF1 checks
Turn [Qs Kh 9c 2s], UDF1 (5000), Unrest (5000)
Unrest checks
UDF1 checks
River [Qs Kh 9c 2s Tc], UDF1 (5000), Unrest (5000)
Unrest checks
UDF1 checks
UDF1 shows [Ad 8c]
Unrest shows [Qc 3h]
UDF1 awarded -5000
Unrest awarded 5000

Round #298, Unrest (105558), UDF1 (-105558)
Unrest posts blind: 10
UDF1 posts blind: 20
Unrest received [Jh 7s]
UDF1 received [9d Th]
Unrest calls
UDF1 raises to 46
Unrest calls
Flop [5h 8c 4d], Unrest (46), UDF1 (46)
UDF1 bids 17
Unrest bids 247
Unrest won the auction and was revealed [Th]
Flop [5h 8c 4d], Unrest (63), UDF1 (46)
UDF1 checks
Unrest checks
Turn [5h 8c 4d 7d], Unrest (63), UDF1 (46)
UDF1 checks
Unrest bets 20
UDF1 folds
Unrest awarded 46
UDF1 awarded -46

Round #299, UDF1 (-105604), Unrest (105604)
UDF1 posts blind: 10
Unrest posts blind: 20
UDF1 received [9h 2h]
Unrest received [Qh 4h]
UDF1 raises to 50
Unrest calls
Flop [Jd Ah Td], UDF1 (50), Unrest (50)
Unrest bids 247
UDF1 bids 56
Unrest won the auction and was revealed [2h]
Flop [Jd Ah Td], UDF1 (50), Unrest (106)
Unrest checks
UDF1 bets 102
Unrest calls
Turn [Jd Ah Td 6c], UDF1 (152), Unrest (208)
Unrest checks
UDF1 bets 237
Unrest calls
River [Jd Ah Td 6c 5s], UDF1 (389), Unrest (445)
Unrest checks
UDF1 bets 550
Unrest folds
UDF1 awarded 445
Unrest awarded -445

Round #300, Unrest (105159), UDF1 (-105159)
Unrest posts blind: 10
UDF1 posts blind: 20
Unrest received [Ad Ah]
UDF1 received [5d 5c]
Unrest raises to 40
UDF1 raises to 5000
Unrest calls
Flop [6h 8c 4c], Unrest (5000), UDF1 (5000)
UDF1 bids 0
Unrest bids 0
Unrest won the auction and was revealed [5d]
UDF1 won the auction and was revealed [Ah]
Flop [6h 8c 4c], Unrest (5000), UDF1 (5000)
UDF1 checks
Unrest checks
Turn [6h 8c 4c Jh], Unrest (5000), UDF1 (5000)
UDF1 checks
Unrest checks
River [6h 8c 4c Jh Jd], Unrest (5000), UDF1 (5000)
UDF1 checks
Unrest checks
Unrest shows [Ad Ah]
UDF1 shows [5d 5c]
Unrest awarded 5000
UDF1 awarded -5000

Round #301, UDF1 (-110159), Unrest (110159)
UDF1 posts blind: 10
Unrest posts blind: 20
UDF1 received [4h Kc]
Unrest received [6c 8d]
UDF1 raises to 5000
Unrest calls
Flop [Td 3s 5d], UDF1 (5000), Unrest (5000)
Unrest bids 0
UDF1 bids 0
UDF1 won the auction and was revealed [8d]
Unrest won the auction and was revealed [Kc]
Flop [Td 3s 5d], UDF1 (5000), Unrest (5000)
Unrest checks
UDF1 checks
Turn [Td 3s 5d 2d], UDF1 (5000), Unrest (5000)
Unrest checks
UDF1 checks
River [Td 3s 5d 2d 6s], UDF1 (5000), Unrest (5000)
Unrest checks
UDF1 checks
UDF1 shows [4h Kc]
Unrest shows [6c 8d]
UDF1 awarded 5000
Unrest awarded -5000

Round #302, Unrest (105159), UDF1 (-105159)
Unrest posts blind: 10
UDF1 posts blind: 20
Unrest received [7s Kc]
UDF1 received [6s 3h]
Unrest calls
UDF1 raises to 46
Unrest calls
Flop [Tc 6d 7c], Unrest (46), UDF1 (46)
UDF1 bids 49
Unrest bids 743
Unrest won the auction and was revealed [6s]
Flop [Tc 6d 7c], Unrest (95), UDF1 (46)
UDF1 bets 4905
Unrest calls
Turn [Tc 6d 7c 8d], Unrest (5000), UDF1 (4951)
UDF1 checks
Unrest checks
River [Tc 6d 7c 8d 3d], Unrest (5000), UDF1 (4951)
UDF1 checks
Unrest checks
Unrest shows [7s Kc]
UDF1 shows [6s 3h]
Unrest awarded -5000
UDF1 awarded 5000

Round #303, UDF1 (-100159), Unrest (100159)
UDF1 posts blind: 10
Unrest posts blind: 20
UDF1 received [Ac 7d]
Unrest received [5h Ad]
UDF1 raises to 5000
Unrest calls
Flop [9h Td 2s], UDF1 (5000), Unrest (5000)
Unrest bids 0
UDF1 bids 0
UDF1 won the auction and was revealed [5h]
Unrest won the auction and was revealed [7d]
Flop [9h Td 2s], UDF1 (5000), Unrest (5000)
Unrest checks
UDF1 checks
Turn [9h Td 2s 8d], UDF1 (5000), Unrest (5000)
Unrest checks
UDF1 checks
River [9h Td 2s 8d Qc], UDF1 (5000), Unrest (5000)
Unrest checks
UDF1 checks
UDF1 shows [Ac 7d]
Unrest shows [5h Ad]
UDF1 awarded 0
Unrest awarded 0

Round #304, Unrest (100159), UDF1 (-100159)
Unrest posts blind: 10
UDF1 posts blind: 20
Unrest received [Ts 5c]
UDF1 received [As Ah]
Unrest calls
UDF1 raises to 5000
Unrest calls
Flop [Kc 4h 9d], Unrest (5000), UDF1 (5000)
UDF1 bids 0
Unrest bids 0
Unrest won the auction and was revealed [As]
UDF1 won the auction and was revealed [Ts]
Flop [Kc 4h 9d], Unrest (5000), UDF1 (5000)
UDF1 checks
Unrest checks
Turn [Kc 4h 9d 2s], Unrest (5000), UDF1 (5000)
UDF1 checks
Unrest checks
River [Kc 4h 9d 2s 9h], Unrest (5000), UDF1 (5000)
UDF1 checks
Unrest checks
Unrest shows [Ts 5c]
UDF1 shows [As Ah]
Unrest awarded -5000
UDF1 awarded 5000

Round #305, UDF1 (-95159), Unrest (95159)
UDF1 posts blind: 10
Unrest posts blind: 20
UDF1 received [8h 9s]
Unrest received [4s Kc]
UDF1 folds
UDF1 awarded -10
Unrest awarded 10

Round #306, Unrest (95169), UDF1 (-95169)
Unrest posts blind: 10
UDF1 posts blind: 20
Unrest received [5d Qc]
UDF1 received [Tc 2s]
Unrest calls
UDF1 raises to 5000
Unrest calls
Flop [4c Jc 2d], Unrest (5000), UDF1 (5000)
UDF1 bids 0
Unrest bids 0
Unrest won the auction and was revealed [Tc]
UDF1 won the auction and was revealed [5d]
Flop [4c Jc 2d], Unrest (5000), UDF1 (5000)
UDF1 checks
Unrest checks
Turn [4c Jc 2d Jd], Unrest (5000), UDF1 (5000)
UDF1 checks
Unrest checks
River [4c Jc 2d Jd As], Unrest (5000), UDF1 (5000)
UDF1 checks
Unrest checks
Unrest shows [5d Qc]
UDF1 shows [Tc 2s]
Unrest awarded -5000
UDF1 awarded 5000

Round #307, UDF1 (-90169), Unrest (90169)
UDF1 posts blind: 10
Unrest posts blind: 20
UDF1 received [As Kh]
Unrest received [8s Qh]
UDF1 raises to 5000
Unrest calls
Flop [4d Kd Ad], UDF1 (5000), Unrest (5000)
Unrest bids 0
UDF1 bids 0
UDF1 won the auction and was revealed [Qh]
Unrest won the auction and was revealed [Kh]
Flop [4d Kd Ad], UDF1 (5000), Unrest (5000)
Unrest checks
UDF1 checks
Turn [4d Kd Ad 9d], UDF1 (5000), Unrest (5000)
Unrest checks
UDF1 checks
River [4d Kd Ad 9d 5c], UDF1 (5000), Unrest (5000)
Unrest checks
UDF1 checks
UDF1 shows [As Kh]
Unrest shows [8s Qh]
UDF1 awarded 5000
Unrest awarded -5000

Round #308, Unrest (85169), UDF1 (-85169)
Unrest posts blind: 10
UDF1 posts blind: 20
Unrest received [2h Qd]
UDF1 received [Ah Kh]
Unrest calls
UDF1 raises to 5000
Unrest calls
Flop [9s Qh Jd], Unrest (5000), UDF1 (5000)
UDF1 bids 0
Unrest bids 0
Unrest won the auction and was revealed [Kh]
UDF1 won the auction and was revealed [2h]
Flop [9s Qh Jd], Unrest (5000), UDF1 (5000)
UDF1 checks
Unrest checks
Turn [9s Qh Jd 8c], Unrest (5000), UDF1 (5000)
UDF1 checks
Unrest checks
River [9s Qh Jd 8c Ac], Unrest (5000), UDF1 (5000)
UDF1 checks
Unrest checks
Unrest shows [2h Qd]
UDF1 shows [Ah Kh]
Unrest awarded -5000
UDF1 awarded 5000

Round #309, UDF1 (-80169), Unrest (80169)
UDF1 posts blind: 10
Unrest posts blind: 20
UDF1 received [Qd 3h]
Unrest received [5c 2h]
UDF1 calls
Unrest checks
Flop [4s 8d Ac], UDF1 (20), Unrest (20)
Unrest bids 249
UDF1 bids 36
Unrest won the auction and was revealed [Qd]
Flop [4s 8d Ac], UDF1 (20), Unrest (56)
Unrest checks
UDF1 bets 4944
Unrest folds
UDF1 awarded 56
Unrest awarded -56

Round #310, Unrest (80113), UDF1 (-80113)
Unrest posts blind: 10
UDF1 posts blind: 20
Unrest received [4c 7c]
UDF1 received [7h Tc]
Unrest folds
Unrest awarded -10
UDF1 awarded 10

Round #311, UDF1 (-80103), Unrest (80103)
UDF1 posts blind: 10
Unrest posts blind: 20
UDF1 received [Jd Js]
Unrest received [Kd 3c]
UDF1 raises to 5000
Unrest calls
Flop [9c 8d 5c], UDF1 (5000), Unrest (5000)
Unrest bids 0
UDF1 bids 0
UDF1 won the auction and was revealed [Kd]
Unrest won the auction and was revealed [Js]
Flop [9c 8d 5c], UDF1 (5000), Unrest (5000)
Unrest checks
UDF1 checks
Turn [9c 8d 5c Kh], UDF1 (5000), Unrest (5000)
Unrest checks
UDF1 checks
River [9c 8d 5c Kh Ad], UDF1 (5000), Unrest (5000)
Unrest checks
UDF1 checks
UDF1 shows [Jd Js]
Unrest shows [Kd 3c]
UDF1 awarded -5000
Unrest awarded 5000

Round #312, Unrest (85103), UDF1 (-85103)
Unrest posts blind: 10
UDF1 posts blind: 20
Unrest received [5s Qc]
UDF1 received [Qd Tc]
Unrest calls
UDF1 raises to 5000
Unrest calls
Flop [8h 3s Ah], Unrest (5000), UDF1 (5000)
UDF1 bids 0
Unrest bids 0
Unrest won the auction and was revealed [Tc]
UDF1 won the auction and was revealed [Qc]
Flop [8h 3s Ah], Unrest (5000), UDF1 (5000)
UDF1 checks
Unrest checks
Turn [8h 3s Ah 6c], Unrest (5000), UDF1 (5000)
UDF1 checks
Unrest checks
River [8h 3s Ah 6c 7s], Unrest (5000), UDF1 (5000)
UDF1 checks
Unrest checks
Unrest shows [5s Qc]
UDF1 shows [Qd Tc]
Unrest awarded -5000
UDF1 awarded 5000

Round #313, UDF1 (-80103), Unrest (80103)
UDF1 posts blind: 10
Unrest posts blind: 20
UDF1 received [Qh 6c]
Unrest received [9c Ah]
UDF1 raises to 5000
Unrest calls
Flop [Tc Qc Ks], UDF1 (5000), Unrest (5000)
Unrest bids 0
UDF1 bids 0
UDF1 won the auction and was revealed [Ah]
Unrest won the auction and was revealed [6c]
Flop [Tc Qc Ks], UDF1 (5000), Unrest (5000)
Unrest checks
UDF1 checks
Turn [Tc Qc Ks 6s], UDF1 (5000), Unrest (5000)
Unrest checks
UDF1 checks
River [Tc Qc Ks 6s 3c], UDF1 (5000), Unrest (5000)
Unrest checks
UDF1 checks
UDF1 shows [Qh 6c]
Unrest shows [9c Ah]
UDF1 awarded 5000
Unrest awarded -5000

Round #314, Unrest (75103), UDF1 (-75103)
Unrest posts blind: 10
UDF1 posts blind: 20
Unrest received [2s 3s]
UDF1 received [2h Jh]
Unrest folds
Unrest awarded -10
UDF1 awarded 10

Round #315, UDF1 (-75093), Unrest (75093)
UDF1 posts blind: 10
Unrest posts blind: 20
UDF1 received [5c As]
Unrest received [Qd 7s]
UDF1 raises to 5000
Unrest calls
Flop [Qs 9d Jh], UDF1 (5000), Unrest (5000)
Unrest bids 0
UDF1 bids 0
UDF1 won the auction and was revealed [Qd]
Unrest won the auction and was revealed [5c]
Flop [Qs 9d Jh], UDF1 (5000), Unrest (5000)
Unrest checks
UDF1 checks
Turn [Qs 9d Jh 2s], UDF1 (5000), Unrest (5000)
Unrest checks
UDF1 checks
River [Qs 9d Jh 2s 2h], UDF1 (5000), Unrest (5000)
Unrest checks
UDF1 checks
UDF1 shows [5c As]
Unrest shows [Qd 7s]
UDF1 awarded -5000
Unrest awarded 5000

Round #316, Unrest (80093), UDF1 (-80093)
Unrest posts blind: 10
UDF1 posts blind: 20
Unrest received [3c 8d]
UDF1 received [2c 6s]
Unrest folds
Unrest awarded -10
UDF1 awarded 10

Round #317, UDF1 (-80083), Unrest (80083)
UDF1 posts blind: 10
Unrest posts blind: 20
UDF1 received [Jh 7c]
Unrest received [8s 4c]
UDF1 raises to 5000
Unrest calls
Flop [5d Ac 2s], UDF1 (5000), Unrest (5000)
Unrest bids 0
UDF1 bids 0
UDF1 won the auction and was revealed [4c]
Unrest won the auction and was revealed [7c]
Flop [5d Ac 2s], UDF1 (5000), Unrest (5000)
Unrest checks
UDF1 checks
Turn [5d Ac 2s Kh], UDF1 (5000), Unrest (5000)
Unrest checks
UDF1 checks
River [5d Ac 2s Kh Qc], UDF1 (5000), Unrest (5000)
Unrest checks
UDF1 checks
UDF1 shows [Jh 7c]
Unrest shows [8s 4c]
UDF1 awarded 5000
Unrest awarded -5000

Round #318, Unrest (75083), UDF1 (-75083)
Unrest posts blind: 10
UDF1 posts blind: 20
Unrest received [Td 6s]
UDF1 received [Ah Jh]
Unrest calls
UDF1 raises to 5000
Unrest calls
Flop [2h Kh 8h], Unrest (5000), UDF1 (5000)
UDF1 bids 0
Unrest bids 0
Unrest won the auction and was revealed [Jh]
UDF1 won the auction and was revealed [6s]
Flop [2h Kh 8h], Unrest (5000), UDF1 (5000)
UDF1 checks
Unrest checks
Turn [2h Kh 8h 5c], Unrest (5000), UDF1 (5000)
UDF1 checks
Unrest checks
River [2h Kh 8h 5c Th], Unrest (5000), UDF1 (5000)
UDF1 checks
Unrest checks
Unrest shows [Td 6s]
UDF1 shows [Ah Jh]
Unrest awarded -5000
UDF1 awarded 5000

Round #319, UDF1 (-70083), Unrest (70083)
UDF1 posts blind: 10
Unrest posts blind: 20
UDF1 received [4h 5h]
Unrest received [6d 2c]
UDF1 raises to 50
Unrest folds
UDF1 awarded 20
Unrest awarded -20

Round #320, Unrest (70063), UDF1 (-70063)
Unrest posts blind: 10
UDF1 posts blind: 20
Unrest received [Jh 9h]
UDF1 received [Jd Kc]
Unrest raises to 40
UDF1 calls
Flop [Ts 9d 7c], Unrest (40), UDF1 (40)
UDF1 bids 48
Unrest bids 744
Unrest won the auction and was revealed [Jd]
Flop [Ts 9d 7c], Unrest (88), UDF1 (40)
UDF1 bets 4912
Unrest calls
Turn [Ts 9d 7c 8d], Unrest (5000), UDF1 (4952)
UDF1 checks
Unrest checks
River [Ts 9d 7c 8d Qs], Unrest (5000), UDF1 (4952)
UDF1 checks
Unrest checks
Unrest shows [Jh 9h]
UDF1 shows [Jd Kc]
Unrest awarded -5000
UDF1 awarded 5000

Round #321, UDF1 (-65063), Unrest (65063)
UDF1 posts blind: 10
Unrest posts blind: 20
UDF1 received [3d 5d]
Unrest received [Kh 4h]
UDF1 calls
Unrest raises to 40
UDF1 raises to 100
Unrest calls
Flop [4c 6h Td], UDF1 (100), Unrest (100)
Unrest bids 735
UDF1 bids 88
Unrest won the auction and was revealed [3d]
Flop [4c 6h Td], UDF1 (100), Unrest (188)
Unrest bets 20
UDF1 raises to 328
Unrest calls
Turn [4c 6h Td 3h], UDF1 (428), Unrest (516)
Unrest bets 20
UDF1 raises to 4484
Unrest calls
River [4c 6h Td 3h Ah], UDF1 (4912), Unrest (5000)
Unrest checks
UDF1 checks
UDF1 shows [3d 5d]
Unrest shows [Kh 4h]
UDF1 awarded -4912
Unrest awarded 4912

Round #322, Unrest (69975), UDF1 (-69975)
Unrest posts blind: 10
UDF1 posts blind: 20
Unrest received [Kh 6c]
UDF1 received [Ac Kc]
Unrest calls
UDF1 checks
Flop [2c 5d 4d], Unrest (20), UDF1 (20)
UDF1 bids 32
Unrest bids 249
Unrest won the auction and was revealed [Ac]
Flop [2c 5d 4d], Unrest (52), UDF1 (20)
UDF1 bets 4948
Unrest folds
Unrest awarded -52
UDF1 awarded 52

Round #323, UDF1 (-69923), Unrest (69923)
UDF1 posts blind: 10
Unrest posts blind: 20
UDF1 received [8d 9c]
Unrest received [8s 4h]
UDF1 raises to 5000
Unrest calls
Flop [Jh Ad As], UDF1 (5000), Unrest (5000)
Unrest bids 0
UDF1 bids 0
UDF1 won the auction and was revealed [8s]
Unrest won the auction and was revealed [8d]
Flop [Jh Ad As], UDF1 (5000), Unrest (5000)
Unrest checks
UDF1 checks
Turn [Jh Ad As Kd], UDF1 (5000), Unrest (5000)
Unrest checks
UDF1 checks
River [Jh Ad As Kd Qs], UDF1 (5000), Unrest (5000)
Unrest checks
UDF1 checks
UDF1 shows [8d 9c]
Unrest shows [8s 4h]
UDF1 awarded 0
Unrest awarded 0

Round #324, Unrest (69923), UDF1 (-69923)
Unrest posts blind: 10
UDF1 posts blind: 20
Unrest received [3h 5h]
UDF1 received [Ad 5s]
Unrest folds
Unrest awarded -10
UDF1 awarded 10

Round #325, UDF1 (-69913), Unrest (69913)
UDF1 posts blind: 10
Unrest posts blind: 20
UDF1 received [Kc Kh]
Unrest received [Kd Js]
UDF1 raises to 5000
Unrest calls
Flop [Qs 5d 6c], UDF1 (5000), Unrest (5000)
Unrest bids 0
UDF1 bids 0
UDF1 won the auction and was revealed [Kd]
Unrest won the auction and was revealed [Kh]
Flop [Qs 5d 6c], UDF1 (5000), Unrest (5000)
Unrest checks
UDF1 checks
Turn [Qs 5d 6c As], UDF1 (5000), Unrest (5000)
Unrest checks
UDF1 checks
River [Qs 5d 6c As Jh], UDF1 (5000), Unrest (5000)
Unrest checks
UDF1 checks
UDF1 shows [Kc Kh]
Unrest shows [Kd Js]
UDF1 awarded 5000
Unrest awarded -5000

Round #326, Unrest (64913), UDF1 (-64913)
Unrest posts blind: 10
UDF1 posts blind: 20
Unrest received [4c Kd]
UDF1 received [Jd 3d]
Unrest calls
UDF1 checks
Flop [4h 8s 8c], Unrest (20), UDF1 (20)
UDF1 bids 34
Unrest bids 747
Unrest won the auction and was revealed [3d]
Flop [4h 8s 8c], Unrest (54), UDF1 (20)
UDF1 checks
Unrest checks
Turn [4h 8s 8c 5d], Unrest (54), UDF1 (20)
UDF1 checks
Unrest checks
River [4h 8s 8c 5d Kh], Unrest (54), UDF1 (20)
UDF1 checks
Unrest bets 20
UDF1 raises to 4946
Unrest folds
Unrest awarded -74
UDF1 awarded 74

Round #327, UDF1 (-64839), Unrest (64839)
UDF1 posts blind: 10
Unrest posts blind: 20
UDF1 received [3c 9c]
Unrest received [Jd Qh]
UDF1 raises to 50
Unrest calls
Flop [Ks Td Kc], UDF1 (50), Unrest (50)
Unrest bids 247
UDF1 bids 50
Unrest won the auction and was revealed [9c]
Flop [Ks Td Kc], UDF1 (50), Unrest (100)
Unrest checks
UDF1 bets 4900
Unrest folds
UDF1 awarded 100
Unrest awarded -100

Round #328, Unrest (64739), UDF1 (-64739)
Unrest posts blind: 10
UDF1 posts blind: 20
Unrest received [4c 8d]
UDF1 received [7d 2c]
Unrest folds
Unrest awarded -10
UDF1 awarded 10

Round #329, UDF1 (-64729), Unrest (64729)
UDF1 posts blind: 10
Unrest posts blind: 20
UDF1 received [9d 5d]
Unrest received [3h 7c]
UDF1 raises to 5000
Unrest folds
UDF1 awarded 20
Unrest awarded -20

Round #330, Unrest (64709), UDF1 (-64709)
Unrest posts blind: 10
UDF1 posts blind: 20
Unrest received [3d Jh]
UDF1 received [Qc 8d]
Unrest calls
UDF1 raises to 5000
Unrest calls
Flop [4d 2h Ad], Unrest (5000), UDF1 (5000)
UDF1 bids 0
Unrest bids 0
Unrest won the auction and was revealed [8d]
UDF1 won the auction and was revealed [Jh]
Flop [4d 2h Ad], Unrest (5000), UDF1 (5000)
UDF1 checks
Unrest checks
Turn [4d 2h Ad Kc], Unrest (5000), UDF1 (5000)
UDF1 checks
Unrest checks
River [4d 2h Ad Kc Kd], Unrest (5000), UDF1 (5000)
UDF1 checks
Unrest checks
Unrest shows [3d Jh]
UDF1 shows [Qc 8d]
Unrest awarded -5000
UDF1 awarded 5000

Round #331, UDF1 (-59709), Unrest (59709)
UDF1 posts blind: 10
Unrest posts blind: 20
UDF1 received [Jc 9d]
Unrest received [5s 8s]
UDF1 raises to 5000
Unrest calls
Flop [Qc As 6h], UDF1 (5000), Unrest (5000)
Unrest bids 0
UDF1 bids 0
UDF1 won the auction and was revealed [8s]
Unrest won the auction and was revealed [Jc]
Flop [Qc As 6h], UDF1 (5000), Unrest (5000)
Unrest checks
UDF1 checks
Turn [Qc As 6h 7c], UDF1 (5000), Unrest (5000)
Unrest checks
UDF1 checks
River [Qc As 6h 7c Ks], UDF1 (5000), Unrest (5000)
Unrest checks
UDF1 checks
UDF1 shows [Jc 9d]
Unrest shows [5s 8s]
UDF1 awarded 5000
Unrest awarded -5000

Round #332, Unrest (54709), UDF1 (-54709)
Unrest posts blind: 10
UDF1 posts blind: 20
Unrest received [Qs 9c]
UDF1 received [5h Qc]
Unrest calls
UDF1 raises to 46
Unrest calls
Flop [9s 2c Qh], Unrest (46), UDF1 (46)
UDF1 bids 48
Unrest bids 1238
Unrest won the auction and was revealed [5h]
Flop [9s 2c Qh], Unrest (94), UDF1 (46)
UDF1 checks
Unrest bets 20
UDF1 raises to 4906
Unrest calls
Turn [9s 2c Qh 2d], Unrest (5000), UDF1 (4952)
UDF1 checks
Unrest checks
River [9s 2c Qh 2d 7d], Unrest (5000), UDF1 (4952)
UDF1 checks
Unrest checks
Unrest shows [Qs 9c]
UDF1 shows [5h Qc]
Unrest awarded 4952
UDF1 awarded -4952

Round #333, UDF1 (-59661), Unrest (59661)
UDF1 posts blind: 10
Unrest posts blind: 20
UDF1 received [8d Tc]
Unrest received [2s Td]
UDF1 raises to 50
Unrest calls
Flop [Jh Qh Qd], UDF1 (50), Unrest (50)
Unrest bids 247
UDF1 bids 52
Unrest won the auction and was revealed [Tc]
Flop [Jh Qh Qd], UDF1 (50), Unrest (102)
Unrest checks
UDF1 bets 4898
Unrest folds
UDF1 awarded 102
Unrest awarded -102

Round #334, Unrest (59559), UDF1 (-59559)
Unrest posts blind: 10
UDF1 posts blind: 20
Unrest received [4d 5h]
UDF1 received [2d Js]
Unrest folds
Unrest awarded -10
UDF1 awarded 10

Round #335, UDF1 (-59549), Unrest (59549)
UDF1 posts blind: 10
Unrest posts blind: 20
UDF1 received [8s 4h]
Unrest received [9h 6d]
UDF1 raises to 5000
Unrest calls
Flop [Th Js 5h], UDF1 (5000), Unrest (5000)
Unrest bids 0
UDF1 bids 0
UDF1 won the auction and was revealed [9h]
Unrest won the auction and was revealed [4h]
Flop [Th Js 5h], UDF1 (5000), Unrest (5000)
Unrest checks
UDF1 checks
Turn [Th Js 5h 7s], UDF1 (5000), Unrest (5000)
Unrest checks
UDF1 checks
River [Th Js 5h 7s Ad], UDF1 (5000), Unrest (5000)
Unrest checks
UDF1 checks
UDF1 shows [8s 4h]
Unrest shows [9h 6d]
UDF1 awarded -5000
Unrest awarded 5000

Round #336, Unrest (64549), UDF1 (-64549)
Unrest posts blind: 10
UDF1 posts blind: 20
Unrest received [2c 8s]
UDF1 received [3h Kd]
Unrest folds
Unrest awarded -10
UDF1 awarded 10

Round #337, UDF1 (-64539), Unrest (64539)
UDF1 posts blind: 10
Unrest posts blind: 20
UDF1 received [Jd 8c]
Unrest received [3c Ac]
UDF1 raises to 50
Unrest calls
Flop [Kd 6d Qs], UDF1 (50), Unrest (50)
Unrest bids 247
UDF1 bids 51
Unrest won the auction and was revealed [8c]
Flop [Kd 6d Qs], UDF1 (50), Unrest (101)
Unrest checks
UDF1 bets 4899
Unrest folds
UDF1 awarded 101
Unrest awarded -101

Round #338, Unrest (64438), UDF1 (-64438)
Unrest posts blind: 10
UDF1 posts blind: 20
Unrest received [5h 9s]
UDF1 received [6d 2d]
Unrest calls
UDF1 raises to 5000
Unrest calls
Flop [5s Kh 8s], Unrest (5000), UDF1 (5000)
UDF1 bids 0
Unrest bids 0
Unrest won the auction and was revealed [6d]
UDF1 won the auction and was revealed [9s]
Flop [5s Kh 8s], Unrest (5000), UDF1 (5000)
UDF1 checks
Unrest checks
Turn [5s Kh 8s 4s], Unrest (5000), UDF1 (5000)
UDF1 checks
Unrest checks
River [5s Kh 8s 4s Kc], Unrest (5000), UDF1 (5000)
UDF1 checks
Unrest checks
Unrest shows [5h 9s]
UDF1 shows [6d 2d]
Unrest awarded 5000
UDF1 awarded -5000

Round #339, UDF1 (-69438), Unrest (69438)
UDF1 posts blind: 10
Unrest posts blind: 20
UDF1 received [3d Kc]
Unrest received [4s Tc]
UDF1 raises to 5000
Unrest calls
Flop [7h Ah 9d], UDF1 (5000), Unrest (5000)
Unrest bids 0
UDF1 bids 0
UDF1 won the auction and was revealed [4s]
Unrest won the auction and was revealed [Kc]
Flop [7h Ah 9d], UDF1 (5000), Unrest (5000)
Unrest checks
UDF1 checks
Turn [7h Ah 9d Qh], UDF1 (5000), Unrest (5000)
Unrest checks
UDF1 checks
River [7h Ah 9d Qh 5d], UDF1 (5000), Unrest (5000)
Unrest checks
UDF1 checks
UDF1 shows [3d Kc]
Unrest shows [4s Tc]
UDF1 awarded 5000
Unrest awarded -5000

Round #340, Unrest (64438), UDF1 (-64438)
Unrest posts blind: 10
UDF1 posts blind: 20
Unrest received [6s 2h]
UDF1 received [3h 6c]
Unrest folds
Unrest awarded -10
UDF1 awarded 10

Round #341, UDF1 (-64428), Unrest (64428)
UDF1 posts blind: 10
Unrest posts blind: 20
UDF1 received [3h Qc]
Unrest received [8c Jh]
UDF1 raises to 5000
Unrest calls
Flop [Kh Kc Ad], UDF1 (5000), Unrest (5000)
Unrest bids 0
UDF1 bids 0
UDF1 won the auction and was revealed [Jh]
Unrest won the auction and was revealed [Qc]
Flop [Kh Kc Ad], UDF1 (5000), Unrest (5000)
Unrest checks
UDF1 checks
Turn [Kh Kc Ad 3d], UDF1 (5000), Unrest (5000)
Unrest checks
UDF1 checks
River [Kh Kc Ad 3d Qs], UDF1 (5000), Unrest (5000)
Unrest checks
UDF1 checks
UDF1 shows [3h Qc]
Unrest shows [8c Jh]
UDF1 awarded 5000
Unrest awarded -5000

Round #342, Unrest (59428), UDF1 (-59428)
Unrest posts blind: 10
UDF1 posts blind: 20
Unrest received [Qh Ac]
UDF1 received [7d 6s]
Unrest raises to 40
UDF1 calls
Flop [Jd 4s 4h], Unrest (40), UDF1 (40)
UDF1 bids 45
Unrest bids 248
Unrest won the auction and was revealed [6s]
Flop [Jd 4s 4h], Unrest (85), UDF1 (40)
UDF1 checks
Unrest checks
Turn [Jd 4s 4h Ad], Unrest (85), UDF1 (40)
UDF1 bets 82
Unrest calls
River [Jd 4s 4h Ad 7c], Unrest (167), UDF1 (122)
UDF1 bets 190
Unrest calls
Unrest shows [Qh Ac]
UDF1 shows [7d 6s]
Unrest awarded 312
UDF1 awarded -312

Round #343, UDF1 (-59740), Unrest (59740)
UDF1 posts blind: 10
Unrest posts blind: 20
UDF1 received [3c 8c]
Unrest received [2c 3s]
UDF1 raises to 5000
Unrest folds
UDF1 awarded 20
Unrest awarded -20

Round #344, Unrest (59720), UDF1 (-59720)
Unrest posts blind: 10
UDF1 posts blind: 20
Unrest received [Td 3h]
UDF1 received [Qs Ks]
Unrest calls
UDF1 raises to 1967
Unrest calls
Flop [4d Kd Jc], Unrest (1967), UDF1 (1967)
UDF1 bids 124
Unrest bids 151
Unrest won the auction and was revealed [Ks]
Flop [4d Kd Jc], Unrest (2091), UDF1 (1967)
UDF1 bets 2909
Unrest calls
Turn [4d Kd Jc Ad], Unrest (5000), UDF1 (4876)
UDF1 checks
Unrest checks
River [4d Kd Jc Ad Jd], Unrest (5000), UDF1 (4876)
UDF1 checks
Unrest checks
Unrest shows [Td 3h]
UDF1 shows [Qs Ks]
Unrest awarded 4876
UDF1 awarded -4876

Round #345, UDF1 (-64596), Unrest (64596)
UDF1 posts blind: 10
Unrest posts blind: 20
UDF1 received [4h Qc]
Unrest received [3s 5h]
UDF1 calls
Unrest checks
Flop [Tc Kd 4c], UDF1 (20), Unrest (20)
Unrest bids 249
UDF1 bids 33
Unrest won the auction and was revealed [Qc]
Flop [Tc Kd 4c], UDF1 (20), Unrest (53)
Unrest checks
UDF1 checks
Turn [Tc Kd 4c Qh], UDF1 (20), Unrest (53)
Unrest checks
UDF1 checks
River [Tc Kd 4c Qh 7d], UDF1 (20), Unrest (53)
Unrest checks
UDF1 bets 4947
Unrest folds
UDF1 awarded 53
Unrest awarded -53

Round #346, Unrest (64543), UDF1 (-64543)
Unrest posts blind: 10
UDF1 posts blind: 20
Unrest received [As Ac]
UDF1 received [6c 2d]
Unrest raises to 40
UDF1 raises to 100
Unrest raises to 160
UDF1 raises to 1069
Unrest raises to 1978
UDF1 raises to 5000
Unrest calls
Flop [Qh 8s 9d], Unrest (5000), UDF1 (5000)
UDF1 bids 0
Unrest bids 0
Unrest won the auction and was revealed [2d]
UDF1 won the auction and was revealed [As]
Flop [Qh 8s 9d], Unrest (5000), UDF1 (5000)
UDF1 checks
Unrest checks
Turn [Qh 8s 9d 7s], Unrest (5000), UDF1 (5000)
UDF1 checks
Unrest checks
River [Qh 8s 9d 7s 9h], Unrest (5000), UDF1 (5000)
UDF1 checks
Unrest checks
Unrest shows [As Ac]
UDF1 shows [6c 2d]
Unrest awarded 5000
UDF1 awarded -5000

Round #347, UDF1 (-69543), Unrest (69543)
UDF1 posts blind: 10
Unrest posts blind: 20
UDF1 received [Tc 3d]
Unrest received [Qd 5c]
UDF1 raises to 5000
Unrest calls
Flop [2c Qh 7s], UDF1 (5000), Unrest (5000)
Unrest bids 0
UDF1 bids 0
UDF1 won the auction and was revealed [5c]
Unrest won the auction and was revealed [Tc]
Flop [2c Qh 7s], UDF1 (5000), Unrest (5000)
Unrest checks
UDF1 checks
Turn [2c Qh 7s Qs], UDF1 (5000), Unrest (5000)
Unrest checks
UDF1 checks
River [2c Qh 7s Qs Ac], UDF1 (5000), Unrest (5000)
Unrest checks
UDF1 checks
UDF1 shows [Tc 3d]
Unrest shows [Qd 5c]
UDF1 awarded -5000
Unrest awarded 5000

Round #348, Unrest (74543), UDF1 (-74543)
Unrest posts blind: 10
UDF1 posts blind: 20
Unrest received [Jh 5c]
UDF1 received [2c 5d]
Unrest calls
UDF1 raises to 5000
Unrest calls
Flop [Td 4s 7c], Unrest (5000), UDF1 (5000)
UDF1 bids 0
Unrest bids 0
Unrest won the auction and was revealed [2c]
UDF1 won the auction and was revealed [5c]
Flop [Td 4s 7c], Unrest (5000), UDF1 (5000)
UDF1 checks
Unrest checks
Turn [Td 4s 7c 3s], Unrest (5000), UDF1 (5000)
UDF1 checks
Unrest checks
River [Td 4s 7c 3s Js], Unrest (5000), UDF1 (5000)
UDF1 checks
Unrest checks
Unrest shows [Jh 5c]
UDF1 shows [2c 5d]
Unrest awarded 5000
UDF1 awarded -5000

Round #349, UDF1 (-79543), Unrest (79543)
UDF1 posts blind: 10
Unrest posts blind: 20
UDF1 received [9c Qd]
Unrest received [6s 4s]
UDF1 raises to 5000
Unrest calls
Flop [Kc Jd 7d], UDF1 (5000), Unrest (5000)
Unrest bids 0
UDF1 bids 0
UDF1 won the auction and was revealed [6s]
Unrest won the auction and was revealed [Qd]
Flop [Kc Jd 7d], UDF1 (5000), Unrest (5000)
Unrest checks
UDF1 checks
Turn [Kc Jd 7d Kh], UDF1 (5000), Unrest (5000)
Unrest checks
UDF1 checks
River [Kc Jd 7d Kh Jh], UDF1 (5000), Unrest (5000)
Unrest checks
UDF1 checks
UDF1 shows [9c Qd]
Unrest shows [6s 4s]
UDF1 awarded 5000
Unrest awarded -5000

Round #350, Unrest (74543), UDF1 (-74543)
Unrest posts blind: 10
UDF1 posts blind: 20
Unrest received [Ts Td]
UDF1 received [Ac 3s]
Unrest raises to 40
UDF1 calls
Flop [6h 8h Jd], Unrest (40), UDF1 (40)
UDF1 bids 46
Unrest bids 1240
Unrest won the auction and was revealed [3s]
Flop [6h 8h Jd], Unrest (86), UDF1 (40)
UDF1 bets 4914
Unrest calls
Turn [6h 8h Jd 2s], Unrest (5000), UDF1 (4954)
UDF1 checks
Unrest checks
River [6h 8h Jd 2s 6s], Unrest (5000), UDF1 (4954)
UDF1 checks
Unrest checks
Unrest shows [Ts Td]
UDF1 shows [Ac 3s]
Unrest awarded 4954
UDF1 awarded -4954

Round #351, UDF1 (-79497), Unrest (79497)
UDF1 posts blind: 10
Unrest posts blind: 20
UDF1 received [Kd 3h]
Unrest received [4c 8h]
UDF1 raises to 5000
Unrest calls
Flop [9s Tc Ts], UDF1 (5000), Unrest (5000)
Unrest bids 0
UDF1 bids 0
UDF1 won the auction and was revealed [4c]
Unrest won the auction and was revealed [Kd]
Flop [9s Tc Ts], UDF1 (5000), Unrest (5000)
Unrest checks
UDF1 checks
Turn [9s Tc Ts Ad], UDF1 (5000), Unrest (5000)
Unrest checks
UDF1 checks
River [9s Tc Ts Ad 3s], UDF1 (5000), Unrest (5000)
Unrest checks
UDF1 checks
UDF1 shows [Kd 3h]
Unrest shows [4c 8h]
UDF1 awarded 5000
Unrest awarded -5000

Round #352, Unrest (74497), UDF1 (-74497)
Unrest posts blind: 10
UDF1 posts blind: 20
Unrest received [9d 2s]
UDF1 received [Ks 8d]
Unrest folds
Unrest awarded -10
UDF1 awarded 10

Round #353, UDF1 (-74487), Unrest (74487)
UDF1 posts blind: 10
Unrest posts blind: 20
UDF1 received [2d Qc]
Unrest received [4c Ah]
UDF1 raises to 5000
Unrest calls
Flop [8s 9d 3s], UDF1 (5000), Unrest (5000)
Unrest bids 0
UDF1 bids 0
UDF1 won the auction and was revealed [4c]
Unrest won the auction and was revealed [Qc]
Flop [8s 9d 3s], UDF1 (5000), Unrest (5000)
Unrest checks
UDF1 checks
Turn [8s 9d 3s 6s], UDF1 (5000), Unrest (5000)
Unrest checks
UDF1 checks
River [8s 9d 3s 6s 9h], UDF1 (5000), Unrest (5000)
Unrest checks
UDF1 checks
UDF1 shows [2d Qc]
Unrest shows [4c Ah]
UDF1 awarded -5000
Unrest awarded 5000

Round #354, Unrest (79487), UDF1 (-79487)
Unrest posts blind: 10
UDF1 posts blind: 20
Unrest received [3d Qh]
UDF1 received [Ks 9s]
Unrest calls
UDF1 raises to 5000
Unrest calls
Flop [6c 5c Tc], Unrest (5000), UDF1 (5000)
UDF1 bids 0
Unrest bids 0
Unrest won the auction and was revealed [Ks]
UDF1 won the auction and was revealed [Qh]
Flop [6c 5c Tc], Unrest (5000), UDF1 (5000)
UDF1 checks
Unrest checks
Turn [6c 5c Tc Qc], Unrest (5000), UDF1 (5000)
UDF1 checks
Unrest checks
River [6c 5c Tc Qc 8h], Unrest (5000), UDF1 (5000)
UDF1 checks
Unrest checks
Unrest shows [3d Qh]
UDF1 shows [Ks 9s]
Unrest awarded 5000
UDF1 awarded -5000

Round #355, UDF1 (-84487), Unrest (84487)
UDF1 posts blind: 10
Unrest posts blind: 20
UDF1 received [Th 4h]
Unrest received [Js 3c]
UDF1 raises to 5000
Unrest calls
Flop [2c 3s 3d], UDF1 (5000), Unrest (5000)
Unrest bids 0
UDF1 bids 0
UDF1 won the auction and was revealed [Js]
Unrest won the auction and was revealed [4h]
Flop [2c 3s 3d], UDF1 (5000), Unrest (5000)
Unrest checks
UDF1 checks
Turn [2c 3s 3d Tc], UDF1 (5000), Unrest (5000)
Unrest checks
UDF1 checks
River [2c 3s 3d Tc Td], UDF1 (5000), Unrest (5000)
Unrest checks
UDF1 checks
UDF1 shows [Th 4h]
Unrest shows [Js 3c]
UDF1 awarded 5000
Unrest awarded -5000

Round #356, Unrest (79487), UDF1 (-79487)
Unrest posts blind: 10
UDF1 posts blind: 20
Unrest received [Td Ad]
UDF1 received [4h Kd]
Unrest raises to 40
UDF1 raises to 5000
Unrest calls
Flop [8h Ah 6c], Unrest (5000), UDF1 (5000)
UDF1 bids 0
Unrest bids 0
Unrest won the auction and was revealed [Kd]
UDF1 won the auction and was revealed [Ad]
Flop [8h Ah 6c], Unrest (5000), UDF1 (5000)
UDF1 checks
Unrest checks
Turn [8h Ah 6c Kc], Unrest (5000), UDF1 (5000)
UDF1 checks
Unrest checks
River [8h Ah 6c Kc 5h], Unrest (5000), UDF1 (5000)
UDF1 checks
Unrest checks
Unrest shows [Td Ad]
UDF1 shows [4h Kd]
Unrest awarded 5000
UDF1 awarded -5000

Round #357, UDF1 (-84487), Unrest (84487)
UDF1 posts blind: 10
Unrest posts blind: 20
UDF1 received [2c 7d]
Unrest received [Jh 5s]
UDF1 raises to 50
Unrest calls
Flop [8c Ts 7h], UDF1 (50), Unrest (50)
Unrest bids 247
UDF1 bids 54
Unrest won the auction and was revealed [2c]
Flop [8c Ts 7h], UDF1 (50), Unrest (104)
Unrest checks
UDF1 bets 1754
Unrest folds
UDF1 awarded 104
Unrest awarded -104

Round #358, Unrest (84383), UDF1 (-84383)
Unrest posts blind: 10
UDF1 posts blind: 20
Unrest received [8h 7c]
UDF1 received [8d 2c]
Unrest calls
UDF1 raises to 5000
Unrest calls
Flop [8c Qc Ad], Unrest (5000), UDF1 (5000)
UDF1 bids 0
Unrest bids 0
Unrest won the auction and was revealed [8d]
UDF1 won the auction and was revealed [7c]
Flop [8c Qc Ad], Unrest (5000), UDF1 (5000)
UDF1 checks
Unrest checks
Turn [8c Qc Ad 7d], Unrest (5000), UDF1 (5000)
UDF1 checks
Unrest checks
River [8c Qc Ad 7d 4d], Unrest (5000), UDF1 (5000)
UDF1 checks
Unrest checks
Unrest shows [8h 7c]
UDF1 shows [8d 2c]
Unrest awarded 5000
UDF1 awarded -5000

Round #359, UDF1 (-89383), Unrest (89383)
UDF1 posts blind: 10
Unrest posts blind: 20
UDF1 received [Qh Td]
Unrest received [6c 6h]
UDF1 folds
UDF1 awarded -10
Unrest awarded 10

Round #360, Unrest (89393), UDF1 (-89393)
Unrest posts blind: 10
UDF1 posts blind: 20
Unrest received [Kd Ad]
UDF1 received [Jc 9h]
Unrest raises to 40
UDF1 raises to 5000
Unrest calls
Flop [Qc 9d Jh], Unrest (5000), UDF1 (5000)
UDF1 bids 0
Unrest bids 0
Unrest won the auction and was revealed [Jc]
UDF1 won the auction and was revealed [Kd]
Flop [Qc 9d Jh], Unrest (5000), UDF1 (5000)
UDF1 checks
Unrest checks
Turn [Qc 9d Jh 4d], Unrest (5000), UDF1 (5000)
UDF1 checks
Unrest checks
River [Qc 9d Jh 4d 8d], Unrest (5000), UDF1 (5000)
UDF1 checks
Unrest checks
Unrest shows [Kd Ad]
UDF1 shows [Jc 9h]
Unrest awarded 5000
UDF1 awarded -5000

Round #361, UDF1 (-94393), Unrest (94393)
UDF1 posts blind: 10
Unrest posts blind: 20
UDF1 received [5d Ac]
Unrest received [Ts 2s]
UDF1 raises to 5000
Unrest calls
Flop [6h Js 2c], UDF1 (5000), Unrest (5000)
Unrest bids 0
UDF1 bids 0
UDF1 won the auction and was revealed [Ts]
Unrest won the auction and was revealed [5d]
Flop [6h Js 2c], UDF1 (5000), Unrest (5000)
Unrest checks
UDF1 checks
Turn [6h Js 2c Kc], UDF1 (5000), Unrest (5000)
Unrest checks
UDF1 checks
River [6h Js 2c Kc Ad], UDF1 (5000), Unrest (5000)
Unrest checks
UDF1 checks
UDF1 shows [5d Ac]
Unrest shows [Ts 2s]
UDF1 awarded 5000
Unrest awarded -5000

Round #362, Unrest (89393), UDF1 (-89393)
Unrest posts blind: 10
UDF1 posts blind: 20
Unrest received [As 5h]
UDF1 received [Ac 8c]
Unrest raises to 40
UDF1 raises to 100
Unrest raises to 160
UDF1 raises to 5000
Unrest calls
Flop [2d 2c 2s], Unrest (5000), UDF1 (5000)
UDF1 bids 0
Unrest bids 0
Unrest won the auction and was revealed [8c]
UDF1 won the auction and was revealed [As]
Flop [2d 2c 2s], Unrest (5000), UDF1 (5000)
UDF1 checks
Unrest checks
Turn [2d 2c 2s 2h], Unrest (5000), UDF1 (5000)
UDF1 checks
Unrest checks
River [2d 2c 2s 2h 9h], Unrest (5000), UDF1 (5000)
UDF1 checks
Unrest checks
Unrest shows [As 5h]
UDF1 shows [Ac 8c]
Unrest awarded 0
UDF1 awarded 0

Round #363, UDF1 (-89393), Unrest (89393)
UDF1 posts blind: 10
Unrest posts blind: 20
UDF1 received [Ks 6c]
Unrest received [6d 8h]
UDF1 raises to 5000
Unrest calls
Flop [4h 5s 2h], UDF1 (5000), Unrest (5000)
Unrest bids 0
UDF1 bids 0
UDF1 won the auction and was revealed [8h]
Unrest won the auction and was revealed [6c]
Flop [4h 5s 2h], UDF1 (5000), Unrest (5000)
Unrest checks
UDF1 checks
Turn [4h 5s 2h 9h], UDF1 (5000), Unrest (5000)
Unrest checks
UDF1 checks
River [4h 5s 2h 9h 4c], UDF1 (5000), Unrest (5000)
Unrest checks
UDF1 checks
UDF1 shows [Ks 6c]
Unrest shows [6d 8h]
UDF1 awarded 5000
Unrest awarded -5000

Round #364, Unrest (84393), UDF1 (-84393)
Unrest posts blind: 10
UDF1 posts blind: 20
Unrest received [6d Kd]
UDF1 received [8c 4h]
Unrest raises to 40
UDF1 raises to 100
Unrest raises to 160
UDF1 calls
Flop [6c Jh Js], Unrest (160), UDF1 (160)
UDF1 bids 105
Unrest bids 242
Unrest won the auction and was revealed [8c]
Flop [6c Jh Js], Unrest (265), UDF1 (160)
UDF1 bets 280
Unrest calls
Turn [6c Jh Js 5s], Unrest (545), UDF1 (440)
UDF1 bets 650
Unrest calls
River [6c Jh Js 5s 2h], Unrest (1195), UDF1 (1090)
UDF1 checks
Unrest bets 20
UDF1 calls
Unrest shows [6d Kd]
UDF1 shows [8c 4h]
Unrest awarded 1110
UDF1 awarded -1110

Round #365, UDF1 (-85503), Unrest (85503)
UDF1 posts blind: 10
Unrest posts blind: 20
UDF1 received [3s 4s]
Unrest received [Ac 2h]
UDF1 raises to 50
Unrest calls
Flop [Tc 8c 2d], UDF1 (50), Unrest (50)
Unrest bids 742
UDF1 bids 17
Unrest won the auction and was revealed [3s]
Flop [Tc 8c 2d], UDF1 (50), Unrest (67)
Unrest bets 20
UDF1 folds
UDF1 awarded -50
Unrest awarded 50

Round #366, Unrest (85553), UDF1 (-85553)
Unrest posts blind: 10
UDF1 posts blind: 20
Unrest received [Ts 8s]
UDF1 received [7s 9d]
Unrest calls
UDF1 raises to 5000
Unrest calls
Flop [5d Qd Kc], Unrest (5000), UDF1 (5000)
UDF1 bids 0
Unrest bids 0
Unrest won the auction and was revealed [7s]
UDF1 won the auction and was revealed [8s]
Flop [5d Qd Kc], Unrest (5000), UDF1 (5000)
UDF1 checks
Unrest checks
Turn [5d Qd Kc 2h], Unrest (5000), UDF1 (5000)
UDF1 checks
Unrest checks
River [5d Qd Kc 2h 5c], Unrest (5000), UDF1 (5000)
UDF1 checks
Unrest checks
Unrest shows [Ts 8s]
UDF1 shows [7s 9d]
Unrest awarded 5000
UDF1 awarded -5000

Round #367, UDF1 (-90553), Unrest (90553)
UDF1 posts blind: 10
Unrest posts blind: 20
UDF1 received [6s 4d]
Unrest received [Ts 9d]
UDF1 raises to 50
Unrest calls
Flop [9c 2h Ad], UDF1 (50), Unrest (50)
Unrest bids 742
UDF1 bids 49
Unrest won the auction and was revealed [6s]
Flop [9c 2h Ad], UDF1 (50), Unrest (99)
Unrest bets 20
UDF1 raises to 189
Unrest calls
Turn [9c 2h Ad 9s], UDF1 (239), Unrest (288)
Unrest bets 20
UDF1 raises to 567
Unrest calls
River [9c 2h Ad 9s Jc], UDF1 (806), Unrest (855)
Unrest bets 20
UDF1 calls
UDF1 shows [6s 4d]
Unrest shows [Ts 9d]
UDF1 awarded -826
Unrest awarded 826

Round #368, Unrest (91379), UDF1 (-91379)
Unrest posts blind: 10
UDF1 posts blind: 20
Unrest received [4c Qc]
UDF1 received [Qh 8h]
Unrest calls
UDF1 checks
Flop [9s 6h Ad], Unrest (20), UDF1 (20)
UDF1 bids 33
Unrest bids 249
Unrest won the auction and was revealed [Qh]
Flop [9s 6h Ad], Unrest (53), UDF1 (20)
UDF1 bets 4947
Unrest calls
Turn [9s 6h Ad 3h], Unrest (5000), UDF1 (4967)
UDF1 checks
Unrest checks
River [9s 6h Ad 3h Jd], Unrest (5000), UDF1 (4967)
UDF1 checks
Unrest checks
Unrest shows [4c Qc]
UDF1 shows [Qh 8h]
Unrest awarded -5000
UDF1 awarded 5000

Round #369, UDF1 (-86379), Unrest (86379)
UDF1 posts blind: 10
Unrest posts blind: 20
UDF1 received [7d Kc]
Unrest received [Ks Ah]
UDF1 raises to 50
Unrest calls
Flop [2h 4c Kh], UDF1 (50), Unrest (50)
Unrest bids 1237
UDF1 bids 54
Unrest won the auction and was revealed [Kc]
Flop [2h 4c Kh], UDF1 (50), Unrest (104)
Unrest bets 20
UDF1 raises to 4896
Unrest calls
Turn [2h 4c Kh 4h], UDF1 (4946), Unrest (5000)
Unrest checks
UDF1 checks
River [2h 4c Kh 4h 3c], UDF1 (4946), Unrest (5000)
Unrest checks
UDF1 checks
UDF1 shows [7d Kc]
Unrest shows [Ks Ah]
UDF1 awarded -4946
Unrest awarded 4946

Round #370, Unrest (91325), UDF1 (-91325)
Unrest posts blind: 10
UDF1 posts blind: 20
Unrest received [8d Th]
UDF1 received [8s Kh]
Unrest calls
UDF1 raises to 5000
Unrest calls
Flop [9h Js Td], Unrest (5000), UDF1 (5000)
UDF1 bids 0
Unrest bids 0
Unrest won the auction and was revealed [8s]
UDF1 won the auction and was revealed [Th]
Flop [9h Js Td], Unrest (5000), UDF1 (5000)
UDF1 checks
Unrest checks
Turn [9h Js Td Qh], Unrest (5000), UDF1 (5000)
UDF1 checks
Unrest checks
River [9h Js Td Qh 2s], Unrest (5000), UDF1 (5000)
UDF1 checks
Unrest checks
Unrest shows [8d Th]
UDF1 shows [8s Kh]
Unrest awarded -5000
UDF1 awarded 5000

Round #371, UDF1 (-86325), Unrest (86325)
UDF1 posts blind: 10
Unrest posts blind: 20
UDF1 received [4h 5h]
Unrest received [6h 9s]
UDF1 calls
Unrest checks
Flop [Ah Th 6s], UDF1 (20), Unrest (20)
Unrest bids 747
UDF1 bids 34
Unrest won the auction and was revealed [5h]
Flop [Ah Th 6s], UDF1 (20), Unrest (54)
Unrest bets 20
UDF1 raises to 114
Unrest calls
Turn [Ah Th 6s 2c], UDF1 (134), Unrest (168)
Unrest checks
UDF1 bets 199
Unrest calls
River [Ah Th 6s 2c 4c], UDF1 (333), Unrest (367)
Unrest bets 20
UDF1 calls
UDF1 shows [4h 5h]
Unrest shows [6h 9s]
UDF1 awarded -353
Unrest awarded 353

Round #372, Unrest (86678), UDF1 (-86678)
Unrest posts blind: 10
UDF1 posts blind: 20
Unrest received [Qh Ad]
UDF1 received [7c Qc]
Unrest raises to 40
UDF1 raises to 5000
Unrest calls
Flop [Ac Qs 3c], Unrest (5000), UDF1 (5000)
UDF1 bids 0
Unrest bids 0
Unrest won the auction and was revealed [Qc]
UDF1 won the auction and was revealed [Ad]
Flop [Ac Qs 3c], Unrest (5000), UDF1 (5000)
UDF1 checks
Unrest checks
Turn [Ac Qs 3c Ks], Unrest (5000), UDF1 (5000)
UDF1 checks
Unrest checks
River [Ac Qs 3c Ks Kd], Unrest (5000), UDF1 (5000)
UDF1 checks
Unrest checks
Unrest shows [Qh Ad]
UDF1 shows [7c Qc]
Unrest awarded 5000
UDF1 awarded -5000

Round #373, UDF1 (-91678), Unrest (91678)
UDF1 posts blind: 10
Unrest posts blind: 20
UDF1 received [6s 3h]
Unrest received [5d 6c]
UDF1 raises to 5000
Unrest folds
UDF1 awarded 20
Unrest awarded -20

Round #374, Unrest (91658), UDF1 (-91658)
Unrest posts blind: 10
UDF1 posts blind: 20
Unrest received [Ks 9s]
UDF1 received [Qh Qc]
Unrest raises to 40
UDF1 raises to 5000
Unrest calls
Flop [3d 3s 8h], Unrest (5000), UDF1 (5000)
UDF1 bids 0
Unrest bids 0
Unrest won the auction and was revealed [Qh]
UDF1 won the auction and was revealed [9s]
Flop [3d 3s 8h], Unrest (5000), UDF1 (5000)
UDF1 checks
Unrest checks
Turn [3d 3s 8h Qs], Unrest (5000), UDF1 (5000)
UDF1 checks
Unrest checks
River [3d 3s 8h Qs 5c], Unrest (5000), UDF1 (5000)
UDF1 checks
Unrest checks
Unrest shows [Ks 9s]
UDF1 shows [Qh Qc]
Unrest awarded -5000
UDF1 awarded 5000

Round #375, UDF1 (-86658), Unrest (86658)
UDF1 posts blind: 10
Unrest posts blind: 20
UDF1 received [Ac Kd]
Unrest received [Jd 7h]
UDF1 raises to 5000
Unrest calls
Flop [Qs Th Kh], UDF1 (5000), Unrest (5000)
Unrest bids 0
UDF1 bids 0
UDF1 won the auction and was revealed [Jd]
Unrest won the auction and was revealed [Ac]
Flop [Qs Th Kh], UDF1 (5000), Unrest (5000)
Unrest checks
UDF1 checks
Turn [Qs Th Kh 9s], UDF1 (5000), Unrest (5000)
Unrest checks
UDF1 checks
River [Qs Th Kh 9s 8c], UDF1 (5000), Unrest (5000)
Unrest checks
UDF1 checks
UDF1 shows [Ac Kd]
Unrest shows [Jd 7h]
UDF1 awarded -5000
Unrest awarded 5000

Round #376, Unrest (91658), UDF1 (-91658)
Unrest posts blind: 10
UDF1 posts blind: 20
Unrest received [6h 9s]
UDF1 received [2c 5h]
Unrest calls
UDF1 checks
Flop [6d 7h 5c], Unrest (20), UDF1 (20)
UDF1 bids 37
Unrest bids 747
Unrest won the auction and was revealed [5h]
Flop [6d 7h 5c], Unrest (57), UDF1 (20)
UDF1 bets 4943
Unrest calls
Turn [6d 7h 5c 2d], Unrest (5000), UDF1 (4963)
UDF1 checks
Unrest checks
River [6d 7h 5c 2d 8d], Unrest (5000), UDF1 (4963)
UDF1 checks
Unrest checks
Unrest shows [6h 9s]
UDF1 shows [2c 5h]
Unrest awarded 4963
UDF1 awarded -4963

Round #377, UDF1 (-96621), Unrest (96621)
UDF1 posts blind: 10
Unrest posts blind: 20
UDF1 received [4c 5h]
Unrest received [Jd Kh]
UDF1 calls
Unrest raises to 40
UDF1 raises to 5000
Unrest calls
Flop [Kc Qs 5s], UDF1 (5000), Unrest (5000)
Unrest bids 0
UDF1 bids 0
UDF1 won the auction and was revealed [Kh]
Unrest won the auction and was revealed [4c]
Flop [Kc Qs 5s], UDF1 (5000), Unrest (5000)
Unrest checks
UDF1 checks
Turn [Kc Qs 5s 3c], UDF1 (5000), Unrest (5000)
Unrest checks
UDF1 checks
River [Kc Qs 5s 3c 6s], UDF1 (5000), Unrest (5000)
Unrest checks
UDF1 checks
UDF1 shows [4c 5h]
Unrest shows [Jd Kh]
UDF1 awarded -5000
Unrest awarded 5000

Round #378, Unrest (101621), UDF1 (-101621)
Unrest posts blind: 10
UDF1 posts blind: 20
Unrest received [3s Kh]
UDF1 received [Ts 8d]
Unrest calls
UDF1 raises to 5000
Unrest calls
Flop [Ac Jd 4d], Unrest (5000), UDF1 (5000)
UDF1 bids 0
Unrest bids 0
Unrest won the auction and was revealed [8d]
UDF1 won the auction and was revealed [Kh]
Flop [Ac Jd 4d], Unrest (5000), UDF1 (5000)
UDF1 checks
Unrest checks
Turn [Ac Jd 4d As], Unrest (5000), UDF1 (5000)
UDF1 checks
Unrest checks
River [Ac Jd 4d As 8s], Unrest (5000), UDF1 (5000)
UDF1 checks
Unrest checks
Unrest shows [3s Kh]
UDF1 shows [Ts 8d]
Unrest awarded -5000
UDF1 awarded 5000

Round #379, UDF1 (-96621), Unrest (96621)
UDF1 posts blind: 10
Unrest posts blind: 20
UDF1 received [9h Ts]
Unrest received [4s Ah]
UDF1 raises to 50
Unrest calls
Flop [5d 2c 8s], UDF1 (50), Unrest (50)
Unrest bids 247
UDF1 bids 53
Unrest won the auction and was revealed [9h]
Flop [5d 2c 8s], UDF1 (50), Unrest (103)
Unrest checks
UDF1 bets 100
Unrest calls
Turn [5d 2c 8s 3c], UDF1 (150), Unrest (203)
Unrest checks
UDF1 checks
River [5d 2c 8s 3c 9c], UDF1 (150), Unrest (203)
Unrest checks
UDF1 bets 4797
Unrest folds
UDF1 awarded 203
Unrest awarded -203

Round #380, Unrest (96418), UDF1 (-96418)
Unrest posts blind: 10
UDF1 posts blind: 20
Unrest received [Kc 5c]
UDF1 received [7h As]
Unrest raises to 40
UDF1 raises to 100
Unrest raises to 160
UDF1 raises to 5000
Unrest calls
Flop [Jc 2h 7c], Unrest (5000), UDF1 (5000)
UDF1 bids 0
Unrest bids 0
Unrest won the auction and was revealed [7h]
UDF1 won the auction and was revealed [Kc]
Flop [Jc 2h 7c], Unrest (5000), UDF1 (5000)
UDF1 checks
Unrest checks
Turn [Jc 2h 7c 6c], Unrest (5000), UDF1 (5000)
UDF1 checks
Unrest checks
River [Jc 2h 7c 6c Qd], Unrest (5000), UDF1 (5000)
UDF1 checks
Unrest checks
Unrest shows [Kc 5c]
UDF1 shows [7h As]
Unrest awarded 5000
UDF1 awarded -5000

Round #381, UDF1 (-101418), Unrest (101418)
UDF1 posts blind: 10
Unrest posts blind: 20
UDF1 received [Qd 6s]
Unrest received [Ad 3c]
UDF1 raises to 5000
Unrest calls
Flop [Jd 6d Qs], UDF1 (5000), Unrest (5000)
Unrest bids 0
UDF1 bids 0
UDF1 won the auction and was revealed [3c]
Unrest won the auction and was revealed [6s]
Flop [Jd 6d Qs], UDF1 (5000), Unrest (5000)
Unrest checks
UDF1 checks
Turn [Jd 6d Qs 9s], UDF1 (5000), Unrest (5000)
Unrest checks
UDF1 checks
River [Jd 6d Qs 9s 7h], UDF1 (5000), Unrest (5000)
Unrest checks
UDF1 checks
UDF1 shows [Qd 6s]
Unrest shows [Ad 3c]
UDF1 awarded 5000
Unrest awarded -5000

Round #382, Unrest (96418), UDF1 (-96418)
Unrest posts blind: 10
UDF1 posts blind: 20
Unrest received [4c 8s]
UDF1 received [2c 4d]
Unrest folds
Unrest awarded -10
UDF1 awarded 10

Round #383, UDF1 (-96408), Unrest (96408)
UDF1 posts blind: 10
Unrest posts blind: 20
UDF1 received [6h 7c]
Unrest received [9s 4c]
UDF1 raises to 5000
Unrest calls
Flop [Jd 7h 3s], UDF1 (5000), Unrest (5000)
Unrest bids 0
UDF1 bids 0
UDF1 won the auction and was revealed [9s]
Unrest won the auction and was revealed [6h]
Flop [Jd 7h 3s], UDF1 (5000), Unrest (5000)
Unrest checks
UDF1 checks
Turn [Jd 7h 3s 9c], UDF1 (5000), Unrest (5000)
Unrest checks
UDF1 checks
River [Jd 7h 3s 9c 8d], UDF1 (5000), Unrest (5000)
Unrest checks
UDF1 checks
UDF1 shows [6h 7c]
Unrest shows [9s 4c]
UDF1 awarded -5000
Unrest awarded 5000

Round #384, Unrest (101408), UDF1 (-101408)
Unrest posts blind: 10
UDF1 posts blind: 20
Unrest received [Qs 5h]
UDF1 received [Jd 2d]
Unrest calls
UDF1 raises to 5000
Unrest calls
Flop [Kd Tc 3s], Unrest (5000), UDF1 (5000)
UDF1 bids 0
Unrest bids 0
Unrest won the auction and was revealed [Jd]
UDF1 won the auction and was revealed [5h]
Flop [Kd Tc 3s], Unrest (5000), UDF1 (5000)
UDF1 checks
Unrest checks
Turn [Kd Tc 3s 3h], Unrest (5000), UDF1 (5000)
UDF1 checks
Unrest checks
River [Kd Tc 3s 3h As], Unrest (5000), UDF1 (5000)
UDF1 checks
Unrest checks
Unrest shows [Qs 5h]
UDF1 shows [Jd 2d]
Unrest awarded 5000
UDF1 awarded -5000

Round #385, UDF1 (-106408), Unrest (106408)
UDF1 posts blind: 10
Unrest posts blind: 20
UDF1 received [7d Jh]
Unrest received [Jc 5d]
UDF1 raises to 5000
Unrest calls
Flop [6c 8d 6h], UDF1 (5000), Unrest (5000)
Unrest bids 0
UDF1 bids 0
UDF1 won the auction and was revealed [5d]
Unrest won the auction and was revealed [Jh]
Flop [6c 8d 6h], UDF1 (5000), Unrest (5000)
Unrest checks
UDF1 checks
Turn [6c 8d 6h 9s], UDF1 (5000), Unrest (5000)
Unrest checks
UDF1 checks
River [6c 8d 6h 9s Kh], UDF1 (5000), Unrest (5000)
Unrest checks
UDF1 checks
UDF1 shows [7d Jh]
Unrest shows [Jc 5d]
UDF1 awarded 0
Unrest awarded 0

Round #386, Unrest (106408), UDF1 (-106408)
Unrest posts blind: 10
UDF1 posts blind: 20
Unrest received [9d 7h]
UDF1 received [3h 3s]
Unrest calls
UDF1 raises to 46
Unrest calls
Flop [Jc Ad 4c], Unrest (46), UDF1 (46)
UDF1 bids 20
Unrest bids 247
Unrest won the auction and was revealed [3s]
Flop [Jc Ad 4c], Unrest (66), UDF1 (46)
UDF1 checks
Unrest checks
Turn [Jc Ad 4c 4h], Unrest (66), UDF1 (46)
UDF1 checks
Unrest checks
River [Jc Ad 4c 4h 8c], Unrest (66), UDF1 (46)
UDF1 checks
Unrest checks
Unrest shows [9d 7h]
UDF1 shows [3h 3s]
Unrest awarded -66
UDF1 awarded 66

Round #387, UDF1 (-106342), Unrest (106342)
UDF1 posts blind: 10
Unrest posts blind: 20
UDF1 received [2s 5d]
Unrest received [Td Jd]
UDF1 raises to 5000
Unrest calls
Flop [7d 7s 4c], UDF1 (5000), Unrest (5000)
Unrest bids 0
UDF1 bids 0
UDF1 won the auction and was revealed [Td]
Unrest won the auction and was revealed [5d]
Flop [7d 7s 4c], UDF1 (5000), Unrest (5000)
Unrest checks
UDF1 checks
Turn [7d 7s 4c 5h], UDF1 (5000), Unrest (5000)
Unrest checks
UDF1 checks
River [7d 7s 4c 5h Th], UDF1 (5000), Unrest (5000)
Unrest checks
UDF1 checks
UDF1 shows [2s 5d]
Unrest shows [Td Jd]
UDF1 awarded -5000
Unrest awarded 5000

Round #388, Unrest (111342), UDF1 (-111342)
Unrest posts blind: 10
UDF1 posts blind: 20
Unrest received [Jd Ts]
UDF1 received [8h Jh]
Unrest calls
UDF1 checks
Flop [6s 7d 6c], Unrest (20), UDF1 (20)
UDF1 bids 35
Unrest bids 249
Unrest won the auction and was revealed [8h]
Flop [6s 7d 6c], Unrest (55), UDF1 (20)
UDF1 bets 4945
Unrest folds
Unrest awarded -55
UDF1 awarded 55

Round #389, UDF1 (-111287), Unrest (111287)
UDF1 posts blind: 10
Unrest posts blind: 20
UDF1 received [6c Kh]
Unrest received [3d 9s]
UDF1 raises to 5000
Unrest calls
Flop [Qc 6h Ac], UDF1 (5000), Unrest (5000)
Unrest bids 0
UDF1 bids 0
UDF1 won the auction and was revealed [3d]
Unrest won the auction and was revealed [6c]
Flop [Qc 6h Ac], UDF1 (5000), Unrest (5000)
Unrest checks
UDF1 checks
Turn [Qc 6h Ac Jh], UDF1 (5000), Unrest (5000)
Unrest checks
UDF1 checks
River [Qc 6h Ac Jh Qs], UDF1 (5000), Unrest (5000)
Unrest checks
UDF1 checks
UDF1 shows [6c Kh]
Unrest shows [3d 9s]
UDF1 awarded 5000
Unrest awarded -5000

Round #390, Unrest (106287), UDF1 (-106287)
Unrest posts blind: 10
UDF1 posts blind: 20
Unrest received [Td 6d]
UDF1 received [Kc 9c]
Unrest calls
UDF1 raises to 5000
Unrest calls
Flop [8c 7h Qd], Unrest (5000), UDF1 (5000)
UDF1 bids 0
Unrest bids 0
Unrest won the auction and was revealed [Kc]
UDF1 won the auction and was revealed [6d]
Flop [8c 7h Qd], Unrest (5000), UDF1 (5000)
UDF1 checks
Unrest checks
Turn [8c 7h Qd 3s], Unrest (5000), UDF1 (5000)
UDF1 checks
Unrest checks
River [8c 7h Qd 3s Ac], Unrest (5000), UDF1 (5000)
UDF1 checks
Unrest checks
Unrest shows [Td 6d]
UDF1 shows [Kc 9c]
Unrest awarded -5000
UDF1 awarded 5000

Round #391, UDF1 (-101287), Unrest (101287)
UDF1 posts blind: 10
Unrest posts blind: 20
UDF1 received [7h 4h]
Unrest received [Kd Js]
UDF1 raises to 50
Unrest calls
Flop [6s Ks 3c], UDF1 (50), Unrest (50)
Unrest bids 1237
UDF1 bids 52
Unrest won the auction and was revealed [4h]
Flop [6s Ks 3c], UDF1 (50), Unrest (102)
Unrest bets 20
UDF1 raises to 192
Unrest calls
Turn [6s Ks 3c Jc], UDF1 (242), Unrest (294)
Unrest bets 20
UDF1 calls
River [6s Ks 3c Jc Jd], UDF1 (262), Unrest (314)
Unrest bets 20
UDF1 folds
UDF1 awarded -262
Unrest awarded 262

Round #392, Unrest (101549), UDF1 (-101549)
Unrest posts blind: 10
UDF1 posts blind: 20
Unrest received [Qc 8h]
UDF1 received [9s 3d]
Unrest calls
UDF1 raises to 5000
Unrest calls
Flop [Jc 2h Th], Unrest (5000), UDF1 (5000)
UDF1 bids 0
Unrest bids 0
Unrest won the auction and was revealed [9s]
UDF1 won the auction and was revealed [8h]
Flop [Jc 2h Th], Unrest (5000), UDF1 (5000)
UDF1 checks
Unrest checks
Turn [Jc 2h Th 3c], Unrest (5000), UDF1 (5000)
UDF1 checks
Unrest checks
River [Jc 2h Th 3c Jh], Unrest (5000), UDF1 (5000)
UDF1 checks
Unrest checks
Unrest shows [Qc 8h]
UDF1 shows [9s 3d]
Unrest awarded -5000
UDF1 awarded 5000

Round #393, UDF1 (-96549), Unrest (96549)
UDF1 posts blind: 10
Unrest posts blind: 20
UDF1 received [Jc 9h]
Unrest received [Ts As]
UDF1 raises to 5000
Unrest calls
Flop [8s 2d 8d], UDF1 (5000), Unrest (5000)
Unrest bids 0
UDF1 bids 0
UDF1 won the auction and was revealed [As]
Unrest won the auction and was revealed [Jc]
Flop [8s 2d 8d], UDF1 (5000), Unrest (5000)
Unrest checks
UDF1 checks
Turn [8s 2d 8d 3c], UDF1 (5000), Unrest (5000)
Unrest checks
UDF1 checks
River [8s 2d 8d 3c 7d], UDF1 (5000), Unrest (5000)
Unrest checks
UDF1 checks
UDF1 shows [Jc 9h]
Unrest shows [Ts As]
UDF1 awarded -5000
Unrest awarded 5000

Round #394, Unrest (101549), UDF1 (-101549)
Unrest posts blind: 10
UDF1 posts blind: 20
Unrest received [3d 5h]
UDF1 received [5c 8s]
Unrest folds
Unrest awarded -10
UDF1 awarded 10

Round #395, UDF1 (-101539), Unrest (101539)
UDF1 posts blind: 10
Unrest posts blind: 20
UDF1 received [9d Ac]
Unrest received [Qh 6c]
UDF1 raises to 5000
Unrest calls
Flop [Tc 4h Qs], UDF1 (5000), Unrest (5000)
Unrest bids 0
UDF1 bids 0
UDF1 won the auction and was revealed [Qh]
Unrest won the auction and was revealed [Ac]
Flop [Tc 4h Qs], UDF1 (5000), Unrest (5000)
Unrest checks
UDF1 checks
Turn [Tc 4h Qs 4s], UDF1 (5000), Unrest (5000)
Unrest checks
UDF1 checks
River [Tc 4h Qs 4s Ah], UDF1 (5000), Unrest (5000)
Unrest checks
UDF1 checks
UDF1 shows [9d Ac]
Unrest shows [Qh 6c]
UDF1 awarded 5000
Unrest awarded -5000

Round #396, Unrest (96539), UDF1 (-96539)
Unrest posts blind: 10
UDF1 posts blind: 20
Unrest received [4d Qs]
UDF1 received [6h Ah]
Unrest calls
UDF1 raises to 46
Unrest calls
Flop [4c Ac 7s], Unrest (46), UDF1 (46)
UDF1 bids 51
Unrest bids 743
Unrest won the auction and was revealed [6h]
Flop [4c Ac 7s], Unrest (97), UDF1 (46)
UDF1 bets 4903
Unrest calls
Turn [4c Ac 7s 4h], Unrest (5000), UDF1 (4949)
UDF1 checks
Unrest checks
River [4c Ac 7s 4h 2s], Unrest (5000), UDF1 (4949)
UDF1 checks
Unrest checks
Unrest shows [4d Qs]
UDF1 shows [6h Ah]
Unrest awarded 4949
UDF1 awarded -4949

Round #397, UDF1 (-101488), Unrest (101488)
UDF1 posts blind: 10
Unrest posts blind: 20
UDF1 received [9c 7d]
Unrest received [3s Qc]
UDF1 raises to 50
Unrest calls
Flop [4s 4d Qs], UDF1 (50), Unrest (50)
Unrest bids 247
UDF1 bids 53
Unrest won the auction and was revealed [7d]
Flop [4s 4d Qs], UDF1 (50), Unrest (103)
Unrest checks
UDF1 bets 100
Unrest calls
Turn [4s 4d Qs 9h], UDF1 (150), Unrest (203)
Unrest checks
UDF1 bets 3008
Unrest calls
River [4s 4d Qs 9h 9d], UDF1 (3158), Unrest (3211)
Unrest checks
UDF1 bets 1789
Unrest calls
UDF1 shows [9c 7d]
Unrest shows [3s Qc]
UDF1 awarded 5000
Unrest awarded -5000

Round #398, Unrest (96488), UDF1 (-96488)
Unrest posts blind: 10
UDF1 posts blind: 20
Unrest received [Ts Kd]
UDF1 received [4d 3d]
Unrest raises to 40
UDF1 raises to 100
Unrest raises to 160
UDF1 raises to 5000
Unrest calls
Flop [Ah Ac As], Unrest (5000), UDF1 (5000)
UDF1 bids 0
Unrest bids 0
Unrest won the auction and was revealed [4d]
UDF1 won the auction and was revealed [Ts]
Flop [Ah Ac As], Unrest (5000), UDF1 (5000)
UDF1 checks
Unrest checks
Turn [Ah Ac As 6d], Unrest (5000), UDF1 (5000)
UDF1 checks
Unrest checks
River [Ah Ac As 6d 5h], Unrest (5000), UDF1 (5000)
UDF1 checks
Unrest checks
Unrest shows [Ts Kd]
UDF1 shows [4d 3d]
Unrest awarded 5000
UDF1 awarded -5000

Round #399, UDF1 (-101488), Unrest (101488)
UDF1 posts blind: 10
Unrest posts blind: 20
UDF1 received [8c 2s]
Unrest received [Ts 2d]
UDF1 raises to 50
Unrest calls
Flop [Js Kh 7h], UDF1 (50), Unrest (50)
Unrest bids 247
UDF1 bids 54
Unrest won the auction and was revealed [2s]
Flop [Js Kh 7h], UDF1 (50), Unrest (104)
Unrest checks
UDF1 checks
Turn [Js Kh 7h 6h], UDF1 (50), Unrest (104)
Unrest checks
UDF1 checks
River [Js Kh 7h 6h 3c], UDF1 (50), Unrest (104)
Unrest checks
UDF1 bets 4896
Unrest folds
UDF1 awarded 104
Unrest awarded -104

Round #400, Unrest (101384), UDF1 (-101384)
Unrest posts blind: 10
UDF1 posts blind: 20
Unrest received [4s 3h]
UDF1 received [9c Ah]
Unrest folds
Unrest awarded -10
UDF1 awarded 10

Round #401, UDF1 (-101374), Unrest (101374)
UDF1 posts blind: 10
Unrest posts blind: 20
UDF1 received [Kh 6d]
Unrest received [6s 4h]
UDF1 raises to 5000
Unrest folds
UDF1 awarded 20
Unrest awarded -20

Round #402, Unrest (101354), UDF1 (-101354)
Unrest posts blind: 10
UDF1 posts blind: 20
Unrest received [4h Js]
UDF1 received [Kh 3d]
Unrest calls
UDF1 raises to 5000
Unrest calls
Flop [Qs 4c Td], Unrest (5000), UDF1 (5000)
UDF1 bids 0
Unrest bids 0
Unrest won the auction and was revealed [3d]
UDF1 won the auction and was revealed [4h]
Flop [Qs 4c Td], Unrest (5000), UDF1 (5000)
UDF1 checks
Unrest checks
Turn [Qs 4c Td 8d], Unrest (5000), UDF1 (5000)
UDF1 checks
Unrest checks
River [Qs 4c Td 8d 5s], Unrest (5000), UDF1 (5000)
UDF1 checks
Unrest checks
Unrest shows [4h Js]
UDF1 shows [Kh 3d]
Unrest awarded 5000
UDF1 awarded -5000

Round #403, UDF1 (-106354), Unrest (106354)
UDF1 posts blind: 10
Unrest posts blind: 20
UDF1 received [5c 5s]
Unrest received [6s Kh]
UDF1 raises to 5000
Unrest calls
Flop [7s 6h Tc], UDF1 (5000), Unrest (5000)
Unrest bids 0
UDF1 bids 0
UDF1 won the auction and was revealed [Kh]
Unrest won the auction and was revealed [5s]
Flop [7s 6h Tc], UDF1 (5000), Unrest (5000)
Unrest checks
UDF1 checks
Turn [7s 6h Tc 5d], UDF1 (5000), Unrest (5000)
Unrest checks
UDF1 checks
River [7s 6h Tc 5d 9d], UDF1 (5000), Unrest (5000)
Unrest checks
UDF1 checks
UDF1 shows [5c 5s]
Unrest shows [6s Kh]
UDF1 awarded 5000
Unrest awarded -5000

Round #404, Unrest (101354), UDF1 (-101354)
Unrest posts blind: 10
UDF1 posts blind: 20
Unrest received [Qc Ks]
UDF1 received [8c Ac]
Unrest raises to 40
UDF1 raises to 5000
Unrest calls
Flop [7h 8h 8d], Unrest (5000), UDF1 (5000)
UDF1 bids 0
Unrest bids 0
Unrest won the auction and was revealed [8c]
UDF1 won the auction and was revealed [Ks]
Flop [7h 8h 8d], Unrest (5000), UDF1 (5000)
UDF1 checks
Unrest checks
Turn [7h 8h 8d Ad], Unrest (5000), UDF1 (5000)
UDF1 checks
Unrest checks
River [7h 8h 8d Ad Ah], Unrest (5000), UDF1 (5000)
UDF1 checks
Unrest checks
Unrest shows [Qc Ks]
UDF1 shows [8c Ac]
Unrest awarded -5000
UDF1 awarded 5000

Round #405, UDF1 (-96354), Unrest (96354)
UDF1 posts blind: 10
Unrest posts blind: 20
UDF1 received [2h 4s]
Unrest received [Ts 7s]
UDF1 folds
UDF1 awarded -10
Unrest awarded 10

Round #406, Unrest (96364), UDF1 (-96364)
Unrest posts blind: 10
UDF1 posts blind: 20
Unrest received [3s 2d]
UDF1 received [5d 8d]
Unrest folds
Unrest awarded -10
UDF1 awarded 10

Round #407, UDF1 (-96354), Unrest (96354)
UDF1 posts blind: 10
Unrest posts blind: 20
UDF1 received [2c 8c]
Unrest received [8h Tc]
UDF1 raises to 5000
Unrest calls
Flop [6d 8s 4d], UDF1 (5000), Unrest (5000)
Unrest bids 0
UDF1 bids 0
UDF1 won the auction and was revealed [Tc]
Unrest won the auction and was revealed [2c]
Flop [6d 8s 4d], UDF1 (5000), Unrest (5000)
Unrest checks
UDF1 checks
Turn [6d 8s 4d 3d], UDF1 (5000), Unrest (5000)
Unrest checks
UDF1 checks
River [6d 8s 4d 3d Ac], UDF1 (5000), Unrest (5000)
Unrest checks
UDF1 checks
UDF1 shows [2c 8c]
Unrest shows [8h Tc]
UDF1 awarded -5000
Unrest awarded 5000

Round #408, Unrest (101354), UDF1 (-101354)
Unrest posts blind: 10
UDF1 posts blind: 20
Unrest received [9d 2s]
UDF1 received [5d 6d]
Unrest folds
Unrest awarded -10
UDF1 awarded 10

Round #409, UDF1 (-101344), Unrest (101344)
UDF1 posts blind: 10
Unrest posts blind: 20
UDF1 received [As 6c]
Unrest received [9d 2d]
UDF1 raises to 5000
Unrest calls
Flop [5h Jh 8c], UDF1 (5000), Unrest (5000)
Unrest bids 0
UDF1 bids 0
UDF1 won the auction and was revealed [2d]
Unrest won the auction and was revealed [6c]
Flop [5h Jh 8c], UDF1 (5000), Unrest (5000)
Unrest checks
UDF1 checks
Turn [5h Jh 8c 2s], UDF1 (5000), Unrest (5000)
Unrest checks
UDF1 checks
River [5h Jh 8c 2s Td], UDF1 (5000), Unrest (5000)
Unrest checks
UDF1 checks
UDF1 shows [As 6c]
Unrest shows [9d 2d]
UDF1 awarded -5000
Unrest awarded 5000

Round #410, Unrest (106344), UDF1 (-106344)
Unrest posts blind: 10
UDF1 posts blind: 20
Unrest received [9s Th]
UDF1 received [2s Ad]
Unrest calls
UDF1 checks
Flop [2d 6d Jh], Unrest (20), UDF1 (20)
UDF1 bids 36
Unrest bids 249
Unrest won the auction and was revealed [2s]
Flop [2d 6d Jh], Unrest (56), UDF1 (20)
UDF1 bets 4944
Unrest folds
Unrest awarded -56
UDF1 awarded 56

Round #411, UDF1 (-106288), Unrest (106288)
UDF1 posts blind: 10
Unrest posts blind: 20
UDF1 received [3h 6h]
Unrest received [5s 4d]
UDF1 folds
UDF1 awarded -10
Unrest awarded 10

Round #412, Unrest (106298), UDF1 (-106298)
Unrest posts blind: 10
UDF1 posts blind: 20
Unrest received [Qh 7h]
UDF1 received [4s Kh]
Unrest raises to 40
UDF1 raises to 5000
Unrest calls
Flop [Ts Th Kd], Unrest (5000), UDF1 (5000)
UDF1 bids 0
Unrest bids 0
Unrest won the auction and was revealed [Kh]
UDF1 won the auction and was revealed [Qh]
Flop [Ts Th Kd], Unrest (5000), UDF1 (5000)
UDF1 checks
Unrest checks
Turn [Ts Th Kd 8c], Unrest (5000), UDF1 (5000)
UDF1 checks
Unrest checks
River [Ts Th Kd 8c As], Unrest (5000), UDF1 (5000)
UDF1 checks
Unrest checks
Unrest shows [Qh 7h]
UDF1 shows [4s Kh]
Unrest awarded -5000
UDF1 awarded 5000

Round #413, UDF1 (-101298), Unrest (101298)
UDF1 posts blind: 10
Unrest posts blind: 20
UDF1 received [Qc 5h]
Unrest received [3c Js]
UDF1 raises to 5000
Unrest calls
Flop [4c 8h 2s], UDF1 (5000), Unrest (5000)
Unrest bids 0
UDF1 bids 0
UDF1 won the auction and was revealed [Js]
Unrest won the auction and was revealed [5h]
Flop [4c 8h 2s], UDF1 (5000), Unrest (5000)
Unrest checks
UDF1 checks
Turn [4c 8h 2s 9d], UDF1 (5000), Unrest (5000)
Unrest checks
UDF1 checks
River [4c 8h 2s 9d As], UDF1 (5000), Unrest (5000)
Unrest checks
UDF1 checks
UDF1 shows [Qc 5h]
Unrest shows [3c Js]
UDF1 awarded 5000
Unrest awarded -5000

Round #414, Unrest (96298), UDF1 (-96298)
Unrest posts blind: 10
UDF1 posts blind: 20
Unrest received [Ac Qs]
UDF1 received [Td 6d]
Unrest raises to 40
UDF1 raises to 5000
Unrest calls
Flop [9d 9s 6c], Unrest (5000), UDF1 (5000)
UDF1 bids 0
Unrest bids 0
Unrest won the auction and was revealed [6d]
UDF1 won the auction and was revealed [Ac]
Flop [9d 9s 6c], Unrest (5000), UDF1 (5000)
UDF1 checks
Unrest checks
Turn [9d 9s 6c 8c], Unrest (5000), UDF1 (5000)
UDF1 checks
Unrest checks
River [9d 9s 6c 8c 9c], Unrest (5000), UDF1 (5000)
UDF1 checks
Unrest checks
Unrest shows [Ac Qs]
UDF1 shows [Td 6d]
Unrest awarded -5000
UDF1 awarded 5000

Round #415, UDF1 (-91298), Unrest (91298)
UDF1 posts blind: 10
Unrest posts blind: 20
UDF1 received [Th 5h]
Unrest received [Kh 4s]
UDF1 calls
Unrest raises to 40
UDF1 raises to 100
Unrest calls
Flop [Ts 7d 8s], UDF1 (100), Unrest (100)
Unrest bids 245
UDF1 bids 86
Unrest won the auction and was revealed [Th]
Flop [Ts 7d 8s], UDF1 (100), Unrest (186)
Unrest checks
UDF1 bets 4814
Unrest folds
UDF1 awarded 186
Unrest awarded -186

Round #416, Unrest (91112), UDF1 (-91112)
Unrest posts blind: 10
UDF1 posts blind: 20
Unrest received [5s Jc]
UDF1 received [Kc 7c]
Unrest calls
UDF1 raises to 46
Unrest calls
Flop [6s Ts 3d], Unrest (46), UDF1 (46)
UDF1 bids 51
Unrest bids 247
Unrest won the auction and was revealed [Kc]
Flop [6s Ts 3d], Unrest (97), UDF1 (46)
UDF1 checks
Unrest checks
Turn [6s Ts 3d 7s], Unrest (97), UDF1 (46)
UDF1 bets 4903
Unrest folds
Unrest awarded -97
UDF1 awarded 97

Round #417, UDF1 (-91015), Unrest (91015)
UDF1 posts blind: 10
Unrest posts blind: 20
UDF1 received [3h As]
Unrest received [2c 5h]
UDF1 raises to 5000
Unrest folds
UDF1 awarded 20
Unrest awarded -20

Round #418, Unrest (90995), UDF1 (-90995)
Unrest posts blind: 10
UDF1 posts blind: 20
Unrest received [4c 9d]
UDF1 received [2s 3h]
Unrest folds
Unrest awarded -10
UDF1 awarded 10

Round #419, UDF1 (-90985), Unrest (90985)
UDF1 posts blind: 10
Unrest posts blind: 20
UDF1 received [9d Ah]
Unrest received [Qh 4d]
UDF1 raises to 5000
Unrest calls
Flop [6h 3d Tc], UDF1 (5000), Unrest (5000)
Unrest bids 0
UDF1 bids 0
UDF1 won the auction and was revealed [4d]
Unrest won the auction and was revealed [9d]
Flop [6h 3d Tc], UDF1 (5000), Unrest (5000)
Unrest checks
UDF1 checks
Turn [6h 3d Tc 8h], UDF1 (5000), Unrest (5000)
Unrest checks
UDF1 checks
River [6h 3d Tc 8h 5d], UDF1 (5000), Unrest (5000)
Unrest checks
UDF1 checks
UDF1 shows [9d Ah]
Unrest shows [Qh 4d]
UDF1 awarded 5000
Unrest awarded -5000

Round #420, Unrest (85985), UDF1 (-85985)
Unrest posts blind: 10
UDF1 posts blind: 20
Unrest received [7d Td]
UDF1 received [6h 4s]
Unrest calls
UDF1 raises to 46
Unrest calls
Flop [2h Qs 2s], Unrest (46), UDF1 (46)
UDF1 bids 17
Unrest bids 247
Unrest won the auction and was revealed [6h]
Flop [2h Qs 2s], Unrest (63), UDF1 (46)
UDF1 bets 71
Unrest calls
Turn [2h Qs 2s 2c], Unrest (134), UDF1 (117)
UDF1 bets 165
Unrest calls
River [2h Qs 2s 2c 8s], Unrest (299), UDF1 (282)
UDF1 checks
Unrest checks
Unrest shows [7d Td]
UDF1 shows [6h 4s]
Unrest awarded 282
UDF1 awarded -282

Round #421, UDF1 (-86267), Unrest (86267)
UDF1 posts blind: 10
Unrest posts blind: 20
UDF1 received [6d 6h]
Unrest received [Ad Td]
UDF1 raises to 5000
Unrest calls
Flop [3s Qh Tc], UDF1 (5000), Unrest (5000)
Unrest bids 0
UDF1 bids 0
UDF1 won the auction and was revealed [Ad]
Unrest won the auction and was revealed [6d]
Flop [3s Qh Tc], UDF1 (5000), Unrest (5000)
Unrest checks
UDF1 checks
Turn [3s Qh Tc 4s], UDF1 (5000), Unrest (5000)
Unrest checks
UDF1 checks
River [3s Qh Tc 4s Jh], UDF1 (5000), Unrest (5000)
Unrest checks
UDF1 checks
UDF1 shows [6d 6h]
Unrest shows [Ad Td]
UDF1 awarded -5000
Unrest awarded 5000

Round #422, Unrest (91267), UDF1 (-91267)
Unrest posts blind: 10
UDF1 posts blind: 20
Unrest received [5h 2h]
UDF1 received [Jd 9c]
Unrest folds
Unrest awarded -10
UDF1 awarded 10

Round #423, UDF1 (-91257), Unrest (91257)
UDF1 posts blind: 10
Unrest posts blind: 20
UDF1 received [Th 4s]
Unrest received [8c 7c]
UDF1 raises to 50
Unrest calls
Flop [Qs 4h Jd], UDF1 (50), Unrest (50)
Unrest bids 247
UDF1 bids 53
Unrest won the auction and was revealed [Th]
Flop [Qs 4h Jd], UDF1 (50), Unrest (103)
Unrest checks
UDF1 bets 4897
Unrest folds
UDF1 awarded 103
Unrest awarded -103

Round #424, Unrest (91154), UDF1 (-91154)
Unrest posts blind: 10
UDF1 posts blind: 20
Unrest received [Ac Jh]
UDF1 received [9d 9h]
Unrest raises to 40
UDF1 raises to 3944
Unrest raises to 5000
UDF1 calls
Flop [5c 3d Th], Unrest (5000), UDF1 (5000)
UDF1 bids 0
Unrest bids 0
Unrest won the auction and was revealed [9d]
UDF1 won the auction and was revealed [Jh]
Flop [5c 3d Th], Unrest (5000), UDF1 (5000)
UDF1 checks
Unrest checks
Turn [5c 3d Th Jc], Unrest (5000), UDF1 (5000)
UDF1 checks
Unrest checks
River [5c 3d Th Jc 2h], Unrest (5000), UDF1 (5000)
UDF1 checks
Unrest checks
Unrest shows [Ac Jh]
UDF1 shows [9d 9h]
Unrest awarded 5000
UDF1 awarded -5000

Round #425, UDF1 (-96154), Unrest (96154)
UDF1 posts blind: 10
Unrest posts blind: 20
UDF1 received [2d 5h]
Unrest received [4d 3s]
UDF1 raises to 5000
Unrest folds
UDF1 awarded 20
Unrest awarded -20

Round #426, Unrest (96134), UDF1 (-96134)
Unrest posts blind: 10
UDF1 posts blind: 20
Unrest received [Td 3s]
UDF1 received [4d 7h]
Unrest calls
UDF1 checks
Flop [Jd 6c Kc], Unrest (20), UDF1 (20)
UDF1 bids 19
Unrest bids 249
Unrest won the auction and was revealed [4d]
Flop [Jd 6c Kc], Unrest (39), UDF1 (20)
UDF1 bets 38
Unrest calls
Turn [Jd 6c Kc 5c], Unrest (77), UDF1 (58)
UDF1 bets 89
Unrest calls
River [Jd 6c Kc 5c 5d], Unrest (166), UDF1 (147)
UDF1 bets 206
Unrest calls
Unrest shows [Td 3s]
UDF1 shows [4d 7h]
Unrest awarded 353
UDF1 awarded -353

Round #427, UDF1 (-96487), Unrest (96487)
UDF1 posts blind: 10
Unrest posts blind: 20
UDF1 received [Ah Jd]
Unrest received [Qc 2s]
UDF1 raises to 5000
Unrest calls
Flop [Js 2c 7h], UDF1 (5000), Unrest (5000)
Unrest bids 0
UDF1 bids 0
UDF1 won the auction and was revealed [Qc]
Unrest won the auction and was revealed [Jd]
Flop [Js 2c 7h], UDF1 (5000), Unrest (5000)
Unrest checks
UDF1 checks
Turn [Js 2c 7h 8d], UDF1 (5000), Unrest (5000)
Unrest checks
UDF1 checks
River [Js 2c 7h 8d 6s], UDF1 (5000), Unrest (5000)
Unrest checks
UDF1 checks
UDF1 shows [Ah Jd]
Unrest shows [Qc 2s]
UDF1 awarded 5000
Unrest awarded -5000

Round #428, Unrest (91487), UDF1 (-91487)
Unrest posts blind: 10
UDF1 posts blind: 20
Unrest received [Js Kd]
UDF1 received [2s 3h]
Unrest raises to 40
UDF1 calls
Flop [Qc 7h 6d], Unrest (40), UDF1 (40)
UDF1 bids 17
Unrest bids 248
Unrest won the auction and was revealed [2s]
Flop [Qc 7h 6d], Unrest (57), UDF1 (40)
UDF1 checks
Unrest checks
Turn [Qc 7h 6d 4d], Unrest (57), UDF1 (40)
UDF1 checks
Unrest checks
River [Qc 7h 6d 4d 4h], Unrest (57), UDF1 (40)
UDF1 checks
Unrest checks
Unrest shows [Js Kd]
UDF1 shows [2s 3h]
Unrest awarded 40
UDF1 awarded -40

Round #429, UDF1 (-91527), Unrest (91527)
UDF1 posts blind: 10
Unrest posts blind: 20
UDF1 received [Ac 9h]
Unrest received [Tc 7d]
UDF1 raises to 5000
Unrest calls
Flop [8c 7h 2s], UDF1 (5000), Unrest (5000)
Unrest bids 0
UDF1 bids 0
UDF1 won the auction and was revealed [7d]
Unrest won the auction and was revealed [9h]
Flop [8c 7h 2s], UDF1 (5000), Unrest (5000)
Unrest checks
UDF1 checks
Turn [8c 7h 2s 2d], UDF1 (5000), Unrest (5000)
Unrest checks
UDF1 checks
River [8c 7h 2s 2d 9s], UDF1 (5000), Unrest (5000)
Unrest checks
UDF1 checks
UDF1 shows [Ac 9h]
Unrest shows [Tc 7d]
UDF1 awarded 5000
Unrest awarded -5000

Round #430, Unrest (86527), UDF1 (-86527)
Unrest posts blind: 10
UDF1 posts blind: 20
Unrest received [Qs 9d]
UDF1 received [8c Ad]
Unrest calls
UDF1 raises to 5000
Unrest calls
Flop [3h 9h 7d], Unrest (5000), UDF1 (5000)
UDF1 bids 0
Unrest bids 0
Unrest won the auction and was revealed [8c]
UDF1 won the auction and was revealed [9d]
Flop [3h 9h 7d], Unrest (5000), UDF1 (5000)
UDF1 checks
Unrest checks
Turn [3h 9h 7d 2c], Unrest (5000), UDF1 (5000)
UDF1 checks
Unrest checks
River [3h 9h 7d 2c 4h], Unrest (5000), UDF1 (5000)
UDF1 checks
Unrest checks
Unrest shows [Qs 9d]
UDF1 shows [8c Ad]
Unrest awarded 5000
UDF1 awarded -5000

Round #431, UDF1 (-91527), Unrest (91527)
UDF1 posts blind: 10
Unrest posts blind: 20
UDF1 received [4c 3h]
Unrest received [4s Jc]
UDF1 raises to 50
Unrest calls
Flop [2s 4d 9d], UDF1 (50), Unrest (50)
Unrest bids 1237
UDF1 bids 53
Unrest won the auction and was revealed [4c]
Flop [2s 4d 9d], UDF1 (50), Unrest (103)
Unrest checks
UDF1 bets 4897
Unrest calls
Turn [2s 4d 9d Kh], UDF1 (4947), Unrest (5000)
Unrest checks
UDF1 checks
River [2s 4d 9d Kh 5d], UDF1 (4947), Unrest (5000)
Unrest checks
UDF1 checks
UDF1 shows [4c 3h]
Unrest shows [4s Jc]
UDF1 awarded -4947
Unrest awarded 4947

Round #432, Unrest (96474), UDF1 (-96474)
Unrest posts blind: 10
UDF1 posts blind: 20
Unrest received [Kc 2c]
UDF1 received [4s 7d]
Unrest raises to 40
UDF1 raises to 100
Unrest raises to 160
UDF1 calls
Flop [Jd 3s 7h], Unrest (160), UDF1 (160)
UDF1 bids 119
Unrest bids 242
Unrest won the auction and was revealed [4s]
Flop [Jd 3s 7h], Unrest (279), UDF1 (160)
UDF1 bets 4721
Unrest folds
Unrest awarded -279
UDF1 awarded 279

Round #433, UDF1 (-96195), Unrest (96195)
UDF1 posts blind: 10
Unrest posts blind: 20
UDF1 received [7h 9d]
Unrest received [3c 3h]
UDF1 raises to 5000
Unrest calls
Flop [9c 5c 4h], UDF1 (5000), Unrest (5000)
Unrest bids 0
UDF1 bids 0
UDF1 won the auction and was revealed [3c]
Unrest won the auction and was revealed [7h]
Flop [9c 5c 4h], UDF1 (5000), Unrest (5000)
Unrest checks
UDF1 checks
Turn [9c 5c 4h 4s], UDF1 (5000), Unrest (5000)
Unrest checks
UDF1 checks
River [9c 5c 4h 4s Tc], UDF1 (5000), Unrest (5000)
Unrest checks
UDF1 checks
UDF1 shows [7h 9d]
Unrest shows [3c 3h]
UDF1 awarded 5000
Unrest awarded -5000

Round #434, Unrest (91195), UDF1 (-91195)
Unrest posts blind: 10
UDF1 posts blind: 20
Unrest received [4h Ah]
UDF1 received [Kh Qh]
Unrest raises to 40
UDF1 raises to 5000
Unrest calls
Flop [6s Jd Jc], Unrest (5000), UDF1 (5000)
UDF1 bids 0
Unrest bids 0
Unrest won the auction and was revealed [Kh]
UDF1 won the auction and was revealed [4h]
Flop [6s Jd Jc], Unrest (5000), UDF1 (5000)
UDF1 checks
Unrest checks
Turn [6s Jd Jc 9c], Unrest (5000), UDF1 (5000)
UDF1 checks
Unrest checks
River [6s Jd Jc 9c Qs], Unrest (5000), UDF1 (5000)
UDF1 checks
Unrest checks
Unrest shows [4h Ah]
UDF1 shows [Kh Qh]
Unrest awarded -5000
UDF1 awarded 5000

Round #435, UDF1 (-86195), Unrest (86195)
UDF1 posts blind: 10
Unrest posts blind: 20
UDF1 received [Ah Tc]
Unrest received [2c 9c]
UDF1 raises to 5000
Unrest calls
Flop [Jc 2h 7d], UDF1 (5000), Unrest (5000)
Unrest bids 0
UDF1 bids 0
UDF1 won the auction and was revealed [9c]
Unrest won the auction and was revealed [Ah]
Flop [Jc 2h 7d], UDF1 (5000), Unrest (5000)
Unrest checks
UDF1 checks
Turn [Jc 2h 7d 2s], UDF1 (5000), Unrest (5000)
Unrest checks
UDF1 checks
River [Jc 2h 7d 2s Kc], UDF1 (5000), Unrest (5000)
Unrest checks
UDF1 checks
UDF1 shows [Ah Tc]
Unrest shows [2c 9c]
UDF1 awarded -5000
Unrest awarded 5000

Round #436, Unrest (91195), UDF1 (-91195)
Unrest posts blind: 10
UDF1 posts blind: 20
Unrest received [Th 3s]
UDF1 received [7d 4h]
Unrest calls
UDF1 raises to 46
Unrest calls
Flop [8s 6c 3c], Unrest (46), UDF1 (46)
UDF1 bids 47
Unrest bids 1238
Unrest won the auction and was revealed [4h]
Flop [8s 6c 3c], Unrest (93), UDF1 (46)
UDF1 bets 91
Unrest calls
Turn [8s 6c 3c Ah], Unrest (184), UDF1 (137)
UDF1 bets 211
Unrest calls
River [8s 6c 3c Ah 3d], Unrest (395), UDF1 (348)
UDF1 checks
Unrest bets 20
UDF1 calls
Unrest shows [Th 3s]
UDF1 shows [7d 4h]
Unrest awarded 368
UDF1 awarded -368

Round #437, UDF1 (-91563), Unrest (91563)
UDF1 posts blind: 10
Unrest posts blind: 20
UDF1 received [3h 7s]
Unrest received [2c 4c]
UDF1 raises to 50
Unrest folds
UDF1 awarded 20
Unrest awarded -20

Round #438, Unrest (91543), UDF1 (-91543)
Unrest posts blind: 10
UDF1 posts blind: 20
Unrest received [Kh Kd]
UDF1 received [4s 8h]
Unrest raises to 40
UDF1 calls
Flop [Ac Qd 5c], Unrest (40), UDF1 (40)
UDF1 bids 20
Unrest bids 744
Unrest won the auction and was revealed [4s]
Flop [Ac Qd 5c], Unrest (60), UDF1 (40)
UDF1 checks
Unrest bets 20
UDF1 calls
Turn [Ac Qd 5c Tc], Unrest (80), UDF1 (60)
UDF1 checks
Unrest checks
River [Ac Qd 5c Tc 7h], Unrest (80), UDF1 (60)
UDF1 checks
Unrest checks
Unrest shows [Kh Kd]
UDF1 shows [4s 8h]
Unrest awarded 60
UDF1 awarded -60

Round #439, UDF1 (-91603), Unrest (91603)
UDF1 posts blind: 10
Unrest posts blind: 20
UDF1 received [Kh 5c]
Unrest received [9s 7c]
UDF1 raises to 5000
Unrest calls
Flop [Js 9c 5d], UDF1 (5000), Unrest (5000)
Unrest bids 0
UDF1 bids 0
UDF1 won the auction and was revealed [7c]
Unrest won the auction and was revealed [5c]
Flop [Js 9c 5d], UDF1 (5000), Unrest (5000)
Unrest checks
UDF1 checks
Turn [Js 9c 5d Qs], UDF1 (5000), Unrest (5000)
Unrest checks
UDF1 checks
River [Js 9c 5d Qs 9d], UDF1 (5000), Unrest (5000)
Unrest checks
UDF1 checks
UDF1 shows [Kh 5c]
Unrest shows [9s 7c]
UDF1 awarded -5000
Unrest awarded 5000

Round #440, Unrest (96603), UDF1 (-96603)
Unrest posts blind: 10
UDF1 posts blind: 20
Unrest received [2d 2c]
UDF1 received [Ks 6h]
Unrest raises to 40
UDF1 raises to 100
Unrest raises to 160
UDF1 raises to 5000
Unrest calls
Flop [As 8d 5s], Unrest (5000), UDF1 (5000)
UDF1 bids 0
Unrest bids 0
Unrest won the auction and was revealed [Ks]
UDF1 won the auction and was revealed [2c]
Flop [As 8d 5s], Unrest (5000), UDF1 (5000)
UDF1 checks
Unrest checks
Turn [As 8d 5s 4c], Unrest (5000), UDF1 (5000)
UDF1 checks
Unrest checks
River [As 8d 5s 4c Js], Unrest (5000), UDF1 (5000)
UDF1 checks
Unrest checks
Unrest shows [2d 2c]
UDF1 shows [Ks 6h]
Unrest awarded 5000
UDF1 awarded -5000

Round #441, UDF1 (-101603), Unrest (101603)
UDF1 posts blind: 10
Unrest posts blind: 20
UDF1 received [2d Ah]
Unrest received [4s 2h]
UDF1 raises to 5000
Unrest folds
UDF1 awarded 20
Unrest awarded -20

Round #442, Unrest (101583), UDF1 (-101583)
Unrest posts blind: 10
UDF1 posts blind: 20
Unrest received [9h Jc]
UDF1 received [4c 2d]
Unrest calls
UDF1 raises to 46
Unrest calls
Flop [6h 3h Ac], Unrest (46), UDF1 (46)
UDF1 bids 17
Unrest bids 247
Unrest won the auction and was revealed [2d]
Flop [6h 3h Ac], Unrest (63), UDF1 (46)
UDF1 bets 71
Unrest calls
Turn [6h 3h Ac 5c], Unrest (134), UDF1 (117)
UDF1 bets 3323
Unrest folds
Unrest awarded -134
UDF1 awarded 134

Round #443, UDF1 (-101449), Unrest (101449)
UDF1 posts blind: 10
Unrest posts blind: 20
UDF1 received [5c 7c]
Unrest received [Ad 9h]
UDF1 raises to 5000
Unrest calls
Flop [8c Qs Qh], UDF1 (5000), Unrest (5000)
Unrest bids 0
UDF1 bids 0
UDF1 won the auction and was revealed [Ad]
Unrest won the auction and was revealed [5c]
Flop [8c Qs Qh], UDF1 (5000), Unrest (5000)
Unrest checks
UDF1 checks
Turn [8c Qs Qh Qc], UDF1 (5000), Unrest (5000)
Unrest checks
UDF1 checks
River [8c Qs Qh Qc 4h], UDF1 (5000), Unrest (5000)
Unrest checks
UDF1 checks
UDF1 shows [5c 7c]
Unrest shows [Ad 9h]
UDF1 awarded -5000
Unrest awarded 5000

Round #444, Unrest (106449), UDF1 (-106449)
Unrest posts blind: 10
UDF1 posts blind: 20
Unrest received [Jd 5d]
UDF1 received [2d Ah]
Unrest calls
UDF1 raises to 5000
Unrest calls
Flop [5h 9s Ac], Unrest (5000), UDF1 (5000)
UDF1 bids 0
Unrest bids 0
Unrest won the auction and was revealed [Ah]
UDF1 won the auction and was revealed [Jd]
Flop [5h 9s Ac], Unrest (5000), UDF1 (5000)
UDF1 checks
Unrest checks
Turn [5h 9s Ac Kc], Unrest (5000), UDF1 (5000)
UDF1 checks
Unrest checks
River [5h 9s Ac Kc 6s], Unrest (5000), UDF1 (5000)
UDF1 checks
Unrest checks
Unrest shows [Jd 5d]
UDF1 shows [2d Ah]
Unrest awarded -5000
UDF1 awarded 5000

Round #445, UDF1 (-101449), Unrest (101449)
UDF1 posts blind: 10
Unrest posts blind: 20
UDF1 received [3d 9d]
Unrest received [4s Qd]
UDF1 raises to 5000
Unrest calls
Flop [Kd 5h Jc], UDF1 (5000), Unrest (5000)
Unrest bids 0
UDF1 bids 0
UDF1 won the auction and was revealed [4s]
Unrest won the auction and was revealed [3d]
Flop [Kd 5h Jc], UDF1 (5000), Unrest (5000)
Unrest checks
UDF1 checks
Turn [Kd 5h Jc 9c], UDF1 (5000), Unrest (5000)
Unrest checks
UDF1 checks
River [Kd 5h Jc 9c Tc], UDF1 (5000), Unrest (5000)
Unrest checks
UDF1 checks
UDF1 shows [3d 9d]
Unrest shows [4s Qd]
UDF1 awarded -5000
Unrest awarded 5000

Round #446, Unrest (106449), UDF1 (-106449)
Unrest posts blind: 10
UDF1 posts blind: 20
Unrest received [8s Kd]
UDF1 received [Ad Qc]
Unrest calls
UDF1 raises to 5000
Unrest calls
Flop [8h Qd 6c], Unrest (5000), UDF1 (5000)
UDF1 bids 0
Unrest bids 0
Unrest won the auction and was revealed [Ad]
UDF1 won the auction and was revealed [Kd]
Flop [8h Qd 6c], Unrest (5000), UDF1 (5000)
UDF1 checks
Unrest checks
Turn [8h Qd 6c Js], Unrest (5000), UDF1 (5000)
UDF1 checks
Unrest checks
River [8h Qd 6c Js 7d], Unrest (5000), UDF1 (5000)
UDF1 checks
Unrest checks
Unrest shows [8s Kd]
UDF1 shows [Ad Qc]
Unrest awarded -5000
UDF1 awarded 5000

Round #447, UDF1 (-101449), Unrest (101449)
UDF1 posts blind: 10
Unrest posts blind: 20
UDF1 received [2s Jd]
Unrest received [3s 5h]
UDF1 raises to 50
Unrest folds
UDF1 awarded 20
Unrest awarded -20

Round #448, Unrest (101429), UDF1 (-101429)
Unrest posts blind: 10
UDF1 posts blind: 20
Unrest received [6d Qc]
UDF1 received [Qh 7s]
Unrest calls
UDF1 raises to 46
Unrest calls
Flop [Ad Qd 7d], Unrest (46), UDF1 (46)
UDF1 bids 49
Unrest bids 743
Unrest won the auction and was revealed [Qh]
Flop [Ad Qd 7d], Unrest (95), UDF1 (46)
UDF1 checks
Unrest bets 20
UDF1 raises to 4905
Unrest calls
Turn [Ad Qd 7d Ah], Unrest (5000), UDF1 (4951)
UDF1 checks
Unrest checks
River [Ad Qd 7d Ah 5s], Unrest (5000), UDF1 (4951)
UDF1 checks
Unrest checks
Unrest shows [6d Qc]
UDF1 shows [Qh 7s]
Unrest awarded -25
UDF1 awarded 25

Round #449, UDF1 (-101404), Unrest (101404)
UDF1 posts blind: 10
Unrest posts blind: 20
UDF1 received [3s 5h]
Unrest received [Kc Ac]
UDF1 raises to 50
Unrest calls
Flop [2h 3h 8h], UDF1 (50), Unrest (50)
Unrest bids 247
UDF1 bids 58
Unrest won the auction and was revealed [3s]
Flop [2h 3h 8h], UDF1 (50), Unrest (108)
Unrest checks
UDF1 bets 4892
Unrest folds
UDF1 awarded 108
Unrest awarded -108

Round #450, Unrest (101296), UDF1 (-101296)
Unrest posts blind: 10
UDF1 posts blind: 20
Unrest received [7d Js]
UDF1 received [Tc Qc]
Unrest calls
UDF1 raises to 46
Unrest calls
Flop [9c Th 2h], Unrest (46), UDF1 (46)
UDF1 bids 20
Unrest bids 247
Unrest won the auction and was revealed [Qc]
Flop [9c Th 2h], Unrest (66), UDF1 (46)
UDF1 bets 4934
Unrest folds
Unrest awarded -66
UDF1 awarded 66

Round #451, UDF1 (-101230), Unrest (101230)
UDF1 posts blind: 10
Unrest posts blind: 20
UDF1 received [5h 3s]
Unrest received [Kc 8c]
UDF1 raises to 50
Unrest calls
Flop [4s Jh Qs], UDF1 (50), Unrest (50)
Unrest bids 247
UDF1 bids 55
Unrest won the auction and was revealed [3s]
Flop [4s Jh Qs], UDF1 (50), Unrest (105)
Unrest checks
UDF1 checks
Turn [4s Jh Qs Th], UDF1 (50), Unrest (105)
Unrest checks
UDF1 checks
River [4s Jh Qs Th 9c], UDF1 (50), Unrest (105)
Unrest checks
UDF1 checks
UDF1 shows [5h 3s]
Unrest shows [Kc 8c]
UDF1 awarded -50
Unrest awarded 50

Round #452, Unrest (101280), UDF1 (-101280)
Unrest posts blind: 10
UDF1 posts blind: 20
Unrest received [6c 3c]
UDF1 received [7h 4s]
Unrest folds
Unrest awarded -10
UDF1 awarded 10

Round #453, UDF1 (-101270), Unrest (101270)
UDF1 posts blind: 10
Unrest posts blind: 20
UDF1 received [7c 6s]
Unrest received [2h 3c]
UDF1 raises to 5000
Unrest folds
UDF1 awarded 20
Unrest awarded -20

Round #454, Unrest (101250), UDF1 (-101250)
Unrest posts blind: 10
UDF1 posts blind: 20
Unrest received [Js Ah]
UDF1 received [7h Jd]
Unrest raises to 40
UDF1 raises to 100
Unrest raises to 160
UDF1 calls
Flop [Kh 7c 6c], Unrest (160), UDF1 (160)
UDF1 bids 36
Unrest bids 242
Unrest won the auction and was revealed [7h]
Flop [Kh 7c 6c], Unrest (196), UDF1 (160)
UDF1 bets 3610
Unrest folds
Unrest awarded -196
UDF1 awarded 196

Round #455, UDF1 (-101054), Unrest (101054)
UDF1 posts blind: 10
Unrest posts blind: 20
UDF1 received [Ad 3d]
Unrest received [8h 2c]
UDF1 raises to 50
Unrest folds
UDF1 awarded 20
Unrest awarded -20

Round #456, Unrest (101034), UDF1 (-101034)
Unrest posts blind: 10
UDF1 posts blind: 20
Unrest received [Qd 2d]
UDF1 received [4h 8d]
Unrest calls
UDF1 raises to 46
Unrest calls
Flop [9d Ad 8c], Unrest (46), UDF1 (46)
UDF1 bids 54
Unrest bids 247
Unrest won the auction and was revealed [8d]
Flop [9d Ad 8c], Unrest (100), UDF1 (46)
UDF1 bets 4900
Unrest folds
Unrest awarded -100
UDF1 awarded 100

Round #457, UDF1 (-100934), Unrest (100934)
UDF1 posts blind: 10
Unrest posts blind: 20
UDF1 received [6h Td]
Unrest received [Th 8s]
UDF1 raises to 5000
Unrest calls
Flop [Kc Js 5d], UDF1 (5000), Unrest (5000)
Unrest bids 0
UDF1 bids 0
UDF1 won the auction and was revealed [8s]
Unrest won the auction and was revealed [6h]
Flop [Kc Js 5d], UDF1 (5000), Unrest (5000)
Unrest checks
UDF1 checks
Turn [Kc Js 5d 8h], UDF1 (5000), Unrest (5000)
Unrest checks
UDF1 checks
River [Kc Js 5d 8h 5s], UDF1 (5000), Unrest (5000)
Unrest checks
UDF1 checks
UDF1 shows [6h Td]
Unrest shows [Th 8s]
UDF1 awarded -5000
Unrest awarded 5000

Round #458, Unrest (105934), UDF1 (-105934)
Unrest posts blind: 10
UDF1 posts blind: 20
Unrest received [7c Qh]
UDF1 received [Ad Jd]
Unrest calls
UDF1 raises to 5000
Unrest calls
Flop [3s 8d 2h], Unrest (5000), UDF1 (5000)
UDF1 bids 0
Unrest bids 0
Unrest won the auction and was revealed [Jd]
UDF1 won the auction and was revealed [Qh]
Flop [3s 8d 2h], Unrest (5000), UDF1 (5000)
UDF1 checks
Unrest checks
Turn [3s 8d 2h Td], Unrest (5000), UDF1 (5000)
UDF1 checks
Unrest checks
River [3s 8d 2h Td 2c], Unrest (5000), UDF1 (5000)
UDF1 checks
Unrest checks
Unrest shows [7c Qh]
UDF1 shows [Ad Jd]
Unrest awarded -5000
UDF1 awarded 5000

Round #459, UDF1 (-100934), Unrest (100934)
UDF1 posts blind: 10
Unrest posts blind: 20
UDF1 received [Js 7d]
Unrest received [4s Qd]
UDF1 raises to 5000
Unrest calls
Flop [8d Ac 8h], UDF1 (5000), Unrest (5000)
Unrest bids 0
UDF1 bids 0
UDF1 won the auction and was revealed [4s]
Unrest won the auction and was revealed [Js]
Flop [8d Ac 8h], UDF1 (5000), Unrest (5000)
Unrest checks
UDF1 checks
Turn [8d Ac 8h 6s], UDF1 (5000), Unrest (5000)
Unrest checks
UDF1 checks
River [8d Ac 8h 6s 2c], UDF1 (5000), Unrest (5000)
Unrest checks
UDF1 checks
UDF1 shows [Js 7d]
Unrest shows [4s Qd]
UDF1 awarded -5000
Unrest awarded 5000

Round #460, Unrest (105934), UDF1 (-105934)
Unrest posts blind: 10
UDF1 posts blind: 20
Unrest received [7s 9c]
UDF1 received [6s 3s]
Unrest calls
UDF1 raises to 5000
Unrest calls
Flop [2s Qd Ad], Unrest (5000), UDF1 (5000)
UDF1 bids 0
Unrest bids 0
Unrest won the auction and was revealed [6s]
UDF1 won the auction and was revealed [7s]
Flop [2s Qd Ad], Unrest (5000), UDF1 (5000)
UDF1 checks
Unrest checks
Turn [2s Qd Ad 6d], Unrest (5000), UDF1 (5000)
UDF1 checks
Unrest checks
River [2s Qd Ad 6d Ts], Unrest (5000), UDF1 (5000)
UDF1 checks
Unrest checks
Unrest shows [7s 9c]
UDF1 shows [6s 3s]
Unrest awarded -5000
UDF1 awarded 5000

Round #461, UDF1 (-100934), Unrest (100934)
UDF1 posts blind: 10
Unrest posts blind: 20
UDF1 received [Qs 5s]
Unrest received [9s 9c]
UDF1 calls
Unrest raises to 40
UDF1 raises to 5000
Unrest calls
Flop [Jh 5d 4s], UDF1 (5000), Unrest (5000)
Unrest bids 0
UDF1 bids 0
UDF1 won the auction and was revealed [9s]
Unrest won the auction and was revealed [5s]
Flop [Jh 5d 4s], UDF1 (5000), Unrest (5000)
Unrest checks
UDF1 checks
Turn [Jh 5d 4s 8s], UDF1 (5000), Unrest (5000)
Unrest checks
UDF1 checks
River [Jh 5d 4s 8s Kc], UDF1 (5000), Unrest (5000)
Unrest checks
UDF1 checks
UDF1 shows [Qs 5s]
Unrest shows [9s 9c]
UDF1 awarded -5000
Unrest awarded 5000

Round #462, Unrest (105934), UDF1 (-105934)
Unrest posts blind: 10
UDF1 posts blind: 20
Unrest received [9d 7c]
UDF1 received [3d As]
Unrest calls
UDF1 raises to 5000
Unrest calls
Flop [Ah Td 7d], Unrest (5000), UDF1 (5000)
UDF1 bids 0
Unrest bids 0
Unrest won the auction and was revealed [As]
UDF1 won the auction and was revealed [7c]
Flop [Ah Td 7d], Unrest (5000), UDF1 (5000)
UDF1 checks
Unrest checks
Turn [Ah Td 7d Ac], Unrest (5000), UDF1 (5000)
UDF1 checks
Unrest checks
River [Ah Td 7d Ac 7h], Unrest (5000), UDF1 (5000)
UDF1 checks
Unrest checks
Unrest shows [9d 7c]
UDF1 shows [3d As]
Unrest awarded -5000
UDF1 awarded 5000

Round #463, UDF1 (-100934), Unrest (100934)
UDF1 posts blind: 10
Unrest posts blind: 20
UDF1 received [8s 6d]
Unrest received [5c 4s]
UDF1 calls
Unrest checks
Flop [9d 9h 6h], UDF1 (20), Unrest (20)
Unrest bids 249
UDF1 bids 30
Unrest won the auction and was revealed [6d]
Flop [9d 9h 6h], UDF1 (20), Unrest (50)
Unrest checks
UDF1 bets 1536
Unrest folds
UDF1 awarded 50
Unrest awarded -50

Round #464, Unrest (100884), UDF1 (-100884)
Unrest posts blind: 10
UDF1 posts blind: 20
Unrest received [7h Kc]
UDF1 received [5d 9s]
Unrest calls
UDF1 raises to 5000
Unrest calls
Flop [4d 5h Qs], Unrest (5000), UDF1 (5000)
UDF1 bids 0
Unrest bids 0
Unrest won the auction and was revealed [5d]
UDF1 won the auction and was revealed [7h]
Flop [4d 5h Qs], Unrest (5000), UDF1 (5000)
UDF1 checks
Unrest checks
Turn [4d 5h Qs Ks], Unrest (5000), UDF1 (5000)
UDF1 checks
Unrest checks
River [4d 5h Qs Ks 8c], Unrest (5000), UDF1 (5000)
UDF1 checks
Unrest checks
Unrest shows [7h Kc]
UDF1 shows [5d 9s]
Unrest awarded 5000
UDF1 awarded -5000

Round #465, UDF1 (-105884), Unrest (105884)
UDF1 posts blind: 10
Unrest posts blind: 20
UDF1 received [6h Ks]
Unrest received [7c As]
UDF1 raises to 5000
Unrest calls
Flop [Ah Th 8s], UDF1 (5000), Unrest (5000)
Unrest bids 0
UDF1 bids 0
UDF1 won the auction and was revealed [As]
Unrest won the auction and was revealed [Ks]
Flop [Ah Th 8s], UDF1 (5000), Unrest (5000)
Unrest checks
UDF1 checks
Turn [Ah Th 8s 2c], UDF1 (5000), Unrest (5000)
Unrest checks
UDF1 checks
River [Ah Th 8s 2c Kh], UDF1 (5000), Unrest (5000)
Unrest checks
UDF1 checks
UDF1 shows [6h Ks]
Unrest shows [7c As]
UDF1 awarded -5000
Unrest awarded 5000

Round #466, Unrest (110884), UDF1 (-110884)
Unrest posts blind: 10
UDF1 posts blind: 20
Unrest received [7s 7h]
UDF1 received [8s 9h]
Unrest raises to 40
UDF1 raises to 5000
Unrest calls
Flop [Th 6s 9d], Unrest (5000), UDF1 (5000)
UDF1 bids 0
Unrest bids 0
Unrest won the auction and was revealed [9h]
UDF1 won the auction and was revealed [7s]
Flop [Th 6s 9d], Unrest (5000), UDF1 (5000)
UDF1 checks
Unrest checks
Turn [Th 6s 9d Kh], Unrest (5000), UDF1 (5000)
UDF1 checks
Unrest checks
River [Th 6s 9d Kh Ah], Unrest (5000), UDF1 (5000)
UDF1 checks
Unrest checks
Unrest shows [7s 7h]
UDF1 shows [8s 9h]
Unrest awarded -5000
UDF1 awarded 5000

Round #467, UDF1 (-105884), Unrest (105884)
UDF1 posts blind: 10
Unrest posts blind: 20
UDF1 received [8s Jd]
Unrest received [9c 3h]
UDF1 raises to 5000
Unrest calls
Flop [Ac Qc Ad], UDF1 (5000), Unrest (5000)
Unrest bids 0
UDF1 bids 0
UDF1 won the auction and was revealed [9c]
Unrest won the auction and was revealed [Jd]
Flop [Ac Qc Ad], UDF1 (5000), Unrest (5000)
Unrest checks
UDF1 checks
Turn [Ac Qc Ad 3s], UDF1 (5000), Unrest (5000)
Unrest checks
UDF1 checks
River [Ac Qc Ad 3s 2c], UDF1 (5000), Unrest (5000)
Unrest checks
UDF1 checks
UDF1 shows [8s Jd]
Unrest shows [9c 3h]
UDF1 awarded -5000
Unrest awarded 5000

Round #468, Unrest (110884), UDF1 (-110884)
Unrest posts blind: 10
UDF1 posts blind: 20
Unrest received [Qh 6d]
UDF1 received [Kc 7h]
Unrest calls
UDF1 raises to 46
Unrest calls
Flop [2h Th 3d], Unrest (46), UDF1 (46)
UDF1 bids 48
Unrest bids 247
Unrest won the auction and was revealed [Kc]
Flop [2h Th 3d], Unrest (94), UDF1 (46)
UDF1 bets 4906
Unrest folds
Unrest awarded -94
UDF1 awarded 94

Round #469, UDF1 (-110790), Unrest (110790)
UDF1 posts blind: 10
Unrest posts blind: 20
UDF1 received [9s 7d]
Unrest received [2c 8s]
UDF1 raises to 5000
Unrest folds
UDF1 awarded 20
Unrest awarded -20

Round #470, Unrest (110770), UDF1 (-110770)
Unrest posts blind: 10
UDF1 posts blind: 20
Unrest received [2d Td]
UDF1 received [9c 8c]
Unrest calls
UDF1 raises to 46
Unrest calls
Flop [Ts 6d 3d], Unrest (46), UDF1 (46)
UDF1 bids 48
Unrest bids 743
Unrest won the auction and was revealed [8c]
Flop [Ts 6d 3d], Unrest (94), UDF1 (46)
UDF1 bets 4906
Unrest calls
Turn [Ts 6d 3d Jc], Unrest (5000), UDF1 (4952)
UDF1 checks
Unrest checks
River [Ts 6d 3d Jc Ad], Unrest (5000), UDF1 (4952)
UDF1 checks
Unrest checks
Unrest shows [2d Td]
UDF1 shows [9c 8c]
Unrest awarded 4952
UDF1 awarded -4952

Round #471, UDF1 (-115722), Unrest (115722)
UDF1 posts blind: 10
Unrest posts blind: 20
UDF1 received [9c Tc]
Unrest received [5h Kh]
UDF1 raises to 5000
Unrest calls
Flop [6h Ac Jd], UDF1 (5000), Unrest (5000)
Unrest bids 0
UDF1 bids 0
UDF1 won the auction and was revealed [Kh]
Unrest won the auction and was revealed [Tc]
Flop [6h Ac Jd], UDF1 (5000), Unrest (5000)
Unrest checks
UDF1 checks
Turn [6h Ac Jd 7h], UDF1 (5000), Unrest (5000)
Unrest checks
UDF1 checks
River [6h Ac Jd 7h 9s], UDF1 (5000), Unrest (5000)
Unrest checks
UDF1 checks
UDF1 shows [9c Tc]
Unrest shows [5h Kh]
UDF1 awarded 5000
Unrest awarded -5000

Round #472, Unrest (110722), UDF1 (-110722)
Unrest posts blind: 10
UDF1 posts blind: 20
Unrest received [9h 8d]
UDF1 received [Qs Qd]
Unrest calls
UDF1 raises to 5000
Unrest calls
Flop [2h Kc Kh], Unrest (5000), UDF1 (5000)
UDF1 bids 0
Unrest bids 0
Unrest won the auction and was revealed [Qd]
UDF1 won the auction and was revealed [8d]
Flop [2h Kc Kh], Unrest (5000), UDF1 (5000)
UDF1 checks
Unrest checks
Turn [2h Kc Kh 2c], Unrest (5000), UDF1 (5000)
UDF1 checks
Unrest checks
River [2h Kc Kh 2c 7s], Unrest (5000), UDF1 (5000)
UDF1 checks
Unrest checks
Unrest shows [9h 8d]
UDF1 shows [Qs Qd]
Unrest awarded -5000
UDF1 awarded 5000

Round #473, UDF1 (-105722), Unrest (105722)
UDF1 posts blind: 10
Unrest posts blind: 20
UDF1 received [8c 2d]
Unrest received [Th 2s]
UDF1 raises to 5000
Unrest calls
Flop [8d 8h Jd], UDF1 (5000), Unrest (5000)
Unrest bids 0
UDF1 bids 0
UDF1 won the auction and was revealed [Th]
Unrest won the auction and was revealed [2d]
Flop [8d 8h Jd], UDF1 (5000), Unrest (5000)
Unrest checks
UDF1 checks
Turn [8d 8h Jd Ad], UDF1 (5000), Unrest (5000)
Unrest checks
UDF1 checks
River [8d 8h Jd Ad Kd], UDF1 (5000), Unrest (5000)
Unrest checks
UDF1 checks
UDF1 shows [8c 2d]
Unrest shows [Th 2s]
UDF1 awarded 5000
Unrest awarded -5000

Round #474, Unrest (100722), UDF1 (-100722)
Unrest posts blind: 10
UDF1 posts blind: 20
Unrest received [6d Qd]
UDF1 received [5s Qc]
Unrest raises to 40
UDF1 raises to 5000
Unrest calls
Flop [Ac 3s 4s], Unrest (5000), UDF1 (5000)
UDF1 bids 0
Unrest bids 0
Unrest won the auction and was revealed [Qc]
UDF1 won the auction and was revealed [6d]
Flop [Ac 3s 4s], Unrest (5000), UDF1 (5000)
UDF1 checks
Unrest checks
Turn [Ac 3s 4s Jc], Unrest (5000), UDF1 (5000)
UDF1 checks
Unrest checks
River [Ac 3s 4s Jc 5h], Unrest (5000), UDF1 (5000)
UDF1 checks
Unrest checks
Unrest shows [6d Qd]
UDF1 shows [5s Qc]
Unrest awarded -5000
UDF1 awarded 5000

Round #475, UDF1 (-95722), Unrest (95722)
UDF1 posts blind: 10
Unrest posts blind: 20
UDF1 received [4h Jd]
Unrest received [4c Jc]
UDF1 raises to 5000
Unrest calls
Flop [5s 8h 6h], UDF1 (5000), Unrest (5000)
Unrest bids 0
UDF1 bids 0
UDF1 won the auction and was revealed [4c]
Unrest won the auction and was revealed [4h]
Flop [5s 8h 6h], UDF1 (5000), Unrest (5000)
Unrest checks
UDF1 checks
Turn [5s 8h 6h Qc], UDF1 (5000), Unrest (5000)
Unrest checks
UDF1 checks
River [5s 8h 6h Qc 7d], UDF1 (5000), Unrest (5000)
Unrest checks
UDF1 checks
UDF1 shows [4h Jd]
Unrest shows [4c Jc]
UDF1 awarded 0
Unrest awarded 0

Round #476, Unrest (95722), UDF1 (-95722)
Unrest posts blind: 10
UDF1 posts blind: 20
Unrest received [4h 7s]
UDF1 received [Kc 8c]
Unrest folds
Unrest awarded -10
UDF1 awarded 10

Round #477, UDF1 (-95712), Unrest (95712)
UDF1 posts blind: 10
Unrest posts blind: 20
UDF1 received [4s 8d]
Unrest received [Qh 6c]
UDF1 raises to 50
Unrest calls
Flop [2s 6s 5c], UDF1 (50), Unrest (50)
Unrest bids 1237
UDF1 bids 56
Unrest won the auction and was revealed [8d]
Flop [2s 6s 5c], UDF1 (50), Unrest (106)
Unrest bets 20
UDF1 raises to 196
Unrest calls
Turn [2s 6s 5c Td], UDF1 (246), Unrest (302)
Unrest bets 20
UDF1 raises to 588
Unrest calls
River [2s 6s 5c Td 5h], UDF1 (834), Unrest (890)
Unrest checks
UDF1 checks
UDF1 shows [4s 8d]
Unrest shows [Qh 6c]
UDF1 awarded -834
Unrest awarded 834

Round #478, Unrest (96546), UDF1 (-96546)
Unrest posts blind: 10
UDF1 posts blind: 20
Unrest received [Ks Jc]
UDF1 received [9c Qc]
Unrest raises to 40
UDF1 calls
Flop [2c Ad 7h], Unrest (40), UDF1 (40)
UDF1 bids 50
Unrest bids 248
Unrest won the auction and was revealed [Qc]
Flop [2c Ad 7h], Unrest (90), UDF1 (40)
UDF1 bets 4910
Unrest folds
Unrest awarded -90
UDF1 awarded 90

Round #479, UDF1 (-96456), Unrest (96456)
UDF1 posts blind: 10
Unrest posts blind: 20
UDF1 received [7c 5s]
Unrest received [Kh Ad]
UDF1 raises to 5000
Unrest calls
Flop [5h Qh Qd], UDF1 (5000), Unrest (5000)
Unrest bids 0
UDF1 bids 0
UDF1 won the auction and was revealed [Kh]
Unrest won the auction and was revealed [7c]
Flop [5h Qh Qd], UDF1 (5000), Unrest (5000)
Unrest checks
UDF1 checks
Turn [5h Qh Qd 3s], UDF1 (5000), Unrest (5000)
Unrest checks
UDF1 checks
River [5h Qh Qd 3s 6h], UDF1 (5000), Unrest (5000)
Unrest checks
UDF1 checks
UDF1 shows [7c 5s]
Unrest shows [Kh Ad]
UDF1 awarded 5000
Unrest awarded -5000

Round #480, Unrest (91456), UDF1 (-91456)
Unrest posts blind: 10
UDF1 posts blind: 20
Unrest received [Ks 9h]
UDF1 received [3d 9s]
Unrest raises to 40
UDF1 raises to 100
Unrest raises to 160
UDF1 raises to 420
Unrest raises to 680
UDF1 calls
Flop [5h 5c Qd], Unrest (680), UDF1 (680)
UDF1 bids 58
Unrest bids 216
Unrest won the auction and was revealed [3d]
Flop [5h 5c Qd], Unrest (738), UDF1 (680)
UDF1 bets 935
Unrest calls
Turn [5h 5c Qd Qs], Unrest (1673), UDF1 (1615)
UDF1 checks
Unrest checks
River [5h 5c Qd Qs Jc], Unrest (1673), UDF1 (1615)
UDF1 checks
Unrest checks
Unrest shows [Ks 9h]
UDF1 shows [3d 9s]
Unrest awarded 1615
UDF1 awarded -1615

Round #481, UDF1 (-93071), Unrest (93071)
UDF1 posts blind: 10
Unrest posts blind: 20
UDF1 received [Jc 3c]
Unrest received [Ks 4s]
UDF1 raises to 5000
Unrest calls
Flop [Js Jd 8h], UDF1 (5000), Unrest (5000)
Unrest bids 0
UDF1 bids 0
UDF1 won the auction and was revealed [Ks]
Unrest won the auction and was revealed [Jc]
Flop [Js Jd 8h], UDF1 (5000), Unrest (5000)
Unrest checks
UDF1 checks
Turn [Js Jd 8h 5h], UDF1 (5000), Unrest (5000)
Unrest checks
UDF1 checks
River [Js Jd 8h 5h 9d], UDF1 (5000), Unrest (5000)
Unrest checks
UDF1 checks
UDF1 shows [Jc 3c]
Unrest shows [Ks 4s]
UDF1 awarded 5000
Unrest awarded -5000

Round #482, Unrest (88071), UDF1 (-88071)
Unrest posts blind: 10
UDF1 posts blind: 20
Unrest received [9c 7d]
UDF1 received [6s 2h]
Unrest calls
UDF1 raises to 46
Unrest calls
Flop [Ks Kh 8s], Unrest (46), UDF1 (46)
UDF1 bids 49
Unrest bids 247
Unrest won the auction and was revealed [6s]
Flop [Ks Kh 8s], Unrest (95), UDF1 (46)
UDF1 checks
Unrest checks
Turn [Ks Kh 8s Th], Unrest (95), UDF1 (46)
UDF1 checks
Unrest checks
River [Ks Kh 8s Th 2d], Unrest (95), UDF1 (46)
UDF1 bets 4905
Unrest folds
Unrest awarded -95
UDF1 awarded 95

Round #483, UDF1 (-87976), Unrest (87976)
UDF1 posts blind: 10
Unrest posts blind: 20
UDF1 received [3d 9h]
Unrest received [Jc 3s]
UDF1 raises to 5000
Unrest calls
Flop [2h Ad Th], UDF1 (5000), Unrest (5000)
Unrest bids 0
UDF1 bids 0
UDF1 won the auction and was revealed [Jc]
Unrest won the auction and was revealed [3d]
Flop [2h Ad Th], UDF1 (5000), Unrest (5000)
Unrest checks
UDF1 checks
Turn [2h Ad Th 2c], UDF1 (5000), Unrest (5000)
Unrest checks
UDF1 checks
River [2h Ad Th 2c Qc], UDF1 (5000), Unrest (5000)
Unrest checks
UDF1 checks
UDF1 shows [3d 9h]
Unrest shows [Jc 3s]
UDF1 awarded -5000
Unrest awarded 5000

Round #484, Unrest (92976), UDF1 (-92976)
Unrest posts blind: 10
UDF1 posts blind: 20
Unrest received [9s Th]
UDF1 received [2s 3c]
Unrest calls
UDF1 raises to 46
Unrest calls
Flop [6h 7h 2c], Unrest (46), UDF1 (46)
UDF1 bids 53
Unrest bids 247
Unrest won the auction and was revealed [2s]
Flop [6h 7h 2c], Unrest (99), UDF1 (46)
UDF1 bets 4901
Unrest folds
Unrest awarded -99
UDF1 awarded 99

Round #485, UDF1 (-92877), Unrest (92877)
UDF1 posts blind: 10
Unrest posts blind: 20
UDF1 received [Kc 3h]
Unrest received [5s 8h]
UDF1 raises to 5000
Unrest calls
Flop [Jd 7h 6s], UDF1 (5000), Unrest (5000)
Unrest bids 0
UDF1 bids 0
UDF1 won the auction and was revealed [5s]
Unrest won the auction and was revealed [3h]
Flop [Jd 7h 6s], UDF1 (5000), Unrest (5000)
Unrest checks
UDF1 checks
Turn [Jd 7h 6s 9c], UDF1 (5000), Unrest (5000)
Unrest checks
UDF1 checks
River [Jd 7h 6s 9c 6c], UDF1 (5000), Unrest (5000)
Unrest checks
UDF1 checks
UDF1 shows [Kc 3h]
Unrest shows [5s 8h]
UDF1 awarded -5000
Unrest awarded 5000

Round #486, Unrest (97877), UDF1 (-97877)
Unrest posts blind: 10
UDF1 posts blind: 20
Unrest received [Qc 6s]
UDF1 received [4d 2c]
Unrest calls
UDF1 raises to 46
Unrest calls
Flop [9d Qd Jc], Unrest (46), UDF1 (46)
UDF1 bids 49
Unrest bids 743
Unrest won the auction and was revealed [2c]
Flop [9d Qd Jc], Unrest (95), UDF1 (46)
UDF1 bets 93
Unrest calls
Turn [9d Qd Jc 9c], Unrest (188), UDF1 (139)
UDF1 checks
Unrest checks
River [9d Qd Jc 9c Ks], Unrest (188), UDF1 (139)
UDF1 bets 215
Unrest calls
Unrest shows [Qc 6s]
UDF1 shows [4d 2c]
Unrest awarded 354
UDF1 awarded -354

Round #487, UDF1 (-98231), Unrest (98231)
UDF1 posts blind: 10
Unrest posts blind: 20
UDF1 received [Kd Jc]
Unrest received [2c 3d]
UDF1 raises to 5000
Unrest folds
UDF1 awarded 20
Unrest awarded -20

Round #488, Unrest (98211), UDF1 (-98211)
Unrest posts blind: 10
UDF1 posts blind: 20
Unrest received [Tc 3h]
UDF1 received [Jh 3s]
Unrest calls
UDF1 raises to 5000
Unrest calls
Flop [8c 3c 4d], Unrest (5000), UDF1 (5000)
UDF1 bids 0
Unrest bids 0
Unrest won the auction and was revealed [3s]
UDF1 won the auction and was revealed [Tc]
Flop [8c 3c 4d], Unrest (5000), UDF1 (5000)
UDF1 checks
Unrest checks
Turn [8c 3c 4d 6s], Unrest (5000), UDF1 (5000)
UDF1 checks
Unrest checks
River [8c 3c 4d 6s Kh], Unrest (5000), UDF1 (5000)
UDF1 checks
Unrest checks
Unrest shows [Tc 3h]
UDF1 shows [Jh 3s]
Unrest awarded -5000
UDF1 awarded 5000

Round #489, UDF1 (-93211), Unrest (93211)
UDF1 posts blind: 10
Unrest posts blind: 20
UDF1 received [5h 6c]
Unrest received [Ks 4s]
UDF1 raises to 50
Unrest calls
Flop [7d Kd 5c], UDF1 (50), Unrest (50)
Unrest bids 742
UDF1 bids 51
Unrest won the auction and was revealed [5h]
Flop [7d Kd 5c], UDF1 (50), Unrest (101)
Unrest bets 20
UDF1 raises to 4899
Unrest calls
Turn [7d Kd 5c Ad], UDF1 (4949), Unrest (5000)
Unrest checks
UDF1 checks
River [7d Kd 5c Ad 7c], UDF1 (4949), Unrest (5000)
Unrest checks
UDF1 checks
UDF1 shows [5h 6c]
Unrest shows [Ks 4s]
UDF1 awarded -4949
Unrest awarded 4949

Round #490, Unrest (98160), UDF1 (-98160)
Unrest posts blind: 10
UDF1 posts blind: 20
Unrest received [7c 8s]
UDF1 received [2c 9d]
Unrest calls
UDF1 checks
Flop [Qc Ac Kd], Unrest (20), UDF1 (20)
UDF1 bids 34
Unrest bids 249
Unrest won the auction and was revealed [9d]
Flop [Qc Ac Kd], Unrest (54), UDF1 (20)
UDF1 bets 48
Unrest folds
Unrest awarded -54
UDF1 awarded 54

Round #491, UDF1 (-98106), Unrest (98106)
UDF1 posts blind: 10
Unrest posts blind: 20
UDF1 received [Js Qd]
Unrest received [Qc 5d]
UDF1 calls
Unrest checks
Flop [4h Kd 2s], UDF1 (20), Unrest (20)
Unrest bids 249
UDF1 bids 32
Unrest won the auction and was revealed [Js]
Flop [4h Kd 2s], UDF1 (20), Unrest (52)
Unrest checks
UDF1 bets 4948
Unrest folds
UDF1 awarded 52
Unrest awarded -52

Round #492, Unrest (98054), UDF1 (-98054)
Unrest posts blind: 10
UDF1 posts blind: 20
Unrest received [Kd Jc]
UDF1 received [3s 6d]
Unrest raises to 40
UDF1 raises to 100
Unrest raises to 160
UDF1 raises to 5000
Unrest calls
Flop [Kc Th 4h], Unrest (5000), UDF1 (5000)
UDF1 bids 0
Unrest bids 0
Unrest won the auction and was revealed [6d]
UDF1 won the auction and was revealed [Kd]
Flop [Kc Th 4h], Unrest (5000), UDF1 (5000)
UDF1 checks
Unrest checks
Turn [Kc Th 4h As], Unrest (5000), UDF1 (5000)
UDF1 checks
Unrest checks
River [Kc Th 4h As Ad], Unrest (5000), UDF1 (5000)
UDF1 checks
Unrest checks
Unrest shows [Kd Jc]
UDF1 shows [3s 6d]
Unrest awarded 5000
UDF1 awarded -5000

Round #493, UDF1 (-103054), Unrest (103054)
UDF1 posts blind: 10
Unrest posts blind: 20
UDF1 received [7c 7s]
Unrest received [3d 5d]
UDF1 raises to 1303
Unrest folds
UDF1 awarded 20
Unrest awarded -20

Round #494, Unrest (103034), UDF1 (-103034)
Unrest posts blind: 10
UDF1 posts blind: 20
Unrest received [Kc 3c]
UDF1 received [Ts 8d]
Unrest raises to 40
UDF1 raises to 5000
Unrest calls
Flop [Ad Ah 2c], Unrest (5000), UDF1 (5000)
UDF1 bids 0
Unrest bids 0
Unrest won the auction and was revealed [8d]
UDF1 won the auction and was revealed [Kc]
Flop [Ad Ah 2c], Unrest (5000), UDF1 (5000)
UDF1 checks
Unrest checks
Turn [Ad Ah 2c 6d], Unrest (5000), UDF1 (5000)
UDF1 checks
Unrest checks
River [Ad Ah 2c 6d Ac], Unrest (5000), UDF1 (5000)
UDF1 checks
Unrest checks
Unrest shows [Kc 3c]
UDF1 shows [Ts 8d]
Unrest awarded 5000
UDF1 awarded -5000

Round #495, UDF1 (-108034), Unrest (108034)
UDF1 posts blind: 10
Unrest posts blind: 20
UDF1 received [9c 8d]
Unrest received [Qh 3h]
UDF1 raises to 5000
Unrest calls
Flop [4d Kd Jc], UDF1 (5000), Unrest (5000)
Unrest bids 0
UDF1 bids 0
UDF1 won the auction and was revealed [3h]
Unrest won the auction and was revealed [9c]
Flop [4d Kd Jc], UDF1 (5000), Unrest (5000)
Unrest checks
UDF1 checks
Turn [4d Kd Jc 6d], UDF1 (5000), Unrest (5000)
Unrest checks
UDF1 checks
River [4d Kd Jc 6d 7s], UDF1 (5000), Unrest (5000)
Unrest checks
UDF1 checks
UDF1 shows [9c 8d]
Unrest shows [Qh 3h]
UDF1 awarded -5000
Unrest awarded 5000

Round #496, Unrest (113034), UDF1 (-113034)
Unrest posts blind: 10
UDF1 posts blind: 20
Unrest received [Th 5s]
UDF1 received [Qh 5d]
Unrest calls
UDF1 raises to 5000
Unrest calls
Flop [8s 2c 8d], Unrest (5000), UDF1 (5000)
UDF1 bids 0
Unrest bids 0
Unrest won the auction and was revealed [Qh]
UDF1 won the auction and was revealed [5s]
Flop [8s 2c 8d], Unrest (5000), UDF1 (5000)
UDF1 checks
Unrest checks
Turn [8s 2c 8d As], Unrest (5000), UDF1 (5000)
UDF1 checks
Unrest checks
River [8s 2c 8d As Ah], Unrest (5000), UDF1 (5000)
UDF1 checks
Unrest checks
Unrest shows [Th 5s]
UDF1 shows [Qh 5d]
Unrest awarded -5000
UDF1 awarded 5000

Round #497, UDF1 (-108034), Unrest (108034)
UDF1 posts blind: 10
Unrest posts blind: 20
UDF1 received [3d 3h]
Unrest received [7c 8c]
UDF1 raises to 5000
Unrest calls
Flop [Js Td Kd], UDF1 (5000), Unrest (5000)
Unrest bids 0
UDF1 bids 0
UDF1 won the auction and was revealed [7c]
Unrest won the auction and was revealed [3h]
Flop [Js Td Kd], UDF1 (5000), Unrest (5000)
Unrest checks
UDF1 checks
Turn [Js Td Kd Kh], UDF1 (5000), Unrest (5000)
Unrest checks
UDF1 checks
River [Js Td Kd Kh Ks], UDF1 (5000), Unrest (5000)
Unrest checks
UDF1 checks
UDF1 shows [3d 3h]
Unrest shows [7c 8c]
UDF1 awarded 5000
Unrest awarded -5000

Round #498, Unrest (103034), UDF1 (-103034)
Unrest posts blind: 10
UDF1 posts blind: 20
Unrest received [Kh 3c]
UDF1 received [Js 6h]
Unrest calls
UDF1 raises to 5000
Unrest calls
Flop [5d Kd 4c], Unrest (5000), UDF1 (5000)
UDF1 bids 0
Unrest bids 0
Unrest won the auction and was revealed [Js]
UDF1 won the auction and was revealed [3c]
Flop [5d Kd 4c], Unrest (5000), UDF1 (5000)
UDF1 checks
Unrest checks
Turn [5d Kd 4c 5h], Unrest (5000), UDF1 (5000)
UDF1 checks
Unrest checks
River [5d Kd 4c 5h 3h], Unrest (5000), UDF1 (5000)
UDF1 checks
Unrest checks
Unrest shows [Kh 3c]
UDF1 shows [Js 6h]
Unrest awarded 5000
UDF1 awarded -5000

Round #499, UDF1 (-108034), Unrest (108034)
UDF1 posts blind: 10
Unrest posts blind: 20
UDF1 received [7c 5d]
Unrest received [2d 3s]
UDF1 raises to 5000
Unrest folds
UDF1 awarded 20
Unrest awarded -20

Round #500, Unrest (108014), UDF1 (-108014)
Unrest posts blind: 10
UDF1 posts blind: 20
Unrest received [Tc Ks]
UDF1 received [Ad As]
Unrest raises to 40
UDF1 raises to 5000
Unrest calls
Flop [Td Js 9d], Unrest (5000), UDF1 (5000)
UDF1 bids 0
Unrest bids 0
Unrest won the auction and was revealed [Ad]
UDF1 won the auction and was revealed [Ks]
Flop [Td Js 9d], Unrest (5000), UDF1 (5000)
UDF1 checks
Unrest checks
Turn [Td Js 9d 4s], Unrest (5000), UDF1 (5000)
UDF1 checks
Unrest checks
River [Td Js 9d 4s 3s], Unrest (5000), UDF1 (5000)
UDF1 checks
Unrest checks
Unrest shows [Tc Ks]
UDF1 shows [Ad As]
Unrest awarded -5000
UDF1 awarded 5000

Round #501, UDF1 (-103014), Unrest (103014)
UDF1 posts blind: 10
Unrest posts blind: 20
UDF1 received [Th Ks]
Unrest received [2s 5c]
UDF1 raises to 5000
Unrest folds
UDF1 awarded 20
Unrest awarded -20

Round #502, Unrest (102994), UDF1 (-102994)
Unrest posts blind: 10
UDF1 posts blind: 20
Unrest received [4c Kd]
UDF1 received [Th Td]
Unrest calls
UDF1 checks
Flop [5d 9h 6s], Unrest (20), UDF1 (20)
UDF1 bids 18
Unrest bids 249
Unrest won the auction and was revealed [Td]
Flop [5d 9h 6s], Unrest (38), UDF1 (20)
UDF1 bets 4962
Unrest folds
Unrest awarded -38
UDF1 awarded 38

Round #503, UDF1 (-102956), Unrest (102956)
UDF1 posts blind: 10
Unrest posts blind: 20
UDF1 received [4d 9d]
Unrest received [9s 9c]
UDF1 raises to 5000
Unrest calls
Flop [2s Tc Ah], UDF1 (5000), Unrest (5000)
Unrest bids 0
UDF1 bids 0
UDF1 won the auction and was revealed [9c]
Unrest won the auction and was revealed [9d]
Flop [2s Tc Ah], UDF1 (5000), Unrest (5000)
Unrest checks
UDF1 checks
Turn [2s Tc Ah 7h], UDF1 (5000), Unrest (5000)
Unrest checks
UDF1 checks
River [2s Tc Ah 7h 5h], UDF1 (5000), Unrest (5000)
Unrest checks
UDF1 checks
UDF1 shows [4d 9d]
Unrest shows [9s 9c]
UDF1 awarded -5000
Unrest awarded 5000

Round #504, Unrest (107956), UDF1 (-107956)
Unrest posts blind: 10
UDF1 posts blind: 20
Unrest received [Kh 4s]
UDF1 received [6d 8h]
Unrest calls
UDF1 raises to 918
Unrest calls
Flop [5c 3h 3d], Unrest (918), UDF1 (918)
UDF1 bids 104
Unrest bids 204
Unrest won the auction and was revealed [8h]
Flop [5c 3h 3d], Unrest (1022), UDF1 (918)
UDF1 checks
Unrest checks
Turn [5c 3h 3d Tc], Unrest (1022), UDF1 (918)
UDF1 checks
Unrest checks
River [5c 3h 3d Tc 7c], Unrest (1022), UDF1 (918)
UDF1 checks
Unrest checks
Unrest shows [Kh 4s]
UDF1 shows [6d 8h]
Unrest awarded 918
UDF1 awarded -918

Round #505, UDF1 (-108874), Unrest (108874)
UDF1 posts blind: 10
Unrest posts blind: 20
UDF1 received [4h 2d]
Unrest received [Kc Qh]
UDF1 raises to 1730
Unrest calls
Flop [Jd Jh Qs], UDF1 (1730), Unrest (1730)
Unrest bids 163
UDF1 bids 72
Unrest won the auction and was revealed [4h]
Flop [Jd Jh Qs], UDF1 (1730), Unrest (1802)
Unrest checks
UDF1 checks
Turn [Jd Jh Qs 8d], UDF1 (1730), Unrest (1802)
Unrest checks
UDF1 checks
River [Jd Jh Qs 8d Th], UDF1 (1730), Unrest (1802)
Unrest checks
UDF1 bets 2331
Unrest calls
UDF1 shows [4h 2d]
Unrest shows [Kc Qh]
UDF1 awarded -4061
Unrest awarded 4061

Round #506, Unrest (112935), UDF1 (-112935)
Unrest posts blind: 10
UDF1 posts blind: 20
Unrest received [4c 3c]
UDF1 received [3s Th]
Unrest folds
Unrest awarded -10
UDF1 awarded 10

Round #507, UDF1 (-112925), Unrest (112925)
UDF1 posts blind: 10
Unrest posts blind: 20
UDF1 received [3h 3s]
Unrest received [7s Tc]
UDF1 raises to 5000
Unrest calls
Flop [4c 5c 2d], UDF1 (5000), Unrest (5000)
Unrest bids 0
UDF1 bids 0
UDF1 won the auction and was revealed [Tc]
Unrest won the auction and was revealed [3s]
Flop [4c 5c 2d], UDF1 (5000), Unrest (5000)
Unrest checks
UDF1 checks
Turn [4c 5c 2d Ks], UDF1 (5000), Unrest (5000)
Unrest checks
UDF1 checks
River [4c 5c 2d Ks 2h], UDF1 (5000), Unrest (5000)
Unrest checks
UDF1 checks
UDF1 shows [3h 3s]
Unrest shows [7s Tc]
UDF1 awarded 5000
Unrest awarded -5000

Round #508, Unrest (107925), UDF1 (-107925)
Unrest posts blind: 10
UDF1 posts blind: 20
Unrest received [4s 9c]
UDF1 received [Kc Qh]
Unrest folds
Unrest awarded -10
UDF1 awarded 10

Round #509, UDF1 (-107915), Unrest (107915)
UDF1 posts blind: 10
Unrest posts blind: 20
UDF1 received [2d 4h]
Unrest received [2c 6d]
UDF1 calls
Unrest checks
Flop [8h Th 8d], UDF1 (20), Unrest (20)
Unrest bids 249
UDF1 bids 31
Unrest won the auction and was revealed [4h]
Flop [8h Th 8d], UDF1 (20), Unrest (51)
Unrest checks
UDF1 bets 46
Unrest calls
Turn [8h Th 8d Kc], UDF1 (66), Unrest (97)
Unrest checks
UDF1 checks
River [8h Th 8d Kc 9d], UDF1 (66), Unrest (97)
Unrest checks
UDF1 checks
UDF1 shows [2d 4h]
Unrest shows [2c 6d]
UDF1 awarded 15
Unrest awarded -15

Round #510, Unrest (107900), UDF1 (-107900)
Unrest posts blind: 10
UDF1 posts blind: 20
Unrest received [8h Ad]
UDF1 received [3c 8s]
Unrest raises to 40
UDF1 calls
Flop [8c Ac 7h], Unrest (40), UDF1 (40)
UDF1 bids 47
Unrest bids 1240
Unrest won the auction and was revealed [8s]
Flop [8c Ac 7h], Unrest (87), UDF1 (40)
UDF1 bets 4913
Unrest calls
Turn [8c Ac 7h Qc], Unrest (5000), UDF1 (4953)
UDF1 checks
Unrest checks
River [8c Ac 7h Qc 2h], Unrest (5000), UDF1 (4953)
UDF1 checks
Unrest checks
Unrest shows [8h Ad]
UDF1 shows [3c 8s]
Unrest awarded 4953
UDF1 awarded -4953

Round #511, UDF1 (-112853), Unrest (112853)
UDF1 posts blind: 10
Unrest posts blind: 20
UDF1 received [Jc Ts]
Unrest received [Ah Kd]
UDF1 raises to 50
Unrest calls
Flop [3d Qd 9c], UDF1 (50), Unrest (50)
Unrest bids 247
UDF1 bids 53
Unrest won the auction and was revealed [Jc]
Flop [3d Qd 9c], UDF1 (50), Unrest (103)
Unrest checks
UDF1 bets 4897
Unrest folds
UDF1 awarded 103
Unrest awarded -103

Round #512, Unrest (112750), UDF1 (-112750)
Unrest posts blind: 10
UDF1 posts blind: 20
Unrest received [5s 6h]
UDF1 received [8c Kh]
Unrest folds
Unrest awarded -10
UDF1 awarded 10

Round #513, UDF1 (-112740), Unrest (112740)
UDF1 posts blind: 10
Unrest posts blind: 20
UDF1 received [Qs Js]
Unrest received [8s 2s]
UDF1 raises to 1994
Unrest calls
Flop [5d Qc Ah], UDF1 (1994), Unrest (1994)
Unrest bids 150
UDF1 bids 125
Unrest won the auction and was revealed [Qs]
Flop [5d Qc Ah], UDF1 (1994), Unrest (2119)
Unrest checks
UDF1 bets 2881
Unrest calls
Turn [5d Qc Ah 2h], UDF1 (4875), Unrest (5000)
Unrest checks
UDF1 checks
River [5d Qc Ah 2h 7c], UDF1 (4875), Unrest (5000)
Unrest checks
UDF1 checks
UDF1 shows [Qs Js]
Unrest shows [8s 2s]
UDF1 awarded 5000
Unrest awarded -5000

Round #514, Unrest (107740), UDF1 (-107740)
Unrest posts blind: 10
UDF1 posts blind: 20
Unrest received [Ac Qd]
UDF1 received [2h 6d]
Unrest raises to 40
UDF1 raises to 963
Unrest raises to 1886
UDF1 raises to 4137
Unrest raises to 5000
UDF1 calls
Flop [Qs 4c 8d], Unrest (5000), UDF1 (5000)
UDF1 bids 0
Unrest bids 0
Unrest won the auction and was revealed [6d]
UDF1 won the auction and was revealed [Ac]
Flop [Qs 4c 8d], Unrest (5000), UDF1 (5000)
UDF1 checks
Unrest checks
Turn [Qs 4c 8d 4s], Unrest (5000), UDF1 (5000)
UDF1 checks
Unrest checks
River [Qs 4c 8d 4s 9c], Unrest (5000), UDF1 (5000)
UDF1 checks
Unrest checks
Unrest shows [Ac Qd]
UDF1 shows [2h 6d]
Unrest awarded 5000
UDF1 awarded -5000

Round #515, UDF1 (-112740), Unrest (112740)
UDF1 posts blind: 10
Unrest posts blind: 20
UDF1 received [2d Jd]
Unrest received [4s 7d]
UDF1 calls
Unrest checks
Flop [Jc 8d 3h], UDF1 (20), Unrest (20)
Unrest bids 249
UDF1 bids 30
Unrest won the auction and was revealed [Jd]
Flop [Jc 8d 3h], UDF1 (20), Unrest (50)
Unrest checks
UDF1 bets 4950
Unrest folds
UDF1 awarded 50
Unrest awarded -50

Round #516, Unrest (112690), UDF1 (-112690)
Unrest posts blind: 10
UDF1 posts blind: 20
Unrest received [7c 9h]
UDF1 received [Ts 4d]
Unrest calls
UDF1 raises to 5000
Unrest calls
Flop [Ad Ac 9c], Unrest (5000), UDF1 (5000)
UDF1 bids 0
Unrest bids 0
Unrest won the auction and was revealed [Ts]
UDF1 won the auction and was revealed [7c]
Flop [Ad Ac 9c], Unrest (5000), UDF1 (5000)
UDF1 checks
Unrest checks
Turn [Ad Ac 9c 7d], Unrest (5000), UDF1 (5000)
UDF1 checks
Unrest checks
River [Ad Ac 9c 7d 5s], Unrest (5000), UDF1 (5000)
UDF1 checks
Unrest checks
Unrest shows [7c 9h]
UDF1 shows [Ts 4d]
Unrest awarded 5000
UDF1 awarded -5000

Round #517, UDF1 (-117690), Unrest (117690)
UDF1 posts blind: 10
Unrest posts blind: 20
UDF1 received [Tc 9c]
Unrest received [6d Ad]
UDF1 raises to 5000
Unrest calls
Flop [3c 5h Qc], UDF1 (5000), Unrest (5000)
Unrest bids 0
UDF1 bids 0
UDF1 won the auction and was revealed [6d]
Unrest won the auction and was revealed [Tc]
Flop [3c 5h Qc], UDF1 (5000), Unrest (5000)
Unrest checks
UDF1 checks
Turn [3c 5h Qc Jc], UDF1 (5000), Unrest (5000)
Unrest checks
UDF1 checks
River [3c 5h Qc Jc Ks], UDF1 (5000), Unrest (5000)
Unrest checks
UDF1 checks
UDF1 shows [Tc 9c]
Unrest shows [6d Ad]
UDF1 awarded 5000
Unrest awarded -5000

Round #518, Unrest (112690), UDF1 (-112690)
Unrest posts blind: 10
UDF1 posts blind: 20
Unrest received [Qc 2d]
UDF1 received [Th 9c]
Unrest calls
UDF1 raises to 5000
Unrest calls
Flop [4c Kd Jc], Unrest (5000), UDF1 (5000)
UDF1 bids 0
Unrest bids 0
Unrest won the auction and was revealed [9c]
UDF1 won the auction and was revealed [2d]
Flop [4c Kd Jc], Unrest (5000), UDF1 (5000)
UDF1 checks
Unrest checks
Turn [4c Kd Jc 5s], Unrest (5000), UDF1 (5000)
UDF1 checks
Unrest checks
River [4c Kd Jc 5s 7c], Unrest (5000), UDF1 (5000)
UDF1 checks
Unrest checks
Unrest shows [Qc 2d]
UDF1 shows [Th 9c]
Unrest awarded 5000
UDF1 awarded -5000

Round #519, UDF1 (-117690), Unrest (117690)
UDF1 posts blind: 10
Unrest posts blind: 20
UDF1 received [8d Th]
Unrest received [Ad Qd]
UDF1 raises to 5000
Unrest calls
Flop [2c 3d Td], UDF1 (5000), Unrest (5000)
Unrest bids 0
UDF1 bids 0
UDF1 won the auction and was revealed [Qd]
Unrest won the auction and was revealed [8d]
Flop [2c 3d Td], UDF1 (5000), Unrest (5000)
Unrest checks
UDF1 checks
Turn [2c 3d Td 4c], UDF1 (5000), Unrest (5000)
Unrest checks
UDF1 checks
River [2c 3d Td 4c 5s], UDF1 (5000), Unrest (5000)
Unrest checks
UDF1 checks
UDF1 shows [8d Th]
Unrest shows [Ad Qd]
UDF1 awarded -5000
Unrest awarded 5000

Round #520, Unrest (122690), UDF1 (-122690)
Unrest posts blind: 10
UDF1 posts blind: 20
Unrest received [7c 6h]
UDF1 received [8d 9d]
Unrest folds
Unrest awarded -10
UDF1 awarded 10

Round #521, UDF1 (-122680), Unrest (122680)
UDF1 posts blind: 10
Unrest posts blind: 20
UDF1 received [Qc 7c]
Unrest received [2h Qs]
UDF1 raises to 50
Unrest calls
Flop [Kd 2s 6d], UDF1 (50), Unrest (50)
Unrest bids 1237
UDF1 bids 58
Unrest won the auction and was revealed [Qc]
Flop [Kd 2s 6d], UDF1 (50), Unrest (108)
Unrest bets 20
UDF1 raises to 198
Unrest calls
Turn [Kd 2s 6d 5s], UDF1 (248), Unrest (306)
Unrest checks
UDF1 bets 365
Unrest calls
River [Kd 2s 6d 5s 7s], UDF1 (613), Unrest (671)
Unrest checks
UDF1 bets 2523
Unrest calls
UDF1 shows [Qc 7c]
Unrest shows [2h Qs]
UDF1 awarded 3194
Unrest awarded -3194

Round #522, Unrest (119486), UDF1 (-119486)
Unrest posts blind: 10
UDF1 posts blind: 20
Unrest received [6h 5c]
UDF1 received [Jc 6c]
Unrest folds
Unrest awarded -10
UDF1 awarded 10

Round #523, UDF1 (-119476), Unrest (119476)
UDF1 posts blind: 10
Unrest posts blind: 20
UDF1 received [Qh 3h]
Unrest received [4h Ah]
UDF1 calls
Unrest raises to 40
UDF1 raises to 5000
Unrest calls
Flop [9s 5d 6d], UDF1 (5000), Unrest (5000)
Unrest bids 0
UDF1 bids 0
UDF1 won the auction and was revealed [Ah]
Unrest won the auction and was revealed [3h]
Flop [9s 5d 6d], UDF1 (5000), Unrest (5000)
Unrest checks
UDF1 checks
Turn [9s 5d 6d Ks], UDF1 (5000), Unrest (5000)
Unrest checks
UDF1 checks
River [9s 5d 6d Ks 4c], UDF1 (5000), Unrest (5000)
Unrest checks
UDF1 checks
UDF1 shows [Qh 3h]
Unrest shows [4h Ah]
UDF1 awarded -5000
Unrest awarded 5000

Round #524, Unrest (124476), UDF1 (-124476)
Unrest posts blind: 10
UDF1 posts blind: 20
Unrest received [As Kd]
UDF1 received [2h 2s]
Unrest raises to 40
UDF1 raises to 100
Unrest raises to 160
UDF1 raises to 5000
Unrest calls
Flop [Tc Kh 6h], Unrest (5000), UDF1 (5000)
UDF1 bids 0
Unrest bids 0
Unrest won the auction and was revealed [2s]
UDF1 won the auction and was revealed [As]
Flop [Tc Kh 6h], Unrest (5000), UDF1 (5000)
UDF1 checks
Unrest checks
Turn [Tc Kh 6h 7d], Unrest (5000), UDF1 (5000)
UDF1 checks
Unrest checks
River [Tc Kh 6h 7d Ac], Unrest (5000), UDF1 (5000)
UDF1 checks
Unrest checks
Unrest shows [As Kd]
UDF1 shows [2h 2s]
Unrest awarded 5000
UDF1 awarded -5000

Round #525, UDF1 (-129476), Unrest (129476)
UDF1 posts blind: 10
Unrest posts blind: 20
UDF1 received [Ac Th]
Unrest received [7h Ts]
UDF1 raises to 5000
Unrest calls
Flop [Qc Js Jh], UDF1 (5000), Unrest (5000)
Unrest bids 0
UDF1 bids 0
UDF1 won the auction and was revealed [7h]
Unrest won the auction and was revealed [Ac]
Flop [Qc Js Jh], UDF1 (5000), Unrest (5000)
Unrest checks
UDF1 checks
Turn [Qc Js Jh Kh], UDF1 (5000), Unrest (5000)
Unrest checks
UDF1 checks
River [Qc Js Jh Kh Qs], UDF1 (5000), Unrest (5000)
Unrest checks
UDF1 checks
UDF1 shows [Ac Th]
Unrest shows [7h Ts]
UDF1 awarded 5000
Unrest awarded -5000

Round #526, Unrest (124476), UDF1 (-124476)
Unrest posts blind: 10
UDF1 posts blind: 20
Unrest received [4c 5h]
UDF1 received [Jd 7h]
Unrest folds
Unrest awarded -10
UDF1 awarded 10

Round #527, UDF1 (-124466), Unrest (124466)
UDF1 posts blind: 10
Unrest posts blind: 20
UDF1 received [Jc 9h]
Unrest received [2c Td]
UDF1 raises to 5000
Unrest calls
Flop [6s 6h Jh], UDF1 (5000), Unrest (5000)
Unrest bids 0
UDF1 bids 0
UDF1 won the auction and was revealed [Td]
Unrest won the auction and was revealed [Jc]
Flop [6s 6h Jh], UDF1 (5000), Unrest (5000)
Unrest checks
UDF1 checks
Turn [6s 6h Jh Ts], UDF1 (5000), Unrest (5000)
Unrest checks
UDF1 checks
River [6s 6h Jh Ts 5d], UDF1 (5000), Unrest (5000)
Unrest checks
UDF1 checks
UDF1 shows [Jc 9h]
Unrest shows [2c Td]
UDF1 awarded 5000
Unrest awarded -5000

Round #528, Unrest (119466), UDF1 (-119466)
Unrest posts blind: 10
UDF1 posts blind: 20
Unrest received [Jc 2h]
UDF1 received [Td As]
Unrest calls
UDF1 raises to 46
Unrest calls
Flop [Ad 8s Kc], Unrest (46), UDF1 (46)
UDF1 bids 50
Unrest bids 247
Unrest won the auction and was revealed [Td]
Flop [Ad 8s Kc], Unrest (96), UDF1 (46)
UDF1 bets 4904
Unrest folds
Unrest awarded -96
UDF1 awarded 96

Round #529, UDF1 (-119370), Unrest (119370)
UDF1 posts blind: 10
Unrest posts blind: 20
UDF1 received [6s 7h]
Unrest received [4h Qh]
UDF1 raises to 5000
Unrest calls
Flop [2h 7c 6d], UDF1 (5000), Unrest (5000)
Unrest bids 0
UDF1 bids 0
UDF1 won the auction and was revealed [Qh]
Unrest won the auction and was revealed [6s]
Flop [2h 7c 6d], UDF1 (5000), Unrest (5000)
Unrest checks
UDF1 checks
Turn [2h 7c 6d 5h], UDF1 (5000), Unrest (5000)
Unrest checks
UDF1 checks
River [2h 7c 6d 5h 8c], UDF1 (5000), Unrest (5000)
Unrest checks
UDF1 checks
UDF1 shows [6s 7h]
Unrest shows [4h Qh]
UDF1 awarded -5000
Unrest awarded 5000

Round #530, Unrest (124370), UDF1 (-124370)
Unrest posts blind: 10
UDF1 posts blind: 20
Unrest received [Qs Qh]
UDF1 received [As 5c]
Unrest raises to 40
UDF1 raises to 5000
Unrest calls
Flop [3d 6h 7c], Unrest (5000), UDF1 (5000)
UDF1 bids 0
Unrest bids 0
Unrest won the auction and was revealed [5c]
UDF1 won the auction and was revealed [Qh]
Flop [3d 6h 7c], Unrest (5000), UDF1 (5000)
UDF1 checks
Unrest checks
Turn [3d 6h 7c 7d], Unrest (5000), UDF1 (5000)
UDF1 checks
Unrest checks
River [3d 6h 7c 7d 9c], Unrest (5000), UDF1 (5000)
UDF1 checks
Unrest checks
Unrest shows [Qs Qh]
UDF1 shows [As 5c]
Unrest awarded 5000
UDF1 awarded -5000

Round #531, UDF1 (-129370), Unrest (129370)
UDF1 posts blind: 10
Unrest posts blind: 20
UDF1 received [9c Qs]
Unrest received [3s Kd]
UDF1 raises to 5000
Unrest calls
Flop [2h 6d 9d], UDF1 (5000), Unrest (5000)
Unrest bids 0
UDF1 bids 0
UDF1 won the auction and was revealed [Kd]
Unrest won the auction and was revealed [Qs]
Flop [2h 6d 9d], UDF1 (5000), Unrest (5000)
Unrest checks
UDF1 checks
Turn [2h 6d 9d 4d], UDF1 (5000), Unrest (5000)
Unrest checks
UDF1 checks
River [2h 6d 9d 4d 8d], UDF1 (5000), Unrest (5000)
Unrest checks
UDF1 checks
UDF1 shows [9c Qs]
Unrest shows [3s Kd]
UDF1 awarded -5000
Unrest awarded 5000

Round #532, Unrest (134370), UDF1 (-134370)
Unrest posts blind: 10
UDF1 posts blind: 20
Unrest received [2c 8d]
UDF1 received [4c 9h]
Unrest folds
Unrest awarded -10
UDF1 awarded 10

Round #533, UDF1 (-134360), Unrest (134360)
UDF1 posts blind: 10
Unrest posts blind: 20
UDF1 received [2s Ad]
Unrest received [6c Qh]
UDF1 raises to 5000
Unrest calls
Flop [6d Jc 9c], UDF1 (5000), Unrest (5000)
Unrest bids 0
UDF1 bids 0
UDF1 won the auction and was revealed [Qh]
Unrest won the auction and was revealed [Ad]
Flop [6d Jc 9c], UDF1 (5000), Unrest (5000)
Unrest checks
UDF1 checks
Turn [6d Jc 9c 7s], UDF1 (5000), Unrest (5000)
Unrest checks
UDF1 checks
River [6d Jc 9c 7s Tc], UDF1 (5000), Unrest (5000)
Unrest checks
UDF1 checks
UDF1 shows [2s Ad]
Unrest shows [6c Qh]
UDF1 awarded -5000
Unrest awarded 5000

Round #534, Unrest (139360), UDF1 (-139360)
Unrest posts blind: 10
UDF1 posts blind: 20
Unrest received [As 3c]
UDF1 received [6d Jc]
Unrest calls
UDF1 raises to 5000
Unrest calls
Flop [8d 5s 3s], Unrest (5000), UDF1 (5000)
UDF1 bids 0
Unrest bids 0
Unrest won the auction and was revealed [Jc]
UDF1 won the auction and was revealed [3c]
Flop [8d 5s 3s], Unrest (5000), UDF1 (5000)
UDF1 checks
Unrest checks
Turn [8d 5s 3s Ah], Unrest (5000), UDF1 (5000)
UDF1 checks
Unrest checks
River [8d 5s 3s Ah Qh], Unrest (5000), UDF1 (5000)
UDF1 checks
Unrest checks
Unrest shows [As 3c]
UDF1 shows [6d Jc]
Unrest awarded 5000
UDF1 awarded -5000

Round #535, UDF1 (-144360), Unrest (144360)
UDF1 posts blind: 10
Unrest posts blind: 20
UDF1 received [9d Jd]
Unrest received [7d 9c]
UDF1 raises to 5000
Unrest calls
Flop [4h 5d 3s], UDF1 (5000), Unrest (5000)
Unrest bids 0
UDF1 bids 0
UDF1 won the auction and was revealed [9c]
Unrest won the auction and was revealed [9d]
Flop [4h 5d 3s], UDF1 (5000), Unrest (5000)
Unrest checks
UDF1 checks
Turn [4h 5d 3s Qd], UDF1 (5000), Unrest (5000)
Unrest checks
UDF1 checks
River [4h 5d 3s Qd Ks], UDF1 (5000), Unrest (5000)
Unrest checks
UDF1 checks
UDF1 shows [9d Jd]
Unrest shows [7d 9c]
UDF1 awarded 5000
Unrest awarded -5000

Round #536, Unrest (139360), UDF1 (-139360)
Unrest posts blind: 10
UDF1 posts blind: 20
Unrest received [Td 6c]
UDF1 received [4c 9c]
Unrest calls
UDF1 raises to 5000
Unrest calls
Flop [4s 6s Ks], Unrest (5000), UDF1 (5000)
UDF1 bids 0
Unrest bids 0
Unrest won the auction and was revealed [9c]
UDF1 won the auction and was revealed [6c]
Flop [4s 6s Ks], Unrest (5000), UDF1 (5000)
UDF1 checks
Unrest checks
Turn [4s 6s Ks 9s], Unrest (5000), UDF1 (5000)
UDF1 checks
Unrest checks
River [4s 6s Ks 9s Kh], Unrest (5000), UDF1 (5000)
UDF1 checks
Unrest checks
Unrest shows [Td 6c]
UDF1 shows [4c 9c]
Unrest awarded -5000
UDF1 awarded 5000

Round #537, UDF1 (-134360), Unrest (134360)
UDF1 posts blind: 10
Unrest posts blind: 20
UDF1 received [Kc 5s]
Unrest received [7d Jc]
UDF1 raises to 5000
Unrest calls
Flop [Tc 7c 2d], UDF1 (5000), Unrest (5000)
Unrest bids 0
UDF1 bids 0
UDF1 won the auction and was revealed [Jc]
Unrest won the auction and was revealed [Kc]
Flop [Tc 7c 2d], UDF1 (5000), Unrest (5000)
Unrest checks
UDF1 checks
Turn [Tc 7c 2d 5c], UDF1 (5000), Unrest (5000)
Unrest checks
UDF1 checks
River [Tc 7c 2d 5c 8h], UDF1 (5000), Unrest (5000)
Unrest checks
UDF1 checks
UDF1 shows [Kc 5s]
Unrest shows [7d Jc]
UDF1 awarded -5000
Unrest awarded 5000

Round #538, Unrest (139360), UDF1 (-139360)
Unrest posts blind: 10
UDF1 posts blind: 20
Unrest received [Ad As]
UDF1 received [9h 4s]
Unrest raises to 40
UDF1 raises to 5000
Unrest calls
Flop [Kh Ah 3d], Unrest (5000), UDF1 (5000)
UDF1 bids 0
Unrest bids 0
Unrest won the auction and was revealed [9h]
UDF1 won the auction and was revealed [As]
Flop [Kh Ah 3d], Unrest (5000), UDF1 (5000)
UDF1 checks
Unrest checks
Turn [Kh Ah 3d 5d], Unrest (5000), UDF1 (5000)
UDF1 checks
Unrest checks
River [Kh Ah 3d 5d Jd], Unrest (5000), UDF1 (5000)
UDF1 checks
Unrest checks
Unrest shows [Ad As]
UDF1 shows [9h 4s]
Unrest awarded 5000
UDF1 awarded -5000

Round #539, UDF1 (-144360), Unrest (144360)
UDF1 posts blind: 10
Unrest posts blind: 20
UDF1 received [4s 6s]
Unrest received [3c Jd]
UDF1 raises to 5000
Unrest calls
Flop [2s 8s As], UDF1 (5000), Unrest (5000)
Unrest bids 0
UDF1 bids 0
UDF1 won the auction and was revealed [Jd]
Unrest won the auction and was revealed [4s]
Flop [2s 8s As], UDF1 (5000), Unrest (5000)
Unrest checks
UDF1 checks
Turn [2s 8s As Qc], UDF1 (5000), Unrest (5000)
Unrest checks
UDF1 checks
River [2s 8s As Qc Ts], UDF1 (5000), Unrest (5000)
Unrest checks
UDF1 checks
UDF1 shows [4s 6s]
Unrest shows [3c Jd]
UDF1 awarded 5000
Unrest awarded -5000

Round #540, Unrest (139360), UDF1 (-139360)
Unrest posts blind: 10
UDF1 posts blind: 20
Unrest received [6s Ac]
UDF1 received [7c 6c]
Unrest raises to 40
UDF1 calls
Flop [4c 6d Qh], Unrest (40), UDF1 (40)
UDF1 bids 47
Unrest bids 744
Unrest won the auction and was revealed [7c]
Flop [4c 6d Qh], Unrest (87), UDF1 (40)
UDF1 bets 4913
Unrest calls
Turn [4c 6d Qh Ad], Unrest (5000), UDF1 (4953)
UDF1 checks
Unrest checks
River [4c 6d Qh Ad 9h], Unrest (5000), UDF1 (4953)
UDF1 checks
Unrest checks
Unrest shows [6s Ac]
UDF1 shows [7c 6c]
Unrest awarded 4953
UDF1 awarded -4953

Round #541, UDF1 (-144313), Unrest (144313)
UDF1 posts blind: 10
Unrest posts blind: 20
UDF1 received [8h 6h]
Unrest received [Js 6d]
UDF1 raises to 50
Unrest calls
Flop [5c Th Kc], UDF1 (50), Unrest (50)
Unrest bids 247
UDF1 bids 50
Unrest won the auction and was revealed [8h]
Flop [5c Th Kc], UDF1 (50), Unrest (100)
Unrest checks
UDF1 checks
Turn [5c Th Kc Tc], UDF1 (50), Unrest (100)
Unrest checks
UDF1 checks
River [5c Th Kc Tc 7c], UDF1 (50), Unrest (100)
Unrest checks
UDF1 checks
UDF1 shows [8h 6h]
Unrest shows [Js 6d]
UDF1 awarded -50
Unrest awarded 50

Round #542, Unrest (144363), UDF1 (-144363)
Unrest posts blind: 10
UDF1 posts blind: 20
Unrest received [7h 5h]
UDF1 received [3d 2h]
Unrest calls
UDF1 raises to 46
Unrest calls
Flop [9c Jc Ad], Unrest (46), UDF1 (46)
UDF1 bids 51
Unrest bids 247
Unrest won the auction and was revealed [2h]
Flop [9c Jc Ad], Unrest (97), UDF1 (46)
UDF1 bets 94
Unrest calls
Turn [9c Jc Ad 9d], Unrest (191), UDF1 (140)
UDF1 bets 218
Unrest calls
River [9c Jc Ad 9d Qc], Unrest (409), UDF1 (358)
UDF1 checks
Unrest checks
Unrest shows [7h 5h]
UDF1 shows [3d 2h]
Unrest awarded -26
UDF1 awarded 26

Round #543, UDF1 (-144337), Unrest (144337)
UDF1 posts blind: 10
Unrest posts blind: 20
UDF1 received [2c 4d]
Unrest received [Qc 8d]
UDF1 raises to 50
Unrest calls
Flop [Qs 5c Qh], UDF1 (50), Unrest (50)
Unrest bids 1237
UDF1 bids 56
Unrest won the auction and was revealed [2c]
Flop [Qs 5c Qh], UDF1 (50), Unrest (106)
Unrest bets 20
UDF1 folds
UDF1 awarded -50
Unrest awarded 50

Round #544, Unrest (144387), UDF1 (-144387)
Unrest posts blind: 10
UDF1 posts blind: 20
Unrest received [Jd Qh]
UDF1 received [6h 3c]
Unrest raises to 40
UDF1 raises to 5000
Unrest calls
Flop [3h 9d Qs], Unrest (5000), UDF1 (5000)
UDF1 bids 0
Unrest bids 0
Unrest won the auction and was revealed [3c]
UDF1 won the auction and was revealed [Qh]
Flop [3h 9d Qs], Unrest (5000), UDF1 (5000)
UDF1 checks
Unrest checks
Turn [3h 9d Qs Ah], Unrest (5000), UDF1 (5000)
UDF1 checks
Unrest checks
River [3h 9d Qs Ah 2c], Unrest (5000), UDF1 (5000)
UDF1 checks
Unrest checks
Unrest shows [Jd Qh]
UDF1 shows [6h 3c]
Unrest awarded 5000
UDF1 awarded -5000

Round #545, UDF1 (-149387), Unrest (149387)
UDF1 posts blind: 10
Unrest posts blind: 20
UDF1 received [Kc Qd]
Unrest received [Jh 3h]
UDF1 raises to 5000
Unrest calls
Flop [Ks Kh 8c], UDF1 (5000), Unrest (5000)
Unrest bids 0
UDF1 bids 0
UDF1 won the auction and was revealed [Jh]
Unrest won the auction and was revealed [Kc]
Flop [Ks Kh 8c], UDF1 (5000), Unrest (5000)
Unrest checks
UDF1 checks
Turn [Ks Kh 8c 8d], UDF1 (5000), Unrest (5000)
Unrest checks
UDF1 checks
River [Ks Kh 8c 8d 3s], UDF1 (5000), Unrest (5000)
Unrest checks
UDF1 checks
UDF1 shows [Kc Qd]
Unrest shows [Jh 3h]
UDF1 awarded 5000
Unrest awarded -5000

Round #546, Unrest (144387), UDF1 (-144387)
Unrest posts blind: 10
UDF1 posts blind: 20
Unrest received [5h 8s]
UDF1 received [Ac Jd]
Unrest folds
Unrest awarded -10
UDF1 awarded 10

Round #547, UDF1 (-144377), Unrest (144377)
UDF1 posts blind: 10
Unrest posts blind: 20
UDF1 received [Jd 6s]
Unrest received [7h Qh]
UDF1 raises to 50
Unrest calls
Flop [Ks 4s Ts], UDF1 (50), Unrest (50)
Unrest bids 247
UDF1 bids 53
Unrest won the auction and was revealed [Jd]
Flop [Ks 4s Ts], UDF1 (50), Unrest (103)
Unrest checks
UDF1 bets 4897
Unrest folds
UDF1 awarded 103
Unrest awarded -103

Round #548, Unrest (144274), UDF1 (-144274)
Unrest posts blind: 10
UDF1 posts blind: 20
Unrest received [Jd 6c]
UDF1 received [Tc Jc]
Unrest calls
UDF1 raises to 5000
Unrest calls
Flop [3d Ts 5c], Unrest (5000), UDF1 (5000)
UDF1 bids 0
Unrest bids 0
Unrest won the auction and was revealed [Tc]
UDF1 won the auction and was revealed [Jd]
Flop [3d Ts 5c], Unrest (5000), UDF1 (5000)
UDF1 checks
Unrest checks
Turn [3d Ts 5c 7c], Unrest (5000), UDF1 (5000)
UDF1 checks
Unrest checks
River [3d Ts 5c 7c Ah], Unrest (5000), UDF1 (5000)
UDF1 checks
Unrest checks
Unrest shows [Jd 6c]
UDF1 shows [Tc Jc]
Unrest awarded -5000
UDF1 awarded 5000

Round #549, UDF1 (-139274), Unrest (139274)
UDF1 posts blind: 10
Unrest posts blind: 20
UDF1 received [8h 3s]
Unrest received [Kc Qc]
UDF1 raises to 5000
Unrest calls
Flop [8c 6c 4c], UDF1 (5000), Unrest (5000)
Unrest bids 0
UDF1 bids 0
UDF1 won the auction and was revealed [Qc]
Unrest won the auction and was revealed [8h]
Flop [8c 6c 4c], UDF1 (5000), Unrest (5000)
Unrest checks
UDF1 checks
Turn [8c 6c 4c 7h], UDF1 (5000), Unrest (5000)
Unrest checks
UDF1 checks
River [8c 6c 4c 7h 9h], UDF1 (5000), Unrest (5000)
Unrest checks
UDF1 checks
UDF1 shows [8h 3s]
Unrest shows [Kc Qc]
UDF1 awarded -5000
Unrest awarded 5000

Round #550, Unrest (144274), UDF1 (-144274)
Unrest posts blind: 10
UDF1 posts blind: 20
Unrest received [5s Ah]
UDF1 received [Jc 2h]
Unrest raises to 40
UDF1 raises to 100
Unrest raises to 160
UDF1 raises to 5000
Unrest calls
Flop [Kh As Js], Unrest (5000), UDF1 (5000)
UDF1 bids 0
Unrest bids 0
Unrest won the auction and was revealed [Jc]
UDF1 won the auction and was revealed [Ah]
Flop [Kh As Js], Unrest (5000), UDF1 (5000)
UDF1 checks
Unrest checks
Turn [Kh As Js 3d], Unrest (5000), UDF1 (5000)
UDF1 checks
Unrest checks
River [Kh As Js 3d 7c], Unrest (5000), UDF1 (5000)
UDF1 checks
Unrest checks
Unrest shows [5s Ah]
UDF1 shows [Jc 2h]
Unrest awarded 5000
UDF1 awarded -5000

Round #551, UDF1 (-149274), Unrest (149274)
UDF1 posts blind: 10
Unrest posts blind: 20
UDF1 received [Td Ad]
Unrest received [Qc Jd]
UDF1 raises to 5000
Unrest calls
Flop [7s Kd 9h], UDF1 (5000), Unrest (5000)
Unrest bids 0
UDF1 bids 0
UDF1 won the auction and was revealed [Jd]
Unrest won the auction and was revealed [Td]
Flop [7s Kd 9h], UDF1 (5000), Unrest (5000)
Unrest checks
UDF1 checks
Turn [7s Kd 9h Jc], UDF1 (5000), Unrest (5000)
Unrest checks
UDF1 checks
River [7s Kd 9h Jc Jh], UDF1 (5000), Unrest (5000)
Unrest checks
UDF1 checks
UDF1 shows [Td Ad]
Unrest shows [Qc Jd]
UDF1 awarded -5000
Unrest awarded 5000

Round #552, Unrest (154274), UDF1 (-154274)
Unrest posts blind: 10
UDF1 posts blind: 20
Unrest received [7s 9c]
UDF1 received [Ts 8d]
Unrest calls
UDF1 raises to 5000
Unrest calls
Flop [6s 6c Ah], Unrest (5000), UDF1 (5000)
UDF1 bids 0
Unrest bids 0
Unrest won the auction and was revealed [Ts]
UDF1 won the auction and was revealed [9c]
Flop [6s 6c Ah], Unrest (5000), UDF1 (5000)
UDF1 checks
Unrest checks
Turn [6s 6c Ah Qc], Unrest (5000), UDF1 (5000)
UDF1 checks
Unrest checks
River [6s 6c Ah Qc 7c], Unrest (5000), UDF1 (5000)
UDF1 checks
Unrest checks
Unrest shows [7s 9c]
UDF1 shows [Ts 8d]
Unrest awarded 5000
UDF1 awarded -5000

Round #553, UDF1 (-159274), Unrest (159274)
UDF1 posts blind: 10
Unrest posts blind: 20
UDF1 received [8h Td]
Unrest received [5h Qh]
UDF1 raises to 5000
Unrest calls
Flop [2s 9h 4h], UDF1 (5000), Unrest (5000)
Unrest bids 0
UDF1 bids 0
UDF1 won the auction and was revealed [Qh]
Unrest won the auction and was revealed [Td]
Flop [2s 9h 4h], UDF1 (5000), Unrest (5000)
Unrest checks
UDF1 checks
Turn [2s 9h 4h 6s], UDF1 (5000), Unrest (5000)
Unrest checks
UDF1 checks
River [2s 9h 4h 6s 4d], UDF1 (5000), Unrest (5000)
Unrest checks
UDF1 checks
UDF1 shows [8h Td]
Unrest shows [5h Qh]
UDF1 awarded -5000
Unrest awarded 5000

Round #554, Unrest (164274), UDF1 (-164274)
Unrest posts blind: 10
UDF1 posts blind: 20
Unrest received [Qc Qh]
UDF1 received [Ks 4h]
Unrest raises to 40
UDF1 raises to 5000
Unrest calls
Flop [Jh 6h Ad], Unrest (5000), UDF1 (5000)
UDF1 bids 0
Unrest bids 0
Unrest won the auction and was revealed [Ks]
UDF1 won the auction and was revealed [Qh]
Flop [Jh 6h Ad], Unrest (5000), UDF1 (5000)
UDF1 checks
Unrest checks
Turn [Jh 6h Ad 2h], Unrest (5000), UDF1 (5000)
UDF1 checks
Unrest checks
River [Jh 6h Ad 2h 2d], Unrest (5000), UDF1 (5000)
UDF1 checks
Unrest checks
Unrest shows [Qc Qh]
UDF1 shows [Ks 4h]
Unrest awarded 5000
UDF1 awarded -5000

Round #555, UDF1 (-169274), Unrest (169274)
UDF1 posts blind: 10
Unrest posts blind: 20
UDF1 received [8c Tc]
Unrest received [4d 7s]
UDF1 raises to 5000
Unrest folds
UDF1 awarded 20
Unrest awarded -20

Round #556, Unrest (169254), UDF1 (-169254)
Unrest posts blind: 10
UDF1 posts blind: 20
Unrest received [8h 5d]
UDF1 received [Tc As]
Unrest folds
Unrest awarded -10
UDF1 awarded 10

Round #557, UDF1 (-169244), Unrest (169244)
UDF1 posts blind: 10
Unrest posts blind: 20
UDF1 received [6c Ts]
Unrest received [5s 4c]
UDF1 raises to 50
Unrest folds
UDF1 awarded 20
Unrest awarded -20

Round #558, Unrest (169224), UDF1 (-169224)
Unrest posts blind: 10
UDF1 posts blind: 20
Unrest received [2d 4s]
UDF1 received [Ac 2s]
Unrest folds
Unrest awarded -10
UDF1 awarded 10

Round #559, UDF1 (-169214), Unrest (169214)
UDF1 posts blind: 10
Unrest posts blind: 20
UDF1 received [4c 7h]
Unrest received [Th 2d]
UDF1 raises to 5000
Unrest calls
Flop [4h Ks Jc], UDF1 (5000), Unrest (5000)
Unrest bids 0
UDF1 bids 0
UDF1 won the auction and was revealed [2d]
Unrest won the auction and was revealed [4c]
Flop [4h Ks Jc], UDF1 (5000), Unrest (5000)
Unrest checks
UDF1 checks
Turn [4h Ks Jc 2s], UDF1 (5000), Unrest (5000)
Unrest checks
UDF1 checks
River [4h Ks Jc 2s Tc], UDF1 (5000), Unrest (5000)
Unrest checks
UDF1 checks
UDF1 shows [4c 7h]
Unrest shows [Th 2d]
UDF1 awarded -5000
Unrest awarded 5000

Round #560, Unrest (174214), UDF1 (-174214)
Unrest posts blind: 10
UDF1 posts blind: 20
Unrest received [7s 4s]
UDF1 received [5c 8h]
Unrest folds
Unrest awarded -10
UDF1 awarded 10

Round #561, UDF1 (-174204), Unrest (174204)
UDF1 posts blind: 10
Unrest posts blind: 20
UDF1 received [Qs 3d]
Unrest received [6s 9c]
UDF1 raises to 5000
Unrest calls
Flop [5s Qh Jh], UDF1 (5000), Unrest (5000)
Unrest bids 0
UDF1 bids 0
UDF1 won the auction and was revealed [6s]
Unrest won the auction and was revealed [3d]
Flop [5s Qh Jh], UDF1 (5000), Unrest (5000)
Unrest checks
UDF1 checks
Turn [5s Qh Jh 4h], UDF1 (5000), Unrest (5000)
Unrest checks
UDF1 checks
River [5s Qh Jh 4h Ac], UDF1 (5000), Unrest (5000)
Unrest checks
UDF1 checks
UDF1 shows [Qs 3d]
Unrest shows [6s 9c]
UDF1 awarded 5000
Unrest awarded -5000

Round #562, Unrest (169204), UDF1 (-169204)
Unrest posts blind: 10
UDF1 posts blind: 20
Unrest received [Kh 3d]
UDF1 received [6c 2s]
Unrest calls
UDF1 raises to 46
Unrest calls
Flop [Ad Qd 2h], Unrest (46), UDF1 (46)
UDF1 bids 54
Unrest bids 247
Unrest won the auction and was revealed [2s]
Flop [Ad Qd 2h], Unrest (100), UDF1 (46)
UDF1 bets 4900
Unrest folds
Unrest awarded -100
UDF1 awarded 100

Round #563, UDF1 (-169104), Unrest (169104)
UDF1 posts blind: 10
Unrest posts blind: 20
UDF1 received [8c 6s]
Unrest received [Qc Qd]
UDF1 raises to 50
Unrest calls
Flop [Js 8d 6h], UDF1 (50), Unrest (50)
Unrest bids 1237
UDF1 bids 53
Unrest won the auction and was revealed [6s]
Flop [Js 8d 6h], UDF1 (50), Unrest (103)
Unrest bets 20
UDF1 raises to 4897
Unrest calls
Turn [Js 8d 6h 5d], UDF1 (4947), Unrest (5000)
Unrest checks
UDF1 checks
River [Js 8d 6h 5d 7h], UDF1 (4947), Unrest (5000)
Unrest checks
UDF1 checks
UDF1 shows [8c 6s]
Unrest shows [Qc Qd]
UDF1 awarded 5000
Unrest awarded -5000

Round #564, Unrest (164104), UDF1 (-164104)
Unrest posts blind: 10
UDF1 posts blind: 20
Unrest received [2s 9h]
UDF1 received [Qd 2h]
Unrest folds
Unrest awarded -10
UDF1 awarded 10

Round #565, UDF1 (-164094), Unrest (164094)
UDF1 posts blind: 10
Unrest posts blind: 20
UDF1 received [Ad Ks]
Unrest received [Ts 7d]
UDF1 raises to 5000
Unrest calls
Flop [7s 3s As], UDF1 (5000), Unrest (5000)
Unrest bids 0
UDF1 bids 0
UDF1 won the auction and was revealed [Ts]
Unrest won the auction and was revealed [Ks]
Flop [7s 3s As], UDF1 (5000), Unrest (5000)
Unrest checks
UDF1 checks
Turn [7s 3s As 6c], UDF1 (5000), Unrest (5000)
Unrest checks
UDF1 checks
River [7s 3s As 6c Qs], UDF1 (5000), Unrest (5000)
Unrest checks
UDF1 checks
UDF1 shows [Ad Ks]
Unrest shows [Ts 7d]
UDF1 awarded 5000
Unrest awarded -5000

Round #566, Unrest (159094), UDF1 (-159094)
Unrest posts blind: 10
UDF1 posts blind: 20
Unrest received [Th 3c]
UDF1 received [9h 4c]
Unrest calls
UDF1 raises to 5000
Unrest calls
Flop [7h As Kh], Unrest (5000), UDF1 (5000)
UDF1 bids 0
Unrest bids 0
Unrest won the auction and was revealed [9h]
UDF1 won the auction and was revealed [3c]
Flop [7h As Kh], Unrest (5000), UDF1 (5000)
UDF1 checks
Unrest checks
Turn [7h As Kh Ah], Unrest (5000), UDF1 (5000)
UDF1 checks
Unrest checks
River [7h As Kh Ah 4d], Unrest (5000), UDF1 (5000)
UDF1 checks
Unrest checks
Unrest shows [Th 3c]
UDF1 shows [9h 4c]
Unrest awarded -5000
UDF1 awarded 5000

Round #567, UDF1 (-154094), Unrest (154094)
UDF1 posts blind: 10
Unrest posts blind: 20
UDF1 received [2h Td]
Unrest received [4c As]
UDF1 raises to 5000
Unrest calls
Flop [Qd Jd 3c], UDF1 (5000), Unrest (5000)
Unrest bids 0
UDF1 bids 0
UDF1 won the auction and was revealed [As]
Unrest won the auction and was revealed [2h]
Flop [Qd Jd 3c], UDF1 (5000), Unrest (5000)
Unrest checks
UDF1 checks
Turn [Qd Jd 3c 9d], UDF1 (5000), Unrest (5000)
Unrest checks
UDF1 checks
River [Qd Jd 3c 9d 9h], UDF1 (5000), Unrest (5000)
Unrest checks
UDF1 checks
UDF1 shows [2h Td]
Unrest shows [4c As]
UDF1 awarded -5000
Unrest awarded 5000

Round #568, Unrest (159094), UDF1 (-159094)
Unrest posts blind: 10
UDF1 posts blind: 20
Unrest received [2h 5s]
UDF1 received [Kh Jc]
Unrest folds
Unrest awarded -10
UDF1 awarded 10

Round #569, UDF1 (-159084), Unrest (159084)
UDF1 posts blind: 10
Unrest posts blind: 20
UDF1 received [Jh 2s]
Unrest received [9d Tc]
UDF1 raises to 5000
Unrest calls
Flop [Th 7s Qs], UDF1 (5000), Unrest (5000)
Unrest bids 0
UDF1 bids 0
UDF1 won the auction and was revealed [9d]
Unrest won the auction and was revealed [Jh]
Flop [Th 7s Qs], UDF1 (5000), Unrest (5000)
Unrest checks
UDF1 checks
Turn [Th 7s Qs 4d], UDF1 (5000), Unrest (5000)
Unrest checks
UDF1 checks
River [Th 7s Qs 4d 2c], UDF1 (5000), Unrest (5000)
Unrest checks
UDF1 checks
UDF1 shows [Jh 2s]
Unrest shows [9d Tc]
UDF1 awarded -5000
Unrest awarded 5000

Round #570, Unrest (164084), UDF1 (-164084)
Unrest posts blind: 10
UDF1 posts blind: 20
Unrest received [6h 5c]
UDF1 received [2s 6s]
Unrest folds
Unrest awarded -10
UDF1 awarded 10

Round #571, UDF1 (-164074), Unrest (164074)
UDF1 posts blind: 10
Unrest posts blind: 20
UDF1 received [Ks Js]
Unrest received [9d 4d]
UDF1 raises to 5000
Unrest calls
Flop [6s 6c 3d], UDF1 (5000), Unrest (5000)
Unrest bids 0
UDF1 bids 0
UDF1 won the auction and was revealed [9d]
Unrest won the auction and was revealed [Js]
Flop [6s 6c 3d], UDF1 (5000), Unrest (5000)
Unrest checks
UDF1 checks
Turn [6s 6c 3d 6d], UDF1 (5000), Unrest (5000)
Unrest checks
UDF1 checks
River [6s 6c 3d 6d 7d], UDF1 (5000), Unrest (5000)
Unrest checks
UDF1 checks
UDF1 shows [Ks Js]
Unrest shows [9d 4d]
UDF1 awarded -5000
Unrest awarded 5000

Round #572, Unrest (169074), UDF1 (-169074)
Unrest posts blind: 10
UDF1 posts blind: 20
Unrest received [7h Jh]
UDF1 received [Td 5d]
Unrest calls
UDF1 checks
Flop [Ts 4c 3h], Unrest (20), UDF1 (20)
UDF1 bids 20
Unrest bids 249
Unrest won the auction and was revealed [5d]
Flop [Ts 4c 3h], Unrest (40), UDF1 (20)
UDF1 checks
Unrest checks
Turn [Ts 4c 3h 2s], Unrest (40), UDF1 (20)
UDF1 bets 4960
Unrest folds
Unrest awarded -40
UDF1 awarded 40

Round #573, UDF1 (-169034), Unrest (169034)
UDF1 posts blind: 10
Unrest posts blind: 20
UDF1 received [Qh 6s]
Unrest received [8h 6d]
UDF1 raises to 5000
Unrest calls
Flop [Jh As 9c], UDF1 (5000), Unrest (5000)
Unrest bids 0
UDF1 bids 0
UDF1 won the auction and was revealed [8h]
Unrest won the auction and was revealed [Qh]
Flop [Jh As 9c], UDF1 (5000), Unrest (5000)
Unrest checks
UDF1 checks
Turn [Jh As 9c 2h], UDF1 (5000), Unrest (5000)
Unrest checks
UDF1 checks
River [Jh As 9c 2h Kc], UDF1 (5000), Unrest (5000)
Unrest checks
UDF1 checks
UDF1 shows [Qh 6s]
Unrest shows [8h 6d]
UDF1 awarded 5000
Unrest awarded -5000

Round #574, Unrest (164034), UDF1 (-164034)
Unrest posts blind: 10
UDF1 posts blind: 20
Unrest received [Qh 9s]
UDF1 received [2c Qd]
Unrest calls
UDF1 checks
Flop [Js 7d 4h], Unrest (20), UDF1 (20)
UDF1 bids 19
Unrest bids 249
Unrest won the auction and was revealed [Qd]
Flop [Js 7d 4h], Unrest (39), UDF1 (20)
UDF1 checks
Unrest checks
Turn [Js 7d 4h 9h], Unrest (39), UDF1 (20)
UDF1 bets 38
Unrest calls
River [Js 7d 4h 9h 6c], Unrest (77), UDF1 (58)
UDF1 checks
Unrest bets 20
UDF1 calls
Unrest shows [Qh 9s]
UDF1 shows [2c Qd]
Unrest awarded 78
UDF1 awarded -78

Round #575, UDF1 (-164112), Unrest (164112)
UDF1 posts blind: 10
Unrest posts blind: 20
UDF1 received [Js Ks]
Unrest received [Td 9c]
UDF1 raises to 5000
Unrest calls
Flop [4s Ad 3c], UDF1 (5000), Unrest (5000)
Unrest bids 0
UDF1 bids 0
UDF1 won the auction and was revealed [Td]
Unrest won the auction and was revealed [Js]
Flop [4s Ad 3c], UDF1 (5000), Unrest (5000)
Unrest checks
UDF1 checks
Turn [4s Ad 3c 6h], UDF1 (5000), Unrest (5000)
Unrest checks
UDF1 checks
River [4s Ad 3c 6h Qc], UDF1 (5000), Unrest (5000)
Unrest checks
UDF1 checks
UDF1 shows [Js Ks]
Unrest shows [Td 9c]
UDF1 awarded 5000
Unrest awarded -5000

Round #576, Unrest (159112), UDF1 (-159112)
Unrest posts blind: 10
UDF1 posts blind: 20
Unrest received [4h 7s]
UDF1 received [3s Qs]
Unrest folds
Unrest awarded -10
UDF1 awarded 10

Round #577, UDF1 (-159102), Unrest (159102)
UDF1 posts blind: 10
Unrest posts blind: 20
UDF1 received [8c 6d]
Unrest received [Kd 4d]
UDF1 raises to 5000
Unrest calls
Flop [Qs 7c Ad], UDF1 (5000), Unrest (5000)
Unrest bids 0
UDF1 bids 0
UDF1 won the auction and was revealed [Kd]
Unrest won the auction and was revealed [8c]
Flop [Qs 7c Ad], UDF1 (5000), Unrest (5000)
Unrest checks
UDF1 checks
Turn [Qs 7c Ad 6c], UDF1 (5000), Unrest (5000)
Unrest checks
UDF1 checks
River [Qs 7c Ad 6c 4h], UDF1 (5000), Unrest (5000)
Unrest checks
UDF1 checks
UDF1 shows [8c 6d]
Unrest shows [Kd 4d]
UDF1 awarded 5000
Unrest awarded -5000

Round #578, Unrest (154102), UDF1 (-154102)
Unrest posts blind: 10
UDF1 posts blind: 20
Unrest received [2s 8s]
UDF1 received [Th Ad]
Unrest calls
UDF1 raises to 5000
Unrest calls
Flop [6h Td 4d], Unrest (5000), UDF1 (5000)
UDF1 bids 0
Unrest bids 0
Unrest won the auction and was revealed [Ad]
UDF1 won the auction and was revealed [8s]
Flop [6h Td 4d], Unrest (5000), UDF1 (5000)
UDF1 checks
Unrest checks
Turn [6h Td 4d 9c], Unrest (5000), UDF1 (5000)
UDF1 checks
Unrest checks
River [6h Td 4d 9c Jc], Unrest (5000), UDF1 (5000)
UDF1 checks
Unrest checks
Unrest shows [2s 8s]
UDF1 shows [Th Ad]
Unrest awarded -5000
UDF1 awarded 5000

Round #579, UDF1 (-149102), Unrest (149102)
UDF1 posts blind: 10
Unrest posts blind: 20
UDF1 received [7h Ah]
Unrest received [4d 4s]
UDF1 calls
Unrest raises to 40
UDF1 raises to 5000
Unrest calls
Flop [3d Ks 9s], UDF1 (5000), Unrest (5000)
Unrest bids 0
UDF1 bids 0
UDF1 won the auction and was revealed [4s]
Unrest won the auction and was revealed [Ah]
Flop [3d Ks 9s], UDF1 (5000), Unrest (5000)
Unrest checks
UDF1 checks
Turn [3d Ks 9s 7d], UDF1 (5000), Unrest (5000)
Unrest checks
UDF1 checks
River [3d Ks 9s 7d 9h], UDF1 (5000), Unrest (5000)
Unrest checks
UDF1 checks
UDF1 shows [7h Ah]
Unrest shows [4d 4s]
UDF1 awarded 5000
Unrest awarded -5000

Round #580, Unrest (144102), UDF1 (-144102)
Unrest posts blind: 10
UDF1 posts blind: 20
Unrest received [3s 3h]
UDF1 received [4s 7c]
Unrest raises to 40
UDF1 calls
Flop [7h 6s Ad], Unrest (40), UDF1 (40)
UDF1 bids 45
Unrest bids 1240
Unrest won the auction and was revealed [7c]
Flop [7h 6s Ad], Unrest (85), UDF1 (40)
UDF1 bets 4915
Unrest calls
Turn [7h 6s Ad Qd], Unrest (5000), UDF1 (4955)
UDF1 checks
Unrest checks
River [7h 6s Ad Qd Th], Unrest (5000), UDF1 (4955)
UDF1 checks
Unrest checks
Unrest shows [3s 3h]
UDF1 shows [4s 7c]
Unrest awarded -5000
UDF1 awarded 5000

Round #581, UDF1 (-139102), Unrest (139102)
UDF1 posts blind: 10
Unrest posts blind: 20
UDF1 received [7d 9c]
Unrest received [5c 5h]
UDF1 raises to 5000
Unrest calls
Flop [6h Qh Th], UDF1 (5000), Unrest (5000)
Unrest bids 0
UDF1 bids 0
UDF1 won the auction and was revealed [5h]
Unrest won the auction and was revealed [7d]
Flop [6h Qh Th], UDF1 (5000), Unrest (5000)
Unrest checks
UDF1 checks
Turn [6h Qh Th 3d], UDF1 (5000), Unrest (5000)
Unrest checks
UDF1 checks
River [6h Qh Th 3d 6s], UDF1 (5000), Unrest (5000)
Unrest checks
UDF1 checks
UDF1 shows [7d 9c]
Unrest shows [5c 5h]
UDF1 awarded -5000
Unrest awarded 5000

Round #582, Unrest (144102), UDF1 (-144102)
Unrest posts blind: 10
UDF1 posts blind: 20
Unrest received [2d Ah]
UDF1 received [4h Jd]
Unrest calls
UDF1 raises to 46
Unrest calls
Flop [Kd 5c 8h], Unrest (46), UDF1 (46)
UDF1 bids 49
Unrest bids 247
Unrest won the auction and was revealed [Jd]
Flop [Kd 5c 8h], Unrest (95), UDF1 (46)
UDF1 bets 4905
Unrest folds
Unrest awarded -95
UDF1 awarded 95

Round #583, UDF1 (-144007), Unrest (144007)
UDF1 posts blind: 10
Unrest posts blind: 20
UDF1 received [Ks 7c]
Unrest received [6d Ac]
UDF1 raises to 5000
Unrest calls
Flop [Qh 2h Kh], UDF1 (5000), Unrest (5000)
Unrest bids 0
UDF1 bids 0
UDF1 won the auction and was revealed [Ac]
Unrest won the auction and was revealed [Ks]
Flop [Qh 2h Kh], UDF1 (5000), Unrest (5000)
Unrest checks
UDF1 checks
Turn [Qh 2h Kh 9c], UDF1 (5000), Unrest (5000)
Unrest checks
UDF1 checks
River [Qh 2h Kh 9c Tc], UDF1 (5000), Unrest (5000)
Unrest checks
UDF1 checks
UDF1 shows [Ks 7c]
Unrest shows [6d Ac]
UDF1 awarded 5000
Unrest awarded -5000

Round #584, Unrest (139007), UDF1 (-139007)
Unrest posts blind: 10
UDF1 posts blind: 20
Unrest received [4c Jd]
UDF1 received [6s 9h]
Unrest calls
UDF1 checks
Flop [9s 5h 7d], Unrest (20), UDF1 (20)
UDF1 bids 36
Unrest bids 249
Unrest won the auction and was revealed [9h]
Flop [9s 5h 7d], Unrest (56), UDF1 (20)
UDF1 bets 4944
Unrest folds
Unrest awarded -56
UDF1 awarded 56

Round #585, UDF1 (-138951), Unrest (138951)
UDF1 posts blind: 10
Unrest posts blind: 20
UDF1 received [9h 6s]
Unrest received [Kc 7h]
UDF1 raises to 50
Unrest calls
Flop [3h Kd 6d], UDF1 (50), Unrest (50)
Unrest bids 742
UDF1 bids 56
Unrest won the auction and was revealed [9h]
Flop [3h Kd 6d], UDF1 (50), Unrest (106)
Unrest bets 20
UDF1 raises to 4894
Unrest calls
Turn [3h Kd 6d Qd], UDF1 (4944), Unrest (5000)
Unrest checks
UDF1 checks
River [3h Kd 6d Qd 8s], UDF1 (4944), Unrest (5000)
Unrest checks
UDF1 checks
UDF1 shows [9h 6s]
Unrest shows [Kc 7h]
UDF1 awarded -4944
Unrest awarded 4944

Round #586, Unrest (143895), UDF1 (-143895)
Unrest posts blind: 10
UDF1 posts blind: 20
Unrest received [As Td]
UDF1 received [9s Ts]
Unrest raises to 40
UDF1 raises to 5000
Unrest calls
Flop [6c 5c 8d], Unrest (5000), UDF1 (5000)
UDF1 bids 0
Unrest bids 0
Unrest won the auction and was revealed [9s]
UDF1 won the auction and was revealed [As]
Flop [6c 5c 8d], Unrest (5000), UDF1 (5000)
UDF1 checks
Unrest checks
Turn [6c 5c 8d 8c], Unrest (5000), UDF1 (5000)
UDF1 checks
Unrest checks
River [6c 5c 8d 8c 6s], Unrest (5000), UDF1 (5000)
UDF1 checks
Unrest checks
Unrest shows [As Td]
UDF1 shows [9s Ts]
Unrest awarded 5000
UDF1 awarded -5000

Round #587, UDF1 (-148895), Unrest (148895)
UDF1 posts blind: 10
Unrest posts blind: 20
UDF1 received [Qd Js]
Unrest received [3c 8c]
UDF1 raises to 5000
Unrest calls
Flop [7c 2s 8h], UDF1 (5000), Unrest (5000)
Unrest bids 0
UDF1 bids 0
UDF1 won the auction and was revealed [3c]
Unrest won the auction and was revealed [Qd]
Flop [7c 2s 8h], UDF1 (5000), Unrest (5000)
Unrest checks
UDF1 checks
Turn [7c 2s 8h 4c], UDF1 (5000), Unrest (5000)
Unrest checks
UDF1 checks
River [7c 2s 8h 4c 5d], UDF1 (5000), Unrest (5000)
Unrest checks
UDF1 checks
UDF1 shows [Qd Js]
Unrest shows [3c 8c]
UDF1 awarded -5000
Unrest awarded 5000

Round #588, Unrest (153895), UDF1 (-153895)
Unrest posts blind: 10
UDF1 posts blind: 20
Unrest received [8s 5c]
UDF1 received [9s 3c]
Unrest folds
Unrest awarded -10
UDF1 awarded 10

Round #589, UDF1 (-153885), Unrest (153885)
UDF1 posts blind: 10
Unrest posts blind: 20
UDF1 received [9s 5s]
Unrest received [4d 4c]
UDF1 calls
Unrest raises to 40
UDF1 raises to 5000
Unrest calls
Flop [8h 2h 3h], UDF1 (5000), Unrest (5000)
Unrest bids 0
UDF1 bids 0
UDF1 won the auction and was revealed [4c]
Unrest won the auction and was revealed [5s]
Flop [8h 2h 3h], UDF1 (5000), Unrest (5000)
Unrest checks
UDF1 checks
Turn [8h 2h 3h 9d], UDF1 (5000), Unrest (5000)
Unrest checks
UDF1 checks
River [8h 2h 3h 9d 9c], UDF1 (5000), Unrest (5000)
Unrest checks
UDF1 checks
UDF1 shows [9s 5s]
Unrest shows [4d 4c]
UDF1 awarded 5000
Unrest awarded -5000

Round #590, Unrest (148885), UDF1 (-148885)
Unrest posts blind: 10
UDF1 posts blind: 20
Unrest received [Ks Jc]
UDF1 received [Jd Qs]
Unrest raises to 40
UDF1 raises to 5000
Unrest calls
Flop [Kc 4h Qc], Unrest (5000), UDF1 (5000)
UDF1 bids 0
Unrest bids 0
Unrest won the auction and was revealed [Jd]
UDF1 won the auction and was revealed [Ks]
Flop [Kc 4h Qc], Unrest (5000), UDF1 (5000)
UDF1 checks
Unrest checks
Turn [Kc 4h Qc 4c], Unrest (5000), UDF1 (5000)
UDF1 checks
Unrest checks
River [Kc 4h Qc 4c Kd], Unrest (5000), UDF1 (5000)
UDF1 checks
Unrest checks
Unrest shows [Ks Jc]
UDF1 shows [Jd Qs]
Unrest awarded 5000
UDF1 awarded -5000

Round #591, UDF1 (-153885), Unrest (153885)
UDF1 posts blind: 10
Unrest posts blind: 20
UDF1 received [4h Td]
Unrest received [2c Ac]
UDF1 raises to 5000
Unrest calls
Flop [8d 2d Tc], UDF1 (5000), Unrest (5000)
Unrest bids 0
UDF1 bids 0
UDF1 won the auction and was revealed [2c]
Unrest won the auction and was revealed [4h]
Flop [8d 2d Tc], UDF1 (5000), Unrest (5000)
Unrest checks
UDF1 checks
Turn [8d 2d Tc Kh], UDF1 (5000), Unrest (5000)
Unrest checks
UDF1 checks
River [8d 2d Tc Kh 3d], UDF1 (5000), Unrest (5000)
Unrest checks
UDF1 checks
UDF1 shows [4h Td]
Unrest shows [2c Ac]
UDF1 awarded 5000
Unrest awarded -5000

Round #592, Unrest (148885), UDF1 (-148885)
Unrest posts blind: 10
UDF1 posts blind: 20
Unrest received [7d Ts]
UDF1 received [8d Ah]
Unrest calls
UDF1 raises to 5000
Unrest calls
Flop [Ac Td Qc], Unrest (5000), UDF1 (5000)
UDF1 bids 0
Unrest bids 0
Unrest won the auction and was revealed [Ah]
UDF1 won the auction and was revealed [Ts]
Flop [Ac Td Qc], Unrest (5000), UDF1 (5000)
UDF1 checks
Unrest checks
Turn [Ac Td Qc As], Unrest (5000), UDF1 (5000)
UDF1 checks
Unrest checks
River [Ac Td Qc As 4h], Unrest (5000), UDF1 (5000)
UDF1 checks
Unrest checks
Unrest shows [7d Ts]
UDF1 shows [8d Ah]
Unrest awarded -5000
UDF1 awarded 5000

Round #593, UDF1 (-143885), Unrest (143885)
UDF1 posts blind: 10
Unrest posts blind: 20
UDF1 received [5s 8c]
Unrest received [3c 6s]
UDF1 raises to 50
Unrest folds
UDF1 awarded 20
Unrest awarded -20

Round #594, Unrest (143865), UDF1 (-143865)
Unrest posts blind: 10
UDF1 posts blind: 20
Unrest received [6s Ks]
UDF1 received [3h 9h]
Unrest raises to 40
UDF1 raises to 100
Unrest raises to 160
UDF1 raises to 5000
Unrest calls
Flop [4s Ah Jc], Unrest (5000), UDF1 (5000)
UDF1 bids 0
Unrest bids 0
Unrest won the auction and was revealed [9h]
UDF1 won the auction and was revealed [6s]
Flop [4s Ah Jc], Unrest (5000), UDF1 (5000)
UDF1 checks
Unrest checks
Turn [4s Ah Jc Kd], Unrest (5000), UDF1 (5000)
UDF1 checks
Unrest checks
River [4s Ah Jc Kd 7s], Unrest (5000), UDF1 (5000)
UDF1 checks
Unrest checks
Unrest shows [6s Ks]
UDF1 shows [3h 9h]
Unrest awarded 5000
UDF1 awarded -5000

Round #595, UDF1 (-148865), Unrest (148865)
UDF1 posts blind: 10
Unrest posts blind: 20
UDF1 received [2d 2h]
Unrest received [Jh 9h]
UDF1 raises to 1387
Unrest calls
Flop [3d 5c 2s], UDF1 (1387), Unrest (1387)
Unrest bids 180
UDF1 bids 116
Unrest won the auction and was revealed [2d]
Flop [3d 5c 2s], UDF1 (1387), Unrest (1503)
Unrest checks
UDF1 bets 2693
Unrest calls
Turn [3d 5c 2s Ac], UDF1 (4080), Unrest (4196)
Unrest checks
UDF1 bets 804
Unrest calls
River [3d 5c 2s Ac 9c], UDF1 (4884), Unrest (5000)
Unrest checks
UDF1 checks
UDF1 shows [2d 2h]
Unrest shows [Jh 9h]
UDF1 awarded 5000
Unrest awarded -5000

Round #596, Unrest (143865), UDF1 (-143865)
Unrest posts blind: 10
UDF1 posts blind: 20
Unrest received [Ts 9h]
UDF1 received [Jc Kd]
Unrest calls
UDF1 raises to 5000
Unrest calls
Flop [2h 9c 5s], Unrest (5000), UDF1 (5000)
UDF1 bids 0
Unrest bids 0
Unrest won the auction and was revealed [Kd]
UDF1 won the auction and was revealed [Ts]
Flop [2h 9c 5s], Unrest (5000), UDF1 (5000)
UDF1 checks
Unrest checks
Turn [2h 9c 5s 6s], Unrest (5000), UDF1 (5000)
UDF1 checks
Unrest checks
River [2h 9c 5s 6s 8c], Unrest (5000), UDF1 (5000)
UDF1 checks
Unrest checks
Unrest shows [Ts 9h]
UDF1 shows [Jc Kd]
Unrest awarded 5000
UDF1 awarded -5000

Round #597, UDF1 (-148865), Unrest (148865)
UDF1 posts blind: 10
Unrest posts blind: 20
UDF1 received [Jd 9c]
Unrest received [5c Tc]
UDF1 raises to 5000
Unrest calls
Flop [Kh Qs 6s], UDF1 (5000), Unrest (5000)
Unrest bids 0
UDF1 bids 0
UDF1 won the auction and was revealed [Tc]
Unrest won the auction and was revealed [Jd]
Flop [Kh Qs 6s], UDF1 (5000), Unrest (5000)
Unrest checks
UDF1 checks
Turn [Kh Qs 6s 5h], UDF1 (5000), Unrest (5000)
Unrest checks
UDF1 checks
River [Kh Qs 6s 5h Qd], UDF1 (5000), Unrest (5000)
Unrest checks
UDF1 checks
UDF1 shows [Jd 9c]
Unrest shows [5c Tc]
UDF1 awarded -5000
Unrest awarded 5000

Round #598, Unrest (153865), UDF1 (-153865)
Unrest posts blind: 10
UDF1 posts blind: 20
Unrest received [3h 7c]
UDF1 received [Qc Jc]
Unrest folds
Unrest awarded -10
UDF1 awarded 10

Round #599, UDF1 (-153855), Unrest (153855)
UDF1 posts blind: 10
Unrest posts blind: 20
UDF1 received [2s 5h]
Unrest received [9s Qd]
UDF1 raises to 50
Unrest calls
Flop [Th 4d 8c], UDF1 (50), Unrest (50)
Unrest bids 247
UDF1 bids 48
Unrest won the auction and was revealed [2s]
Flop [Th 4d 8c], UDF1 (50), Unrest (98)
Unrest checks
UDF1 bets 97
Unrest calls
Turn [Th 4d 8c Qs], UDF1 (147), Unrest (195)
Unrest bets 20
UDF1 folds
UDF1 awarded -147
Unrest awarded 147

Round #600, Unrest (154002), UDF1 (-154002)
Unrest posts blind: 10
UDF1 posts blind: 20
Unrest received [5c 4s]
UDF1 received [6s Ah]
Unrest folds
Unrest awarded -10
UDF1 awarded 10

Round #601, UDF1 (-153992), Unrest (153992)
UDF1 posts blind: 10
Unrest posts blind: 20
UDF1 received [6c 4c]
Unrest received [5c Js]
UDF1 raises to 50
Unrest calls
Flop [Jc 5s 5h], UDF1 (50), Unrest (50)
Unrest bids 1237
UDF1 bids 18
Unrest won the auction and was revealed [4c]
Flop [Jc 5s 5h], UDF1 (50), Unrest (68)
Unrest bets 20
UDF1 folds
UDF1 awarded -50
Unrest awarded 50

Round #602, Unrest (154042), UDF1 (-154042)
Unrest posts blind: 10
UDF1 posts blind: 20
Unrest received [7c Kd]
UDF1 received [Ad 7h]
Unrest calls
UDF1 raises to 5000
Unrest calls
Flop [7d Qh 8s], Unrest (5000), UDF1 (5000)
UDF1 bids 0
Unrest bids 0
Unrest won the auction and was revealed [7h]
UDF1 won the auction and was revealed [7c]
Flop [7d Qh 8s], Unrest (5000), UDF1 (5000)
UDF1 checks
Unrest checks
Turn [7d Qh 8s 9s], Unrest (5000), UDF1 (5000)
UDF1 checks
Unrest checks
River [7d Qh 8s 9s Qc], Unrest (5000), UDF1 (5000)
UDF1 checks
Unrest checks
Unrest shows [7c Kd]
UDF1 shows [Ad 7h]
Unrest awarded -5000
UDF1 awarded 5000

Round #603, UDF1 (-149042), Unrest (149042)
UDF1 posts blind: 10
Unrest posts blind: 20
UDF1 received [7s 3s]
Unrest received [Jd 9h]
UDF1 raises to 5000
Unrest calls
Flop [Jc 4c 5h], UDF1 (5000), Unrest (5000)
Unrest bids 0
UDF1 bids 0
UDF1 won the auction and was revealed [Jd]
Unrest won the auction and was revealed [7s]
Flop [Jc 4c 5h], UDF1 (5000), Unrest (5000)
Unrest checks
UDF1 checks
Turn [Jc 4c 5h Tc], UDF1 (5000), Unrest (5000)
Unrest checks
UDF1 checks
River [Jc 4c 5h Tc 3d], UDF1 (5000), Unrest (5000)
Unrest checks
UDF1 checks
UDF1 shows [7s 3s]
Unrest shows [Jd 9h]
UDF1 awarded -5000
Unrest awarded 5000

Round #604, Unrest (154042), UDF1 (-154042)
Unrest posts blind: 10
UDF1 posts blind: 20
Unrest received [Ts 6h]
UDF1 received [Kc Jc]
Unrest calls
UDF1 raises to 1972
Unrest calls
Flop [6d 2c 6s], Unrest (1972), UDF1 (1972)
UDF1 bids 281
Unrest bids 757
Unrest won the auction and was revealed [Jc]
Flop [6d 2c 6s], Unrest (2253), UDF1 (1972)
UDF1 bets 2747
Unrest calls
Turn [6d 2c 6s 7d], Unrest (5000), UDF1 (4719)
UDF1 checks
Unrest checks
River [6d 2c 6s 7d Qd], Unrest (5000), UDF1 (4719)
UDF1 checks
Unrest checks
Unrest shows [Ts 6h]
UDF1 shows [Kc Jc]
Unrest awarded 4719
UDF1 awarded -4719

Round #605, UDF1 (-158761), Unrest (158761)
UDF1 posts blind: 10
Unrest posts blind: 20
UDF1 received [7d 4h]
Unrest received [2h Kd]
UDF1 raises to 5000
Unrest calls
Flop [6h 4s Th], UDF1 (5000), Unrest (5000)
Unrest bids 0
UDF1 bids 0
UDF1 won the auction and was revealed [2h]
Unrest won the auction and was revealed [4h]
Flop [6h 4s Th], UDF1 (5000), Unrest (5000)
Unrest checks
UDF1 checks
Turn [6h 4s Th 6s], UDF1 (5000), Unrest (5000)
Unrest checks
UDF1 checks
River [6h 4s Th 6s 2s], UDF1 (5000), Unrest (5000)
Unrest checks
UDF1 checks
UDF1 shows [7d 4h]
Unrest shows [2h Kd]
UDF1 awarded 5000
Unrest awarded -5000

Round #606, Unrest (153761), UDF1 (-153761)
Unrest posts blind: 10
UDF1 posts blind: 20
Unrest received [6s 7h]
UDF1 received [9c Ts]
Unrest folds
Unrest awarded -10
UDF1 awarded 10

Round #607, UDF1 (-153751), Unrest (153751)
UDF1 posts blind: 10
Unrest posts blind: 20
UDF1 received [9d 2s]
Unrest received [9h 6c]
UDF1 raises to 5000
Unrest calls
Flop [5s Tc 8s], UDF1 (5000), Unrest (5000)
Unrest bids 0
UDF1 bids 0
UDF1 won the auction and was revealed [6c]
Unrest won the auction and was revealed [9d]
Flop [5s Tc 8s], UDF1 (5000), Unrest (5000)
Unrest checks
UDF1 checks
Turn [5s Tc 8s 3c], UDF1 (5000), Unrest (5000)
Unrest checks
UDF1 checks
River [5s Tc 8s 3c Jd], UDF1 (5000), Unrest (5000)
Unrest checks
UDF1 checks
UDF1 shows [9d 2s]
Unrest shows [9h 6c]
UDF1 awarded -5000
Unrest awarded 5000

Round #608, Unrest (158751), UDF1 (-158751)
Unrest posts blind: 10
UDF1 posts blind: 20
Unrest received [9c 5c]
UDF1 received [Ks Td]
Unrest calls
UDF1 checks
Flop [2h 5s 2s], Unrest (20), UDF1 (20)
UDF1 bids 34
Unrest bids 249
Unrest won the auction and was revealed [Ks]
Flop [2h 5s 2s], Unrest (54), UDF1 (20)
UDF1 bets 4946
Unrest folds
Unrest awarded -54
UDF1 awarded 54

Round #609, UDF1 (-158697), Unrest (158697)
UDF1 posts blind: 10
Unrest posts blind: 20
UDF1 received [9h 3d]
Unrest received [2d 9c]
UDF1 raises to 5000
Unrest calls
Flop [8h 2c 6s], UDF1 (5000), Unrest (5000)
Unrest bids 0
UDF1 bids 0
UDF1 won the auction and was revealed [2d]
Unrest won the auction and was revealed [3d]
Flop [8h 2c 6s], UDF1 (5000), Unrest (5000)
Unrest checks
UDF1 checks
Turn [8h 2c 6s Tc], UDF1 (5000), Unrest (5000)
Unrest checks
UDF1 checks
River [8h 2c 6s Tc 3h], UDF1 (5000), Unrest (5000)
Unrest checks
UDF1 checks
UDF1 shows [9h 3d]
Unrest shows [2d 9c]
UDF1 awarded 5000
Unrest awarded -5000

Round #610, Unrest (153697), UDF1 (-153697)
Unrest posts blind: 10
UDF1 posts blind: 20
Unrest received [5s 9h]
UDF1 received [3c Kd]
Unrest calls
UDF1 raises to 5000
Unrest calls
Flop [6c 8d Ah], Unrest (5000), UDF1 (5000)
UDF1 bids 0
Unrest bids 0
Unrest won the auction and was revealed [3c]
UDF1 won the auction and was revealed [9h]
Flop [6c 8d Ah], Unrest (5000), UDF1 (5000)
UDF1 checks
Unrest checks
Turn [6c 8d Ah 2c], Unrest (5000), UDF1 (5000)
UDF1 checks
Unrest checks
River [6c 8d Ah 2c Qd], Unrest (5000), UDF1 (5000)
UDF1 checks
Unrest checks
Unrest shows [5s 9h]
UDF1 shows [3c Kd]
Unrest awarded -5000
UDF1 awarded 5000

Round #611, UDF1 (-148697), Unrest (148697)
UDF1 posts blind: 10
Unrest posts blind: 20
UDF1 received [2d Ad]
Unrest received [As 6s]
UDF1 raises to 5000
Unrest calls
Flop [4s 7c 3s], UDF1 (5000), Unrest (5000)
Unrest bids 0
UDF1 bids 0
UDF1 won the auction and was revealed [6s]
Unrest won the auction and was revealed [2d]
Flop [4s 7c 3s], UDF1 (5000), Unrest (5000)
Unrest checks
UDF1 checks
Turn [4s 7c 3s 9s], UDF1 (5000), Unrest (5000)
Unrest checks
UDF1 checks
River [4s 7c 3s 9s Jd], UDF1 (5000), Unrest (5000)
Unrest checks
UDF1 checks
UDF1 shows [2d Ad]
Unrest shows [As 6s]
UDF1 awarded -5000
Unrest awarded 5000

Round #612, Unrest (153697), UDF1 (-153697)
Unrest posts blind: 10
UDF1 posts blind: 20
Unrest received [7c 6h]
UDF1 received [6c 6s]
Unrest folds
Unrest awarded -10
UDF1 awarded 10

Round #613, UDF1 (-153687), Unrest (153687)
UDF1 posts blind: 10
Unrest posts blind: 20
UDF1 received [4c Qs]
Unrest received [7s 2h]
UDF1 raises to 5000
Unrest folds
UDF1 awarded 20
Unrest awarded -20

Round #614, Unrest (153667), UDF1 (-153667)
Unrest posts blind: 10
UDF1 posts blind: 20
Unrest received [2s 7d]
UDF1 received [3h 9c]
Unrest folds
Unrest awarded -10
UDF1 awarded 10

Round #615, UDF1 (-153657), Unrest (153657)
UDF1 posts blind: 10
Unrest posts blind: 20
UDF1 received [Jc 7c]
Unrest received [2h Kc]
UDF1 raises to 50
Unrest calls
Flop [5d Tc Td], UDF1 (50), Unrest (50)
Unrest bids 247
UDF1 bids 55
Unrest won the auction and was revealed [Jc]
Flop [5d Tc Td], UDF1 (50), Unrest (105)
Unrest checks
UDF1 bets 4895
Unrest folds
UDF1 awarded 105
Unrest awarded -105

Round #616, Unrest (153552), UDF1 (-153552)
Unrest posts blind: 10
UDF1 posts blind: 20
Unrest received [9d 5s]
UDF1 received [Kh Kc]
Unrest calls
UDF1 raises to 5000
Unrest calls
Flop [Td Th Ad], Unrest (5000), UDF1 (5000)
UDF1 bids 0
Unrest bids 0
Unrest won the auction and was revealed [Kc]
UDF1 won the auction and was revealed [9d]
Flop [Td Th Ad], Unrest (5000), UDF1 (5000)
UDF1 checks
Unrest checks
Turn [Td Th Ad Tc], Unrest (5000), UDF1 (5000)
UDF1 checks
Unrest checks
River [Td Th Ad Tc 2s], Unrest (5000), UDF1 (5000)
UDF1 checks
Unrest checks
Unrest shows [9d 5s]
UDF1 shows [Kh Kc]
Unrest awarded -5000
UDF1 awarded 5000

Round #617, UDF1 (-148552), Unrest (148552)
UDF1 posts blind: 10
Unrest posts blind: 20
UDF1 received [Th Ks]
Unrest received [Ah 6h]
UDF1 raises to 5000
Unrest calls
Flop [4s 7h 3c], UDF1 (5000), Unrest (5000)
Unrest bids 0
UDF1 bids 0
UDF1 won the auction and was revealed [Ah]
Unrest won the auction and was revealed [Ks]
Flop [4s 7h 3c], UDF1 (5000), Unrest (5000)
Unrest checks
UDF1 checks
Turn [4s 7h 3c Jc], UDF1 (5000), Unrest (5000)
Unrest checks
UDF1 checks
River [4s 7h 3c Jc 6d], UDF1 (5000), Unrest (5000)
Unrest checks
UDF1 checks
UDF1 shows [Th Ks]
Unrest shows [Ah 6h]
UDF1 awarded -5000
Unrest awarded 5000

Round #618, Unrest (153552), UDF1 (-153552)
Unrest posts blind: 10
UDF1 posts blind: 20
Unrest received [Ah 4s]
UDF1 received [3h 8h]
Unrest calls
UDF1 checks
Flop [As 8s 2d], Unrest (20), UDF1 (20)
UDF1 bids 19
Unrest bids 1245
Unrest won the auction and was revealed [3h]
Flop [As 8s 2d], Unrest (39), UDF1 (20)
UDF1 bets 4961
Unrest calls
Turn [As 8s 2d 3s], Unrest (5000), UDF1 (4981)
UDF1 checks
Unrest checks
River [As 8s 2d 3s Ac], Unrest (5000), UDF1 (4981)
UDF1 checks
Unrest checks
Unrest shows [Ah 4s]
UDF1 shows [3h 8h]
Unrest awarded 4981
UDF1 awarded -4981

Round #619, UDF1 (-158533), Unrest (158533)
UDF1 posts blind: 10
Unrest posts blind: 20
UDF1 received [7d 2s]
Unrest received [Ts 3d]
UDF1 raises to 50
Unrest calls
Flop [9c 6h 6s], UDF1 (50), Unrest (50)
Unrest bids 247
UDF1 bids 48
Unrest won the auction and was revealed [7d]
Flop [9c 6h 6s], UDF1 (50), Unrest (98)
Unrest checks
UDF1 bets 97
Unrest calls
Turn [9c 6h 6s Td], UDF1 (147), Unrest (195)
Unrest checks
UDF1 bets 225
Unrest calls
River [9c 6h 6s Td 5c], UDF1 (372), Unrest (420)
Unrest checks
UDF1 checks
UDF1 shows [7d 2s]
Unrest shows [Ts 3d]
UDF1 awarded -372
Unrest awarded 372

Round #620, Unrest (158905), UDF1 (-158905)
Unrest posts blind: 10
UDF1 posts blind: 20
Unrest received [7s 3c]
UDF1 received [8h Qh]
Unrest folds
Unrest awarded -10
UDF1 awarded 10

Round #621, UDF1 (-158895), Unrest (158895)
UDF1 posts blind: 10
Unrest posts blind: 20
UDF1 received [6c 4c]
Unrest received [Qh 4s]
UDF1 raises to 5000
Unrest calls
Flop [7d 9d Ad], UDF1 (5000), Unrest (5000)
Unrest bids 0
UDF1 bids 0
UDF1 won the auction and was revealed [4s]
Unrest won the auction and was revealed [6c]
Flop [7d 9d Ad], UDF1 (5000), Unrest (5000)
Unrest checks
UDF1 checks
Turn [7d 9d Ad Ac], UDF1 (5000), Unrest (5000)
Unrest checks
UDF1 checks
River [7d 9d Ad Ac Ts], UDF1 (5000), Unrest (5000)
Unrest checks
UDF1 checks
UDF1 shows [6c 4c]
Unrest shows [Qh 4s]
UDF1 awarded -5000
Unrest awarded 5000

Round #622, Unrest (163895), UDF1 (-163895)
Unrest posts blind: 10
UDF1 posts blind: 20
Unrest received [5c Jh]
UDF1 received [6s 9d]
Unrest calls
UDF1 raises to 5000
Unrest calls
Flop [Ts 5s Kc], Unrest (5000), UDF1 (5000)
UDF1 bids 0
Unrest bids 0
Unrest won the auction and was revealed [9d]
UDF1 won the auction and was revealed [5c]
Flop [Ts 5s Kc], Unrest (5000), UDF1 (5000)
UDF1 checks
Unrest checks
Turn [Ts 5s Kc 7c], Unrest (5000), UDF1 (5000)
UDF1 checks
Unrest checks
River [Ts 5s Kc 7c As], Unrest (5000), UDF1 (5000)
UDF1 checks
Unrest checks
Unrest shows [5c Jh]
UDF1 shows [6s 9d]
Unrest awarded 5000
UDF1 awarded -5000

Round #623, UDF1 (-168895), Unrest (168895)
UDF1 posts blind: 10
Unrest posts blind: 20
UDF1 received [Ts 9d]
Unrest received [3h 7c]
UDF1 raises to 5000
Unrest folds
UDF1 awarded 20
Unrest awarded -20

Round #624, Unrest (168875), UDF1 (-168875)
Unrest posts blind: 10
UDF1 posts blind: 20
Unrest received [9s 5d]
UDF1 received [Ac 6c]
Unrest calls
UDF1 raises to 5000
Unrest calls
Flop [Th 8h Kc], Unrest (5000), UDF1 (5000)
UDF1 bids 0
Unrest bids 0
Unrest won the auction and was revealed [6c]
UDF1 won the auction and was revealed [9s]
Flop [Th 8h Kc], Unrest (5000), UDF1 (5000)
UDF1 checks
Unrest checks
Turn [Th 8h Kc 9c], Unrest (5000), UDF1 (5000)
UDF1 checks
Unrest checks
River [Th 8h Kc 9c 2h], Unrest (5000), UDF1 (5000)
UDF1 checks
Unrest checks
Unrest shows [9s 5d]
UDF1 shows [Ac 6c]
Unrest awarded 5000
UDF1 awarded -5000

Round #625, UDF1 (-173875), Unrest (173875)
UDF1 posts blind: 10
Unrest posts blind: 20
UDF1 received [7c As]
Unrest received [2c 8h]
UDF1 raises to 5000
Unrest folds
UDF1 awarded 20
Unrest awarded -20

Round #626, Unrest (173855), UDF1 (-173855)
Unrest posts blind: 10
UDF1 posts blind: 20
Unrest received [Jc Td]
UDF1 received [4s Tc]
Unrest calls
UDF1 raises to 5000
Unrest calls
Flop [Qd 8s 6h], Unrest (5000), UDF1 (5000)
UDF1 bids 0
Unrest bids 0
Unrest won the auction and was revealed [Tc]
UDF1 won the auction and was revealed [Jc]
Flop [Qd 8s 6h], Unrest (5000), UDF1 (5000)
UDF1 checks
Unrest checks
Turn [Qd 8s 6h 3c], Unrest (5000), UDF1 (5000)
UDF1 checks
Unrest checks
River [Qd 8s 6h 3c 7h], Unrest (5000), UDF1 (5000)
UDF1 checks
Unrest checks
Unrest shows [Jc Td]
UDF1 shows [4s Tc]
Unrest awarded 5000
UDF1 awarded -5000

Round #627, UDF1 (-178855), Unrest (178855)
UDF1 posts blind: 10
Unrest posts blind: 20
UDF1 received [Tc Js]
Unrest received [3h 9h]
UDF1 raises to 5000
Unrest calls
Flop [4c Qc 9d], UDF1 (5000), Unrest (5000)
Unrest bids 0
UDF1 bids 0
UDF1 won the auction and was revealed [9h]
Unrest won the auction and was revealed [Js]
Flop [4c Qc 9d], UDF1 (5000), Unrest (5000)
Unrest checks
UDF1 checks
Turn [4c Qc 9d 7s], UDF1 (5000), Unrest (5000)
Unrest checks
UDF1 checks
River [4c Qc 9d 7s 6h], UDF1 (5000), Unrest (5000)
Unrest checks
UDF1 checks
UDF1 shows [Tc Js]
Unrest shows [3h 9h]
UDF1 awarded -5000
Unrest awarded 5000

Round #628, Unrest (183855), UDF1 (-183855)
Unrest posts blind: 10
UDF1 posts blind: 20
Unrest received [Qh Jh]
UDF1 received [4d Qc]
Unrest raises to 40
UDF1 raises to 5000
Unrest calls
Flop [9s Ah 7h], Unrest (5000), UDF1 (5000)
UDF1 bids 0
Unrest bids 0
Unrest won the auction and was revealed [Qc]
UDF1 won the auction and was revealed [Jh]
Flop [9s Ah 7h], Unrest (5000), UDF1 (5000)
UDF1 checks
Unrest checks
Turn [9s Ah 7h 6h], Unrest (5000), UDF1 (5000)
UDF1 checks
Unrest checks
River [9s Ah 7h 6h 8h], Unrest (5000), UDF1 (5000)
UDF1 checks
Unrest checks
Unrest shows [Qh Jh]
UDF1 shows [4d Qc]
Unrest awarded 5000
UDF1 awarded -5000

Round #629, UDF1 (-188855), Unrest (188855)
UDF1 posts blind: 10
Unrest posts blind: 20
UDF1 received [4c Kd]
Unrest received [Kc 8c]
UDF1 raises to 5000
Unrest calls
Flop [2h 7c 2d], UDF1 (5000), Unrest (5000)
Unrest bids 0
UDF1 bids 0
UDF1 won the auction and was revealed [8c]
Unrest won the auction and was revealed [4c]
Flop [2h 7c 2d], UDF1 (5000), Unrest (5000)
Unrest checks
UDF1 checks
Turn [2h 7c 2d 6c], UDF1 (5000), Unrest (5000)
Unrest checks
UDF1 checks
River [2h 7c 2d 6c Ad], UDF1 (5000), Unrest (5000)
Unrest checks
UDF1 checks
UDF1 shows [4c Kd]
Unrest shows [Kc 8c]
UDF1 awarded -5000
Unrest awarded 5000

Round #630, Unrest (193855), UDF1 (-193855)
Unrest posts blind: 10
UDF1 posts blind: 20
Unrest received [Ks Qd]
UDF1 received [3s As]
Unrest raises to 40
UDF1 raises to 100
Unrest raises to 160
UDF1 raises to 5000
Unrest calls
Flop [Qs Kh Ad], Unrest (5000), UDF1 (5000)
UDF1 bids 0
Unrest bids 0
Unrest won the auction and was revealed [3s]
UDF1 won the auction and was revealed [Ks]
Flop [Qs Kh Ad], Unrest (5000), UDF1 (5000)
UDF1 checks
Unrest checks
Turn [Qs Kh Ad Ah], Unrest (5000), UDF1 (5000)
UDF1 checks
Unrest checks
River [Qs Kh Ad Ah Ts], Unrest (5000), UDF1 (5000)
UDF1 checks
Unrest checks
Unrest shows [Ks Qd]
UDF1 shows [3s As]
Unrest awarded -5000
UDF1 awarded 5000

Round #631, UDF1 (-188855), Unrest (188855)
UDF1 posts blind: 10
Unrest posts blind: 20
UDF1 received [2h 6d]
Unrest received [7s 2s]
UDF1 calls
Unrest checks
Flop [7c Td Kh], UDF1 (20), Unrest (20)
Unrest bids 1245
UDF1 bids 31
Unrest won the auction and was revealed [6d]
Flop [7c Td Kh], UDF1 (20), Unrest (51)
Unrest bets 20
UDF1 raises to 111
Unrest calls
Turn [7c Td Kh 9d], UDF1 (131), Unrest (162)
Unrest checks
UDF1 checks
River [7c Td Kh 9d 4d], UDF1 (131), Unrest (162)
Unrest bets 20
UDF1 folds
UDF1 awarded -131
Unrest awarded 131

Round #632, Unrest (188986), UDF1 (-188986)
Unrest posts blind: 10
UDF1 posts blind: 20
Unrest received [Js 5d]
UDF1 received [5h 3c]
Unrest calls
UDF1 checks
Flop [6s Qc Jh], Unrest (20), UDF1 (20)
UDF1 bids 32
Unrest bids 1245
Unrest won the auction and was revealed [5h]
Flop [6s Qc Jh], Unrest (52), UDF1 (20)
UDF1 bets 47
Unrest calls
Turn [6s Qc Jh 4d], Unrest (99), UDF1 (67)
UDF1 bets 109
Unrest calls
River [6s Qc Jh 4d Ts], Unrest (208), UDF1 (176)
UDF1 checks
Unrest bets 20
UDF1 folds
Unrest awarded 176
UDF1 awarded -176

Round #633, UDF1 (-189162), Unrest (189162)
UDF1 posts blind: 10
Unrest posts blind: 20
UDF1 received [4d Qh]
Unrest received [Qd 6d]
UDF1 raises to 5000
Unrest calls
Flop [5d Qc Jc], UDF1 (5000), Unrest (5000)
Unrest bids 0
UDF1 bids 0
UDF1 won the auction and was revealed [Qd]
Unrest won the auction and was revealed [Qh]
Flop [5d Qc Jc], UDF1 (5000), Unrest (5000)
Unrest checks
UDF1 checks
Turn [5d Qc Jc 5h], UDF1 (5000), Unrest (5000)
Unrest checks
UDF1 checks
River [5d Qc Jc 5h 2h], UDF1 (5000), Unrest (5000)
Unrest checks
UDF1 checks
UDF1 shows [4d Qh]
Unrest shows [Qd 6d]
UDF1 awarded 0
Unrest awarded 0

Round #634, Unrest (189162), UDF1 (-189162)
Unrest posts blind: 10
UDF1 posts blind: 20
Unrest received [Ad 5h]
UDF1 received [Qc 4c]
Unrest raises to 40
UDF1 raises to 5000
Unrest calls
Flop [9d 4h 9s], Unrest (5000), UDF1 (5000)
UDF1 bids 0
Unrest bids 0
Unrest won the auction and was revealed [4c]
UDF1 won the auction and was revealed [5h]
Flop [9d 4h 9s], Unrest (5000), UDF1 (5000)
UDF1 checks
Unrest checks
Turn [9d 4h 9s 5d], Unrest (5000), UDF1 (5000)
UDF1 checks
Unrest checks
River [9d 4h 9s 5d 2d], Unrest (5000), UDF1 (5000)
UDF1 checks
Unrest checks
Unrest shows [Ad 5h]
UDF1 shows [Qc 4c]
Unrest awarded 5000
UDF1 awarded -5000

Round #635, UDF1 (-194162), Unrest (194162)
UDF1 posts blind: 10
Unrest posts blind: 20
UDF1 received [Ah Jc]
Unrest received [Ad Qs]
UDF1 raises to 5000
Unrest calls
Flop [Tc As 4h], UDF1 (5000), Unrest (5000)
Unrest bids 0
UDF1 bids 0
UDF1 won the auction and was revealed [Qs]
Unrest won the auction and was revealed [Ah]
Flop [Tc As 4h], UDF1 (5000), Unrest (5000)
Unrest checks
UDF1 checks
Turn [Tc As 4h 8c], UDF1 (5000), Unrest (5000)
Unrest checks
UDF1 checks
River [Tc As 4h 8c 7h], UDF1 (5000), Unrest (5000)
Unrest checks
UDF1 checks
UDF1 shows [Ah Jc]
Unrest shows [Ad Qs]
UDF1 awarded -5000
Unrest awarded 5000

Round #636, Unrest (199162), UDF1 (-199162)
Unrest posts blind: 10
UDF1 posts blind: 20
Unrest received [6c 2c]
UDF1 received [Ac 3c]
Unrest folds
Unrest awarded -10
UDF1 awarded 10

Round #637, UDF1 (-199152), Unrest (199152)
UDF1 posts blind: 10
Unrest posts blind: 20
UDF1 received [Kh 7h]
Unrest received [2s Qd]
UDF1 calls
Unrest checks
Flop [9s 6d 2d], UDF1 (20), Unrest (20)
Unrest bids 1245
UDF1 bids 33
Unrest won the auction and was revealed [7h]
Flop [9s 6d 2d], UDF1 (20), Unrest (53)
Unrest bets 20
UDF1 raises to 4947
Unrest calls
Turn [9s 6d 2d 6h], UDF1 (4967), Unrest (5000)
Unrest checks
UDF1 checks
River [9s 6d 2d 6h Jd], UDF1 (4967), Unrest (5000)
Unrest checks
UDF1 checks
UDF1 shows [Kh 7h]
Unrest shows [2s Qd]
UDF1 awarded -4967
Unrest awarded 4967

Round #638, Unrest (204119), UDF1 (-204119)
Unrest posts blind: 10
UDF1 posts blind: 20
Unrest received [6s 9s]
UDF1 received [Jc 7h]
Unrest calls
UDF1 raises to 5000
Unrest calls
Flop [2h Ks 4d], Unrest (5000), UDF1 (5000)
UDF1 bids 0
Unrest bids 0
Unrest won the auction and was revealed [7h]
UDF1 won the auction and was revealed [6s]
Flop [2h Ks 4d], Unrest (5000), UDF1 (5000)
UDF1 checks
Unrest checks
Turn [2h Ks 4d 6h], Unrest (5000), UDF1 (5000)
UDF1 checks
Unrest checks
River [2h Ks 4d 6h 4s], Unrest (5000), UDF1 (5000)
UDF1 checks
Unrest checks
Unrest shows [6s 9s]
UDF1 shows [Jc 7h]
Unrest awarded 5000
UDF1 awarded -5000

Round #639, UDF1 (-209119), Unrest (209119)
UDF1 posts blind: 10
Unrest posts blind: 20
UDF1 received [7h 4h]
Unrest received [Th 8s]
UDF1 raises to 5000
Unrest calls
Flop [9c 9s 7s], UDF1 (5000), Unrest (5000)
Unrest bids 0
UDF1 bids 0
UDF1 won the auction and was revealed [Th]
Unrest won the auction and was revealed [4h]
Flop [9c 9s 7s], UDF1 (5000), Unrest (5000)
Unrest checks
UDF1 checks
Turn [9c 9s 7s Js], UDF1 (5000), Unrest (5000)
Unrest checks
UDF1 checks
River [9c 9s 7s Js Ah], UDF1 (5000), Unrest (5000)
Unrest checks
UDF1 checks
UDF1 shows [7h 4h]
Unrest shows [Th 8s]
UDF1 awarded -5000
Unrest awarded 5000

Round #640, Unrest (214119), UDF1 (-214119)
Unrest posts blind: 10
UDF1 posts blind: 20
Unrest received [5h Ts]
UDF1 received [2s 4d]
Unrest calls
UDF1 raises to 46
Unrest calls
Flop [4s Td 7d], Unrest (46), UDF1 (46)
UDF1 bids 51
Unrest bids 743
Unrest won the auction and was revealed [2s]
Flop [4s Td 7d], Unrest (97), UDF1 (46)
UDF1 bets 94
Unrest calls
Turn [4s Td 7d 8h], Unrest (191), UDF1 (140)
UDF1 bets 218
Unrest calls
River [4s Td 7d 8h 2h], Unrest (409), UDF1 (358)
UDF1 bets 1789
Unrest calls
Unrest shows [5h Ts]
UDF1 shows [2s 4d]
Unrest awarded -2198
UDF1 awarded 2198

Round #641, UDF1 (-211921), Unrest (211921)
UDF1 posts blind: 10
Unrest posts blind: 20
UDF1 received [2s 9c]
Unrest received [9s Kc]
UDF1 raises to 5000
Unrest calls
Flop [7c Kh 4d], UDF1 (5000), Unrest (5000)
Unrest bids 0
UDF1 bids 0
UDF1 won the auction and was revealed [Kc]
Unrest won the auction and was revealed [9c]
Flop [7c Kh 4d], UDF1 (5000), Unrest (5000)
Unrest checks
UDF1 checks
Turn [7c Kh 4d 9h], UDF1 (5000), Unrest (5000)
Unrest checks
UDF1 checks
River [7c Kh 4d 9h Jc], UDF1 (5000), Unrest (5000)
Unrest checks
UDF1 checks
UDF1 shows [2s 9c]
Unrest shows [9s Kc]
UDF1 awarded -5000
Unrest awarded 5000

Round #642, Unrest (216921), UDF1 (-216921)
Unrest posts blind: 10
UDF1 posts blind: 20
Unrest received [9d 4d]
UDF1 received [As 8d]
Unrest calls
UDF1 raises to 5000
Unrest calls
Flop [6d 4h 2s], Unrest (5000), UDF1 (5000)
UDF1 bids 0
Unrest bids 0
Unrest won the auction and was revealed [As]
UDF1 won the auction and was revealed [4d]
Flop [6d 4h 2s], Unrest (5000), UDF1 (5000)
UDF1 checks
Unrest checks
Turn [6d 4h 2s Ad], Unrest (5000), UDF1 (5000)
UDF1 checks
Unrest checks
River [6d 4h 2s Ad 8c], Unrest (5000), UDF1 (5000)
UDF1 checks
Unrest checks
Unrest shows [9d 4d]
UDF1 shows [As 8d]
Unrest awarded -5000
UDF1 awarded 5000

Round #643, UDF1 (-211921), Unrest (211921)
UDF1 posts blind: 10
Unrest posts blind: 20
UDF1 received [6s Jd]
Unrest received [5s 8h]
UDF1 raises to 5000
Unrest calls
Flop [Ts Kh 3h], UDF1 (5000), Unrest (5000)
Unrest bids 0
UDF1 bids 0
UDF1 won the auction and was revealed [5s]
Unrest won the auction and was revealed [6s]
Flop [Ts Kh 3h], UDF1 (5000), Unrest (5000)
Unrest checks
UDF1 checks
Turn [Ts Kh 3h 8s], UDF1 (5000), Unrest (5000)
Unrest checks
UDF1 checks
River [Ts Kh 3h 8s 6d], UDF1 (5000), Unrest (5000)
Unrest checks
UDF1 checks
UDF1 shows [6s Jd]
Unrest shows [5s 8h]
UDF1 awarded -5000
Unrest awarded 5000

Round #644, Unrest (216921), UDF1 (-216921)
Unrest posts blind: 10
UDF1 posts blind: 20
Unrest received [3s 2c]
UDF1 received [3c Ac]
Unrest folds
Unrest awarded -10
UDF1 awarded 10

Round #645, UDF1 (-216911), Unrest (216911)
UDF1 posts blind: 10
Unrest posts blind: 20
UDF1 received [9c 5h]
Unrest received [Td 5d]
UDF1 raises to 5000
Unrest calls
Flop [Qc 3h 9s], UDF1 (5000), Unrest (5000)
Unrest bids 0
UDF1 bids 0
UDF1 won the auction and was revealed [Td]
Unrest won the auction and was revealed [9c]
Flop [Qc 3h 9s], UDF1 (5000), Unrest (5000)
Unrest checks
UDF1 checks
Turn [Qc 3h 9s Ts], UDF1 (5000), Unrest (5000)
Unrest checks
UDF1 checks
River [Qc 3h 9s Ts Jh], UDF1 (5000), Unrest (5000)
Unrest checks
UDF1 checks
UDF1 shows [9c 5h]
Unrest shows [Td 5d]
UDF1 awarded -5000
Unrest awarded 5000

Round #646, Unrest (221911), UDF1 (-221911)
Unrest posts blind: 10
UDF1 posts blind: 20
Unrest received [Jd 4s]
UDF1 received [7s 3h]
Unrest calls
UDF1 raises to 46
Unrest calls
Flop [Th 3c 6s], Unrest (46), UDF1 (46)
UDF1 bids 49
Unrest bids 247
Unrest won the auction and was revealed [7s]
Flop [Th 3c 6s], Unrest (95), UDF1 (46)
UDF1 bets 4905
Unrest folds
Unrest awarded -95
UDF1 awarded 95

Round #647, UDF1 (-221816), Unrest (221816)
UDF1 posts blind: 10
Unrest posts blind: 20
UDF1 received [4s 2s]
Unrest received [Qs 3h]
UDF1 raises to 50
Unrest calls
Flop [3d Tc 4d], UDF1 (50), Unrest (50)
Unrest bids 742
UDF1 bids 56
Unrest won the auction and was revealed [2s]
Flop [3d Tc 4d], UDF1 (50), Unrest (106)
Unrest bets 20
UDF1 raises to 4894
Unrest calls
Turn [3d Tc 4d Kd], UDF1 (4944), Unrest (5000)
Unrest checks
UDF1 checks
River [3d Tc 4d Kd Ac], UDF1 (4944), Unrest (5000)
Unrest checks
UDF1 checks
UDF1 shows [4s 2s]
Unrest shows [Qs 3h]
UDF1 awarded 5000
Unrest awarded -5000

Round #648, Unrest (216816), UDF1 (-216816)
Unrest posts blind: 10
UDF1 posts blind: 20
Unrest received [8h Td]
UDF1 received [Ah 5d]
Unrest calls
UDF1 raises to 5000
Unrest calls
Flop [Jh As 7h], Unrest (5000), UDF1 (5000)
UDF1 bids 0
Unrest bids 0
Unrest won the auction and was revealed [Ah]
UDF1 won the auction and was revealed [8h]
Flop [Jh As 7h], Unrest (5000), UDF1 (5000)
UDF1 checks
Unrest checks
Turn [Jh As 7h 6d], Unrest (5000), UDF1 (5000)
UDF1 checks
Unrest checks
River [Jh As 7h 6d Qh], Unrest (5000), UDF1 (5000)
UDF1 checks
Unrest checks
Unrest shows [8h Td]
UDF1 shows [Ah 5d]
Unrest awarded -5000
UDF1 awarded 5000

Round #649, UDF1 (-211816), Unrest (211816)
UDF1 posts blind: 10
Unrest posts blind: 20
UDF1 received [6c Ad]
Unrest received [2s 5h]
UDF1 raises to 5000
Unrest folds
UDF1 awarded 20
Unrest awarded -20

Round #650, Unrest (211796), UDF1 (-211796)
Unrest posts blind: 10
UDF1 posts blind: 20
Unrest received [2s Th]
UDF1 received [7c Ts]
Unrest calls
UDF1 raises to 46
Unrest calls
Flop [Ac 2d 6s], Unrest (46), UDF1 (46)
UDF1 bids 49
Unrest bids 743
Unrest won the auction and was revealed [7c]
Flop [Ac 2d 6s], Unrest (95), UDF1 (46)
UDF1 bets 93
Unrest calls
Turn [Ac 2d 6s 3d], Unrest (188), UDF1 (139)
UDF1 bets 215
Unrest calls
River [Ac 2d 6s 3d 6h], Unrest (403), UDF1 (354)
UDF1 checks
Unrest bets 20
UDF1 calls
Unrest shows [2s Th]
UDF1 shows [7c Ts]
Unrest awarded 374
UDF1 awarded -374

Round #651, UDF1 (-212170), Unrest (212170)
UDF1 posts blind: 10
Unrest posts blind: 20
UDF1 received [8s 7d]
Unrest received [5s 3h]
UDF1 raises to 50
Unrest folds
UDF1 awarded 20
Unrest awarded -20

Round #652, Unrest (212150), UDF1 (-212150)
Unrest posts blind: 10
UDF1 posts blind: 20
Unrest received [7c 5s]
UDF1 received [Js 5d]
Unrest folds
Unrest awarded -10
UDF1 awarded 10

Round #653, UDF1 (-212140), Unrest (212140)
UDF1 posts blind: 10
Unrest posts blind: 20
UDF1 received [2c 7s]
Unrest received [7c 3d]
UDF1 raises to 50
Unrest folds
UDF1 awarded 20
Unrest awarded -20

Round #654, Unrest (212120), UDF1 (-212120)
Unrest posts blind: 10
UDF1 posts blind: 20
Unrest received [6s 9d]
UDF1 received [4c 7s]
Unrest calls
UDF1 raises to 46
Unrest calls
Flop [Jh Ts Kc], Unrest (46), UDF1 (46)
UDF1 bids 17
Unrest bids 247
Unrest won the auction and was revealed [4c]
Flop [Jh Ts Kc], Unrest (63), UDF1 (46)
UDF1 bets 71
Unrest calls
Turn [Jh Ts Kc 8h], Unrest (134), UDF1 (117)
UDF1 bets 165
Unrest calls
River [Jh Ts Kc 8h 3s], Unrest (299), UDF1 (282)
UDF1 checks
Unrest checks
Unrest shows [6s 9d]
UDF1 shows [4c 7s]
Unrest awarded 282
UDF1 awarded -282

Round #655, UDF1 (-212402), Unrest (212402)
UDF1 posts blind: 10
Unrest posts blind: 20
UDF1 received [2c 4c]
Unrest received [2s Qs]
UDF1 raises to 50
Unrest calls
Flop [2h 9d Jd], UDF1 (50), Unrest (50)
Unrest bids 742
UDF1 bids 56
Unrest won the auction and was revealed [2c]
Flop [2h 9d Jd], UDF1 (50), Unrest (106)
Unrest bets 20
UDF1 raises to 4894
Unrest calls
Turn [2h 9d Jd Tc], UDF1 (4944), Unrest (5000)
Unrest checks
UDF1 checks
River [2h 9d Jd Tc Ah], UDF1 (4944), Unrest (5000)
Unrest checks
UDF1 checks
UDF1 shows [2c 4c]
Unrest shows [2s Qs]
UDF1 awarded -4944
Unrest awarded 4944

Round #656, Unrest (217346), UDF1 (-217346)
Unrest posts blind: 10
UDF1 posts blind: 20
Unrest received [As 5s]
UDF1 received [Ks 6s]
Unrest raises to 40
UDF1 raises to 100
Unrest raises to 160
UDF1 raises to 5000
Unrest calls
Flop [9d 2d Jd], Unrest (5000), UDF1 (5000)
UDF1 bids 0
Unrest bids 0
Unrest won the auction and was revealed [6s]
UDF1 won the auction and was revealed [As]
Flop [9d 2d Jd], Unrest (5000), UDF1 (5000)
UDF1 checks
Unrest checks
Turn [9d 2d Jd Ah], Unrest (5000), UDF1 (5000)
UDF1 checks
Unrest checks
River [9d 2d Jd Ah 9s], Unrest (5000), UDF1 (5000)
UDF1 checks
Unrest checks
Unrest shows [As 5s]
UDF1 shows [Ks 6s]
Unrest awarded 5000
UDF1 awarded -5000

Round #657, UDF1 (-222346), Unrest (222346)
UDF1 posts blind: 10
Unrest posts blind: 20
UDF1 received [Qs 5c]
Unrest received [2h 2c]
UDF1 raises to 5000
Unrest calls
Flop [7h 6h 3s], UDF1 (5000), Unrest (5000)
Unrest bids 0
UDF1 bids 0
UDF1 won the auction and was revealed [2c]
Unrest won the auction and was revealed [5c]
Flop [7h 6h 3s], UDF1 (5000), Unrest (5000)
Unrest checks
UDF1 checks
Turn [7h 6h 3s 4d], UDF1 (5000), Unrest (5000)
Unrest checks
UDF1 checks
River [7h 6h 3s 4d Qd], UDF1 (5000), Unrest (5000)
Unrest checks
UDF1 checks
UDF1 shows [Qs 5c]
Unrest shows [2h 2c]
UDF1 awarded 5000
Unrest awarded -5000

Round #658, Unrest (217346), UDF1 (-217346)
Unrest posts blind: 10
UDF1 posts blind: 20
Unrest received [Jd 7s]
UDF1 received [7c Ad]
Unrest calls
UDF1 raises to 5000
Unrest calls
Flop [Kd 4h Kc], Unrest (5000), UDF1 (5000)
UDF1 bids 0
Unrest bids 0
Unrest won the auction and was revealed [7c]
UDF1 won the auction and was revealed [Jd]
Flop [Kd 4h Kc], Unrest (5000), UDF1 (5000)
UDF1 checks
Unrest checks
Turn [Kd 4h Kc 5s], Unrest (5000), UDF1 (5000)
UDF1 checks
Unrest checks
River [Kd 4h Kc 5s 6d], Unrest (5000), UDF1 (5000)
UDF1 checks
Unrest checks
Unrest shows [Jd 7s]
UDF1 shows [7c Ad]
Unrest awarded -5000
UDF1 awarded 5000

Round #659, UDF1 (-212346), Unrest (212346)
UDF1 posts blind: 10
Unrest posts blind: 20
UDF1 received [Js 2h]
Unrest received [7c Qh]
UDF1 raises to 50
Unrest calls
Flop [5s Kh Jh], UDF1 (50), Unrest (50)
Unrest bids 247
UDF1 bids 56
Unrest won the auction and was revealed [2h]
Flop [5s Kh Jh], UDF1 (50), Unrest (106)
Unrest checks
UDF1 bets 4894
Unrest folds
UDF1 awarded 106
Unrest awarded -106

Round #660, Unrest (212240), UDF1 (-212240)
Unrest posts blind: 10
UDF1 posts blind: 20
Unrest received [Jh Kd]
UDF1 received [Js 3d]
Unrest raises to 40
UDF1 raises to 5000
Unrest calls
Flop [2c 6h Jc], Unrest (5000), UDF1 (5000)
UDF1 bids 0
Unrest bids 0
Unrest won the auction and was revealed [3d]
UDF1 won the auction and was revealed [Jh]
Flop [2c 6h Jc], Unrest (5000), UDF1 (5000)
UDF1 checks
Unrest checks
Turn [2c 6h Jc 2d], Unrest (5000), UDF1 (5000)
UDF1 checks
Unrest checks
River [2c 6h Jc 2d 8h], Unrest (5000), UDF1 (5000)
UDF1 checks
Unrest checks
Unrest shows [Jh Kd]
UDF1 shows [Js 3d]
Unrest awarded 5000
UDF1 awarded -5000

Round #661, UDF1 (-217240), Unrest (217240)
UDF1 posts blind: 10
Unrest posts blind: 20
UDF1 received [9h 4d]
Unrest received [Ac 7s]
UDF1 raises to 5000
Unrest calls
Flop [7h 3c 7c], UDF1 (5000), Unrest (5000)
Unrest bids 0
UDF1 bids 0
UDF1 won the auction and was revealed [Ac]
Unrest won the auction and was revealed [9h]
Flop [7h 3c 7c], UDF1 (5000), Unrest (5000)
Unrest checks
UDF1 checks
Turn [7h 3c 7c Td], UDF1 (5000), Unrest (5000)
Unrest checks
UDF1 checks
River [7h 3c 7c Td Qd], UDF1 (5000), Unrest (5000)
Unrest checks
UDF1 checks
UDF1 shows [9h 4d]
Unrest shows [Ac 7s]
UDF1 awarded -5000
Unrest awarded 5000

Round #662, Unrest (222240), UDF1 (-222240)
Unrest posts blind: 10
UDF1 posts blind: 20
Unrest received [Ts Qc]
UDF1 received [Ad 8s]
Unrest calls
UDF1 raises to 5000
Unrest calls
Flop [Kd 5s 2h], Unrest (5000), UDF1 (5000)
UDF1 bids 0
Unrest bids 0
Unrest won the auction and was revealed [Ad]
UDF1 won the auction and was revealed [Qc]
Flop [Kd 5s 2h], Unrest (5000), UDF1 (5000)
UDF1 checks
Unrest checks
Turn [Kd 5s 2h 3d], Unrest (5000), UDF1 (5000)
UDF1 checks
Unrest checks
River [Kd 5s 2h 3d 8d], Unrest (5000), UDF1 (5000)
UDF1 checks
Unrest checks
Unrest shows [Ts Qc]
UDF1 shows [Ad 8s]
Unrest awarded -5000
UDF1 awarded 5000

Round #663, UDF1 (-217240), Unrest (217240)
UDF1 posts blind: 10
Unrest posts blind: 20
UDF1 received [6c 4d]
Unrest received [3c 2c]
UDF1 raises to 50
Unrest folds
UDF1 awarded 20
Unrest awarded -20

Round #664, Unrest (217220), UDF1 (-217220)
Unrest posts blind: 10
UDF1 posts blind: 20
Unrest received [7c 8d]
UDF1 received [5h 5c]
Unrest calls
UDF1 raises to 5000
Unrest calls
Flop [Td 6c 9c], Unrest (5000), UDF1 (5000)
UDF1 bids 0
Unrest bids 0
Unrest won the auction and was revealed [5h]
UDF1 won the auction and was revealed [8d]
Flop [Td 6c 9c], Unrest (5000), UDF1 (5000)
UDF1 checks
Unrest checks
Turn [Td 6c 9c 7h], Unrest (5000), UDF1 (5000)
UDF1 checks
Unrest checks
River [Td 6c 9c 7h 6h], Unrest (5000), UDF1 (5000)
UDF1 checks
Unrest checks
Unrest shows [7c 8d]
UDF1 shows [5h 5c]
Unrest awarded 5000
UDF1 awarded -5000

Round #665, UDF1 (-222220), Unrest (222220)
UDF1 posts blind: 10
Unrest posts blind: 20
UDF1 received [Kc Tc]
Unrest received [5s Ac]
UDF1 calls
Unrest raises to 40
UDF1 raises to 5000
Unrest calls
Flop [4s 6s 6d], UDF1 (5000), Unrest (5000)
Unrest bids 0
UDF1 bids 0
UDF1 won the auction and was revealed [5s]
Unrest won the auction and was revealed [Kc]
Flop [4s 6s 6d], UDF1 (5000), Unrest (5000)
Unrest checks
UDF1 checks
Turn [4s 6s 6d Kh], UDF1 (5000), Unrest (5000)
Unrest checks
UDF1 checks
River [4s 6s 6d Kh 2c], UDF1 (5000), Unrest (5000)
Unrest checks
UDF1 checks
UDF1 shows [Kc Tc]
Unrest shows [5s Ac]
UDF1 awarded 5000
Unrest awarded -5000

Round #666, Unrest (217220), UDF1 (-217220)
Unrest posts blind: 10
UDF1 posts blind: 20
Unrest received [5h 5d]
UDF1 received [Ks 7d]
Unrest raises to 40
UDF1 raises to 5000
Unrest calls
Flop [7h 2h As], Unrest (5000), UDF1 (5000)
UDF1 bids 0
Unrest bids 0
Unrest won the auction and was revealed [Ks]
UDF1 won the auction and was revealed [5h]
Flop [7h 2h As], Unrest (5000), UDF1 (5000)
UDF1 checks
Unrest checks
Turn [7h 2h As 6s], Unrest (5000), UDF1 (5000)
UDF1 checks
Unrest checks
River [7h 2h As 6s 5s], Unrest (5000), UDF1 (5000)
UDF1 checks
Unrest checks
Unrest shows [5h 5d]
UDF1 shows [Ks 7d]
Unrest awarded 5000
UDF1 awarded -5000

Round #667, UDF1 (-222220), Unrest (222220)
UDF1 posts blind: 10
Unrest posts blind: 20
UDF1 received [Js Th]
Unrest received [4d 4s]
UDF1 raises to 5000
Unrest calls
Flop [8c 9h Qd], UDF1 (5000), Unrest (5000)
Unrest bids 0
UDF1 bids 0
UDF1 won the auction and was revealed [4d]
Unrest won the auction and was revealed [Js]
Flop [8c 9h Qd], UDF1 (5000), Unrest (5000)
Unrest checks
UDF1 checks
Turn [8c 9h Qd As], UDF1 (5000), Unrest (5000)
Unrest checks
UDF1 checks
River [8c 9h Qd As 9s], UDF1 (5000), Unrest (5000)
Unrest checks
UDF1 checks
UDF1 shows [Js Th]
Unrest shows [4d 4s]
UDF1 awarded 5000
Unrest awarded -5000

Round #668, Unrest (217220), UDF1 (-217220)
Unrest posts blind: 10
UDF1 posts blind: 20
Unrest received [4c 2d]
UDF1 received [Qs Kd]
Unrest folds
Unrest awarded -10
UDF1 awarded 10

Round #669, UDF1 (-217210), Unrest (217210)
UDF1 posts blind: 10
Unrest posts blind: 20
UDF1 received [Ac Kc]
Unrest received [Jc 8h]
UDF1 raises to 5000
Unrest calls
Flop [As 7c 3c], UDF1 (5000), Unrest (5000)
Unrest bids 0
UDF1 bids 0
UDF1 won the auction and was revealed [8h]
Unrest won the auction and was revealed [Ac]
Flop [As 7c 3c], UDF1 (5000), Unrest (5000)
Unrest checks
UDF1 checks
Turn [As 7c 3c 5h], UDF1 (5000), Unrest (5000)
Unrest checks
UDF1 checks
River [As 7c 3c 5h Jh], UDF1 (5000), Unrest (5000)
Unrest checks
UDF1 checks
UDF1 shows [Ac Kc]
Unrest shows [Jc 8h]
UDF1 awarded 5000
Unrest awarded -5000

Round #670, Unrest (212210), UDF1 (-212210)
Unrest posts blind: 10
UDF1 posts blind: 20
Unrest received [5s 8h]
UDF1 received [9h Js]
Unrest folds
Unrest awarded -10
UDF1 awarded 10

Round #671, UDF1 (-212200), Unrest (212200)
UDF1 posts blind: 10
Unrest posts blind: 20
UDF1 received [Ah 4c]
Unrest received [Kc 7h]
UDF1 raises to 5000
Unrest calls
Flop [5d 2d As], UDF1 (5000), Unrest (5000)
Unrest bids 0
UDF1 bids 0
UDF1 won the auction and was revealed [7h]
Unrest won the auction and was revealed [Ah]
Flop [5d 2d As], UDF1 (5000), Unrest (5000)
Unrest checks
UDF1 checks
Turn [5d 2d As 8h], UDF1 (5000), Unrest (5000)
Unrest checks
UDF1 checks
River [5d 2d As 8h Ac], UDF1 (5000), Unrest (5000)
Unrest checks
UDF1 checks
UDF1 shows [Ah 4c]
Unrest shows [Kc 7h]
UDF1 awarded 5000
Unrest awarded -5000

Round #672, Unrest (207200), UDF1 (-207200)
Unrest posts blind: 10
UDF1 posts blind: 20
Unrest received [2d 4h]
UDF1 received [9d 9c]
Unrest folds
Unrest awarded -10
UDF1 awarded 10

Round #673, UDF1 (-207190), Unrest (207190)
UDF1 posts blind: 10
Unrest posts blind: 20
UDF1 received [8d 2d]
Unrest received [3d 7s]
UDF1 raises to 50
Unrest folds
UDF1 awarded 20
Unrest awarded -20

Round #674, Unrest (207170), UDF1 (-207170)
Unrest posts blind: 10
UDF1 posts blind: 20
Unrest received [6s 8c]
UDF1 received [3s 4c]
Unrest folds
Unrest awarded -10
UDF1 awarded 10

Round #675, UDF1 (-207160), Unrest (207160)
UDF1 posts blind: 10
Unrest posts blind: 20
UDF1 received [4h Kd]
Unrest received [Jc 4d]
UDF1 raises to 5000
Unrest calls
Flop [6c Ah 2c], UDF1 (5000), Unrest (5000)
Unrest bids 0
UDF1 bids 0
UDF1 won the auction and was revealed [4d]
Unrest won the auction and was revealed [Kd]
Flop [6c Ah 2c], UDF1 (5000), Unrest (5000)
Unrest checks
UDF1 checks
Turn [6c Ah 2c 8d], UDF1 (5000), Unrest (5000)
Unrest checks
UDF1 checks
River [6c Ah 2c 8d 5c], UDF1 (5000), Unrest (5000)
Unrest checks
UDF1 checks
UDF1 shows [4h Kd]
Unrest shows [Jc 4d]
UDF1 awarded 5000
Unrest awarded -5000

Round #676, Unrest (202160), UDF1 (-202160)
Unrest posts blind: 10
UDF1 posts blind: 20
Unrest received [Qc Ts]
UDF1 received [Kh 8c]
Unrest calls
UDF1 raises to 46
Unrest calls
Flop [7c Ah 9h], Unrest (46), UDF1 (46)
UDF1 bids 51
Unrest bids 247
Unrest won the auction and was revealed [8c]
Flop [7c Ah 9h], Unrest (97), UDF1 (46)
UDF1 bets 4903
Unrest folds
Unrest awarded -97
UDF1 awarded 97

Round #677, UDF1 (-202063), Unrest (202063)
UDF1 posts blind: 10
Unrest posts blind: 20
UDF1 received [As 7c]
Unrest received [6c Kc]
UDF1 raises to 5000
Unrest calls
Flop [9c Tc 6s], UDF1 (5000), Unrest (5000)
Unrest bids 0
UDF1 bids 0
UDF1 won the auction and was revealed [Kc]
Unrest won the auction and was revealed [As]
Flop [9c Tc 6s], UDF1 (5000), Unrest (5000)
Unrest checks
UDF1 checks
Turn [9c Tc 6s Jd], UDF1 (5000), Unrest (5000)
Unrest checks
UDF1 checks
River [9c Tc 6s Jd 3h], UDF1 (5000), Unrest (5000)
Unrest checks
UDF1 checks
UDF1 shows [As 7c]
Unrest shows [6c Kc]
UDF1 awarded -5000
Unrest awarded 5000

Round #678, Unrest (207063), UDF1 (-207063)
Unrest posts blind: 10
UDF1 posts blind: 20
Unrest received [5c Jc]
UDF1 received [5h Tc]
Unrest calls
UDF1 raises to 5000
Unrest calls
Flop [7h 3c 6s], Unrest (5000), UDF1 (5000)
UDF1 bids 0
Unrest bids 0
Unrest won the auction and was revealed [5h]
UDF1 won the auction and was revealed [5c]
Flop [7h 3c 6s], Unrest (5000), UDF1 (5000)
UDF1 checks
Unrest checks
Turn [7h 3c 6s 5d], Unrest (5000), UDF1 (5000)
UDF1 checks
Unrest checks
River [7h 3c 6s 5d 9d], Unrest (5000), UDF1 (5000)
UDF1 checks
Unrest checks
Unrest shows [5c Jc]
UDF1 shows [5h Tc]
Unrest awarded 5000
UDF1 awarded -5000

Round #679, UDF1 (-212063), Unrest (212063)
UDF1 posts blind: 10
Unrest posts blind: 20
UDF1 received [6d Qs]
Unrest received [4s 5c]
UDF1 raises to 5000
Unrest folds
UDF1 awarded 20
Unrest awarded -20

Round #680, Unrest (212043), UDF1 (-212043)
Unrest posts blind: 10
UDF1 posts blind: 20
Unrest received [6h 6s]
UDF1 received [3d Th]
Unrest raises to 40
UDF1 raises to 5000
Unrest calls
Flop [7d Jh 4h], Unrest (5000), UDF1 (5000)
UDF1 bids 0
Unrest bids 0
Unrest won the auction and was revealed [Th]
UDF1 won the auction and was revealed [6h]
Flop [7d Jh 4h], Unrest (5000), UDF1 (5000)
UDF1 checks
Unrest checks
Turn [7d Jh 4h 2h], Unrest (5000), UDF1 (5000)
UDF1 checks
Unrest checks
River [7d Jh 4h 2h 8d], Unrest (5000), UDF1 (5000)
UDF1 checks
Unrest checks
Unrest shows [6h 6s]
UDF1 shows [3d Th]
Unrest awarded 5000
UDF1 awarded -5000

Round #681, UDF1 (-217043), Unrest (217043)
UDF1 posts blind: 10
Unrest posts blind: 20
UDF1 received [6s 4c]
Unrest received [2d 5c]
UDF1 raises to 50
Unrest folds
UDF1 awarded 20
Unrest awarded -20

Round #682, Unrest (217023), UDF1 (-217023)
Unrest posts blind: 10
UDF1 posts blind: 20
Unrest received [5d Ac]
UDF1 received [Jc 3s]
Unrest raises to 40
UDF1 raises to 5000
Unrest calls
Flop [9s 2h 4d], Unrest (5000), UDF1 (5000)
UDF1 bids 0
Unrest bids 0
Unrest won the auction and was revealed [Jc]
UDF1 won the auction and was revealed [Ac]
Flop [9s 2h 4d], Unrest (5000), UDF1 (5000)
UDF1 checks
Unrest checks
Turn [9s 2h 4d Tc], Unrest (5000), UDF1 (5000)
UDF1 checks
Unrest checks
River [9s 2h 4d Tc 4h], Unrest (5000), UDF1 (5000)
UDF1 checks
Unrest checks
Unrest shows [5d Ac]
UDF1 shows [Jc 3s]
Unrest awarded 5000
UDF1 awarded -5000

Round #683, UDF1 (-222023), Unrest (222023)
UDF1 posts blind: 10
Unrest posts blind: 20
UDF1 received [2c 2d]
Unrest received [Th As]
UDF1 raises to 5000
Unrest calls
Flop [3h 6d 4d], UDF1 (5000), Unrest (5000)
Unrest bids 0
UDF1 bids 0
UDF1 won the auction and was revealed [As]
Unrest won the auction and was revealed [2c]
Flop [3h 6d 4d], UDF1 (5000), Unrest (5000)
Unrest checks
UDF1 checks
Turn [3h 6d 4d 6s], UDF1 (5000), Unrest (5000)
Unrest checks
UDF1 checks
River [3h 6d 4d 6s 4h], UDF1 (5000), Unrest (5000)
Unrest checks
UDF1 checks
UDF1 shows [2c 2d]
Unrest shows [Th As]
UDF1 awarded -5000
Unrest awarded 5000

Round #684, Unrest (227023), UDF1 (-227023)
Unrest posts blind: 10
UDF1 posts blind: 20
Unrest received [4s 2s]
UDF1 received [9c 9d]
Unrest folds
Unrest awarded -10
UDF1 awarded 10

Round #685, UDF1 (-227013), Unrest (227013)
UDF1 posts blind: 10
Unrest posts blind: 20
UDF1 received [Jh 6s]
Unrest received [As Th]
UDF1 raises to 5000
Unrest calls
Flop [9h 2h 3d], UDF1 (5000), Unrest (5000)
Unrest bids 0
UDF1 bids 0
UDF1 won the auction and was revealed [As]
Unrest won the auction and was revealed [6s]
Flop [9h 2h 3d], UDF1 (5000), Unrest (5000)
Unrest checks
UDF1 checks
Turn [9h 2h 3d Ts], UDF1 (5000), Unrest (5000)
Unrest checks
UDF1 checks
River [9h 2h 3d Ts 7d], UDF1 (5000), Unrest (5000)
Unrest checks
UDF1 checks
UDF1 shows [Jh 6s]
Unrest shows [As Th]
UDF1 awarded -5000
Unrest awarded 5000

Round #686, Unrest (232013), UDF1 (-232013)
Unrest posts blind: 10
UDF1 posts blind: 20
Unrest received [6h Jc]
UDF1 received [8d 6s]
Unrest calls
UDF1 raises to 5000
Unrest calls
Flop [9s 3h Qd], Unrest (5000), UDF1 (5000)
UDF1 bids 0
Unrest bids 0
Unrest won the auction and was revealed [6s]
UDF1 won the auction and was revealed [6h]
Flop [9s 3h Qd], Unrest (5000), UDF1 (5000)
UDF1 checks
Unrest checks
Turn [9s 3h Qd 5h], Unrest (5000), UDF1 (5000)
UDF1 checks
Unrest checks
River [9s 3h Qd 5h 3s], Unrest (5000), UDF1 (5000)
UDF1 checks
Unrest checks
Unrest shows [6h Jc]
UDF1 shows [8d 6s]
Unrest awarded 5000
UDF1 awarded -5000

Round #687, UDF1 (-237013), Unrest (237013)
UDF1 posts blind: 10
Unrest posts blind: 20
UDF1 received [Ac 7s]
Unrest received [6s Ad]
UDF1 raises to 5000
Unrest calls
Flop [Ks Jd Jh], UDF1 (5000), Unrest (5000)
Unrest bids 0
UDF1 bids 0
UDF1 won the auction and was revealed [6s]
Unrest won the auction and was revealed [Ac]
Flop [Ks Jd Jh], UDF1 (5000), Unrest (5000)
Unrest checks
UDF1 checks
Turn [Ks Jd Jh 7h], UDF1 (5000), Unrest (5000)
Unrest checks
UDF1 checks
River [Ks Jd Jh 7h 2h], UDF1 (5000), Unrest (5000)
Unrest checks
UDF1 checks
UDF1 shows [Ac 7s]
Unrest shows [6s Ad]
UDF1 awarded 5000
Unrest awarded -5000

Round #688, Unrest (232013), UDF1 (-232013)
Unrest posts blind: 10
UDF1 posts blind: 20
Unrest received [Td 8d]
UDF1 received [Jh Js]
Unrest calls
UDF1 raises to 5000
Unrest calls
Flop [6c 8h Qh], Unrest (5000), UDF1 (5000)
UDF1 bids 0
Unrest bids 0
Unrest won the auction and was revealed [Js]
UDF1 won the auction and was revealed [Td]
Flop [6c 8h Qh], Unrest (5000), UDF1 (5000)
UDF1 checks
Unrest checks
Turn [6c 8h Qh Ad], Unrest (5000), UDF1 (5000)
UDF1 checks
Unrest checks
River [6c 8h Qh Ad Kd], Unrest (5000), UDF1 (5000)
UDF1 checks
Unrest checks
Unrest shows [Td 8d]
UDF1 shows [Jh Js]
Unrest awarded -5000
UDF1 awarded 5000

Round #689, UDF1 (-227013), Unrest (227013)
UDF1 posts blind: 10
Unrest posts blind: 20
UDF1 received [3s 2h]
Unrest received [5c 7s]
UDF1 raises to 50
Unrest folds
UDF1 awarded 20
Unrest awarded -20

Round #690, Unrest (226993), UDF1 (-226993)
Unrest posts blind: 10
UDF1 posts blind: 20
Unrest received [8s 8d]
UDF1 received [Ks 6h]
Unrest raises to 40
UDF1 raises to 5000
Unrest calls
Flop [7d Th 6c], Unrest (5000), UDF1 (5000)
UDF1 bids 0
Unrest bids 0
Unrest won the auction and was revealed [Ks]
UDF1 won the auction and was revealed [8s]
Flop [7d Th 6c], Unrest (5000), UDF1 (5000)
UDF1 checks
Unrest checks
Turn [7d Th 6c 8h], Unrest (5000), UDF1 (5000)
UDF1 checks
Unrest checks
River [7d Th 6c 8h 3d], Unrest (5000), UDF1 (5000)
UDF1 checks
Unrest checks
Unrest shows [8s 8d]
UDF1 shows [Ks 6h]
Unrest awarded 5000
UDF1 awarded -5000

Round #691, UDF1 (-231993), Unrest (231993)
UDF1 posts blind: 10
Unrest posts blind: 20
UDF1 received [9c 8c]
Unrest received [Ad 6h]
UDF1 raises to 50
Unrest calls
Flop [2s 7h 7c], UDF1 (50), Unrest (50)
Unrest bids 247
UDF1 bids 54
Unrest won the auction and was revealed [9c]
Flop [2s 7h 7c], UDF1 (50), Unrest (104)
Unrest checks
UDF1 bets 4896
Unrest folds
UDF1 awarded 104
Unrest awarded -104

Round #692, Unrest (231889), UDF1 (-231889)
Unrest posts blind: 10
UDF1 posts blind: 20
Unrest received [Kd Jd]
UDF1 received [7h 9s]
Unrest raises to 40
UDF1 raises to 5000
Unrest calls
Flop [5d Kh 8d], Unrest (5000), UDF1 (5000)
UDF1 bids 0
Unrest bids 0
Unrest won the auction and was revealed [9s]
UDF1 won the auction and was revealed [Kd]
Flop [5d Kh 8d], Unrest (5000), UDF1 (5000)
UDF1 checks
Unrest checks
Turn [5d Kh 8d Ks], Unrest (5000), UDF1 (5000)
UDF1 checks
Unrest checks
River [5d Kh 8d Ks 3c], Unrest (5000), UDF1 (5000)
UDF1 checks
Unrest checks
Unrest shows [Kd Jd]
UDF1 shows [7h 9s]
Unrest awarded 5000
UDF1 awarded -5000

Round #693, UDF1 (-236889), Unrest (236889)
UDF1 posts blind: 10
Unrest posts blind: 20
UDF1 received [Js Kh]
Unrest received [Ad 5d]
UDF1 raises to 5000
Unrest calls
Flop [4c Tc Td], UDF1 (5000), Unrest (5000)
Unrest bids 0
UDF1 bids 0
UDF1 won the auction and was revealed [Ad]
Unrest won the auction and was revealed [Kh]
Flop [4c Tc Td], UDF1 (5000), Unrest (5000)
Unrest checks
UDF1 checks
Turn [4c Tc Td 2c], UDF1 (5000), Unrest (5000)
Unrest checks
UDF1 checks
River [4c Tc Td 2c 8d], UDF1 (5000), Unrest (5000)
Unrest checks
UDF1 checks
UDF1 shows [Js Kh]
Unrest shows [Ad 5d]
UDF1 awarded -5000
Unrest awarded 5000

Round #694, Unrest (241889), UDF1 (-241889)
Unrest posts blind: 10
UDF1 posts blind: 20
Unrest received [4h Th]
UDF1 received [3h 4d]
Unrest calls
UDF1 raises to 5000
Unrest calls
Flop [Ah 5s 5h], Unrest (5000), UDF1 (5000)
UDF1 bids 0
Unrest bids 0
Unrest won the auction and was revealed [3h]
UDF1 won the auction and was revealed [Th]
Flop [Ah 5s 5h], Unrest (5000), UDF1 (5000)
UDF1 checks
Unrest checks
Turn [Ah 5s 5h 7s], Unrest (5000), UDF1 (5000)
UDF1 checks
Unrest checks
River [Ah 5s 5h 7s Ac], Unrest (5000), UDF1 (5000)
UDF1 checks
Unrest checks
Unrest shows [4h Th]
UDF1 shows [3h 4d]
Unrest awarded 5000
UDF1 awarded -5000

Round #695, UDF1 (-246889), Unrest (246889)
UDF1 posts blind: 10
Unrest posts blind: 20
UDF1 received [6d 4h]
Unrest received [Jh 3h]
UDF1 raises to 5000
Unrest calls
Flop [5s 8c 6s], UDF1 (5000), Unrest (5000)
Unrest bids 0
UDF1 bids 0
UDF1 won the auction and was revealed [3h]
Unrest won the auction and was revealed [4h]
Flop [5s 8c 6s], UDF1 (5000), Unrest (5000)
Unrest checks
UDF1 checks
Turn [5s 8c 6s 6h], UDF1 (5000), Unrest (5000)
Unrest checks
UDF1 checks
River [5s 8c 6s 6h 4c], UDF1 (5000), Unrest (5000)
Unrest checks
UDF1 checks
UDF1 shows [6d 4h]
Unrest shows [Jh 3h]
UDF1 awarded 5000
Unrest awarded -5000

Round #696, Unrest (241889), UDF1 (-241889)
Unrest posts blind: 10
UDF1 posts blind: 20
Unrest received [8c 3h]
UDF1 received [Ks 6c]
Unrest folds
Unrest awarded -10
UDF1 awarded 10

Round #697, UDF1 (-241879), Unrest (241879)
UDF1 posts blind: 10
Unrest posts blind: 20
UDF1 received [Qc Th]
Unrest received [5c 4h]
UDF1 raises to 5000
Unrest folds
UDF1 awarded 20
Unrest awarded -20

Round #698, Unrest (241859), UDF1 (-241859)
Unrest posts blind: 10
UDF1 posts blind: 20
Unrest received [Qd 7d]
UDF1 received [2c 4c]
Unrest raises to 40
UDF1 raises to 100
Unrest raises to 160
UDF1 raises to 420
Unrest raises to 680
UDF1 folds
Unrest awarded 420
UDF1 awarded -420

Round #699, UDF1 (-242279), Unrest (242279)
UDF1 posts blind: 10
Unrest posts blind: 20
UDF1 received [Ad As]
Unrest received [4d Qh]
UDF1 raises to 5000
Unrest calls
Flop [5s 2h Td], UDF1 (5000), Unrest (5000)
Unrest bids 0
UDF1 bids 0
UDF1 won the auction and was revealed [Qh]
Unrest won the auction and was revealed [As]
Flop [5s 2h Td], UDF1 (5000), Unrest (5000)
Unrest checks
UDF1 checks
Turn [5s 2h Td 8s], UDF1 (5000), Unrest (5000)
Unrest checks
UDF1 checks
River [5s 2h Td 8s 4c], UDF1 (5000), Unrest (5000)
Unrest checks
UDF1 checks
UDF1 shows [Ad As]
Unrest shows [4d Qh]
UDF1 awarded 5000
Unrest awarded -5000

Round #700, Unrest (237279), UDF1 (-237279)
Unrest posts blind: 10
UDF1 posts blind: 20
Unrest received [5s 3d]
UDF1 received [Qd 6s]
Unrest folds
Unrest awarded -10
UDF1 awarded 10

Round #701, UDF1 (-237269), Unrest (237269)
UDF1 posts blind: 10
Unrest posts blind: 20
UDF1 received [Kc 8c]
Unrest received [Qs 2h]
UDF1 raises to 5000
Unrest calls
Flop [Qc 7c 2s], UDF1 (5000), Unrest (5000)
Unrest bids 0
UDF1 bids 0
UDF1 won the auction and was revealed [2h]
Unrest won the auction and was revealed [Kc]
Flop [Qc 7c 2s], UDF1 (5000), Unrest (5000)
Unrest checks
UDF1 checks
Turn [Qc 7c 2s 9c], UDF1 (5000), Unrest (5000)
Unrest checks
UDF1 checks
River [Qc 7c 2s 9c Qh], UDF1 (5000), Unrest (5000)
Unrest checks
UDF1 checks
UDF1 shows [Kc 8c]
Unrest shows [Qs 2h]
UDF1 awarded -5000
Unrest awarded 5000

Round #702, Unrest (242269), UDF1 (-242269)
Unrest posts blind: 10
UDF1 posts blind: 20
Unrest received [9h 5h]
UDF1 received [Js Ks]
Unrest calls
UDF1 raises to 5000
Unrest calls
Flop [6s 5d Kd], Unrest (5000), UDF1 (5000)
UDF1 bids 0
Unrest bids 0
Unrest won the auction and was revealed [Js]
UDF1 won the auction and was revealed [5h]
Flop [6s 5d Kd], Unrest (5000), UDF1 (5000)
UDF1 checks
Unrest checks
Turn [6s 5d Kd Qc], Unrest (5000), UDF1 (5000)
UDF1 checks
Unrest checks
River [6s 5d Kd Qc 9d], Unrest (5000), UDF1 (5000)
UDF1 checks
Unrest checks
Unrest shows [9h 5h]
UDF1 shows [Js Ks]
Unrest awarded 5000
UDF1 awarded -5000

Round #703, UDF1 (-247269), Unrest (247269)
UDF1 posts blind: 10
Unrest posts blind: 20
UDF1 received [Jc 4h]
Unrest received [3c 6c]
UDF1 raises to 5000
Unrest folds
UDF1 awarded 20
Unrest awarded -20

Round #704, Unrest (247249), UDF1 (-247249)
Unrest posts blind: 10
UDF1 posts blind: 20
Unrest received [6d 3d]
UDF1 received [7s Qs]
Unrest folds
Unrest awarded -10
UDF1 awarded 10

Round #705, UDF1 (-247239), Unrest (247239)
UDF1 posts blind: 10
Unrest posts blind: 20
UDF1 received [2c 2h]
Unrest received [7s Ac]
UDF1 raises to 5000
Unrest calls
Flop [3s Tc 4d], UDF1 (5000), Unrest (5000)
Unrest bids 0
UDF1 bids 0
UDF1 won the auction and was revealed [7s]
Unrest won the auction and was revealed [2c]
Flop [3s Tc 4d], UDF1 (5000), Unrest (5000)
Unrest checks
UDF1 checks
Turn [3s Tc 4d 3c], UDF1 (5000), Unrest (5000)
Unrest checks
UDF1 checks
River [3s Tc 4d 3c 4h], UDF1 (5000), Unrest (5000)
Unrest checks
UDF1 checks
UDF1 shows [2c 2h]
Unrest shows [7s Ac]
UDF1 awarded -5000
Unrest awarded 5000

Round #706, Unrest (252239), UDF1 (-252239)
Unrest posts blind: 10
UDF1 posts blind: 20
Unrest received [Ts Kd]
UDF1 received [Ad 5d]
Unrest raises to 40
UDF1 raises to 5000
Unrest calls
Flop [Jc Td 5h], Unrest (5000), UDF1 (5000)
UDF1 bids 0
Unrest bids 0
Unrest won the auction and was revealed [Ad]
UDF1 won the auction and was revealed [Ts]
Flop [Jc Td 5h], Unrest (5000), UDF1 (5000)
UDF1 checks
Unrest checks
Turn [Jc Td 5h Kc], Unrest (5000), UDF1 (5000)
UDF1 checks
Unrest checks
River [Jc Td 5h Kc 7d], Unrest (5000), UDF1 (5000)
UDF1 checks
Unrest checks
Unrest shows [Ts Kd]
UDF1 shows [Ad 5d]
Unrest awarded 5000
UDF1 awarded -5000

Round #707, UDF1 (-257239), Unrest (257239)
UDF1 posts blind: 10
Unrest posts blind: 20
UDF1 received [7h Th]
Unrest received [2h Qh]
UDF1 raises to 5000
Unrest calls
Flop [3h Qd Ad], UDF1 (5000), Unrest (5000)
Unrest bids 0
UDF1 bids 0
UDF1 won the auction and was revealed [2h]
Unrest won the auction and was revealed [Th]
Flop [3h Qd Ad], UDF1 (5000), Unrest (5000)
Unrest checks
UDF1 checks
Turn [3h Qd Ad 8s], UDF1 (5000), Unrest (5000)
Unrest checks
UDF1 checks
River [3h Qd Ad 8s Jd], UDF1 (5000), Unrest (5000)
Unrest checks
UDF1 checks
UDF1 shows [7h Th]
Unrest shows [2h Qh]
UDF1 awarded -5000
Unrest awarded 5000

Round #708, Unrest (262239), UDF1 (-262239)
Unrest posts blind: 10
UDF1 posts blind: 20
Unrest received [3h 6c]
UDF1 received [Qd 6s]
Unrest folds
Unrest awarded -10
UDF1 awarded 10

Round #709, UDF1 (-262229), Unrest (262229)
UDF1 posts blind: 10
Unrest posts blind: 20
UDF1 received [9c Kc]
Unrest received [7c 2d]
UDF1 raises to 50
Unrest folds
UDF1 awarded 20
Unrest awarded -20

Round #710, Unrest (262209), UDF1 (-262209)
Unrest posts blind: 10
UDF1 posts blind: 20
Unrest received [7c 2h]
UDF1 received [Qh 7s]
Unrest folds
Unrest awarded -10
UDF1 awarded 10

Round #711, UDF1 (-262199), Unrest (262199)
UDF1 posts blind: 10
Unrest posts blind: 20
UDF1 received [9c 9s]
Unrest received [7h 8s]
UDF1 raises to 1937
Unrest calls
Flop [Jd 6s 7d], UDF1 (1937), Unrest (1937)
Unrest bids 765
UDF1 bids 124
Unrest won the auction and was revealed [9c]
Flop [Jd 6s 7d], UDF1 (1937), Unrest (2061)
Unrest bets 20
UDF1 raises to 1926
Unrest calls
Turn [Jd 6s 7d 3c], UDF1 (3863), Unrest (3987)
Unrest checks
UDF1 bets 736
Unrest calls
River [Jd 6s 7d 3c Ks], UDF1 (4599), Unrest (4723)
Unrest bets 20
UDF1 raises to 218
Unrest calls
UDF1 shows [9c 9s]
Unrest shows [7h 8s]
UDF1 awarded 4941
Unrest awarded -4941

Round #712, Unrest (257258), UDF1 (-257258)
Unrest posts blind: 10
UDF1 posts blind: 20
Unrest received [2s Tc]
UDF1 received [9d Jc]
Unrest calls
UDF1 raises to 5000
Unrest calls
Flop [Qh 8h Qs], Unrest (5000), UDF1 (5000)
UDF1 bids 0
Unrest bids 0
Unrest won the auction and was revealed [Jc]
UDF1 won the auction and was revealed [Tc]
Flop [Qh 8h Qs], Unrest (5000), UDF1 (5000)
UDF1 checks
Unrest checks
Turn [Qh 8h Qs 6h], Unrest (5000), UDF1 (5000)
UDF1 checks
Unrest checks
River [Qh 8h Qs 6h 7c], Unrest (5000), UDF1 (5000)
UDF1 checks
Unrest checks
Unrest shows [2s Tc]
UDF1 shows [9d Jc]
Unrest awarded -5000
UDF1 awarded 5000

Round #713, UDF1 (-252258), Unrest (252258)
UDF1 posts blind: 10
Unrest posts blind: 20
UDF1 received [5d 8c]
Unrest received [6c Jc]
UDF1 raises to 5000
Unrest calls
Flop [4c Qc 4d], UDF1 (5000), Unrest (5000)
Unrest bids 0
UDF1 bids 0
UDF1 won the auction and was revealed [Jc]
Unrest won the auction and was revealed [8c]
Flop [4c Qc 4d], UDF1 (5000), Unrest (5000)
Unrest checks
UDF1 checks
Turn [4c Qc 4d 7c], UDF1 (5000), Unrest (5000)
Unrest checks
UDF1 checks
River [4c Qc 4d 7c 4h], UDF1 (5000), Unrest (5000)
Unrest checks
UDF1 checks
UDF1 shows [5d 8c]
Unrest shows [6c Jc]
UDF1 awarded -5000
Unrest awarded 5000

Round #714, Unrest (257258), UDF1 (-257258)
Unrest posts blind: 10
UDF1 posts blind: 20
Unrest received [Ad 7h]
UDF1 received [8h Qh]
Unrest raises to 40
UDF1 raises to 5000
Unrest calls
Flop [5d Jh 8c], Unrest (5000), UDF1 (5000)
UDF1 bids 0
Unrest bids 0
Unrest won the auction and was revealed [8h]
UDF1 won the auction and was revealed [Ad]
Flop [5d Jh 8c], Unrest (5000), UDF1 (5000)
UDF1 checks
Unrest checks
Turn [5d Jh 8c As], Unrest (5000), UDF1 (5000)
UDF1 checks
Unrest checks
River [5d Jh 8c As 8s], Unrest (5000), UDF1 (5000)
UDF1 checks
Unrest checks
Unrest shows [Ad 7h]
UDF1 shows [8h Qh]
Unrest awarded -5000
UDF1 awarded 5000

Round #715, UDF1 (-252258), Unrest (252258)
UDF1 posts blind: 10
Unrest posts blind: 20
UDF1 received [3c 9s]
Unrest received [Qc Kd]
UDF1 raises to 5000
Unrest calls
Flop [4c 3d Kh], UDF1 (5000), Unrest (5000)
Unrest bids 0
UDF1 bids 0
UDF1 won the auction and was revealed [Kd]
Unrest won the auction and was revealed [3c]
Flop [4c 3d Kh], UDF1 (5000), Unrest (5000)
Unrest checks
UDF1 checks
Turn [4c 3d Kh 5d], UDF1 (5000), Unrest (5000)
Unrest checks
UDF1 checks
River [4c 3d Kh 5d Js], UDF1 (5000), Unrest (5000)
Unrest checks
UDF1 checks
UDF1 shows [3c 9s]
Unrest shows [Qc Kd]
UDF1 awarded -5000
Unrest awarded 5000

Round #716, Unrest (257258), UDF1 (-257258)
Unrest posts blind: 10
UDF1 posts blind: 20
Unrest received [Ks 3s]
UDF1 received [5h Ac]
Unrest raises to 40
UDF1 raises to 5000
Unrest calls
Flop [7c Kc Ad], Unrest (5000), UDF1 (5000)
UDF1 bids 0
Unrest bids 0
Unrest won the auction and was revealed [5h]
UDF1 won the auction and was revealed [3s]
Flop [7c Kc Ad], Unrest (5000), UDF1 (5000)
UDF1 checks
Unrest checks
Turn [7c Kc Ad 3c], Unrest (5000), UDF1 (5000)
UDF1 checks
Unrest checks
River [7c Kc Ad 3c 4h], Unrest (5000), UDF1 (5000)
UDF1 checks
Unrest checks
Unrest shows [Ks 3s]
UDF1 shows [5h Ac]
Unrest awarded 5000
UDF1 awarded -5000

Round #717, UDF1 (-262258), Unrest (262258)
UDF1 posts blind: 10
Unrest posts blind: 20
UDF1 received [Qd 9s]
Unrest received [3c 9h]
UDF1 raises to 5000
Unrest calls
Flop [5c Td Jh], UDF1 (5000), Unrest (5000)
Unrest bids 0
UDF1 bids 0
UDF1 won the auction and was revealed [3c]
Unrest won the auction and was revealed [Qd]
Flop [5c Td Jh], UDF1 (5000), Unrest (5000)
Unrest checks
UDF1 checks
Turn [5c Td Jh 2c], UDF1 (5000), Unrest (5000)
Unrest checks
UDF1 checks
River [5c Td Jh 2c 8h], UDF1 (5000), Unrest (5000)
Unrest checks
UDF1 checks
UDF1 shows [Qd 9s]
Unrest shows [3c 9h]
UDF1 awarded 5000
Unrest awarded -5000

Round #718, Unrest (257258), UDF1 (-257258)
Unrest posts blind: 10
UDF1 posts blind: 20
Unrest received [9h 2s]
UDF1 received [Ks 4h]
Unrest folds
Unrest awarded -10
UDF1 awarded 10

Round #719, UDF1 (-257248), Unrest (257248)
UDF1 posts blind: 10
Unrest posts blind: 20
UDF1 received [4c Td]
Unrest received [Jh 8c]
UDF1 raises to 5000
Unrest calls
Flop [2d 5c 7s], UDF1 (5000), Unrest (5000)
Unrest bids 0
UDF1 bids 0
UDF1 won the auction and was revealed [8c]
Unrest won the auction and was revealed [Td]
Flop [2d 5c 7s], UDF1 (5000), Unrest (5000)
Unrest checks
UDF1 checks
Turn [2d 5c 7s Qc], UDF1 (5000), Unrest (5000)
Unrest checks
UDF1 checks
River [2d 5c 7s Qc 3d], UDF1 (5000), Unrest (5000)
Unrest checks
UDF1 checks
UDF1 shows [4c Td]
Unrest shows [Jh 8c]
UDF1 awarded -5000
Unrest awarded 5000

Round #720, Unrest (262248), UDF1 (-262248)
Unrest posts blind: 10
UDF1 posts blind: 20
Unrest received [6d Kc]
UDF1 received [Qd 4h]
Unrest calls
UDF1 raises to 46
Unrest calls
Flop [As 3c 6h], Unrest (46), UDF1 (46)
UDF1 bids 53
Unrest bids 1238
Unrest won the auction and was revealed [Qd]
Flop [As 3c 6h], Unrest (99), UDF1 (46)
UDF1 bets 95
Unrest calls
Turn [As 3c 6h 4s], Unrest (194), UDF1 (141)
UDF1 bets 4806
Unrest calls
River [As 3c 6h 4s 5s], Unrest (5000), UDF1 (4947)
UDF1 checks
Unrest checks
Unrest shows [6d Kc]
UDF1 shows [Qd 4h]
Unrest awarded 4947
UDF1 awarded -4947

Round #721, UDF1 (-267195), Unrest (267195)
UDF1 posts blind: 10
Unrest posts blind: 20
UDF1 received [Qc Td]
Unrest received [Jd Kd]
UDF1 raises to 5000
Unrest calls
Flop [9s 8c 5h], UDF1 (5000), Unrest (5000)
Unrest bids 0
UDF1 bids 0
UDF1 won the auction and was revealed [Jd]
Unrest won the auction and was revealed [Td]
Flop [9s 8c 5h], UDF1 (5000), Unrest (5000)
Unrest checks
UDF1 checks
Turn [9s 8c 5h 2s], UDF1 (5000), Unrest (5000)
Unrest checks
UDF1 checks
River [9s 8c 5h 2s 7d], UDF1 (5000), Unrest (5000)
Unrest checks
UDF1 checks
UDF1 shows [Qc Td]
Unrest shows [Jd Kd]
UDF1 awarded -5000
Unrest awarded 5000

Round #722, Unrest (272195), UDF1 (-272195)
Unrest posts blind: 10
UDF1 posts blind: 20
Unrest received [8h Jh]
UDF1 received [Qh Tc]
Unrest calls
UDF1 raises to 5000
Unrest calls
Flop [Qs Td Kd], Unrest (5000), UDF1 (5000)
UDF1 bids 0
Unrest bids 0
Unrest won the auction and was revealed [Qh]
UDF1 won the auction and was revealed [8h]
Flop [Qs Td Kd], Unrest (5000), UDF1 (5000)
UDF1 checks
Unrest checks
Turn [Qs Td Kd As], Unrest (5000), UDF1 (5000)
UDF1 checks
Unrest checks
River [Qs Td Kd As 4c], Unrest (5000), UDF1 (5000)
UDF1 checks
Unrest checks
Unrest shows [8h Jh]
UDF1 shows [Qh Tc]
Unrest awarded 5000
UDF1 awarded -5000

Round #723, UDF1 (-277195), Unrest (277195)
UDF1 posts blind: 10
Unrest posts blind: 20
UDF1 received [8d 7s]
Unrest received [9d Jd]
UDF1 raises to 5000
Unrest calls
Flop [4s 2s 7h], UDF1 (5000), Unrest (5000)
Unrest bids 0
UDF1 bids 0
UDF1 won the auction and was revealed [Jd]
Unrest won the auction and was revealed [7s]
Flop [4s 2s 7h], UDF1 (5000), Unrest (5000)
Unrest checks
UDF1 checks
Turn [4s 2s 7h 6d], UDF1 (5000), Unrest (5000)
Unrest checks
UDF1 checks
River [4s 2s 7h 6d 9s], UDF1 (5000), Unrest (5000)
Unrest checks
UDF1 checks
UDF1 shows [8d 7s]
Unrest shows [9d Jd]
UDF1 awarded -5000
Unrest awarded 5000

Round #724, Unrest (282195), UDF1 (-282195)
Unrest posts blind: 10
UDF1 posts blind: 20
Unrest received [9h 5c]
UDF1 received [Tc Qd]
Unrest calls
UDF1 raises to 5000
Unrest calls
Flop [6s 7s 7c], Unrest (5000), UDF1 (5000)
UDF1 bids 0
Unrest bids 0
Unrest won the auction and was revealed [Tc]
UDF1 won the auction and was revealed [5c]
Flop [6s 7s 7c], Unrest (5000), UDF1 (5000)
UDF1 checks
Unrest checks
Turn [6s 7s 7c Js], Unrest (5000), UDF1 (5000)
UDF1 checks
Unrest checks
River [6s 7s 7c Js Qs], Unrest (5000), UDF1 (5000)
UDF1 checks
Unrest checks
Unrest shows [9h 5c]
UDF1 shows [Tc Qd]
Unrest awarded -5000
UDF1 awarded 5000

Round #725, UDF1 (-277195), Unrest (277195)
UDF1 posts blind: 10
Unrest posts blind: 20
UDF1 received [Qh 6c]
Unrest received [Tc Kh]
UDF1 raises to 5000
Unrest calls
Flop [Th 2s 9c], UDF1 (5000), Unrest (5000)
Unrest bids 0
UDF1 bids 0
UDF1 won the auction and was revealed [Tc]
Unrest won the auction and was revealed [6c]
Flop [Th 2s 9c], UDF1 (5000), Unrest (5000)
Unrest checks
UDF1 checks
Turn [Th 2s 9c 5d], UDF1 (5000), Unrest (5000)
Unrest checks
UDF1 checks
River [Th 2s 9c 5d 2h], UDF1 (5000), Unrest (5000)
Unrest checks
UDF1 checks
UDF1 shows [Qh 6c]
Unrest shows [Tc Kh]
UDF1 awarded -5000
Unrest awarded 5000

Round #726, Unrest (282195), UDF1 (-282195)
Unrest posts blind: 10
UDF1 posts blind: 20
Unrest received [5d 4s]
UDF1 received [2s 2c]
Unrest folds
Unrest awarded -10
UDF1 awarded 10

Round #727, UDF1 (-282185), Unrest (282185)
UDF1 posts blind: 10
Unrest posts blind: 20
UDF1 received [Kc 2h]
Unrest received [9c 8c]
UDF1 raises to 5000
Unrest calls
Flop [Qc Ac As], UDF1 (5000), Unrest (5000)
Unrest bids 0
UDF1 bids 0
UDF1 won the auction and was revealed [9c]
Unrest won the auction and was revealed [Kc]
Flop [Qc Ac As], UDF1 (5000), Unrest (5000)
Unrest checks
UDF1 checks
Turn [Qc Ac As Qs], UDF1 (5000), Unrest (5000)
Unrest checks
UDF1 checks
River [Qc Ac As Qs Jd], UDF1 (5000), Unrest (5000)
Unrest checks
UDF1 checks
UDF1 shows [Kc 2h]
Unrest shows [9c 8c]
UDF1 awarded 5000
Unrest awarded -5000

Round #728, Unrest (277185), UDF1 (-277185)
Unrest posts blind: 10
UDF1 posts blind: 20
Unrest received [Qc 2c]
UDF1 received [3s 2s]
Unrest calls
UDF1 raises to 46
Unrest calls
Flop [Qd 9d Ks], Unrest (46), UDF1 (46)
UDF1 bids 19
Unrest bids 743
Unrest won the auction and was revealed [3s]
Flop [Qd 9d Ks], Unrest (65), UDF1 (46)
UDF1 bets 73
Unrest calls
Turn [Qd 9d Ks 7c], Unrest (138), UDF1 (119)
UDF1 checks
Unrest bets 20
UDF1 calls
River [Qd 9d Ks 7c 6d], Unrest (158), UDF1 (139)
UDF1 checks
Unrest bets 20
UDF1 folds
Unrest awarded 139
UDF1 awarded -139

Round #729, UDF1 (-277324), Unrest (277324)
UDF1 posts blind: 10
Unrest posts blind: 20
UDF1 received [Qc 6c]
Unrest received [Jh 4s]
UDF1 calls
Unrest checks
Flop [Kh As Qd], UDF1 (20), Unrest (20)
Unrest bids 249
UDF1 bids 34
Unrest won the auction and was revealed [6c]
Flop [Kh As Qd], UDF1 (20), Unrest (54)
Unrest checks
UDF1 bets 4946
Unrest folds
UDF1 awarded 54
Unrest awarded -54

Round #730, Unrest (277270), UDF1 (-277270)
Unrest posts blind: 10
UDF1 posts blind: 20
Unrest received [4s Th]
UDF1 received [Ts As]
Unrest calls
UDF1 raises to 46
Unrest calls
Flop [Kd 2d 5d], Unrest (46), UDF1 (46)
UDF1 bids 52
Unrest bids 247
Unrest won the auction and was revealed [As]
Flop [Kd 2d 5d], Unrest (98), UDF1 (46)
UDF1 bets 4902
Unrest folds
Unrest awarded -98
UDF1 awarded 98

Round #731, UDF1 (-277172), Unrest (277172)
UDF1 posts blind: 10
Unrest posts blind: 20
UDF1 received [Kh 6s]
Unrest received [3h Qd]
UDF1 raises to 5000
Unrest calls
Flop [As 8c 4h], UDF1 (5000), Unrest (5000)
Unrest bids 0
UDF1 bids 0
UDF1 won the auction and was revealed [Qd]
Unrest won the auction and was revealed [Kh]
Flop [As 8c 4h], UDF1 (5000), Unrest (5000)
Unrest checks
UDF1 checks
Turn [As 8c 4h Jd], UDF1 (5000), Unrest (5000)
Unrest checks
UDF1 checks
River [As 8c 4h Jd Tc], UDF1 (5000), Unrest (5000)
Unrest checks
UDF1 checks
UDF1 shows [Kh 6s]
Unrest shows [3h Qd]
UDF1 awarded 5000
Unrest awarded -5000

Round #732, Unrest (272172), UDF1 (-272172)
Unrest posts blind: 10
UDF1 posts blind: 20
Unrest received [Ac 5c]
UDF1 received [Jc Tc]
Unrest raises to 40
UDF1 raises to 5000
Unrest calls
Flop [8h 9h Ah], Unrest (5000), UDF1 (5000)
UDF1 bids 0
Unrest bids 0
Unrest won the auction and was revealed [Tc]
UDF1 won the auction and was revealed [5c]
Flop [8h 9h Ah], Unrest (5000), UDF1 (5000)
UDF1 checks
Unrest checks
Turn [8h 9h Ah 8d], Unrest (5000), UDF1 (5000)
UDF1 checks
Unrest checks
River [8h 9h Ah 8d Ks], Unrest (5000), UDF1 (5000)
UDF1 checks
Unrest checks
Unrest shows [Ac 5c]
UDF1 shows [Jc Tc]
Unrest awarded 5000
UDF1 awarded -5000

Round #733, UDF1 (-277172), Unrest (277172)
UDF1 posts blind: 10
Unrest posts blind: 20
UDF1 received [Ah 3h]
Unrest received [Th 3d]
UDF1 raises to 5000
Unrest calls
Flop [8h Ac As], UDF1 (5000), Unrest (5000)
Unrest bids 0
UDF1 bids 0
UDF1 won the auction and was revealed [3d]
Unrest won the auction and was revealed [3h]
Flop [8h Ac As], UDF1 (5000), Unrest (5000)
Unrest checks
UDF1 checks
Turn [8h Ac As 7h], UDF1 (5000), Unrest (5000)
Unrest checks
UDF1 checks
River [8h Ac As 7h 8s], UDF1 (5000), Unrest (5000)
Unrest checks
UDF1 checks
UDF1 shows [Ah 3h]
Unrest shows [Th 3d]
UDF1 awarded 5000
Unrest awarded -5000

Round #734, Unrest (272172), UDF1 (-272172)
Unrest posts blind: 10
UDF1 posts blind: 20
Unrest received [2h 3d]
UDF1 received [9s Td]
Unrest folds
Unrest awarded -10
UDF1 awarded 10

Round #735, UDF1 (-272162), Unrest (272162)
UDF1 posts blind: 10
Unrest posts blind: 20
UDF1 received [3h 5s]
Unrest received [5h Kc]
UDF1 raises to 50
Unrest calls
Flop [Th 5c 9c], UDF1 (50), Unrest (50)
Unrest bids 1237
UDF1 bids 57
Unrest won the auction and was revealed [5s]
Flop [Th 5c 9c], UDF1 (50), Unrest (107)
Unrest bets 20
UDF1 raises to 4893
Unrest calls
Turn [Th 5c 9c 8s], UDF1 (4943), Unrest (5000)
Unrest checks
UDF1 checks
River [Th 5c 9c 8s 7c], UDF1 (4943), Unrest (5000)
Unrest checks
UDF1 checks
UDF1 shows [3h 5s]
Unrest shows [5h Kc]
UDF1 awarded -4943
Unrest awarded 4943

Round #736, Unrest (277105), UDF1 (-277105)
Unrest posts blind: 10
UDF1 posts blind: 20
Unrest received [2d 8s]
UDF1 received [3h 8d]
Unrest folds
Unrest awarded -10
UDF1 awarded 10

Round #737, UDF1 (-277095), Unrest (277095)
UDF1 posts blind: 10
Unrest posts blind: 20
UDF1 received [Kc Kd]
Unrest received [Ts 4d]
UDF1 raises to 5000
Unrest calls
Flop [Jh 3c 8d], UDF1 (5000), Unrest (5000)
Unrest bids 0
UDF1 bids 0
UDF1 won the auction and was revealed [4d]
Unrest won the auction and was revealed [Kc]
Flop [Jh 3c 8d], UDF1 (5000), Unrest (5000)
Unrest checks
UDF1 checks
Turn [Jh 3c 8d 8s], UDF1 (5000), Unrest (5000)
Unrest checks
UDF1 checks
River [Jh 3c 8d 8s Qs], UDF1 (5000), Unrest (5000)
Unrest checks
UDF1 checks
UDF1 shows [Kc Kd]
Unrest shows [Ts 4d]
UDF1 awarded 5000
Unrest awarded -5000

Round #738, Unrest (272095), UDF1 (-272095)
Unrest posts blind: 10
UDF1 posts blind: 20
Unrest received [7s 6h]
UDF1 received [8c Tc]
Unrest folds
Unrest awarded -10
UDF1 awarded 10

Round #739, UDF1 (-272085), Unrest (272085)
UDF1 posts blind: 10
Unrest posts blind: 20
UDF1 received [7d 8h]
Unrest received [Ah Qd]
UDF1 raises to 5000
Unrest calls
Flop [8d Kd 6d], UDF1 (5000), Unrest (5000)
Unrest bids 0
UDF1 bids 0
UDF1 won the auction and was revealed [Qd]
Unrest won the auction and was revealed [8h]
Flop [8d Kd 6d], UDF1 (5000), Unrest (5000)
Unrest checks
UDF1 checks
Turn [8d Kd 6d Jh], UDF1 (5000), Unrest (5000)
Unrest checks
UDF1 checks
River [8d Kd 6d Jh Qs], UDF1 (5000), Unrest (5000)
Unrest checks
UDF1 checks
UDF1 shows [7d 8h]
Unrest shows [Ah Qd]
UDF1 awarded -5000
Unrest awarded 5000

Round #740, Unrest (277085), UDF1 (-277085)
Unrest posts blind: 10
UDF1 posts blind: 20
Unrest received [Kh 7c]
UDF1 received [Ks Qs]
Unrest calls
UDF1 raises to 5000
Unrest calls
Flop [6d Ts 4h], Unrest (5000), UDF1 (5000)
UDF1 bids 0
Unrest bids 0
Unrest won the auction and was revealed [Ks]
UDF1 won the auction and was revealed [Kh]
Flop [6d Ts 4h], Unrest (5000), UDF1 (5000)
UDF1 checks
Unrest checks
Turn [6d Ts 4h 2d], Unrest (5000), UDF1 (5000)
UDF1 checks
Unrest checks
River [6d Ts 4h 2d 5h], Unrest (5000), UDF1 (5000)
UDF1 checks
Unrest checks
Unrest shows [Kh 7c]
UDF1 shows [Ks Qs]
Unrest awarded -5000
UDF1 awarded 5000

Round #741, UDF1 (-272085), Unrest (272085)
UDF1 posts blind: 10
Unrest posts blind: 20
UDF1 received [3h 5d]
Unrest received [Kc 9h]
UDF1 raises to 50
Unrest calls
Flop [6h 6c 5h], UDF1 (50), Unrest (50)
Unrest bids 247
UDF1 bids 55
Unrest won the auction and was revealed [3h]
Flop [6h 6c 5h], UDF1 (50), Unrest (105)
Unrest checks
UDF1 bets 4895
Unrest folds
UDF1 awarded 105
Unrest awarded -105

Round #742, Unrest (271980), UDF1 (-271980)
Unrest posts blind: 10
UDF1 posts blind: 20
Unrest received [7c 7d]
UDF1 received [Jc 3c]
Unrest raises to 40
UDF1 raises to 5000
Unrest calls
Flop [Qh 9c Qd], Unrest (5000), UDF1 (5000)
UDF1 bids 0
Unrest bids 0
Unrest won the auction and was revealed [3c]
UDF1 won the auction and was revealed [7d]
Flop [Qh 9c Qd], Unrest (5000), UDF1 (5000)
UDF1 checks
Unrest checks
Turn [Qh 9c Qd 5s], Unrest (5000), UDF1 (5000)
UDF1 checks
Unrest checks
River [Qh 9c Qd 5s 4h], Unrest (5000), UDF1 (5000)
UDF1 checks
Unrest checks
Unrest shows [7c 7d]
UDF1 shows [Jc 3c]
Unrest awarded 5000
UDF1 awarded -5000

Round #743, UDF1 (-276980), Unrest (276980)
UDF1 posts blind: 10
Unrest posts blind: 20
UDF1 received [3c Ad]
Unrest received [4c Ks]
UDF1 raises to 5000
Unrest calls
Flop [5d 8s 7d], UDF1 (5000), Unrest (5000)
Unrest bids 0
UDF1 bids 0
UDF1 won the auction and was revealed [4c]
Unrest won the auction and was revealed [Ad]
Flop [5d 8s 7d], UDF1 (5000), Unrest (5000)
Unrest checks
UDF1 checks
Turn [5d 8s 7d 6s], UDF1 (5000), Unrest (5000)
Unrest checks
UDF1 checks
River [5d 8s 7d 6s 5c], UDF1 (5000), Unrest (5000)
Unrest checks
UDF1 checks
UDF1 shows [3c Ad]
Unrest shows [4c Ks]
UDF1 awarded -5000
Unrest awarded 5000

Round #744, Unrest (281980), UDF1 (-281980)
Unrest posts blind: 10
UDF1 posts blind: 20
Unrest received [3h 3c]
UDF1 received [Js 4c]
Unrest raises to 40
UDF1 raises to 5000
Unrest calls
Flop [2d 9d 5d], Unrest (5000), UDF1 (5000)
UDF1 bids 0
Unrest bids 0
Unrest won the auction and was revealed [Js]
UDF1 won the auction and was revealed [3c]
Flop [2d 9d 5d], Unrest (5000), UDF1 (5000)
UDF1 checks
Unrest checks
Turn [2d 9d 5d 8d], Unrest (5000), UDF1 (5000)
UDF1 checks
Unrest checks
River [2d 9d 5d 8d As], Unrest (5000), UDF1 (5000)
UDF1 checks
Unrest checks
Unrest shows [3h 3c]
UDF1 shows [Js 4c]
Unrest awarded 5000
UDF1 awarded -5000

Round #745, UDF1 (-286980), Unrest (286980)
UDF1 posts blind: 10
Unrest posts blind: 20
UDF1 received [3c 5h]
Unrest received [9c Jc]
UDF1 raises to 50
Unrest calls
Flop [6s 7d Th], UDF1 (50), Unrest (50)
Unrest bids 247
UDF1 bids 52
Unrest won the auction and was revealed [5h]
Flop [6s 7d Th], UDF1 (50), Unrest (102)
Unrest checks
UDF1 checks
Turn [6s 7d Th 7s], UDF1 (50), Unrest (102)
Unrest checks
UDF1 checks
River [6s 7d Th 7s 5c], UDF1 (50), Unrest (102)
Unrest bets 20
UDF1 raises to 4898
Unrest folds
UDF1 awarded 122
Unrest awarded -122

Round #746, Unrest (286858), UDF1 (-286858)
Unrest posts blind: 10
UDF1 posts blind: 20
Unrest received [Tc 8c]
UDF1 received [4c Th]
Unrest calls
UDF1 raises to 5000
Unrest calls
Flop [Js 2s 2h], Unrest (5000), UDF1 (5000)
UDF1 bids 0
Unrest bids 0
Unrest won the auction and was revealed [4c]
UDF1 won the auction and was revealed [Tc]
Flop [Js 2s 2h], Unrest (5000), UDF1 (5000)
UDF1 checks
Unrest checks
Turn [Js 2s 2h 2d], Unrest (5000), UDF1 (5000)
UDF1 checks
Unrest checks
River [Js 2s 2h 2d 5c], Unrest (5000), UDF1 (5000)
UDF1 checks
Unrest checks
Unrest shows [Tc 8c]
UDF1 shows [4c Th]
Unrest awarded 0
UDF1 awarded 0

Round #747, UDF1 (-286858), Unrest (286858)
UDF1 posts blind: 10
Unrest posts blind: 20
UDF1 received [As 2d]
Unrest received [Kc Ac]
UDF1 raises to 5000
Unrest calls
Flop [Td 5s Ts], UDF1 (5000), Unrest (5000)
Unrest bids 0
UDF1 bids 0
UDF1 won the auction and was revealed [Ac]
Unrest won the auction and was revealed [2d]
Flop [Td 5s Ts], UDF1 (5000), Unrest (5000)
Unrest checks
UDF1 checks
Turn [Td 5s Ts Jh], UDF1 (5000), Unrest (5000)
Unrest checks
UDF1 checks
River [Td 5s Ts Jh 3d], UDF1 (5000), Unrest (5000)
Unrest checks
UDF1 checks
UDF1 shows [As 2d]
Unrest shows [Kc Ac]
UDF1 awarded -5000
Unrest awarded 5000

Round #748, Unrest (291858), UDF1 (-291858)
Unrest posts blind: 10
UDF1 posts blind: 20
Unrest received [9d 9h]
UDF1 received [2h Jc]
Unrest raises to 40
UDF1 raises to 5000
Unrest calls
Flop [4h 2c 6h], Unrest (5000), UDF1 (5000)
UDF1 bids 0
Unrest bids 0
Unrest won the auction and was revealed [Jc]
UDF1 won the auction and was revealed [9d]
Flop [4h 2c 6h], Unrest (5000), UDF1 (5000)
UDF1 checks
Unrest checks
Turn [4h 2c 6h 8s], Unrest (5000), UDF1 (5000)
UDF1 checks
Unrest checks
River [4h 2c 6h 8s 3s], Unrest (5000), UDF1 (5000)
UDF1 checks
Unrest checks
Unrest shows [9d 9h]
UDF1 shows [2h Jc]
Unrest awarded 5000
UDF1 awarded -5000

Round #749, UDF1 (-296858), Unrest (296858)
UDF1 posts blind: 10
Unrest posts blind: 20
UDF1 received [Th 5c]
Unrest received [7c 7h]
UDF1 raises to 5000
Unrest calls
Flop [9d 3h 5s], UDF1 (5000), Unrest (5000)
Unrest bids 0
UDF1 bids 0
UDF1 won the auction and was revealed [7h]
Unrest won the auction and was revealed [5c]
Flop [9d 3h 5s], UDF1 (5000), Unrest (5000)
Unrest checks
UDF1 checks
Turn [9d 3h 5s Qd], UDF1 (5000), Unrest (5000)
Unrest checks
UDF1 checks
River [9d 3h 5s Qd 3d], UDF1 (5000), Unrest (5000)
Unrest checks
UDF1 checks
UDF1 shows [Th 5c]
Unrest shows [7c 7h]
UDF1 awarded -5000
Unrest awarded 5000

Round #750, Unrest (301858), UDF1 (-301858)
Unrest posts blind: 10
UDF1 posts blind: 20
Unrest received [3h 2s]
UDF1 received [9s 3c]
Unrest folds
Unrest awarded -10
UDF1 awarded 10

Round #751, UDF1 (-301848), Unrest (301848)
UDF1 posts blind: 10
Unrest posts blind: 20
UDF1 received [Jh 6h]
Unrest received [Ks 7s]
UDF1 raises to 5000
Unrest calls
Flop [6s 9d Ac], UDF1 (5000), Unrest (5000)
Unrest bids 0
UDF1 bids 0
UDF1 won the auction and was revealed [Ks]
Unrest won the auction and was revealed [Jh]
Flop [6s 9d Ac], UDF1 (5000), Unrest (5000)
Unrest checks
UDF1 checks
Turn [6s 9d Ac 6d], UDF1 (5000), Unrest (5000)
Unrest checks
UDF1 checks
River [6s 9d Ac 6d Jd], UDF1 (5000), Unrest (5000)
Unrest checks
UDF1 checks
UDF1 shows [Jh 6h]
Unrest shows [Ks 7s]
UDF1 awarded 5000
Unrest awarded -5000

Round #752, Unrest (296848), UDF1 (-296848)
Unrest posts blind: 10
UDF1 posts blind: 20
Unrest received [5s Ks]
UDF1 received [3s Ac]
Unrest raises to 40
UDF1 raises to 5000
Unrest calls
Flop [Jc Kc 4s], Unrest (5000), UDF1 (5000)
UDF1 bids 0
Unrest bids 0
Unrest won the auction and was revealed [Ac]
UDF1 won the auction and was revealed [Ks]
Flop [Jc Kc 4s], Unrest (5000), UDF1 (5000)
UDF1 checks
Unrest checks
Turn [Jc Kc 4s 2s], Unrest (5000), UDF1 (5000)
UDF1 checks
Unrest checks
River [Jc Kc 4s 2s 3c], Unrest (5000), UDF1 (5000)
UDF1 checks
Unrest checks
Unrest shows [5s Ks]
UDF1 shows [3s Ac]
Unrest awarded 5000
UDF1 awarded -5000

Round #753, UDF1 (-301848), Unrest (301848)
UDF1 posts blind: 10
Unrest posts blind: 20
UDF1 received [Th 8h]
Unrest received [Qs 2d]
UDF1 raises to 5000
Unrest calls
Flop [7h Jh 7c], UDF1 (5000), Unrest (5000)
Unrest bids 0
UDF1 bids 0
UDF1 won the auction and was revealed [Qs]
Unrest won the auction and was revealed [8h]
Flop [7h Jh 7c], UDF1 (5000), Unrest (5000)
Unrest checks
UDF1 checks
Turn [7h Jh 7c 2h], UDF1 (5000), Unrest (5000)
Unrest checks
UDF1 checks
River [7h Jh 7c 2h 7s], UDF1 (5000), Unrest (5000)
Unrest checks
UDF1 checks
UDF1 shows [Th 8h]
Unrest shows [Qs 2d]
UDF1 awarded -5000
Unrest awarded 5000

Round #754, Unrest (306848), UDF1 (-306848)
Unrest posts blind: 10
UDF1 posts blind: 20
Unrest received [5c Td]
UDF1 received [Qd 8s]
Unrest calls
UDF1 raises to 5000
Unrest calls
Flop [Tc 9h Qh], Unrest (5000), UDF1 (5000)
UDF1 bids 0
Unrest bids 0
Unrest won the auction and was revealed [Qd]
UDF1 won the auction and was revealed [Td]
Flop [Tc 9h Qh], Unrest (5000), UDF1 (5000)
UDF1 checks
Unrest checks
Turn [Tc 9h Qh 3c], Unrest (5000), UDF1 (5000)
UDF1 checks
Unrest checks
River [Tc 9h Qh 3c 4d], Unrest (5000), UDF1 (5000)
UDF1 checks
Unrest checks
Unrest shows [5c Td]
UDF1 shows [Qd 8s]
Unrest awarded -5000
UDF1 awarded 5000

Round #755, UDF1 (-301848), Unrest (301848)
UDF1 posts blind: 10
Unrest posts blind: 20
UDF1 received [Ks As]
Unrest received [7s 8d]
UDF1 raises to 5000
Unrest calls
Flop [Kc Ts Jh], UDF1 (5000), Unrest (5000)
Unrest bids 0
UDF1 bids 0
UDF1 won the auction and was revealed [8d]
Unrest won the auction and was revealed [As]
Flop [Kc Ts Jh], UDF1 (5000), Unrest (5000)
Unrest checks
UDF1 checks
Turn [Kc Ts Jh 7c], UDF1 (5000), Unrest (5000)
Unrest checks
UDF1 checks
River [Kc Ts Jh 7c 3s], UDF1 (5000), Unrest (5000)
Unrest checks
UDF1 checks
UDF1 shows [Ks As]
Unrest shows [7s 8d]
UDF1 awarded 5000
Unrest awarded -5000

Round #756, Unrest (296848), UDF1 (-296848)
Unrest posts blind: 10
UDF1 posts blind: 20
Unrest received [6s 2c]
UDF1 received [3d Jd]
Unrest folds
Unrest awarded -10
UDF1 awarded 10

Round #757, UDF1 (-296838), Unrest (296838)
UDF1 posts blind: 10
Unrest posts blind: 20
UDF1 received [3c Js]
Unrest received [2c 4d]
UDF1 raises to 5000
Unrest folds
UDF1 awarded 20
Unrest awarded -20

Round #758, Unrest (296818), UDF1 (-296818)
Unrest posts blind: 10
UDF1 posts blind: 20
Unrest received [5s 7c]
UDF1 received [3h 9d]
Unrest folds
Unrest awarded -10
UDF1 awarded 10

Round #759, UDF1 (-296808), Unrest (296808)
UDF1 posts blind: 10
Unrest posts blind: 20
UDF1 received [As 8s]
Unrest received [4c 5c]
UDF1 calls
Unrest checks
Flop [Kd 4d 4s], UDF1 (20), Unrest (20)
Unrest bids 1245
UDF1 bids 35
Unrest won the auction and was revealed [As]
Flop [Kd 4d 4s], UDF1 (20), Unrest (55)
Unrest bets 20
UDF1 calls
Turn [Kd 4d 4s 3h], UDF1 (40), Unrest (75)
Unrest bets 20
UDF1 folds
UDF1 awarded -40
Unrest awarded 40

Round #760, Unrest (296848), UDF1 (-296848)
Unrest posts blind: 10
UDF1 posts blind: 20
Unrest received [Js Ah]
UDF1 received [Ks 9c]
Unrest raises to 40
UDF1 raises to 100
Unrest raises to 160
UDF1 raises to 5000
Unrest calls
Flop [2d 5d 9h], Unrest (5000), UDF1 (5000)
UDF1 bids 0
Unrest bids 0
Unrest won the auction and was revealed [Ks]
UDF1 won the auction and was revealed [Ah]
Flop [2d 5d 9h], Unrest (5000), UDF1 (5000)
UDF1 checks
Unrest checks
Turn [2d 5d 9h 6d], Unrest (5000), UDF1 (5000)
UDF1 checks
Unrest checks
River [2d 5d 9h 6d Qs], Unrest (5000), UDF1 (5000)
UDF1 checks
Unrest checks
Unrest shows [Js Ah]
UDF1 shows [Ks 9c]
Unrest awarded -5000
UDF1 awarded 5000

Round #761, UDF1 (-291848), Unrest (291848)
UDF1 posts blind: 10
Unrest posts blind: 20
UDF1 received [7s 2s]
Unrest received [Jh 3s]
UDF1 calls
Unrest checks
Flop [Qc 9d 9h], UDF1 (20), Unrest (20)
Unrest bids 249
UDF1 bids 29
Unrest won the auction and was revealed [7s]
Flop [Qc 9d 9h], UDF1 (20), Unrest (49)
Unrest checks
UDF1 bets 45
Unrest calls
Turn [Qc 9d 9h Qh], UDF1 (65), Unrest (94)
Unrest checks
UDF1 checks
River [Qc 9d 9h Qh Th], UDF1 (65), Unrest (94)
Unrest checks
UDF1 bets 104
Unrest calls
UDF1 shows [7s 2s]
Unrest shows [Jh 3s]
UDF1 awarded -169
Unrest awarded 169

Round #762, Unrest (292017), UDF1 (-292017)
Unrest posts blind: 10
UDF1 posts blind: 20
Unrest received [Ac 9c]
UDF1 received [8c Qd]
Unrest raises to 40
UDF1 raises to 5000
Unrest calls
Flop [4d 7c As], Unrest (5000), UDF1 (5000)
UDF1 bids 0
Unrest bids 0
Unrest won the auction and was revealed [Qd]
UDF1 won the auction and was revealed [9c]
Flop [4d 7c As], Unrest (5000), UDF1 (5000)
UDF1 checks
Unrest checks
Turn [4d 7c As 8h], Unrest (5000), UDF1 (5000)
UDF1 checks
Unrest checks
River [4d 7c As 8h 6h], Unrest (5000), UDF1 (5000)
UDF1 checks
Unrest checks
Unrest shows [Ac 9c]
UDF1 shows [8c Qd]
Unrest awarded 5000
UDF1 awarded -5000

Round #763, UDF1 (-297017), Unrest (297017)
UDF1 posts blind: 10
Unrest posts blind: 20
UDF1 received [Ac Th]
Unrest received [5d 6d]
UDF1 raises to 5000
Unrest calls
Flop [2c 6c Jc], UDF1 (5000), Unrest (5000)
Unrest bids 0
UDF1 bids 0
UDF1 won the auction and was revealed [5d]
Unrest won the auction and was revealed [Th]
Flop [2c 6c Jc], UDF1 (5000), Unrest (5000)
Unrest checks
UDF1 checks
Turn [2c 6c Jc Qs], UDF1 (5000), Unrest (5000)
Unrest checks
UDF1 checks
River [2c 6c Jc Qs 3s], UDF1 (5000), Unrest (5000)
Unrest checks
UDF1 checks
UDF1 shows [Ac Th]
Unrest shows [5d 6d]
UDF1 awarded -5000
Unrest awarded 5000

Round #764, Unrest (302017), UDF1 (-302017)
Unrest posts blind: 10
UDF1 posts blind: 20
Unrest received [4h Ad]
UDF1 received [Qs 2h]
Unrest calls
UDF1 raises to 5000
Unrest calls
Flop [Qd 5s 5d], Unrest (5000), UDF1 (5000)
UDF1 bids 0
Unrest bids 0
Unrest won the auction and was revealed [Qs]
UDF1 won the auction and was revealed [Ad]
Flop [Qd 5s 5d], Unrest (5000), UDF1 (5000)
UDF1 checks
Unrest checks
Turn [Qd 5s 5d Kh], Unrest (5000), UDF1 (5000)
UDF1 checks
Unrest checks
River [Qd 5s 5d Kh Js], Unrest (5000), UDF1 (5000)
UDF1 checks
Unrest checks
Unrest shows [4h Ad]
UDF1 shows [Qs 2h]
Unrest awarded -5000
UDF1 awarded 5000

Round #765, UDF1 (-297017), Unrest (297017)
UDF1 posts blind: 10
Unrest posts blind: 20
UDF1 received [3s 5s]
Unrest received [3c 8d]
UDF1 raises to 50
Unrest folds
UDF1 awarded 20
Unrest awarded -20

Round #766, Unrest (296997), UDF1 (-296997)
Unrest posts blind: 10
UDF1 posts blind: 20
Unrest received [Kd Kh]
UDF1 received [5h 6h]
Unrest raises to 40
UDF1 raises to 100
Unrest raises to 160
UDF1 raises to 420
Unrest raises to 680
UDF1 raises to 1780
Unrest raises to 2880
UDF1 folds
Unrest awarded 1780
UDF1 awarded -1780

Round #767, UDF1 (-298777), Unrest (298777)
UDF1 posts blind: 10
Unrest posts blind: 20
UDF1 received [6h 3d]
Unrest received [8c 7s]
UDF1 raises to 5000
Unrest calls
Flop [5s 5d Qs], UDF1 (5000), Unrest (5000)
Unrest bids 0
UDF1 bids 0
UDF1 won the auction and was revealed [7s]
Unrest won the auction and was revealed [3d]
Flop [5s 5d Qs], UDF1 (5000), Unrest (5000)
Unrest checks
UDF1 checks
Turn [5s 5d Qs Ad], UDF1 (5000), Unrest (5000)
Unrest checks
UDF1 checks
River [5s 5d Qs Ad 9d], UDF1 (5000), Unrest (5000)
Unrest checks
UDF1 checks
UDF1 shows [6h 3d]
Unrest shows [8c 7s]
UDF1 awarded 0
Unrest awarded 0

Round #768, Unrest (298777), UDF1 (-298777)
Unrest posts blind: 10
UDF1 posts blind: 20
Unrest received [Js Kd]
UDF1 received [4h 5d]
Unrest raises to 40
UDF1 raises to 5000
Unrest calls
Flop [9s 6s Ah], Unrest (5000), UDF1 (5000)
UDF1 bids 0
Unrest bids 0
Unrest won the auction and was revealed [4h]
UDF1 won the auction and was revealed [Kd]
Flop [9s 6s Ah], Unrest (5000), UDF1 (5000)
UDF1 checks
Unrest checks
Turn [9s 6s Ah 4s], Unrest (5000), UDF1 (5000)
UDF1 checks
Unrest checks
River [9s 6s Ah 4s Jh], Unrest (5000), UDF1 (5000)
UDF1 checks
Unrest checks
Unrest shows [Js Kd]
UDF1 shows [4h 5d]
Unrest awarded 5000
UDF1 awarded -5000

Round #769, UDF1 (-303777), Unrest (303777)
UDF1 posts blind: 10
Unrest posts blind: 20
UDF1 received [Ad 7c]
Unrest received [Js 7d]
UDF1 raises to 5000
Unrest calls
Flop [5s 9c 8d], UDF1 (5000), Unrest (5000)
Unrest bids 0
UDF1 bids 0
UDF1 won the auction and was revealed [7d]
Unrest won the auction and was revealed [7c]
Flop [5s 9c 8d], UDF1 (5000), Unrest (5000)
Unrest checks
UDF1 checks
Turn [5s 9c 8d Kd], UDF1 (5000), Unrest (5000)
Unrest checks
UDF1 checks
River [5s 9c 8d Kd Qh], UDF1 (5000), Unrest (5000)
Unrest checks
UDF1 checks
UDF1 shows [Ad 7c]
Unrest shows [Js 7d]
UDF1 awarded 5000
Unrest awarded -5000

Round #770, Unrest (298777), UDF1 (-298777)
Unrest posts blind: 10
UDF1 posts blind: 20
Unrest received [6h 7s]
UDF1 received [Ac 8s]
Unrest folds
Unrest awarded -10
UDF1 awarded 10

Round #771, UDF1 (-298767), Unrest (298767)
UDF1 posts blind: 10
Unrest posts blind: 20
UDF1 received [Kc Kh]
Unrest received [Jd Jc]
UDF1 raises to 5000
Unrest calls
Flop [2s 5h Ks], UDF1 (5000), Unrest (5000)
Unrest bids 0
UDF1 bids 0
UDF1 won the auction and was revealed [Jd]
Unrest won the auction and was revealed [Kc]
Flop [2s 5h Ks], UDF1 (5000), Unrest (5000)
Unrest checks
UDF1 checks
Turn [2s 5h Ks 2d], UDF1 (5000), Unrest (5000)
Unrest checks
UDF1 checks
River [2s 5h Ks 2d Ah], UDF1 (5000), Unrest (5000)
Unrest checks
UDF1 checks
UDF1 shows [Kc Kh]
Unrest shows [Jd Jc]
UDF1 awarded 5000
Unrest awarded -5000

Round #772, Unrest (293767), UDF1 (-293767)
Unrest posts blind: 10
UDF1 posts blind: 20
Unrest received [7c 2c]
UDF1 received [3h 8c]
Unrest folds
Unrest awarded -10
UDF1 awarded 10

Round #773, UDF1 (-293757), Unrest (293757)
UDF1 posts blind: 10
Unrest posts blind: 20
UDF1 received [2c 4s]
Unrest received [2h Kc]
UDF1 calls
Unrest checks
Flop [5d 7c 5h], UDF1 (20), Unrest (20)
Unrest bids 249
UDF1 bids 28
Unrest won the auction and was revealed [4s]
Flop [5d 7c 5h], UDF1 (20), Unrest (48)
Unrest checks
UDF1 bets 44
Unrest calls
Turn [5d 7c 5h Kh], UDF1 (64), Unrest (92)
Unrest checks
UDF1 bets 102
Unrest calls
River [5d 7c 5h Kh Qc], UDF1 (166), Unrest (194)
Unrest checks
UDF1 checks
UDF1 shows [2c 4s]
Unrest shows [2h Kc]
UDF1 awarded -166
Unrest awarded 166

Round #774, Unrest (293923), UDF1 (-293923)
Unrest posts blind: 10
UDF1 posts blind: 20
Unrest received [8d 7d]
UDF1 received [3s 5c]
Unrest calls
UDF1 raises to 5000
Unrest calls
Flop [7h Ac Ts], Unrest (5000), UDF1 (5000)
UDF1 bids 0
Unrest bids 0
Unrest won the auction and was revealed [3s]
UDF1 won the auction and was revealed [7d]
Flop [7h Ac Ts], Unrest (5000), UDF1 (5000)
UDF1 checks
Unrest checks
Turn [7h Ac Ts 6s], Unrest (5000), UDF1 (5000)
UDF1 checks
Unrest checks
River [7h Ac Ts 6s Ks], Unrest (5000), UDF1 (5000)
UDF1 checks
Unrest checks
Unrest shows [8d 7d]
UDF1 shows [3s 5c]
Unrest awarded 5000
UDF1 awarded -5000

Round #775, UDF1 (-298923), Unrest (298923)
UDF1 posts blind: 10
Unrest posts blind: 20
UDF1 received [6d Qd]
Unrest received [4d 9c]
UDF1 raises to 5000
Unrest calls
Flop [8c 9d 5h], UDF1 (5000), Unrest (5000)
Unrest bids 0
UDF1 bids 0
UDF1 won the auction and was revealed [9c]
Unrest won the auction and was revealed [Qd]
Flop [8c 9d 5h], UDF1 (5000), Unrest (5000)
Unrest checks
UDF1 checks
Turn [8c 9d 5h 6c], UDF1 (5000), Unrest (5000)
Unrest checks
UDF1 checks
River [8c 9d 5h 6c 2c], UDF1 (5000), Unrest (5000)
Unrest checks
UDF1 checks
UDF1 shows [6d Qd]
Unrest shows [4d 9c]
UDF1 awarded -5000
Unrest awarded 5000

Round #776, Unrest (303923), UDF1 (-303923)
Unrest posts blind: 10
UDF1 posts blind: 20
Unrest received [5h Td]
UDF1 received [Kc Ac]
Unrest calls
UDF1 raises to 5000
Unrest calls
Flop [Ad 7s 3s], Unrest (5000), UDF1 (5000)
UDF1 bids 0
Unrest bids 0
Unrest won the auction and was revealed [Ac]
UDF1 won the auction and was revealed [Td]
Flop [Ad 7s 3s], Unrest (5000), UDF1 (5000)
UDF1 checks
Unrest checks
Turn [Ad 7s 3s 7c], Unrest (5000), UDF1 (5000)
UDF1 checks
Unrest checks
River [Ad 7s 3s 7c 4c], Unrest (5000), UDF1 (5000)
UDF1 checks
Unrest checks
Unrest shows [5h Td]
UDF1 shows [Kc Ac]
Unrest awarded -5000
UDF1 awarded 5000

Round #777, UDF1 (-298923), Unrest (298923)
UDF1 posts blind: 10
Unrest posts blind: 20
UDF1 received [Kd 8h]
Unrest received [As 4d]
UDF1 raises to 5000
Unrest calls
Flop [6c Kc 4s], UDF1 (5000), Unrest (5000)
Unrest bids 0
UDF1 bids 0
UDF1 won the auction and was revealed [As]
Unrest won the auction and was revealed [8h]
Flop [6c Kc 4s], UDF1 (5000), Unrest (5000)
Unrest checks
UDF1 checks
Turn [6c Kc 4s 7h], UDF1 (5000), Unrest (5000)
Unrest checks
UDF1 checks
River [6c Kc 4s 7h Th], UDF1 (5000), Unrest (5000)
Unrest checks
UDF1 checks
UDF1 shows [Kd 8h]
Unrest shows [As 4d]
UDF1 awarded 5000
Unrest awarded -5000

Round #778, Unrest (293923), UDF1 (-293923)
Unrest posts blind: 10
UDF1 posts blind: 20
Unrest received [8c As]
UDF1 received [3d Kc]
Unrest raises to 40
UDF1 raises to 5000
Unrest calls
Flop [5d 4c Th], Unrest (5000), UDF1 (5000)
UDF1 bids 0
Unrest bids 0
Unrest won the auction and was revealed [Kc]
UDF1 won the auction and was revealed [8c]
Flop [5d 4c Th], Unrest (5000), UDF1 (5000)
UDF1 checks
Unrest checks
Turn [5d 4c Th 8s], Unrest (5000), UDF1 (5000)
UDF1 checks
Unrest checks
River [5d 4c Th 8s Jc], Unrest (5000), UDF1 (5000)
UDF1 checks
Unrest checks
Unrest shows [8c As]
UDF1 shows [3d Kc]
Unrest awarded 5000
UDF1 awarded -5000

Round #779, UDF1 (-298923), Unrest (298923)
UDF1 posts blind: 10
Unrest posts blind: 20
UDF1 received [3h 7s]
Unrest received [2h 4s]
UDF1 raises to 5000
Unrest folds
UDF1 awarded 20
Unrest awarded -20

Round #780, Unrest (298903), UDF1 (-298903)
Unrest posts blind: 10
UDF1 posts blind: 20
Unrest received [3c Jh]
UDF1 received [Ac 8h]
Unrest calls
UDF1 raises to 5000
Unrest calls
Flop [2s 7s 5d], Unrest (5000), UDF1 (5000)
UDF1 bids 0
Unrest bids 0
Unrest won the auction and was revealed [Ac]
UDF1 won the auction and was revealed [Jh]
Flop [2s 7s 5d], Unrest (5000), UDF1 (5000)
UDF1 checks
Unrest checks
Turn [2s 7s 5d 8d], Unrest (5000), UDF1 (5000)
UDF1 checks
Unrest checks
River [2s 7s 5d 8d 3d], Unrest (5000), UDF1 (5000)
UDF1 checks
Unrest checks
Unrest shows [3c Jh]
UDF1 shows [Ac 8h]
Unrest awarded -5000
UDF1 awarded 5000

Round #781, UDF1 (-293903), Unrest (293903)
UDF1 posts blind: 10
Unrest posts blind: 20
UDF1 received [3d Jd]
Unrest received [6s 5c]
UDF1 calls
Unrest checks
Flop [Kh 3h 8s], UDF1 (20), Unrest (20)
Unrest bids 249
UDF1 bids 33
Unrest won the auction and was revealed [Jd]
Flop [Kh 3h 8s], UDF1 (20), Unrest (53)
Unrest checks
UDF1 bets 4947
Unrest folds
UDF1 awarded 53
Unrest awarded -53

Round #782, Unrest (293850), UDF1 (-293850)
Unrest posts blind: 10
UDF1 posts blind: 20
Unrest received [Kc Qc]
UDF1 received [As Jh]
Unrest raises to 40
UDF1 raises to 100
Unrest raises to 160
UDF1 raises to 5000
Unrest calls
Flop [Qs 3d 2c], Unrest (5000), UDF1 (5000)
UDF1 bids 0
Unrest bids 0
Unrest won the auction and was revealed [Jh]
UDF1 won the auction and was revealed [Qc]
Flop [Qs 3d 2c], Unrest (5000), UDF1 (5000)
UDF1 checks
Unrest checks
Turn [Qs 3d 2c 3s], Unrest (5000), UDF1 (5000)
UDF1 checks
Unrest checks
River [Qs 3d 2c 3s Tc], Unrest (5000), UDF1 (5000)
UDF1 checks
Unrest checks
Unrest shows [Kc Qc]
UDF1 shows [As Jh]
Unrest awarded 5000
UDF1 awarded -5000

Round #783, UDF1 (-298850), Unrest (298850)
UDF1 posts blind: 10
Unrest posts blind: 20
UDF1 received [9d Kc]
Unrest received [8d Ks]
UDF1 raises to 5000
Unrest calls
Flop [Qd Qh 7h], UDF1 (5000), Unrest (5000)
Unrest bids 0
UDF1 bids 0
UDF1 won the auction and was revealed [8d]
Unrest won the auction and was revealed [9d]
Flop [Qd Qh 7h], UDF1 (5000), Unrest (5000)
Unrest checks
UDF1 checks
Turn [Qd Qh 7h As], UDF1 (5000), Unrest (5000)
Unrest checks
UDF1 checks
River [Qd Qh 7h As 8s], UDF1 (5000), Unrest (5000)
Unrest checks
UDF1 checks
UDF1 shows [9d Kc]
Unrest shows [8d Ks]
UDF1 awarded -5000
Unrest awarded 5000

Round #784, Unrest (303850), UDF1 (-303850)
Unrest posts blind: 10
UDF1 posts blind: 20
Unrest received [5c 9c]
UDF1 received [Kh 2h]
Unrest calls
UDF1 checks
Flop [Jd 8s 3d], Unrest (20), UDF1 (20)
UDF1 bids 31
Unrest bids 249
Unrest won the auction and was revealed [2h]
Flop [Jd 8s 3d], Unrest (51), UDF1 (20)
UDF1 checks
Unrest checks
Turn [Jd 8s 3d Jc], Unrest (51), UDF1 (20)
UDF1 checks
Unrest checks
River [Jd 8s 3d Jc Ad], Unrest (51), UDF1 (20)
UDF1 bets 4949
Unrest folds
Unrest awarded -51
UDF1 awarded 51

Round #785, UDF1 (-303799), Unrest (303799)
UDF1 posts blind: 10
Unrest posts blind: 20
UDF1 received [7c Kd]
Unrest received [Qs Th]
UDF1 raises to 5000
Unrest calls
Flop [4c 4h Kc], UDF1 (5000), Unrest (5000)
Unrest bids 0
UDF1 bids 0
UDF1 won the auction and was revealed [Th]
Unrest won the auction and was revealed [7c]
Flop [4c 4h Kc], UDF1 (5000), Unrest (5000)
Unrest checks
UDF1 checks
Turn [4c 4h Kc Td], UDF1 (5000), Unrest (5000)
Unrest checks
UDF1 checks
River [4c 4h Kc Td 9d], UDF1 (5000), Unrest (5000)
Unrest checks
UDF1 checks
UDF1 shows [7c Kd]
Unrest shows [Qs Th]
UDF1 awarded 5000
Unrest awarded -5000

Round #786, Unrest (298799), UDF1 (-298799)
Unrest posts blind: 10
UDF1 posts blind: 20
Unrest received [4d 6s]
UDF1 received [9c Ks]
Unrest folds
Unrest awarded -10
UDF1 awarded 10

Round #787, UDF1 (-298789), Unrest (298789)
UDF1 posts blind: 10
Unrest posts blind: 20
UDF1 received [Qd Qs]
Unrest received [Tc Ah]
UDF1 raises to 5000
Unrest calls
Flop [Td Kh Js], UDF1 (5000), Unrest (5000)
Unrest bids 0
UDF1 bids 0
UDF1 won the auction and was revealed [Tc]
Unrest won the auction and was revealed [Qd]
Flop [Td Kh Js], UDF1 (5000), Unrest (5000)
Unrest checks
UDF1 checks
Turn [Td Kh Js 2h], UDF1 (5000), Unrest (5000)
Unrest checks
UDF1 checks
River [Td Kh Js 2h Th], UDF1 (5000), Unrest (5000)
Unrest checks
UDF1 checks
UDF1 shows [Qd Qs]
Unrest shows [Tc Ah]
UDF1 awarded -5000
Unrest awarded 5000

Round #788, Unrest (303789), UDF1 (-303789)
Unrest posts blind: 10
UDF1 posts blind: 20
Unrest received [3h Ks]
UDF1 received [8s 8c]
Unrest calls
UDF1 checks
Flop [3d 7s Kh], Unrest (20), UDF1 (20)
UDF1 bids 36
Unrest bids 1245
Unrest won the auction and was revealed [8s]
Flop [3d 7s Kh], Unrest (56), UDF1 (20)
UDF1 bets 4944
Unrest calls
Turn [3d 7s Kh Qc], Unrest (5000), UDF1 (4964)
UDF1 checks
Unrest checks
River [3d 7s Kh Qc 5d], Unrest (5000), UDF1 (4964)
UDF1 checks
Unrest checks
Unrest shows [3h Ks]
UDF1 shows [8s 8c]
Unrest awarded 4964
UDF1 awarded -4964

Round #789, UDF1 (-308753), Unrest (308753)
UDF1 posts blind: 10
Unrest posts blind: 20
UDF1 received [Qs 4d]
Unrest received [3d 6c]
UDF1 raises to 5000
Unrest folds
UDF1 awarded 20
Unrest awarded -20

Round #790, Unrest (308733), UDF1 (-308733)
Unrest posts blind: 10
UDF1 posts blind: 20
Unrest received [5c Jd]
UDF1 received [7s Jc]
Unrest calls
UDF1 raises to 5000
Unrest calls
Flop [2c 4c Th], Unrest (5000), UDF1 (5000)
UDF1 bids 0
Unrest bids 0
Unrest won the auction and was revealed [7s]
UDF1 won the auction and was revealed [Jd]
Flop [2c 4c Th], Unrest (5000), UDF1 (5000)
UDF1 checks
Unrest checks
Turn [2c 4c Th 9d], Unrest (5000), UDF1 (5000)
UDF1 checks
Unrest checks
River [2c 4c Th 9d 8c], Unrest (5000), UDF1 (5000)
UDF1 checks
Unrest checks
Unrest shows [5c Jd]
UDF1 shows [7s Jc]
Unrest awarded -5000
UDF1 awarded 5000

Round #791, UDF1 (-303733), Unrest (303733)
UDF1 posts blind: 10
Unrest posts blind: 20
UDF1 received [2h 7d]
Unrest received [Qd Kh]
UDF1 raises to 50
Unrest calls
Flop [2c Td 2d], UDF1 (50), Unrest (50)
Unrest bids 247
UDF1 bids 52
Unrest won the auction and was revealed [2h]
Flop [2c Td 2d], UDF1 (50), Unrest (102)
Unrest checks
UDF1 checks
Turn [2c Td 2d Jh], UDF1 (50), Unrest (102)
Unrest checks
UDF1 checks
River [2c Td 2d Jh 7s], UDF1 (50), Unrest (102)
Unrest checks
UDF1 bets 4898
Unrest folds
UDF1 awarded 102
Unrest awarded -102

Round #792, Unrest (303631), UDF1 (-303631)
Unrest posts blind: 10
UDF1 posts blind: 20
Unrest received [Ah Td]
UDF1 received [9d Jc]
Unrest raises to 40
UDF1 raises to 5000
Unrest calls
Flop [5d 3s 4h], Unrest (5000), UDF1 (5000)
UDF1 bids 0
Unrest bids 0
Unrest won the auction and was revealed [Jc]
UDF1 won the auction and was revealed [Td]
Flop [5d 3s 4h], Unrest (5000), UDF1 (5000)
UDF1 checks
Unrest checks
Turn [5d 3s 4h 8c], Unrest (5000), UDF1 (5000)
UDF1 checks
Unrest checks
River [5d 3s 4h 8c 2h], Unrest (5000), UDF1 (5000)
UDF1 checks
Unrest checks
Unrest shows [Ah Td]
UDF1 shows [9d Jc]
Unrest awarded 5000
UDF1 awarded -5000

Round #793, UDF1 (-308631), Unrest (308631)
UDF1 posts blind: 10
Unrest posts blind: 20
UDF1 received [Tc 7h]
Unrest received [7c Jh]
UDF1 calls
Unrest checks
Flop [9d Td Qc], UDF1 (20), Unrest (20)
Unrest bids 249
UDF1 bids 31
Unrest won the auction and was revealed [7h]
Flop [9d Td Qc], UDF1 (20), Unrest (51)
Unrest checks
UDF1 bets 4949
Unrest folds
UDF1 awarded 51
Unrest awarded -51

Round #794, Unrest (308580), UDF1 (-308580)
Unrest posts blind: 10
UDF1 posts blind: 20
Unrest received [Qc 8d]
UDF1 received [2s 3s]
Unrest calls
UDF1 checks
Flop [2d 4s Ac], Unrest (20), UDF1 (20)
UDF1 bids 31
Unrest bids 249
Unrest won the auction and was revealed [3s]
Flop [2d 4s Ac], Unrest (51), UDF1 (20)
UDF1 checks
Unrest checks
Turn [2d 4s Ac 8c], Unrest (51), UDF1 (20)
UDF1 checks
Unrest bets 20
UDF1 raises to 111
Unrest calls
River [2d 4s Ac 8c Td], Unrest (162), UDF1 (131)
UDF1 bets 4838
Unrest calls
Unrest shows [Qc 8d]
UDF1 shows [2s 3s]
Unrest awarded 4969
UDF1 awarded -4969

Round #795, UDF1 (-313549), Unrest (313549)
UDF1 posts blind: 10
Unrest posts blind: 20
UDF1 received [Tc Js]
Unrest received [Qs 8s]
UDF1 raises to 5000
Unrest calls
Flop [2h Qd Kd], UDF1 (5000), Unrest (5000)
Unrest bids 0
UDF1 bids 0
UDF1 won the auction and was revealed [Qs]
Unrest won the auction and was revealed [Js]
Flop [2h Qd Kd], UDF1 (5000), Unrest (5000)
Unrest checks
UDF1 checks
Turn [2h Qd Kd 9s], UDF1 (5000), Unrest (5000)
Unrest checks
UDF1 checks
River [2h Qd Kd 9s Qh], UDF1 (5000), Unrest (5000)
Unrest checks
UDF1 checks
UDF1 shows [Tc Js]
Unrest shows [Qs 8s]
UDF1 awarded 5000
Unrest awarded -5000

Round #796, Unrest (308549), UDF1 (-308549)
Unrest posts blind: 10
UDF1 posts blind: 20
Unrest received [Qh 3h]
UDF1 received [6s 8h]
Unrest calls
UDF1 raises to 5000
Unrest calls
Flop [4h 7d 2d], Unrest (5000), UDF1 (5000)
UDF1 bids 0
Unrest bids 0
Unrest won the auction and was revealed [6s]
UDF1 won the auction and was revealed [Qh]
Flop [4h 7d 2d], Unrest (5000), UDF1 (5000)
UDF1 checks
Unrest checks
Turn [4h 7d 2d 8d], Unrest (5000), UDF1 (5000)
UDF1 checks
Unrest checks
River [4h 7d 2d 8d 4d], Unrest (5000), UDF1 (5000)
UDF1 checks
Unrest checks
Unrest shows [Qh 3h]
UDF1 shows [6s 8h]
Unrest awarded -5000
UDF1 awarded 5000

Round #797, UDF1 (-303549), Unrest (303549)
UDF1 posts blind: 10
Unrest posts blind: 20
UDF1 received [7s 3h]
Unrest received [Qc 7h]
UDF1 raises to 5000
Unrest calls
Flop [9c 6c 5c], UDF1 (5000), Unrest (5000)
Unrest bids 0
UDF1 bids 0
UDF1 won the auction and was revealed [7h]
Unrest won the auction and was revealed [7s]
Flop [9c 6c 5c], UDF1 (5000), Unrest (5000)
Unrest checks
UDF1 checks
Turn [9c 6c 5c Jh], UDF1 (5000), Unrest (5000)
Unrest checks
UDF1 checks
River [9c 6c 5c Jh 9h], UDF1 (5000), Unrest (5000)
Unrest checks
UDF1 checks
UDF1 shows [7s 3h]
Unrest shows [Qc 7h]
UDF1 awarded -5000
Unrest awarded 5000

Round #798, Unrest (308549), UDF1 (-308549)
Unrest posts blind: 10
UDF1 posts blind: 20
Unrest received [Ts Qh]
UDF1 received [2s Jc]
Unrest calls
UDF1 raises to 5000
Unrest calls
Flop [8d 4d Qc], Unrest (5000), UDF1 (5000)
UDF1 bids 0
Unrest bids 0
Unrest won the auction and was revealed [Jc]
UDF1 won the auction and was revealed [Qh]
Flop [8d 4d Qc], Unrest (5000), UDF1 (5000)
UDF1 checks
Unrest checks
Turn [8d 4d Qc Kd], Unrest (5000), UDF1 (5000)
UDF1 checks
Unrest checks
River [8d 4d Qc Kd 5s], Unrest (5000), UDF1 (5000)
UDF1 checks
Unrest checks
Unrest shows [Ts Qh]
UDF1 shows [2s Jc]
Unrest awarded 5000
UDF1 awarded -5000

Round #799, UDF1 (-313549), Unrest (313549)
UDF1 posts blind: 10
Unrest posts blind: 20
UDF1 received [Ah 7h]
Unrest received [9d 9s]
UDF1 raises to 5000
Unrest calls
Flop [3d As 5c], UDF1 (5000), Unrest (5000)
Unrest bids 0
UDF1 bids 0
UDF1 won the auction and was revealed [9s]
Unrest won the auction and was revealed [7h]
Flop [3d As 5c], UDF1 (5000), Unrest (5000)
Unrest checks
UDF1 checks
Turn [3d As 5c Ks], UDF1 (5000), Unrest (5000)
Unrest checks
UDF1 checks
River [3d As 5c Ks Qd], UDF1 (5000), Unrest (5000)
Unrest checks
UDF1 checks
UDF1 shows [Ah 7h]
Unrest shows [9d 9s]
UDF1 awarded 5000
Unrest awarded -5000

Round #800, Unrest (308549), UDF1 (-308549)
Unrest posts blind: 10
UDF1 posts blind: 20
Unrest received [2h Kd]
UDF1 received [Tc Th]
Unrest calls
UDF1 raises to 5000
Unrest calls
Flop [3h 7d 8s], Unrest (5000), UDF1 (5000)
UDF1 bids 0
Unrest bids 0
Unrest won the auction and was revealed [Tc]
UDF1 won the auction and was revealed [2h]
Flop [3h 7d 8s], Unrest (5000), UDF1 (5000)
UDF1 checks
Unrest checks
Turn [3h 7d 8s Kh], Unrest (5000), UDF1 (5000)
UDF1 checks
Unrest checks
River [3h 7d 8s Kh 2s], Unrest (5000), UDF1 (5000)
UDF1 checks
Unrest checks
Unrest shows [2h Kd]
UDF1 shows [Tc Th]
Unrest awarded 5000
UDF1 awarded -5000

Round #801, UDF1 (-313549), Unrest (313549)
UDF1 posts blind: 10
Unrest posts blind: 20
UDF1 received [9s As]
Unrest received [8c 5c]
UDF1 raises to 5000
Unrest calls
Flop [Ac Kh Jh], UDF1 (5000), Unrest (5000)
Unrest bids 0
UDF1 bids 0
UDF1 won the auction and was revealed [8c]
Unrest won the auction and was revealed [As]
Flop [Ac Kh Jh], UDF1 (5000), Unrest (5000)
Unrest checks
UDF1 checks
Turn [Ac Kh Jh 6d], UDF1 (5000), Unrest (5000)
Unrest checks
UDF1 checks
River [Ac Kh Jh 6d 3h], UDF1 (5000), Unrest (5000)
Unrest checks
UDF1 checks
UDF1 shows [9s As]
Unrest shows [8c 5c]
UDF1 awarded 5000
Unrest awarded -5000

Round #802, Unrest (308549), UDF1 (-308549)
Unrest posts blind: 10
UDF1 posts blind: 20
Unrest received [Td Ks]
UDF1 received [Ah 9h]
Unrest raises to 40
UDF1 raises to 5000
Unrest calls
Flop [8h Tc 9s], Unrest (5000), UDF1 (5000)
UDF1 bids 0
Unrest bids 0
Unrest won the auction and was revealed [9h]
UDF1 won the auction and was revealed [Td]
Flop [8h Tc 9s], Unrest (5000), UDF1 (5000)
UDF1 checks
Unrest checks
Turn [8h Tc 9s 6d], Unrest (5000), UDF1 (5000)
UDF1 checks
Unrest checks
River [8h Tc 9s 6d 3d], Unrest (5000), UDF1 (5000)
UDF1 checks
Unrest checks
Unrest shows [Td Ks]
UDF1 shows [Ah 9h]
Unrest awarded 5000
UDF1 awarded -5000

Round #803, UDF1 (-313549), Unrest (313549)
UDF1 posts blind: 10
Unrest posts blind: 20
UDF1 received [Js Ac]
Unrest received [Qd Kc]
UDF1 raises to 50
Unrest calls
Flop [6h Kh 3h], UDF1 (50), Unrest (50)
Unrest bids 1237
UDF1 bids 54
Unrest won the auction and was revealed [Ac]
Flop [6h Kh 3h], UDF1 (50), Unrest (104)
Unrest bets 20
UDF1 raises to 4896
Unrest calls
Turn [6h Kh 3h 2c], UDF1 (4946), Unrest (5000)
Unrest checks
UDF1 checks
River [6h Kh 3h 2c Ks], UDF1 (4946), Unrest (5000)
Unrest checks
UDF1 checks
UDF1 shows [Js Ac]
Unrest shows [Qd Kc]
UDF1 awarded -4946
Unrest awarded 4946

Round #804, Unrest (318495), UDF1 (-318495)
Unrest posts blind: 10
UDF1 posts blind: 20
Unrest received [Ks 5s]
UDF1 received [3s 8d]
Unrest raises to 40
UDF1 raises to 5000
Unrest calls
Flop [7h 4s 3h], Unrest (5000), UDF1 (5000)
UDF1 bids 0
Unrest bids 0
Unrest won the auction and was revealed [3s]
UDF1 won the auction and was revealed [5s]
Flop [7h 4s 3h], Unrest (5000), UDF1 (5000)
UDF1 checks
Unrest checks
Turn [7h 4s 3h 9s], Unrest (5000), UDF1 (5000)
UDF1 checks
Unrest checks
River [7h 4s 3h 9s Qs], Unrest (5000), UDF1 (5000)
UDF1 checks
Unrest checks
Unrest shows [Ks 5s]
UDF1 shows [3s 8d]
Unrest awarded 5000
UDF1 awarded -5000

Round #805, UDF1 (-323495), Unrest (323495)
UDF1 posts blind: 10
Unrest posts blind: 20
UDF1 received [5s Tc]
Unrest received [As 7s]
UDF1 raises to 5000
Unrest calls
Flop [Kd Ad 4s], UDF1 (5000), Unrest (5000)
Unrest bids 0
UDF1 bids 0
UDF1 won the auction and was revealed [7s]
Unrest won the auction and was revealed [Tc]
Flop [Kd Ad 4s], UDF1 (5000), Unrest (5000)
Unrest checks
UDF1 checks
Turn [Kd Ad 4s 5d], UDF1 (5000), Unrest (5000)
Unrest checks
UDF1 checks
River [Kd Ad 4s 5d 4c], UDF1 (5000), Unrest (5000)
Unrest checks
UDF1 checks
UDF1 shows [5s Tc]
Unrest shows [As 7s]
UDF1 awarded -5000
Unrest awarded 5000

Round #806, Unrest (328495), UDF1 (-328495)
Unrest posts blind: 10
UDF1 posts blind: 20
Unrest received [4h Td]
UDF1 received [7h Ac]
Unrest calls
UDF1 raises to 5000
Unrest calls
Flop [Qd Kd 2c], Unrest (5000), UDF1 (5000)
UDF1 bids 0
Unrest bids 0
Unrest won the auction and was revealed [Ac]
UDF1 won the auction and was revealed [4h]
Flop [Qd Kd 2c], Unrest (5000), UDF1 (5000)
UDF1 checks
Unrest checks
Turn [Qd Kd 2c 5h], Unrest (5000), UDF1 (5000)
UDF1 checks
Unrest checks
River [Qd Kd 2c 5h 4d], Unrest (5000), UDF1 (5000)
UDF1 checks
Unrest checks
Unrest shows [4h Td]
UDF1 shows [7h Ac]
Unrest awarded 5000
UDF1 awarded -5000

Round #807, UDF1 (-333495), Unrest (333495)
UDF1 posts blind: 10
Unrest posts blind: 20
UDF1 received [2c 9h]
Unrest received [Kh Qs]
UDF1 raises to 5000
Unrest calls
Flop [8d 4d Th], UDF1 (5000), Unrest (5000)
Unrest bids 0
UDF1 bids 0
UDF1 won the auction and was revealed [Qs]
Unrest won the auction and was revealed [9h]
Flop [8d 4d Th], UDF1 (5000), Unrest (5000)
Unrest checks
UDF1 checks
Turn [8d 4d Th Kc], UDF1 (5000), Unrest (5000)
Unrest checks
UDF1 checks
River [8d 4d Th Kc 5h], UDF1 (5000), Unrest (5000)
Unrest checks
UDF1 checks
UDF1 shows [2c 9h]
Unrest shows [Kh Qs]
UDF1 awarded -5000
Unrest awarded 5000

Round #808, Unrest (338495), UDF1 (-338495)
Unrest posts blind: 10
UDF1 posts blind: 20
Unrest received [Jd 3c]
UDF1 received [9s Jh]
Unrest calls
UDF1 raises to 5000
Unrest calls
Flop [9c 6s 4c], Unrest (5000), UDF1 (5000)
UDF1 bids 0
Unrest bids 0
Unrest won the auction and was revealed [9s]
UDF1 won the auction and was revealed [3c]
Flop [9c 6s 4c], Unrest (5000), UDF1 (5000)
UDF1 checks
Unrest checks
Turn [9c 6s 4c Kd], Unrest (5000), UDF1 (5000)
UDF1 checks
Unrest checks
River [9c 6s 4c Kd Kh], Unrest (5000), UDF1 (5000)
UDF1 checks
Unrest checks
Unrest shows [Jd 3c]
UDF1 shows [9s Jh]
Unrest awarded -5000
UDF1 awarded 5000

Round #809, UDF1 (-333495), Unrest (333495)
UDF1 posts blind: 10
Unrest posts blind: 20
UDF1 received [2c 2d]
Unrest received [Ad Kc]
UDF1 raises to 5000
Unrest calls
Flop [Tc 3d 7c], UDF1 (5000), Unrest (5000)
Unrest bids 0
UDF1 bids 0
UDF1 won the auction and was revealed [Kc]
Unrest won the auction and was revealed [2d]
Flop [Tc 3d 7c], UDF1 (5000), Unrest (5000)
Unrest checks
UDF1 checks
Turn [Tc 3d 7c 7h], UDF1 (5000), Unrest (5000)
Unrest checks
UDF1 checks
River [Tc 3d 7c 7h Kh], UDF1 (5000), Unrest (5000)
Unrest checks
UDF1 checks
UDF1 shows [2c 2d]
Unrest shows [Ad Kc]
UDF1 awarded -5000
Unrest awarded 5000

Round #810, Unrest (338495), UDF1 (-338495)
Unrest posts blind: 10
UDF1 posts blind: 20
Unrest received [6s Kc]
UDF1 received [9s 3c]
Unrest calls
UDF1 checks
Flop [Ad Tc 8h], Unrest (20), UDF1 (20)
UDF1 bids 36
Unrest bids 249
Unrest won the auction and was revealed [9s]
Flop [Ad Tc 8h], Unrest (56), UDF1 (20)
UDF1 checks
Unrest checks
Turn [Ad Tc 8h 5d], Unrest (56), UDF1 (20)
UDF1 checks
Unrest checks
River [Ad Tc 8h 5d 5c], Unrest (56), UDF1 (20)
UDF1 bets 50
Unrest calls
Unrest shows [6s Kc]
UDF1 shows [9s 3c]
Unrest awarded 70
UDF1 awarded -70

Round #811, UDF1 (-338565), Unrest (338565)
UDF1 posts blind: 10
Unrest posts blind: 20
UDF1 received [6s 3s]
Unrest received [7s Ks]
UDF1 raises to 5000
Unrest calls
Flop [Tc Ah Qc], UDF1 (5000), Unrest (5000)
Unrest bids 0
UDF1 bids 0
UDF1 won the auction and was revealed [Ks]
Unrest won the auction and was revealed [6s]
Flop [Tc Ah Qc], UDF1 (5000), Unrest (5000)
Unrest checks
UDF1 checks
Turn [Tc Ah Qc Ac], UDF1 (5000), Unrest (5000)
Unrest checks
UDF1 checks
River [Tc Ah Qc Ac Jh], UDF1 (5000), Unrest (5000)
Unrest checks
UDF1 checks
UDF1 shows [6s 3s]
Unrest shows [7s Ks]
UDF1 awarded -5000
Unrest awarded 5000

Round #812, Unrest (343565), UDF1 (-343565)
Unrest posts blind: 10
UDF1 posts blind: 20
Unrest received [Jc 4c]
UDF1 received [3c Jh]
Unrest calls
UDF1 raises to 5000
Unrest calls
Flop [Kd Th 3h], Unrest (5000), UDF1 (5000)
UDF1 bids 0
Unrest bids 0
Unrest won the auction and was revealed [Jh]
UDF1 won the auction and was revealed [4c]
Flop [Kd Th 3h], Unrest (5000), UDF1 (5000)
UDF1 checks
Unrest checks
Turn [Kd Th 3h 8d], Unrest (5000), UDF1 (5000)
UDF1 checks
Unrest checks
River [Kd Th 3h 8d Ad], Unrest (5000), UDF1 (5000)
UDF1 checks
Unrest checks
Unrest shows [Jc 4c]
UDF1 shows [3c Jh]
Unrest awarded -5000
UDF1 awarded 5000

Round #813, UDF1 (-338565), Unrest (338565)
UDF1 posts blind: 10
Unrest posts blind: 20
UDF1 received [2c 4h]
Unrest received [Qh Jh]
UDF1 folds
UDF1 awarded -10
Unrest awarded 10

Round #814, Unrest (338575), UDF1 (-338575)
Unrest posts blind: 10
UDF1 posts blind: 20
Unrest received [2c Td]
UDF1 received [6d 7c]
Unrest calls
UDF1 raises to 5000
Unrest calls
Flop [Ad 4c Jc], Unrest (5000), UDF1 (5000)
UDF1 bids 0
Unrest bids 0
Unrest won the auction and was revealed [6d]
UDF1 won the auction and was revealed [Td]
Flop [Ad 4c Jc], Unrest (5000), UDF1 (5000)
UDF1 checks
Unrest checks
Turn [Ad 4c Jc Ac], Unrest (5000), UDF1 (5000)
UDF1 checks
Unrest checks
River [Ad 4c Jc Ac 8d], Unrest (5000), UDF1 (5000)
UDF1 checks
Unrest checks
Unrest shows [2c Td]
UDF1 shows [6d 7c]
Unrest awarded 5000
UDF1 awarded -5000

Round #815, UDF1 (-343575), Unrest (343575)
UDF1 posts blind: 10
Unrest posts blind: 20
UDF1 received [2c 6s]
Unrest received [2s Th]
UDF1 raises to 50
Unrest calls
Flop [7s Ks 4c], UDF1 (50), Unrest (50)
Unrest bids 247
UDF1 bids 18
Unrest won the auction and was revealed [6s]
Flop [7s Ks 4c], UDF1 (50), Unrest (68)
Unrest checks
UDF1 bets 77
Unrest calls
Turn [7s Ks 4c Td], UDF1 (127), Unrest (145)
Unrest bets 20
UDF1 calls
River [7s Ks 4c Td 3d], UDF1 (147), Unrest (165)
Unrest bets 20
UDF1 raises to 4835
Unrest calls
UDF1 shows [2c 6s]
Unrest shows [2s Th]
UDF1 awarded -4982
Unrest awarded 4982

Round #816, Unrest (348557), UDF1 (-348557)
Unrest posts blind: 10
UDF1 posts blind: 20
Unrest received [7c Jd]
UDF1 received [As Ad]
Unrest calls
UDF1 raises to 5000
Unrest calls
Flop [Qc Jc 7h], Unrest (5000), UDF1 (5000)
UDF1 bids 0
Unrest bids 0
Unrest won the auction and was revealed [Ad]
UDF1 won the auction and was revealed [7c]
Flop [Qc Jc 7h], Unrest (5000), UDF1 (5000)
UDF1 checks
Unrest checks
Turn [Qc Jc 7h Tc], Unrest (5000), UDF1 (5000)
UDF1 checks
Unrest checks
River [Qc Jc 7h Tc 2c], Unrest (5000), UDF1 (5000)
UDF1 checks
Unrest checks
Unrest shows [7c Jd]
UDF1 shows [As Ad]
Unrest awarded 5000
UDF1 awarded -5000

Round #817, UDF1 (-353557), Unrest (353557)
UDF1 posts blind: 10
Unrest posts blind: 20
UDF1 received [Qs 2c]
Unrest received [7h Kh]
UDF1 raises to 5000
Unrest calls
Flop [Ks Jc 7c], UDF1 (5000), Unrest (5000)
Unrest bids 0
UDF1 bids 0
UDF1 won the auction and was revealed [7h]
Unrest won the auction and was revealed [2c]
Flop [Ks Jc 7c], UDF1 (5000), Unrest (5000)
Unrest checks
UDF1 checks
Turn [Ks Jc 7c Ts], UDF1 (5000), Unrest (5000)
Unrest checks
UDF1 checks
River [Ks Jc 7c Ts 6h], UDF1 (5000), Unrest (5000)
Unrest checks
UDF1 checks
UDF1 shows [Qs 2c]
Unrest shows [7h Kh]
UDF1 awarded -5000
Unrest awarded 5000

Round #818, Unrest (358557), UDF1 (-358557)
Unrest posts blind: 10
UDF1 posts blind: 20
Unrest received [Qs Js]
UDF1 received [8s Jc]
Unrest raises to 40
UDF1 raises to 5000
Unrest calls
Flop [4d Td 3d], Unrest (5000), UDF1 (5000)
UDF1 bids 0
Unrest bids 0
Unrest won the auction and was revealed [8s]
UDF1 won the auction and was revealed [Qs]
Flop [4d Td 3d], Unrest (5000), UDF1 (5000)
UDF1 checks
Unrest checks
Turn [4d Td 3d 7c], Unrest (5000), UDF1 (5000)
UDF1 checks
Unrest checks
River [4d Td 3d 7c Ks], Unrest (5000), UDF1 (5000)
UDF1 checks
Unrest checks
Unrest shows [Qs Js]
UDF1 shows [8s Jc]
Unrest awarded 5000
UDF1 awarded -5000

Round #819, UDF1 (-363557), Unrest (363557)
UDF1 posts blind: 10
Unrest posts blind: 20
UDF1 received [8h 7s]
Unrest received [Js 3d]
UDF1 raises to 5000
Unrest calls
Flop [4s 8s 2h], UDF1 (5000), Unrest (5000)
Unrest bids 0
UDF1 bids 0
UDF1 won the auction and was revealed [3d]
Unrest won the auction and was revealed [8h]
Flop [4s 8s 2h], UDF1 (5000), Unrest (5000)
Unrest checks
UDF1 checks
Turn [4s 8s 2h 8d], UDF1 (5000), Unrest (5000)
Unrest checks
UDF1 checks
River [4s 8s 2h 8d Qd], UDF1 (5000), Unrest (5000)
Unrest checks
UDF1 checks
UDF1 shows [8h 7s]
Unrest shows [Js 3d]
UDF1 awarded 5000
Unrest awarded -5000

Round #820, Unrest (358557), UDF1 (-358557)
Unrest posts blind: 10
UDF1 posts blind: 20
Unrest received [Qs 7c]
UDF1 received [Jh 5d]
Unrest calls
UDF1 checks
Flop [Tc 9c Qc], Unrest (20), UDF1 (20)
UDF1 bids 32
Unrest bids 1245
Unrest won the auction and was revealed [Jh]
Flop [Tc 9c Qc], Unrest (52), UDF1 (20)
UDF1 bets 4948
Unrest calls
Turn [Tc 9c Qc 3s], Unrest (5000), UDF1 (4968)
UDF1 checks
Unrest checks
River [Tc 9c Qc 3s Ts], Unrest (5000), UDF1 (4968)
UDF1 checks
Unrest checks
Unrest shows [Qs 7c]
UDF1 shows [Jh 5d]
Unrest awarded 4968
UDF1 awarded -4968

Round #821, UDF1 (-363525), Unrest (363525)
UDF1 posts blind: 10
Unrest posts blind: 20
UDF1 received [Jd 2h]
Unrest received [8d As]
UDF1 raises to 5000
Unrest calls
Flop [9d Js Tc], UDF1 (5000), Unrest (5000)
Unrest bids 0
UDF1 bids 0
UDF1 won the auction and was revealed [As]
Unrest won the auction and was revealed [Jd]
Flop [9d Js Tc], UDF1 (5000), Unrest (5000)
Unrest checks
UDF1 checks
Turn [9d Js Tc Qd], UDF1 (5000), Unrest (5000)
Unrest checks
UDF1 checks
River [9d Js Tc Qd 3d], UDF1 (5000), Unrest (5000)
Unrest checks
UDF1 checks
UDF1 shows [Jd 2h]
Unrest shows [8d As]
UDF1 awarded -5000
Unrest awarded 5000

Round #822, Unrest (368525), UDF1 (-368525)
Unrest posts blind: 10
UDF1 posts blind: 20
Unrest received [7h 6s]
UDF1 received [3h 9c]
Unrest folds
Unrest awarded -10
UDF1 awarded 10

Round #823, UDF1 (-368515), Unrest (368515)
UDF1 posts blind: 10
Unrest posts blind: 20
UDF1 received [Qc As]
Unrest received [Jh 9d]
UDF1 raises to 50
Unrest calls
Flop [6c 7c Kc], UDF1 (50), Unrest (50)
Unrest bids 247
UDF1 bids 57
Unrest won the auction and was revealed [Qc]
Flop [6c 7c Kc], UDF1 (50), Unrest (107)
Unrest checks
UDF1 bets 4893
Unrest folds
UDF1 awarded 107
Unrest awarded -107

Round #824, Unrest (368408), UDF1 (-368408)
Unrest posts blind: 10
UDF1 posts blind: 20
Unrest received [Ks 8d]
UDF1 received [4d Kc]
Unrest calls
UDF1 raises to 5000
Unrest calls
Flop [4c Td Th], Unrest (5000), UDF1 (5000)
UDF1 bids 0
Unrest bids 0
Unrest won the auction and was revealed [Kc]
UDF1 won the auction and was revealed [Ks]
Flop [4c Td Th], Unrest (5000), UDF1 (5000)
UDF1 checks
Unrest checks
Turn [4c Td Th Kh], Unrest (5000), UDF1 (5000)
UDF1 checks
Unrest checks
River [4c Td Th Kh 6h], Unrest (5000), UDF1 (5000)
UDF1 checks
Unrest checks
Unrest shows [Ks 8d]
UDF1 shows [4d Kc]
Unrest awarded 5000
UDF1 awarded -5000

Round #825, UDF1 (-373408), Unrest (373408)
UDF1 posts blind: 10
Unrest posts blind: 20
UDF1 received [Js 9d]
Unrest received [As Tc]
UDF1 raises to 5000
Unrest calls
Flop [Qd 8s 4c], UDF1 (5000), Unrest (5000)
Unrest bids 0
UDF1 bids 0
UDF1 won the auction and was revealed [As]
Unrest won the auction and was revealed [9d]
Flop [Qd 8s 4c], UDF1 (5000), Unrest (5000)
Unrest checks
UDF1 checks
Turn [Qd 8s 4c 2c], UDF1 (5000), Unrest (5000)
Unrest checks
UDF1 checks
River [Qd 8s 4c 2c 3d], UDF1 (5000), Unrest (5000)
Unrest checks
UDF1 checks
UDF1 shows [Js 9d]
Unrest shows [As Tc]
UDF1 awarded -5000
Unrest awarded 5000

Round #826, Unrest (378408), UDF1 (-378408)
Unrest posts blind: 10
UDF1 posts blind: 20
Unrest received [2s 3d]
UDF1 received [8s 7d]
Unrest folds
Unrest awarded -10
UDF1 awarded 10

Round #827, UDF1 (-378398), Unrest (378398)
UDF1 posts blind: 10
Unrest posts blind: 20
UDF1 received [Th Jc]
Unrest received [8c 5h]
UDF1 raises to 5000
Unrest calls
Flop [2d 5c 4c], UDF1 (5000), Unrest (5000)
Unrest bids 0
UDF1 bids 0
UDF1 won the auction and was revealed [8c]
Unrest won the auction and was revealed [Th]
Flop [2d 5c 4c], UDF1 (5000), Unrest (5000)
Unrest checks
UDF1 checks
Turn [2d 5c 4c 2c], UDF1 (5000), Unrest (5000)
Unrest checks
UDF1 checks
River [2d 5c 4c 2c As], UDF1 (5000), Unrest (5000)
Unrest checks
UDF1 checks
UDF1 shows [Th Jc]
Unrest shows [8c 5h]
UDF1 awarded -5000
Unrest awarded 5000

Round #828, Unrest (383398), UDF1 (-383398)
Unrest posts blind: 10
UDF1 posts blind: 20
Unrest received [Qh 2s]
UDF1 received [5s 5h]
Unrest calls
UDF1 raises to 5000
Unrest calls
Flop [6h Kd Qd], Unrest (5000), UDF1 (5000)
UDF1 bids 0
Unrest bids 0
Unrest won the auction and was revealed [5s]
UDF1 won the auction and was revealed [2s]
Flop [6h Kd Qd], Unrest (5000), UDF1 (5000)
UDF1 checks
Unrest checks
Turn [6h Kd Qd Ts], Unrest (5000), UDF1 (5000)
UDF1 checks
Unrest checks
River [6h Kd Qd Ts 8s], Unrest (5000), UDF1 (5000)
UDF1 checks
Unrest checks
Unrest shows [Qh 2s]
UDF1 shows [5s 5h]
Unrest awarded 5000
UDF1 awarded -5000

Round #829, UDF1 (-388398), Unrest (388398)
UDF1 posts blind: 10
Unrest posts blind: 20
UDF1 received [Tc 7s]
Unrest received [8s 7c]
UDF1 raises to 5000
Unrest calls
Flop [Ac Kd 5h], UDF1 (5000), Unrest (5000)
Unrest bids 0
UDF1 bids 0
UDF1 won the auction and was revealed [7c]
Unrest won the auction and was revealed [7s]
Flop [Ac Kd 5h], UDF1 (5000), Unrest (5000)
Unrest checks
UDF1 checks
Turn [Ac Kd 5h Qh], UDF1 (5000), Unrest (5000)
Unrest checks
UDF1 checks
River [Ac Kd 5h Qh 7h], UDF1 (5000), Unrest (5000)
Unrest checks
UDF1 checks
UDF1 shows [Tc 7s]
Unrest shows [8s 7c]
UDF1 awarded 0
Unrest awarded 0

Round #830, Unrest (388398), UDF1 (-388398)
Unrest posts blind: 10
UDF1 posts blind: 20
Unrest received [Tc Js]
UDF1 received [Th 6d]
Unrest calls
UDF1 raises to 5000
Unrest calls
Flop [3s Jd 7h], Unrest (5000), UDF1 (5000)
UDF1 bids 0
Unrest bids 0
Unrest won the auction and was revealed [6d]
UDF1 won the auction and was revealed [Js]
Flop [3s Jd 7h], Unrest (5000), UDF1 (5000)
UDF1 checks
Unrest checks
Turn [3s Jd 7h Qs], Unrest (5000), UDF1 (5000)
UDF1 checks
Unrest checks
River [3s Jd 7h Qs Qd], Unrest (5000), UDF1 (5000)
UDF1 checks
Unrest checks
Unrest shows [Tc Js]
UDF1 shows [Th 6d]
Unrest awarded 5000
UDF1 awarded -5000

Round #831, UDF1 (-393398), Unrest (393398)
UDF1 posts blind: 10
Unrest posts blind: 20
UDF1 received [8s 7d]
Unrest received [Js Th]
UDF1 raises to 5000
Unrest calls
Flop [5d 3d 5h], UDF1 (5000), Unrest (5000)
Unrest bids 0
UDF1 bids 0
UDF1 won the auction and was revealed [Th]
Unrest won the auction and was revealed [8s]
Flop [5d 3d 5h], UDF1 (5000), Unrest (5000)
Unrest checks
UDF1 checks
Turn [5d 3d 5h Qd], UDF1 (5000), Unrest (5000)
Unrest checks
UDF1 checks
River [5d 3d 5h Qd 8d], UDF1 (5000), Unrest (5000)
Unrest checks
UDF1 checks
UDF1 shows [8s 7d]
Unrest shows [Js Th]
UDF1 awarded 5000
Unrest awarded -5000

Round #832, Unrest (388398), UDF1 (-388398)
Unrest posts blind: 10
UDF1 posts blind: 20
Unrest received [2c 4h]
UDF1 received [Qs 9c]
Unrest folds
Unrest awarded -10
UDF1 awarded 10

Round #833, UDF1 (-388388), Unrest (388388)
UDF1 posts blind: 10
Unrest posts blind: 20
UDF1 received [9s Jh]
Unrest received [Tc 8s]
UDF1 raises to 5000
Unrest calls
Flop [7s 6h 5s], UDF1 (5000), Unrest (5000)
Unrest bids 0
UDF1 bids 0
UDF1 won the auction and was revealed [Tc]
Unrest won the auction and was revealed [Jh]
Flop [7s 6h 5s], UDF1 (5000), Unrest (5000)
Unrest checks
UDF1 checks
Turn [7s 6h 5s 8c], UDF1 (5000), Unrest (5000)
Unrest checks
UDF1 checks
River [7s 6h 5s 8c Ah], UDF1 (5000), Unrest (5000)
Unrest checks
UDF1 checks
UDF1 shows [9s Jh]
Unrest shows [Tc 8s]
UDF1 awarded 5000
Unrest awarded -5000

Round #834, Unrest (383388), UDF1 (-383388)
Unrest posts blind: 10
UDF1 posts blind: 20
Unrest received [Ah 5c]
UDF1 received [2s 9h]
Unrest raises to 40
UDF1 raises to 5000
Unrest calls
Flop [7h Jd Td], Unrest (5000), UDF1 (5000)
UDF1 bids 0
Unrest bids 0
Unrest won the auction and was revealed [2s]
UDF1 won the auction and was revealed [5c]
Flop [7h Jd Td], Unrest (5000), UDF1 (5000)
UDF1 checks
Unrest checks
Turn [7h Jd Td Kc], Unrest (5000), UDF1 (5000)
UDF1 checks
Unrest checks
River [7h Jd Td Kc 4c], Unrest (5000), UDF1 (5000)
UDF1 checks
Unrest checks
Unrest shows [Ah 5c]
UDF1 shows [2s 9h]
Unrest awarded 5000
UDF1 awarded -5000

Round #835, UDF1 (-388388), Unrest (388388)
UDF1 posts blind: 10
Unrest posts blind: 20
UDF1 received [4h 9s]
Unrest received [7h Ks]
UDF1 folds
UDF1 awarded -10
Unrest awarded 10

Round #836, Unrest (388398), UDF1 (-388398)
Unrest posts blind: 10
UDF1 posts blind: 20
Unrest received [9h 9c]
UDF1 received [3s Jh]
Unrest raises to 40
UDF1 raises to 5000
Unrest calls
Flop [7d As 3c], Unrest (5000), UDF1 (5000)
UDF1 bids 0
Unrest bids 0
Unrest won the auction and was revealed [3s]
UDF1 won the auction and was revealed [9c]
Flop [7d As 3c], Unrest (5000), UDF1 (5000)
UDF1 checks
Unrest checks
Turn [7d As 3c 4c], Unrest (5000), UDF1 (5000)
UDF1 checks
Unrest checks
River [7d As 3c 4c Ad], Unrest (5000), UDF1 (5000)
UDF1 checks
Unrest checks
Unrest shows [9h 9c]
UDF1 shows [3s Jh]
Unrest awarded 5000
UDF1 awarded -5000

Round #837, UDF1 (-393398), Unrest (393398)
UDF1 posts blind: 10
Unrest posts blind: 20
UDF1 received [8s Qh]
Unrest received [6d 3h]
UDF1 raises to 5000
Unrest folds
UDF1 awarded 20
Unrest awarded -20

Round #838, Unrest (393378), UDF1 (-393378)
Unrest posts blind: 10
UDF1 posts blind: 20
Unrest received [Jc 4d]
UDF1 received [6d Kc]
Unrest calls
UDF1 raises to 5000
Unrest calls
Flop [Jh 7c 5d], Unrest (5000), UDF1 (5000)
UDF1 bids 0
Unrest bids 0
Unrest won the auction and was revealed [6d]
UDF1 won the auction and was revealed [4d]
Flop [Jh 7c 5d], Unrest (5000), UDF1 (5000)
UDF1 checks
Unrest checks
Turn [Jh 7c 5d 7h], Unrest (5000), UDF1 (5000)
UDF1 checks
Unrest checks
River [Jh 7c 5d 7h 4h], Unrest (5000), UDF1 (5000)
UDF1 checks
Unrest checks
Unrest shows [Jc 4d]
UDF1 shows [6d Kc]
Unrest awarded 5000
UDF1 awarded -5000

Round #839, UDF1 (-398378), Unrest (398378)
UDF1 posts blind: 10
Unrest posts blind: 20
UDF1 received [Qs 4h]
Unrest received [7h 6s]
UDF1 raises to 5000
Unrest calls
Flop [Kc Jc 5d], UDF1 (5000), Unrest (5000)
Unrest bids 0
UDF1 bids 0
UDF1 won the auction and was revealed [7h]
Unrest won the auction and was revealed [4h]
Flop [Kc Jc 5d], UDF1 (5000), Unrest (5000)
Unrest checks
UDF1 checks
Turn [Kc Jc 5d 3h], UDF1 (5000), Unrest (5000)
Unrest checks
UDF1 checks
River [Kc Jc 5d 3h 4s], UDF1 (5000), Unrest (5000)
Unrest checks
UDF1 checks
UDF1 shows [Qs 4h]
Unrest shows [7h 6s]
UDF1 awarded -5000
Unrest awarded 5000

Round #840, Unrest (403378), UDF1 (-403378)
Unrest posts blind: 10
UDF1 posts blind: 20
Unrest received [5d 5s]
UDF1 received [Th 9d]
Unrest raises to 40
UDF1 raises to 5000
Unrest calls
Flop [9c Ts 4d], Unrest (5000), UDF1 (5000)
UDF1 bids 0
Unrest bids 0
Unrest won the auction and was revealed [9d]
UDF1 won the auction and was revealed [5d]
Flop [9c Ts 4d], Unrest (5000), UDF1 (5000)
UDF1 checks
Unrest checks
Turn [9c Ts 4d Ac], Unrest (5000), UDF1 (5000)
UDF1 checks
Unrest checks
River [9c Ts 4d Ac Ks], Unrest (5000), UDF1 (5000)
UDF1 checks
Unrest checks
Unrest shows [5d 5s]
UDF1 shows [Th 9d]
Unrest awarded -5000
UDF1 awarded 5000

Round #841, UDF1 (-398378), Unrest (398378)
UDF1 posts blind: 10
Unrest posts blind: 20
UDF1 received [9c 7c]
Unrest received [Js 2c]
UDF1 raises to 5000
Unrest calls
Flop [3d 3c Kh], UDF1 (5000), Unrest (5000)
Unrest bids 0
UDF1 bids 0
UDF1 won the auction and was revealed [2c]
Unrest won the auction and was revealed [7c]
Flop [3d 3c Kh], UDF1 (5000), Unrest (5000)
Unrest checks
UDF1 checks
Turn [3d 3c Kh 6h], UDF1 (5000), Unrest (5000)
Unrest checks
UDF1 checks
River [3d 3c Kh 6h 4h], UDF1 (5000), Unrest (5000)
Unrest checks
UDF1 checks
UDF1 shows [9c 7c]
Unrest shows [Js 2c]
UDF1 awarded -5000
Unrest awarded 5000

Round #842, Unrest (403378), UDF1 (-403378)
Unrest posts blind: 10
UDF1 posts blind: 20
Unrest received [5s Qh]
UDF1 received [3s 9c]
Unrest calls
UDF1 raises to 46
Unrest calls
Flop [6h Jh 2h], Unrest (46), UDF1 (46)
UDF1 bids 49
Unrest bids 247
Unrest won the auction and was revealed [9c]
Flop [6h Jh 2h], Unrest (95), UDF1 (46)
UDF1 checks
Unrest checks
Turn [6h Jh 2h Qc], Unrest (95), UDF1 (46)
UDF1 bets 93
Unrest calls
River [6h Jh 2h Qc Kc], Unrest (188), UDF1 (139)
UDF1 bets 215
Unrest calls
Unrest shows [5s Qh]
UDF1 shows [3s 9c]
Unrest awarded 354
UDF1 awarded -354

Round #843, UDF1 (-403732), Unrest (403732)
UDF1 posts blind: 10
Unrest posts blind: 20
UDF1 received [Kd 8h]
Unrest received [3h 7s]
UDF1 raises to 5000
Unrest folds
UDF1 awarded 20
Unrest awarded -20

Round #844, Unrest (403712), UDF1 (-403712)
Unrest posts blind: 10
UDF1 posts blind: 20
Unrest received [2c 8h]
UDF1 received [3s As]
Unrest folds
Unrest awarded -10
UDF1 awarded 10

Round #845, UDF1 (-403702), Unrest (403702)
UDF1 posts blind: 10
Unrest posts blind: 20
UDF1 received [8c 6d]
Unrest received [Kh Jd]
UDF1 raises to 5000
Unrest calls
Flop [4s 7c 9s], UDF1 (5000), Unrest (5000)
Unrest bids 0
UDF1 bids 0
UDF1 won the auction and was revealed [Kh]
Unrest won the auction and was revealed [6d]
Flop [4s 7c 9s], UDF1 (5000), Unrest (5000)
Unrest checks
UDF1 checks
Turn [4s 7c 9s 8h], UDF1 (5000), Unrest (5000)
Unrest checks
UDF1 checks
River [4s 7c 9s 8h Ks], UDF1 (5000), Unrest (5000)
Unrest checks
UDF1 checks
UDF1 shows [8c 6d]
Unrest shows [Kh Jd]
UDF1 awarded -5000
Unrest awarded 5000

Round #846, Unrest (408702), UDF1 (-408702)
Unrest posts blind: 10
UDF1 posts blind: 20
Unrest received [Th 8s]
UDF1 received [9s 5h]
Unrest calls
UDF1 raises to 5000
Unrest calls
Flop [Js As 4d], Unrest (5000), UDF1 (5000)
UDF1 bids 0
Unrest bids 0
Unrest won the auction and was revealed [5h]
UDF1 won the auction and was revealed [8s]
Flop [Js As 4d], Unrest (5000), UDF1 (5000)
UDF1 checks
Unrest checks
Turn [Js As 4d 9c], Unrest (5000), UDF1 (5000)
UDF1 checks
Unrest checks
River [Js As 4d 9c 7d], Unrest (5000), UDF1 (5000)
UDF1 checks
Unrest checks
Unrest shows [Th 8s]
UDF1 shows [9s 5h]
Unrest awarded 5000
UDF1 awarded -5000

Round #847, UDF1 (-413702), Unrest (413702)
UDF1 posts blind: 10
Unrest posts blind: 20
UDF1 received [Js 7d]
Unrest received [7h Jh]
UDF1 raises to 5000
Unrest calls
Flop [8d Kd 2s], UDF1 (5000), Unrest (5000)
Unrest bids 0
UDF1 bids 0
UDF1 won the auction and was revealed [7h]
Unrest won the auction and was revealed [Js]
Flop [8d Kd 2s], UDF1 (5000), Unrest (5000)
Unrest checks
UDF1 checks
Turn [8d Kd 2s Ac], UDF1 (5000), Unrest (5000)
Unrest checks
UDF1 checks
River [8d Kd 2s Ac 2h], UDF1 (5000), Unrest (5000)
Unrest checks
UDF1 checks
UDF1 shows [Js 7d]
Unrest shows [7h Jh]
UDF1 awarded 0
Unrest awarded 0

Round #848, Unrest (413702), UDF1 (-413702)
Unrest posts blind: 10
UDF1 posts blind: 20
Unrest received [2c Qh]
UDF1 received [Qs 3h]
Unrest calls
UDF1 raises to 46
Unrest calls
Flop [8d Ad Js], Unrest (46), UDF1 (46)
UDF1 bids 52
Unrest bids 247
Unrest won the auction and was revealed [Qs]
Flop [8d Ad Js], Unrest (98), UDF1 (46)
UDF1 bets 95
Unrest calls
Turn [8d Ad Js Ac], Unrest (193), UDF1 (141)
UDF1 checks
Unrest checks
River [8d Ad Js Ac 5s], Unrest (193), UDF1 (141)
UDF1 checks
Unrest checks
Unrest shows [2c Qh]
UDF1 shows [Qs 3h]
Unrest awarded -26
UDF1 awarded 26

Round #849, UDF1 (-413676), Unrest (413676)
UDF1 posts blind: 10
Unrest posts blind: 20
UDF1 received [8d 7d]
Unrest received [3c 7s]
UDF1 raises to 1285
Unrest folds
UDF1 awarded 20
Unrest awarded -20

Round #850, Unrest (413656), UDF1 (-413656)
Unrest posts blind: 10
UDF1 posts blind: 20
Unrest received [2s 7s]
UDF1 received [Jc 5h]
Unrest folds
Unrest awarded -10
UDF1 awarded 10

Round #851, UDF1 (-413646), Unrest (413646)
UDF1 posts blind: 10
Unrest posts blind: 20
UDF1 received [4s Tc]
Unrest received [7d 8s]
UDF1 raises to 5000
Unrest calls
Flop [Jh 5s 6h], UDF1 (5000), Unrest (5000)
Unrest bids 0
UDF1 bids 0
UDF1 won the auction and was revealed [8s]
Unrest won the auction and was revealed [4s]
Flop [Jh 5s 6h], UDF1 (5000), Unrest (5000)
Unrest checks
UDF1 checks
Turn [Jh 5s 6h Qh], UDF1 (5000), Unrest (5000)
Unrest checks
UDF1 checks
River [Jh 5s 6h Qh Th], UDF1 (5000), Unrest (5000)
Unrest checks
UDF1 checks
UDF1 shows [4s Tc]
Unrest shows [7d 8s]
UDF1 awarded 5000
Unrest awarded -5000

Round #852, Unrest (408646), UDF1 (-408646)
Unrest posts blind: 10
UDF1 posts blind: 20
Unrest received [Ts 6s]
UDF1 received [4d 5c]
Unrest calls
UDF1 raises to 5000
Unrest calls
Flop [2h Qd Qc], Unrest (5000), UDF1 (5000)
UDF1 bids 0
Unrest bids 0
Unrest won the auction and was revealed [5c]
UDF1 won the auction and was revealed [6s]
Flop [2h Qd Qc], Unrest (5000), UDF1 (5000)
UDF1 checks
Unrest checks
Turn [2h Qd Qc Ad], Unrest (5000), UDF1 (5000)
UDF1 checks
Unrest checks
River [2h Qd Qc Ad Ac], Unrest (5000), UDF1 (5000)
UDF1 checks
Unrest checks
Unrest shows [Ts 6s]
UDF1 shows [4d 5c]
Unrest awarded 5000
UDF1 awarded -5000

Round #853, UDF1 (-413646), Unrest (413646)
UDF1 posts blind: 10
Unrest posts blind: 20
UDF1 received [7c 8d]
Unrest received [2c Kc]
UDF1 raises to 5000
Unrest calls
Flop [Qs 9s 6d], UDF1 (5000), Unrest (5000)
Unrest bids 0
UDF1 bids 0
UDF1 won the auction and was revealed [2c]
Unrest won the auction and was revealed [7c]
Flop [Qs 9s 6d], UDF1 (5000), Unrest (5000)
Unrest checks
UDF1 checks
Turn [Qs 9s 6d 8s], UDF1 (5000), Unrest (5000)
Unrest checks
UDF1 checks
River [Qs 9s 6d 8s 5h], UDF1 (5000), Unrest (5000)
Unrest checks
UDF1 checks
UDF1 shows [7c 8d]
Unrest shows [2c Kc]
UDF1 awarded 5000
Unrest awarded -5000

Round #854, Unrest (408646), UDF1 (-408646)
Unrest posts blind: 10
UDF1 posts blind: 20
Unrest received [9h Qh]
UDF1 received [Qc 8c]
Unrest raises to 40
UDF1 raises to 5000
Unrest calls
Flop [As Js Kc], Unrest (5000), UDF1 (5000)
UDF1 bids 0
Unrest bids 0
Unrest won the auction and was revealed [Qc]
UDF1 won the auction and was revealed [Qh]
Flop [As Js Kc], Unrest (5000), UDF1 (5000)
UDF1 checks
Unrest checks
Turn [As Js Kc 5d], Unrest (5000), UDF1 (5000)
UDF1 checks
Unrest checks
River [As Js Kc 5d 6c], Unrest (5000), UDF1 (5000)
UDF1 checks
Unrest checks
Unrest shows [9h Qh]
UDF1 shows [Qc 8c]
Unrest awarded 5000
UDF1 awarded -5000

Round #855, UDF1 (-413646), Unrest (413646)
UDF1 posts blind: 10
Unrest posts blind: 20
UDF1 received [7s 5s]
Unrest received [4s 3c]
UDF1 raises to 5000
Unrest folds
UDF1 awarded 20
Unrest awarded -20

Round #856, Unrest (413626), UDF1 (-413626)
Unrest posts blind: 10
UDF1 posts blind: 20
Unrest received [4h 4c]
UDF1 received [Qs 7s]
Unrest raises to 40
UDF1 raises to 5000
Unrest calls
Flop [Tc 3s 6h], Unrest (5000), UDF1 (5000)
UDF1 bids 0
Unrest bids 0
Unrest won the auction and was revealed [7s]
UDF1 won the auction and was revealed [4c]
Flop [Tc 3s 6h], Unrest (5000), UDF1 (5000)
UDF1 checks
Unrest checks
Turn [Tc 3s 6h 7d], Unrest (5000), UDF1 (5000)
UDF1 checks
Unrest checks
River [Tc 3s 6h 7d Kh], Unrest (5000), UDF1 (5000)
UDF1 checks
Unrest checks
Unrest shows [4h 4c]
UDF1 shows [Qs 7s]
Unrest awarded -5000
UDF1 awarded 5000

Round #857, UDF1 (-408626), Unrest (408626)
UDF1 posts blind: 10
Unrest posts blind: 20
UDF1 received [7d As]
Unrest received [6c Ad]
UDF1 raises to 5000
Unrest calls
Flop [Ac Kd 4s], UDF1 (5000), Unrest (5000)
Unrest bids 0
UDF1 bids 0
UDF1 won the auction and was revealed [6c]
Unrest won the auction and was revealed [7d]
Flop [Ac Kd 4s], UDF1 (5000), Unrest (5000)
Unrest checks
UDF1 checks
Turn [Ac Kd 4s 9s], UDF1 (5000), Unrest (5000)
Unrest checks
UDF1 checks
River [Ac Kd 4s 9s 8d], UDF1 (5000), Unrest (5000)
Unrest checks
UDF1 checks
UDF1 shows [7d As]
Unrest shows [6c Ad]
UDF1 awarded 0
Unrest awarded 0

Round #858, Unrest (408626), UDF1 (-408626)
Unrest posts blind: 10
UDF1 posts blind: 20
Unrest received [Qs 2h]
UDF1 received [Jd 5s]
Unrest calls
UDF1 raises to 5000
Unrest calls
Flop [7s 8c 6h], Unrest (5000), UDF1 (5000)
UDF1 bids 0
Unrest bids 0
Unrest won the auction and was revealed [Jd]
UDF1 won the auction and was revealed [Qs]
Flop [7s 8c 6h], Unrest (5000), UDF1 (5000)
UDF1 checks
Unrest checks
Turn [7s 8c 6h 4h], Unrest (5000), UDF1 (5000)
UDF1 checks
Unrest checks
River [7s 8c 6h 4h 8d], Unrest (5000), UDF1 (5000)
UDF1 checks
Unrest checks
Unrest shows [Qs 2h]
UDF1 shows [Jd 5s]
Unrest awarded -5000
UDF1 awarded 5000

Round #859, UDF1 (-403626), Unrest (403626)
UDF1 posts blind: 10
Unrest posts blind: 20
UDF1 received [Ks Th]
Unrest received [7s 8h]
UDF1 raises to 5000
Unrest calls
Flop [3h 2d 3s], UDF1 (5000), Unrest (5000)
Unrest bids 0
UDF1 bids 0
UDF1 won the auction and was revealed [8h]
Unrest won the auction and was revealed [Th]
Flop [3h 2d 3s], UDF1 (5000), Unrest (5000)
Unrest checks
UDF1 checks
Turn [3h 2d 3s Ts], UDF1 (5000), Unrest (5000)
Unrest checks
UDF1 checks
River [3h 2d 3s Ts Kd], UDF1 (5000), Unrest (5000)
Unrest checks
UDF1 checks
UDF1 shows [Ks Th]
Unrest shows [7s 8h]
UDF1 awarded 5000
Unrest awarded -5000

Round #860, Unrest (398626), UDF1 (-398626)
Unrest posts blind: 10
UDF1 posts blind: 20
Unrest received [6h Qd]
UDF1 received [Th 7c]
Unrest calls
UDF1 raises to 5000
Unrest calls
Flop [Qc 5s 6s], Unrest (5000), UDF1 (5000)
UDF1 bids 0
Unrest bids 0
Unrest won the auction and was revealed [Th]
UDF1 won the auction and was revealed [Qd]
Flop [Qc 5s 6s], Unrest (5000), UDF1 (5000)
UDF1 checks
Unrest checks
Turn [Qc 5s 6s Ks], Unrest (5000), UDF1 (5000)
UDF1 checks
Unrest checks
River [Qc 5s 6s Ks 9c], Unrest (5000), UDF1 (5000)
UDF1 checks
Unrest checks
Unrest shows [6h Qd]
UDF1 shows [Th 7c]
Unrest awarded 5000
UDF1 awarded -5000

Round #861, UDF1 (-403626), Unrest (403626)
UDF1 posts blind: 10
Unrest posts blind: 20
UDF1 received [8s Kd]
Unrest received [3s 9d]
UDF1 raises to 5000
Unrest calls
Flop [6d 6c 5s], UDF1 (5000), Unrest (5000)
Unrest bids 0
UDF1 bids 0
UDF1 won the auction and was revealed [9d]
Unrest won the auction and was revealed [8s]
Flop [6d 6c 5s], UDF1 (5000), Unrest (5000)
Unrest checks
UDF1 checks
Turn [6d 6c 5s 9h], UDF1 (5000), Unrest (5000)
Unrest checks
UDF1 checks
River [6d 6c 5s 9h Ad], UDF1 (5000), Unrest (5000)
Unrest checks
UDF1 checks
UDF1 shows [8s Kd]
Unrest shows [3s 9d]
UDF1 awarded -5000
Unrest awarded 5000

Round #862, Unrest (408626), UDF1 (-408626)
Unrest posts blind: 10
UDF1 posts blind: 20
Unrest received [6s 4h]
UDF1 received [3h 5d]
Unrest folds
Unrest awarded -10
UDF1 awarded 10

Round #863, UDF1 (-408616), Unrest (408616)
UDF1 posts blind: 10
Unrest posts blind: 20
UDF1 received [9c 5h]
Unrest received [8c 8h]
UDF1 raises to 5000
Unrest calls
Flop [Kc 6d Ks], UDF1 (5000), Unrest (5000)
Unrest bids 0
UDF1 bids 0
UDF1 won the auction and was revealed [8c]
Unrest won the auction and was revealed [9c]
Flop [Kc 6d Ks], UDF1 (5000), Unrest (5000)
Unrest checks
UDF1 checks
Turn [Kc 6d Ks 5d], UDF1 (5000), Unrest (5000)
Unrest checks
UDF1 checks
River [Kc 6d Ks 5d Qh], UDF1 (5000), Unrest (5000)
Unrest checks
UDF1 checks
UDF1 shows [9c 5h]
Unrest shows [8c 8h]
UDF1 awarded -5000
Unrest awarded 5000

Round #864, Unrest (413616), UDF1 (-413616)
Unrest posts blind: 10
UDF1 posts blind: 20
Unrest received [4h 9d]
UDF1 received [7c 3h]
Unrest folds
Unrest awarded -10
UDF1 awarded 10

Round #865, UDF1 (-413606), Unrest (413606)
UDF1 posts blind: 10
Unrest posts blind: 20
UDF1 received [5s Kc]
Unrest received [8h 8c]
UDF1 raises to 5000
Unrest calls
Flop [Jd Ad 4d], UDF1 (5000), Unrest (5000)
Unrest bids 0
UDF1 bids 0
UDF1 won the auction and was revealed [8h]
Unrest won the auction and was revealed [5s]
Flop [Jd Ad 4d], UDF1 (5000), Unrest (5000)
Unrest checks
UDF1 checks
Turn [Jd Ad 4d 6d], UDF1 (5000), Unrest (5000)
Unrest checks
UDF1 checks
River [Jd Ad 4d 6d Td], UDF1 (5000), Unrest (5000)
Unrest checks
UDF1 checks
UDF1 shows [5s Kc]
Unrest shows [8h 8c]
UDF1 awarded 0
Unrest awarded 0

Round #866, Unrest (413606), UDF1 (-413606)
Unrest posts blind: 10
UDF1 posts blind: 20
Unrest received [Ts 2d]
UDF1 received [5d 2c]
Unrest calls
UDF1 checks
Flop [4c 3d 7s], Unrest (20), UDF1 (20)
UDF1 bids 33
Unrest bids 249
Unrest won the auction and was revealed [5d]
Flop [4c 3d 7s], Unrest (53), UDF1 (20)
UDF1 bets 4947
Unrest folds
Unrest awarded -53
UDF1 awarded 53

Round #867, UDF1 (-413553), Unrest (413553)
UDF1 posts blind: 10
Unrest posts blind: 20
UDF1 received [Qs 3d]
Unrest received [Ah 4c]
UDF1 raises to 5000
Unrest calls
Flop [6h 4d 9d], UDF1 (5000), Unrest (5000)
Unrest bids 0
UDF1 bids 0
UDF1 won the auction and was revealed [4c]
Unrest won the auction and was revealed [Qs]
Flop [6h 4d 9d], UDF1 (5000), Unrest (5000)
Unrest checks
UDF1 checks
Turn [6h 4d 9d Qh], UDF1 (5000), Unrest (5000)
Unrest checks
UDF1 checks
River [6h 4d 9d Qh Ts], UDF1 (5000), Unrest (5000)
Unrest checks
UDF1 checks
UDF1 shows [Qs 3d]
Unrest shows [Ah 4c]
UDF1 awarded 5000
Unrest awarded -5000

Round #868, Unrest (408553), UDF1 (-408553)
Unrest posts blind: 10
UDF1 posts blind: 20
Unrest received [8h Qc]
UDF1 received [2d 3c]
Unrest calls
UDF1 raises to 46
Unrest calls
Flop [4c Kd 7c], Unrest (46), UDF1 (46)
UDF1 bids 19
Unrest bids 247
Unrest won the auction and was revealed [3c]
Flop [4c Kd 7c], Unrest (65), UDF1 (46)
UDF1 bets 73
Unrest calls
Turn [4c Kd 7c 3d], Unrest (138), UDF1 (119)
UDF1 bets 4862
Unrest folds
Unrest awarded -138
UDF1 awarded 138

Round #869, UDF1 (-408415), Unrest (408415)
UDF1 posts blind: 10
Unrest posts blind: 20
UDF1 received [6h 9d]
Unrest received [Kh Jh]
UDF1 calls
Unrest raises to 40
UDF1 raises to 5000
Unrest calls
Flop [2c 8s Jd], UDF1 (5000), Unrest (5000)
Unrest bids 0
UDF1 bids 0
UDF1 won the auction and was revealed [Kh]
Unrest won the auction and was revealed [9d]
Flop [2c 8s Jd], UDF1 (5000), Unrest (5000)
Unrest checks
UDF1 checks
Turn [2c 8s Jd Ks], UDF1 (5000), Unrest (5000)
Unrest checks
UDF1 checks
River [2c 8s Jd Ks As], UDF1 (5000), Unrest (5000)
Unrest checks
UDF1 checks
UDF1 shows [6h 9d]
Unrest shows [Kh Jh]
UDF1 awarded -5000
Unrest awarded 5000

Round #870, Unrest (413415), UDF1 (-413415)
Unrest posts blind: 10
UDF1 posts blind: 20
Unrest received [6s Tc]
UDF1 received [Kh Ks]
Unrest calls
UDF1 raises to 5000
Unrest calls
Flop [6h 9s Td], Unrest (5000), UDF1 (5000)
UDF1 bids 0
Unrest bids 0
Unrest won the auction and was revealed [Kh]
UDF1 won the auction and was revealed [6s]
Flop [6h 9s Td], Unrest (5000), UDF1 (5000)
UDF1 checks
Unrest checks
Turn [6h 9s Td 3h], Unrest (5000), UDF1 (5000)
UDF1 checks
Unrest checks
River [6h 9s Td 3h 6d], Unrest (5000), UDF1 (5000)
UDF1 checks
Unrest checks
Unrest shows [6s Tc]
UDF1 shows [Kh Ks]
Unrest awarded 5000
UDF1 awarded -5000

Round #871, UDF1 (-418415), Unrest (418415)
UDF1 posts blind: 10
Unrest posts blind: 20
UDF1 received [9s 4d]
Unrest received [8d Ad]
UDF1 raises to 5000
Unrest calls
Flop [Tc 9h 7d], UDF1 (5000), Unrest (5000)
Unrest bids 0
UDF1 bids 0
UDF1 won the auction and was revealed [8d]
Unrest won the auction and was revealed [4d]
Flop [Tc 9h 7d], UDF1 (5000), Unrest (5000)
Unrest checks
UDF1 checks
Turn [Tc 9h 7d 9c], UDF1 (5000), Unrest (5000)
Unrest checks
UDF1 checks
River [Tc 9h 7d 9c 8c], UDF1 (5000), Unrest (5000)
Unrest checks
UDF1 checks
UDF1 shows [9s 4d]
Unrest shows [8d Ad]
UDF1 awarded 5000
Unrest awarded -5000

Round #872, Unrest (413415), UDF1 (-413415)
Unrest posts blind: 10
UDF1 posts blind: 20
Unrest received [9h Ks]
UDF1 received [Kd Qd]
Unrest raises to 40
UDF1 raises to 5000
Unrest calls
Flop [Td Kh 5h], Unrest (5000), UDF1 (5000)
UDF1 bids 0
Unrest bids 0
Unrest won the auction and was revealed [Kd]
UDF1 won the auction and was revealed [Ks]
Flop [Td Kh 5h], Unrest (5000), UDF1 (5000)
UDF1 checks
Unrest checks
Turn [Td Kh 5h 6h], Unrest (5000), UDF1 (5000)
UDF1 checks
Unrest checks
River [Td Kh 5h 6h Kc], Unrest (5000), UDF1 (5000)
UDF1 checks
Unrest checks
Unrest shows [9h Ks]
UDF1 shows [Kd Qd]
Unrest awarded -5000
UDF1 awarded 5000

Round #873, UDF1 (-408415), Unrest (408415)
UDF1 posts blind: 10
Unrest posts blind: 20
UDF1 received [As 2d]
Unrest received [Kd 2h]
UDF1 raises to 5000
Unrest calls
Flop [2s Ac 8s], UDF1 (5000), Unrest (5000)
Unrest bids 0
UDF1 bids 0
UDF1 won the auction and was revealed [2h]
Unrest won the auction and was revealed [As]
Flop [2s Ac 8s], UDF1 (5000), Unrest (5000)
Unrest checks
UDF1 checks
Turn [2s Ac 8s 4h], UDF1 (5000), Unrest (5000)
Unrest checks
UDF1 checks
River [2s Ac 8s 4h 5h], UDF1 (5000), Unrest (5000)
Unrest checks
UDF1 checks
UDF1 shows [As 2d]
Unrest shows [Kd 2h]
UDF1 awarded 5000
Unrest awarded -5000

Round #874, Unrest (403415), UDF1 (-403415)
Unrest posts blind: 10
UDF1 posts blind: 20
Unrest received [As 8d]
UDF1 received [Qh 7d]
Unrest raises to 40
UDF1 raises to 5000
Unrest calls
Flop [8c Jd Qd], Unrest (5000), UDF1 (5000)
UDF1 bids 0
Unrest bids 0
Unrest won the auction and was revealed [Qh]
UDF1 won the auction and was revealed [As]
Flop [8c Jd Qd], Unrest (5000), UDF1 (5000)
UDF1 checks
Unrest checks
Turn [8c Jd Qd 6s], Unrest (5000), UDF1 (5000)
UDF1 checks
Unrest checks
River [8c Jd Qd 6s 2d], Unrest (5000), UDF1 (5000)
UDF1 checks
Unrest checks
Unrest shows [As 8d]
UDF1 shows [Qh 7d]
Unrest awarded -5000
UDF1 awarded 5000

Round #875, UDF1 (-398415), Unrest (398415)
UDF1 posts blind: 10
Unrest posts blind: 20
UDF1 received [9d 2h]
Unrest received [7d 9s]
UDF1 raises to 5000
Unrest calls
Flop [9c Jc 8c], UDF1 (5000), Unrest (5000)
Unrest bids 0
UDF1 bids 0
UDF1 won the auction and was revealed [7d]
Unrest won the auction and was revealed [9d]
Flop [9c Jc 8c], UDF1 (5000), Unrest (5000)
Unrest checks
UDF1 checks
Turn [9c Jc 8c 9h], UDF1 (5000), Unrest (5000)
Unrest checks
UDF1 checks
River [9c Jc 8c 9h 6h], UDF1 (5000), Unrest (5000)
Unrest checks
UDF1 checks
UDF1 shows [9d 2h]
Unrest shows [7d 9s]
UDF1 awarded 0
Unrest awarded 0

Round #876, Unrest (398415), UDF1 (-398415)
Unrest posts blind: 10
UDF1 posts blind: 20
Unrest received [Jh Kd]
UDF1 received [Kh 3c]
Unrest raises to 40
UDF1 raises to 5000
Unrest calls
Flop [Qh 8s 5d], Unrest (5000), UDF1 (5000)
UDF1 bids 0
Unrest bids 0
Unrest won the auction and was revealed [Kh]
UDF1 won the auction and was revealed [Jh]
Flop [Qh 8s 5d], Unrest (5000), UDF1 (5000)
UDF1 checks
Unrest checks
Turn [Qh 8s 5d 9s], Unrest (5000), UDF1 (5000)
UDF1 checks
Unrest checks
River [Qh 8s 5d 9s 8d], Unrest (5000), UDF1 (5000)
UDF1 checks
Unrest checks
Unrest shows [Jh Kd]
UDF1 shows [Kh 3c]
Unrest awarded 5000
UDF1 awarded -5000

Round #877, UDF1 (-403415), Unrest (403415)
UDF1 posts blind: 10
Unrest posts blind: 20
UDF1 received [Ac Jh]
Unrest received [9h Ts]
UDF1 raises to 5000
Unrest calls
Flop [3c 6h 7c], UDF1 (5000), Unrest (5000)
Unrest bids 0
UDF1 bids 0
UDF1 won the auction and was revealed [Ts]
Unrest won the auction and was revealed [Ac]
Flop [3c 6h 7c], UDF1 (5000), Unrest (5000)
Unrest checks
UDF1 checks
Turn [3c 6h 7c 3h], UDF1 (5000), Unrest (5000)
Unrest checks
UDF1 checks
River [3c 6h 7c 3h 9d], UDF1 (5000), Unrest (5000)
Unrest checks
UDF1 checks
UDF1 shows [Ac Jh]
Unrest shows [9h Ts]
UDF1 awarded -5000
Unrest awarded 5000

Round #878, Unrest (408415), UDF1 (-408415)
Unrest posts blind: 10
UDF1 posts blind: 20
Unrest received [4c 4s]
UDF1 received [8c 7d]
Unrest raises to 40
UDF1 raises to 5000
Unrest calls
Flop [Ts Th 5c], Unrest (5000), UDF1 (5000)
UDF1 bids 0
Unrest bids 0
Unrest won the auction and was revealed [7d]
UDF1 won the auction and was revealed [4s]
Flop [Ts Th 5c], Unrest (5000), UDF1 (5000)
UDF1 checks
Unrest checks
Turn [Ts Th 5c 3d], Unrest (5000), UDF1 (5000)
UDF1 checks
Unrest checks
River [Ts Th 5c 3d Qc], Unrest (5000), UDF1 (5000)
UDF1 checks
Unrest checks
Unrest shows [4c 4s]
UDF1 shows [8c 7d]
Unrest awarded 5000
UDF1 awarded -5000

Round #879, UDF1 (-413415), Unrest (413415)
UDF1 posts blind: 10
Unrest posts blind: 20
UDF1 received [3s Tc]
Unrest received [8d 9d]
UDF1 raises to 5000
Unrest calls
Flop [6c 4d Kh], UDF1 (5000), Unrest (5000)
Unrest bids 0
UDF1 bids 0
UDF1 won the auction and was revealed [8d]
Unrest won the auction and was revealed [3s]
Flop [6c 4d Kh], UDF1 (5000), Unrest (5000)
Unrest checks
UDF1 checks
Turn [6c 4d Kh Jd], UDF1 (5000), Unrest (5000)
Unrest checks
UDF1 checks
River [6c 4d Kh Jd 6s], UDF1 (5000), Unrest (5000)
Unrest checks
UDF1 checks
UDF1 shows [3s Tc]
Unrest shows [8d 9d]
UDF1 awarded 5000
Unrest awarded -5000

Round #880, Unrest (408415), UDF1 (-408415)
Unrest posts blind: 10
UDF1 posts blind: 20
Unrest received [2h Ad]
UDF1 received [8s 9d]
Unrest calls
UDF1 raises to 5000
Unrest calls
Flop [6s Ts Kh], Unrest (5000), UDF1 (5000)
UDF1 bids 0
Unrest bids 0
Unrest won the auction and was revealed [9d]
UDF1 won the auction and was revealed [Ad]
Flop [6s Ts Kh], Unrest (5000), UDF1 (5000)
UDF1 checks
Unrest checks
Turn [6s Ts Kh 5s], Unrest (5000), UDF1 (5000)
UDF1 checks
Unrest checks
River [6s Ts Kh 5s 5c], Unrest (5000), UDF1 (5000)
UDF1 checks
Unrest checks
Unrest shows [2h Ad]
UDF1 shows [8s 9d]
Unrest awarded 5000
UDF1 awarded -5000

Round #881, UDF1 (-413415), Unrest (413415)
UDF1 posts blind: 10
Unrest posts blind: 20
UDF1 received [3h 2d]
Unrest received [Td 7d]
UDF1 folds
UDF1 awarded -10
Unrest awarded 10

Round #882, Unrest (413425), UDF1 (-413425)
Unrest posts blind: 10
UDF1 posts blind: 20
Unrest received [3h Jh]
UDF1 received [5s 5c]
Unrest calls
UDF1 raises to 5000
Unrest calls
Flop [2s 6c Jd], Unrest (5000), UDF1 (5000)
UDF1 bids 0
Unrest bids 0
Unrest won the auction and was revealed [5c]
UDF1 won the auction and was revealed [Jh]
Flop [2s 6c Jd], Unrest (5000), UDF1 (5000)
UDF1 checks
Unrest checks
Turn [2s 6c Jd As], Unrest (5000), UDF1 (5000)
UDF1 checks
Unrest checks
River [2s 6c Jd As Jc], Unrest (5000), UDF1 (5000)
UDF1 checks
Unrest checks
Unrest shows [3h Jh]
UDF1 shows [5s 5c]
Unrest awarded 5000
UDF1 awarded -5000

Round #883, UDF1 (-418425), Unrest (418425)
UDF1 posts blind: 10
Unrest posts blind: 20
UDF1 received [7c 9d]
Unrest received [2s 5s]
UDF1 raises to 5000
Unrest folds
UDF1 awarded 20
Unrest awarded -20

Round #884, Unrest (418405), UDF1 (-418405)
Unrest posts blind: 10
UDF1 posts blind: 20
Unrest received [6d 5c]
UDF1 received [As Qh]
Unrest folds
Unrest awarded -10
UDF1 awarded 10

Round #885, UDF1 (-418395), Unrest (418395)
UDF1 posts blind: 10
Unrest posts blind: 20
UDF1 received [Th 5d]
Unrest received [2s Tc]
UDF1 raises to 5000
Unrest calls
Flop [2c 8c Kc], UDF1 (5000), Unrest (5000)
Unrest bids 0
UDF1 bids 0
UDF1 won the auction and was revealed [Tc]
Unrest won the auction and was revealed [5d]
Flop [2c 8c Kc], UDF1 (5000), Unrest (5000)
Unrest checks
UDF1 checks
Turn [2c 8c Kc 4h], UDF1 (5000), Unrest (5000)
Unrest checks
UDF1 checks
River [2c 8c Kc 4h 8d], UDF1 (5000), Unrest (5000)
Unrest checks
UDF1 checks
UDF1 shows [Th 5d]
Unrest shows [2s Tc]
UDF1 awarded -5000
Unrest awarded 5000

Round #886, Unrest (423395), UDF1 (-423395)
Unrest posts blind: 10
UDF1 posts blind: 20
Unrest received [9h 4d]
UDF1 received [3c 9d]
Unrest folds
Unrest awarded -10
UDF1 awarded 10

Round #887, UDF1 (-423385), Unrest (423385)
UDF1 posts blind: 10
Unrest posts blind: 20
UDF1 received [7s Ac]
Unrest received [7d 7c]
UDF1 raises to 5000
Unrest calls
Flop [Td Ts Jh], UDF1 (5000), Unrest (5000)
Unrest bids 0
UDF1 bids 0
UDF1 won the auction and was revealed [7d]
Unrest won the auction and was revealed [7s]
Flop [Td Ts Jh], UDF1 (5000), Unrest (5000)
Unrest checks
UDF1 checks
Turn [Td Ts Jh Ad], UDF1 (5000), Unrest (5000)
Unrest checks
UDF1 checks
River [Td Ts Jh Ad 8c], UDF1 (5000), Unrest (5000)
Unrest checks
UDF1 checks
UDF1 shows [7s Ac]
Unrest shows [7d 7c]
UDF1 awarded 5000
Unrest awarded -5000

Round #888, Unrest (418385), UDF1 (-418385)
Unrest posts blind: 10
UDF1 posts blind: 20
Unrest received [7h 4s]
UDF1 received [6s Kh]
Unrest folds
Unrest awarded -10
UDF1 awarded 10

Round #889, UDF1 (-418375), Unrest (418375)
UDF1 posts blind: 10
Unrest posts blind: 20
UDF1 received [8c 3c]
Unrest received [Kh 5c]
UDF1 raises to 5000
Unrest calls
Flop [4s Jh Kc], UDF1 (5000), Unrest (5000)
Unrest bids 0
UDF1 bids 0
UDF1 won the auction and was revealed [Kh]
Unrest won the auction and was revealed [8c]
Flop [4s Jh Kc], UDF1 (5000), Unrest (5000)
Unrest checks
UDF1 checks
Turn [4s Jh Kc Ad], UDF1 (5000), Unrest (5000)
Unrest checks
UDF1 checks
River [4s Jh Kc Ad As], UDF1 (5000), Unrest (5000)
Unrest checks
UDF1 checks
UDF1 shows [8c 3c]
Unrest shows [Kh 5c]
UDF1 awarded -5000
Unrest awarded 5000

Round #890, Unrest (423375), UDF1 (-423375)
Unrest posts blind: 10
UDF1 posts blind: 20
Unrest received [8h Tc]
UDF1 received [Td 2s]
Unrest calls
UDF1 checks
Flop [5d Ts Jd], Unrest (20), UDF1 (20)
UDF1 bids 32
Unrest bids 747
Unrest won the auction and was revealed [2s]
Flop [5d Ts Jd], Unrest (52), UDF1 (20)
UDF1 bets 4948
Unrest calls
Turn [5d Ts Jd 9d], Unrest (5000), UDF1 (4968)
UDF1 checks
Unrest checks
River [5d Ts Jd 9d 6d], Unrest (5000), UDF1 (4968)
UDF1 checks
Unrest checks
Unrest shows [8h Tc]
UDF1 shows [Td 2s]
Unrest awarded -5000
UDF1 awarded 5000

Round #891, UDF1 (-418375), Unrest (418375)
UDF1 posts blind: 10
Unrest posts blind: 20
UDF1 received [3d 8h]
Unrest received [Jd Qc]
UDF1 raises to 50
Unrest calls
Flop [2s Kc 5s], UDF1 (50), Unrest (50)
Unrest bids 247
UDF1 bids 50
Unrest won the auction and was revealed [8h]
Flop [2s Kc 5s], UDF1 (50), Unrest (100)
Unrest checks
UDF1 checks
Turn [2s Kc 5s 7h], UDF1 (50), Unrest (100)
Unrest checks
UDF1 checks
River [2s Kc 5s 7h 4d], UDF1 (50), Unrest (100)
Unrest checks
UDF1 checks
UDF1 shows [3d 8h]
Unrest shows [Jd Qc]
UDF1 awarded -50
Unrest awarded 50

Round #892, Unrest (418425), UDF1 (-418425)
Unrest posts blind: 10
UDF1 posts blind: 20
Unrest received [3h Ac]
UDF1 received [7h Ts]
Unrest calls
UDF1 raises to 5000
Unrest calls
Flop [Jh 5c Qc], Unrest (5000), UDF1 (5000)
UDF1 bids 0
Unrest bids 0
Unrest won the auction and was revealed [Ts]
UDF1 won the auction and was revealed [3h]
Flop [Jh 5c Qc], Unrest (5000), UDF1 (5000)
UDF1 checks
Unrest checks
Turn [Jh 5c Qc Kc], Unrest (5000), UDF1 (5000)
UDF1 checks
Unrest checks
River [Jh 5c Qc Kc 2d], Unrest (5000), UDF1 (5000)
UDF1 checks
Unrest checks
Unrest shows [3h Ac]
UDF1 shows [7h Ts]
Unrest awarded 5000
UDF1 awarded -5000

Round #893, UDF1 (-423425), Unrest (423425)
UDF1 posts blind: 10
Unrest posts blind: 20
UDF1 received [4s As]
Unrest received [3d 6c]
UDF1 calls
Unrest checks
Flop [5h 9h 2s], UDF1 (20), Unrest (20)
Unrest bids 249
UDF1 bids 31
Unrest won the auction and was revealed [As]
Flop [5h 9h 2s], UDF1 (20), Unrest (51)
Unrest checks
UDF1 bets 4949
Unrest folds
UDF1 awarded 51
Unrest awarded -51

Round #894, Unrest (423374), UDF1 (-423374)
Unrest posts blind: 10
UDF1 posts blind: 20
Unrest received [8d Ah]
UDF1 received [Jd 8c]
Unrest raises to 40
UDF1 raises to 5000
Unrest calls
Flop [4s 7c 4d], Unrest (5000), UDF1 (5000)
UDF1 bids 0
Unrest bids 0
Unrest won the auction and was revealed [Jd]
UDF1 won the auction and was revealed [Ah]
Flop [4s 7c 4d], Unrest (5000), UDF1 (5000)
UDF1 checks
Unrest checks
Turn [4s 7c 4d 9h], Unrest (5000), UDF1 (5000)
UDF1 checks
Unrest checks
River [4s 7c 4d 9h 7h], Unrest (5000), UDF1 (5000)
UDF1 checks
Unrest checks
Unrest shows [8d Ah]
UDF1 shows [Jd 8c]
Unrest awarded 5000
UDF1 awarded -5000

Round #895, UDF1 (-428374), Unrest (428374)
UDF1 posts blind: 10
Unrest posts blind: 20
UDF1 received [Qc 6s]
Unrest received [2d Ad]
UDF1 raises to 5000
Unrest calls
Flop [9c 7s As], UDF1 (5000), Unrest (5000)
Unrest bids 0
UDF1 bids 0
UDF1 won the auction and was revealed [Ad]
Unrest won the auction and was revealed [6s]
Flop [9c 7s As], UDF1 (5000), Unrest (5000)
Unrest checks
UDF1 checks
Turn [9c 7s As 8s], UDF1 (5000), Unrest (5000)
Unrest checks
UDF1 checks
River [9c 7s As 8s 6c], UDF1 (5000), Unrest (5000)
Unrest checks
UDF1 checks
UDF1 shows [Qc 6s]
Unrest shows [2d Ad]
UDF1 awarded -5000
Unrest awarded 5000

Round #896, Unrest (433374), UDF1 (-433374)
Unrest posts blind: 10
UDF1 posts blind: 20
Unrest received [Kc Td]
UDF1 received [Ad Th]
Unrest raises to 40
UDF1 raises to 5000
Unrest calls
Flop [3d 5c Jd], Unrest (5000), UDF1 (5000)
UDF1 bids 0
Unrest bids 0
Unrest won the auction and was revealed [Ad]
UDF1 won the auction and was revealed [Kc]
Flop [3d 5c Jd], Unrest (5000), UDF1 (5000)
UDF1 checks
Unrest checks
Turn [3d 5c Jd 7h], Unrest (5000), UDF1 (5000)
UDF1 checks
Unrest checks
River [3d 5c Jd 7h 5d], Unrest (5000), UDF1 (5000)
UDF1 checks
Unrest checks
Unrest shows [Kc Td]
UDF1 shows [Ad Th]
Unrest awarded -5000
UDF1 awarded 5000

Round #897, UDF1 (-428374), Unrest (428374)
UDF1 posts blind: 10
Unrest posts blind: 20
UDF1 received [4s Js]
Unrest received [9d As]
UDF1 calls
Unrest raises to 40
UDF1 raises to 5000
Unrest calls
Flop [2h Jd Qh], UDF1 (5000), Unrest (5000)
Unrest bids 0
UDF1 bids 0
UDF1 won the auction and was revealed [As]
Unrest won the auction and was revealed [4s]
Flop [2h Jd Qh], UDF1 (5000), Unrest (5000)
Unrest checks
UDF1 checks
Turn [2h Jd Qh 6h], UDF1 (5000), Unrest (5000)
Unrest checks
UDF1 checks
River [2h Jd Qh 6h 8s], UDF1 (5000), Unrest (5000)
Unrest checks
UDF1 checks
UDF1 shows [4s Js]
Unrest shows [9d As]
UDF1 awarded 5000
Unrest awarded -5000

Round #898, Unrest (423374), UDF1 (-423374)
Unrest posts blind: 10
UDF1 posts blind: 20
Unrest received [Qh Js]
UDF1 received [Ac 9h]
Unrest raises to 40
UDF1 calls
Flop [Td 2d 2s], Unrest (40), UDF1 (40)
UDF1 bids 46
Unrest bids 248
Unrest won the auction and was revealed [9h]
Flop [Td 2d 2s], Unrest (86), UDF1 (40)
UDF1 bets 4914
Unrest calls
Turn [Td 2d 2s Th], Unrest (5000), UDF1 (4954)
UDF1 checks
Unrest checks
River [Td 2d 2s Th 9d], Unrest (5000), UDF1 (4954)
UDF1 checks
Unrest checks
Unrest shows [Qh Js]
UDF1 shows [Ac 9h]
Unrest awarded -5000
UDF1 awarded 5000

Round #899, UDF1 (-418374), Unrest (418374)
UDF1 posts blind: 10
Unrest posts blind: 20
UDF1 received [Ks 8s]
Unrest received [Qs Jh]
UDF1 raises to 50
Unrest calls
Flop [Kh 7c 6d], UDF1 (50), Unrest (50)
Unrest bids 247
UDF1 bids 54
Unrest won the auction and was revealed [8s]
Flop [Kh 7c 6d], UDF1 (50), Unrest (104)
Unrest checks
UDF1 bets 4896
Unrest folds
UDF1 awarded 104
Unrest awarded -104

Round #900, Unrest (418270), UDF1 (-418270)
Unrest posts blind: 10
UDF1 posts blind: 20
Unrest received [3s 9d]
UDF1 received [5c Kh]
Unrest folds
Unrest awarded -10
UDF1 awarded 10

Round #901, UDF1 (-418260), Unrest (418260)
UDF1 posts blind: 10
Unrest posts blind: 20
UDF1 received [Tc 8h]
Unrest received [9s 7h]
UDF1 raises to 5000
Unrest calls
Flop [Jc Js 8s], UDF1 (5000), Unrest (5000)
Unrest bids 0
UDF1 bids 0
UDF1 won the auction and was revealed [7h]
Unrest won the auction and was revealed [Tc]
Flop [Jc Js 8s], UDF1 (5000), Unrest (5000)
Unrest checks
UDF1 checks
Turn [Jc Js 8s 2s], UDF1 (5000), Unrest (5000)
Unrest checks
UDF1 checks
River [Jc Js 8s 2s 9h], UDF1 (5000), Unrest (5000)
Unrest checks
UDF1 checks
UDF1 shows [Tc 8h]
Unrest shows [9s 7h]
UDF1 awarded -5000
Unrest awarded 5000

Round #902, Unrest (423260), UDF1 (-423260)
Unrest posts blind: 10
UDF1 posts blind: 20
Unrest received [Qs Ac]
UDF1 received [Qc 9s]
Unrest raises to 40
UDF1 calls
Flop [8c 9d 6c], Unrest (40), UDF1 (40)
UDF1 bids 46
Unrest bids 248
Unrest won the auction and was revealed [Qc]
Flop [8c 9d 6c], Unrest (86), UDF1 (40)
UDF1 bets 4914
Unrest folds
Unrest awarded -86
UDF1 awarded 86

Round #903, UDF1 (-423174), Unrest (423174)
UDF1 posts blind: 10
Unrest posts blind: 20
UDF1 received [5d 4s]
Unrest received [6d Td]
UDF1 raises to 5000
Unrest calls
Flop [4d 7s Kc], UDF1 (5000), Unrest (5000)
Unrest bids 0
UDF1 bids 0
UDF1 won the auction and was revealed [Td]
Unrest won the auction and was revealed [4s]
Flop [4d 7s Kc], UDF1 (5000), Unrest (5000)
Unrest checks
UDF1 checks
Turn [4d 7s Kc Qd], UDF1 (5000), Unrest (5000)
Unrest checks
UDF1 checks
River [4d 7s Kc Qd 8s], UDF1 (5000), Unrest (5000)
Unrest checks
UDF1 checks
UDF1 shows [5d 4s]
Unrest shows [6d Td]
UDF1 awarded 5000
Unrest awarded -5000

Round #904, Unrest (418174), UDF1 (-418174)
Unrest posts blind: 10
UDF1 posts blind: 20
Unrest received [9h Qs]
UDF1 received [Jh 4d]
Unrest calls
UDF1 raises to 5000
Unrest calls
Flop [Td 8d 5c], Unrest (5000), UDF1 (5000)
UDF1 bids 0
Unrest bids 0
Unrest won the auction and was revealed [4d]
UDF1 won the auction and was revealed [Qs]
Flop [Td 8d 5c], Unrest (5000), UDF1 (5000)
UDF1 checks
Unrest checks
Turn [Td 8d 5c Kh], Unrest (5000), UDF1 (5000)
UDF1 checks
Unrest checks
River [Td 8d 5c Kh 5d], Unrest (5000), UDF1 (5000)
UDF1 checks
Unrest checks
Unrest shows [9h Qs]
UDF1 shows [Jh 4d]
Unrest awarded 5000
UDF1 awarded -5000

Round #905, UDF1 (-423174), Unrest (423174)
UDF1 posts blind: 10
Unrest posts blind: 20
UDF1 received [Ad Jc]
Unrest received [5h 8h]
UDF1 raises to 5000
Unrest calls
Flop [9d 4c As], UDF1 (5000), Unrest (5000)
Unrest bids 0
UDF1 bids 0
UDF1 won the auction and was revealed [8h]
Unrest won the auction and was revealed [Jc]
Flop [9d 4c As], UDF1 (5000), Unrest (5000)
Unrest checks
UDF1 checks
Turn [9d 4c As 3s], UDF1 (5000), Unrest (5000)
Unrest checks
UDF1 checks
River [9d 4c As 3s 6c], UDF1 (5000), Unrest (5000)
Unrest checks
UDF1 checks
UDF1 shows [Ad Jc]
Unrest shows [5h 8h]
UDF1 awarded 5000
Unrest awarded -5000

Round #906, Unrest (418174), UDF1 (-418174)
Unrest posts blind: 10
UDF1 posts blind: 20
Unrest received [5h 5c]
UDF1 received [Qd Jc]
Unrest raises to 40
UDF1 raises to 5000
Unrest calls
Flop [Jh Tc Qh], Unrest (5000), UDF1 (5000)
UDF1 bids 0
Unrest bids 0
Unrest won the auction and was revealed [Qd]
UDF1 won the auction and was revealed [5h]
Flop [Jh Tc Qh], Unrest (5000), UDF1 (5000)
UDF1 checks
Unrest checks
Turn [Jh Tc Qh 8s], Unrest (5000), UDF1 (5000)
UDF1 checks
Unrest checks
River [Jh Tc Qh 8s Ad], Unrest (5000), UDF1 (5000)
UDF1 checks
Unrest checks
Unrest shows [5h 5c]
UDF1 shows [Qd Jc]
Unrest awarded -5000
UDF1 awarded 5000

Round #907, UDF1 (-413174), Unrest (413174)
UDF1 posts blind: 10
Unrest posts blind: 20
UDF1 received [9c As]
Unrest received [3s 7c]
UDF1 raises to 5000
Unrest folds
UDF1 awarded 20
Unrest awarded -20

Round #908, Unrest (413154), UDF1 (-413154)
Unrest posts blind: 10
UDF1 posts blind: 20
Unrest received [2s Ts]
UDF1 received [Ks Kd]
Unrest calls
UDF1 raises to 5000
Unrest calls
Flop [6c 9c Qs], Unrest (5000), UDF1 (5000)
UDF1 bids 0
Unrest bids 0
Unrest won the auction and was revealed [Ks]
UDF1 won the auction and was revealed [2s]
Flop [6c 9c Qs], Unrest (5000), UDF1 (5000)
UDF1 checks
Unrest checks
Turn [6c 9c Qs 2d], Unrest (5000), UDF1 (5000)
UDF1 checks
Unrest checks
River [6c 9c Qs 2d 9d], Unrest (5000), UDF1 (5000)
UDF1 checks
Unrest checks
Unrest shows [2s Ts]
UDF1 shows [Ks Kd]
Unrest awarded -5000
UDF1 awarded 5000

Round #909, UDF1 (-408154), Unrest (408154)
UDF1 posts blind: 10
Unrest posts blind: 20
UDF1 received [7c 5d]
Unrest received [5s Kc]
UDF1 raises to 5000
Unrest calls
Flop [6d Ac 2s], UDF1 (5000), Unrest (5000)
Unrest bids 0
UDF1 bids 0
UDF1 won the auction and was revealed [Kc]
Unrest won the auction and was revealed [5d]
Flop [6d Ac 2s], UDF1 (5000), Unrest (5000)
Unrest checks
UDF1 checks
Turn [6d Ac 2s 3d], UDF1 (5000), Unrest (5000)
Unrest checks
UDF1 checks
River [6d Ac 2s 3d Th], UDF1 (5000), Unrest (5000)
Unrest checks
UDF1 checks
UDF1 shows [7c 5d]
Unrest shows [5s Kc]
UDF1 awarded -5000
Unrest awarded 5000

Round #910, Unrest (413154), UDF1 (-413154)
Unrest posts blind: 10
UDF1 posts blind: 20
Unrest received [2d Th]
UDF1 received [Js 5s]
Unrest calls
UDF1 raises to 5000
Unrest calls
Flop [Qc 7c 4c], Unrest (5000), UDF1 (5000)
UDF1 bids 0
Unrest bids 0
Unrest won the auction and was revealed [5s]
UDF1 won the auction and was revealed [2d]
Flop [Qc 7c 4c], Unrest (5000), UDF1 (5000)
UDF1 checks
Unrest checks
Turn [Qc 7c 4c 7d], Unrest (5000), UDF1 (5000)
UDF1 checks
Unrest checks
River [Qc 7c 4c 7d 7s], Unrest (5000), UDF1 (5000)
UDF1 checks
Unrest checks
Unrest shows [2d Th]
UDF1 shows [Js 5s]
Unrest awarded -5000
UDF1 awarded 5000

Round #911, UDF1 (-408154), Unrest (408154)
UDF1 posts blind: 10
Unrest posts blind: 20
UDF1 received [7c Js]
Unrest received [As Qc]
UDF1 raises to 5000
Unrest calls
Flop [8h Jc Td], UDF1 (5000), Unrest (5000)
Unrest bids 0
UDF1 bids 0
UDF1 won the auction and was revealed [As]
Unrest won the auction and was revealed [7c]
Flop [8h Jc Td], UDF1 (5000), Unrest (5000)
Unrest checks
UDF1 checks
Turn [8h Jc Td 3c], UDF1 (5000), Unrest (5000)
Unrest checks
UDF1 checks
River [8h Jc Td 3c 6d], UDF1 (5000), Unrest (5000)
Unrest checks
UDF1 checks
UDF1 shows [7c Js]
Unrest shows [As Qc]
UDF1 awarded 5000
Unrest awarded -5000

Round #912, Unrest (403154), UDF1 (-403154)
Unrest posts blind: 10
UDF1 posts blind: 20
Unrest received [Td Ts]
UDF1 received [Ad Ac]
Unrest raises to 40
UDF1 raises to 5000
Unrest calls
Flop [5s Jd Kd], Unrest (5000), UDF1 (5000)
UDF1 bids 0
Unrest bids 0
Unrest won the auction and was revealed [Ad]
UDF1 won the auction and was revealed [Ts]
Flop [5s Jd Kd], Unrest (5000), UDF1 (5000)
UDF1 checks
Unrest checks
Turn [5s Jd Kd 3d], Unrest (5000), UDF1 (5000)
UDF1 checks
Unrest checks
River [5s Jd Kd 3d 9s], Unrest (5000), UDF1 (5000)
UDF1 checks
Unrest checks
Unrest shows [Td Ts]
UDF1 shows [Ad Ac]
Unrest awarded -5000
UDF1 awarded 5000

Round #913, UDF1 (-398154), Unrest (398154)
UDF1 posts blind: 10
Unrest posts blind: 20
UDF1 received [Th Qh]
Unrest received [9c Ks]
UDF1 raises to 5000
Unrest calls
Flop [Jc Qd 4s], UDF1 (5000), Unrest (5000)
Unrest bids 0
UDF1 bids 0
UDF1 won the auction and was revealed [Ks]
Unrest won the auction and was revealed [Qh]
Flop [Jc Qd 4s], UDF1 (5000), Unrest (5000)
Unrest checks
UDF1 checks
Turn [Jc Qd 4s 3c], UDF1 (5000), Unrest (5000)
Unrest checks
UDF1 checks
River [Jc Qd 4s 3c 4d], UDF1 (5000), Unrest (5000)
Unrest checks
UDF1 checks
UDF1 shows [Th Qh]
Unrest shows [9c Ks]
UDF1 awarded 5000
Unrest awarded -5000

Round #914, Unrest (393154), UDF1 (-393154)
Unrest posts blind: 10
UDF1 posts blind: 20
Unrest received [5h Ks]
UDF1 received [5d Jd]
Unrest calls
UDF1 raises to 5000
Unrest calls
Flop [9s Th 6d], Unrest (5000), UDF1 (5000)
UDF1 bids 0
Unrest bids 0
Unrest won the auction and was revealed [Jd]
UDF1 won the auction and was revealed [Ks]
Flop [9s Th 6d], Unrest (5000), UDF1 (5000)
UDF1 checks
Unrest checks
Turn [9s Th 6d Jh], Unrest (5000), UDF1 (5000)
UDF1 checks
Unrest checks
River [9s Th 6d Jh Kh], Unrest (5000), UDF1 (5000)
UDF1 checks
Unrest checks
Unrest shows [5h Ks]
UDF1 shows [5d Jd]
Unrest awarded 5000
UDF1 awarded -5000

Round #915, UDF1 (-398154), Unrest (398154)
UDF1 posts blind: 10
Unrest posts blind: 20
UDF1 received [2c Td]
Unrest received [7d 8h]
UDF1 raises to 50
Unrest calls
Flop [Ts 6c 2h], UDF1 (50), Unrest (50)
Unrest bids 247
UDF1 bids 53
Unrest won the auction and was revealed [2c]
Flop [Ts 6c 2h], UDF1 (50), Unrest (103)
Unrest checks
UDF1 checks
Turn [Ts 6c 2h 8d], UDF1 (50), Unrest (103)
Unrest bets 20
UDF1 raises to 4897
Unrest calls
River [Ts 6c 2h 8d 4s], UDF1 (4947), Unrest (5000)
Unrest checks
UDF1 checks
UDF1 shows [2c Td]
Unrest shows [7d 8h]
UDF1 awarded 5000
Unrest awarded -5000

Round #916, Unrest (393154), UDF1 (-393154)
Unrest posts blind: 10
UDF1 posts blind: 20
Unrest received [Ah 6d]
UDF1 received [Td Js]
Unrest raises to 40
UDF1 raises to 5000
Unrest calls
Flop [9h As 6h], Unrest (5000), UDF1 (5000)
UDF1 bids 0
Unrest bids 0
Unrest won the auction and was revealed [Js]
UDF1 won the auction and was revealed [Ah]
Flop [9h As 6h], Unrest (5000), UDF1 (5000)
UDF1 checks
Unrest checks
Turn [9h As 6h Jc], Unrest (5000), UDF1 (5000)
UDF1 checks
Unrest checks
River [9h As 6h Jc 8h], Unrest (5000), UDF1 (5000)
UDF1 checks
Unrest checks
Unrest shows [Ah 6d]
UDF1 shows [Td Js]
Unrest awarded 5000
UDF1 awarded -5000

Round #917, UDF1 (-398154), Unrest (398154)
UDF1 posts blind: 10
Unrest posts blind: 20
UDF1 received [6s Kh]
Unrest received [5s 7h]
UDF1 raises to 5000
Unrest folds
UDF1 awarded 20
Unrest awarded -20

Round #918, Unrest (398134), UDF1 (-398134)
Unrest posts blind: 10
UDF1 posts blind: 20
Unrest received [9h Ad]
UDF1 received [6d 6h]
Unrest raises to 40
UDF1 raises to 5000
Unrest calls
Flop [6c Ks Kc], Unrest (5000), UDF1 (5000)
UDF1 bids 0
Unrest bids 0
Unrest won the auction and was revealed [6h]
UDF1 won the auction and was revealed [9h]
Flop [6c Ks Kc], Unrest (5000), UDF1 (5000)
UDF1 checks
Unrest checks
Turn [6c Ks Kc Jh], Unrest (5000), UDF1 (5000)
UDF1 checks
Unrest checks
River [6c Ks Kc Jh Qc], Unrest (5000), UDF1 (5000)
UDF1 checks
Unrest checks
Unrest shows [9h Ad]
UDF1 shows [6d 6h]
Unrest awarded -5000
UDF1 awarded 5000

Round #919, UDF1 (-393134), Unrest (393134)
UDF1 posts blind: 10
Unrest posts blind: 20
UDF1 received [6s 6c]
Unrest received [5h 3c]
UDF1 raises to 5000
Unrest folds
UDF1 awarded 20
Unrest awarded -20

Round #920, Unrest (393114), UDF1 (-393114)
Unrest posts blind: 10
UDF1 posts blind: 20
Unrest received [6h 7h]
UDF1 received [Kc As]
Unrest calls
UDF1 raises to 5000
Unrest calls
Flop [7s 2h Tc], Unrest (5000), UDF1 (5000)
UDF1 bids 0
Unrest bids 0
Unrest won the auction and was revealed [As]
UDF1 won the auction and was revealed [7h]
Flop [7s 2h Tc], Unrest (5000), UDF1 (5000)
UDF1 checks
Unrest checks
Turn [7s 2h Tc 8s], Unrest (5000), UDF1 (5000)
UDF1 checks
Unrest checks
River [7s 2h Tc 8s 4d], Unrest (5000), UDF1 (5000)
UDF1 checks
Unrest checks
Unrest shows [6h 7h]
UDF1 shows [Kc As]
Unrest awarded 5000
UDF1 awarded -5000

Round #921, UDF1 (-398114), Unrest (398114)
UDF1 posts blind: 10
Unrest posts blind: 20
UDF1 received [3c 5s]
Unrest received [3h 6h]
UDF1 raises to 50
Unrest folds
UDF1 awarded 20
Unrest awarded -20

Round #922, Unrest (398094), UDF1 (-398094)
Unrest posts blind: 10
UDF1 posts blind: 20
Unrest received [3d Kc]
UDF1 received [5s 5c]
Unrest calls
UDF1 raises to 5000
Unrest calls
Flop [9d Jd 7c], Unrest (5000), UDF1 (5000)
UDF1 bids 0
Unrest bids 0
Unrest won the auction and was revealed [5c]
UDF1 won the auction and was revealed [3d]
Flop [9d Jd 7c], Unrest (5000), UDF1 (5000)
UDF1 checks
Unrest checks
Turn [9d Jd 7c 8c], Unrest (5000), UDF1 (5000)
UDF1 checks
Unrest checks
River [9d Jd 7c 8c 5h], Unrest (5000), UDF1 (5000)
UDF1 checks
Unrest checks
Unrest shows [3d Kc]
UDF1 shows [5s 5c]
Unrest awarded -5000
UDF1 awarded 5000

Round #923, UDF1 (-393094), Unrest (393094)
UDF1 posts blind: 10
Unrest posts blind: 20
UDF1 received [9d 4d]
Unrest received [3h Js]
UDF1 raises to 5000
Unrest calls
Flop [9s 3d Qh], UDF1 (5000), Unrest (5000)
Unrest bids 0
UDF1 bids 0
UDF1 won the auction and was revealed [3h]
Unrest won the auction and was revealed [4d]
Flop [9s 3d Qh], UDF1 (5000), Unrest (5000)
Unrest checks
UDF1 checks
Turn [9s 3d Qh 7s], UDF1 (5000), Unrest (5000)
Unrest checks
UDF1 checks
River [9s 3d Qh 7s 3c], UDF1 (5000), Unrest (5000)
Unrest checks
UDF1 checks
UDF1 shows [9d 4d]
Unrest shows [3h Js]
UDF1 awarded -5000
Unrest awarded 5000

Round #924, Unrest (398094), UDF1 (-398094)
Unrest posts blind: 10
UDF1 posts blind: 20
Unrest received [Jh Jc]
UDF1 received [Td As]
Unrest raises to 40
UDF1 raises to 5000
Unrest calls
Flop [2c Ks 6h], Unrest (5000), UDF1 (5000)
UDF1 bids 0
Unrest bids 0
Unrest won the auction and was revealed [Td]
UDF1 won the auction and was revealed [Jh]
Flop [2c Ks 6h], Unrest (5000), UDF1 (5000)
UDF1 checks
Unrest checks
Turn [2c Ks 6h Th], Unrest (5000), UDF1 (5000)
UDF1 checks
Unrest checks
River [2c Ks 6h Th 4c], Unrest (5000), UDF1 (5000)
UDF1 checks
Unrest checks
Unrest shows [Jh Jc]
UDF1 shows [Td As]
Unrest awarded 5000
UDF1 awarded -5000

Round #925, UDF1 (-403094), Unrest (403094)
UDF1 posts blind: 10
Unrest posts blind: 20
UDF1 received [Kc 7d]
Unrest received [2d 9s]
UDF1 raises to 5000
Unrest calls
Flop [6s Td 4d], UDF1 (5000), Unrest (5000)
Unrest bids 0
UDF1 bids 0
UDF1 won the auction and was revealed [2d]
Unrest won the auction and was revealed [7d]
Flop [6s Td 4d], UDF1 (5000), Unrest (5000)
Unrest checks
UDF1 checks
Turn [6s Td 4d Ah], UDF1 (5000), Unrest (5000)
Unrest checks
UDF1 checks
River [6s Td 4d Ah 8c], UDF1 (5000), Unrest (5000)
Unrest checks
UDF1 checks
UDF1 shows [Kc 7d]
Unrest shows [2d 9s]
UDF1 awarded 5000
Unrest awarded -5000

Round #926, Unrest (398094), UDF1 (-398094)
Unrest posts blind: 10
UDF1 posts blind: 20
Unrest received [Th 2h]
UDF1 received [8s 3s]
Unrest calls
UDF1 raises to 5000
Unrest calls
Flop [5d Jc 7h], Unrest (5000), UDF1 (5000)
UDF1 bids 0
Unrest bids 0
Unrest won the auction and was revealed [3s]
UDF1 won the auction and was revealed [2h]
Flop [5d Jc 7h], Unrest (5000), UDF1 (5000)
UDF1 checks
Unrest checks
Turn [5d Jc 7h 3h], Unrest (5000), UDF1 (5000)
UDF1 checks
Unrest checks
River [5d Jc 7h 3h 2c], Unrest (5000), UDF1 (5000)
UDF1 checks
Unrest checks
Unrest shows [Th 2h]
UDF1 shows [8s 3s]
Unrest awarded -5000
UDF1 awarded 5000

Round #927, UDF1 (-393094), Unrest (393094)
UDF1 posts blind: 10
Unrest posts blind: 20
UDF1 received [5h Ad]
Unrest received [5s 8h]
UDF1 raises to 5000
Unrest calls
Flop [8d 5c Js], UDF1 (5000), Unrest (5000)
Unrest bids 0
UDF1 bids 0
UDF1 won the auction and was revealed [8h]
Unrest won the auction and was revealed [Ad]
Flop [8d 5c Js], UDF1 (5000), Unrest (5000)
Unrest checks
UDF1 checks
Turn [8d 5c Js 9s], UDF1 (5000), Unrest (5000)
Unrest checks
UDF1 checks
River [8d 5c Js 9s Jh], UDF1 (5000), Unrest (5000)
Unrest checks
UDF1 checks
UDF1 shows [5h Ad]
Unrest shows [5s 8h]
UDF1 awarded -5000
Unrest awarded 5000

Round #928, Unrest (398094), UDF1 (-398094)
Unrest posts blind: 10
UDF1 posts blind: 20
Unrest received [Jh 9h]
UDF1 received [Th Tc]
Unrest raises to 40
UDF1 raises to 5000
Unrest calls
Flop [3c Ts 7s], Unrest (5000), UDF1 (5000)
UDF1 bids 0
Unrest bids 0
Unrest won the auction and was revealed [Tc]
UDF1 won the auction and was revealed [Jh]
Flop [3c Ts 7s], Unrest (5000), UDF1 (5000)
UDF1 checks
Unrest checks
Turn [3c Ts 7s 4h], Unrest (5000), UDF1 (5000)
UDF1 checks
Unrest checks
River [3c Ts 7s 4h Kd], Unrest (5000), UDF1 (5000)
UDF1 checks
Unrest checks
Unrest shows [Jh 9h]
UDF1 shows [Th Tc]
Unrest awarded -5000
UDF1 awarded 5000

Round #929, UDF1 (-393094), Unrest (393094)
UDF1 posts blind: 10
Unrest posts blind: 20
UDF1 received [Jc Jd]
Unrest received [Jh 5s]
UDF1 raises to 4561
Unrest calls
Flop [3s 7h 6d], UDF1 (4561), Unrest (4561)
Unrest bids 21
UDF1 bids 148
UDF1 won the auction and was revealed [Jh]
Flop [3s 7h 6d], UDF1 (4582), Unrest (4561)
Unrest checks
UDF1 bets 303
Unrest calls
Turn [3s 7h 6d 6c], UDF1 (4885), Unrest (4864)
Unrest checks
UDF1 bets 89
Unrest calls
River [3s 7h 6d 6c Td], UDF1 (4974), Unrest (4953)
Unrest checks
UDF1 bets 26
Unrest calls
UDF1 shows [Jc Jd]
Unrest shows [Jh 5s]
UDF1 awarded 4979
Unrest awarded -4979

Round #930, Unrest (388115), UDF1 (-388115)
Unrest posts blind: 10
UDF1 posts blind: 20
Unrest received [7c 6h]
UDF1 received [7s Ks]
Unrest folds
Unrest awarded -10
UDF1 awarded 10

Round #931, UDF1 (-388105), Unrest (388105)
UDF1 posts blind: 10
Unrest posts blind: 20
UDF1 received [8h 9d]
Unrest received [3h Td]
UDF1 raises to 5000
Unrest calls
Flop [7d 2s 5h], UDF1 (5000), Unrest (5000)
Unrest bids 0
UDF1 bids 0
UDF1 won the auction and was revealed [Td]
Unrest won the auction and was revealed [8h]
Flop [7d 2s 5h], UDF1 (5000), Unrest (5000)
Unrest checks
UDF1 checks
Turn [7d 2s 5h 7s], UDF1 (5000), Unrest (5000)
Unrest checks
UDF1 checks
River [7d 2s 5h 7s Ks], UDF1 (5000), Unrest (5000)
Unrest checks
UDF1 checks
UDF1 shows [8h 9d]
Unrest shows [3h Td]
UDF1 awarded -5000
Unrest awarded 5000

Round #932, Unrest (393105), UDF1 (-393105)
Unrest posts blind: 10
UDF1 posts blind: 20
Unrest received [7h Ts]
UDF1 received [Js 4h]
Unrest calls
UDF1 raises to 5000
Unrest calls
Flop [8s 5d 8d], Unrest (5000), UDF1 (5000)
UDF1 bids 0
Unrest bids 0
Unrest won the auction and was revealed [Js]
UDF1 won the auction and was revealed [Ts]
Flop [8s 5d 8d], Unrest (5000), UDF1 (5000)
UDF1 checks
Unrest checks
Turn [8s 5d 8d Qd], Unrest (5000), UDF1 (5000)
UDF1 checks
Unrest checks
River [8s 5d 8d Qd Td], Unrest (5000), UDF1 (5000)
UDF1 checks
Unrest checks
Unrest shows [7h Ts]
UDF1 shows [Js 4h]
Unrest awarded 5000
UDF1 awarded -5000

Round #933, UDF1 (-398105), Unrest (398105)
UDF1 posts blind: 10
Unrest posts blind: 20
UDF1 received [Th 3s]
Unrest received [7h 5s]
UDF1 raises to 5000
Unrest folds
UDF1 awarded 20
Unrest awarded -20

Round #934, Unrest (398085), UDF1 (-398085)
Unrest posts blind: 10
UDF1 posts blind: 20
Unrest received [Qd 7d]
UDF1 received [9h Kc]
Unrest raises to 40
UDF1 raises to 5000
Unrest calls
Flop [6d 7s Ks], Unrest (5000), UDF1 (5000)
UDF1 bids 0
Unrest bids 0
Unrest won the auction and was revealed [Kc]
UDF1 won the auction and was revealed [7d]
Flop [6d 7s Ks], Unrest (5000), UDF1 (5000)
UDF1 checks
Unrest checks
Turn [6d 7s Ks 7c], Unrest (5000), UDF1 (5000)
UDF1 checks
Unrest checks
River [6d 7s Ks 7c 6h], Unrest (5000), UDF1 (5000)
UDF1 checks
Unrest checks
Unrest shows [Qd 7d]
UDF1 shows [9h Kc]
Unrest awarded 5000
UDF1 awarded -5000

Round #935, UDF1 (-403085), Unrest (403085)
UDF1 posts blind: 10
Unrest posts blind: 20
UDF1 received [5d Td]
Unrest received [Qs 6s]
UDF1 raises to 50
Unrest calls
Flop [4d Ah Qh], UDF1 (50), Unrest (50)
Unrest bids 742
UDF1 bids 50
Unrest won the auction and was revealed [Td]
Flop [4d Ah Qh], UDF1 (50), Unrest (100)
Unrest bets 20
UDF1 raises to 4900
Unrest calls
Turn [4d Ah Qh Ad], UDF1 (4950), Unrest (5000)
Unrest checks
UDF1 checks
River [4d Ah Qh Ad 6h], UDF1 (4950), Unrest (5000)
Unrest checks
UDF1 checks
UDF1 shows [5d Td]
Unrest shows [Qs 6s]
UDF1 awarded -4950
Unrest awarded 4950

Round #936, Unrest (408035), UDF1 (-408035)
Unrest posts blind: 10
UDF1 posts blind: 20
Unrest received [Qd 3s]
UDF1 received [6h Qc]
Unrest calls
UDF1 raises to 5000
Unrest calls
Flop [Kd Td 9s], Unrest (5000), UDF1 (5000)
UDF1 bids 0
Unrest bids 0
Unrest won the auction and was revealed [Qc]
UDF1 won the auction and was revealed [Qd]
Flop [Kd Td 9s], Unrest (5000), UDF1 (5000)
UDF1 checks
Unrest checks
Turn [Kd Td 9s 3h], Unrest (5000), UDF1 (5000)
UDF1 checks
Unrest checks
River [Kd Td 9s 3h Kh], Unrest (5000), UDF1 (5000)
UDF1 checks
Unrest checks
Unrest shows [Qd 3s]
UDF1 shows [6h Qc]
Unrest awarded 5000
UDF1 awarded -5000

Round #937, UDF1 (-413035), Unrest (413035)
UDF1 posts blind: 10
Unrest posts blind: 20
UDF1 received [2d 5h]
Unrest received [Qh Ac]
UDF1 raises to 5000
Unrest calls
Flop [7s Jc Jd], UDF1 (5000), Unrest (5000)
Unrest bids 0
UDF1 bids 0
UDF1 won the auction and was revealed [Qh]
Unrest won the auction and was revealed [5h]
Flop [7s Jc Jd], UDF1 (5000), Unrest (5000)
Unrest checks
UDF1 checks
Turn [7s Jc Jd Kc], UDF1 (5000), Unrest (5000)
Unrest checks
UDF1 checks
River [7s Jc Jd Kc 8s], UDF1 (5000), Unrest (5000)
Unrest checks
UDF1 checks
UDF1 shows [2d 5h]
Unrest shows [Qh Ac]
UDF1 awarded -5000
Unrest awarded 5000

Round #938, Unrest (418035), UDF1 (-418035)
Unrest posts blind: 10
UDF1 posts blind: 20
Unrest received [Tc Jc]
UDF1 received [Ah 8h]
Unrest raises to 40
UDF1 raises to 5000
Unrest calls
Flop [8d 6s 9h], Unrest (5000), UDF1 (5000)
UDF1 bids 0
Unrest bids 0
Unrest won the auction and was revealed [8h]
UDF1 won the auction and was revealed [Jc]
Flop [8d 6s 9h], Unrest (5000), UDF1 (5000)
UDF1 checks
Unrest checks
Turn [8d 6s 9h 7h], Unrest (5000), UDF1 (5000)
UDF1 checks
Unrest checks
River [8d 6s 9h 7h 2h], Unrest (5000), UDF1 (5000)
UDF1 checks
Unrest checks
Unrest shows [Tc Jc]
UDF1 shows [Ah 8h]
Unrest awarded -5000
UDF1 awarded 5000

Round #939, UDF1 (-413035), Unrest (413035)
UDF1 posts blind: 10
Unrest posts blind: 20
UDF1 received [3h Jc]
Unrest received [6s 7d]
UDF1 raises to 5000
Unrest calls
Flop [8d 3s 2c], UDF1 (5000), Unrest (5000)
Unrest bids 0
UDF1 bids 0
UDF1 won the auction and was revealed [7d]
Unrest won the auction and was revealed [3h]
Flop [8d 3s 2c], UDF1 (5000), Unrest (5000)
Unrest checks
UDF1 checks
Turn [8d 3s 2c 6c], UDF1 (5000), Unrest (5000)
Unrest checks
UDF1 checks
River [8d 3s 2c 6c 4s], UDF1 (5000), Unrest (5000)
Unrest checks
UDF1 checks
UDF1 shows [3h Jc]
Unrest shows [6s 7d]
UDF1 awarded -5000
Unrest awarded 5000

Round #940, Unrest (418035), UDF1 (-418035)
Unrest posts blind: 10
UDF1 posts blind: 20
Unrest received [Kc 7s]
UDF1 received [Ah Qs]
Unrest calls
UDF1 raises to 5000
Unrest calls
Flop [Ad Js Kd], Unrest (5000), UDF1 (5000)
UDF1 bids 0
Unrest bids 0
Unrest won the auction and was revealed [Qs]
UDF1 won the auction and was revealed [Kc]
Flop [Ad Js Kd], Unrest (5000), UDF1 (5000)
UDF1 checks
Unrest checks
Turn [Ad Js Kd 8c], Unrest (5000), UDF1 (5000)
UDF1 checks
Unrest checks
River [Ad Js Kd 8c 2d], Unrest (5000), UDF1 (5000)
UDF1 checks
Unrest checks
Unrest shows [Kc 7s]
UDF1 shows [Ah Qs]
Unrest awarded -5000
UDF1 awarded 5000

Round #941, UDF1 (-413035), Unrest (413035)
UDF1 posts blind: 10
Unrest posts blind: 20
UDF1 received [8d Qc]
Unrest received [7c 3d]
UDF1 raises to 5000
Unrest folds
UDF1 awarded 20
Unrest awarded -20

Round #942, Unrest (413015), UDF1 (-413015)
Unrest posts blind: 10
UDF1 posts blind: 20
Unrest received [Jh Ac]
UDF1 received [Jd 7c]
Unrest raises to 40
UDF1 raises to 5000
Unrest calls
Flop [8s 3d Qd], Unrest (5000), UDF1 (5000)
UDF1 bids 0
Unrest bids 0
Unrest won the auction and was revealed [7c]
UDF1 won the auction and was revealed [Ac]
Flop [8s 3d Qd], Unrest (5000), UDF1 (5000)
UDF1 checks
Unrest checks
Turn [8s 3d Qd Kh], Unrest (5000), UDF1 (5000)
UDF1 checks
Unrest checks
River [8s 3d Qd Kh 8c], Unrest (5000), UDF1 (5000)
UDF1 checks
Unrest checks
Unrest shows [Jh Ac]
UDF1 shows [Jd 7c]
Unrest awarded 5000
UDF1 awarded -5000

Round #943, UDF1 (-418015), Unrest (418015)
UDF1 posts blind: 10
Unrest posts blind: 20
UDF1 received [4c 3c]
Unrest received [3h Kd]
UDF1 raises to 5000
Unrest calls
Flop [Ad 6c As], UDF1 (5000), Unrest (5000)
Unrest bids 0
UDF1 bids 0
UDF1 won the auction and was revealed [3h]
Unrest won the auction and was revealed [4c]
Flop [Ad 6c As], UDF1 (5000), Unrest (5000)
Unrest checks
UDF1 checks
Turn [Ad 6c As 7d], UDF1 (5000), Unrest (5000)
Unrest checks
UDF1 checks
River [Ad 6c As 7d Jh], UDF1 (5000), Unrest (5000)
Unrest checks
UDF1 checks
UDF1 shows [4c 3c]
Unrest shows [3h Kd]
UDF1 awarded -5000
Unrest awarded 5000

Round #944, Unrest (423015), UDF1 (-423015)
Unrest posts blind: 10
UDF1 posts blind: 20
Unrest received [3c 4c]
UDF1 received [Qc 7s]
Unrest folds
Unrest awarded -10
UDF1 awarded 10

Round #945, UDF1 (-423005), Unrest (423005)
UDF1 posts blind: 10
Unrest posts blind: 20
UDF1 received [Ah Js]
Unrest received [2d Ts]
UDF1 raises to 5000
Unrest calls
Flop [3h 6d Jd], UDF1 (5000), Unrest (5000)
Unrest bids 0
UDF1 bids 0
UDF1 won the auction and was revealed [2d]
Unrest won the auction and was revealed [Ah]
Flop [3h 6d Jd], UDF1 (5000), Unrest (5000)
Unrest checks
UDF1 checks
Turn [3h 6d Jd Qd], UDF1 (5000), Unrest (5000)
Unrest checks
UDF1 checks
River [3h 6d Jd Qd 4d], UDF1 (5000), Unrest (5000)
Unrest checks
UDF1 checks
UDF1 shows [Ah Js]
Unrest shows [2d Ts]
UDF1 awarded -5000
Unrest awarded 5000

Round #946, Unrest (428005), UDF1 (-428005)
Unrest posts blind: 10
UDF1 posts blind: 20
Unrest received [6d 3d]
UDF1 received [Js Tc]
Unrest folds
Unrest awarded -10
UDF1 awarded 10

Round #947, UDF1 (-427995), Unrest (427995)
UDF1 posts blind: 10
Unrest posts blind: 20
UDF1 received [7d 7h]
Unrest received [3s Ts]
UDF1 raises to 5000
Unrest calls
Flop [Ac Kh 4d], UDF1 (5000), Unrest (5000)
Unrest bids 0
UDF1 bids 0
UDF1 won the auction and was revealed [Ts]
Unrest won the auction and was revealed [7h]
Flop [Ac Kh 4d], UDF1 (5000), Unrest (5000)
Unrest checks
UDF1 checks
Turn [Ac Kh 4d 2c], UDF1 (5000), Unrest (5000)
Unrest checks
UDF1 checks
River [Ac Kh 4d 2c 6s], UDF1 (5000), Unrest (5000)
Unrest checks
UDF1 checks
UDF1 shows [7d 7h]
Unrest shows [3s Ts]
UDF1 awarded 5000
Unrest awarded -5000

Round #948, Unrest (422995), UDF1 (-422995)
Unrest posts blind: 10
UDF1 posts blind: 20
Unrest received [9d Js]
UDF1 received [9s 8c]
Unrest calls
UDF1 raises to 5000
Unrest calls
Flop [Kh 7s 6c], Unrest (5000), UDF1 (5000)
UDF1 bids 0
Unrest bids 0
Unrest won the auction and was revealed [9s]
UDF1 won the auction and was revealed [9d]
Flop [Kh 7s 6c], Unrest (5000), UDF1 (5000)
UDF1 checks
Unrest checks
Turn [Kh 7s 6c 9c], Unrest (5000), UDF1 (5000)
UDF1 checks
Unrest checks
River [Kh 7s 6c 9c 4c], Unrest (5000), UDF1 (5000)
UDF1 checks
Unrest checks
Unrest shows [9d Js]
UDF1 shows [9s 8c]
Unrest awarded 5000
UDF1 awarded -5000

Round #949, UDF1 (-427995), Unrest (427995)
UDF1 posts blind: 10
Unrest posts blind: 20
UDF1 received [2c Tc]
Unrest received [2s 3h]
UDF1 raises to 5000
Unrest folds
UDF1 awarded 20
Unrest awarded -20

Round #950, Unrest (427975), UDF1 (-427975)
Unrest posts blind: 10
UDF1 posts blind: 20
Unrest received [Kd Jd]
UDF1 received [3h 5d]
Unrest raises to 40
UDF1 raises to 5000
Unrest calls
Flop [8d 9d Kc], Unrest (5000), UDF1 (5000)
UDF1 bids 0
Unrest bids 0
Unrest won the auction and was revealed [3h]
UDF1 won the auction and was revealed [Jd]
Flop [8d 9d Kc], Unrest (5000), UDF1 (5000)
UDF1 checks
Unrest checks
Turn [8d 9d Kc 4d], Unrest (5000), UDF1 (5000)
UDF1 checks
Unrest checks
River [8d 9d Kc 4d 3c], Unrest (5000), UDF1 (5000)
UDF1 checks
Unrest checks
Unrest shows [Kd Jd]
UDF1 shows [3h 5d]
Unrest awarded 5000
UDF1 awarded -5000

Round #951, UDF1 (-432975), Unrest (432975)
UDF1 posts blind: 10
Unrest posts blind: 20
UDF1 received [Qd 8d]
Unrest received [2s 2c]
UDF1 raises to 5000
Unrest calls
Flop [2h 5c Ah], UDF1 (5000), Unrest (5000)
Unrest bids 0
UDF1 bids 0
UDF1 won the auction and was revealed [2s]
Unrest won the auction and was revealed [8d]
Flop [2h 5c Ah], UDF1 (5000), Unrest (5000)
Unrest checks
UDF1 checks
Turn [2h 5c Ah 2d], UDF1 (5000), Unrest (5000)
Unrest checks
UDF1 checks
River [2h 5c Ah 2d 7s], UDF1 (5000), Unrest (5000)
Unrest checks
UDF1 checks
UDF1 shows [Qd 8d]
Unrest shows [2s 2c]
UDF1 awarded -5000
Unrest awarded 5000

Round #952, Unrest (437975), UDF1 (-437975)
Unrest posts blind: 10
UDF1 posts blind: 20
Unrest received [7s 7c]
UDF1 received [2d 6s]
Unrest raises to 40
UDF1 raises to 100
Unrest raises to 160
UDF1 raises to 420
Unrest raises to 680
UDF1 raises to 1780
Unrest raises to 2880
UDF1 folds
Unrest awarded 1780
UDF1 awarded -1780

Round #953, UDF1 (-439755), Unrest (439755)
UDF1 posts blind: 10
Unrest posts blind: 20
UDF1 received [3h 5d]
Unrest received [9d 8c]
UDF1 raises to 50
Unrest calls
Flop [4h 8d 2c], UDF1 (50), Unrest (50)
Unrest bids 1237
UDF1 bids 53
Unrest won the auction and was revealed [3h]
Flop [4h 8d 2c], UDF1 (50), Unrest (103)
Unrest bets 20
UDF1 raises to 193
Unrest calls
Turn [4h 8d 2c 8h], UDF1 (243), Unrest (296)
Unrest bets 20
UDF1 raises to 579
Unrest calls
River [4h 8d 2c 8h 7s], UDF1 (822), Unrest (875)
Unrest bets 20
UDF1 raises to 1737
Unrest calls
UDF1 shows [3h 5d]
Unrest shows [9d 8c]
UDF1 awarded -2559
Unrest awarded 2559

Round #954, Unrest (442314), UDF1 (-442314)
Unrest posts blind: 10
UDF1 posts blind: 20
Unrest received [6s Kh]
UDF1 received [Kc 6d]
Unrest calls
UDF1 raises to 5000
Unrest calls
Flop [Ad 3h 4s], Unrest (5000), UDF1 (5000)
UDF1 bids 0
Unrest bids 0
Unrest won the auction and was revealed [Kc]
UDF1 won the auction and was revealed [Kh]
Flop [Ad 3h 4s], Unrest (5000), UDF1 (5000)
UDF1 checks
Unrest checks
Turn [Ad 3h 4s 9s], Unrest (5000), UDF1 (5000)
UDF1 checks
Unrest checks
River [Ad 3h 4s 9s 2d], Unrest (5000), UDF1 (5000)
UDF1 checks
Unrest checks
Unrest shows [6s Kh]
UDF1 shows [Kc 6d]
Unrest awarded 0
UDF1 awarded 0

Round #955, UDF1 (-442314), Unrest (442314)
UDF1 posts blind: 10
Unrest posts blind: 20
UDF1 received [6h Qh]
Unrest received [7c 2d]
UDF1 raises to 5000
Unrest folds
UDF1 awarded 20
Unrest awarded -20

Round #956, Unrest (442294), UDF1 (-442294)
Unrest posts blind: 10
UDF1 posts blind: 20
Unrest received [6s Kc]
UDF1 received [3c Qd]
Unrest calls
UDF1 raises to 5000
Unrest calls
Flop [8s 4d Jc], Unrest (5000), UDF1 (5000)
UDF1 bids 0
Unrest bids 0
Unrest won the auction and was revealed [3c]
UDF1 won the auction and was revealed [Kc]
Flop [8s 4d Jc], Unrest (5000), UDF1 (5000)
UDF1 checks
Unrest checks
Turn [8s 4d Jc Kd], Unrest (5000), UDF1 (5000)
UDF1 checks
Unrest checks
River [8s 4d Jc Kd Jd], Unrest (5000), UDF1 (5000)
UDF1 checks
Unrest checks
Unrest shows [6s Kc]
UDF1 shows [3c Qd]
Unrest awarded 5000
UDF1 awarded -5000

Round #957, UDF1 (-447294), Unrest (447294)
UDF1 posts blind: 10
Unrest posts blind: 20
UDF1 received [5h Qd]
Unrest received [2s Ad]
UDF1 raises to 5000
Unrest calls
Flop [3d 8c 7s], UDF1 (5000), Unrest (5000)
Unrest bids 0
UDF1 bids 0
UDF1 won the auction and was revealed [2s]
Unrest won the auction and was revealed [5h]
Flop [3d 8c 7s], UDF1 (5000), Unrest (5000)
Unrest checks
UDF1 checks
Turn [3d 8c 7s 4s], UDF1 (5000), Unrest (5000)
Unrest checks
UDF1 checks
River [3d 8c 7s 4s Ks], UDF1 (5000), Unrest (5000)
Unrest checks
UDF1 checks
UDF1 shows [5h Qd]
Unrest shows [2s Ad]
UDF1 awarded -5000
Unrest awarded 5000

Round #958, Unrest (452294), UDF1 (-452294)
Unrest posts blind: 10
UDF1 posts blind: 20
Unrest received [7c Ks]
UDF1 received [4h 2d]
Unrest calls
UDF1 raises to 46
Unrest calls
Flop [Qd Kh 8h], Unrest (46), UDF1 (46)
UDF1 bids 48
Unrest bids 1238
Unrest won the auction and was revealed [2d]
Flop [Qd Kh 8h], Unrest (94), UDF1 (46)
UDF1 bets 92
Unrest calls
Turn [Qd Kh 8h Qs], Unrest (186), UDF1 (138)
UDF1 bets 213
Unrest calls
River [Qd Kh 8h Qs 5c], Unrest (399), UDF1 (351)
UDF1 checks
Unrest checks
Unrest shows [7c Ks]
UDF1 shows [4h 2d]
Unrest awarded 351
UDF1 awarded -351

Round #959, UDF1 (-452645), Unrest (452645)
UDF1 posts blind: 10
Unrest posts blind: 20
UDF1 received [3h 9c]
Unrest received [Qd 2h]
UDF1 raises to 5000
Unrest calls
Flop [Td 6h 6s], UDF1 (5000), Unrest (5000)
Unrest bids 0
UDF1 bids 0
UDF1 won the auction and was revealed [Qd]
Unrest won the auction and was revealed [3h]
Flop [Td 6h 6s], UDF1 (5000), Unrest (5000)
Unrest checks
UDF1 checks
Turn [Td 6h 6s 8h], UDF1 (5000), Unrest (5000)
Unrest checks
UDF1 checks
River [Td 6h 6s 8h 6c], UDF1 (5000), Unrest (5000)
Unrest checks
UDF1 checks
UDF1 shows [3h 9c]
Unrest shows [Qd 2h]
UDF1 awarded -5000
Unrest awarded 5000

Round #960, Unrest (457645), UDF1 (-457645)
Unrest posts blind: 10
UDF1 posts blind: 20
Unrest received [6c Jc]
UDF1 received [9d 8d]
Unrest calls
UDF1 raises to 5000
Unrest calls
Flop [5s 5h 2h], Unrest (5000), UDF1 (5000)
UDF1 bids 0
Unrest bids 0
Unrest won the auction and was revealed [9d]
UDF1 won the auction and was revealed [Jc]
Flop [5s 5h 2h], Unrest (5000), UDF1 (5000)
UDF1 checks
Unrest checks
Turn [5s 5h 2h 3h], Unrest (5000), UDF1 (5000)
UDF1 checks
Unrest checks
River [5s 5h 2h 3h 9h], Unrest (5000), UDF1 (5000)
UDF1 checks
Unrest checks
Unrest shows [6c Jc]
UDF1 shows [9d 8d]
Unrest awarded -5000
UDF1 awarded 5000

Round #961, UDF1 (-452645), Unrest (452645)
UDF1 posts blind: 10
Unrest posts blind: 20
UDF1 received [Ad 6h]
Unrest received [Jd 3c]
UDF1 raises to 5000
Unrest calls
Flop [7d 8h 7h], UDF1 (5000), Unrest (5000)
Unrest bids 0
UDF1 bids 0
UDF1 won the auction and was revealed [3c]
Unrest won the auction and was revealed [6h]
Flop [7d 8h 7h], UDF1 (5000), Unrest (5000)
Unrest checks
UDF1 checks
Turn [7d 8h 7h 5d], UDF1 (5000), Unrest (5000)
Unrest checks
UDF1 checks
River [7d 8h 7h 5d 3d], UDF1 (5000), Unrest (5000)
Unrest checks
UDF1 checks
UDF1 shows [Ad 6h]
Unrest shows [Jd 3c]
UDF1 awarded -5000
Unrest awarded 5000

Round #962, Unrest (457645), UDF1 (-457645)
Unrest posts blind: 10
UDF1 posts blind: 20
Unrest received [6h Jc]
UDF1 received [4d 2h]
Unrest calls
UDF1 raises to 46
Unrest calls
Flop [Kh 5s 8s], Unrest (46), UDF1 (46)
UDF1 bids 44
Unrest bids 247
Unrest won the auction and was revealed [2h]
Flop [Kh 5s 8s], Unrest (90), UDF1 (46)
UDF1 bets 89
Unrest calls
Turn [Kh 5s 8s 2s], Unrest (179), UDF1 (135)
UDF1 bets 4821
Unrest folds
Unrest awarded -179
UDF1 awarded 179

Round #963, UDF1 (-457466), Unrest (457466)
UDF1 posts blind: 10
Unrest posts blind: 20
UDF1 received [9s 2c]
Unrest received [3c 3h]
UDF1 raises to 5000
Unrest calls
Flop [6s 7h 4s], UDF1 (5000), Unrest (5000)
Unrest bids 0
UDF1 bids 0
UDF1 won the auction and was revealed [3c]
Unrest won the auction and was revealed [2c]
Flop [6s 7h 4s], UDF1 (5000), Unrest (5000)
Unrest checks
UDF1 checks
Turn [6s 7h 4s 5s], UDF1 (5000), Unrest (5000)
Unrest checks
UDF1 checks
River [6s 7h 4s 5s 6d], UDF1 (5000), Unrest (5000)
Unrest checks
UDF1 checks
UDF1 shows [9s 2c]
Unrest shows [3c 3h]
UDF1 awarded -5000
Unrest awarded 5000

Round #964, Unrest (462466), UDF1 (-462466)
Unrest posts blind: 10
UDF1 posts blind: 20
Unrest received [3h 2h]
UDF1 received [9s Jh]
Unrest folds
Unrest awarded -10
UDF1 awarded 10

Round #965, UDF1 (-462456), Unrest (462456)
UDF1 posts blind: 10
Unrest posts blind: 20
UDF1 received [Qd Kc]
Unrest received [7s Js]
UDF1 raises to 3853
Unrest calls
Flop [Ah Ad 2s], UDF1 (3853), Unrest (3853)
Unrest bids 57
UDF1 bids 462
UDF1 won the auction and was revealed [Js]
Flop [Ah Ad 2s], UDF1 (3910), Unrest (3853)
Unrest checks
UDF1 bets 1090
Unrest calls
Turn [Ah Ad 2s 5d], UDF1 (5000), Unrest (4943)
Unrest checks
UDF1 checks
River [Ah Ad 2s 5d Td], UDF1 (5000), Unrest (4943)
Unrest checks
UDF1 checks
UDF1 shows [Qd Kc]
Unrest shows [7s Js]
UDF1 awarded 4943
Unrest awarded -4943

Round #966, Unrest (457513), UDF1 (-457513)
Unrest posts blind: 10
UDF1 posts blind: 20
Unrest received [Js 8d]
UDF1 received [Ah 9h]
Unrest calls
UDF1 raises to 46
Unrest calls
Flop [4h 5c 7h], Unrest (46), UDF1 (46)
UDF1 bids 14
Unrest bids 247
Unrest won the auction and was revealed [9h]
Flop [4h 5c 7h], Unrest (60), UDF1 (46)
UDF1 bets 4940
Unrest folds
Unrest awarded -60
UDF1 awarded 60

Round #967, UDF1 (-457453), Unrest (457453)
UDF1 posts blind: 10
Unrest posts blind: 20
UDF1 received [Jc 6d]
Unrest received [Kh Ts]
UDF1 raises to 5000
Unrest calls
Flop [Qh 6h 7h], UDF1 (5000), Unrest (5000)
Unrest bids 0
UDF1 bids 0
UDF1 won the auction and was revealed [Kh]
Unrest won the auction and was revealed [6d]
Flop [Qh 6h 7h], UDF1 (5000), Unrest (5000)
Unrest checks
UDF1 checks
Turn [Qh 6h 7h 8s], UDF1 (5000), Unrest (5000)
Unrest checks
UDF1 checks
River [Qh 6h 7h 8s 8d], UDF1 (5000), Unrest (5000)
Unrest checks
UDF1 checks
UDF1 shows [Jc 6d]
Unrest shows [Kh Ts]
UDF1 awarded 5000
Unrest awarded -5000

Round #968, Unrest (452453), UDF1 (-452453)
Unrest posts blind: 10
UDF1 posts blind: 20
Unrest received [5d Js]
UDF1 received [3s Ks]
Unrest calls
UDF1 raises to 5000
Unrest calls
Flop [As Qs 2s], Unrest (5000), UDF1 (5000)
UDF1 bids 0
Unrest bids 0
Unrest won the auction and was revealed [Ks]
UDF1 won the auction and was revealed [5d]
Flop [As Qs 2s], Unrest (5000), UDF1 (5000)
UDF1 checks
Unrest checks
Turn [As Qs 2s Jc], Unrest (5000), UDF1 (5000)
UDF1 checks
Unrest checks
River [As Qs 2s Jc 8d], Unrest (5000), UDF1 (5000)
UDF1 checks
Unrest checks
Unrest shows [5d Js]
UDF1 shows [3s Ks]
Unrest awarded -5000
UDF1 awarded 5000

Round #969, UDF1 (-447453), Unrest (447453)
UDF1 posts blind: 10
Unrest posts blind: 20
UDF1 received [3s 4c]
Unrest received [4h 6s]
UDF1 calls
Unrest checks
Flop [6h 5d 6d], UDF1 (20), Unrest (20)
Unrest bids 1245
UDF1 bids 28
Unrest won the auction and was revealed [3s]
Flop [6h 5d 6d], UDF1 (20), Unrest (48)
Unrest bets 20
UDF1 raises to 4952
Unrest calls
Turn [6h 5d 6d Qd], UDF1 (4972), Unrest (5000)
Unrest checks
UDF1 checks
River [6h 5d 6d Qd Qs], UDF1 (4972), Unrest (5000)
Unrest checks
UDF1 checks
UDF1 shows [3s 4c]
Unrest shows [4h 6s]
UDF1 awarded -4972
Unrest awarded 4972

Round #970, Unrest (452425), UDF1 (-452425)
Unrest posts blind: 10
UDF1 posts blind: 20
Unrest received [4c 3c]
UDF1 received [Ah 6s]
Unrest folds
Unrest awarded -10
UDF1 awarded 10

Round #971, UDF1 (-452415), Unrest (452415)
UDF1 posts blind: 10
Unrest posts blind: 20
UDF1 received [As 8h]
Unrest received [Ts Kh]
UDF1 raises to 5000
Unrest calls
Flop [3c 2h 3d], UDF1 (5000), Unrest (5000)
Unrest bids 0
UDF1 bids 0
UDF1 won the auction and was revealed [Kh]
Unrest won the auction and was revealed [8h]
Flop [3c 2h 3d], UDF1 (5000), Unrest (5000)
Unrest checks
UDF1 checks
Turn [3c 2h 3d 5d], UDF1 (5000), Unrest (5000)
Unrest checks
UDF1 checks
River [3c 2h 3d 5d 2d], UDF1 (5000), Unrest (5000)
Unrest checks
UDF1 checks
UDF1 shows [As 8h]
Unrest shows [Ts Kh]
UDF1 awarded 5000
Unrest awarded -5000

Round #972, Unrest (447415), UDF1 (-447415)
Unrest posts blind: 10
UDF1 posts blind: 20
Unrest received [Jc 7c]
UDF1 received [5c Jd]
Unrest calls
UDF1 raises to 5000
Unrest calls
Flop [7d 9d 2d], Unrest (5000), UDF1 (5000)
UDF1 bids 0
Unrest bids 0
Unrest won the auction and was revealed [Jd]
UDF1 won the auction and was revealed [Jc]
Flop [7d 9d 2d], Unrest (5000), UDF1 (5000)
UDF1 checks
Unrest checks
Turn [7d 9d 2d Qh], Unrest (5000), UDF1 (5000)
UDF1 checks
Unrest checks
River [7d 9d 2d Qh 3d], Unrest (5000), UDF1 (5000)
UDF1 checks
Unrest checks
Unrest shows [Jc 7c]
UDF1 shows [5c Jd]
Unrest awarded -5000
UDF1 awarded 5000

Round #973, UDF1 (-442415), Unrest (442415)
UDF1 posts blind: 10
Unrest posts blind: 20
UDF1 received [Jd 2d]
Unrest received [7d 6c]
UDF1 raises to 5000
Unrest calls
Flop [8c 4c Ah], UDF1 (5000), Unrest (5000)
Unrest bids 0
UDF1 bids 0
UDF1 won the auction and was revealed [7d]
Unrest won the auction and was revealed [2d]
Flop [8c 4c Ah], UDF1 (5000), Unrest (5000)
Unrest checks
UDF1 checks
Turn [8c 4c Ah 8d], UDF1 (5000), Unrest (5000)
Unrest checks
UDF1 checks
River [8c 4c Ah 8d Qc], UDF1 (5000), Unrest (5000)
Unrest checks
UDF1 checks
UDF1 shows [Jd 2d]
Unrest shows [7d 6c]
UDF1 awarded 5000
Unrest awarded -5000

Round #974, Unrest (437415), UDF1 (-437415)
Unrest posts blind: 10
UDF1 posts blind: 20
Unrest received [9d 7d]
UDF1 received [Kh 9s]
Unrest calls
UDF1 raises to 5000
Unrest calls
Flop [7s 2c 6h], Unrest (5000), UDF1 (5000)
UDF1 bids 0
Unrest bids 0
Unrest won the auction and was revealed [Kh]
UDF1 won the auction and was revealed [9d]
Flop [7s 2c 6h], Unrest (5000), UDF1 (5000)
UDF1 checks
Unrest checks
Turn [7s 2c 6h Jc], Unrest (5000), UDF1 (5000)
UDF1 checks
Unrest checks
River [7s 2c 6h Jc 6d], Unrest (5000), UDF1 (5000)
UDF1 checks
Unrest checks
Unrest shows [9d 7d]
UDF1 shows [Kh 9s]
Unrest awarded 5000
UDF1 awarded -5000

Round #975, UDF1 (-442415), Unrest (442415)
UDF1 posts blind: 10
Unrest posts blind: 20
UDF1 received [2h 5d]
Unrest received [Ac 4d]
UDF1 raises to 50
Unrest calls
Flop [7s 5h 5s], UDF1 (50), Unrest (50)
Unrest bids 247
UDF1 bids 49
Unrest won the auction and was revealed [5d]
Flop [7s 5h 5s], UDF1 (50), Unrest (99)
Unrest checks
UDF1 checks
Turn [7s 5h 5s Tc], UDF1 (50), Unrest (99)
Unrest checks
UDF1 checks
River [7s 5h 5s Tc 4c], UDF1 (50), Unrest (99)
Unrest checks
UDF1 bets 4901
Unrest folds
UDF1 awarded 99
Unrest awarded -99

Round #976, Unrest (442316), UDF1 (-442316)
Unrest posts blind: 10
UDF1 posts blind: 20
Unrest received [6s 5c]
UDF1 received [8c 8s]
Unrest folds
Unrest awarded -10
UDF1 awarded 10

Round #977, UDF1 (-442306), Unrest (442306)
UDF1 posts blind: 10
Unrest posts blind: 20
UDF1 received [Jh Ad]
Unrest received [6d Ks]
UDF1 raises to 5000
Unrest calls
Flop [Td Ts 4s], UDF1 (5000), Unrest (5000)
Unrest bids 0
UDF1 bids 0
UDF1 won the auction and was revealed [6d]
Unrest won the auction and was revealed [Ad]
Flop [Td Ts 4s], UDF1 (5000), Unrest (5000)
Unrest checks
UDF1 checks
Turn [Td Ts 4s 4h], UDF1 (5000), Unrest (5000)
Unrest checks
UDF1 checks
River [Td Ts 4s 4h 4c], UDF1 (5000), Unrest (5000)
Unrest checks
UDF1 checks
UDF1 shows [Jh Ad]
Unrest shows [6d Ks]
UDF1 awarded 0
Unrest awarded 0

Round #978, Unrest (442306), UDF1 (-442306)
Unrest posts blind: 10
UDF1 posts blind: 20
Unrest received [2h 8d]
UDF1 received [Ks 7h]
Unrest folds
Unrest awarded -10
UDF1 awarded 10

Round #979, UDF1 (-442296), Unrest (442296)
UDF1 posts blind: 10
Unrest posts blind: 20
UDF1 received [Qc 3d]
Unrest received [5s Ks]
UDF1 raises to 5000
Unrest calls
Flop [5d Ac 8h], UDF1 (5000), Unrest (5000)
Unrest bids 0
UDF1 bids 0
UDF1 won the auction and was revealed [5s]
Unrest won the auction and was revealed [Qc]
Flop [5d Ac 8h], UDF1 (5000), Unrest (5000)
Unrest checks
UDF1 checks
Turn [5d Ac 8h 6d], UDF1 (5000), Unrest (5000)
Unrest checks
UDF1 checks
River [5d Ac 8h 6d 7h], UDF1 (5000), Unrest (5000)
Unrest checks
UDF1 checks
UDF1 shows [Qc 3d]
Unrest shows [5s Ks]
UDF1 awarded -5000
Unrest awarded 5000

Round #980, Unrest (447296), UDF1 (-447296)
Unrest posts blind: 10
UDF1 posts blind: 20
Unrest received [Kd 3h]
UDF1 received [4s Jd]
Unrest calls
UDF1 raises to 5000
Unrest calls
Flop [6c Qs Kh], Unrest (5000), UDF1 (5000)
UDF1 bids 0
Unrest bids 0
Unrest won the auction and was revealed [4s]
UDF1 won the auction and was revealed [3h]
Flop [6c Qs Kh], Unrest (5000), UDF1 (5000)
UDF1 checks
Unrest checks
Turn [6c Qs Kh Jh], Unrest (5000), UDF1 (5000)
UDF1 checks
Unrest checks
River [6c Qs Kh Jh 5d], Unrest (5000), UDF1 (5000)
UDF1 checks
Unrest checks
Unrest shows [Kd 3h]
UDF1 shows [4s Jd]
Unrest awarded 5000
UDF1 awarded -5000

Round #981, UDF1 (-452296), Unrest (452296)
UDF1 posts blind: 10
Unrest posts blind: 20
UDF1 received [3d Jd]
Unrest received [6s 3s]
UDF1 raises to 5000
Unrest folds
UDF1 awarded 20
Unrest awarded -20

Round #982, Unrest (452276), UDF1 (-452276)
Unrest posts blind: 10
UDF1 posts blind: 20
Unrest received [6d Kh]
UDF1 received [3d 9s]
Unrest calls
UDF1 raises to 5000
Unrest calls
Flop [8s Kd 9d], Unrest (5000), UDF1 (5000)
UDF1 bids 0
Unrest bids 0
Unrest won the auction and was revealed [3d]
UDF1 won the auction and was revealed [6d]
Flop [8s Kd 9d], Unrest (5000), UDF1 (5000)
UDF1 checks
Unrest checks
Turn [8s Kd 9d 5c], Unrest (5000), UDF1 (5000)
UDF1 checks
Unrest checks
River [8s Kd 9d 5c 5h], Unrest (5000), UDF1 (5000)
UDF1 checks
Unrest checks
Unrest shows [6d Kh]
UDF1 shows [3d 9s]
Unrest awarded 5000
UDF1 awarded -5000

Round #983, UDF1 (-457276), Unrest (457276)
UDF1 posts blind: 10
Unrest posts blind: 20
UDF1 received [5h Ks]
Unrest received [2c 4s]
UDF1 raises to 5000
Unrest folds
UDF1 awarded 20
Unrest awarded -20

Round #984, Unrest (457256), UDF1 (-457256)
Unrest posts blind: 10
UDF1 posts blind: 20
Unrest received [6h Qd]
UDF1 received [4s 2s]
Unrest calls
UDF1 raises to 46
Unrest calls
Flop [Kh 8c Td], Unrest (46), UDF1 (46)
UDF1 bids 14
Unrest bids 247
Unrest won the auction and was revealed [4s]
Flop [Kh 8c Td], Unrest (60), UDF1 (46)
UDF1 bets 69
Unrest calls
Turn [Kh 8c Td Ah], Unrest (129), UDF1 (115)
UDF1 checks
Unrest checks
River [Kh 8c Td Ah 2d], Unrest (129), UDF1 (115)
UDF1 bets 4871
Unrest folds
Unrest awarded -129
UDF1 awarded 129

Round #985, UDF1 (-457127), Unrest (457127)
UDF1 posts blind: 10
Unrest posts blind: 20
UDF1 received [8c 4c]
Unrest received [8d Kd]
UDF1 calls
Unrest raises to 40
UDF1 raises to 5000
Unrest calls
Flop [Qc Ad 7h], UDF1 (5000), Unrest (5000)
Unrest bids 0
UDF1 bids 0
UDF1 won the auction and was revealed [Kd]
Unrest won the auction and was revealed [4c]
Flop [Qc Ad 7h], UDF1 (5000), Unrest (5000)
Unrest checks
UDF1 checks
Turn [Qc Ad 7h Kh], UDF1 (5000), Unrest (5000)
Unrest checks
UDF1 checks
River [Qc Ad 7h Kh 6h], UDF1 (5000), Unrest (5000)
Unrest checks
UDF1 checks
UDF1 shows [8c 4c]
Unrest shows [8d Kd]
UDF1 awarded -5000
Unrest awarded 5000

Round #986, Unrest (462127), UDF1 (-462127)
Unrest posts blind: 10
UDF1 posts blind: 20
Unrest received [Kc 2c]
UDF1 received [Ad 5d]
Unrest raises to 40
UDF1 raises to 5000
Unrest calls
Flop [2d Ah 4d], Unrest (5000), UDF1 (5000)
UDF1 bids 0
Unrest bids 0
Unrest won the auction and was revealed [5d]
UDF1 won the auction and was revealed [Kc]
Flop [2d Ah 4d], Unrest (5000), UDF1 (5000)
UDF1 checks
Unrest checks
Turn [2d Ah 4d 9s], Unrest (5000), UDF1 (5000)
UDF1 checks
Unrest checks
River [2d Ah 4d 9s 3s], Unrest (5000), UDF1 (5000)
UDF1 checks
Unrest checks
Unrest shows [Kc 2c]
UDF1 shows [Ad 5d]
Unrest awarded -5000
UDF1 awarded 5000

Round #987, UDF1 (-457127), Unrest (457127)
UDF1 posts blind: 10
Unrest posts blind: 20
UDF1 received [As Th]
Unrest received [9s 8s]
UDF1 raises to 5000
Unrest calls
Flop [8h Ts 2d], UDF1 (5000), Unrest (5000)
Unrest bids 0
UDF1 bids 0
UDF1 won the auction and was revealed [8s]
Unrest won the auction and was revealed [Th]
Flop [8h Ts 2d], UDF1 (5000), Unrest (5000)
Unrest checks
UDF1 checks
Turn [8h Ts 2d 9h], UDF1 (5000), Unrest (5000)
Unrest checks
UDF1 checks
River [8h Ts 2d 9h Qh], UDF1 (5000), Unrest (5000)
Unrest checks
UDF1 checks
UDF1 shows [As Th]
Unrest shows [9s 8s]
UDF1 awarded -5000
Unrest awarded 5000

Round #988, Unrest (462127), UDF1 (-462127)
Unrest posts blind: 10
UDF1 posts blind: 20
Unrest received [5h Qc]
UDF1 received [8h Ts]
Unrest calls
UDF1 raises to 5000
Unrest calls
Flop [6d 5s 8d], Unrest (5000), UDF1 (5000)
UDF1 bids 0
Unrest bids 0
Unrest won the auction and was revealed [8h]
UDF1 won the auction and was revealed [5h]
Flop [6d 5s 8d], Unrest (5000), UDF1 (5000)
UDF1 checks
Unrest checks
Turn [6d 5s 8d Th], Unrest (5000), UDF1 (5000)
UDF1 checks
Unrest checks
River [6d 5s 8d Th 6c], Unrest (5000), UDF1 (5000)
UDF1 checks
Unrest checks
Unrest shows [5h Qc]
UDF1 shows [8h Ts]
Unrest awarded -5000
UDF1 awarded 5000

Round #989, UDF1 (-457127), Unrest (457127)
UDF1 posts blind: 10
Unrest posts blind: 20
UDF1 received [4s Ks]
Unrest received [6h 3d]
UDF1 raises to 5000
Unrest folds
UDF1 awarded 20
Unrest awarded -20

Round #990, Unrest (457107), UDF1 (-457107)
Unrest posts blind: 10
UDF1 posts blind: 20
Unrest received [9s 2h]
UDF1 received [Ac 5d]
Unrest folds
Unrest awarded -10
UDF1 awarded 10

Round #991, UDF1 (-457097), Unrest (457097)
UDF1 posts blind: 10
Unrest posts blind: 20
UDF1 received [2c Qc]
Unrest received [8c 9s]
UDF1 calls
Unrest checks
Flop [4h 5h Kd], UDF1 (20), Unrest (20)
Unrest bids 249
UDF1 bids 29
Unrest won the auction and was revealed [2c]
Flop [4h 5h Kd], UDF1 (20), Unrest (49)
Unrest checks
UDF1 bets 45
Unrest calls
Turn [4h 5h Kd Qh], UDF1 (65), Unrest (94)
Unrest checks
UDF1 bets 1479
Unrest folds
UDF1 awarded 94
Unrest awarded -94

Round #992, Unrest (457003), UDF1 (-457003)
Unrest posts blind: 10
UDF1 posts blind: 20
Unrest received [Ts Ad]
UDF1 received [Th 3s]
Unrest raises to 40
UDF1 raises to 5000
Unrest calls
Flop [Ac 4c Kc], Unrest (5000), UDF1 (5000)
UDF1 bids 0
Unrest bids 0
Unrest won the auction and was revealed [Th]
UDF1 won the auction and was revealed [Ts]
Flop [Ac 4c Kc], Unrest (5000), UDF1 (5000)
UDF1 checks
Unrest checks
Turn [Ac 4c Kc 6d], Unrest (5000), UDF1 (5000)
UDF1 checks
Unrest checks
River [Ac 4c Kc 6d 5c], Unrest (5000), UDF1 (5000)
UDF1 checks
Unrest checks
Unrest shows [Ts Ad]
UDF1 shows [Th 3s]
Unrest awarded 5000
UDF1 awarded -5000

Round #993, UDF1 (-462003), Unrest (462003)
UDF1 posts blind: 10
Unrest posts blind: 20
UDF1 received [2h 2c]
Unrest received [Jh Jd]
UDF1 raises to 5000
Unrest calls
Flop [Qd 8h 3c], UDF1 (5000), Unrest (5000)
Unrest bids 0
UDF1 bids 0
UDF1 won the auction and was revealed [Jh]
Unrest won the auction and was revealed [2c]
Flop [Qd 8h 3c], UDF1 (5000), Unrest (5000)
Unrest checks
UDF1 checks
Turn [Qd 8h 3c 3d], UDF1 (5000), Unrest (5000)
Unrest checks
UDF1 checks
River [Qd 8h 3c 3d 2s], UDF1 (5000), Unrest (5000)
Unrest checks
UDF1 checks
UDF1 shows [2h 2c]
Unrest shows [Jh Jd]
UDF1 awarded 5000
Unrest awarded -5000

Round #994, Unrest (457003), UDF1 (-457003)
Unrest posts blind: 10
UDF1 posts blind: 20
Unrest received [2h 6d]
UDF1 received [4s 4c]
Unrest folds
Unrest awarded -10
UDF1 awarded 10

Round #995, UDF1 (-456993), Unrest (456993)
UDF1 posts blind: 10
Unrest posts blind: 20
UDF1 received [7s Ah]
Unrest received [7d Jh]
UDF1 raises to 5000
Unrest calls
Flop [2d 8c Ac], UDF1 (5000), Unrest (5000)
Unrest bids 0
UDF1 bids 0
UDF1 won the auction and was revealed [Jh]
Unrest won the auction and was revealed [Ah]
Flop [2d 8c Ac], UDF1 (5000), Unrest (5000)
Unrest checks
UDF1 checks
Turn [2d 8c Ac 6c], UDF1 (5000), Unrest (5000)
Unrest checks
UDF1 checks
River [2d 8c Ac 6c 6h], UDF1 (5000), Unrest (5000)
Unrest checks
UDF1 checks
UDF1 shows [7s Ah]
Unrest shows [7d Jh]
UDF1 awarded 5000
Unrest awarded -5000

Round #996, Unrest (451993), UDF1 (-451993)
Unrest posts blind: 10
UDF1 posts blind: 20
Unrest received [Kd 5s]
UDF1 received [2d 8h]
Unrest calls
UDF1 raises to 46
Unrest calls
Flop [Th 3s Ad], Unrest (46), UDF1 (46)
UDF1 bids 44
Unrest bids 247
Unrest won the auction and was revealed [2d]
Flop [Th 3s Ad], Unrest (90), UDF1 (46)
UDF1 bets 89
Unrest calls
Turn [Th 3s Ad Qc], Unrest (179), UDF1 (135)
UDF1 checks
Unrest checks
River [Th 3s Ad Qc 9c], Unrest (179), UDF1 (135)
UDF1 bets 207
Unrest folds
Unrest awarded -179
UDF1 awarded 179

Round #997, UDF1 (-451814), Unrest (451814)
UDF1 posts blind: 10
Unrest posts blind: 20
UDF1 received [7d Th]
Unrest received [3h 4c]
UDF1 raises to 50
Unrest folds
UDF1 awarded 20
Unrest awarded -20

Round #998, Unrest (451794), UDF1 (-451794)
Unrest posts blind: 10
UDF1 posts blind: 20
Unrest received [Kh As]
UDF1 received [Qh 9c]
Unrest raises to 40
UDF1 raises to 5000
Unrest calls
Flop [8h 8s Qd], Unrest (5000), UDF1 (5000)
UDF1 bids 0
Unrest bids 0
Unrest won the auction and was revealed [Qh]
UDF1 won the auction and was revealed [As]
Flop [8h 8s Qd], Unrest (5000), UDF1 (5000)
UDF1 checks
Unrest checks
Turn [8h 8s Qd 4c], Unrest (5000), UDF1 (5000)
UDF1 checks
Unrest checks
River [8h 8s Qd 4c Ks], Unrest (5000), UDF1 (5000)
UDF1 checks
Unrest checks
Unrest shows [Kh As]
UDF1 shows [Qh 9c]
Unrest awarded 5000
UDF1 awarded -5000

Round #999, UDF1 (-456794), Unrest (456794)
UDF1 posts blind: 10
Unrest posts blind: 20
UDF1 received [Jd 5d]
Unrest received [7c Ad]
UDF1 raises to 50
Unrest calls
Flop [2h 4s 7d], UDF1 (50), Unrest (50)
Unrest bids 1237
UDF1 bids 50
Unrest won the auction and was revealed [Jd]
Flop [2h 4s 7d], UDF1 (50), Unrest (100)
Unrest bets 20
UDF1 folds
UDF1 awarded -50
Unrest awarded 50

Round #1000, Unrest (456844), UDF1 (-456844)
Unrest posts blind: 10
UDF1 posts blind: 20
Unrest received [Ks 6h]
UDF1 received [9s Kh]
Unrest calls
UDF1 raises to 5000
Unrest calls
Flop [Ac 4s 8h], Unrest (5000), UDF1 (5000)
UDF1 bids 0
Unrest bids 0
Unrest won the auction and was revealed [Kh]
UDF1 won the auction and was revealed [6h]
Flop [Ac 4s 8h], Unrest (5000), UDF1 (5000)
UDF1 checks
Unrest checks
Turn [Ac 4s 8h 4h], Unrest (5000), UDF1 (5000)
UDF1 checks
Unrest checks
River [Ac 4s 8h 4h Qh], Unrest (5000), UDF1 (5000)
UDF1 checks
Unrest checks
Unrest shows [Ks 6h]
UDF1 shows [9s Kh]
Unrest awarded 0
UDF1 awarded 0

Final, UDF1 (-456844), Unrest (456844)