2026-03-01 04:50:20 The_1__Gamblers vs UDF1

Round #1, The_1__Gamblers (0), UDF1 (0)
The_1__Gamblers posts blind: 10
UDF1 posts blind: 20
The_1__Gamblers received [Jd 2c]
UDF1 received [8d 4d]
The_1__Gamblers calls
UDF1 checks
Flop [Qh Qd 3c], The_1__Gamblers (20), UDF1 (20)
UDF1 bids 10
The_1__Gamblers bids 0
UDF1 won the auction and was revealed [2c]
Flop [Qh Qd 3c], The_1__Gamblers (20), UDF1 (20)
UDF1 checks
The_1__Gamblers checks
Turn [Qh Qd 3c 4c], The_1__Gamblers (20), UDF1 (20)
UDF1 bets 2932
The_1__Gamblers folds
The_1__Gamblers awarded -20
UDF1 awarded 20

Round #2, UDF1 (20), The_1__Gamblers (-20)
UDF1 posts blind: 10
The_1__Gamblers posts blind: 20
UDF1 received [8d Qd]
The_1__Gamblers received [5h Ks]
UDF1 calls
The_1__Gamblers checks
Flop [Kc 4c 5c], UDF1 (20), The_1__Gamblers (20)
The_1__Gamblers bids 0
UDF1 bids 0
UDF1 won the auction and was revealed [5h]
The_1__Gamblers won the auction and was revealed [8d]
Flop [Kc 4c 5c], UDF1 (20), The_1__Gamblers (20)
The_1__Gamblers bets 24
UDF1 folds
UDF1 awarded -20
The_1__Gamblers awarded 20

Round #3, The_1__Gamblers (0), UDF1 (0)
The_1__Gamblers posts blind: 10
UDF1 posts blind: 20
The_1__Gamblers received [7h 2s]
UDF1 received [Tc 2c]
The_1__Gamblers calls
UDF1 raises to 539
The_1__Gamblers calls
Flop [As 8d Kc], The_1__Gamblers (539), UDF1 (539)
UDF1 bids 52
The_1__Gamblers bids 0
UDF1 won the auction and was revealed [7h]
Flop [As 8d Kc], The_1__Gamblers (539), UDF1 (539)
UDF1 checks
The_1__Gamblers checks
Turn [As 8d Kc Qc], The_1__Gamblers (539), UDF1 (539)
UDF1 bets 2632
The_1__Gamblers folds
The_1__Gamblers awarded -539
UDF1 awarded 539

Round #4, UDF1 (539), The_1__Gamblers (-539)
UDF1 posts blind: 10
The_1__Gamblers posts blind: 20
UDF1 received [Ac 8s]
The_1__Gamblers received [Ad Jd]
UDF1 calls
The_1__Gamblers checks
Flop [3s 6h Jc], UDF1 (20), The_1__Gamblers (20)
The_1__Gamblers bids 0
UDF1 bids 0
UDF1 won the auction and was revealed [Ad]
The_1__Gamblers won the auction and was revealed [Ac]
Flop [3s 6h Jc], UDF1 (20), The_1__Gamblers (20)
The_1__Gamblers bets 24
UDF1 calls
Turn [3s 6h Jc 7d], UDF1 (44), The_1__Gamblers (44)
The_1__Gamblers bets 52
UDF1 folds
UDF1 awarded -44
The_1__Gamblers awarded 44

Round #5, The_1__Gamblers (-495), UDF1 (495)
The_1__Gamblers posts blind: 10
UDF1 posts blind: 20
The_1__Gamblers received [5s 3d]
UDF1 received [Kc 9d]
The_1__Gamblers calls
UDF1 checks
Flop [8d Tc 4s], The_1__Gamblers (20), UDF1 (20)
UDF1 bids 2
The_1__Gamblers bids 0
UDF1 won the auction and was revealed [5s]
Flop [8d Tc 4s], The_1__Gamblers (20), UDF1 (20)
UDF1 bets 3240
The_1__Gamblers folds
The_1__Gamblers awarded -20
UDF1 awarded 20

Round #6, UDF1 (515), The_1__Gamblers (-515)
UDF1 posts blind: 10
The_1__Gamblers posts blind: 20
UDF1 received [5c 2h]
The_1__Gamblers received [4d Ac]
UDF1 folds
UDF1 awarded -10
The_1__Gamblers awarded 10

Round #7, The_1__Gamblers (-505), UDF1 (505)
The_1__Gamblers posts blind: 10
UDF1 posts blind: 20
The_1__Gamblers received [7s Jc]
UDF1 received [6s 7d]
The_1__Gamblers calls
UDF1 raises to 337
The_1__Gamblers calls
Flop [Qc 9s Ts], The_1__Gamblers (337), UDF1 (337)
UDF1 bids 35
The_1__Gamblers bids 0
UDF1 won the auction and was revealed [Jc]
Flop [Qc 9s Ts], The_1__Gamblers (337), UDF1 (337)
UDF1 checks
The_1__Gamblers checks
Turn [Qc 9s Ts Qs], The_1__Gamblers (337), UDF1 (337)
UDF1 checks
The_1__Gamblers checks
River [Qc 9s Ts Qs 9c], The_1__Gamblers (337), UDF1 (337)
UDF1 checks
The_1__Gamblers checks
The_1__Gamblers shows [7s Jc]
UDF1 shows [6s 7d]
The_1__Gamblers awarded 337
UDF1 awarded -337

Round #8, UDF1 (168), The_1__Gamblers (-168)
UDF1 posts blind: 10
The_1__Gamblers posts blind: 20
UDF1 received [4c 5d]
The_1__Gamblers received [Jh 6h]
UDF1 folds
UDF1 awarded -10
The_1__Gamblers awarded 10

Round #9, The_1__Gamblers (-158), UDF1 (158)
The_1__Gamblers posts blind: 10
UDF1 posts blind: 20
The_1__Gamblers received [Td 6c]
UDF1 received [5h 2s]
The_1__Gamblers calls
UDF1 checks
Flop [4d Ah 7s], The_1__Gamblers (20), UDF1 (20)
UDF1 bids 6
The_1__Gamblers bids 0
UDF1 won the auction and was revealed [6c]
Flop [4d Ah 7s], The_1__Gamblers (20), UDF1 (20)
UDF1 checks
The_1__Gamblers checks
Turn [4d Ah 7s 3c], The_1__Gamblers (20), UDF1 (20)
UDF1 bets 3238
The_1__Gamblers folds
The_1__Gamblers awarded -20
UDF1 awarded 20

Round #10, UDF1 (178), The_1__Gamblers (-178)
UDF1 posts blind: 10
The_1__Gamblers posts blind: 20
UDF1 received [6c Kc]
The_1__Gamblers received [9d Qh]
UDF1 folds
UDF1 awarded -10
The_1__Gamblers awarded 10

Round #11, The_1__Gamblers (-168), UDF1 (168)
The_1__Gamblers posts blind: 10
UDF1 posts blind: 20
The_1__Gamblers received [Kh Ad]
UDF1 received [4h 6d]
The_1__Gamblers calls
UDF1 checks
Flop [4c Kd Ts], The_1__Gamblers (20), UDF1 (20)
UDF1 bids 2
The_1__Gamblers bids 0
UDF1 won the auction and was revealed [Kh]
Flop [4c Kd Ts], The_1__Gamblers (20), UDF1 (20)
UDF1 checks
The_1__Gamblers bets 24
UDF1 folds
The_1__Gamblers awarded 20
UDF1 awarded -20

Round #12, UDF1 (148), The_1__Gamblers (-148)
UDF1 posts blind: 10
The_1__Gamblers posts blind: 20
UDF1 received [Ah 7s]
The_1__Gamblers received [Kd 8s]
UDF1 folds
UDF1 awarded -10
The_1__Gamblers awarded 10

Round #13, The_1__Gamblers (-138), UDF1 (138)
The_1__Gamblers posts blind: 10
UDF1 posts blind: 20
The_1__Gamblers received [2d 3d]
UDF1 received [9d 5c]
The_1__Gamblers calls
UDF1 raises to 520
The_1__Gamblers calls
Flop [Kh Ks Kc], The_1__Gamblers (520), UDF1 (520)
UDF1 bids 53
The_1__Gamblers bids 0
UDF1 won the auction and was revealed [2d]
Flop [Kh Ks Kc], The_1__Gamblers (520), UDF1 (520)
UDF1 checks
The_1__Gamblers checks
Turn [Kh Ks Kc 3h], The_1__Gamblers (520), UDF1 (520)
UDF1 checks
The_1__Gamblers bets 624
UDF1 calls
River [Kh Ks Kc 3h Qh], The_1__Gamblers (1144), UDF1 (1144)
UDF1 checks
The_1__Gamblers bets 1372
UDF1 calls
The_1__Gamblers shows [2d 3d]
UDF1 shows [9d 5c]
The_1__Gamblers awarded 2516
UDF1 awarded -2516

Round #14, UDF1 (-2378), The_1__Gamblers (2378)
UDF1 posts blind: 10
The_1__Gamblers posts blind: 20
UDF1 received [8d 6d]
The_1__Gamblers received [3h 2s]
UDF1 folds
UDF1 awarded -10
The_1__Gamblers awarded 10

Round #15, The_1__Gamblers (2388), UDF1 (-2388)
The_1__Gamblers posts blind: 10
UDF1 posts blind: 20
The_1__Gamblers received [Jh Kd]
UDF1 received [4d 9h]
The_1__Gamblers calls
UDF1 checks
Flop [4c Ts Ah], The_1__Gamblers (20), UDF1 (20)
UDF1 bids 0
The_1__Gamblers bids 0
The_1__Gamblers won the auction and was revealed [4d]
UDF1 won the auction and was revealed [Kd]
Flop [4c Ts Ah], The_1__Gamblers (20), UDF1 (20)
UDF1 bets 3010
The_1__Gamblers folds
The_1__Gamblers awarded -20
UDF1 awarded 20

Round #16, UDF1 (-2368), The_1__Gamblers (2368)
UDF1 posts blind: 10
The_1__Gamblers posts blind: 20
UDF1 received [Ks 8s]
The_1__Gamblers received [6c Jd]
UDF1 calls
The_1__Gamblers checks
Flop [4s 6d Qd], UDF1 (20), The_1__Gamblers (20)
The_1__Gamblers bids 0
UDF1 bids 3
UDF1 won the auction and was revealed [Jd]
Flop [4s 6d Qd], UDF1 (20), The_1__Gamblers (20)
The_1__Gamblers bets 24
UDF1 calls
Turn [4s 6d Qd Ad], UDF1 (44), The_1__Gamblers (44)
The_1__Gamblers bets 52
UDF1 calls
River [4s 6d Qd Ad 7c], UDF1 (96), The_1__Gamblers (96)
The_1__Gamblers bets 115
UDF1 calls
UDF1 shows [Ks 8s]
The_1__Gamblers shows [6c Jd]
UDF1 awarded -211
The_1__Gamblers awarded 211

Round #17, The_1__Gamblers (2579), UDF1 (-2579)
The_1__Gamblers posts blind: 10
UDF1 posts blind: 20
The_1__Gamblers received [9h 5s]
UDF1 received [Ah 7s]
The_1__Gamblers calls
UDF1 checks
Flop [4c Qc Jd], The_1__Gamblers (20), UDF1 (20)
UDF1 bids 3
The_1__Gamblers bids 0
UDF1 won the auction and was revealed [9h]
Flop [4c Qc Jd], The_1__Gamblers (20), UDF1 (20)
UDF1 bets 3043
The_1__Gamblers folds
The_1__Gamblers awarded -20
UDF1 awarded 20

Round #18, UDF1 (-2559), The_1__Gamblers (2559)
UDF1 posts blind: 10
The_1__Gamblers posts blind: 20
UDF1 received [4s 6h]
The_1__Gamblers received [Js Jd]
UDF1 folds
UDF1 awarded -10
The_1__Gamblers awarded 10

Round #19, The_1__Gamblers (2569), UDF1 (-2569)
The_1__Gamblers posts blind: 10
UDF1 posts blind: 20
The_1__Gamblers received [6s 3h]
UDF1 received [2c Ks]
The_1__Gamblers calls
UDF1 checks
Flop [Qs Js Kd], The_1__Gamblers (20), UDF1 (20)
UDF1 bids 5
The_1__Gamblers bids 0
UDF1 won the auction and was revealed [3h]
Flop [Qs Js Kd], The_1__Gamblers (20), UDF1 (20)
UDF1 bets 3187
The_1__Gamblers folds
The_1__Gamblers awarded -20
UDF1 awarded 20

Round #20, UDF1 (-2549), The_1__Gamblers (2549)
UDF1 posts blind: 10
The_1__Gamblers posts blind: 20
UDF1 received [Ts Ah]
The_1__Gamblers received [Kh Qc]
UDF1 raises to 1655
The_1__Gamblers calls
Flop [Ad 6d 9s], UDF1 (1655), The_1__Gamblers (1655)
The_1__Gamblers bids 0
UDF1 bids 156
UDF1 won the auction and was revealed [Kh]
Flop [Ad 6d 9s], UDF1 (1655), The_1__Gamblers (1655)
The_1__Gamblers bets 1986
UDF1 raises to 3345
The_1__Gamblers calls
Turn [Ad 6d 9s 3h], UDF1 (5000), The_1__Gamblers (5000)
The_1__Gamblers checks
UDF1 checks
River [Ad 6d 9s 3h 2d], UDF1 (5000), The_1__Gamblers (5000)
The_1__Gamblers checks
UDF1 checks
UDF1 shows [Ts Ah]
The_1__Gamblers shows [Kh Qc]
UDF1 awarded 5000
The_1__Gamblers awarded -5000

Round #21, The_1__Gamblers (-2451), UDF1 (2451)
The_1__Gamblers posts blind: 10
UDF1 posts blind: 20
The_1__Gamblers received [7s 6h]
UDF1 received [Qh Js]
The_1__Gamblers calls
UDF1 checks
Flop [2c 3s Td], The_1__Gamblers (20), UDF1 (20)
UDF1 bids 18
The_1__Gamblers bids 0
UDF1 won the auction and was revealed [7s]
Flop [2c 3s Td], The_1__Gamblers (20), UDF1 (20)
UDF1 bets 2897
The_1__Gamblers folds
The_1__Gamblers awarded -20
UDF1 awarded 20

Round #22, UDF1 (2471), The_1__Gamblers (-2471)
UDF1 posts blind: 10
The_1__Gamblers posts blind: 20
UDF1 received [2h 3d]
The_1__Gamblers received [Js 7h]
UDF1 raises to 353
The_1__Gamblers calls
Flop [Th 4h Jc], UDF1 (353), The_1__Gamblers (353)
The_1__Gamblers bids 0
UDF1 bids 61
UDF1 won the auction and was revealed [Js]
Flop [Th 4h Jc], UDF1 (353), The_1__Gamblers (353)
The_1__Gamblers bets 423
UDF1 folds
UDF1 awarded -353
The_1__Gamblers awarded 353

Round #23, The_1__Gamblers (-2118), UDF1 (2118)
The_1__Gamblers posts blind: 10
UDF1 posts blind: 20
The_1__Gamblers received [As 9c]
UDF1 received [4s 4d]
The_1__Gamblers calls
UDF1 checks
Flop [5h 3s 3d], The_1__Gamblers (20), UDF1 (20)
UDF1 bids 27
The_1__Gamblers bids 0
UDF1 won the auction and was revealed [9c]
Flop [5h 3s 3d], The_1__Gamblers (20), UDF1 (20)
UDF1 bets 2664
The_1__Gamblers folds
The_1__Gamblers awarded -20
UDF1 awarded 20

Round #24, UDF1 (2138), The_1__Gamblers (-2138)
UDF1 posts blind: 10
The_1__Gamblers posts blind: 20
UDF1 received [7c 8s]
The_1__Gamblers received [Jd 7s]
UDF1 calls
The_1__Gamblers checks
Flop [2c 8c Kh], UDF1 (20), The_1__Gamblers (20)
The_1__Gamblers bids 0
UDF1 bids 25
UDF1 won the auction and was revealed [Jd]
Flop [2c 8c Kh], UDF1 (20), The_1__Gamblers (20)
The_1__Gamblers checks
UDF1 bets 3036
The_1__Gamblers folds
UDF1 awarded 20
The_1__Gamblers awarded -20

Round #25, The_1__Gamblers (-2158), UDF1 (2158)
The_1__Gamblers posts blind: 10
UDF1 posts blind: 20
The_1__Gamblers received [9h Jd]
UDF1 received [5s Ac]
The_1__Gamblers calls
UDF1 checks
Flop [3c Kd 5d], The_1__Gamblers (20), UDF1 (20)
UDF1 bids 20
The_1__Gamblers bids 0
UDF1 won the auction and was revealed [Jd]
Flop [3c Kd 5d], The_1__Gamblers (20), UDF1 (20)
UDF1 bets 2980
The_1__Gamblers folds
The_1__Gamblers awarded -20
UDF1 awarded 20

Round #26, UDF1 (2178), The_1__Gamblers (-2178)
UDF1 posts blind: 10
The_1__Gamblers posts blind: 20
UDF1 received [2d 7c]
The_1__Gamblers received [Th 9s]
UDF1 calls
The_1__Gamblers checks
Flop [Ad 9c 6d], UDF1 (20), The_1__Gamblers (20)
The_1__Gamblers bids 0
UDF1 bids 15
UDF1 won the auction and was revealed [Th]
Flop [Ad 9c 6d], UDF1 (20), The_1__Gamblers (20)
The_1__Gamblers bets 24
UDF1 folds
UDF1 awarded -20
The_1__Gamblers awarded 20

Round #27, The_1__Gamblers (-2158), UDF1 (2158)
The_1__Gamblers posts blind: 10
UDF1 posts blind: 20
The_1__Gamblers received [Ts 7s]
UDF1 received [9d 6d]
The_1__Gamblers calls
UDF1 checks
Flop [Jc Tc Qh], The_1__Gamblers (20), UDF1 (20)
UDF1 bids 0
The_1__Gamblers bids 0
The_1__Gamblers won the auction and was revealed [6d]
UDF1 won the auction and was revealed [7s]
Flop [Jc Tc Qh], The_1__Gamblers (20), UDF1 (20)
UDF1 bets 2618
The_1__Gamblers folds
The_1__Gamblers awarded -20
UDF1 awarded 20

Round #28, UDF1 (2178), The_1__Gamblers (-2178)
UDF1 posts blind: 10
The_1__Gamblers posts blind: 20
UDF1 received [5c Qc]
The_1__Gamblers received [2s 3d]
UDF1 folds
UDF1 awarded -10
The_1__Gamblers awarded 10

Round #29, The_1__Gamblers (-2168), UDF1 (2168)
The_1__Gamblers posts blind: 10
UDF1 posts blind: 20
The_1__Gamblers received [Ts As]
UDF1 received [Ac 4c]
The_1__Gamblers calls
UDF1 raises to 606
The_1__Gamblers calls
Flop [7h 8h Kc], The_1__Gamblers (606), UDF1 (606)
UDF1 bids 86
The_1__Gamblers bids 0
UDF1 won the auction and was revealed [Ts]
Flop [7h 8h Kc], The_1__Gamblers (606), UDF1 (606)
UDF1 bets 2650
The_1__Gamblers folds
The_1__Gamblers awarded -606
UDF1 awarded 606

Round #30, UDF1 (2774), The_1__Gamblers (-2774)
UDF1 posts blind: 10
The_1__Gamblers posts blind: 20
UDF1 received [7h 6d]
The_1__Gamblers received [2h Ah]
UDF1 calls
The_1__Gamblers checks
Flop [9c Kh 3h], UDF1 (20), The_1__Gamblers (20)
The_1__Gamblers bids 0
UDF1 bids 22
UDF1 won the auction and was revealed [2h]
Flop [9c Kh 3h], UDF1 (20), The_1__Gamblers (20)
The_1__Gamblers bets 24
UDF1 calls
Turn [9c Kh 3h 8d], UDF1 (44), The_1__Gamblers (44)
The_1__Gamblers checks
UDF1 bets 2759
The_1__Gamblers folds
UDF1 awarded 44
The_1__Gamblers awarded -44

Round #31, The_1__Gamblers (-2818), UDF1 (2818)
The_1__Gamblers posts blind: 10
UDF1 posts blind: 20
The_1__Gamblers received [5c Qd]
UDF1 received [7d 9h]
The_1__Gamblers calls
UDF1 checks
Flop [Jc 2c Td], The_1__Gamblers (20), UDF1 (20)
UDF1 bids 17
The_1__Gamblers bids 0
UDF1 won the auction and was revealed [5c]
Flop [Jc 2c Td], The_1__Gamblers (20), UDF1 (20)
UDF1 bets 2591
The_1__Gamblers folds
The_1__Gamblers awarded -20
UDF1 awarded 20

Round #32, UDF1 (2838), The_1__Gamblers (-2838)
UDF1 posts blind: 10
The_1__Gamblers posts blind: 20
UDF1 received [7s 5c]
The_1__Gamblers received [3c 7c]
UDF1 raises to 372
The_1__Gamblers calls
Flop [6s 7h 6h], UDF1 (372), The_1__Gamblers (372)
The_1__Gamblers bids 0
UDF1 bids 66
UDF1 won the auction and was revealed [7c]
Flop [6s 7h 6h], UDF1 (372), The_1__Gamblers (372)
The_1__Gamblers bets 446
UDF1 calls
Turn [6s 7h 6h 8c], UDF1 (818), The_1__Gamblers (818)
The_1__Gamblers bets 981
UDF1 calls
River [6s 7h 6h 8c 5h], UDF1 (1799), The_1__Gamblers (1799)
The_1__Gamblers checks
UDF1 bets 1334
The_1__Gamblers calls
UDF1 shows [7s 5c]
The_1__Gamblers shows [3c 7c]
UDF1 awarded 0
The_1__Gamblers awarded 0

Round #33, The_1__Gamblers (-2838), UDF1 (2838)
The_1__Gamblers posts blind: 10
UDF1 posts blind: 20
The_1__Gamblers received [Tc 6s]
UDF1 received [2d Kc]
The_1__Gamblers calls
UDF1 checks
Flop [Qs Qd Kh], The_1__Gamblers (20), UDF1 (20)
UDF1 bids 32
The_1__Gamblers bids 0
UDF1 won the auction and was revealed [Tc]
Flop [Qs Qd Kh], The_1__Gamblers (20), UDF1 (20)
UDF1 bets 2835
The_1__Gamblers folds
The_1__Gamblers awarded -20
UDF1 awarded 20

Round #34, UDF1 (2858), The_1__Gamblers (-2858)
UDF1 posts blind: 10
The_1__Gamblers posts blind: 20
UDF1 received [3c 4h]
The_1__Gamblers received [Kc 2c]
UDF1 folds
UDF1 awarded -10
The_1__Gamblers awarded 10

Round #35, The_1__Gamblers (-2848), UDF1 (2848)
The_1__Gamblers posts blind: 10
UDF1 posts blind: 20
The_1__Gamblers received [7d Th]
UDF1 received [3c Jd]
The_1__Gamblers calls
UDF1 checks
Flop [Ad 8h Ac], The_1__Gamblers (20), UDF1 (20)
UDF1 bids 32
The_1__Gamblers bids 0
UDF1 won the auction and was revealed [7d]
Flop [Ad 8h Ac], The_1__Gamblers (20), UDF1 (20)
UDF1 bets 2831
The_1__Gamblers folds
The_1__Gamblers awarded -20
UDF1 awarded 20

Round #36, UDF1 (2868), The_1__Gamblers (-2868)
UDF1 posts blind: 10
The_1__Gamblers posts blind: 20
UDF1 received [8s 2d]
The_1__Gamblers received [4s 6c]
UDF1 raises to 337
The_1__Gamblers calls
Flop [3d 9c 7h], UDF1 (337), The_1__Gamblers (337)
The_1__Gamblers bids 0
UDF1 bids 116
UDF1 won the auction and was revealed [4s]
Flop [3d 9c 7h], UDF1 (337), The_1__Gamblers (337)
The_1__Gamblers checks
UDF1 bets 2240
The_1__Gamblers folds
UDF1 awarded 337
The_1__Gamblers awarded -337

Round #37, The_1__Gamblers (-3205), UDF1 (3205)
The_1__Gamblers posts blind: 10
UDF1 posts blind: 20
The_1__Gamblers received [6d 8s]
UDF1 received [7s 3c]
The_1__Gamblers calls
UDF1 checks
Flop [3s 4c 8h], The_1__Gamblers (20), UDF1 (20)
UDF1 bids 27
The_1__Gamblers bids 0
UDF1 won the auction and was revealed [6d]
Flop [3s 4c 8h], The_1__Gamblers (20), UDF1 (20)
UDF1 bets 3212
The_1__Gamblers raises to 4980
UDF1 calls
Turn [3s 4c 8h 4d], The_1__Gamblers (5000), UDF1 (5000)
UDF1 checks
The_1__Gamblers checks
River [3s 4c 8h 4d 2h], The_1__Gamblers (5000), UDF1 (5000)
UDF1 checks
The_1__Gamblers checks
The_1__Gamblers shows [6d 8s]
UDF1 shows [7s 3c]
The_1__Gamblers awarded 5000
UDF1 awarded -5000

Round #38, UDF1 (-1795), The_1__Gamblers (1795)
UDF1 posts blind: 10
The_1__Gamblers posts blind: 20
UDF1 received [2h Ac]
The_1__Gamblers received [Td 2c]
UDF1 calls
The_1__Gamblers checks
Flop [Jd Kd 9s], UDF1 (20), The_1__Gamblers (20)
The_1__Gamblers bids 0
UDF1 bids 32
UDF1 won the auction and was revealed [Td]
Flop [Jd Kd 9s], UDF1 (20), The_1__Gamblers (20)
The_1__Gamblers checks
UDF1 bets 2283
The_1__Gamblers folds
UDF1 awarded 20
The_1__Gamblers awarded -20

Round #39, The_1__Gamblers (1775), UDF1 (-1775)
The_1__Gamblers posts blind: 10
UDF1 posts blind: 20
The_1__Gamblers received [Jd 5h]
UDF1 received [5d Th]
The_1__Gamblers calls
UDF1 checks
Flop [6c 2h 3s], The_1__Gamblers (20), UDF1 (20)
UDF1 bids 29
The_1__Gamblers bids 0
UDF1 won the auction and was revealed [5h]
Flop [6c 2h 3s], The_1__Gamblers (20), UDF1 (20)
UDF1 bets 2788
The_1__Gamblers folds
The_1__Gamblers awarded -20
UDF1 awarded 20

Round #40, UDF1 (-1755), The_1__Gamblers (1755)
UDF1 posts blind: 10
The_1__Gamblers posts blind: 20
UDF1 received [2d 7s]
The_1__Gamblers received [Kd Kc]
UDF1 calls
The_1__Gamblers checks
Flop [Td 3c Ks], UDF1 (20), The_1__Gamblers (20)
The_1__Gamblers bids 0
UDF1 bids 31
UDF1 won the auction and was revealed [Kd]
Flop [Td 3c Ks], UDF1 (20), The_1__Gamblers (20)
The_1__Gamblers bets 24
UDF1 folds
UDF1 awarded -20
The_1__Gamblers awarded 20

Round #41, The_1__Gamblers (1775), UDF1 (-1775)
The_1__Gamblers posts blind: 10
UDF1 posts blind: 20
The_1__Gamblers received [9s 2d]
UDF1 received [Qh 8c]
The_1__Gamblers calls
UDF1 checks
Flop [8s 4s 8d], The_1__Gamblers (20), UDF1 (20)
UDF1 bids 26
The_1__Gamblers bids 0
UDF1 won the auction and was revealed [2d]
Flop [8s 4s 8d], The_1__Gamblers (20), UDF1 (20)
UDF1 bets 3272
The_1__Gamblers folds
The_1__Gamblers awarded -20
UDF1 awarded 20

Round #42, UDF1 (-1755), The_1__Gamblers (1755)
UDF1 posts blind: 10
The_1__Gamblers posts blind: 20
UDF1 received [Ks 9c]
The_1__Gamblers received [9h Kh]
UDF1 raises to 775
The_1__Gamblers calls
Flop [4d Jh 8s], UDF1 (775), The_1__Gamblers (775)
The_1__Gamblers bids 0
UDF1 bids 238
UDF1 won the auction and was revealed [9h]
Flop [4d Jh 8s], UDF1 (775), The_1__Gamblers (775)
The_1__Gamblers checks
UDF1 bets 2556
The_1__Gamblers folds
UDF1 awarded 775
The_1__Gamblers awarded -775

Round #43, The_1__Gamblers (980), UDF1 (-980)
The_1__Gamblers posts blind: 10
UDF1 posts blind: 20
The_1__Gamblers received [6s Jh]
UDF1 received [9h 8h]
The_1__Gamblers calls
UDF1 raises to 2040
The_1__Gamblers calls
Flop [9s As Kd], The_1__Gamblers (2040), UDF1 (2040)
UDF1 bids 572
The_1__Gamblers bids 0
UDF1 won the auction and was revealed [Jh]
Flop [9s As Kd], The_1__Gamblers (2040), UDF1 (2040)
UDF1 bets 2018
The_1__Gamblers folds
The_1__Gamblers awarded -2040
UDF1 awarded 2040

Round #44, UDF1 (1060), The_1__Gamblers (-1060)
UDF1 posts blind: 10
The_1__Gamblers posts blind: 20
UDF1 received [6s Kh]
The_1__Gamblers received [5c 7s]
UDF1 calls
The_1__Gamblers checks
Flop [2s Ad 2d], UDF1 (20), The_1__Gamblers (20)
The_1__Gamblers bids 0
UDF1 bids 35
UDF1 won the auction and was revealed [5c]
Flop [2s Ad 2d], UDF1 (20), The_1__Gamblers (20)
The_1__Gamblers checks
UDF1 bets 2876
The_1__Gamblers folds
UDF1 awarded 20
The_1__Gamblers awarded -20

Round #45, The_1__Gamblers (-1080), UDF1 (1080)
The_1__Gamblers posts blind: 10
UDF1 posts blind: 20
The_1__Gamblers received [8h Kc]
UDF1 received [Qh 7s]
The_1__Gamblers calls
UDF1 checks
Flop [Ah 8s Jd], The_1__Gamblers (20), UDF1 (20)
UDF1 bids 0
The_1__Gamblers bids 0
The_1__Gamblers won the auction and was revealed [Qh]
UDF1 won the auction and was revealed [8h]
Flop [Ah 8s Jd], The_1__Gamblers (20), UDF1 (20)
UDF1 bets 2443
The_1__Gamblers calls
Turn [Ah 8s Jd 9s], The_1__Gamblers (2463), UDF1 (2463)
UDF1 bets 1200
The_1__Gamblers calls
River [Ah 8s Jd 9s 5d], The_1__Gamblers (3663), UDF1 (3663)
UDF1 bets 583
The_1__Gamblers calls
The_1__Gamblers shows [8h Kc]
UDF1 shows [Qh 7s]
The_1__Gamblers awarded 4246
UDF1 awarded -4246

Round #46, UDF1 (-3166), The_1__Gamblers (3166)
UDF1 posts blind: 10
The_1__Gamblers posts blind: 20
UDF1 received [Qd 2s]
The_1__Gamblers received [5c 6s]
UDF1 raises to 742
The_1__Gamblers calls
Flop [3c 4s Tc], UDF1 (742), The_1__Gamblers (742)
The_1__Gamblers bids 0
UDF1 bids 237
UDF1 won the auction and was revealed [6s]
Flop [3c 4s Tc], UDF1 (742), The_1__Gamblers (742)
The_1__Gamblers checks
UDF1 bets 2588
The_1__Gamblers folds
UDF1 awarded 742
The_1__Gamblers awarded -742

Round #47, The_1__Gamblers (2424), UDF1 (-2424)
The_1__Gamblers posts blind: 10
UDF1 posts blind: 20
The_1__Gamblers received [9s Ks]
UDF1 received [Qh 2c]
The_1__Gamblers calls
UDF1 checks
Flop [Td 6h Kc], The_1__Gamblers (20), UDF1 (20)
UDF1 bids 31
The_1__Gamblers bids 0
UDF1 won the auction and was revealed [9s]
Flop [Td 6h Kc], The_1__Gamblers (20), UDF1 (20)
UDF1 bets 2573
The_1__Gamblers raises to 4980
UDF1 calls
Turn [Td 6h Kc 5c], The_1__Gamblers (5000), UDF1 (5000)
UDF1 checks
The_1__Gamblers checks
River [Td 6h Kc 5c Jd], The_1__Gamblers (5000), UDF1 (5000)
UDF1 checks
The_1__Gamblers checks
The_1__Gamblers shows [9s Ks]
UDF1 shows [Qh 2c]
The_1__Gamblers awarded 5000
UDF1 awarded -5000

Round #48, UDF1 (-7424), The_1__Gamblers (7424)
UDF1 posts blind: 10
The_1__Gamblers posts blind: 20
UDF1 received [2d 4s]
The_1__Gamblers received [3h 8h]
UDF1 raises to 461
The_1__Gamblers calls
Flop [4c 5h 6s], UDF1 (461), The_1__Gamblers (461)
The_1__Gamblers bids 0
UDF1 bids 152
UDF1 won the auction and was revealed [3h]
Flop [4c 5h 6s], UDF1 (461), The_1__Gamblers (461)
The_1__Gamblers checks
UDF1 bets 2328
The_1__Gamblers folds
UDF1 awarded 461
The_1__Gamblers awarded -461

Round #49, The_1__Gamblers (6963), UDF1 (-6963)
The_1__Gamblers posts blind: 10
UDF1 posts blind: 20
The_1__Gamblers received [As 7s]
UDF1 received [2h 6c]
The_1__Gamblers calls
UDF1 checks
Flop [Jd Jc Td], The_1__Gamblers (20), UDF1 (20)
UDF1 bids 35
The_1__Gamblers bids 0
UDF1 won the auction and was revealed [As]
Flop [Jd Jc Td], The_1__Gamblers (20), UDF1 (20)
UDF1 bets 2232
The_1__Gamblers folds
The_1__Gamblers awarded -20
UDF1 awarded 20

Round #50, UDF1 (-6943), The_1__Gamblers (6943)
UDF1 posts blind: 10
The_1__Gamblers posts blind: 20
UDF1 received [Ks 6s]
The_1__Gamblers received [Qs 3h]
UDF1 calls
The_1__Gamblers checks
Flop [Kd Qh 6d], UDF1 (20), The_1__Gamblers (20)
The_1__Gamblers bids 0
UDF1 bids 26
UDF1 won the auction and was revealed [Qs]
Flop [Kd Qh 6d], UDF1 (20), The_1__Gamblers (20)
The_1__Gamblers bets 24
UDF1 raises to 3237
The_1__Gamblers raises to 4980
UDF1 calls
Turn [Kd Qh 6d 4d], UDF1 (5000), The_1__Gamblers (5000)
The_1__Gamblers checks
UDF1 checks
River [Kd Qh 6d 4d Ad], UDF1 (5000), The_1__Gamblers (5000)
The_1__Gamblers checks
UDF1 checks
UDF1 shows [Ks 6s]
The_1__Gamblers shows [Qs 3h]
UDF1 awarded 5000
The_1__Gamblers awarded -5000

Round #51, The_1__Gamblers (1943), UDF1 (-1943)
The_1__Gamblers posts blind: 10
UDF1 posts blind: 20
The_1__Gamblers received [4d Ks]
UDF1 received [9c 7h]
The_1__Gamblers calls
UDF1 checks
Flop [4s 5s 7d], The_1__Gamblers (20), UDF1 (20)
UDF1 bids 25
The_1__Gamblers bids 0
UDF1 won the auction and was revealed [4d]
Flop [4s 5s 7d], The_1__Gamblers (20), UDF1 (20)
UDF1 bets 3069
The_1__Gamblers folds
The_1__Gamblers awarded -20
UDF1 awarded 20

Round #52, UDF1 (-1923), The_1__Gamblers (1923)
UDF1 posts blind: 10
The_1__Gamblers posts blind: 20
UDF1 received [7d 9c]
The_1__Gamblers received [7s 4s]
UDF1 raises to 504
The_1__Gamblers calls
Flop [6d 5d 2s], UDF1 (504), The_1__Gamblers (504)
The_1__Gamblers bids 0
UDF1 bids 155
UDF1 won the auction and was revealed [4s]
Flop [6d 5d 2s], UDF1 (504), The_1__Gamblers (504)
The_1__Gamblers checks
UDF1 bets 2466
The_1__Gamblers folds
UDF1 awarded 504
The_1__Gamblers awarded -504

Round #53, The_1__Gamblers (1419), UDF1 (-1419)
The_1__Gamblers posts blind: 10
UDF1 posts blind: 20
The_1__Gamblers received [9d 2s]
UDF1 received [Ac Kd]
The_1__Gamblers calls
UDF1 raises to 4434
The_1__Gamblers calls
Flop [7c 6d Ts], The_1__Gamblers (4434), UDF1 (4434)
UDF1 bids 566
The_1__Gamblers bids 0
UDF1 won the auction and was revealed [9d]
Flop [7c 6d Ts], The_1__Gamblers (4434), UDF1 (4434)
UDF1 bets 340
The_1__Gamblers calls
Turn [7c 6d Ts Th], The_1__Gamblers (4774), UDF1 (4774)
UDF1 bets 120
The_1__Gamblers calls
River [7c 6d Ts Th As], The_1__Gamblers (4894), UDF1 (4894)
UDF1 bets 72
The_1__Gamblers calls
The_1__Gamblers shows [9d 2s]
UDF1 shows [Ac Kd]
The_1__Gamblers awarded -4966
UDF1 awarded 4966

Round #54, UDF1 (3547), The_1__Gamblers (-3547)
UDF1 posts blind: 10
The_1__Gamblers posts blind: 20
UDF1 received [5c 3c]
The_1__Gamblers received [6h 9s]
UDF1 calls
The_1__Gamblers checks
Flop [Qs 8d 5s], UDF1 (20), The_1__Gamblers (20)
The_1__Gamblers bids 0
UDF1 bids 30
UDF1 won the auction and was revealed [9s]
Flop [Qs 8d 5s], UDF1 (20), The_1__Gamblers (20)
The_1__Gamblers checks
UDF1 bets 3057
The_1__Gamblers folds
UDF1 awarded 20
The_1__Gamblers awarded -20

Round #55, The_1__Gamblers (-3567), UDF1 (3567)
The_1__Gamblers posts blind: 10
UDF1 posts blind: 20
The_1__Gamblers received [Ts 9h]
UDF1 received [8d 7d]
The_1__Gamblers calls
UDF1 checks
Flop [6h 4h Kd], The_1__Gamblers (20), UDF1 (20)
UDF1 bids 27
The_1__Gamblers bids 0
UDF1 won the auction and was revealed [Ts]
Flop [6h 4h Kd], The_1__Gamblers (20), UDF1 (20)
UDF1 bets 2936
The_1__Gamblers folds
The_1__Gamblers awarded -20
UDF1 awarded 20

Round #56, UDF1 (3587), The_1__Gamblers (-3587)
UDF1 posts blind: 10
The_1__Gamblers posts blind: 20
UDF1 received [5s 6s]
The_1__Gamblers received [Js Td]
UDF1 calls
The_1__Gamblers checks
Flop [Qc 2s 3d], UDF1 (20), The_1__Gamblers (20)
The_1__Gamblers bids 0
UDF1 bids 35
UDF1 won the auction and was revealed [Js]
Flop [Qc 2s 3d], UDF1 (20), The_1__Gamblers (20)
The_1__Gamblers checks
UDF1 bets 2787
The_1__Gamblers folds
UDF1 awarded 20
The_1__Gamblers awarded -20

Round #57, The_1__Gamblers (-3607), UDF1 (3607)
The_1__Gamblers posts blind: 10
UDF1 posts blind: 20
The_1__Gamblers received [Jc 6d]
UDF1 received [3c Kh]
The_1__Gamblers calls
UDF1 checks
Flop [Qd Ad 9c], The_1__Gamblers (20), UDF1 (20)
UDF1 bids 26
The_1__Gamblers bids 0
UDF1 won the auction and was revealed [6d]
Flop [Qd Ad 9c], The_1__Gamblers (20), UDF1 (20)
UDF1 bets 2752
The_1__Gamblers folds
The_1__Gamblers awarded -20
UDF1 awarded 20

Round #58, UDF1 (3627), The_1__Gamblers (-3627)
UDF1 posts blind: 10
The_1__Gamblers posts blind: 20
UDF1 received [Th Qh]
The_1__Gamblers received [4s 7c]
UDF1 raises to 1729
The_1__Gamblers calls
Flop [2s Qc 8d], UDF1 (1729), The_1__Gamblers (1729)
The_1__Gamblers bids 0
UDF1 bids 517
UDF1 won the auction and was revealed [7c]
Flop [2s Qc 8d], UDF1 (1729), The_1__Gamblers (1729)
The_1__Gamblers checks
UDF1 bets 2310
The_1__Gamblers folds
UDF1 awarded 1729
The_1__Gamblers awarded -1729

Round #59, The_1__Gamblers (-5356), UDF1 (5356)
The_1__Gamblers posts blind: 10
UDF1 posts blind: 20
The_1__Gamblers received [Qs 3s]
UDF1 received [Jc 4h]
The_1__Gamblers calls
UDF1 checks
Flop [5c Kc Td], The_1__Gamblers (20), UDF1 (20)
UDF1 bids 27
The_1__Gamblers bids 0
UDF1 won the auction and was revealed [3s]
Flop [5c Kc Td], The_1__Gamblers (20), UDF1 (20)
UDF1 bets 2652
The_1__Gamblers folds
The_1__Gamblers awarded -20
UDF1 awarded 20

Round #60, UDF1 (5376), The_1__Gamblers (-5376)
UDF1 posts blind: 10
The_1__Gamblers posts blind: 20
UDF1 received [7s Jh]
The_1__Gamblers received [3s Jd]
UDF1 raises to 452
The_1__Gamblers calls
Flop [9c 9d Ac], UDF1 (452), The_1__Gamblers (452)
The_1__Gamblers bids 0
UDF1 bids 145
UDF1 won the auction and was revealed [3s]
Flop [9c 9d Ac], UDF1 (452), The_1__Gamblers (452)
The_1__Gamblers checks
UDF1 bets 2638
The_1__Gamblers folds
UDF1 awarded 452
The_1__Gamblers awarded -452

Round #61, The_1__Gamblers (-5828), UDF1 (5828)
The_1__Gamblers posts blind: 10
UDF1 posts blind: 20
The_1__Gamblers received [As Jc]
UDF1 received [9s 5c]
The_1__Gamblers calls
UDF1 checks
Flop [9c Qs Tc], The_1__Gamblers (20), UDF1 (20)
UDF1 bids 28
The_1__Gamblers bids 0
UDF1 won the auction and was revealed [Jc]
Flop [9c Qs Tc], The_1__Gamblers (20), UDF1 (20)
UDF1 bets 2123
The_1__Gamblers folds
The_1__Gamblers awarded -20
UDF1 awarded 20

Round #62, UDF1 (5848), The_1__Gamblers (-5848)
UDF1 posts blind: 10
The_1__Gamblers posts blind: 20
UDF1 received [5c 9d]
The_1__Gamblers received [6h 9c]
UDF1 folds
UDF1 awarded -10
The_1__Gamblers awarded 10

Round #63, The_1__Gamblers (-5838), UDF1 (5838)
The_1__Gamblers posts blind: 10
UDF1 posts blind: 20
The_1__Gamblers received [As 4d]
UDF1 received [Jc 6h]
The_1__Gamblers calls
UDF1 checks
Flop [6s 5c Td], The_1__Gamblers (20), UDF1 (20)
UDF1 bids 33
The_1__Gamblers bids 0
UDF1 won the auction and was revealed [As]
Flop [6s 5c Td], The_1__Gamblers (20), UDF1 (20)
UDF1 bets 3142
The_1__Gamblers folds
The_1__Gamblers awarded -20
UDF1 awarded 20

Round #64, UDF1 (5858), The_1__Gamblers (-5858)
UDF1 posts blind: 10
The_1__Gamblers posts blind: 20
UDF1 received [7h Qd]
The_1__Gamblers received [9s 2d]
UDF1 calls
The_1__Gamblers checks
Flop [Th 4d Ks], UDF1 (20), The_1__Gamblers (20)
The_1__Gamblers bids 0
UDF1 bids 32
UDF1 won the auction and was revealed [9s]
Flop [Th 4d Ks], UDF1 (20), The_1__Gamblers (20)
The_1__Gamblers checks
UDF1 bets 2757
The_1__Gamblers folds
UDF1 awarded 20
The_1__Gamblers awarded -20

Round #65, The_1__Gamblers (-5878), UDF1 (5878)
The_1__Gamblers posts blind: 10
UDF1 posts blind: 20
The_1__Gamblers received [Ks 5h]
UDF1 received [Tc 3s]
The_1__Gamblers calls
UDF1 checks
Flop [Jc Qd 2s], The_1__Gamblers (20), UDF1 (20)
UDF1 bids 34
The_1__Gamblers bids 0
UDF1 won the auction and was revealed [Ks]
Flop [Jc Qd 2s], The_1__Gamblers (20), UDF1 (20)
UDF1 bets 2640
The_1__Gamblers folds
The_1__Gamblers awarded -20
UDF1 awarded 20

Round #66, UDF1 (5898), The_1__Gamblers (-5898)
UDF1 posts blind: 10
The_1__Gamblers posts blind: 20
UDF1 received [Qc Jh]
The_1__Gamblers received [4s 8d]
UDF1 calls
The_1__Gamblers checks
Flop [8h 6d Ac], UDF1 (20), The_1__Gamblers (20)
The_1__Gamblers bids 0
UDF1 bids 25
UDF1 won the auction and was revealed [8d]
Flop [8h 6d Ac], UDF1 (20), The_1__Gamblers (20)
The_1__Gamblers bets 24
UDF1 folds
UDF1 awarded -20
The_1__Gamblers awarded 20

Round #67, The_1__Gamblers (-5878), UDF1 (5878)
The_1__Gamblers posts blind: 10
UDF1 posts blind: 20
The_1__Gamblers received [Td Tc]
UDF1 received [7c 5d]
The_1__Gamblers calls
UDF1 checks
Flop [Jh 9d 7h], The_1__Gamblers (20), UDF1 (20)
UDF1 bids 33
The_1__Gamblers bids 0
UDF1 won the auction and was revealed [Tc]
Flop [Jh 9d 7h], The_1__Gamblers (20), UDF1 (20)
UDF1 bets 2777
The_1__Gamblers raises to 4980
UDF1 calls
Turn [Jh 9d 7h Qc], The_1__Gamblers (5000), UDF1 (5000)
UDF1 checks
The_1__Gamblers checks
River [Jh 9d 7h Qc 5s], The_1__Gamblers (5000), UDF1 (5000)
UDF1 checks
The_1__Gamblers checks
The_1__Gamblers shows [Td Tc]
UDF1 shows [7c 5d]
The_1__Gamblers awarded -5000
UDF1 awarded 5000

Round #68, UDF1 (10878), The_1__Gamblers (-10878)
UDF1 posts blind: 10
The_1__Gamblers posts blind: 20
UDF1 received [4d Qs]
The_1__Gamblers received [6h 6d]
UDF1 calls
The_1__Gamblers checks
Flop [Kc 4s 9d], UDF1 (20), The_1__Gamblers (20)
The_1__Gamblers bids 0
UDF1 bids 31
UDF1 won the auction and was revealed [6h]
Flop [Kc 4s 9d], UDF1 (20), The_1__Gamblers (20)
The_1__Gamblers bets 24
UDF1 raises to 3268
The_1__Gamblers calls
Turn [Kc 4s 9d 3h], UDF1 (3288), The_1__Gamblers (3288)
The_1__Gamblers bets 1712
UDF1 calls
River [Kc 4s 9d 3h 3s], UDF1 (5000), The_1__Gamblers (5000)
The_1__Gamblers checks
UDF1 checks
UDF1 shows [4d Qs]
The_1__Gamblers shows [6h 6d]
UDF1 awarded -5000
The_1__Gamblers awarded 5000

Round #69, The_1__Gamblers (-5878), UDF1 (5878)
The_1__Gamblers posts blind: 10
UDF1 posts blind: 20
The_1__Gamblers received [7d 7h]
UDF1 received [Jd 2c]
The_1__Gamblers calls
UDF1 checks
Flop [Jh 3h 9c], The_1__Gamblers (20), UDF1 (20)
UDF1 bids 35
The_1__Gamblers bids 0
UDF1 won the auction and was revealed [7h]
Flop [Jh 3h 9c], The_1__Gamblers (20), UDF1 (20)
UDF1 bets 3146
The_1__Gamblers calls
Turn [Jh 3h 9c Qd], The_1__Gamblers (3166), UDF1 (3166)
UDF1 bets 1049
The_1__Gamblers calls
River [Jh 3h 9c Qd 4c], The_1__Gamblers (4215), UDF1 (4215)
UDF1 bets 495
The_1__Gamblers calls
The_1__Gamblers shows [7d 7h]
UDF1 shows [Jd 2c]
The_1__Gamblers awarded -4710
UDF1 awarded 4710

Round #70, UDF1 (10588), The_1__Gamblers (-10588)
UDF1 posts blind: 10
The_1__Gamblers posts blind: 20
UDF1 received [8s Ts]
The_1__Gamblers received [7h 7d]
UDF1 folds
UDF1 awarded -10
The_1__Gamblers awarded 10

Round #71, The_1__Gamblers (-10578), UDF1 (10578)
The_1__Gamblers posts blind: 10
UDF1 posts blind: 20
The_1__Gamblers received [9s 8d]
UDF1 received [7h 7d]
The_1__Gamblers calls
UDF1 raises to 1855
The_1__Gamblers calls
Flop [3h Td As], The_1__Gamblers (1855), UDF1 (1855)
UDF1 bids 530
The_1__Gamblers bids 0
UDF1 won the auction and was revealed [9s]
Flop [3h Td As], The_1__Gamblers (1855), UDF1 (1855)
UDF1 bets 2024
The_1__Gamblers folds
The_1__Gamblers awarded -1855
UDF1 awarded 1855

Round #72, UDF1 (12433), The_1__Gamblers (-12433)
UDF1 posts blind: 10
The_1__Gamblers posts blind: 20
UDF1 received [Jd Ts]
The_1__Gamblers received [4c 6c]
UDF1 calls
The_1__Gamblers checks
Flop [Ah 5d 9d], UDF1 (20), The_1__Gamblers (20)
The_1__Gamblers bids 0
UDF1 bids 34
UDF1 won the auction and was revealed [4c]
Flop [Ah 5d 9d], UDF1 (20), The_1__Gamblers (20)
The_1__Gamblers checks
UDF1 bets 3100
The_1__Gamblers folds
UDF1 awarded 20
The_1__Gamblers awarded -20

Round #73, The_1__Gamblers (-12453), UDF1 (12453)
The_1__Gamblers posts blind: 10
UDF1 posts blind: 20
The_1__Gamblers received [Ac Qs]
UDF1 received [As 2c]
The_1__Gamblers calls
UDF1 checks
Flop [9c Kh Td], The_1__Gamblers (20), UDF1 (20)
UDF1 bids 24
The_1__Gamblers bids 0
UDF1 won the auction and was revealed [Ac]
Flop [9c Kh Td], The_1__Gamblers (20), UDF1 (20)
UDF1 bets 2773
The_1__Gamblers folds
The_1__Gamblers awarded -20
UDF1 awarded 20

Round #74, UDF1 (12473), The_1__Gamblers (-12473)
UDF1 posts blind: 10
The_1__Gamblers posts blind: 20
UDF1 received [Ah 5h]
The_1__Gamblers received [Ks 4s]
UDF1 raises to 394
The_1__Gamblers calls
Flop [9c 8h 4d], UDF1 (394), The_1__Gamblers (394)
The_1__Gamblers bids 0
UDF1 bids 127
UDF1 won the auction and was revealed [4s]
Flop [9c 8h 4d], UDF1 (394), The_1__Gamblers (394)
The_1__Gamblers bets 472
UDF1 folds
UDF1 awarded -394
The_1__Gamblers awarded 394

Round #75, The_1__Gamblers (-12079), UDF1 (12079)
The_1__Gamblers posts blind: 10
UDF1 posts blind: 20
The_1__Gamblers received [3d Jd]
UDF1 received [6h 3s]
The_1__Gamblers calls
UDF1 checks
Flop [7d 9h Qs], The_1__Gamblers (20), UDF1 (20)
UDF1 bids 0
The_1__Gamblers bids 0
The_1__Gamblers won the auction and was revealed [3s]
UDF1 won the auction and was revealed [3d]
Flop [7d 9h Qs], The_1__Gamblers (20), UDF1 (20)
UDF1 bets 2266
The_1__Gamblers folds
The_1__Gamblers awarded -20
UDF1 awarded 20

Round #76, UDF1 (12099), The_1__Gamblers (-12099)
UDF1 posts blind: 10
The_1__Gamblers posts blind: 20
UDF1 received [5h 6h]
The_1__Gamblers received [7h 6s]
UDF1 calls
The_1__Gamblers checks
Flop [Ah 4c Th], UDF1 (20), The_1__Gamblers (20)
The_1__Gamblers bids 0
UDF1 bids 29
UDF1 won the auction and was revealed [7h]
Flop [Ah 4c Th], UDF1 (20), The_1__Gamblers (20)
The_1__Gamblers checks
UDF1 bets 2462
The_1__Gamblers folds
UDF1 awarded 20
The_1__Gamblers awarded -20

Round #77, The_1__Gamblers (-12119), UDF1 (12119)
The_1__Gamblers posts blind: 10
UDF1 posts blind: 20
The_1__Gamblers received [9c 8c]
UDF1 received [6d 3c]
The_1__Gamblers calls
UDF1 checks
Flop [Qh 7s 8h], The_1__Gamblers (20), UDF1 (20)
UDF1 bids 38
The_1__Gamblers bids 0
UDF1 won the auction and was revealed [8c]
Flop [Qh 7s 8h], The_1__Gamblers (20), UDF1 (20)
UDF1 bets 2312
The_1__Gamblers raises to 4624
UDF1 folds
The_1__Gamblers awarded 2332
UDF1 awarded -2332

Round #78, UDF1 (9787), The_1__Gamblers (-9787)
UDF1 posts blind: 10
The_1__Gamblers posts blind: 20
UDF1 received [Jc Ac]
The_1__Gamblers received [9d Ts]
UDF1 raises to 3391
The_1__Gamblers calls
Flop [6c 7h 6h], UDF1 (3391), The_1__Gamblers (3391)
The_1__Gamblers bids 0
UDF1 bids 833
UDF1 won the auction and was revealed [Ts]
Flop [6c 7h 6h], UDF1 (3391), The_1__Gamblers (3391)
The_1__Gamblers checks
UDF1 bets 816
The_1__Gamblers calls
Turn [6c 7h 6h 8s], UDF1 (4207), The_1__Gamblers (4207)
The_1__Gamblers bets 793
UDF1 calls
River [6c 7h 6h 8s 5c], UDF1 (5000), The_1__Gamblers (5000)
The_1__Gamblers checks
UDF1 checks
UDF1 shows [Jc Ac]
The_1__Gamblers shows [9d Ts]
UDF1 awarded -5000
The_1__Gamblers awarded 5000

Round #79, The_1__Gamblers (-4787), UDF1 (4787)
The_1__Gamblers posts blind: 10
UDF1 posts blind: 20
The_1__Gamblers received [3c 4c]
UDF1 received [Qs 3d]
The_1__Gamblers calls
UDF1 raises to 716
The_1__Gamblers calls
Flop [Jc Ks Js], The_1__Gamblers (716), UDF1 (716)
UDF1 bids 230
The_1__Gamblers bids 0
UDF1 won the auction and was revealed [4c]
Flop [Jc Ks Js], The_1__Gamblers (716), UDF1 (716)
UDF1 bets 2444
The_1__Gamblers folds
The_1__Gamblers awarded -716
UDF1 awarded 716

Round #80, UDF1 (5503), The_1__Gamblers (-5503)
UDF1 posts blind: 10
The_1__Gamblers posts blind: 20
UDF1 received [Jh 2d]
The_1__Gamblers received [Kh 2c]
UDF1 raises to 641
The_1__Gamblers calls
Flop [Jc 9d Kc], UDF1 (641), The_1__Gamblers (641)
The_1__Gamblers bids 0
UDF1 bids 203
UDF1 won the auction and was revealed [2c]
Flop [Jc 9d Kc], UDF1 (641), The_1__Gamblers (641)
The_1__Gamblers bets 769
UDF1 raises to 3295
The_1__Gamblers raises to 4359
UDF1 calls
Turn [Jc 9d Kc 9h], UDF1 (5000), The_1__Gamblers (5000)
The_1__Gamblers checks
UDF1 checks
River [Jc 9d Kc 9h Js], UDF1 (5000), The_1__Gamblers (5000)
The_1__Gamblers checks
UDF1 checks
UDF1 shows [Jh 2d]
The_1__Gamblers shows [Kh 2c]
UDF1 awarded 5000
The_1__Gamblers awarded -5000

Round #81, The_1__Gamblers (-10503), UDF1 (10503)
The_1__Gamblers posts blind: 10
UDF1 posts blind: 20
The_1__Gamblers received [3c Jd]
UDF1 received [7s As]
The_1__Gamblers calls
UDF1 checks
Flop [3d 3h Js], The_1__Gamblers (20), UDF1 (20)
UDF1 bids 43
The_1__Gamblers bids 0
UDF1 won the auction and was revealed [Jd]
Flop [3d 3h Js], The_1__Gamblers (20), UDF1 (20)
UDF1 bets 2304
The_1__Gamblers raises to 4608
UDF1 folds
The_1__Gamblers awarded 2324
UDF1 awarded -2324

Round #82, UDF1 (8179), The_1__Gamblers (-8179)
UDF1 posts blind: 10
The_1__Gamblers posts blind: 20
UDF1 received [Jc Qd]
The_1__Gamblers received [9d 6s]
UDF1 raises to 2020
The_1__Gamblers calls
Flop [Kc 5h Jh], UDF1 (2020), The_1__Gamblers (2020)
The_1__Gamblers bids 0
UDF1 bids 0
UDF1 won the auction and was revealed [6s]
The_1__Gamblers won the auction and was revealed [Qd]
Flop [Kc 5h Jh], UDF1 (2020), The_1__Gamblers (2020)
The_1__Gamblers checks
UDF1 bets 2220
The_1__Gamblers folds
UDF1 awarded 2020
The_1__Gamblers awarded -2020

Round #83, The_1__Gamblers (-10199), UDF1 (10199)
The_1__Gamblers posts blind: 10
UDF1 posts blind: 20
The_1__Gamblers received [8c 5c]
UDF1 received [9c Js]
The_1__Gamblers calls
UDF1 checks
Flop [7s 6d Kc], The_1__Gamblers (20), UDF1 (20)
UDF1 bids 43
The_1__Gamblers bids 0
UDF1 won the auction and was revealed [5c]
Flop [7s 6d Kc], The_1__Gamblers (20), UDF1 (20)
UDF1 bets 2944
The_1__Gamblers folds
The_1__Gamblers awarded -20
UDF1 awarded 20

Round #84, UDF1 (10219), The_1__Gamblers (-10219)
UDF1 posts blind: 10
The_1__Gamblers posts blind: 20
UDF1 received [Kh 4c]
The_1__Gamblers received [Jh Qc]
UDF1 folds
UDF1 awarded -10
The_1__Gamblers awarded 10

Round #85, The_1__Gamblers (-10209), UDF1 (10209)
The_1__Gamblers posts blind: 10
UDF1 posts blind: 20
The_1__Gamblers received [4h Qd]
UDF1 received [Js 3h]
The_1__Gamblers calls
UDF1 checks
Flop [3s 6h 7d], The_1__Gamblers (20), UDF1 (20)
UDF1 bids 38
The_1__Gamblers bids 0
UDF1 won the auction and was revealed [4h]
Flop [3s 6h 7d], The_1__Gamblers (20), UDF1 (20)
UDF1 bets 3067
The_1__Gamblers folds
The_1__Gamblers awarded -20
UDF1 awarded 20

Round #86, UDF1 (10229), The_1__Gamblers (-10229)
UDF1 posts blind: 10
The_1__Gamblers posts blind: 20
UDF1 received [Qs 7c]
The_1__Gamblers received [6c 3c]
UDF1 raises to 574
The_1__Gamblers calls
Flop [5s 8d 6h], UDF1 (574), The_1__Gamblers (574)
The_1__Gamblers bids 0
UDF1 bids 194
UDF1 won the auction and was revealed [6c]
Flop [5s 8d 6h], UDF1 (574), The_1__Gamblers (574)
The_1__Gamblers bets 688
UDF1 calls
Turn [5s 8d 6h Jh], UDF1 (1262), The_1__Gamblers (1262)
The_1__Gamblers bets 1514
UDF1 folds
UDF1 awarded -1262
The_1__Gamblers awarded 1262

Round #87, The_1__Gamblers (-8967), UDF1 (8967)
The_1__Gamblers posts blind: 10
UDF1 posts blind: 20
The_1__Gamblers received [Qc Kd]
UDF1 received [6h 5h]
The_1__Gamblers calls
UDF1 checks
Flop [2c 6c Jc], The_1__Gamblers (20), UDF1 (20)
UDF1 bids 50
The_1__Gamblers bids 0
UDF1 won the auction and was revealed [Qc]
Flop [2c 6c Jc], The_1__Gamblers (20), UDF1 (20)
UDF1 bets 2435
The_1__Gamblers folds
The_1__Gamblers awarded -20
UDF1 awarded 20

Round #88, UDF1 (8987), The_1__Gamblers (-8987)
UDF1 posts blind: 10
The_1__Gamblers posts blind: 20
UDF1 received [6h Th]
The_1__Gamblers received [2c 9c]
UDF1 raises to 712
The_1__Gamblers calls
Flop [4d 8d 5c], UDF1 (712), The_1__Gamblers (712)
The_1__Gamblers bids 0
UDF1 bids 230
UDF1 won the auction and was revealed [9c]
Flop [4d 8d 5c], UDF1 (712), The_1__Gamblers (712)
The_1__Gamblers checks
UDF1 bets 2126
The_1__Gamblers folds
UDF1 awarded 712
The_1__Gamblers awarded -712

Round #89, The_1__Gamblers (-9699), UDF1 (9699)
The_1__Gamblers posts blind: 10
UDF1 posts blind: 20
The_1__Gamblers received [2c 8h]
UDF1 received [Qh Jh]
The_1__Gamblers calls
UDF1 raises to 3541
The_1__Gamblers calls
Flop [7d 6s 6d], The_1__Gamblers (3541), UDF1 (3541)
UDF1 bids 857
The_1__Gamblers bids 0
UDF1 won the auction and was revealed [2c]
Flop [7d 6s 6d], The_1__Gamblers (3541), UDF1 (3541)
UDF1 bets 813
The_1__Gamblers folds
The_1__Gamblers awarded -3541
UDF1 awarded 3541

Round #90, UDF1 (13240), The_1__Gamblers (-13240)
UDF1 posts blind: 10
The_1__Gamblers posts blind: 20
UDF1 received [Qd 6h]
The_1__Gamblers received [7h 2s]
UDF1 folds
UDF1 awarded -10
The_1__Gamblers awarded 10

Round #91, The_1__Gamblers (-13230), UDF1 (13230)
The_1__Gamblers posts blind: 10
UDF1 posts blind: 20
The_1__Gamblers received [Ks 6h]
UDF1 received [6c Qc]
The_1__Gamblers calls
UDF1 checks
Flop [Jc Kh 7h], The_1__Gamblers (20), UDF1 (20)
UDF1 bids 54
The_1__Gamblers bids 0
UDF1 won the auction and was revealed [Ks]
Flop [Jc Kh 7h], The_1__Gamblers (20), UDF1 (20)
UDF1 bets 2020
The_1__Gamblers raises to 4040
UDF1 folds
The_1__Gamblers awarded 2040
UDF1 awarded -2040

Round #92, UDF1 (11190), The_1__Gamblers (-11190)
UDF1 posts blind: 10
The_1__Gamblers posts blind: 20
UDF1 received [9s Qs]
The_1__Gamblers received [4s Kh]
UDF1 folds
UDF1 awarded -10
The_1__Gamblers awarded 10

Round #93, The_1__Gamblers (-11180), UDF1 (11180)
The_1__Gamblers posts blind: 10
UDF1 posts blind: 20
The_1__Gamblers received [Qh 5h]
UDF1 received [Qc Tc]
The_1__Gamblers calls
UDF1 checks
Flop [5s Qd 2d], The_1__Gamblers (20), UDF1 (20)
UDF1 bids 44
The_1__Gamblers bids 0
UDF1 won the auction and was revealed [5h]
Flop [5s Qd 2d], The_1__Gamblers (20), UDF1 (20)
UDF1 bets 3415
The_1__Gamblers raises to 4980
UDF1 calls
Turn [5s Qd 2d 2s], The_1__Gamblers (5000), UDF1 (5000)
UDF1 checks
The_1__Gamblers checks
River [5s Qd 2d 2s Kd], The_1__Gamblers (5000), UDF1 (5000)
UDF1 checks
The_1__Gamblers checks
The_1__Gamblers shows [Qh 5h]
UDF1 shows [Qc Tc]
The_1__Gamblers awarded 5000
UDF1 awarded -5000

Round #94, UDF1 (6180), The_1__Gamblers (-6180)
UDF1 posts blind: 10
The_1__Gamblers posts blind: 20
UDF1 received [9h 3c]
The_1__Gamblers received [8h 4d]
UDF1 folds
UDF1 awarded -10
The_1__Gamblers awarded 10

Round #95, The_1__Gamblers (-6170), UDF1 (6170)
The_1__Gamblers posts blind: 10
UDF1 posts blind: 20
The_1__Gamblers received [Tc Kh]
UDF1 received [6h 5c]
The_1__Gamblers calls
UDF1 checks
Flop [Kd 9c 9d], The_1__Gamblers (20), UDF1 (20)
UDF1 bids 44
The_1__Gamblers bids 0
UDF1 won the auction and was revealed [Kh]
Flop [Kd 9c 9d], The_1__Gamblers (20), UDF1 (20)
UDF1 bets 2244
The_1__Gamblers raises to 4488
UDF1 folds
The_1__Gamblers awarded 2264
UDF1 awarded -2264

Round #96, UDF1 (3906), The_1__Gamblers (-3906)
UDF1 posts blind: 10
The_1__Gamblers posts blind: 20
UDF1 received [8c Ks]
The_1__Gamblers received [6s 2d]
UDF1 raises to 688
The_1__Gamblers calls
Flop [Jc Js Ac], UDF1 (688), The_1__Gamblers (688)
The_1__Gamblers bids 0
UDF1 bids 226
UDF1 won the auction and was revealed [6s]
Flop [Jc Js Ac], UDF1 (688), The_1__Gamblers (688)
The_1__Gamblers checks
UDF1 bets 2778
The_1__Gamblers folds
UDF1 awarded 688
The_1__Gamblers awarded -688

Round #97, The_1__Gamblers (-4594), UDF1 (4594)
The_1__Gamblers posts blind: 10
UDF1 posts blind: 20
The_1__Gamblers received [4s Ks]
UDF1 received [7h Td]
The_1__Gamblers calls
UDF1 raises to 339
The_1__Gamblers calls
Flop [7c 4h 6s], The_1__Gamblers (339), UDF1 (339)
UDF1 bids 124
The_1__Gamblers bids 0
UDF1 won the auction and was revealed [Ks]
Flop [7c 4h 6s], The_1__Gamblers (339), UDF1 (339)
UDF1 bets 3088
The_1__Gamblers calls
Turn [7c 4h 6s Th], The_1__Gamblers (3427), UDF1 (3427)
UDF1 bets 1048
The_1__Gamblers calls
River [7c 4h 6s Th 4d], The_1__Gamblers (4475), UDF1 (4475)
UDF1 bets 311
The_1__Gamblers raises to 525
UDF1 calls
The_1__Gamblers shows [4s Ks]
UDF1 shows [7h Td]
The_1__Gamblers awarded 5000
UDF1 awarded -5000

Round #98, UDF1 (-406), The_1__Gamblers (406)
UDF1 posts blind: 10
The_1__Gamblers posts blind: 20
UDF1 received [3c As]
The_1__Gamblers received [5s Jc]
UDF1 folds
UDF1 awarded -10
The_1__Gamblers awarded 10

Round #99, The_1__Gamblers (416), UDF1 (-416)
The_1__Gamblers posts blind: 10
UDF1 posts blind: 20
The_1__Gamblers received [2c Qh]
UDF1 received [9h 2d]
The_1__Gamblers calls
UDF1 checks
Flop [Td 7s 5h], The_1__Gamblers (20), UDF1 (20)
UDF1 bids 50
The_1__Gamblers bids 0
UDF1 won the auction and was revealed [2c]
Flop [Td 7s 5h], The_1__Gamblers (20), UDF1 (20)
UDF1 bets 2370
The_1__Gamblers folds
The_1__Gamblers awarded -20
UDF1 awarded 20

Round #100, UDF1 (-396), The_1__Gamblers (396)
UDF1 posts blind: 10
The_1__Gamblers posts blind: 20
UDF1 received [4s 6h]
The_1__Gamblers received [3c 7s]
UDF1 folds
UDF1 awarded -10
The_1__Gamblers awarded 10

Round #101, The_1__Gamblers (406), UDF1 (-406)
The_1__Gamblers posts blind: 10
UDF1 posts blind: 20
The_1__Gamblers received [Ah 6d]
UDF1 received [Qs Th]
The_1__Gamblers calls
UDF1 checks
Flop [4d 2d 7d], The_1__Gamblers (20), UDF1 (20)
UDF1 bids 52
The_1__Gamblers bids 0
UDF1 won the auction and was revealed [Ah]
Flop [4d 2d 7d], The_1__Gamblers (20), UDF1 (20)
UDF1 bets 1960
The_1__Gamblers folds
The_1__Gamblers awarded -20
UDF1 awarded 20

Round #102, UDF1 (-386), The_1__Gamblers (386)
UDF1 posts blind: 10
The_1__Gamblers posts blind: 20
UDF1 received [4h 7h]
The_1__Gamblers received [8s 9c]
UDF1 folds
UDF1 awarded -10
The_1__Gamblers awarded 10

Round #103, The_1__Gamblers (396), UDF1 (-396)
The_1__Gamblers posts blind: 10
UDF1 posts blind: 20
The_1__Gamblers received [7d 3c]
UDF1 received [9c 4c]
The_1__Gamblers calls
UDF1 checks
Flop [5h 3h Ah], The_1__Gamblers (20), UDF1 (20)
UDF1 bids 42
The_1__Gamblers bids 0
UDF1 won the auction and was revealed [7d]
Flop [5h 3h Ah], The_1__Gamblers (20), UDF1 (20)
UDF1 bets 2772
The_1__Gamblers folds
The_1__Gamblers awarded -20
UDF1 awarded 20

Round #104, UDF1 (-376), The_1__Gamblers (376)
UDF1 posts blind: 10
The_1__Gamblers posts blind: 20
UDF1 received [2s Jd]
The_1__Gamblers received [Ts 4c]
UDF1 raises to 641
The_1__Gamblers calls
Flop [7c 3c 5c], UDF1 (641), The_1__Gamblers (641)
The_1__Gamblers bids 0
UDF1 bids 213
UDF1 won the auction and was revealed [Ts]
Flop [7c 3c 5c], UDF1 (641), The_1__Gamblers (641)
The_1__Gamblers checks
UDF1 bets 2052
The_1__Gamblers folds
UDF1 awarded 641
The_1__Gamblers awarded -641

Round #105, The_1__Gamblers (-265), UDF1 (265)
The_1__Gamblers posts blind: 10
UDF1 posts blind: 20
The_1__Gamblers received [7s Ks]
UDF1 received [Kh 2c]
The_1__Gamblers calls
UDF1 checks
Flop [5d Kc 6s], The_1__Gamblers (20), UDF1 (20)
UDF1 bids 51
The_1__Gamblers bids 0
UDF1 won the auction and was revealed [7s]
Flop [5d Kc 6s], The_1__Gamblers (20), UDF1 (20)
UDF1 bets 3359
The_1__Gamblers raises to 4980
UDF1 calls
Turn [5d Kc 6s 8d], The_1__Gamblers (5000), UDF1 (5000)
UDF1 checks
The_1__Gamblers checks
River [5d Kc 6s 8d Kd], The_1__Gamblers (5000), UDF1 (5000)
UDF1 checks
The_1__Gamblers checks
The_1__Gamblers shows [7s Ks]
UDF1 shows [Kh 2c]
The_1__Gamblers awarded 5000
UDF1 awarded -5000

Round #106, UDF1 (-4735), The_1__Gamblers (4735)
UDF1 posts blind: 10
The_1__Gamblers posts blind: 20
UDF1 received [Ac 9s]
The_1__Gamblers received [Tc Jc]
UDF1 calls
The_1__Gamblers checks
Flop [5h Ts As], UDF1 (20), The_1__Gamblers (20)
The_1__Gamblers bids 0
UDF1 bids 50
UDF1 won the auction and was revealed [Tc]
Flop [5h Ts As], UDF1 (20), The_1__Gamblers (20)
The_1__Gamblers bets 24
UDF1 raises to 3037
The_1__Gamblers raises to 4980
UDF1 calls
Turn [5h Ts As 6h], UDF1 (5000), The_1__Gamblers (5000)
The_1__Gamblers checks
UDF1 checks
River [5h Ts As 6h 6d], UDF1 (5000), The_1__Gamblers (5000)
The_1__Gamblers checks
UDF1 checks
UDF1 shows [Ac 9s]
The_1__Gamblers shows [Tc Jc]
UDF1 awarded 5000
The_1__Gamblers awarded -5000

Round #107, The_1__Gamblers (-265), UDF1 (265)
The_1__Gamblers posts blind: 10
UDF1 posts blind: 20
The_1__Gamblers received [6s 4h]
UDF1 received [3c Td]
The_1__Gamblers calls
UDF1 checks
Flop [Jh Qh Th], The_1__Gamblers (20), UDF1 (20)
UDF1 bids 44
The_1__Gamblers bids 0
UDF1 won the auction and was revealed [4h]
Flop [Jh Qh Th], The_1__Gamblers (20), UDF1 (20)
UDF1 bets 2345
The_1__Gamblers folds
The_1__Gamblers awarded -20
UDF1 awarded 20

Round #108, UDF1 (285), The_1__Gamblers (-285)
UDF1 posts blind: 10
The_1__Gamblers posts blind: 20
UDF1 received [5h 3c]
The_1__Gamblers received [3h Ah]
UDF1 calls
The_1__Gamblers checks
Flop [Ad 5d 4s], UDF1 (20), The_1__Gamblers (20)
The_1__Gamblers bids 0
UDF1 bids 42
UDF1 won the auction and was revealed [Ah]
Flop [Ad 5d 4s], UDF1 (20), The_1__Gamblers (20)
The_1__Gamblers bets 24
UDF1 folds
UDF1 awarded -20
The_1__Gamblers awarded 20

Round #109, The_1__Gamblers (-265), UDF1 (265)
The_1__Gamblers posts blind: 10
UDF1 posts blind: 20
The_1__Gamblers received [Kd 2h]
UDF1 received [Ts 4d]
The_1__Gamblers calls
UDF1 checks
Flop [9d 7s Kc], The_1__Gamblers (20), UDF1 (20)
UDF1 bids 41
The_1__Gamblers bids 0
UDF1 won the auction and was revealed [Kd]
Flop [9d 7s Kc], The_1__Gamblers (20), UDF1 (20)
UDF1 bets 2427
The_1__Gamblers raises to 4854
UDF1 folds
The_1__Gamblers awarded 2447
UDF1 awarded -2447

Round #110, UDF1 (-2182), The_1__Gamblers (2182)
UDF1 posts blind: 10
The_1__Gamblers posts blind: 20
UDF1 received [Qh 3d]
The_1__Gamblers received [4h Th]
UDF1 raises to 337
The_1__Gamblers calls
Flop [9d Jh Js], UDF1 (337), The_1__Gamblers (337)
The_1__Gamblers bids 0
UDF1 bids 130
UDF1 won the auction and was revealed [Th]
Flop [9d Jh Js], UDF1 (337), The_1__Gamblers (337)
The_1__Gamblers checks
UDF1 bets 2200
The_1__Gamblers folds
UDF1 awarded 337
The_1__Gamblers awarded -337

Round #111, The_1__Gamblers (1845), UDF1 (-1845)
The_1__Gamblers posts blind: 10
UDF1 posts blind: 20
The_1__Gamblers received [2s Ad]
UDF1 received [2d 7c]
The_1__Gamblers calls
UDF1 checks
Flop [3s 6d 6c], The_1__Gamblers (20), UDF1 (20)
UDF1 bids 41
The_1__Gamblers bids 0
UDF1 won the auction and was revealed [2s]
Flop [3s 6d 6c], The_1__Gamblers (20), UDF1 (20)
UDF1 bets 2196
The_1__Gamblers folds
The_1__Gamblers awarded -20
UDF1 awarded 20

Round #112, UDF1 (-1825), The_1__Gamblers (1825)
UDF1 posts blind: 10
The_1__Gamblers posts blind: 20
UDF1 received [6d 3h]
The_1__Gamblers received [2h 3c]
UDF1 raises to 396
The_1__Gamblers calls
Flop [Js 2c 2d], UDF1 (396), The_1__Gamblers (396)
The_1__Gamblers bids 0
UDF1 bids 142
UDF1 won the auction and was revealed [3c]
Flop [Js 2c 2d], UDF1 (396), The_1__Gamblers (396)
The_1__Gamblers bets 475
UDF1 folds
UDF1 awarded -396
The_1__Gamblers awarded 396

Round #113, The_1__Gamblers (2221), UDF1 (-2221)
The_1__Gamblers posts blind: 10
UDF1 posts blind: 20
The_1__Gamblers received [8c 9s]
UDF1 received [4d Th]
The_1__Gamblers calls
UDF1 checks
Flop [8s 6s 9c], The_1__Gamblers (20), UDF1 (20)
UDF1 bids 47
The_1__Gamblers bids 0
UDF1 won the auction and was revealed [9s]
Flop [8s 6s 9c], The_1__Gamblers (20), UDF1 (20)
UDF1 bets 2064
The_1__Gamblers raises to 4128
UDF1 folds
The_1__Gamblers awarded 2084
UDF1 awarded -2084

Round #114, UDF1 (-4305), The_1__Gamblers (4305)
UDF1 posts blind: 10
The_1__Gamblers posts blind: 20
UDF1 received [Qc Ac]
The_1__Gamblers received [5d 8s]
UDF1 raises to 4415
The_1__Gamblers calls
Flop [4h 5c 2s], UDF1 (4415), The_1__Gamblers (4415)
The_1__Gamblers bids 0
UDF1 bids 585
UDF1 won the auction and was revealed [8s]
Flop [4h 5c 2s], UDF1 (4415), The_1__Gamblers (4415)
The_1__Gamblers bets 585
UDF1 calls
Turn [4h 5c 2s 9h], UDF1 (5000), The_1__Gamblers (5000)
The_1__Gamblers checks
UDF1 checks
River [4h 5c 2s 9h 4d], UDF1 (5000), The_1__Gamblers (5000)
The_1__Gamblers checks
UDF1 checks
UDF1 shows [Qc Ac]
The_1__Gamblers shows [5d 8s]
UDF1 awarded -5000
The_1__Gamblers awarded 5000

Round #115, The_1__Gamblers (9305), UDF1 (-9305)
The_1__Gamblers posts blind: 10
UDF1 posts blind: 20
The_1__Gamblers received [Qh 7h]
UDF1 received [5c 3s]
The_1__Gamblers calls
UDF1 checks
Flop [Js 5h Tc], The_1__Gamblers (20), UDF1 (20)
UDF1 bids 64
The_1__Gamblers bids 0
UDF1 won the auction and was revealed [7h]
Flop [Js 5h Tc], The_1__Gamblers (20), UDF1 (20)
UDF1 bets 3178
The_1__Gamblers folds
The_1__Gamblers awarded -20
UDF1 awarded 20

Round #116, UDF1 (-9285), The_1__Gamblers (9285)
UDF1 posts blind: 10
The_1__Gamblers posts blind: 20
UDF1 received [5h Qs]
The_1__Gamblers received [Td 5d]
UDF1 calls
The_1__Gamblers checks
Flop [Kc Qd 3h], UDF1 (20), The_1__Gamblers (20)
The_1__Gamblers bids 0
UDF1 bids 74
UDF1 won the auction and was revealed [Td]
Flop [Kc Qd 3h], UDF1 (20), The_1__Gamblers (20)
The_1__Gamblers checks
UDF1 bets 3086
The_1__Gamblers folds
UDF1 awarded 20
The_1__Gamblers awarded -20

Round #117, The_1__Gamblers (9265), UDF1 (-9265)
The_1__Gamblers posts blind: 10
UDF1 posts blind: 20
The_1__Gamblers received [5d Js]
UDF1 received [As 7c]
The_1__Gamblers calls
UDF1 checks
Flop [Kc Th Jc], The_1__Gamblers (20), UDF1 (20)
UDF1 bids 71
The_1__Gamblers bids 0
UDF1 won the auction and was revealed [5d]
Flop [Kc Th Jc], The_1__Gamblers (20), UDF1 (20)
UDF1 bets 2882
The_1__Gamblers raises to 4980
UDF1 calls
Turn [Kc Th Jc Kd], The_1__Gamblers (5000), UDF1 (5000)
UDF1 checks
The_1__Gamblers checks
River [Kc Th Jc Kd Ad], The_1__Gamblers (5000), UDF1 (5000)
UDF1 checks
The_1__Gamblers checks
The_1__Gamblers shows [5d Js]
UDF1 shows [As 7c]
The_1__Gamblers awarded -5000
UDF1 awarded 5000

Round #118, UDF1 (-4265), The_1__Gamblers (4265)
UDF1 posts blind: 10
The_1__Gamblers posts blind: 20
UDF1 received [2c 6d]
The_1__Gamblers received [Ac Qc]
UDF1 folds
UDF1 awarded -10
The_1__Gamblers awarded 10

Round #119, The_1__Gamblers (4275), UDF1 (-4275)
The_1__Gamblers posts blind: 10
UDF1 posts blind: 20
The_1__Gamblers received [7d Qs]
UDF1 received [5c 6h]
The_1__Gamblers calls
UDF1 raises to 662
The_1__Gamblers calls
Flop [2c 2s 3s], The_1__Gamblers (662), UDF1 (662)
UDF1 bids 227
The_1__Gamblers bids 0
UDF1 won the auction and was revealed [Qs]
Flop [2c 2s 3s], The_1__Gamblers (662), UDF1 (662)
UDF1 bets 1916
The_1__Gamblers folds
The_1__Gamblers awarded -662
UDF1 awarded 662

Round #120, UDF1 (-3613), The_1__Gamblers (3613)
UDF1 posts blind: 10
The_1__Gamblers posts blind: 20
UDF1 received [Js 4s]
The_1__Gamblers received [Qh Th]
UDF1 calls
The_1__Gamblers checks
Flop [5c Td 7h], UDF1 (20), The_1__Gamblers (20)
The_1__Gamblers bids 0
UDF1 bids 71
UDF1 won the auction and was revealed [Qh]
Flop [5c Td 7h], UDF1 (20), The_1__Gamblers (20)
The_1__Gamblers bets 24
UDF1 folds
UDF1 awarded -20
The_1__Gamblers awarded 20

Round #121, The_1__Gamblers (3633), UDF1 (-3633)
The_1__Gamblers posts blind: 10
UDF1 posts blind: 20
The_1__Gamblers received [Ad Ts]
UDF1 received [As 7h]
The_1__Gamblers calls
UDF1 raises to 337
The_1__Gamblers calls
Flop [2c Jc 8c], The_1__Gamblers (337), UDF1 (337)
UDF1 bids 147
The_1__Gamblers bids 0
UDF1 won the auction and was revealed [Ts]
Flop [2c Jc 8c], The_1__Gamblers (337), UDF1 (337)
UDF1 bets 2232
The_1__Gamblers folds
The_1__Gamblers awarded -337
UDF1 awarded 337

Round #122, UDF1 (-3296), The_1__Gamblers (3296)
UDF1 posts blind: 10
The_1__Gamblers posts blind: 20
UDF1 received [Ac 2h]
The_1__Gamblers received [6c 9d]
UDF1 calls
The_1__Gamblers checks
Flop [Ks 4c Jc], UDF1 (20), The_1__Gamblers (20)
The_1__Gamblers bids 0
UDF1 bids 71
UDF1 won the auction and was revealed [9d]
Flop [Ks 4c Jc], UDF1 (20), The_1__Gamblers (20)
The_1__Gamblers checks
UDF1 bets 2760
The_1__Gamblers folds
UDF1 awarded 20
The_1__Gamblers awarded -20

Round #123, The_1__Gamblers (3276), UDF1 (-3276)
The_1__Gamblers posts blind: 10
UDF1 posts blind: 20
The_1__Gamblers received [4s 4d]
UDF1 received [Td Jd]
The_1__Gamblers calls
UDF1 raises to 2072
The_1__Gamblers calls
Flop [Qd Js 8d], The_1__Gamblers (2072), UDF1 (2072)
UDF1 bids 602
The_1__Gamblers bids 0
UDF1 won the auction and was revealed [4s]
Flop [Qd Js 8d], The_1__Gamblers (2072), UDF1 (2072)
UDF1 bets 1926
The_1__Gamblers raises to 2928
UDF1 calls
Turn [Qd Js 8d 5d], The_1__Gamblers (5000), UDF1 (5000)
UDF1 checks
The_1__Gamblers checks
River [Qd Js 8d 5d Jh], The_1__Gamblers (5000), UDF1 (5000)
UDF1 checks
The_1__Gamblers checks
The_1__Gamblers shows [4s 4d]
UDF1 shows [Td Jd]
The_1__Gamblers awarded -5000
UDF1 awarded 5000

Round #124, UDF1 (1724), The_1__Gamblers (-1724)
UDF1 posts blind: 10
The_1__Gamblers posts blind: 20
UDF1 received [Ad 3c]
The_1__Gamblers received [Qc Qh]
UDF1 raises to 775
The_1__Gamblers calls
Flop [9s Js 6s], UDF1 (775), The_1__Gamblers (775)
The_1__Gamblers bids 0
UDF1 bids 260
UDF1 won the auction and was revealed [Qc]
Flop [9s Js 6s], UDF1 (775), The_1__Gamblers (775)
The_1__Gamblers bets 930
UDF1 calls
Turn [9s Js 6s 9d], UDF1 (1705), The_1__Gamblers (1705)
The_1__Gamblers bets 2046
UDF1 calls
River [9s Js 6s 9d Jc], UDF1 (3751), The_1__Gamblers (3751)
The_1__Gamblers bets 1249
UDF1 calls
UDF1 shows [Ad 3c]
The_1__Gamblers shows [Qc Qh]
UDF1 awarded -5000
The_1__Gamblers awarded 5000

Round #125, The_1__Gamblers (3276), UDF1 (-3276)
The_1__Gamblers posts blind: 10
UDF1 posts blind: 20
The_1__Gamblers received [Ts 2c]
UDF1 received [Ah Ks]
The_1__Gamblers calls
UDF1 raises to 4583
The_1__Gamblers calls
Flop [6s 9s 2h], The_1__Gamblers (4583), UDF1 (4583)
UDF1 bids 417
The_1__Gamblers bids 0
UDF1 won the auction and was revealed [2c]
Flop [6s 9s 2h], The_1__Gamblers (4583), UDF1 (4583)
UDF1 bets 238
The_1__Gamblers raises to 417
UDF1 calls
Turn [6s 9s 2h Kd], The_1__Gamblers (5000), UDF1 (5000)
UDF1 checks
The_1__Gamblers checks
River [6s 9s 2h Kd Tc], The_1__Gamblers (5000), UDF1 (5000)
UDF1 checks
The_1__Gamblers checks
The_1__Gamblers shows [Ts 2c]
UDF1 shows [Ah Ks]
The_1__Gamblers awarded 5000
UDF1 awarded -5000

Round #126, UDF1 (-8276), The_1__Gamblers (8276)
UDF1 posts blind: 10
The_1__Gamblers posts blind: 20
UDF1 received [Qh 4d]
The_1__Gamblers received [7h 4s]
UDF1 raises to 753
The_1__Gamblers calls
Flop [3d Tc 5c], UDF1 (753), The_1__Gamblers (753)
The_1__Gamblers bids 0
UDF1 bids 258
UDF1 won the auction and was revealed [4s]
Flop [3d Tc 5c], UDF1 (753), The_1__Gamblers (753)
The_1__Gamblers checks
UDF1 bets 2415
The_1__Gamblers folds
UDF1 awarded 753
The_1__Gamblers awarded -753

Round #127, The_1__Gamblers (7523), UDF1 (-7523)
The_1__Gamblers posts blind: 10
UDF1 posts blind: 20
The_1__Gamblers received [Jh Kc]
UDF1 received [Qd 6h]
The_1__Gamblers calls
UDF1 checks
Flop [5h Qc Td], The_1__Gamblers (20), UDF1 (20)
UDF1 bids 71
The_1__Gamblers bids 0
UDF1 won the auction and was revealed [Jh]
Flop [5h Qc Td], The_1__Gamblers (20), UDF1 (20)
UDF1 bets 3134
The_1__Gamblers folds
The_1__Gamblers awarded -20
UDF1 awarded 20

Round #128, UDF1 (-7503), The_1__Gamblers (7503)
UDF1 posts blind: 10
The_1__Gamblers posts blind: 20
UDF1 received [8d Qs]
The_1__Gamblers received [Tc 8s]
UDF1 calls
The_1__Gamblers checks
Flop [7h 5h 5d], UDF1 (20), The_1__Gamblers (20)
The_1__Gamblers bids 0
UDF1 bids 74
UDF1 won the auction and was revealed [8s]
Flop [7h 5h 5d], UDF1 (20), The_1__Gamblers (20)
The_1__Gamblers checks
UDF1 bets 2724
The_1__Gamblers folds
UDF1 awarded 20
The_1__Gamblers awarded -20

Round #129, The_1__Gamblers (7483), UDF1 (-7483)
The_1__Gamblers posts blind: 10
UDF1 posts blind: 20
The_1__Gamblers received [Kc Qh]
UDF1 received [Js 4d]
The_1__Gamblers calls
UDF1 checks
Flop [4c Qs Qd], The_1__Gamblers (20), UDF1 (20)
UDF1 bids 75
The_1__Gamblers bids 0
UDF1 won the auction and was revealed [Kc]
Flop [4c Qs Qd], The_1__Gamblers (20), UDF1 (20)
UDF1 bets 3016
The_1__Gamblers raises to 4980
UDF1 calls
Turn [4c Qs Qd Jd], The_1__Gamblers (5000), UDF1 (5000)
UDF1 checks
The_1__Gamblers checks
River [4c Qs Qd Jd 2c], The_1__Gamblers (5000), UDF1 (5000)
UDF1 checks
The_1__Gamblers checks
The_1__Gamblers shows [Kc Qh]
UDF1 shows [Js 4d]
The_1__Gamblers awarded 5000
UDF1 awarded -5000

Round #130, UDF1 (-12483), The_1__Gamblers (12483)
UDF1 posts blind: 10
The_1__Gamblers posts blind: 20
UDF1 received [Js 3s]
The_1__Gamblers received [Ac 5h]
UDF1 calls
The_1__Gamblers checks
Flop [Kd 5s 7s], UDF1 (20), The_1__Gamblers (20)
The_1__Gamblers bids 0
UDF1 bids 0
UDF1 won the auction and was revealed [5h]
The_1__Gamblers won the auction and was revealed [3s]
Flop [Kd 5s 7s], UDF1 (20), The_1__Gamblers (20)
The_1__Gamblers bets 24
UDF1 calls
Turn [Kd 5s 7s 5c], UDF1 (44), The_1__Gamblers (44)
The_1__Gamblers bets 52
UDF1 folds
UDF1 awarded -44
The_1__Gamblers awarded 44

Round #131, The_1__Gamblers (12527), UDF1 (-12527)
The_1__Gamblers posts blind: 10
UDF1 posts blind: 20
The_1__Gamblers received [8d Ad]
UDF1 received [7c 9d]
The_1__Gamblers calls
UDF1 checks
Flop [4s Jc Qc], The_1__Gamblers (20), UDF1 (20)
UDF1 bids 72
The_1__Gamblers bids 0
UDF1 won the auction and was revealed [8d]
Flop [4s Jc Qc], The_1__Gamblers (20), UDF1 (20)
UDF1 bets 2973
The_1__Gamblers folds
The_1__Gamblers awarded -20
UDF1 awarded 20

Round #132, UDF1 (-12507), The_1__Gamblers (12507)
UDF1 posts blind: 10
The_1__Gamblers posts blind: 20
UDF1 received [3h 8c]
The_1__Gamblers received [9s Ad]
UDF1 folds
UDF1 awarded -10
The_1__Gamblers awarded 10

Round #133, The_1__Gamblers (12517), UDF1 (-12517)
The_1__Gamblers posts blind: 10
UDF1 posts blind: 20
The_1__Gamblers received [9s Ac]
UDF1 received [6h Ah]
The_1__Gamblers calls
UDF1 checks
Flop [Tc 6d 9h], The_1__Gamblers (20), UDF1 (20)
UDF1 bids 69
The_1__Gamblers bids 0
UDF1 won the auction and was revealed [9s]
Flop [Tc 6d 9h], The_1__Gamblers (20), UDF1 (20)
UDF1 bets 2336
The_1__Gamblers raises to 4672
UDF1 folds
The_1__Gamblers awarded 2356
UDF1 awarded -2356

Round #134, UDF1 (-14873), The_1__Gamblers (14873)
UDF1 posts blind: 10
The_1__Gamblers posts blind: 20
UDF1 received [Js 2c]
The_1__Gamblers received [Ks 7s]
UDF1 raises to 656
The_1__Gamblers calls
Flop [5c 8h 8c], UDF1 (656), The_1__Gamblers (656)
The_1__Gamblers bids 0
UDF1 bids 236
UDF1 won the auction and was revealed [7s]
Flop [5c 8h 8c], UDF1 (656), The_1__Gamblers (656)
The_1__Gamblers bets 787
UDF1 calls
Turn [5c 8h 8c Ah], UDF1 (1443), The_1__Gamblers (1443)
The_1__Gamblers bets 1731
UDF1 calls
River [5c 8h 8c Ah 9d], UDF1 (3174), The_1__Gamblers (3174)
The_1__Gamblers checks
UDF1 bets 874
The_1__Gamblers raises to 1826
UDF1 calls
UDF1 shows [Js 2c]
The_1__Gamblers shows [Ks 7s]
UDF1 awarded -5000
The_1__Gamblers awarded 5000

Round #135, The_1__Gamblers (19873), UDF1 (-19873)
The_1__Gamblers posts blind: 10
UDF1 posts blind: 20
The_1__Gamblers received [Jc 8h]
UDF1 received [Th Kh]
The_1__Gamblers calls
UDF1 raises to 1800
The_1__Gamblers calls
Flop [6d 9c 2h], The_1__Gamblers (1800), UDF1 (1800)
UDF1 bids 0
The_1__Gamblers bids 0
The_1__Gamblers won the auction and was revealed [Th]
UDF1 won the auction and was revealed [8h]
Flop [6d 9c 2h], The_1__Gamblers (1800), UDF1 (1800)
UDF1 bets 2094
The_1__Gamblers folds
The_1__Gamblers awarded -1800
UDF1 awarded 1800

Round #136, UDF1 (-18073), The_1__Gamblers (18073)
UDF1 posts blind: 10
The_1__Gamblers posts blind: 20
UDF1 received [2h 6h]
The_1__Gamblers received [4d 5h]
UDF1 raises to 369
The_1__Gamblers calls
Flop [4s Ac 3h], UDF1 (369), The_1__Gamblers (369)
The_1__Gamblers bids 0
UDF1 bids 158
UDF1 won the auction and was revealed [4d]
Flop [4s Ac 3h], UDF1 (369), The_1__Gamblers (369)
The_1__Gamblers bets 442
UDF1 folds
UDF1 awarded -369
The_1__Gamblers awarded 369

Round #137, The_1__Gamblers (18442), UDF1 (-18442)
The_1__Gamblers posts blind: 10
UDF1 posts blind: 20
The_1__Gamblers received [3s 7h]
UDF1 received [8h Jd]
The_1__Gamblers calls
UDF1 checks
Flop [9h 7c Kh], The_1__Gamblers (20), UDF1 (20)
UDF1 bids 72
The_1__Gamblers bids 0
UDF1 won the auction and was revealed [7h]
Flop [9h 7c Kh], The_1__Gamblers (20), UDF1 (20)
UDF1 bets 2659
The_1__Gamblers folds
The_1__Gamblers awarded -20
UDF1 awarded 20

Round #138, UDF1 (-18422), The_1__Gamblers (18422)
UDF1 posts blind: 10
The_1__Gamblers posts blind: 20
UDF1 received [2d 6s]
The_1__Gamblers received [9h Ad]
UDF1 raises to 497
The_1__Gamblers calls
Flop [Ac 8c 4s], UDF1 (497), The_1__Gamblers (497)
The_1__Gamblers bids 0
UDF1 bids 189
UDF1 won the auction and was revealed [Ad]
Flop [Ac 8c 4s], UDF1 (497), The_1__Gamblers (497)
The_1__Gamblers bets 596
UDF1 folds
UDF1 awarded -497
The_1__Gamblers awarded 497

Round #139, The_1__Gamblers (18919), UDF1 (-18919)
The_1__Gamblers posts blind: 10
UDF1 posts blind: 20
The_1__Gamblers received [2h Kd]
UDF1 received [7c 4d]
The_1__Gamblers calls
UDF1 checks
Flop [8c Qd 2d], The_1__Gamblers (20), UDF1 (20)
UDF1 bids 73
The_1__Gamblers bids 0
UDF1 won the auction and was revealed [Kd]
Flop [8c Qd 2d], The_1__Gamblers (20), UDF1 (20)
UDF1 bets 2701
The_1__Gamblers calls
Turn [8c Qd 2d 2s], The_1__Gamblers (2721), UDF1 (2721)
UDF1 bets 1030
The_1__Gamblers raises to 2279
UDF1 folds
The_1__Gamblers awarded 3751
UDF1 awarded -3751

Round #140, UDF1 (-22670), The_1__Gamblers (22670)
UDF1 posts blind: 10
The_1__Gamblers posts blind: 20
UDF1 received [7d 8d]
The_1__Gamblers received [Qs 3h]
UDF1 raises to 1596
The_1__Gamblers calls
Flop [Kd 4d Jh], UDF1 (1596), The_1__Gamblers (1596)
The_1__Gamblers bids 0
UDF1 bids 515
UDF1 won the auction and was revealed [Qs]
Flop [Kd 4d Jh], UDF1 (1596), The_1__Gamblers (1596)
The_1__Gamblers checks
UDF1 bets 2129
The_1__Gamblers folds
UDF1 awarded 1596
The_1__Gamblers awarded -1596

Round #141, The_1__Gamblers (21074), UDF1 (-21074)
The_1__Gamblers posts blind: 10
UDF1 posts blind: 20
The_1__Gamblers received [9h 6h]
UDF1 received [As Jc]
The_1__Gamblers calls
UDF1 checks
Flop [8h 6s 7c], The_1__Gamblers (20), UDF1 (20)
UDF1 bids 83
The_1__Gamblers bids 0
UDF1 won the auction and was revealed [9h]
Flop [8h 6s 7c], The_1__Gamblers (20), UDF1 (20)
UDF1 bets 2607
The_1__Gamblers folds
The_1__Gamblers awarded -20
UDF1 awarded 20

Round #142, UDF1 (-21054), The_1__Gamblers (21054)
UDF1 posts blind: 10
The_1__Gamblers posts blind: 20
UDF1 received [Kh 8c]
The_1__Gamblers received [Jd Jc]
UDF1 raises to 539
The_1__Gamblers calls
Flop [7h 2d 4h], UDF1 (539), The_1__Gamblers (539)
The_1__Gamblers bids 0
UDF1 bids 207
UDF1 won the auction and was revealed [Jc]
Flop [7h 2d 4h], UDF1 (539), The_1__Gamblers (539)
The_1__Gamblers bets 646
UDF1 calls
Turn [7h 2d 4h 8s], UDF1 (1185), The_1__Gamblers (1185)
The_1__Gamblers bets 1422
UDF1 raises to 3501
The_1__Gamblers raises to 3815
UDF1 calls
River [7h 2d 4h 8s 5h], UDF1 (5000), The_1__Gamblers (5000)
The_1__Gamblers checks
UDF1 checks
UDF1 shows [Kh 8c]
The_1__Gamblers shows [Jd Jc]
UDF1 awarded -5000
The_1__Gamblers awarded 5000

Round #143, The_1__Gamblers (26054), UDF1 (-26054)
The_1__Gamblers posts blind: 10
UDF1 posts blind: 20
The_1__Gamblers received [5c Ac]
UDF1 received [9s Jh]
The_1__Gamblers calls
UDF1 checks
Flop [7c 3s 6c], The_1__Gamblers (20), UDF1 (20)
UDF1 bids 79
The_1__Gamblers bids 0
UDF1 won the auction and was revealed [Ac]
Flop [7c 3s 6c], The_1__Gamblers (20), UDF1 (20)
UDF1 bets 2292
The_1__Gamblers folds
The_1__Gamblers awarded -20
UDF1 awarded 20

Round #144, UDF1 (-26034), The_1__Gamblers (26034)
UDF1 posts blind: 10
The_1__Gamblers posts blind: 20
UDF1 received [8s 2c]
The_1__Gamblers received [5d 9s]
UDF1 raises to 443
The_1__Gamblers calls
Flop [Ac 2s 6s], UDF1 (443), The_1__Gamblers (443)
The_1__Gamblers bids 0
UDF1 bids 177
UDF1 won the auction and was revealed [9s]
Flop [Ac 2s 6s], UDF1 (443), The_1__Gamblers (443)
The_1__Gamblers checks
UDF1 bets 2545
The_1__Gamblers folds
UDF1 awarded 443
The_1__Gamblers awarded -443

Round #145, The_1__Gamblers (25591), UDF1 (-25591)
The_1__Gamblers posts blind: 10
UDF1 posts blind: 20
The_1__Gamblers received [Kd 3s]
UDF1 received [2s 6c]
The_1__Gamblers calls
UDF1 checks
Flop [7d 3c 8h], The_1__Gamblers (20), UDF1 (20)
UDF1 bids 81
The_1__Gamblers bids 0
UDF1 won the auction and was revealed [3s]
Flop [7d 3c 8h], The_1__Gamblers (20), UDF1 (20)
UDF1 bets 2143
The_1__Gamblers calls
Turn [7d 3c 8h 5c], The_1__Gamblers (2163), UDF1 (2163)
UDF1 bets 1325
The_1__Gamblers folds
The_1__Gamblers awarded -2163
UDF1 awarded 2163

Round #146, UDF1 (-23428), The_1__Gamblers (23428)
UDF1 posts blind: 10
The_1__Gamblers posts blind: 20
UDF1 received [2c Jd]
The_1__Gamblers received [Kd 6s]
UDF1 raises to 529
The_1__Gamblers calls
Flop [Kc 5d 3s], UDF1 (529), The_1__Gamblers (529)
The_1__Gamblers bids 0
UDF1 bids 207
UDF1 won the auction and was revealed [6s]
Flop [Kc 5d 3s], UDF1 (529), The_1__Gamblers (529)
The_1__Gamblers bets 634
UDF1 calls
Turn [Kc 5d 3s Js], UDF1 (1163), The_1__Gamblers (1163)
The_1__Gamblers bets 1395
UDF1 raises to 3492
The_1__Gamblers raises to 3837
UDF1 calls
River [Kc 5d 3s Js 9d], UDF1 (5000), The_1__Gamblers (5000)
The_1__Gamblers checks
UDF1 checks
UDF1 shows [2c Jd]
The_1__Gamblers shows [Kd 6s]
UDF1 awarded -5000
The_1__Gamblers awarded 5000

Round #147, The_1__Gamblers (28428), UDF1 (-28428)
The_1__Gamblers posts blind: 10
UDF1 posts blind: 20
The_1__Gamblers received [7c Qd]
UDF1 received [3c 7d]
The_1__Gamblers calls
UDF1 checks
Flop [4h Ac 2c], The_1__Gamblers (20), UDF1 (20)
UDF1 bids 84
The_1__Gamblers bids 0
UDF1 won the auction and was revealed [Qd]
Flop [4h Ac 2c], The_1__Gamblers (20), UDF1 (20)
UDF1 bets 2469
The_1__Gamblers folds
The_1__Gamblers awarded -20
UDF1 awarded 20

Round #148, UDF1 (-28408), The_1__Gamblers (28408)
UDF1 posts blind: 10
The_1__Gamblers posts blind: 20
UDF1 received [Kh 5d]
The_1__Gamblers received [Ah 6c]
UDF1 raises to 729
The_1__Gamblers calls
Flop [Td Th 8d], UDF1 (729), The_1__Gamblers (729)
The_1__Gamblers bids 0
UDF1 bids 261
UDF1 won the auction and was revealed [6c]
Flop [Td Th 8d], UDF1 (729), The_1__Gamblers (729)
The_1__Gamblers bets 874
UDF1 calls
Turn [Td Th 8d Ts], UDF1 (1603), The_1__Gamblers (1603)
The_1__Gamblers bets 1923
UDF1 raises to 3397
The_1__Gamblers calls
River [Td Th 8d Ts 5h], UDF1 (5000), The_1__Gamblers (5000)
The_1__Gamblers checks
UDF1 checks
UDF1 shows [Kh 5d]
The_1__Gamblers shows [Ah 6c]
UDF1 awarded 5000
The_1__Gamblers awarded -5000

Round #149, The_1__Gamblers (23408), UDF1 (-23408)
The_1__Gamblers posts blind: 10
UDF1 posts blind: 20
The_1__Gamblers received [9s Qd]
UDF1 received [4c Kc]
The_1__Gamblers calls
UDF1 checks
Flop [7c Jh 2c], The_1__Gamblers (20), UDF1 (20)
UDF1 bids 94
The_1__Gamblers bids 0
UDF1 won the auction and was revealed [Qd]
Flop [7c Jh 2c], The_1__Gamblers (20), UDF1 (20)
UDF1 bets 3346
The_1__Gamblers folds
The_1__Gamblers awarded -20
UDF1 awarded 20

Round #150, UDF1 (-23388), The_1__Gamblers (23388)
UDF1 posts blind: 10
The_1__Gamblers posts blind: 20
UDF1 received [Kh 7c]
The_1__Gamblers received [Js 3d]
UDF1 calls
The_1__Gamblers checks
Flop [3s 6h 9c], UDF1 (20), The_1__Gamblers (20)
The_1__Gamblers bids 0
UDF1 bids 88
UDF1 won the auction and was revealed [Js]
Flop [3s 6h 9c], UDF1 (20), The_1__Gamblers (20)
The_1__Gamblers bets 24
UDF1 calls
Turn [3s 6h 9c Ks], UDF1 (44), The_1__Gamblers (44)
The_1__Gamblers bets 52
UDF1 raises to 3301
The_1__Gamblers folds
UDF1 awarded 96
The_1__Gamblers awarded -96

Round #151, The_1__Gamblers (23292), UDF1 (-23292)
The_1__Gamblers posts blind: 10
UDF1 posts blind: 20
The_1__Gamblers received [6c 2h]
UDF1 received [6h 2d]
The_1__Gamblers calls
UDF1 checks
Flop [Th 2s 2c], The_1__Gamblers (20), UDF1 (20)
UDF1 bids 86
The_1__Gamblers bids 0
UDF1 won the auction and was revealed [2h]
Flop [Th 2s 2c], The_1__Gamblers (20), UDF1 (20)
UDF1 bets 2402
The_1__Gamblers raises to 4804
UDF1 calls
Turn [Th 2s 2c 5s], The_1__Gamblers (4824), UDF1 (4824)
UDF1 bets 101
The_1__Gamblers raises to 176
UDF1 calls
River [Th 2s 2c 5s 7h], The_1__Gamblers (5000), UDF1 (5000)
UDF1 checks
The_1__Gamblers checks
The_1__Gamblers shows [6c 2h]
UDF1 shows [6h 2d]
The_1__Gamblers awarded 0
UDF1 awarded 0

Round #152, UDF1 (-23292), The_1__Gamblers (23292)
UDF1 posts blind: 10
The_1__Gamblers posts blind: 20
UDF1 received [Kh As]
The_1__Gamblers received [8s Jh]
UDF1 raises to 4690
The_1__Gamblers calls
Flop [Kd Qc Qd], UDF1 (4690), The_1__Gamblers (4690)
The_1__Gamblers bids 0
UDF1 bids 310
UDF1 won the auction and was revealed [Jh]
Flop [Kd Qc Qd], UDF1 (4690), The_1__Gamblers (4690)
The_1__Gamblers bets 310
UDF1 calls
Turn [Kd Qc Qd 7d], UDF1 (5000), The_1__Gamblers (5000)
The_1__Gamblers checks
UDF1 checks
River [Kd Qc Qd 7d 5s], UDF1 (5000), The_1__Gamblers (5000)
The_1__Gamblers checks
UDF1 checks
UDF1 shows [Kh As]
The_1__Gamblers shows [8s Jh]
UDF1 awarded 5000
The_1__Gamblers awarded -5000

Round #153, The_1__Gamblers (18292), UDF1 (-18292)
The_1__Gamblers posts blind: 10
UDF1 posts blind: 20
The_1__Gamblers received [Js 3h]
UDF1 received [Qh 9s]
The_1__Gamblers calls
UDF1 raises to 338
The_1__Gamblers calls
Flop [Kc 9d Th], The_1__Gamblers (338), UDF1 (338)
UDF1 bids 164
The_1__Gamblers bids 0
UDF1 won the auction and was revealed [Js]
Flop [Kc 9d Th], The_1__Gamblers (338), UDF1 (338)
UDF1 bets 2680
The_1__Gamblers folds
The_1__Gamblers awarded -338
UDF1 awarded 338

Round #154, UDF1 (-17954), The_1__Gamblers (17954)
UDF1 posts blind: 10
The_1__Gamblers posts blind: 20
UDF1 received [9h Ts]
The_1__Gamblers received [Jh Qh]
UDF1 folds
UDF1 awarded -10
The_1__Gamblers awarded 10

Round #155, The_1__Gamblers (17964), UDF1 (-17964)
The_1__Gamblers posts blind: 10
UDF1 posts blind: 20
The_1__Gamblers received [7c Jh]
UDF1 received [Kc 3s]
The_1__Gamblers calls
UDF1 raises to 382
The_1__Gamblers calls
Flop [2h 8s 9d], The_1__Gamblers (382), UDF1 (382)
UDF1 bids 174
The_1__Gamblers bids 0
UDF1 won the auction and was revealed [7c]
Flop [2h 8s 9d], The_1__Gamblers (382), UDF1 (382)
UDF1 bets 2807
The_1__Gamblers folds
The_1__Gamblers awarded -382
UDF1 awarded 382

Round #156, UDF1 (-17582), The_1__Gamblers (17582)
UDF1 posts blind: 10
The_1__Gamblers posts blind: 20
UDF1 received [Th 6d]
The_1__Gamblers received [Jh Ts]
UDF1 calls
The_1__Gamblers checks
Flop [Jc 8h 3d], UDF1 (20), The_1__Gamblers (20)
The_1__Gamblers bids 0
UDF1 bids 91
UDF1 won the auction and was revealed [Ts]
Flop [Jc 8h 3d], UDF1 (20), The_1__Gamblers (20)
The_1__Gamblers bets 24
UDF1 calls
Turn [Jc 8h 3d 5s], UDF1 (44), The_1__Gamblers (44)
The_1__Gamblers bets 52
UDF1 folds
UDF1 awarded -44
The_1__Gamblers awarded 44

Round #157, The_1__Gamblers (17626), UDF1 (-17626)
The_1__Gamblers posts blind: 10
UDF1 posts blind: 20
The_1__Gamblers received [Qc 2s]
UDF1 received [6d 4s]
The_1__Gamblers calls
UDF1 checks
Flop [4d As 4h], The_1__Gamblers (20), UDF1 (20)
UDF1 bids 0
The_1__Gamblers bids 0
The_1__Gamblers won the auction and was revealed [6d]
UDF1 won the auction and was revealed [2s]
Flop [4d As 4h], The_1__Gamblers (20), UDF1 (20)
UDF1 bets 3560
The_1__Gamblers folds
The_1__Gamblers awarded -20
UDF1 awarded 20

Round #158, UDF1 (-17606), The_1__Gamblers (17606)
UDF1 posts blind: 10
The_1__Gamblers posts blind: 20
UDF1 received [Qc Th]
The_1__Gamblers received [Ad Jc]
UDF1 raises to 533
The_1__Gamblers calls
Flop [Ks Kc Td], UDF1 (533), The_1__Gamblers (533)
The_1__Gamblers bids 0
UDF1 bids 209
UDF1 won the auction and was revealed [Jc]
Flop [Ks Kc Td], UDF1 (533), The_1__Gamblers (533)
The_1__Gamblers bets 639
UDF1 raises to 3395
The_1__Gamblers raises to 4467
UDF1 calls
Turn [Ks Kc Td 7c], UDF1 (5000), The_1__Gamblers (5000)
The_1__Gamblers checks
UDF1 checks
River [Ks Kc Td 7c 3s], UDF1 (5000), The_1__Gamblers (5000)
The_1__Gamblers checks
UDF1 checks
UDF1 shows [Qc Th]
The_1__Gamblers shows [Ad Jc]
UDF1 awarded 5000
The_1__Gamblers awarded -5000

Round #159, The_1__Gamblers (12606), UDF1 (-12606)
The_1__Gamblers posts blind: 10
UDF1 posts blind: 20
The_1__Gamblers received [2c 4d]
UDF1 received [8c 5d]
The_1__Gamblers calls
UDF1 raises to 758
The_1__Gamblers calls
Flop [8h 2h Jc], The_1__Gamblers (758), UDF1 (758)
UDF1 bids 282
The_1__Gamblers bids 0
UDF1 won the auction and was revealed [2c]
Flop [8h 2h Jc], The_1__Gamblers (758), UDF1 (758)
UDF1 bets 2612
The_1__Gamblers calls
Turn [8h 2h Jc Jh], The_1__Gamblers (3370), UDF1 (3370)
UDF1 bets 922
The_1__Gamblers calls
River [8h 2h Jc Jh 9c], The_1__Gamblers (4292), UDF1 (4292)
UDF1 bets 398
The_1__Gamblers calls
The_1__Gamblers shows [2c 4d]
UDF1 shows [8c 5d]
The_1__Gamblers awarded -4690
UDF1 awarded 4690

Round #160, UDF1 (-7916), The_1__Gamblers (7916)
UDF1 posts blind: 10
The_1__Gamblers posts blind: 20
UDF1 received [6s As]
The_1__Gamblers received [2d Ts]
UDF1 folds
UDF1 awarded -10
The_1__Gamblers awarded 10

Round #161, The_1__Gamblers (7926), UDF1 (-7926)
The_1__Gamblers posts blind: 10
UDF1 posts blind: 20
The_1__Gamblers received [Kh 3h]
UDF1 received [3d Qh]
The_1__Gamblers calls
UDF1 checks
Flop [Ks 8s 5d], The_1__Gamblers (20), UDF1 (20)
UDF1 bids 96
The_1__Gamblers bids 0
UDF1 won the auction and was revealed [Kh]
Flop [Ks 8s 5d], The_1__Gamblers (20), UDF1 (20)
UDF1 bets 2043
The_1__Gamblers raises to 4086
UDF1 folds
The_1__Gamblers awarded 2063
UDF1 awarded -2063

Round #162, UDF1 (-9989), The_1__Gamblers (9989)
UDF1 posts blind: 10
The_1__Gamblers posts blind: 20
UDF1 received [6d 7d]
The_1__Gamblers received [5c 6c]
UDF1 folds
UDF1 awarded -10
The_1__Gamblers awarded 10

Round #163, The_1__Gamblers (9999), UDF1 (-9999)
The_1__Gamblers posts blind: 10
UDF1 posts blind: 20
The_1__Gamblers received [8d Ac]
UDF1 received [Ts Td]
The_1__Gamblers calls
UDF1 raises to 3801
The_1__Gamblers calls
Flop [Kc 9c Qh], The_1__Gamblers (3801), UDF1 (3801)
UDF1 bids 954
The_1__Gamblers bids 0
UDF1 won the auction and was revealed [8d]
Flop [Kc 9c Qh], The_1__Gamblers (3801), UDF1 (3801)
UDF1 bets 783
The_1__Gamblers raises to 1199
UDF1 calls
Turn [Kc 9c Qh Th], The_1__Gamblers (5000), UDF1 (5000)
UDF1 checks
The_1__Gamblers checks
River [Kc 9c Qh Th Tc], The_1__Gamblers (5000), UDF1 (5000)
UDF1 checks
The_1__Gamblers checks
The_1__Gamblers shows [8d Ac]
UDF1 shows [Ts Td]
The_1__Gamblers awarded -5000
UDF1 awarded 5000

Round #164, UDF1 (-4999), The_1__Gamblers (4999)
UDF1 posts blind: 10
The_1__Gamblers posts blind: 20
UDF1 received [6c 6h]
The_1__Gamblers received [Ah Ac]
UDF1 raises to 1972
The_1__Gamblers calls
Flop [Ts 2d Th], UDF1 (1972), The_1__Gamblers (1972)
The_1__Gamblers bids 0
UDF1 bids 598
UDF1 won the auction and was revealed [Ah]
Flop [Ts 2d Th], UDF1 (1972), The_1__Gamblers (1972)
The_1__Gamblers bets 2366
UDF1 raises to 3028
The_1__Gamblers calls
Turn [Ts 2d Th 5s], UDF1 (5000), The_1__Gamblers (5000)
The_1__Gamblers checks
UDF1 checks
River [Ts 2d Th 5s 8s], UDF1 (5000), The_1__Gamblers (5000)
The_1__Gamblers checks
UDF1 checks
UDF1 shows [6c 6h]
The_1__Gamblers shows [Ah Ac]
UDF1 awarded -5000
The_1__Gamblers awarded 5000

Round #165, The_1__Gamblers (9999), UDF1 (-9999)
The_1__Gamblers posts blind: 10
UDF1 posts blind: 20
The_1__Gamblers received [5s 6d]
UDF1 received [2d 7h]
The_1__Gamblers calls
UDF1 checks
Flop [7s 3c Ac], The_1__Gamblers (20), UDF1 (20)
UDF1 bids 98
The_1__Gamblers bids 0
UDF1 won the auction and was revealed [6d]
Flop [7s 3c Ac], The_1__Gamblers (20), UDF1 (20)
UDF1 bets 3081
The_1__Gamblers folds
The_1__Gamblers awarded -20
UDF1 awarded 20

Round #166, UDF1 (-9979), The_1__Gamblers (9979)
UDF1 posts blind: 10
The_1__Gamblers posts blind: 20
UDF1 received [Kd 3s]
The_1__Gamblers received [4c Td]
UDF1 calls
The_1__Gamblers checks
Flop [3d 9s 2c], UDF1 (20), The_1__Gamblers (20)
The_1__Gamblers bids 0
UDF1 bids 101
UDF1 won the auction and was revealed [4c]
Flop [3d 9s 2c], UDF1 (20), The_1__Gamblers (20)
The_1__Gamblers checks
UDF1 bets 3276
The_1__Gamblers folds
UDF1 awarded 20
The_1__Gamblers awarded -20

Round #167, The_1__Gamblers (9959), UDF1 (-9959)
The_1__Gamblers posts blind: 10
UDF1 posts blind: 20
The_1__Gamblers received [5h 5s]
UDF1 received [8h Jc]
The_1__Gamblers calls
UDF1 raises to 346
The_1__Gamblers calls
Flop [8s Kd 5d], The_1__Gamblers (346), UDF1 (346)
UDF1 bids 185
The_1__Gamblers bids 0
UDF1 won the auction and was revealed [5s]
Flop [8s Kd 5d], The_1__Gamblers (346), UDF1 (346)
UDF1 bets 2877
The_1__Gamblers raises to 4654
UDF1 calls
Turn [8s Kd 5d 2h], The_1__Gamblers (5000), UDF1 (5000)
UDF1 checks
The_1__Gamblers checks
River [8s Kd 5d 2h Tc], The_1__Gamblers (5000), UDF1 (5000)
UDF1 checks
The_1__Gamblers checks
The_1__Gamblers shows [5h 5s]
UDF1 shows [8h Jc]
The_1__Gamblers awarded 5000
UDF1 awarded -5000

Round #168, UDF1 (-14959), The_1__Gamblers (14959)
UDF1 posts blind: 10
The_1__Gamblers posts blind: 20
UDF1 received [7c Qc]
The_1__Gamblers received [Qs 6c]
UDF1 folds
UDF1 awarded -10
The_1__Gamblers awarded 10

Round #169, The_1__Gamblers (14969), UDF1 (-14969)
The_1__Gamblers posts blind: 10
UDF1 posts blind: 20
The_1__Gamblers received [Ac Th]
UDF1 received [Ah 9d]
The_1__Gamblers calls
UDF1 checks
Flop [7d 6c Js], The_1__Gamblers (20), UDF1 (20)
UDF1 bids 109
The_1__Gamblers bids 0
UDF1 won the auction and was revealed [Th]
Flop [7d 6c Js], The_1__Gamblers (20), UDF1 (20)
UDF1 bets 3057
The_1__Gamblers folds
The_1__Gamblers awarded -20
UDF1 awarded 20

Round #170, UDF1 (-14949), The_1__Gamblers (14949)
UDF1 posts blind: 10
The_1__Gamblers posts blind: 20
UDF1 received [5d Ad]
The_1__Gamblers received [4s 2h]
UDF1 calls
The_1__Gamblers checks
Flop [Kh 7h 5c], UDF1 (20), The_1__Gamblers (20)
The_1__Gamblers bids 0
UDF1 bids 105
UDF1 won the auction and was revealed [4s]
Flop [Kh 7h 5c], UDF1 (20), The_1__Gamblers (20)
The_1__Gamblers checks
UDF1 bets 3109
The_1__Gamblers folds
UDF1 awarded 20
The_1__Gamblers awarded -20

Round #171, The_1__Gamblers (14929), UDF1 (-14929)
The_1__Gamblers posts blind: 10
UDF1 posts blind: 20
The_1__Gamblers received [7h 9c]
UDF1 received [Qd Qc]
The_1__Gamblers calls
UDF1 raises to 4714
The_1__Gamblers calls
Flop [4d Ac 3s], The_1__Gamblers (4714), UDF1 (4714)
UDF1 bids 286
The_1__Gamblers bids 0
UDF1 won the auction and was revealed [9c]
Flop [4d Ac 3s], The_1__Gamblers (4714), UDF1 (4714)
UDF1 bets 188
The_1__Gamblers calls
Turn [4d Ac 3s 5s], The_1__Gamblers (4902), UDF1 (4902)
UDF1 bets 72
The_1__Gamblers calls
River [4d Ac 3s 5s 5h], The_1__Gamblers (4974), UDF1 (4974)
UDF1 bets 23
The_1__Gamblers calls
The_1__Gamblers shows [7h 9c]
UDF1 shows [Qd Qc]
The_1__Gamblers awarded -4997
UDF1 awarded 4997

Round #172, UDF1 (-9932), The_1__Gamblers (9932)
UDF1 posts blind: 10
The_1__Gamblers posts blind: 20
UDF1 received [3c 9h]
The_1__Gamblers received [4c 8s]
UDF1 raises to 355
The_1__Gamblers calls
Flop [Qs 2d Kd], UDF1 (355), The_1__Gamblers (355)
The_1__Gamblers bids 0
UDF1 bids 176
UDF1 won the auction and was revealed [4c]
Flop [Qs 2d Kd], UDF1 (355), The_1__Gamblers (355)
The_1__Gamblers checks
UDF1 bets 2573
The_1__Gamblers folds
UDF1 awarded 355
The_1__Gamblers awarded -355

Round #173, The_1__Gamblers (9577), UDF1 (-9577)
The_1__Gamblers posts blind: 10
UDF1 posts blind: 20
The_1__Gamblers received [7s Ts]
UDF1 received [Ah As]
The_1__Gamblers calls
UDF1 raises to 4321
The_1__Gamblers calls
Flop [3s Js Ks], The_1__Gamblers (4321), UDF1 (4321)
UDF1 bids 679
The_1__Gamblers bids 0
UDF1 won the auction and was revealed [7s]
Flop [3s Js Ks], The_1__Gamblers (4321), UDF1 (4321)
UDF1 bets 406
The_1__Gamblers raises to 679
UDF1 calls
Turn [3s Js Ks 6s], The_1__Gamblers (5000), UDF1 (5000)
UDF1 checks
The_1__Gamblers checks
River [3s Js Ks 6s Ac], The_1__Gamblers (5000), UDF1 (5000)
UDF1 checks
The_1__Gamblers checks
The_1__Gamblers shows [7s Ts]
UDF1 shows [Ah As]
The_1__Gamblers awarded -5000
UDF1 awarded 5000

Round #174, UDF1 (-4577), The_1__Gamblers (4577)
UDF1 posts blind: 10
The_1__Gamblers posts blind: 20
UDF1 received [Tc 8h]
The_1__Gamblers received [Qh 8c]
UDF1 calls
The_1__Gamblers checks
Flop [Jc 2s Kh], UDF1 (20), The_1__Gamblers (20)
The_1__Gamblers bids 0
UDF1 bids 102
UDF1 won the auction and was revealed [Qh]
Flop [Jc 2s Kh], UDF1 (20), The_1__Gamblers (20)
The_1__Gamblers checks
UDF1 bets 2328
The_1__Gamblers folds
UDF1 awarded 20
The_1__Gamblers awarded -20

Round #175, The_1__Gamblers (4557), UDF1 (-4557)
The_1__Gamblers posts blind: 10
UDF1 posts blind: 20
The_1__Gamblers received [Kd Jh]
UDF1 received [Qd 3c]
The_1__Gamblers calls
UDF1 checks
Flop [Ts 7s 5c], The_1__Gamblers (20), UDF1 (20)
UDF1 bids 0
The_1__Gamblers bids 0
The_1__Gamblers won the auction and was revealed [Qd]
UDF1 won the auction and was revealed [Kd]
Flop [Ts 7s 5c], The_1__Gamblers (20), UDF1 (20)
UDF1 bets 2712
The_1__Gamblers folds
The_1__Gamblers awarded -20
UDF1 awarded 20

Round #176, UDF1 (-4537), The_1__Gamblers (4537)
UDF1 posts blind: 10
The_1__Gamblers posts blind: 20
UDF1 received [9h Ts]
The_1__Gamblers received [Qs Jh]
UDF1 folds
UDF1 awarded -10
The_1__Gamblers awarded 10

Round #177, The_1__Gamblers (4547), UDF1 (-4547)
The_1__Gamblers posts blind: 10
UDF1 posts blind: 20
The_1__Gamblers received [3s 7c]
UDF1 received [Jh 7d]
The_1__Gamblers calls
UDF1 checks
Flop [Th Ts 9d], The_1__Gamblers (20), UDF1 (20)
UDF1 bids 100
The_1__Gamblers bids 0
UDF1 won the auction and was revealed [7c]
Flop [Th Ts 9d], The_1__Gamblers (20), UDF1 (20)
UDF1 bets 2490
The_1__Gamblers folds
The_1__Gamblers awarded -20
UDF1 awarded 20

Round #178, UDF1 (-4527), The_1__Gamblers (4527)
UDF1 posts blind: 10
The_1__Gamblers posts blind: 20
UDF1 received [3h Th]
The_1__Gamblers received [Ac 8s]
UDF1 calls
The_1__Gamblers checks
Flop [7s Ah 8h], UDF1 (20), The_1__Gamblers (20)
The_1__Gamblers bids 0
UDF1 bids 106
UDF1 won the auction and was revealed [8s]
Flop [7s Ah 8h], UDF1 (20), The_1__Gamblers (20)
The_1__Gamblers bets 24
UDF1 calls
Turn [7s Ah 8h 8d], UDF1 (44), The_1__Gamblers (44)
The_1__Gamblers bets 52
UDF1 folds
UDF1 awarded -44
The_1__Gamblers awarded 44

Round #179, The_1__Gamblers (4571), UDF1 (-4571)
The_1__Gamblers posts blind: 10
UDF1 posts blind: 20
The_1__Gamblers received [2h Ks]
UDF1 received [Kd 3h]
The_1__Gamblers calls
UDF1 checks
Flop [5s 9h 8d], The_1__Gamblers (20), UDF1 (20)
UDF1 bids 105
The_1__Gamblers bids 0
UDF1 won the auction and was revealed [2h]
Flop [5s 9h 8d], The_1__Gamblers (20), UDF1 (20)
UDF1 bets 2927
The_1__Gamblers folds
The_1__Gamblers awarded -20
UDF1 awarded 20

Round #180, UDF1 (-4551), The_1__Gamblers (4551)
UDF1 posts blind: 10
The_1__Gamblers posts blind: 20
UDF1 received [Tc 5h]
The_1__Gamblers received [8h 3d]
UDF1 calls
The_1__Gamblers checks
Flop [6c 4s 5d], UDF1 (20), The_1__Gamblers (20)
The_1__Gamblers bids 0
UDF1 bids 108
UDF1 won the auction and was revealed [3d]
Flop [6c 4s 5d], UDF1 (20), The_1__Gamblers (20)
The_1__Gamblers checks
UDF1 bets 2330
The_1__Gamblers folds
UDF1 awarded 20
The_1__Gamblers awarded -20

Round #181, The_1__Gamblers (4531), UDF1 (-4531)
The_1__Gamblers posts blind: 10
UDF1 posts blind: 20
The_1__Gamblers received [Ts 8h]
UDF1 received [2d Jc]
The_1__Gamblers calls
UDF1 checks
Flop [Th 7c 9c], The_1__Gamblers (20), UDF1 (20)
UDF1 bids 102
The_1__Gamblers bids 0
UDF1 won the auction and was revealed [8h]
Flop [Th 7c 9c], The_1__Gamblers (20), UDF1 (20)
UDF1 bets 2328
The_1__Gamblers raises to 4656
UDF1 calls
Turn [Th 7c 9c Qd], The_1__Gamblers (4676), UDF1 (4676)
UDF1 bets 166
The_1__Gamblers raises to 324
UDF1 calls
River [Th 7c 9c Qd Kd], The_1__Gamblers (5000), UDF1 (5000)
UDF1 checks
The_1__Gamblers checks
The_1__Gamblers shows [Ts 8h]
UDF1 shows [2d Jc]
The_1__Gamblers awarded -5000
UDF1 awarded 5000

Round #182, UDF1 (469), The_1__Gamblers (-469)
UDF1 posts blind: 10
The_1__Gamblers posts blind: 20
UDF1 received [Kd 4d]
The_1__Gamblers received [6s 3c]
UDF1 folds
UDF1 awarded -10
The_1__Gamblers awarded 10

Round #183, The_1__Gamblers (-459), UDF1 (459)
The_1__Gamblers posts blind: 10
UDF1 posts blind: 20
The_1__Gamblers received [Ah 5s]
UDF1 received [Kd 9c]
The_1__Gamblers calls
UDF1 raises to 526
The_1__Gamblers calls
Flop [2d Ks 9h], The_1__Gamblers (526), UDF1 (526)
UDF1 bids 214
The_1__Gamblers bids 0
UDF1 won the auction and was revealed [5s]
Flop [2d Ks 9h], The_1__Gamblers (526), UDF1 (526)
UDF1 bets 3123
The_1__Gamblers folds
The_1__Gamblers awarded -526
UDF1 awarded 526

Round #184, UDF1 (985), The_1__Gamblers (-985)
UDF1 posts blind: 10
The_1__Gamblers posts blind: 20
UDF1 received [As 9s]
The_1__Gamblers received [Qh 2c]
UDF1 raises to 1990
The_1__Gamblers calls
Flop [4s Kh 5h], UDF1 (1990), The_1__Gamblers (1990)
The_1__Gamblers bids 0
UDF1 bids 608
UDF1 won the auction and was revealed [Qh]
Flop [4s Kh 5h], UDF1 (1990), The_1__Gamblers (1990)
The_1__Gamblers checks
UDF1 bets 1855
The_1__Gamblers folds
UDF1 awarded 1990
The_1__Gamblers awarded -1990

Round #185, The_1__Gamblers (-2975), UDF1 (2975)
The_1__Gamblers posts blind: 10
UDF1 posts blind: 20
The_1__Gamblers received [5c 3h]
UDF1 received [As 6c]
The_1__Gamblers calls
UDF1 checks
Flop [Qh Ts Jh], The_1__Gamblers (20), UDF1 (20)
UDF1 bids 103
The_1__Gamblers bids 0
UDF1 won the auction and was revealed [3h]
Flop [Qh Ts Jh], The_1__Gamblers (20), UDF1 (20)
UDF1 bets 2907
The_1__Gamblers folds
The_1__Gamblers awarded -20
UDF1 awarded 20

Round #186, UDF1 (2995), The_1__Gamblers (-2995)
UDF1 posts blind: 10
The_1__Gamblers posts blind: 20
UDF1 received [2h 5d]
The_1__Gamblers received [7d 2d]
UDF1 calls
The_1__Gamblers checks
Flop [7c 3h 4c], UDF1 (20), The_1__Gamblers (20)
The_1__Gamblers bids 0
UDF1 bids 0
UDF1 won the auction and was revealed [2d]
The_1__Gamblers won the auction and was revealed [5d]
Flop [7c 3h 4c], UDF1 (20), The_1__Gamblers (20)
The_1__Gamblers bets 24
UDF1 calls
Turn [7c 3h 4c Ad], UDF1 (44), The_1__Gamblers (44)
The_1__Gamblers bets 52
UDF1 raises to 3684
The_1__Gamblers folds
UDF1 awarded 96
The_1__Gamblers awarded -96

Round #187, The_1__Gamblers (-3091), UDF1 (3091)
The_1__Gamblers posts blind: 10
UDF1 posts blind: 20
The_1__Gamblers received [7d Jd]
UDF1 received [7c Th]
The_1__Gamblers calls
UDF1 checks
Flop [9c 2d 7h], The_1__Gamblers (20), UDF1 (20)
UDF1 bids 103
The_1__Gamblers bids 0
UDF1 won the auction and was revealed [Jd]
Flop [9c 2d 7h], The_1__Gamblers (20), UDF1 (20)
UDF1 bets 2935
The_1__Gamblers raises to 4980
UDF1 calls
Turn [9c 2d 7h 4s], The_1__Gamblers (5000), UDF1 (5000)
UDF1 checks
The_1__Gamblers checks
River [9c 2d 7h 4s 5h], The_1__Gamblers (5000), UDF1 (5000)
UDF1 checks
The_1__Gamblers checks
The_1__Gamblers shows [7d Jd]
UDF1 shows [7c Th]
The_1__Gamblers awarded 5000
UDF1 awarded -5000

Round #188, UDF1 (-1909), The_1__Gamblers (1909)
UDF1 posts blind: 10
The_1__Gamblers posts blind: 20
UDF1 received [6c 4d]
The_1__Gamblers received [4s 7c]
UDF1 raises to 675
The_1__Gamblers calls
Flop [9d 8c Qs], UDF1 (675), The_1__Gamblers (675)
The_1__Gamblers bids 0
UDF1 bids 246
UDF1 won the auction and was revealed [7c]
Flop [9d 8c Qs], UDF1 (675), The_1__Gamblers (675)
The_1__Gamblers checks
UDF1 bets 2066
The_1__Gamblers folds
UDF1 awarded 675
The_1__Gamblers awarded -675

Round #189, The_1__Gamblers (1234), UDF1 (-1234)
The_1__Gamblers posts blind: 10
UDF1 posts blind: 20
The_1__Gamblers received [9h 3d]
UDF1 received [As Qc]
The_1__Gamblers calls
UDF1 raises to 3608
The_1__Gamblers calls
Flop [7s 7c Td], The_1__Gamblers (3608), UDF1 (3608)
UDF1 bids 906
The_1__Gamblers bids 0
UDF1 won the auction and was revealed [9h]
Flop [7s 7c Td], The_1__Gamblers (3608), UDF1 (3608)
UDF1 bets 850
The_1__Gamblers calls
Turn [7s 7c Td Jd], The_1__Gamblers (4458), UDF1 (4458)
UDF1 bets 305
The_1__Gamblers calls
River [7s 7c Td Jd 8s], The_1__Gamblers (4763), UDF1 (4763)
UDF1 bets 100
The_1__Gamblers raises to 237
UDF1 folds
The_1__Gamblers awarded 4863
UDF1 awarded -4863

Round #190, UDF1 (-6097), The_1__Gamblers (6097)
UDF1 posts blind: 10
The_1__Gamblers posts blind: 20
UDF1 received [Kc 5d]
The_1__Gamblers received [5s 7h]
UDF1 folds
UDF1 awarded -10
The_1__Gamblers awarded 10

Round #191, The_1__Gamblers (6107), UDF1 (-6107)
The_1__Gamblers posts blind: 10
UDF1 posts blind: 20
The_1__Gamblers received [Js 2d]
UDF1 received [2s 9h]
The_1__Gamblers calls
UDF1 checks
Flop [6h Ah 7d], The_1__Gamblers (20), UDF1 (20)
UDF1 bids 95
The_1__Gamblers bids 0
UDF1 won the auction and was revealed [2d]
Flop [6h Ah 7d], The_1__Gamblers (20), UDF1 (20)
UDF1 bets 2834
The_1__Gamblers folds
The_1__Gamblers awarded -20
UDF1 awarded 20

Round #192, UDF1 (-6087), The_1__Gamblers (6087)
UDF1 posts blind: 10
The_1__Gamblers posts blind: 20
UDF1 received [7d Qh]
The_1__Gamblers received [2s 3h]
UDF1 calls
The_1__Gamblers checks
Flop [4c Jh 7s], UDF1 (20), The_1__Gamblers (20)
The_1__Gamblers bids 0
UDF1 bids 107
UDF1 won the auction and was revealed [3h]
Flop [4c Jh 7s], UDF1 (20), The_1__Gamblers (20)
The_1__Gamblers checks
UDF1 bets 3399
The_1__Gamblers folds
UDF1 awarded 20
The_1__Gamblers awarded -20

Round #193, The_1__Gamblers (6067), UDF1 (-6067)
The_1__Gamblers posts blind: 10
UDF1 posts blind: 20
The_1__Gamblers received [As 8s]
UDF1 received [6h 3s]
The_1__Gamblers calls
UDF1 checks
Flop [Qh 4c Jd], The_1__Gamblers (20), UDF1 (20)
UDF1 bids 95
The_1__Gamblers bids 0
UDF1 won the auction and was revealed [As]
Flop [Qh 4c Jd], The_1__Gamblers (20), UDF1 (20)
UDF1 bets 2573
The_1__Gamblers folds
The_1__Gamblers awarded -20
UDF1 awarded 20

Round #194, UDF1 (-6047), The_1__Gamblers (6047)
UDF1 posts blind: 10
The_1__Gamblers posts blind: 20
UDF1 received [4d Qs]
The_1__Gamblers received [6d 6h]
UDF1 folds
UDF1 awarded -10
The_1__Gamblers awarded 10

Round #195, The_1__Gamblers (6057), UDF1 (-6057)
The_1__Gamblers posts blind: 10
UDF1 posts blind: 20
The_1__Gamblers received [2s Kc]
UDF1 received [4s Tc]
The_1__Gamblers calls
UDF1 checks
Flop [Ah Qc 6c], The_1__Gamblers (20), UDF1 (20)
UDF1 bids 101
The_1__Gamblers bids 0
UDF1 won the auction and was revealed [Kc]
Flop [Ah Qc 6c], The_1__Gamblers (20), UDF1 (20)
UDF1 bets 2442
The_1__Gamblers folds
The_1__Gamblers awarded -20
UDF1 awarded 20

Round #196, UDF1 (-6037), The_1__Gamblers (6037)
UDF1 posts blind: 10
The_1__Gamblers posts blind: 20
UDF1 received [3c 3s]
The_1__Gamblers received [Td 9h]
UDF1 calls
The_1__Gamblers checks
Flop [Qs Jd Kc], UDF1 (20), The_1__Gamblers (20)
The_1__Gamblers bids 0
UDF1 bids 96
UDF1 won the auction and was revealed [Td]
Flop [Qs Jd Kc], UDF1 (20), The_1__Gamblers (20)
The_1__Gamblers bets 24
UDF1 calls
Turn [Qs Jd Kc 8d], UDF1 (44), The_1__Gamblers (44)
The_1__Gamblers bets 52
UDF1 calls
River [Qs Jd Kc 8d 2c], UDF1 (96), The_1__Gamblers (96)
The_1__Gamblers bets 115
UDF1 calls
UDF1 shows [3c 3s]
The_1__Gamblers shows [Td 9h]
UDF1 awarded -211
The_1__Gamblers awarded 211

Round #197, The_1__Gamblers (6248), UDF1 (-6248)
The_1__Gamblers posts blind: 10
UDF1 posts blind: 20
The_1__Gamblers received [Kc 6s]
UDF1 received [6h As]
The_1__Gamblers calls
UDF1 raises to 337
The_1__Gamblers calls
Flop [2d Qs Qd], The_1__Gamblers (337), UDF1 (337)
UDF1 bids 172
The_1__Gamblers bids 0
UDF1 won the auction and was revealed [6s]
Flop [2d Qs Qd], The_1__Gamblers (337), UDF1 (337)
UDF1 bets 2674
The_1__Gamblers folds
The_1__Gamblers awarded -337
UDF1 awarded 337

Round #198, UDF1 (-5911), The_1__Gamblers (5911)
UDF1 posts blind: 10
The_1__Gamblers posts blind: 20
UDF1 received [Jd Tc]
The_1__Gamblers received [Jh Js]
UDF1 raises to 385
The_1__Gamblers calls
Flop [Jc 5c Ac], UDF1 (385), The_1__Gamblers (385)
The_1__Gamblers bids 0
UDF1 bids 193
UDF1 won the auction and was revealed [Jh]
Flop [Jc 5c Ac], UDF1 (385), The_1__Gamblers (385)
The_1__Gamblers bets 462
UDF1 raises to 3104
The_1__Gamblers raises to 4615
UDF1 calls
Turn [Jc 5c Ac Th], UDF1 (5000), The_1__Gamblers (5000)
The_1__Gamblers checks
UDF1 checks
River [Jc 5c Ac Th 2s], UDF1 (5000), The_1__Gamblers (5000)
The_1__Gamblers checks
UDF1 checks
UDF1 shows [Jd Tc]
The_1__Gamblers shows [Jh Js]
UDF1 awarded -5000
The_1__Gamblers awarded 5000

Round #199, The_1__Gamblers (10911), UDF1 (-10911)
The_1__Gamblers posts blind: 10
UDF1 posts blind: 20
The_1__Gamblers received [6h 6s]
UDF1 received [4d 9s]
The_1__Gamblers calls
UDF1 checks
Flop [Kc 5d 5h], The_1__Gamblers (20), UDF1 (20)
UDF1 bids 94
The_1__Gamblers bids 0
UDF1 won the auction and was revealed [6h]
Flop [Kc 5d 5h], The_1__Gamblers (20), UDF1 (20)
UDF1 bets 2524
The_1__Gamblers raises to 4980
UDF1 calls
Turn [Kc 5d 5h 7d], The_1__Gamblers (5000), UDF1 (5000)
UDF1 checks
The_1__Gamblers checks
River [Kc 5d 5h 7d 3h], The_1__Gamblers (5000), UDF1 (5000)
UDF1 checks
The_1__Gamblers checks
The_1__Gamblers shows [6h 6s]
UDF1 shows [4d 9s]
The_1__Gamblers awarded 5000
UDF1 awarded -5000

Round #200, UDF1 (-15911), The_1__Gamblers (15911)
UDF1 posts blind: 10
The_1__Gamblers posts blind: 20
UDF1 received [7s 2d]
The_1__Gamblers received [Kd 3c]
UDF1 folds
UDF1 awarded -10
The_1__Gamblers awarded 10

Round #201, The_1__Gamblers (15921), UDF1 (-15921)
The_1__Gamblers posts blind: 10
UDF1 posts blind: 20
The_1__Gamblers received [5s Td]
UDF1 received [As 9h]
The_1__Gamblers calls
UDF1 checks
Flop [Qh 6h Ac], The_1__Gamblers (20), UDF1 (20)
UDF1 bids 108
The_1__Gamblers bids 0
UDF1 won the auction and was revealed [5s]
Flop [Qh 6h Ac], The_1__Gamblers (20), UDF1 (20)
UDF1 bets 3604
The_1__Gamblers folds
The_1__Gamblers awarded -20
UDF1 awarded 20

Round #202, UDF1 (-15901), The_1__Gamblers (15901)
UDF1 posts blind: 10
The_1__Gamblers posts blind: 20
UDF1 received [7h 8d]
The_1__Gamblers received [Kd Qh]
UDF1 raises to 678
The_1__Gamblers calls
Flop [2s Ah 4h], UDF1 (678), The_1__Gamblers (678)
The_1__Gamblers bids 0
UDF1 bids 248
UDF1 won the auction and was revealed [Kd]
Flop [2s Ah 4h], UDF1 (678), The_1__Gamblers (678)
The_1__Gamblers bets 813
UDF1 folds
UDF1 awarded -678
The_1__Gamblers awarded 678

Round #203, The_1__Gamblers (16579), UDF1 (-16579)
The_1__Gamblers posts blind: 10
UDF1 posts blind: 20
The_1__Gamblers received [Jc 9h]
UDF1 received [3c 6c]
The_1__Gamblers calls
UDF1 checks
Flop [8s Qd As], The_1__Gamblers (20), UDF1 (20)
UDF1 bids 99
The_1__Gamblers bids 0
UDF1 won the auction and was revealed [Jc]
Flop [8s Qd As], The_1__Gamblers (20), UDF1 (20)
UDF1 bets 2161
The_1__Gamblers folds
The_1__Gamblers awarded -20
UDF1 awarded 20

Round #204, UDF1 (-16559), The_1__Gamblers (16559)
UDF1 posts blind: 10
The_1__Gamblers posts blind: 20
UDF1 received [Jc Ac]
The_1__Gamblers received [3d 5s]
UDF1 raises to 3507
The_1__Gamblers calls
Flop [4c Kc 7d], UDF1 (3507), The_1__Gamblers (3507)
The_1__Gamblers bids 0
UDF1 bids 904
UDF1 won the auction and was revealed [5s]
Flop [4c Kc 7d], UDF1 (3507), The_1__Gamblers (3507)
The_1__Gamblers checks
UDF1 bets 937
The_1__Gamblers folds
UDF1 awarded 3507
The_1__Gamblers awarded -3507

Round #205, The_1__Gamblers (13052), UDF1 (-13052)
The_1__Gamblers posts blind: 10
UDF1 posts blind: 20
The_1__Gamblers received [8d 7h]
UDF1 received [7c Ac]
The_1__Gamblers calls
UDF1 checks
Flop [5h 5d 5c], The_1__Gamblers (20), UDF1 (20)
UDF1 bids 106
The_1__Gamblers bids 0
UDF1 won the auction and was revealed [7h]
Flop [5h 5d 5c], The_1__Gamblers (20), UDF1 (20)
UDF1 bets 3044
The_1__Gamblers folds
The_1__Gamblers awarded -20
UDF1 awarded 20

Round #206, UDF1 (-13032), The_1__Gamblers (13032)
UDF1 posts blind: 10
The_1__Gamblers posts blind: 20
UDF1 received [5h 4s]
The_1__Gamblers received [Kd 6s]
UDF1 raises to 528
The_1__Gamblers calls
Flop [6h 2s 9d], UDF1 (528), The_1__Gamblers (528)
The_1__Gamblers bids 0
UDF1 bids 209
UDF1 won the auction and was revealed [Kd]
Flop [6h 2s 9d], UDF1 (528), The_1__Gamblers (528)
The_1__Gamblers bets 633
UDF1 folds
UDF1 awarded -528
The_1__Gamblers awarded 528

Round #207, The_1__Gamblers (13560), UDF1 (-13560)
The_1__Gamblers posts blind: 10
UDF1 posts blind: 20
The_1__Gamblers received [Td 4s]
UDF1 received [Ad 6h]
The_1__Gamblers calls
UDF1 checks
Flop [5c 9c Ah], The_1__Gamblers (20), UDF1 (20)
UDF1 bids 111
The_1__Gamblers bids 0
UDF1 won the auction and was revealed [4s]
Flop [5c 9c Ah], The_1__Gamblers (20), UDF1 (20)
UDF1 bets 3324
The_1__Gamblers folds
The_1__Gamblers awarded -20
UDF1 awarded 20

Round #208, UDF1 (-13540), The_1__Gamblers (13540)
UDF1 posts blind: 10
The_1__Gamblers posts blind: 20
UDF1 received [7s 7d]
The_1__Gamblers received [Qc 4h]
UDF1 raises to 1915
The_1__Gamblers calls
Flop [3s Ks Kc], UDF1 (1915), The_1__Gamblers (1915)
The_1__Gamblers bids 0
UDF1 bids 594
UDF1 won the auction and was revealed [Qc]
Flop [3s Ks Kc], UDF1 (1915), The_1__Gamblers (1915)
The_1__Gamblers bets 2298
UDF1 raises to 3085
The_1__Gamblers calls
Turn [3s Ks Kc Ah], UDF1 (5000), The_1__Gamblers (5000)
The_1__Gamblers checks
UDF1 checks
River [3s Ks Kc Ah Kh], UDF1 (5000), The_1__Gamblers (5000)
The_1__Gamblers checks
UDF1 checks
UDF1 shows [7s 7d]
The_1__Gamblers shows [Qc 4h]
UDF1 awarded 5000
The_1__Gamblers awarded -5000

Round #209, The_1__Gamblers (8540), UDF1 (-8540)
The_1__Gamblers posts blind: 10
UDF1 posts blind: 20
The_1__Gamblers received [7c 6d]
UDF1 received [2d 9c]
The_1__Gamblers calls
UDF1 raises to 732
The_1__Gamblers calls
Flop [Js 3c 2s], The_1__Gamblers (732), UDF1 (732)
UDF1 bids 276
The_1__Gamblers bids 0
UDF1 won the auction and was revealed [6d]
Flop [Js 3c 2s], The_1__Gamblers (732), UDF1 (732)
UDF1 bets 2855
The_1__Gamblers folds
The_1__Gamblers awarded -732
UDF1 awarded 732

Round #210, UDF1 (-7808), The_1__Gamblers (7808)
UDF1 posts blind: 10
The_1__Gamblers posts blind: 20
UDF1 received [9s Js]
The_1__Gamblers received [Jd 3d]
UDF1 folds
UDF1 awarded -10
The_1__Gamblers awarded 10

Round #211, The_1__Gamblers (7818), UDF1 (-7818)
The_1__Gamblers posts blind: 10
UDF1 posts blind: 20
The_1__Gamblers received [7s Kh]
UDF1 received [Ks Td]
The_1__Gamblers calls
UDF1 checks
Flop [Qc Ad Ah], The_1__Gamblers (20), UDF1 (20)
UDF1 bids 112
The_1__Gamblers bids 0
UDF1 won the auction and was revealed [Kh]
Flop [Qc Ad Ah], The_1__Gamblers (20), UDF1 (20)
UDF1 bets 2367
The_1__Gamblers folds
The_1__Gamblers awarded -20
UDF1 awarded 20

Round #212, UDF1 (-7798), The_1__Gamblers (7798)
UDF1 posts blind: 10
The_1__Gamblers posts blind: 20
UDF1 received [Ah 4c]
The_1__Gamblers received [Tc Kh]
UDF1 raises to 767
The_1__Gamblers calls
Flop [8c 3c Ac], UDF1 (767), The_1__Gamblers (767)
The_1__Gamblers bids 0
UDF1 bids 0
UDF1 won the auction and was revealed [Kh]
The_1__Gamblers won the auction and was revealed [4c]
Flop [8c 3c Ac], UDF1 (767), The_1__Gamblers (767)
The_1__Gamblers bets 920
UDF1 raises to 3409
The_1__Gamblers folds
UDF1 awarded 1687
The_1__Gamblers awarded -1687

Round #213, The_1__Gamblers (6111), UDF1 (-6111)
The_1__Gamblers posts blind: 10
UDF1 posts blind: 20
The_1__Gamblers received [2d Jc]
UDF1 received [3s As]
The_1__Gamblers calls
UDF1 raises to 487
The_1__Gamblers calls
Flop [6s 4h 8d], The_1__Gamblers (487), UDF1 (487)
UDF1 bids 213
The_1__Gamblers bids 0
UDF1 won the auction and was revealed [Jc]
Flop [6s 4h 8d], The_1__Gamblers (487), UDF1 (487)
UDF1 bets 2651
The_1__Gamblers folds
The_1__Gamblers awarded -487
UDF1 awarded 487

Round #214, UDF1 (-5624), The_1__Gamblers (5624)
UDF1 posts blind: 10
The_1__Gamblers posts blind: 20
UDF1 received [3h Qd]
The_1__Gamblers received [Kc 3c]
UDF1 folds
UDF1 awarded -10
The_1__Gamblers awarded 10

Round #215, The_1__Gamblers (5634), UDF1 (-5634)
The_1__Gamblers posts blind: 10
UDF1 posts blind: 20
The_1__Gamblers received [4c Ac]
UDF1 received [6s Td]
The_1__Gamblers calls
UDF1 checks
Flop [8h 9h Kd], The_1__Gamblers (20), UDF1 (20)
UDF1 bids 110
The_1__Gamblers bids 0
UDF1 won the auction and was revealed [Ac]
Flop [8h 9h Kd], The_1__Gamblers (20), UDF1 (20)
UDF1 bets 2701
The_1__Gamblers folds
The_1__Gamblers awarded -20
UDF1 awarded 20

Round #216, UDF1 (-5614), The_1__Gamblers (5614)
UDF1 posts blind: 10
The_1__Gamblers posts blind: 20
UDF1 received [8d 4h]
The_1__Gamblers received [Qd 7c]
UDF1 folds
UDF1 awarded -10
The_1__Gamblers awarded 10

Round #217, The_1__Gamblers (5624), UDF1 (-5624)
The_1__Gamblers posts blind: 10
UDF1 posts blind: 20
The_1__Gamblers received [Ts 8s]
UDF1 received [9h 7h]
The_1__Gamblers calls
UDF1 checks
Flop [8h 3c 4h], The_1__Gamblers (20), UDF1 (20)
UDF1 bids 0
The_1__Gamblers bids 0
The_1__Gamblers won the auction and was revealed [7h]
UDF1 won the auction and was revealed [Ts]
Flop [8h 3c 4h], The_1__Gamblers (20), UDF1 (20)
UDF1 bets 2862
The_1__Gamblers raises to 4980
UDF1 calls
Turn [8h 3c 4h 4s], The_1__Gamblers (5000), UDF1 (5000)
UDF1 checks
The_1__Gamblers checks
River [8h 3c 4h 4s Kc], The_1__Gamblers (5000), UDF1 (5000)
UDF1 checks
The_1__Gamblers checks
The_1__Gamblers shows [Ts 8s]
UDF1 shows [9h 7h]
The_1__Gamblers awarded 5000
UDF1 awarded -5000

Round #218, UDF1 (-10624), The_1__Gamblers (10624)
UDF1 posts blind: 10
The_1__Gamblers posts blind: 20
UDF1 received [8c 9s]
The_1__Gamblers received [Ks 4h]
UDF1 folds
UDF1 awarded -10
The_1__Gamblers awarded 10

Round #219, The_1__Gamblers (10634), UDF1 (-10634)
The_1__Gamblers posts blind: 10
UDF1 posts blind: 20
The_1__Gamblers received [Qs 4s]
UDF1 received [6h 6s]
The_1__Gamblers calls
UDF1 raises to 1923
The_1__Gamblers calls
Flop [As 9c 6d], The_1__Gamblers (1923), UDF1 (1923)
UDF1 bids 603
The_1__Gamblers bids 0
UDF1 won the auction and was revealed [Qs]
Flop [As 9c 6d], The_1__Gamblers (1923), UDF1 (1923)
UDF1 bets 2074
The_1__Gamblers folds
The_1__Gamblers awarded -1923
UDF1 awarded 1923

Round #220, UDF1 (-8711), The_1__Gamblers (8711)
UDF1 posts blind: 10
The_1__Gamblers posts blind: 20
UDF1 received [2d 6d]
The_1__Gamblers received [Js 9s]
UDF1 calls
The_1__Gamblers checks
Flop [Qc Ts 4h], UDF1 (20), The_1__Gamblers (20)
The_1__Gamblers bids 0
UDF1 bids 113
UDF1 won the auction and was revealed [9s]
Flop [Qc Ts 4h], UDF1 (20), The_1__Gamblers (20)
The_1__Gamblers checks
UDF1 bets 2208
The_1__Gamblers folds
UDF1 awarded 20
The_1__Gamblers awarded -20

Round #221, The_1__Gamblers (8691), UDF1 (-8691)
The_1__Gamblers posts blind: 10
UDF1 posts blind: 20
The_1__Gamblers received [Js Qd]
UDF1 received [7h 6c]
The_1__Gamblers calls
UDF1 checks
Flop [Jd Kd 5c], The_1__Gamblers (20), UDF1 (20)
UDF1 bids 108
The_1__Gamblers bids 0
UDF1 won the auction and was revealed [Qd]
Flop [Jd Kd 5c], The_1__Gamblers (20), UDF1 (20)
UDF1 bets 2584
The_1__Gamblers raises to 4980
UDF1 folds
The_1__Gamblers awarded 2604
UDF1 awarded -2604

Round #222, UDF1 (-11295), The_1__Gamblers (11295)
UDF1 posts blind: 10
The_1__Gamblers posts blind: 20
UDF1 received [5c 3h]
The_1__Gamblers received [3c 7d]
UDF1 calls
The_1__Gamblers checks
Flop [Ah Ts 2d], UDF1 (20), The_1__Gamblers (20)
The_1__Gamblers bids 0
UDF1 bids 102
UDF1 won the auction and was revealed [7d]
Flop [Ah Ts 2d], UDF1 (20), The_1__Gamblers (20)
The_1__Gamblers checks
UDF1 bets 2800
The_1__Gamblers folds
UDF1 awarded 20
The_1__Gamblers awarded -20

Round #223, The_1__Gamblers (11275), UDF1 (-11275)
The_1__Gamblers posts blind: 10
UDF1 posts blind: 20
The_1__Gamblers received [4s Kc]
UDF1 received [9h 3s]
The_1__Gamblers calls
UDF1 checks
Flop [Kd 8h Ks], The_1__Gamblers (20), UDF1 (20)
UDF1 bids 105
The_1__Gamblers bids 0
UDF1 won the auction and was revealed [Kc]
Flop [Kd 8h Ks], The_1__Gamblers (20), UDF1 (20)
UDF1 bets 2115
The_1__Gamblers raises to 4230
UDF1 folds
The_1__Gamblers awarded 2135
UDF1 awarded -2135

Round #224, UDF1 (-13410), The_1__Gamblers (13410)
UDF1 posts blind: 10
The_1__Gamblers posts blind: 20
UDF1 received [Jd 6s]
The_1__Gamblers received [6d 9s]
UDF1 raises to 664
The_1__Gamblers calls
Flop [Ac 8c 7c], UDF1 (664), The_1__Gamblers (664)
The_1__Gamblers bids 0
UDF1 bids 0
UDF1 won the auction and was revealed [6d]
The_1__Gamblers won the auction and was revealed [Jd]
Flop [Ac 8c 7c], UDF1 (664), The_1__Gamblers (664)
The_1__Gamblers checks
UDF1 bets 2501
The_1__Gamblers folds
UDF1 awarded 664
The_1__Gamblers awarded -664

Round #225, The_1__Gamblers (12746), UDF1 (-12746)
The_1__Gamblers posts blind: 10
UDF1 posts blind: 20
The_1__Gamblers received [9h Kc]
UDF1 received [Tc Ad]
The_1__Gamblers calls
UDF1 checks
Flop [Qd Th 6d], The_1__Gamblers (20), UDF1 (20)
UDF1 bids 110
The_1__Gamblers bids 0
UDF1 won the auction and was revealed [Kc]
Flop [Qd Th 6d], The_1__Gamblers (20), UDF1 (20)
UDF1 bets 2927
The_1__Gamblers folds
The_1__Gamblers awarded -20
UDF1 awarded 20

Round #226, UDF1 (-12726), The_1__Gamblers (12726)
UDF1 posts blind: 10
The_1__Gamblers posts blind: 20
UDF1 received [9c Tc]
The_1__Gamblers received [Kd 4d]
UDF1 calls
The_1__Gamblers checks
Flop [6c 5c 8h], UDF1 (20), The_1__Gamblers (20)
The_1__Gamblers bids 0
UDF1 bids 109
UDF1 won the auction and was revealed [Kd]
Flop [6c 5c 8h], UDF1 (20), The_1__Gamblers (20)
The_1__Gamblers checks
UDF1 bets 2589
The_1__Gamblers folds
UDF1 awarded 20
The_1__Gamblers awarded -20

Round #227, The_1__Gamblers (12706), UDF1 (-12706)
The_1__Gamblers posts blind: 10
UDF1 posts blind: 20
The_1__Gamblers received [Ah 6d]
UDF1 received [Td 2h]
The_1__Gamblers calls
UDF1 checks
Flop [7c Ks As], The_1__Gamblers (20), UDF1 (20)
UDF1 bids 104
The_1__Gamblers bids 0
UDF1 won the auction and was revealed [6d]
Flop [7c Ks As], The_1__Gamblers (20), UDF1 (20)
UDF1 bets 3098
The_1__Gamblers raises to 4980
UDF1 calls
Turn [7c Ks As Qs], The_1__Gamblers (5000), UDF1 (5000)
UDF1 checks
The_1__Gamblers checks
River [7c Ks As Qs 2c], The_1__Gamblers (5000), UDF1 (5000)
UDF1 checks
The_1__Gamblers checks
The_1__Gamblers shows [Ah 6d]
UDF1 shows [Td 2h]
The_1__Gamblers awarded 5000
UDF1 awarded -5000

Round #228, UDF1 (-17706), The_1__Gamblers (17706)
UDF1 posts blind: 10
The_1__Gamblers posts blind: 20
UDF1 received [2h 4s]
The_1__Gamblers received [Qs 7d]
UDF1 raises to 739
The_1__Gamblers calls
Flop [3c Kc 2s], UDF1 (739), The_1__Gamblers (739)
The_1__Gamblers bids 0
UDF1 bids 277
UDF1 won the auction and was revealed [7d]
Flop [3c Kc 2s], UDF1 (739), The_1__Gamblers (739)
The_1__Gamblers checks
UDF1 bets 2786
The_1__Gamblers folds
UDF1 awarded 739
The_1__Gamblers awarded -739

Round #229, The_1__Gamblers (16967), UDF1 (-16967)
The_1__Gamblers posts blind: 10
UDF1 posts blind: 20
The_1__Gamblers received [Jh Ad]
UDF1 received [7h 5d]
The_1__Gamblers calls
UDF1 raises to 337
The_1__Gamblers calls
Flop [8c 3d 5h], The_1__Gamblers (337), UDF1 (337)
UDF1 bids 187
The_1__Gamblers bids 0
UDF1 won the auction and was revealed [Ad]
Flop [8c 3d 5h], The_1__Gamblers (337), UDF1 (337)
UDF1 bets 2849
The_1__Gamblers folds
The_1__Gamblers awarded -337
UDF1 awarded 337

Round #230, UDF1 (-16630), The_1__Gamblers (16630)
UDF1 posts blind: 10
The_1__Gamblers posts blind: 20
UDF1 received [Jh Qd]
The_1__Gamblers received [9c 9d]
UDF1 calls
The_1__Gamblers checks
Flop [2h Qc 5d], UDF1 (20), The_1__Gamblers (20)
The_1__Gamblers bids 0
UDF1 bids 107
UDF1 won the auction and was revealed [9d]
Flop [2h Qc 5d], UDF1 (20), The_1__Gamblers (20)
The_1__Gamblers bets 24
UDF1 raises to 3287
The_1__Gamblers raises to 4980
UDF1 calls
Turn [2h Qc 5d Th], UDF1 (5000), The_1__Gamblers (5000)
The_1__Gamblers checks
UDF1 checks
River [2h Qc 5d Th 4d], UDF1 (5000), The_1__Gamblers (5000)
The_1__Gamblers checks
UDF1 checks
UDF1 shows [Jh Qd]
The_1__Gamblers shows [9c 9d]
UDF1 awarded 5000
The_1__Gamblers awarded -5000

Round #231, The_1__Gamblers (11630), UDF1 (-11630)
The_1__Gamblers posts blind: 10
UDF1 posts blind: 20
The_1__Gamblers received [9s 5d]
UDF1 received [Td 5s]
The_1__Gamblers calls
UDF1 raises to 374
The_1__Gamblers calls
Flop [Qd 4c Kh], The_1__Gamblers (374), UDF1 (374)
UDF1 bids 186
The_1__Gamblers bids 0
UDF1 won the auction and was revealed [5d]
Flop [Qd 4c Kh], The_1__Gamblers (374), UDF1 (374)
UDF1 bets 2663
The_1__Gamblers folds
The_1__Gamblers awarded -374
UDF1 awarded 374

Round #232, UDF1 (-11256), The_1__Gamblers (11256)
UDF1 posts blind: 10
The_1__Gamblers posts blind: 20
UDF1 received [Td 5s]
The_1__Gamblers received [3d 2h]
UDF1 calls
The_1__Gamblers checks
Flop [Qs 8h Jd], UDF1 (20), The_1__Gamblers (20)
The_1__Gamblers bids 0
UDF1 bids 103
UDF1 won the auction and was revealed [3d]
Flop [Qs 8h Jd], UDF1 (20), The_1__Gamblers (20)
The_1__Gamblers checks
UDF1 bets 2840
The_1__Gamblers folds
UDF1 awarded 20
The_1__Gamblers awarded -20

Round #233, The_1__Gamblers (11236), UDF1 (-11236)
The_1__Gamblers posts blind: 10
UDF1 posts blind: 20
The_1__Gamblers received [8d Kc]
UDF1 received [Kh 4c]
The_1__Gamblers calls
UDF1 raises to 736
The_1__Gamblers calls
Flop [4s Ac 5h], The_1__Gamblers (736), UDF1 (736)
UDF1 bids 284
The_1__Gamblers bids 0
UDF1 won the auction and was revealed [8d]
Flop [4s Ac 5h], The_1__Gamblers (736), UDF1 (736)
UDF1 bets 2746
The_1__Gamblers folds
The_1__Gamblers awarded -736
UDF1 awarded 736

Round #234, UDF1 (-10500), The_1__Gamblers (10500)
UDF1 posts blind: 10
The_1__Gamblers posts blind: 20
UDF1 received [Ac 6s]
The_1__Gamblers received [9c 4d]
UDF1 raises to 763
The_1__Gamblers calls
Flop [2h 5h 4s], UDF1 (763), The_1__Gamblers (763)
The_1__Gamblers bids 0
UDF1 bids 287
UDF1 won the auction and was revealed [4d]
Flop [2h 5h 4s], UDF1 (763), The_1__Gamblers (763)
The_1__Gamblers bets 915
UDF1 folds
UDF1 awarded -763
The_1__Gamblers awarded 763

Round #235, The_1__Gamblers (11263), UDF1 (-11263)
The_1__Gamblers posts blind: 10
UDF1 posts blind: 20
The_1__Gamblers received [7s 3c]
UDF1 received [3h 9s]
The_1__Gamblers calls
UDF1 checks
Flop [As 9h 4s], The_1__Gamblers (20), UDF1 (20)
UDF1 bids 114
The_1__Gamblers bids 0
UDF1 won the auction and was revealed [7s]
Flop [As 9h 4s], The_1__Gamblers (20), UDF1 (20)
UDF1 bets 3027
The_1__Gamblers folds
The_1__Gamblers awarded -20
UDF1 awarded 20

Round #236, UDF1 (-11243), The_1__Gamblers (11243)
UDF1 posts blind: 10
The_1__Gamblers posts blind: 20
UDF1 received [4d 6h]
The_1__Gamblers received [Qc 6c]
UDF1 folds
UDF1 awarded -10
The_1__Gamblers awarded 10

Round #237, The_1__Gamblers (11253), UDF1 (-11253)
The_1__Gamblers posts blind: 10
UDF1 posts blind: 20
The_1__Gamblers received [Kd 9d]
UDF1 received [7h 3s]
The_1__Gamblers calls
UDF1 checks
Flop [2d 4d 7s], The_1__Gamblers (20), UDF1 (20)
UDF1 bids 116
The_1__Gamblers bids 0
UDF1 won the auction and was revealed [Kd]
Flop [2d 4d 7s], The_1__Gamblers (20), UDF1 (20)
UDF1 bets 3025
The_1__Gamblers folds
The_1__Gamblers awarded -20
UDF1 awarded 20

Round #238, UDF1 (-11233), The_1__Gamblers (11233)
UDF1 posts blind: 10
The_1__Gamblers posts blind: 20
UDF1 received [5s 2h]
The_1__Gamblers received [Js Ah]
UDF1 folds
UDF1 awarded -10
The_1__Gamblers awarded 10

Round #239, The_1__Gamblers (11243), UDF1 (-11243)
The_1__Gamblers posts blind: 10
UDF1 posts blind: 20
The_1__Gamblers received [6d 5h]
UDF1 received [9h 7s]
The_1__Gamblers calls
UDF1 checks
Flop [Kd Ts Js], The_1__Gamblers (20), UDF1 (20)
UDF1 bids 111
The_1__Gamblers bids 0
UDF1 won the auction and was revealed [5h]
Flop [Kd Ts Js], The_1__Gamblers (20), UDF1 (20)
UDF1 bets 2924
The_1__Gamblers folds
The_1__Gamblers awarded -20
UDF1 awarded 20

Round #240, UDF1 (-11223), The_1__Gamblers (11223)
UDF1 posts blind: 10
The_1__Gamblers posts blind: 20
UDF1 received [Kc 4h]
The_1__Gamblers received [Qc 7s]
UDF1 raises to 680
The_1__Gamblers calls
Flop [4c 2c Th], UDF1 (680), The_1__Gamblers (680)
The_1__Gamblers bids 0
UDF1 bids 263
UDF1 won the auction and was revealed [7s]
Flop [4c 2c Th], UDF1 (680), The_1__Gamblers (680)
The_1__Gamblers checks
UDF1 bets 2914
The_1__Gamblers folds
UDF1 awarded 680
The_1__Gamblers awarded -680

Round #241, The_1__Gamblers (10543), UDF1 (-10543)
The_1__Gamblers posts blind: 10
UDF1 posts blind: 20
The_1__Gamblers received [2d 2h]
UDF1 received [9h 8c]
The_1__Gamblers calls
UDF1 checks
Flop [Td Th 4d], The_1__Gamblers (20), UDF1 (20)
UDF1 bids 106
The_1__Gamblers bids 0
UDF1 won the auction and was revealed [2d]
Flop [Td Th 4d], The_1__Gamblers (20), UDF1 (20)
UDF1 bets 2641
The_1__Gamblers calls
Turn [Td Th 4d Kd], The_1__Gamblers (2661), UDF1 (2661)
UDF1 bets 1062
The_1__Gamblers calls
River [Td Th 4d Kd 3s], The_1__Gamblers (3723), UDF1 (3723)
UDF1 bets 494
The_1__Gamblers calls
The_1__Gamblers shows [2d 2h]
UDF1 shows [9h 8c]
The_1__Gamblers awarded 4217
UDF1 awarded -4217

Round #242, UDF1 (-14760), The_1__Gamblers (14760)
UDF1 posts blind: 10
The_1__Gamblers posts blind: 20
UDF1 received [7c Kd]
The_1__Gamblers received [9s 5d]
UDF1 folds
UDF1 awarded -10
The_1__Gamblers awarded 10

Round #243, The_1__Gamblers (14770), UDF1 (-14770)
The_1__Gamblers posts blind: 10
UDF1 posts blind: 20
The_1__Gamblers received [4h Ks]
UDF1 received [9d Ts]
The_1__Gamblers calls
UDF1 checks
Flop [Kc Tc Td], The_1__Gamblers (20), UDF1 (20)
UDF1 bids 107
The_1__Gamblers bids 0
UDF1 won the auction and was revealed [4h]
Flop [Kc Tc Td], The_1__Gamblers (20), UDF1 (20)
UDF1 bets 3147
The_1__Gamblers raises to 4980
UDF1 calls
Turn [Kc Tc Td 5h], The_1__Gamblers (5000), UDF1 (5000)
UDF1 checks
The_1__Gamblers checks
River [Kc Tc Td 5h 6s], The_1__Gamblers (5000), UDF1 (5000)
UDF1 checks
The_1__Gamblers checks
The_1__Gamblers shows [4h Ks]
UDF1 shows [9d Ts]
The_1__Gamblers awarded -5000
UDF1 awarded 5000

Round #244, UDF1 (-9770), The_1__Gamblers (9770)
UDF1 posts blind: 10
The_1__Gamblers posts blind: 20
UDF1 received [9h 5s]
The_1__Gamblers received [6d Td]
UDF1 raises to 558
The_1__Gamblers calls
Flop [4s 5d Qh], UDF1 (558), The_1__Gamblers (558)
The_1__Gamblers bids 0
UDF1 bids 239
UDF1 won the auction and was revealed [Td]
Flop [4s 5d Qh], UDF1 (558), The_1__Gamblers (558)
The_1__Gamblers checks
UDF1 bets 2989
The_1__Gamblers folds
UDF1 awarded 558
The_1__Gamblers awarded -558

Round #245, The_1__Gamblers (9212), UDF1 (-9212)
The_1__Gamblers posts blind: 10
UDF1 posts blind: 20
The_1__Gamblers received [9c 4c]
UDF1 received [Ks 7s]
The_1__Gamblers calls
UDF1 checks
Flop [Ad Js 5h], The_1__Gamblers (20), UDF1 (20)
UDF1 bids 111
The_1__Gamblers bids 0
UDF1 won the auction and was revealed [9c]
Flop [Ad Js 5h], The_1__Gamblers (20), UDF1 (20)
UDF1 bets 2906
The_1__Gamblers folds
The_1__Gamblers awarded -20
UDF1 awarded 20

Round #246, UDF1 (-9192), The_1__Gamblers (9192)
UDF1 posts blind: 10
The_1__Gamblers posts blind: 20
UDF1 received [2s 7s]
The_1__Gamblers received [3d 6h]
UDF1 raises to 769
The_1__Gamblers calls
Flop [5d Ks Qs], UDF1 (769), The_1__Gamblers (769)
The_1__Gamblers bids 0
UDF1 bids 291
UDF1 won the auction and was revealed [6h]
Flop [5d Ks Qs], UDF1 (769), The_1__Gamblers (769)
The_1__Gamblers checks
UDF1 bets 2374
The_1__Gamblers folds
UDF1 awarded 769
The_1__Gamblers awarded -769

Round #247, The_1__Gamblers (8423), UDF1 (-8423)
The_1__Gamblers posts blind: 10
UDF1 posts blind: 20
The_1__Gamblers received [Qd 9d]
UDF1 received [5s 4h]
The_1__Gamblers calls
UDF1 checks
Flop [5c 4c 2c], The_1__Gamblers (20), UDF1 (20)
UDF1 bids 108
The_1__Gamblers bids 0
UDF1 won the auction and was revealed [9d]
Flop [5c 4c 2c], The_1__Gamblers (20), UDF1 (20)
UDF1 bets 2746
The_1__Gamblers folds
The_1__Gamblers awarded -20
UDF1 awarded 20

Round #248, UDF1 (-8403), The_1__Gamblers (8403)
UDF1 posts blind: 10
The_1__Gamblers posts blind: 20
UDF1 received [2s Ks]
The_1__Gamblers received [4c 6h]
UDF1 calls
The_1__Gamblers checks
Flop [Qc 7s 7h], UDF1 (20), The_1__Gamblers (20)
The_1__Gamblers bids 0
UDF1 bids 115
UDF1 won the auction and was revealed [6h]
Flop [Qc 7s 7h], UDF1 (20), The_1__Gamblers (20)
The_1__Gamblers checks
UDF1 bets 2735
The_1__Gamblers folds
UDF1 awarded 20
The_1__Gamblers awarded -20

Round #249, The_1__Gamblers (8383), UDF1 (-8383)
The_1__Gamblers posts blind: 10
UDF1 posts blind: 20
The_1__Gamblers received [2d 2s]
UDF1 received [8h Ah]
The_1__Gamblers calls
UDF1 checks
Flop [5d 6d 4c], The_1__Gamblers (20), UDF1 (20)
UDF1 bids 114
The_1__Gamblers bids 0
UDF1 won the auction and was revealed [2s]
Flop [5d 6d 4c], The_1__Gamblers (20), UDF1 (20)
UDF1 bets 2792
The_1__Gamblers folds
The_1__Gamblers awarded -20
UDF1 awarded 20

Round #250, UDF1 (-8363), The_1__Gamblers (8363)
UDF1 posts blind: 10
The_1__Gamblers posts blind: 20
UDF1 received [8c Js]
The_1__Gamblers received [8s 4h]
UDF1 folds
UDF1 awarded -10
The_1__Gamblers awarded 10

Round #251, The_1__Gamblers (8373), UDF1 (-8373)
The_1__Gamblers posts blind: 10
UDF1 posts blind: 20
The_1__Gamblers received [6h 6c]
UDF1 received [Jh 9d]
The_1__Gamblers calls
UDF1 checks
Flop [Tc As Kc], The_1__Gamblers (20), UDF1 (20)
UDF1 bids 113
The_1__Gamblers bids 0
UDF1 won the auction and was revealed [6h]
Flop [Tc As Kc], The_1__Gamblers (20), UDF1 (20)
UDF1 bets 3276
The_1__Gamblers folds
The_1__Gamblers awarded -20
UDF1 awarded 20

Round #252, UDF1 (-8353), The_1__Gamblers (8353)
UDF1 posts blind: 10
The_1__Gamblers posts blind: 20
UDF1 received [3d Qd]
The_1__Gamblers received [7h 7s]
UDF1 calls
The_1__Gamblers checks
Flop [Jh Jd 4s], UDF1 (20), The_1__Gamblers (20)
The_1__Gamblers bids 0
UDF1 bids 115
UDF1 won the auction and was revealed [7h]
Flop [Jh Jd 4s], UDF1 (20), The_1__Gamblers (20)
The_1__Gamblers bets 24
UDF1 calls
Turn [Jh Jd 4s As], UDF1 (44), The_1__Gamblers (44)
The_1__Gamblers bets 52
UDF1 calls
River [Jh Jd 4s As Tc], UDF1 (96), The_1__Gamblers (96)
The_1__Gamblers bets 115
UDF1 calls
UDF1 shows [3d Qd]
The_1__Gamblers shows [7h 7s]
UDF1 awarded -211
The_1__Gamblers awarded 211

Round #253, The_1__Gamblers (8564), UDF1 (-8564)
The_1__Gamblers posts blind: 10
UDF1 posts blind: 20
The_1__Gamblers received [7c 2c]
UDF1 received [7h 2s]
The_1__Gamblers calls
UDF1 checks
Flop [6s 6c Kd], The_1__Gamblers (20), UDF1 (20)
UDF1 bids 114
The_1__Gamblers bids 0
UDF1 won the auction and was revealed [2c]
Flop [6s 6c Kd], The_1__Gamblers (20), UDF1 (20)
UDF1 bets 2455
The_1__Gamblers folds
The_1__Gamblers awarded -20
UDF1 awarded 20

Round #254, UDF1 (-8544), The_1__Gamblers (8544)
UDF1 posts blind: 10
The_1__Gamblers posts blind: 20
UDF1 received [8c 5s]
The_1__Gamblers received [4d 3h]
UDF1 raises to 735
The_1__Gamblers calls
Flop [8h Ks 4h], UDF1 (735), The_1__Gamblers (735)
The_1__Gamblers bids 0
UDF1 bids 278
UDF1 won the auction and was revealed [4d]
Flop [8h Ks 4h], UDF1 (735), The_1__Gamblers (735)
The_1__Gamblers bets 882
UDF1 raises to 3449
The_1__Gamblers raises to 4265
UDF1 calls
Turn [8h Ks 4h 8d], UDF1 (5000), The_1__Gamblers (5000)
The_1__Gamblers checks
UDF1 checks
River [8h Ks 4h 8d Jh], UDF1 (5000), The_1__Gamblers (5000)
The_1__Gamblers checks
UDF1 checks
UDF1 shows [8c 5s]
The_1__Gamblers shows [4d 3h]
UDF1 awarded 5000
The_1__Gamblers awarded -5000

Round #255, The_1__Gamblers (3544), UDF1 (-3544)
The_1__Gamblers posts blind: 10
UDF1 posts blind: 20
The_1__Gamblers received [6s 9h]
UDF1 received [Ah Ad]
The_1__Gamblers calls
UDF1 raises to 4436
The_1__Gamblers calls
Flop [7c 7s 2d], The_1__Gamblers (4436), UDF1 (4436)
UDF1 bids 564
The_1__Gamblers bids 0
UDF1 won the auction and was revealed [6s]
Flop [7c 7s 2d], The_1__Gamblers (4436), UDF1 (4436)
UDF1 bets 352
The_1__Gamblers calls
Turn [7c 7s 2d 5h], The_1__Gamblers (4788), UDF1 (4788)
UDF1 bets 136
The_1__Gamblers calls
River [7c 7s 2d 5h Tc], The_1__Gamblers (4924), UDF1 (4924)
UDF1 bets 57
The_1__Gamblers calls
The_1__Gamblers shows [6s 9h]
UDF1 shows [Ah Ad]
The_1__Gamblers awarded -4981
UDF1 awarded 4981

Round #256, UDF1 (1437), The_1__Gamblers (-1437)
UDF1 posts blind: 10
The_1__Gamblers posts blind: 20
UDF1 received [Ts 2c]
The_1__Gamblers received [7s 4c]
UDF1 raises to 651
The_1__Gamblers calls
Flop [Qs 9s Kd], UDF1 (651), The_1__Gamblers (651)
The_1__Gamblers bids 0
UDF1 bids 257
UDF1 won the auction and was revealed [4c]
Flop [Qs 9s Kd], UDF1 (651), The_1__Gamblers (651)
The_1__Gamblers checks
UDF1 bets 2548
The_1__Gamblers folds
UDF1 awarded 651
The_1__Gamblers awarded -651

Round #257, The_1__Gamblers (-2088), UDF1 (2088)
The_1__Gamblers posts blind: 10
UDF1 posts blind: 20
The_1__Gamblers received [2s Qh]
UDF1 received [5d 4h]
The_1__Gamblers calls
UDF1 checks
Flop [5s 3c 5c], The_1__Gamblers (20), UDF1 (20)
UDF1 bids 115
The_1__Gamblers bids 0
UDF1 won the auction and was revealed [2s]
Flop [5s 3c 5c], The_1__Gamblers (20), UDF1 (20)
UDF1 bets 2900
The_1__Gamblers folds
The_1__Gamblers awarded -20
UDF1 awarded 20

Round #258, UDF1 (2108), The_1__Gamblers (-2108)
UDF1 posts blind: 10
The_1__Gamblers posts blind: 20
UDF1 received [7d 4d]
The_1__Gamblers received [7c Kd]
UDF1 raises to 761
The_1__Gamblers calls
Flop [Qd Qc 2h], UDF1 (761), The_1__Gamblers (761)
The_1__Gamblers bids 0
UDF1 bids 286
UDF1 won the auction and was revealed [7c]
Flop [Qd Qc 2h], UDF1 (761), The_1__Gamblers (761)
The_1__Gamblers bets 913
UDF1 folds
UDF1 awarded -761
The_1__Gamblers awarded 761

Round #259, The_1__Gamblers (-1347), UDF1 (1347)
The_1__Gamblers posts blind: 10
UDF1 posts blind: 20
The_1__Gamblers received [Ac 6h]
UDF1 received [Qc Js]
The_1__Gamblers calls
UDF1 raises to 1898
The_1__Gamblers calls
Flop [9h Ah Jd], The_1__Gamblers (1898), UDF1 (1898)
UDF1 bids 605
The_1__Gamblers bids 0
UDF1 won the auction and was revealed [Ac]
Flop [9h Ah Jd], The_1__Gamblers (1898), UDF1 (1898)
UDF1 bets 1630
The_1__Gamblers raises to 3102
UDF1 calls
Turn [9h Ah Jd Tc], The_1__Gamblers (5000), UDF1 (5000)
UDF1 checks
The_1__Gamblers checks
River [9h Ah Jd Tc 7d], The_1__Gamblers (5000), UDF1 (5000)
UDF1 checks
The_1__Gamblers checks
The_1__Gamblers shows [Ac 6h]
UDF1 shows [Qc Js]
The_1__Gamblers awarded 5000
UDF1 awarded -5000

Round #260, UDF1 (-3653), The_1__Gamblers (3653)
UDF1 posts blind: 10
The_1__Gamblers posts blind: 20
UDF1 received [9h Jc]
The_1__Gamblers received [3d 6h]
UDF1 folds
UDF1 awarded -10
The_1__Gamblers awarded 10

Round #261, The_1__Gamblers (3663), UDF1 (-3663)
The_1__Gamblers posts blind: 10
UDF1 posts blind: 20
The_1__Gamblers received [Ah 9h]
UDF1 received [9s 3c]
The_1__Gamblers calls
UDF1 checks
Flop [Js 3d Kh], The_1__Gamblers (20), UDF1 (20)
UDF1 bids 120
The_1__Gamblers bids 0
UDF1 won the auction and was revealed [9h]
Flop [Js 3d Kh], The_1__Gamblers (20), UDF1 (20)
UDF1 bets 3360
The_1__Gamblers folds
The_1__Gamblers awarded -20
UDF1 awarded 20

Round #262, UDF1 (-3643), The_1__Gamblers (3643)
UDF1 posts blind: 10
The_1__Gamblers posts blind: 20
UDF1 received [9h 4s]
The_1__Gamblers received [2s 4d]
UDF1 folds
UDF1 awarded -10
The_1__Gamblers awarded 10

Round #263, The_1__Gamblers (3653), UDF1 (-3653)
The_1__Gamblers posts blind: 10
UDF1 posts blind: 20
The_1__Gamblers received [4c Jh]
UDF1 received [8c 9h]
The_1__Gamblers calls
UDF1 checks
Flop [6h 3c 9s], The_1__Gamblers (20), UDF1 (20)
UDF1 bids 113
The_1__Gamblers bids 0
UDF1 won the auction and was revealed [4c]
Flop [6h 3c 9s], The_1__Gamblers (20), UDF1 (20)
UDF1 bets 3149
The_1__Gamblers folds
The_1__Gamblers awarded -20
UDF1 awarded 20

Round #264, UDF1 (-3633), The_1__Gamblers (3633)
UDF1 posts blind: 10
The_1__Gamblers posts blind: 20
UDF1 received [8s Qd]
The_1__Gamblers received [7s Th]
UDF1 raises to 337
The_1__Gamblers calls
Flop [3h 8d Jh], UDF1 (337), The_1__Gamblers (337)
The_1__Gamblers bids 0
UDF1 bids 187
UDF1 won the auction and was revealed [7s]
Flop [3h 8d Jh], UDF1 (337), The_1__Gamblers (337)
The_1__Gamblers checks
UDF1 bets 3067
The_1__Gamblers folds
UDF1 awarded 337
The_1__Gamblers awarded -337

Round #265, The_1__Gamblers (3296), UDF1 (-3296)
The_1__Gamblers posts blind: 10
UDF1 posts blind: 20
The_1__Gamblers received [3d 6h]
UDF1 received [2s Tc]
The_1__Gamblers calls
UDF1 checks
Flop [4s 7s 6d], The_1__Gamblers (20), UDF1 (20)
UDF1 bids 113
The_1__Gamblers bids 0
UDF1 won the auction and was revealed [3d]
Flop [4s 7s 6d], The_1__Gamblers (20), UDF1 (20)
UDF1 bets 2251
The_1__Gamblers calls
Turn [4s 7s 6d Jd], The_1__Gamblers (2271), UDF1 (2271)
UDF1 bets 1302
The_1__Gamblers calls
River [4s 7s 6d Jd 3h], The_1__Gamblers (3573), UDF1 (3573)
UDF1 bets 506
The_1__Gamblers raises to 1427
UDF1 folds
The_1__Gamblers awarded 4079
UDF1 awarded -4079

Round #266, UDF1 (-7375), The_1__Gamblers (7375)
UDF1 posts blind: 10
The_1__Gamblers posts blind: 20
UDF1 received [2h 4h]
The_1__Gamblers received [5d 6d]
UDF1 folds
UDF1 awarded -10
The_1__Gamblers awarded 10

Round #267, The_1__Gamblers (7385), UDF1 (-7385)
The_1__Gamblers posts blind: 10
UDF1 posts blind: 20
The_1__Gamblers received [8s 4s]
UDF1 received [8d 2c]
The_1__Gamblers calls
UDF1 checks
Flop [4c 9d Qc], The_1__Gamblers (20), UDF1 (20)
UDF1 bids 114
The_1__Gamblers bids 0
UDF1 won the auction and was revealed [8s]
Flop [4c 9d Qc], The_1__Gamblers (20), UDF1 (20)
UDF1 bets 2384
The_1__Gamblers folds
The_1__Gamblers awarded -20
UDF1 awarded 20

Round #268, UDF1 (-7365), The_1__Gamblers (7365)
UDF1 posts blind: 10
The_1__Gamblers posts blind: 20
UDF1 received [5s Ah]
The_1__Gamblers received [4s Jd]
UDF1 folds
UDF1 awarded -10
The_1__Gamblers awarded 10

Round #269, The_1__Gamblers (7375), UDF1 (-7375)
The_1__Gamblers posts blind: 10
UDF1 posts blind: 20
The_1__Gamblers received [9s Td]
UDF1 received [4c 7h]
The_1__Gamblers calls
UDF1 raises to 773
The_1__Gamblers calls
Flop [9c 2d 3d], The_1__Gamblers (773), UDF1 (773)
UDF1 bids 285
The_1__Gamblers bids 0
UDF1 won the auction and was revealed [Td]
Flop [9c 2d 3d], The_1__Gamblers (773), UDF1 (773)
UDF1 bets 1908
The_1__Gamblers raises to 3816
UDF1 folds
The_1__Gamblers awarded 2681
UDF1 awarded -2681

Round #270, UDF1 (-10056), The_1__Gamblers (10056)
UDF1 posts blind: 10
The_1__Gamblers posts blind: 20
UDF1 received [Jc Th]
The_1__Gamblers received [Td 5c]
UDF1 folds
UDF1 awarded -10
The_1__Gamblers awarded 10

Round #271, The_1__Gamblers (10066), UDF1 (-10066)
The_1__Gamblers posts blind: 10
UDF1 posts blind: 20
The_1__Gamblers received [5s 6c]
UDF1 received [Qc Qh]
The_1__Gamblers calls
UDF1 raises to 4399
The_1__Gamblers calls
Flop [Qd 8d Jc], The_1__Gamblers (4399), UDF1 (4399)
UDF1 bids 601
The_1__Gamblers bids 0
UDF1 won the auction and was revealed [6c]
Flop [Qd 8d Jc], The_1__Gamblers (4399), UDF1 (4399)
UDF1 bets 418
The_1__Gamblers calls
Turn [Qd 8d Jc Js], The_1__Gamblers (4817), UDF1 (4817)
UDF1 bets 122
The_1__Gamblers calls
River [Qd 8d Jc Js Ac], The_1__Gamblers (4939), UDF1 (4939)
UDF1 bets 44
The_1__Gamblers calls
The_1__Gamblers shows [5s 6c]
UDF1 shows [Qc Qh]
The_1__Gamblers awarded -4983
UDF1 awarded 4983

Round #272, UDF1 (-5083), The_1__Gamblers (5083)
UDF1 posts blind: 10
The_1__Gamblers posts blind: 20
UDF1 received [2d Kh]
The_1__Gamblers received [Jd As]
UDF1 folds
UDF1 awarded -10
The_1__Gamblers awarded 10

Round #273, The_1__Gamblers (5093), UDF1 (-5093)
The_1__Gamblers posts blind: 10
UDF1 posts blind: 20
The_1__Gamblers received [Ks 5s]
UDF1 received [Th Td]
The_1__Gamblers calls
UDF1 raises to 3658
The_1__Gamblers calls
Flop [2d 6c 6d], The_1__Gamblers (3658), UDF1 (3658)
UDF1 bids 939
The_1__Gamblers bids 0
UDF1 won the auction and was revealed [Ks]
Flop [2d 6c 6d], The_1__Gamblers (3658), UDF1 (3658)
UDF1 bets 889
The_1__Gamblers raises to 1342
UDF1 calls
Turn [2d 6c 6d Ac], The_1__Gamblers (5000), UDF1 (5000)
UDF1 checks
The_1__Gamblers checks
River [2d 6c 6d Ac Ts], The_1__Gamblers (5000), UDF1 (5000)
UDF1 checks
The_1__Gamblers checks
The_1__Gamblers shows [Ks 5s]
UDF1 shows [Th Td]
The_1__Gamblers awarded -5000
UDF1 awarded 5000

Round #274, UDF1 (-93), The_1__Gamblers (93)
UDF1 posts blind: 10
The_1__Gamblers posts blind: 20
UDF1 received [Kh 8c]
The_1__Gamblers received [Kc 7s]
UDF1 raises to 574
The_1__Gamblers calls
Flop [Tc As 7c], UDF1 (574), The_1__Gamblers (574)
The_1__Gamblers bids 0
UDF1 bids 0
UDF1 won the auction and was revealed [Kc]
The_1__Gamblers won the auction and was revealed [Kh]
Flop [Tc As 7c], UDF1 (574), The_1__Gamblers (574)
The_1__Gamblers bets 688
UDF1 calls
Turn [Tc As 7c Jd], UDF1 (1262), The_1__Gamblers (1262)
The_1__Gamblers bets 1514
UDF1 calls
River [Tc As 7c Jd 4c], UDF1 (2776), The_1__Gamblers (2776)
The_1__Gamblers bets 2224
UDF1 calls
UDF1 shows [Kh 8c]
The_1__Gamblers shows [Kc 7s]
UDF1 awarded -5000
The_1__Gamblers awarded 5000

Round #275, The_1__Gamblers (5093), UDF1 (-5093)
The_1__Gamblers posts blind: 10
UDF1 posts blind: 20
The_1__Gamblers received [8c 6c]
UDF1 received [Tc 5s]
The_1__Gamblers calls
UDF1 checks
Flop [2s Qd As], The_1__Gamblers (20), UDF1 (20)
UDF1 bids 106
The_1__Gamblers bids 0
UDF1 won the auction and was revealed [6c]
Flop [2s Qd As], The_1__Gamblers (20), UDF1 (20)
UDF1 bets 3197
The_1__Gamblers folds
The_1__Gamblers awarded -20
UDF1 awarded 20

Round #276, UDF1 (-5073), The_1__Gamblers (5073)
UDF1 posts blind: 10
The_1__Gamblers posts blind: 20
UDF1 received [Ts Jh]
The_1__Gamblers received [9h 5c]
UDF1 folds
UDF1 awarded -10
The_1__Gamblers awarded 10

Round #277, The_1__Gamblers (5083), UDF1 (-5083)
The_1__Gamblers posts blind: 10
UDF1 posts blind: 20
The_1__Gamblers received [Tc Ah]
UDF1 received [Qs 7d]
The_1__Gamblers calls
UDF1 checks
Flop [Kh 2s Kd], The_1__Gamblers (20), UDF1 (20)
UDF1 bids 115
The_1__Gamblers bids 0
UDF1 won the auction and was revealed [Tc]
Flop [Kh 2s Kd], The_1__Gamblers (20), UDF1 (20)
UDF1 bets 2552
The_1__Gamblers calls
Turn [Kh 2s Kd 4h], The_1__Gamblers (2572), UDF1 (2572)
UDF1 bets 1228
The_1__Gamblers calls
River [Kh 2s Kd 4h 2d], The_1__Gamblers (3800), UDF1 (3800)
UDF1 bets 648
The_1__Gamblers calls
The_1__Gamblers shows [Tc Ah]
UDF1 shows [Qs 7d]
The_1__Gamblers awarded 4448
UDF1 awarded -4448

Round #278, UDF1 (-9531), The_1__Gamblers (9531)
UDF1 posts blind: 10
The_1__Gamblers posts blind: 20
UDF1 received [8d 5d]
The_1__Gamblers received [Td 7c]
UDF1 calls
The_1__Gamblers checks
Flop [3d Qh 9h], UDF1 (20), The_1__Gamblers (20)
The_1__Gamblers bids 0
UDF1 bids 109
UDF1 won the auction and was revealed [Td]
Flop [3d Qh 9h], UDF1 (20), The_1__Gamblers (20)
The_1__Gamblers checks
UDF1 bets 2720
The_1__Gamblers folds
UDF1 awarded 20
The_1__Gamblers awarded -20

Round #279, The_1__Gamblers (9511), UDF1 (-9511)
The_1__Gamblers posts blind: 10
UDF1 posts blind: 20
The_1__Gamblers received [Tc 7d]
UDF1 received [Ts 6s]
The_1__Gamblers calls
UDF1 raises to 459
The_1__Gamblers calls
Flop [8s 2d Jc], The_1__Gamblers (459), UDF1 (459)
UDF1 bids 219
The_1__Gamblers bids 0
UDF1 won the auction and was revealed [7d]
Flop [8s 2d Jc], The_1__Gamblers (459), UDF1 (459)
UDF1 bets 2786
The_1__Gamblers folds
The_1__Gamblers awarded -459
UDF1 awarded 459

Round #280, UDF1 (-9052), The_1__Gamblers (9052)
UDF1 posts blind: 10
The_1__Gamblers posts blind: 20
UDF1 received [Jd As]
The_1__Gamblers received [8d 3s]
UDF1 raises to 3855
The_1__Gamblers calls
Flop [Ad 2h 8c], UDF1 (3855), The_1__Gamblers (3855)
The_1__Gamblers bids 0
UDF1 bids 0
UDF1 won the auction and was revealed [8d]
The_1__Gamblers won the auction and was revealed [As]
Flop [Ad 2h 8c], UDF1 (3855), The_1__Gamblers (3855)
The_1__Gamblers bets 1145
UDF1 calls
Turn [Ad 2h 8c 2s], UDF1 (5000), The_1__Gamblers (5000)
The_1__Gamblers checks
UDF1 checks
River [Ad 2h 8c 2s 5h], UDF1 (5000), The_1__Gamblers (5000)
The_1__Gamblers checks
UDF1 checks
UDF1 shows [Jd As]
The_1__Gamblers shows [8d 3s]
UDF1 awarded 5000
The_1__Gamblers awarded -5000

Round #281, The_1__Gamblers (4052), UDF1 (-4052)
The_1__Gamblers posts blind: 10
UDF1 posts blind: 20
The_1__Gamblers received [Ah 6s]
UDF1 received [Ks 6h]
The_1__Gamblers calls
UDF1 checks
Flop [Qh Td 7d], The_1__Gamblers (20), UDF1 (20)
UDF1 bids 116
The_1__Gamblers bids 0
UDF1 won the auction and was revealed [6s]
Flop [Qh Td 7d], The_1__Gamblers (20), UDF1 (20)
UDF1 bets 2831
The_1__Gamblers folds
The_1__Gamblers awarded -20
UDF1 awarded 20

Round #282, UDF1 (-4032), The_1__Gamblers (4032)
UDF1 posts blind: 10
The_1__Gamblers posts blind: 20
UDF1 received [7s Qd]
The_1__Gamblers received [5h 2d]
UDF1 folds
UDF1 awarded -10
The_1__Gamblers awarded 10

Round #283, The_1__Gamblers (4042), UDF1 (-4042)
The_1__Gamblers posts blind: 10
UDF1 posts blind: 20
The_1__Gamblers received [3s 9d]
UDF1 received [8h 6h]
The_1__Gamblers calls
UDF1 checks
Flop [Ad 6c Jd], The_1__Gamblers (20), UDF1 (20)
UDF1 bids 112
The_1__Gamblers bids 0
UDF1 won the auction and was revealed [3s]
Flop [Ad 6c Jd], The_1__Gamblers (20), UDF1 (20)
UDF1 bets 3656
The_1__Gamblers folds
The_1__Gamblers awarded -20
UDF1 awarded 20

Round #284, UDF1 (-4022), The_1__Gamblers (4022)
UDF1 posts blind: 10
The_1__Gamblers posts blind: 20
UDF1 received [4d 7s]
The_1__Gamblers received [7d Tc]
UDF1 folds
UDF1 awarded -10
The_1__Gamblers awarded 10

Round #285, The_1__Gamblers (4032), UDF1 (-4032)
The_1__Gamblers posts blind: 10
UDF1 posts blind: 20
The_1__Gamblers received [3c Kh]
UDF1 received [9d As]
The_1__Gamblers calls
UDF1 checks
Flop [Qd 8s Tc], The_1__Gamblers (20), UDF1 (20)
UDF1 bids 112
The_1__Gamblers bids 0
UDF1 won the auction and was revealed [3c]
Flop [Qd 8s Tc], The_1__Gamblers (20), UDF1 (20)
UDF1 bets 2874
The_1__Gamblers folds
The_1__Gamblers awarded -20
UDF1 awarded 20

Round #286, UDF1 (-4012), The_1__Gamblers (4012)
UDF1 posts blind: 10
The_1__Gamblers posts blind: 20
UDF1 received [8s Td]
The_1__Gamblers received [Ks Ts]
UDF1 calls
The_1__Gamblers checks
Flop [Qc Ac 3h], UDF1 (20), The_1__Gamblers (20)
The_1__Gamblers bids 0
UDF1 bids 113
UDF1 won the auction and was revealed [Ks]
Flop [Qc Ac 3h], UDF1 (20), The_1__Gamblers (20)
The_1__Gamblers bets 24
UDF1 folds
UDF1 awarded -20
The_1__Gamblers awarded 20

Round #287, The_1__Gamblers (4032), UDF1 (-4032)
The_1__Gamblers posts blind: 10
UDF1 posts blind: 20
The_1__Gamblers received [Qs Qc]
UDF1 received [Js As]
The_1__Gamblers calls
UDF1 raises to 3738
The_1__Gamblers calls
Flop [Ks Ad Ah], The_1__Gamblers (3738), UDF1 (3738)
UDF1 bids 0
The_1__Gamblers bids 0
The_1__Gamblers won the auction and was revealed [Js]
UDF1 won the auction and was revealed [Qs]
Flop [Ks Ad Ah], The_1__Gamblers (3738), UDF1 (3738)
UDF1 bets 860
The_1__Gamblers raises to 1262
UDF1 calls
Turn [Ks Ad Ah 7c], The_1__Gamblers (5000), UDF1 (5000)
UDF1 checks
The_1__Gamblers checks
River [Ks Ad Ah 7c Kh], The_1__Gamblers (5000), UDF1 (5000)
UDF1 checks
The_1__Gamblers checks
The_1__Gamblers shows [Qs Qc]
UDF1 shows [Js As]
The_1__Gamblers awarded -5000
UDF1 awarded 5000

Round #288, UDF1 (968), The_1__Gamblers (-968)
UDF1 posts blind: 10
The_1__Gamblers posts blind: 20
UDF1 received [Ts Qh]
The_1__Gamblers received [5c Qc]
UDF1 folds
UDF1 awarded -10
The_1__Gamblers awarded 10

Round #289, The_1__Gamblers (-958), UDF1 (958)
The_1__Gamblers posts blind: 10
UDF1 posts blind: 20
The_1__Gamblers received [As 8c]
UDF1 received [Ts Jh]
The_1__Gamblers calls
UDF1 checks
Flop [Ks Qd Ad], The_1__Gamblers (20), UDF1 (20)
UDF1 bids 106
The_1__Gamblers bids 0
UDF1 won the auction and was revealed [As]
Flop [Ks Qd Ad], The_1__Gamblers (20), UDF1 (20)
UDF1 bets 3379
The_1__Gamblers raises to 4980
UDF1 calls
Turn [Ks Qd Ad Js], The_1__Gamblers (5000), UDF1 (5000)
UDF1 checks
The_1__Gamblers checks
River [Ks Qd Ad Js 2d], The_1__Gamblers (5000), UDF1 (5000)
UDF1 checks
The_1__Gamblers checks
The_1__Gamblers shows [As 8c]
UDF1 shows [Ts Jh]
The_1__Gamblers awarded -5000
UDF1 awarded 5000

Round #290, UDF1 (5958), The_1__Gamblers (-5958)
UDF1 posts blind: 10
The_1__Gamblers posts blind: 20
UDF1 received [9d 9s]
The_1__Gamblers received [7h 7d]
UDF1 raises to 3574
The_1__Gamblers calls
Flop [5d Ad 2d], UDF1 (3574), The_1__Gamblers (3574)
The_1__Gamblers bids 0
UDF1 bids 911
UDF1 won the auction and was revealed [7d]
Flop [5d Ad 2d], UDF1 (3574), The_1__Gamblers (3574)
The_1__Gamblers bets 1426
UDF1 calls
Turn [5d Ad 2d Jh], UDF1 (5000), The_1__Gamblers (5000)
The_1__Gamblers checks
UDF1 checks
River [5d Ad 2d Jh Kh], UDF1 (5000), The_1__Gamblers (5000)
The_1__Gamblers checks
UDF1 checks
UDF1 shows [9d 9s]
The_1__Gamblers shows [7h 7d]
UDF1 awarded 5000
The_1__Gamblers awarded -5000

Round #291, The_1__Gamblers (-10958), UDF1 (10958)
The_1__Gamblers posts blind: 10
UDF1 posts blind: 20
The_1__Gamblers received [As 8d]
UDF1 received [5s 6s]
The_1__Gamblers calls
UDF1 checks
Flop [3s Ac 9h], The_1__Gamblers (20), UDF1 (20)
UDF1 bids 121
The_1__Gamblers bids 0
UDF1 won the auction and was revealed [8d]
Flop [3s Ac 9h], The_1__Gamblers (20), UDF1 (20)
UDF1 bets 2350
The_1__Gamblers raises to 4700
UDF1 folds
The_1__Gamblers awarded 2370
UDF1 awarded -2370

Round #292, UDF1 (8588), The_1__Gamblers (-8588)
UDF1 posts blind: 10
The_1__Gamblers posts blind: 20
UDF1 received [9h Qh]
The_1__Gamblers received [2s As]
UDF1 calls
The_1__Gamblers checks
Flop [Qc 7h 9s], UDF1 (20), The_1__Gamblers (20)
The_1__Gamblers bids 0
UDF1 bids 123
UDF1 won the auction and was revealed [As]
Flop [Qc 7h 9s], UDF1 (20), The_1__Gamblers (20)
The_1__Gamblers bets 24
UDF1 raises to 3511
The_1__Gamblers folds
UDF1 awarded 44
The_1__Gamblers awarded -44

Round #293, The_1__Gamblers (-8632), UDF1 (8632)
The_1__Gamblers posts blind: 10
UDF1 posts blind: 20
The_1__Gamblers received [5c 7h]
UDF1 received [5s Qs]
The_1__Gamblers calls
UDF1 checks
Flop [Qc 8h 8s], The_1__Gamblers (20), UDF1 (20)
UDF1 bids 124
The_1__Gamblers bids 0
UDF1 won the auction and was revealed [5c]
Flop [Qc 8h 8s], The_1__Gamblers (20), UDF1 (20)
UDF1 bets 3362
The_1__Gamblers folds
The_1__Gamblers awarded -20
UDF1 awarded 20

Round #294, UDF1 (8652), The_1__Gamblers (-8652)
UDF1 posts blind: 10
The_1__Gamblers posts blind: 20
UDF1 received [4c 9c]
The_1__Gamblers received [7h Ac]
UDF1 raises to 445
The_1__Gamblers calls
Flop [Th 3c 5s], UDF1 (445), The_1__Gamblers (445)
The_1__Gamblers bids 0
UDF1 bids 213
UDF1 won the auction and was revealed [7h]
Flop [Th 3c 5s], UDF1 (445), The_1__Gamblers (445)
The_1__Gamblers bets 534
UDF1 calls
Turn [Th 3c 5s 3d], UDF1 (979), The_1__Gamblers (979)
The_1__Gamblers bets 1174
UDF1 calls
River [Th 3c 5s 3d 4d], UDF1 (2153), The_1__Gamblers (2153)
The_1__Gamblers checks
UDF1 bets 1716
The_1__Gamblers calls
UDF1 shows [4c 9c]
The_1__Gamblers shows [7h Ac]
UDF1 awarded 3869
The_1__Gamblers awarded -3869

Round #295, The_1__Gamblers (-12521), UDF1 (12521)
The_1__Gamblers posts blind: 10
UDF1 posts blind: 20
The_1__Gamblers received [Js 7d]
UDF1 received [Kc 3h]
The_1__Gamblers calls
UDF1 checks
Flop [2h Ts Jh], The_1__Gamblers (20), UDF1 (20)
UDF1 bids 123
The_1__Gamblers bids 0
UDF1 won the auction and was revealed [7d]
Flop [2h Ts Jh], The_1__Gamblers (20), UDF1 (20)
UDF1 bets 2775
The_1__Gamblers raises to 4980
UDF1 calls
Turn [2h Ts Jh 8h], The_1__Gamblers (5000), UDF1 (5000)
UDF1 checks
The_1__Gamblers checks
River [2h Ts Jh 8h 4h], The_1__Gamblers (5000), UDF1 (5000)
UDF1 checks
The_1__Gamblers checks
The_1__Gamblers shows [Js 7d]
UDF1 shows [Kc 3h]
The_1__Gamblers awarded -5000
UDF1 awarded 5000

Round #296, UDF1 (17521), The_1__Gamblers (-17521)
UDF1 posts blind: 10
The_1__Gamblers posts blind: 20
UDF1 received [9s 3s]
The_1__Gamblers received [4s Jh]
UDF1 calls
The_1__Gamblers checks
Flop [7s Kc 7d], UDF1 (20), The_1__Gamblers (20)
The_1__Gamblers bids 0
UDF1 bids 123
UDF1 won the auction and was revealed [4s]
Flop [7s Kc 7d], UDF1 (20), The_1__Gamblers (20)
The_1__Gamblers checks
UDF1 bets 2666
The_1__Gamblers folds
UDF1 awarded 20
The_1__Gamblers awarded -20

Round #297, The_1__Gamblers (-17541), UDF1 (17541)
The_1__Gamblers posts blind: 10
UDF1 posts blind: 20
The_1__Gamblers received [2d 9c]
UDF1 received [Qd Qs]
The_1__Gamblers calls
UDF1 raises to 4457
The_1__Gamblers calls
Flop [3d 8c Kd], The_1__Gamblers (4457), UDF1 (4457)
UDF1 bids 543
The_1__Gamblers bids 0
UDF1 won the auction and was revealed [2d]
Flop [3d 8c Kd], The_1__Gamblers (4457), UDF1 (4457)
UDF1 bets 385
The_1__Gamblers calls
Turn [3d 8c Kd As], The_1__Gamblers (4842), UDF1 (4842)
UDF1 bets 118
The_1__Gamblers calls
River [3d 8c Kd As 3h], The_1__Gamblers (4960), UDF1 (4960)
UDF1 bets 31
The_1__Gamblers calls
The_1__Gamblers shows [2d 9c]
UDF1 shows [Qd Qs]
The_1__Gamblers awarded -4991
UDF1 awarded 4991

Round #298, UDF1 (22532), The_1__Gamblers (-22532)
UDF1 posts blind: 10
The_1__Gamblers posts blind: 20
UDF1 received [Qs 5c]
The_1__Gamblers received [7d 3s]
UDF1 raises to 614
The_1__Gamblers calls
Flop [Jd Qd Jh], UDF1 (614), The_1__Gamblers (614)
The_1__Gamblers bids 0
UDF1 bids 253
UDF1 won the auction and was revealed [7d]
Flop [Jd Qd Jh], UDF1 (614), The_1__Gamblers (614)
The_1__Gamblers checks
UDF1 bets 2815
The_1__Gamblers folds
UDF1 awarded 614
The_1__Gamblers awarded -614

Round #299, The_1__Gamblers (-23146), UDF1 (23146)
The_1__Gamblers posts blind: 10
UDF1 posts blind: 20
The_1__Gamblers received [7s 2d]
UDF1 received [Jc Qs]
The_1__Gamblers calls
UDF1 checks
Flop [Ah 9s 7c], The_1__Gamblers (20), UDF1 (20)
UDF1 bids 117
The_1__Gamblers bids 0
UDF1 won the auction and was revealed [7s]
Flop [Ah 9s 7c], The_1__Gamblers (20), UDF1 (20)
UDF1 bets 2648
The_1__Gamblers folds
The_1__Gamblers awarded -20
UDF1 awarded 20

Round #300, UDF1 (23166), The_1__Gamblers (-23166)
UDF1 posts blind: 10
The_1__Gamblers posts blind: 20
UDF1 received [5d Tc]
The_1__Gamblers received [5s 2d]
UDF1 calls
The_1__Gamblers checks
Flop [7d 6h Qc], UDF1 (20), The_1__Gamblers (20)
The_1__Gamblers bids 0
UDF1 bids 123
UDF1 won the auction and was revealed [5s]
Flop [7d 6h Qc], UDF1 (20), The_1__Gamblers (20)
The_1__Gamblers checks
UDF1 bets 2664
The_1__Gamblers folds
UDF1 awarded 20
The_1__Gamblers awarded -20

Round #301, The_1__Gamblers (-23186), UDF1 (23186)
The_1__Gamblers posts blind: 10
UDF1 posts blind: 20
The_1__Gamblers received [9c 8c]
UDF1 received [7h 6s]
The_1__Gamblers calls
UDF1 raises to 337
The_1__Gamblers calls
Flop [9s Td Qs], The_1__Gamblers (337), UDF1 (337)
UDF1 bids 196
The_1__Gamblers bids 0
UDF1 won the auction and was revealed [9c]
Flop [9s Td Qs], The_1__Gamblers (337), UDF1 (337)
UDF1 bets 1967
The_1__Gamblers calls
Turn [9s Td Qs 6d], The_1__Gamblers (2304), UDF1 (2304)
UDF1 bets 1188
The_1__Gamblers calls
River [9s Td Qs 6d 4h], The_1__Gamblers (3492), UDF1 (3492)
UDF1 bets 669
The_1__Gamblers calls
The_1__Gamblers shows [9c 8c]
UDF1 shows [7h 6s]
The_1__Gamblers awarded 4161
UDF1 awarded -4161

Round #302, UDF1 (19025), The_1__Gamblers (-19025)
UDF1 posts blind: 10
The_1__Gamblers posts blind: 20
UDF1 received [5s Qd]
The_1__Gamblers received [5h 3d]
UDF1 folds
UDF1 awarded -10
The_1__Gamblers awarded 10

Round #303, The_1__Gamblers (-19015), UDF1 (19015)
The_1__Gamblers posts blind: 10
UDF1 posts blind: 20
The_1__Gamblers received [7d 9c]
UDF1 received [2s 4c]
The_1__Gamblers calls
UDF1 checks
Flop [3h 4s Jc], The_1__Gamblers (20), UDF1 (20)
UDF1 bids 116
The_1__Gamblers bids 0
UDF1 won the auction and was revealed [9c]
Flop [3h 4s Jc], The_1__Gamblers (20), UDF1 (20)
UDF1 bets 2876
The_1__Gamblers folds
The_1__Gamblers awarded -20
UDF1 awarded 20

Round #304, UDF1 (19035), The_1__Gamblers (-19035)
UDF1 posts blind: 10
The_1__Gamblers posts blind: 20
UDF1 received [2c Jc]
The_1__Gamblers received [5s 3h]
UDF1 folds
UDF1 awarded -10
The_1__Gamblers awarded 10

Round #305, The_1__Gamblers (-19025), UDF1 (19025)
The_1__Gamblers posts blind: 10
UDF1 posts blind: 20
The_1__Gamblers received [Ah Td]
UDF1 received [5s 2s]
The_1__Gamblers calls
UDF1 raises to 707
The_1__Gamblers calls
Flop [7c Ad Kc], The_1__Gamblers (707), UDF1 (707)
UDF1 bids 278
The_1__Gamblers bids 0
UDF1 won the auction and was revealed [Ah]
Flop [7c Ad Kc], The_1__Gamblers (707), UDF1 (707)
UDF1 bets 1894
The_1__Gamblers raises to 3788
UDF1 folds
The_1__Gamblers awarded 2601
UDF1 awarded -2601

Round #306, UDF1 (16424), The_1__Gamblers (-16424)
UDF1 posts blind: 10
The_1__Gamblers posts blind: 20
UDF1 received [7s Th]
The_1__Gamblers received [4h Qs]
UDF1 calls
The_1__Gamblers checks
Flop [2s 9s 8h], UDF1 (20), The_1__Gamblers (20)
The_1__Gamblers bids 0
UDF1 bids 124
UDF1 won the auction and was revealed [4h]
Flop [2s 9s 8h], UDF1 (20), The_1__Gamblers (20)
The_1__Gamblers checks
UDF1 bets 2901
The_1__Gamblers folds
UDF1 awarded 20
The_1__Gamblers awarded -20

Round #307, The_1__Gamblers (-16444), UDF1 (16444)
The_1__Gamblers posts blind: 10
UDF1 posts blind: 20
The_1__Gamblers received [Qc 9h]
UDF1 received [7h 9s]
The_1__Gamblers calls
UDF1 checks
Flop [3d 2h 9d], The_1__Gamblers (20), UDF1 (20)
UDF1 bids 123
The_1__Gamblers bids 0
UDF1 won the auction and was revealed [Qc]
Flop [3d 2h 9d], The_1__Gamblers (20), UDF1 (20)
UDF1 bets 3008
The_1__Gamblers raises to 4980
UDF1 calls
Turn [3d 2h 9d Ad], The_1__Gamblers (5000), UDF1 (5000)
UDF1 checks
The_1__Gamblers checks
River [3d 2h 9d Ad Qh], The_1__Gamblers (5000), UDF1 (5000)
UDF1 checks
The_1__Gamblers checks
The_1__Gamblers shows [Qc 9h]
UDF1 shows [7h 9s]
The_1__Gamblers awarded 5000
UDF1 awarded -5000

Round #308, UDF1 (11444), The_1__Gamblers (-11444)
UDF1 posts blind: 10
The_1__Gamblers posts blind: 20
UDF1 received [6c As]
The_1__Gamblers received [Qd Jd]
UDF1 raises to 615
The_1__Gamblers calls
Flop [Qc Th Qs], UDF1 (615), The_1__Gamblers (615)
The_1__Gamblers bids 0
UDF1 bids 257
UDF1 won the auction and was revealed [Qd]
Flop [Qc Th Qs], UDF1 (615), The_1__Gamblers (615)
The_1__Gamblers bets 738
UDF1 folds
UDF1 awarded -615
The_1__Gamblers awarded 615

Round #309, The_1__Gamblers (-10829), UDF1 (10829)
The_1__Gamblers posts blind: 10
UDF1 posts blind: 20
The_1__Gamblers received [6s Td]
UDF1 received [3c As]
The_1__Gamblers calls
UDF1 checks
Flop [9d 4c Qh], The_1__Gamblers (20), UDF1 (20)
UDF1 bids 117
The_1__Gamblers bids 0
UDF1 won the auction and was revealed [6s]
Flop [9d 4c Qh], The_1__Gamblers (20), UDF1 (20)
UDF1 bets 2976
The_1__Gamblers folds
The_1__Gamblers awarded -20
UDF1 awarded 20

Round #310, UDF1 (10849), The_1__Gamblers (-10849)
UDF1 posts blind: 10
The_1__Gamblers posts blind: 20
UDF1 received [6d 5s]
The_1__Gamblers received [Ac 8d]
UDF1 calls
The_1__Gamblers checks
Flop [Qs Jd Ks], UDF1 (20), The_1__Gamblers (20)
The_1__Gamblers bids 0
UDF1 bids 116
UDF1 won the auction and was revealed [8d]
Flop [Qs Jd Ks], UDF1 (20), The_1__Gamblers (20)
The_1__Gamblers bets 24
UDF1 folds
UDF1 awarded -20
The_1__Gamblers awarded 20

Round #311, The_1__Gamblers (-10829), UDF1 (10829)
The_1__Gamblers posts blind: 10
UDF1 posts blind: 20
The_1__Gamblers received [Ac 2c]
UDF1 received [Qc 4c]
The_1__Gamblers calls
UDF1 checks
Flop [Jc 7c 2h], The_1__Gamblers (20), UDF1 (20)
UDF1 bids 123
The_1__Gamblers bids 0
UDF1 won the auction and was revealed [2c]
Flop [Jc 7c 2h], The_1__Gamblers (20), UDF1 (20)
UDF1 bets 2647
The_1__Gamblers calls
Turn [Jc 7c 2h 9d], The_1__Gamblers (2667), UDF1 (2667)
UDF1 bets 1176
The_1__Gamblers calls
River [Jc 7c 2h 9d Js], The_1__Gamblers (3843), UDF1 (3843)
UDF1 bets 414
The_1__Gamblers calls
The_1__Gamblers shows [Ac 2c]
UDF1 shows [Qc 4c]
The_1__Gamblers awarded 4257
UDF1 awarded -4257

Round #312, UDF1 (6572), The_1__Gamblers (-6572)
UDF1 posts blind: 10
The_1__Gamblers posts blind: 20
UDF1 received [7h 9c]
The_1__Gamblers received [7s Ac]
UDF1 raises to 345
The_1__Gamblers calls
Flop [3s 2s Qc], UDF1 (345), The_1__Gamblers (345)
The_1__Gamblers bids 0
UDF1 bids 193
UDF1 won the auction and was revealed [7s]
Flop [3s 2s Qc], UDF1 (345), The_1__Gamblers (345)
The_1__Gamblers bets 414
UDF1 calls
Turn [3s 2s Qc 6s], UDF1 (759), The_1__Gamblers (759)
The_1__Gamblers checks
UDF1 bets 1950
The_1__Gamblers folds
UDF1 awarded 759
The_1__Gamblers awarded -759

Round #313, The_1__Gamblers (-7331), UDF1 (7331)
The_1__Gamblers posts blind: 10
UDF1 posts blind: 20
The_1__Gamblers received [As 6h]
UDF1 received [2h 9c]
The_1__Gamblers calls
UDF1 checks
Flop [Ks 6s 8h], The_1__Gamblers (20), UDF1 (20)
UDF1 bids 124
The_1__Gamblers bids 0
UDF1 won the auction and was revealed [As]
Flop [Ks 6s 8h], The_1__Gamblers (20), UDF1 (20)
UDF1 bets 2446
The_1__Gamblers calls
Turn [Ks 6s 8h 3h], The_1__Gamblers (2466), UDF1 (2466)
UDF1 bets 1105
The_1__Gamblers raises to 2534
UDF1 folds
The_1__Gamblers awarded 3571
UDF1 awarded -3571

Round #314, UDF1 (3760), The_1__Gamblers (-3760)
UDF1 posts blind: 10
The_1__Gamblers posts blind: 20
UDF1 received [Qs Qd]
The_1__Gamblers received [2c 8h]
UDF1 raises to 4327
The_1__Gamblers calls
Flop [Ts 8d Kd], UDF1 (4327), The_1__Gamblers (4327)
The_1__Gamblers bids 0
UDF1 bids 673
UDF1 won the auction and was revealed [2c]
Flop [Ts 8d Kd], UDF1 (4327), The_1__Gamblers (4327)
The_1__Gamblers bets 673
UDF1 calls
Turn [Ts 8d Kd 2h], UDF1 (5000), The_1__Gamblers (5000)
The_1__Gamblers checks
UDF1 checks
River [Ts 8d Kd 2h Jd], UDF1 (5000), The_1__Gamblers (5000)
The_1__Gamblers checks
UDF1 checks
UDF1 shows [Qs Qd]
The_1__Gamblers shows [2c 8h]
UDF1 awarded -5000
The_1__Gamblers awarded 5000

Round #315, The_1__Gamblers (1240), UDF1 (-1240)
The_1__Gamblers posts blind: 10
UDF1 posts blind: 20
The_1__Gamblers received [6h 3c]
UDF1 received [5s 7h]
The_1__Gamblers calls
UDF1 checks
Flop [9h Js 5d], The_1__Gamblers (20), UDF1 (20)
UDF1 bids 127
The_1__Gamblers bids 0
UDF1 won the auction and was revealed [6h]
Flop [9h Js 5d], The_1__Gamblers (20), UDF1 (20)
UDF1 bets 3182
The_1__Gamblers folds
The_1__Gamblers awarded -20
UDF1 awarded 20

Round #316, UDF1 (-1220), The_1__Gamblers (1220)
UDF1 posts blind: 10
The_1__Gamblers posts blind: 20
UDF1 received [Qh 8c]
The_1__Gamblers received [Qd 2h]
UDF1 folds
UDF1 awarded -10
The_1__Gamblers awarded 10

Round #317, The_1__Gamblers (1230), UDF1 (-1230)
The_1__Gamblers posts blind: 10
UDF1 posts blind: 20
The_1__Gamblers received [Ah Qd]
UDF1 received [Tc Qc]
The_1__Gamblers calls
UDF1 raises to 1731
The_1__Gamblers calls
Flop [9s As 9c], The_1__Gamblers (1731), UDF1 (1731)
UDF1 bids 566
The_1__Gamblers bids 0
UDF1 won the auction and was revealed [Qd]
Flop [9s As 9c], The_1__Gamblers (1731), UDF1 (1731)
UDF1 bets 1851
The_1__Gamblers raises to 3269
UDF1 calls
Turn [9s As 9c Ac], The_1__Gamblers (5000), UDF1 (5000)
UDF1 checks
The_1__Gamblers checks
River [9s As 9c Ac Kh], The_1__Gamblers (5000), UDF1 (5000)
UDF1 checks
The_1__Gamblers checks
The_1__Gamblers shows [Ah Qd]
UDF1 shows [Tc Qc]
The_1__Gamblers awarded 5000
UDF1 awarded -5000

Round #318, UDF1 (-6230), The_1__Gamblers (6230)
UDF1 posts blind: 10
The_1__Gamblers posts blind: 20
UDF1 received [7d Jc]
The_1__Gamblers received [2c 9c]
UDF1 raises to 602
The_1__Gamblers calls
Flop [6c 3c Qs], UDF1 (602), The_1__Gamblers (602)
The_1__Gamblers bids 0
UDF1 bids 262
UDF1 won the auction and was revealed [9c]
Flop [6c 3c Qs], UDF1 (602), The_1__Gamblers (602)
The_1__Gamblers checks
UDF1 bets 2390
The_1__Gamblers folds
UDF1 awarded 602
The_1__Gamblers awarded -602

Round #319, The_1__Gamblers (5628), UDF1 (-5628)
The_1__Gamblers posts blind: 10
UDF1 posts blind: 20
The_1__Gamblers received [Ac Ts]
UDF1 received [9d As]
The_1__Gamblers calls
UDF1 checks
Flop [6s 5c 8c], The_1__Gamblers (20), UDF1 (20)
UDF1 bids 126
The_1__Gamblers bids 0
UDF1 won the auction and was revealed [Ac]
Flop [6s 5c 8c], The_1__Gamblers (20), UDF1 (20)
UDF1 bets 2612
The_1__Gamblers folds
The_1__Gamblers awarded -20
UDF1 awarded 20

Round #320, UDF1 (-5608), The_1__Gamblers (5608)
UDF1 posts blind: 10
The_1__Gamblers posts blind: 20
UDF1 received [8d Kh]
The_1__Gamblers received [Kc Qs]
UDF1 raises to 710
The_1__Gamblers calls
Flop [Js 4d 4s], UDF1 (710), The_1__Gamblers (710)
The_1__Gamblers bids 0
UDF1 bids 279
UDF1 won the auction and was revealed [Kc]
Flop [Js 4d 4s], UDF1 (710), The_1__Gamblers (710)
The_1__Gamblers bets 852
UDF1 calls
Turn [Js 4d 4s 3h], UDF1 (1562), The_1__Gamblers (1562)
The_1__Gamblers bets 1874
UDF1 folds
UDF1 awarded -1562
The_1__Gamblers awarded 1562

Round #321, The_1__Gamblers (7170), UDF1 (-7170)
The_1__Gamblers posts blind: 10
UDF1 posts blind: 20
The_1__Gamblers received [3c Qd]
UDF1 received [Kc Jh]
The_1__Gamblers calls
UDF1 raises to 1912
The_1__Gamblers calls
Flop [Ks Tc 6s], The_1__Gamblers (1912), UDF1 (1912)
UDF1 bids 611
The_1__Gamblers bids 0
UDF1 won the auction and was revealed [Qd]
Flop [Ks Tc 6s], The_1__Gamblers (1912), UDF1 (1912)
UDF1 bets 2276
The_1__Gamblers folds
The_1__Gamblers awarded -1912
UDF1 awarded 1912

Round #322, UDF1 (-5258), The_1__Gamblers (5258)
UDF1 posts blind: 10
The_1__Gamblers posts blind: 20
UDF1 received [2c Jc]
The_1__Gamblers received [Qd 4h]
UDF1 raises to 520
The_1__Gamblers calls
Flop [Kc 8d Th], UDF1 (520), The_1__Gamblers (520)
The_1__Gamblers bids 0
UDF1 bids 249
UDF1 won the auction and was revealed [4h]
Flop [Kc 8d Th], UDF1 (520), The_1__Gamblers (520)
The_1__Gamblers checks
UDF1 bets 2661
The_1__Gamblers folds
UDF1 awarded 520
The_1__Gamblers awarded -520

Round #323, The_1__Gamblers (4738), UDF1 (-4738)
The_1__Gamblers posts blind: 10
UDF1 posts blind: 20
The_1__Gamblers received [Jd 3s]
UDF1 received [4s 9h]
The_1__Gamblers calls
UDF1 checks
Flop [3d 9s Js], The_1__Gamblers (20), UDF1 (20)
UDF1 bids 0
The_1__Gamblers bids 0
The_1__Gamblers won the auction and was revealed [4s]
UDF1 won the auction and was revealed [Jd]
Flop [3d 9s Js], The_1__Gamblers (20), UDF1 (20)
UDF1 bets 2635
The_1__Gamblers raises to 4980
UDF1 folds
The_1__Gamblers awarded 2655
UDF1 awarded -2655

Round #324, UDF1 (-7393), The_1__Gamblers (7393)
UDF1 posts blind: 10
The_1__Gamblers posts blind: 20
UDF1 received [Ks 6h]
The_1__Gamblers received [6c 3h]
UDF1 calls
The_1__Gamblers checks
Flop [Js 2h 9h], UDF1 (20), The_1__Gamblers (20)
The_1__Gamblers bids 0
UDF1 bids 125
UDF1 won the auction and was revealed [6c]
Flop [Js 2h 9h], UDF1 (20), The_1__Gamblers (20)
The_1__Gamblers checks
UDF1 bets 3028
The_1__Gamblers folds
UDF1 awarded 20
The_1__Gamblers awarded -20

Round #325, The_1__Gamblers (7373), UDF1 (-7373)
The_1__Gamblers posts blind: 10
UDF1 posts blind: 20
The_1__Gamblers received [Js 4h]
UDF1 received [2h 7h]
The_1__Gamblers calls
UDF1 checks
Flop [Qc 7c 6d], The_1__Gamblers (20), UDF1 (20)
UDF1 bids 131
The_1__Gamblers bids 0
UDF1 won the auction and was revealed [Js]
Flop [Qc 7c 6d], The_1__Gamblers (20), UDF1 (20)
UDF1 bets 3019
The_1__Gamblers folds
The_1__Gamblers awarded -20
UDF1 awarded 20

Round #326, UDF1 (-7353), The_1__Gamblers (7353)
UDF1 posts blind: 10
The_1__Gamblers posts blind: 20
UDF1 received [5s Qc]
The_1__Gamblers received [5c 4d]
UDF1 calls
The_1__Gamblers checks
Flop [9h 7h Jd], UDF1 (20), The_1__Gamblers (20)
The_1__Gamblers bids 0
UDF1 bids 131
UDF1 won the auction and was revealed [4d]
Flop [9h 7h Jd], UDF1 (20), The_1__Gamblers (20)
The_1__Gamblers checks
UDF1 bets 2838
The_1__Gamblers folds
UDF1 awarded 20
The_1__Gamblers awarded -20

Round #327, The_1__Gamblers (7333), UDF1 (-7333)
The_1__Gamblers posts blind: 10
UDF1 posts blind: 20
The_1__Gamblers received [Jh 7c]
UDF1 received [7s Th]
The_1__Gamblers calls
UDF1 raises to 452
The_1__Gamblers calls
Flop [Jd 3d 9s], The_1__Gamblers (452), UDF1 (452)
UDF1 bids 224
The_1__Gamblers bids 0
UDF1 won the auction and was revealed [7c]
Flop [Jd 3d 9s], The_1__Gamblers (452), UDF1 (452)
UDF1 bets 2535
The_1__Gamblers raises to 4548
UDF1 calls
Turn [Jd 3d 9s 6c], The_1__Gamblers (5000), UDF1 (5000)
UDF1 checks
The_1__Gamblers checks
River [Jd 3d 9s 6c 4d], The_1__Gamblers (5000), UDF1 (5000)
UDF1 checks
The_1__Gamblers checks
The_1__Gamblers shows [Jh 7c]
UDF1 shows [7s Th]
The_1__Gamblers awarded 5000
UDF1 awarded -5000

Round #328, UDF1 (-12333), The_1__Gamblers (12333)
UDF1 posts blind: 10
The_1__Gamblers posts blind: 20
UDF1 received [9d As]
The_1__Gamblers received [8h 2d]
UDF1 raises to 583
The_1__Gamblers calls
Flop [7s Qs Ts], UDF1 (583), The_1__Gamblers (583)
The_1__Gamblers bids 0
UDF1 bids 258
UDF1 won the auction and was revealed [8h]
Flop [7s Qs Ts], UDF1 (583), The_1__Gamblers (583)
The_1__Gamblers checks
UDF1 bets 2542
The_1__Gamblers folds
UDF1 awarded 583
The_1__Gamblers awarded -583

Round #329, The_1__Gamblers (11750), UDF1 (-11750)
The_1__Gamblers posts blind: 10
UDF1 posts blind: 20
The_1__Gamblers received [3c 9s]
UDF1 received [7c 5h]
The_1__Gamblers calls
UDF1 checks
Flop [6d 4d 5c], The_1__Gamblers (20), UDF1 (20)
UDF1 bids 125
The_1__Gamblers bids 0
UDF1 won the auction and was revealed [3c]
Flop [6d 4d 5c], The_1__Gamblers (20), UDF1 (20)
UDF1 bets 2648
The_1__Gamblers folds
The_1__Gamblers awarded -20
UDF1 awarded 20

Round #330, UDF1 (-11730), The_1__Gamblers (11730)
UDF1 posts blind: 10
The_1__Gamblers posts blind: 20
UDF1 received [5c 6h]
The_1__Gamblers received [5d Ah]
UDF1 raises to 663
The_1__Gamblers calls
Flop [Th 7s Tc], UDF1 (663), The_1__Gamblers (663)
The_1__Gamblers bids 0
UDF1 bids 263
UDF1 won the auction and was revealed [Ah]
Flop [Th 7s Tc], UDF1 (663), The_1__Gamblers (663)
The_1__Gamblers bets 795
UDF1 folds
UDF1 awarded -663
The_1__Gamblers awarded 663

Round #331, The_1__Gamblers (12393), UDF1 (-12393)
The_1__Gamblers posts blind: 10
UDF1 posts blind: 20
The_1__Gamblers received [7d Tc]
UDF1 received [2s 2c]
The_1__Gamblers calls
UDF1 checks
Flop [As 4s 5s], The_1__Gamblers (20), UDF1 (20)
UDF1 bids 132
The_1__Gamblers bids 0
UDF1 won the auction and was revealed [Tc]
Flop [As 4s 5s], The_1__Gamblers (20), UDF1 (20)
UDF1 bets 2711
The_1__Gamblers folds
The_1__Gamblers awarded -20
UDF1 awarded 20

Round #332, UDF1 (-12373), The_1__Gamblers (12373)
UDF1 posts blind: 10
The_1__Gamblers posts blind: 20
UDF1 received [Tc Qh]
The_1__Gamblers received [2c 9c]
UDF1 calls
The_1__Gamblers checks
Flop [6s 3c Th], UDF1 (20), The_1__Gamblers (20)
The_1__Gamblers bids 0
UDF1 bids 128
UDF1 won the auction and was revealed [2c]
Flop [6s 3c Th], UDF1 (20), The_1__Gamblers (20)
The_1__Gamblers checks
UDF1 bets 3252
The_1__Gamblers folds
UDF1 awarded 20
The_1__Gamblers awarded -20

Round #333, The_1__Gamblers (12353), UDF1 (-12353)
The_1__Gamblers posts blind: 10
UDF1 posts blind: 20
The_1__Gamblers received [Th Ad]
UDF1 received [8d Tc]
The_1__Gamblers calls
UDF1 raises to 367
The_1__Gamblers calls
Flop [5c 2c 3d], The_1__Gamblers (367), UDF1 (367)
UDF1 bids 206
The_1__Gamblers bids 0
UDF1 won the auction and was revealed [Th]
Flop [5c 2c 3d], The_1__Gamblers (367), UDF1 (367)
UDF1 bets 2561
The_1__Gamblers folds
The_1__Gamblers awarded -367
UDF1 awarded 367

Round #334, UDF1 (-11986), The_1__Gamblers (11986)
UDF1 posts blind: 10
The_1__Gamblers posts blind: 20
UDF1 received [4d 5h]
The_1__Gamblers received [Ac 3c]
UDF1 folds
UDF1 awarded -10
The_1__Gamblers awarded 10

Round #335, The_1__Gamblers (11996), UDF1 (-11996)
The_1__Gamblers posts blind: 10
UDF1 posts blind: 20
The_1__Gamblers received [Kc 2h]
UDF1 received [8h 6s]
The_1__Gamblers calls
UDF1 checks
Flop [8d Qc Jd], The_1__Gamblers (20), UDF1 (20)
UDF1 bids 127
The_1__Gamblers bids 0
UDF1 won the auction and was revealed [2h]
Flop [8d Qc Jd], The_1__Gamblers (20), UDF1 (20)
UDF1 bets 3390
The_1__Gamblers folds
The_1__Gamblers awarded -20
UDF1 awarded 20

Round #336, UDF1 (-11976), The_1__Gamblers (11976)
UDF1 posts blind: 10
The_1__Gamblers posts blind: 20
UDF1 received [2h 7d]
The_1__Gamblers received [Qh As]
UDF1 calls
The_1__Gamblers checks
Flop [4d 7h 6d], UDF1 (20), The_1__Gamblers (20)
The_1__Gamblers bids 0
UDF1 bids 133
UDF1 won the auction and was revealed [As]
Flop [4d 7h 6d], UDF1 (20), The_1__Gamblers (20)
The_1__Gamblers bets 24
UDF1 raises to 3155
The_1__Gamblers folds
UDF1 awarded 44
The_1__Gamblers awarded -44

Round #337, The_1__Gamblers (11932), UDF1 (-11932)
The_1__Gamblers posts blind: 10
UDF1 posts blind: 20
The_1__Gamblers received [2d 3d]
UDF1 received [Qd 9c]
The_1__Gamblers calls
UDF1 checks
Flop [8h 4c 7d], The_1__Gamblers (20), UDF1 (20)
UDF1 bids 0
The_1__Gamblers bids 0
The_1__Gamblers won the auction and was revealed [Qd]
UDF1 won the auction and was revealed [2d]
Flop [8h 4c 7d], The_1__Gamblers (20), UDF1 (20)
UDF1 bets 2846
The_1__Gamblers folds
The_1__Gamblers awarded -20
UDF1 awarded 20

Round #338, UDF1 (-11912), The_1__Gamblers (11912)
UDF1 posts blind: 10
The_1__Gamblers posts blind: 20
UDF1 received [7s As]
The_1__Gamblers received [5c Td]
UDF1 calls
The_1__Gamblers checks
Flop [3c 2d 5d], UDF1 (20), The_1__Gamblers (20)
The_1__Gamblers bids 0
UDF1 bids 132
UDF1 won the auction and was revealed [Td]
Flop [3c 2d 5d], UDF1 (20), The_1__Gamblers (20)
The_1__Gamblers bets 24
UDF1 calls
Turn [3c 2d 5d 2s], UDF1 (44), The_1__Gamblers (44)
The_1__Gamblers bets 52
UDF1 calls
River [3c 2d 5d 2s 2c], UDF1 (96), The_1__Gamblers (96)
The_1__Gamblers bets 115
UDF1 raises to 2723
The_1__Gamblers raises to 4904
UDF1 calls
UDF1 shows [7s As]
The_1__Gamblers shows [5c Td]
UDF1 awarded -5000
The_1__Gamblers awarded 5000

Round #339, The_1__Gamblers (16912), UDF1 (-16912)
The_1__Gamblers posts blind: 10
UDF1 posts blind: 20
The_1__Gamblers received [5d Kh]
UDF1 received [5c 9h]
The_1__Gamblers calls
UDF1 raises to 620
The_1__Gamblers calls
Flop [Js Kd Qs], The_1__Gamblers (620), UDF1 (620)
UDF1 bids 269
The_1__Gamblers bids 0
UDF1 won the auction and was revealed [5d]
Flop [Js Kd Qs], The_1__Gamblers (620), UDF1 (620)
UDF1 bets 2298
The_1__Gamblers raises to 4380
UDF1 calls
Turn [Js Kd Qs Ac], The_1__Gamblers (5000), UDF1 (5000)
UDF1 checks
The_1__Gamblers checks
River [Js Kd Qs Ac Jh], The_1__Gamblers (5000), UDF1 (5000)
UDF1 checks
The_1__Gamblers checks
The_1__Gamblers shows [5d Kh]
UDF1 shows [5c 9h]
The_1__Gamblers awarded 5000
UDF1 awarded -5000

Round #340, UDF1 (-21912), The_1__Gamblers (21912)
UDF1 posts blind: 10
The_1__Gamblers posts blind: 20
UDF1 received [6c 7c]
The_1__Gamblers received [2s Qc]
UDF1 folds
UDF1 awarded -10
The_1__Gamblers awarded 10

Round #341, The_1__Gamblers (21922), UDF1 (-21922)
The_1__Gamblers posts blind: 10
UDF1 posts blind: 20
The_1__Gamblers received [2h 4d]
UDF1 received [3s 2d]
The_1__Gamblers calls
UDF1 checks
Flop [9s Js 8s], The_1__Gamblers (20), UDF1 (20)
UDF1 bids 120
The_1__Gamblers bids 0
UDF1 won the auction and was revealed [2h]
Flop [9s Js 8s], The_1__Gamblers (20), UDF1 (20)
UDF1 bets 2518
The_1__Gamblers folds
The_1__Gamblers awarded -20
UDF1 awarded 20

Round #342, UDF1 (-21902), The_1__Gamblers (21902)
UDF1 posts blind: 10
The_1__Gamblers posts blind: 20
UDF1 received [Tc Qh]
The_1__Gamblers received [8d Kc]
UDF1 raises to 562
The_1__Gamblers calls
Flop [Jh 6h 6s], UDF1 (562), The_1__Gamblers (562)
The_1__Gamblers bids 0
UDF1 bids 261
UDF1 won the auction and was revealed [8d]
Flop [Jh 6h 6s], UDF1 (562), The_1__Gamblers (562)
The_1__Gamblers bets 674
UDF1 raises to 3117
The_1__Gamblers folds
UDF1 awarded 1236
The_1__Gamblers awarded -1236

Round #343, The_1__Gamblers (20666), UDF1 (-20666)
The_1__Gamblers posts blind: 10
UDF1 posts blind: 20
The_1__Gamblers received [Jc Kd]
UDF1 received [4s 2h]
The_1__Gamblers calls
UDF1 checks
Flop [Qh Ks Ac], The_1__Gamblers (20), UDF1 (20)
UDF1 bids 131
The_1__Gamblers bids 0
UDF1 won the auction and was revealed [Kd]
Flop [Qh Ks Ac], The_1__Gamblers (20), UDF1 (20)
UDF1 bets 1783
The_1__Gamblers raises to 3566
UDF1 folds
The_1__Gamblers awarded 1803
UDF1 awarded -1803

Round #344, UDF1 (-22469), The_1__Gamblers (22469)
UDF1 posts blind: 10
The_1__Gamblers posts blind: 20
UDF1 received [Kd 7s]
The_1__Gamblers received [Th 5d]
UDF1 calls
The_1__Gamblers checks
Flop [7h Qd 3h], UDF1 (20), The_1__Gamblers (20)
The_1__Gamblers bids 0
UDF1 bids 128
UDF1 won the auction and was revealed [Th]
Flop [7h Qd 3h], UDF1 (20), The_1__Gamblers (20)
The_1__Gamblers checks
UDF1 bets 3120
The_1__Gamblers folds
UDF1 awarded 20
The_1__Gamblers awarded -20

Round #345, The_1__Gamblers (22449), UDF1 (-22449)
The_1__Gamblers posts blind: 10
UDF1 posts blind: 20
The_1__Gamblers received [Qh 3c]
UDF1 received [8d Js]
The_1__Gamblers calls
UDF1 checks
Flop [8h 2h 5h], The_1__Gamblers (20), UDF1 (20)
UDF1 bids 131
The_1__Gamblers bids 0
UDF1 won the auction and was revealed [Qh]
Flop [8h 2h 5h], The_1__Gamblers (20), UDF1 (20)
UDF1 bets 2706
The_1__Gamblers folds
The_1__Gamblers awarded -20
UDF1 awarded 20

Round #346, UDF1 (-22429), The_1__Gamblers (22429)
UDF1 posts blind: 10
The_1__Gamblers posts blind: 20
UDF1 received [As Qc]
The_1__Gamblers received [9d Ad]
UDF1 raises to 3462
The_1__Gamblers calls
Flop [Kh Ah 8c], UDF1 (3462), The_1__Gamblers (3462)
The_1__Gamblers bids 0
UDF1 bids 914
UDF1 won the auction and was revealed [Ad]
Flop [Kh Ah 8c], UDF1 (3462), The_1__Gamblers (3462)
The_1__Gamblers bets 1538
UDF1 calls
Turn [Kh Ah 8c 4c], UDF1 (5000), The_1__Gamblers (5000)
The_1__Gamblers checks
UDF1 checks
River [Kh Ah 8c 4c 3s], UDF1 (5000), The_1__Gamblers (5000)
The_1__Gamblers checks
UDF1 checks
UDF1 shows [As Qc]
The_1__Gamblers shows [9d Ad]
UDF1 awarded 5000
The_1__Gamblers awarded -5000

Round #347, The_1__Gamblers (17429), UDF1 (-17429)
The_1__Gamblers posts blind: 10
UDF1 posts blind: 20
The_1__Gamblers received [8c Qc]
UDF1 received [8h 9c]
The_1__Gamblers calls
UDF1 checks
Flop [7c Th Kc], The_1__Gamblers (20), UDF1 (20)
UDF1 bids 143
The_1__Gamblers bids 0
UDF1 won the auction and was revealed [8c]
Flop [7c Th Kc], The_1__Gamblers (20), UDF1 (20)
UDF1 bets 2946
The_1__Gamblers folds
The_1__Gamblers awarded -20
UDF1 awarded 20

Round #348, UDF1 (-17409), The_1__Gamblers (17409)
UDF1 posts blind: 10
The_1__Gamblers posts blind: 20
UDF1 received [6c 4c]
The_1__Gamblers received [2s 4h]
UDF1 calls
The_1__Gamblers checks
Flop [9h 6s Th], UDF1 (20), The_1__Gamblers (20)
The_1__Gamblers bids 0
UDF1 bids 142
UDF1 won the auction and was revealed [2s]
Flop [9h 6s Th], UDF1 (20), The_1__Gamblers (20)
The_1__Gamblers checks
UDF1 bets 3448
The_1__Gamblers folds
UDF1 awarded 20
The_1__Gamblers awarded -20

Round #349, The_1__Gamblers (17389), UDF1 (-17389)
The_1__Gamblers posts blind: 10
UDF1 posts blind: 20
The_1__Gamblers received [Ts 9d]
UDF1 received [As 7c]
The_1__Gamblers calls
UDF1 raises to 651
The_1__Gamblers calls
Flop [Qs 6d 9h], The_1__Gamblers (651), UDF1 (651)
UDF1 bids 288
The_1__Gamblers bids 0
UDF1 won the auction and was revealed [9d]
Flop [Qs 6d 9h], The_1__Gamblers (651), UDF1 (651)
UDF1 bets 1788
The_1__Gamblers raises to 3576
UDF1 folds
The_1__Gamblers awarded 2439
UDF1 awarded -2439

Round #350, UDF1 (-19828), The_1__Gamblers (19828)
UDF1 posts blind: 10
The_1__Gamblers posts blind: 20
UDF1 received [6d 4h]
The_1__Gamblers received [Kd 7c]
UDF1 folds
UDF1 awarded -10
The_1__Gamblers awarded 10

Round #351, The_1__Gamblers (19838), UDF1 (-19838)
The_1__Gamblers posts blind: 10
UDF1 posts blind: 20
The_1__Gamblers received [5c Jc]
UDF1 received [Kd 2s]
The_1__Gamblers calls
UDF1 checks
Flop [Kc 5d As], The_1__Gamblers (20), UDF1 (20)
UDF1 bids 148
The_1__Gamblers bids 0
UDF1 won the auction and was revealed [5c]
Flop [Kc 5d As], The_1__Gamblers (20), UDF1 (20)
UDF1 bets 3219
The_1__Gamblers calls
Turn [Kc 5d As 5h], The_1__Gamblers (3239), UDF1 (3239)
UDF1 bets 659
The_1__Gamblers raises to 1761
UDF1 folds
The_1__Gamblers awarded 3898
UDF1 awarded -3898

Round #352, UDF1 (-23736), The_1__Gamblers (23736)
UDF1 posts blind: 10
The_1__Gamblers posts blind: 20
UDF1 received [Qs Ac]
The_1__Gamblers received [Th Jc]
UDF1 raises to 3605
The_1__Gamblers calls
Flop [Ks 4c Jd], UDF1 (3605), The_1__Gamblers (3605)
The_1__Gamblers bids 0
UDF1 bids 0
UDF1 won the auction and was revealed [Jc]
The_1__Gamblers won the auction and was revealed [Qs]
Flop [Ks 4c Jd], UDF1 (3605), The_1__Gamblers (3605)
The_1__Gamblers bets 1395
UDF1 calls
Turn [Ks 4c Jd 5h], UDF1 (5000), The_1__Gamblers (5000)
The_1__Gamblers checks
UDF1 checks
River [Ks 4c Jd 5h 2s], UDF1 (5000), The_1__Gamblers (5000)
The_1__Gamblers checks
UDF1 checks
UDF1 shows [Qs Ac]
The_1__Gamblers shows [Th Jc]
UDF1 awarded -5000
The_1__Gamblers awarded 5000

Round #353, The_1__Gamblers (28736), UDF1 (-28736)
The_1__Gamblers posts blind: 10
UDF1 posts blind: 20
The_1__Gamblers received [6d 3s]
UDF1 received [3d 4d]
The_1__Gamblers calls
UDF1 checks
Flop [8c 7c Ad], The_1__Gamblers (20), UDF1 (20)
UDF1 bids 131
The_1__Gamblers bids 0
UDF1 won the auction and was revealed [6d]
Flop [8c 7c Ad], The_1__Gamblers (20), UDF1 (20)
UDF1 bets 2434
The_1__Gamblers folds
The_1__Gamblers awarded -20
UDF1 awarded 20

Round #354, UDF1 (-28716), The_1__Gamblers (28716)
UDF1 posts blind: 10
The_1__Gamblers posts blind: 20
UDF1 received [5s Kc]
The_1__Gamblers received [3h Qd]
UDF1 folds
UDF1 awarded -10
The_1__Gamblers awarded 10

Round #355, The_1__Gamblers (28726), UDF1 (-28726)
The_1__Gamblers posts blind: 10
UDF1 posts blind: 20
The_1__Gamblers received [7h 2d]
UDF1 received [Ac 9h]
The_1__Gamblers calls
UDF1 raises to 465
The_1__Gamblers calls
Flop [4c 6c Qh], The_1__Gamblers (465), UDF1 (465)
UDF1 bids 241
The_1__Gamblers bids 0
UDF1 won the auction and was revealed [7h]
Flop [4c 6c Qh], The_1__Gamblers (465), UDF1 (465)
UDF1 bets 2863
The_1__Gamblers folds
The_1__Gamblers awarded -465
UDF1 awarded 465

Round #356, UDF1 (-28261), The_1__Gamblers (28261)
UDF1 posts blind: 10
The_1__Gamblers posts blind: 20
UDF1 received [3c 8s]
The_1__Gamblers received [4s 6s]
UDF1 calls
The_1__Gamblers checks
Flop [5s Ah 5d], UDF1 (20), The_1__Gamblers (20)
The_1__Gamblers bids 0
UDF1 bids 141
UDF1 won the auction and was revealed [4s]
Flop [5s Ah 5d], UDF1 (20), The_1__Gamblers (20)
The_1__Gamblers checks
UDF1 bets 2449
The_1__Gamblers folds
UDF1 awarded 20
The_1__Gamblers awarded -20

Round #357, The_1__Gamblers (28241), UDF1 (-28241)
The_1__Gamblers posts blind: 10
UDF1 posts blind: 20
The_1__Gamblers received [Qc 4c]
UDF1 received [Qh 3s]
The_1__Gamblers calls
UDF1 checks
Flop [6h 8h Ks], The_1__Gamblers (20), UDF1 (20)
UDF1 bids 135
The_1__Gamblers bids 0
UDF1 won the auction and was revealed [Qc]
Flop [6h 8h Ks], The_1__Gamblers (20), UDF1 (20)
UDF1 bets 2476
The_1__Gamblers folds
The_1__Gamblers awarded -20
UDF1 awarded 20

Round #358, UDF1 (-28221), The_1__Gamblers (28221)
UDF1 posts blind: 10
The_1__Gamblers posts blind: 20
UDF1 received [6c 3c]
The_1__Gamblers received [Jh 8c]
UDF1 folds
UDF1 awarded -10
The_1__Gamblers awarded 10

Round #359, The_1__Gamblers (28231), UDF1 (-28231)
The_1__Gamblers posts blind: 10
UDF1 posts blind: 20
The_1__Gamblers received [Js 6c]
UDF1 received [Ks 3c]
The_1__Gamblers calls
UDF1 checks
Flop [As Qd 2c], The_1__Gamblers (20), UDF1 (20)
UDF1 bids 0
The_1__Gamblers bids 0
The_1__Gamblers won the auction and was revealed [Ks]
UDF1 won the auction and was revealed [6c]
Flop [As Qd 2c], The_1__Gamblers (20), UDF1 (20)
UDF1 bets 2951
The_1__Gamblers folds
The_1__Gamblers awarded -20
UDF1 awarded 20

Round #360, UDF1 (-28211), The_1__Gamblers (28211)
UDF1 posts blind: 10
The_1__Gamblers posts blind: 20
UDF1 received [Qh Js]
The_1__Gamblers received [5c 7d]
UDF1 raises to 1880
The_1__Gamblers calls
Flop [9c 9h Ts], UDF1 (1880), The_1__Gamblers (1880)
The_1__Gamblers bids 0
UDF1 bids 604
UDF1 won the auction and was revealed [5c]
Flop [9c 9h Ts], UDF1 (1880), The_1__Gamblers (1880)
The_1__Gamblers checks
UDF1 bets 1864
The_1__Gamblers folds
UDF1 awarded 1880
The_1__Gamblers awarded -1880

Round #361, The_1__Gamblers (26331), UDF1 (-26331)
The_1__Gamblers posts blind: 10
UDF1 posts blind: 20
The_1__Gamblers received [4s Jc]
UDF1 received [Ts 7c]
The_1__Gamblers calls
UDF1 checks
Flop [7s Qc 3s], The_1__Gamblers (20), UDF1 (20)
UDF1 bids 136
The_1__Gamblers bids 0
UDF1 won the auction and was revealed [4s]
Flop [7s Qc 3s], The_1__Gamblers (20), UDF1 (20)
UDF1 bets 3431
The_1__Gamblers folds
The_1__Gamblers awarded -20
UDF1 awarded 20

Round #362, UDF1 (-26311), The_1__Gamblers (26311)
UDF1 posts blind: 10
The_1__Gamblers posts blind: 20
UDF1 received [Js Qc]
The_1__Gamblers received [Th 2s]
UDF1 calls
The_1__Gamblers checks
Flop [2c 6h 9h], UDF1 (20), The_1__Gamblers (20)
The_1__Gamblers bids 0
UDF1 bids 137
UDF1 won the auction and was revealed [2s]
Flop [2c 6h 9h], UDF1 (20), The_1__Gamblers (20)
The_1__Gamblers bets 24
UDF1 folds
UDF1 awarded -20
The_1__Gamblers awarded 20

Round #363, The_1__Gamblers (26331), UDF1 (-26331)
The_1__Gamblers posts blind: 10
UDF1 posts blind: 20
The_1__Gamblers received [3c 4h]
UDF1 received [4c Jc]
The_1__Gamblers calls
UDF1 checks
Flop [8d 6c Kh], The_1__Gamblers (20), UDF1 (20)
UDF1 bids 133
The_1__Gamblers bids 0
UDF1 won the auction and was revealed [3c]
Flop [8d 6c Kh], The_1__Gamblers (20), UDF1 (20)
UDF1 bets 3217
The_1__Gamblers folds
The_1__Gamblers awarded -20
UDF1 awarded 20

Round #364, UDF1 (-26311), The_1__Gamblers (26311)
UDF1 posts blind: 10
The_1__Gamblers posts blind: 20
UDF1 received [2h Kd]
The_1__Gamblers received [As 5s]
UDF1 folds
UDF1 awarded -10
The_1__Gamblers awarded 10

Round #365, The_1__Gamblers (26321), UDF1 (-26321)
The_1__Gamblers posts blind: 10
UDF1 posts blind: 20
The_1__Gamblers received [9s 4s]
UDF1 received [2s 6h]
The_1__Gamblers calls
UDF1 checks
Flop [2c 5d 5c], The_1__Gamblers (20), UDF1 (20)
UDF1 bids 133
The_1__Gamblers bids 0
UDF1 won the auction and was revealed [9s]
Flop [2c 5d 5c], The_1__Gamblers (20), UDF1 (20)
UDF1 bets 3027
The_1__Gamblers folds
The_1__Gamblers awarded -20
UDF1 awarded 20

Round #366, UDF1 (-26301), The_1__Gamblers (26301)
UDF1 posts blind: 10
The_1__Gamblers posts blind: 20
UDF1 received [6d 5s]
The_1__Gamblers received [Th 5d]
UDF1 raises to 337
The_1__Gamblers calls
Flop [2c Jd 6c], UDF1 (337), The_1__Gamblers (337)
The_1__Gamblers bids 0
UDF1 bids 0
UDF1 won the auction and was revealed [5d]
The_1__Gamblers won the auction and was revealed [5s]
Flop [2c Jd 6c], UDF1 (337), The_1__Gamblers (337)
The_1__Gamblers checks
UDF1 bets 3247
The_1__Gamblers folds
UDF1 awarded 337
The_1__Gamblers awarded -337

Round #367, The_1__Gamblers (25964), UDF1 (-25964)
The_1__Gamblers posts blind: 10
UDF1 posts blind: 20
The_1__Gamblers received [7d 3s]
UDF1 received [2h Qh]
The_1__Gamblers calls
UDF1 raises to 625
The_1__Gamblers calls
Flop [Js Kd Jh], The_1__Gamblers (625), UDF1 (625)
UDF1 bids 275
The_1__Gamblers bids 0
UDF1 won the auction and was revealed [3s]
Flop [Js Kd Jh], The_1__Gamblers (625), UDF1 (625)
UDF1 bets 2231
The_1__Gamblers folds
The_1__Gamblers awarded -625
UDF1 awarded 625

Round #368, UDF1 (-25339), The_1__Gamblers (25339)
UDF1 posts blind: 10
The_1__Gamblers posts blind: 20
UDF1 received [Jh 9h]
The_1__Gamblers received [3d Kh]
UDF1 raises to 560
The_1__Gamblers calls
Flop [8c Jd Td], UDF1 (560), The_1__Gamblers (560)
The_1__Gamblers bids 0
UDF1 bids 0
UDF1 won the auction and was revealed [Kh]
The_1__Gamblers won the auction and was revealed [9h]
Flop [8c Jd Td], UDF1 (560), The_1__Gamblers (560)
The_1__Gamblers checks
UDF1 bets 2520
The_1__Gamblers folds
UDF1 awarded 560
The_1__Gamblers awarded -560

Round #369, The_1__Gamblers (24779), UDF1 (-24779)
The_1__Gamblers posts blind: 10
UDF1 posts blind: 20
The_1__Gamblers received [Ks Ts]
UDF1 received [Kd 5s]
The_1__Gamblers calls
UDF1 checks
Flop [4h 9d 6c], The_1__Gamblers (20), UDF1 (20)
UDF1 bids 134
The_1__Gamblers bids 0
UDF1 won the auction and was revealed [Ts]
Flop [4h 9d 6c], The_1__Gamblers (20), UDF1 (20)
UDF1 bets 2797
The_1__Gamblers folds
The_1__Gamblers awarded -20
UDF1 awarded 20

Round #370, UDF1 (-24759), The_1__Gamblers (24759)
UDF1 posts blind: 10
The_1__Gamblers posts blind: 20
UDF1 received [Kd Qs]
The_1__Gamblers received [7d Qc]
UDF1 raises to 3837
The_1__Gamblers calls
Flop [9c 4h Qd], UDF1 (3837), The_1__Gamblers (3837)
The_1__Gamblers bids 0
UDF1 bids 1007
UDF1 won the auction and was revealed [7d]
Flop [9c 4h Qd], UDF1 (3837), The_1__Gamblers (3837)
The_1__Gamblers bets 1163
UDF1 calls
Turn [9c 4h Qd 6c], UDF1 (5000), The_1__Gamblers (5000)
The_1__Gamblers checks
UDF1 checks
River [9c 4h Qd 6c 3h], UDF1 (5000), The_1__Gamblers (5000)
The_1__Gamblers checks
UDF1 checks
UDF1 shows [Kd Qs]
The_1__Gamblers shows [7d Qc]
UDF1 awarded 5000
The_1__Gamblers awarded -5000

Round #371, The_1__Gamblers (19759), UDF1 (-19759)
The_1__Gamblers posts blind: 10
UDF1 posts blind: 20
The_1__Gamblers received [Ts 6s]
UDF1 received [3c Jh]
The_1__Gamblers calls
UDF1 checks
Flop [Ah 9c 2c], The_1__Gamblers (20), UDF1 (20)
UDF1 bids 146
The_1__Gamblers bids 0
UDF1 won the auction and was revealed [6s]
Flop [Ah 9c 2c], The_1__Gamblers (20), UDF1 (20)
UDF1 bets 2733
The_1__Gamblers folds
The_1__Gamblers awarded -20
UDF1 awarded 20

Round #372, UDF1 (-19739), The_1__Gamblers (19739)
UDF1 posts blind: 10
The_1__Gamblers posts blind: 20
UDF1 received [Kd 6s]
The_1__Gamblers received [Jd 4d]
UDF1 folds
UDF1 awarded -10
The_1__Gamblers awarded 10

Round #373, The_1__Gamblers (19749), UDF1 (-19749)
The_1__Gamblers posts blind: 10
UDF1 posts blind: 20
The_1__Gamblers received [8h Jc]
UDF1 received [3s Td]
The_1__Gamblers calls
UDF1 raises to 555
The_1__Gamblers calls
Flop [3c 6h 2h], The_1__Gamblers (555), UDF1 (555)
UDF1 bids 271
The_1__Gamblers bids 0
UDF1 won the auction and was revealed [8h]
Flop [3c 6h 2h], The_1__Gamblers (555), UDF1 (555)
UDF1 bets 2854
The_1__Gamblers folds
The_1__Gamblers awarded -555
UDF1 awarded 555

Round #374, UDF1 (-19194), The_1__Gamblers (19194)
UDF1 posts blind: 10
The_1__Gamblers posts blind: 20
UDF1 received [7h 6s]
The_1__Gamblers received [Ad 5d]
UDF1 folds
UDF1 awarded -10
The_1__Gamblers awarded 10

Round #375, The_1__Gamblers (19204), UDF1 (-19204)
The_1__Gamblers posts blind: 10
UDF1 posts blind: 20
The_1__Gamblers received [Qs 3c]
UDF1 received [Tc 3s]
The_1__Gamblers calls
UDF1 checks
Flop [4d Kc 9s], The_1__Gamblers (20), UDF1 (20)
UDF1 bids 139
The_1__Gamblers bids 0
UDF1 won the auction and was revealed [3c]
Flop [4d Kc 9s], The_1__Gamblers (20), UDF1 (20)
UDF1 bets 2803
The_1__Gamblers folds
The_1__Gamblers awarded -20
UDF1 awarded 20

Round #376, UDF1 (-19184), The_1__Gamblers (19184)
UDF1 posts blind: 10
The_1__Gamblers posts blind: 20
UDF1 received [9s Qc]
The_1__Gamblers received [4c 8c]
UDF1 raises to 528
The_1__Gamblers calls
Flop [7c 5c 9c], UDF1 (528), The_1__Gamblers (528)
The_1__Gamblers bids 0
UDF1 bids 262
UDF1 won the auction and was revealed [8c]
Flop [7c 5c 9c], UDF1 (528), The_1__Gamblers (528)
The_1__Gamblers bets 633
UDF1 raises to 3168
The_1__Gamblers raises to 4472
UDF1 calls
Turn [7c 5c 9c Qd], UDF1 (5000), The_1__Gamblers (5000)
The_1__Gamblers checks
UDF1 checks
River [7c 5c 9c Qd Js], UDF1 (5000), The_1__Gamblers (5000)
The_1__Gamblers checks
UDF1 checks
UDF1 shows [9s Qc]
The_1__Gamblers shows [4c 8c]
UDF1 awarded -5000
The_1__Gamblers awarded 5000

Round #377, The_1__Gamblers (24184), UDF1 (-24184)
The_1__Gamblers posts blind: 10
UDF1 posts blind: 20
The_1__Gamblers received [Js Jh]
UDF1 received [Jc 3s]
The_1__Gamblers calls
UDF1 checks
Flop [9c 8s Jd], The_1__Gamblers (20), UDF1 (20)
UDF1 bids 151
The_1__Gamblers bids 0
UDF1 won the auction and was revealed [Js]
Flop [9c 8s Jd], The_1__Gamblers (20), UDF1 (20)
UDF1 bets 2086
The_1__Gamblers raises to 4172
UDF1 folds
The_1__Gamblers awarded 2106
UDF1 awarded -2106

Round #378, UDF1 (-26290), The_1__Gamblers (26290)
UDF1 posts blind: 10
The_1__Gamblers posts blind: 20
UDF1 received [6c 8h]
The_1__Gamblers received [Qd Qh]
UDF1 raises to 475
The_1__Gamblers calls
Flop [Jh 5s Ts], UDF1 (475), The_1__Gamblers (475)
The_1__Gamblers bids 0
UDF1 bids 248
UDF1 won the auction and was revealed [Qd]
Flop [Jh 5s Ts], UDF1 (475), The_1__Gamblers (475)
The_1__Gamblers bets 570
UDF1 folds
UDF1 awarded -475
The_1__Gamblers awarded 475

Round #379, The_1__Gamblers (26765), UDF1 (-26765)
The_1__Gamblers posts blind: 10
UDF1 posts blind: 20
The_1__Gamblers received [Tc 5h]
UDF1 received [Jd Ts]
The_1__Gamblers calls
UDF1 checks
Flop [2h Qh Ks], The_1__Gamblers (20), UDF1 (20)
UDF1 bids 0
The_1__Gamblers bids 0
The_1__Gamblers won the auction and was revealed [Jd]
UDF1 won the auction and was revealed [5h]
Flop [2h Qh Ks], The_1__Gamblers (20), UDF1 (20)
UDF1 bets 3028
The_1__Gamblers folds
The_1__Gamblers awarded -20
UDF1 awarded 20

Round #380, UDF1 (-26745), The_1__Gamblers (26745)
UDF1 posts blind: 10
The_1__Gamblers posts blind: 20
UDF1 received [4h Qc]
The_1__Gamblers received [Qs Kd]
UDF1 calls
The_1__Gamblers checks
Flop [3c 9d 8h], UDF1 (20), The_1__Gamblers (20)
The_1__Gamblers bids 0
UDF1 bids 144
UDF1 won the auction and was revealed [Qs]
Flop [3c 9d 8h], UDF1 (20), The_1__Gamblers (20)
The_1__Gamblers bets 24
UDF1 folds
UDF1 awarded -20
The_1__Gamblers awarded 20

Round #381, The_1__Gamblers (26765), UDF1 (-26765)
The_1__Gamblers posts blind: 10
UDF1 posts blind: 20
The_1__Gamblers received [6c Kh]
UDF1 received [9d Qd]
The_1__Gamblers calls
UDF1 checks
Flop [Kc 4c 5d], The_1__Gamblers (20), UDF1 (20)
UDF1 bids 151
The_1__Gamblers bids 0
UDF1 won the auction and was revealed [Kh]
Flop [Kc 4c 5d], The_1__Gamblers (20), UDF1 (20)
UDF1 bets 2387
The_1__Gamblers raises to 4774
UDF1 folds
The_1__Gamblers awarded 2407
UDF1 awarded -2407

Round #382, UDF1 (-29172), The_1__Gamblers (29172)
UDF1 posts blind: 10
The_1__Gamblers posts blind: 20
UDF1 received [Kc 7c]
The_1__Gamblers received [Ad 2h]
UDF1 folds
UDF1 awarded -10
The_1__Gamblers awarded 10

Round #383, The_1__Gamblers (29182), UDF1 (-29182)
The_1__Gamblers posts blind: 10
UDF1 posts blind: 20
The_1__Gamblers received [6d 6c]
UDF1 received [2h 5s]
The_1__Gamblers calls
UDF1 checks
Flop [Td 9c Ac], The_1__Gamblers (20), UDF1 (20)
UDF1 bids 149
The_1__Gamblers bids 0
UDF1 won the auction and was revealed [6d]
Flop [Td 9c Ac], The_1__Gamblers (20), UDF1 (20)
UDF1 bets 2561
The_1__Gamblers folds
The_1__Gamblers awarded -20
UDF1 awarded 20

Round #384, UDF1 (-29162), The_1__Gamblers (29162)
UDF1 posts blind: 10
The_1__Gamblers posts blind: 20
UDF1 received [Ts Th]
The_1__Gamblers received [Jc Kc]
UDF1 calls
The_1__Gamblers checks
Flop [7h As 9h], UDF1 (20), The_1__Gamblers (20)
The_1__Gamblers bids 0
UDF1 bids 153
UDF1 won the auction and was revealed [Kc]
Flop [7h As 9h], UDF1 (20), The_1__Gamblers (20)
The_1__Gamblers bets 24
UDF1 raises to 3291
The_1__Gamblers folds
UDF1 awarded 44
The_1__Gamblers awarded -44

Round #385, The_1__Gamblers (29118), UDF1 (-29118)
The_1__Gamblers posts blind: 10
UDF1 posts blind: 20
The_1__Gamblers received [7d Th]
UDF1 received [3s 8c]
The_1__Gamblers calls
UDF1 raises to 633
The_1__Gamblers calls
Flop [Td 3d 2h], The_1__Gamblers (633), UDF1 (633)
UDF1 bids 290
The_1__Gamblers bids 0
UDF1 won the auction and was revealed [7d]
Flop [Td 3d 2h], The_1__Gamblers (633), UDF1 (633)
UDF1 bets 2638
The_1__Gamblers raises to 4367
UDF1 calls
Turn [Td 3d 2h 9c], The_1__Gamblers (5000), UDF1 (5000)
UDF1 checks
The_1__Gamblers checks
River [Td 3d 2h 9c 5s], The_1__Gamblers (5000), UDF1 (5000)
UDF1 checks
The_1__Gamblers checks
The_1__Gamblers shows [7d Th]
UDF1 shows [3s 8c]
The_1__Gamblers awarded 5000
UDF1 awarded -5000

Round #386, UDF1 (-34118), The_1__Gamblers (34118)
UDF1 posts blind: 10
The_1__Gamblers posts blind: 20
UDF1 received [6h 2c]
The_1__Gamblers received [3d 9s]
UDF1 calls
The_1__Gamblers checks
Flop [9d Td 3s], UDF1 (20), The_1__Gamblers (20)
The_1__Gamblers bids 0
UDF1 bids 141
UDF1 won the auction and was revealed [3d]
Flop [9d Td 3s], UDF1 (20), The_1__Gamblers (20)
The_1__Gamblers bets 24
UDF1 folds
UDF1 awarded -20
The_1__Gamblers awarded 20

Round #387, The_1__Gamblers (34138), UDF1 (-34138)
The_1__Gamblers posts blind: 10
UDF1 posts blind: 20
The_1__Gamblers received [Qh Jc]
UDF1 received [9s 3c]
The_1__Gamblers calls
UDF1 checks
Flop [2s 7h 4c], The_1__Gamblers (20), UDF1 (20)
UDF1 bids 141
The_1__Gamblers bids 0
UDF1 won the auction and was revealed [Qh]
Flop [2s 7h 4c], The_1__Gamblers (20), UDF1 (20)
UDF1 bets 2704
The_1__Gamblers folds
The_1__Gamblers awarded -20
UDF1 awarded 20

Round #388, UDF1 (-34118), The_1__Gamblers (34118)
UDF1 posts blind: 10
The_1__Gamblers posts blind: 20
UDF1 received [4c Ks]
The_1__Gamblers received [3d Qc]
UDF1 folds
UDF1 awarded -10
The_1__Gamblers awarded 10

Round #389, The_1__Gamblers (34128), UDF1 (-34128)
The_1__Gamblers posts blind: 10
UDF1 posts blind: 20
The_1__Gamblers received [2h 9d]
UDF1 received [Ts 9c]
The_1__Gamblers calls
UDF1 checks
Flop [9s 5s Jd], The_1__Gamblers (20), UDF1 (20)
UDF1 bids 141
The_1__Gamblers bids 0
UDF1 won the auction and was revealed [2h]
Flop [9s 5s Jd], The_1__Gamblers (20), UDF1 (20)
UDF1 bets 3391
The_1__Gamblers raises to 4980
UDF1 calls
Turn [9s 5s Jd 8h], The_1__Gamblers (5000), UDF1 (5000)
UDF1 checks
The_1__Gamblers checks
River [9s 5s Jd 8h 4c], The_1__Gamblers (5000), UDF1 (5000)
UDF1 checks
The_1__Gamblers checks
The_1__Gamblers shows [2h 9d]
UDF1 shows [Ts 9c]
The_1__Gamblers awarded -5000
UDF1 awarded 5000

Round #390, UDF1 (-29128), The_1__Gamblers (29128)
UDF1 posts blind: 10
The_1__Gamblers posts blind: 20
UDF1 received [Kc 4s]
The_1__Gamblers received [3s Kh]
UDF1 raises to 349
The_1__Gamblers calls
Flop [6s Qc Qd], UDF1 (349), The_1__Gamblers (349)
The_1__Gamblers bids 0
UDF1 bids 217
UDF1 won the auction and was revealed [3s]
Flop [6s Qc Qd], UDF1 (349), The_1__Gamblers (349)
The_1__Gamblers bets 418
UDF1 calls
Turn [6s Qc Qd Jd], UDF1 (767), The_1__Gamblers (767)
The_1__Gamblers checks
UDF1 bets 2388
The_1__Gamblers folds
UDF1 awarded 767
The_1__Gamblers awarded -767

Round #391, The_1__Gamblers (28361), UDF1 (-28361)
The_1__Gamblers posts blind: 10
UDF1 posts blind: 20
The_1__Gamblers received [Jd Qh]
UDF1 received [4c 7h]
The_1__Gamblers calls
UDF1 checks
Flop [8s 4d 3s], The_1__Gamblers (20), UDF1 (20)
UDF1 bids 0
The_1__Gamblers bids 0
The_1__Gamblers won the auction and was revealed [4c]
UDF1 won the auction and was revealed [Qh]
Flop [8s 4d 3s], The_1__Gamblers (20), UDF1 (20)
UDF1 bets 2936
The_1__Gamblers folds
The_1__Gamblers awarded -20
UDF1 awarded 20

Round #392, UDF1 (-28341), The_1__Gamblers (28341)
UDF1 posts blind: 10
The_1__Gamblers posts blind: 20
UDF1 received [8s 7s]
The_1__Gamblers received [Th 5c]
UDF1 calls
The_1__Gamblers checks
Flop [Tc 4s Kh], UDF1 (20), The_1__Gamblers (20)
The_1__Gamblers bids 0
UDF1 bids 149
UDF1 won the auction and was revealed [5c]
Flop [Tc 4s Kh], UDF1 (20), The_1__Gamblers (20)
The_1__Gamblers bets 24
UDF1 calls
Turn [Tc 4s Kh Jd], UDF1 (44), The_1__Gamblers (44)
The_1__Gamblers bets 52
UDF1 calls
River [Tc 4s Kh Jd 2s], UDF1 (96), The_1__Gamblers (96)
The_1__Gamblers bets 115
UDF1 calls
UDF1 shows [8s 7s]
The_1__Gamblers shows [Th 5c]
UDF1 awarded -211
The_1__Gamblers awarded 211

Round #393, The_1__Gamblers (28552), UDF1 (-28552)
The_1__Gamblers posts blind: 10
UDF1 posts blind: 20
The_1__Gamblers received [7c Jc]
UDF1 received [Th Jd]
The_1__Gamblers calls
UDF1 checks
Flop [Qh 7s Qc], The_1__Gamblers (20), UDF1 (20)
UDF1 bids 138
The_1__Gamblers bids 0
UDF1 won the auction and was revealed [7c]
Flop [Qh 7s Qc], The_1__Gamblers (20), UDF1 (20)
UDF1 bets 2597
The_1__Gamblers raises to 4980
UDF1 folds
The_1__Gamblers awarded 2617
UDF1 awarded -2617

Round #394, UDF1 (-31169), The_1__Gamblers (31169)
UDF1 posts blind: 10
The_1__Gamblers posts blind: 20
UDF1 received [3h 6c]
The_1__Gamblers received [7c 8s]
UDF1 calls
The_1__Gamblers checks
Flop [3c Ks 9d], UDF1 (20), The_1__Gamblers (20)
The_1__Gamblers bids 0
UDF1 bids 139
UDF1 won the auction and was revealed [8s]
Flop [3c Ks 9d], UDF1 (20), The_1__Gamblers (20)
The_1__Gamblers checks
UDF1 bets 2944
The_1__Gamblers folds
UDF1 awarded 20
The_1__Gamblers awarded -20

Round #395, The_1__Gamblers (31149), UDF1 (-31149)
The_1__Gamblers posts blind: 10
UDF1 posts blind: 20
The_1__Gamblers received [Ts 4c]
UDF1 received [3h Jh]
The_1__Gamblers calls
UDF1 checks
Flop [8c Jd Ad], The_1__Gamblers (20), UDF1 (20)
UDF1 bids 142
The_1__Gamblers bids 0
UDF1 won the auction and was revealed [4c]
Flop [8c Jd Ad], The_1__Gamblers (20), UDF1 (20)
UDF1 bets 3173
The_1__Gamblers folds
The_1__Gamblers awarded -20
UDF1 awarded 20

Round #396, UDF1 (-31129), The_1__Gamblers (31129)
UDF1 posts blind: 10
The_1__Gamblers posts blind: 20
UDF1 received [Jc Tc]
The_1__Gamblers received [6s 9d]
UDF1 raises to 1694
The_1__Gamblers calls
Flop [6d 3c 5s], UDF1 (1694), The_1__Gamblers (1694)
The_1__Gamblers bids 0
UDF1 bids 574
UDF1 won the auction and was revealed [9d]
Flop [6d 3c 5s], UDF1 (1694), The_1__Gamblers (1694)
The_1__Gamblers bets 2032
UDF1 calls
Turn [6d 3c 5s 4c], UDF1 (3726), The_1__Gamblers (3726)
The_1__Gamblers bets 1274
UDF1 calls
River [6d 3c 5s 4c 4d], UDF1 (5000), The_1__Gamblers (5000)
The_1__Gamblers checks
UDF1 checks
UDF1 shows [Jc Tc]
The_1__Gamblers shows [6s 9d]
UDF1 awarded -5000
The_1__Gamblers awarded 5000

Round #397, The_1__Gamblers (36129), UDF1 (-36129)
The_1__Gamblers posts blind: 10
UDF1 posts blind: 20
The_1__Gamblers received [9d 9h]
UDF1 received [3s Jc]
The_1__Gamblers calls
UDF1 checks
Flop [5s Ks Td], The_1__Gamblers (20), UDF1 (20)
UDF1 bids 147
The_1__Gamblers bids 0
UDF1 won the auction and was revealed [9h]
Flop [5s Ks Td], The_1__Gamblers (20), UDF1 (20)
UDF1 bets 3094
The_1__Gamblers calls
Turn [5s Ks Td 8c], The_1__Gamblers (3114), UDF1 (3114)
UDF1 bets 1110
The_1__Gamblers raises to 1886
UDF1 calls
River [5s Ks Td 8c Jh], The_1__Gamblers (5000), UDF1 (5000)
UDF1 checks
The_1__Gamblers checks
The_1__Gamblers shows [9d 9h]
UDF1 shows [3s Jc]
The_1__Gamblers awarded -5000
UDF1 awarded 5000

Round #398, UDF1 (-31129), The_1__Gamblers (31129)
UDF1 posts blind: 10
The_1__Gamblers posts blind: 20
UDF1 received [Qh 7d]
The_1__Gamblers received [6d Js]
UDF1 raises to 569
The_1__Gamblers calls
Flop [Ac Qc Qs], UDF1 (569), The_1__Gamblers (569)
The_1__Gamblers bids 0
UDF1 bids 280
UDF1 won the auction and was revealed [Js]
Flop [Ac Qc Qs], UDF1 (569), The_1__Gamblers (569)
The_1__Gamblers bets 682
UDF1 raises to 3196
The_1__Gamblers folds
UDF1 awarded 1251
The_1__Gamblers awarded -1251

Round #399, The_1__Gamblers (29878), UDF1 (-29878)
The_1__Gamblers posts blind: 10
UDF1 posts blind: 20
The_1__Gamblers received [7s 2h]
UDF1 received [Qs 7h]
The_1__Gamblers calls
UDF1 checks
Flop [As 5c 5h], The_1__Gamblers (20), UDF1 (20)
UDF1 bids 0
The_1__Gamblers bids 0
The_1__Gamblers won the auction and was revealed [Qs]
UDF1 won the auction and was revealed [7s]
Flop [As 5c 5h], The_1__Gamblers (20), UDF1 (20)
UDF1 bets 2636
The_1__Gamblers folds
The_1__Gamblers awarded -20
UDF1 awarded 20

Round #400, UDF1 (-29858), The_1__Gamblers (29858)
UDF1 posts blind: 10
The_1__Gamblers posts blind: 20
UDF1 received [Th Js]
The_1__Gamblers received [7d 3d]
UDF1 calls
The_1__Gamblers checks
Flop [8s 4s Jd], UDF1 (20), The_1__Gamblers (20)
The_1__Gamblers bids 0
UDF1 bids 148
UDF1 won the auction and was revealed [7d]
Flop [8s 4s Jd], UDF1 (20), The_1__Gamblers (20)
The_1__Gamblers checks
UDF1 bets 3609
The_1__Gamblers folds
UDF1 awarded 20
The_1__Gamblers awarded -20

Round #401, The_1__Gamblers (29838), UDF1 (-29838)
The_1__Gamblers posts blind: 10
UDF1 posts blind: 20
The_1__Gamblers received [8c Qc]
UDF1 received [As Kd]
The_1__Gamblers calls
UDF1 raises to 4583
The_1__Gamblers calls
Flop [3d 8h 5h], The_1__Gamblers (4583), UDF1 (4583)
UDF1 bids 417
The_1__Gamblers bids 0
UDF1 won the auction and was revealed [Qc]
Flop [3d 8h 5h], The_1__Gamblers (4583), UDF1 (4583)
UDF1 bets 266
The_1__Gamblers raises to 417
UDF1 calls
Turn [3d 8h 5h Jc], The_1__Gamblers (5000), UDF1 (5000)
UDF1 checks
The_1__Gamblers checks
River [3d 8h 5h Jc 9d], The_1__Gamblers (5000), UDF1 (5000)
UDF1 checks
The_1__Gamblers checks
The_1__Gamblers shows [8c Qc]
UDF1 shows [As Kd]
The_1__Gamblers awarded 5000
UDF1 awarded -5000

Round #402, UDF1 (-34838), The_1__Gamblers (34838)
UDF1 posts blind: 10
The_1__Gamblers posts blind: 20
UDF1 received [5s Th]
The_1__Gamblers received [7c 9h]
UDF1 folds
UDF1 awarded -10
The_1__Gamblers awarded 10

Round #403, The_1__Gamblers (34848), UDF1 (-34848)
The_1__Gamblers posts blind: 10
UDF1 posts blind: 20
The_1__Gamblers received [2d Ac]
UDF1 received [4c 7s]
The_1__Gamblers calls
UDF1 raises to 347
The_1__Gamblers calls
Flop [Ad Jd Td], The_1__Gamblers (347), UDF1 (347)
UDF1 bids 214
The_1__Gamblers bids 0
UDF1 won the auction and was revealed [Ac]
Flop [Ad Jd Td], The_1__Gamblers (347), UDF1 (347)
UDF1 bets 2060
The_1__Gamblers raises to 4120
UDF1 folds
The_1__Gamblers awarded 2407
UDF1 awarded -2407

Round #404, UDF1 (-37255), The_1__Gamblers (37255)
UDF1 posts blind: 10
The_1__Gamblers posts blind: 20
UDF1 received [7d 7c]
The_1__Gamblers received [Kh Jd]
UDF1 calls
The_1__Gamblers checks
Flop [Td 8s 3s], UDF1 (20), The_1__Gamblers (20)
The_1__Gamblers bids 0
UDF1 bids 154
UDF1 won the auction and was revealed [Kh]
Flop [Td 8s 3s], UDF1 (20), The_1__Gamblers (20)
The_1__Gamblers bets 24
UDF1 raises to 3184
The_1__Gamblers folds
UDF1 awarded 44
The_1__Gamblers awarded -44

Round #405, The_1__Gamblers (37211), UDF1 (-37211)
The_1__Gamblers posts blind: 10
UDF1 posts blind: 20
The_1__Gamblers received [5c Jc]
UDF1 received [Js 6c]
The_1__Gamblers calls
UDF1 checks
Flop [2d Ks 9d], The_1__Gamblers (20), UDF1 (20)
UDF1 bids 142
The_1__Gamblers bids 0
UDF1 won the auction and was revealed [Jc]
Flop [2d Ks 9d], The_1__Gamblers (20), UDF1 (20)
UDF1 bets 2654
The_1__Gamblers folds
The_1__Gamblers awarded -20
UDF1 awarded 20

Round #406, UDF1 (-37191), The_1__Gamblers (37191)
UDF1 posts blind: 10
The_1__Gamblers posts blind: 20
UDF1 received [3c Qc]
The_1__Gamblers received [3s 8h]
UDF1 calls
The_1__Gamblers checks
Flop [5h 8s Ks], UDF1 (20), The_1__Gamblers (20)
The_1__Gamblers bids 0
UDF1 bids 0
UDF1 won the auction and was revealed [8h]
The_1__Gamblers won the auction and was revealed [Qc]
Flop [5h 8s Ks], UDF1 (20), The_1__Gamblers (20)
The_1__Gamblers bets 24
UDF1 folds
UDF1 awarded -20
The_1__Gamblers awarded 20

Round #407, The_1__Gamblers (37211), UDF1 (-37211)
The_1__Gamblers posts blind: 10
UDF1 posts blind: 20
The_1__Gamblers received [Th Kc]
UDF1 received [4h 2h]
The_1__Gamblers calls
UDF1 checks
Flop [Ac 4d 8d], The_1__Gamblers (20), UDF1 (20)
UDF1 bids 154
The_1__Gamblers bids 0
UDF1 won the auction and was revealed [Th]
Flop [Ac 4d 8d], The_1__Gamblers (20), UDF1 (20)
UDF1 bets 2856
The_1__Gamblers folds
The_1__Gamblers awarded -20
UDF1 awarded 20

Round #408, UDF1 (-37191), The_1__Gamblers (37191)
UDF1 posts blind: 10
The_1__Gamblers posts blind: 20
UDF1 received [Kc Jh]
The_1__Gamblers received [Ts 8d]
UDF1 raises to 1804
The_1__Gamblers calls
Flop [4c 4d 5h], UDF1 (1804), The_1__Gamblers (1804)
The_1__Gamblers bids 0
UDF1 bids 597
UDF1 won the auction and was revealed [Ts]
Flop [4c 4d 5h], UDF1 (1804), The_1__Gamblers (1804)
The_1__Gamblers checks
UDF1 bets 1659
The_1__Gamblers folds
UDF1 awarded 1804
The_1__Gamblers awarded -1804

Round #409, The_1__Gamblers (35387), UDF1 (-35387)
The_1__Gamblers posts blind: 10
UDF1 posts blind: 20
The_1__Gamblers received [Tc 9d]
UDF1 received [Kc Qc]
The_1__Gamblers calls
UDF1 raises to 3379
The_1__Gamblers calls
Flop [Js Kd 7c], The_1__Gamblers (3379), UDF1 (3379)
UDF1 bids 909
The_1__Gamblers bids 0
UDF1 won the auction and was revealed [Tc]
Flop [Js Kd 7c], The_1__Gamblers (3379), UDF1 (3379)
UDF1 bets 1164
The_1__Gamblers calls
Turn [Js Kd 7c Jh], The_1__Gamblers (4543), UDF1 (4543)
UDF1 bets 277
The_1__Gamblers calls
River [Js Kd 7c Jh 7d], The_1__Gamblers (4820), UDF1 (4820)
UDF1 bets 122
The_1__Gamblers calls
The_1__Gamblers shows [Tc 9d]
UDF1 shows [Kc Qc]
The_1__Gamblers awarded -4942
UDF1 awarded 4942

Round #410, UDF1 (-30445), The_1__Gamblers (30445)
UDF1 posts blind: 10
The_1__Gamblers posts blind: 20
UDF1 received [Qh 4c]
The_1__Gamblers received [5c Qs]
UDF1 folds
UDF1 awarded -10
The_1__Gamblers awarded 10

Round #411, The_1__Gamblers (30455), UDF1 (-30455)
The_1__Gamblers posts blind: 10
UDF1 posts blind: 20
The_1__Gamblers received [7c 7s]
UDF1 received [5h 3h]
The_1__Gamblers calls
UDF1 checks
Flop [Jh Ks 9h], The_1__Gamblers (20), UDF1 (20)
UDF1 bids 148
The_1__Gamblers bids 0
UDF1 won the auction and was revealed [7s]
Flop [Jh Ks 9h], The_1__Gamblers (20), UDF1 (20)
UDF1 bets 2782
The_1__Gamblers folds
The_1__Gamblers awarded -20
UDF1 awarded 20

Round #412, UDF1 (-30435), The_1__Gamblers (30435)
UDF1 posts blind: 10
The_1__Gamblers posts blind: 20
UDF1 received [7s Jd]
The_1__Gamblers received [3d 3h]
UDF1 folds
UDF1 awarded -10
The_1__Gamblers awarded 10

Round #413, The_1__Gamblers (30445), UDF1 (-30445)
The_1__Gamblers posts blind: 10
UDF1 posts blind: 20
The_1__Gamblers received [7c Ts]
UDF1 received [9d Ah]
The_1__Gamblers calls
UDF1 checks
Flop [5c Th 7s], The_1__Gamblers (20), UDF1 (20)
UDF1 bids 148
The_1__Gamblers bids 0
UDF1 won the auction and was revealed [7c]
Flop [5c Th 7s], The_1__Gamblers (20), UDF1 (20)
UDF1 bets 2414
The_1__Gamblers raises to 4828
UDF1 folds
The_1__Gamblers awarded 2434
UDF1 awarded -2434

Round #414, UDF1 (-32879), The_1__Gamblers (32879)
UDF1 posts blind: 10
The_1__Gamblers posts blind: 20
UDF1 received [9s Qs]
The_1__Gamblers received [3h 5c]
UDF1 calls
The_1__Gamblers checks
Flop [6h 7h Jc], UDF1 (20), The_1__Gamblers (20)
The_1__Gamblers bids 0
UDF1 bids 145
UDF1 won the auction and was revealed [5c]
Flop [6h 7h Jc], UDF1 (20), The_1__Gamblers (20)
The_1__Gamblers checks
UDF1 bets 2608
The_1__Gamblers folds
UDF1 awarded 20
The_1__Gamblers awarded -20

Round #415, The_1__Gamblers (32859), UDF1 (-32859)
The_1__Gamblers posts blind: 10
UDF1 posts blind: 20
The_1__Gamblers received [Ks 4c]
UDF1 received [Td Ad]
The_1__Gamblers calls
UDF1 raises to 3648
The_1__Gamblers calls
Flop [3c 5d Jc], The_1__Gamblers (3648), UDF1 (3648)
UDF1 bids 968
The_1__Gamblers bids 0
UDF1 won the auction and was revealed [Ks]
Flop [3c 5d Jc], The_1__Gamblers (3648), UDF1 (3648)
UDF1 bets 865
The_1__Gamblers raises to 1352
UDF1 calls
Turn [3c 5d Jc 2s], The_1__Gamblers (5000), UDF1 (5000)
UDF1 checks
The_1__Gamblers checks
River [3c 5d Jc 2s 7d], The_1__Gamblers (5000), UDF1 (5000)
UDF1 checks
The_1__Gamblers checks
The_1__Gamblers shows [Ks 4c]
UDF1 shows [Td Ad]
The_1__Gamblers awarded -5000
UDF1 awarded 5000

Round #416, UDF1 (-27859), The_1__Gamblers (27859)
UDF1 posts blind: 10
The_1__Gamblers posts blind: 20
UDF1 received [2c 8c]
The_1__Gamblers received [Ac 9c]
UDF1 calls
The_1__Gamblers checks
Flop [Qh 5s 4c], UDF1 (20), The_1__Gamblers (20)
The_1__Gamblers bids 0
UDF1 bids 152
UDF1 won the auction and was revealed [Ac]
Flop [Qh 5s 4c], UDF1 (20), The_1__Gamblers (20)
The_1__Gamblers bets 24
UDF1 folds
UDF1 awarded -20
The_1__Gamblers awarded 20

Round #417, The_1__Gamblers (27879), UDF1 (-27879)
The_1__Gamblers posts blind: 10
UDF1 posts blind: 20
The_1__Gamblers received [Ac Kd]
UDF1 received [6s 5s]
The_1__Gamblers calls
UDF1 checks
Flop [4h 8h 2h], The_1__Gamblers (20), UDF1 (20)
UDF1 bids 145
The_1__Gamblers bids 0
UDF1 won the auction and was revealed [Kd]
Flop [4h 8h 2h], The_1__Gamblers (20), UDF1 (20)
UDF1 bets 2846
The_1__Gamblers folds
The_1__Gamblers awarded -20
UDF1 awarded 20

Round #418, UDF1 (-27859), The_1__Gamblers (27859)
UDF1 posts blind: 10
The_1__Gamblers posts blind: 20
UDF1 received [5s 7h]
The_1__Gamblers received [8d 8h]
UDF1 raises to 463
The_1__Gamblers calls
Flop [4c 4d Js], UDF1 (463), The_1__Gamblers (463)
The_1__Gamblers bids 0
UDF1 bids 239
UDF1 won the auction and was revealed [8h]
Flop [4c 4d Js], UDF1 (463), The_1__Gamblers (463)
The_1__Gamblers bets 555
UDF1 folds
UDF1 awarded -463
The_1__Gamblers awarded 463

Round #419, The_1__Gamblers (28322), UDF1 (-28322)
The_1__Gamblers posts blind: 10
UDF1 posts blind: 20
The_1__Gamblers received [2d 8s]
UDF1 received [Qs Qd]
The_1__Gamblers calls
UDF1 raises to 4307
The_1__Gamblers calls
Flop [Jc 7c 2h], The_1__Gamblers (4307), UDF1 (4307)
UDF1 bids 693
The_1__Gamblers bids 0
UDF1 won the auction and was revealed [8s]
Flop [Jc 7c 2h], The_1__Gamblers (4307), UDF1 (4307)
UDF1 bets 466
The_1__Gamblers raises to 693
UDF1 calls
Turn [Jc 7c 2h 9s], The_1__Gamblers (5000), UDF1 (5000)
UDF1 checks
The_1__Gamblers checks
River [Jc 7c 2h 9s 4s], The_1__Gamblers (5000), UDF1 (5000)
UDF1 checks
The_1__Gamblers checks
The_1__Gamblers shows [2d 8s]
UDF1 shows [Qs Qd]
The_1__Gamblers awarded -5000
UDF1 awarded 5000

Round #420, UDF1 (-23322), The_1__Gamblers (23322)
UDF1 posts blind: 10
The_1__Gamblers posts blind: 20
UDF1 received [Tc 8h]
The_1__Gamblers received [Qd 6s]
UDF1 raises to 361
The_1__Gamblers calls
Flop [8d 7c 6d], UDF1 (361), The_1__Gamblers (361)
The_1__Gamblers bids 0
UDF1 bids 231
UDF1 won the auction and was revealed [Qd]
Flop [8d 7c 6d], UDF1 (361), The_1__Gamblers (361)
The_1__Gamblers bets 433
UDF1 raises to 3088
The_1__Gamblers calls
Turn [8d 7c 6d Jd], UDF1 (3449), The_1__Gamblers (3449)
The_1__Gamblers checks
UDF1 bets 717
The_1__Gamblers calls
River [8d 7c 6d Jd 9h], UDF1 (4166), The_1__Gamblers (4166)
The_1__Gamblers checks
UDF1 bets 454
The_1__Gamblers folds
UDF1 awarded 4166
The_1__Gamblers awarded -4166

Round #421, The_1__Gamblers (19156), UDF1 (-19156)
The_1__Gamblers posts blind: 10
UDF1 posts blind: 20
The_1__Gamblers received [5h 6h]
UDF1 received [Qc Jh]
The_1__Gamblers calls
UDF1 raises to 1665
The_1__Gamblers calls
Flop [7h Ah Jc], The_1__Gamblers (1665), UDF1 (1665)
UDF1 bids 577
The_1__Gamblers bids 0
UDF1 won the auction and was revealed [5h]
Flop [7h Ah Jc], The_1__Gamblers (1665), UDF1 (1665)
UDF1 bets 2429
The_1__Gamblers folds
The_1__Gamblers awarded -1665
UDF1 awarded 1665

Round #422, UDF1 (-17491), The_1__Gamblers (17491)
UDF1 posts blind: 10
The_1__Gamblers posts blind: 20
UDF1 received [9s 6d]
The_1__Gamblers received [7h 7s]
UDF1 raises to 402
The_1__Gamblers calls
Flop [Kd Jc 7d], UDF1 (402), The_1__Gamblers (402)
The_1__Gamblers bids 0
UDF1 bids 227
UDF1 won the auction and was revealed [7s]
Flop [Kd Jc 7d], UDF1 (402), The_1__Gamblers (402)
The_1__Gamblers bets 482
UDF1 folds
UDF1 awarded -402
The_1__Gamblers awarded 402

Round #423, The_1__Gamblers (17893), UDF1 (-17893)
The_1__Gamblers posts blind: 10
UDF1 posts blind: 20
The_1__Gamblers received [6d 7h]
UDF1 received [Qs Ks]
The_1__Gamblers calls
UDF1 raises to 3566
The_1__Gamblers calls
Flop [2s 9s 4d], The_1__Gamblers (3566), UDF1 (3566)
UDF1 bids 945
The_1__Gamblers bids 0
UDF1 won the auction and was revealed [6d]
Flop [2s 9s 4d], The_1__Gamblers (3566), UDF1 (3566)
UDF1 bets 990
The_1__Gamblers folds
The_1__Gamblers awarded -3566
UDF1 awarded 3566

Round #424, UDF1 (-14327), The_1__Gamblers (14327)
UDF1 posts blind: 10
The_1__Gamblers posts blind: 20
UDF1 received [7h Kd]
The_1__Gamblers received [6c Jc]
UDF1 raises to 634
The_1__Gamblers calls
Flop [Qh 5h Ac], UDF1 (634), The_1__Gamblers (634)
The_1__Gamblers bids 0
UDF1 bids 291
UDF1 won the auction and was revealed [6c]
Flop [Qh 5h Ac], UDF1 (634), The_1__Gamblers (634)
The_1__Gamblers checks
UDF1 bets 2769
The_1__Gamblers folds
UDF1 awarded 634
The_1__Gamblers awarded -634

Round #425, The_1__Gamblers (13693), UDF1 (-13693)
The_1__Gamblers posts blind: 10
UDF1 posts blind: 20
The_1__Gamblers received [Qc 3h]
UDF1 received [9s 5d]
The_1__Gamblers calls
UDF1 checks
Flop [Jd Kd 5c], The_1__Gamblers (20), UDF1 (20)
UDF1 bids 148
The_1__Gamblers bids 0
UDF1 won the auction and was revealed [Qc]
Flop [Jd Kd 5c], The_1__Gamblers (20), UDF1 (20)
UDF1 bets 3194
The_1__Gamblers folds
The_1__Gamblers awarded -20
UDF1 awarded 20

Round #426, UDF1 (-13673), The_1__Gamblers (13673)
UDF1 posts blind: 10
The_1__Gamblers posts blind: 20
UDF1 received [9h Qh]
The_1__Gamblers received [Ts 8h]
UDF1 folds
UDF1 awarded -10
The_1__Gamblers awarded 10

Round #427, The_1__Gamblers (13683), UDF1 (-13683)
The_1__Gamblers posts blind: 10
UDF1 posts blind: 20
The_1__Gamblers received [Jh Qh]
UDF1 received [7s Qd]
The_1__Gamblers calls
UDF1 raises to 734
The_1__Gamblers calls
Flop [Kc 8h 8s], The_1__Gamblers (734), UDF1 (734)
UDF1 bids 313
The_1__Gamblers bids 0
UDF1 won the auction and was revealed [Qh]
Flop [Kc 8h 8s], The_1__Gamblers (734), UDF1 (734)
UDF1 bets 2154
The_1__Gamblers folds
The_1__Gamblers awarded -734
UDF1 awarded 734

Round #428, UDF1 (-12949), The_1__Gamblers (12949)
UDF1 posts blind: 10
The_1__Gamblers posts blind: 20
UDF1 received [8c Qs]
The_1__Gamblers received [Tc Js]
UDF1 calls
The_1__Gamblers checks
Flop [3c Ks 8s], UDF1 (20), The_1__Gamblers (20)
The_1__Gamblers bids 0
UDF1 bids 152
UDF1 won the auction and was revealed [Js]
Flop [3c Ks 8s], UDF1 (20), The_1__Gamblers (20)
The_1__Gamblers checks
UDF1 bets 3218
The_1__Gamblers folds
UDF1 awarded 20
The_1__Gamblers awarded -20

Round #429, The_1__Gamblers (12929), UDF1 (-12929)
The_1__Gamblers posts blind: 10
UDF1 posts blind: 20
The_1__Gamblers received [6c 6s]
UDF1 received [9c Kh]
The_1__Gamblers calls
UDF1 checks
Flop [As 8h Kc], The_1__Gamblers (20), UDF1 (20)
UDF1 bids 151
The_1__Gamblers bids 0
UDF1 won the auction and was revealed [6c]
Flop [As 8h Kc], The_1__Gamblers (20), UDF1 (20)
UDF1 bets 3690
The_1__Gamblers folds
The_1__Gamblers awarded -20
UDF1 awarded 20

Round #430, UDF1 (-12909), The_1__Gamblers (12909)
UDF1 posts blind: 10
The_1__Gamblers posts blind: 20
UDF1 received [Qh 7c]
The_1__Gamblers received [7d 5c]
UDF1 calls
The_1__Gamblers checks
Flop [9c 4c Ts], UDF1 (20), The_1__Gamblers (20)
The_1__Gamblers bids 0
UDF1 bids 150
UDF1 won the auction and was revealed [5c]
Flop [9c 4c Ts], UDF1 (20), The_1__Gamblers (20)
The_1__Gamblers checks
UDF1 bets 2682
The_1__Gamblers folds
UDF1 awarded 20
The_1__Gamblers awarded -20

Round #431, The_1__Gamblers (12889), UDF1 (-12889)
The_1__Gamblers posts blind: 10
UDF1 posts blind: 20
The_1__Gamblers received [Qc Kh]
UDF1 received [3h 2h]
The_1__Gamblers calls
UDF1 checks
Flop [Jd 8d 3d], The_1__Gamblers (20), UDF1 (20)
UDF1 bids 147
The_1__Gamblers bids 0
UDF1 won the auction and was revealed [Kh]
Flop [Jd 8d 3d], The_1__Gamblers (20), UDF1 (20)
UDF1 bets 2852
The_1__Gamblers folds
The_1__Gamblers awarded -20
UDF1 awarded 20

Round #432, UDF1 (-12869), The_1__Gamblers (12869)
UDF1 posts blind: 10
The_1__Gamblers posts blind: 20
UDF1 received [4d 8s]
The_1__Gamblers received [Qs Th]
UDF1 calls
The_1__Gamblers checks
Flop [Ah Kc 4c], UDF1 (20), The_1__Gamblers (20)
The_1__Gamblers bids 0
UDF1 bids 155
UDF1 won the auction and was revealed [Th]
Flop [Ah Kc 4c], UDF1 (20), The_1__Gamblers (20)
The_1__Gamblers bets 24
UDF1 calls
Turn [Ah Kc 4c Tc], UDF1 (44), The_1__Gamblers (44)
The_1__Gamblers bets 52
UDF1 folds
UDF1 awarded -44
The_1__Gamblers awarded 44

Round #433, The_1__Gamblers (12913), UDF1 (-12913)
The_1__Gamblers posts blind: 10
UDF1 posts blind: 20
The_1__Gamblers received [5h Tc]
UDF1 received [5s 6c]
The_1__Gamblers calls
UDF1 checks
Flop [Jc 4d 3s], The_1__Gamblers (20), UDF1 (20)
UDF1 bids 147
The_1__Gamblers bids 0
UDF1 won the auction and was revealed [Tc]
Flop [Jc 4d 3s], The_1__Gamblers (20), UDF1 (20)
UDF1 bets 2651
The_1__Gamblers folds
The_1__Gamblers awarded -20
UDF1 awarded 20

Round #434, UDF1 (-12893), The_1__Gamblers (12893)
UDF1 posts blind: 10
The_1__Gamblers posts blind: 20
UDF1 received [Kc 6s]
The_1__Gamblers received [4s 4d]
UDF1 calls
The_1__Gamblers checks
Flop [9d 2c Th], UDF1 (20), The_1__Gamblers (20)
The_1__Gamblers bids 0
UDF1 bids 144
UDF1 won the auction and was revealed [4d]
Flop [9d 2c Th], UDF1 (20), The_1__Gamblers (20)
The_1__Gamblers bets 24
UDF1 calls
Turn [9d 2c Th 3h], UDF1 (44), The_1__Gamblers (44)
The_1__Gamblers bets 52
UDF1 calls
River [9d 2c Th 3h Ah], UDF1 (96), The_1__Gamblers (96)
The_1__Gamblers bets 115
UDF1 calls
UDF1 shows [Kc 6s]
The_1__Gamblers shows [4s 4d]
UDF1 awarded -211
The_1__Gamblers awarded 211

Round #435, The_1__Gamblers (13104), UDF1 (-13104)
The_1__Gamblers posts blind: 10
UDF1 posts blind: 20
The_1__Gamblers received [5s 8d]
UDF1 received [8c 5h]
The_1__Gamblers calls
UDF1 raises to 541
The_1__Gamblers calls
Flop [6s Tc 7h], The_1__Gamblers (541), UDF1 (541)
UDF1 bids 260
The_1__Gamblers bids 0
UDF1 won the auction and was revealed [8d]
Flop [6s Tc 7h], The_1__Gamblers (541), UDF1 (541)
UDF1 bets 2371
The_1__Gamblers folds
The_1__Gamblers awarded -541
UDF1 awarded 541

Round #436, UDF1 (-12563), The_1__Gamblers (12563)
UDF1 posts blind: 10
The_1__Gamblers posts blind: 20
UDF1 received [Kh 8d]
The_1__Gamblers received [6s 5h]
UDF1 calls
The_1__Gamblers checks
Flop [2h 4d 7s], UDF1 (20), The_1__Gamblers (20)
The_1__Gamblers bids 0
UDF1 bids 143
UDF1 won the auction and was revealed [6s]
Flop [2h 4d 7s], UDF1 (20), The_1__Gamblers (20)
The_1__Gamblers checks
UDF1 bets 2908
The_1__Gamblers folds
UDF1 awarded 20
The_1__Gamblers awarded -20

Round #437, The_1__Gamblers (12543), UDF1 (-12543)
The_1__Gamblers posts blind: 10
UDF1 posts blind: 20
The_1__Gamblers received [Qd 9d]
UDF1 received [7d 2h]
The_1__Gamblers calls
UDF1 checks
Flop [7c Qc 8s], The_1__Gamblers (20), UDF1 (20)
UDF1 bids 0
The_1__Gamblers bids 0
The_1__Gamblers won the auction and was revealed [2h]
UDF1 won the auction and was revealed [Qd]
Flop [7c Qc 8s], The_1__Gamblers (20), UDF1 (20)
UDF1 bets 2176
The_1__Gamblers raises to 4352
UDF1 folds
The_1__Gamblers awarded 2196
UDF1 awarded -2196

Round #438, UDF1 (-14739), The_1__Gamblers (14739)
UDF1 posts blind: 10
The_1__Gamblers posts blind: 20
UDF1 received [Qd 4d]
The_1__Gamblers received [Ad Qh]
UDF1 raises to 415
The_1__Gamblers calls
Flop [Qs Kc 3h], UDF1 (415), The_1__Gamblers (415)
The_1__Gamblers bids 0
UDF1 bids 235
UDF1 won the auction and was revealed [Qh]
Flop [Qs Kc 3h], UDF1 (415), The_1__Gamblers (415)
The_1__Gamblers bets 498
UDF1 folds
UDF1 awarded -415
The_1__Gamblers awarded 415

Round #439, The_1__Gamblers (15154), UDF1 (-15154)
The_1__Gamblers posts blind: 10
UDF1 posts blind: 20
The_1__Gamblers received [3d 8s]
UDF1 received [Ad 5h]
The_1__Gamblers calls
UDF1 checks
Flop [Jd Ks 9d], The_1__Gamblers (20), UDF1 (20)
UDF1 bids 142
The_1__Gamblers bids 0
UDF1 won the auction and was revealed [8s]
Flop [Jd Ks 9d], The_1__Gamblers (20), UDF1 (20)
UDF1 bets 2740
The_1__Gamblers folds
The_1__Gamblers awarded -20
UDF1 awarded 20

Round #440, UDF1 (-15134), The_1__Gamblers (15134)
UDF1 posts blind: 10
The_1__Gamblers posts blind: 20
UDF1 received [6s 2s]
The_1__Gamblers received [Td 2c]
UDF1 calls
The_1__Gamblers checks
Flop [3h 6h Qs], UDF1 (20), The_1__Gamblers (20)
The_1__Gamblers bids 0
UDF1 bids 147
UDF1 won the auction and was revealed [2c]
Flop [3h 6h Qs], UDF1 (20), The_1__Gamblers (20)
The_1__Gamblers checks
UDF1 bets 3248
The_1__Gamblers folds
UDF1 awarded 20
The_1__Gamblers awarded -20

Round #441, The_1__Gamblers (15114), UDF1 (-15114)
The_1__Gamblers posts blind: 10
UDF1 posts blind: 20
The_1__Gamblers received [3c Ts]
UDF1 received [4s Qh]
The_1__Gamblers calls
UDF1 checks
Flop [7c Jh 3d], The_1__Gamblers (20), UDF1 (20)
UDF1 bids 144
The_1__Gamblers bids 0
UDF1 won the auction and was revealed [3c]
Flop [7c Jh 3d], The_1__Gamblers (20), UDF1 (20)
UDF1 bets 2715
The_1__Gamblers folds
The_1__Gamblers awarded -20
UDF1 awarded 20

Round #442, UDF1 (-15094), The_1__Gamblers (15094)
UDF1 posts blind: 10
The_1__Gamblers posts blind: 20
UDF1 received [Kc 4h]
The_1__Gamblers received [7h 2c]
UDF1 folds
UDF1 awarded -10
The_1__Gamblers awarded 10

Round #443, The_1__Gamblers (15104), UDF1 (-15104)
The_1__Gamblers posts blind: 10
UDF1 posts blind: 20
The_1__Gamblers received [Qs Ac]
UDF1 received [4h Td]
The_1__Gamblers calls
UDF1 raises to 411
The_1__Gamblers calls
Flop [8d Jh Ks], The_1__Gamblers (411), UDF1 (411)
UDF1 bids 234
The_1__Gamblers bids 0
UDF1 won the auction and was revealed [Ac]
Flop [8d Jh Ks], The_1__Gamblers (411), UDF1 (411)
UDF1 bets 2000
The_1__Gamblers folds
The_1__Gamblers awarded -411
UDF1 awarded 411

Round #444, UDF1 (-14693), The_1__Gamblers (14693)
UDF1 posts blind: 10
The_1__Gamblers posts blind: 20
UDF1 received [Ts 5h]
The_1__Gamblers received [6s 2s]
UDF1 calls
The_1__Gamblers checks
Flop [Kd Ac 5c], UDF1 (20), The_1__Gamblers (20)
The_1__Gamblers bids 0
UDF1 bids 148
UDF1 won the auction and was revealed [2s]
Flop [Kd Ac 5c], UDF1 (20), The_1__Gamblers (20)
The_1__Gamblers checks
UDF1 bets 3104
The_1__Gamblers folds
UDF1 awarded 20
The_1__Gamblers awarded -20

Round #445, The_1__Gamblers (14673), UDF1 (-14673)
The_1__Gamblers posts blind: 10
UDF1 posts blind: 20
The_1__Gamblers received [9d 5d]
UDF1 received [Jd 4s]
The_1__Gamblers calls
UDF1 checks
Flop [7s 3s 7d], The_1__Gamblers (20), UDF1 (20)
UDF1 bids 151
The_1__Gamblers bids 0
UDF1 won the auction and was revealed [5d]
Flop [7s 3s 7d], The_1__Gamblers (20), UDF1 (20)
UDF1 bets 2500
The_1__Gamblers folds
The_1__Gamblers awarded -20
UDF1 awarded 20

Round #446, UDF1 (-14653), The_1__Gamblers (14653)
UDF1 posts blind: 10
The_1__Gamblers posts blind: 20
UDF1 received [Qd 8s]
The_1__Gamblers received [Ts 7d]
UDF1 raises to 782
The_1__Gamblers calls
Flop [Qs 7c Kd], UDF1 (782), The_1__Gamblers (782)
The_1__Gamblers bids 0
UDF1 bids 318
UDF1 won the auction and was revealed [Ts]
Flop [Qs 7c Kd], UDF1 (782), The_1__Gamblers (782)
The_1__Gamblers bets 938
UDF1 raises to 3497
The_1__Gamblers raises to 4218
UDF1 calls
Turn [Qs 7c Kd 5c], UDF1 (5000), The_1__Gamblers (5000)
The_1__Gamblers checks
UDF1 checks
River [Qs 7c Kd 5c 4s], UDF1 (5000), The_1__Gamblers (5000)
The_1__Gamblers checks
UDF1 checks
UDF1 shows [Qd 8s]
The_1__Gamblers shows [Ts 7d]
UDF1 awarded 5000
The_1__Gamblers awarded -5000

Round #447, The_1__Gamblers (9653), UDF1 (-9653)
The_1__Gamblers posts blind: 10
UDF1 posts blind: 20
The_1__Gamblers received [4c 7c]
UDF1 received [Jh Qd]
The_1__Gamblers calls
UDF1 checks
Flop [8c 8d 7s], The_1__Gamblers (20), UDF1 (20)
UDF1 bids 146
The_1__Gamblers bids 0
UDF1 won the auction and was revealed [4c]
Flop [8c 8d 7s], The_1__Gamblers (20), UDF1 (20)
UDF1 bets 2838
The_1__Gamblers raises to 4980
UDF1 calls
Turn [8c 8d 7s Ah], The_1__Gamblers (5000), UDF1 (5000)
UDF1 checks
The_1__Gamblers checks
River [8c 8d 7s Ah 3c], The_1__Gamblers (5000), UDF1 (5000)
UDF1 checks
The_1__Gamblers checks
The_1__Gamblers shows [4c 7c]
UDF1 shows [Jh Qd]
The_1__Gamblers awarded 5000
UDF1 awarded -5000

Round #448, UDF1 (-14653), The_1__Gamblers (14653)
UDF1 posts blind: 10
The_1__Gamblers posts blind: 20
UDF1 received [5c 3c]
The_1__Gamblers received [Ac 3s]
UDF1 folds
UDF1 awarded -10
The_1__Gamblers awarded 10

Round #449, The_1__Gamblers (14663), UDF1 (-14663)
The_1__Gamblers posts blind: 10
UDF1 posts blind: 20
The_1__Gamblers received [4h Ah]
UDF1 received [7h 5s]
The_1__Gamblers calls
UDF1 checks
Flop [2c Ts 8h], The_1__Gamblers (20), UDF1 (20)
UDF1 bids 146
The_1__Gamblers bids 0
UDF1 won the auction and was revealed [Ah]
Flop [2c Ts 8h], The_1__Gamblers (20), UDF1 (20)
UDF1 bets 2767
The_1__Gamblers folds
The_1__Gamblers awarded -20
UDF1 awarded 20

Round #450, UDF1 (-14643), The_1__Gamblers (14643)
UDF1 posts blind: 10
The_1__Gamblers posts blind: 20
UDF1 received [Tc 6c]
The_1__Gamblers received [4h Ah]
UDF1 calls
The_1__Gamblers checks
Flop [2c Td 8d], UDF1 (20), The_1__Gamblers (20)
The_1__Gamblers bids 0
UDF1 bids 144
UDF1 won the auction and was revealed [Ah]
Flop [2c Td 8d], UDF1 (20), The_1__Gamblers (20)
The_1__Gamblers bets 24
UDF1 raises to 3195
The_1__Gamblers folds
UDF1 awarded 44
The_1__Gamblers awarded -44

Round #451, The_1__Gamblers (14599), UDF1 (-14599)
The_1__Gamblers posts blind: 10
UDF1 posts blind: 20
The_1__Gamblers received [4s Tc]
UDF1 received [3c Qd]
The_1__Gamblers calls
UDF1 checks
Flop [2c 8d Jh], The_1__Gamblers (20), UDF1 (20)
UDF1 bids 150
The_1__Gamblers bids 0
UDF1 won the auction and was revealed [Tc]
Flop [2c 8d Jh], The_1__Gamblers (20), UDF1 (20)
UDF1 bets 3044
The_1__Gamblers folds
The_1__Gamblers awarded -20
UDF1 awarded 20

Round #452, UDF1 (-14579), The_1__Gamblers (14579)
UDF1 posts blind: 10
The_1__Gamblers posts blind: 20
UDF1 received [7h 9s]
The_1__Gamblers received [3s 5d]
UDF1 raises to 416
The_1__Gamblers calls
Flop [Qs 6d 8d], UDF1 (416), The_1__Gamblers (416)
The_1__Gamblers bids 0
UDF1 bids 236
UDF1 won the auction and was revealed [5d]
Flop [Qs 6d 8d], UDF1 (416), The_1__Gamblers (416)
The_1__Gamblers checks
UDF1 bets 2773
The_1__Gamblers folds
UDF1 awarded 416
The_1__Gamblers awarded -416

Round #453, The_1__Gamblers (14163), UDF1 (-14163)
The_1__Gamblers posts blind: 10
UDF1 posts blind: 20
The_1__Gamblers received [5d 9d]
UDF1 received [Jc 9c]
The_1__Gamblers calls
UDF1 checks
Flop [8d Ks Ad], The_1__Gamblers (20), UDF1 (20)
UDF1 bids 150
The_1__Gamblers bids 0
UDF1 won the auction and was revealed [9d]
Flop [8d Ks Ad], The_1__Gamblers (20), UDF1 (20)
UDF1 bets 2677
The_1__Gamblers folds
The_1__Gamblers awarded -20
UDF1 awarded 20

Round #454, UDF1 (-14143), The_1__Gamblers (14143)
UDF1 posts blind: 10
The_1__Gamblers posts blind: 20
UDF1 received [7s 6s]
The_1__Gamblers received [4s 5s]
UDF1 raises to 692
The_1__Gamblers calls
Flop [7c 9c As], UDF1 (692), The_1__Gamblers (692)
The_1__Gamblers bids 0
UDF1 bids 301
UDF1 won the auction and was revealed [5s]
Flop [7c 9c As], UDF1 (692), The_1__Gamblers (692)
The_1__Gamblers checks
UDF1 bets 2638
The_1__Gamblers folds
UDF1 awarded 692
The_1__Gamblers awarded -692

Round #455, The_1__Gamblers (13451), UDF1 (-13451)
The_1__Gamblers posts blind: 10
UDF1 posts blind: 20
The_1__Gamblers received [Jh 9s]
UDF1 received [8d 7h]
The_1__Gamblers calls
UDF1 checks
Flop [Qc 4s 8h], The_1__Gamblers (20), UDF1 (20)
UDF1 bids 0
The_1__Gamblers bids 0
The_1__Gamblers won the auction and was revealed [7h]
UDF1 won the auction and was revealed [Jh]
Flop [Qc 4s 8h], The_1__Gamblers (20), UDF1 (20)
UDF1 bets 3293
The_1__Gamblers folds
The_1__Gamblers awarded -20
UDF1 awarded 20

Round #456, UDF1 (-13431), The_1__Gamblers (13431)
UDF1 posts blind: 10
The_1__Gamblers posts blind: 20
UDF1 received [Ac 2d]
The_1__Gamblers received [Kc 3d]
UDF1 raises to 543
The_1__Gamblers calls
Flop [Jd Td 9c], UDF1 (543), The_1__Gamblers (543)
The_1__Gamblers bids 0
UDF1 bids 267
UDF1 won the auction and was revealed [Kc]
Flop [Jd Td 9c], UDF1 (543), The_1__Gamblers (543)
The_1__Gamblers checks
UDF1 bets 2139
The_1__Gamblers folds
UDF1 awarded 543
The_1__Gamblers awarded -543

Round #457, The_1__Gamblers (12888), UDF1 (-12888)
The_1__Gamblers posts blind: 10
UDF1 posts blind: 20
The_1__Gamblers received [Ac 4c]
UDF1 received [Jd 5h]
The_1__Gamblers calls
UDF1 checks
Flop [9h Ah 2h], The_1__Gamblers (20), UDF1 (20)
UDF1 bids 147
The_1__Gamblers bids 0
UDF1 won the auction and was revealed [Ac]
Flop [9h Ah 2h], The_1__Gamblers (20), UDF1 (20)
UDF1 bets 2279
The_1__Gamblers raises to 4558
UDF1 calls
Turn [9h Ah 2h Js], The_1__Gamblers (4578), UDF1 (4578)
UDF1 bets 202
The_1__Gamblers raises to 422
UDF1 calls
River [9h Ah 2h Js 5c], The_1__Gamblers (5000), UDF1 (5000)
UDF1 checks
The_1__Gamblers checks
The_1__Gamblers shows [Ac 4c]
UDF1 shows [Jd 5h]
The_1__Gamblers awarded -5000
UDF1 awarded 5000

Round #458, UDF1 (-7888), The_1__Gamblers (7888)
UDF1 posts blind: 10
The_1__Gamblers posts blind: 20
UDF1 received [6s 9c]
The_1__Gamblers received [Qc 8c]
UDF1 calls
The_1__Gamblers checks
Flop [Ah 2c 6c], UDF1 (20), The_1__Gamblers (20)
The_1__Gamblers bids 0
UDF1 bids 155
UDF1 won the auction and was revealed [Qc]
Flop [Ah 2c 6c], UDF1 (20), The_1__Gamblers (20)
The_1__Gamblers checks
UDF1 bets 3391
The_1__Gamblers folds
UDF1 awarded 20
The_1__Gamblers awarded -20

Round #459, The_1__Gamblers (7868), UDF1 (-7868)
The_1__Gamblers posts blind: 10
UDF1 posts blind: 20
The_1__Gamblers received [Jh 9c]
UDF1 received [6h 4s]
The_1__Gamblers calls
UDF1 checks
Flop [Kd 3d Qh], The_1__Gamblers (20), UDF1 (20)
UDF1 bids 147
The_1__Gamblers bids 0
UDF1 won the auction and was revealed [Jh]
Flop [Kd 3d Qh], The_1__Gamblers (20), UDF1 (20)
UDF1 bets 2680
The_1__Gamblers folds
The_1__Gamblers awarded -20
UDF1 awarded 20

Round #460, UDF1 (-7848), The_1__Gamblers (7848)
UDF1 posts blind: 10
The_1__Gamblers posts blind: 20
UDF1 received [7d Ts]
The_1__Gamblers received [9c Ac]
UDF1 raises to 572
The_1__Gamblers calls
Flop [3h 8d 7s], UDF1 (572), The_1__Gamblers (572)
The_1__Gamblers bids 0
UDF1 bids 273
UDF1 won the auction and was revealed [Ac]
Flop [3h 8d 7s], UDF1 (572), The_1__Gamblers (572)
The_1__Gamblers bets 686
UDF1 raises to 3383
The_1__Gamblers folds
UDF1 awarded 1258
The_1__Gamblers awarded -1258

Round #461, The_1__Gamblers (6590), UDF1 (-6590)
The_1__Gamblers posts blind: 10
UDF1 posts blind: 20
The_1__Gamblers received [6c 9c]
UDF1 received [9d 8d]
The_1__Gamblers calls
UDF1 checks
Flop [Qh 3h 2c], The_1__Gamblers (20), UDF1 (20)
UDF1 bids 140
The_1__Gamblers bids 0
UDF1 won the auction and was revealed [6c]
Flop [Qh 3h 2c], The_1__Gamblers (20), UDF1 (20)
UDF1 bets 2921
The_1__Gamblers folds
The_1__Gamblers awarded -20
UDF1 awarded 20

Round #462, UDF1 (-6570), The_1__Gamblers (6570)
UDF1 posts blind: 10
The_1__Gamblers posts blind: 20
UDF1 received [6h Qh]
The_1__Gamblers received [2c 7s]
UDF1 calls
The_1__Gamblers checks
Flop [7h 7c Td], UDF1 (20), The_1__Gamblers (20)
The_1__Gamblers bids 0
UDF1 bids 142
UDF1 won the auction and was revealed [7s]
Flop [7h 7c Td], UDF1 (20), The_1__Gamblers (20)
The_1__Gamblers bets 24
UDF1 folds
UDF1 awarded -20
The_1__Gamblers awarded 20

Round #463, The_1__Gamblers (6590), UDF1 (-6590)
The_1__Gamblers posts blind: 10
UDF1 posts blind: 20
The_1__Gamblers received [2s 2h]
UDF1 received [Ah Jd]
The_1__Gamblers calls
UDF1 raises to 3850
The_1__Gamblers calls
Flop [6d Ac 4s], The_1__Gamblers (3850), UDF1 (3850)
UDF1 bids 1010
The_1__Gamblers bids 0
UDF1 won the auction and was revealed [2s]
Flop [6d Ac 4s], The_1__Gamblers (3850), UDF1 (3850)
UDF1 bets 744
The_1__Gamblers raises to 1150
UDF1 calls
Turn [6d Ac 4s 8s], The_1__Gamblers (5000), UDF1 (5000)
UDF1 checks
The_1__Gamblers checks
River [6d Ac 4s 8s Tc], The_1__Gamblers (5000), UDF1 (5000)
UDF1 checks
The_1__Gamblers checks
The_1__Gamblers shows [2s 2h]
UDF1 shows [Ah Jd]
The_1__Gamblers awarded -5000
UDF1 awarded 5000

Round #464, UDF1 (-1590), The_1__Gamblers (1590)
UDF1 posts blind: 10
The_1__Gamblers posts blind: 20
UDF1 received [3h 3s]
The_1__Gamblers received [Kd 4h]
UDF1 raises to 1834
The_1__Gamblers calls
Flop [5c Qc 5h], UDF1 (1834), The_1__Gamblers (1834)
The_1__Gamblers bids 0
UDF1 bids 602
UDF1 won the auction and was revealed [4h]
Flop [5c Qc 5h], UDF1 (1834), The_1__Gamblers (1834)
The_1__Gamblers bets 2200
UDF1 raises to 3166
The_1__Gamblers calls
Turn [5c Qc 5h Qd], UDF1 (5000), The_1__Gamblers (5000)
The_1__Gamblers checks
UDF1 checks
River [5c Qc 5h Qd 6s], UDF1 (5000), The_1__Gamblers (5000)
The_1__Gamblers checks
UDF1 checks
UDF1 shows [3h 3s]
The_1__Gamblers shows [Kd 4h]
UDF1 awarded -5000
The_1__Gamblers awarded 5000

Round #465, The_1__Gamblers (6590), UDF1 (-6590)
The_1__Gamblers posts blind: 10
UDF1 posts blind: 20
The_1__Gamblers received [8s Ac]
UDF1 received [Jh 2c]
The_1__Gamblers calls
UDF1 raises to 563
The_1__Gamblers calls
Flop [2h 7c 5h], The_1__Gamblers (563), UDF1 (563)
UDF1 bids 278
The_1__Gamblers bids 0
UDF1 won the auction and was revealed [Ac]
Flop [2h 7c 5h], The_1__Gamblers (563), UDF1 (563)
UDF1 bets 2994
The_1__Gamblers folds
The_1__Gamblers awarded -563
UDF1 awarded 563

Round #466, UDF1 (-6027), The_1__Gamblers (6027)
UDF1 posts blind: 10
The_1__Gamblers posts blind: 20
UDF1 received [5c 4h]
The_1__Gamblers received [5s 6d]
UDF1 raises to 490
The_1__Gamblers calls
Flop [3h 6s 4s], UDF1 (490), The_1__Gamblers (490)
The_1__Gamblers bids 0
UDF1 bids 260
UDF1 won the auction and was revealed [5s]
Flop [3h 6s 4s], UDF1 (490), The_1__Gamblers (490)
The_1__Gamblers bets 588
UDF1 calls
Turn [3h 6s 4s 7h], UDF1 (1078), The_1__Gamblers (1078)
The_1__Gamblers bets 1293
UDF1 calls
River [3h 6s 4s 7h 7d], UDF1 (2371), The_1__Gamblers (2371)
The_1__Gamblers bets 2629
UDF1 calls
UDF1 shows [5c 4h]
The_1__Gamblers shows [5s 6d]
UDF1 awarded 0
The_1__Gamblers awarded 0

Round #467, The_1__Gamblers (6027), UDF1 (-6027)
The_1__Gamblers posts blind: 10
UDF1 posts blind: 20
The_1__Gamblers received [9s Ts]
UDF1 received [Jh 3s]
The_1__Gamblers calls
UDF1 checks
Flop [5s 6h Jc], The_1__Gamblers (20), UDF1 (20)
UDF1 bids 157
The_1__Gamblers bids 0
UDF1 won the auction and was revealed [Ts]
Flop [5s 6h Jc], The_1__Gamblers (20), UDF1 (20)
UDF1 bets 3245
The_1__Gamblers folds
The_1__Gamblers awarded -20
UDF1 awarded 20

Round #468, UDF1 (-6007), The_1__Gamblers (6007)
UDF1 posts blind: 10
The_1__Gamblers posts blind: 20
UDF1 received [Ac Qd]
The_1__Gamblers received [7c Kd]
UDF1 raises to 3532
The_1__Gamblers calls
Flop [7s 8s 2h], UDF1 (3532), The_1__Gamblers (3532)
The_1__Gamblers bids 0
UDF1 bids 940
UDF1 won the auction and was revealed [Kd]
Flop [7s 8s 2h], UDF1 (3532), The_1__Gamblers (3532)
The_1__Gamblers bets 1468
UDF1 calls
Turn [7s 8s 2h 3s], UDF1 (5000), The_1__Gamblers (5000)
The_1__Gamblers checks
UDF1 checks
River [7s 8s 2h 3s 5h], UDF1 (5000), The_1__Gamblers (5000)
The_1__Gamblers checks
UDF1 checks
UDF1 shows [Ac Qd]
The_1__Gamblers shows [7c Kd]
UDF1 awarded -5000
The_1__Gamblers awarded 5000

Round #469, The_1__Gamblers (11007), UDF1 (-11007)
The_1__Gamblers posts blind: 10
UDF1 posts blind: 20
The_1__Gamblers received [6h Ac]
UDF1 received [4h 3c]
The_1__Gamblers calls
UDF1 checks
Flop [9s Qd 9c], The_1__Gamblers (20), UDF1 (20)
UDF1 bids 154
The_1__Gamblers bids 0
UDF1 won the auction and was revealed [6h]
Flop [9s Qd 9c], The_1__Gamblers (20), UDF1 (20)
UDF1 bets 2485
The_1__Gamblers folds
The_1__Gamblers awarded -20
UDF1 awarded 20

Round #470, UDF1 (-10987), The_1__Gamblers (10987)
UDF1 posts blind: 10
The_1__Gamblers posts blind: 20
UDF1 received [2h Tc]
The_1__Gamblers received [3c Qd]
UDF1 calls
The_1__Gamblers checks
Flop [6s 4d 9h], UDF1 (20), The_1__Gamblers (20)
The_1__Gamblers bids 0
UDF1 bids 162
UDF1 won the auction and was revealed [Qd]
Flop [6s 4d 9h], UDF1 (20), The_1__Gamblers (20)
The_1__Gamblers checks
UDF1 bets 2219
The_1__Gamblers folds
UDF1 awarded 20
The_1__Gamblers awarded -20

Round #471, The_1__Gamblers (10967), UDF1 (-10967)
The_1__Gamblers posts blind: 10
UDF1 posts blind: 20
The_1__Gamblers received [Jh 5s]
UDF1 received [8s 6h]
The_1__Gamblers calls
UDF1 checks
Flop [Th Ad 3h], The_1__Gamblers (20), UDF1 (20)
UDF1 bids 155
The_1__Gamblers bids 0
UDF1 won the auction and was revealed [Jh]
Flop [Th Ad 3h], The_1__Gamblers (20), UDF1 (20)
UDF1 bets 2510
The_1__Gamblers folds
The_1__Gamblers awarded -20
UDF1 awarded 20

Round #472, UDF1 (-10947), The_1__Gamblers (10947)
UDF1 posts blind: 10
The_1__Gamblers posts blind: 20
UDF1 received [Ad 6s]
The_1__Gamblers received [Jc Td]
UDF1 raises to 337
The_1__Gamblers calls
Flop [5c 2h 8d], UDF1 (337), The_1__Gamblers (337)
The_1__Gamblers bids 0
UDF1 bids 229
UDF1 won the auction and was revealed [Td]
Flop [5c 2h 8d], UDF1 (337), The_1__Gamblers (337)
The_1__Gamblers checks
UDF1 bets 2914
The_1__Gamblers folds
UDF1 awarded 337
The_1__Gamblers awarded -337

Round #473, The_1__Gamblers (10610), UDF1 (-10610)
The_1__Gamblers posts blind: 10
UDF1 posts blind: 20
The_1__Gamblers received [Ad Qd]
UDF1 received [7d 4s]
The_1__Gamblers calls
UDF1 checks
Flop [3d As 6c], The_1__Gamblers (20), UDF1 (20)
UDF1 bids 156
The_1__Gamblers bids 0
UDF1 won the auction and was revealed [Ad]
Flop [3d As 6c], The_1__Gamblers (20), UDF1 (20)
UDF1 bets 2450
The_1__Gamblers raises to 4900
UDF1 folds
The_1__Gamblers awarded 2470
UDF1 awarded -2470

Round #474, UDF1 (-13080), The_1__Gamblers (13080)
UDF1 posts blind: 10
The_1__Gamblers posts blind: 20
UDF1 received [3s Ks]
The_1__Gamblers received [6s 4h]
UDF1 folds
UDF1 awarded -10
The_1__Gamblers awarded 10

Round #475, The_1__Gamblers (13090), UDF1 (-13090)
The_1__Gamblers posts blind: 10
UDF1 posts blind: 20
The_1__Gamblers received [9s 4d]
UDF1 received [Qh 8h]
The_1__Gamblers calls
UDF1 checks
Flop [9c 7s 7h], The_1__Gamblers (20), UDF1 (20)
UDF1 bids 151
The_1__Gamblers bids 0
UDF1 won the auction and was revealed [9s]
Flop [9c 7s 7h], The_1__Gamblers (20), UDF1 (20)
UDF1 bets 2172
The_1__Gamblers raises to 4344
UDF1 folds
The_1__Gamblers awarded 2192
UDF1 awarded -2192

Round #476, UDF1 (-15282), The_1__Gamblers (15282)
UDF1 posts blind: 10
The_1__Gamblers posts blind: 20
UDF1 received [6d 9s]
The_1__Gamblers received [2d Td]
UDF1 calls
The_1__Gamblers checks
Flop [Jc 9h 6c], UDF1 (20), The_1__Gamblers (20)
The_1__Gamblers bids 0
UDF1 bids 164
UDF1 won the auction and was revealed [Td]
Flop [Jc 9h 6c], UDF1 (20), The_1__Gamblers (20)
The_1__Gamblers checks
UDF1 bets 3372
The_1__Gamblers folds
UDF1 awarded 20
The_1__Gamblers awarded -20

Round #477, The_1__Gamblers (15262), UDF1 (-15262)
The_1__Gamblers posts blind: 10
UDF1 posts blind: 20
The_1__Gamblers received [2d Qh]
UDF1 received [7s 9s]
The_1__Gamblers calls
UDF1 checks
Flop [Jh 4s 5h], The_1__Gamblers (20), UDF1 (20)
UDF1 bids 151
The_1__Gamblers bids 0
UDF1 won the auction and was revealed [Qh]
Flop [Jh 4s 5h], The_1__Gamblers (20), UDF1 (20)
UDF1 bets 2259
The_1__Gamblers folds
The_1__Gamblers awarded -20
UDF1 awarded 20

Round #478, UDF1 (-15242), The_1__Gamblers (15242)
UDF1 posts blind: 10
The_1__Gamblers posts blind: 20
UDF1 received [6s 8s]
The_1__Gamblers received [Qs 4c]
UDF1 calls
The_1__Gamblers checks
Flop [Jh Jd 2h], UDF1 (20), The_1__Gamblers (20)
The_1__Gamblers bids 0
UDF1 bids 154
UDF1 won the auction and was revealed [4c]
Flop [Jh Jd 2h], UDF1 (20), The_1__Gamblers (20)
The_1__Gamblers checks
UDF1 bets 2499
The_1__Gamblers folds
UDF1 awarded 20
The_1__Gamblers awarded -20

Round #479, The_1__Gamblers (15222), UDF1 (-15222)
The_1__Gamblers posts blind: 10
UDF1 posts blind: 20
The_1__Gamblers received [2h 8d]
UDF1 received [5d 5h]
The_1__Gamblers calls
UDF1 checks
Flop [Td Kc 2c], The_1__Gamblers (20), UDF1 (20)
UDF1 bids 163
The_1__Gamblers bids 0
UDF1 won the auction and was revealed [2h]
Flop [Td Kc 2c], The_1__Gamblers (20), UDF1 (20)
UDF1 bets 3064
The_1__Gamblers folds
The_1__Gamblers awarded -20
UDF1 awarded 20

Round #480, UDF1 (-15202), The_1__Gamblers (15202)
UDF1 posts blind: 10
The_1__Gamblers posts blind: 20
UDF1 received [2d Qd]
The_1__Gamblers received [As Jd]
UDF1 calls
The_1__Gamblers checks
Flop [Qs Tc 5s], UDF1 (20), The_1__Gamblers (20)
The_1__Gamblers bids 0
UDF1 bids 0
UDF1 won the auction and was revealed [As]
The_1__Gamblers won the auction and was revealed [Qd]
Flop [Qs Tc 5s], UDF1 (20), The_1__Gamblers (20)
The_1__Gamblers bets 24
UDF1 raises to 2985
The_1__Gamblers folds
UDF1 awarded 44
The_1__Gamblers awarded -44

Round #481, The_1__Gamblers (15158), UDF1 (-15158)
The_1__Gamblers posts blind: 10
UDF1 posts blind: 20
The_1__Gamblers received [Kd 7d]
UDF1 received [Tc 7s]
The_1__Gamblers calls
UDF1 raises to 657
The_1__Gamblers calls
Flop [Ah 6c 6s], The_1__Gamblers (657), UDF1 (657)
UDF1 bids 303
The_1__Gamblers bids 0
UDF1 won the auction and was revealed [Kd]
Flop [Ah 6c 6s], The_1__Gamblers (657), UDF1 (657)
UDF1 bets 1799
The_1__Gamblers raises to 3598
UDF1 folds
The_1__Gamblers awarded 2456
UDF1 awarded -2456

Round #482, UDF1 (-17614), The_1__Gamblers (17614)
UDF1 posts blind: 10
The_1__Gamblers posts blind: 20
UDF1 received [Js 5s]
The_1__Gamblers received [5h As]
UDF1 folds
UDF1 awarded -10
The_1__Gamblers awarded 10

Round #483, The_1__Gamblers (17624), UDF1 (-17624)
The_1__Gamblers posts blind: 10
UDF1 posts blind: 20
The_1__Gamblers received [2c 8s]
UDF1 received [6d 4s]
The_1__Gamblers calls
UDF1 checks
Flop [Jh 7d 5c], The_1__Gamblers (20), UDF1 (20)
UDF1 bids 157
The_1__Gamblers bids 0
UDF1 won the auction and was revealed [2c]
Flop [Jh 7d 5c], The_1__Gamblers (20), UDF1 (20)
UDF1 bets 3097
The_1__Gamblers folds
The_1__Gamblers awarded -20
UDF1 awarded 20

Round #484, UDF1 (-17604), The_1__Gamblers (17604)
UDF1 posts blind: 10
The_1__Gamblers posts blind: 20
UDF1 received [9c 9s]
The_1__Gamblers received [Kd 2h]
UDF1 raises to 3368
The_1__Gamblers calls
Flop [8h Qs Ac], UDF1 (3368), The_1__Gamblers (3368)
The_1__Gamblers bids 0
UDF1 bids 900
UDF1 won the auction and was revealed [Kd]
Flop [8h Qs Ac], UDF1 (3368), The_1__Gamblers (3368)
The_1__Gamblers bets 1632
UDF1 calls
Turn [8h Qs Ac 5s], UDF1 (5000), The_1__Gamblers (5000)
The_1__Gamblers checks
UDF1 checks
River [8h Qs Ac 5s 4c], UDF1 (5000), The_1__Gamblers (5000)
The_1__Gamblers checks
UDF1 checks
UDF1 shows [9c 9s]
The_1__Gamblers shows [Kd 2h]
UDF1 awarded 5000
The_1__Gamblers awarded -5000

Round #485, The_1__Gamblers (12604), UDF1 (-12604)
The_1__Gamblers posts blind: 10
UDF1 posts blind: 20
The_1__Gamblers received [3d 5d]
UDF1 received [Jd 4s]
The_1__Gamblers calls
UDF1 checks
Flop [9d 7h 6s], The_1__Gamblers (20), UDF1 (20)
UDF1 bids 155
The_1__Gamblers bids 0
UDF1 won the auction and was revealed [5d]
Flop [9d 7h 6s], The_1__Gamblers (20), UDF1 (20)
UDF1 bets 2630
The_1__Gamblers folds
The_1__Gamblers awarded -20
UDF1 awarded 20

Round #486, UDF1 (-12584), The_1__Gamblers (12584)
UDF1 posts blind: 10
The_1__Gamblers posts blind: 20
UDF1 received [2c 5h]
The_1__Gamblers received [Tc 9c]
UDF1 calls
The_1__Gamblers checks
Flop [7d 8d 7c], UDF1 (20), The_1__Gamblers (20)
The_1__Gamblers bids 0
UDF1 bids 161
UDF1 won the auction and was revealed [Tc]
Flop [7d 8d 7c], UDF1 (20), The_1__Gamblers (20)
The_1__Gamblers checks
UDF1 bets 1735
The_1__Gamblers folds
UDF1 awarded 20
The_1__Gamblers awarded -20

Round #487, The_1__Gamblers (12564), UDF1 (-12564)
The_1__Gamblers posts blind: 10
UDF1 posts blind: 20
The_1__Gamblers received [Jd 2h]
UDF1 received [7c 8s]
The_1__Gamblers calls
UDF1 checks
Flop [3h Qh 9h], The_1__Gamblers (20), UDF1 (20)
UDF1 bids 158
The_1__Gamblers bids 0
UDF1 won the auction and was revealed [2h]
Flop [3h Qh 9h], The_1__Gamblers (20), UDF1 (20)
UDF1 bets 2118
The_1__Gamblers folds
The_1__Gamblers awarded -20
UDF1 awarded 20

Round #488, UDF1 (-12544), The_1__Gamblers (12544)
UDF1 posts blind: 10
The_1__Gamblers posts blind: 20
UDF1 received [8d Jc]
The_1__Gamblers received [Jd 7c]
UDF1 calls
The_1__Gamblers checks
Flop [4c 3d Jh], UDF1 (20), The_1__Gamblers (20)
The_1__Gamblers bids 0
UDF1 bids 167
UDF1 won the auction and was revealed [Jd]
Flop [4c 3d Jh], UDF1 (20), The_1__Gamblers (20)
The_1__Gamblers bets 24
UDF1 calls
Turn [4c 3d Jh 4s], UDF1 (44), The_1__Gamblers (44)
The_1__Gamblers bets 52
UDF1 calls
River [4c 3d Jh 4s Th], UDF1 (96), The_1__Gamblers (96)
The_1__Gamblers bets 115
UDF1 folds
UDF1 awarded -96
The_1__Gamblers awarded 96

Round #489, The_1__Gamblers (12640), UDF1 (-12640)
The_1__Gamblers posts blind: 10
UDF1 posts blind: 20
The_1__Gamblers received [Ks Qc]
UDF1 received [2h 9d]
The_1__Gamblers calls
UDF1 checks
Flop [3h Jd 8h], The_1__Gamblers (20), UDF1 (20)
UDF1 bids 158
The_1__Gamblers bids 0
UDF1 won the auction and was revealed [Ks]
Flop [3h Jd 8h], The_1__Gamblers (20), UDF1 (20)
UDF1 bets 2301
The_1__Gamblers folds
The_1__Gamblers awarded -20
UDF1 awarded 20

Round #490, UDF1 (-12620), The_1__Gamblers (12620)
UDF1 posts blind: 10
The_1__Gamblers posts blind: 20
UDF1 received [2c Ac]
The_1__Gamblers received [Ts 6s]
UDF1 calls
The_1__Gamblers checks
Flop [6d Kh Th], UDF1 (20), The_1__Gamblers (20)
The_1__Gamblers bids 0
UDF1 bids 162
UDF1 won the auction and was revealed [Ts]
Flop [6d Kh Th], UDF1 (20), The_1__Gamblers (20)
The_1__Gamblers bets 24
UDF1 folds
UDF1 awarded -20
The_1__Gamblers awarded 20

Round #491, The_1__Gamblers (12640), UDF1 (-12640)
The_1__Gamblers posts blind: 10
UDF1 posts blind: 20
The_1__Gamblers received [9c 3d]
UDF1 received [7h Ts]
The_1__Gamblers calls
UDF1 raises to 368
The_1__Gamblers calls
Flop [2h Jd Qs], The_1__Gamblers (368), UDF1 (368)
UDF1 bids 239
The_1__Gamblers bids 0
UDF1 won the auction and was revealed [3d]
Flop [2h Jd Qs], The_1__Gamblers (368), UDF1 (368)
UDF1 bets 2472
The_1__Gamblers folds
The_1__Gamblers awarded -368
UDF1 awarded 368

Round #492, UDF1 (-12272), The_1__Gamblers (12272)
UDF1 posts blind: 10
The_1__Gamblers posts blind: 20
UDF1 received [6c 6s]
The_1__Gamblers received [Tc Qc]
UDF1 calls
The_1__Gamblers checks
Flop [4h Jc 5h], UDF1 (20), The_1__Gamblers (20)
The_1__Gamblers bids 0
UDF1 bids 166
UDF1 won the auction and was revealed [Qc]
Flop [4h Jc 5h], UDF1 (20), The_1__Gamblers (20)
The_1__Gamblers checks
UDF1 bets 3263
The_1__Gamblers folds
UDF1 awarded 20
The_1__Gamblers awarded -20

Round #493, The_1__Gamblers (12252), UDF1 (-12252)
The_1__Gamblers posts blind: 10
UDF1 posts blind: 20
The_1__Gamblers received [8c Qh]
UDF1 received [9d Qc]
The_1__Gamblers calls
UDF1 checks
Flop [Th Qs Kc], The_1__Gamblers (20), UDF1 (20)
UDF1 bids 167
The_1__Gamblers bids 0
UDF1 won the auction and was revealed [Qh]
Flop [Th Qs Kc], The_1__Gamblers (20), UDF1 (20)
UDF1 bets 2580
The_1__Gamblers raises to 4980
UDF1 calls
Turn [Th Qs Kc Qd], The_1__Gamblers (5000), UDF1 (5000)
UDF1 checks
The_1__Gamblers checks
River [Th Qs Kc Qd Kh], The_1__Gamblers (5000), UDF1 (5000)
UDF1 checks
The_1__Gamblers checks
The_1__Gamblers shows [8c Qh]
UDF1 shows [9d Qc]
The_1__Gamblers awarded 0
UDF1 awarded 0

Round #494, UDF1 (-12252), The_1__Gamblers (12252)
UDF1 posts blind: 10
The_1__Gamblers posts blind: 20
UDF1 received [Th 5h]
The_1__Gamblers received [Kh 8c]
UDF1 raises to 414
The_1__Gamblers calls
Flop [Qs 3h 7d], UDF1 (414), The_1__Gamblers (414)
The_1__Gamblers bids 0
UDF1 bids 249
UDF1 won the auction and was revealed [Kh]
Flop [Qs 3h 7d], UDF1 (414), The_1__Gamblers (414)
The_1__Gamblers checks
UDF1 bets 2370
The_1__Gamblers folds
UDF1 awarded 414
The_1__Gamblers awarded -414

Round #495, The_1__Gamblers (11838), UDF1 (-11838)
The_1__Gamblers posts blind: 10
UDF1 posts blind: 20
The_1__Gamblers received [7d 6s]
UDF1 received [5s Th]
The_1__Gamblers calls
UDF1 checks
Flop [Qc Jh 3c], The_1__Gamblers (20), UDF1 (20)
UDF1 bids 159
The_1__Gamblers bids 0
UDF1 won the auction and was revealed [7d]
Flop [Qc Jh 3c], The_1__Gamblers (20), UDF1 (20)
UDF1 bets 3096
The_1__Gamblers folds
The_1__Gamblers awarded -20
UDF1 awarded 20

Round #496, UDF1 (-11818), The_1__Gamblers (11818)
UDF1 posts blind: 10
The_1__Gamblers posts blind: 20
UDF1 received [2c As]
The_1__Gamblers received [3s Qh]
UDF1 calls
The_1__Gamblers checks
Flop [Qc Tc 8s], UDF1 (20), The_1__Gamblers (20)
The_1__Gamblers bids 0
UDF1 bids 161
UDF1 won the auction and was revealed [Qh]
Flop [Qc Tc 8s], UDF1 (20), The_1__Gamblers (20)
The_1__Gamblers bets 24
UDF1 folds
UDF1 awarded -20
The_1__Gamblers awarded 20

Round #497, The_1__Gamblers (11838), UDF1 (-11838)
The_1__Gamblers posts blind: 10
UDF1 posts blind: 20
The_1__Gamblers received [9s Th]
UDF1 received [Ac 5c]
The_1__Gamblers calls
UDF1 checks
Flop [Qh 7h Qc], The_1__Gamblers (20), UDF1 (20)
UDF1 bids 157
The_1__Gamblers bids 0
UDF1 won the auction and was revealed [Th]
Flop [Qh 7h Qc], The_1__Gamblers (20), UDF1 (20)
UDF1 bets 3004
The_1__Gamblers folds
The_1__Gamblers awarded -20
UDF1 awarded 20

Round #498, UDF1 (-11818), The_1__Gamblers (11818)
UDF1 posts blind: 10
The_1__Gamblers posts blind: 20
UDF1 received [Qc 4c]
The_1__Gamblers received [8h 8s]
UDF1 raises to 748
The_1__Gamblers calls
Flop [6s Ad 4s], UDF1 (748), The_1__Gamblers (748)
The_1__Gamblers bids 0
UDF1 bids 328
UDF1 won the auction and was revealed [8s]
Flop [6s Ad 4s], UDF1 (748), The_1__Gamblers (748)
The_1__Gamblers bets 897
UDF1 calls
Turn [6s Ad 4s 2c], UDF1 (1645), The_1__Gamblers (1645)
The_1__Gamblers bets 1974
UDF1 raises to 3355
The_1__Gamblers calls
River [6s Ad 4s 2c 6h], UDF1 (5000), The_1__Gamblers (5000)
The_1__Gamblers checks
UDF1 checks
UDF1 shows [Qc 4c]
The_1__Gamblers shows [8h 8s]
UDF1 awarded -5000
The_1__Gamblers awarded 5000

Round #499, The_1__Gamblers (16818), UDF1 (-16818)
The_1__Gamblers posts blind: 10
UDF1 posts blind: 20
The_1__Gamblers received [8s 9s]
UDF1 received [2c 7d]
The_1__Gamblers calls
UDF1 checks
Flop [Js 5d Qs], The_1__Gamblers (20), UDF1 (20)
UDF1 bids 159
The_1__Gamblers bids 0
UDF1 won the auction and was revealed [8s]
Flop [Js 5d Qs], The_1__Gamblers (20), UDF1 (20)
UDF1 bets 2591
The_1__Gamblers folds
The_1__Gamblers awarded -20
UDF1 awarded 20

Round #500, UDF1 (-16798), The_1__Gamblers (16798)
UDF1 posts blind: 10
The_1__Gamblers posts blind: 20
UDF1 received [As Kd]
The_1__Gamblers received [Kc 2h]
UDF1 raises to 4648
The_1__Gamblers calls
Flop [Kh 6s 8h], UDF1 (4648), The_1__Gamblers (4648)
The_1__Gamblers bids 0
UDF1 bids 352
UDF1 won the auction and was revealed [Kc]
Flop [Kh 6s 8h], UDF1 (4648), The_1__Gamblers (4648)
The_1__Gamblers bets 352
UDF1 calls
Turn [Kh 6s 8h 8d], UDF1 (5000), The_1__Gamblers (5000)
The_1__Gamblers checks
UDF1 checks
River [Kh 6s 8h 8d 5d], UDF1 (5000), The_1__Gamblers (5000)
The_1__Gamblers checks
UDF1 checks
UDF1 shows [As Kd]
The_1__Gamblers shows [Kc 2h]
UDF1 awarded 5000
The_1__Gamblers awarded -5000

Round #501, The_1__Gamblers (11798), UDF1 (-11798)
The_1__Gamblers posts blind: 10
UDF1 posts blind: 20
The_1__Gamblers received [9d 8d]
UDF1 received [Kc 4c]
The_1__Gamblers calls
UDF1 checks
Flop [6s Ad 7d], The_1__Gamblers (20), UDF1 (20)
UDF1 bids 161
The_1__Gamblers bids 0
UDF1 won the auction and was revealed [9d]
Flop [6s Ad 7d], The_1__Gamblers (20), UDF1 (20)
UDF1 bets 2891
The_1__Gamblers folds
The_1__Gamblers awarded -20
UDF1 awarded 20

Round #502, UDF1 (-11778), The_1__Gamblers (11778)
UDF1 posts blind: 10
The_1__Gamblers posts blind: 20
UDF1 received [8s 8c]
The_1__Gamblers received [Th 9c]
UDF1 raises to 3859
The_1__Gamblers calls
Flop [Qd 6h Qh], UDF1 (3859), The_1__Gamblers (3859)
The_1__Gamblers bids 0
UDF1 bids 1027
UDF1 won the auction and was revealed [9c]
Flop [Qd 6h Qh], UDF1 (3859), The_1__Gamblers (3859)
The_1__Gamblers checks
UDF1 bets 697
The_1__Gamblers raises to 1141
UDF1 calls
Turn [Qd 6h Qh 7s], UDF1 (5000), The_1__Gamblers (5000)
The_1__Gamblers checks
UDF1 checks
River [Qd 6h Qh 7s 4s], UDF1 (5000), The_1__Gamblers (5000)
The_1__Gamblers checks
UDF1 checks
UDF1 shows [8s 8c]
The_1__Gamblers shows [Th 9c]
UDF1 awarded 5000
The_1__Gamblers awarded -5000

Round #503, The_1__Gamblers (6778), UDF1 (-6778)
The_1__Gamblers posts blind: 10
UDF1 posts blind: 20
The_1__Gamblers received [Kc 6s]
UDF1 received [Ks 4c]
The_1__Gamblers calls
UDF1 checks
Flop [6h 6d Ad], The_1__Gamblers (20), UDF1 (20)
UDF1 bids 165
The_1__Gamblers bids 0
UDF1 won the auction and was revealed [6s]
Flop [6h 6d Ad], The_1__Gamblers (20), UDF1 (20)
UDF1 bets 1985
The_1__Gamblers raises to 3970
UDF1 folds
The_1__Gamblers awarded 2005
UDF1 awarded -2005

Round #504, UDF1 (-8783), The_1__Gamblers (8783)
UDF1 posts blind: 10
The_1__Gamblers posts blind: 20
UDF1 received [Tc 8c]
The_1__Gamblers received [6h 8d]
UDF1 folds
UDF1 awarded -10
The_1__Gamblers awarded 10

Round #505, The_1__Gamblers (8793), UDF1 (-8793)
The_1__Gamblers posts blind: 10
UDF1 posts blind: 20
The_1__Gamblers received [Qs 3h]
UDF1 received [5d 9h]
The_1__Gamblers calls
UDF1 checks
Flop [Qh 4d Qd], The_1__Gamblers (20), UDF1 (20)
UDF1 bids 157
The_1__Gamblers bids 0
UDF1 won the auction and was revealed [3h]
Flop [Qh 4d Qd], The_1__Gamblers (20), UDF1 (20)
UDF1 bets 2544
The_1__Gamblers raises to 4980
UDF1 calls
Turn [Qh 4d Qd Jd], The_1__Gamblers (5000), UDF1 (5000)
UDF1 checks
The_1__Gamblers checks
River [Qh 4d Qd Jd 3c], The_1__Gamblers (5000), UDF1 (5000)
UDF1 checks
The_1__Gamblers checks
The_1__Gamblers shows [Qs 3h]
UDF1 shows [5d 9h]
The_1__Gamblers awarded 5000
UDF1 awarded -5000

Round #506, UDF1 (-13793), The_1__Gamblers (13793)
UDF1 posts blind: 10
The_1__Gamblers posts blind: 20
UDF1 received [3d 5s]
The_1__Gamblers received [Js 5c]
UDF1 folds
UDF1 awarded -10
The_1__Gamblers awarded 10

Round #507, The_1__Gamblers (13803), UDF1 (-13803)
The_1__Gamblers posts blind: 10
UDF1 posts blind: 20
The_1__Gamblers received [4s 3c]
UDF1 received [5c Ah]
The_1__Gamblers calls
UDF1 checks
Flop [8h Th 8d], The_1__Gamblers (20), UDF1 (20)
UDF1 bids 165
The_1__Gamblers bids 0
UDF1 won the auction and was revealed [3c]
Flop [8h Th 8d], The_1__Gamblers (20), UDF1 (20)
UDF1 bets 2929
The_1__Gamblers folds
The_1__Gamblers awarded -20
UDF1 awarded 20

Round #508, UDF1 (-13783), The_1__Gamblers (13783)
UDF1 posts blind: 10
The_1__Gamblers posts blind: 20
UDF1 received [5c Qd]
The_1__Gamblers received [Ks Qc]
UDF1 calls
The_1__Gamblers checks
Flop [7c Ah Ts], UDF1 (20), The_1__Gamblers (20)
The_1__Gamblers bids 0
UDF1 bids 164
UDF1 won the auction and was revealed [Ks]
Flop [7c Ah Ts], UDF1 (20), The_1__Gamblers (20)
The_1__Gamblers bets 24
UDF1 folds
UDF1 awarded -20
The_1__Gamblers awarded 20

Round #509, The_1__Gamblers (13803), UDF1 (-13803)
The_1__Gamblers posts blind: 10
UDF1 posts blind: 20
The_1__Gamblers received [Qd 9h]
UDF1 received [3d 5h]
The_1__Gamblers calls
UDF1 checks
Flop [6h Kh 3c], The_1__Gamblers (20), UDF1 (20)
UDF1 bids 162
The_1__Gamblers bids 0
UDF1 won the auction and was revealed [Qd]
Flop [6h Kh 3c], The_1__Gamblers (20), UDF1 (20)
UDF1 bets 2879
The_1__Gamblers folds
The_1__Gamblers awarded -20
UDF1 awarded 20

Round #510, UDF1 (-13783), The_1__Gamblers (13783)
UDF1 posts blind: 10
The_1__Gamblers posts blind: 20
UDF1 received [3h 7h]
The_1__Gamblers received [Js 7d]
UDF1 folds
UDF1 awarded -10
The_1__Gamblers awarded 10

Round #511, The_1__Gamblers (13793), UDF1 (-13793)
The_1__Gamblers posts blind: 10
UDF1 posts blind: 20
The_1__Gamblers received [Kh 5h]
UDF1 received [Tc Td]
The_1__Gamblers calls
UDF1 raises to 3524
The_1__Gamblers calls
Flop [Jd 4s 9h], The_1__Gamblers (3524), UDF1 (3524)
UDF1 bids 0
The_1__Gamblers bids 0
The_1__Gamblers won the auction and was revealed [Td]
UDF1 won the auction and was revealed [Kh]
Flop [Jd 4s 9h], The_1__Gamblers (3524), UDF1 (3524)
UDF1 bets 951
The_1__Gamblers raises to 1476
UDF1 calls
Turn [Jd 4s 9h 5d], The_1__Gamblers (5000), UDF1 (5000)
UDF1 checks
The_1__Gamblers checks
River [Jd 4s 9h 5d Th], The_1__Gamblers (5000), UDF1 (5000)
UDF1 checks
The_1__Gamblers checks
The_1__Gamblers shows [Kh 5h]
UDF1 shows [Tc Td]
The_1__Gamblers awarded -5000
UDF1 awarded 5000

Round #512, UDF1 (-8793), The_1__Gamblers (8793)
UDF1 posts blind: 10
The_1__Gamblers posts blind: 20
UDF1 received [Ts Kh]
The_1__Gamblers received [Qc Jh]
UDF1 folds
UDF1 awarded -10
The_1__Gamblers awarded 10

Round #513, The_1__Gamblers (8803), UDF1 (-8803)
The_1__Gamblers posts blind: 10
UDF1 posts blind: 20
The_1__Gamblers received [Ts Th]
UDF1 received [3h 3d]
The_1__Gamblers calls
UDF1 raises to 1743
The_1__Gamblers calls
Flop [2s 4d Qd], The_1__Gamblers (1743), UDF1 (1743)
UDF1 bids 0
The_1__Gamblers bids 0
The_1__Gamblers won the auction and was revealed [3d]
UDF1 won the auction and was revealed [Th]
Flop [2s 4d Qd], The_1__Gamblers (1743), UDF1 (1743)
UDF1 bets 1931
The_1__Gamblers raises to 3257
UDF1 calls
Turn [2s 4d Qd 9h], The_1__Gamblers (5000), UDF1 (5000)
UDF1 checks
The_1__Gamblers checks
River [2s 4d Qd 9h 7s], The_1__Gamblers (5000), UDF1 (5000)
UDF1 checks
The_1__Gamblers checks
The_1__Gamblers shows [Ts Th]
UDF1 shows [3h 3d]
The_1__Gamblers awarded 5000
UDF1 awarded -5000

Round #514, UDF1 (-13803), The_1__Gamblers (13803)
UDF1 posts blind: 10
The_1__Gamblers posts blind: 20
UDF1 received [Js 9s]
The_1__Gamblers received [Qh 3d]
UDF1 folds
UDF1 awarded -10
The_1__Gamblers awarded 10

Round #515, The_1__Gamblers (13813), UDF1 (-13813)
The_1__Gamblers posts blind: 10
UDF1 posts blind: 20
The_1__Gamblers received [4s Kh]
UDF1 received [Js 8d]
The_1__Gamblers calls
UDF1 checks
Flop [4h 2h 3h], The_1__Gamblers (20), UDF1 (20)
UDF1 bids 156
The_1__Gamblers bids 0
UDF1 won the auction and was revealed [Kh]
Flop [4h 2h 3h], The_1__Gamblers (20), UDF1 (20)
UDF1 bets 1697
The_1__Gamblers raises to 3394
UDF1 folds
The_1__Gamblers awarded 1717
UDF1 awarded -1717

Round #516, UDF1 (-15530), The_1__Gamblers (15530)
UDF1 posts blind: 10
The_1__Gamblers posts blind: 20
UDF1 received [4c Kh]
The_1__Gamblers received [8s 4h]
UDF1 raises to 709
The_1__Gamblers calls
Flop [7s Qh Tc], UDF1 (709), The_1__Gamblers (709)
The_1__Gamblers bids 0
UDF1 bids 320
UDF1 won the auction and was revealed [4h]
Flop [7s Qh Tc], UDF1 (709), The_1__Gamblers (709)
The_1__Gamblers checks
UDF1 bets 2522
The_1__Gamblers folds
UDF1 awarded 709
The_1__Gamblers awarded -709

Round #517, The_1__Gamblers (14821), UDF1 (-14821)
The_1__Gamblers posts blind: 10
UDF1 posts blind: 20
The_1__Gamblers received [3c 2c]
UDF1 received [9c Jc]
The_1__Gamblers calls
UDF1 raises to 690
The_1__Gamblers calls
Flop [Qc 7c As], The_1__Gamblers (690), UDF1 (690)
UDF1 bids 316
The_1__Gamblers bids 0
UDF1 won the auction and was revealed [2c]
Flop [Qc 7c As], The_1__Gamblers (690), UDF1 (690)
UDF1 bets 2576
The_1__Gamblers folds
The_1__Gamblers awarded -690
UDF1 awarded 690

Round #518, UDF1 (-14131), The_1__Gamblers (14131)
UDF1 posts blind: 10
The_1__Gamblers posts blind: 20
UDF1 received [Qd 5h]
The_1__Gamblers received [Qs Tc]
UDF1 calls
The_1__Gamblers checks
Flop [Js 2h 3s], UDF1 (20), The_1__Gamblers (20)
The_1__Gamblers bids 0
UDF1 bids 165
UDF1 won the auction and was revealed [Qs]
Flop [Js 2h 3s], UDF1 (20), The_1__Gamblers (20)
The_1__Gamblers checks
UDF1 bets 2566
The_1__Gamblers folds
UDF1 awarded 20
The_1__Gamblers awarded -20

Round #519, The_1__Gamblers (14111), UDF1 (-14111)
The_1__Gamblers posts blind: 10
UDF1 posts blind: 20
The_1__Gamblers received [8d 4d]
UDF1 received [3h Th]
The_1__Gamblers calls
UDF1 raises to 337
The_1__Gamblers calls
Flop [Ac 5c 9c], The_1__Gamblers (337), UDF1 (337)
UDF1 bids 229
The_1__Gamblers bids 0
UDF1 won the auction and was revealed [4d]
Flop [Ac 5c 9c], The_1__Gamblers (337), UDF1 (337)
UDF1 bets 2159
The_1__Gamblers folds
The_1__Gamblers awarded -337
UDF1 awarded 337

Round #520, UDF1 (-13774), The_1__Gamblers (13774)
UDF1 posts blind: 10
The_1__Gamblers posts blind: 20
UDF1 received [Qs 6h]
The_1__Gamblers received [3c Ad]
UDF1 raises to 726
The_1__Gamblers calls
Flop [Jh 5d 4d], UDF1 (726), The_1__Gamblers (726)
The_1__Gamblers bids 0
UDF1 bids 326
UDF1 won the auction and was revealed [3c]
Flop [Jh 5d 4d], UDF1 (726), The_1__Gamblers (726)
The_1__Gamblers bets 871
UDF1 calls
Turn [Jh 5d 4d 7d], UDF1 (1597), The_1__Gamblers (1597)
The_1__Gamblers checks
UDF1 bets 1598
The_1__Gamblers folds
UDF1 awarded 1597
The_1__Gamblers awarded -1597

Round #521, The_1__Gamblers (12177), UDF1 (-12177)
The_1__Gamblers posts blind: 10
UDF1 posts blind: 20
The_1__Gamblers received [6h 7h]
UDF1 received [2h 9c]
The_1__Gamblers calls
UDF1 checks
Flop [Ts 6c 4c], The_1__Gamblers (20), UDF1 (20)
UDF1 bids 156
The_1__Gamblers bids 0
UDF1 won the auction and was revealed [6h]
Flop [Ts 6c 4c], The_1__Gamblers (20), UDF1 (20)
UDF1 bets 2482
The_1__Gamblers raises to 4964
UDF1 folds
The_1__Gamblers awarded 2502
UDF1 awarded -2502

Round #522, UDF1 (-14679), The_1__Gamblers (14679)
UDF1 posts blind: 10
The_1__Gamblers posts blind: 20
UDF1 received [8s Ad]
The_1__Gamblers received [Ac 5c]
UDF1 calls
The_1__Gamblers checks
Flop [5s Jh Qd], UDF1 (20), The_1__Gamblers (20)
The_1__Gamblers bids 0
UDF1 bids 168
UDF1 won the auction and was revealed [5c]
Flop [5s Jh Qd], UDF1 (20), The_1__Gamblers (20)
The_1__Gamblers bets 24
UDF1 folds
UDF1 awarded -20
The_1__Gamblers awarded 20

Round #523, The_1__Gamblers (14699), UDF1 (-14699)
The_1__Gamblers posts blind: 10
UDF1 posts blind: 20
The_1__Gamblers received [Qs Jd]
UDF1 received [Td 6s]
The_1__Gamblers calls
UDF1 checks
Flop [Tc Ks 2s], The_1__Gamblers (20), UDF1 (20)
UDF1 bids 166
The_1__Gamblers bids 0
UDF1 won the auction and was revealed [Qs]
Flop [Tc Ks 2s], The_1__Gamblers (20), UDF1 (20)
UDF1 bets 2765
The_1__Gamblers folds
The_1__Gamblers awarded -20
UDF1 awarded 20

Round #524, UDF1 (-14679), The_1__Gamblers (14679)
UDF1 posts blind: 10
The_1__Gamblers posts blind: 20
UDF1 received [Jd 3s]
The_1__Gamblers received [Th As]
UDF1 calls
The_1__Gamblers checks
Flop [Kh 6h Qc], UDF1 (20), The_1__Gamblers (20)
The_1__Gamblers bids 0
UDF1 bids 159
UDF1 won the auction and was revealed [As]
Flop [Kh 6h Qc], UDF1 (20), The_1__Gamblers (20)
The_1__Gamblers bets 24
UDF1 folds
UDF1 awarded -20
The_1__Gamblers awarded 20

Round #525, The_1__Gamblers (14699), UDF1 (-14699)
The_1__Gamblers posts blind: 10
UDF1 posts blind: 20
The_1__Gamblers received [7c 7s]
UDF1 received [Qs 5s]
The_1__Gamblers calls
UDF1 checks
Flop [4d 7h 9h], The_1__Gamblers (20), UDF1 (20)
UDF1 bids 0
The_1__Gamblers bids 0
The_1__Gamblers won the auction and was revealed [5s]
UDF1 won the auction and was revealed [7s]
Flop [4d 7h 9h], The_1__Gamblers (20), UDF1 (20)
UDF1 bets 2477
The_1__Gamblers raises to 4954
UDF1 folds
The_1__Gamblers awarded 2497
UDF1 awarded -2497

Round #526, UDF1 (-17196), The_1__Gamblers (17196)
UDF1 posts blind: 10
The_1__Gamblers posts blind: 20
UDF1 received [Td 6s]
The_1__Gamblers received [2d Jc]
UDF1 raises to 470
The_1__Gamblers calls
Flop [7c Ac Qd], UDF1 (470), The_1__Gamblers (470)
The_1__Gamblers bids 0
UDF1 bids 255
UDF1 won the auction and was revealed [Jc]
Flop [7c Ac Qd], UDF1 (470), The_1__Gamblers (470)
The_1__Gamblers checks
UDF1 bets 1930
The_1__Gamblers folds
UDF1 awarded 470
The_1__Gamblers awarded -470

Round #527, The_1__Gamblers (16726), UDF1 (-16726)
The_1__Gamblers posts blind: 10
UDF1 posts blind: 20
The_1__Gamblers received [Th 5c]
UDF1 received [2h 4c]
The_1__Gamblers calls
UDF1 checks
Flop [5s 3d 6h], The_1__Gamblers (20), UDF1 (20)
UDF1 bids 157
The_1__Gamblers bids 0
UDF1 won the auction and was revealed [5c]
Flop [5s 3d 6h], The_1__Gamblers (20), UDF1 (20)
UDF1 bets 3525
The_1__Gamblers raises to 4980
UDF1 calls
Turn [5s 3d 6h Js], The_1__Gamblers (5000), UDF1 (5000)
UDF1 checks
The_1__Gamblers checks
River [5s 3d 6h Js 4d], The_1__Gamblers (5000), UDF1 (5000)
UDF1 checks
The_1__Gamblers checks
The_1__Gamblers shows [Th 5c]
UDF1 shows [2h 4c]
The_1__Gamblers awarded -5000
UDF1 awarded 5000

Round #528, UDF1 (-11726), The_1__Gamblers (11726)
UDF1 posts blind: 10
The_1__Gamblers posts blind: 20
UDF1 received [5c Js]
The_1__Gamblers received [5s 7s]
UDF1 folds
UDF1 awarded -10
The_1__Gamblers awarded 10

Round #529, The_1__Gamblers (11736), UDF1 (-11736)
The_1__Gamblers posts blind: 10
UDF1 posts blind: 20
The_1__Gamblers received [7s Ks]
UDF1 received [8s 6c]
The_1__Gamblers calls
UDF1 checks
Flop [Th Qs 9d], The_1__Gamblers (20), UDF1 (20)
UDF1 bids 155
The_1__Gamblers bids 0
UDF1 won the auction and was revealed [Ks]
Flop [Th Qs 9d], The_1__Gamblers (20), UDF1 (20)
UDF1 bets 2007
The_1__Gamblers folds
The_1__Gamblers awarded -20
UDF1 awarded 20

Round #530, UDF1 (-11716), The_1__Gamblers (11716)
UDF1 posts blind: 10
The_1__Gamblers posts blind: 20
UDF1 received [4c 6s]
The_1__Gamblers received [3s 3d]
UDF1 calls
The_1__Gamblers checks
Flop [Qs 3h 5h], UDF1 (20), The_1__Gamblers (20)
The_1__Gamblers bids 0
UDF1 bids 0
UDF1 won the auction and was revealed [3s]
The_1__Gamblers won the auction and was revealed [6s]
Flop [Qs 3h 5h], UDF1 (20), The_1__Gamblers (20)
The_1__Gamblers bets 24
UDF1 calls
Turn [Qs 3h 5h Ad], UDF1 (44), The_1__Gamblers (44)
The_1__Gamblers bets 52
UDF1 calls
River [Qs 3h 5h Ad Ac], UDF1 (96), The_1__Gamblers (96)
The_1__Gamblers bets 115
UDF1 folds
UDF1 awarded -96
The_1__Gamblers awarded 96

Round #531, The_1__Gamblers (11812), UDF1 (-11812)
The_1__Gamblers posts blind: 10
UDF1 posts blind: 20
The_1__Gamblers received [5h 3h]
UDF1 received [3d 4h]
The_1__Gamblers calls
UDF1 raises to 411
The_1__Gamblers calls
Flop [7d As Td], The_1__Gamblers (411), UDF1 (411)
UDF1 bids 240
The_1__Gamblers bids 0
UDF1 won the auction and was revealed [5h]
Flop [7d As Td], The_1__Gamblers (411), UDF1 (411)
UDF1 bets 2326
The_1__Gamblers folds
The_1__Gamblers awarded -411
UDF1 awarded 411

Round #532, UDF1 (-11401), The_1__Gamblers (11401)
UDF1 posts blind: 10
The_1__Gamblers posts blind: 20
UDF1 received [7d Kh]
The_1__Gamblers received [5c 3c]
UDF1 raises to 466
The_1__Gamblers calls
Flop [8h 2c Kc], UDF1 (466), The_1__Gamblers (466)
The_1__Gamblers bids 0
UDF1 bids 259
UDF1 won the auction and was revealed [5c]
Flop [8h 2c Kc], UDF1 (466), The_1__Gamblers (466)
The_1__Gamblers checks
UDF1 bets 3132
The_1__Gamblers folds
UDF1 awarded 466
The_1__Gamblers awarded -466

Round #533, The_1__Gamblers (10935), UDF1 (-10935)
The_1__Gamblers posts blind: 10
UDF1 posts blind: 20
The_1__Gamblers received [7c Jd]
UDF1 received [Tc 6c]
The_1__Gamblers calls
UDF1 checks
Flop [Td 9s 7s], The_1__Gamblers (20), UDF1 (20)
UDF1 bids 162
The_1__Gamblers bids 0
UDF1 won the auction and was revealed [7c]
Flop [Td 9s 7s], The_1__Gamblers (20), UDF1 (20)
UDF1 bets 3037
The_1__Gamblers folds
The_1__Gamblers awarded -20
UDF1 awarded 20

Round #534, UDF1 (-10915), The_1__Gamblers (10915)
UDF1 posts blind: 10
The_1__Gamblers posts blind: 20
UDF1 received [4h 5c]
The_1__Gamblers received [Kh 8h]
UDF1 calls
The_1__Gamblers checks
Flop [6c 7h 3c], UDF1 (20), The_1__Gamblers (20)
The_1__Gamblers bids 0
UDF1 bids 164
UDF1 won the auction and was revealed [Kh]
Flop [6c 7h 3c], UDF1 (20), The_1__Gamblers (20)
The_1__Gamblers checks
UDF1 bets 3423
The_1__Gamblers folds
UDF1 awarded 20
The_1__Gamblers awarded -20

Round #535, The_1__Gamblers (10895), UDF1 (-10895)
The_1__Gamblers posts blind: 10
UDF1 posts blind: 20
The_1__Gamblers received [Qh 7c]
UDF1 received [Kh 9s]
The_1__Gamblers calls
UDF1 raises to 672
The_1__Gamblers calls
Flop [2d Ac Qd], The_1__Gamblers (672), UDF1 (672)
UDF1 bids 307
The_1__Gamblers bids 0
UDF1 won the auction and was revealed [7c]
Flop [2d Ac Qd], The_1__Gamblers (672), UDF1 (672)
UDF1 bets 2384
The_1__Gamblers raises to 4328
UDF1 calls
Turn [2d Ac Qd Tc], The_1__Gamblers (5000), UDF1 (5000)
UDF1 checks
The_1__Gamblers checks
River [2d Ac Qd Tc Ah], The_1__Gamblers (5000), UDF1 (5000)
UDF1 checks
The_1__Gamblers checks
The_1__Gamblers shows [Qh 7c]
UDF1 shows [Kh 9s]
The_1__Gamblers awarded 5000
UDF1 awarded -5000

Round #536, UDF1 (-15895), The_1__Gamblers (15895)
UDF1 posts blind: 10
The_1__Gamblers posts blind: 20
UDF1 received [9c Tc]
The_1__Gamblers received [5h 3c]
UDF1 raises to 1838
The_1__Gamblers calls
Flop [Kh 6c 2c], UDF1 (1838), The_1__Gamblers (1838)
The_1__Gamblers bids 0
UDF1 bids 623
UDF1 won the auction and was revealed [3c]
Flop [Kh 6c 2c], UDF1 (1838), The_1__Gamblers (1838)
The_1__Gamblers checks
UDF1 bets 2184
The_1__Gamblers folds
UDF1 awarded 1838
The_1__Gamblers awarded -1838

Round #537, The_1__Gamblers (14057), UDF1 (-14057)
The_1__Gamblers posts blind: 10
UDF1 posts blind: 20
The_1__Gamblers received [2d Ad]
UDF1 received [Jc Kh]
The_1__Gamblers calls
UDF1 raises to 1760
The_1__Gamblers calls
Flop [Qd 4h 4s], The_1__Gamblers (1760), UDF1 (1760)
UDF1 bids 598
The_1__Gamblers bids 0
UDF1 won the auction and was revealed [Ad]
Flop [Qd 4h 4s], The_1__Gamblers (1760), UDF1 (1760)
UDF1 bets 1292
The_1__Gamblers raises to 3240
UDF1 folds
The_1__Gamblers awarded 3052
UDF1 awarded -3052

Round #538, UDF1 (-17109), The_1__Gamblers (17109)
UDF1 posts blind: 10
The_1__Gamblers posts blind: 20
UDF1 received [Qd Ts]
The_1__Gamblers received [9d 8c]
UDF1 folds
UDF1 awarded -10
The_1__Gamblers awarded 10

Round #539, The_1__Gamblers (17119), UDF1 (-17119)
The_1__Gamblers posts blind: 10
UDF1 posts blind: 20
The_1__Gamblers received [2s 3c]
UDF1 received [2d 2h]
The_1__Gamblers calls
UDF1 checks
Flop [Jd 9h 5c], The_1__Gamblers (20), UDF1 (20)
UDF1 bids 154
The_1__Gamblers bids 0
UDF1 won the auction and was revealed [2s]
Flop [Jd 9h 5c], The_1__Gamblers (20), UDF1 (20)
UDF1 bets 2843
The_1__Gamblers folds
The_1__Gamblers awarded -20
UDF1 awarded 20

Round #540, UDF1 (-17099), The_1__Gamblers (17099)
UDF1 posts blind: 10
The_1__Gamblers posts blind: 20
UDF1 received [Ac Qc]
The_1__Gamblers received [8h Kd]
UDF1 raises to 4572
The_1__Gamblers calls
Flop [8s Th Kc], UDF1 (4572), The_1__Gamblers (4572)
The_1__Gamblers bids 0
UDF1 bids 428
UDF1 won the auction and was revealed [8h]
Flop [8s Th Kc], UDF1 (4572), The_1__Gamblers (4572)
The_1__Gamblers bets 428
UDF1 calls
Turn [8s Th Kc 8c], UDF1 (5000), The_1__Gamblers (5000)
The_1__Gamblers checks
UDF1 checks
River [8s Th Kc 8c Qs], UDF1 (5000), The_1__Gamblers (5000)
The_1__Gamblers checks
UDF1 checks
UDF1 shows [Ac Qc]
The_1__Gamblers shows [8h Kd]
UDF1 awarded -5000
The_1__Gamblers awarded 5000

Round #541, The_1__Gamblers (22099), UDF1 (-22099)
The_1__Gamblers posts blind: 10
UDF1 posts blind: 20
The_1__Gamblers received [Tc 6s]
UDF1 received [9s 7d]
The_1__Gamblers calls
UDF1 checks
Flop [As Ks 9d], The_1__Gamblers (20), UDF1 (20)
UDF1 bids 157
The_1__Gamblers bids 0
UDF1 won the auction and was revealed [6s]
Flop [As Ks 9d], The_1__Gamblers (20), UDF1 (20)
UDF1 bets 3040
The_1__Gamblers folds
The_1__Gamblers awarded -20
UDF1 awarded 20

Round #542, UDF1 (-22079), The_1__Gamblers (22079)
UDF1 posts blind: 10
The_1__Gamblers posts blind: 20
UDF1 received [5d 9c]
The_1__Gamblers received [Js 5s]
UDF1 folds
UDF1 awarded -10
The_1__Gamblers awarded 10

Round #543, The_1__Gamblers (22089), UDF1 (-22089)
The_1__Gamblers posts blind: 10
UDF1 posts blind: 20
The_1__Gamblers received [2c Qh]
UDF1 received [Jh 9h]
The_1__Gamblers calls
UDF1 checks
Flop [8d 9d 2d], The_1__Gamblers (20), UDF1 (20)
UDF1 bids 160
The_1__Gamblers bids 0
UDF1 won the auction and was revealed [2c]
Flop [8d 9d 2d], The_1__Gamblers (20), UDF1 (20)
UDF1 bets 2685
The_1__Gamblers folds
The_1__Gamblers awarded -20
UDF1 awarded 20

Round #544, UDF1 (-22069), The_1__Gamblers (22069)
UDF1 posts blind: 10
The_1__Gamblers posts blind: 20
UDF1 received [Ks 8d]
The_1__Gamblers received [7h 4s]
UDF1 calls
The_1__Gamblers checks
Flop [Ac Ah 2c], UDF1 (20), The_1__Gamblers (20)
The_1__Gamblers bids 0
UDF1 bids 165
UDF1 won the auction and was revealed [7h]
Flop [Ac Ah 2c], UDF1 (20), The_1__Gamblers (20)
The_1__Gamblers checks
UDF1 bets 2685
The_1__Gamblers folds
UDF1 awarded 20
The_1__Gamblers awarded -20

Round #545, The_1__Gamblers (22049), UDF1 (-22049)
The_1__Gamblers posts blind: 10
UDF1 posts blind: 20
The_1__Gamblers received [Qs Tc]
UDF1 received [6c Qd]
The_1__Gamblers calls
UDF1 checks
Flop [9h 5d 9c], The_1__Gamblers (20), UDF1 (20)
UDF1 bids 160
The_1__Gamblers bids 0
UDF1 won the auction and was revealed [Qs]
Flop [9h 5d 9c], The_1__Gamblers (20), UDF1 (20)
UDF1 bets 2243
The_1__Gamblers folds
The_1__Gamblers awarded -20
UDF1 awarded 20

Round #546, UDF1 (-22029), The_1__Gamblers (22029)
UDF1 posts blind: 10
The_1__Gamblers posts blind: 20
UDF1 received [8s Qd]
The_1__Gamblers received [Jd 9h]
UDF1 raises to 337
The_1__Gamblers calls
Flop [8c 4s Ts], UDF1 (337), The_1__Gamblers (337)
The_1__Gamblers bids 0
UDF1 bids 235
UDF1 won the auction and was revealed [Jd]
Flop [8c 4s Ts], UDF1 (337), The_1__Gamblers (337)
The_1__Gamblers checks
UDF1 bets 2881
The_1__Gamblers folds
UDF1 awarded 337
The_1__Gamblers awarded -337

Round #547, The_1__Gamblers (21692), UDF1 (-21692)
The_1__Gamblers posts blind: 10
UDF1 posts blind: 20
The_1__Gamblers received [Qh 4d]
UDF1 received [Ah 8d]
The_1__Gamblers calls
UDF1 checks
Flop [2h 9c 2s], The_1__Gamblers (20), UDF1 (20)
UDF1 bids 163
The_1__Gamblers bids 0
UDF1 won the auction and was revealed [Qh]
Flop [2h 9c 2s], The_1__Gamblers (20), UDF1 (20)
UDF1 bets 2998
The_1__Gamblers folds
The_1__Gamblers awarded -20
UDF1 awarded 20

Round #548, UDF1 (-21672), The_1__Gamblers (21672)
UDF1 posts blind: 10
The_1__Gamblers posts blind: 20
UDF1 received [Tc Ac]
The_1__Gamblers received [3h 7s]
UDF1 raises to 3618
The_1__Gamblers calls
Flop [8d Qd 8h], UDF1 (3618), The_1__Gamblers (3618)
The_1__Gamblers bids 0
UDF1 bids 972
UDF1 won the auction and was revealed [3h]
Flop [8d Qd 8h], UDF1 (3618), The_1__Gamblers (3618)
The_1__Gamblers checks
UDF1 bets 779
The_1__Gamblers folds
UDF1 awarded 3618
The_1__Gamblers awarded -3618

Round #549, The_1__Gamblers (18054), UDF1 (-18054)
The_1__Gamblers posts blind: 10
UDF1 posts blind: 20
The_1__Gamblers received [Js 5c]
UDF1 received [3d 4s]
The_1__Gamblers calls
UDF1 checks
Flop [2h 8c Qd], The_1__Gamblers (20), UDF1 (20)
UDF1 bids 162
The_1__Gamblers bids 0
UDF1 won the auction and was revealed [5c]
Flop [2h 8c Qd], The_1__Gamblers (20), UDF1 (20)
UDF1 bets 2456
The_1__Gamblers folds
The_1__Gamblers awarded -20
UDF1 awarded 20

Round #550, UDF1 (-18034), The_1__Gamblers (18034)
UDF1 posts blind: 10
The_1__Gamblers posts blind: 20
UDF1 received [Qc Ts]
The_1__Gamblers received [8c Qh]
UDF1 raises to 700
The_1__Gamblers calls
Flop [9h 3s 6c], UDF1 (700), The_1__Gamblers (700)
The_1__Gamblers bids 0
UDF1 bids 315
UDF1 won the auction and was revealed [Qh]
Flop [9h 3s 6c], UDF1 (700), The_1__Gamblers (700)
The_1__Gamblers checks
UDF1 bets 2384
The_1__Gamblers folds
UDF1 awarded 700
The_1__Gamblers awarded -700

Round #551, The_1__Gamblers (17334), UDF1 (-17334)
The_1__Gamblers posts blind: 10
UDF1 posts blind: 20
The_1__Gamblers received [Ad Ac]
UDF1 received [6h Tc]
The_1__Gamblers calls
UDF1 raises to 506
The_1__Gamblers calls
Flop [Kc 2s 9h], The_1__Gamblers (506), UDF1 (506)
UDF1 bids 273
The_1__Gamblers bids 0
UDF1 won the auction and was revealed [Ac]
Flop [Kc 2s 9h], The_1__Gamblers (506), UDF1 (506)
UDF1 bets 2040
The_1__Gamblers raises to 4080
UDF1 folds
The_1__Gamblers awarded 2546
UDF1 awarded -2546

Round #552, UDF1 (-19880), The_1__Gamblers (19880)
UDF1 posts blind: 10
The_1__Gamblers posts blind: 20
UDF1 received [Tc Ah]
The_1__Gamblers received [3h 3d]
UDF1 calls
The_1__Gamblers checks
Flop [Ks Ad Ts], UDF1 (20), The_1__Gamblers (20)
The_1__Gamblers bids 0
UDF1 bids 169
UDF1 won the auction and was revealed [3d]
Flop [Ks Ad Ts], UDF1 (20), The_1__Gamblers (20)
The_1__Gamblers bets 24
UDF1 raises to 3781
The_1__Gamblers folds
UDF1 awarded 44
The_1__Gamblers awarded -44

Round #553, The_1__Gamblers (19836), UDF1 (-19836)
The_1__Gamblers posts blind: 10
UDF1 posts blind: 20
The_1__Gamblers received [Jc Kh]
UDF1 received [Ts Ad]
The_1__Gamblers calls
UDF1 raises to 1969
The_1__Gamblers calls
Flop [Ks Js Qh], The_1__Gamblers (1969), UDF1 (1969)
UDF1 bids 646
The_1__Gamblers bids 0
UDF1 won the auction and was revealed [Jc]
Flop [Ks Js Qh], The_1__Gamblers (1969), UDF1 (1969)
UDF1 bets 2063
The_1__Gamblers raises to 3031
UDF1 calls
Turn [Ks Js Qh 2c], The_1__Gamblers (5000), UDF1 (5000)
UDF1 checks
The_1__Gamblers checks
River [Ks Js Qh 2c Jd], The_1__Gamblers (5000), UDF1 (5000)
UDF1 checks
The_1__Gamblers checks
The_1__Gamblers shows [Jc Kh]
UDF1 shows [Ts Ad]
The_1__Gamblers awarded 5000
UDF1 awarded -5000

Round #554, UDF1 (-24836), The_1__Gamblers (24836)
UDF1 posts blind: 10
The_1__Gamblers posts blind: 20
UDF1 received [4s Ac]
The_1__Gamblers received [6c Jc]
UDF1 folds
UDF1 awarded -10
The_1__Gamblers awarded 10

Round #555, The_1__Gamblers (24846), UDF1 (-24846)
The_1__Gamblers posts blind: 10
UDF1 posts blind: 20
The_1__Gamblers received [9s 6c]
UDF1 received [Kd 7h]
The_1__Gamblers calls
UDF1 raises to 557
The_1__Gamblers calls
Flop [Ac Tc 9h], The_1__Gamblers (557), UDF1 (557)
UDF1 bids 290
The_1__Gamblers bids 0
UDF1 won the auction and was revealed [9s]
Flop [Ac Tc 9h], The_1__Gamblers (557), UDF1 (557)
UDF1 bets 2102
The_1__Gamblers raises to 4204
UDF1 folds
The_1__Gamblers awarded 2659
UDF1 awarded -2659

Round #556, UDF1 (-27505), The_1__Gamblers (27505)
UDF1 posts blind: 10
The_1__Gamblers posts blind: 20
UDF1 received [2s 8h]
The_1__Gamblers received [Qc 7h]
UDF1 calls
The_1__Gamblers checks
Flop [5s 6s 9h], UDF1 (20), The_1__Gamblers (20)
The_1__Gamblers bids 0
UDF1 bids 161
UDF1 won the auction and was revealed [Qc]
Flop [5s 6s 9h], UDF1 (20), The_1__Gamblers (20)
The_1__Gamblers checks
UDF1 bets 2711
The_1__Gamblers folds
UDF1 awarded 20
The_1__Gamblers awarded -20

Round #557, The_1__Gamblers (27485), UDF1 (-27485)
The_1__Gamblers posts blind: 10
UDF1 posts blind: 20
The_1__Gamblers received [Ac 6c]
UDF1 received [Qd Qs]
The_1__Gamblers calls
UDF1 raises to 4446
The_1__Gamblers calls
Flop [4s Js Kd], The_1__Gamblers (4446), UDF1 (4446)
UDF1 bids 554
The_1__Gamblers bids 0
UDF1 won the auction and was revealed [6c]
Flop [4s Js Kd], The_1__Gamblers (4446), UDF1 (4446)
UDF1 bets 403
The_1__Gamblers raises to 554
UDF1 calls
Turn [4s Js Kd 5d], The_1__Gamblers (5000), UDF1 (5000)
UDF1 checks
The_1__Gamblers checks
River [4s Js Kd 5d Jc], The_1__Gamblers (5000), UDF1 (5000)
UDF1 checks
The_1__Gamblers checks
The_1__Gamblers shows [Ac 6c]
UDF1 shows [Qd Qs]
The_1__Gamblers awarded -5000
UDF1 awarded 5000

Round #558, UDF1 (-22485), The_1__Gamblers (22485)
UDF1 posts blind: 10
The_1__Gamblers posts blind: 20
UDF1 received [Js Ad]
The_1__Gamblers received [5h 9s]
UDF1 raises to 3758
The_1__Gamblers calls
Flop [3c Ts 3h], UDF1 (3758), The_1__Gamblers (3758)
The_1__Gamblers bids 0
UDF1 bids 1005
UDF1 won the auction and was revealed [9s]
Flop [3c Ts 3h], UDF1 (3758), The_1__Gamblers (3758)
The_1__Gamblers checks
UDF1 bets 678
The_1__Gamblers calls
Turn [3c Ts 3h 8d], UDF1 (4436), The_1__Gamblers (4436)
The_1__Gamblers checks
UDF1 bets 289
The_1__Gamblers calls
River [3c Ts 3h 8d 9c], UDF1 (4725), The_1__Gamblers (4725)
The_1__Gamblers checks
UDF1 bets 102
The_1__Gamblers raises to 275
UDF1 folds
UDF1 awarded -4827
The_1__Gamblers awarded 4827

Round #559, The_1__Gamblers (27312), UDF1 (-27312)
The_1__Gamblers posts blind: 10
UDF1 posts blind: 20
The_1__Gamblers received [Td Jh]
UDF1 received [4s 6s]
The_1__Gamblers calls
UDF1 raises to 532
The_1__Gamblers calls
Flop [9h 7h Ks], The_1__Gamblers (532), UDF1 (532)
UDF1 bids 0
The_1__Gamblers bids 0
The_1__Gamblers won the auction and was revealed [6s]
UDF1 won the auction and was revealed [Td]
Flop [9h 7h Ks], The_1__Gamblers (532), UDF1 (532)
UDF1 bets 2242
The_1__Gamblers folds
The_1__Gamblers awarded -532
UDF1 awarded 532

Round #560, UDF1 (-26780), The_1__Gamblers (26780)
UDF1 posts blind: 10
The_1__Gamblers posts blind: 20
UDF1 received [9d Kc]
The_1__Gamblers received [2h 5s]
UDF1 raises to 651
The_1__Gamblers calls
Flop [Qh 4c 2s], UDF1 (651), The_1__Gamblers (651)
The_1__Gamblers bids 0
UDF1 bids 306
UDF1 won the auction and was revealed [2h]
Flop [Qh 4c 2s], UDF1 (651), The_1__Gamblers (651)
The_1__Gamblers bets 781
UDF1 folds
UDF1 awarded -651
The_1__Gamblers awarded 651

Round #561, The_1__Gamblers (27431), UDF1 (-27431)
The_1__Gamblers posts blind: 10
UDF1 posts blind: 20
The_1__Gamblers received [7c Tc]
UDF1 received [5h Td]
The_1__Gamblers calls
UDF1 raises to 337
The_1__Gamblers calls
Flop [Ts Ks Kh], The_1__Gamblers (337), UDF1 (337)
UDF1 bids 232
The_1__Gamblers bids 0
UDF1 won the auction and was revealed [7c]
Flop [Ts Ks Kh], The_1__Gamblers (337), UDF1 (337)
UDF1 bets 2973
The_1__Gamblers raises to 4663
UDF1 calls
Turn [Ts Ks Kh 4c], The_1__Gamblers (5000), UDF1 (5000)
UDF1 checks
The_1__Gamblers checks
River [Ts Ks Kh 4c 4h], The_1__Gamblers (5000), UDF1 (5000)
UDF1 checks
The_1__Gamblers checks
The_1__Gamblers shows [7c Tc]
UDF1 shows [5h Td]
The_1__Gamblers awarded 5000
UDF1 awarded -5000

Round #562, UDF1 (-32431), The_1__Gamblers (32431)
UDF1 posts blind: 10
The_1__Gamblers posts blind: 20
UDF1 received [3c Ah]
The_1__Gamblers received [Qc Kc]
UDF1 folds
UDF1 awarded -10
The_1__Gamblers awarded 10

Round #563, The_1__Gamblers (32441), UDF1 (-32441)
The_1__Gamblers posts blind: 10
UDF1 posts blind: 20
The_1__Gamblers received [Kc 3h]
UDF1 received [9s Tc]
The_1__Gamblers calls
UDF1 checks
Flop [5s 9c 9h], The_1__Gamblers (20), UDF1 (20)
UDF1 bids 166
The_1__Gamblers bids 0
UDF1 won the auction and was revealed [3h]
Flop [5s 9c 9h], The_1__Gamblers (20), UDF1 (20)
UDF1 bets 3177
The_1__Gamblers folds
The_1__Gamblers awarded -20
UDF1 awarded 20

Round #564, UDF1 (-32421), The_1__Gamblers (32421)
UDF1 posts blind: 10
The_1__Gamblers posts blind: 20
UDF1 received [4h Kd]
The_1__Gamblers received [9s Ks]
UDF1 calls
The_1__Gamblers checks
Flop [3c Ts 4c], UDF1 (20), The_1__Gamblers (20)
The_1__Gamblers bids 0
UDF1 bids 163
UDF1 won the auction and was revealed [9s]
Flop [3c Ts 4c], UDF1 (20), The_1__Gamblers (20)
The_1__Gamblers checks
UDF1 bets 3314
The_1__Gamblers folds
UDF1 awarded 20
The_1__Gamblers awarded -20

Round #565, The_1__Gamblers (32401), UDF1 (-32401)
The_1__Gamblers posts blind: 10
UDF1 posts blind: 20
The_1__Gamblers received [6d 6c]
UDF1 received [3h 8h]
The_1__Gamblers calls
UDF1 raises to 702
The_1__Gamblers calls
Flop [Ac 9s 7d], The_1__Gamblers (702), UDF1 (702)
UDF1 bids 321
The_1__Gamblers bids 0
UDF1 won the auction and was revealed [6c]
Flop [Ac 9s 7d], The_1__Gamblers (702), UDF1 (702)
UDF1 bets 2153
The_1__Gamblers calls
Turn [Ac 9s 7d 2d], The_1__Gamblers (2855), UDF1 (2855)
UDF1 bets 1108
The_1__Gamblers folds
The_1__Gamblers awarded -2855
UDF1 awarded 2855

Round #566, UDF1 (-29546), The_1__Gamblers (29546)
UDF1 posts blind: 10
The_1__Gamblers posts blind: 20
UDF1 received [7s 4c]
The_1__Gamblers received [4d Kd]
UDF1 folds
UDF1 awarded -10
The_1__Gamblers awarded 10

Round #567, The_1__Gamblers (29556), UDF1 (-29556)
The_1__Gamblers posts blind: 10
UDF1 posts blind: 20
The_1__Gamblers received [8d Jh]
UDF1 received [Ts 2s]
The_1__Gamblers calls
UDF1 checks
Flop [Ad Jc 3c], The_1__Gamblers (20), UDF1 (20)
UDF1 bids 164
The_1__Gamblers bids 0
UDF1 won the auction and was revealed [8d]
Flop [Ad Jc 3c], The_1__Gamblers (20), UDF1 (20)
UDF1 bets 2852
The_1__Gamblers raises to 4980
UDF1 calls
Turn [Ad Jc 3c 4c], The_1__Gamblers (5000), UDF1 (5000)
UDF1 checks
The_1__Gamblers checks
River [Ad Jc 3c 4c 5s], The_1__Gamblers (5000), UDF1 (5000)
UDF1 checks
The_1__Gamblers checks
The_1__Gamblers shows [8d Jh]
UDF1 shows [Ts 2s]
The_1__Gamblers awarded -5000
UDF1 awarded 5000

Round #568, UDF1 (-24556), The_1__Gamblers (24556)
UDF1 posts blind: 10
The_1__Gamblers posts blind: 20
UDF1 received [2s 2d]
The_1__Gamblers received [3c 9h]
UDF1 calls
The_1__Gamblers checks
Flop [7d 5c Kh], UDF1 (20), The_1__Gamblers (20)
The_1__Gamblers bids 0
UDF1 bids 168
UDF1 won the auction and was revealed [9h]
Flop [7d 5c Kh], UDF1 (20), The_1__Gamblers (20)
The_1__Gamblers checks
UDF1 bets 3110
The_1__Gamblers folds
UDF1 awarded 20
The_1__Gamblers awarded -20

Round #569, The_1__Gamblers (24536), UDF1 (-24536)
The_1__Gamblers posts blind: 10
UDF1 posts blind: 20
The_1__Gamblers received [2h 4c]
UDF1 received [Kc Js]
The_1__Gamblers calls
UDF1 checks
Flop [Kd Ks 8h], The_1__Gamblers (20), UDF1 (20)
UDF1 bids 168
The_1__Gamblers bids 0
UDF1 won the auction and was revealed [4c]
Flop [Kd Ks 8h], The_1__Gamblers (20), UDF1 (20)
UDF1 bets 3155
The_1__Gamblers folds
The_1__Gamblers awarded -20
UDF1 awarded 20

Round #570, UDF1 (-24516), The_1__Gamblers (24516)
UDF1 posts blind: 10
The_1__Gamblers posts blind: 20
UDF1 received [3s Jc]
The_1__Gamblers received [6d Jd]
UDF1 raises to 612
The_1__Gamblers calls
Flop [7h 3h 7s], UDF1 (612), The_1__Gamblers (612)
The_1__Gamblers bids 0
UDF1 bids 306
UDF1 won the auction and was revealed [Jd]
Flop [7h 3h 7s], UDF1 (612), The_1__Gamblers (612)
The_1__Gamblers checks
UDF1 bets 2833
The_1__Gamblers folds
UDF1 awarded 612
The_1__Gamblers awarded -612

Round #571, The_1__Gamblers (23904), UDF1 (-23904)
The_1__Gamblers posts blind: 10
UDF1 posts blind: 20
The_1__Gamblers received [Jh Ks]
UDF1 received [Qs 2s]
The_1__Gamblers calls
UDF1 checks
Flop [7c 6d 9s], The_1__Gamblers (20), UDF1 (20)
UDF1 bids 156
The_1__Gamblers bids 0
UDF1 won the auction and was revealed [Jh]
Flop [7c 6d 9s], The_1__Gamblers (20), UDF1 (20)
UDF1 bets 2844
The_1__Gamblers folds
The_1__Gamblers awarded -20
UDF1 awarded 20

Round #572, UDF1 (-23884), The_1__Gamblers (23884)
UDF1 posts blind: 10
The_1__Gamblers posts blind: 20
UDF1 received [Ts Kh]
The_1__Gamblers received [5s Jc]
UDF1 calls
The_1__Gamblers checks
Flop [9s Qh 5h], UDF1 (20), The_1__Gamblers (20)
The_1__Gamblers bids 0
UDF1 bids 160
UDF1 won the auction and was revealed [Jc]
Flop [9s Qh 5h], UDF1 (20), The_1__Gamblers (20)
The_1__Gamblers bets 24
UDF1 raises to 3220
The_1__Gamblers calls
Turn [9s Qh 5h 4s], UDF1 (3240), The_1__Gamblers (3240)
The_1__Gamblers bets 1760
UDF1 calls
River [9s Qh 5h 4s 5d], UDF1 (5000), The_1__Gamblers (5000)
The_1__Gamblers checks
UDF1 checks
UDF1 shows [Ts Kh]
The_1__Gamblers shows [5s Jc]
UDF1 awarded -5000
The_1__Gamblers awarded 5000

Round #573, The_1__Gamblers (28884), UDF1 (-28884)
The_1__Gamblers posts blind: 10
UDF1 posts blind: 20
The_1__Gamblers received [Jh Qh]
UDF1 received [8h 5d]
The_1__Gamblers calls
UDF1 raises to 543
The_1__Gamblers calls
Flop [Qd 3c Tc], The_1__Gamblers (543), UDF1 (543)
UDF1 bids 272
The_1__Gamblers bids 0
UDF1 won the auction and was revealed [Qh]
Flop [Qd 3c Tc], The_1__Gamblers (543), UDF1 (543)
UDF1 bets 2007
The_1__Gamblers raises to 4014
UDF1 folds
The_1__Gamblers awarded 2550
UDF1 awarded -2550

Round #574, UDF1 (-31434), The_1__Gamblers (31434)
UDF1 posts blind: 10
The_1__Gamblers posts blind: 20
UDF1 received [8d 2s]
The_1__Gamblers received [7d 6d]
UDF1 raises to 337
The_1__Gamblers calls
Flop [Td 5h 7c], UDF1 (337), The_1__Gamblers (337)
The_1__Gamblers bids 0
UDF1 bids 227
UDF1 won the auction and was revealed [7d]
Flop [Td 5h 7c], UDF1 (337), The_1__Gamblers (337)
The_1__Gamblers bets 404
UDF1 folds
UDF1 awarded -337
The_1__Gamblers awarded 337

Round #575, The_1__Gamblers (31771), UDF1 (-31771)
The_1__Gamblers posts blind: 10
UDF1 posts blind: 20
The_1__Gamblers received [3d 3s]
UDF1 received [Th Qc]
The_1__Gamblers calls
UDF1 checks
Flop [Qd As 9c], The_1__Gamblers (20), UDF1 (20)
UDF1 bids 167
The_1__Gamblers bids 0
UDF1 won the auction and was revealed [3d]
Flop [Qd As 9c], The_1__Gamblers (20), UDF1 (20)
UDF1 bets 3465
The_1__Gamblers folds
The_1__Gamblers awarded -20
UDF1 awarded 20

Round #576, UDF1 (-31751), The_1__Gamblers (31751)
UDF1 posts blind: 10
The_1__Gamblers posts blind: 20
UDF1 received [3h 8h]
The_1__Gamblers received [8d Th]
UDF1 folds
UDF1 awarded -10
The_1__Gamblers awarded 10

Round #577, The_1__Gamblers (31761), UDF1 (-31761)
The_1__Gamblers posts blind: 10
UDF1 posts blind: 20
The_1__Gamblers received [7d 9c]
UDF1 received [Ad 3c]
The_1__Gamblers calls
UDF1 checks
Flop [7s 2d 5s], The_1__Gamblers (20), UDF1 (20)
UDF1 bids 162
The_1__Gamblers bids 0
UDF1 won the auction and was revealed [9c]
Flop [7s 2d 5s], The_1__Gamblers (20), UDF1 (20)
UDF1 bets 2914
The_1__Gamblers raises to 4980
UDF1 calls
Turn [7s 2d 5s 2s], The_1__Gamblers (5000), UDF1 (5000)
UDF1 checks
The_1__Gamblers checks
River [7s 2d 5s 2s 9s], The_1__Gamblers (5000), UDF1 (5000)
UDF1 checks
The_1__Gamblers checks
The_1__Gamblers shows [7d 9c]
UDF1 shows [Ad 3c]
The_1__Gamblers awarded 5000
UDF1 awarded -5000

Round #578, UDF1 (-36761), The_1__Gamblers (36761)
UDF1 posts blind: 10
The_1__Gamblers posts blind: 20
UDF1 received [7d 6d]
The_1__Gamblers received [Th 4s]
UDF1 raises to 696
The_1__Gamblers calls
Flop [9s Qd Ts], UDF1 (696), The_1__Gamblers (696)
The_1__Gamblers bids 0
UDF1 bids 317
UDF1 won the auction and was revealed [4s]
Flop [9s Qd Ts], UDF1 (696), The_1__Gamblers (696)
The_1__Gamblers bets 835
UDF1 calls
Turn [9s Qd Ts 2c], UDF1 (1531), The_1__Gamblers (1531)
The_1__Gamblers bets 1837
UDF1 calls
River [9s Qd Ts 2c Ks], UDF1 (3368), The_1__Gamblers (3368)
The_1__Gamblers bets 1632
UDF1 calls
UDF1 shows [7d 6d]
The_1__Gamblers shows [Th 4s]
UDF1 awarded -5000
The_1__Gamblers awarded 5000

Round #579, The_1__Gamblers (41761), UDF1 (-41761)
The_1__Gamblers posts blind: 10
UDF1 posts blind: 20
The_1__Gamblers received [8c 9h]
UDF1 received [Tc Ac]
The_1__Gamblers calls
UDF1 raises to 3476
The_1__Gamblers calls
Flop [5d 3d 2s], The_1__Gamblers (3476), UDF1 (3476)
UDF1 bids 942
The_1__Gamblers bids 0
UDF1 won the auction and was revealed [9h]
Flop [5d 3d 2s], The_1__Gamblers (3476), UDF1 (3476)
UDF1 bets 935
The_1__Gamblers folds
The_1__Gamblers awarded -3476
UDF1 awarded 3476

Round #580, UDF1 (-38285), The_1__Gamblers (38285)
UDF1 posts blind: 10
The_1__Gamblers posts blind: 20
UDF1 received [9d 5d]
The_1__Gamblers received [7c Kd]
UDF1 calls
The_1__Gamblers checks
Flop [3s 6h Qh], UDF1 (20), The_1__Gamblers (20)
The_1__Gamblers bids 0
UDF1 bids 166
UDF1 won the auction and was revealed [Kd]
Flop [3s 6h Qh], UDF1 (20), The_1__Gamblers (20)
The_1__Gamblers checks
UDF1 bets 2588
The_1__Gamblers folds
UDF1 awarded 20
The_1__Gamblers awarded -20

Round #581, The_1__Gamblers (38265), UDF1 (-38265)
The_1__Gamblers posts blind: 10
UDF1 posts blind: 20
The_1__Gamblers received [Ad Kh]
UDF1 received [2s 4c]
The_1__Gamblers calls
UDF1 checks
Flop [8s Ts Jc], The_1__Gamblers (20), UDF1 (20)
UDF1 bids 158
The_1__Gamblers bids 0
UDF1 won the auction and was revealed [Kh]
Flop [8s Ts Jc], The_1__Gamblers (20), UDF1 (20)
UDF1 bets 2382
The_1__Gamblers folds
The_1__Gamblers awarded -20
UDF1 awarded 20

Round #582, UDF1 (-38245), The_1__Gamblers (38245)
UDF1 posts blind: 10
The_1__Gamblers posts blind: 20
UDF1 received [9s 4d]
The_1__Gamblers received [Jh Ad]
UDF1 raises to 677
The_1__Gamblers calls
Flop [Ac 3d 8c], UDF1 (677), The_1__Gamblers (677)
The_1__Gamblers bids 0
UDF1 bids 313
UDF1 won the auction and was revealed [Jh]
Flop [Ac 3d 8c], UDF1 (677), The_1__Gamblers (677)
The_1__Gamblers bets 812
UDF1 folds
UDF1 awarded -677
The_1__Gamblers awarded 677

Round #583, The_1__Gamblers (38922), UDF1 (-38922)
The_1__Gamblers posts blind: 10
UDF1 posts blind: 20
The_1__Gamblers received [Qc Qh]
UDF1 received [Ac Js]
The_1__Gamblers calls
UDF1 raises to 3680
The_1__Gamblers calls
Flop [7s 6h 3d], The_1__Gamblers (3680), UDF1 (3680)
UDF1 bids 980
The_1__Gamblers bids 0
UDF1 won the auction and was revealed [Qc]
Flop [7s 6h 3d], The_1__Gamblers (3680), UDF1 (3680)
UDF1 bets 723
The_1__Gamblers raises to 1320
UDF1 calls
Turn [7s 6h 3d 7d], The_1__Gamblers (5000), UDF1 (5000)
UDF1 checks
The_1__Gamblers checks
River [7s 6h 3d 7d Kd], The_1__Gamblers (5000), UDF1 (5000)
UDF1 checks
The_1__Gamblers checks
The_1__Gamblers shows [Qc Qh]
UDF1 shows [Ac Js]
The_1__Gamblers awarded 5000
UDF1 awarded -5000

Round #584, UDF1 (-43922), The_1__Gamblers (43922)
UDF1 posts blind: 10
The_1__Gamblers posts blind: 20
UDF1 received [9d 2h]
The_1__Gamblers received [Kc Tc]
UDF1 folds
UDF1 awarded -10
The_1__Gamblers awarded 10

Round #585, The_1__Gamblers (43932), UDF1 (-43932)
The_1__Gamblers posts blind: 10
UDF1 posts blind: 20
The_1__Gamblers received [6s 3d]
UDF1 received [9s 6d]
The_1__Gamblers calls
UDF1 raises to 576
The_1__Gamblers calls
Flop [3h 5s Ad], The_1__Gamblers (576), UDF1 (576)
UDF1 bids 286
The_1__Gamblers bids 0
UDF1 won the auction and was revealed [6s]
Flop [3h 5s Ad], The_1__Gamblers (576), UDF1 (576)
UDF1 bets 2599
The_1__Gamblers calls
Turn [3h 5s Ad 3s], The_1__Gamblers (3175), UDF1 (3175)
UDF1 bets 807
The_1__Gamblers raises to 1825
UDF1 calls
River [3h 5s Ad 3s Qc], The_1__Gamblers (5000), UDF1 (5000)
UDF1 checks
The_1__Gamblers checks
The_1__Gamblers shows [6s 3d]
UDF1 shows [9s 6d]
The_1__Gamblers awarded 5000
UDF1 awarded -5000

Round #586, UDF1 (-48932), The_1__Gamblers (48932)
UDF1 posts blind: 10
The_1__Gamblers posts blind: 20
UDF1 received [3s Tc]
The_1__Gamblers received [Jd Kh]
UDF1 folds
UDF1 awarded -10
The_1__Gamblers awarded 10

Round #587, The_1__Gamblers (48942), UDF1 (-48942)
The_1__Gamblers posts blind: 10
UDF1 posts blind: 20
The_1__Gamblers received [Kd Td]
UDF1 received [Ts 5h]
The_1__Gamblers calls
UDF1 raises to 738
The_1__Gamblers calls
Flop [Qc Ac 6s], The_1__Gamblers (738), UDF1 (738)
UDF1 bids 335
The_1__Gamblers bids 0
UDF1 won the auction and was revealed [Td]
Flop [Qc Ac 6s], The_1__Gamblers (738), UDF1 (738)
UDF1 bets 2325
The_1__Gamblers folds
The_1__Gamblers awarded -738
UDF1 awarded 738

Round #588, UDF1 (-48204), The_1__Gamblers (48204)
UDF1 posts blind: 10
The_1__Gamblers posts blind: 20
UDF1 received [4s Qd]
The_1__Gamblers received [9h 9s]
UDF1 calls
The_1__Gamblers checks
Flop [2s 7h 9d], UDF1 (20), The_1__Gamblers (20)
The_1__Gamblers bids 0
UDF1 bids 161
UDF1 won the auction and was revealed [9h]
Flop [2s 7h 9d], UDF1 (20), The_1__Gamblers (20)
The_1__Gamblers bets 24
UDF1 folds
UDF1 awarded -20
The_1__Gamblers awarded 20

Round #589, The_1__Gamblers (48224), UDF1 (-48224)
The_1__Gamblers posts blind: 10
UDF1 posts blind: 20
The_1__Gamblers received [Ks 6c]
UDF1 received [7c Th]
The_1__Gamblers calls
UDF1 checks
Flop [Jd 5s Jc], The_1__Gamblers (20), UDF1 (20)
UDF1 bids 166
The_1__Gamblers bids 0
UDF1 won the auction and was revealed [6c]
Flop [Jd 5s Jc], The_1__Gamblers (20), UDF1 (20)
UDF1 bets 2465
The_1__Gamblers folds
The_1__Gamblers awarded -20
UDF1 awarded 20

Round #590, UDF1 (-48204), The_1__Gamblers (48204)
UDF1 posts blind: 10
The_1__Gamblers posts blind: 20
UDF1 received [Td 9s]
The_1__Gamblers received [Js 9d]
UDF1 raises to 437
The_1__Gamblers calls
Flop [Ah 7h 2h], UDF1 (437), The_1__Gamblers (437)
The_1__Gamblers bids 0
UDF1 bids 251
UDF1 won the auction and was revealed [9d]
Flop [Ah 7h 2h], UDF1 (437), The_1__Gamblers (437)
The_1__Gamblers checks
UDF1 bets 2365
The_1__Gamblers folds
UDF1 awarded 437
The_1__Gamblers awarded -437

Round #591, The_1__Gamblers (47767), UDF1 (-47767)
The_1__Gamblers posts blind: 10
UDF1 posts blind: 20
The_1__Gamblers received [8d 3s]
UDF1 received [9s Jc]
The_1__Gamblers calls
UDF1 checks
Flop [3d Ah Th], The_1__Gamblers (20), UDF1 (20)
UDF1 bids 165
The_1__Gamblers bids 0
UDF1 won the auction and was revealed [8d]
Flop [3d Ah Th], The_1__Gamblers (20), UDF1 (20)
UDF1 bets 3134
The_1__Gamblers folds
The_1__Gamblers awarded -20
UDF1 awarded 20

Round #592, UDF1 (-47747), The_1__Gamblers (47747)
UDF1 posts blind: 10
The_1__Gamblers posts blind: 20
UDF1 received [8h 4d]
The_1__Gamblers received [9d 2d]
UDF1 folds
UDF1 awarded -10
The_1__Gamblers awarded 10

Round #593, The_1__Gamblers (47757), UDF1 (-47757)
The_1__Gamblers posts blind: 10
UDF1 posts blind: 20
The_1__Gamblers received [5h 9d]
UDF1 received [2d 8d]
The_1__Gamblers calls
UDF1 checks
Flop [3h 3d Ad], The_1__Gamblers (20), UDF1 (20)
UDF1 bids 163
The_1__Gamblers bids 0
UDF1 won the auction and was revealed [9d]
Flop [3h 3d Ad], The_1__Gamblers (20), UDF1 (20)
UDF1 bets 2609
The_1__Gamblers folds
The_1__Gamblers awarded -20
UDF1 awarded 20

Round #594, UDF1 (-47737), The_1__Gamblers (47737)
UDF1 posts blind: 10
The_1__Gamblers posts blind: 20
UDF1 received [7d 4h]
The_1__Gamblers received [5h Js]
UDF1 folds
UDF1 awarded -10
The_1__Gamblers awarded 10

Round #595, The_1__Gamblers (47747), UDF1 (-47747)
The_1__Gamblers posts blind: 10
UDF1 posts blind: 20
The_1__Gamblers received [6d 9s]
UDF1 received [7s 6c]
The_1__Gamblers calls
UDF1 checks
Flop [6h Td 2c], The_1__Gamblers (20), UDF1 (20)
UDF1 bids 159
The_1__Gamblers bids 0
UDF1 won the auction and was revealed [9s]
Flop [6h Td 2c], The_1__Gamblers (20), UDF1 (20)
UDF1 bets 3346
The_1__Gamblers raises to 4980
UDF1 calls
Turn [6h Td 2c 8c], The_1__Gamblers (5000), UDF1 (5000)
UDF1 checks
The_1__Gamblers checks
River [6h Td 2c 8c Ah], The_1__Gamblers (5000), UDF1 (5000)
UDF1 checks
The_1__Gamblers checks
The_1__Gamblers shows [6d 9s]
UDF1 shows [7s 6c]
The_1__Gamblers awarded 5000
UDF1 awarded -5000

Round #596, UDF1 (-52747), The_1__Gamblers (52747)
UDF1 posts blind: 10
The_1__Gamblers posts blind: 20
UDF1 received [5s 5h]
The_1__Gamblers received [Jd Ah]
UDF1 calls
The_1__Gamblers checks
Flop [2h Th 8d], UDF1 (20), The_1__Gamblers (20)
The_1__Gamblers bids 0
UDF1 bids 163
UDF1 won the auction and was revealed [Ah]
Flop [2h Th 8d], UDF1 (20), The_1__Gamblers (20)
The_1__Gamblers bets 24
UDF1 calls
Turn [2h Th 8d Td], UDF1 (44), The_1__Gamblers (44)
The_1__Gamblers bets 52
UDF1 raises to 2726
The_1__Gamblers folds
UDF1 awarded 96
The_1__Gamblers awarded -96

Round #597, The_1__Gamblers (52651), UDF1 (-52651)
The_1__Gamblers posts blind: 10
UDF1 posts blind: 20
The_1__Gamblers received [8c Jd]
UDF1 received [6s 7h]
The_1__Gamblers calls
UDF1 checks
Flop [4h 5h 2h], The_1__Gamblers (20), UDF1 (20)
UDF1 bids 167
The_1__Gamblers bids 0
UDF1 won the auction and was revealed [8c]
Flop [4h 5h 2h], The_1__Gamblers (20), UDF1 (20)
UDF1 bets 2769
The_1__Gamblers folds
The_1__Gamblers awarded -20
UDF1 awarded 20

Round #598, UDF1 (-52631), The_1__Gamblers (52631)
UDF1 posts blind: 10
The_1__Gamblers posts blind: 20
UDF1 received [Jc Ks]
The_1__Gamblers received [Js 2c]
UDF1 raises to 1826
The_1__Gamblers calls
Flop [8d 7d 3s], UDF1 (1826), The_1__Gamblers (1826)
The_1__Gamblers bids 0
UDF1 bids 612
UDF1 won the auction and was revealed [Js]
Flop [8d 7d 3s], UDF1 (1826), The_1__Gamblers (1826)
The_1__Gamblers checks
UDF1 bets 2079
The_1__Gamblers folds
UDF1 awarded 1826
The_1__Gamblers awarded -1826

Round #599, The_1__Gamblers (50805), UDF1 (-50805)
The_1__Gamblers posts blind: 10
UDF1 posts blind: 20
The_1__Gamblers received [Jc 4d]
UDF1 received [As 5c]
The_1__Gamblers calls
UDF1 raises to 337
The_1__Gamblers calls
Flop [4h Qd Ks], The_1__Gamblers (337), UDF1 (337)
UDF1 bids 230
The_1__Gamblers bids 0
UDF1 won the auction and was revealed [Jc]
Flop [4h Qd Ks], The_1__Gamblers (337), UDF1 (337)
UDF1 bets 2982
The_1__Gamblers calls
Turn [4h Qd Ks 4s], The_1__Gamblers (3319), UDF1 (3319)
UDF1 bets 923
The_1__Gamblers raises to 1681
UDF1 calls
River [4h Qd Ks 4s 8h], The_1__Gamblers (5000), UDF1 (5000)
UDF1 checks
The_1__Gamblers checks
The_1__Gamblers shows [Jc 4d]
UDF1 shows [As 5c]
The_1__Gamblers awarded 5000
UDF1 awarded -5000

Round #600, UDF1 (-55805), The_1__Gamblers (55805)
UDF1 posts blind: 10
The_1__Gamblers posts blind: 20
UDF1 received [7d Ah]
The_1__Gamblers received [Ks 4c]
UDF1 raises to 596
The_1__Gamblers calls
Flop [6s Ad 6h], UDF1 (596), The_1__Gamblers (596)
The_1__Gamblers bids 0
UDF1 bids 297
UDF1 won the auction and was revealed [4c]
Flop [6s Ad 6h], UDF1 (596), The_1__Gamblers (596)
The_1__Gamblers bets 715
UDF1 raises to 3563
The_1__Gamblers raises to 4404
UDF1 calls
Turn [6s Ad 6h As], UDF1 (5000), The_1__Gamblers (5000)
The_1__Gamblers checks
UDF1 checks
River [6s Ad 6h As 9d], UDF1 (5000), The_1__Gamblers (5000)
The_1__Gamblers checks
UDF1 checks
UDF1 shows [7d Ah]
The_1__Gamblers shows [Ks 4c]
UDF1 awarded 5000
The_1__Gamblers awarded -5000

Round #601, The_1__Gamblers (50805), UDF1 (-50805)
The_1__Gamblers posts blind: 10
UDF1 posts blind: 20
The_1__Gamblers received [Ah 3d]
UDF1 received [4h 4d]
The_1__Gamblers calls
UDF1 checks
Flop [2d 5d 6c], The_1__Gamblers (20), UDF1 (20)
UDF1 bids 0
The_1__Gamblers bids 0
The_1__Gamblers won the auction and was revealed [4h]
UDF1 won the auction and was revealed [3d]
Flop [2d 5d 6c], The_1__Gamblers (20), UDF1 (20)
UDF1 bets 2939
The_1__Gamblers folds
The_1__Gamblers awarded -20
UDF1 awarded 20

Round #602, UDF1 (-50785), The_1__Gamblers (50785)
UDF1 posts blind: 10
The_1__Gamblers posts blind: 20
UDF1 received [3d 2h]
The_1__Gamblers received [7c 8h]
UDF1 folds
UDF1 awarded -10
The_1__Gamblers awarded 10

Round #603, The_1__Gamblers (50795), UDF1 (-50795)
The_1__Gamblers posts blind: 10
UDF1 posts blind: 20
The_1__Gamblers received [4c Th]
UDF1 received [6h 4d]
The_1__Gamblers calls
UDF1 raises to 536
The_1__Gamblers calls
Flop [6c 9d Jc], The_1__Gamblers (536), UDF1 (536)
UDF1 bids 280
The_1__Gamblers bids 0
UDF1 won the auction and was revealed [4c]
Flop [6c 9d Jc], The_1__Gamblers (536), UDF1 (536)
UDF1 bets 2660
The_1__Gamblers folds
The_1__Gamblers awarded -536
UDF1 awarded 536

Round #604, UDF1 (-50259), The_1__Gamblers (50259)
UDF1 posts blind: 10
The_1__Gamblers posts blind: 20
UDF1 received [5c Qh]
The_1__Gamblers received [8h 4d]
UDF1 raises to 603
The_1__Gamblers calls
Flop [Jd 9d Jh], UDF1 (603), The_1__Gamblers (603)
The_1__Gamblers bids 0
UDF1 bids 299
UDF1 won the auction and was revealed [8h]
Flop [Jd 9d Jh], UDF1 (603), The_1__Gamblers (603)
The_1__Gamblers checks
UDF1 bets 2402
The_1__Gamblers folds
UDF1 awarded 603
The_1__Gamblers awarded -603

Round #605, The_1__Gamblers (49656), UDF1 (-49656)
The_1__Gamblers posts blind: 10
UDF1 posts blind: 20
The_1__Gamblers received [5s 7c]
UDF1 received [8s 8d]
The_1__Gamblers calls
UDF1 raises to 3531
The_1__Gamblers calls
Flop [Qc 6c 9d], The_1__Gamblers (3531), UDF1 (3531)
UDF1 bids 956
The_1__Gamblers bids 0
UDF1 won the auction and was revealed [7c]
Flop [Qc 6c 9d], The_1__Gamblers (3531), UDF1 (3531)
UDF1 bets 882
The_1__Gamblers folds
The_1__Gamblers awarded -3531
UDF1 awarded 3531

Round #606, UDF1 (-46125), The_1__Gamblers (46125)
UDF1 posts blind: 10
The_1__Gamblers posts blind: 20
UDF1 received [6c 3s]
The_1__Gamblers received [9h Tc]
UDF1 folds
UDF1 awarded -10
The_1__Gamblers awarded 10

Round #607, The_1__Gamblers (46135), UDF1 (-46135)
The_1__Gamblers posts blind: 10
UDF1 posts blind: 20
The_1__Gamblers received [3s 6s]
UDF1 received [7h 4h]
The_1__Gamblers calls
UDF1 checks
Flop [2c 5d Tc], The_1__Gamblers (20), UDF1 (20)
UDF1 bids 164
The_1__Gamblers bids 0
UDF1 won the auction and was revealed [3s]
Flop [2c 5d Tc], The_1__Gamblers (20), UDF1 (20)
UDF1 bets 2661
The_1__Gamblers folds
The_1__Gamblers awarded -20
UDF1 awarded 20

Round #608, UDF1 (-46115), The_1__Gamblers (46115)
UDF1 posts blind: 10
The_1__Gamblers posts blind: 20
UDF1 received [Tc Ks]
The_1__Gamblers received [Jc 2s]
UDF1 raises to 780
The_1__Gamblers calls
Flop [9d 8h 2c], UDF1 (780), The_1__Gamblers (780)
The_1__Gamblers bids 0
UDF1 bids 335
UDF1 won the auction and was revealed [Jc]
Flop [9d 8h 2c], UDF1 (780), The_1__Gamblers (780)
The_1__Gamblers bets 936
UDF1 calls
Turn [9d 8h 2c Kd], UDF1 (1716), The_1__Gamblers (1716)
The_1__Gamblers bets 2059
UDF1 raises to 3284
The_1__Gamblers calls
River [9d 8h 2c Kd 6d], UDF1 (5000), The_1__Gamblers (5000)
The_1__Gamblers checks
UDF1 checks
UDF1 shows [Tc Ks]
The_1__Gamblers shows [Jc 2s]
UDF1 awarded 5000
The_1__Gamblers awarded -5000

Round #609, The_1__Gamblers (41115), UDF1 (-41115)
The_1__Gamblers posts blind: 10
UDF1 posts blind: 20
The_1__Gamblers received [As Qh]
UDF1 received [4d 6c]
The_1__Gamblers calls
UDF1 raises to 337
The_1__Gamblers calls
Flop [3s 7h Ac], The_1__Gamblers (337), UDF1 (337)
UDF1 bids 227
The_1__Gamblers bids 0
UDF1 won the auction and was revealed [As]
Flop [3s 7h Ac], The_1__Gamblers (337), UDF1 (337)
UDF1 bets 2476
The_1__Gamblers raises to 4663
UDF1 folds
The_1__Gamblers awarded 2813
UDF1 awarded -2813

Round #610, UDF1 (-43928), The_1__Gamblers (43928)
UDF1 posts blind: 10
The_1__Gamblers posts blind: 20
UDF1 received [Td 8h]
The_1__Gamblers received [5h Jc]
UDF1 calls
The_1__Gamblers checks
Flop [7s 4d 2c], UDF1 (20), The_1__Gamblers (20)
The_1__Gamblers bids 0
UDF1 bids 165
UDF1 won the auction and was revealed [5h]
Flop [7s 4d 2c], UDF1 (20), The_1__Gamblers (20)
The_1__Gamblers checks
UDF1 bets 2671
The_1__Gamblers folds
UDF1 awarded 20
The_1__Gamblers awarded -20

Round #611, The_1__Gamblers (43908), UDF1 (-43908)
The_1__Gamblers posts blind: 10
UDF1 posts blind: 20
The_1__Gamblers received [8h Kc]
UDF1 received [5c 7c]
The_1__Gamblers calls
UDF1 raises to 671
The_1__Gamblers calls
Flop [Jc Qd 4c], The_1__Gamblers (671), UDF1 (671)
UDF1 bids 313
The_1__Gamblers bids 0
UDF1 won the auction and was revealed [Kc]
Flop [Jc Qd 4c], The_1__Gamblers (671), UDF1 (671)
UDF1 bets 2485
The_1__Gamblers folds
The_1__Gamblers awarded -671
UDF1 awarded 671

Round #612, UDF1 (-43237), The_1__Gamblers (43237)
UDF1 posts blind: 10
The_1__Gamblers posts blind: 20
UDF1 received [Td Ts]
The_1__Gamblers received [6c 8s]
UDF1 raises to 3611
The_1__Gamblers calls
Flop [Tc Jc 7s], UDF1 (3611), The_1__Gamblers (3611)
The_1__Gamblers bids 0
UDF1 bids 980
UDF1 won the auction and was revealed [6c]
Flop [Tc Jc 7s], UDF1 (3611), The_1__Gamblers (3611)
The_1__Gamblers checks
UDF1 bets 922
The_1__Gamblers folds
UDF1 awarded 3611
The_1__Gamblers awarded -3611

Round #613, The_1__Gamblers (39626), UDF1 (-39626)
The_1__Gamblers posts blind: 10
UDF1 posts blind: 20
The_1__Gamblers received [7d Ad]
UDF1 received [7h 5s]
The_1__Gamblers calls
UDF1 checks
Flop [3c 6d 4h], The_1__Gamblers (20), UDF1 (20)
UDF1 bids 165
The_1__Gamblers bids 0
UDF1 won the auction and was revealed [Ad]
Flop [3c 6d 4h], The_1__Gamblers (20), UDF1 (20)
UDF1 bets 3235
The_1__Gamblers folds
The_1__Gamblers awarded -20
UDF1 awarded 20

Round #614, UDF1 (-39606), The_1__Gamblers (39606)
UDF1 posts blind: 10
The_1__Gamblers posts blind: 20
UDF1 received [2h Qs]
The_1__Gamblers received [As 7s]
UDF1 folds
UDF1 awarded -10
The_1__Gamblers awarded 10

Round #615, The_1__Gamblers (39616), UDF1 (-39616)
The_1__Gamblers posts blind: 10
UDF1 posts blind: 20
The_1__Gamblers received [Ks Qd]
UDF1 received [9h Kc]
The_1__Gamblers calls
UDF1 raises to 573
The_1__Gamblers calls
Flop [7c 5s Ad], The_1__Gamblers (573), UDF1 (573)
UDF1 bids 284
The_1__Gamblers bids 0
UDF1 won the auction and was revealed [Qd]
Flop [7c 5s Ad], The_1__Gamblers (573), UDF1 (573)
UDF1 bets 2649
The_1__Gamblers folds
The_1__Gamblers awarded -573
UDF1 awarded 573

Round #616, UDF1 (-39043), The_1__Gamblers (39043)
UDF1 posts blind: 10
The_1__Gamblers posts blind: 20
UDF1 received [Js 3s]
The_1__Gamblers received [6h 7d]
UDF1 raises to 445
The_1__Gamblers calls
Flop [4h 8s 9h], UDF1 (445), The_1__Gamblers (445)
The_1__Gamblers bids 0
UDF1 bids 258
UDF1 won the auction and was revealed [7d]
Flop [4h 8s 9h], UDF1 (445), The_1__Gamblers (445)
The_1__Gamblers checks
UDF1 bets 2706
The_1__Gamblers folds
UDF1 awarded 445
The_1__Gamblers awarded -445

Round #617, The_1__Gamblers (38598), UDF1 (-38598)
The_1__Gamblers posts blind: 10
UDF1 posts blind: 20
The_1__Gamblers received [Th 4c]
UDF1 received [5s 9d]
The_1__Gamblers calls
UDF1 checks
Flop [7d 5d 4d], The_1__Gamblers (20), UDF1 (20)
UDF1 bids 158
The_1__Gamblers bids 0
UDF1 won the auction and was revealed [4c]
Flop [7d 5d 4d], The_1__Gamblers (20), UDF1 (20)
UDF1 bets 2964
The_1__Gamblers folds
The_1__Gamblers awarded -20
UDF1 awarded 20

Round #618, UDF1 (-38578), The_1__Gamblers (38578)
UDF1 posts blind: 10
The_1__Gamblers posts blind: 20
UDF1 received [4c 5h]
The_1__Gamblers received [2h 9h]
UDF1 raises to 622
The_1__Gamblers calls
Flop [9d 5d 2d], UDF1 (622), The_1__Gamblers (622)
The_1__Gamblers bids 0
UDF1 bids 297
UDF1 won the auction and was revealed [2h]
Flop [9d 5d 2d], UDF1 (622), The_1__Gamblers (622)
The_1__Gamblers bets 746
UDF1 raises to 3359
The_1__Gamblers raises to 4378
UDF1 calls
Turn [9d 5d 2d Qs], UDF1 (5000), The_1__Gamblers (5000)
The_1__Gamblers checks
UDF1 checks
River [9d 5d 2d Qs Js], UDF1 (5000), The_1__Gamblers (5000)
The_1__Gamblers checks
UDF1 checks
UDF1 shows [4c 5h]
The_1__Gamblers shows [2h 9h]
UDF1 awarded -5000
The_1__Gamblers awarded 5000

Round #619, The_1__Gamblers (43578), UDF1 (-43578)
The_1__Gamblers posts blind: 10
UDF1 posts blind: 20
The_1__Gamblers received [9h Qh]
UDF1 received [As 8c]
The_1__Gamblers calls
UDF1 checks
Flop [2c Kc Kd], The_1__Gamblers (20), UDF1 (20)
UDF1 bids 165
The_1__Gamblers bids 0
UDF1 won the auction and was revealed [Qh]
Flop [2c Kc Kd], The_1__Gamblers (20), UDF1 (20)
UDF1 bets 2730
The_1__Gamblers folds
The_1__Gamblers awarded -20
UDF1 awarded 20

Round #620, UDF1 (-43558), The_1__Gamblers (43558)
UDF1 posts blind: 10
The_1__Gamblers posts blind: 20
UDF1 received [Tc 4d]
The_1__Gamblers received [Jh Ad]
UDF1 folds
UDF1 awarded -10
The_1__Gamblers awarded 10

Round #621, The_1__Gamblers (43568), UDF1 (-43568)
The_1__Gamblers posts blind: 10
UDF1 posts blind: 20
The_1__Gamblers received [8h 3h]
UDF1 received [6d Ts]
The_1__Gamblers calls
UDF1 raises to 469
The_1__Gamblers calls
Flop [8s Qh Qd], The_1__Gamblers (469), UDF1 (469)
UDF1 bids 262
The_1__Gamblers bids 0
UDF1 won the auction and was revealed [8h]
Flop [8s Qh Qd], The_1__Gamblers (469), UDF1 (469)
UDF1 bets 1813
The_1__Gamblers raises to 3626
UDF1 folds
The_1__Gamblers awarded 2282
UDF1 awarded -2282

Round #622, UDF1 (-45850), The_1__Gamblers (45850)
UDF1 posts blind: 10
The_1__Gamblers posts blind: 20
UDF1 received [6s 3d]
The_1__Gamblers received [7d 3s]
UDF1 folds
UDF1 awarded -10
The_1__Gamblers awarded 10

Round #623, The_1__Gamblers (45860), UDF1 (-45860)
The_1__Gamblers posts blind: 10
UDF1 posts blind: 20
The_1__Gamblers received [4c Ac]
UDF1 received [4h Ks]
The_1__Gamblers calls
UDF1 checks
Flop [7s 9s 3c], The_1__Gamblers (20), UDF1 (20)
UDF1 bids 163
The_1__Gamblers bids 0
UDF1 won the auction and was revealed [4c]
Flop [7s 9s 3c], The_1__Gamblers (20), UDF1 (20)
UDF1 bets 2847
The_1__Gamblers folds
The_1__Gamblers awarded -20
UDF1 awarded 20

Round #624, UDF1 (-45840), The_1__Gamblers (45840)
UDF1 posts blind: 10
The_1__Gamblers posts blind: 20
UDF1 received [5c Qh]
The_1__Gamblers received [4s 7c]
UDF1 calls
The_1__Gamblers checks
Flop [Jd 7d Ad], UDF1 (20), The_1__Gamblers (20)
The_1__Gamblers bids 0
UDF1 bids 159
UDF1 won the auction and was revealed [7c]
Flop [Jd 7d Ad], UDF1 (20), The_1__Gamblers (20)
The_1__Gamblers bets 24
UDF1 folds
UDF1 awarded -20
The_1__Gamblers awarded 20

Round #625, The_1__Gamblers (45860), UDF1 (-45860)
The_1__Gamblers posts blind: 10
UDF1 posts blind: 20
The_1__Gamblers received [Qh Th]
UDF1 received [Kh Ac]
The_1__Gamblers calls
UDF1 raises to 4478
The_1__Gamblers calls
Flop [6h 4c Qd], The_1__Gamblers (4478), UDF1 (4478)
UDF1 bids 522
The_1__Gamblers bids 0
UDF1 won the auction and was revealed [Qh]
Flop [6h 4c Qd], The_1__Gamblers (4478), UDF1 (4478)
UDF1 bets 238
The_1__Gamblers raises to 522
UDF1 calls
Turn [6h 4c Qd 4h], The_1__Gamblers (5000), UDF1 (5000)
UDF1 checks
The_1__Gamblers checks
River [6h 4c Qd 4h Tc], The_1__Gamblers (5000), UDF1 (5000)
UDF1 checks
The_1__Gamblers checks
The_1__Gamblers shows [Qh Th]
UDF1 shows [Kh Ac]
The_1__Gamblers awarded 5000
UDF1 awarded -5000

Round #626, UDF1 (-50860), The_1__Gamblers (50860)
UDF1 posts blind: 10
The_1__Gamblers posts blind: 20
UDF1 received [6d Ac]
The_1__Gamblers received [7d 9d]
UDF1 calls
The_1__Gamblers checks
Flop [5s 8s Js], UDF1 (20), The_1__Gamblers (20)
The_1__Gamblers bids 0
UDF1 bids 164
UDF1 won the auction and was revealed [9d]
Flop [5s 8s Js], UDF1 (20), The_1__Gamblers (20)
The_1__Gamblers checks
UDF1 bets 2482
The_1__Gamblers folds
UDF1 awarded 20
The_1__Gamblers awarded -20

Round #627, The_1__Gamblers (50840), UDF1 (-50840)
The_1__Gamblers posts blind: 10
UDF1 posts blind: 20
The_1__Gamblers received [5d 9d]
UDF1 received [4h 7s]
The_1__Gamblers calls
UDF1 checks
Flop [Ts 2c 6s], The_1__Gamblers (20), UDF1 (20)
UDF1 bids 161
The_1__Gamblers bids 0
UDF1 won the auction and was revealed [9d]
Flop [Ts 2c 6s], The_1__Gamblers (20), UDF1 (20)
UDF1 bets 2520
The_1__Gamblers folds
The_1__Gamblers awarded -20
UDF1 awarded 20

Round #628, UDF1 (-50820), The_1__Gamblers (50820)
UDF1 posts blind: 10
The_1__Gamblers posts blind: 20
UDF1 received [As 3c]
The_1__Gamblers received [Td 5d]
UDF1 calls
The_1__Gamblers checks
Flop [8d 5c 2c], UDF1 (20), The_1__Gamblers (20)
The_1__Gamblers bids 0
UDF1 bids 170
UDF1 won the auction and was revealed [5d]
Flop [8d 5c 2c], UDF1 (20), The_1__Gamblers (20)
The_1__Gamblers bets 24
UDF1 folds
UDF1 awarded -20
The_1__Gamblers awarded 20

Round #629, The_1__Gamblers (50840), UDF1 (-50840)
The_1__Gamblers posts blind: 10
UDF1 posts blind: 20
The_1__Gamblers received [Jc 3s]
UDF1 received [Qs 9d]
The_1__Gamblers calls
UDF1 checks
Flop [4c 7d 6d], The_1__Gamblers (20), UDF1 (20)
UDF1 bids 157
The_1__Gamblers bids 0
UDF1 won the auction and was revealed [Jc]
Flop [4c 7d 6d], The_1__Gamblers (20), UDF1 (20)
UDF1 bets 2713
The_1__Gamblers folds
The_1__Gamblers awarded -20
UDF1 awarded 20

Round #630, UDF1 (-50820), The_1__Gamblers (50820)
UDF1 posts blind: 10
The_1__Gamblers posts blind: 20
UDF1 received [8h 2c]
The_1__Gamblers received [5c 9s]
UDF1 raises to 686
The_1__Gamblers calls
Flop [4d 3d 4h], UDF1 (686), The_1__Gamblers (686)
The_1__Gamblers bids 0
UDF1 bids 305
UDF1 won the auction and was revealed [5c]
Flop [4d 3d 4h], UDF1 (686), The_1__Gamblers (686)
The_1__Gamblers checks
UDF1 bets 2106
The_1__Gamblers folds
UDF1 awarded 686
The_1__Gamblers awarded -686

Round #631, The_1__Gamblers (50134), UDF1 (-50134)
The_1__Gamblers posts blind: 10
UDF1 posts blind: 20
The_1__Gamblers received [Ks 6h]
UDF1 received [Kh 7d]
The_1__Gamblers calls
UDF1 checks
Flop [Jd Jh 4c], The_1__Gamblers (20), UDF1 (20)
UDF1 bids 166
The_1__Gamblers bids 0
UDF1 won the auction and was revealed [Ks]
Flop [Jd Jh 4c], The_1__Gamblers (20), UDF1 (20)
UDF1 bets 2454
The_1__Gamblers folds
The_1__Gamblers awarded -20
UDF1 awarded 20

Round #632, UDF1 (-50114), The_1__Gamblers (50114)
UDF1 posts blind: 10
The_1__Gamblers posts blind: 20
UDF1 received [6s Ac]
The_1__Gamblers received [Qd 9c]
UDF1 folds
UDF1 awarded -10
The_1__Gamblers awarded 10

Round #633, The_1__Gamblers (50124), UDF1 (-50124)
The_1__Gamblers posts blind: 10
UDF1 posts blind: 20
The_1__Gamblers received [9s 3c]
UDF1 received [Kc 9d]
The_1__Gamblers calls
UDF1 checks
Flop [7h 6s 8c], The_1__Gamblers (20), UDF1 (20)
UDF1 bids 158
The_1__Gamblers bids 0
UDF1 won the auction and was revealed [9s]
Flop [7h 6s 8c], The_1__Gamblers (20), UDF1 (20)
UDF1 bets 2501
The_1__Gamblers folds
The_1__Gamblers awarded -20
UDF1 awarded 20

Round #634, UDF1 (-50104), The_1__Gamblers (50104)
UDF1 posts blind: 10
The_1__Gamblers posts blind: 20
UDF1 received [8h 7s]
The_1__Gamblers received [Ah Qc]
UDF1 folds
UDF1 awarded -10
The_1__Gamblers awarded 10

Round #635, The_1__Gamblers (50114), UDF1 (-50114)
The_1__Gamblers posts blind: 10
UDF1 posts blind: 20
The_1__Gamblers received [4h Qh]
UDF1 received [9h 2h]
The_1__Gamblers calls
UDF1 checks
Flop [9s 7d 7s], The_1__Gamblers (20), UDF1 (20)
UDF1 bids 163
The_1__Gamblers bids 0
UDF1 won the auction and was revealed [Qh]
Flop [9s 7d 7s], The_1__Gamblers (20), UDF1 (20)
UDF1 bets 2615
The_1__Gamblers folds
The_1__Gamblers awarded -20
UDF1 awarded 20

Round #636, UDF1 (-50094), The_1__Gamblers (50094)
UDF1 posts blind: 10
The_1__Gamblers posts blind: 20
UDF1 received [7s Td]
The_1__Gamblers received [Ah 9d]
UDF1 raises to 738
The_1__Gamblers calls
Flop [8c 5d Ks], UDF1 (738), The_1__Gamblers (738)
The_1__Gamblers bids 0
UDF1 bids 324
UDF1 won the auction and was revealed [9d]
Flop [8c 5d Ks], UDF1 (738), The_1__Gamblers (738)
The_1__Gamblers bets 885
UDF1 calls
Turn [8c 5d Ks 2d], UDF1 (1623), The_1__Gamblers (1623)
The_1__Gamblers bets 1947
UDF1 folds
UDF1 awarded -1623
The_1__Gamblers awarded 1623

Round #637, The_1__Gamblers (51717), UDF1 (-51717)
The_1__Gamblers posts blind: 10
UDF1 posts blind: 20
The_1__Gamblers received [Ac 2h]
UDF1 received [6h 4s]
The_1__Gamblers calls
UDF1 checks
Flop [Ts 5c Js], The_1__Gamblers (20), UDF1 (20)
UDF1 bids 160
The_1__Gamblers bids 0
UDF1 won the auction and was revealed [Ac]
Flop [Ts 5c Js], The_1__Gamblers (20), UDF1 (20)
UDF1 bets 2578
The_1__Gamblers folds
The_1__Gamblers awarded -20
UDF1 awarded 20

Round #638, UDF1 (-51697), The_1__Gamblers (51697)
UDF1 posts blind: 10
The_1__Gamblers posts blind: 20
UDF1 received [Kh 3c]
The_1__Gamblers received [5h 9d]
UDF1 folds
UDF1 awarded -10
The_1__Gamblers awarded 10

Round #639, The_1__Gamblers (51707), UDF1 (-51707)
The_1__Gamblers posts blind: 10
UDF1 posts blind: 20
The_1__Gamblers received [Jd Jc]
UDF1 received [Kc Qh]
The_1__Gamblers calls
UDF1 raises to 3384
The_1__Gamblers calls
Flop [Js Qs Ad], The_1__Gamblers (3384), UDF1 (3384)
UDF1 bids 0
The_1__Gamblers bids 0
The_1__Gamblers won the auction and was revealed [Qh]
UDF1 won the auction and was revealed [Jd]
Flop [Js Qs Ad], The_1__Gamblers (3384), UDF1 (3384)
UDF1 bets 919
The_1__Gamblers raises to 1616
UDF1 calls
Turn [Js Qs Ad As], The_1__Gamblers (5000), UDF1 (5000)
UDF1 checks
The_1__Gamblers checks
River [Js Qs Ad As 4h], The_1__Gamblers (5000), UDF1 (5000)
UDF1 checks
The_1__Gamblers checks
The_1__Gamblers shows [Jd Jc]
UDF1 shows [Kc Qh]
The_1__Gamblers awarded 5000
UDF1 awarded -5000

Round #640, UDF1 (-56707), The_1__Gamblers (56707)
UDF1 posts blind: 10
The_1__Gamblers posts blind: 20
UDF1 received [Ad Qh]
The_1__Gamblers received [7h 6h]
UDF1 raises to 3856
The_1__Gamblers calls
Flop [Tc Th 9s], UDF1 (3856), The_1__Gamblers (3856)
The_1__Gamblers bids 0
UDF1 bids 1026
UDF1 won the auction and was revealed [6h]
Flop [Tc Th 9s], UDF1 (3856), The_1__Gamblers (3856)
The_1__Gamblers checks
UDF1 bets 593
The_1__Gamblers calls
Turn [Tc Th 9s Kc], UDF1 (4449), The_1__Gamblers (4449)
The_1__Gamblers checks
UDF1 bets 303
The_1__Gamblers calls
River [Tc Th 9s Kc 2s], UDF1 (4752), The_1__Gamblers (4752)
The_1__Gamblers checks
UDF1 bets 144
The_1__Gamblers folds
UDF1 awarded 4752
The_1__Gamblers awarded -4752

Round #641, The_1__Gamblers (51955), UDF1 (-51955)
The_1__Gamblers posts blind: 10
UDF1 posts blind: 20
The_1__Gamblers received [Ks 5d]
UDF1 received [7h 2d]
The_1__Gamblers calls
UDF1 checks
Flop [Qd 7d 8h], The_1__Gamblers (20), UDF1 (20)
UDF1 bids 160
The_1__Gamblers bids 0
UDF1 won the auction and was revealed [5d]
Flop [Qd 7d 8h], The_1__Gamblers (20), UDF1 (20)
UDF1 bets 3348
The_1__Gamblers folds
The_1__Gamblers awarded -20
UDF1 awarded 20

Round #642, UDF1 (-51935), The_1__Gamblers (51935)
UDF1 posts blind: 10
The_1__Gamblers posts blind: 20
UDF1 received [Qs 4c]
The_1__Gamblers received [Tc 3h]
UDF1 calls
The_1__Gamblers checks
Flop [Kd Jd 6d], UDF1 (20), The_1__Gamblers (20)
The_1__Gamblers bids 0
UDF1 bids 159
UDF1 won the auction and was revealed [Tc]
Flop [Kd Jd 6d], UDF1 (20), The_1__Gamblers (20)
The_1__Gamblers checks
UDF1 bets 2702
The_1__Gamblers folds
UDF1 awarded 20
The_1__Gamblers awarded -20

Round #643, The_1__Gamblers (51915), UDF1 (-51915)
The_1__Gamblers posts blind: 10
UDF1 posts blind: 20
The_1__Gamblers received [Td 7c]
UDF1 received [Qh 9d]
The_1__Gamblers calls
UDF1 checks
Flop [As Jc Qd], The_1__Gamblers (20), UDF1 (20)
UDF1 bids 168
The_1__Gamblers bids 0
UDF1 won the auction and was revealed [7c]
Flop [As Jc Qd], The_1__Gamblers (20), UDF1 (20)
UDF1 bets 3092
The_1__Gamblers folds
The_1__Gamblers awarded -20
UDF1 awarded 20

Round #644, UDF1 (-51895), The_1__Gamblers (51895)
UDF1 posts blind: 10
The_1__Gamblers posts blind: 20
UDF1 received [8s Ad]
The_1__Gamblers received [8h 6h]
UDF1 calls
The_1__Gamblers checks
Flop [4d Jd 7c], UDF1 (20), The_1__Gamblers (20)
The_1__Gamblers bids 0
UDF1 bids 170
UDF1 won the auction and was revealed [6h]
Flop [4d Jd 7c], UDF1 (20), The_1__Gamblers (20)
The_1__Gamblers checks
UDF1 bets 3330
The_1__Gamblers folds
UDF1 awarded 20
The_1__Gamblers awarded -20

Round #645, The_1__Gamblers (51875), UDF1 (-51875)
The_1__Gamblers posts blind: 10
UDF1 posts blind: 20
The_1__Gamblers received [4c 5c]
UDF1 received [5s Tc]
The_1__Gamblers calls
UDF1 raises to 782
The_1__Gamblers calls
Flop [Jc 7d 2s], The_1__Gamblers (782), UDF1 (782)
UDF1 bids 338
The_1__Gamblers bids 0
UDF1 won the auction and was revealed [5c]
Flop [Jc 7d 2s], The_1__Gamblers (782), UDF1 (782)
UDF1 bets 2441
The_1__Gamblers folds
The_1__Gamblers awarded -782
UDF1 awarded 782

Round #646, UDF1 (-51093), The_1__Gamblers (51093)
UDF1 posts blind: 10
The_1__Gamblers posts blind: 20
UDF1 received [4d 8s]
The_1__Gamblers received [Qc 9d]
UDF1 raises to 432
The_1__Gamblers calls
Flop [Qs 8h Ts], UDF1 (432), The_1__Gamblers (432)
The_1__Gamblers bids 0
UDF1 bids 261
UDF1 won the auction and was revealed [9d]
Flop [Qs 8h Ts], UDF1 (432), The_1__Gamblers (432)
The_1__Gamblers bets 518
UDF1 calls
Turn [Qs 8h Ts 9c], UDF1 (950), The_1__Gamblers (950)
The_1__Gamblers bets 1140
UDF1 folds
UDF1 awarded -950
The_1__Gamblers awarded 950

Round #647, The_1__Gamblers (52043), UDF1 (-52043)
The_1__Gamblers posts blind: 10
UDF1 posts blind: 20
The_1__Gamblers received [5s 9c]
UDF1 received [8c Kh]
The_1__Gamblers calls
UDF1 checks
Flop [Qc Ac 7h], The_1__Gamblers (20), UDF1 (20)
UDF1 bids 164
The_1__Gamblers bids 0
UDF1 won the auction and was revealed [9c]
Flop [Qc Ac 7h], The_1__Gamblers (20), UDF1 (20)
UDF1 bets 2997
The_1__Gamblers folds
The_1__Gamblers awarded -20
UDF1 awarded 20

Round #648, UDF1 (-52023), The_1__Gamblers (52023)
UDF1 posts blind: 10
The_1__Gamblers posts blind: 20
UDF1 received [Kc 2h]
The_1__Gamblers received [Tc 8d]
UDF1 folds
UDF1 awarded -10
The_1__Gamblers awarded 10

Round #649, The_1__Gamblers (52033), UDF1 (-52033)
The_1__Gamblers posts blind: 10
UDF1 posts blind: 20
The_1__Gamblers received [Qh Kd]
UDF1 received [6s 9d]
The_1__Gamblers calls
UDF1 checks
Flop [Qd 2h 3s], The_1__Gamblers (20), UDF1 (20)
UDF1 bids 158
The_1__Gamblers bids 0
UDF1 won the auction and was revealed [Kd]
Flop [Qd 2h 3s], The_1__Gamblers (20), UDF1 (20)
UDF1 bets 2753
The_1__Gamblers raises to 4980
UDF1 folds
The_1__Gamblers awarded 2773
UDF1 awarded -2773

Round #650, UDF1 (-54806), The_1__Gamblers (54806)
UDF1 posts blind: 10
The_1__Gamblers posts blind: 20
UDF1 received [Jc Jh]
The_1__Gamblers received [6d Qc]
UDF1 raises to 4357
The_1__Gamblers calls
Flop [3c 4d Tc], UDF1 (4357), The_1__Gamblers (4357)
The_1__Gamblers bids 0
UDF1 bids 643
UDF1 won the auction and was revealed [6d]
Flop [3c 4d Tc], UDF1 (4357), The_1__Gamblers (4357)
The_1__Gamblers checks
UDF1 bets 434
The_1__Gamblers raises to 643
UDF1 calls
Turn [3c 4d Tc 8c], UDF1 (5000), The_1__Gamblers (5000)
The_1__Gamblers checks
UDF1 checks
River [3c 4d Tc 8c 8d], UDF1 (5000), The_1__Gamblers (5000)
The_1__Gamblers checks
UDF1 checks
UDF1 shows [Jc Jh]
The_1__Gamblers shows [6d Qc]
UDF1 awarded 5000
The_1__Gamblers awarded -5000

Round #651, The_1__Gamblers (49806), UDF1 (-49806)
The_1__Gamblers posts blind: 10
UDF1 posts blind: 20
The_1__Gamblers received [As 7c]
UDF1 received [Td 3c]
The_1__Gamblers calls
UDF1 raises to 421
The_1__Gamblers calls
Flop [Jc 8c 8h], The_1__Gamblers (421), UDF1 (421)
UDF1 bids 257
The_1__Gamblers bids 0
UDF1 won the auction and was revealed [As]
Flop [Jc 8c 8h], The_1__Gamblers (421), UDF1 (421)
UDF1 bets 2416
The_1__Gamblers calls
Turn [Jc 8c 8h 9d], The_1__Gamblers (2837), UDF1 (2837)
UDF1 bets 845
The_1__Gamblers calls
River [Jc 8c 8h 9d Jd], The_1__Gamblers (3682), UDF1 (3682)
UDF1 bets 483
The_1__Gamblers calls
The_1__Gamblers shows [As 7c]
UDF1 shows [Td 3c]
The_1__Gamblers awarded 4165
UDF1 awarded -4165

Round #652, UDF1 (-53971), The_1__Gamblers (53971)
UDF1 posts blind: 10
The_1__Gamblers posts blind: 20
UDF1 received [3h 4h]
The_1__Gamblers received [Qd Kh]
UDF1 raises to 337
The_1__Gamblers calls
Flop [Qc 8c Jd], UDF1 (337), The_1__Gamblers (337)
The_1__Gamblers bids 0
UDF1 bids 225
UDF1 won the auction and was revealed [Qd]
Flop [Qc 8c Jd], UDF1 (337), The_1__Gamblers (337)
The_1__Gamblers bets 404
UDF1 folds
UDF1 awarded -337
The_1__Gamblers awarded 337

Round #653, The_1__Gamblers (54308), UDF1 (-54308)
The_1__Gamblers posts blind: 10
UDF1 posts blind: 20
The_1__Gamblers received [7s Jd]
UDF1 received [3h 4c]
The_1__Gamblers calls
UDF1 checks
Flop [2s 7h Ah], The_1__Gamblers (20), UDF1 (20)
UDF1 bids 159
The_1__Gamblers bids 0
UDF1 won the auction and was revealed [7s]
Flop [2s 7h Ah], The_1__Gamblers (20), UDF1 (20)
UDF1 bets 2534
The_1__Gamblers raises to 4980
UDF1 folds
The_1__Gamblers awarded 2554
UDF1 awarded -2554

Round #654, UDF1 (-56862), The_1__Gamblers (56862)
UDF1 posts blind: 10
The_1__Gamblers posts blind: 20
UDF1 received [9s 4s]
The_1__Gamblers received [4c 2c]
UDF1 folds
UDF1 awarded -10
The_1__Gamblers awarded 10

Round #655, The_1__Gamblers (56872), UDF1 (-56872)
The_1__Gamblers posts blind: 10
UDF1 posts blind: 20
The_1__Gamblers received [Qc Qd]
UDF1 received [5h Td]
The_1__Gamblers calls
UDF1 checks
Flop [5s Tc Ac], The_1__Gamblers (20), UDF1 (20)
UDF1 bids 167
The_1__Gamblers bids 0
UDF1 won the auction and was revealed [Qc]
Flop [5s Tc Ac], The_1__Gamblers (20), UDF1 (20)
UDF1 bets 3313
The_1__Gamblers raises to 4980
UDF1 calls
Turn [5s Tc Ac 6s], The_1__Gamblers (5000), UDF1 (5000)
UDF1 checks
The_1__Gamblers checks
River [5s Tc Ac 6s 8c], The_1__Gamblers (5000), UDF1 (5000)
UDF1 checks
The_1__Gamblers checks
The_1__Gamblers shows [Qc Qd]
UDF1 shows [5h Td]
The_1__Gamblers awarded -5000
UDF1 awarded 5000

Round #656, UDF1 (-51872), The_1__Gamblers (51872)
UDF1 posts blind: 10
The_1__Gamblers posts blind: 20
UDF1 received [5c 7c]
The_1__Gamblers received [Qc As]
UDF1 folds
UDF1 awarded -10
The_1__Gamblers awarded 10

Round #657, The_1__Gamblers (51882), UDF1 (-51882)
The_1__Gamblers posts blind: 10
UDF1 posts blind: 20
The_1__Gamblers received [9s Qc]
UDF1 received [4d Th]
The_1__Gamblers calls
UDF1 checks
Flop [Jh 8d 8s], The_1__Gamblers (20), UDF1 (20)
UDF1 bids 155
The_1__Gamblers bids 0
UDF1 won the auction and was revealed [Qc]
Flop [Jh 8d 8s], The_1__Gamblers (20), UDF1 (20)
UDF1 bets 2197
The_1__Gamblers folds
The_1__Gamblers awarded -20
UDF1 awarded 20

Round #658, UDF1 (-51862), The_1__Gamblers (51862)
UDF1 posts blind: 10
The_1__Gamblers posts blind: 20
UDF1 received [2h Kh]
The_1__Gamblers received [9s 3c]
UDF1 raises to 454
The_1__Gamblers calls
Flop [6d Ah Ks], UDF1 (454), The_1__Gamblers (454)
The_1__Gamblers bids 0
UDF1 bids 0
UDF1 won the auction and was revealed [9s]
The_1__Gamblers won the auction and was revealed [2h]
Flop [6d Ah Ks], UDF1 (454), The_1__Gamblers (454)
The_1__Gamblers checks
UDF1 bets 3400
The_1__Gamblers folds
UDF1 awarded 454
The_1__Gamblers awarded -454

Round #659, The_1__Gamblers (51408), UDF1 (-51408)
The_1__Gamblers posts blind: 10
UDF1 posts blind: 20
The_1__Gamblers received [3s Qh]
UDF1 received [8d 6h]
The_1__Gamblers calls
UDF1 checks
Flop [9d Ac 5s], The_1__Gamblers (20), UDF1 (20)
UDF1 bids 161
The_1__Gamblers bids 0
UDF1 won the auction and was revealed [Qh]
Flop [9d Ac 5s], The_1__Gamblers (20), UDF1 (20)
UDF1 bets 2383
The_1__Gamblers folds
The_1__Gamblers awarded -20
UDF1 awarded 20

Round #660, UDF1 (-51388), The_1__Gamblers (51388)
UDF1 posts blind: 10
The_1__Gamblers posts blind: 20
UDF1 received [Ah 3c]
The_1__Gamblers received [5c Qs]
UDF1 folds
UDF1 awarded -10
The_1__Gamblers awarded 10

Round #661, The_1__Gamblers (51398), UDF1 (-51398)
The_1__Gamblers posts blind: 10
UDF1 posts blind: 20
The_1__Gamblers received [7s 3d]
UDF1 received [Qc Ts]
The_1__Gamblers calls
UDF1 raises to 670
The_1__Gamblers calls
Flop [3s Jd 6s], The_1__Gamblers (670), UDF1 (670)
UDF1 bids 311
The_1__Gamblers bids 0
UDF1 won the auction and was revealed [7s]
Flop [3s Jd 6s], The_1__Gamblers (670), UDF1 (670)
UDF1 bets 2522
The_1__Gamblers calls
Turn [3s Jd 6s 6d], The_1__Gamblers (3192), UDF1 (3192)
UDF1 bets 1056
The_1__Gamblers raises to 1808
UDF1 calls
River [3s Jd 6s 6d Ks], The_1__Gamblers (5000), UDF1 (5000)
UDF1 checks
The_1__Gamblers checks
The_1__Gamblers shows [7s 3d]
UDF1 shows [Qc Ts]
The_1__Gamblers awarded 5000
UDF1 awarded -5000

Round #662, UDF1 (-56398), The_1__Gamblers (56398)
UDF1 posts blind: 10
The_1__Gamblers posts blind: 20
UDF1 received [Ad 4s]
The_1__Gamblers received [Td 5s]
UDF1 calls
The_1__Gamblers checks
Flop [Qc Ts 3h], UDF1 (20), The_1__Gamblers (20)
The_1__Gamblers bids 0
UDF1 bids 165
UDF1 won the auction and was revealed [5s]
Flop [Qc Ts 3h], UDF1 (20), The_1__Gamblers (20)
The_1__Gamblers bets 24
UDF1 calls
Turn [Qc Ts 3h Qd], UDF1 (44), The_1__Gamblers (44)
The_1__Gamblers bets 52
UDF1 raises to 2661
The_1__Gamblers raises to 4956
UDF1 calls
River [Qc Ts 3h Qd 5d], UDF1 (5000), The_1__Gamblers (5000)
The_1__Gamblers checks
UDF1 checks
UDF1 shows [Ad 4s]
The_1__Gamblers shows [Td 5s]
UDF1 awarded -5000
The_1__Gamblers awarded 5000

Round #663, The_1__Gamblers (61398), UDF1 (-61398)
The_1__Gamblers posts blind: 10
UDF1 posts blind: 20
The_1__Gamblers received [2d Kh]
UDF1 received [6h Td]
The_1__Gamblers calls
UDF1 raises to 611
The_1__Gamblers calls
Flop [8d Jc 5s], The_1__Gamblers (611), UDF1 (611)
UDF1 bids 303
The_1__Gamblers bids 0
UDF1 won the auction and was revealed [Kh]
Flop [8d Jc 5s], The_1__Gamblers (611), UDF1 (611)
UDF1 bets 2068
The_1__Gamblers folds
The_1__Gamblers awarded -611
UDF1 awarded 611

Round #664, UDF1 (-60787), The_1__Gamblers (60787)
UDF1 posts blind: 10
The_1__Gamblers posts blind: 20
UDF1 received [6c 6s]
The_1__Gamblers received [3s Kd]
UDF1 calls
The_1__Gamblers checks
Flop [Kc 9h Ts], UDF1 (20), The_1__Gamblers (20)
The_1__Gamblers bids 0
UDF1 bids 164
UDF1 won the auction and was revealed [3s]
Flop [Kc 9h Ts], UDF1 (20), The_1__Gamblers (20)
The_1__Gamblers bets 24
UDF1 raises to 3361
The_1__Gamblers raises to 4980
UDF1 calls
Turn [Kc 9h Ts 2c], UDF1 (5000), The_1__Gamblers (5000)
The_1__Gamblers checks
UDF1 checks
River [Kc 9h Ts 2c Qc], UDF1 (5000), The_1__Gamblers (5000)
The_1__Gamblers checks
UDF1 checks
UDF1 shows [6c 6s]
The_1__Gamblers shows [3s Kd]
UDF1 awarded -5000
The_1__Gamblers awarded 5000

Round #665, The_1__Gamblers (65787), UDF1 (-65787)
The_1__Gamblers posts blind: 10
UDF1 posts blind: 20
The_1__Gamblers received [9h 6s]
UDF1 received [7s 8h]
The_1__Gamblers calls
UDF1 checks
Flop [8s 2d 4c], The_1__Gamblers (20), UDF1 (20)
UDF1 bids 164
The_1__Gamblers bids 0
UDF1 won the auction and was revealed [9h]
Flop [8s 2d 4c], The_1__Gamblers (20), UDF1 (20)
UDF1 bets 3183
The_1__Gamblers folds
The_1__Gamblers awarded -20
UDF1 awarded 20

Round #666, UDF1 (-65767), The_1__Gamblers (65767)
UDF1 posts blind: 10
The_1__Gamblers posts blind: 20
UDF1 received [Qh 7h]
The_1__Gamblers received [7s Td]
UDF1 calls
The_1__Gamblers checks
Flop [2c Jc 3h], UDF1 (20), The_1__Gamblers (20)
The_1__Gamblers bids 0
UDF1 bids 166
UDF1 won the auction and was revealed [Td]
Flop [2c Jc 3h], UDF1 (20), The_1__Gamblers (20)
The_1__Gamblers checks
UDF1 bets 2738
The_1__Gamblers folds
UDF1 awarded 20
The_1__Gamblers awarded -20

Round #667, The_1__Gamblers (65747), UDF1 (-65747)
The_1__Gamblers posts blind: 10
UDF1 posts blind: 20
The_1__Gamblers received [8s 6s]
UDF1 received [Qs 2h]
The_1__Gamblers calls
UDF1 raises to 595
The_1__Gamblers calls
Flop [Jd Tc 9c], The_1__Gamblers (595), UDF1 (595)
UDF1 bids 0
The_1__Gamblers bids 0
The_1__Gamblers won the auction and was revealed [Qs]
UDF1 won the auction and was revealed [8s]
Flop [Jd Tc 9c], The_1__Gamblers (595), UDF1 (595)
UDF1 bets 2251
The_1__Gamblers folds
The_1__Gamblers awarded -595
UDF1 awarded 595

Round #668, UDF1 (-65152), The_1__Gamblers (65152)
UDF1 posts blind: 10
The_1__Gamblers posts blind: 20
UDF1 received [8h Ts]
The_1__Gamblers received [Jd Ks]
UDF1 calls
The_1__Gamblers checks
Flop [Qc 9h Kh], UDF1 (20), The_1__Gamblers (20)
The_1__Gamblers bids 0
UDF1 bids 167
UDF1 won the auction and was revealed [Ks]
Flop [Qc 9h Kh], UDF1 (20), The_1__Gamblers (20)
The_1__Gamblers bets 24
UDF1 folds
UDF1 awarded -20
The_1__Gamblers awarded 20

Round #669, The_1__Gamblers (65172), UDF1 (-65172)
The_1__Gamblers posts blind: 10
UDF1 posts blind: 20
The_1__Gamblers received [3d 9d]
UDF1 received [9c 3h]
The_1__Gamblers calls
UDF1 checks
Flop [Qh 6c Qs], The_1__Gamblers (20), UDF1 (20)
UDF1 bids 158
The_1__Gamblers bids 0
UDF1 won the auction and was revealed [3d]
Flop [Qh 6c Qs], The_1__Gamblers (20), UDF1 (20)
UDF1 bets 2513
The_1__Gamblers folds
The_1__Gamblers awarded -20
UDF1 awarded 20

Round #670, UDF1 (-65152), The_1__Gamblers (65152)
UDF1 posts blind: 10
The_1__Gamblers posts blind: 20
UDF1 received [4s 6s]
The_1__Gamblers received [Tc 6h]
UDF1 calls
The_1__Gamblers checks
Flop [3h 9d 3d], UDF1 (20), The_1__Gamblers (20)
The_1__Gamblers bids 0
UDF1 bids 154
UDF1 won the auction and was revealed [Tc]
Flop [3h 9d 3d], UDF1 (20), The_1__Gamblers (20)
The_1__Gamblers checks
UDF1 bets 2254
The_1__Gamblers folds
UDF1 awarded 20
The_1__Gamblers awarded -20

Round #671, The_1__Gamblers (65132), UDF1 (-65132)
The_1__Gamblers posts blind: 10
UDF1 posts blind: 20
The_1__Gamblers received [Ad 2h]
UDF1 received [Qs Kc]
The_1__Gamblers calls
UDF1 raises to 3482
The_1__Gamblers calls
Flop [7h Tc Ac], The_1__Gamblers (3482), UDF1 (3482)
UDF1 bids 947
The_1__Gamblers bids 0
UDF1 won the auction and was revealed [2h]
Flop [7h Tc Ac], The_1__Gamblers (3482), UDF1 (3482)
UDF1 bets 987
The_1__Gamblers raises to 1518
UDF1 calls
Turn [7h Tc Ac Ah], The_1__Gamblers (5000), UDF1 (5000)
UDF1 checks
The_1__Gamblers checks
River [7h Tc Ac Ah Jh], The_1__Gamblers (5000), UDF1 (5000)
UDF1 checks
The_1__Gamblers checks
The_1__Gamblers shows [Ad 2h]
UDF1 shows [Qs Kc]
The_1__Gamblers awarded -5000
UDF1 awarded 5000

Round #672, UDF1 (-60132), The_1__Gamblers (60132)
UDF1 posts blind: 10
The_1__Gamblers posts blind: 20
UDF1 received [Kc 6c]
The_1__Gamblers received [5s Qs]
UDF1 calls
The_1__Gamblers checks
Flop [Th Qh Qd], UDF1 (20), The_1__Gamblers (20)
The_1__Gamblers bids 0
UDF1 bids 169
UDF1 won the auction and was revealed [Qs]
Flop [Th Qh Qd], UDF1 (20), The_1__Gamblers (20)
The_1__Gamblers bets 24
UDF1 folds
UDF1 awarded -20
The_1__Gamblers awarded 20

Round #673, The_1__Gamblers (60152), UDF1 (-60152)
The_1__Gamblers posts blind: 10
UDF1 posts blind: 20
The_1__Gamblers received [6c 2s]
UDF1 received [4h 5h]
The_1__Gamblers calls
UDF1 checks
Flop [2c 8h 5c], The_1__Gamblers (20), UDF1 (20)
UDF1 bids 161
The_1__Gamblers bids 0
UDF1 won the auction and was revealed [6c]
Flop [2c 8h 5c], The_1__Gamblers (20), UDF1 (20)
UDF1 bets 2931
The_1__Gamblers folds
The_1__Gamblers awarded -20
UDF1 awarded 20

Round #674, UDF1 (-60132), The_1__Gamblers (60132)
UDF1 posts blind: 10
The_1__Gamblers posts blind: 20
UDF1 received [Ks 3d]
The_1__Gamblers received [6d Qd]
UDF1 folds
UDF1 awarded -10
The_1__Gamblers awarded 10

Round #675, The_1__Gamblers (60142), UDF1 (-60142)
The_1__Gamblers posts blind: 10
UDF1 posts blind: 20
The_1__Gamblers received [Qh 2c]
UDF1 received [4d 7c]
The_1__Gamblers calls
UDF1 checks
Flop [Qc 8d 9d], The_1__Gamblers (20), UDF1 (20)
UDF1 bids 157
The_1__Gamblers bids 0
UDF1 won the auction and was revealed [2c]
Flop [Qc 8d 9d], The_1__Gamblers (20), UDF1 (20)
UDF1 bets 2837
The_1__Gamblers raises to 4980
UDF1 calls
Turn [Qc 8d 9d Qs], The_1__Gamblers (5000), UDF1 (5000)
UDF1 checks
The_1__Gamblers checks
River [Qc 8d 9d Qs 4h], The_1__Gamblers (5000), UDF1 (5000)
UDF1 checks
The_1__Gamblers checks
The_1__Gamblers shows [Qh 2c]
UDF1 shows [4d 7c]
The_1__Gamblers awarded 5000
UDF1 awarded -5000

Round #676, UDF1 (-65142), The_1__Gamblers (65142)
UDF1 posts blind: 10
The_1__Gamblers posts blind: 20
UDF1 received [6c 6h]
The_1__Gamblers received [5c Ad]
UDF1 raises to 1864
The_1__Gamblers calls
Flop [3h Qs Td], UDF1 (1864), The_1__Gamblers (1864)
The_1__Gamblers bids 0
UDF1 bids 623
UDF1 won the auction and was revealed [Ad]
Flop [3h Qs Td], UDF1 (1864), The_1__Gamblers (1864)
The_1__Gamblers bets 2236
UDF1 calls
Turn [3h Qs Td 9h], UDF1 (4100), The_1__Gamblers (4100)
The_1__Gamblers checks
UDF1 bets 507
The_1__Gamblers raises to 900
UDF1 calls
River [3h Qs Td 9h Ks], UDF1 (5000), The_1__Gamblers (5000)
The_1__Gamblers checks
UDF1 checks
UDF1 shows [6c 6h]
The_1__Gamblers shows [5c Ad]
UDF1 awarded 5000
The_1__Gamblers awarded -5000

Round #677, The_1__Gamblers (60142), UDF1 (-60142)
The_1__Gamblers posts blind: 10
UDF1 posts blind: 20
The_1__Gamblers received [6h 2h]
UDF1 received [5h 8d]
The_1__Gamblers calls
UDF1 raises to 578
The_1__Gamblers calls
Flop [7c Tc Jh], The_1__Gamblers (578), UDF1 (578)
UDF1 bids 292
The_1__Gamblers bids 0
UDF1 won the auction and was revealed [6h]
Flop [7c Tc Jh], The_1__Gamblers (578), UDF1 (578)
UDF1 bets 2366
The_1__Gamblers folds
The_1__Gamblers awarded -578
UDF1 awarded 578

Round #678, UDF1 (-59564), The_1__Gamblers (59564)
UDF1 posts blind: 10
The_1__Gamblers posts blind: 20
UDF1 received [8d 4h]
The_1__Gamblers received [3c Kc]
UDF1 calls
The_1__Gamblers checks
Flop [4s Th Jh], UDF1 (20), The_1__Gamblers (20)
The_1__Gamblers bids 0
UDF1 bids 163
UDF1 won the auction and was revealed [Kc]
Flop [4s Th Jh], UDF1 (20), The_1__Gamblers (20)
The_1__Gamblers checks
UDF1 bets 3266
The_1__Gamblers folds
UDF1 awarded 20
The_1__Gamblers awarded -20

Round #679, The_1__Gamblers (59544), UDF1 (-59544)
The_1__Gamblers posts blind: 10
UDF1 posts blind: 20
The_1__Gamblers received [Td 3h]
UDF1 received [4s 5c]
The_1__Gamblers calls
UDF1 raises to 337
The_1__Gamblers calls
Flop [2c 9h Ks], The_1__Gamblers (337), UDF1 (337)
UDF1 bids 228
The_1__Gamblers bids 0
UDF1 won the auction and was revealed [3h]
Flop [2c 9h Ks], The_1__Gamblers (337), UDF1 (337)
UDF1 bets 2524
The_1__Gamblers folds
The_1__Gamblers awarded -337
UDF1 awarded 337

Round #680, UDF1 (-59207), The_1__Gamblers (59207)
UDF1 posts blind: 10
The_1__Gamblers posts blind: 20
UDF1 received [8h 3c]
The_1__Gamblers received [9d Jd]
UDF1 calls
The_1__Gamblers checks
Flop [2c 6h Jc], UDF1 (20), The_1__Gamblers (20)
The_1__Gamblers bids 0
UDF1 bids 168
UDF1 won the auction and was revealed [9d]
Flop [2c 6h Jc], UDF1 (20), The_1__Gamblers (20)
The_1__Gamblers bets 24
UDF1 folds
UDF1 awarded -20
The_1__Gamblers awarded 20

Round #681, The_1__Gamblers (59227), UDF1 (-59227)
The_1__Gamblers posts blind: 10
UDF1 posts blind: 20
The_1__Gamblers received [Ah Ad]
UDF1 received [2h Jd]
The_1__Gamblers calls
UDF1 raises to 342
The_1__Gamblers calls
Flop [Kh 7h Td], The_1__Gamblers (342), UDF1 (342)
UDF1 bids 0
The_1__Gamblers bids 0
The_1__Gamblers won the auction and was revealed [2h]
UDF1 won the auction and was revealed [Ad]
Flop [Kh 7h Td], The_1__Gamblers (342), UDF1 (342)
UDF1 bets 2400
The_1__Gamblers raises to 4658
UDF1 calls
Turn [Kh 7h Td Ks], The_1__Gamblers (5000), UDF1 (5000)
UDF1 checks
The_1__Gamblers checks
River [Kh 7h Td Ks 9d], The_1__Gamblers (5000), UDF1 (5000)
UDF1 checks
The_1__Gamblers checks
The_1__Gamblers shows [Ah Ad]
UDF1 shows [2h Jd]
The_1__Gamblers awarded 5000
UDF1 awarded -5000

Round #682, UDF1 (-64227), The_1__Gamblers (64227)
UDF1 posts blind: 10
The_1__Gamblers posts blind: 20
UDF1 received [6c 8s]
The_1__Gamblers received [2s 2h]
UDF1 calls
The_1__Gamblers checks
Flop [Qs Ad 4s], UDF1 (20), The_1__Gamblers (20)
The_1__Gamblers bids 0
UDF1 bids 158
UDF1 won the auction and was revealed [2s]
Flop [Qs Ad 4s], UDF1 (20), The_1__Gamblers (20)
The_1__Gamblers bets 24
UDF1 calls
Turn [Qs Ad 4s 8c], UDF1 (44), The_1__Gamblers (44)
The_1__Gamblers bets 52
UDF1 raises to 3053
The_1__Gamblers folds
UDF1 awarded 96
The_1__Gamblers awarded -96

Round #683, The_1__Gamblers (64131), UDF1 (-64131)
The_1__Gamblers posts blind: 10
UDF1 posts blind: 20
The_1__Gamblers received [Jc 6d]
UDF1 received [Jh 2c]
The_1__Gamblers calls
UDF1 checks
Flop [Kh 3c 6c], The_1__Gamblers (20), UDF1 (20)
UDF1 bids 166
The_1__Gamblers bids 0
UDF1 won the auction and was revealed [Jc]
Flop [Kh 3c 6c], The_1__Gamblers (20), UDF1 (20)
UDF1 bets 2563
The_1__Gamblers raises to 4980
UDF1 folds
The_1__Gamblers awarded 2583
UDF1 awarded -2583

Round #684, UDF1 (-66714), The_1__Gamblers (66714)
UDF1 posts blind: 10
The_1__Gamblers posts blind: 20
UDF1 received [3d 6c]
The_1__Gamblers received [9c Ts]
UDF1 folds
UDF1 awarded -10
The_1__Gamblers awarded 10

Round #685, The_1__Gamblers (66724), UDF1 (-66724)
The_1__Gamblers posts blind: 10
UDF1 posts blind: 20
The_1__Gamblers received [Ks 6d]
UDF1 received [9s Jh]
The_1__Gamblers calls
UDF1 checks
Flop [8c 5h Jc], The_1__Gamblers (20), UDF1 (20)
UDF1 bids 163
The_1__Gamblers bids 0
UDF1 won the auction and was revealed [Ks]
Flop [8c 5h Jc], The_1__Gamblers (20), UDF1 (20)
UDF1 bets 3555
The_1__Gamblers folds
The_1__Gamblers awarded -20
UDF1 awarded 20

Round #686, UDF1 (-66704), The_1__Gamblers (66704)
UDF1 posts blind: 10
The_1__Gamblers posts blind: 20
UDF1 received [5c Th]
The_1__Gamblers received [8d Kc]
UDF1 calls
The_1__Gamblers checks
Flop [6c 9h 9d], UDF1 (20), The_1__Gamblers (20)
The_1__Gamblers bids 0
UDF1 bids 158
UDF1 won the auction and was revealed [8d]
Flop [6c 9h 9d], UDF1 (20), The_1__Gamblers (20)
The_1__Gamblers bets 24
UDF1 calls
Turn [6c 9h 9d Ks], UDF1 (44), The_1__Gamblers (44)
The_1__Gamblers bets 52
UDF1 calls
River [6c 9h 9d Ks Ac], UDF1 (96), The_1__Gamblers (96)
The_1__Gamblers bets 115
UDF1 calls
UDF1 shows [5c Th]
The_1__Gamblers shows [8d Kc]
UDF1 awarded -211
The_1__Gamblers awarded 211

Round #687, The_1__Gamblers (66915), UDF1 (-66915)
The_1__Gamblers posts blind: 10
UDF1 posts blind: 20
The_1__Gamblers received [2d Ks]
UDF1 received [3s 7h]
The_1__Gamblers calls
UDF1 raises to 761
The_1__Gamblers calls
Flop [6s 7s 7d], The_1__Gamblers (761), UDF1 (761)
UDF1 bids 345
The_1__Gamblers bids 0
UDF1 won the auction and was revealed [Ks]
Flop [6s 7s 7d], The_1__Gamblers (761), UDF1 (761)
UDF1 bets 2443
The_1__Gamblers folds
The_1__Gamblers awarded -761
UDF1 awarded 761

Round #688, UDF1 (-66154), The_1__Gamblers (66154)
UDF1 posts blind: 10
The_1__Gamblers posts blind: 20
UDF1 received [Th Qd]
The_1__Gamblers received [As 3s]
UDF1 raises to 687
The_1__Gamblers calls
Flop [6s 9h Tc], UDF1 (687), The_1__Gamblers (687)
The_1__Gamblers bids 0
UDF1 bids 326
UDF1 won the auction and was revealed [As]
Flop [6s 9h Tc], UDF1 (687), The_1__Gamblers (687)
The_1__Gamblers bets 824
UDF1 raises to 3447
The_1__Gamblers folds
UDF1 awarded 1511
The_1__Gamblers awarded -1511

Round #689, The_1__Gamblers (64643), UDF1 (-64643)
The_1__Gamblers posts blind: 10
UDF1 posts blind: 20
The_1__Gamblers received [Qc 6h]
UDF1 received [4s Kc]
The_1__Gamblers calls
UDF1 checks
Flop [2c Kh Td], The_1__Gamblers (20), UDF1 (20)
UDF1 bids 162
The_1__Gamblers bids 0
UDF1 won the auction and was revealed [6h]
Flop [2c Kh Td], The_1__Gamblers (20), UDF1 (20)
UDF1 bets 3805
The_1__Gamblers folds
The_1__Gamblers awarded -20
UDF1 awarded 20

Round #690, UDF1 (-64623), The_1__Gamblers (64623)
UDF1 posts blind: 10
The_1__Gamblers posts blind: 20
UDF1 received [Qd 5h]
The_1__Gamblers received [3d 4s]
UDF1 calls
The_1__Gamblers checks
Flop [2c Ac Ad], UDF1 (20), The_1__Gamblers (20)
The_1__Gamblers bids 0
UDF1 bids 164
UDF1 won the auction and was revealed [4s]
Flop [2c Ac Ad], UDF1 (20), The_1__Gamblers (20)
The_1__Gamblers checks
UDF1 bets 2997
The_1__Gamblers folds
UDF1 awarded 20
The_1__Gamblers awarded -20

Round #691, The_1__Gamblers (64603), UDF1 (-64603)
The_1__Gamblers posts blind: 10
UDF1 posts blind: 20
The_1__Gamblers received [Ks 3h]
UDF1 received [8c Jc]
The_1__Gamblers calls
UDF1 checks
Flop [2c 5d 5h], The_1__Gamblers (20), UDF1 (20)
UDF1 bids 166
The_1__Gamblers bids 0
UDF1 won the auction and was revealed [3h]
Flop [2c 5d 5h], The_1__Gamblers (20), UDF1 (20)
UDF1 bets 2630
The_1__Gamblers folds
The_1__Gamblers awarded -20
UDF1 awarded 20

Round #692, UDF1 (-64583), The_1__Gamblers (64583)
UDF1 posts blind: 10
The_1__Gamblers posts blind: 20
UDF1 received [Qs Kd]
The_1__Gamblers received [Jh 7h]
UDF1 raises to 3388
The_1__Gamblers calls
Flop [As Td 9c], UDF1 (3388), The_1__Gamblers (3388)
The_1__Gamblers bids 0
UDF1 bids 930
UDF1 won the auction and was revealed [Jh]
Flop [As Td 9c], UDF1 (3388), The_1__Gamblers (3388)
The_1__Gamblers checks
UDF1 bets 991
The_1__Gamblers calls
Turn [As Td 9c 4s], UDF1 (4379), The_1__Gamblers (4379)
The_1__Gamblers checks
UDF1 bets 384
The_1__Gamblers calls
River [As Td 9c 4s 5c], UDF1 (4763), The_1__Gamblers (4763)
The_1__Gamblers checks
UDF1 bets 152
The_1__Gamblers folds
UDF1 awarded 4763
The_1__Gamblers awarded -4763

Round #693, The_1__Gamblers (59820), UDF1 (-59820)
The_1__Gamblers posts blind: 10
UDF1 posts blind: 20
The_1__Gamblers received [9h As]
UDF1 received [8s Ad]
The_1__Gamblers calls
UDF1 checks
Flop [8h Qc 5d], The_1__Gamblers (20), UDF1 (20)
UDF1 bids 163
The_1__Gamblers bids 0
UDF1 won the auction and was revealed [9h]
Flop [8h Qc 5d], The_1__Gamblers (20), UDF1 (20)
UDF1 bets 3034
The_1__Gamblers folds
The_1__Gamblers awarded -20
UDF1 awarded 20

Round #694, UDF1 (-59800), The_1__Gamblers (59800)
UDF1 posts blind: 10
The_1__Gamblers posts blind: 20
UDF1 received [5h Ks]
The_1__Gamblers received [9c Jd]
UDF1 calls
The_1__Gamblers checks
Flop [2h 2s 3h], UDF1 (20), The_1__Gamblers (20)
The_1__Gamblers bids 0
UDF1 bids 159
UDF1 won the auction and was revealed [Jd]
Flop [2h 2s 3h], UDF1 (20), The_1__Gamblers (20)
The_1__Gamblers checks
UDF1 bets 2600
The_1__Gamblers folds
UDF1 awarded 20
The_1__Gamblers awarded -20

Round #695, The_1__Gamblers (59780), UDF1 (-59780)
The_1__Gamblers posts blind: 10
UDF1 posts blind: 20
The_1__Gamblers received [Th 3d]
UDF1 received [Ks Jc]
The_1__Gamblers calls
UDF1 raises to 1640
The_1__Gamblers calls
Flop [3h Kd Jd], The_1__Gamblers (1640), UDF1 (1640)
UDF1 bids 584
The_1__Gamblers bids 0
UDF1 won the auction and was revealed [3d]
Flop [3h Kd Jd], The_1__Gamblers (1640), UDF1 (1640)
UDF1 bets 2366
The_1__Gamblers raises to 3360
UDF1 calls
Turn [3h Kd Jd As], The_1__Gamblers (5000), UDF1 (5000)
UDF1 checks
The_1__Gamblers checks
River [3h Kd Jd As 4s], The_1__Gamblers (5000), UDF1 (5000)
UDF1 checks
The_1__Gamblers checks
The_1__Gamblers shows [Th 3d]
UDF1 shows [Ks Jc]
The_1__Gamblers awarded -5000
UDF1 awarded 5000

Round #696, UDF1 (-54780), The_1__Gamblers (54780)
UDF1 posts blind: 10
The_1__Gamblers posts blind: 20
UDF1 received [9d 3d]
The_1__Gamblers received [Qs Qc]
UDF1 folds
UDF1 awarded -10
The_1__Gamblers awarded 10

Round #697, The_1__Gamblers (54790), UDF1 (-54790)
The_1__Gamblers posts blind: 10
UDF1 posts blind: 20
The_1__Gamblers received [7h Qd]
UDF1 received [6c Jd]
The_1__Gamblers calls
UDF1 raises to 421
The_1__Gamblers calls
Flop [6d 6h As], The_1__Gamblers (421), UDF1 (421)
UDF1 bids 260
The_1__Gamblers bids 0
UDF1 won the auction and was revealed [7h]
Flop [6d 6h As], The_1__Gamblers (421), UDF1 (421)
UDF1 bets 3194
The_1__Gamblers folds
The_1__Gamblers awarded -421
UDF1 awarded 421

Round #698, UDF1 (-54369), The_1__Gamblers (54369)
UDF1 posts blind: 10
The_1__Gamblers posts blind: 20
UDF1 received [Kc Js]
The_1__Gamblers received [Qc 7h]
UDF1 calls
The_1__Gamblers checks
Flop [7s Ts 2c], UDF1 (20), The_1__Gamblers (20)
The_1__Gamblers bids 0
UDF1 bids 163
UDF1 won the auction and was revealed [Qc]
Flop [7s Ts 2c], UDF1 (20), The_1__Gamblers (20)
The_1__Gamblers bets 24
UDF1 calls
Turn [7s Ts 2c 2d], UDF1 (44), The_1__Gamblers (44)
The_1__Gamblers bets 52
UDF1 calls
River [7s Ts 2c 2d 5s], UDF1 (96), The_1__Gamblers (96)
The_1__Gamblers bets 115
UDF1 calls
UDF1 shows [Kc Js]
The_1__Gamblers shows [Qc 7h]
UDF1 awarded -211
The_1__Gamblers awarded 211

Round #699, The_1__Gamblers (54580), UDF1 (-54580)
The_1__Gamblers posts blind: 10
UDF1 posts blind: 20
The_1__Gamblers received [3d Kc]
UDF1 received [9d 2h]
The_1__Gamblers calls
UDF1 raises to 699
The_1__Gamblers calls
Flop [2c Jd Jh], The_1__Gamblers (699), UDF1 (699)
UDF1 bids 0
The_1__Gamblers bids 0
The_1__Gamblers won the auction and was revealed [9d]
UDF1 won the auction and was revealed [3d]
Flop [2c Jd Jh], The_1__Gamblers (699), UDF1 (699)
UDF1 bets 2471
The_1__Gamblers folds
The_1__Gamblers awarded -699
UDF1 awarded 699

Round #700, UDF1 (-53881), The_1__Gamblers (53881)
UDF1 posts blind: 10
The_1__Gamblers posts blind: 20
UDF1 received [Qh 2d]
The_1__Gamblers received [4h 2h]
UDF1 raises to 461
The_1__Gamblers calls
Flop [Th 8s 6d], UDF1 (461), The_1__Gamblers (461)
The_1__Gamblers bids 0
UDF1 bids 255
UDF1 won the auction and was revealed [4h]
Flop [Th 8s 6d], UDF1 (461), The_1__Gamblers (461)
The_1__Gamblers checks
UDF1 bets 2636
The_1__Gamblers folds
UDF1 awarded 461
The_1__Gamblers awarded -461

Round #701, The_1__Gamblers (53420), UDF1 (-53420)
The_1__Gamblers posts blind: 10
UDF1 posts blind: 20
The_1__Gamblers received [Kd 9c]
UDF1 received [Qc 9s]
The_1__Gamblers calls
UDF1 checks
Flop [6d 4d 2c], The_1__Gamblers (20), UDF1 (20)
UDF1 bids 167
The_1__Gamblers bids 0
UDF1 won the auction and was revealed [9c]
Flop [6d 4d 2c], The_1__Gamblers (20), UDF1 (20)
UDF1 bets 2485
The_1__Gamblers folds
The_1__Gamblers awarded -20
UDF1 awarded 20

Round #702, UDF1 (-53400), The_1__Gamblers (53400)
UDF1 posts blind: 10
The_1__Gamblers posts blind: 20
UDF1 received [9h 3c]
The_1__Gamblers received [2c 4h]
UDF1 calls
The_1__Gamblers checks
Flop [5h 6h 6d], UDF1 (20), The_1__Gamblers (20)
The_1__Gamblers bids 0
UDF1 bids 166
UDF1 won the auction and was revealed [4h]
Flop [5h 6h 6d], UDF1 (20), The_1__Gamblers (20)
The_1__Gamblers checks
UDF1 bets 2380
The_1__Gamblers folds
UDF1 awarded 20
The_1__Gamblers awarded -20

Round #703, The_1__Gamblers (53380), UDF1 (-53380)
The_1__Gamblers posts blind: 10
UDF1 posts blind: 20
The_1__Gamblers received [3h 7h]
UDF1 received [Qd 5s]
The_1__Gamblers calls
UDF1 checks
Flop [8c 4d 2s], The_1__Gamblers (20), UDF1 (20)
UDF1 bids 165
The_1__Gamblers bids 0
UDF1 won the auction and was revealed [7h]
Flop [8c 4d 2s], The_1__Gamblers (20), UDF1 (20)
UDF1 bets 2719
The_1__Gamblers folds
The_1__Gamblers awarded -20
UDF1 awarded 20

Round #704, UDF1 (-53360), The_1__Gamblers (53360)
UDF1 posts blind: 10
The_1__Gamblers posts blind: 20
UDF1 received [6c 9s]
The_1__Gamblers received [8s Qh]
UDF1 raises to 580
The_1__Gamblers calls
Flop [Ah 9d Jc], UDF1 (580), The_1__Gamblers (580)
The_1__Gamblers bids 0
UDF1 bids 294
UDF1 won the auction and was revealed [8s]
Flop [Ah 9d Jc], UDF1 (580), The_1__Gamblers (580)
The_1__Gamblers bets 696
UDF1 raises to 3303
The_1__Gamblers folds
UDF1 awarded 1276
The_1__Gamblers awarded -1276

Round #705, The_1__Gamblers (52084), UDF1 (-52084)
The_1__Gamblers posts blind: 10
UDF1 posts blind: 20
The_1__Gamblers received [6d Qd]
UDF1 received [9c Js]
The_1__Gamblers calls
UDF1 checks
Flop [Ac 9h Qs], The_1__Gamblers (20), UDF1 (20)
UDF1 bids 162
The_1__Gamblers bids 0
UDF1 won the auction and was revealed [Qd]
Flop [Ac 9h Qs], The_1__Gamblers (20), UDF1 (20)
UDF1 bets 2282
The_1__Gamblers raises to 4564
UDF1 folds
The_1__Gamblers awarded 2302
UDF1 awarded -2302

Round #706, UDF1 (-54386), The_1__Gamblers (54386)
UDF1 posts blind: 10
The_1__Gamblers posts blind: 20
UDF1 received [8c Jh]
The_1__Gamblers received [Qd Js]
UDF1 folds
UDF1 awarded -10
The_1__Gamblers awarded 10

Round #707, The_1__Gamblers (54396), UDF1 (-54396)
The_1__Gamblers posts blind: 10
UDF1 posts blind: 20
The_1__Gamblers received [4c As]
UDF1 received [8c 8s]
The_1__Gamblers calls
UDF1 raises to 3582
The_1__Gamblers calls
Flop [9c 9s Td], The_1__Gamblers (3582), UDF1 (3582)
UDF1 bids 959
The_1__Gamblers bids 0
UDF1 won the auction and was revealed [As]
Flop [9c 9s Td], The_1__Gamblers (3582), UDF1 (3582)
UDF1 bets 822
The_1__Gamblers raises to 1418
UDF1 calls
Turn [9c 9s Td 3h], The_1__Gamblers (5000), UDF1 (5000)
UDF1 checks
The_1__Gamblers checks
River [9c 9s Td 3h Ts], The_1__Gamblers (5000), UDF1 (5000)
UDF1 checks
The_1__Gamblers checks
The_1__Gamblers shows [4c As]
UDF1 shows [8c 8s]
The_1__Gamblers awarded 5000
UDF1 awarded -5000

Round #708, UDF1 (-59396), The_1__Gamblers (59396)
UDF1 posts blind: 10
The_1__Gamblers posts blind: 20
UDF1 received [Ks 4d]
The_1__Gamblers received [4c Jh]
UDF1 folds
UDF1 awarded -10
The_1__Gamblers awarded 10

Round #709, The_1__Gamblers (59406), UDF1 (-59406)
The_1__Gamblers posts blind: 10
UDF1 posts blind: 20
The_1__Gamblers received [6h 9c]
UDF1 received [Qd 2s]
The_1__Gamblers calls
UDF1 raises to 744
The_1__Gamblers calls
Flop [8d 3c As], The_1__Gamblers (744), UDF1 (744)
UDF1 bids 337
The_1__Gamblers bids 0
UDF1 won the auction and was revealed [9c]
Flop [8d 3c As], The_1__Gamblers (744), UDF1 (744)
UDF1 bets 2341
The_1__Gamblers folds
The_1__Gamblers awarded -744
UDF1 awarded 744

Round #710, UDF1 (-58662), The_1__Gamblers (58662)
UDF1 posts blind: 10
The_1__Gamblers posts blind: 20
UDF1 received [Tc Kh]
The_1__Gamblers received [Th Ah]
UDF1 calls
The_1__Gamblers checks
Flop [5c Kd 3c], UDF1 (20), The_1__Gamblers (20)
The_1__Gamblers bids 0
UDF1 bids 161
UDF1 won the auction and was revealed [Ah]
Flop [5c Kd 3c], UDF1 (20), The_1__Gamblers (20)
The_1__Gamblers bets 24
UDF1 raises to 3120
The_1__Gamblers folds
UDF1 awarded 44
The_1__Gamblers awarded -44

Round #711, The_1__Gamblers (58618), UDF1 (-58618)
The_1__Gamblers posts blind: 10
UDF1 posts blind: 20
The_1__Gamblers received [9h 2h]
UDF1 received [8d 6c]
The_1__Gamblers calls
UDF1 raises to 600
The_1__Gamblers calls
Flop [Th Kc 5h], The_1__Gamblers (600), UDF1 (600)
UDF1 bids 299
The_1__Gamblers bids 0
UDF1 won the auction and was revealed [2h]
Flop [Th Kc 5h], The_1__Gamblers (600), UDF1 (600)
UDF1 bets 2114
The_1__Gamblers folds
The_1__Gamblers awarded -600
UDF1 awarded 600

Round #712, UDF1 (-58018), The_1__Gamblers (58018)
UDF1 posts blind: 10
The_1__Gamblers posts blind: 20
UDF1 received [Ac 2s]
The_1__Gamblers received [3s 8d]
UDF1 calls
The_1__Gamblers checks
Flop [Th Qd 7h], UDF1 (20), The_1__Gamblers (20)
The_1__Gamblers bids 0
UDF1 bids 160
UDF1 won the auction and was revealed [3s]
Flop [Th Qd 7h], UDF1 (20), The_1__Gamblers (20)
The_1__Gamblers checks
UDF1 bets 3004
The_1__Gamblers folds
UDF1 awarded 20
The_1__Gamblers awarded -20

Round #713, The_1__Gamblers (57998), UDF1 (-57998)
The_1__Gamblers posts blind: 10
UDF1 posts blind: 20
The_1__Gamblers received [Td 4h]
UDF1 received [8c 2d]
The_1__Gamblers calls
UDF1 checks
Flop [6h 7s 8s], The_1__Gamblers (20), UDF1 (20)
UDF1 bids 158
The_1__Gamblers bids 0
UDF1 won the auction and was revealed [4h]
Flop [6h 7s 8s], The_1__Gamblers (20), UDF1 (20)
UDF1 bets 2715
The_1__Gamblers folds
The_1__Gamblers awarded -20
UDF1 awarded 20

Round #714, UDF1 (-57978), The_1__Gamblers (57978)
UDF1 posts blind: 10
The_1__Gamblers posts blind: 20
UDF1 received [2s 6h]
The_1__Gamblers received [5h Qc]
UDF1 folds
UDF1 awarded -10
The_1__Gamblers awarded 10

Round #715, The_1__Gamblers (57988), UDF1 (-57988)
The_1__Gamblers posts blind: 10
UDF1 posts blind: 20
The_1__Gamblers received [2h Ad]
UDF1 received [3h 9d]
The_1__Gamblers calls
UDF1 checks
Flop [6s 3s Qc], The_1__Gamblers (20), UDF1 (20)
UDF1 bids 163
The_1__Gamblers bids 0
UDF1 won the auction and was revealed [Ad]
Flop [6s 3s Qc], The_1__Gamblers (20), UDF1 (20)
UDF1 bets 3431
The_1__Gamblers folds
The_1__Gamblers awarded -20
UDF1 awarded 20

Round #716, UDF1 (-57968), The_1__Gamblers (57968)
UDF1 posts blind: 10
The_1__Gamblers posts blind: 20
UDF1 received [Jd Js]
The_1__Gamblers received [8s Kc]
UDF1 raises to 4670
The_1__Gamblers calls
Flop [Jc Jh Qd], UDF1 (4670), The_1__Gamblers (4670)
The_1__Gamblers bids 0
UDF1 bids 330
UDF1 won the auction and was revealed [8s]
Flop [Jc Jh Qd], UDF1 (4670), The_1__Gamblers (4670)
The_1__Gamblers bets 330
UDF1 calls
Turn [Jc Jh Qd 6d], UDF1 (5000), The_1__Gamblers (5000)
The_1__Gamblers checks
UDF1 checks
River [Jc Jh Qd 6d Ad], UDF1 (5000), The_1__Gamblers (5000)
The_1__Gamblers checks
UDF1 checks
UDF1 shows [Jd Js]
The_1__Gamblers shows [8s Kc]
UDF1 awarded 5000
The_1__Gamblers awarded -5000

Round #717, The_1__Gamblers (52968), UDF1 (-52968)
The_1__Gamblers posts blind: 10
UDF1 posts blind: 20
The_1__Gamblers received [8h Js]
UDF1 received [Kh 4c]
The_1__Gamblers calls
UDF1 checks
Flop [Ts Kd Tc], The_1__Gamblers (20), UDF1 (20)
UDF1 bids 164
The_1__Gamblers bids 0
UDF1 won the auction and was revealed [Js]
Flop [Ts Kd Tc], The_1__Gamblers (20), UDF1 (20)
UDF1 bets 3244
The_1__Gamblers folds
The_1__Gamblers awarded -20
UDF1 awarded 20

Round #718, UDF1 (-52948), The_1__Gamblers (52948)
UDF1 posts blind: 10
The_1__Gamblers posts blind: 20
UDF1 received [Qd 7c]
The_1__Gamblers received [Kd Tc]
UDF1 calls
The_1__Gamblers checks
Flop [7h 6d 7d], UDF1 (20), The_1__Gamblers (20)
The_1__Gamblers bids 0
UDF1 bids 161
UDF1 won the auction and was revealed [Kd]
Flop [7h 6d 7d], UDF1 (20), The_1__Gamblers (20)
The_1__Gamblers bets 24
UDF1 raises to 3220
The_1__Gamblers folds
UDF1 awarded 44
The_1__Gamblers awarded -44

Round #719, The_1__Gamblers (52904), UDF1 (-52904)
The_1__Gamblers posts blind: 10
UDF1 posts blind: 20
The_1__Gamblers received [Td 4c]
UDF1 received [9s 3c]
The_1__Gamblers calls
UDF1 checks
Flop [9c Tc 4d], The_1__Gamblers (20), UDF1 (20)
UDF1 bids 171
The_1__Gamblers bids 0
UDF1 won the auction and was revealed [4c]
Flop [9c Tc 4d], The_1__Gamblers (20), UDF1 (20)
UDF1 bets 2847
The_1__Gamblers raises to 4980
UDF1 calls
Turn [9c Tc 4d 6s], The_1__Gamblers (5000), UDF1 (5000)
UDF1 checks
The_1__Gamblers checks
River [9c Tc 4d 6s 4h], The_1__Gamblers (5000), UDF1 (5000)
UDF1 checks
The_1__Gamblers checks
The_1__Gamblers shows [Td 4c]
UDF1 shows [9s 3c]
The_1__Gamblers awarded 5000
UDF1 awarded -5000

Round #720, UDF1 (-57904), The_1__Gamblers (57904)
UDF1 posts blind: 10
The_1__Gamblers posts blind: 20
UDF1 received [9h As]
The_1__Gamblers received [Ac 9d]
UDF1 folds
UDF1 awarded -10
The_1__Gamblers awarded 10

Round #721, The_1__Gamblers (57914), UDF1 (-57914)
The_1__Gamblers posts blind: 10
UDF1 posts blind: 20
The_1__Gamblers received [Qh 2s]
UDF1 received [6d 6h]
The_1__Gamblers calls
UDF1 checks
Flop [5h 4d 9s], The_1__Gamblers (20), UDF1 (20)
UDF1 bids 167
The_1__Gamblers bids 0
UDF1 won the auction and was revealed [Qh]
Flop [5h 4d 9s], The_1__Gamblers (20), UDF1 (20)
UDF1 bets 3058
The_1__Gamblers folds
The_1__Gamblers awarded -20
UDF1 awarded 20

Round #722, UDF1 (-57894), The_1__Gamblers (57894)
UDF1 posts blind: 10
The_1__Gamblers posts blind: 20
UDF1 received [Ts Kd]
The_1__Gamblers received [7d 6d]
UDF1 calls
The_1__Gamblers checks
Flop [Js 6c Qd], UDF1 (20), The_1__Gamblers (20)
The_1__Gamblers bids 0
UDF1 bids 171
UDF1 won the auction and was revealed [6d]
Flop [Js 6c Qd], UDF1 (20), The_1__Gamblers (20)
The_1__Gamblers bets 24
UDF1 calls
Turn [Js 6c Qd 6s], UDF1 (44), The_1__Gamblers (44)
The_1__Gamblers bets 52
UDF1 folds
UDF1 awarded -44
The_1__Gamblers awarded 44

Round #723, The_1__Gamblers (57938), UDF1 (-57938)
The_1__Gamblers posts blind: 10
UDF1 posts blind: 20
The_1__Gamblers received [Ah Tc]
UDF1 received [Ts 4c]
The_1__Gamblers calls
UDF1 checks
Flop [7c 8s Td], The_1__Gamblers (20), UDF1 (20)
UDF1 bids 171
The_1__Gamblers bids 0
UDF1 won the auction and was revealed [Ah]
Flop [7c 8s Td], The_1__Gamblers (20), UDF1 (20)
UDF1 bets 2824
The_1__Gamblers raises to 4980
UDF1 calls
Turn [7c 8s Td 8c], The_1__Gamblers (5000), UDF1 (5000)
UDF1 checks
The_1__Gamblers checks
River [7c 8s Td 8c 2h], The_1__Gamblers (5000), UDF1 (5000)
UDF1 checks
The_1__Gamblers checks
The_1__Gamblers shows [Ah Tc]
UDF1 shows [Ts 4c]
The_1__Gamblers awarded 5000
UDF1 awarded -5000

Round #724, UDF1 (-62938), The_1__Gamblers (62938)
UDF1 posts blind: 10
The_1__Gamblers posts blind: 20
UDF1 received [Js 4h]
The_1__Gamblers received [3s Th]
UDF1 calls
The_1__Gamblers checks
Flop [Tc 4d Ad], UDF1 (20), The_1__Gamblers (20)
The_1__Gamblers bids 0
UDF1 bids 168
UDF1 won the auction and was revealed [3s]
Flop [Tc 4d Ad], UDF1 (20), The_1__Gamblers (20)
The_1__Gamblers bets 24
UDF1 raises to 3481
The_1__Gamblers raises to 4980
UDF1 calls
Turn [Tc 4d Ad 2s], UDF1 (5000), The_1__Gamblers (5000)
The_1__Gamblers checks
UDF1 checks
River [Tc 4d Ad 2s Jh], UDF1 (5000), The_1__Gamblers (5000)
The_1__Gamblers checks
UDF1 checks
UDF1 shows [Js 4h]
The_1__Gamblers shows [3s Th]
UDF1 awarded 5000
The_1__Gamblers awarded -5000

Round #725, The_1__Gamblers (57938), UDF1 (-57938)
The_1__Gamblers posts blind: 10
UDF1 posts blind: 20
The_1__Gamblers received [As Th]
UDF1 received [8c 3s]
The_1__Gamblers calls
UDF1 checks
Flop [9d 6s 5s], The_1__Gamblers (20), UDF1 (20)
UDF1 bids 161
The_1__Gamblers bids 0
UDF1 won the auction and was revealed [As]
Flop [9d 6s 5s], The_1__Gamblers (20), UDF1 (20)
UDF1 bets 2670
The_1__Gamblers folds
The_1__Gamblers awarded -20
UDF1 awarded 20

Round #726, UDF1 (-57918), The_1__Gamblers (57918)
UDF1 posts blind: 10
The_1__Gamblers posts blind: 20
UDF1 received [7c Ah]
The_1__Gamblers received [Ac 7d]
UDF1 folds
UDF1 awarded -10
The_1__Gamblers awarded 10

Round #727, The_1__Gamblers (57928), UDF1 (-57928)
The_1__Gamblers posts blind: 10
UDF1 posts blind: 20
The_1__Gamblers received [8c 4c]
UDF1 received [Jh 5d]
The_1__Gamblers calls
UDF1 raises to 663
The_1__Gamblers calls
Flop [Qd 4h Ts], The_1__Gamblers (663), UDF1 (663)
UDF1 bids 307
The_1__Gamblers bids 0
UDF1 won the auction and was revealed [4c]
Flop [Qd 4h Ts], The_1__Gamblers (663), UDF1 (663)
UDF1 bets 2000
The_1__Gamblers raises to 4000
UDF1 folds
The_1__Gamblers awarded 2663
UDF1 awarded -2663

Round #728, UDF1 (-60591), The_1__Gamblers (60591)
UDF1 posts blind: 10
The_1__Gamblers posts blind: 20
UDF1 received [5s As]
The_1__Gamblers received [Ad 2s]
UDF1 raises to 361
The_1__Gamblers calls
Flop [7s 4h 6c], UDF1 (361), The_1__Gamblers (361)
The_1__Gamblers bids 0
UDF1 bids 233
UDF1 won the auction and was revealed [2s]
Flop [7s 4h 6c], UDF1 (361), The_1__Gamblers (361)
The_1__Gamblers bets 433
UDF1 raises to 3014
The_1__Gamblers folds
UDF1 awarded 794
The_1__Gamblers awarded -794

Round #729, The_1__Gamblers (59797), UDF1 (-59797)
The_1__Gamblers posts blind: 10
UDF1 posts blind: 20
The_1__Gamblers received [8c Tc]
UDF1 received [7c 5c]
The_1__Gamblers calls
UDF1 checks
Flop [6d 3h 2h], The_1__Gamblers (20), UDF1 (20)
UDF1 bids 162
The_1__Gamblers bids 0
UDF1 won the auction and was revealed [8c]
Flop [6d 3h 2h], The_1__Gamblers (20), UDF1 (20)
UDF1 bets 2651
The_1__Gamblers folds
The_1__Gamblers awarded -20
UDF1 awarded 20

Round #730, UDF1 (-59777), The_1__Gamblers (59777)
UDF1 posts blind: 10
The_1__Gamblers posts blind: 20
UDF1 received [5s Js]
The_1__Gamblers received [6d 8s]
UDF1 folds
UDF1 awarded -10
The_1__Gamblers awarded 10

Round #731, The_1__Gamblers (59787), UDF1 (-59787)
The_1__Gamblers posts blind: 10
UDF1 posts blind: 20
The_1__Gamblers received [5s 7c]
UDF1 received [Ac 3d]
The_1__Gamblers calls
UDF1 checks
Flop [2s 8h Qd], The_1__Gamblers (20), UDF1 (20)
UDF1 bids 0
The_1__Gamblers bids 0
The_1__Gamblers won the auction and was revealed [3d]
UDF1 won the auction and was revealed [5s]
Flop [2s 8h Qd], The_1__Gamblers (20), UDF1 (20)
UDF1 bets 2888
The_1__Gamblers folds
The_1__Gamblers awarded -20
UDF1 awarded 20

Round #732, UDF1 (-59767), The_1__Gamblers (59767)
UDF1 posts blind: 10
The_1__Gamblers posts blind: 20
UDF1 received [Jh Th]
The_1__Gamblers received [Qh Ts]
UDF1 raises to 1627
The_1__Gamblers calls
Flop [Js Kd 4s], UDF1 (1627), The_1__Gamblers (1627)
The_1__Gamblers bids 0
UDF1 bids 581
UDF1 won the auction and was revealed [Ts]
Flop [Js Kd 4s], UDF1 (1627), The_1__Gamblers (1627)
The_1__Gamblers bets 1952
UDF1 raises to 3373
The_1__Gamblers calls
Turn [Js Kd 4s 9d], UDF1 (5000), The_1__Gamblers (5000)
The_1__Gamblers checks
UDF1 checks
River [Js Kd 4s 9d 2d], UDF1 (5000), The_1__Gamblers (5000)
The_1__Gamblers checks
UDF1 checks
UDF1 shows [Jh Th]
The_1__Gamblers shows [Qh Ts]
UDF1 awarded -5000
The_1__Gamblers awarded 5000

Round #733, The_1__Gamblers (64767), UDF1 (-64767)
The_1__Gamblers posts blind: 10
UDF1 posts blind: 20
The_1__Gamblers received [6d Th]
UDF1 received [8c Jd]
The_1__Gamblers calls
UDF1 raises to 636
The_1__Gamblers calls
Flop [2c Js 4s], The_1__Gamblers (636), UDF1 (636)
UDF1 bids 313
The_1__Gamblers bids 0
UDF1 won the auction and was revealed [Th]
Flop [2c Js 4s], The_1__Gamblers (636), UDF1 (636)
UDF1 bets 2733
The_1__Gamblers folds
The_1__Gamblers awarded -636
UDF1 awarded 636

Round #734, UDF1 (-64131), The_1__Gamblers (64131)
UDF1 posts blind: 10
The_1__Gamblers posts blind: 20
UDF1 received [Jc Kd]
The_1__Gamblers received [Jh Td]
UDF1 raises to 1804
The_1__Gamblers calls
Flop [7d 8c Ac], UDF1 (1804), The_1__Gamblers (1804)
The_1__Gamblers bids 0
UDF1 bids 617
UDF1 won the auction and was revealed [Td]
Flop [7d 8c Ac], UDF1 (1804), The_1__Gamblers (1804)
The_1__Gamblers checks
UDF1 bets 1743
The_1__Gamblers folds
UDF1 awarded 1804
The_1__Gamblers awarded -1804

Round #735, The_1__Gamblers (62327), UDF1 (-62327)
The_1__Gamblers posts blind: 10
UDF1 posts blind: 20
The_1__Gamblers received [5d Kh]
UDF1 received [Qc As]
The_1__Gamblers calls
UDF1 raises to 3582
The_1__Gamblers calls
Flop [Jc 3d 8c], The_1__Gamblers (3582), UDF1 (3582)
UDF1 bids 963
The_1__Gamblers bids 0
UDF1 won the auction and was revealed [Kh]
Flop [Jc 3d 8c], The_1__Gamblers (3582), UDF1 (3582)
UDF1 bets 849
The_1__Gamblers raises to 1418
UDF1 calls
Turn [Jc 3d 8c 4h], The_1__Gamblers (5000), UDF1 (5000)
UDF1 checks
The_1__Gamblers checks
River [Jc 3d 8c 4h 9d], The_1__Gamblers (5000), UDF1 (5000)
UDF1 checks
The_1__Gamblers checks
The_1__Gamblers shows [5d Kh]
UDF1 shows [Qc As]
The_1__Gamblers awarded -5000
UDF1 awarded 5000

Round #736, UDF1 (-57327), The_1__Gamblers (57327)
UDF1 posts blind: 10
The_1__Gamblers posts blind: 20
UDF1 received [As Qc]
The_1__Gamblers received [2s Kh]
UDF1 raises to 3658
The_1__Gamblers calls
Flop [Tc Ad 2c], UDF1 (3658), The_1__Gamblers (3658)
The_1__Gamblers bids 0
UDF1 bids 992
UDF1 won the auction and was revealed [Kh]
Flop [Tc Ad 2c], UDF1 (3658), The_1__Gamblers (3658)
The_1__Gamblers bets 1342
UDF1 calls
Turn [Tc Ad 2c 4c], UDF1 (5000), The_1__Gamblers (5000)
The_1__Gamblers checks
UDF1 checks
River [Tc Ad 2c 4c 3s], UDF1 (5000), The_1__Gamblers (5000)
The_1__Gamblers checks
UDF1 checks
UDF1 shows [As Qc]
The_1__Gamblers shows [2s Kh]
UDF1 awarded 5000
The_1__Gamblers awarded -5000

Round #737, The_1__Gamblers (52327), UDF1 (-52327)
The_1__Gamblers posts blind: 10
UDF1 posts blind: 20
The_1__Gamblers received [6s 2c]
UDF1 received [5h Qd]
The_1__Gamblers calls
UDF1 checks
Flop [9d 3h 3d], The_1__Gamblers (20), UDF1 (20)
UDF1 bids 175
The_1__Gamblers bids 0
UDF1 won the auction and was revealed [6s]
Flop [9d 3h 3d], The_1__Gamblers (20), UDF1 (20)
UDF1 bets 2956
The_1__Gamblers folds
The_1__Gamblers awarded -20
UDF1 awarded 20

Round #738, UDF1 (-52307), The_1__Gamblers (52307)
UDF1 posts blind: 10
The_1__Gamblers posts blind: 20
UDF1 received [Js 3d]
The_1__Gamblers received [Tc Kc]
UDF1 calls
The_1__Gamblers checks
Flop [Qh 7c 2s], UDF1 (20), The_1__Gamblers (20)
The_1__Gamblers bids 0
UDF1 bids 0
UDF1 won the auction and was revealed [Tc]
The_1__Gamblers won the auction and was revealed [3d]
Flop [Qh 7c 2s], UDF1 (20), The_1__Gamblers (20)
The_1__Gamblers bets 24
UDF1 calls
Turn [Qh 7c 2s 4h], UDF1 (44), The_1__Gamblers (44)
The_1__Gamblers checks
UDF1 bets 2887
The_1__Gamblers folds
UDF1 awarded 44
The_1__Gamblers awarded -44

Round #739, The_1__Gamblers (52263), UDF1 (-52263)
The_1__Gamblers posts blind: 10
UDF1 posts blind: 20
The_1__Gamblers received [8s 5d]
UDF1 received [Kc 2s]
The_1__Gamblers calls
UDF1 checks
Flop [3h Jd 9h], The_1__Gamblers (20), UDF1 (20)
UDF1 bids 167
The_1__Gamblers bids 0
UDF1 won the auction and was revealed [5d]
Flop [3h Jd 9h], The_1__Gamblers (20), UDF1 (20)
UDF1 bets 2868
The_1__Gamblers folds
The_1__Gamblers awarded -20
UDF1 awarded 20

Round #740, UDF1 (-52243), The_1__Gamblers (52243)
UDF1 posts blind: 10
The_1__Gamblers posts blind: 20
UDF1 received [Th 3h]
The_1__Gamblers received [3s Js]
UDF1 calls
The_1__Gamblers checks
Flop [Kd Qh Qd], UDF1 (20), The_1__Gamblers (20)
The_1__Gamblers bids 0
UDF1 bids 165
UDF1 won the auction and was revealed [Js]
Flop [Kd Qh Qd], UDF1 (20), The_1__Gamblers (20)
The_1__Gamblers bets 24
UDF1 folds
UDF1 awarded -20
The_1__Gamblers awarded 20

Round #741, The_1__Gamblers (52263), UDF1 (-52263)
The_1__Gamblers posts blind: 10
UDF1 posts blind: 20
The_1__Gamblers received [3d 3s]
UDF1 received [2c Kh]
The_1__Gamblers calls
UDF1 checks
Flop [Jh Jd Qs], The_1__Gamblers (20), UDF1 (20)
UDF1 bids 164
The_1__Gamblers bids 0
UDF1 won the auction and was revealed [3s]
Flop [Jh Jd Qs], The_1__Gamblers (20), UDF1 (20)
UDF1 bets 2818
The_1__Gamblers raises to 4980
UDF1 calls
Turn [Jh Jd Qs 4d], The_1__Gamblers (5000), UDF1 (5000)
UDF1 checks
The_1__Gamblers checks
River [Jh Jd Qs 4d 2s], The_1__Gamblers (5000), UDF1 (5000)
UDF1 checks
The_1__Gamblers checks
The_1__Gamblers shows [3d 3s]
UDF1 shows [2c Kh]
The_1__Gamblers awarded 5000
UDF1 awarded -5000

Round #742, UDF1 (-57263), The_1__Gamblers (57263)
UDF1 posts blind: 10
The_1__Gamblers posts blind: 20
UDF1 received [Js 4c]
The_1__Gamblers received [5s 2h]
UDF1 calls
The_1__Gamblers checks
Flop [9c Qc Ts], UDF1 (20), The_1__Gamblers (20)
The_1__Gamblers bids 0
UDF1 bids 163
UDF1 won the auction and was revealed [2h]
Flop [9c Qc Ts], UDF1 (20), The_1__Gamblers (20)
The_1__Gamblers checks
UDF1 bets 2527
The_1__Gamblers folds
UDF1 awarded 20
The_1__Gamblers awarded -20

Round #743, The_1__Gamblers (57243), UDF1 (-57243)
The_1__Gamblers posts blind: 10
UDF1 posts blind: 20
The_1__Gamblers received [2s 9h]
UDF1 received [Tc 4h]
The_1__Gamblers calls
UDF1 checks
Flop [As Qc Ah], The_1__Gamblers (20), UDF1 (20)
UDF1 bids 164
The_1__Gamblers bids 0
UDF1 won the auction and was revealed [9h]
Flop [As Qc Ah], The_1__Gamblers (20), UDF1 (20)
UDF1 bets 2659
The_1__Gamblers folds
The_1__Gamblers awarded -20
UDF1 awarded 20

Round #744, UDF1 (-57223), The_1__Gamblers (57223)
UDF1 posts blind: 10
The_1__Gamblers posts blind: 20
UDF1 received [6s 3h]
The_1__Gamblers received [5s 8c]
UDF1 calls
The_1__Gamblers checks
Flop [2s Js 5c], UDF1 (20), The_1__Gamblers (20)
The_1__Gamblers bids 0
UDF1 bids 165
UDF1 won the auction and was revealed [8c]
Flop [2s Js 5c], UDF1 (20), The_1__Gamblers (20)
The_1__Gamblers bets 24
UDF1 calls
Turn [2s Js 5c Th], UDF1 (44), The_1__Gamblers (44)
The_1__Gamblers bets 52
UDF1 folds
UDF1 awarded -44
The_1__Gamblers awarded 44

Round #745, The_1__Gamblers (57267), UDF1 (-57267)
The_1__Gamblers posts blind: 10
UDF1 posts blind: 20
The_1__Gamblers received [8d Ac]
UDF1 received [5s Ad]
The_1__Gamblers calls
UDF1 checks
Flop [4h 9s Jd], The_1__Gamblers (20), UDF1 (20)
UDF1 bids 168
The_1__Gamblers bids 0
UDF1 won the auction and was revealed [Ac]
Flop [4h 9s Jd], The_1__Gamblers (20), UDF1 (20)
UDF1 bets 2409
The_1__Gamblers folds
The_1__Gamblers awarded -20
UDF1 awarded 20

Round #746, UDF1 (-57247), The_1__Gamblers (57247)
UDF1 posts blind: 10
The_1__Gamblers posts blind: 20
UDF1 received [Qd 9d]
The_1__Gamblers received [7c 6s]
UDF1 raises to 652
The_1__Gamblers calls
Flop [Jc 3h 2c], UDF1 (652), The_1__Gamblers (652)
The_1__Gamblers bids 0
UDF1 bids 310
UDF1 won the auction and was revealed [6s]
Flop [Jc 3h 2c], UDF1 (652), The_1__Gamblers (652)
The_1__Gamblers checks
UDF1 bets 2727
The_1__Gamblers folds
UDF1 awarded 652
The_1__Gamblers awarded -652

Round #747, The_1__Gamblers (56595), UDF1 (-56595)
The_1__Gamblers posts blind: 10
UDF1 posts blind: 20
The_1__Gamblers received [5d Qs]
UDF1 received [Th 6s]
The_1__Gamblers calls
UDF1 checks
Flop [2d Ks 5s], The_1__Gamblers (20), UDF1 (20)
UDF1 bids 0
The_1__Gamblers bids 0
The_1__Gamblers won the auction and was revealed [Th]
UDF1 won the auction and was revealed [Qs]
Flop [2d Ks 5s], The_1__Gamblers (20), UDF1 (20)
UDF1 bets 2343
The_1__Gamblers raises to 4686
UDF1 folds
The_1__Gamblers awarded 2363
UDF1 awarded -2363

Round #748, UDF1 (-58958), The_1__Gamblers (58958)
UDF1 posts blind: 10
The_1__Gamblers posts blind: 20
UDF1 received [3c Qd]
The_1__Gamblers received [5h Kd]
UDF1 folds
UDF1 awarded -10
The_1__Gamblers awarded 10

Round #749, The_1__Gamblers (58968), UDF1 (-58968)
The_1__Gamblers posts blind: 10
UDF1 posts blind: 20
The_1__Gamblers received [5c 7d]
UDF1 received [Jd 3s]
The_1__Gamblers calls
UDF1 raises to 598
The_1__Gamblers calls
Flop [3h Jc 4s], The_1__Gamblers (598), UDF1 (598)
UDF1 bids 299
The_1__Gamblers bids 0
UDF1 won the auction and was revealed [5c]
Flop [3h Jc 4s], The_1__Gamblers (598), UDF1 (598)
UDF1 bets 2765
The_1__Gamblers folds
The_1__Gamblers awarded -598
UDF1 awarded 598

Round #750, UDF1 (-58370), The_1__Gamblers (58370)
UDF1 posts blind: 10
The_1__Gamblers posts blind: 20
UDF1 received [9d 7c]
The_1__Gamblers received [Ah Th]
UDF1 folds
UDF1 awarded -10
The_1__Gamblers awarded 10

Round #751, The_1__Gamblers (58380), UDF1 (-58380)
The_1__Gamblers posts blind: 10
UDF1 posts blind: 20
The_1__Gamblers received [Kh 8c]
UDF1 received [As Ts]
The_1__Gamblers calls
UDF1 checks
Flop [5h Qs Qc], The_1__Gamblers (20), UDF1 (20)
UDF1 bids 173
The_1__Gamblers bids 0
UDF1 won the auction and was revealed [8c]
Flop [5h Qs Qc], The_1__Gamblers (20), UDF1 (20)
UDF1 bets 2743
The_1__Gamblers folds
The_1__Gamblers awarded -20
UDF1 awarded 20

Round #752, UDF1 (-58360), The_1__Gamblers (58360)
UDF1 posts blind: 10
The_1__Gamblers posts blind: 20
UDF1 received [6h 6c]
The_1__Gamblers received [4c 5s]
UDF1 calls
The_1__Gamblers checks
Flop [5h 7h Kd], UDF1 (20), The_1__Gamblers (20)
The_1__Gamblers bids 0
UDF1 bids 172
UDF1 won the auction and was revealed [4c]
Flop [5h 7h Kd], UDF1 (20), The_1__Gamblers (20)
The_1__Gamblers bets 24
UDF1 raises to 3499
The_1__Gamblers folds
UDF1 awarded 44
The_1__Gamblers awarded -44

Round #753, The_1__Gamblers (58316), UDF1 (-58316)
The_1__Gamblers posts blind: 10
UDF1 posts blind: 20
The_1__Gamblers received [9c 4c]
UDF1 received [Jc 4s]
The_1__Gamblers calls
UDF1 checks
Flop [Ad 3c Tc], The_1__Gamblers (20), UDF1 (20)
UDF1 bids 162
The_1__Gamblers bids 0
UDF1 won the auction and was revealed [4c]
Flop [Ad 3c Tc], The_1__Gamblers (20), UDF1 (20)
UDF1 bets 2704
The_1__Gamblers folds
The_1__Gamblers awarded -20
UDF1 awarded 20

Round #754, UDF1 (-58296), The_1__Gamblers (58296)
UDF1 posts blind: 10
The_1__Gamblers posts blind: 20
UDF1 received [9d Th]
The_1__Gamblers received [6c 2s]
UDF1 raises to 570
The_1__Gamblers calls
Flop [Qh 5d Kh], UDF1 (570), The_1__Gamblers (570)
The_1__Gamblers bids 0
UDF1 bids 287
UDF1 won the auction and was revealed [6c]
Flop [Qh 5d Kh], UDF1 (570), The_1__Gamblers (570)
The_1__Gamblers checks
UDF1 bets 2677
The_1__Gamblers folds
UDF1 awarded 570
The_1__Gamblers awarded -570

Round #755, The_1__Gamblers (57726), UDF1 (-57726)
The_1__Gamblers posts blind: 10
UDF1 posts blind: 20
The_1__Gamblers received [4d 4c]
UDF1 received [5s 6c]
The_1__Gamblers calls
UDF1 raises to 722
The_1__Gamblers calls
Flop [Kh 5c Kc], The_1__Gamblers (722), UDF1 (722)
UDF1 bids 334
The_1__Gamblers bids 0
UDF1 won the auction and was revealed [4c]
Flop [Kh 5c Kc], The_1__Gamblers (722), UDF1 (722)
UDF1 bets 2443
The_1__Gamblers raises to 4278
UDF1 calls
Turn [Kh 5c Kc 3d], The_1__Gamblers (5000), UDF1 (5000)
UDF1 checks
The_1__Gamblers checks
River [Kh 5c Kc 3d 9c], The_1__Gamblers (5000), UDF1 (5000)
UDF1 checks
The_1__Gamblers checks
The_1__Gamblers shows [4d 4c]
UDF1 shows [5s 6c]
The_1__Gamblers awarded -5000
UDF1 awarded 5000

Round #756, UDF1 (-52726), The_1__Gamblers (52726)
UDF1 posts blind: 10
The_1__Gamblers posts blind: 20
UDF1 received [Kc Js]
The_1__Gamblers received [Jd Ac]
UDF1 calls
The_1__Gamblers checks
Flop [Jh 4d 6h], UDF1 (20), The_1__Gamblers (20)
The_1__Gamblers bids 0
UDF1 bids 173
UDF1 won the auction and was revealed [Jd]
Flop [Jh 4d 6h], UDF1 (20), The_1__Gamblers (20)
The_1__Gamblers bets 24
UDF1 raises to 3152
The_1__Gamblers raises to 4980
UDF1 calls
Turn [Jh 4d 6h Tc], UDF1 (5000), The_1__Gamblers (5000)
The_1__Gamblers checks
UDF1 checks
River [Jh 4d 6h Tc As], UDF1 (5000), The_1__Gamblers (5000)
The_1__Gamblers checks
UDF1 checks
UDF1 shows [Kc Js]
The_1__Gamblers shows [Jd Ac]
UDF1 awarded -5000
The_1__Gamblers awarded 5000

Round #757, The_1__Gamblers (57726), UDF1 (-57726)
The_1__Gamblers posts blind: 10
UDF1 posts blind: 20
The_1__Gamblers received [5s Qd]
UDF1 received [Td Kd]
The_1__Gamblers calls
UDF1 raises to 2016
The_1__Gamblers calls
Flop [Js Ah 3s], The_1__Gamblers (2016), UDF1 (2016)
UDF1 bids 653
The_1__Gamblers bids 0
UDF1 won the auction and was revealed [Qd]
Flop [Js Ah 3s], The_1__Gamblers (2016), UDF1 (2016)
UDF1 bets 1886
The_1__Gamblers folds
The_1__Gamblers awarded -2016
UDF1 awarded 2016

Round #758, UDF1 (-55710), The_1__Gamblers (55710)
UDF1 posts blind: 10
The_1__Gamblers posts blind: 20
UDF1 received [8s 2d]
The_1__Gamblers received [8h Qc]
UDF1 folds
UDF1 awarded -10
The_1__Gamblers awarded 10

Round #759, The_1__Gamblers (55720), UDF1 (-55720)
The_1__Gamblers posts blind: 10
UDF1 posts blind: 20
The_1__Gamblers received [9d Jd]
UDF1 received [5c Tc]
The_1__Gamblers calls
UDF1 checks
Flop [4h 9s Qd], The_1__Gamblers (20), UDF1 (20)
UDF1 bids 167
The_1__Gamblers bids 0
UDF1 won the auction and was revealed [9d]
Flop [4h 9s Qd], The_1__Gamblers (20), UDF1 (20)
UDF1 bets 2569
The_1__Gamblers raises to 4980
UDF1 folds
The_1__Gamblers awarded 2589
UDF1 awarded -2589

Round #760, UDF1 (-58309), The_1__Gamblers (58309)
UDF1 posts blind: 10
The_1__Gamblers posts blind: 20
UDF1 received [3c Th]
The_1__Gamblers received [6h 4c]
UDF1 folds
UDF1 awarded -10
The_1__Gamblers awarded 10

Round #761, The_1__Gamblers (58319), UDF1 (-58319)
The_1__Gamblers posts blind: 10
UDF1 posts blind: 20
The_1__Gamblers received [Kd Jc]
UDF1 received [Kc 7c]
The_1__Gamblers calls
UDF1 checks
Flop [Ts 8s Ac], The_1__Gamblers (20), UDF1 (20)
UDF1 bids 170
The_1__Gamblers bids 0
UDF1 won the auction and was revealed [Kd]
Flop [Ts 8s Ac], The_1__Gamblers (20), UDF1 (20)
UDF1 bets 2706
The_1__Gamblers folds
The_1__Gamblers awarded -20
UDF1 awarded 20

Round #762, UDF1 (-58299), The_1__Gamblers (58299)
UDF1 posts blind: 10
The_1__Gamblers posts blind: 20
UDF1 received [3h 2h]
The_1__Gamblers received [9h Kh]
UDF1 raises to 520
The_1__Gamblers calls
Flop [3c Qs Kd], UDF1 (520), The_1__Gamblers (520)
The_1__Gamblers bids 0
UDF1 bids 279
UDF1 won the auction and was revealed [9h]
Flop [3c Qs Kd], UDF1 (520), The_1__Gamblers (520)
The_1__Gamblers bets 624
UDF1 calls
Turn [3c Qs Kd 3s], UDF1 (1144), The_1__Gamblers (1144)
The_1__Gamblers bets 1372
UDF1 raises to 3465
The_1__Gamblers raises to 3856
UDF1 calls
River [3c Qs Kd 3s 8d], UDF1 (5000), The_1__Gamblers (5000)
The_1__Gamblers checks
UDF1 checks
UDF1 shows [3h 2h]
The_1__Gamblers shows [9h Kh]
UDF1 awarded 5000
The_1__Gamblers awarded -5000

Round #763, The_1__Gamblers (53299), UDF1 (-53299)
The_1__Gamblers posts blind: 10
UDF1 posts blind: 20
The_1__Gamblers received [Kd Ad]
UDF1 received [9s 8d]
The_1__Gamblers calls
UDF1 checks
Flop [6c Qc 8c], The_1__Gamblers (20), UDF1 (20)
UDF1 bids 163
The_1__Gamblers bids 0
UDF1 won the auction and was revealed [Ad]
Flop [6c Qc 8c], The_1__Gamblers (20), UDF1 (20)
UDF1 bets 3104
The_1__Gamblers folds
The_1__Gamblers awarded -20
UDF1 awarded 20

Round #764, UDF1 (-53279), The_1__Gamblers (53279)
UDF1 posts blind: 10
The_1__Gamblers posts blind: 20
UDF1 received [2h 6c]
The_1__Gamblers received [2d Kd]
UDF1 folds
UDF1 awarded -10
The_1__Gamblers awarded 10

Round #765, The_1__Gamblers (53289), UDF1 (-53289)
The_1__Gamblers posts blind: 10
UDF1 posts blind: 20
The_1__Gamblers received [3c 4c]
UDF1 received [7h 9h]
The_1__Gamblers calls
UDF1 checks
Flop [Kd 2c Qh], The_1__Gamblers (20), UDF1 (20)
UDF1 bids 171
The_1__Gamblers bids 0
UDF1 won the auction and was revealed [4c]
Flop [Kd 2c Qh], The_1__Gamblers (20), UDF1 (20)
UDF1 bets 2825
The_1__Gamblers folds
The_1__Gamblers awarded -20
UDF1 awarded 20

Round #766, UDF1 (-53269), The_1__Gamblers (53269)
UDF1 posts blind: 10
The_1__Gamblers posts blind: 20
UDF1 received [4c 4d]
The_1__Gamblers received [7d 2d]
UDF1 calls
The_1__Gamblers checks
Flop [Ad 9h 3s], UDF1 (20), The_1__Gamblers (20)
The_1__Gamblers bids 0
UDF1 bids 171
UDF1 won the auction and was revealed [2d]
Flop [Ad 9h 3s], UDF1 (20), The_1__Gamblers (20)
The_1__Gamblers checks
UDF1 bets 3077
The_1__Gamblers folds
UDF1 awarded 20
The_1__Gamblers awarded -20

Round #767, The_1__Gamblers (53249), UDF1 (-53249)
The_1__Gamblers posts blind: 10
UDF1 posts blind: 20
The_1__Gamblers received [Tc 7d]
UDF1 received [6c 3d]
The_1__Gamblers calls
UDF1 checks
Flop [Jc As Js], The_1__Gamblers (20), UDF1 (20)
UDF1 bids 160
The_1__Gamblers bids 0
UDF1 won the auction and was revealed [7d]
Flop [Jc As Js], The_1__Gamblers (20), UDF1 (20)
UDF1 bets 2109
The_1__Gamblers folds
The_1__Gamblers awarded -20
UDF1 awarded 20

Round #768, UDF1 (-53229), The_1__Gamblers (53229)
UDF1 posts blind: 10
The_1__Gamblers posts blind: 20
UDF1 received [Qh 4h]
The_1__Gamblers received [4s 8h]
UDF1 folds
UDF1 awarded -10
The_1__Gamblers awarded 10

Round #769, The_1__Gamblers (53239), UDF1 (-53239)
The_1__Gamblers posts blind: 10
UDF1 posts blind: 20
The_1__Gamblers received [6d 6s]
UDF1 received [4c 7c]
The_1__Gamblers calls
UDF1 raises to 740
The_1__Gamblers calls
Flop [3c Jc 7s], The_1__Gamblers (740), UDF1 (740)
UDF1 bids 336
The_1__Gamblers bids 0
UDF1 won the auction and was revealed [6d]
Flop [3c Jc 7s], The_1__Gamblers (740), UDF1 (740)
UDF1 bets 3064
The_1__Gamblers raises to 4260
UDF1 calls
Turn [3c Jc 7s 4h], The_1__Gamblers (5000), UDF1 (5000)
UDF1 checks
The_1__Gamblers checks
River [3c Jc 7s 4h 7h], The_1__Gamblers (5000), UDF1 (5000)
UDF1 checks
The_1__Gamblers checks
The_1__Gamblers shows [6d 6s]
UDF1 shows [4c 7c]
The_1__Gamblers awarded -5000
UDF1 awarded 5000

Round #770, UDF1 (-48239), The_1__Gamblers (48239)
UDF1 posts blind: 10
The_1__Gamblers posts blind: 20
UDF1 received [Qs 2d]
The_1__Gamblers received [4s 5h]
UDF1 calls
The_1__Gamblers checks
Flop [Td 6d Qh], UDF1 (20), The_1__Gamblers (20)
The_1__Gamblers bids 0
UDF1 bids 169
UDF1 won the auction and was revealed [5h]
Flop [Td 6d Qh], UDF1 (20), The_1__Gamblers (20)
The_1__Gamblers checks
UDF1 bets 3487
The_1__Gamblers folds
UDF1 awarded 20
The_1__Gamblers awarded -20

Round #771, The_1__Gamblers (48219), UDF1 (-48219)
The_1__Gamblers posts blind: 10
UDF1 posts blind: 20
The_1__Gamblers received [8d Ts]
UDF1 received [2s Ah]
The_1__Gamblers calls
UDF1 checks
Flop [2h Th Ac], The_1__Gamblers (20), UDF1 (20)
UDF1 bids 164
The_1__Gamblers bids 0
UDF1 won the auction and was revealed [8d]
Flop [2h Th Ac], The_1__Gamblers (20), UDF1 (20)
UDF1 bets 3460
The_1__Gamblers raises to 4980
UDF1 calls
Turn [2h Th Ac 9d], The_1__Gamblers (5000), UDF1 (5000)
UDF1 checks
The_1__Gamblers checks
River [2h Th Ac 9d Qd], The_1__Gamblers (5000), UDF1 (5000)
UDF1 checks
The_1__Gamblers checks
The_1__Gamblers shows [8d Ts]
UDF1 shows [2s Ah]
The_1__Gamblers awarded -5000
UDF1 awarded 5000

Round #772, UDF1 (-43219), The_1__Gamblers (43219)
UDF1 posts blind: 10
The_1__Gamblers posts blind: 20
UDF1 received [6c 5h]
The_1__Gamblers received [7h 2h]
UDF1 folds
UDF1 awarded -10
The_1__Gamblers awarded 10

Round #773, The_1__Gamblers (43229), UDF1 (-43229)
The_1__Gamblers posts blind: 10
UDF1 posts blind: 20
The_1__Gamblers received [Tc Qh]
UDF1 received [7d 7s]
The_1__Gamblers calls
UDF1 raises to 1951
The_1__Gamblers calls
Flop [2c As 4h], The_1__Gamblers (1951), UDF1 (1951)
UDF1 bids 647
The_1__Gamblers bids 0
UDF1 won the auction and was revealed [Tc]
Flop [2c As 4h], The_1__Gamblers (1951), UDF1 (1951)
UDF1 bets 1841
The_1__Gamblers folds
The_1__Gamblers awarded -1951
UDF1 awarded 1951

Round #774, UDF1 (-41278), The_1__Gamblers (41278)
UDF1 posts blind: 10
The_1__Gamblers posts blind: 20
UDF1 received [8h Qh]
The_1__Gamblers received [5c Th]
UDF1 calls
The_1__Gamblers checks
Flop [8d 6h 4h], UDF1 (20), The_1__Gamblers (20)
The_1__Gamblers bids 0
UDF1 bids 167
UDF1 won the auction and was revealed [Th]
Flop [8d 6h 4h], UDF1 (20), The_1__Gamblers (20)
The_1__Gamblers checks
UDF1 bets 2906
The_1__Gamblers folds
UDF1 awarded 20
The_1__Gamblers awarded -20

Round #775, The_1__Gamblers (41258), UDF1 (-41258)
The_1__Gamblers posts blind: 10
UDF1 posts blind: 20
The_1__Gamblers received [Jd Kd]
UDF1 received [Qh Qs]
The_1__Gamblers calls
UDF1 raises to 4363
The_1__Gamblers calls
Flop [Jh 5c 6h], The_1__Gamblers (4363), UDF1 (4363)
UDF1 bids 637
The_1__Gamblers bids 0
UDF1 won the auction and was revealed [Kd]
Flop [Jh 5c 6h], The_1__Gamblers (4363), UDF1 (4363)
UDF1 bets 437
The_1__Gamblers raises to 637
UDF1 calls
Turn [Jh 5c 6h 9c], The_1__Gamblers (5000), UDF1 (5000)
UDF1 checks
The_1__Gamblers checks
River [Jh 5c 6h 9c 9h], The_1__Gamblers (5000), UDF1 (5000)
UDF1 checks
The_1__Gamblers checks
The_1__Gamblers shows [Jd Kd]
UDF1 shows [Qh Qs]
The_1__Gamblers awarded -5000
UDF1 awarded 5000

Round #776, UDF1 (-36258), The_1__Gamblers (36258)
UDF1 posts blind: 10
The_1__Gamblers posts blind: 20
UDF1 received [Qs 5h]
The_1__Gamblers received [Ah 9c]
UDF1 raises to 469
The_1__Gamblers calls
Flop [Ad Jh Qh], UDF1 (469), The_1__Gamblers (469)
The_1__Gamblers bids 0
UDF1 bids 0
UDF1 won the auction and was revealed [Ah]
The_1__Gamblers won the auction and was revealed [Qs]
Flop [Ad Jh Qh], UDF1 (469), The_1__Gamblers (469)
The_1__Gamblers bets 562
UDF1 folds
UDF1 awarded -469
The_1__Gamblers awarded 469

Round #777, The_1__Gamblers (36727), UDF1 (-36727)
The_1__Gamblers posts blind: 10
UDF1 posts blind: 20
The_1__Gamblers received [8s Jd]
UDF1 received [Kc Qs]
The_1__Gamblers calls
UDF1 raises to 3588
The_1__Gamblers calls
Flop [5h 9d 6c], The_1__Gamblers (3588), UDF1 (3588)
UDF1 bids 969
The_1__Gamblers bids 0
UDF1 won the auction and was revealed [Jd]
Flop [5h 9d 6c], The_1__Gamblers (3588), UDF1 (3588)
UDF1 bets 885
The_1__Gamblers calls
Turn [5h 9d 6c 8c], The_1__Gamblers (4473), UDF1 (4473)
UDF1 bets 303
The_1__Gamblers raises to 527
UDF1 calls
River [5h 9d 6c 8c As], The_1__Gamblers (5000), UDF1 (5000)
UDF1 checks
The_1__Gamblers checks
The_1__Gamblers shows [8s Jd]
UDF1 shows [Kc Qs]
The_1__Gamblers awarded 5000
UDF1 awarded -5000

Round #778, UDF1 (-41727), The_1__Gamblers (41727)
UDF1 posts blind: 10
The_1__Gamblers posts blind: 20
UDF1 received [Tc 3c]
The_1__Gamblers received [Qd As]
UDF1 calls
The_1__Gamblers checks
Flop [Qh 2c 8h], UDF1 (20), The_1__Gamblers (20)
The_1__Gamblers bids 0
UDF1 bids 163
UDF1 won the auction and was revealed [Qd]
Flop [Qh 2c 8h], UDF1 (20), The_1__Gamblers (20)
The_1__Gamblers bets 24
UDF1 folds
UDF1 awarded -20
The_1__Gamblers awarded 20

Round #779, The_1__Gamblers (41747), UDF1 (-41747)
The_1__Gamblers posts blind: 10
UDF1 posts blind: 20
The_1__Gamblers received [Qd Ks]
UDF1 received [4s Td]
The_1__Gamblers calls
UDF1 raises to 425
The_1__Gamblers calls
Flop [7c 6d Kh], The_1__Gamblers (425), UDF1 (425)
UDF1 bids 260
The_1__Gamblers bids 0
UDF1 won the auction and was revealed [Ks]
Flop [7c 6d Kh], The_1__Gamblers (425), UDF1 (425)
UDF1 bets 2141
The_1__Gamblers raises to 4282
UDF1 folds
The_1__Gamblers awarded 2566
UDF1 awarded -2566

Round #780, UDF1 (-44313), The_1__Gamblers (44313)
UDF1 posts blind: 10
The_1__Gamblers posts blind: 20
UDF1 received [5d 2c]
The_1__Gamblers received [9h 5c]
UDF1 folds
UDF1 awarded -10
The_1__Gamblers awarded 10

Round #781, The_1__Gamblers (44323), UDF1 (-44323)
The_1__Gamblers posts blind: 10
UDF1 posts blind: 20
The_1__Gamblers received [9d 8h]
UDF1 received [Jh Ad]
The_1__Gamblers calls
UDF1 raises to 3646
The_1__Gamblers calls
Flop [Jc Qd Kh], The_1__Gamblers (3646), UDF1 (3646)
UDF1 bids 981
The_1__Gamblers bids 0
UDF1 won the auction and was revealed [9d]
Flop [Jc Qd Kh], The_1__Gamblers (3646), UDF1 (3646)
UDF1 bets 888
The_1__Gamblers raises to 1354
UDF1 calls
Turn [Jc Qd Kh 6d], The_1__Gamblers (5000), UDF1 (5000)
UDF1 checks
The_1__Gamblers checks
River [Jc Qd Kh 6d 7d], The_1__Gamblers (5000), UDF1 (5000)
UDF1 checks
The_1__Gamblers checks
The_1__Gamblers shows [9d 8h]
UDF1 shows [Jh Ad]
The_1__Gamblers awarded -5000
UDF1 awarded 5000

Round #782, UDF1 (-39323), The_1__Gamblers (39323)
UDF1 posts blind: 10
The_1__Gamblers posts blind: 20
UDF1 received [8d Qd]
The_1__Gamblers received [Jd 3s]
UDF1 calls
The_1__Gamblers checks
Flop [2h 6d Th], UDF1 (20), The_1__Gamblers (20)
The_1__Gamblers bids 0
UDF1 bids 169
UDF1 won the auction and was revealed [3s]
Flop [2h 6d Th], UDF1 (20), The_1__Gamblers (20)
The_1__Gamblers checks
UDF1 bets 3142
The_1__Gamblers folds
UDF1 awarded 20
The_1__Gamblers awarded -20

Round #783, The_1__Gamblers (39303), UDF1 (-39303)
The_1__Gamblers posts blind: 10
UDF1 posts blind: 20
The_1__Gamblers received [Qc 3d]
UDF1 received [Kc 7d]
The_1__Gamblers calls
UDF1 checks
Flop [8c Tc Jc], The_1__Gamblers (20), UDF1 (20)
UDF1 bids 173
The_1__Gamblers bids 0
UDF1 won the auction and was revealed [3d]
Flop [8c Tc Jc], The_1__Gamblers (20), UDF1 (20)
UDF1 bets 2732
The_1__Gamblers folds
The_1__Gamblers awarded -20
UDF1 awarded 20

Round #784, UDF1 (-39283), The_1__Gamblers (39283)
UDF1 posts blind: 10
The_1__Gamblers posts blind: 20
UDF1 received [2h 2c]
The_1__Gamblers received [9h Tc]
UDF1 raises to 2012
The_1__Gamblers calls
Flop [5h 4c 8s], UDF1 (2012), The_1__Gamblers (2012)
The_1__Gamblers bids 0
UDF1 bids 655
UDF1 won the auction and was revealed [9h]
Flop [5h 4c 8s], UDF1 (2012), The_1__Gamblers (2012)
The_1__Gamblers checks
UDF1 bets 1793
The_1__Gamblers folds
UDF1 awarded 2012
The_1__Gamblers awarded -2012

Round #785, The_1__Gamblers (37271), UDF1 (-37271)
The_1__Gamblers posts blind: 10
UDF1 posts blind: 20
The_1__Gamblers received [Ad 5s]
UDF1 received [Qs Kd]
The_1__Gamblers calls
UDF1 raises to 3509
The_1__Gamblers calls
Flop [4c 3h Ks], The_1__Gamblers (3509), UDF1 (3509)
UDF1 bids 961
The_1__Gamblers bids 0
UDF1 won the auction and was revealed [5s]
Flop [4c 3h Ks], The_1__Gamblers (3509), UDF1 (3509)
UDF1 bets 1015
The_1__Gamblers raises to 1491
UDF1 calls
Turn [4c 3h Ks Ah], The_1__Gamblers (5000), UDF1 (5000)
UDF1 checks
The_1__Gamblers checks
River [4c 3h Ks Ah 6s], The_1__Gamblers (5000), UDF1 (5000)
UDF1 checks
The_1__Gamblers checks
The_1__Gamblers shows [Ad 5s]
UDF1 shows [Qs Kd]
The_1__Gamblers awarded 5000
UDF1 awarded -5000

Round #786, UDF1 (-42271), The_1__Gamblers (42271)
UDF1 posts blind: 10
The_1__Gamblers posts blind: 20
UDF1 received [3d Kc]
The_1__Gamblers received [Ac 5s]
UDF1 raises to 337
The_1__Gamblers calls
Flop [4h 6c Td], UDF1 (337), The_1__Gamblers (337)
The_1__Gamblers bids 0
UDF1 bids 235
UDF1 won the auction and was revealed [Ac]
Flop [4h 6c Td], UDF1 (337), The_1__Gamblers (337)
The_1__Gamblers bets 404
UDF1 folds
UDF1 awarded -337
The_1__Gamblers awarded 337

Round #787, The_1__Gamblers (42608), UDF1 (-42608)
The_1__Gamblers posts blind: 10
UDF1 posts blind: 20
The_1__Gamblers received [Qh 3d]
UDF1 received [3c Kh]
The_1__Gamblers calls
UDF1 checks
Flop [Js As 7d], The_1__Gamblers (20), UDF1 (20)
UDF1 bids 161
The_1__Gamblers bids 0
UDF1 won the auction and was revealed [3d]
Flop [Js As 7d], The_1__Gamblers (20), UDF1 (20)
UDF1 bets 2884
The_1__Gamblers folds
The_1__Gamblers awarded -20
UDF1 awarded 20

Round #788, UDF1 (-42588), The_1__Gamblers (42588)
UDF1 posts blind: 10
The_1__Gamblers posts blind: 20
UDF1 received [2s 6d]
The_1__Gamblers received [9h 4s]
UDF1 calls
The_1__Gamblers checks
Flop [2c Kc 5s], UDF1 (20), The_1__Gamblers (20)
The_1__Gamblers bids 0
UDF1 bids 0
UDF1 won the auction and was revealed [9h]
The_1__Gamblers won the auction and was revealed [6d]
Flop [2c Kc 5s], UDF1 (20), The_1__Gamblers (20)
The_1__Gamblers checks
UDF1 bets 2912
The_1__Gamblers folds
UDF1 awarded 20
The_1__Gamblers awarded -20

Round #789, The_1__Gamblers (42568), UDF1 (-42568)
The_1__Gamblers posts blind: 10
UDF1 posts blind: 20
The_1__Gamblers received [9s 5s]
UDF1 received [Qs Ts]
The_1__Gamblers calls
UDF1 checks
Flop [4h Td 4c], The_1__Gamblers (20), UDF1 (20)
UDF1 bids 172
The_1__Gamblers bids 0
UDF1 won the auction and was revealed [5s]
Flop [4h Td 4c], The_1__Gamblers (20), UDF1 (20)
UDF1 bets 3532
The_1__Gamblers folds
The_1__Gamblers awarded -20
UDF1 awarded 20

Round #790, UDF1 (-42548), The_1__Gamblers (42548)
UDF1 posts blind: 10
The_1__Gamblers posts blind: 20
UDF1 received [6s Qd]
The_1__Gamblers received [Ac 2d]
UDF1 calls
The_1__Gamblers checks
Flop [5h Js 5d], UDF1 (20), The_1__Gamblers (20)
The_1__Gamblers bids 0
UDF1 bids 160
UDF1 won the auction and was revealed [2d]
Flop [5h Js 5d], UDF1 (20), The_1__Gamblers (20)
The_1__Gamblers bets 24
UDF1 calls
Turn [5h Js 5d As], UDF1 (44), The_1__Gamblers (44)
The_1__Gamblers bets 52
UDF1 calls
River [5h Js 5d As 8d], UDF1 (96), The_1__Gamblers (96)
The_1__Gamblers bets 115
UDF1 calls
UDF1 shows [6s Qd]
The_1__Gamblers shows [Ac 2d]
UDF1 awarded -211
The_1__Gamblers awarded 211

Round #791, The_1__Gamblers (42759), UDF1 (-42759)
The_1__Gamblers posts blind: 10
UDF1 posts blind: 20
The_1__Gamblers received [9s 8s]
UDF1 received [Ts Kh]
The_1__Gamblers calls
UDF1 checks
Flop [Qs 4h 6d], The_1__Gamblers (20), UDF1 (20)
UDF1 bids 168
The_1__Gamblers bids 0
UDF1 won the auction and was revealed [9s]
Flop [Qs 4h 6d], The_1__Gamblers (20), UDF1 (20)
UDF1 bets 3056
The_1__Gamblers folds
The_1__Gamblers awarded -20
UDF1 awarded 20

Round #792, UDF1 (-42739), The_1__Gamblers (42739)
UDF1 posts blind: 10
The_1__Gamblers posts blind: 20
UDF1 received [Qc 6d]
The_1__Gamblers received [Ks 6c]
UDF1 folds
UDF1 awarded -10
The_1__Gamblers awarded 10

Round #793, The_1__Gamblers (42749), UDF1 (-42749)
The_1__Gamblers posts blind: 10
UDF1 posts blind: 20
The_1__Gamblers received [2s 2c]
UDF1 received [Kh 8c]
The_1__Gamblers calls
UDF1 checks
Flop [Qh 6h 9s], The_1__Gamblers (20), UDF1 (20)
UDF1 bids 159
The_1__Gamblers bids 0
UDF1 won the auction and was revealed [2c]
Flop [Qh 6h 9s], The_1__Gamblers (20), UDF1 (20)
UDF1 bets 3026
The_1__Gamblers folds
The_1__Gamblers awarded -20
UDF1 awarded 20

Round #794, UDF1 (-42729), The_1__Gamblers (42729)
UDF1 posts blind: 10
The_1__Gamblers posts blind: 20
UDF1 received [9c 9d]
The_1__Gamblers received [Qs As]
UDF1 raises to 3738
The_1__Gamblers calls
Flop [Jh Ah Ac], UDF1 (3738), The_1__Gamblers (3738)
The_1__Gamblers bids 0
UDF1 bids 996
UDF1 won the auction and was revealed [As]
Flop [Jh Ah Ac], UDF1 (3738), The_1__Gamblers (3738)
The_1__Gamblers bets 1262
UDF1 folds
UDF1 awarded -3738
The_1__Gamblers awarded 3738

Round #795, The_1__Gamblers (46467), UDF1 (-46467)
The_1__Gamblers posts blind: 10
UDF1 posts blind: 20
The_1__Gamblers received [Ac Qd]
UDF1 received [5d 3c]
The_1__Gamblers calls
UDF1 checks
Flop [6h Th 8h], The_1__Gamblers (20), UDF1 (20)
UDF1 bids 171
The_1__Gamblers bids 0
UDF1 won the auction and was revealed [Qd]
Flop [6h Th 8h], The_1__Gamblers (20), UDF1 (20)
UDF1 bets 1807
The_1__Gamblers folds
The_1__Gamblers awarded -20
UDF1 awarded 20

Round #796, UDF1 (-46447), The_1__Gamblers (46447)
UDF1 posts blind: 10
The_1__Gamblers posts blind: 20
UDF1 received [Js 8s]
The_1__Gamblers received [8c Th]
UDF1 raises to 337
The_1__Gamblers calls
Flop [9h Jd 7s], UDF1 (337), The_1__Gamblers (337)
The_1__Gamblers bids 0
UDF1 bids 240
UDF1 won the auction and was revealed [8c]
Flop [9h Jd 7s], UDF1 (337), The_1__Gamblers (337)
The_1__Gamblers bets 404
UDF1 raises to 3154
The_1__Gamblers raises to 4663
UDF1 calls
Turn [9h Jd 7s Kh], UDF1 (5000), The_1__Gamblers (5000)
The_1__Gamblers checks
UDF1 checks
River [9h Jd 7s Kh Kd], UDF1 (5000), The_1__Gamblers (5000)
The_1__Gamblers checks
UDF1 checks
UDF1 shows [Js 8s]
The_1__Gamblers shows [8c Th]
UDF1 awarded -5000
The_1__Gamblers awarded 5000

Round #797, The_1__Gamblers (51447), UDF1 (-51447)
The_1__Gamblers posts blind: 10
UDF1 posts blind: 20
The_1__Gamblers received [Jd 9s]
UDF1 received [8s 4s]
The_1__Gamblers calls
UDF1 checks
Flop [Kc Qs Ac], The_1__Gamblers (20), UDF1 (20)
UDF1 bids 174
The_1__Gamblers bids 0
UDF1 won the auction and was revealed [9s]
Flop [Kc Qs Ac], The_1__Gamblers (20), UDF1 (20)
UDF1 bets 2208
The_1__Gamblers folds
The_1__Gamblers awarded -20
UDF1 awarded 20

Round #798, UDF1 (-51427), The_1__Gamblers (51427)
UDF1 posts blind: 10
The_1__Gamblers posts blind: 20
UDF1 received [9d Qs]
The_1__Gamblers received [Ac 7c]
UDF1 folds
UDF1 awarded -10
The_1__Gamblers awarded 10

Round #799, The_1__Gamblers (51437), UDF1 (-51437)
The_1__Gamblers posts blind: 10
UDF1 posts blind: 20
The_1__Gamblers received [8c 3s]
UDF1 received [5h Jc]
The_1__Gamblers calls
UDF1 checks
Flop [3h 5d 2h], The_1__Gamblers (20), UDF1 (20)
UDF1 bids 167
The_1__Gamblers bids 0
UDF1 won the auction and was revealed [8c]
Flop [3h 5d 2h], The_1__Gamblers (20), UDF1 (20)
UDF1 bets 3210
The_1__Gamblers calls
Turn [3h 5d 2h 2c], The_1__Gamblers (3230), UDF1 (3230)
UDF1 bets 1008
The_1__Gamblers calls
River [3h 5d 2h 2c 9h], The_1__Gamblers (4238), UDF1 (4238)
UDF1 bets 439
The_1__Gamblers calls
The_1__Gamblers shows [8c 3s]
UDF1 shows [5h Jc]
The_1__Gamblers awarded -4677
UDF1 awarded 4677

Round #800, UDF1 (-46760), The_1__Gamblers (46760)
UDF1 posts blind: 10
The_1__Gamblers posts blind: 20
UDF1 received [5s Jh]
The_1__Gamblers received [3c 2h]
UDF1 raises to 624
The_1__Gamblers calls
Flop [3s 3d 4c], UDF1 (624), The_1__Gamblers (624)
The_1__Gamblers bids 0
UDF1 bids 310
UDF1 won the auction and was revealed [2h]
Flop [3s 3d 4c], UDF1 (624), The_1__Gamblers (624)
The_1__Gamblers bets 748
UDF1 calls
Turn [3s 3d 4c Tc], UDF1 (1372), The_1__Gamblers (1372)
The_1__Gamblers bets 1646
UDF1 calls
River [3s 3d 4c Tc Ac], UDF1 (3018), The_1__Gamblers (3018)
The_1__Gamblers bets 1982
UDF1 calls
UDF1 shows [5s Jh]
The_1__Gamblers shows [3c 2h]
UDF1 awarded -5000
The_1__Gamblers awarded 5000

Round #801, The_1__Gamblers (51760), UDF1 (-51760)
The_1__Gamblers posts blind: 10
UDF1 posts blind: 20
The_1__Gamblers received [9h 6s]
UDF1 received [2d 7c]
The_1__Gamblers calls
UDF1 raises to 666
The_1__Gamblers calls
Flop [Ac Qh 8h], The_1__Gamblers (666), UDF1 (666)
UDF1 bids 312
The_1__Gamblers bids 0
UDF1 won the auction and was revealed [9h]
Flop [Ac Qh 8h], The_1__Gamblers (666), UDF1 (666)
UDF1 bets 1900
The_1__Gamblers folds
The_1__Gamblers awarded -666
UDF1 awarded 666

Round #802, UDF1 (-51094), The_1__Gamblers (51094)
UDF1 posts blind: 10
The_1__Gamblers posts blind: 20
UDF1 received [Th 7s]
The_1__Gamblers received [Ad 2s]
UDF1 raises to 698
The_1__Gamblers calls
Flop [Kc 5s 3d], UDF1 (698), The_1__Gamblers (698)
The_1__Gamblers bids 0
UDF1 bids 323
UDF1 won the auction and was revealed [Ad]
Flop [Kc 5s 3d], UDF1 (698), The_1__Gamblers (698)
The_1__Gamblers bets 837
UDF1 folds
UDF1 awarded -698
The_1__Gamblers awarded 698

Round #803, The_1__Gamblers (51792), UDF1 (-51792)
The_1__Gamblers posts blind: 10
UDF1 posts blind: 20
The_1__Gamblers received [3c 9d]
UDF1 received [6h 5d]
The_1__Gamblers calls
UDF1 checks
Flop [Ts 5c 6s], The_1__Gamblers (20), UDF1 (20)
UDF1 bids 176
The_1__Gamblers bids 0
UDF1 won the auction and was revealed [3c]
Flop [Ts 5c 6s], The_1__Gamblers (20), UDF1 (20)
UDF1 bets 3404
The_1__Gamblers folds
The_1__Gamblers awarded -20
UDF1 awarded 20

Round #804, UDF1 (-51772), The_1__Gamblers (51772)
UDF1 posts blind: 10
The_1__Gamblers posts blind: 20
UDF1 received [Qs Kc]
The_1__Gamblers received [2h 4c]
UDF1 raises to 3575
The_1__Gamblers calls
Flop [4s 9d 2s], UDF1 (3575), The_1__Gamblers (3575)
The_1__Gamblers bids 0
UDF1 bids 971
UDF1 won the auction and was revealed [2h]
Flop [4s 9d 2s], UDF1 (3575), The_1__Gamblers (3575)
The_1__Gamblers bets 1425
UDF1 calls
Turn [4s 9d 2s 9c], UDF1 (5000), The_1__Gamblers (5000)
The_1__Gamblers checks
UDF1 checks
River [4s 9d 2s 9c 8d], UDF1 (5000), The_1__Gamblers (5000)
The_1__Gamblers checks
UDF1 checks
UDF1 shows [Qs Kc]
The_1__Gamblers shows [2h 4c]
UDF1 awarded -5000
The_1__Gamblers awarded 5000

Round #805, The_1__Gamblers (56772), UDF1 (-56772)
The_1__Gamblers posts blind: 10
UDF1 posts blind: 20
The_1__Gamblers received [5d 9c]
UDF1 received [4d Ac]
The_1__Gamblers calls
UDF1 checks
Flop [2d 8c 9d], The_1__Gamblers (20), UDF1 (20)
UDF1 bids 169
The_1__Gamblers bids 0
UDF1 won the auction and was revealed [5d]
Flop [2d 8c 9d], The_1__Gamblers (20), UDF1 (20)
UDF1 bets 2768
The_1__Gamblers raises to 4980
UDF1 calls
Turn [2d 8c 9d Ah], The_1__Gamblers (5000), UDF1 (5000)
UDF1 checks
The_1__Gamblers checks
River [2d 8c 9d Ah Qd], The_1__Gamblers (5000), UDF1 (5000)
UDF1 checks
The_1__Gamblers checks
The_1__Gamblers shows [5d 9c]
UDF1 shows [4d Ac]
The_1__Gamblers awarded -5000
UDF1 awarded 5000

Round #806, UDF1 (-51772), The_1__Gamblers (51772)
UDF1 posts blind: 10
The_1__Gamblers posts blind: 20
UDF1 received [Td As]
The_1__Gamblers received [6s 4d]
UDF1 raises to 1733
The_1__Gamblers calls
Flop [Kc 8h Ts], UDF1 (1733), The_1__Gamblers (1733)
The_1__Gamblers bids 0
UDF1 bids 0
UDF1 won the auction and was revealed [4d]
The_1__Gamblers won the auction and was revealed [As]
Flop [Kc 8h Ts], UDF1 (1733), The_1__Gamblers (1733)
The_1__Gamblers checks
UDF1 bets 2218
The_1__Gamblers folds
UDF1 awarded 1733
The_1__Gamblers awarded -1733

Round #807, The_1__Gamblers (50039), UDF1 (-50039)
The_1__Gamblers posts blind: 10
UDF1 posts blind: 20
The_1__Gamblers received [Js Qs]
UDF1 received [Qh Jc]
The_1__Gamblers calls
UDF1 checks
Flop [3c 7d 7s], The_1__Gamblers (20), UDF1 (20)
UDF1 bids 170
The_1__Gamblers bids 0
UDF1 won the auction and was revealed [Js]
Flop [3c 7d 7s], The_1__Gamblers (20), UDF1 (20)
UDF1 bets 2574
The_1__Gamblers folds
The_1__Gamblers awarded -20
UDF1 awarded 20

Round #808, UDF1 (-50019), The_1__Gamblers (50019)
UDF1 posts blind: 10
The_1__Gamblers posts blind: 20
UDF1 received [Qh 8h]
The_1__Gamblers received [3s 9s]
UDF1 raises to 646
The_1__Gamblers calls
Flop [4d 2d Jc], UDF1 (646), The_1__Gamblers (646)
The_1__Gamblers bids 0
UDF1 bids 316
UDF1 won the auction and was revealed [3s]
Flop [4d 2d Jc], UDF1 (646), The_1__Gamblers (646)
The_1__Gamblers checks
UDF1 bets 2599
The_1__Gamblers folds
UDF1 awarded 646
The_1__Gamblers awarded -646

Round #809, The_1__Gamblers (49373), UDF1 (-49373)
The_1__Gamblers posts blind: 10
UDF1 posts blind: 20
The_1__Gamblers received [4c 8s]
UDF1 received [Kd 3s]
The_1__Gamblers calls
UDF1 checks
Flop [4h 2s Th], The_1__Gamblers (20), UDF1 (20)
UDF1 bids 177
The_1__Gamblers bids 0
UDF1 won the auction and was revealed [8s]
Flop [4h 2s Th], The_1__Gamblers (20), UDF1 (20)
UDF1 bets 2666
The_1__Gamblers raises to 4980
UDF1 calls
Turn [4h 2s Th Ad], The_1__Gamblers (5000), UDF1 (5000)
UDF1 checks
The_1__Gamblers checks
River [4h 2s Th Ad 3c], The_1__Gamblers (5000), UDF1 (5000)
UDF1 checks
The_1__Gamblers checks
The_1__Gamblers shows [4c 8s]
UDF1 shows [Kd 3s]
The_1__Gamblers awarded 5000
UDF1 awarded -5000

Round #810, UDF1 (-54373), The_1__Gamblers (54373)
UDF1 posts blind: 10
The_1__Gamblers posts blind: 20
UDF1 received [Kh 5s]
The_1__Gamblers received [7d 8c]
UDF1 folds
UDF1 awarded -10
The_1__Gamblers awarded 10

Round #811, The_1__Gamblers (54383), UDF1 (-54383)
The_1__Gamblers posts blind: 10
UDF1 posts blind: 20
The_1__Gamblers received [4h Qd]
UDF1 received [Qc Ts]
The_1__Gamblers calls
UDF1 raises to 364
The_1__Gamblers calls
Flop [4s 6h Qs], The_1__Gamblers (364), UDF1 (364)
UDF1 bids 247
The_1__Gamblers bids 0
UDF1 won the auction and was revealed [Qd]
Flop [4s 6h Qs], The_1__Gamblers (364), UDF1 (364)
UDF1 bets 3053
The_1__Gamblers raises to 4636
UDF1 calls
Turn [4s 6h Qs 7d], The_1__Gamblers (5000), UDF1 (5000)
UDF1 checks
The_1__Gamblers checks
River [4s 6h Qs 7d 2s], The_1__Gamblers (5000), UDF1 (5000)
UDF1 checks
The_1__Gamblers checks
The_1__Gamblers shows [4h Qd]
UDF1 shows [Qc Ts]
The_1__Gamblers awarded 5000
UDF1 awarded -5000

Round #812, UDF1 (-59383), The_1__Gamblers (59383)
UDF1 posts blind: 10
The_1__Gamblers posts blind: 20
UDF1 received [3s Kd]
The_1__Gamblers received [As Ah]
UDF1 raises to 341
The_1__Gamblers calls
Flop [Qh 8d Ad], UDF1 (341), The_1__Gamblers (341)
The_1__Gamblers bids 0
UDF1 bids 241
UDF1 won the auction and was revealed [As]
Flop [Qh 8d Ad], UDF1 (341), The_1__Gamblers (341)
The_1__Gamblers bets 409
UDF1 folds
UDF1 awarded -341
The_1__Gamblers awarded 341

Round #813, The_1__Gamblers (59724), UDF1 (-59724)
The_1__Gamblers posts blind: 10
UDF1 posts blind: 20
The_1__Gamblers received [9s 8c]
UDF1 received [4s Qs]
The_1__Gamblers calls
UDF1 checks
Flop [8d Ts 6c], The_1__Gamblers (20), UDF1 (20)
UDF1 bids 178
The_1__Gamblers bids 0
UDF1 won the auction and was revealed [8c]
Flop [8d Ts 6c], The_1__Gamblers (20), UDF1 (20)
UDF1 bets 1931
The_1__Gamblers raises to 3862
UDF1 folds
The_1__Gamblers awarded 1951
UDF1 awarded -1951

Round #814, UDF1 (-61675), The_1__Gamblers (61675)
UDF1 posts blind: 10
The_1__Gamblers posts blind: 20
UDF1 received [7d Jc]
The_1__Gamblers received [6h 5s]
UDF1 raises to 688
The_1__Gamblers calls
Flop [6d Kc 7h], UDF1 (688), The_1__Gamblers (688)
The_1__Gamblers bids 0
UDF1 bids 328
UDF1 won the auction and was revealed [5s]
Flop [6d Kc 7h], UDF1 (688), The_1__Gamblers (688)
The_1__Gamblers bets 825
UDF1 raises to 3324
The_1__Gamblers raises to 4312
UDF1 calls
Turn [6d Kc 7h 4s], UDF1 (5000), The_1__Gamblers (5000)
The_1__Gamblers checks
UDF1 checks
River [6d Kc 7h 4s 7s], UDF1 (5000), The_1__Gamblers (5000)
The_1__Gamblers checks
UDF1 checks
UDF1 shows [7d Jc]
The_1__Gamblers shows [6h 5s]
UDF1 awarded 5000
The_1__Gamblers awarded -5000

Round #815, The_1__Gamblers (56675), UDF1 (-56675)
The_1__Gamblers posts blind: 10
UDF1 posts blind: 20
The_1__Gamblers received [Ac Js]
UDF1 received [3h Kd]
The_1__Gamblers calls
UDF1 checks
Flop [8d Ah 9s], The_1__Gamblers (20), UDF1 (20)
UDF1 bids 0
The_1__Gamblers bids 0
The_1__Gamblers won the auction and was revealed [3h]
UDF1 won the auction and was revealed [Js]
Flop [8d Ah 9s], The_1__Gamblers (20), UDF1 (20)
UDF1 bets 2733
The_1__Gamblers raises to 4980
UDF1 calls
Turn [8d Ah 9s 9h], The_1__Gamblers (5000), UDF1 (5000)
UDF1 checks
The_1__Gamblers checks
River [8d Ah 9s 9h 8c], The_1__Gamblers (5000), UDF1 (5000)
UDF1 checks
The_1__Gamblers checks
The_1__Gamblers shows [Ac Js]
UDF1 shows [3h Kd]
The_1__Gamblers awarded 5000
UDF1 awarded -5000

Round #816, UDF1 (-61675), The_1__Gamblers (61675)
UDF1 posts blind: 10
The_1__Gamblers posts blind: 20
UDF1 received [5c Td]
The_1__Gamblers received [Qd Ts]
UDF1 calls
The_1__Gamblers checks
Flop [6s 7h 3s], UDF1 (20), The_1__Gamblers (20)
The_1__Gamblers bids 0
UDF1 bids 173
UDF1 won the auction and was revealed [Qd]
Flop [6s 7h 3s], UDF1 (20), The_1__Gamblers (20)
The_1__Gamblers checks
UDF1 bets 2474
The_1__Gamblers folds
UDF1 awarded 20
The_1__Gamblers awarded -20

Round #817, The_1__Gamblers (61655), UDF1 (-61655)
The_1__Gamblers posts blind: 10
UDF1 posts blind: 20
The_1__Gamblers received [4h 6c]
UDF1 received [9h 7s]
The_1__Gamblers calls
UDF1 raises to 380
The_1__Gamblers calls
Flop [3c Qs 4d], The_1__Gamblers (380), UDF1 (380)
UDF1 bids 247
The_1__Gamblers bids 0
UDF1 won the auction and was revealed [6c]
Flop [3c Qs 4d], The_1__Gamblers (380), UDF1 (380)
UDF1 bets 2362
The_1__Gamblers raises to 4620
UDF1 calls
Turn [3c Qs 4d Kc], The_1__Gamblers (5000), UDF1 (5000)
UDF1 checks
The_1__Gamblers checks
River [3c Qs 4d Kc 5h], The_1__Gamblers (5000), UDF1 (5000)
UDF1 checks
The_1__Gamblers checks
The_1__Gamblers shows [4h 6c]
UDF1 shows [9h 7s]
The_1__Gamblers awarded 5000
UDF1 awarded -5000

Round #818, UDF1 (-66655), The_1__Gamblers (66655)
UDF1 posts blind: 10
The_1__Gamblers posts blind: 20
UDF1 received [5d Js]
The_1__Gamblers received [4d 8c]
UDF1 calls
The_1__Gamblers checks
Flop [5s 6h Qd], UDF1 (20), The_1__Gamblers (20)
The_1__Gamblers bids 0
UDF1 bids 174
UDF1 won the auction and was revealed [4d]
Flop [5s 6h Qd], UDF1 (20), The_1__Gamblers (20)
The_1__Gamblers checks
UDF1 bets 3247
The_1__Gamblers folds
UDF1 awarded 20
The_1__Gamblers awarded -20

Round #819, The_1__Gamblers (66635), UDF1 (-66635)
The_1__Gamblers posts blind: 10
UDF1 posts blind: 20
The_1__Gamblers received [9h 7s]
UDF1 received [7c Ac]
The_1__Gamblers calls
UDF1 checks
Flop [3s 3d Qc], The_1__Gamblers (20), UDF1 (20)
UDF1 bids 179
The_1__Gamblers bids 0
UDF1 won the auction and was revealed [7s]
Flop [3s 3d Qc], The_1__Gamblers (20), UDF1 (20)
UDF1 bets 3213
The_1__Gamblers folds
The_1__Gamblers awarded -20
UDF1 awarded 20

Round #820, UDF1 (-66615), The_1__Gamblers (66615)
UDF1 posts blind: 10
The_1__Gamblers posts blind: 20
UDF1 received [3h Ks]
The_1__Gamblers received [7d 2s]
UDF1 folds
UDF1 awarded -10
The_1__Gamblers awarded 10

Round #821, The_1__Gamblers (66625), UDF1 (-66625)
The_1__Gamblers posts blind: 10
UDF1 posts blind: 20
The_1__Gamblers received [4h Ac]
UDF1 received [Js Qs]
The_1__Gamblers calls
UDF1 raises to 3731
The_1__Gamblers calls
Flop [8d Qd 9d], The_1__Gamblers (3731), UDF1 (3731)
UDF1 bids 1004
The_1__Gamblers bids 0
UDF1 won the auction and was revealed [Ac]
Flop [8d Qd 9d], The_1__Gamblers (3731), UDF1 (3731)
UDF1 bets 863
The_1__Gamblers raises to 1269
UDF1 calls
Turn [8d Qd 9d 3d], The_1__Gamblers (5000), UDF1 (5000)
UDF1 checks
The_1__Gamblers checks
River [8d Qd 9d 3d 7s], The_1__Gamblers (5000), UDF1 (5000)
UDF1 checks
The_1__Gamblers checks
The_1__Gamblers shows [4h Ac]
UDF1 shows [Js Qs]
The_1__Gamblers awarded -5000
UDF1 awarded 5000

Round #822, UDF1 (-61625), The_1__Gamblers (61625)
UDF1 posts blind: 10
The_1__Gamblers posts blind: 20
UDF1 received [6s 8d]
The_1__Gamblers received [As Kh]
UDF1 folds
UDF1 awarded -10
The_1__Gamblers awarded 10

Round #823, The_1__Gamblers (61635), UDF1 (-61635)
The_1__Gamblers posts blind: 10
UDF1 posts blind: 20
The_1__Gamblers received [Qc Qh]
UDF1 received [5h Tc]
The_1__Gamblers calls
UDF1 raises to 337
The_1__Gamblers calls
Flop [6h Jh 5c], The_1__Gamblers (337), UDF1 (337)
UDF1 bids 0
The_1__Gamblers bids 0
The_1__Gamblers won the auction and was revealed [5h]
UDF1 won the auction and was revealed [Qh]
Flop [6h Jh 5c], The_1__Gamblers (337), UDF1 (337)
UDF1 bets 2790
The_1__Gamblers raises to 4663
UDF1 calls
Turn [6h Jh 5c 3d], The_1__Gamblers (5000), UDF1 (5000)
UDF1 checks
The_1__Gamblers checks
River [6h Jh 5c 3d Kd], The_1__Gamblers (5000), UDF1 (5000)
UDF1 checks
The_1__Gamblers checks
The_1__Gamblers shows [Qc Qh]
UDF1 shows [5h Tc]
The_1__Gamblers awarded 5000
UDF1 awarded -5000

Round #824, UDF1 (-66635), The_1__Gamblers (66635)
UDF1 posts blind: 10
The_1__Gamblers posts blind: 20
UDF1 received [4d 4s]
The_1__Gamblers received [4c Ts]
UDF1 calls
The_1__Gamblers checks
Flop [7s 4h 8c], UDF1 (20), The_1__Gamblers (20)
The_1__Gamblers bids 0
UDF1 bids 177
UDF1 won the auction and was revealed [4c]
Flop [7s 4h 8c], UDF1 (20), The_1__Gamblers (20)
The_1__Gamblers bets 24
UDF1 raises to 3460
The_1__Gamblers folds
UDF1 awarded 44
The_1__Gamblers awarded -44

Round #825, The_1__Gamblers (66591), UDF1 (-66591)
The_1__Gamblers posts blind: 10
UDF1 posts blind: 20
The_1__Gamblers received [8h 3d]
UDF1 received [5d 6s]
The_1__Gamblers calls
UDF1 checks
Flop [8c 2d Ad], The_1__Gamblers (20), UDF1 (20)
UDF1 bids 173
The_1__Gamblers bids 0
UDF1 won the auction and was revealed [8h]
Flop [8c 2d Ad], The_1__Gamblers (20), UDF1 (20)
UDF1 bets 2265
The_1__Gamblers raises to 4530
UDF1 folds
The_1__Gamblers awarded 2285
UDF1 awarded -2285

Round #826, UDF1 (-68876), The_1__Gamblers (68876)
UDF1 posts blind: 10
The_1__Gamblers posts blind: 20
UDF1 received [6h Ad]
The_1__Gamblers received [9c 3c]
UDF1 calls
The_1__Gamblers checks
Flop [Qh 8s Qs], UDF1 (20), The_1__Gamblers (20)
The_1__Gamblers bids 0
UDF1 bids 0
UDF1 won the auction and was revealed [3c]
The_1__Gamblers won the auction and was revealed [Ad]
Flop [Qh 8s Qs], UDF1 (20), The_1__Gamblers (20)
The_1__Gamblers checks
UDF1 bets 2756
The_1__Gamblers folds
UDF1 awarded 20
The_1__Gamblers awarded -20

Round #827, The_1__Gamblers (68856), UDF1 (-68856)
The_1__Gamblers posts blind: 10
UDF1 posts blind: 20
The_1__Gamblers received [Js 4h]
UDF1 received [8c Qc]
The_1__Gamblers calls
UDF1 checks
Flop [3d 6h 2s], The_1__Gamblers (20), UDF1 (20)
UDF1 bids 173
The_1__Gamblers bids 0
UDF1 won the auction and was revealed [Js]
Flop [3d 6h 2s], The_1__Gamblers (20), UDF1 (20)
UDF1 bets 3110
The_1__Gamblers folds
The_1__Gamblers awarded -20
UDF1 awarded 20

Round #828, UDF1 (-68836), The_1__Gamblers (68836)
UDF1 posts blind: 10
The_1__Gamblers posts blind: 20
UDF1 received [Td Ks]
The_1__Gamblers received [3d 2h]
UDF1 raises to 346
The_1__Gamblers calls
Flop [8c Ah 4s], UDF1 (346), The_1__Gamblers (346)
The_1__Gamblers bids 0
UDF1 bids 241
UDF1 won the auction and was revealed [3d]
Flop [8c Ah 4s], UDF1 (346), The_1__Gamblers (346)
The_1__Gamblers checks
UDF1 bets 2784
The_1__Gamblers folds
UDF1 awarded 346
The_1__Gamblers awarded -346

Round #829, The_1__Gamblers (68490), UDF1 (-68490)
The_1__Gamblers posts blind: 10
UDF1 posts blind: 20
The_1__Gamblers received [As 6s]
UDF1 received [Qh 4c]
The_1__Gamblers calls
UDF1 checks
Flop [Ac Kd 3h], The_1__Gamblers (20), UDF1 (20)
UDF1 bids 0
The_1__Gamblers bids 0
The_1__Gamblers won the auction and was revealed [Qh]
UDF1 won the auction and was revealed [As]
Flop [Ac Kd 3h], The_1__Gamblers (20), UDF1 (20)
UDF1 bets 2010
The_1__Gamblers raises to 4020
UDF1 folds
The_1__Gamblers awarded 2030
UDF1 awarded -2030

Round #830, UDF1 (-70520), The_1__Gamblers (70520)
UDF1 posts blind: 10
The_1__Gamblers posts blind: 20
UDF1 received [6c 8s]
The_1__Gamblers received [Kd 6d]
UDF1 folds
UDF1 awarded -10
The_1__Gamblers awarded 10

Round #831, The_1__Gamblers (70530), UDF1 (-70530)
The_1__Gamblers posts blind: 10
UDF1 posts blind: 20
The_1__Gamblers received [9h 3s]
UDF1 received [Qd 8c]
The_1__Gamblers calls
UDF1 checks
Flop [3d Qs As], The_1__Gamblers (20), UDF1 (20)
UDF1 bids 180
The_1__Gamblers bids 0
UDF1 won the auction and was revealed [9h]
Flop [3d Qs As], The_1__Gamblers (20), UDF1 (20)
UDF1 bets 3539
The_1__Gamblers folds
The_1__Gamblers awarded -20
UDF1 awarded 20

Round #832, UDF1 (-70510), The_1__Gamblers (70510)
UDF1 posts blind: 10
The_1__Gamblers posts blind: 20
UDF1 received [As 9c]
The_1__Gamblers received [Ts 2s]
UDF1 calls
The_1__Gamblers checks
Flop [3c Jd 5h], UDF1 (20), The_1__Gamblers (20)
The_1__Gamblers bids 0
UDF1 bids 179
UDF1 won the auction and was revealed [Ts]
Flop [3c Jd 5h], UDF1 (20), The_1__Gamblers (20)
The_1__Gamblers checks
UDF1 bets 3264
The_1__Gamblers folds
UDF1 awarded 20
The_1__Gamblers awarded -20

Round #833, The_1__Gamblers (70490), UDF1 (-70490)
The_1__Gamblers posts blind: 10
UDF1 posts blind: 20
The_1__Gamblers received [Kh Qh]
UDF1 received [Tc 6h]
The_1__Gamblers calls
UDF1 checks
Flop [6d Ts 3c], The_1__Gamblers (20), UDF1 (20)
UDF1 bids 178
The_1__Gamblers bids 0
UDF1 won the auction and was revealed [Kh]
Flop [6d Ts 3c], The_1__Gamblers (20), UDF1 (20)
UDF1 bets 3530
The_1__Gamblers folds
The_1__Gamblers awarded -20
UDF1 awarded 20

Round #834, UDF1 (-70470), The_1__Gamblers (70470)
UDF1 posts blind: 10
The_1__Gamblers posts blind: 20
UDF1 received [Qh 3c]
The_1__Gamblers received [2s 6s]
UDF1 calls
The_1__Gamblers checks
Flop [8c 8h Qs], UDF1 (20), The_1__Gamblers (20)
The_1__Gamblers bids 0
UDF1 bids 178
UDF1 won the auction and was revealed [6s]
Flop [8c 8h Qs], UDF1 (20), The_1__Gamblers (20)
The_1__Gamblers checks
UDF1 bets 3303
The_1__Gamblers folds
UDF1 awarded 20
The_1__Gamblers awarded -20

Round #835, The_1__Gamblers (70450), UDF1 (-70450)
The_1__Gamblers posts blind: 10
UDF1 posts blind: 20
The_1__Gamblers received [Qd 8d]
UDF1 received [6c 9d]
The_1__Gamblers calls
UDF1 raises to 629
The_1__Gamblers calls
Flop [Jd 8h 7d], The_1__Gamblers (629), UDF1 (629)
UDF1 bids 318
The_1__Gamblers bids 0
UDF1 won the auction and was revealed [8d]
Flop [Jd 8h 7d], The_1__Gamblers (629), UDF1 (629)
UDF1 bets 2118
The_1__Gamblers raises to 4236
UDF1 calls
Turn [Jd 8h 7d Ac], The_1__Gamblers (4865), UDF1 (4865)
UDF1 bets 83
The_1__Gamblers raises to 135
UDF1 calls
River [Jd 8h 7d Ac Ts], The_1__Gamblers (5000), UDF1 (5000)
UDF1 checks
The_1__Gamblers checks
The_1__Gamblers shows [Qd 8d]
UDF1 shows [6c 9d]
The_1__Gamblers awarded -5000
UDF1 awarded 5000

Round #836, UDF1 (-65450), The_1__Gamblers (65450)
UDF1 posts blind: 10
The_1__Gamblers posts blind: 20
UDF1 received [Td 3h]
The_1__Gamblers received [8s 3d]
UDF1 calls
The_1__Gamblers checks
Flop [Qc 6c 5c], UDF1 (20), The_1__Gamblers (20)
The_1__Gamblers bids 0
UDF1 bids 171
UDF1 won the auction and was revealed [3d]
Flop [Qc 6c 5c], UDF1 (20), The_1__Gamblers (20)
The_1__Gamblers checks
UDF1 bets 2605
The_1__Gamblers folds
UDF1 awarded 20
The_1__Gamblers awarded -20

Round #837, The_1__Gamblers (65430), UDF1 (-65430)
The_1__Gamblers posts blind: 10
UDF1 posts blind: 20
The_1__Gamblers received [Qs 3c]
UDF1 received [Jh Ac]
The_1__Gamblers calls
UDF1 raises to 3553
The_1__Gamblers calls
Flop [4d 9d Jc], The_1__Gamblers (3553), UDF1 (3553)
UDF1 bids 975
The_1__Gamblers bids 0
UDF1 won the auction and was revealed [3c]
Flop [4d 9d Jc], The_1__Gamblers (3553), UDF1 (3553)
UDF1 bets 986
The_1__Gamblers calls
Turn [4d 9d Jc Ks], The_1__Gamblers (4539), UDF1 (4539)
UDF1 bets 287
The_1__Gamblers calls
River [4d 9d Jc Ks 8h], The_1__Gamblers (4826), UDF1 (4826)
UDF1 bets 132
The_1__Gamblers calls
The_1__Gamblers shows [Qs 3c]
UDF1 shows [Jh Ac]
The_1__Gamblers awarded -4958
UDF1 awarded 4958

Round #838, UDF1 (-60472), The_1__Gamblers (60472)
UDF1 posts blind: 10
The_1__Gamblers posts blind: 20
UDF1 received [4d Td]
The_1__Gamblers received [Kh Ac]
UDF1 calls
The_1__Gamblers checks
Flop [3c 6d Th], UDF1 (20), The_1__Gamblers (20)
The_1__Gamblers bids 0
UDF1 bids 175
UDF1 won the auction and was revealed [Kh]
Flop [3c 6d Th], UDF1 (20), The_1__Gamblers (20)
The_1__Gamblers bets 24
UDF1 raises to 3076
The_1__Gamblers folds
UDF1 awarded 44
The_1__Gamblers awarded -44

Round #839, The_1__Gamblers (60428), UDF1 (-60428)
The_1__Gamblers posts blind: 10
UDF1 posts blind: 20
The_1__Gamblers received [Qc 3h]
UDF1 received [7d Th]
The_1__Gamblers calls
UDF1 checks
Flop [6c 8d Td], The_1__Gamblers (20), UDF1 (20)
UDF1 bids 178
The_1__Gamblers bids 0
UDF1 won the auction and was revealed [3h]
Flop [6c 8d Td], The_1__Gamblers (20), UDF1 (20)
UDF1 bets 3210
The_1__Gamblers folds
The_1__Gamblers awarded -20
UDF1 awarded 20

Round #840, UDF1 (-60408), The_1__Gamblers (60408)
UDF1 posts blind: 10
The_1__Gamblers posts blind: 20
UDF1 received [Jc 5s]
The_1__Gamblers received [5c As]
UDF1 folds
UDF1 awarded -10
The_1__Gamblers awarded 10

Round #841, The_1__Gamblers (60418), UDF1 (-60418)
The_1__Gamblers posts blind: 10
UDF1 posts blind: 20
The_1__Gamblers received [As 8s]
UDF1 received [4s Ts]
The_1__Gamblers calls
UDF1 raises to 738
The_1__Gamblers calls
Flop [Qs 4h 5h], The_1__Gamblers (738), UDF1 (738)
UDF1 bids 336
The_1__Gamblers bids 0
UDF1 won the auction and was revealed [8s]
Flop [Qs 4h 5h], The_1__Gamblers (738), UDF1 (738)
UDF1 bets 2741
The_1__Gamblers folds
The_1__Gamblers awarded -738
UDF1 awarded 738

Round #842, UDF1 (-59680), The_1__Gamblers (59680)
UDF1 posts blind: 10
The_1__Gamblers posts blind: 20
UDF1 received [6d Td]
The_1__Gamblers received [2d Jc]
UDF1 folds
UDF1 awarded -10
The_1__Gamblers awarded 10

Round #843, The_1__Gamblers (59690), UDF1 (-59690)
The_1__Gamblers posts blind: 10
UDF1 posts blind: 20
The_1__Gamblers received [4h 9c]
UDF1 received [4s 3s]
The_1__Gamblers calls
UDF1 checks
Flop [Qh 6d 2c], The_1__Gamblers (20), UDF1 (20)
UDF1 bids 172
The_1__Gamblers bids 0
UDF1 won the auction and was revealed [9c]
Flop [Qh 6d 2c], The_1__Gamblers (20), UDF1 (20)
UDF1 bets 2425
The_1__Gamblers folds
The_1__Gamblers awarded -20
UDF1 awarded 20

Round #844, UDF1 (-59670), The_1__Gamblers (59670)
UDF1 posts blind: 10
The_1__Gamblers posts blind: 20
UDF1 received [3s Ad]
The_1__Gamblers received [5h 7c]
UDF1 raises to 462
The_1__Gamblers calls
Flop [Th 2c 8h], UDF1 (462), The_1__Gamblers (462)
The_1__Gamblers bids 0
UDF1 bids 272
UDF1 won the auction and was revealed [7c]
Flop [Th 2c 8h], UDF1 (462), The_1__Gamblers (462)
The_1__Gamblers checks
UDF1 bets 2746
The_1__Gamblers folds
UDF1 awarded 462
The_1__Gamblers awarded -462

Round #845, The_1__Gamblers (59208), UDF1 (-59208)
The_1__Gamblers posts blind: 10
UDF1 posts blind: 20
The_1__Gamblers received [Ks 7s]
UDF1 received [Kh 7h]
The_1__Gamblers calls
UDF1 raises to 430
The_1__Gamblers calls
Flop [4h 9s Th], The_1__Gamblers (430), UDF1 (430)
UDF1 bids 270
The_1__Gamblers bids 0
UDF1 won the auction and was revealed [7s]
Flop [4h 9s Th], The_1__Gamblers (430), UDF1 (430)
UDF1 bets 2857
The_1__Gamblers folds
The_1__Gamblers awarded -430
UDF1 awarded 430

Round #846, UDF1 (-58778), The_1__Gamblers (58778)
UDF1 posts blind: 10
The_1__Gamblers posts blind: 20
UDF1 received [2c 9d]
The_1__Gamblers received [Td Ac]
UDF1 folds
UDF1 awarded -10
The_1__Gamblers awarded 10

Round #847, The_1__Gamblers (58788), UDF1 (-58788)
The_1__Gamblers posts blind: 10
UDF1 posts blind: 20
The_1__Gamblers received [Tc 7h]
UDF1 received [9d 5s]
The_1__Gamblers calls
UDF1 checks
Flop [3c Ts Kd], The_1__Gamblers (20), UDF1 (20)
UDF1 bids 176
The_1__Gamblers bids 0
UDF1 won the auction and was revealed [7h]
Flop [3c Ts Kd], The_1__Gamblers (20), UDF1 (20)
UDF1 bets 2711
The_1__Gamblers raises to 4980
UDF1 calls
Turn [3c Ts Kd 4s], The_1__Gamblers (5000), UDF1 (5000)
UDF1 checks
The_1__Gamblers checks
River [3c Ts Kd 4s 6d], The_1__Gamblers (5000), UDF1 (5000)
UDF1 checks
The_1__Gamblers checks
The_1__Gamblers shows [Tc 7h]
UDF1 shows [9d 5s]
The_1__Gamblers awarded 5000
UDF1 awarded -5000

Round #848, UDF1 (-63788), The_1__Gamblers (63788)
UDF1 posts blind: 10
The_1__Gamblers posts blind: 20
UDF1 received [Ah Ks]
The_1__Gamblers received [6h 5d]
UDF1 raises to 4421
The_1__Gamblers calls
Flop [Kd Kc 3c], UDF1 (4421), The_1__Gamblers (4421)
The_1__Gamblers bids 0
UDF1 bids 579
UDF1 won the auction and was revealed [5d]
Flop [Kd Kc 3c], UDF1 (4421), The_1__Gamblers (4421)
The_1__Gamblers checks
UDF1 bets 392
The_1__Gamblers folds
UDF1 awarded 4421
The_1__Gamblers awarded -4421

Round #849, The_1__Gamblers (59367), UDF1 (-59367)
The_1__Gamblers posts blind: 10
UDF1 posts blind: 20
The_1__Gamblers received [Tc 8c]
UDF1 received [Jd 6d]
The_1__Gamblers calls
UDF1 checks
Flop [5h Ts 3d], The_1__Gamblers (20), UDF1 (20)
UDF1 bids 176
The_1__Gamblers bids 0
UDF1 won the auction and was revealed [8c]
Flop [5h Ts 3d], The_1__Gamblers (20), UDF1 (20)
UDF1 bets 2883
The_1__Gamblers raises to 4980
UDF1 calls
Turn [5h Ts 3d Th], The_1__Gamblers (5000), UDF1 (5000)
UDF1 checks
The_1__Gamblers checks
River [5h Ts 3d Th Qh], The_1__Gamblers (5000), UDF1 (5000)
UDF1 checks
The_1__Gamblers checks
The_1__Gamblers shows [Tc 8c]
UDF1 shows [Jd 6d]
The_1__Gamblers awarded 5000
UDF1 awarded -5000

Round #850, UDF1 (-64367), The_1__Gamblers (64367)
UDF1 posts blind: 10
The_1__Gamblers posts blind: 20
UDF1 received [6d 3c]
The_1__Gamblers received [Kh 7h]
UDF1 calls
The_1__Gamblers checks
Flop [Kd 8d 9c], UDF1 (20), The_1__Gamblers (20)
The_1__Gamblers bids 0
UDF1 bids 176
UDF1 won the auction and was revealed [7h]
Flop [Kd 8d 9c], UDF1 (20), The_1__Gamblers (20)
The_1__Gamblers bets 24
UDF1 folds
UDF1 awarded -20
The_1__Gamblers awarded 20

Round #851, The_1__Gamblers (64387), UDF1 (-64387)
The_1__Gamblers posts blind: 10
UDF1 posts blind: 20
The_1__Gamblers received [As Kc]
UDF1 received [Ac Qc]
The_1__Gamblers calls
UDF1 raises to 4351
The_1__Gamblers calls
Flop [3s 8s 7h], The_1__Gamblers (4351), UDF1 (4351)
UDF1 bids 649
The_1__Gamblers bids 0
UDF1 won the auction and was revealed [As]
Flop [3s 8s 7h], The_1__Gamblers (4351), UDF1 (4351)
UDF1 bets 410
The_1__Gamblers raises to 649
UDF1 calls
Turn [3s 8s 7h Ad], The_1__Gamblers (5000), UDF1 (5000)
UDF1 checks
The_1__Gamblers checks
River [3s 8s 7h Ad 9c], The_1__Gamblers (5000), UDF1 (5000)
UDF1 checks
The_1__Gamblers checks
The_1__Gamblers shows [As Kc]
UDF1 shows [Ac Qc]
The_1__Gamblers awarded 5000
UDF1 awarded -5000

Round #852, UDF1 (-69387), The_1__Gamblers (69387)
UDF1 posts blind: 10
The_1__Gamblers posts blind: 20
UDF1 received [4s 6s]
The_1__Gamblers received [6d Jd]
UDF1 folds
UDF1 awarded -10
The_1__Gamblers awarded 10

Round #853, The_1__Gamblers (69397), UDF1 (-69397)
The_1__Gamblers posts blind: 10
UDF1 posts blind: 20
The_1__Gamblers received [Ah 6s]
UDF1 received [6c Jd]
The_1__Gamblers calls
UDF1 checks
Flop [3d 8s 4c], The_1__Gamblers (20), UDF1 (20)
UDF1 bids 169
The_1__Gamblers bids 0
UDF1 won the auction and was revealed [Ah]
Flop [3d 8s 4c], The_1__Gamblers (20), UDF1 (20)
UDF1 bets 2645
The_1__Gamblers folds
The_1__Gamblers awarded -20
UDF1 awarded 20

Round #854, UDF1 (-69377), The_1__Gamblers (69377)
UDF1 posts blind: 10
The_1__Gamblers posts blind: 20
UDF1 received [7h 6d]
The_1__Gamblers received [Kc 5d]
UDF1 folds
UDF1 awarded -10
The_1__Gamblers awarded 10

Round #855, The_1__Gamblers (69387), UDF1 (-69387)
The_1__Gamblers posts blind: 10
UDF1 posts blind: 20
The_1__Gamblers received [Qc 6d]
UDF1 received [4d Kh]
The_1__Gamblers calls
UDF1 checks
Flop [Th 6s Ts], The_1__Gamblers (20), UDF1 (20)
UDF1 bids 176
The_1__Gamblers bids 0
UDF1 won the auction and was revealed [6d]
Flop [Th 6s Ts], The_1__Gamblers (20), UDF1 (20)
UDF1 bets 2341
The_1__Gamblers raises to 4682
UDF1 folds
The_1__Gamblers awarded 2361
UDF1 awarded -2361

Round #856, UDF1 (-71748), The_1__Gamblers (71748)
UDF1 posts blind: 10
The_1__Gamblers posts blind: 20
UDF1 received [8c Jc]
The_1__Gamblers received [4d 8s]
UDF1 calls
The_1__Gamblers checks
Flop [7s Kc 6d], UDF1 (20), The_1__Gamblers (20)
The_1__Gamblers bids 0
UDF1 bids 171
UDF1 won the auction and was revealed [4d]
Flop [7s Kc 6d], UDF1 (20), The_1__Gamblers (20)
The_1__Gamblers checks
UDF1 bets 3098
The_1__Gamblers folds
UDF1 awarded 20
The_1__Gamblers awarded -20

Round #857, The_1__Gamblers (71728), UDF1 (-71728)
The_1__Gamblers posts blind: 10
UDF1 posts blind: 20
The_1__Gamblers received [Jh Kd]
UDF1 received [3c 5c]
The_1__Gamblers calls
UDF1 checks
Flop [6d Qc 9d], The_1__Gamblers (20), UDF1 (20)
UDF1 bids 169
The_1__Gamblers bids 0
UDF1 won the auction and was revealed [Jh]
Flop [6d Qc 9d], The_1__Gamblers (20), UDF1 (20)
UDF1 bets 2411
The_1__Gamblers folds
The_1__Gamblers awarded -20
UDF1 awarded 20

Round #858, UDF1 (-71708), The_1__Gamblers (71708)
UDF1 posts blind: 10
The_1__Gamblers posts blind: 20
UDF1 received [8s Qd]
The_1__Gamblers received [Jh 4c]
UDF1 calls
The_1__Gamblers checks
Flop [Qc 8h Ad], UDF1 (20), The_1__Gamblers (20)
The_1__Gamblers bids 0
UDF1 bids 178
UDF1 won the auction and was revealed [Jh]
Flop [Qc 8h Ad], UDF1 (20), The_1__Gamblers (20)
The_1__Gamblers checks
UDF1 bets 3504
The_1__Gamblers folds
UDF1 awarded 20
The_1__Gamblers awarded -20

Round #859, The_1__Gamblers (71688), UDF1 (-71688)
The_1__Gamblers posts blind: 10
UDF1 posts blind: 20
The_1__Gamblers received [Th Kh]
UDF1 received [4s 9c]
The_1__Gamblers calls
UDF1 checks
Flop [Ac 7s 6d], The_1__Gamblers (20), UDF1 (20)
UDF1 bids 166
The_1__Gamblers bids 0
UDF1 won the auction and was revealed [Kh]
Flop [Ac 7s 6d], The_1__Gamblers (20), UDF1 (20)
UDF1 bets 2485
The_1__Gamblers folds
The_1__Gamblers awarded -20
UDF1 awarded 20

Round #860, UDF1 (-71668), The_1__Gamblers (71668)
UDF1 posts blind: 10
The_1__Gamblers posts blind: 20
UDF1 received [5s Qs]
The_1__Gamblers received [3c 5h]
UDF1 folds
UDF1 awarded -10
The_1__Gamblers awarded 10

Round #861, The_1__Gamblers (71678), UDF1 (-71678)
The_1__Gamblers posts blind: 10
UDF1 posts blind: 20
The_1__Gamblers received [5c 2d]
UDF1 received [8d Kh]
The_1__Gamblers calls
UDF1 raises to 484
The_1__Gamblers calls
Flop [Kc 4c Qs], The_1__Gamblers (484), UDF1 (484)
UDF1 bids 286
The_1__Gamblers bids 0
UDF1 won the auction and was revealed [2d]
Flop [Kc 4c Qs], The_1__Gamblers (484), UDF1 (484)
UDF1 bets 3138
The_1__Gamblers folds
The_1__Gamblers awarded -484
UDF1 awarded 484

Round #862, UDF1 (-71194), The_1__Gamblers (71194)
UDF1 posts blind: 10
The_1__Gamblers posts blind: 20
UDF1 received [Jd 5d]
The_1__Gamblers received [8h Ah]
UDF1 calls
The_1__Gamblers checks
Flop [7c 9s 6c], UDF1 (20), The_1__Gamblers (20)
The_1__Gamblers bids 0
UDF1 bids 171
UDF1 won the auction and was revealed [8h]
Flop [7c 9s 6c], UDF1 (20), The_1__Gamblers (20)
The_1__Gamblers bets 24
UDF1 folds
UDF1 awarded -20
The_1__Gamblers awarded 20

Round #863, The_1__Gamblers (71214), UDF1 (-71214)
The_1__Gamblers posts blind: 10
UDF1 posts blind: 20
The_1__Gamblers received [4c 9c]
UDF1 received [5h 3s]
The_1__Gamblers calls
UDF1 checks
Flop [8d 6d 7c], The_1__Gamblers (20), UDF1 (20)
UDF1 bids 171
The_1__Gamblers bids 0
UDF1 won the auction and was revealed [4c]
Flop [8d 6d 7c], The_1__Gamblers (20), UDF1 (20)
UDF1 bets 2211
The_1__Gamblers folds
The_1__Gamblers awarded -20
UDF1 awarded 20

Round #864, UDF1 (-71194), The_1__Gamblers (71194)
UDF1 posts blind: 10
The_1__Gamblers posts blind: 20
UDF1 received [9c 5d]
The_1__Gamblers received [Qh Qs]
UDF1 calls
The_1__Gamblers checks
Flop [Qd 7c 4h], UDF1 (20), The_1__Gamblers (20)
The_1__Gamblers bids 0
UDF1 bids 168
UDF1 won the auction and was revealed [Qs]
Flop [Qd 7c 4h], UDF1 (20), The_1__Gamblers (20)
The_1__Gamblers bets 24
UDF1 folds
UDF1 awarded -20
The_1__Gamblers awarded 20

Round #865, The_1__Gamblers (71214), UDF1 (-71214)
The_1__Gamblers posts blind: 10
UDF1 posts blind: 20
The_1__Gamblers received [4s 9d]
UDF1 received [2c Kh]
The_1__Gamblers calls
UDF1 checks
Flop [Jh 9h 5h], The_1__Gamblers (20), UDF1 (20)
UDF1 bids 176
The_1__Gamblers bids 0
UDF1 won the auction and was revealed [9d]
Flop [Jh 9h 5h], The_1__Gamblers (20), UDF1 (20)
UDF1 bets 2786
The_1__Gamblers raises to 4980
UDF1 calls
Turn [Jh 9h 5h 3d], The_1__Gamblers (5000), UDF1 (5000)
UDF1 checks
The_1__Gamblers checks
River [Jh 9h 5h 3d 6c], The_1__Gamblers (5000), UDF1 (5000)
UDF1 checks
The_1__Gamblers checks
The_1__Gamblers shows [4s 9d]
UDF1 shows [2c Kh]
The_1__Gamblers awarded 5000
UDF1 awarded -5000

Round #866, UDF1 (-76214), The_1__Gamblers (76214)
UDF1 posts blind: 10
The_1__Gamblers posts blind: 20
UDF1 received [6c 2h]
The_1__Gamblers received [Qd 5d]
UDF1 calls
The_1__Gamblers checks
Flop [Qh Ad 4h], UDF1 (20), The_1__Gamblers (20)
The_1__Gamblers bids 0
UDF1 bids 174
UDF1 won the auction and was revealed [5d]
Flop [Qh Ad 4h], UDF1 (20), The_1__Gamblers (20)
The_1__Gamblers bets 24
UDF1 folds
UDF1 awarded -20
The_1__Gamblers awarded 20

Round #867, The_1__Gamblers (76234), UDF1 (-76234)
The_1__Gamblers posts blind: 10
UDF1 posts blind: 20
The_1__Gamblers received [Ts 7h]
UDF1 received [Jh 5c]
The_1__Gamblers calls
UDF1 checks
Flop [9h 5s 9s], The_1__Gamblers (20), UDF1 (20)
UDF1 bids 0
The_1__Gamblers bids 0
The_1__Gamblers won the auction and was revealed [Jh]
UDF1 won the auction and was revealed [Ts]
Flop [9h 5s 9s], The_1__Gamblers (20), UDF1 (20)
UDF1 bets 2661
The_1__Gamblers folds
The_1__Gamblers awarded -20
UDF1 awarded 20

Round #868, UDF1 (-76214), The_1__Gamblers (76214)
UDF1 posts blind: 10
The_1__Gamblers posts blind: 20
UDF1 received [6c 6d]
The_1__Gamblers received [2h 2d]
UDF1 raises to 1593
The_1__Gamblers calls
Flop [7c 5d 5c], UDF1 (1593), The_1__Gamblers (1593)
The_1__Gamblers bids 0
UDF1 bids 573
UDF1 won the auction and was revealed [2h]
Flop [7c 5d 5c], UDF1 (1593), The_1__Gamblers (1593)
The_1__Gamblers bets 1911
UDF1 raises to 3407
The_1__Gamblers calls
Turn [7c 5d 5c 5s], UDF1 (5000), The_1__Gamblers (5000)
The_1__Gamblers checks
UDF1 checks
River [7c 5d 5c 5s 8c], UDF1 (5000), The_1__Gamblers (5000)
The_1__Gamblers checks
UDF1 checks
UDF1 shows [6c 6d]
The_1__Gamblers shows [2h 2d]
UDF1 awarded 5000
The_1__Gamblers awarded -5000

Round #869, The_1__Gamblers (71214), UDF1 (-71214)
The_1__Gamblers posts blind: 10
UDF1 posts blind: 20
The_1__Gamblers received [9c 7s]
UDF1 received [Ad 6s]
The_1__Gamblers calls
UDF1 checks
Flop [8d 5s 5d], The_1__Gamblers (20), UDF1 (20)
UDF1 bids 176
The_1__Gamblers bids 0
UDF1 won the auction and was revealed [9c]
Flop [8d 5s 5d], The_1__Gamblers (20), UDF1 (20)
UDF1 bets 2921
The_1__Gamblers folds
The_1__Gamblers awarded -20
UDF1 awarded 20

Round #870, UDF1 (-71194), The_1__Gamblers (71194)
UDF1 posts blind: 10
The_1__Gamblers posts blind: 20
UDF1 received [Jd Kh]
The_1__Gamblers received [2s Ts]
UDF1 raises to 1719
The_1__Gamblers calls
Flop [9c 4c Qd], UDF1 (1719), The_1__Gamblers (1719)
The_1__Gamblers bids 0
UDF1 bids 601
UDF1 won the auction and was revealed [Ts]
Flop [9c 4c Qd], UDF1 (1719), The_1__Gamblers (1719)
The_1__Gamblers checks
UDF1 bets 1885
The_1__Gamblers folds
UDF1 awarded 1719
The_1__Gamblers awarded -1719

Round #871, The_1__Gamblers (69475), UDF1 (-69475)
The_1__Gamblers posts blind: 10
UDF1 posts blind: 20
The_1__Gamblers received [7d 6d]
UDF1 received [7c 9d]
The_1__Gamblers calls
UDF1 checks
Flop [5c 3c 9c], The_1__Gamblers (20), UDF1 (20)
UDF1 bids 180
The_1__Gamblers bids 0
UDF1 won the auction and was revealed [6d]
Flop [5c 3c 9c], The_1__Gamblers (20), UDF1 (20)
UDF1 bets 3107
The_1__Gamblers folds
The_1__Gamblers awarded -20
UDF1 awarded 20

Round #872, UDF1 (-69455), The_1__Gamblers (69455)
UDF1 posts blind: 10
The_1__Gamblers posts blind: 20
UDF1 received [3s Kd]
The_1__Gamblers received [Qs Kc]
UDF1 folds
UDF1 awarded -10
The_1__Gamblers awarded 10

Round #873, The_1__Gamblers (69465), UDF1 (-69465)
The_1__Gamblers posts blind: 10
UDF1 posts blind: 20
The_1__Gamblers received [Js Ac]
UDF1 received [3h 5c]
The_1__Gamblers calls
UDF1 checks
Flop [Kh 3c 2h], The_1__Gamblers (20), UDF1 (20)
UDF1 bids 171
The_1__Gamblers bids 0
UDF1 won the auction and was revealed [Ac]
Flop [Kh 3c 2h], The_1__Gamblers (20), UDF1 (20)
UDF1 bets 3023
The_1__Gamblers folds
The_1__Gamblers awarded -20
UDF1 awarded 20

Round #874, UDF1 (-69445), The_1__Gamblers (69445)
UDF1 posts blind: 10
The_1__Gamblers posts blind: 20
UDF1 received [2h Qh]
The_1__Gamblers received [Ah 2c]
UDF1 folds
UDF1 awarded -10
The_1__Gamblers awarded 10

Round #875, The_1__Gamblers (69455), UDF1 (-69455)
The_1__Gamblers posts blind: 10
UDF1 posts blind: 20
The_1__Gamblers received [7s 4s]
UDF1 received [6h As]
The_1__Gamblers calls
UDF1 checks
Flop [Tc 5c Kh], The_1__Gamblers (20), UDF1 (20)
UDF1 bids 0
The_1__Gamblers bids 0
The_1__Gamblers won the auction and was revealed [As]
UDF1 won the auction and was revealed [7s]
Flop [Tc 5c Kh], The_1__Gamblers (20), UDF1 (20)
UDF1 bets 3105
The_1__Gamblers folds
The_1__Gamblers awarded -20
UDF1 awarded 20

Round #876, UDF1 (-69435), The_1__Gamblers (69435)
UDF1 posts blind: 10
The_1__Gamblers posts blind: 20
UDF1 received [Kc Ad]
The_1__Gamblers received [Jd 7d]
UDF1 raises to 4319
The_1__Gamblers calls
Flop [9c Qd 8d], UDF1 (4319), The_1__Gamblers (4319)
The_1__Gamblers bids 0
UDF1 bids 681
UDF1 won the auction and was revealed [Jd]
Flop [9c Qd 8d], UDF1 (4319), The_1__Gamblers (4319)
The_1__Gamblers checks
UDF1 bets 361
The_1__Gamblers raises to 681
UDF1 calls
Turn [9c Qd 8d 8c], UDF1 (5000), The_1__Gamblers (5000)
The_1__Gamblers checks
UDF1 checks
River [9c Qd 8d 8c Ac], UDF1 (5000), The_1__Gamblers (5000)
The_1__Gamblers checks
UDF1 checks
UDF1 shows [Kc Ad]
The_1__Gamblers shows [Jd 7d]
UDF1 awarded 5000
The_1__Gamblers awarded -5000

Round #877, The_1__Gamblers (64435), UDF1 (-64435)
The_1__Gamblers posts blind: 10
UDF1 posts blind: 20
The_1__Gamblers received [Jh 8d]
UDF1 received [As 7h]
The_1__Gamblers calls
UDF1 checks
Flop [Kh 2h 5d], The_1__Gamblers (20), UDF1 (20)
UDF1 bids 181
The_1__Gamblers bids 0
UDF1 won the auction and was revealed [8d]
Flop [Kh 2h 5d], The_1__Gamblers (20), UDF1 (20)
UDF1 bets 2812
The_1__Gamblers folds
The_1__Gamblers awarded -20
UDF1 awarded 20

Round #878, UDF1 (-64415), The_1__Gamblers (64415)
UDF1 posts blind: 10
The_1__Gamblers posts blind: 20
UDF1 received [2h 8s]
The_1__Gamblers received [4h Jc]
UDF1 folds
UDF1 awarded -10
The_1__Gamblers awarded 10

Round #879, The_1__Gamblers (64425), UDF1 (-64425)
The_1__Gamblers posts blind: 10
UDF1 posts blind: 20
The_1__Gamblers received [Ks 9d]
UDF1 received [Ac Qd]
The_1__Gamblers calls
UDF1 raises to 3381
The_1__Gamblers calls
Flop [8d 5s 5c], The_1__Gamblers (3381), UDF1 (3381)
UDF1 bids 932
The_1__Gamblers bids 0
UDF1 won the auction and was revealed [Ks]
Flop [8d 5s 5c], The_1__Gamblers (3381), UDF1 (3381)
UDF1 bets 939
The_1__Gamblers raises to 1619
UDF1 calls
Turn [8d 5s 5c 4c], The_1__Gamblers (5000), UDF1 (5000)
UDF1 checks
The_1__Gamblers checks
River [8d 5s 5c 4c 7s], The_1__Gamblers (5000), UDF1 (5000)
UDF1 checks
The_1__Gamblers checks
The_1__Gamblers shows [Ks 9d]
UDF1 shows [Ac Qd]
The_1__Gamblers awarded -5000
UDF1 awarded 5000

Round #880, UDF1 (-59425), The_1__Gamblers (59425)
UDF1 posts blind: 10
The_1__Gamblers posts blind: 20
UDF1 received [Jc Qs]
The_1__Gamblers received [9h Ah]
UDF1 raises to 2053
The_1__Gamblers calls
Flop [8d 8h 3s], UDF1 (2053), The_1__Gamblers (2053)
The_1__Gamblers bids 0
UDF1 bids 660
UDF1 won the auction and was revealed [Ah]
Flop [8d 8h 3s], UDF1 (2053), The_1__Gamblers (2053)
The_1__Gamblers bets 2463
UDF1 folds
UDF1 awarded -2053
The_1__Gamblers awarded 2053

Round #881, The_1__Gamblers (61478), UDF1 (-61478)
The_1__Gamblers posts blind: 10
UDF1 posts blind: 20
The_1__Gamblers received [Tc 4s]
UDF1 received [Ts 4d]
The_1__Gamblers calls
UDF1 raises to 712
The_1__Gamblers calls
Flop [8d 6d Ks], The_1__Gamblers (712), UDF1 (712)
UDF1 bids 0
The_1__Gamblers bids 0
The_1__Gamblers won the auction and was revealed [Ts]
UDF1 won the auction and was revealed [4s]
Flop [8d 6d Ks], The_1__Gamblers (712), UDF1 (712)
UDF1 bets 2256
The_1__Gamblers folds
The_1__Gamblers awarded -712
UDF1 awarded 712

Round #882, UDF1 (-60766), The_1__Gamblers (60766)
UDF1 posts blind: 10
The_1__Gamblers posts blind: 20
UDF1 received [Qd 8c]
The_1__Gamblers received [7s 3h]
UDF1 folds
UDF1 awarded -10
The_1__Gamblers awarded 10

Round #883, The_1__Gamblers (60776), UDF1 (-60776)
The_1__Gamblers posts blind: 10
UDF1 posts blind: 20
The_1__Gamblers received [5h 4h]
UDF1 received [Js Kd]
The_1__Gamblers calls
UDF1 raises to 1666
The_1__Gamblers calls
Flop [Qs 3c 5d], The_1__Gamblers (1666), UDF1 (1666)
UDF1 bids 591
The_1__Gamblers bids 0
UDF1 won the auction and was revealed [4h]
Flop [Qs 3c 5d], The_1__Gamblers (1666), UDF1 (1666)
UDF1 bets 1903
The_1__Gamblers raises to 3334
UDF1 calls
Turn [Qs 3c 5d Kh], The_1__Gamblers (5000), UDF1 (5000)
UDF1 checks
The_1__Gamblers checks
River [Qs 3c 5d Kh 6c], The_1__Gamblers (5000), UDF1 (5000)
UDF1 checks
The_1__Gamblers checks
The_1__Gamblers shows [5h 4h]
UDF1 shows [Js Kd]
The_1__Gamblers awarded -5000
UDF1 awarded 5000

Round #884, UDF1 (-55776), The_1__Gamblers (55776)
UDF1 posts blind: 10
The_1__Gamblers posts blind: 20
UDF1 received [Ks 6s]
The_1__Gamblers received [Ad 8c]
UDF1 calls
The_1__Gamblers checks
Flop [5h Kc 6d], UDF1 (20), The_1__Gamblers (20)
The_1__Gamblers bids 0
UDF1 bids 175
UDF1 won the auction and was revealed [8c]
Flop [5h Kc 6d], UDF1 (20), The_1__Gamblers (20)
The_1__Gamblers bets 24
UDF1 raises to 3189
The_1__Gamblers folds
UDF1 awarded 44
The_1__Gamblers awarded -44

Round #885, The_1__Gamblers (55732), UDF1 (-55732)
The_1__Gamblers posts blind: 10
UDF1 posts blind: 20
The_1__Gamblers received [As Qs]
UDF1 received [7h 8d]
The_1__Gamblers calls
UDF1 checks
Flop [7s 6c 2s], The_1__Gamblers (20), UDF1 (20)
UDF1 bids 178
The_1__Gamblers bids 0
UDF1 won the auction and was revealed [Qs]
Flop [7s 6c 2s], The_1__Gamblers (20), UDF1 (20)
UDF1 bets 3245
The_1__Gamblers folds
The_1__Gamblers awarded -20
UDF1 awarded 20

Round #886, UDF1 (-55712), The_1__Gamblers (55712)
UDF1 posts blind: 10
The_1__Gamblers posts blind: 20
UDF1 received [6c 4s]
The_1__Gamblers received [Kd 7s]
UDF1 folds
UDF1 awarded -10
The_1__Gamblers awarded 10

Round #887, The_1__Gamblers (55722), UDF1 (-55722)
The_1__Gamblers posts blind: 10
UDF1 posts blind: 20
The_1__Gamblers received [2s Ts]
UDF1 received [2c 2d]
The_1__Gamblers calls
UDF1 checks
Flop [4d 4s Tc], The_1__Gamblers (20), UDF1 (20)
UDF1 bids 0
The_1__Gamblers bids 0
The_1__Gamblers won the auction and was revealed [2c]
UDF1 won the auction and was revealed [Ts]
Flop [4d 4s Tc], The_1__Gamblers (20), UDF1 (20)
UDF1 bets 2222
The_1__Gamblers raises to 4444
UDF1 folds
The_1__Gamblers awarded 2242
UDF1 awarded -2242

Round #888, UDF1 (-57964), The_1__Gamblers (57964)
UDF1 posts blind: 10
The_1__Gamblers posts blind: 20
UDF1 received [2d Td]
The_1__Gamblers received [2s 8h]
UDF1 calls
The_1__Gamblers checks
Flop [Ks 7s 5d], UDF1 (20), The_1__Gamblers (20)
The_1__Gamblers bids 0
UDF1 bids 173
UDF1 won the auction and was revealed [8h]
Flop [Ks 7s 5d], UDF1 (20), The_1__Gamblers (20)
The_1__Gamblers checks
UDF1 bets 2741
The_1__Gamblers folds
UDF1 awarded 20
The_1__Gamblers awarded -20

Round #889, The_1__Gamblers (57944), UDF1 (-57944)
The_1__Gamblers posts blind: 10
UDF1 posts blind: 20
The_1__Gamblers received [9s 7c]
UDF1 received [Qh 5h]
The_1__Gamblers calls
UDF1 raises to 747
The_1__Gamblers calls
Flop [9c Kc 8h], The_1__Gamblers (747), UDF1 (747)
UDF1 bids 343
The_1__Gamblers bids 0
UDF1 won the auction and was revealed [9s]
Flop [9c Kc 8h], The_1__Gamblers (747), UDF1 (747)
UDF1 bets 1858
The_1__Gamblers raises to 3716
UDF1 folds
The_1__Gamblers awarded 2605
UDF1 awarded -2605

Round #890, UDF1 (-60549), The_1__Gamblers (60549)
UDF1 posts blind: 10
The_1__Gamblers posts blind: 20
UDF1 received [Js 4s]
The_1__Gamblers received [5c 5s]
UDF1 folds
UDF1 awarded -10
The_1__Gamblers awarded 10

Round #891, The_1__Gamblers (60559), UDF1 (-60559)
The_1__Gamblers posts blind: 10
UDF1 posts blind: 20
The_1__Gamblers received [8s Jc]
UDF1 received [Ad 2h]
The_1__Gamblers calls
UDF1 raises to 382
The_1__Gamblers calls
Flop [Kc 8h 5h], The_1__Gamblers (382), UDF1 (382)
UDF1 bids 257
The_1__Gamblers bids 0
UDF1 won the auction and was revealed [Jc]
Flop [Kc 8h 5h], The_1__Gamblers (382), UDF1 (382)
UDF1 bets 2547
The_1__Gamblers raises to 4618
UDF1 calls
Turn [Kc 8h 5h 6c], The_1__Gamblers (5000), UDF1 (5000)
UDF1 checks
The_1__Gamblers checks
River [Kc 8h 5h 6c 3h], The_1__Gamblers (5000), UDF1 (5000)
UDF1 checks
The_1__Gamblers checks
The_1__Gamblers shows [8s Jc]
UDF1 shows [Ad 2h]
The_1__Gamblers awarded 5000
UDF1 awarded -5000

Round #892, UDF1 (-65559), The_1__Gamblers (65559)
UDF1 posts blind: 10
The_1__Gamblers posts blind: 20
UDF1 received [3d Ad]
The_1__Gamblers received [9h 4h]
UDF1 raises to 723
The_1__Gamblers calls
Flop [Qc 3h 7h], UDF1 (723), The_1__Gamblers (723)
The_1__Gamblers bids 0
UDF1 bids 337
UDF1 won the auction and was revealed [9h]
Flop [Qc 3h 7h], UDF1 (723), The_1__Gamblers (723)
The_1__Gamblers checks
UDF1 bets 2680
The_1__Gamblers folds
UDF1 awarded 723
The_1__Gamblers awarded -723

Round #893, The_1__Gamblers (64836), UDF1 (-64836)
The_1__Gamblers posts blind: 10
UDF1 posts blind: 20
The_1__Gamblers received [7d 4h]
UDF1 received [5c 7s]
The_1__Gamblers calls
UDF1 checks
Flop [Ad Ks Th], The_1__Gamblers (20), UDF1 (20)
UDF1 bids 176
The_1__Gamblers bids 0
UDF1 won the auction and was revealed [7d]
Flop [Ad Ks Th], The_1__Gamblers (20), UDF1 (20)
UDF1 bets 2256
The_1__Gamblers folds
The_1__Gamblers awarded -20
UDF1 awarded 20

Round #894, UDF1 (-64816), The_1__Gamblers (64816)
UDF1 posts blind: 10
The_1__Gamblers posts blind: 20
UDF1 received [Js Tc]
The_1__Gamblers received [3d 7d]
UDF1 calls
The_1__Gamblers checks
Flop [As Qs Jc], UDF1 (20), The_1__Gamblers (20)
The_1__Gamblers bids 0
UDF1 bids 178
UDF1 won the auction and was revealed [7d]
Flop [As Qs Jc], UDF1 (20), The_1__Gamblers (20)
The_1__Gamblers checks
UDF1 bets 3114
The_1__Gamblers folds
UDF1 awarded 20
The_1__Gamblers awarded -20

Round #895, The_1__Gamblers (64796), UDF1 (-64796)
The_1__Gamblers posts blind: 10
UDF1 posts blind: 20
The_1__Gamblers received [Ac 4c]
UDF1 received [3h 7c]
The_1__Gamblers calls
UDF1 checks
Flop [Ah 7s 5d], The_1__Gamblers (20), UDF1 (20)
UDF1 bids 175
The_1__Gamblers bids 0
UDF1 won the auction and was revealed [Ac]
Flop [Ah 7s 5d], The_1__Gamblers (20), UDF1 (20)
UDF1 bets 2369
The_1__Gamblers raises to 4738
UDF1 folds
The_1__Gamblers awarded 2389
UDF1 awarded -2389

Round #896, UDF1 (-67185), The_1__Gamblers (67185)
UDF1 posts blind: 10
The_1__Gamblers posts blind: 20
UDF1 received [4d 8s]
The_1__Gamblers received [5h Ks]
UDF1 folds
UDF1 awarded -10
The_1__Gamblers awarded 10

Round #897, The_1__Gamblers (67195), UDF1 (-67195)
The_1__Gamblers posts blind: 10
UDF1 posts blind: 20
The_1__Gamblers received [4c 7d]
UDF1 received [Qh 2s]
The_1__Gamblers calls
UDF1 raises to 337
The_1__Gamblers calls
Flop [9c 3h 9h], The_1__Gamblers (337), UDF1 (337)
UDF1 bids 240
The_1__Gamblers bids 0
UDF1 won the auction and was revealed [7d]
Flop [9c 3h 9h], The_1__Gamblers (337), UDF1 (337)
UDF1 bets 2862
The_1__Gamblers folds
The_1__Gamblers awarded -337
UDF1 awarded 337

Round #898, UDF1 (-66858), The_1__Gamblers (66858)
UDF1 posts blind: 10
The_1__Gamblers posts blind: 20
UDF1 received [Ts 5d]
The_1__Gamblers received [4s Qh]
UDF1 folds
UDF1 awarded -10
The_1__Gamblers awarded 10

Round #899, The_1__Gamblers (66868), UDF1 (-66868)
The_1__Gamblers posts blind: 10
UDF1 posts blind: 20
The_1__Gamblers received [Ks 3d]
UDF1 received [2c 6c]
The_1__Gamblers calls
UDF1 raises to 416
The_1__Gamblers calls
Flop [Jc 8c 4h], The_1__Gamblers (416), UDF1 (416)
UDF1 bids 269
The_1__Gamblers bids 0
UDF1 won the auction and was revealed [3d]
Flop [Jc 8c 4h], The_1__Gamblers (416), UDF1 (416)
UDF1 bets 2864
The_1__Gamblers folds
The_1__Gamblers awarded -416
UDF1 awarded 416

Round #900, UDF1 (-66452), The_1__Gamblers (66452)
UDF1 posts blind: 10
The_1__Gamblers posts blind: 20
UDF1 received [Ah Qd]
The_1__Gamblers received [3d 4c]
UDF1 calls
The_1__Gamblers checks
Flop [3h Ts 7d], UDF1 (20), The_1__Gamblers (20)
The_1__Gamblers bids 0
UDF1 bids 174
UDF1 won the auction and was revealed [4c]
Flop [3h Ts 7d], UDF1 (20), The_1__Gamblers (20)
The_1__Gamblers bets 24
UDF1 calls
Turn [3h Ts 7d 6c], UDF1 (44), The_1__Gamblers (44)
The_1__Gamblers bets 52
UDF1 calls
River [3h Ts 7d 6c 4s], UDF1 (96), The_1__Gamblers (96)
The_1__Gamblers bets 115
UDF1 folds
UDF1 awarded -96
The_1__Gamblers awarded 96

Round #901, The_1__Gamblers (66548), UDF1 (-66548)
The_1__Gamblers posts blind: 10
UDF1 posts blind: 20
The_1__Gamblers received [Ah 7d]
UDF1 received [7c As]
The_1__Gamblers calls
UDF1 checks
Flop [6s 4s Jh], The_1__Gamblers (20), UDF1 (20)
UDF1 bids 179
The_1__Gamblers bids 0
UDF1 won the auction and was revealed [7d]
Flop [6s 4s Jh], The_1__Gamblers (20), UDF1 (20)
UDF1 bets 3049
The_1__Gamblers folds
The_1__Gamblers awarded -20
UDF1 awarded 20

Round #902, UDF1 (-66528), The_1__Gamblers (66528)
UDF1 posts blind: 10
The_1__Gamblers posts blind: 20
UDF1 received [Tc 8d]
The_1__Gamblers received [Js 2c]
UDF1 raises to 337
The_1__Gamblers calls
Flop [Jd Jc 9h], UDF1 (337), The_1__Gamblers (337)
The_1__Gamblers bids 0
UDF1 bids 246
UDF1 won the auction and was revealed [Js]
Flop [Jd Jc 9h], UDF1 (337), The_1__Gamblers (337)
The_1__Gamblers bets 404
UDF1 folds
UDF1 awarded -337
The_1__Gamblers awarded 337

Round #903, The_1__Gamblers (66865), UDF1 (-66865)
The_1__Gamblers posts blind: 10
UDF1 posts blind: 20
The_1__Gamblers received [8c 4s]
UDF1 received [9d Kh]
The_1__Gamblers calls
UDF1 checks
Flop [8s 4c Th], The_1__Gamblers (20), UDF1 (20)
UDF1 bids 171
The_1__Gamblers bids 0
UDF1 won the auction and was revealed [8c]
Flop [8s 4c Th], The_1__Gamblers (20), UDF1 (20)
UDF1 bets 2658
The_1__Gamblers raises to 4980
UDF1 folds
The_1__Gamblers awarded 2678
UDF1 awarded -2678

Round #904, UDF1 (-69543), The_1__Gamblers (69543)
UDF1 posts blind: 10
The_1__Gamblers posts blind: 20
UDF1 received [5s 4s]
The_1__Gamblers received [Jc 8d]
UDF1 folds
UDF1 awarded -10
The_1__Gamblers awarded 10

Round #905, The_1__Gamblers (69553), UDF1 (-69553)
The_1__Gamblers posts blind: 10
UDF1 posts blind: 20
The_1__Gamblers received [8c 2s]
UDF1 received [7c 7s]
The_1__Gamblers calls
UDF1 raises to 1948
The_1__Gamblers calls
Flop [Kc Jc 5s], The_1__Gamblers (1948), UDF1 (1948)
UDF1 bids 652
The_1__Gamblers bids 0
UDF1 won the auction and was revealed [8c]
Flop [Kc Jc 5s], The_1__Gamblers (1948), UDF1 (1948)
UDF1 bets 1897
The_1__Gamblers folds
The_1__Gamblers awarded -1948
UDF1 awarded 1948

Round #906, UDF1 (-67605), The_1__Gamblers (67605)
UDF1 posts blind: 10
The_1__Gamblers posts blind: 20
UDF1 received [4h 3c]
The_1__Gamblers received [7c 4d]
UDF1 raises to 460
The_1__Gamblers calls
Flop [2s 2h Kh], UDF1 (460), The_1__Gamblers (460)
The_1__Gamblers bids 0
UDF1 bids 275
UDF1 won the auction and was revealed [4d]
Flop [2s 2h Kh], UDF1 (460), The_1__Gamblers (460)
The_1__Gamblers checks
UDF1 bets 2344
The_1__Gamblers folds
UDF1 awarded 460
The_1__Gamblers awarded -460

Round #907, The_1__Gamblers (67145), UDF1 (-67145)
The_1__Gamblers posts blind: 10
UDF1 posts blind: 20
The_1__Gamblers received [Td 4d]
UDF1 received [6c 6s]
The_1__Gamblers calls
UDF1 checks
Flop [Jh Ad 6d], The_1__Gamblers (20), UDF1 (20)
UDF1 bids 178
The_1__Gamblers bids 0
UDF1 won the auction and was revealed [Td]
Flop [Jh Ad 6d], The_1__Gamblers (20), UDF1 (20)
UDF1 bets 3443
The_1__Gamblers folds
The_1__Gamblers awarded -20
UDF1 awarded 20

Round #908, UDF1 (-67125), The_1__Gamblers (67125)
UDF1 posts blind: 10
The_1__Gamblers posts blind: 20
UDF1 received [3c 3h]
The_1__Gamblers received [Ad 4s]
UDF1 calls
The_1__Gamblers checks
Flop [9s Ac Kc], UDF1 (20), The_1__Gamblers (20)
The_1__Gamblers bids 0
UDF1 bids 178
UDF1 won the auction and was revealed [4s]
Flop [9s Ac Kc], UDF1 (20), The_1__Gamblers (20)
The_1__Gamblers bets 24
UDF1 raises to 2859
The_1__Gamblers raises to 4980
UDF1 calls
Turn [9s Ac Kc 9c], UDF1 (5000), The_1__Gamblers (5000)
The_1__Gamblers checks
UDF1 checks
River [9s Ac Kc 9c 2s], UDF1 (5000), The_1__Gamblers (5000)
The_1__Gamblers checks
UDF1 checks
UDF1 shows [3c 3h]
The_1__Gamblers shows [Ad 4s]
UDF1 awarded -5000
The_1__Gamblers awarded 5000

Round #909, The_1__Gamblers (72125), UDF1 (-72125)
The_1__Gamblers posts blind: 10
UDF1 posts blind: 20
The_1__Gamblers received [Jc 5d]
UDF1 received [Ah 3d]
The_1__Gamblers calls
UDF1 raises to 691
The_1__Gamblers calls
Flop [Td Qc Jd], The_1__Gamblers (691), UDF1 (691)
UDF1 bids 330
The_1__Gamblers bids 0
UDF1 won the auction and was revealed [5d]
Flop [Td Qc Jd], The_1__Gamblers (691), UDF1 (691)
UDF1 bets 2413
The_1__Gamblers raises to 4309
UDF1 calls
Turn [Td Qc Jd Tc], The_1__Gamblers (5000), UDF1 (5000)
UDF1 checks
The_1__Gamblers checks
River [Td Qc Jd Tc 2h], The_1__Gamblers (5000), UDF1 (5000)
UDF1 checks
The_1__Gamblers checks
The_1__Gamblers shows [Jc 5d]
UDF1 shows [Ah 3d]
The_1__Gamblers awarded 5000
UDF1 awarded -5000

Round #910, UDF1 (-77125), The_1__Gamblers (77125)
UDF1 posts blind: 10
The_1__Gamblers posts blind: 20
UDF1 received [4h Tc]
The_1__Gamblers received [Kh 6d]
UDF1 calls
The_1__Gamblers checks
Flop [3s 7h Ts], UDF1 (20), The_1__Gamblers (20)
The_1__Gamblers bids 0
UDF1 bids 175
UDF1 won the auction and was revealed [6d]
Flop [3s 7h Ts], UDF1 (20), The_1__Gamblers (20)
The_1__Gamblers checks
UDF1 bets 3476
The_1__Gamblers folds
UDF1 awarded 20
The_1__Gamblers awarded -20

Round #911, The_1__Gamblers (77105), UDF1 (-77105)
The_1__Gamblers posts blind: 10
UDF1 posts blind: 20
The_1__Gamblers received [Qh Ac]
UDF1 received [9h 2d]
The_1__Gamblers calls
UDF1 checks
Flop [7c 6s 8s], The_1__Gamblers (20), UDF1 (20)
UDF1 bids 179
The_1__Gamblers bids 0
UDF1 won the auction and was revealed [Qh]
Flop [7c 6s 8s], The_1__Gamblers (20), UDF1 (20)
UDF1 bets 2758
The_1__Gamblers folds
The_1__Gamblers awarded -20
UDF1 awarded 20

Round #912, UDF1 (-77085), The_1__Gamblers (77085)
UDF1 posts blind: 10
The_1__Gamblers posts blind: 20
UDF1 received [4s 3d]
The_1__Gamblers received [9d Td]
UDF1 folds
UDF1 awarded -10
The_1__Gamblers awarded 10

Round #913, The_1__Gamblers (77095), UDF1 (-77095)
The_1__Gamblers posts blind: 10
UDF1 posts blind: 20
The_1__Gamblers received [4c 8s]
UDF1 received [9h As]
The_1__Gamblers calls
UDF1 checks
Flop [6h Kd 3s], The_1__Gamblers (20), UDF1 (20)
UDF1 bids 173
The_1__Gamblers bids 0
UDF1 won the auction and was revealed [8s]
Flop [6h Kd 3s], The_1__Gamblers (20), UDF1 (20)
UDF1 bets 2865
The_1__Gamblers folds
The_1__Gamblers awarded -20
UDF1 awarded 20

Round #914, UDF1 (-77075), The_1__Gamblers (77075)
UDF1 posts blind: 10
The_1__Gamblers posts blind: 20
UDF1 received [5s 2d]
The_1__Gamblers received [Ad Ah]
UDF1 folds
UDF1 awarded -10
The_1__Gamblers awarded 10

Round #915, The_1__Gamblers (77085), UDF1 (-77085)
The_1__Gamblers posts blind: 10
UDF1 posts blind: 20
The_1__Gamblers received [As Jc]
UDF1 received [4s 2c]
The_1__Gamblers calls
UDF1 checks
Flop [5s 5d Ac], The_1__Gamblers (20), UDF1 (20)
UDF1 bids 178
The_1__Gamblers bids 0
UDF1 won the auction and was revealed [Jc]
Flop [5s 5d Ac], The_1__Gamblers (20), UDF1 (20)
UDF1 bets 2643
The_1__Gamblers raises to 4980
UDF1 calls
Turn [5s 5d Ac Kh], The_1__Gamblers (5000), UDF1 (5000)
UDF1 checks
The_1__Gamblers checks
River [5s 5d Ac Kh 6h], The_1__Gamblers (5000), UDF1 (5000)
UDF1 checks
The_1__Gamblers checks
The_1__Gamblers shows [As Jc]
UDF1 shows [4s 2c]
The_1__Gamblers awarded 5000
UDF1 awarded -5000

Round #916, UDF1 (-82085), The_1__Gamblers (82085)
UDF1 posts blind: 10
The_1__Gamblers posts blind: 20
UDF1 received [Jc Kh]
The_1__Gamblers received [9d 8s]
UDF1 calls
The_1__Gamblers checks
Flop [As Ac Jd], UDF1 (20), The_1__Gamblers (20)
The_1__Gamblers bids 0
UDF1 bids 176
UDF1 won the auction and was revealed [8s]
Flop [As Ac Jd], UDF1 (20), The_1__Gamblers (20)
The_1__Gamblers checks
UDF1 bets 3411
The_1__Gamblers folds
UDF1 awarded 20
The_1__Gamblers awarded -20

Round #917, The_1__Gamblers (82065), UDF1 (-82065)
The_1__Gamblers posts blind: 10
UDF1 posts blind: 20
The_1__Gamblers received [4c Tc]
UDF1 received [4d Qs]
The_1__Gamblers calls
UDF1 checks
Flop [4s Qh Qd], The_1__Gamblers (20), UDF1 (20)
UDF1 bids 177
The_1__Gamblers bids 0
UDF1 won the auction and was revealed [4c]
Flop [4s Qh Qd], The_1__Gamblers (20), UDF1 (20)
UDF1 bets 3575
The_1__Gamblers raises to 4980
UDF1 calls
Turn [4s Qh Qd 5d], The_1__Gamblers (5000), UDF1 (5000)
UDF1 checks
The_1__Gamblers checks
River [4s Qh Qd 5d 4h], The_1__Gamblers (5000), UDF1 (5000)
UDF1 checks
The_1__Gamblers checks
The_1__Gamblers shows [4c Tc]
UDF1 shows [4d Qs]
The_1__Gamblers awarded -5000
UDF1 awarded 5000

Round #918, UDF1 (-77065), The_1__Gamblers (77065)
UDF1 posts blind: 10
The_1__Gamblers posts blind: 20
UDF1 received [Td Ah]
The_1__Gamblers received [Tc Ts]
UDF1 calls
The_1__Gamblers checks
Flop [6h 3h Jh], UDF1 (20), The_1__Gamblers (20)
The_1__Gamblers bids 0
UDF1 bids 173
UDF1 won the auction and was revealed [Tc]
Flop [6h 3h Jh], UDF1 (20), The_1__Gamblers (20)
The_1__Gamblers bets 24
UDF1 raises to 2934
The_1__Gamblers raises to 4980
UDF1 calls
Turn [6h 3h Jh 9d], UDF1 (5000), The_1__Gamblers (5000)
The_1__Gamblers checks
UDF1 checks
River [6h 3h Jh 9d 2d], UDF1 (5000), The_1__Gamblers (5000)
The_1__Gamblers checks
UDF1 checks
UDF1 shows [Td Ah]
The_1__Gamblers shows [Tc Ts]
UDF1 awarded -5000
The_1__Gamblers awarded 5000

Round #919, The_1__Gamblers (82065), UDF1 (-82065)
The_1__Gamblers posts blind: 10
UDF1 posts blind: 20
The_1__Gamblers received [As 3s]
UDF1 received [6s Ac]
The_1__Gamblers calls
UDF1 raises to 740
The_1__Gamblers calls
Flop [4h Jc 2s], The_1__Gamblers (740), UDF1 (740)
UDF1 bids 340
The_1__Gamblers bids 0
UDF1 won the auction and was revealed [As]
Flop [4h Jc 2s], The_1__Gamblers (740), UDF1 (740)
UDF1 bets 2126
The_1__Gamblers folds
The_1__Gamblers awarded -740
UDF1 awarded 740

Round #920, UDF1 (-81325), The_1__Gamblers (81325)
UDF1 posts blind: 10
The_1__Gamblers posts blind: 20
UDF1 received [8h 4d]
The_1__Gamblers received [Ts 7h]
UDF1 calls
The_1__Gamblers checks
Flop [Ad 8d 7d], UDF1 (20), The_1__Gamblers (20)
The_1__Gamblers bids 0
UDF1 bids 172
UDF1 won the auction and was revealed [7h]
Flop [Ad 8d 7d], UDF1 (20), The_1__Gamblers (20)
The_1__Gamblers bets 24
UDF1 raises to 2927
The_1__Gamblers folds
UDF1 awarded 44
The_1__Gamblers awarded -44

Round #921, The_1__Gamblers (81281), UDF1 (-81281)
The_1__Gamblers posts blind: 10
UDF1 posts blind: 20
The_1__Gamblers received [9d 2h]
UDF1 received [3c Jh]
The_1__Gamblers calls
UDF1 checks
Flop [Tc 7c Qs], The_1__Gamblers (20), UDF1 (20)
UDF1 bids 173
The_1__Gamblers bids 0
UDF1 won the auction and was revealed [2h]
Flop [Tc 7c Qs], The_1__Gamblers (20), UDF1 (20)
UDF1 bets 2963
The_1__Gamblers folds
The_1__Gamblers awarded -20
UDF1 awarded 20

Round #922, UDF1 (-81261), The_1__Gamblers (81261)
UDF1 posts blind: 10
The_1__Gamblers posts blind: 20
UDF1 received [Ac 7c]
The_1__Gamblers received [3s 6d]
UDF1 calls
The_1__Gamblers checks
Flop [6h 4d Qs], UDF1 (20), The_1__Gamblers (20)
The_1__Gamblers bids 0
UDF1 bids 0
UDF1 won the auction and was revealed [6d]
The_1__Gamblers won the auction and was revealed [Ac]
Flop [6h 4d Qs], UDF1 (20), The_1__Gamblers (20)
The_1__Gamblers bets 24
UDF1 folds
UDF1 awarded -20
The_1__Gamblers awarded 20

Round #923, The_1__Gamblers (81281), UDF1 (-81281)
The_1__Gamblers posts blind: 10
UDF1 posts blind: 20
The_1__Gamblers received [9h Ks]
UDF1 received [4s Qs]
The_1__Gamblers calls
UDF1 raises to 535
The_1__Gamblers calls
Flop [9d 5c Ad], The_1__Gamblers (535), UDF1 (535)
UDF1 bids 288
The_1__Gamblers bids 0
UDF1 won the auction and was revealed [9h]
Flop [9d 5c Ad], The_1__Gamblers (535), UDF1 (535)
UDF1 bets 2044
The_1__Gamblers raises to 4088
UDF1 folds
The_1__Gamblers awarded 2579
UDF1 awarded -2579

Round #924, UDF1 (-83860), The_1__Gamblers (83860)
UDF1 posts blind: 10
The_1__Gamblers posts blind: 20
UDF1 received [9d 8s]
The_1__Gamblers received [2h 4d]
UDF1 raises to 472
The_1__Gamblers calls
Flop [6h Jh Jd], UDF1 (472), The_1__Gamblers (472)
The_1__Gamblers bids 0
UDF1 bids 0
UDF1 won the auction and was revealed [4d]
The_1__Gamblers won the auction and was revealed [8s]
Flop [6h Jh Jd], UDF1 (472), The_1__Gamblers (472)
The_1__Gamblers checks
UDF1 bets 2547
The_1__Gamblers folds
UDF1 awarded 472
The_1__Gamblers awarded -472

Round #925, The_1__Gamblers (83388), UDF1 (-83388)
The_1__Gamblers posts blind: 10
UDF1 posts blind: 20
The_1__Gamblers received [Th 8d]
UDF1 received [Kh Tc]
The_1__Gamblers calls
UDF1 checks
Flop [3h 4h As], The_1__Gamblers (20), UDF1 (20)
UDF1 bids 180
The_1__Gamblers bids 0
UDF1 won the auction and was revealed [Th]
Flop [3h 4h As], The_1__Gamblers (20), UDF1 (20)
UDF1 bets 2732
The_1__Gamblers folds
The_1__Gamblers awarded -20
UDF1 awarded 20

Round #926, UDF1 (-83368), The_1__Gamblers (83368)
UDF1 posts blind: 10
The_1__Gamblers posts blind: 20
UDF1 received [3s 9s]
The_1__Gamblers received [Qc Td]
UDF1 calls
The_1__Gamblers checks
Flop [Jh Qs 5d], UDF1 (20), The_1__Gamblers (20)
The_1__Gamblers bids 0
UDF1 bids 166
UDF1 won the auction and was revealed [Td]
Flop [Jh Qs 5d], UDF1 (20), The_1__Gamblers (20)
The_1__Gamblers bets 24
UDF1 folds
UDF1 awarded -20
The_1__Gamblers awarded 20

Round #927, The_1__Gamblers (83388), UDF1 (-83388)
The_1__Gamblers posts blind: 10
UDF1 posts blind: 20
The_1__Gamblers received [8s 7s]
UDF1 received [Qc 4s]
The_1__Gamblers calls
UDF1 checks
Flop [3d Jd 5d], The_1__Gamblers (20), UDF1 (20)
UDF1 bids 170
The_1__Gamblers bids 0
UDF1 won the auction and was revealed [7s]
Flop [3d Jd 5d], The_1__Gamblers (20), UDF1 (20)
UDF1 bets 2441
The_1__Gamblers folds
The_1__Gamblers awarded -20
UDF1 awarded 20

Round #928, UDF1 (-83368), The_1__Gamblers (83368)
UDF1 posts blind: 10
The_1__Gamblers posts blind: 20
UDF1 received [9d 3d]
The_1__Gamblers received [5c 3h]
UDF1 calls
The_1__Gamblers checks
Flop [8d 9h Ts], UDF1 (20), The_1__Gamblers (20)
The_1__Gamblers bids 0
UDF1 bids 177
UDF1 won the auction and was revealed [5c]
Flop [8d 9h Ts], UDF1 (20), The_1__Gamblers (20)
The_1__Gamblers checks
UDF1 bets 2933
The_1__Gamblers folds
UDF1 awarded 20
The_1__Gamblers awarded -20

Round #929, The_1__Gamblers (83348), UDF1 (-83348)
The_1__Gamblers posts blind: 10
UDF1 posts blind: 20
The_1__Gamblers received [Ks 8s]
UDF1 received [9s 9c]
The_1__Gamblers calls
UDF1 raises to 3366
The_1__Gamblers calls
Flop [8h Qh Qd], The_1__Gamblers (3366), UDF1 (3366)
UDF1 bids 930
The_1__Gamblers bids 0
UDF1 won the auction and was revealed [Ks]
Flop [8h Qh Qd], The_1__Gamblers (3366), UDF1 (3366)
UDF1 bets 924
The_1__Gamblers raises to 1634
UDF1 calls
Turn [8h Qh Qd 9d], The_1__Gamblers (5000), UDF1 (5000)
UDF1 checks
The_1__Gamblers checks
River [8h Qh Qd 9d 7h], The_1__Gamblers (5000), UDF1 (5000)
UDF1 checks
The_1__Gamblers checks
The_1__Gamblers shows [Ks 8s]
UDF1 shows [9s 9c]
The_1__Gamblers awarded -5000
UDF1 awarded 5000

Round #930, UDF1 (-78348), The_1__Gamblers (78348)
UDF1 posts blind: 10
The_1__Gamblers posts blind: 20
UDF1 received [Jd 5d]
The_1__Gamblers received [7s 9h]
UDF1 folds
UDF1 awarded -10
The_1__Gamblers awarded 10

Round #931, The_1__Gamblers (78358), UDF1 (-78358)
The_1__Gamblers posts blind: 10
UDF1 posts blind: 20
The_1__Gamblers received [2s Qs]
UDF1 received [Kd Ks]
The_1__Gamblers calls
UDF1 raises to 4534
The_1__Gamblers calls
Flop [5c 3h 8c], The_1__Gamblers (4534), UDF1 (4534)
UDF1 bids 466
The_1__Gamblers bids 0
UDF1 won the auction and was revealed [2s]
Flop [5c 3h 8c], The_1__Gamblers (4534), UDF1 (4534)
UDF1 bets 302
The_1__Gamblers raises to 466
UDF1 calls
Turn [5c 3h 8c Jc], The_1__Gamblers (5000), UDF1 (5000)
UDF1 checks
The_1__Gamblers checks
River [5c 3h 8c Jc 5d], The_1__Gamblers (5000), UDF1 (5000)
UDF1 checks
The_1__Gamblers checks
The_1__Gamblers shows [2s Qs]
UDF1 shows [Kd Ks]
The_1__Gamblers awarded -5000
UDF1 awarded 5000

Round #932, UDF1 (-73358), The_1__Gamblers (73358)
UDF1 posts blind: 10
The_1__Gamblers posts blind: 20
UDF1 received [Td 7h]
The_1__Gamblers received [Ad Kh]
UDF1 folds
UDF1 awarded -10
The_1__Gamblers awarded 10

Round #933, The_1__Gamblers (73368), UDF1 (-73368)
The_1__Gamblers posts blind: 10
UDF1 posts blind: 20
The_1__Gamblers received [9h Jc]
UDF1 received [5c 4h]
The_1__Gamblers calls
UDF1 checks
Flop [As 3h Th], The_1__Gamblers (20), UDF1 (20)
UDF1 bids 171
The_1__Gamblers bids 0
UDF1 won the auction and was revealed [9h]
Flop [As 3h Th], The_1__Gamblers (20), UDF1 (20)
UDF1 bets 2834
The_1__Gamblers folds
The_1__Gamblers awarded -20
UDF1 awarded 20

Round #934, UDF1 (-73348), The_1__Gamblers (73348)
UDF1 posts blind: 10
The_1__Gamblers posts blind: 20
UDF1 received [8h 4h]
The_1__Gamblers received [As 6c]
UDF1 calls
The_1__Gamblers checks
Flop [3h 7c Js], UDF1 (20), The_1__Gamblers (20)
The_1__Gamblers bids 0
UDF1 bids 167
UDF1 won the auction and was revealed [6c]
Flop [3h 7c Js], UDF1 (20), The_1__Gamblers (20)
The_1__Gamblers bets 24
UDF1 calls
Turn [3h 7c Js 4c], UDF1 (44), The_1__Gamblers (44)
The_1__Gamblers checks
UDF1 bets 3086
The_1__Gamblers folds
UDF1 awarded 44
The_1__Gamblers awarded -44

Round #935, The_1__Gamblers (73304), UDF1 (-73304)
The_1__Gamblers posts blind: 10
UDF1 posts blind: 20
The_1__Gamblers received [Jd 9h]
UDF1 received [Kc 5c]
The_1__Gamblers calls
UDF1 raises to 540
The_1__Gamblers calls
Flop [Ks Jh As], The_1__Gamblers (540), UDF1 (540)
UDF1 bids 291
The_1__Gamblers bids 0
UDF1 won the auction and was revealed [9h]
Flop [Ks Jh As], The_1__Gamblers (540), UDF1 (540)
UDF1 bets 2638
The_1__Gamblers raises to 4460
UDF1 calls
Turn [Ks Jh As 6h], The_1__Gamblers (5000), UDF1 (5000)
UDF1 checks
The_1__Gamblers checks
River [Ks Jh As 6h 3d], The_1__Gamblers (5000), UDF1 (5000)
UDF1 checks
The_1__Gamblers checks
The_1__Gamblers shows [Jd 9h]
UDF1 shows [Kc 5c]
The_1__Gamblers awarded -5000
UDF1 awarded 5000

Round #936, UDF1 (-68304), The_1__Gamblers (68304)
UDF1 posts blind: 10
The_1__Gamblers posts blind: 20
UDF1 received [Qs As]
The_1__Gamblers received [Kc Qd]
UDF1 raises to 4736
The_1__Gamblers calls
Flop [6s Qh 3c], UDF1 (4736), The_1__Gamblers (4736)
The_1__Gamblers bids 0
UDF1 bids 264
UDF1 won the auction and was revealed [Kc]
Flop [6s Qh 3c], UDF1 (4736), The_1__Gamblers (4736)
The_1__Gamblers bets 264
UDF1 calls
Turn [6s Qh 3c 4d], UDF1 (5000), The_1__Gamblers (5000)
The_1__Gamblers checks
UDF1 checks
River [6s Qh 3c 4d Kh], UDF1 (5000), The_1__Gamblers (5000)
The_1__Gamblers checks
UDF1 checks
UDF1 shows [Qs As]
The_1__Gamblers shows [Kc Qd]
UDF1 awarded -5000
The_1__Gamblers awarded 5000

Round #937, The_1__Gamblers (73304), UDF1 (-73304)
The_1__Gamblers posts blind: 10
UDF1 posts blind: 20
The_1__Gamblers received [As 8h]
UDF1 received [2s Js]
The_1__Gamblers calls
UDF1 checks
Flop [Th 7h 5c], The_1__Gamblers (20), UDF1 (20)
UDF1 bids 173
The_1__Gamblers bids 0
UDF1 won the auction and was revealed [8h]
Flop [Th 7h 5c], The_1__Gamblers (20), UDF1 (20)
UDF1 bets 2804
The_1__Gamblers folds
The_1__Gamblers awarded -20
UDF1 awarded 20

Round #938, UDF1 (-73284), The_1__Gamblers (73284)
UDF1 posts blind: 10
The_1__Gamblers posts blind: 20
UDF1 received [8d 4s]
The_1__Gamblers received [3h 8h]
UDF1 calls
The_1__Gamblers checks
Flop [2h 3s 4h], UDF1 (20), The_1__Gamblers (20)
The_1__Gamblers bids 0
UDF1 bids 172
UDF1 won the auction and was revealed [3h]
Flop [2h 3s 4h], UDF1 (20), The_1__Gamblers (20)
The_1__Gamblers bets 24
UDF1 calls
Turn [2h 3s 4h 2s], UDF1 (44), The_1__Gamblers (44)
The_1__Gamblers bets 52
UDF1 raises to 2867
The_1__Gamblers folds
UDF1 awarded 96
The_1__Gamblers awarded -96

Round #939, The_1__Gamblers (73188), UDF1 (-73188)
The_1__Gamblers posts blind: 10
UDF1 posts blind: 20
The_1__Gamblers received [Qs Qc]
UDF1 received [6d 5h]
The_1__Gamblers calls
UDF1 checks
Flop [Jh Tc 4h], The_1__Gamblers (20), UDF1 (20)
UDF1 bids 176
The_1__Gamblers bids 0
UDF1 won the auction and was revealed [Qc]
Flop [Jh Tc 4h], The_1__Gamblers (20), UDF1 (20)
UDF1 bets 2549
The_1__Gamblers raises to 4980
UDF1 folds
The_1__Gamblers awarded 2569
UDF1 awarded -2569

Round #940, UDF1 (-75757), The_1__Gamblers (75757)
UDF1 posts blind: 10
The_1__Gamblers posts blind: 20
UDF1 received [3d Td]
The_1__Gamblers received [4s As]
UDF1 calls
The_1__Gamblers checks
Flop [8h 6s 2s], UDF1 (20), The_1__Gamblers (20)
The_1__Gamblers bids 0
UDF1 bids 170
UDF1 won the auction and was revealed [4s]
Flop [8h 6s 2s], UDF1 (20), The_1__Gamblers (20)
The_1__Gamblers bets 24
UDF1 calls
Turn [8h 6s 2s 6h], UDF1 (44), The_1__Gamblers (44)
The_1__Gamblers bets 52
UDF1 calls
River [8h 6s 2s 6h 7c], UDF1 (96), The_1__Gamblers (96)
The_1__Gamblers checks
UDF1 bets 1856
The_1__Gamblers folds
UDF1 awarded 96
The_1__Gamblers awarded -96

Round #941, The_1__Gamblers (75661), UDF1 (-75661)
The_1__Gamblers posts blind: 10
UDF1 posts blind: 20
The_1__Gamblers received [5d 3s]
UDF1 received [6h Qh]
The_1__Gamblers calls
UDF1 checks
Flop [6c 5h 3h], The_1__Gamblers (20), UDF1 (20)
UDF1 bids 173
The_1__Gamblers bids 0
UDF1 won the auction and was revealed [3s]
Flop [6c 5h 3h], The_1__Gamblers (20), UDF1 (20)
UDF1 bets 3345
The_1__Gamblers raises to 4980
UDF1 calls
Turn [6c 5h 3h 2h], The_1__Gamblers (5000), UDF1 (5000)
UDF1 checks
The_1__Gamblers checks
River [6c 5h 3h 2h Jc], The_1__Gamblers (5000), UDF1 (5000)
UDF1 checks
The_1__Gamblers checks
The_1__Gamblers shows [5d 3s]
UDF1 shows [6h Qh]
The_1__Gamblers awarded -5000
UDF1 awarded 5000

Round #942, UDF1 (-70661), The_1__Gamblers (70661)
UDF1 posts blind: 10
The_1__Gamblers posts blind: 20
UDF1 received [7c 3h]
The_1__Gamblers received [As 4d]
UDF1 raises to 464
The_1__Gamblers calls
Flop [5s Qc 4s], UDF1 (464), The_1__Gamblers (464)
The_1__Gamblers bids 0
UDF1 bids 275
UDF1 won the auction and was revealed [As]
Flop [5s Qc 4s], UDF1 (464), The_1__Gamblers (464)
The_1__Gamblers bets 556
UDF1 folds
UDF1 awarded -464
The_1__Gamblers awarded 464

Round #943, The_1__Gamblers (71125), UDF1 (-71125)
The_1__Gamblers posts blind: 10
UDF1 posts blind: 20
The_1__Gamblers received [2d Qd]
UDF1 received [Ts Ac]
The_1__Gamblers calls
UDF1 checks
Flop [6c 5d 9d], The_1__Gamblers (20), UDF1 (20)
UDF1 bids 172
The_1__Gamblers bids 0
UDF1 won the auction and was revealed [Qd]
Flop [6c 5d 9d], The_1__Gamblers (20), UDF1 (20)
UDF1 bets 3154
The_1__Gamblers folds
The_1__Gamblers awarded -20
UDF1 awarded 20

Round #944, UDF1 (-71105), The_1__Gamblers (71105)
UDF1 posts blind: 10
The_1__Gamblers posts blind: 20
UDF1 received [Ad 5h]
The_1__Gamblers received [3h Kd]
UDF1 raises to 447
The_1__Gamblers calls
Flop [9d 4d 7c], UDF1 (447), The_1__Gamblers (447)
The_1__Gamblers bids 0
UDF1 bids 268
UDF1 won the auction and was revealed [Kd]
Flop [9d 4d 7c], UDF1 (447), The_1__Gamblers (447)
The_1__Gamblers checks
UDF1 bets 2846
The_1__Gamblers folds
UDF1 awarded 447
The_1__Gamblers awarded -447

Round #945, The_1__Gamblers (70658), UDF1 (-70658)
The_1__Gamblers posts blind: 10
UDF1 posts blind: 20
The_1__Gamblers received [Jd 2d]
UDF1 received [4c 6d]
The_1__Gamblers calls
UDF1 raises to 337
The_1__Gamblers calls
Flop [9h Kd Ah], The_1__Gamblers (337), UDF1 (337)
UDF1 bids 237
The_1__Gamblers bids 0
UDF1 won the auction and was revealed [Jd]
Flop [9h Kd Ah], The_1__Gamblers (337), UDF1 (337)
UDF1 bets 2127
The_1__Gamblers folds
The_1__Gamblers awarded -337
UDF1 awarded 337

Round #946, UDF1 (-70321), The_1__Gamblers (70321)
UDF1 posts blind: 10
The_1__Gamblers posts blind: 20
UDF1 received [5d 5s]
The_1__Gamblers received [9c Td]
UDF1 raises to 2019
The_1__Gamblers calls
Flop [9h 3c 8c], UDF1 (2019), The_1__Gamblers (2019)
The_1__Gamblers bids 0
UDF1 bids 652
UDF1 won the auction and was revealed [9c]
Flop [9h 3c 8c], UDF1 (2019), The_1__Gamblers (2019)
The_1__Gamblers bets 2422
UDF1 folds
UDF1 awarded -2019
The_1__Gamblers awarded 2019

Round #947, The_1__Gamblers (72340), UDF1 (-72340)
The_1__Gamblers posts blind: 10
UDF1 posts blind: 20
The_1__Gamblers received [2s 6d]
UDF1 received [4c Kh]
The_1__Gamblers calls
UDF1 checks
Flop [Jh 7h 2h], The_1__Gamblers (20), UDF1 (20)
UDF1 bids 0
The_1__Gamblers bids 0
The_1__Gamblers won the auction and was revealed [4c]
UDF1 won the auction and was revealed [6d]
Flop [Jh 7h 2h], The_1__Gamblers (20), UDF1 (20)
UDF1 bets 2781
The_1__Gamblers folds
The_1__Gamblers awarded -20
UDF1 awarded 20

Round #948, UDF1 (-72320), The_1__Gamblers (72320)
UDF1 posts blind: 10
The_1__Gamblers posts blind: 20
UDF1 received [Ks Jd]
The_1__Gamblers received [8c 4s]
UDF1 raises to 1686
The_1__Gamblers calls
Flop [9s Kd Js], UDF1 (1686), The_1__Gamblers (1686)
The_1__Gamblers bids 0
UDF1 bids 594
UDF1 won the auction and was revealed [8c]
Flop [9s Kd Js], UDF1 (1686), The_1__Gamblers (1686)
The_1__Gamblers checks
UDF1 bets 2102
The_1__Gamblers folds
UDF1 awarded 1686
The_1__Gamblers awarded -1686

Round #949, The_1__Gamblers (70634), UDF1 (-70634)
The_1__Gamblers posts blind: 10
UDF1 posts blind: 20
The_1__Gamblers received [6d Ks]
UDF1 received [5h 2d]
The_1__Gamblers calls
UDF1 checks
Flop [Th 5s 6c], The_1__Gamblers (20), UDF1 (20)
UDF1 bids 181
The_1__Gamblers bids 0
UDF1 won the auction and was revealed [Ks]
Flop [Th 5s 6c], The_1__Gamblers (20), UDF1 (20)
UDF1 bets 3179
The_1__Gamblers raises to 4980
UDF1 calls
Turn [Th 5s 6c Qh], The_1__Gamblers (5000), UDF1 (5000)
UDF1 checks
The_1__Gamblers checks
River [Th 5s 6c Qh 4d], The_1__Gamblers (5000), UDF1 (5000)
UDF1 checks
The_1__Gamblers checks
The_1__Gamblers shows [6d Ks]
UDF1 shows [5h 2d]
The_1__Gamblers awarded 5000
UDF1 awarded -5000

Round #950, UDF1 (-75634), The_1__Gamblers (75634)
UDF1 posts blind: 10
The_1__Gamblers posts blind: 20
UDF1 received [As Qs]
The_1__Gamblers received [6h 9s]
UDF1 raises to 4713
The_1__Gamblers calls
Flop [3s 5h Ac], UDF1 (4713), The_1__Gamblers (4713)
The_1__Gamblers bids 0
UDF1 bids 0
UDF1 won the auction and was revealed [9s]
The_1__Gamblers won the auction and was revealed [As]
Flop [3s 5h Ac], UDF1 (4713), The_1__Gamblers (4713)
The_1__Gamblers checks
UDF1 bets 207
The_1__Gamblers calls
Turn [3s 5h Ac 5s], UDF1 (4920), The_1__Gamblers (4920)
The_1__Gamblers checks
UDF1 bets 55
The_1__Gamblers calls
River [3s 5h Ac 5s 3h], UDF1 (4975), The_1__Gamblers (4975)
The_1__Gamblers checks
UDF1 bets 22
The_1__Gamblers calls
UDF1 shows [As Qs]
The_1__Gamblers shows [6h 9s]
UDF1 awarded 4997
The_1__Gamblers awarded -4997

Round #951, The_1__Gamblers (70637), UDF1 (-70637)
The_1__Gamblers posts blind: 10
UDF1 posts blind: 20
The_1__Gamblers received [2d 5s]
UDF1 received [Kh Tc]
The_1__Gamblers calls
UDF1 checks
Flop [5d 2c 4s], The_1__Gamblers (20), UDF1 (20)
UDF1 bids 173
The_1__Gamblers bids 0
UDF1 won the auction and was revealed [5s]
Flop [5d 2c 4s], The_1__Gamblers (20), UDF1 (20)
UDF1 bets 2046
The_1__Gamblers raises to 4092
UDF1 folds
The_1__Gamblers awarded 2066
UDF1 awarded -2066

Round #952, UDF1 (-72703), The_1__Gamblers (72703)
UDF1 posts blind: 10
The_1__Gamblers posts blind: 20
UDF1 received [5c Td]
The_1__Gamblers received [Th Jd]
UDF1 calls
The_1__Gamblers checks
Flop [9h 9c Qh], UDF1 (20), The_1__Gamblers (20)
The_1__Gamblers bids 0
UDF1 bids 168
UDF1 won the auction and was revealed [Jd]
Flop [9h 9c Qh], UDF1 (20), The_1__Gamblers (20)
The_1__Gamblers bets 24
UDF1 folds
UDF1 awarded -20
The_1__Gamblers awarded 20

Round #953, The_1__Gamblers (72723), UDF1 (-72723)
The_1__Gamblers posts blind: 10
UDF1 posts blind: 20
The_1__Gamblers received [5d 5c]
UDF1 received [7d 6d]
The_1__Gamblers calls
UDF1 checks
Flop [Qd 2c Qh], The_1__Gamblers (20), UDF1 (20)
UDF1 bids 173
The_1__Gamblers bids 0
UDF1 won the auction and was revealed [5d]
Flop [Qd 2c Qh], The_1__Gamblers (20), UDF1 (20)
UDF1 bets 2622
The_1__Gamblers raises to 4980
UDF1 calls
Turn [Qd 2c Qh Ks], The_1__Gamblers (5000), UDF1 (5000)
UDF1 checks
The_1__Gamblers checks
River [Qd 2c Qh Ks 5s], The_1__Gamblers (5000), UDF1 (5000)
UDF1 checks
The_1__Gamblers checks
The_1__Gamblers shows [5d 5c]
UDF1 shows [7d 6d]
The_1__Gamblers awarded 5000
UDF1 awarded -5000

Round #954, UDF1 (-77723), The_1__Gamblers (77723)
UDF1 posts blind: 10
The_1__Gamblers posts blind: 20
UDF1 received [Qd 4c]
The_1__Gamblers received [6d 6c]
UDF1 raises to 413
The_1__Gamblers calls
Flop [7c 9c 6h], UDF1 (413), The_1__Gamblers (413)
The_1__Gamblers bids 0
UDF1 bids 260
UDF1 won the auction and was revealed [6d]
Flop [7c 9c 6h], UDF1 (413), The_1__Gamblers (413)
The_1__Gamblers bets 495
UDF1 folds
UDF1 awarded -413
The_1__Gamblers awarded 413

Round #955, The_1__Gamblers (78136), UDF1 (-78136)
The_1__Gamblers posts blind: 10
UDF1 posts blind: 20
The_1__Gamblers received [8d Td]
UDF1 received [Kd 4s]
The_1__Gamblers calls
UDF1 raises to 544
The_1__Gamblers calls
Flop [Tc 4h 9d], The_1__Gamblers (544), UDF1 (544)
UDF1 bids 295
The_1__Gamblers bids 0
UDF1 won the auction and was revealed [Td]
Flop [Tc 4h 9d], The_1__Gamblers (544), UDF1 (544)
UDF1 bets 2189
The_1__Gamblers raises to 4378
UDF1 folds
The_1__Gamblers awarded 2733
UDF1 awarded -2733

Round #956, UDF1 (-80869), The_1__Gamblers (80869)
UDF1 posts blind: 10
The_1__Gamblers posts blind: 20
UDF1 received [5c 5h]
The_1__Gamblers received [Tc As]
UDF1 raises to 2045
The_1__Gamblers calls
Flop [7s Jd Kd], UDF1 (2045), The_1__Gamblers (2045)
The_1__Gamblers bids 0
UDF1 bids 0
UDF1 won the auction and was revealed [As]
The_1__Gamblers won the auction and was revealed [5c]
Flop [7s Jd Kd], UDF1 (2045), The_1__Gamblers (2045)
The_1__Gamblers bets 2454
UDF1 calls
Turn [7s Jd Kd Kh], UDF1 (4499), The_1__Gamblers (4499)
The_1__Gamblers bets 501
UDF1 calls
River [7s Jd Kd Kh 8h], UDF1 (5000), The_1__Gamblers (5000)
The_1__Gamblers checks
UDF1 checks
UDF1 shows [5c 5h]
The_1__Gamblers shows [Tc As]
UDF1 awarded 5000
The_1__Gamblers awarded -5000

Round #957, The_1__Gamblers (75869), UDF1 (-75869)
The_1__Gamblers posts blind: 10
UDF1 posts blind: 20
The_1__Gamblers received [9c 5d]
UDF1 received [5s Ah]
The_1__Gamblers calls
UDF1 checks
Flop [3s Ac As], The_1__Gamblers (20), UDF1 (20)
UDF1 bids 181
The_1__Gamblers bids 0
UDF1 won the auction and was revealed [9c]
Flop [3s Ac As], The_1__Gamblers (20), UDF1 (20)
UDF1 bets 3290
The_1__Gamblers folds
The_1__Gamblers awarded -20
UDF1 awarded 20

Round #958, UDF1 (-75849), The_1__Gamblers (75849)
UDF1 posts blind: 10
The_1__Gamblers posts blind: 20
UDF1 received [3d Td]
The_1__Gamblers received [Qc 5s]
UDF1 calls
The_1__Gamblers checks
Flop [Kc 6s 9s], UDF1 (20), The_1__Gamblers (20)
The_1__Gamblers bids 0
UDF1 bids 174
UDF1 won the auction and was revealed [Qc]
Flop [Kc 6s 9s], UDF1 (20), The_1__Gamblers (20)
The_1__Gamblers checks
UDF1 bets 2075
The_1__Gamblers folds
UDF1 awarded 20
The_1__Gamblers awarded -20

Round #959, The_1__Gamblers (75829), UDF1 (-75829)
The_1__Gamblers posts blind: 10
UDF1 posts blind: 20
The_1__Gamblers received [3h 2h]
UDF1 received [Qh 7h]
The_1__Gamblers calls
UDF1 raises to 610
The_1__Gamblers calls
Flop [Ac 3d 8d], The_1__Gamblers (610), UDF1 (610)
UDF1 bids 308
The_1__Gamblers bids 0
UDF1 won the auction and was revealed [2h]
Flop [Ac 3d 8d], The_1__Gamblers (610), UDF1 (610)
UDF1 bets 2707
The_1__Gamblers folds
The_1__Gamblers awarded -610
UDF1 awarded 610

Round #960, UDF1 (-75219), The_1__Gamblers (75219)
UDF1 posts blind: 10
The_1__Gamblers posts blind: 20
UDF1 received [4d 5d]
The_1__Gamblers received [4h Qc]
UDF1 calls
The_1__Gamblers checks
Flop [Ad Kh 5c], UDF1 (20), The_1__Gamblers (20)
The_1__Gamblers bids 0
UDF1 bids 178
UDF1 won the auction and was revealed [4h]
Flop [Ad Kh 5c], UDF1 (20), The_1__Gamblers (20)
The_1__Gamblers bets 24
UDF1 raises to 3433
The_1__Gamblers folds
UDF1 awarded 44
The_1__Gamblers awarded -44

Round #961, The_1__Gamblers (75175), UDF1 (-75175)
The_1__Gamblers posts blind: 10
UDF1 posts blind: 20
The_1__Gamblers received [9s Qc]
UDF1 received [8h 5c]
The_1__Gamblers calls
UDF1 checks
Flop [5d Ks 8d], The_1__Gamblers (20), UDF1 (20)
UDF1 bids 179
The_1__Gamblers bids 0
UDF1 won the auction and was revealed [Qc]
Flop [5d Ks 8d], The_1__Gamblers (20), UDF1 (20)
UDF1 bets 3771
The_1__Gamblers folds
The_1__Gamblers awarded -20
UDF1 awarded 20

Round #962, UDF1 (-75155), The_1__Gamblers (75155)
UDF1 posts blind: 10
The_1__Gamblers posts blind: 20
UDF1 received [Td 8h]
The_1__Gamblers received [4c Jh]
UDF1 calls
The_1__Gamblers checks
Flop [Ad 8d As], UDF1 (20), The_1__Gamblers (20)
The_1__Gamblers bids 0
UDF1 bids 180
UDF1 won the auction and was revealed [4c]
Flop [Ad 8d As], UDF1 (20), The_1__Gamblers (20)
The_1__Gamblers checks
UDF1 bets 3278
The_1__Gamblers folds
UDF1 awarded 20
The_1__Gamblers awarded -20

Round #963, The_1__Gamblers (75135), UDF1 (-75135)
The_1__Gamblers posts blind: 10
UDF1 posts blind: 20
The_1__Gamblers received [8h 2c]
UDF1 received [2s Kd]
The_1__Gamblers calls
UDF1 checks
Flop [Ks 2d 6d], The_1__Gamblers (20), UDF1 (20)
UDF1 bids 181
The_1__Gamblers bids 0
UDF1 won the auction and was revealed [8h]
Flop [Ks 2d 6d], The_1__Gamblers (20), UDF1 (20)
UDF1 bets 3368
The_1__Gamblers folds
The_1__Gamblers awarded -20
UDF1 awarded 20

Round #964, UDF1 (-75115), The_1__Gamblers (75115)
UDF1 posts blind: 10
The_1__Gamblers posts blind: 20
UDF1 received [2s 5d]
The_1__Gamblers received [Jc 9s]
UDF1 calls
The_1__Gamblers checks
Flop [4h Ks Jh], UDF1 (20), The_1__Gamblers (20)
The_1__Gamblers bids 0
UDF1 bids 167
UDF1 won the auction and was revealed [9s]
Flop [4h Ks Jh], UDF1 (20), The_1__Gamblers (20)
The_1__Gamblers bets 24
UDF1 folds
UDF1 awarded -20
The_1__Gamblers awarded 20

Round #965, The_1__Gamblers (75135), UDF1 (-75135)
The_1__Gamblers posts blind: 10
UDF1 posts blind: 20
The_1__Gamblers received [Ts As]
UDF1 received [9h 9c]
The_1__Gamblers calls
UDF1 checks
Flop [Jd 2c 2s], The_1__Gamblers (20), UDF1 (20)
UDF1 bids 180
The_1__Gamblers bids 0
UDF1 won the auction and was revealed [As]
Flop [Jd 2c 2s], The_1__Gamblers (20), UDF1 (20)
UDF1 bets 2853
The_1__Gamblers calls
Turn [Jd 2c 2s 5h], The_1__Gamblers (2873), UDF1 (2873)
UDF1 bets 1280
The_1__Gamblers calls
River [Jd 2c 2s 5h Ah], The_1__Gamblers (4153), UDF1 (4153)
UDF1 bets 300
The_1__Gamblers raises to 847
UDF1 folds
The_1__Gamblers awarded 4453
UDF1 awarded -4453

Round #966, UDF1 (-79588), The_1__Gamblers (79588)
UDF1 posts blind: 10
The_1__Gamblers posts blind: 20
UDF1 received [Qc 6d]
The_1__Gamblers received [4d 8c]
UDF1 calls
The_1__Gamblers checks
Flop [2h Kh As], UDF1 (20), The_1__Gamblers (20)
The_1__Gamblers bids 0
UDF1 bids 174
UDF1 won the auction and was revealed [8c]
Flop [2h Kh As], UDF1 (20), The_1__Gamblers (20)
The_1__Gamblers checks
UDF1 bets 2990
The_1__Gamblers folds
UDF1 awarded 20
The_1__Gamblers awarded -20

Round #967, The_1__Gamblers (79568), UDF1 (-79568)
The_1__Gamblers posts blind: 10
UDF1 posts blind: 20
The_1__Gamblers received [Tc 3d]
UDF1 received [3h Td]
The_1__Gamblers calls
UDF1 checks
Flop [2h 6c Qc], The_1__Gamblers (20), UDF1 (20)
UDF1 bids 172
The_1__Gamblers bids 0
UDF1 won the auction and was revealed [3d]
Flop [2h 6c Qc], The_1__Gamblers (20), UDF1 (20)
UDF1 bets 2531
The_1__Gamblers folds
The_1__Gamblers awarded -20
UDF1 awarded 20

Round #968, UDF1 (-79548), The_1__Gamblers (79548)
UDF1 posts blind: 10
The_1__Gamblers posts blind: 20
UDF1 received [Ah Qh]
The_1__Gamblers received [Ad 8h]
UDF1 raises to 4541
The_1__Gamblers calls
Flop [2s Td Ac], UDF1 (4541), The_1__Gamblers (4541)
The_1__Gamblers bids 0
UDF1 bids 459
UDF1 won the auction and was revealed [Ad]
Flop [2s Td Ac], UDF1 (4541), The_1__Gamblers (4541)
The_1__Gamblers bets 459
UDF1 calls
Turn [2s Td Ac 7c], UDF1 (5000), The_1__Gamblers (5000)
The_1__Gamblers checks
UDF1 checks
River [2s Td Ac 7c Jh], UDF1 (5000), The_1__Gamblers (5000)
The_1__Gamblers checks
UDF1 checks
UDF1 shows [Ah Qh]
The_1__Gamblers shows [Ad 8h]
UDF1 awarded 5000
The_1__Gamblers awarded -5000

Round #969, The_1__Gamblers (74548), UDF1 (-74548)
The_1__Gamblers posts blind: 10
UDF1 posts blind: 20
The_1__Gamblers received [7h Jh]
UDF1 received [9c Kc]
The_1__Gamblers calls
UDF1 raises to 768
The_1__Gamblers calls
Flop [8d 9s Qs], The_1__Gamblers (768), UDF1 (768)
UDF1 bids 348
The_1__Gamblers bids 0
UDF1 won the auction and was revealed [7h]
Flop [8d 9s Qs], The_1__Gamblers (768), UDF1 (768)
UDF1 bets 2777
The_1__Gamblers folds
The_1__Gamblers awarded -768
UDF1 awarded 768

Round #970, UDF1 (-73780), The_1__Gamblers (73780)
UDF1 posts blind: 10
The_1__Gamblers posts blind: 20
UDF1 received [5h Qc]
The_1__Gamblers received [3s Qs]
UDF1 raises to 496
The_1__Gamblers calls
Flop [Th 9d 8d], UDF1 (496), The_1__Gamblers (496)
The_1__Gamblers bids 0
UDF1 bids 0
UDF1 won the auction and was revealed [Qs]
The_1__Gamblers won the auction and was revealed [5h]
Flop [Th 9d 8d], UDF1 (496), The_1__Gamblers (496)
The_1__Gamblers checks
UDF1 bets 2034
The_1__Gamblers folds
UDF1 awarded 496
The_1__Gamblers awarded -496

Round #971, The_1__Gamblers (73284), UDF1 (-73284)
The_1__Gamblers posts blind: 10
UDF1 posts blind: 20
The_1__Gamblers received [4d Ks]
UDF1 received [8c Qs]
The_1__Gamblers calls
UDF1 raises to 350
The_1__Gamblers calls
Flop [Th 3d 4s], The_1__Gamblers (350), UDF1 (350)
UDF1 bids 242
The_1__Gamblers bids 0
UDF1 won the auction and was revealed [Ks]
Flop [Th 3d 4s], The_1__Gamblers (350), UDF1 (350)
UDF1 bets 2503
The_1__Gamblers raises to 4650
UDF1 folds
The_1__Gamblers awarded 2853
UDF1 awarded -2853

Round #972, UDF1 (-76137), The_1__Gamblers (76137)
UDF1 posts blind: 10
The_1__Gamblers posts blind: 20
UDF1 received [Ac 9c]
The_1__Gamblers received [4c Jc]
UDF1 calls
The_1__Gamblers checks
Flop [8c Td Ad], UDF1 (20), The_1__Gamblers (20)
The_1__Gamblers bids 0
UDF1 bids 176
UDF1 won the auction and was revealed [Jc]
Flop [8c Td Ad], UDF1 (20), The_1__Gamblers (20)
The_1__Gamblers checks
UDF1 bets 3489
The_1__Gamblers folds
UDF1 awarded 20
The_1__Gamblers awarded -20

Round #973, The_1__Gamblers (76117), UDF1 (-76117)
The_1__Gamblers posts blind: 10
UDF1 posts blind: 20
The_1__Gamblers received [Jc Qc]
UDF1 received [4s 5h]
The_1__Gamblers calls
UDF1 checks
Flop [8h Ah 5s], The_1__Gamblers (20), UDF1 (20)
UDF1 bids 179
The_1__Gamblers bids 0
UDF1 won the auction and was revealed [Qc]
Flop [8h Ah 5s], The_1__Gamblers (20), UDF1 (20)
UDF1 bets 2980
The_1__Gamblers folds
The_1__Gamblers awarded -20
UDF1 awarded 20

Round #974, UDF1 (-76097), The_1__Gamblers (76097)
UDF1 posts blind: 10
The_1__Gamblers posts blind: 20
UDF1 received [9c 8s]
The_1__Gamblers received [5c 3c]
UDF1 calls
The_1__Gamblers checks
Flop [Ad 7d Qc], UDF1 (20), The_1__Gamblers (20)
The_1__Gamblers bids 0
UDF1 bids 168
UDF1 won the auction and was revealed [3c]
Flop [Ad 7d Qc], UDF1 (20), The_1__Gamblers (20)
The_1__Gamblers checks
UDF1 bets 2778
The_1__Gamblers folds
UDF1 awarded 20
The_1__Gamblers awarded -20

Round #975, The_1__Gamblers (76077), UDF1 (-76077)
The_1__Gamblers posts blind: 10
UDF1 posts blind: 20
The_1__Gamblers received [5d 4c]
UDF1 received [As Jc]
The_1__Gamblers calls
UDF1 checks
Flop [Js Ac 9c], The_1__Gamblers (20), UDF1 (20)
UDF1 bids 177
The_1__Gamblers bids 0
UDF1 won the auction and was revealed [5d]
Flop [Js Ac 9c], The_1__Gamblers (20), UDF1 (20)
UDF1 bets 3851
The_1__Gamblers folds
The_1__Gamblers awarded -20
UDF1 awarded 20

Round #976, UDF1 (-76057), The_1__Gamblers (76057)
UDF1 posts blind: 10
The_1__Gamblers posts blind: 20
UDF1 received [Qd Jc]
The_1__Gamblers received [2h 5s]
UDF1 calls
The_1__Gamblers checks
Flop [Jd Qh Ks], UDF1 (20), The_1__Gamblers (20)
The_1__Gamblers bids 0
UDF1 bids 180
UDF1 won the auction and was revealed [2h]
Flop [Jd Qh Ks], UDF1 (20), The_1__Gamblers (20)
The_1__Gamblers checks
UDF1 bets 3332
The_1__Gamblers folds
UDF1 awarded 20
The_1__Gamblers awarded -20

Round #977, The_1__Gamblers (76037), UDF1 (-76037)
The_1__Gamblers posts blind: 10
UDF1 posts blind: 20
The_1__Gamblers received [4h 2c]
UDF1 received [Ad 9c]
The_1__Gamblers calls
UDF1 raises to 586
The_1__Gamblers calls
Flop [4d 9d 2s], The_1__Gamblers (586), UDF1 (586)
UDF1 bids 306
The_1__Gamblers bids 0
UDF1 won the auction and was revealed [4h]
Flop [4d 9d 2s], The_1__Gamblers (586), UDF1 (586)
UDF1 bets 2728
The_1__Gamblers raises to 4414
UDF1 calls
Turn [4d 9d 2s 6h], The_1__Gamblers (5000), UDF1 (5000)
UDF1 checks
The_1__Gamblers checks
River [4d 9d 2s 6h Ks], The_1__Gamblers (5000), UDF1 (5000)
UDF1 checks
The_1__Gamblers checks
The_1__Gamblers shows [4h 2c]
UDF1 shows [Ad 9c]
The_1__Gamblers awarded 5000
UDF1 awarded -5000

Round #978, UDF1 (-81037), The_1__Gamblers (81037)
UDF1 posts blind: 10
The_1__Gamblers posts blind: 20
UDF1 received [Js 8d]
The_1__Gamblers received [6h 8h]
UDF1 raises to 456
The_1__Gamblers calls
Flop [Ts 4h Tc], UDF1 (456), The_1__Gamblers (456)
The_1__Gamblers bids 0
UDF1 bids 276
UDF1 won the auction and was revealed [6h]
Flop [Ts 4h Tc], UDF1 (456), The_1__Gamblers (456)
The_1__Gamblers checks
UDF1 bets 2732
The_1__Gamblers folds
UDF1 awarded 456
The_1__Gamblers awarded -456

Round #979, The_1__Gamblers (80581), UDF1 (-80581)
The_1__Gamblers posts blind: 10
UDF1 posts blind: 20
The_1__Gamblers received [9s 8c]
UDF1 received [7s 7d]
The_1__Gamblers calls
UDF1 raises to 1734
The_1__Gamblers calls
Flop [3d 5s Jc], The_1__Gamblers (1734), UDF1 (1734)
UDF1 bids 608
The_1__Gamblers bids 0
UDF1 won the auction and was revealed [8c]
Flop [3d 5s Jc], The_1__Gamblers (1734), UDF1 (1734)
UDF1 bets 2125
The_1__Gamblers folds
The_1__Gamblers awarded -1734
UDF1 awarded 1734

Round #980, UDF1 (-78847), The_1__Gamblers (78847)
UDF1 posts blind: 10
The_1__Gamblers posts blind: 20
UDF1 received [5s Td]
The_1__Gamblers received [Ah Ac]
UDF1 folds
UDF1 awarded -10
The_1__Gamblers awarded 10

Round #981, The_1__Gamblers (78857), UDF1 (-78857)
The_1__Gamblers posts blind: 10
UDF1 posts blind: 20
The_1__Gamblers received [Js 9d]
UDF1 received [Jh 4d]
The_1__Gamblers calls
UDF1 checks
Flop [Ah 9c Jc], The_1__Gamblers (20), UDF1 (20)
UDF1 bids 170
The_1__Gamblers bids 0
UDF1 won the auction and was revealed [Js]
Flop [Ah 9c Jc], The_1__Gamblers (20), UDF1 (20)
UDF1 bets 2644
The_1__Gamblers raises to 4980
UDF1 calls
Turn [Ah 9c Jc Th], The_1__Gamblers (5000), UDF1 (5000)
UDF1 checks
The_1__Gamblers checks
River [Ah 9c Jc Th Ks], The_1__Gamblers (5000), UDF1 (5000)
UDF1 checks
The_1__Gamblers checks
The_1__Gamblers shows [Js 9d]
UDF1 shows [Jh 4d]
The_1__Gamblers awarded 5000
UDF1 awarded -5000

Round #982, UDF1 (-83857), The_1__Gamblers (83857)
UDF1 posts blind: 10
The_1__Gamblers posts blind: 20
UDF1 received [Ks 9s]
The_1__Gamblers received [4h Th]
UDF1 raises to 379
The_1__Gamblers calls
Flop [As Kc Js], UDF1 (379), The_1__Gamblers (379)
The_1__Gamblers bids 0
UDF1 bids 250
UDF1 won the auction and was revealed [Th]
Flop [As Kc Js], UDF1 (379), The_1__Gamblers (379)
The_1__Gamblers checks
UDF1 bets 2692
The_1__Gamblers folds
UDF1 awarded 379
The_1__Gamblers awarded -379

Round #983, The_1__Gamblers (83478), UDF1 (-83478)
The_1__Gamblers posts blind: 10
UDF1 posts blind: 20
The_1__Gamblers received [3s Jd]
UDF1 received [8d Ah]
The_1__Gamblers calls
UDF1 checks
Flop [Th 3h 7c], The_1__Gamblers (20), UDF1 (20)
UDF1 bids 170
The_1__Gamblers bids 0
UDF1 won the auction and was revealed [Jd]
Flop [Th 3h 7c], The_1__Gamblers (20), UDF1 (20)
UDF1 bets 3143
The_1__Gamblers folds
The_1__Gamblers awarded -20
UDF1 awarded 20

Round #984, UDF1 (-83458), The_1__Gamblers (83458)
UDF1 posts blind: 10
The_1__Gamblers posts blind: 20
UDF1 received [5h Td]
The_1__Gamblers received [6h Kh]
UDF1 calls
The_1__Gamblers checks
Flop [2h 7h 6d], UDF1 (20), The_1__Gamblers (20)
The_1__Gamblers bids 0
UDF1 bids 0
UDF1 won the auction and was revealed [Kh]
The_1__Gamblers won the auction and was revealed [Td]
Flop [2h 7h 6d], UDF1 (20), The_1__Gamblers (20)
The_1__Gamblers bets 24
UDF1 folds
UDF1 awarded -20
The_1__Gamblers awarded 20

Round #985, The_1__Gamblers (83478), UDF1 (-83478)
The_1__Gamblers posts blind: 10
UDF1 posts blind: 20
The_1__Gamblers received [Ks Ts]
UDF1 received [5c 2c]
The_1__Gamblers calls
UDF1 checks
Flop [Jh 9d 8c], The_1__Gamblers (20), UDF1 (20)
UDF1 bids 173
The_1__Gamblers bids 0
UDF1 won the auction and was revealed [Ks]
Flop [Jh 9d 8c], The_1__Gamblers (20), UDF1 (20)
UDF1 bets 2126
The_1__Gamblers folds
The_1__Gamblers awarded -20
UDF1 awarded 20

Round #986, UDF1 (-83458), The_1__Gamblers (83458)
UDF1 posts blind: 10
The_1__Gamblers posts blind: 20
UDF1 received [3c 7s]
The_1__Gamblers received [5s 6d]
UDF1 calls
The_1__Gamblers checks
Flop [6s 5c 4d], UDF1 (20), The_1__Gamblers (20)
The_1__Gamblers bids 0
UDF1 bids 180
UDF1 won the auction and was revealed [6d]
Flop [6s 5c 4d], UDF1 (20), The_1__Gamblers (20)
The_1__Gamblers bets 24
UDF1 raises to 3499
The_1__Gamblers raises to 4980
UDF1 calls
Turn [6s 5c 4d Kh], UDF1 (5000), The_1__Gamblers (5000)
The_1__Gamblers checks
UDF1 checks
River [6s 5c 4d Kh 6c], UDF1 (5000), The_1__Gamblers (5000)
The_1__Gamblers checks
UDF1 checks
UDF1 shows [3c 7s]
The_1__Gamblers shows [5s 6d]
UDF1 awarded -5000
The_1__Gamblers awarded 5000

Round #987, The_1__Gamblers (88458), UDF1 (-88458)
The_1__Gamblers posts blind: 10
UDF1 posts blind: 20
The_1__Gamblers received [5s 3s]
UDF1 received [8c 3d]
The_1__Gamblers calls
UDF1 checks
Flop [Kh Ad Jh], The_1__Gamblers (20), UDF1 (20)
UDF1 bids 171
The_1__Gamblers bids 0
UDF1 won the auction and was revealed [3s]
Flop [Kh Ad Jh], The_1__Gamblers (20), UDF1 (20)
UDF1 bets 2489
The_1__Gamblers folds
The_1__Gamblers awarded -20
UDF1 awarded 20

Round #988, UDF1 (-88438), The_1__Gamblers (88438)
UDF1 posts blind: 10
The_1__Gamblers posts blind: 20
UDF1 received [Jc 5d]
The_1__Gamblers received [5h 9d]
UDF1 folds
UDF1 awarded -10
The_1__Gamblers awarded 10

Round #989, The_1__Gamblers (88448), UDF1 (-88448)
The_1__Gamblers posts blind: 10
UDF1 posts blind: 20
The_1__Gamblers received [3s Td]
UDF1 received [9h Ac]
The_1__Gamblers calls
UDF1 checks
Flop [9c 8h 7s], The_1__Gamblers (20), UDF1 (20)
UDF1 bids 168
The_1__Gamblers bids 0
UDF1 won the auction and was revealed [3s]
Flop [9c 8h 7s], The_1__Gamblers (20), UDF1 (20)
UDF1 bets 3187
The_1__Gamblers folds
The_1__Gamblers awarded -20
UDF1 awarded 20

Round #990, UDF1 (-88428), The_1__Gamblers (88428)
UDF1 posts blind: 10
The_1__Gamblers posts blind: 20
UDF1 received [Jd 4c]
The_1__Gamblers received [3d 8d]
UDF1 calls
The_1__Gamblers checks
Flop [5s Td 3s], UDF1 (20), The_1__Gamblers (20)
The_1__Gamblers bids 0
UDF1 bids 172
UDF1 won the auction and was revealed [8d]
Flop [5s Td 3s], UDF1 (20), The_1__Gamblers (20)
The_1__Gamblers bets 24
UDF1 calls
Turn [5s Td 3s 7c], UDF1 (44), The_1__Gamblers (44)
The_1__Gamblers bets 52
UDF1 calls
River [5s Td 3s 7c Ks], UDF1 (96), The_1__Gamblers (96)
The_1__Gamblers checks
UDF1 bets 2453
The_1__Gamblers folds
UDF1 awarded 96
The_1__Gamblers awarded -96

Round #991, The_1__Gamblers (88332), UDF1 (-88332)
The_1__Gamblers posts blind: 10
UDF1 posts blind: 20
The_1__Gamblers received [4s Qh]
UDF1 received [6h 9h]
The_1__Gamblers calls
UDF1 raises to 486
The_1__Gamblers calls
Flop [9c 4h 2c], The_1__Gamblers (486), UDF1 (486)
UDF1 bids 276
The_1__Gamblers bids 0
UDF1 won the auction and was revealed [4s]
Flop [9c 4h 2c], The_1__Gamblers (486), UDF1 (486)
UDF1 bets 3102
The_1__Gamblers raises to 4514
UDF1 calls
Turn [9c 4h 2c 2h], The_1__Gamblers (5000), UDF1 (5000)
UDF1 checks
The_1__Gamblers checks
River [9c 4h 2c 2h 5h], The_1__Gamblers (5000), UDF1 (5000)
UDF1 checks
The_1__Gamblers checks
The_1__Gamblers shows [4s Qh]
UDF1 shows [6h 9h]
The_1__Gamblers awarded -5000
UDF1 awarded 5000

Round #992, UDF1 (-83332), The_1__Gamblers (83332)
UDF1 posts blind: 10
The_1__Gamblers posts blind: 20
UDF1 received [5d 2s]
The_1__Gamblers received [9d Ad]
UDF1 calls
The_1__Gamblers checks
Flop [6s Qh 7s], UDF1 (20), The_1__Gamblers (20)
The_1__Gamblers bids 0
UDF1 bids 172
UDF1 won the auction and was revealed [Ad]
Flop [6s Qh 7s], UDF1 (20), The_1__Gamblers (20)
The_1__Gamblers bets 24
UDF1 folds
UDF1 awarded -20
The_1__Gamblers awarded 20

Round #993, The_1__Gamblers (83352), UDF1 (-83352)
The_1__Gamblers posts blind: 10
UDF1 posts blind: 20
The_1__Gamblers received [4s 5c]
UDF1 received [Jh Qd]
The_1__Gamblers calls
UDF1 checks
Flop [9c 2h 8s], The_1__Gamblers (20), UDF1 (20)
UDF1 bids 167
The_1__Gamblers bids 0
UDF1 won the auction and was revealed [5c]
Flop [9c 2h 8s], The_1__Gamblers (20), UDF1 (20)
UDF1 bets 3218
The_1__Gamblers folds
The_1__Gamblers awarded -20
UDF1 awarded 20

Round #994, UDF1 (-83332), The_1__Gamblers (83332)
UDF1 posts blind: 10
The_1__Gamblers posts blind: 20
UDF1 received [Kc 9c]
The_1__Gamblers received [Qd Kd]
UDF1 calls
The_1__Gamblers checks
Flop [Ts Js 7c], UDF1 (20), The_1__Gamblers (20)
The_1__Gamblers bids 0
UDF1 bids 174
UDF1 won the auction and was revealed [Qd]
Flop [Ts Js 7c], UDF1 (20), The_1__Gamblers (20)
The_1__Gamblers bets 24
UDF1 raises to 3311
The_1__Gamblers folds
UDF1 awarded 44
The_1__Gamblers awarded -44

Round #995, The_1__Gamblers (83288), UDF1 (-83288)
The_1__Gamblers posts blind: 10
UDF1 posts blind: 20
The_1__Gamblers received [3d Ks]
UDF1 received [3h Kh]
The_1__Gamblers calls
UDF1 checks
Flop [Tc 2c Jh], The_1__Gamblers (20), UDF1 (20)
UDF1 bids 173
The_1__Gamblers bids 0
UDF1 won the auction and was revealed [Ks]
Flop [Tc 2c Jh], The_1__Gamblers (20), UDF1 (20)
UDF1 bets 2382
The_1__Gamblers folds
The_1__Gamblers awarded -20
UDF1 awarded 20

Round #996, UDF1 (-83268), The_1__Gamblers (83268)
UDF1 posts blind: 10
The_1__Gamblers posts blind: 20
UDF1 received [Ts 4d]
The_1__Gamblers received [Js Kh]
UDF1 raises to 737
The_1__Gamblers calls
Flop [6h Jh 9h], UDF1 (737), The_1__Gamblers (737)
The_1__Gamblers bids 0
UDF1 bids 0
UDF1 won the auction and was revealed [Kh]
The_1__Gamblers won the auction and was revealed [4d]
Flop [6h Jh 9h], UDF1 (737), The_1__Gamblers (737)
The_1__Gamblers bets 884
UDF1 folds
UDF1 awarded -737
The_1__Gamblers awarded 737

Round #997, The_1__Gamblers (84005), UDF1 (-84005)
The_1__Gamblers posts blind: 10
UDF1 posts blind: 20
The_1__Gamblers received [2h 9d]
UDF1 received [6d 8d]
The_1__Gamblers calls
UDF1 checks
Flop [7s 8s 7d], The_1__Gamblers (20), UDF1 (20)
UDF1 bids 177
The_1__Gamblers bids 0
UDF1 won the auction and was revealed [2h]
Flop [7s 8s 7d], The_1__Gamblers (20), UDF1 (20)
UDF1 bets 3281
The_1__Gamblers folds
The_1__Gamblers awarded -20
UDF1 awarded 20

Round #998, UDF1 (-83985), The_1__Gamblers (83985)
UDF1 posts blind: 10
The_1__Gamblers posts blind: 20
UDF1 received [8d 8s]
The_1__Gamblers received [Ac Jh]
UDF1 raises to 3674
The_1__Gamblers calls
Flop [Ah 6s 4s], UDF1 (3674), The_1__Gamblers (3674)
The_1__Gamblers bids 0
UDF1 bids 992
UDF1 won the auction and was revealed [Ac]
Flop [Ah 6s 4s], UDF1 (3674), The_1__Gamblers (3674)
The_1__Gamblers bets 1326
UDF1 folds
UDF1 awarded -3674
The_1__Gamblers awarded 3674

Round #999, The_1__Gamblers (87659), UDF1 (-87659)
The_1__Gamblers posts blind: 10
UDF1 posts blind: 20
The_1__Gamblers received [Ad 5h]
UDF1 received [Ac 6d]
The_1__Gamblers calls
UDF1 raises to 570
The_1__Gamblers calls
Flop [Td Qc 5c], The_1__Gamblers (570), UDF1 (570)
UDF1 bids 304
The_1__Gamblers bids 0
UDF1 won the auction and was revealed [Ad]
Flop [Td Qc 5c], The_1__Gamblers (570), UDF1 (570)
UDF1 bets 2420
The_1__Gamblers raises to 4430
UDF1 calls
Turn [Td Qc 5c Ts], The_1__Gamblers (5000), UDF1 (5000)
UDF1 checks
The_1__Gamblers checks
River [Td Qc 5c Ts 2c], The_1__Gamblers (5000), UDF1 (5000)
UDF1 checks
The_1__Gamblers checks
The_1__Gamblers shows [Ad 5h]
UDF1 shows [Ac 6d]
The_1__Gamblers awarded 5000
UDF1 awarded -5000

Round #1000, UDF1 (-92659), The_1__Gamblers (92659)
UDF1 posts blind: 10
The_1__Gamblers posts blind: 20
UDF1 received [Th 3s]
The_1__Gamblers received [Kd 8d]
UDF1 calls
The_1__Gamblers checks
Flop [Js 4c 2s], UDF1 (20), The_1__Gamblers (20)
The_1__Gamblers bids 0
UDF1 bids 172
UDF1 won the auction and was revealed [8d]
Flop [Js 4c 2s], UDF1 (20), The_1__Gamblers (20)
The_1__Gamblers checks
UDF1 bets 3179
The_1__Gamblers folds
UDF1 awarded 20
The_1__Gamblers awarded -20

Final, The_1__Gamblers (92639), UDF1 (-92639)