2026-02-28 22:48:41 The_1__Gamblers vs UDF1

Round #1, The_1__Gamblers (0), UDF1 (0)
The_1__Gamblers posts blind: 10
UDF1 posts blind: 20
The_1__Gamblers received [8h 3s]
UDF1 received [Ac Th]
The_1__Gamblers calls
UDF1 raises to 3372
The_1__Gamblers calls
Flop [Jd 6c 9s], The_1__Gamblers (3372), UDF1 (3372)
UDF1 bids 75
The_1__Gamblers bids 61
UDF1 won the auction and was revealed [3s]
Flop [Jd 6c 9s], The_1__Gamblers (3372), UDF1 (3433)
UDF1 bets 1423
The_1__Gamblers calls
Turn [Jd 6c 9s 4c], The_1__Gamblers (4795), UDF1 (4856)
UDF1 bets 125
The_1__Gamblers raises to 144
UDF1 calls
River [Jd 6c 9s 4c 5d], The_1__Gamblers (4939), UDF1 (5000)
UDF1 checks
The_1__Gamblers checks
The_1__Gamblers shows [8h 3s]
UDF1 shows [Ac Th]
The_1__Gamblers awarded -4939
UDF1 awarded 4939

Round #2, UDF1 (4939), The_1__Gamblers (-4939)
UDF1 posts blind: 10
The_1__Gamblers posts blind: 20
UDF1 received [Ts Kh]
The_1__Gamblers received [6c 6d]
UDF1 calls
The_1__Gamblers checks
Flop [7d 6s 5h], UDF1 (20), The_1__Gamblers (20)
The_1__Gamblers bids 67
UDF1 bids 23
The_1__Gamblers won the auction and was revealed [Kh]
Flop [7d 6s 5h], UDF1 (20), The_1__Gamblers (43)
The_1__Gamblers bets 78
UDF1 folds
UDF1 awarded -20
The_1__Gamblers awarded 20

Round #3, The_1__Gamblers (-4919), UDF1 (4919)
The_1__Gamblers posts blind: 10
UDF1 posts blind: 20
The_1__Gamblers received [8s Qd]
UDF1 received [Jd Jc]
The_1__Gamblers raises to 44
UDF1 raises to 4531
The_1__Gamblers raises to 5000
UDF1 calls
Flop [3h 7c 6h], The_1__Gamblers (5000), UDF1 (5000)
UDF1 bids 0
The_1__Gamblers bids 0
The_1__Gamblers won the auction and was revealed [Jc]
UDF1 won the auction and was revealed [8s]
Flop [3h 7c 6h], The_1__Gamblers (5000), UDF1 (5000)
UDF1 checks
The_1__Gamblers checks
Turn [3h 7c 6h 2s], The_1__Gamblers (5000), UDF1 (5000)
UDF1 checks
The_1__Gamblers checks
River [3h 7c 6h 2s 9d], The_1__Gamblers (5000), UDF1 (5000)
UDF1 checks
The_1__Gamblers checks
The_1__Gamblers shows [8s Qd]
UDF1 shows [Jd Jc]
The_1__Gamblers awarded -5000
UDF1 awarded 5000

Round #4, UDF1 (9919), The_1__Gamblers (-9919)
UDF1 posts blind: 10
The_1__Gamblers posts blind: 20
UDF1 received [Ts 6c]
The_1__Gamblers received [3s 2c]
UDF1 folds
UDF1 awarded -10
The_1__Gamblers awarded 10

Round #5, The_1__Gamblers (-9909), UDF1 (9909)
The_1__Gamblers posts blind: 10
UDF1 posts blind: 20
The_1__Gamblers received [7h 5d]
UDF1 received [Jh Kd]
The_1__Gamblers raises to 44
UDF1 raises to 2893
The_1__Gamblers raises to 5000
UDF1 calls
Flop [9d 5s 8d], The_1__Gamblers (5000), UDF1 (5000)
UDF1 bids 0
The_1__Gamblers bids 0
The_1__Gamblers won the auction and was revealed [Kd]
UDF1 won the auction and was revealed [5d]
Flop [9d 5s 8d], The_1__Gamblers (5000), UDF1 (5000)
UDF1 checks
The_1__Gamblers checks
Turn [9d 5s 8d 6d], The_1__Gamblers (5000), UDF1 (5000)
UDF1 checks
The_1__Gamblers checks
River [9d 5s 8d 6d 2h], The_1__Gamblers (5000), UDF1 (5000)
UDF1 checks
The_1__Gamblers checks
The_1__Gamblers shows [7h 5d]
UDF1 shows [Jh Kd]
The_1__Gamblers awarded 5000
UDF1 awarded -5000

Round #6, UDF1 (4909), The_1__Gamblers (-4909)
UDF1 posts blind: 10
The_1__Gamblers posts blind: 20
UDF1 received [Ac 2h]
The_1__Gamblers received [4h 9c]
UDF1 folds
UDF1 awarded -10
The_1__Gamblers awarded 10

Round #7, The_1__Gamblers (-4899), UDF1 (4899)
The_1__Gamblers posts blind: 10
UDF1 posts blind: 20
The_1__Gamblers received [7s As]
UDF1 received [3s Kd]
The_1__Gamblers raises to 44
UDF1 folds
The_1__Gamblers awarded 20
UDF1 awarded -20

Round #8, UDF1 (4879), The_1__Gamblers (-4879)
UDF1 posts blind: 10
The_1__Gamblers posts blind: 20
UDF1 received [Ac 9h]
The_1__Gamblers received [Jc 5c]
UDF1 folds
UDF1 awarded -10
The_1__Gamblers awarded 10

Round #9, The_1__Gamblers (-4869), UDF1 (4869)
The_1__Gamblers posts blind: 10
UDF1 posts blind: 20
The_1__Gamblers received [7c 2c]
UDF1 received [2h Qh]
The_1__Gamblers raises to 44
UDF1 raises to 2503
The_1__Gamblers raises to 4962
UDF1 folds
The_1__Gamblers awarded 2503
UDF1 awarded -2503

Round #10, UDF1 (2366), The_1__Gamblers (-2366)
UDF1 posts blind: 10
The_1__Gamblers posts blind: 20
UDF1 received [Td 5s]
The_1__Gamblers received [Jh Ah]
UDF1 calls
The_1__Gamblers checks
Flop [6h Kc 2h], UDF1 (20), The_1__Gamblers (20)
The_1__Gamblers bids 310
UDF1 bids 19
The_1__Gamblers won the auction and was revealed [5s]
Flop [6h Kc 2h], UDF1 (20), The_1__Gamblers (39)
The_1__Gamblers bets 35
UDF1 folds
UDF1 awarded -20
The_1__Gamblers awarded 20

Round #11, The_1__Gamblers (-2346), UDF1 (2346)
The_1__Gamblers posts blind: 10
UDF1 posts blind: 20
The_1__Gamblers received [5s 9d]
UDF1 received [3h 6d]
The_1__Gamblers raises to 44
UDF1 raises to 2529
The_1__Gamblers raises to 5000
UDF1 folds
The_1__Gamblers awarded 2529
UDF1 awarded -2529

Round #12, UDF1 (-183), The_1__Gamblers (183)
UDF1 posts blind: 10
The_1__Gamblers posts blind: 20
UDF1 received [9c 9d]
The_1__Gamblers received [6s 9h]
UDF1 raises to 4034
The_1__Gamblers calls
Flop [5d 8h 9s], UDF1 (4034), The_1__Gamblers (4034)
The_1__Gamblers bids 28
UDF1 bids 47
UDF1 won the auction and was revealed [9h]
Flop [5d 8h 9s], UDF1 (4062), The_1__Gamblers (4034)
The_1__Gamblers bets 938
UDF1 calls
Turn [5d 8h 9s 7c], UDF1 (5000), The_1__Gamblers (4972)
The_1__Gamblers checks
UDF1 checks
River [5d 8h 9s 7c 2s], UDF1 (5000), The_1__Gamblers (4972)
The_1__Gamblers checks
UDF1 checks
UDF1 shows [9c 9d]
The_1__Gamblers shows [6s 9h]
UDF1 awarded -5000
The_1__Gamblers awarded 5000

Round #13, The_1__Gamblers (5183), UDF1 (-5183)
The_1__Gamblers posts blind: 10
UDF1 posts blind: 20
The_1__Gamblers received [3h 4s]
UDF1 received [8c Tc]
The_1__Gamblers raises to 44
UDF1 raises to 2113
The_1__Gamblers raises to 4182
UDF1 folds
The_1__Gamblers awarded 2113
UDF1 awarded -2113

Round #14, UDF1 (-7296), The_1__Gamblers (7296)
UDF1 posts blind: 10
The_1__Gamblers posts blind: 20
UDF1 received [Ac Kd]
The_1__Gamblers received [7s Ts]
UDF1 raises to 4851
The_1__Gamblers calls
Flop [5c 2c 8h], UDF1 (4851), The_1__Gamblers (4851)
The_1__Gamblers bids 6
UDF1 bids 59
UDF1 won the auction and was revealed [7s]
Flop [5c 2c 8h], UDF1 (4857), The_1__Gamblers (4851)
The_1__Gamblers checks
UDF1 bets 122
The_1__Gamblers raises to 143
UDF1 calls
Turn [5c 2c 8h 3c], UDF1 (5000), The_1__Gamblers (4994)
The_1__Gamblers checks
UDF1 checks
River [5c 2c 8h 3c Qc], UDF1 (5000), The_1__Gamblers (4994)
The_1__Gamblers checks
UDF1 checks
UDF1 shows [Ac Kd]
The_1__Gamblers shows [7s Ts]
UDF1 awarded 4994
The_1__Gamblers awarded -4994

Round #15, The_1__Gamblers (2302), UDF1 (-2302)
The_1__Gamblers posts blind: 10
UDF1 posts blind: 20
The_1__Gamblers received [6c As]
UDF1 received [3s Th]
The_1__Gamblers raises to 44
UDF1 calls
Flop [Ts 5d 5s], The_1__Gamblers (44), UDF1 (44)
UDF1 bids 80
The_1__Gamblers bids 328
The_1__Gamblers won the auction and was revealed [Th]
Flop [Ts 5d 5s], The_1__Gamblers (124), UDF1 (44)
UDF1 bets 3172
The_1__Gamblers raises to 4876
UDF1 calls
Turn [Ts 5d 5s 8h], The_1__Gamblers (5000), UDF1 (4920)
UDF1 checks
The_1__Gamblers checks
River [Ts 5d 5s 8h 6d], The_1__Gamblers (5000), UDF1 (4920)
UDF1 checks
The_1__Gamblers checks
The_1__Gamblers shows [6c As]
UDF1 shows [3s Th]
The_1__Gamblers awarded -5000
UDF1 awarded 5000

Round #16, UDF1 (2698), The_1__Gamblers (-2698)
UDF1 posts blind: 10
The_1__Gamblers posts blind: 20
UDF1 received [9s 7d]
The_1__Gamblers received [Kh 4c]
UDF1 folds
UDF1 awarded -10
The_1__Gamblers awarded 10

Round #17, The_1__Gamblers (-2688), UDF1 (2688)
The_1__Gamblers posts blind: 10
UDF1 posts blind: 20
The_1__Gamblers received [Ks Ah]
UDF1 received [3d Td]
The_1__Gamblers raises to 44
UDF1 folds
The_1__Gamblers awarded 20
UDF1 awarded -20

Round #18, UDF1 (2668), The_1__Gamblers (-2668)
UDF1 posts blind: 10
The_1__Gamblers posts blind: 20
UDF1 received [Td 7s]
The_1__Gamblers received [7c 5c]
UDF1 raises to 2485
The_1__Gamblers calls
Flop [4d 8d 2s], UDF1 (2485), The_1__Gamblers (2485)
The_1__Gamblers bids 37
UDF1 bids 112
UDF1 won the auction and was revealed [7c]
Flop [4d 8d 2s], UDF1 (2522), The_1__Gamblers (2485)
The_1__Gamblers checks
UDF1 checks
Turn [4d 8d 2s Jc], UDF1 (2522), The_1__Gamblers (2485)
The_1__Gamblers checks
UDF1 checks
River [4d 8d 2s Jc 9h], UDF1 (2522), The_1__Gamblers (2485)
The_1__Gamblers checks
UDF1 bets 2341
The_1__Gamblers folds
UDF1 awarded 2485
The_1__Gamblers awarded -2485

Round #19, The_1__Gamblers (-5153), UDF1 (5153)
The_1__Gamblers posts blind: 10
UDF1 posts blind: 20
The_1__Gamblers received [Kc 6c]
UDF1 received [Th 3s]
The_1__Gamblers raises to 44
UDF1 calls
Flop [4d Js 4h], The_1__Gamblers (44), UDF1 (44)
UDF1 bids 67
The_1__Gamblers bids 369
The_1__Gamblers won the auction and was revealed [Th]
Flop [4d Js 4h], The_1__Gamblers (111), UDF1 (44)
UDF1 checks
The_1__Gamblers bets 51
UDF1 calls
Turn [4d Js 4h 2d], The_1__Gamblers (162), UDF1 (95)
UDF1 checks
The_1__Gamblers checks
River [4d Js 4h 2d 5d], The_1__Gamblers (162), UDF1 (95)
UDF1 checks
The_1__Gamblers checks
The_1__Gamblers shows [Kc 6c]
UDF1 shows [Th 3s]
The_1__Gamblers awarded 95
UDF1 awarded -95

Round #20, UDF1 (5058), The_1__Gamblers (-5058)
UDF1 posts blind: 10
The_1__Gamblers posts blind: 20
UDF1 received [Tc 6d]
The_1__Gamblers received [4h 5h]
UDF1 calls
The_1__Gamblers checks
Flop [8d Ks Qc], UDF1 (20), The_1__Gamblers (20)
The_1__Gamblers bids 88
UDF1 bids 93
UDF1 won the auction and was revealed [4h]
Flop [8d Ks Qc], UDF1 (108), The_1__Gamblers (20)
The_1__Gamblers checks
UDF1 checks
Turn [8d Ks Qc 7h], UDF1 (108), The_1__Gamblers (20)
The_1__Gamblers checks
UDF1 checks
River [8d Ks Qc 7h Qh], UDF1 (108), The_1__Gamblers (20)
The_1__Gamblers checks
UDF1 checks
UDF1 shows [Tc 6d]
The_1__Gamblers shows [4h 5h]
UDF1 awarded 20
The_1__Gamblers awarded -20

Round #21, The_1__Gamblers (-5078), UDF1 (5078)
The_1__Gamblers posts blind: 10
UDF1 posts blind: 20
The_1__Gamblers received [8h Qs]
UDF1 received [Jd Kc]
The_1__Gamblers raises to 44
UDF1 raises to 2757
The_1__Gamblers raises to 5000
UDF1 calls
Flop [3c Qc Th], The_1__Gamblers (5000), UDF1 (5000)
UDF1 bids 0
The_1__Gamblers bids 0
The_1__Gamblers won the auction and was revealed [Kc]
UDF1 won the auction and was revealed [8h]
Flop [3c Qc Th], The_1__Gamblers (5000), UDF1 (5000)
UDF1 checks
The_1__Gamblers checks
Turn [3c Qc Th 9h], The_1__Gamblers (5000), UDF1 (5000)
UDF1 checks
The_1__Gamblers checks
River [3c Qc Th 9h 6c], The_1__Gamblers (5000), UDF1 (5000)
UDF1 checks
The_1__Gamblers checks
The_1__Gamblers shows [8h Qs]
UDF1 shows [Jd Kc]
The_1__Gamblers awarded -5000
UDF1 awarded 5000

Round #22, UDF1 (10078), The_1__Gamblers (-10078)
UDF1 posts blind: 10
The_1__Gamblers posts blind: 20
UDF1 received [2h 7s]
The_1__Gamblers received [2d 8h]
UDF1 folds
UDF1 awarded -10
The_1__Gamblers awarded 10

Round #23, The_1__Gamblers (-10068), UDF1 (10068)
The_1__Gamblers posts blind: 10
UDF1 posts blind: 20
The_1__Gamblers received [9d Ks]
UDF1 received [3d 6d]
The_1__Gamblers raises to 44
UDF1 folds
The_1__Gamblers awarded 20
UDF1 awarded -20

Round #24, UDF1 (10048), The_1__Gamblers (-10048)
UDF1 posts blind: 10
The_1__Gamblers posts blind: 20
UDF1 received [Jc Qs]
The_1__Gamblers received [5s 3h]
UDF1 raises to 2759
The_1__Gamblers calls
Flop [5c 2s Tc], UDF1 (2759), The_1__Gamblers (2759)
The_1__Gamblers bids 125
UDF1 bids 303
UDF1 won the auction and was revealed [5s]
Flop [5c 2s Tc], UDF1 (2884), The_1__Gamblers (2759)
The_1__Gamblers bets 2116
UDF1 folds
UDF1 awarded -2884
The_1__Gamblers awarded 2884

Round #25, The_1__Gamblers (-7164), UDF1 (7164)
The_1__Gamblers posts blind: 10
UDF1 posts blind: 20
The_1__Gamblers received [Jd Qh]
UDF1 received [6d 5d]
The_1__Gamblers raises to 44
UDF1 raises to 2861
The_1__Gamblers raises to 5000
UDF1 calls
Flop [8d 7c 9s], The_1__Gamblers (5000), UDF1 (5000)
UDF1 bids 0
The_1__Gamblers bids 0
The_1__Gamblers won the auction and was revealed [5d]
UDF1 won the auction and was revealed [Qh]
Flop [8d 7c 9s], The_1__Gamblers (5000), UDF1 (5000)
UDF1 checks
The_1__Gamblers checks
Turn [8d 7c 9s 8s], The_1__Gamblers (5000), UDF1 (5000)
UDF1 checks
The_1__Gamblers checks
River [8d 7c 9s 8s Js], The_1__Gamblers (5000), UDF1 (5000)
UDF1 checks
The_1__Gamblers checks
The_1__Gamblers shows [Jd Qh]
UDF1 shows [6d 5d]
The_1__Gamblers awarded -5000
UDF1 awarded 5000

Round #26, UDF1 (12164), The_1__Gamblers (-12164)
UDF1 posts blind: 10
The_1__Gamblers posts blind: 20
UDF1 received [7h 5c]
The_1__Gamblers received [Tc 8d]
UDF1 raises to 2525
The_1__Gamblers calls
Flop [5h 6c 9h], UDF1 (2525), The_1__Gamblers (2525)
The_1__Gamblers bids 105
UDF1 bids 376
UDF1 won the auction and was revealed [Tc]
Flop [5h 6c 9h], UDF1 (2630), The_1__Gamblers (2525)
The_1__Gamblers checks
UDF1 bets 2079
The_1__Gamblers folds
UDF1 awarded 2525
The_1__Gamblers awarded -2525

Round #27, The_1__Gamblers (-14689), UDF1 (14689)
The_1__Gamblers posts blind: 10
UDF1 posts blind: 20
The_1__Gamblers received [6s 5d]
UDF1 received [4d Th]
The_1__Gamblers raises to 44
UDF1 raises to 2429
The_1__Gamblers raises to 4814
UDF1 folds
The_1__Gamblers awarded 2429
UDF1 awarded -2429

Round #28, UDF1 (12260), The_1__Gamblers (-12260)
UDF1 posts blind: 10
The_1__Gamblers posts blind: 20
UDF1 received [4s 9h]
The_1__Gamblers received [4d 3h]
UDF1 folds
UDF1 awarded -10
The_1__Gamblers awarded 10

Round #29, The_1__Gamblers (-12250), UDF1 (12250)
The_1__Gamblers posts blind: 10
UDF1 posts blind: 20
The_1__Gamblers received [3h 7c]
UDF1 received [Qs 7h]
The_1__Gamblers raises to 44
UDF1 folds
The_1__Gamblers awarded 20
UDF1 awarded -20

Round #30, UDF1 (12230), The_1__Gamblers (-12230)
UDF1 posts blind: 10
The_1__Gamblers posts blind: 20
UDF1 received [Tc 3d]
The_1__Gamblers received [As 5s]
UDF1 folds
UDF1 awarded -10
The_1__Gamblers awarded 10

Round #31, The_1__Gamblers (-12220), UDF1 (12220)
The_1__Gamblers posts blind: 10
UDF1 posts blind: 20
The_1__Gamblers received [7c 5d]
UDF1 received [2c Js]
The_1__Gamblers raises to 44
UDF1 folds
The_1__Gamblers awarded 20
UDF1 awarded -20

Round #32, UDF1 (12200), The_1__Gamblers (-12200)
UDF1 posts blind: 10
The_1__Gamblers posts blind: 20
UDF1 received [7s 7d]
The_1__Gamblers received [5s Jd]
UDF1 calls
The_1__Gamblers checks
Flop [3d 5d Qs], UDF1 (20), The_1__Gamblers (20)
The_1__Gamblers bids 233
UDF1 bids 159
The_1__Gamblers won the auction and was revealed [7d]
Flop [3d 5d Qs], UDF1 (20), The_1__Gamblers (179)
The_1__Gamblers bets 248
UDF1 raises to 3280
The_1__Gamblers raises to 4821
UDF1 calls
Turn [3d 5d Qs 5c], UDF1 (4841), The_1__Gamblers (5000)
The_1__Gamblers checks
UDF1 checks
River [3d 5d Qs 5c 8h], UDF1 (4841), The_1__Gamblers (5000)
The_1__Gamblers checks
UDF1 checks
UDF1 shows [7s 7d]
The_1__Gamblers shows [5s Jd]
UDF1 awarded -4841
The_1__Gamblers awarded 4841

Round #33, The_1__Gamblers (-7359), UDF1 (7359)
The_1__Gamblers posts blind: 10
UDF1 posts blind: 20
The_1__Gamblers received [Ac 8d]
UDF1 received [8h Qh]
The_1__Gamblers raises to 44
UDF1 raises to 2318
The_1__Gamblers raises to 4592
UDF1 folds
The_1__Gamblers awarded 2318
UDF1 awarded -2318

Round #34, UDF1 (5041), The_1__Gamblers (-5041)
UDF1 posts blind: 10
The_1__Gamblers posts blind: 20
UDF1 received [Kh 3s]
The_1__Gamblers received [4s Ks]
UDF1 folds
UDF1 awarded -10
The_1__Gamblers awarded 10

Round #35, The_1__Gamblers (-5031), UDF1 (5031)
The_1__Gamblers posts blind: 10
UDF1 posts blind: 20
The_1__Gamblers received [4d Tc]
UDF1 received [3h 3c]
The_1__Gamblers raises to 44
UDF1 calls
Flop [Js 2d 6s], The_1__Gamblers (44), UDF1 (44)
UDF1 bids 0
The_1__Gamblers bids 254
The_1__Gamblers won the auction and was revealed [3c]
Flop [Js 2d 6s], The_1__Gamblers (44), UDF1 (44)
UDF1 bets 3040
The_1__Gamblers folds
The_1__Gamblers awarded -44
UDF1 awarded 44

Round #36, UDF1 (5075), The_1__Gamblers (-5075)
UDF1 posts blind: 10
The_1__Gamblers posts blind: 20
UDF1 received [4s 3c]
The_1__Gamblers received [2d 6c]
UDF1 folds
UDF1 awarded -10
The_1__Gamblers awarded 10

Round #37, The_1__Gamblers (-5065), UDF1 (5065)
The_1__Gamblers posts blind: 10
UDF1 posts blind: 20
The_1__Gamblers received [6d Jh]
UDF1 received [3h As]
The_1__Gamblers raises to 44
UDF1 folds
The_1__Gamblers awarded 20
UDF1 awarded -20

Round #38, UDF1 (5045), The_1__Gamblers (-5045)
UDF1 posts blind: 10
The_1__Gamblers posts blind: 20
UDF1 received [9s Qh]
The_1__Gamblers received [Kd 8d]
UDF1 folds
UDF1 awarded -10
The_1__Gamblers awarded 10

Round #39, The_1__Gamblers (-5035), UDF1 (5035)
The_1__Gamblers posts blind: 10
UDF1 posts blind: 20
The_1__Gamblers received [2c 3d]
UDF1 received [Ac 4d]
The_1__Gamblers raises to 44
UDF1 folds
The_1__Gamblers awarded 20
UDF1 awarded -20

Round #40, UDF1 (5015), The_1__Gamblers (-5015)
UDF1 posts blind: 10
The_1__Gamblers posts blind: 20
UDF1 received [Ah Qc]
The_1__Gamblers received [Kh 3c]
UDF1 raises to 4111
The_1__Gamblers calls
Flop [8h Th 2d], UDF1 (4111), The_1__Gamblers (4111)
The_1__Gamblers bids 63
UDF1 bids 159
UDF1 won the auction and was revealed [3c]
Flop [8h Th 2d], UDF1 (4174), The_1__Gamblers (4111)
The_1__Gamblers checks
UDF1 bets 689
The_1__Gamblers raises to 826
UDF1 calls
Turn [8h Th 2d 4h], UDF1 (5000), The_1__Gamblers (4937)
The_1__Gamblers checks
UDF1 checks
River [8h Th 2d 4h 5s], UDF1 (5000), The_1__Gamblers (4937)
The_1__Gamblers checks
UDF1 checks
UDF1 shows [Ah Qc]
The_1__Gamblers shows [Kh 3c]
UDF1 awarded 4937
The_1__Gamblers awarded -4937

Round #41, The_1__Gamblers (-9952), UDF1 (9952)
The_1__Gamblers posts blind: 10
UDF1 posts blind: 20
The_1__Gamblers received [7s 9s]
UDF1 received [7d 6d]
The_1__Gamblers raises to 44
UDF1 calls
Flop [4d 4s Tc], The_1__Gamblers (44), UDF1 (44)
UDF1 bids 112
The_1__Gamblers bids 280
The_1__Gamblers won the auction and was revealed [6d]
Flop [4d 4s Tc], The_1__Gamblers (156), UDF1 (44)
UDF1 checks
The_1__Gamblers checks
Turn [4d 4s Tc 8h], The_1__Gamblers (156), UDF1 (44)
UDF1 checks
The_1__Gamblers checks
River [4d 4s Tc 8h 6s], The_1__Gamblers (156), UDF1 (44)
UDF1 bets 2229
The_1__Gamblers raises to 4458
UDF1 calls
The_1__Gamblers shows [7s 9s]
UDF1 shows [7d 6d]
The_1__Gamblers awarded 4502
UDF1 awarded -4502

Round #42, UDF1 (5450), The_1__Gamblers (-5450)
UDF1 posts blind: 10
The_1__Gamblers posts blind: 20
UDF1 received [5s Jh]
The_1__Gamblers received [Ad 7d]
UDF1 raises to 2185
The_1__Gamblers calls
Flop [As 6c 6h], UDF1 (2185), The_1__Gamblers (2185)
The_1__Gamblers bids 96
UDF1 bids 126
UDF1 won the auction and was revealed [Ad]
Flop [As 6c 6h], UDF1 (2281), The_1__Gamblers (2185)
The_1__Gamblers bets 2719
UDF1 folds
UDF1 awarded -2281
The_1__Gamblers awarded 2281

Round #43, The_1__Gamblers (-3169), UDF1 (3169)
The_1__Gamblers posts blind: 10
UDF1 posts blind: 20
The_1__Gamblers received [8s Tc]
UDF1 received [Ks As]
The_1__Gamblers raises to 44
UDF1 raises to 4696
The_1__Gamblers raises to 5000
UDF1 calls
Flop [8c 6d 3h], The_1__Gamblers (5000), UDF1 (5000)
UDF1 bids 0
The_1__Gamblers bids 0
The_1__Gamblers won the auction and was revealed [As]
UDF1 won the auction and was revealed [8s]
Flop [8c 6d 3h], The_1__Gamblers (5000), UDF1 (5000)
UDF1 checks
The_1__Gamblers checks
Turn [8c 6d 3h 5s], The_1__Gamblers (5000), UDF1 (5000)
UDF1 checks
The_1__Gamblers checks
River [8c 6d 3h 5s 8h], The_1__Gamblers (5000), UDF1 (5000)
UDF1 checks
The_1__Gamblers checks
The_1__Gamblers shows [8s Tc]
UDF1 shows [Ks As]
The_1__Gamblers awarded 5000
UDF1 awarded -5000

Round #44, UDF1 (-1831), The_1__Gamblers (1831)
UDF1 posts blind: 10
The_1__Gamblers posts blind: 20
UDF1 received [7s Th]
The_1__Gamblers received [3c Kc]
UDF1 raises to 2259
The_1__Gamblers calls
Flop [Qc Qh 9c], UDF1 (2259), The_1__Gamblers (2259)
The_1__Gamblers bids 189
UDF1 bids 210
UDF1 won the auction and was revealed [3c]
Flop [Qc Qh 9c], UDF1 (2448), The_1__Gamblers (2259)
The_1__Gamblers bets 1553
UDF1 calls
Turn [Qc Qh 9c 3h], UDF1 (4001), The_1__Gamblers (3812)
The_1__Gamblers bets 999
UDF1 folds
UDF1 awarded -4001
The_1__Gamblers awarded 4001

Round #45, The_1__Gamblers (5832), UDF1 (-5832)
The_1__Gamblers posts blind: 10
UDF1 posts blind: 20
The_1__Gamblers received [4s Ad]
UDF1 received [9d 6s]
The_1__Gamblers raises to 44
UDF1 raises to 2387
The_1__Gamblers raises to 4730
UDF1 folds
The_1__Gamblers awarded 2387
UDF1 awarded -2387

Round #46, UDF1 (-8219), The_1__Gamblers (8219)
UDF1 posts blind: 10
The_1__Gamblers posts blind: 20
UDF1 received [8h Js]
The_1__Gamblers received [6c Qh]
UDF1 folds
UDF1 awarded -10
The_1__Gamblers awarded 10

Round #47, The_1__Gamblers (8229), UDF1 (-8229)
The_1__Gamblers posts blind: 10
UDF1 posts blind: 20
The_1__Gamblers received [9c 6h]
UDF1 received [Jc Td]
The_1__Gamblers raises to 44
UDF1 raises to 2909
The_1__Gamblers raises to 5000
UDF1 calls
Flop [Qs 6s Kc], The_1__Gamblers (5000), UDF1 (5000)
UDF1 bids 0
The_1__Gamblers bids 0
The_1__Gamblers won the auction and was revealed [Td]
UDF1 won the auction and was revealed [6h]
Flop [Qs 6s Kc], The_1__Gamblers (5000), UDF1 (5000)
UDF1 checks
The_1__Gamblers checks
Turn [Qs 6s Kc 7s], The_1__Gamblers (5000), UDF1 (5000)
UDF1 checks
The_1__Gamblers checks
River [Qs 6s Kc 7s 3h], The_1__Gamblers (5000), UDF1 (5000)
UDF1 checks
The_1__Gamblers checks
The_1__Gamblers shows [9c 6h]
UDF1 shows [Jc Td]
The_1__Gamblers awarded 5000
UDF1 awarded -5000

Round #48, UDF1 (-13229), The_1__Gamblers (13229)
UDF1 posts blind: 10
The_1__Gamblers posts blind: 20
UDF1 received [3s 5d]
The_1__Gamblers received [4s 6d]
UDF1 calls
The_1__Gamblers checks
Flop [Ah 5c Ac], UDF1 (20), The_1__Gamblers (20)
The_1__Gamblers bids 88
UDF1 bids 244
UDF1 won the auction and was revealed [6d]
Flop [Ah 5c Ac], UDF1 (108), The_1__Gamblers (20)
The_1__Gamblers checks
UDF1 bets 2592
The_1__Gamblers folds
UDF1 awarded 20
The_1__Gamblers awarded -20

Round #49, The_1__Gamblers (13209), UDF1 (-13209)
The_1__Gamblers posts blind: 10
UDF1 posts blind: 20
The_1__Gamblers received [Ks 7d]
UDF1 received [8h 4d]
The_1__Gamblers raises to 44
UDF1 folds
The_1__Gamblers awarded 20
UDF1 awarded -20

Round #50, UDF1 (-13229), The_1__Gamblers (13229)
UDF1 posts blind: 10
The_1__Gamblers posts blind: 20
UDF1 received [3d Jd]
The_1__Gamblers received [4h Qs]
UDF1 raises to 2340
The_1__Gamblers calls
Flop [7h 6d Ad], UDF1 (2340), The_1__Gamblers (2340)
The_1__Gamblers bids 193
UDF1 bids 204
UDF1 won the auction and was revealed [Qs]
Flop [7h 6d Ad], UDF1 (2533), The_1__Gamblers (2340)
The_1__Gamblers checks
UDF1 checks
Turn [7h 6d Ad 9h], UDF1 (2533), The_1__Gamblers (2340)
The_1__Gamblers checks
UDF1 checks
River [7h 6d Ad 9h 7c], UDF1 (2533), The_1__Gamblers (2340)
The_1__Gamblers checks
UDF1 checks
UDF1 shows [3d Jd]
The_1__Gamblers shows [4h Qs]
UDF1 awarded -2533
The_1__Gamblers awarded 2533

Round #51, The_1__Gamblers (15762), UDF1 (-15762)
The_1__Gamblers posts blind: 10
UDF1 posts blind: 20
The_1__Gamblers received [6d 3h]
UDF1 received [3d 8c]
The_1__Gamblers raises to 44
UDF1 folds
The_1__Gamblers awarded 20
UDF1 awarded -20

Round #52, UDF1 (-15782), The_1__Gamblers (15782)
UDF1 posts blind: 10
The_1__Gamblers posts blind: 20
UDF1 received [5c Qc]
The_1__Gamblers received [8h Jd]
UDF1 folds
UDF1 awarded -10
The_1__Gamblers awarded 10

Round #53, The_1__Gamblers (15792), UDF1 (-15792)
The_1__Gamblers posts blind: 10
UDF1 posts blind: 20
The_1__Gamblers received [Kc 8h]
UDF1 received [7s Jc]
The_1__Gamblers raises to 44
UDF1 raises to 2125
The_1__Gamblers raises to 4206
UDF1 folds
The_1__Gamblers awarded 2125
UDF1 awarded -2125

Round #54, UDF1 (-17917), The_1__Gamblers (17917)
UDF1 posts blind: 10
The_1__Gamblers posts blind: 20
UDF1 received [Jd 9c]
The_1__Gamblers received [5s 6c]
UDF1 raises to 2426
The_1__Gamblers calls
Flop [8h 5d Jc], UDF1 (2426), The_1__Gamblers (2426)
The_1__Gamblers bids 169
UDF1 bids 185
UDF1 won the auction and was revealed [6c]
Flop [8h 5d Jc], UDF1 (2595), The_1__Gamblers (2426)
The_1__Gamblers bets 2405
UDF1 calls
Turn [8h 5d Jc 4s], UDF1 (5000), The_1__Gamblers (4831)
The_1__Gamblers checks
UDF1 checks
River [8h 5d Jc 4s 3s], UDF1 (5000), The_1__Gamblers (4831)
The_1__Gamblers checks
UDF1 checks
UDF1 shows [Jd 9c]
The_1__Gamblers shows [5s 6c]
UDF1 awarded 4831
The_1__Gamblers awarded -4831

Round #55, The_1__Gamblers (13086), UDF1 (-13086)
The_1__Gamblers posts blind: 10
UDF1 posts blind: 20
The_1__Gamblers received [Ad 7d]
UDF1 received [3d Ts]
The_1__Gamblers raises to 44
UDF1 folds
The_1__Gamblers awarded 20
UDF1 awarded -20

Round #56, UDF1 (-13106), The_1__Gamblers (13106)
UDF1 posts blind: 10
The_1__Gamblers posts blind: 20
UDF1 received [3c 5d]
The_1__Gamblers received [Ah 8s]
UDF1 raises to 2140
The_1__Gamblers calls
Flop [3d Jc 6s], UDF1 (2140), The_1__Gamblers (2140)
The_1__Gamblers bids 212
UDF1 bids 305
UDF1 won the auction and was revealed [Ah]
Flop [3d Jc 6s], UDF1 (2352), The_1__Gamblers (2140)
The_1__Gamblers bets 1482
UDF1 raises to 2648
The_1__Gamblers calls
Turn [3d Jc 6s Qc], UDF1 (5000), The_1__Gamblers (4788)
The_1__Gamblers checks
UDF1 checks
River [3d Jc 6s Qc As], UDF1 (5000), The_1__Gamblers (4788)
The_1__Gamblers checks
UDF1 checks
UDF1 shows [3c 5d]
The_1__Gamblers shows [Ah 8s]
UDF1 awarded -5000
The_1__Gamblers awarded 5000

Round #57, The_1__Gamblers (18106), UDF1 (-18106)
The_1__Gamblers posts blind: 10
UDF1 posts blind: 20
The_1__Gamblers received [4c Jd]
UDF1 received [Qs Kd]
The_1__Gamblers raises to 44
UDF1 raises to 4326
The_1__Gamblers raises to 5000
UDF1 calls
Flop [As 7d 8c], The_1__Gamblers (5000), UDF1 (5000)
UDF1 bids 0
The_1__Gamblers bids 0
The_1__Gamblers won the auction and was revealed [Kd]
UDF1 won the auction and was revealed [4c]
Flop [As 7d 8c], The_1__Gamblers (5000), UDF1 (5000)
UDF1 checks
The_1__Gamblers checks
Turn [As 7d 8c 6s], The_1__Gamblers (5000), UDF1 (5000)
UDF1 checks
The_1__Gamblers checks
River [As 7d 8c 6s 2s], The_1__Gamblers (5000), UDF1 (5000)
UDF1 checks
The_1__Gamblers checks
The_1__Gamblers shows [4c Jd]
UDF1 shows [Qs Kd]
The_1__Gamblers awarded -5000
UDF1 awarded 5000

Round #58, UDF1 (-13106), The_1__Gamblers (13106)
UDF1 posts blind: 10
The_1__Gamblers posts blind: 20
UDF1 received [4h 2c]
The_1__Gamblers received [7s Ks]
UDF1 raises to 2190
The_1__Gamblers calls
Flop [9s 6s 3s], UDF1 (2190), The_1__Gamblers (2190)
The_1__Gamblers bids 5
UDF1 bids 277
UDF1 won the auction and was revealed [7s]
Flop [9s 6s 3s], UDF1 (2195), The_1__Gamblers (2190)
The_1__Gamblers bets 2805
UDF1 folds
UDF1 awarded -2195
The_1__Gamblers awarded 2195

Round #59, The_1__Gamblers (15301), UDF1 (-15301)
The_1__Gamblers posts blind: 10
UDF1 posts blind: 20
The_1__Gamblers received [9c Td]
UDF1 received [4h 8h]
The_1__Gamblers raises to 44
UDF1 folds
The_1__Gamblers awarded 20
UDF1 awarded -20

Round #60, UDF1 (-15321), The_1__Gamblers (15321)
UDF1 posts blind: 10
The_1__Gamblers posts blind: 20
UDF1 received [Ac 4s]
The_1__Gamblers received [4h Kd]
UDF1 raises to 2533
The_1__Gamblers calls
Flop [Ah Tc 4d], UDF1 (2533), The_1__Gamblers (2533)
The_1__Gamblers bids 151
UDF1 bids 332
UDF1 won the auction and was revealed [4h]
Flop [Ah Tc 4d], UDF1 (2684), The_1__Gamblers (2533)
The_1__Gamblers bets 2316
UDF1 calls
Turn [Ah Tc 4d 3d], UDF1 (5000), The_1__Gamblers (4849)
The_1__Gamblers checks
UDF1 checks
River [Ah Tc 4d 3d 3s], UDF1 (5000), The_1__Gamblers (4849)
The_1__Gamblers checks
UDF1 checks
UDF1 shows [Ac 4s]
The_1__Gamblers shows [4h Kd]
UDF1 awarded 4849
The_1__Gamblers awarded -4849

Round #61, The_1__Gamblers (10472), UDF1 (-10472)
The_1__Gamblers posts blind: 10
UDF1 posts blind: 20
The_1__Gamblers received [9h Kh]
UDF1 received [Qs Tc]
The_1__Gamblers raises to 44
UDF1 folds
The_1__Gamblers awarded 20
UDF1 awarded -20

Round #62, UDF1 (-10492), The_1__Gamblers (10492)
UDF1 posts blind: 10
The_1__Gamblers posts blind: 20
UDF1 received [8s Ac]
The_1__Gamblers received [3d Ks]
UDF1 folds
UDF1 awarded -10
The_1__Gamblers awarded 10

Round #63, The_1__Gamblers (10502), UDF1 (-10502)
The_1__Gamblers posts blind: 10
UDF1 posts blind: 20
The_1__Gamblers received [3d 7d]
UDF1 received [7c Th]
The_1__Gamblers raises to 44
UDF1 folds
The_1__Gamblers awarded 20
UDF1 awarded -20

Round #64, UDF1 (-10522), The_1__Gamblers (10522)
UDF1 posts blind: 10
The_1__Gamblers posts blind: 20
UDF1 received [Qd 4s]
The_1__Gamblers received [7s Jc]
UDF1 raises to 2316
The_1__Gamblers calls
Flop [9d 6d 3c], UDF1 (2316), The_1__Gamblers (2316)
The_1__Gamblers bids 147
UDF1 bids 498
UDF1 won the auction and was revealed [7s]
Flop [9d 6d 3c], UDF1 (2463), The_1__Gamblers (2316)
The_1__Gamblers checks
UDF1 checks
Turn [9d 6d 3c Qs], UDF1 (2463), The_1__Gamblers (2316)
The_1__Gamblers checks
UDF1 bets 2216
The_1__Gamblers calls
River [9d 6d 3c Qs Ks], UDF1 (4679), The_1__Gamblers (4532)
The_1__Gamblers checks
UDF1 bets 305
The_1__Gamblers raises to 321
UDF1 calls
UDF1 shows [Qd 4s]
The_1__Gamblers shows [7s Jc]
UDF1 awarded 4853
The_1__Gamblers awarded -4853

Round #65, The_1__Gamblers (5669), UDF1 (-5669)
The_1__Gamblers posts blind: 10
UDF1 posts blind: 20
The_1__Gamblers received [5d 2c]
UDF1 received [4c 3c]
The_1__Gamblers raises to 44
UDF1 folds
The_1__Gamblers awarded 20
UDF1 awarded -20

Round #66, UDF1 (-5689), The_1__Gamblers (5689)
UDF1 posts blind: 10
The_1__Gamblers posts blind: 20
UDF1 received [7h Ad]
The_1__Gamblers received [Jc Td]
UDF1 folds
UDF1 awarded -10
The_1__Gamblers awarded 10

Round #67, The_1__Gamblers (5699), UDF1 (-5699)
The_1__Gamblers posts blind: 10
UDF1 posts blind: 20
The_1__Gamblers received [6h Jd]
UDF1 received [6s 9d]
The_1__Gamblers raises to 44
UDF1 raises to 2403
The_1__Gamblers raises to 4762
UDF1 folds
The_1__Gamblers awarded 2403
UDF1 awarded -2403

Round #68, UDF1 (-8102), The_1__Gamblers (8102)
UDF1 posts blind: 10
The_1__Gamblers posts blind: 20
UDF1 received [Jc 8d]
The_1__Gamblers received [Qc 6c]
UDF1 folds
UDF1 awarded -10
The_1__Gamblers awarded 10

Round #69, The_1__Gamblers (8112), UDF1 (-8112)
The_1__Gamblers posts blind: 10
UDF1 posts blind: 20
The_1__Gamblers received [3s 8h]
UDF1 received [Qs 5h]
The_1__Gamblers calls
UDF1 checks
Flop [3d 9h 4s], The_1__Gamblers (20), UDF1 (20)
UDF1 bids 256
The_1__Gamblers bids 329
The_1__Gamblers won the auction and was revealed [5h]
Flop [3d 9h 4s], The_1__Gamblers (276), UDF1 (20)
UDF1 checks
The_1__Gamblers bets 177
UDF1 calls
Turn [3d 9h 4s 4d], The_1__Gamblers (453), UDF1 (197)
UDF1 checks
The_1__Gamblers bets 214
UDF1 calls
River [3d 9h 4s 4d 3c], The_1__Gamblers (667), UDF1 (411)
UDF1 checks
The_1__Gamblers bets 1347
UDF1 calls
The_1__Gamblers shows [3s 8h]
UDF1 shows [Qs 5h]
The_1__Gamblers awarded 1758
UDF1 awarded -1758

Round #70, UDF1 (-9870), The_1__Gamblers (9870)
UDF1 posts blind: 10
The_1__Gamblers posts blind: 20
UDF1 received [4d 4s]
The_1__Gamblers received [Qd Td]
UDF1 raises to 2993
The_1__Gamblers calls
Flop [Kc 5c Th], UDF1 (2993), The_1__Gamblers (2993)
The_1__Gamblers bids 80
UDF1 bids 335
UDF1 won the auction and was revealed [Qd]
Flop [Kc 5c Th], UDF1 (3073), The_1__Gamblers (2993)
The_1__Gamblers bets 1927
UDF1 calls
Turn [Kc 5c Th 8h], UDF1 (5000), The_1__Gamblers (4920)
The_1__Gamblers checks
UDF1 checks
River [Kc 5c Th 8h As], UDF1 (5000), The_1__Gamblers (4920)
The_1__Gamblers checks
UDF1 checks
UDF1 shows [4d 4s]
The_1__Gamblers shows [Qd Td]
UDF1 awarded -5000
The_1__Gamblers awarded 5000

Round #71, The_1__Gamblers (14870), UDF1 (-14870)
The_1__Gamblers posts blind: 10
UDF1 posts blind: 20
The_1__Gamblers received [6c Qh]
UDF1 received [6h 9c]
The_1__Gamblers raises to 44
UDF1 raises to 2296
The_1__Gamblers raises to 4548
UDF1 folds
The_1__Gamblers awarded 2296
UDF1 awarded -2296

Round #72, UDF1 (-17166), The_1__Gamblers (17166)
UDF1 posts blind: 10
The_1__Gamblers posts blind: 20
UDF1 received [3d 5h]
The_1__Gamblers received [8h Kd]
UDF1 folds
UDF1 awarded -10
The_1__Gamblers awarded 10

Round #73, The_1__Gamblers (17176), UDF1 (-17176)
The_1__Gamblers posts blind: 10
UDF1 posts blind: 20
The_1__Gamblers received [Ac 9d]
UDF1 received [Ks Ts]
The_1__Gamblers raises to 44
UDF1 raises to 2874
The_1__Gamblers raises to 5000
UDF1 calls
Flop [Th 3s 8d], The_1__Gamblers (5000), UDF1 (5000)
UDF1 bids 0
The_1__Gamblers bids 0
The_1__Gamblers won the auction and was revealed [Ks]
UDF1 won the auction and was revealed [9d]
Flop [Th 3s 8d], The_1__Gamblers (5000), UDF1 (5000)
UDF1 checks
The_1__Gamblers checks
Turn [Th 3s 8d 5s], The_1__Gamblers (5000), UDF1 (5000)
UDF1 checks
The_1__Gamblers checks
River [Th 3s 8d 5s 2c], The_1__Gamblers (5000), UDF1 (5000)
UDF1 checks
The_1__Gamblers checks
The_1__Gamblers shows [Ac 9d]
UDF1 shows [Ks Ts]
The_1__Gamblers awarded -5000
UDF1 awarded 5000

Round #74, UDF1 (-12176), The_1__Gamblers (12176)
UDF1 posts blind: 10
The_1__Gamblers posts blind: 20
UDF1 received [3d 3h]
The_1__Gamblers received [7s 2d]
UDF1 raises to 3073
The_1__Gamblers calls
Flop [Td 2c 5h], UDF1 (3073), The_1__Gamblers (3073)
The_1__Gamblers bids 130
UDF1 bids 326
UDF1 won the auction and was revealed [7s]
Flop [Td 2c 5h], UDF1 (3203), The_1__Gamblers (3073)
The_1__Gamblers bets 1797
UDF1 calls
Turn [Td 2c 5h Js], UDF1 (5000), The_1__Gamblers (4870)
The_1__Gamblers checks
UDF1 checks
River [Td 2c 5h Js 6c], UDF1 (5000), The_1__Gamblers (4870)
The_1__Gamblers checks
UDF1 checks
UDF1 shows [3d 3h]
The_1__Gamblers shows [7s 2d]
UDF1 awarded 4870
The_1__Gamblers awarded -4870

Round #75, The_1__Gamblers (7306), UDF1 (-7306)
The_1__Gamblers posts blind: 10
UDF1 posts blind: 20
The_1__Gamblers received [8s Kc]
UDF1 received [Qs Tc]
The_1__Gamblers raises to 44
UDF1 folds
The_1__Gamblers awarded 20
UDF1 awarded -20

Round #76, UDF1 (-7326), The_1__Gamblers (7326)
UDF1 posts blind: 10
The_1__Gamblers posts blind: 20
UDF1 received [Jc Tc]
The_1__Gamblers received [3s 6d]
UDF1 calls
The_1__Gamblers checks
Flop [4s Td Kh], UDF1 (20), The_1__Gamblers (20)
The_1__Gamblers bids 74
UDF1 bids 328
UDF1 won the auction and was revealed [3s]
Flop [4s Td Kh], UDF1 (94), The_1__Gamblers (20)
The_1__Gamblers checks
UDF1 bets 3344
The_1__Gamblers folds
UDF1 awarded 20
The_1__Gamblers awarded -20

Round #77, The_1__Gamblers (7306), UDF1 (-7306)
The_1__Gamblers posts blind: 10
UDF1 posts blind: 20
The_1__Gamblers received [Ac 5h]
UDF1 received [7d 5c]
The_1__Gamblers raises to 44
UDF1 raises to 2517
The_1__Gamblers raises to 4990
UDF1 folds
The_1__Gamblers awarded 2517
UDF1 awarded -2517

Round #78, UDF1 (-9823), The_1__Gamblers (9823)
UDF1 posts blind: 10
The_1__Gamblers posts blind: 20
UDF1 received [3s Jc]
The_1__Gamblers received [5d Tc]
UDF1 calls
The_1__Gamblers checks
Flop [Td 3h Kh], UDF1 (20), The_1__Gamblers (20)
The_1__Gamblers bids 243
UDF1 bids 334
UDF1 won the auction and was revealed [5d]
Flop [Td 3h Kh], UDF1 (263), The_1__Gamblers (20)
The_1__Gamblers bets 169
UDF1 raises to 3242
The_1__Gamblers raises to 4737
UDF1 calls
Turn [Td 3h Kh 2s], UDF1 (5000), The_1__Gamblers (4757)
The_1__Gamblers checks
UDF1 checks
River [Td 3h Kh 2s Ks], UDF1 (5000), The_1__Gamblers (4757)
The_1__Gamblers checks
UDF1 checks
UDF1 shows [3s Jc]
The_1__Gamblers shows [5d Tc]
UDF1 awarded -5000
The_1__Gamblers awarded 5000

Round #79, The_1__Gamblers (14823), UDF1 (-14823)
The_1__Gamblers posts blind: 10
UDF1 posts blind: 20
The_1__Gamblers received [Kh 6c]
UDF1 received [9s 9d]
The_1__Gamblers raises to 44
UDF1 raises to 4323
The_1__Gamblers raises to 5000
UDF1 calls
Flop [Ts 2c Td], The_1__Gamblers (5000), UDF1 (5000)
UDF1 bids 0
The_1__Gamblers bids 0
The_1__Gamblers won the auction and was revealed [9s]
UDF1 won the auction and was revealed [6c]
Flop [Ts 2c Td], The_1__Gamblers (5000), UDF1 (5000)
UDF1 checks
The_1__Gamblers checks
Turn [Ts 2c Td 8d], The_1__Gamblers (5000), UDF1 (5000)
UDF1 checks
The_1__Gamblers checks
River [Ts 2c Td 8d Ac], The_1__Gamblers (5000), UDF1 (5000)
UDF1 checks
The_1__Gamblers checks
The_1__Gamblers shows [Kh 6c]
UDF1 shows [9s 9d]
The_1__Gamblers awarded -5000
UDF1 awarded 5000

Round #80, UDF1 (-9823), The_1__Gamblers (9823)
UDF1 posts blind: 10
The_1__Gamblers posts blind: 20
UDF1 received [8s 4h]
The_1__Gamblers received [7h 2h]
UDF1 folds
UDF1 awarded -10
The_1__Gamblers awarded 10

Round #81, The_1__Gamblers (9833), UDF1 (-9833)
The_1__Gamblers posts blind: 10
UDF1 posts blind: 20
The_1__Gamblers received [4c 3d]
UDF1 received [9c Kc]
The_1__Gamblers raises to 44
UDF1 folds
The_1__Gamblers awarded 20
UDF1 awarded -20

Round #82, UDF1 (-9853), The_1__Gamblers (9853)
UDF1 posts blind: 10
The_1__Gamblers posts blind: 20
UDF1 received [Ad Ts]
The_1__Gamblers received [Jc Qd]
UDF1 raises to 3070
The_1__Gamblers calls
Flop [8h 7c 9d], UDF1 (3070), The_1__Gamblers (3070)
The_1__Gamblers bids 125
UDF1 bids 163
UDF1 won the auction and was revealed [Qd]
Flop [8h 7c 9d], UDF1 (3195), The_1__Gamblers (3070)
The_1__Gamblers checks
UDF1 bets 1535
The_1__Gamblers raises to 1805
UDF1 calls
Turn [8h 7c 9d 6s], UDF1 (5000), The_1__Gamblers (4875)
The_1__Gamblers checks
UDF1 checks
River [8h 7c 9d 6s 2s], UDF1 (5000), The_1__Gamblers (4875)
The_1__Gamblers checks
UDF1 checks
UDF1 shows [Ad Ts]
The_1__Gamblers shows [Jc Qd]
UDF1 awarded 4875
The_1__Gamblers awarded -4875

Round #83, The_1__Gamblers (4978), UDF1 (-4978)
The_1__Gamblers posts blind: 10
UDF1 posts blind: 20
The_1__Gamblers received [Kc 8c]
UDF1 received [Qs 6s]
The_1__Gamblers raises to 44
UDF1 raises to 2363
The_1__Gamblers raises to 4682
UDF1 folds
The_1__Gamblers awarded 2363
UDF1 awarded -2363

Round #84, UDF1 (-7341), The_1__Gamblers (7341)
UDF1 posts blind: 10
The_1__Gamblers posts blind: 20
UDF1 received [4d 6c]
The_1__Gamblers received [2h 7s]
UDF1 calls
The_1__Gamblers checks
Flop [Ac Ah Kh], UDF1 (20), The_1__Gamblers (20)
The_1__Gamblers bids 177
UDF1 bids 310
UDF1 won the auction and was revealed [2h]
Flop [Ac Ah Kh], UDF1 (197), The_1__Gamblers (20)
The_1__Gamblers checks
UDF1 checks
Turn [Ac Ah Kh 4c], UDF1 (197), The_1__Gamblers (20)
The_1__Gamblers checks
UDF1 bets 3615
The_1__Gamblers folds
UDF1 awarded 20
The_1__Gamblers awarded -20

Round #85, The_1__Gamblers (7321), UDF1 (-7321)
The_1__Gamblers posts blind: 10
UDF1 posts blind: 20
The_1__Gamblers received [8s Kd]
UDF1 received [2h 6d]
The_1__Gamblers raises to 44
UDF1 folds
The_1__Gamblers awarded 20
UDF1 awarded -20

Round #86, UDF1 (-7341), The_1__Gamblers (7341)
UDF1 posts blind: 10
The_1__Gamblers posts blind: 20
UDF1 received [9c 4d]
The_1__Gamblers received [7d Qh]
UDF1 folds
UDF1 awarded -10
The_1__Gamblers awarded 10

Round #87, The_1__Gamblers (7351), UDF1 (-7351)
The_1__Gamblers posts blind: 10
UDF1 posts blind: 20
The_1__Gamblers received [4c Qs]
UDF1 received [Ah 9h]
The_1__Gamblers raises to 44
UDF1 raises to 2865
The_1__Gamblers raises to 5000
UDF1 calls
Flop [As Qd Jh], The_1__Gamblers (5000), UDF1 (5000)
UDF1 bids 0
The_1__Gamblers bids 0
The_1__Gamblers won the auction and was revealed [9h]
UDF1 won the auction and was revealed [4c]
Flop [As Qd Jh], The_1__Gamblers (5000), UDF1 (5000)
UDF1 checks
The_1__Gamblers checks
Turn [As Qd Jh 9c], The_1__Gamblers (5000), UDF1 (5000)
UDF1 checks
The_1__Gamblers checks
River [As Qd Jh 9c 8s], The_1__Gamblers (5000), UDF1 (5000)
UDF1 checks
The_1__Gamblers checks
The_1__Gamblers shows [4c Qs]
UDF1 shows [Ah 9h]
The_1__Gamblers awarded -5000
UDF1 awarded 5000

Round #88, UDF1 (-2351), The_1__Gamblers (2351)
UDF1 posts blind: 10
The_1__Gamblers posts blind: 20
UDF1 received [Kd 4d]
The_1__Gamblers received [2d 7c]
UDF1 folds
UDF1 awarded -10
The_1__Gamblers awarded 10

Round #89, The_1__Gamblers (2361), UDF1 (-2361)
The_1__Gamblers posts blind: 10
UDF1 posts blind: 20
The_1__Gamblers received [Td 9h]
UDF1 received [6h 4s]
The_1__Gamblers raises to 44
UDF1 folds
The_1__Gamblers awarded 20
UDF1 awarded -20

Round #90, UDF1 (-2381), The_1__Gamblers (2381)
UDF1 posts blind: 10
The_1__Gamblers posts blind: 20
UDF1 received [6h Th]
The_1__Gamblers received [Ah Jh]
UDF1 folds
UDF1 awarded -10
The_1__Gamblers awarded 10

Round #91, The_1__Gamblers (2391), UDF1 (-2391)
The_1__Gamblers posts blind: 10
UDF1 posts blind: 20
The_1__Gamblers received [Jc Ad]
UDF1 received [6s 6c]
The_1__Gamblers raises to 44
UDF1 calls
Flop [5s Js 2h], The_1__Gamblers (44), UDF1 (44)
UDF1 bids 312
The_1__Gamblers bids 60
UDF1 won the auction and was revealed [Ad]
Flop [5s Js 2h], The_1__Gamblers (44), UDF1 (104)
UDF1 bets 3024
The_1__Gamblers raises to 4896
UDF1 calls
Turn [5s Js 2h 5d], The_1__Gamblers (4940), UDF1 (5000)
UDF1 checks
The_1__Gamblers checks
River [5s Js 2h 5d 6d], The_1__Gamblers (4940), UDF1 (5000)
UDF1 checks
The_1__Gamblers checks
The_1__Gamblers shows [Jc Ad]
UDF1 shows [6s 6c]
The_1__Gamblers awarded -4940
UDF1 awarded 4940

Round #92, UDF1 (2549), The_1__Gamblers (-2549)
UDF1 posts blind: 10
The_1__Gamblers posts blind: 20
UDF1 received [8c Ad]
The_1__Gamblers received [Ac 4s]
UDF1 folds
UDF1 awarded -10
The_1__Gamblers awarded 10

Round #93, The_1__Gamblers (-2539), UDF1 (2539)
The_1__Gamblers posts blind: 10
UDF1 posts blind: 20
The_1__Gamblers received [7d 8s]
UDF1 received [Jd Jc]
The_1__Gamblers raises to 44
UDF1 raises to 4740
The_1__Gamblers raises to 5000
UDF1 calls
Flop [Kd 5d 7c], The_1__Gamblers (5000), UDF1 (5000)
UDF1 bids 0
The_1__Gamblers bids 0
The_1__Gamblers won the auction and was revealed [Jd]
UDF1 won the auction and was revealed [7d]
Flop [Kd 5d 7c], The_1__Gamblers (5000), UDF1 (5000)
UDF1 checks
The_1__Gamblers checks
Turn [Kd 5d 7c 8d], The_1__Gamblers (5000), UDF1 (5000)
UDF1 checks
The_1__Gamblers checks
River [Kd 5d 7c 8d Js], The_1__Gamblers (5000), UDF1 (5000)
UDF1 checks
The_1__Gamblers checks
The_1__Gamblers shows [7d 8s]
UDF1 shows [Jd Jc]
The_1__Gamblers awarded -5000
UDF1 awarded 5000

Round #94, UDF1 (7539), The_1__Gamblers (-7539)
UDF1 posts blind: 10
The_1__Gamblers posts blind: 20
UDF1 received [9d 5d]
The_1__Gamblers received [2h Jh]
UDF1 raises to 2366
The_1__Gamblers calls
Flop [Qs 6h Ks], UDF1 (2366), The_1__Gamblers (2366)
The_1__Gamblers bids 188
UDF1 bids 340
UDF1 won the auction and was revealed [Jh]
Flop [Qs 6h Ks], UDF1 (2554), The_1__Gamblers (2366)
The_1__Gamblers checks
UDF1 checks
Turn [Qs 6h Ks 2s], UDF1 (2554), The_1__Gamblers (2366)
The_1__Gamblers bets 1623
UDF1 folds
UDF1 awarded -2554
The_1__Gamblers awarded 2554

Round #95, The_1__Gamblers (-4985), UDF1 (4985)
The_1__Gamblers posts blind: 10
UDF1 posts blind: 20
The_1__Gamblers received [6c 6d]
UDF1 received [Jc 9s]
The_1__Gamblers raises to 44
UDF1 raises to 2567
The_1__Gamblers raises to 5000
UDF1 folds
The_1__Gamblers awarded 2567
UDF1 awarded -2567

Round #96, UDF1 (2418), The_1__Gamblers (-2418)
UDF1 posts blind: 10
The_1__Gamblers posts blind: 20
UDF1 received [7c 3h]
The_1__Gamblers received [Qs Td]
UDF1 raises to 2185
The_1__Gamblers calls
Flop [4h 9h Qh], UDF1 (2185), The_1__Gamblers (2185)
The_1__Gamblers bids 78
UDF1 bids 223
UDF1 won the auction and was revealed [Qs]
Flop [4h 9h Qh], UDF1 (2263), The_1__Gamblers (2185)
The_1__Gamblers bets 2737
UDF1 folds
UDF1 awarded -2263
The_1__Gamblers awarded 2263

Round #97, The_1__Gamblers (-155), UDF1 (155)
The_1__Gamblers posts blind: 10
UDF1 posts blind: 20
The_1__Gamblers received [5c Qh]
UDF1 received [2h 4s]
The_1__Gamblers raises to 44
UDF1 folds
The_1__Gamblers awarded 20
UDF1 awarded -20

Round #98, UDF1 (135), The_1__Gamblers (-135)
UDF1 posts blind: 10
The_1__Gamblers posts blind: 20
UDF1 received [8s 3c]
The_1__Gamblers received [8c Qc]
UDF1 folds
UDF1 awarded -10
The_1__Gamblers awarded 10

Round #99, The_1__Gamblers (-125), UDF1 (125)
The_1__Gamblers posts blind: 10
UDF1 posts blind: 20
The_1__Gamblers received [7s Ad]
UDF1 received [8h 4c]
The_1__Gamblers raises to 44
UDF1 raises to 2329
The_1__Gamblers raises to 4614
UDF1 folds
The_1__Gamblers awarded 2329
UDF1 awarded -2329

Round #100, UDF1 (-2204), The_1__Gamblers (2204)
UDF1 posts blind: 10
The_1__Gamblers posts blind: 20
UDF1 received [9s Qc]
The_1__Gamblers received [3h 8s]
UDF1 folds
UDF1 awarded -10
The_1__Gamblers awarded 10

Round #101, The_1__Gamblers (2214), UDF1 (-2214)
The_1__Gamblers posts blind: 10
UDF1 posts blind: 20
The_1__Gamblers received [2s 6s]
UDF1 received [Kc 9c]
The_1__Gamblers raises to 44
UDF1 folds
The_1__Gamblers awarded 20
UDF1 awarded -20

Round #102, UDF1 (-2234), The_1__Gamblers (2234)
UDF1 posts blind: 10
The_1__Gamblers posts blind: 20
UDF1 received [2h Ah]
The_1__Gamblers received [Ad Jd]
UDF1 raises to 3088
The_1__Gamblers calls
Flop [Qd Jc 2c], UDF1 (3088), The_1__Gamblers (3088)
The_1__Gamblers bids 71
UDF1 bids 654
UDF1 won the auction and was revealed [Jd]
Flop [Qd Jc 2c], UDF1 (3159), The_1__Gamblers (3088)
The_1__Gamblers bets 1841
UDF1 folds
UDF1 awarded -3159
The_1__Gamblers awarded 3159

Round #103, The_1__Gamblers (5393), UDF1 (-5393)
The_1__Gamblers posts blind: 10
UDF1 posts blind: 20
The_1__Gamblers received [3s 9c]
UDF1 received [7c Qs]
The_1__Gamblers calls
UDF1 checks
Flop [Jh Kc Ts], The_1__Gamblers (20), UDF1 (20)
UDF1 bids 0
The_1__Gamblers bids 316
The_1__Gamblers won the auction and was revealed [Qs]
Flop [Jh Kc Ts], The_1__Gamblers (20), UDF1 (20)
UDF1 bets 2954
The_1__Gamblers folds
The_1__Gamblers awarded -20
UDF1 awarded 20

Round #104, UDF1 (-5373), The_1__Gamblers (5373)
UDF1 posts blind: 10
The_1__Gamblers posts blind: 20
UDF1 received [7h Qh]
The_1__Gamblers received [8s 6d]
UDF1 raises to 2422
The_1__Gamblers calls
Flop [5d 5s Th], UDF1 (2422), The_1__Gamblers (2422)
The_1__Gamblers bids 109
UDF1 bids 272
UDF1 won the auction and was revealed [6d]
Flop [5d 5s Th], UDF1 (2531), The_1__Gamblers (2422)
The_1__Gamblers checks
UDF1 bets 1966
The_1__Gamblers folds
UDF1 awarded 2422
The_1__Gamblers awarded -2422

Round #105, The_1__Gamblers (2951), UDF1 (-2951)
The_1__Gamblers posts blind: 10
UDF1 posts blind: 20
The_1__Gamblers received [9h Jh]
UDF1 received [2s Jd]
The_1__Gamblers raises to 44
UDF1 raises to 2296
The_1__Gamblers raises to 4548
UDF1 folds
The_1__Gamblers awarded 2296
UDF1 awarded -2296

Round #106, UDF1 (-5247), The_1__Gamblers (5247)
UDF1 posts blind: 10
The_1__Gamblers posts blind: 20
UDF1 received [Qc Jd]
The_1__Gamblers received [Ac 6s]
UDF1 calls
The_1__Gamblers checks
Flop [9s 6c Ad], UDF1 (20), The_1__Gamblers (20)
The_1__Gamblers bids 17
UDF1 bids 253
UDF1 won the auction and was revealed [Ac]
Flop [9s 6c Ad], UDF1 (37), The_1__Gamblers (20)
The_1__Gamblers bets 71
UDF1 folds
UDF1 awarded -37
The_1__Gamblers awarded 37

Round #107, The_1__Gamblers (5284), UDF1 (-5284)
The_1__Gamblers posts blind: 10
UDF1 posts blind: 20
The_1__Gamblers received [4d 8h]
UDF1 received [5c 2c]
The_1__Gamblers raises to 44
UDF1 folds
The_1__Gamblers awarded 20
UDF1 awarded -20

Round #108, UDF1 (-5304), The_1__Gamblers (5304)
UDF1 posts blind: 10
The_1__Gamblers posts blind: 20
UDF1 received [Ah Tc]
The_1__Gamblers received [5d Qh]
UDF1 calls
The_1__Gamblers checks
Flop [8h As Jd], UDF1 (20), The_1__Gamblers (20)
The_1__Gamblers bids 365
UDF1 bids 234
The_1__Gamblers won the auction and was revealed [Ah]
Flop [8h As Jd], UDF1 (20), The_1__Gamblers (254)
The_1__Gamblers checks
UDF1 bets 3508
The_1__Gamblers folds
UDF1 awarded 254
The_1__Gamblers awarded -254

Round #109, The_1__Gamblers (5050), UDF1 (-5050)
The_1__Gamblers posts blind: 10
UDF1 posts blind: 20
The_1__Gamblers received [As 6d]
UDF1 received [9c 4d]
The_1__Gamblers raises to 44
UDF1 folds
The_1__Gamblers awarded 20
UDF1 awarded -20

Round #110, UDF1 (-5070), The_1__Gamblers (5070)
UDF1 posts blind: 10
The_1__Gamblers posts blind: 20
UDF1 received [7h 9d]
The_1__Gamblers received [Qh 4d]
UDF1 raises to 2319
The_1__Gamblers calls
Flop [2d 5c 6c], UDF1 (2319), The_1__Gamblers (2319)
The_1__Gamblers bids 166
UDF1 bids 282
UDF1 won the auction and was revealed [Qh]
Flop [2d 5c 6c], UDF1 (2485), The_1__Gamblers (2319)
The_1__Gamblers checks
UDF1 checks
Turn [2d 5c 6c 5s], UDF1 (2485), The_1__Gamblers (2319)
The_1__Gamblers checks
UDF1 checks
River [2d 5c 6c 5s Ad], UDF1 (2485), The_1__Gamblers (2319)
The_1__Gamblers checks
UDF1 checks
UDF1 shows [7h 9d]
The_1__Gamblers shows [Qh 4d]
UDF1 awarded -2485
The_1__Gamblers awarded 2485

Round #111, The_1__Gamblers (7555), UDF1 (-7555)
The_1__Gamblers posts blind: 10
UDF1 posts blind: 20
The_1__Gamblers received [9c Tc]
UDF1 received [Qc As]
The_1__Gamblers raises to 44
UDF1 raises to 3967
The_1__Gamblers raises to 5000
UDF1 calls
Flop [3d Jd 6d], The_1__Gamblers (5000), UDF1 (5000)
UDF1 bids 0
The_1__Gamblers bids 0
The_1__Gamblers won the auction and was revealed [As]
UDF1 won the auction and was revealed [Tc]
Flop [3d Jd 6d], The_1__Gamblers (5000), UDF1 (5000)
UDF1 checks
The_1__Gamblers checks
Turn [3d Jd 6d Td], The_1__Gamblers (5000), UDF1 (5000)
UDF1 checks
The_1__Gamblers checks
River [3d Jd 6d Td 5h], The_1__Gamblers (5000), UDF1 (5000)
UDF1 checks
The_1__Gamblers checks
The_1__Gamblers shows [9c Tc]
UDF1 shows [Qc As]
The_1__Gamblers awarded 5000
UDF1 awarded -5000

Round #112, UDF1 (-12555), The_1__Gamblers (12555)
UDF1 posts blind: 10
The_1__Gamblers posts blind: 20
UDF1 received [2d Ah]
The_1__Gamblers received [Tc Th]
UDF1 folds
UDF1 awarded -10
The_1__Gamblers awarded 10

Round #113, The_1__Gamblers (12565), UDF1 (-12565)
The_1__Gamblers posts blind: 10
UDF1 posts blind: 20
The_1__Gamblers received [7c 3c]
UDF1 received [9s Ks]
The_1__Gamblers raises to 44
UDF1 raises to 2214
The_1__Gamblers raises to 4384
UDF1 folds
The_1__Gamblers awarded 2214
UDF1 awarded -2214

Round #114, UDF1 (-14779), The_1__Gamblers (14779)
UDF1 posts blind: 10
The_1__Gamblers posts blind: 20
UDF1 received [Td 7d]
The_1__Gamblers received [4c 6h]
UDF1 folds
UDF1 awarded -10
The_1__Gamblers awarded 10

Round #115, The_1__Gamblers (14789), UDF1 (-14789)
The_1__Gamblers posts blind: 10
UDF1 posts blind: 20
The_1__Gamblers received [Ts 5s]
UDF1 received [Kc Js]
The_1__Gamblers raises to 44
UDF1 raises to 2827
The_1__Gamblers raises to 5000
UDF1 calls
Flop [2d 5c Ad], The_1__Gamblers (5000), UDF1 (5000)
UDF1 bids 0
The_1__Gamblers bids 0
The_1__Gamblers won the auction and was revealed [Kc]
UDF1 won the auction and was revealed [Ts]
Flop [2d 5c Ad], The_1__Gamblers (5000), UDF1 (5000)
UDF1 checks
The_1__Gamblers checks
Turn [2d 5c Ad 4d], The_1__Gamblers (5000), UDF1 (5000)
UDF1 checks
The_1__Gamblers checks
River [2d 5c Ad 4d 6d], The_1__Gamblers (5000), UDF1 (5000)
UDF1 checks
The_1__Gamblers checks
The_1__Gamblers shows [Ts 5s]
UDF1 shows [Kc Js]
The_1__Gamblers awarded 5000
UDF1 awarded -5000

Round #116, UDF1 (-19789), The_1__Gamblers (19789)
UDF1 posts blind: 10
The_1__Gamblers posts blind: 20
UDF1 received [7c 9s]
The_1__Gamblers received [Qc 2d]
UDF1 folds
UDF1 awarded -10
The_1__Gamblers awarded 10

Round #117, The_1__Gamblers (19799), UDF1 (-19799)
The_1__Gamblers posts blind: 10
UDF1 posts blind: 20
The_1__Gamblers received [Jh 6s]
UDF1 received [5h 2c]
The_1__Gamblers raises to 44
UDF1 calls
Flop [9s 5d 4c], The_1__Gamblers (44), UDF1 (44)
UDF1 bids 277
The_1__Gamblers bids 263
UDF1 won the auction and was revealed [6s]
Flop [9s 5d 4c], The_1__Gamblers (44), UDF1 (307)
UDF1 bets 2379
The_1__Gamblers folds
The_1__Gamblers awarded -44
UDF1 awarded 44

Round #118, UDF1 (-19755), The_1__Gamblers (19755)
UDF1 posts blind: 10
The_1__Gamblers posts blind: 20
UDF1 received [6h 3s]
The_1__Gamblers received [Qs 2c]
UDF1 folds
UDF1 awarded -10
The_1__Gamblers awarded 10

Round #119, The_1__Gamblers (19765), UDF1 (-19765)
The_1__Gamblers posts blind: 10
UDF1 posts blind: 20
The_1__Gamblers received [Qs 6d]
UDF1 received [Jh 5h]
The_1__Gamblers raises to 44
UDF1 raises to 2394
The_1__Gamblers raises to 4744
UDF1 folds
The_1__Gamblers awarded 2394
UDF1 awarded -2394

Round #120, UDF1 (-22159), The_1__Gamblers (22159)
UDF1 posts blind: 10
The_1__Gamblers posts blind: 20
UDF1 received [5h Js]
The_1__Gamblers received [Kd 5d]
UDF1 raises to 2408
The_1__Gamblers calls
Flop [4h 2s 6d], UDF1 (2408), The_1__Gamblers (2408)
The_1__Gamblers bids 185
UDF1 bids 345
UDF1 won the auction and was revealed [Kd]
Flop [4h 2s 6d], UDF1 (2593), The_1__Gamblers (2408)
The_1__Gamblers checks
UDF1 checks
Turn [4h 2s 6d 9c], UDF1 (2593), The_1__Gamblers (2408)
The_1__Gamblers checks
UDF1 checks
River [4h 2s 6d 9c 9s], UDF1 (2593), The_1__Gamblers (2408)
The_1__Gamblers checks
UDF1 checks
UDF1 shows [5h Js]
The_1__Gamblers shows [Kd 5d]
UDF1 awarded -2593
The_1__Gamblers awarded 2593

Round #121, The_1__Gamblers (24752), UDF1 (-24752)
The_1__Gamblers posts blind: 10
UDF1 posts blind: 20
The_1__Gamblers received [Ts 4h]
UDF1 received [5h 3h]
The_1__Gamblers raises to 44
UDF1 folds
The_1__Gamblers awarded 20
UDF1 awarded -20

Round #122, UDF1 (-24772), The_1__Gamblers (24772)
UDF1 posts blind: 10
The_1__Gamblers posts blind: 20
UDF1 received [4s Qh]
The_1__Gamblers received [5h Ad]
UDF1 folds
UDF1 awarded -10
The_1__Gamblers awarded 10

Round #123, The_1__Gamblers (24782), UDF1 (-24782)
The_1__Gamblers posts blind: 10
UDF1 posts blind: 20
The_1__Gamblers received [6s 8h]
UDF1 received [6c 4s]
The_1__Gamblers raises to 44
UDF1 folds
The_1__Gamblers awarded 20
UDF1 awarded -20

Round #124, UDF1 (-24802), The_1__Gamblers (24802)
UDF1 posts blind: 10
The_1__Gamblers posts blind: 20
UDF1 received [Ac 5c]
The_1__Gamblers received [Qh 6d]
UDF1 calls
The_1__Gamblers checks
Flop [3d Kh Td], UDF1 (20), The_1__Gamblers (20)
The_1__Gamblers bids 365
UDF1 bids 254
The_1__Gamblers won the auction and was revealed [Ac]
Flop [3d Kh Td], UDF1 (20), The_1__Gamblers (274)
The_1__Gamblers checks
UDF1 checks
Turn [3d Kh Td 2s], UDF1 (20), The_1__Gamblers (274)
The_1__Gamblers checks
UDF1 checks
River [3d Kh Td 2s Ad], UDF1 (20), The_1__Gamblers (274)
The_1__Gamblers checks
UDF1 bets 4533
The_1__Gamblers folds
UDF1 awarded 274
The_1__Gamblers awarded -274

Round #125, The_1__Gamblers (24528), UDF1 (-24528)
The_1__Gamblers posts blind: 10
UDF1 posts blind: 20
The_1__Gamblers received [9d 3c]
UDF1 received [3h Jd]
The_1__Gamblers calls
UDF1 checks
Flop [Qs Td 9c], The_1__Gamblers (20), UDF1 (20)
UDF1 bids 288
The_1__Gamblers bids 340
The_1__Gamblers won the auction and was revealed [Jd]
Flop [Qs Td 9c], The_1__Gamblers (308), UDF1 (20)
UDF1 checks
The_1__Gamblers bets 108
UDF1 calls
Turn [Qs Td 9c Kd], The_1__Gamblers (416), UDF1 (128)
UDF1 bets 3271
The_1__Gamblers calls
River [Qs Td 9c Kd 8s], The_1__Gamblers (3687), UDF1 (3399)
UDF1 bets 1194
The_1__Gamblers raises to 1313
UDF1 calls
The_1__Gamblers shows [9d 3c]
UDF1 shows [3h Jd]
The_1__Gamblers awarded -5000
UDF1 awarded 5000

Round #126, UDF1 (-19528), The_1__Gamblers (19528)
UDF1 posts blind: 10
The_1__Gamblers posts blind: 20
UDF1 received [Qs 8c]
The_1__Gamblers received [7s Ks]
UDF1 folds
UDF1 awarded -10
The_1__Gamblers awarded 10

Round #127, The_1__Gamblers (19538), UDF1 (-19538)
The_1__Gamblers posts blind: 10
UDF1 posts blind: 20
The_1__Gamblers received [3h 7h]
UDF1 received [4d Kh]
The_1__Gamblers raises to 44
UDF1 folds
The_1__Gamblers awarded 20
UDF1 awarded -20

Round #128, UDF1 (-19558), The_1__Gamblers (19558)
UDF1 posts blind: 10
The_1__Gamblers posts blind: 20
UDF1 received [9h Tc]
The_1__Gamblers received [Qs 5c]
UDF1 raises to 2800
The_1__Gamblers calls
Flop [Jd 5s 7s], UDF1 (2800), The_1__Gamblers (2800)
The_1__Gamblers bids 137
UDF1 bids 472
UDF1 won the auction and was revealed [5c]
Flop [Jd 5s 7s], UDF1 (2937), The_1__Gamblers (2800)
The_1__Gamblers bets 2063
UDF1 calls
Turn [Jd 5s 7s 3h], UDF1 (5000), The_1__Gamblers (4863)
The_1__Gamblers checks
UDF1 checks
River [Jd 5s 7s 3h 4s], UDF1 (5000), The_1__Gamblers (4863)
The_1__Gamblers checks
UDF1 checks
UDF1 shows [9h Tc]
The_1__Gamblers shows [Qs 5c]
UDF1 awarded -5000
The_1__Gamblers awarded 5000

Round #129, The_1__Gamblers (24558), UDF1 (-24558)
The_1__Gamblers posts blind: 10
UDF1 posts blind: 20
The_1__Gamblers received [6h 7h]
UDF1 received [Ac 7d]
The_1__Gamblers raises to 44
UDF1 folds
The_1__Gamblers awarded 20
UDF1 awarded -20

Round #130, UDF1 (-24578), The_1__Gamblers (24578)
UDF1 posts blind: 10
The_1__Gamblers posts blind: 20
UDF1 received [8c 2h]
The_1__Gamblers received [5c 5h]
UDF1 calls
The_1__Gamblers checks
Flop [4c 2c 9h], UDF1 (20), The_1__Gamblers (20)
The_1__Gamblers bids 223
UDF1 bids 165
The_1__Gamblers won the auction and was revealed [2h]
Flop [4c 2c 9h], UDF1 (20), The_1__Gamblers (185)
The_1__Gamblers bets 256
UDF1 calls
Turn [4c 2c 9h 3s], UDF1 (276), The_1__Gamblers (441)
The_1__Gamblers bets 430
UDF1 calls
River [4c 2c 9h 3s Jh], UDF1 (706), The_1__Gamblers (871)
The_1__Gamblers bets 946
UDF1 calls
UDF1 shows [8c 2h]
The_1__Gamblers shows [5c 5h]
UDF1 awarded -1652
The_1__Gamblers awarded 1652

Round #131, The_1__Gamblers (26230), UDF1 (-26230)
The_1__Gamblers posts blind: 10
UDF1 posts blind: 20
The_1__Gamblers received [3c 7s]
UDF1 received [3d Kd]
The_1__Gamblers raises to 44
UDF1 folds
The_1__Gamblers awarded 20
UDF1 awarded -20

Round #132, UDF1 (-26250), The_1__Gamblers (26250)
UDF1 posts blind: 10
The_1__Gamblers posts blind: 20
UDF1 received [9s 8s]
The_1__Gamblers received [6h 4h]
UDF1 raises to 3107
The_1__Gamblers calls
Flop [Jd Qs As], UDF1 (3107), The_1__Gamblers (3107)
The_1__Gamblers bids 52
UDF1 bids 275
UDF1 won the auction and was revealed [6h]
Flop [Jd Qs As], UDF1 (3159), The_1__Gamblers (3107)
The_1__Gamblers checks
UDF1 bets 1689
The_1__Gamblers folds
UDF1 awarded 3107
The_1__Gamblers awarded -3107

Round #133, The_1__Gamblers (23143), UDF1 (-23143)
The_1__Gamblers posts blind: 10
UDF1 posts blind: 20
The_1__Gamblers received [Qh Jc]
UDF1 received [7h 7d]
The_1__Gamblers raises to 44
UDF1 raises to 2855
The_1__Gamblers raises to 5000
UDF1 calls
Flop [6c 9d 9h], The_1__Gamblers (5000), UDF1 (5000)
UDF1 bids 0
The_1__Gamblers bids 0
The_1__Gamblers won the auction and was revealed [7d]
UDF1 won the auction and was revealed [Qh]
Flop [6c 9d 9h], The_1__Gamblers (5000), UDF1 (5000)
UDF1 checks
The_1__Gamblers checks
Turn [6c 9d 9h 5d], The_1__Gamblers (5000), UDF1 (5000)
UDF1 checks
The_1__Gamblers checks
River [6c 9d 9h 5d 2c], The_1__Gamblers (5000), UDF1 (5000)
UDF1 checks
The_1__Gamblers checks
The_1__Gamblers shows [Qh Jc]
UDF1 shows [7h 7d]
The_1__Gamblers awarded -5000
UDF1 awarded 5000

Round #134, UDF1 (-18143), The_1__Gamblers (18143)
UDF1 posts blind: 10
The_1__Gamblers posts blind: 20
UDF1 received [Qd 7d]
The_1__Gamblers received [Qs Ah]
UDF1 raises to 2279
The_1__Gamblers calls
Flop [2d 2s 8d], UDF1 (2279), The_1__Gamblers (2279)
The_1__Gamblers bids 162
UDF1 bids 340
UDF1 won the auction and was revealed [Qs]
Flop [2d 2s 8d], UDF1 (2441), The_1__Gamblers (2279)
The_1__Gamblers bets 2559
UDF1 calls
Turn [2d 2s 8d 6s], UDF1 (5000), The_1__Gamblers (4838)
The_1__Gamblers checks
UDF1 checks
River [2d 2s 8d 6s 2c], UDF1 (5000), The_1__Gamblers (4838)
The_1__Gamblers checks
UDF1 checks
UDF1 shows [Qd 7d]
The_1__Gamblers shows [Qs Ah]
UDF1 awarded -5000
The_1__Gamblers awarded 5000

Round #135, The_1__Gamblers (23143), UDF1 (-23143)
The_1__Gamblers posts blind: 10
UDF1 posts blind: 20
The_1__Gamblers received [6c Ah]
UDF1 received [6d 4d]
The_1__Gamblers raises to 44
UDF1 folds
The_1__Gamblers awarded 20
UDF1 awarded -20

Round #136, UDF1 (-23163), The_1__Gamblers (23163)
UDF1 posts blind: 10
The_1__Gamblers posts blind: 20
UDF1 received [Jc Ad]
The_1__Gamblers received [Ah 3c]
UDF1 raises to 4064
The_1__Gamblers calls
Flop [2h 4h 8s], UDF1 (4064), The_1__Gamblers (4064)
The_1__Gamblers bids 70
UDF1 bids 295
UDF1 won the auction and was revealed [Ah]
Flop [2h 4h 8s], UDF1 (4134), The_1__Gamblers (4064)
The_1__Gamblers bets 866
UDF1 calls
Turn [2h 4h 8s Jh], UDF1 (5000), The_1__Gamblers (4930)
The_1__Gamblers checks
UDF1 checks
River [2h 4h 8s Jh Qh], UDF1 (5000), The_1__Gamblers (4930)
The_1__Gamblers checks
UDF1 checks
UDF1 shows [Jc Ad]
The_1__Gamblers shows [Ah 3c]
UDF1 awarded -5000
The_1__Gamblers awarded 5000

Round #137, The_1__Gamblers (28163), UDF1 (-28163)
The_1__Gamblers posts blind: 10
UDF1 posts blind: 20
The_1__Gamblers received [Js 4s]
UDF1 received [Ad Qc]
The_1__Gamblers raises to 44
UDF1 raises to 4319
The_1__Gamblers raises to 5000
UDF1 calls
Flop [2h Ks 7s], The_1__Gamblers (5000), UDF1 (5000)
UDF1 bids 0
The_1__Gamblers bids 0
The_1__Gamblers won the auction and was revealed [Qc]
UDF1 won the auction and was revealed [4s]
Flop [2h Ks 7s], The_1__Gamblers (5000), UDF1 (5000)
UDF1 checks
The_1__Gamblers checks
Turn [2h Ks 7s Ac], The_1__Gamblers (5000), UDF1 (5000)
UDF1 checks
The_1__Gamblers checks
River [2h Ks 7s Ac 9c], The_1__Gamblers (5000), UDF1 (5000)
UDF1 checks
The_1__Gamblers checks
The_1__Gamblers shows [Js 4s]
UDF1 shows [Ad Qc]
The_1__Gamblers awarded -5000
UDF1 awarded 5000

Round #138, UDF1 (-23163), The_1__Gamblers (23163)
UDF1 posts blind: 10
The_1__Gamblers posts blind: 20
UDF1 received [4h 4s]
The_1__Gamblers received [7d 6c]
UDF1 raises to 2848
The_1__Gamblers calls
Flop [3c Qs Jd], UDF1 (2848), The_1__Gamblers (2848)
The_1__Gamblers bids 65
UDF1 bids 719
UDF1 won the auction and was revealed [7d]
Flop [3c Qs Jd], UDF1 (2913), The_1__Gamblers (2848)
The_1__Gamblers checks
UDF1 bets 1710
The_1__Gamblers folds
UDF1 awarded 2848
The_1__Gamblers awarded -2848

Round #139, The_1__Gamblers (20315), UDF1 (-20315)
The_1__Gamblers posts blind: 10
UDF1 posts blind: 20
The_1__Gamblers received [Jh 8c]
UDF1 received [3d 6s]
The_1__Gamblers raises to 44
UDF1 folds
The_1__Gamblers awarded 20
UDF1 awarded -20

Round #140, UDF1 (-20335), The_1__Gamblers (20335)
UDF1 posts blind: 10
The_1__Gamblers posts blind: 20
UDF1 received [4d Ts]
The_1__Gamblers received [Ks 9d]
UDF1 folds
UDF1 awarded -10
The_1__Gamblers awarded 10

Round #141, The_1__Gamblers (20345), UDF1 (-20345)
The_1__Gamblers posts blind: 10
UDF1 posts blind: 20
The_1__Gamblers received [Th 9h]
UDF1 received [2c Ah]
The_1__Gamblers raises to 44
UDF1 folds
The_1__Gamblers awarded 20
UDF1 awarded -20

Round #142, UDF1 (-20365), The_1__Gamblers (20365)
UDF1 posts blind: 10
The_1__Gamblers posts blind: 20
UDF1 received [Jd Td]
The_1__Gamblers received [7d 6c]
UDF1 raises to 2941
The_1__Gamblers calls
Flop [As 8c 2d], UDF1 (2941), The_1__Gamblers (2941)
The_1__Gamblers bids 62
UDF1 bids 417
UDF1 won the auction and was revealed [7d]
Flop [As 8c 2d], UDF1 (3003), The_1__Gamblers (2941)
The_1__Gamblers checks
UDF1 bets 1763
The_1__Gamblers folds
UDF1 awarded 2941
The_1__Gamblers awarded -2941

Round #143, The_1__Gamblers (17424), UDF1 (-17424)
The_1__Gamblers posts blind: 10
UDF1 posts blind: 20
The_1__Gamblers received [As Qh]
UDF1 received [Tc 5c]
The_1__Gamblers raises to 44
UDF1 folds
The_1__Gamblers awarded 20
UDF1 awarded -20

Round #144, UDF1 (-17444), The_1__Gamblers (17444)
UDF1 posts blind: 10
The_1__Gamblers posts blind: 20
UDF1 received [8s Th]
The_1__Gamblers received [5s 5d]
UDF1 raises to 2185
The_1__Gamblers calls
Flop [Kh Jh 3s], UDF1 (2185), The_1__Gamblers (2185)
The_1__Gamblers bids 171
UDF1 bids 154
The_1__Gamblers won the auction and was revealed [8s]
Flop [Kh Jh 3s], UDF1 (2185), The_1__Gamblers (2339)
The_1__Gamblers bets 2661
UDF1 calls
Turn [Kh Jh 3s 8d], UDF1 (4846), The_1__Gamblers (5000)
The_1__Gamblers checks
UDF1 checks
River [Kh Jh 3s 8d 2h], UDF1 (4846), The_1__Gamblers (5000)
The_1__Gamblers checks
UDF1 checks
UDF1 shows [8s Th]
The_1__Gamblers shows [5s 5d]
UDF1 awarded 5000
The_1__Gamblers awarded -5000

Round #145, The_1__Gamblers (12444), UDF1 (-12444)
The_1__Gamblers posts blind: 10
UDF1 posts blind: 20
The_1__Gamblers received [7d 2s]
UDF1 received [8s Kd]
The_1__Gamblers calls
UDF1 checks
Flop [Ts 5c Tc], The_1__Gamblers (20), UDF1 (20)
UDF1 bids 0
The_1__Gamblers bids 112
The_1__Gamblers won the auction and was revealed [8s]
Flop [Ts 5c Tc], The_1__Gamblers (20), UDF1 (20)
UDF1 checks
The_1__Gamblers checks
Turn [Ts 5c Tc Jh], The_1__Gamblers (20), UDF1 (20)
UDF1 checks
The_1__Gamblers checks
River [Ts 5c Tc Jh 9d], The_1__Gamblers (20), UDF1 (20)
UDF1 checks
The_1__Gamblers checks
The_1__Gamblers shows [7d 2s]
UDF1 shows [8s Kd]
The_1__Gamblers awarded -20
UDF1 awarded 20

Round #146, UDF1 (-12424), The_1__Gamblers (12424)
UDF1 posts blind: 10
The_1__Gamblers posts blind: 20
UDF1 received [7s As]
The_1__Gamblers received [2h Qh]
UDF1 raises to 2689
The_1__Gamblers calls
Flop [Js 2c 7d], UDF1 (2689), The_1__Gamblers (2689)
The_1__Gamblers bids 148
UDF1 bids 255
UDF1 won the auction and was revealed [Qh]
Flop [Js 2c 7d], UDF1 (2837), The_1__Gamblers (2689)
The_1__Gamblers bets 2163
UDF1 calls
Turn [Js 2c 7d Jc], UDF1 (5000), The_1__Gamblers (4852)
The_1__Gamblers checks
UDF1 checks
River [Js 2c 7d Jc 5d], UDF1 (5000), The_1__Gamblers (4852)
The_1__Gamblers checks
UDF1 checks
UDF1 shows [7s As]
The_1__Gamblers shows [2h Qh]
UDF1 awarded 4852
The_1__Gamblers awarded -4852

Round #147, The_1__Gamblers (7572), UDF1 (-7572)
The_1__Gamblers posts blind: 10
UDF1 posts blind: 20
The_1__Gamblers received [7d Ac]
UDF1 received [Th Ks]
The_1__Gamblers raises to 44
UDF1 folds
The_1__Gamblers awarded 20
UDF1 awarded -20

Round #148, UDF1 (-7592), The_1__Gamblers (7592)
UDF1 posts blind: 10
The_1__Gamblers posts blind: 20
UDF1 received [5c Ac]
The_1__Gamblers received [Td Kc]
UDF1 raises to 3068
The_1__Gamblers calls
Flop [7c Js 6s], UDF1 (3068), The_1__Gamblers (3068)
The_1__Gamblers bids 143
UDF1 bids 282
UDF1 won the auction and was revealed [Td]
Flop [7c Js 6s], UDF1 (3211), The_1__Gamblers (3068)
The_1__Gamblers bets 1789
UDF1 calls
Turn [7c Js 6s 4h], UDF1 (5000), The_1__Gamblers (4857)
The_1__Gamblers checks
UDF1 checks
River [7c Js 6s 4h 8s], UDF1 (5000), The_1__Gamblers (4857)
The_1__Gamblers checks
UDF1 checks
UDF1 shows [5c Ac]
The_1__Gamblers shows [Td Kc]
UDF1 awarded 4857
The_1__Gamblers awarded -4857

Round #149, The_1__Gamblers (2735), UDF1 (-2735)
The_1__Gamblers posts blind: 10
UDF1 posts blind: 20
The_1__Gamblers received [8s 2s]
UDF1 received [2c Kc]
The_1__Gamblers raises to 44
UDF1 folds
The_1__Gamblers awarded 20
UDF1 awarded -20

Round #150, UDF1 (-2755), The_1__Gamblers (2755)
UDF1 posts blind: 10
The_1__Gamblers posts blind: 20
UDF1 received [Qh 8c]
The_1__Gamblers received [3d 8d]
UDF1 raises to 2226
The_1__Gamblers calls
Flop [7d 9s 4h], UDF1 (2226), The_1__Gamblers (2226)
The_1__Gamblers bids 70
UDF1 bids 274
UDF1 won the auction and was revealed [3d]
Flop [7d 9s 4h], UDF1 (2296), The_1__Gamblers (2226)
The_1__Gamblers checks
UDF1 checks
Turn [7d 9s 4h 6c], UDF1 (2296), The_1__Gamblers (2226)
The_1__Gamblers checks
UDF1 checks
River [7d 9s 4h 6c 4d], UDF1 (2296), The_1__Gamblers (2226)
The_1__Gamblers checks
UDF1 checks
UDF1 shows [Qh 8c]
The_1__Gamblers shows [3d 8d]
UDF1 awarded 2226
The_1__Gamblers awarded -2226

Round #151, The_1__Gamblers (529), UDF1 (-529)
The_1__Gamblers posts blind: 10
UDF1 posts blind: 20
The_1__Gamblers received [6h As]
UDF1 received [Td 4h]
The_1__Gamblers raises to 44
UDF1 folds
The_1__Gamblers awarded 20
UDF1 awarded -20

Round #152, UDF1 (-549), The_1__Gamblers (549)
UDF1 posts blind: 10
The_1__Gamblers posts blind: 20
UDF1 received [Qd 9h]
The_1__Gamblers received [Qc 4h]
UDF1 folds
UDF1 awarded -10
The_1__Gamblers awarded 10

Round #153, The_1__Gamblers (559), UDF1 (-559)
The_1__Gamblers posts blind: 10
UDF1 posts blind: 20
The_1__Gamblers received [7h 4c]
UDF1 received [4s Qd]
The_1__Gamblers raises to 44
UDF1 raises to 2391
The_1__Gamblers raises to 4738
UDF1 folds
The_1__Gamblers awarded 2391
UDF1 awarded -2391

Round #154, UDF1 (-2950), The_1__Gamblers (2950)
UDF1 posts blind: 10
The_1__Gamblers posts blind: 20
UDF1 received [3s Qs]
The_1__Gamblers received [6c 7h]
UDF1 folds
UDF1 awarded -10
The_1__Gamblers awarded 10

Round #155, The_1__Gamblers (2960), UDF1 (-2960)
The_1__Gamblers posts blind: 10
UDF1 posts blind: 20
The_1__Gamblers received [3s Tc]
UDF1 received [Jh 8d]
The_1__Gamblers calls
UDF1 checks
Flop [8s Qh 7c], The_1__Gamblers (20), UDF1 (20)
UDF1 bids 247
The_1__Gamblers bids 255
The_1__Gamblers won the auction and was revealed [8d]
Flop [8s Qh 7c], The_1__Gamblers (267), UDF1 (20)
UDF1 bets 3468
The_1__Gamblers folds
The_1__Gamblers awarded -267
UDF1 awarded 267

Round #156, UDF1 (-2693), The_1__Gamblers (2693)
UDF1 posts blind: 10
The_1__Gamblers posts blind: 20
UDF1 received [Ks 6d]
The_1__Gamblers received [As 4c]
UDF1 folds
UDF1 awarded -10
The_1__Gamblers awarded 10

Round #157, The_1__Gamblers (2703), UDF1 (-2703)
The_1__Gamblers posts blind: 10
UDF1 posts blind: 20
The_1__Gamblers received [7h Tc]
UDF1 received [Qh 2d]
The_1__Gamblers raises to 44
UDF1 folds
The_1__Gamblers awarded 20
UDF1 awarded -20

Round #158, UDF1 (-2723), The_1__Gamblers (2723)
UDF1 posts blind: 10
The_1__Gamblers posts blind: 20
UDF1 received [8d 3d]
The_1__Gamblers received [6d 6s]
UDF1 calls
The_1__Gamblers checks
Flop [Ks Ts 5h], UDF1 (20), The_1__Gamblers (20)
The_1__Gamblers bids 299
UDF1 bids 237
The_1__Gamblers won the auction and was revealed [8d]
Flop [Ks Ts 5h], UDF1 (20), The_1__Gamblers (257)
The_1__Gamblers bets 166
UDF1 folds
UDF1 awarded -20
The_1__Gamblers awarded 20

Round #159, The_1__Gamblers (2743), UDF1 (-2743)
The_1__Gamblers posts blind: 10
UDF1 posts blind: 20
The_1__Gamblers received [2h 7s]
UDF1 received [Ah As]
The_1__Gamblers calls
UDF1 raises to 4410
The_1__Gamblers calls
Flop [4h 3c 5d], The_1__Gamblers (4410), UDF1 (4410)
UDF1 bids 214
The_1__Gamblers bids 0
UDF1 won the auction and was revealed [2h]
Flop [4h 3c 5d], The_1__Gamblers (4410), UDF1 (4410)
UDF1 bets 534
The_1__Gamblers folds
The_1__Gamblers awarded -4410
UDF1 awarded 4410

Round #160, UDF1 (1667), The_1__Gamblers (-1667)
UDF1 posts blind: 10
The_1__Gamblers posts blind: 20
UDF1 received [Ks 2c]
The_1__Gamblers received [2h 5c]
UDF1 folds
UDF1 awarded -10
The_1__Gamblers awarded 10

Round #161, The_1__Gamblers (-1657), UDF1 (1657)
The_1__Gamblers posts blind: 10
UDF1 posts blind: 20
The_1__Gamblers received [7s Ts]
UDF1 received [4h Kh]
The_1__Gamblers raises to 44
UDF1 folds
The_1__Gamblers awarded 20
UDF1 awarded -20

Round #162, UDF1 (1637), The_1__Gamblers (-1637)
UDF1 posts blind: 10
The_1__Gamblers posts blind: 20
UDF1 received [Ks Qh]
The_1__Gamblers received [Ac Qc]
UDF1 raises to 4024
The_1__Gamblers raises to 5000
UDF1 calls
Flop [9h 5d 7s], UDF1 (5000), The_1__Gamblers (5000)
The_1__Gamblers bids 0
UDF1 bids 0
UDF1 won the auction and was revealed [Qc]
The_1__Gamblers won the auction and was revealed [Ks]
Flop [9h 5d 7s], UDF1 (5000), The_1__Gamblers (5000)
The_1__Gamblers checks
UDF1 checks
Turn [9h 5d 7s 8c], UDF1 (5000), The_1__Gamblers (5000)
The_1__Gamblers checks
UDF1 checks
River [9h 5d 7s 8c 5s], UDF1 (5000), The_1__Gamblers (5000)
The_1__Gamblers checks
UDF1 checks
UDF1 shows [Ks Qh]
The_1__Gamblers shows [Ac Qc]
UDF1 awarded -5000
The_1__Gamblers awarded 5000

Round #163, The_1__Gamblers (3363), UDF1 (-3363)
The_1__Gamblers posts blind: 10
UDF1 posts blind: 20
The_1__Gamblers received [7c 8s]
UDF1 received [4c 4d]
The_1__Gamblers raises to 44
UDF1 raises to 3131
The_1__Gamblers raises to 5000
UDF1 calls
Flop [5d 6c 5h], The_1__Gamblers (5000), UDF1 (5000)
UDF1 bids 0
The_1__Gamblers bids 0
The_1__Gamblers won the auction and was revealed [4c]
UDF1 won the auction and was revealed [8s]
Flop [5d 6c 5h], The_1__Gamblers (5000), UDF1 (5000)
UDF1 checks
The_1__Gamblers checks
Turn [5d 6c 5h Tc], The_1__Gamblers (5000), UDF1 (5000)
UDF1 checks
The_1__Gamblers checks
River [5d 6c 5h Tc Jd], The_1__Gamblers (5000), UDF1 (5000)
UDF1 checks
The_1__Gamblers checks
The_1__Gamblers shows [7c 8s]
UDF1 shows [4c 4d]
The_1__Gamblers awarded -5000
UDF1 awarded 5000

Round #164, UDF1 (1637), The_1__Gamblers (-1637)
UDF1 posts blind: 10
The_1__Gamblers posts blind: 20
UDF1 received [7d 9h]
The_1__Gamblers received [Kc Jd]
UDF1 raises to 2434
The_1__Gamblers calls
Flop [Ah 2c 8s], UDF1 (2434), The_1__Gamblers (2434)
The_1__Gamblers bids 186
UDF1 bids 245
UDF1 won the auction and was revealed [Jd]
Flop [Ah 2c 8s], UDF1 (2620), The_1__Gamblers (2434)
The_1__Gamblers bets 1667
UDF1 folds
UDF1 awarded -2620
The_1__Gamblers awarded 2620

Round #165, The_1__Gamblers (983), UDF1 (-983)
The_1__Gamblers posts blind: 10
UDF1 posts blind: 20
The_1__Gamblers received [2h 9h]
UDF1 received [Jh Kd]
The_1__Gamblers raises to 44
UDF1 calls
Flop [3d Qd Jd], The_1__Gamblers (44), UDF1 (44)
UDF1 bids 286
The_1__Gamblers bids 231
UDF1 won the auction and was revealed [9h]
Flop [3d Qd Jd], The_1__Gamblers (44), UDF1 (275)
UDF1 bets 3822
The_1__Gamblers folds
The_1__Gamblers awarded -44
UDF1 awarded 44

Round #166, UDF1 (-939), The_1__Gamblers (939)
UDF1 posts blind: 10
The_1__Gamblers posts blind: 20
UDF1 received [Qh Jc]
The_1__Gamblers received [6c Js]
UDF1 raises to 3162
The_1__Gamblers calls
Flop [8h As 7c], UDF1 (3162), The_1__Gamblers (3162)
The_1__Gamblers bids 123
UDF1 bids 260
UDF1 won the auction and was revealed [Js]
Flop [8h As 7c], UDF1 (3285), The_1__Gamblers (3162)
The_1__Gamblers checks
UDF1 bets 1596
The_1__Gamblers raises to 1715
UDF1 calls
Turn [8h As 7c 5h], UDF1 (5000), The_1__Gamblers (4877)
The_1__Gamblers checks
UDF1 checks
River [8h As 7c 5h 2s], UDF1 (5000), The_1__Gamblers (4877)
The_1__Gamblers checks
UDF1 checks
UDF1 shows [Qh Jc]
The_1__Gamblers shows [6c Js]
UDF1 awarded 4877
The_1__Gamblers awarded -4877

Round #167, The_1__Gamblers (-3938), UDF1 (3938)
The_1__Gamblers posts blind: 10
UDF1 posts blind: 20
The_1__Gamblers received [2c 9d]
UDF1 received [8s Qh]
The_1__Gamblers calls
UDF1 checks
Flop [3d 9s Jd], The_1__Gamblers (20), UDF1 (20)
UDF1 bids 0
The_1__Gamblers bids 261
The_1__Gamblers won the auction and was revealed [8s]
Flop [3d 9s Jd], The_1__Gamblers (20), UDF1 (20)
UDF1 checks
The_1__Gamblers bets 24
UDF1 calls
Turn [3d 9s Jd 3s], The_1__Gamblers (44), UDF1 (44)
UDF1 checks
The_1__Gamblers bets 52
UDF1 calls
River [3d 9s Jd 3s Qc], The_1__Gamblers (96), UDF1 (96)
UDF1 bets 4557
The_1__Gamblers raises to 4904
UDF1 calls
The_1__Gamblers shows [2c 9d]
UDF1 shows [8s Qh]
The_1__Gamblers awarded -5000
UDF1 awarded 5000

Round #168, UDF1 (8938), The_1__Gamblers (-8938)
UDF1 posts blind: 10
The_1__Gamblers posts blind: 20
UDF1 received [9d Qc]
The_1__Gamblers received [Td 3c]
UDF1 calls
The_1__Gamblers checks
Flop [6h Ah Ac], UDF1 (20), The_1__Gamblers (20)
The_1__Gamblers bids 316
UDF1 bids 260
The_1__Gamblers won the auction and was revealed [Qc]
Flop [6h Ah Ac], UDF1 (20), The_1__Gamblers (280)
The_1__Gamblers checks
UDF1 checks
Turn [6h Ah Ac 3s], UDF1 (20), The_1__Gamblers (280)
The_1__Gamblers bets 99
UDF1 calls
River [6h Ah Ac 3s Th], UDF1 (119), The_1__Gamblers (379)
The_1__Gamblers bets 298
UDF1 calls
UDF1 shows [9d Qc]
The_1__Gamblers shows [Td 3c]
UDF1 awarded -417
The_1__Gamblers awarded 417

Round #169, The_1__Gamblers (-8521), UDF1 (8521)
The_1__Gamblers posts blind: 10
UDF1 posts blind: 20
The_1__Gamblers received [7c 8h]
UDF1 received [7d 5s]
The_1__Gamblers raises to 44
UDF1 folds
The_1__Gamblers awarded 20
UDF1 awarded -20

Round #170, UDF1 (8501), The_1__Gamblers (-8501)
UDF1 posts blind: 10
The_1__Gamblers posts blind: 20
UDF1 received [2h 9s]
The_1__Gamblers received [2s 4c]
UDF1 folds
UDF1 awarded -10
The_1__Gamblers awarded 10

Round #171, The_1__Gamblers (-8491), UDF1 (8491)
The_1__Gamblers posts blind: 10
UDF1 posts blind: 20
The_1__Gamblers received [Kd Jd]
UDF1 received [4s 8d]
The_1__Gamblers raises to 44
UDF1 folds
The_1__Gamblers awarded 20
UDF1 awarded -20

Round #172, UDF1 (8471), The_1__Gamblers (-8471)
UDF1 posts blind: 10
The_1__Gamblers posts blind: 20
UDF1 received [2s 8h]
The_1__Gamblers received [5d 6d]
UDF1 folds
UDF1 awarded -10
The_1__Gamblers awarded 10

Round #173, The_1__Gamblers (-8461), UDF1 (8461)
The_1__Gamblers posts blind: 10
UDF1 posts blind: 20
The_1__Gamblers received [7d 9c]
UDF1 received [2d 4h]
The_1__Gamblers raises to 44
UDF1 raises to 2446
The_1__Gamblers raises to 4848
UDF1 folds
The_1__Gamblers awarded 2446
UDF1 awarded -2446

Round #174, UDF1 (6015), The_1__Gamblers (-6015)
UDF1 posts blind: 10
The_1__Gamblers posts blind: 20
UDF1 received [Ts Ad]
The_1__Gamblers received [5d 5c]
UDF1 calls
The_1__Gamblers checks
Flop [Jc As 2c], UDF1 (20), The_1__Gamblers (20)
The_1__Gamblers bids 303
UDF1 bids 296
The_1__Gamblers won the auction and was revealed [Ts]
Flop [Jc As 2c], UDF1 (20), The_1__Gamblers (316)
The_1__Gamblers bets 201
UDF1 raises to 3699
The_1__Gamblers raises to 4684
UDF1 calls
Turn [Jc As 2c Jh], UDF1 (4704), The_1__Gamblers (5000)
The_1__Gamblers checks
UDF1 checks
River [Jc As 2c Jh Qs], UDF1 (4704), The_1__Gamblers (5000)
The_1__Gamblers checks
UDF1 checks
UDF1 shows [Ts Ad]
The_1__Gamblers shows [5d 5c]
UDF1 awarded 5000
The_1__Gamblers awarded -5000

Round #175, The_1__Gamblers (-11015), UDF1 (11015)
The_1__Gamblers posts blind: 10
UDF1 posts blind: 20
The_1__Gamblers received [Qs Kc]
UDF1 received [Jd 3c]
The_1__Gamblers raises to 44
UDF1 folds
The_1__Gamblers awarded 20
UDF1 awarded -20

Round #176, UDF1 (10995), The_1__Gamblers (-10995)
UDF1 posts blind: 10
The_1__Gamblers posts blind: 20
UDF1 received [3s Ac]
The_1__Gamblers received [6c Qs]
UDF1 raises to 2447
The_1__Gamblers calls
Flop [Th 2c 9h], UDF1 (2447), The_1__Gamblers (2447)
The_1__Gamblers bids 168
UDF1 bids 168
UDF1 won the auction and was revealed [Qs]
The_1__Gamblers won the auction and was revealed [Ac]
Flop [Th 2c 9h], UDF1 (2615), The_1__Gamblers (2615)
The_1__Gamblers checks
UDF1 checks
Turn [Th 2c 9h 8d], UDF1 (2615), The_1__Gamblers (2615)
The_1__Gamblers checks
UDF1 checks
River [Th 2c 9h 8d Kh], UDF1 (2615), The_1__Gamblers (2615)
The_1__Gamblers checks
UDF1 checks
UDF1 shows [3s Ac]
The_1__Gamblers shows [6c Qs]
UDF1 awarded 2615
The_1__Gamblers awarded -2615

Round #177, The_1__Gamblers (-13610), UDF1 (13610)
The_1__Gamblers posts blind: 10
UDF1 posts blind: 20
The_1__Gamblers received [3s Ac]
UDF1 received [Jh As]
The_1__Gamblers raises to 44
UDF1 raises to 4083
The_1__Gamblers raises to 5000
UDF1 calls
Flop [8h 2s 7c], The_1__Gamblers (5000), UDF1 (5000)
UDF1 bids 0
The_1__Gamblers bids 0
The_1__Gamblers won the auction and was revealed [As]
UDF1 won the auction and was revealed [3s]
Flop [8h 2s 7c], The_1__Gamblers (5000), UDF1 (5000)
UDF1 checks
The_1__Gamblers checks
Turn [8h 2s 7c 2h], The_1__Gamblers (5000), UDF1 (5000)
UDF1 checks
The_1__Gamblers checks
River [8h 2s 7c 2h 7s], The_1__Gamblers (5000), UDF1 (5000)
UDF1 checks
The_1__Gamblers checks
The_1__Gamblers shows [3s Ac]
UDF1 shows [Jh As]
The_1__Gamblers awarded 0
UDF1 awarded 0

Round #178, UDF1 (13610), The_1__Gamblers (-13610)
UDF1 posts blind: 10
The_1__Gamblers posts blind: 20
UDF1 received [Kd Ah]
The_1__Gamblers received [4c 5h]
UDF1 raises to 4467
The_1__Gamblers calls
Flop [7c 7s 7h], UDF1 (4467), The_1__Gamblers (4467)
The_1__Gamblers bids 9
UDF1 bids 267
UDF1 won the auction and was revealed [5h]
Flop [7c 7s 7h], UDF1 (4476), The_1__Gamblers (4467)
The_1__Gamblers checks
UDF1 bets 461
The_1__Gamblers calls
Turn [7c 7s 7h 3s], UDF1 (4937), The_1__Gamblers (4928)
The_1__Gamblers checks
UDF1 bets 58
The_1__Gamblers raises to 63
UDF1 calls
River [7c 7s 7h 3s 3h], UDF1 (5000), The_1__Gamblers (4991)
The_1__Gamblers checks
UDF1 checks
UDF1 shows [Kd Ah]
The_1__Gamblers shows [4c 5h]
UDF1 awarded -5
The_1__Gamblers awarded 5

Round #179, The_1__Gamblers (-13605), UDF1 (13605)
The_1__Gamblers posts blind: 10
UDF1 posts blind: 20
The_1__Gamblers received [3s 6c]
UDF1 received [Jd 7s]
The_1__Gamblers raises to 44
UDF1 folds
The_1__Gamblers awarded 20
UDF1 awarded -20

Round #180, UDF1 (13585), The_1__Gamblers (-13585)
UDF1 posts blind: 10
The_1__Gamblers posts blind: 20
UDF1 received [Kd 3d]
The_1__Gamblers received [As 9c]
UDF1 folds
UDF1 awarded -10
The_1__Gamblers awarded 10

Round #181, The_1__Gamblers (-13575), UDF1 (13575)
The_1__Gamblers posts blind: 10
UDF1 posts blind: 20
The_1__Gamblers received [4c 8s]
UDF1 received [8h Ah]
The_1__Gamblers raises to 44
UDF1 calls
Flop [Jc Qd 9c], The_1__Gamblers (44), UDF1 (44)
UDF1 bids 223
The_1__Gamblers bids 263
The_1__Gamblers won the auction and was revealed [8h]
Flop [Jc Qd 9c], The_1__Gamblers (267), UDF1 (44)
UDF1 checks
The_1__Gamblers checks
Turn [Jc Qd 9c Kh], The_1__Gamblers (267), UDF1 (44)
UDF1 checks
The_1__Gamblers checks
River [Jc Qd 9c Kh 9s], The_1__Gamblers (267), UDF1 (44)
UDF1 checks
The_1__Gamblers checks
The_1__Gamblers shows [4c 8s]
UDF1 shows [8h Ah]
The_1__Gamblers awarded -267
UDF1 awarded 267

Round #182, UDF1 (13842), The_1__Gamblers (-13842)
UDF1 posts blind: 10
The_1__Gamblers posts blind: 20
UDF1 received [6s Tc]
The_1__Gamblers received [Ts Ks]
UDF1 raises to 2294
The_1__Gamblers calls
Flop [8c Ad 6d], UDF1 (2294), The_1__Gamblers (2294)
The_1__Gamblers bids 198
UDF1 bids 404
UDF1 won the auction and was revealed [Ks]
Flop [8c Ad 6d], UDF1 (2492), The_1__Gamblers (2294)
The_1__Gamblers bets 1579
UDF1 raises to 2508
The_1__Gamblers calls
Turn [8c Ad 6d 4s], UDF1 (5000), The_1__Gamblers (4802)
The_1__Gamblers checks
UDF1 checks
River [8c Ad 6d 4s Kh], UDF1 (5000), The_1__Gamblers (4802)
The_1__Gamblers checks
UDF1 checks
UDF1 shows [6s Tc]
The_1__Gamblers shows [Ts Ks]
UDF1 awarded -5000
The_1__Gamblers awarded 5000

Round #183, The_1__Gamblers (-8842), UDF1 (8842)
The_1__Gamblers posts blind: 10
UDF1 posts blind: 20
The_1__Gamblers received [Jd 5c]
UDF1 received [4s 3h]
The_1__Gamblers raises to 44
UDF1 folds
The_1__Gamblers awarded 20
UDF1 awarded -20

Round #184, UDF1 (8822), The_1__Gamblers (-8822)
UDF1 posts blind: 10
The_1__Gamblers posts blind: 20
UDF1 received [Ks 8c]
The_1__Gamblers received [3h 4s]
UDF1 folds
UDF1 awarded -10
The_1__Gamblers awarded 10

Round #185, The_1__Gamblers (-8812), UDF1 (8812)
The_1__Gamblers posts blind: 10
UDF1 posts blind: 20
The_1__Gamblers received [Qd 5c]
UDF1 received [6h 4h]
The_1__Gamblers raises to 44
UDF1 raises to 2388
The_1__Gamblers raises to 4732
UDF1 folds
The_1__Gamblers awarded 2388
UDF1 awarded -2388

Round #186, UDF1 (6424), The_1__Gamblers (-6424)
UDF1 posts blind: 10
The_1__Gamblers posts blind: 20
UDF1 received [4d Qh]
The_1__Gamblers received [6h Qd]
UDF1 folds
UDF1 awarded -10
The_1__Gamblers awarded 10

Round #187, The_1__Gamblers (-6414), UDF1 (6414)
The_1__Gamblers posts blind: 10
UDF1 posts blind: 20
The_1__Gamblers received [8h Qc]
UDF1 received [6c Kd]
The_1__Gamblers raises to 44
UDF1 raises to 2285
The_1__Gamblers raises to 4526
UDF1 folds
The_1__Gamblers awarded 2285
UDF1 awarded -2285

Round #188, UDF1 (4129), The_1__Gamblers (-4129)
UDF1 posts blind: 10
The_1__Gamblers posts blind: 20
UDF1 received [Qd 3c]
The_1__Gamblers received [4d 3d]
UDF1 folds
UDF1 awarded -10
The_1__Gamblers awarded 10

Round #189, The_1__Gamblers (-4119), UDF1 (4119)
The_1__Gamblers posts blind: 10
UDF1 posts blind: 20
The_1__Gamblers received [7h 7d]
UDF1 received [9s Ac]
The_1__Gamblers raises to 44
UDF1 folds
The_1__Gamblers awarded 20
UDF1 awarded -20

Round #190, UDF1 (4099), The_1__Gamblers (-4099)
UDF1 posts blind: 10
The_1__Gamblers posts blind: 20
UDF1 received [Td Ac]
The_1__Gamblers received [7h 8s]
UDF1 calls
The_1__Gamblers checks
Flop [As 7d 4h], UDF1 (20), The_1__Gamblers (20)
The_1__Gamblers bids 242
UDF1 bids 228
The_1__Gamblers won the auction and was revealed [Ac]
Flop [As 7d 4h], UDF1 (20), The_1__Gamblers (248)
The_1__Gamblers bets 160
UDF1 raises to 3793
The_1__Gamblers raises to 4752
UDF1 calls
Turn [As 7d 4h Ts], UDF1 (4772), The_1__Gamblers (5000)
The_1__Gamblers checks
UDF1 checks
River [As 7d 4h Ts Qs], UDF1 (4772), The_1__Gamblers (5000)
The_1__Gamblers checks
UDF1 checks
UDF1 shows [Td Ac]
The_1__Gamblers shows [7h 8s]
UDF1 awarded 5000
The_1__Gamblers awarded -5000

Round #191, The_1__Gamblers (-9099), UDF1 (9099)
The_1__Gamblers posts blind: 10
UDF1 posts blind: 20
The_1__Gamblers received [9s Kd]
UDF1 received [5s Tc]
The_1__Gamblers raises to 44
UDF1 folds
The_1__Gamblers awarded 20
UDF1 awarded -20

Round #192, UDF1 (9079), The_1__Gamblers (-9079)
UDF1 posts blind: 10
The_1__Gamblers posts blind: 20
UDF1 received [2h 3s]
The_1__Gamblers received [Kd 9h]
UDF1 folds
UDF1 awarded -10
The_1__Gamblers awarded 10

Round #193, The_1__Gamblers (-9069), UDF1 (9069)
The_1__Gamblers posts blind: 10
UDF1 posts blind: 20
The_1__Gamblers received [2s 4c]
UDF1 received [6d 7d]
The_1__Gamblers raises to 44
UDF1 calls
Flop [5d Qs 4h], The_1__Gamblers (44), UDF1 (44)
UDF1 bids 226
The_1__Gamblers bids 340
The_1__Gamblers won the auction and was revealed [6d]
Flop [5d Qs 4h], The_1__Gamblers (270), UDF1 (44)
UDF1 checks
The_1__Gamblers bets 103
UDF1 calls
Turn [5d Qs 4h Jd], The_1__Gamblers (373), UDF1 (147)
UDF1 checks
The_1__Gamblers bets 171
UDF1 calls
River [5d Qs 4h Jd 9c], The_1__Gamblers (544), UDF1 (318)
UDF1 checks
The_1__Gamblers checks
The_1__Gamblers shows [2s 4c]
UDF1 shows [6d 7d]
The_1__Gamblers awarded 318
UDF1 awarded -318

Round #194, UDF1 (8751), The_1__Gamblers (-8751)
UDF1 posts blind: 10
The_1__Gamblers posts blind: 20
UDF1 received [7s Js]
The_1__Gamblers received [9s 6h]
UDF1 folds
UDF1 awarded -10
The_1__Gamblers awarded 10

Round #195, The_1__Gamblers (-8741), UDF1 (8741)
The_1__Gamblers posts blind: 10
UDF1 posts blind: 20
The_1__Gamblers received [5s Qh]
UDF1 received [6d 7d]
The_1__Gamblers raises to 44
UDF1 calls
Flop [5h 4c As], The_1__Gamblers (44), UDF1 (44)
UDF1 bids 246
The_1__Gamblers bids 238
UDF1 won the auction and was revealed [Qh]
Flop [5h 4c As], The_1__Gamblers (44), UDF1 (282)
UDF1 checks
The_1__Gamblers bets 195
UDF1 calls
Turn [5h 4c As 7c], The_1__Gamblers (239), UDF1 (477)
UDF1 bets 3011
The_1__Gamblers raises to 4523
UDF1 calls
River [5h 4c As 7c Jc], The_1__Gamblers (4762), UDF1 (5000)
UDF1 checks
The_1__Gamblers checks
The_1__Gamblers shows [5s Qh]
UDF1 shows [6d 7d]
The_1__Gamblers awarded -4762
UDF1 awarded 4762

Round #196, UDF1 (13503), The_1__Gamblers (-13503)
UDF1 posts blind: 10
The_1__Gamblers posts blind: 20
UDF1 received [5d 2s]
The_1__Gamblers received [5h 7h]
UDF1 raises to 2498
The_1__Gamblers calls
Flop [2h Qc Ad], UDF1 (2498), The_1__Gamblers (2498)
The_1__Gamblers bids 69
UDF1 bids 484
UDF1 won the auction and was revealed [5h]
Flop [2h Qc Ad], UDF1 (2567), The_1__Gamblers (2498)
The_1__Gamblers checks
UDF1 bets 2081
The_1__Gamblers folds
UDF1 awarded 2498
The_1__Gamblers awarded -2498

Round #197, The_1__Gamblers (-16001), UDF1 (16001)
The_1__Gamblers posts blind: 10
UDF1 posts blind: 20
The_1__Gamblers received [Ks 7c]
UDF1 received [As Ad]
The_1__Gamblers raises to 44
UDF1 raises to 4852
The_1__Gamblers raises to 5000
UDF1 calls
Flop [5c Jc Ah], The_1__Gamblers (5000), UDF1 (5000)
UDF1 bids 0
The_1__Gamblers bids 0
The_1__Gamblers won the auction and was revealed [Ad]
UDF1 won the auction and was revealed [7c]
Flop [5c Jc Ah], The_1__Gamblers (5000), UDF1 (5000)
UDF1 checks
The_1__Gamblers checks
Turn [5c Jc Ah Kd], The_1__Gamblers (5000), UDF1 (5000)
UDF1 checks
The_1__Gamblers checks
River [5c Jc Ah Kd 9s], The_1__Gamblers (5000), UDF1 (5000)
UDF1 checks
The_1__Gamblers checks
The_1__Gamblers shows [Ks 7c]
UDF1 shows [As Ad]
The_1__Gamblers awarded -5000
UDF1 awarded 5000

Round #198, UDF1 (21001), The_1__Gamblers (-21001)
UDF1 posts blind: 10
The_1__Gamblers posts blind: 20
UDF1 received [2c Ah]
The_1__Gamblers received [3d 2s]
UDF1 raises to 2194
The_1__Gamblers calls
Flop [5c Qc 9c], UDF1 (2194), The_1__Gamblers (2194)
The_1__Gamblers bids 3
UDF1 bids 284
UDF1 won the auction and was revealed [2s]
Flop [5c Qc 9c], UDF1 (2197), The_1__Gamblers (2194)
The_1__Gamblers checks
UDF1 bets 2533
The_1__Gamblers folds
UDF1 awarded 2194
The_1__Gamblers awarded -2194

Round #199, The_1__Gamblers (-23195), UDF1 (23195)
The_1__Gamblers posts blind: 10
UDF1 posts blind: 20
The_1__Gamblers received [Jd 8s]
UDF1 received [Ah 8h]
The_1__Gamblers raises to 44
UDF1 calls
Flop [Td 9s 6h], The_1__Gamblers (44), UDF1 (44)
UDF1 bids 245
The_1__Gamblers bids 280
The_1__Gamblers won the auction and was revealed [Ah]
Flop [Td 9s 6h], The_1__Gamblers (289), UDF1 (44)
UDF1 bets 2438
The_1__Gamblers folds
The_1__Gamblers awarded -289
UDF1 awarded 289

Round #200, UDF1 (23484), The_1__Gamblers (-23484)
UDF1 posts blind: 10
The_1__Gamblers posts blind: 20
UDF1 received [5s 6d]
The_1__Gamblers received [Ac 2h]
UDF1 folds
UDF1 awarded -10
The_1__Gamblers awarded 10

Round #201, The_1__Gamblers (-23474), UDF1 (23474)
The_1__Gamblers posts blind: 10
UDF1 posts blind: 20
The_1__Gamblers received [6c 2h]
UDF1 received [7c Jh]
The_1__Gamblers raises to 44
UDF1 folds
The_1__Gamblers awarded 20
UDF1 awarded -20

Round #202, UDF1 (23454), The_1__Gamblers (-23454)
UDF1 posts blind: 10
The_1__Gamblers posts blind: 20
UDF1 received [2h 5h]
The_1__Gamblers received [Kc 6s]
UDF1 raises to 2354
The_1__Gamblers calls
Flop [Kd 3s Ks], UDF1 (2354), The_1__Gamblers (2354)
The_1__Gamblers bids 25
UDF1 bids 228
UDF1 won the auction and was revealed [Kc]
Flop [Kd 3s Ks], UDF1 (2379), The_1__Gamblers (2354)
The_1__Gamblers bets 2621
UDF1 folds
UDF1 awarded -2379
The_1__Gamblers awarded 2379

Round #203, The_1__Gamblers (-21075), UDF1 (21075)
The_1__Gamblers posts blind: 10
UDF1 posts blind: 20
The_1__Gamblers received [2d Ad]
UDF1 received [8s 6d]
The_1__Gamblers raises to 44
UDF1 folds
The_1__Gamblers awarded 20
UDF1 awarded -20

Round #204, UDF1 (21055), The_1__Gamblers (-21055)
UDF1 posts blind: 10
The_1__Gamblers posts blind: 20
UDF1 received [8h Ah]
The_1__Gamblers received [4c 7c]
UDF1 calls
The_1__Gamblers checks
Flop [Kh 4d 5c], UDF1 (20), The_1__Gamblers (20)
The_1__Gamblers bids 330
UDF1 bids 262
The_1__Gamblers won the auction and was revealed [8h]
Flop [Kh 4d 5c], UDF1 (20), The_1__Gamblers (282)
The_1__Gamblers bets 181
UDF1 calls
Turn [Kh 4d 5c 7h], UDF1 (201), The_1__Gamblers (463)
The_1__Gamblers bets 830
UDF1 calls
River [Kh 4d 5c 7h Jc], UDF1 (1031), The_1__Gamblers (1293)
The_1__Gamblers bets 2905
UDF1 folds
UDF1 awarded -1031
The_1__Gamblers awarded 1031

Round #205, The_1__Gamblers (-20024), UDF1 (20024)
The_1__Gamblers posts blind: 10
UDF1 posts blind: 20
The_1__Gamblers received [Ks 6h]
UDF1 received [2h 4s]
The_1__Gamblers raises to 44
UDF1 folds
The_1__Gamblers awarded 20
UDF1 awarded -20

Round #206, UDF1 (20004), The_1__Gamblers (-20004)
UDF1 posts blind: 10
The_1__Gamblers posts blind: 20
UDF1 received [6h As]
The_1__Gamblers received [6d 6s]
UDF1 folds
UDF1 awarded -10
The_1__Gamblers awarded 10

Round #207, The_1__Gamblers (-19994), UDF1 (19994)
The_1__Gamblers posts blind: 10
UDF1 posts blind: 20
The_1__Gamblers received [Kc 8h]
UDF1 received [6h Th]
The_1__Gamblers raises to 44
UDF1 folds
The_1__Gamblers awarded 20
UDF1 awarded -20

Round #208, UDF1 (19974), The_1__Gamblers (-19974)
UDF1 posts blind: 10
The_1__Gamblers posts blind: 20
UDF1 received [Qh 3s]
The_1__Gamblers received [Ad Kc]
UDF1 raises to 2397
The_1__Gamblers raises to 4774
UDF1 folds
UDF1 awarded -2397
The_1__Gamblers awarded 2397

Round #209, The_1__Gamblers (-17577), UDF1 (17577)
The_1__Gamblers posts blind: 10
UDF1 posts blind: 20
The_1__Gamblers received [Kd Qd]
UDF1 received [Qs 5d]
The_1__Gamblers raises to 44
UDF1 folds
The_1__Gamblers awarded 20
UDF1 awarded -20

Round #210, UDF1 (17557), The_1__Gamblers (-17557)
UDF1 posts blind: 10
The_1__Gamblers posts blind: 20
UDF1 received [Ac Kh]
The_1__Gamblers received [Ah Jh]
UDF1 raises to 4417
The_1__Gamblers calls
Flop [9h 6c 7s], UDF1 (4417), The_1__Gamblers (4417)
The_1__Gamblers bids 43
UDF1 bids 216
UDF1 won the auction and was revealed [Jh]
Flop [9h 6c 7s], UDF1 (4460), The_1__Gamblers (4417)
The_1__Gamblers bets 540
UDF1 calls
Turn [9h 6c 7s 5c], UDF1 (5000), The_1__Gamblers (4957)
The_1__Gamblers checks
UDF1 checks
River [9h 6c 7s 5c 7c], UDF1 (5000), The_1__Gamblers (4957)
The_1__Gamblers checks
UDF1 checks
UDF1 shows [Ac Kh]
The_1__Gamblers shows [Ah Jh]
UDF1 awarded 4957
The_1__Gamblers awarded -4957

Round #211, The_1__Gamblers (-22514), UDF1 (22514)
The_1__Gamblers posts blind: 10
UDF1 posts blind: 20
The_1__Gamblers received [9s 2c]
UDF1 received [3c 7h]
The_1__Gamblers calls
UDF1 checks
Flop [8s As 5s], The_1__Gamblers (20), UDF1 (20)
UDF1 bids 290
The_1__Gamblers bids 278
UDF1 won the auction and was revealed [9s]
Flop [8s As 5s], The_1__Gamblers (20), UDF1 (298)
UDF1 checks
The_1__Gamblers checks
Turn [8s As 5s Jc], The_1__Gamblers (20), UDF1 (298)
UDF1 checks
The_1__Gamblers checks
River [8s As 5s Jc 4c], The_1__Gamblers (20), UDF1 (298)
UDF1 checks
The_1__Gamblers checks
The_1__Gamblers shows [9s 2c]
UDF1 shows [3c 7h]
The_1__Gamblers awarded 298
UDF1 awarded -298

Round #212, UDF1 (22216), The_1__Gamblers (-22216)
UDF1 posts blind: 10
The_1__Gamblers posts blind: 20
UDF1 received [3c 9s]
The_1__Gamblers received [4s 9d]
UDF1 folds
UDF1 awarded -10
The_1__Gamblers awarded 10

Round #213, The_1__Gamblers (-22206), UDF1 (22206)
The_1__Gamblers posts blind: 10
UDF1 posts blind: 20
The_1__Gamblers received [4s 5c]
UDF1 received [5s Ks]
The_1__Gamblers raises to 44
UDF1 folds
The_1__Gamblers awarded 20
UDF1 awarded -20

Round #214, UDF1 (22186), The_1__Gamblers (-22186)
UDF1 posts blind: 10
The_1__Gamblers posts blind: 20
UDF1 received [9c 7s]
The_1__Gamblers received [8h 9d]
UDF1 folds
UDF1 awarded -10
The_1__Gamblers awarded 10

Round #215, The_1__Gamblers (-22176), UDF1 (22176)
The_1__Gamblers posts blind: 10
UDF1 posts blind: 20
The_1__Gamblers received [Jh 8h]
UDF1 received [8s 6c]
The_1__Gamblers raises to 44
UDF1 folds
The_1__Gamblers awarded 20
UDF1 awarded -20

Round #216, UDF1 (22156), The_1__Gamblers (-22156)
UDF1 posts blind: 10
The_1__Gamblers posts blind: 20
UDF1 received [6h 2d]
The_1__Gamblers received [Kd Js]
UDF1 folds
UDF1 awarded -10
The_1__Gamblers awarded 10

Round #217, The_1__Gamblers (-22146), UDF1 (22146)
The_1__Gamblers posts blind: 10
UDF1 posts blind: 20
The_1__Gamblers received [7h 3s]
UDF1 received [Ks 9h]
The_1__Gamblers raises to 44
UDF1 folds
The_1__Gamblers awarded 20
UDF1 awarded -20

Round #218, UDF1 (22126), The_1__Gamblers (-22126)
UDF1 posts blind: 10
The_1__Gamblers posts blind: 20
UDF1 received [7s 6d]
The_1__Gamblers received [6c 6s]
UDF1 folds
UDF1 awarded -10
The_1__Gamblers awarded 10

Round #219, The_1__Gamblers (-22116), UDF1 (22116)
The_1__Gamblers posts blind: 10
UDF1 posts blind: 20
The_1__Gamblers received [7h 2c]
UDF1 received [2d Td]
The_1__Gamblers calls
UDF1 checks
Flop [5s Jc Qh], The_1__Gamblers (20), UDF1 (20)
UDF1 bids 235
The_1__Gamblers bids 112
UDF1 won the auction and was revealed [2c]
Flop [5s Jc Qh], The_1__Gamblers (20), UDF1 (132)
UDF1 checks
The_1__Gamblers checks
Turn [5s Jc Qh As], The_1__Gamblers (20), UDF1 (132)
UDF1 checks
The_1__Gamblers checks
River [5s Jc Qh As Qd], The_1__Gamblers (20), UDF1 (132)
UDF1 bets 4439
The_1__Gamblers folds
The_1__Gamblers awarded -20
UDF1 awarded 20

Round #220, UDF1 (22136), The_1__Gamblers (-22136)
UDF1 posts blind: 10
The_1__Gamblers posts blind: 20
UDF1 received [4s 2s]
The_1__Gamblers received [6h 3d]
UDF1 folds
UDF1 awarded -10
The_1__Gamblers awarded 10

Round #221, The_1__Gamblers (-22126), UDF1 (22126)
The_1__Gamblers posts blind: 10
UDF1 posts blind: 20
The_1__Gamblers received [8c Qh]
UDF1 received [Js Ks]
The_1__Gamblers raises to 44
UDF1 raises to 4000
The_1__Gamblers raises to 5000
UDF1 calls
Flop [5h 4d 5c], The_1__Gamblers (5000), UDF1 (5000)
UDF1 bids 0
The_1__Gamblers bids 0
The_1__Gamblers won the auction and was revealed [Ks]
UDF1 won the auction and was revealed [Qh]
Flop [5h 4d 5c], The_1__Gamblers (5000), UDF1 (5000)
UDF1 checks
The_1__Gamblers checks
Turn [5h 4d 5c 7d], The_1__Gamblers (5000), UDF1 (5000)
UDF1 checks
The_1__Gamblers checks
River [5h 4d 5c 7d 3s], The_1__Gamblers (5000), UDF1 (5000)
UDF1 checks
The_1__Gamblers checks
The_1__Gamblers shows [8c Qh]
UDF1 shows [Js Ks]
The_1__Gamblers awarded -5000
UDF1 awarded 5000

Round #222, UDF1 (27126), The_1__Gamblers (-27126)
UDF1 posts blind: 10
The_1__Gamblers posts blind: 20
UDF1 received [6s 6d]
The_1__Gamblers received [Kc 3d]
UDF1 calls
The_1__Gamblers checks
Flop [Qd 3h 5c], UDF1 (20), The_1__Gamblers (20)
The_1__Gamblers bids 313
UDF1 bids 241
The_1__Gamblers won the auction and was revealed [6d]
Flop [Qd 3h 5c], UDF1 (20), The_1__Gamblers (261)
The_1__Gamblers bets 168
UDF1 raises to 2768
The_1__Gamblers raises to 4739
UDF1 calls
Turn [Qd 3h 5c Tc], UDF1 (4759), The_1__Gamblers (5000)
The_1__Gamblers checks
UDF1 checks
River [Qd 3h 5c Tc 5h], UDF1 (4759), The_1__Gamblers (5000)
The_1__Gamblers checks
UDF1 checks
UDF1 shows [6s 6d]
The_1__Gamblers shows [Kc 3d]
UDF1 awarded 5000
The_1__Gamblers awarded -5000

Round #223, The_1__Gamblers (-32126), UDF1 (32126)
The_1__Gamblers posts blind: 10
UDF1 posts blind: 20
The_1__Gamblers received [6d 9s]
UDF1 received [Ks 3s]
The_1__Gamblers raises to 44
UDF1 folds
The_1__Gamblers awarded 20
UDF1 awarded -20

Round #224, UDF1 (32106), The_1__Gamblers (-32106)
UDF1 posts blind: 10
The_1__Gamblers posts blind: 20
UDF1 received [5c 6h]
The_1__Gamblers received [7c 4c]
UDF1 folds
UDF1 awarded -10
The_1__Gamblers awarded 10

Round #225, The_1__Gamblers (-32096), UDF1 (32096)
The_1__Gamblers posts blind: 10
UDF1 posts blind: 20
The_1__Gamblers received [Ts Js]
UDF1 received [As 2h]
The_1__Gamblers raises to 44
UDF1 raises to 2414
The_1__Gamblers raises to 4784
UDF1 folds
The_1__Gamblers awarded 2414
UDF1 awarded -2414

Round #226, UDF1 (29682), The_1__Gamblers (-29682)
UDF1 posts blind: 10
The_1__Gamblers posts blind: 20
UDF1 received [4c Ks]
The_1__Gamblers received [Jc Qh]
UDF1 folds
UDF1 awarded -10
The_1__Gamblers awarded 10

Round #227, The_1__Gamblers (-29672), UDF1 (29672)
The_1__Gamblers posts blind: 10
UDF1 posts blind: 20
The_1__Gamblers received [2h 4s]
UDF1 received [2s 5c]
The_1__Gamblers raises to 44
UDF1 raises to 2116
The_1__Gamblers raises to 4188
UDF1 folds
The_1__Gamblers awarded 2116
UDF1 awarded -2116

Round #228, UDF1 (27556), The_1__Gamblers (-27556)
UDF1 posts blind: 10
The_1__Gamblers posts blind: 20
UDF1 received [Ts Ks]
The_1__Gamblers received [Th Qs]
UDF1 calls
The_1__Gamblers checks
Flop [6d Jc 8d], UDF1 (20), The_1__Gamblers (20)
The_1__Gamblers bids 343
UDF1 bids 223
The_1__Gamblers won the auction and was revealed [Ts]
Flop [6d Jc 8d], UDF1 (20), The_1__Gamblers (243)
The_1__Gamblers checks
UDF1 checks
Turn [6d Jc 8d 6h], UDF1 (20), The_1__Gamblers (243)
The_1__Gamblers checks
UDF1 checks
River [6d Jc 8d 6h 3s], UDF1 (20), The_1__Gamblers (243)
The_1__Gamblers checks
UDF1 checks
UDF1 shows [Ts Ks]
The_1__Gamblers shows [Th Qs]
UDF1 awarded 243
The_1__Gamblers awarded -243

Round #229, The_1__Gamblers (-27799), UDF1 (27799)
The_1__Gamblers posts blind: 10
UDF1 posts blind: 20
The_1__Gamblers received [8s Kh]
UDF1 received [4c As]
The_1__Gamblers raises to 44
UDF1 folds
The_1__Gamblers awarded 20
UDF1 awarded -20

Round #230, UDF1 (27779), The_1__Gamblers (-27779)
UDF1 posts blind: 10
The_1__Gamblers posts blind: 20
UDF1 received [4c Kd]
The_1__Gamblers received [4s As]
UDF1 raises to 2248
The_1__Gamblers calls
Flop [9d 3d 4h], UDF1 (2248), The_1__Gamblers (2248)
The_1__Gamblers bids 124
UDF1 bids 487
UDF1 won the auction and was revealed [As]
Flop [9d 3d 4h], UDF1 (2372), The_1__Gamblers (2248)
The_1__Gamblers bets 2628
UDF1 calls
Turn [9d 3d 4h 6c], UDF1 (5000), The_1__Gamblers (4876)
The_1__Gamblers checks
UDF1 checks
River [9d 3d 4h 6c 8s], UDF1 (5000), The_1__Gamblers (4876)
The_1__Gamblers checks
UDF1 checks
UDF1 shows [4c Kd]
The_1__Gamblers shows [4s As]
UDF1 awarded -5000
The_1__Gamblers awarded 5000

Round #231, The_1__Gamblers (-22779), UDF1 (22779)
The_1__Gamblers posts blind: 10
UDF1 posts blind: 20
The_1__Gamblers received [Th Kc]
UDF1 received [8s 8c]
The_1__Gamblers raises to 44
UDF1 raises to 4246
The_1__Gamblers raises to 5000
UDF1 calls
Flop [2s Ac As], The_1__Gamblers (5000), UDF1 (5000)
UDF1 bids 0
The_1__Gamblers bids 0
The_1__Gamblers won the auction and was revealed [8c]
UDF1 won the auction and was revealed [Th]
Flop [2s Ac As], The_1__Gamblers (5000), UDF1 (5000)
UDF1 checks
The_1__Gamblers checks
Turn [2s Ac As 2d], The_1__Gamblers (5000), UDF1 (5000)
UDF1 checks
The_1__Gamblers checks
River [2s Ac As 2d Jd], The_1__Gamblers (5000), UDF1 (5000)
UDF1 checks
The_1__Gamblers checks
The_1__Gamblers shows [Th Kc]
UDF1 shows [8s 8c]
The_1__Gamblers awarded -5000
UDF1 awarded 5000

Round #232, UDF1 (27779), The_1__Gamblers (-27779)
UDF1 posts blind: 10
The_1__Gamblers posts blind: 20
UDF1 received [Ks 2c]
The_1__Gamblers received [7c 6s]
UDF1 folds
UDF1 awarded -10
The_1__Gamblers awarded 10

Round #233, The_1__Gamblers (-27769), UDF1 (27769)
The_1__Gamblers posts blind: 10
UDF1 posts blind: 20
The_1__Gamblers received [Th 5c]
UDF1 received [Kd 6s]
The_1__Gamblers raises to 44
UDF1 folds
The_1__Gamblers awarded 20
UDF1 awarded -20

Round #234, UDF1 (27749), The_1__Gamblers (-27749)
UDF1 posts blind: 10
The_1__Gamblers posts blind: 20
UDF1 received [As 7s]
The_1__Gamblers received [7d Tc]
UDF1 calls
The_1__Gamblers checks
Flop [2c 2d 9h], UDF1 (20), The_1__Gamblers (20)
The_1__Gamblers bids 281
UDF1 bids 264
The_1__Gamblers won the auction and was revealed [7s]
Flop [2c 2d 9h], UDF1 (20), The_1__Gamblers (284)
The_1__Gamblers checks
UDF1 bets 2554
The_1__Gamblers folds
UDF1 awarded 284
The_1__Gamblers awarded -284

Round #235, The_1__Gamblers (-28033), UDF1 (28033)
The_1__Gamblers posts blind: 10
UDF1 posts blind: 20
The_1__Gamblers received [Ad 6s]
UDF1 received [8s 9h]
The_1__Gamblers raises to 44
UDF1 raises to 2696
The_1__Gamblers raises to 5000
UDF1 calls
Flop [7h 4d Js], The_1__Gamblers (5000), UDF1 (5000)
UDF1 bids 0
The_1__Gamblers bids 0
The_1__Gamblers won the auction and was revealed [9h]
UDF1 won the auction and was revealed [Ad]
Flop [7h 4d Js], The_1__Gamblers (5000), UDF1 (5000)
UDF1 checks
The_1__Gamblers checks
Turn [7h 4d Js Ac], The_1__Gamblers (5000), UDF1 (5000)
UDF1 checks
The_1__Gamblers checks
River [7h 4d Js Ac 2c], The_1__Gamblers (5000), UDF1 (5000)
UDF1 checks
The_1__Gamblers checks
The_1__Gamblers shows [Ad 6s]
UDF1 shows [8s 9h]
The_1__Gamblers awarded 5000
UDF1 awarded -5000

Round #236, UDF1 (23033), The_1__Gamblers (-23033)
UDF1 posts blind: 10
The_1__Gamblers posts blind: 20
UDF1 received [8d 2d]
The_1__Gamblers received [Qd 7h]
UDF1 folds
UDF1 awarded -10
The_1__Gamblers awarded 10

Round #237, The_1__Gamblers (-23023), UDF1 (23023)
The_1__Gamblers posts blind: 10
UDF1 posts blind: 20
The_1__Gamblers received [Tc 9h]
UDF1 received [Kh 9s]
The_1__Gamblers raises to 44
UDF1 raises to 2408
The_1__Gamblers raises to 4772
UDF1 folds
The_1__Gamblers awarded 2408
UDF1 awarded -2408

Round #238, UDF1 (20615), The_1__Gamblers (-20615)
UDF1 posts blind: 10
The_1__Gamblers posts blind: 20
UDF1 received [Ah 2c]
The_1__Gamblers received [7c 2s]
UDF1 raises to 2460
The_1__Gamblers calls
Flop [3d Td 9s], UDF1 (2460), The_1__Gamblers (2460)
The_1__Gamblers bids 57
UDF1 bids 259
UDF1 won the auction and was revealed [7c]
Flop [3d Td 9s], UDF1 (2517), The_1__Gamblers (2460)
The_1__Gamblers checks
UDF1 checks
Turn [3d Td 9s 3h], UDF1 (2517), The_1__Gamblers (2460)
The_1__Gamblers checks
UDF1 bets 1979
The_1__Gamblers folds
UDF1 awarded 2460
The_1__Gamblers awarded -2460

Round #239, The_1__Gamblers (-23075), UDF1 (23075)
The_1__Gamblers posts blind: 10
UDF1 posts blind: 20
The_1__Gamblers received [8d 2h]
UDF1 received [2c Ks]
The_1__Gamblers calls
UDF1 checks
Flop [3c Kh Jc], The_1__Gamblers (20), UDF1 (20)
UDF1 bids 280
The_1__Gamblers bids 177
UDF1 won the auction and was revealed [8d]
Flop [3c Kh Jc], The_1__Gamblers (20), UDF1 (197)
UDF1 bets 3811
The_1__Gamblers folds
The_1__Gamblers awarded -20
UDF1 awarded 20

Round #240, UDF1 (23095), The_1__Gamblers (-23095)
UDF1 posts blind: 10
The_1__Gamblers posts blind: 20
UDF1 received [Td 7h]
The_1__Gamblers received [7s 9s]
UDF1 folds
UDF1 awarded -10
The_1__Gamblers awarded 10

Round #241, The_1__Gamblers (-23085), UDF1 (23085)
The_1__Gamblers posts blind: 10
UDF1 posts blind: 20
The_1__Gamblers received [Jc As]
UDF1 received [Ad 7c]
The_1__Gamblers raises to 44
UDF1 folds
The_1__Gamblers awarded 20
UDF1 awarded -20

Round #242, UDF1 (23065), The_1__Gamblers (-23065)
UDF1 posts blind: 10
The_1__Gamblers posts blind: 20
UDF1 received [5c 5d]
The_1__Gamblers received [8s 5h]
UDF1 raises to 3025
The_1__Gamblers calls
Flop [Qd Kd 8h], UDF1 (3025), The_1__Gamblers (3025)
The_1__Gamblers bids 127
UDF1 bids 470
UDF1 won the auction and was revealed [8s]
Flop [Qd Kd 8h], UDF1 (3152), The_1__Gamblers (3025)
The_1__Gamblers bets 1848
UDF1 folds
UDF1 awarded -3152
The_1__Gamblers awarded 3152

Round #243, The_1__Gamblers (-19913), UDF1 (19913)
The_1__Gamblers posts blind: 10
UDF1 posts blind: 20
The_1__Gamblers received [Kh 9s]
UDF1 received [3s Kc]
The_1__Gamblers raises to 44
UDF1 raises to 2362
The_1__Gamblers raises to 4680
UDF1 folds
The_1__Gamblers awarded 2362
UDF1 awarded -2362

Round #244, UDF1 (17551), The_1__Gamblers (-17551)
UDF1 posts blind: 10
The_1__Gamblers posts blind: 20
UDF1 received [6h Kc]
The_1__Gamblers received [8h 2c]
UDF1 folds
UDF1 awarded -10
The_1__Gamblers awarded 10

Round #245, The_1__Gamblers (-17541), UDF1 (17541)
The_1__Gamblers posts blind: 10
UDF1 posts blind: 20
The_1__Gamblers received [3d 2h]
UDF1 received [Kc Ks]
The_1__Gamblers raises to 44
UDF1 raises to 4660
The_1__Gamblers raises to 5000
UDF1 calls
Flop [3c 6s Qs], The_1__Gamblers (5000), UDF1 (5000)
UDF1 bids 0
The_1__Gamblers bids 0
The_1__Gamblers won the auction and was revealed [Kc]
UDF1 won the auction and was revealed [2h]
Flop [3c 6s Qs], The_1__Gamblers (5000), UDF1 (5000)
UDF1 checks
The_1__Gamblers checks
Turn [3c 6s Qs Td], The_1__Gamblers (5000), UDF1 (5000)
UDF1 checks
The_1__Gamblers checks
River [3c 6s Qs Td 4c], The_1__Gamblers (5000), UDF1 (5000)
UDF1 checks
The_1__Gamblers checks
The_1__Gamblers shows [3d 2h]
UDF1 shows [Kc Ks]
The_1__Gamblers awarded -5000
UDF1 awarded 5000

Round #246, UDF1 (22541), The_1__Gamblers (-22541)
UDF1 posts blind: 10
The_1__Gamblers posts blind: 20
UDF1 received [6c 2s]
The_1__Gamblers received [Jh Js]
UDF1 raises to 2338
The_1__Gamblers raises to 4656
UDF1 folds
UDF1 awarded -2338
The_1__Gamblers awarded 2338

Round #247, The_1__Gamblers (-20203), UDF1 (20203)
The_1__Gamblers posts blind: 10
UDF1 posts blind: 20
The_1__Gamblers received [9h 3s]
UDF1 received [Ks Ac]
The_1__Gamblers calls
UDF1 raises to 4843
The_1__Gamblers calls
Flop [Qh 5d Qc], The_1__Gamblers (4843), UDF1 (4843)
UDF1 bids 36
The_1__Gamblers bids 8
UDF1 won the auction and was revealed [9h]
Flop [Qh 5d Qc], The_1__Gamblers (4843), UDF1 (4851)
UDF1 bets 123
The_1__Gamblers raises to 149
UDF1 calls
Turn [Qh 5d Qc Kh], The_1__Gamblers (4992), UDF1 (5000)
UDF1 checks
The_1__Gamblers checks
River [Qh 5d Qc Kh 7d], The_1__Gamblers (4992), UDF1 (5000)
UDF1 checks
The_1__Gamblers checks
The_1__Gamblers shows [9h 3s]
UDF1 shows [Ks Ac]
The_1__Gamblers awarded -4992
UDF1 awarded 4992

Round #248, UDF1 (25195), The_1__Gamblers (-25195)
UDF1 posts blind: 10
The_1__Gamblers posts blind: 20
UDF1 received [Ac 2d]
The_1__Gamblers received [9h Ah]
UDF1 raises to 2233
The_1__Gamblers calls
Flop [6s Kc Kd], UDF1 (2233), The_1__Gamblers (2233)
The_1__Gamblers bids 173
UDF1 bids 397
UDF1 won the auction and was revealed [Ah]
Flop [6s Kc Kd], UDF1 (2406), The_1__Gamblers (2233)
The_1__Gamblers bets 2594
UDF1 folds
UDF1 awarded -2406
The_1__Gamblers awarded 2406

Round #249, The_1__Gamblers (-22789), UDF1 (22789)
The_1__Gamblers posts blind: 10
UDF1 posts blind: 20
The_1__Gamblers received [3c Ah]
UDF1 received [4h 8c]
The_1__Gamblers raises to 44
UDF1 folds
The_1__Gamblers awarded 20
UDF1 awarded -20

Round #250, UDF1 (22769), The_1__Gamblers (-22769)
UDF1 posts blind: 10
The_1__Gamblers posts blind: 20
UDF1 received [9d Kc]
The_1__Gamblers received [2d 4c]
UDF1 folds
UDF1 awarded -10
The_1__Gamblers awarded 10

Round #251, The_1__Gamblers (-22759), UDF1 (22759)
The_1__Gamblers posts blind: 10
UDF1 posts blind: 20
The_1__Gamblers received [Jc 5d]
UDF1 received [Qd 5c]
The_1__Gamblers raises to 44
UDF1 folds
The_1__Gamblers awarded 20
UDF1 awarded -20

Round #252, UDF1 (22739), The_1__Gamblers (-22739)
UDF1 posts blind: 10
The_1__Gamblers posts blind: 20
UDF1 received [5d Ah]
The_1__Gamblers received [7d As]
UDF1 raises to 2178
The_1__Gamblers calls
Flop [Ts 9d Qh], UDF1 (2178), The_1__Gamblers (2178)
The_1__Gamblers bids 210
UDF1 bids 332
UDF1 won the auction and was revealed [7d]
Flop [Ts 9d Qh], UDF1 (2388), The_1__Gamblers (2178)
The_1__Gamblers bets 1506
UDF1 calls
Turn [Ts 9d Qh 8d], UDF1 (3894), The_1__Gamblers (3684)
The_1__Gamblers checks
UDF1 checks
River [Ts 9d Qh 8d 2h], UDF1 (3894), The_1__Gamblers (3684)
The_1__Gamblers checks
UDF1 checks
UDF1 shows [5d Ah]
The_1__Gamblers shows [7d As]
UDF1 awarded -105
The_1__Gamblers awarded 105

Round #253, The_1__Gamblers (-22634), UDF1 (22634)
The_1__Gamblers posts blind: 10
UDF1 posts blind: 20
The_1__Gamblers received [7h Ks]
UDF1 received [Jd 8s]
The_1__Gamblers raises to 44
UDF1 calls
Flop [8h Ac 6d], The_1__Gamblers (44), UDF1 (44)
UDF1 bids 286
The_1__Gamblers bids 367
The_1__Gamblers won the auction and was revealed [Jd]
Flop [8h Ac 6d], The_1__Gamblers (330), UDF1 (44)
UDF1 bets 3062
The_1__Gamblers raises to 4670
UDF1 calls
Turn [8h Ac 6d 6c], The_1__Gamblers (5000), UDF1 (4714)
UDF1 checks
The_1__Gamblers checks
River [8h Ac 6d 6c Kd], The_1__Gamblers (5000), UDF1 (4714)
UDF1 checks
The_1__Gamblers checks
The_1__Gamblers shows [7h Ks]
UDF1 shows [Jd 8s]
The_1__Gamblers awarded 4714
UDF1 awarded -4714

Round #254, UDF1 (17920), The_1__Gamblers (-17920)
UDF1 posts blind: 10
The_1__Gamblers posts blind: 20
UDF1 received [7h 7d]
The_1__Gamblers received [Jh 5s]
UDF1 calls
The_1__Gamblers checks
Flop [Ks 6s 9h], UDF1 (20), The_1__Gamblers (20)
The_1__Gamblers bids 328
UDF1 bids 254
The_1__Gamblers won the auction and was revealed [7h]
Flop [Ks 6s 9h], UDF1 (20), The_1__Gamblers (274)
The_1__Gamblers checks
UDF1 bets 2791
The_1__Gamblers folds
UDF1 awarded 274
The_1__Gamblers awarded -274

Round #255, The_1__Gamblers (-18194), UDF1 (18194)
The_1__Gamblers posts blind: 10
UDF1 posts blind: 20
The_1__Gamblers received [6s 7h]
UDF1 received [Jc 2d]
The_1__Gamblers raises to 44
UDF1 folds
The_1__Gamblers awarded 20
UDF1 awarded -20

Round #256, UDF1 (18174), The_1__Gamblers (-18174)
UDF1 posts blind: 10
The_1__Gamblers posts blind: 20
UDF1 received [Js 8h]
The_1__Gamblers received [Jh 7c]
UDF1 folds
UDF1 awarded -10
The_1__Gamblers awarded 10

Round #257, The_1__Gamblers (-18164), UDF1 (18164)
The_1__Gamblers posts blind: 10
UDF1 posts blind: 20
The_1__Gamblers received [6h Kd]
UDF1 received [4c 2c]
The_1__Gamblers raises to 44
UDF1 folds
The_1__Gamblers awarded 20
UDF1 awarded -20

Round #258, UDF1 (18144), The_1__Gamblers (-18144)
UDF1 posts blind: 10
The_1__Gamblers posts blind: 20
UDF1 received [Kh Jc]
The_1__Gamblers received [8h Ks]
UDF1 calls
The_1__Gamblers checks
Flop [2c 8d 4h], UDF1 (20), The_1__Gamblers (20)
The_1__Gamblers bids 92
UDF1 bids 250
UDF1 won the auction and was revealed [8h]
Flop [2c 8d 4h], UDF1 (112), The_1__Gamblers (20)
The_1__Gamblers bets 165
UDF1 folds
UDF1 awarded -112
The_1__Gamblers awarded 112

Round #259, The_1__Gamblers (-18032), UDF1 (18032)
The_1__Gamblers posts blind: 10
UDF1 posts blind: 20
The_1__Gamblers received [6h Qc]
UDF1 received [6c 8d]
The_1__Gamblers raises to 44
UDF1 raises to 2215
The_1__Gamblers raises to 4386
UDF1 folds
The_1__Gamblers awarded 2215
UDF1 awarded -2215

Round #260, UDF1 (15817), The_1__Gamblers (-15817)
UDF1 posts blind: 10
The_1__Gamblers posts blind: 20
UDF1 received [7h 4c]
The_1__Gamblers received [Kh 6s]
UDF1 folds
UDF1 awarded -10
The_1__Gamblers awarded 10

Round #261, The_1__Gamblers (-15807), UDF1 (15807)
The_1__Gamblers posts blind: 10
UDF1 posts blind: 20
The_1__Gamblers received [9d Jh]
UDF1 received [2d 6h]
The_1__Gamblers raises to 44
UDF1 folds
The_1__Gamblers awarded 20
UDF1 awarded -20

Round #262, UDF1 (15787), The_1__Gamblers (-15787)
UDF1 posts blind: 10
The_1__Gamblers posts blind: 20
UDF1 received [Td 4c]
The_1__Gamblers received [5s 3d]
UDF1 folds
UDF1 awarded -10
The_1__Gamblers awarded 10

Round #263, The_1__Gamblers (-15777), UDF1 (15777)
The_1__Gamblers posts blind: 10
UDF1 posts blind: 20
The_1__Gamblers received [9d Qd]
UDF1 received [7c 7d]
The_1__Gamblers raises to 44
UDF1 calls
Flop [8h 3h 5c], The_1__Gamblers (44), UDF1 (44)
UDF1 bids 229
The_1__Gamblers bids 332
The_1__Gamblers won the auction and was revealed [7c]
Flop [8h 3h 5c], The_1__Gamblers (273), UDF1 (44)
UDF1 bets 2902
The_1__Gamblers folds
The_1__Gamblers awarded -273
UDF1 awarded 273

Round #264, UDF1 (16050), The_1__Gamblers (-16050)
UDF1 posts blind: 10
The_1__Gamblers posts blind: 20
UDF1 received [8s Ks]
The_1__Gamblers received [9c 5c]
UDF1 raises to 2244
The_1__Gamblers calls
Flop [5s 3d 2c], UDF1 (2244), The_1__Gamblers (2244)
The_1__Gamblers bids 101
UDF1 bids 298
UDF1 won the auction and was revealed [9c]
Flop [5s 3d 2c], UDF1 (2345), The_1__Gamblers (2244)
The_1__Gamblers bets 2655
UDF1 calls
Turn [5s 3d 2c 7h], UDF1 (5000), The_1__Gamblers (4899)
The_1__Gamblers checks
UDF1 checks
River [5s 3d 2c 7h 8h], UDF1 (5000), The_1__Gamblers (4899)
The_1__Gamblers checks
UDF1 checks
UDF1 shows [8s Ks]
The_1__Gamblers shows [9c 5c]
UDF1 awarded 4899
The_1__Gamblers awarded -4899

Round #265, The_1__Gamblers (-20949), UDF1 (20949)
The_1__Gamblers posts blind: 10
UDF1 posts blind: 20
The_1__Gamblers received [Qd As]
UDF1 received [8c 3s]
The_1__Gamblers raises to 44
UDF1 folds
The_1__Gamblers awarded 20
UDF1 awarded -20

Round #266, UDF1 (20929), The_1__Gamblers (-20929)
UDF1 posts blind: 10
The_1__Gamblers posts blind: 20
UDF1 received [2s Jh]
The_1__Gamblers received [Jd 4c]
UDF1 raises to 2125
The_1__Gamblers calls
Flop [9s 4s 7s], UDF1 (2125), The_1__Gamblers (2125)
The_1__Gamblers bids 196
UDF1 bids 270
UDF1 won the auction and was revealed [Jd]
Flop [9s 4s 7s], UDF1 (2321), The_1__Gamblers (2125)
The_1__Gamblers bets 1467
UDF1 calls
Turn [9s 4s 7s 9c], UDF1 (3788), The_1__Gamblers (3592)
The_1__Gamblers bets 1212
UDF1 calls
River [9s 4s 7s 9c 4d], UDF1 (5000), The_1__Gamblers (4804)
The_1__Gamblers checks
UDF1 checks
UDF1 shows [2s Jh]
The_1__Gamblers shows [Jd 4c]
UDF1 awarded -5000
The_1__Gamblers awarded 5000

Round #267, The_1__Gamblers (-15929), UDF1 (15929)
The_1__Gamblers posts blind: 10
UDF1 posts blind: 20
The_1__Gamblers received [3s As]
UDF1 received [3c Td]
The_1__Gamblers raises to 44
UDF1 raises to 2435
The_1__Gamblers raises to 4826
UDF1 folds
The_1__Gamblers awarded 2435
UDF1 awarded -2435

Round #268, UDF1 (13494), The_1__Gamblers (-13494)
UDF1 posts blind: 10
The_1__Gamblers posts blind: 20
UDF1 received [Th Qc]
The_1__Gamblers received [Kd Kc]
UDF1 raises to 2323
The_1__Gamblers raises to 4626
UDF1 folds
UDF1 awarded -2323
The_1__Gamblers awarded 2323

Round #269, The_1__Gamblers (-11171), UDF1 (11171)
The_1__Gamblers posts blind: 10
UDF1 posts blind: 20
The_1__Gamblers received [Kh Ks]
UDF1 received [3s 2c]
The_1__Gamblers raises to 44
UDF1 raises to 2170
The_1__Gamblers raises to 4296
UDF1 folds
The_1__Gamblers awarded 2170
UDF1 awarded -2170

Round #270, UDF1 (9001), The_1__Gamblers (-9001)
UDF1 posts blind: 10
The_1__Gamblers posts blind: 20
UDF1 received [Kh 8c]
The_1__Gamblers received [5d 9h]
UDF1 folds
UDF1 awarded -10
The_1__Gamblers awarded 10

Round #271, The_1__Gamblers (-8991), UDF1 (8991)
The_1__Gamblers posts blind: 10
UDF1 posts blind: 20
The_1__Gamblers received [Qh 6h]
UDF1 received [3d 9h]
The_1__Gamblers raises to 44
UDF1 raises to 2144
The_1__Gamblers raises to 4244
UDF1 folds
The_1__Gamblers awarded 2144
UDF1 awarded -2144

Round #272, UDF1 (6847), The_1__Gamblers (-6847)
UDF1 posts blind: 10
The_1__Gamblers posts blind: 20
UDF1 received [Qh 4c]
The_1__Gamblers received [3h As]
UDF1 folds
UDF1 awarded -10
The_1__Gamblers awarded 10

Round #273, The_1__Gamblers (-6837), UDF1 (6837)
The_1__Gamblers posts blind: 10
UDF1 posts blind: 20
The_1__Gamblers received [Ah 6h]
UDF1 received [Ad 4d]
The_1__Gamblers raises to 44
UDF1 raises to 2764
The_1__Gamblers raises to 5000
UDF1 calls
Flop [7d 4s 2h], The_1__Gamblers (5000), UDF1 (5000)
UDF1 bids 0
The_1__Gamblers bids 0
The_1__Gamblers won the auction and was revealed [4d]
UDF1 won the auction and was revealed [6h]
Flop [7d 4s 2h], The_1__Gamblers (5000), UDF1 (5000)
UDF1 checks
The_1__Gamblers checks
Turn [7d 4s 2h 5d], The_1__Gamblers (5000), UDF1 (5000)
UDF1 checks
The_1__Gamblers checks
River [7d 4s 2h 5d 5c], The_1__Gamblers (5000), UDF1 (5000)
UDF1 checks
The_1__Gamblers checks
The_1__Gamblers shows [Ah 6h]
UDF1 shows [Ad 4d]
The_1__Gamblers awarded -5000
UDF1 awarded 5000

Round #274, UDF1 (11837), The_1__Gamblers (-11837)
UDF1 posts blind: 10
The_1__Gamblers posts blind: 20
UDF1 received [5d 4h]
The_1__Gamblers received [9s 4d]
UDF1 folds
UDF1 awarded -10
The_1__Gamblers awarded 10

Round #275, The_1__Gamblers (-11827), UDF1 (11827)
The_1__Gamblers posts blind: 10
UDF1 posts blind: 20
The_1__Gamblers received [8h 7s]
UDF1 received [Jh Qd]
The_1__Gamblers raises to 44
UDF1 calls
Flop [Ts Qc 4d], The_1__Gamblers (44), UDF1 (44)
UDF1 bids 285
The_1__Gamblers bids 221
UDF1 won the auction and was revealed [7s]
Flop [Ts Qc 4d], The_1__Gamblers (44), UDF1 (265)
UDF1 bets 3537
The_1__Gamblers folds
The_1__Gamblers awarded -44
UDF1 awarded 44

Round #276, UDF1 (11871), The_1__Gamblers (-11871)
UDF1 posts blind: 10
The_1__Gamblers posts blind: 20
UDF1 received [6s 3s]
The_1__Gamblers received [Ac Td]
UDF1 raises to 2506
The_1__Gamblers calls
Flop [6d Qh 4d], UDF1 (2506), The_1__Gamblers (2506)
The_1__Gamblers bids 182
UDF1 bids 248
UDF1 won the auction and was revealed [Ac]
Flop [6d Qh 4d], UDF1 (2688), The_1__Gamblers (2506)
The_1__Gamblers bets 1714
UDF1 raises to 2312
The_1__Gamblers calls
Turn [6d Qh 4d Kh], UDF1 (5000), The_1__Gamblers (4818)
The_1__Gamblers checks
UDF1 checks
River [6d Qh 4d Kh Jc], UDF1 (5000), The_1__Gamblers (4818)
The_1__Gamblers checks
UDF1 checks
UDF1 shows [6s 3s]
The_1__Gamblers shows [Ac Td]
UDF1 awarded -5000
The_1__Gamblers awarded 5000

Round #277, The_1__Gamblers (-6871), UDF1 (6871)
The_1__Gamblers posts blind: 10
UDF1 posts blind: 20
The_1__Gamblers received [5s Jc]
UDF1 received [6c 3c]
The_1__Gamblers raises to 44
UDF1 calls
Flop [8s Kc 8h], The_1__Gamblers (44), UDF1 (44)
UDF1 bids 283
The_1__Gamblers bids 363
The_1__Gamblers won the auction and was revealed [6c]
Flop [8s Kc 8h], The_1__Gamblers (327), UDF1 (44)
UDF1 checks
The_1__Gamblers checks
Turn [8s Kc 8h 5h], The_1__Gamblers (327), UDF1 (44)
UDF1 checks
The_1__Gamblers bets 122
UDF1 folds
The_1__Gamblers awarded 44
UDF1 awarded -44

Round #278, UDF1 (6827), The_1__Gamblers (-6827)
UDF1 posts blind: 10
The_1__Gamblers posts blind: 20
UDF1 received [Jd 6s]
The_1__Gamblers received [4h 3d]
UDF1 calls
The_1__Gamblers checks
Flop [6c Tc Ad], UDF1 (20), The_1__Gamblers (20)
The_1__Gamblers bids 38
UDF1 bids 278
UDF1 won the auction and was revealed [4h]
Flop [6c Tc Ad], UDF1 (58), The_1__Gamblers (20)
The_1__Gamblers checks
UDF1 bets 3488
The_1__Gamblers folds
UDF1 awarded 20
The_1__Gamblers awarded -20

Round #279, The_1__Gamblers (-6847), UDF1 (6847)
The_1__Gamblers posts blind: 10
UDF1 posts blind: 20
The_1__Gamblers received [Jc Ks]
UDF1 received [2s 9s]
The_1__Gamblers raises to 44
UDF1 raises to 2252
The_1__Gamblers raises to 4460
UDF1 folds
The_1__Gamblers awarded 2252
UDF1 awarded -2252

Round #280, UDF1 (4595), The_1__Gamblers (-4595)
UDF1 posts blind: 10
The_1__Gamblers posts blind: 20
UDF1 received [8s 6d]
The_1__Gamblers received [Jd 7c]
UDF1 folds
UDF1 awarded -10
The_1__Gamblers awarded 10

Round #281, The_1__Gamblers (-4585), UDF1 (4585)
The_1__Gamblers posts blind: 10
UDF1 posts blind: 20
The_1__Gamblers received [6h 6s]
UDF1 received [3c Ah]
The_1__Gamblers raises to 44
UDF1 folds
The_1__Gamblers awarded 20
UDF1 awarded -20

Round #282, UDF1 (4565), The_1__Gamblers (-4565)
UDF1 posts blind: 10
The_1__Gamblers posts blind: 20
UDF1 received [Ts 5c]
The_1__Gamblers received [Jd Kc]
UDF1 folds
UDF1 awarded -10
The_1__Gamblers awarded 10

Round #283, The_1__Gamblers (-4555), UDF1 (4555)
The_1__Gamblers posts blind: 10
UDF1 posts blind: 20
The_1__Gamblers received [Kh 2d]
UDF1 received [Qh 5c]
The_1__Gamblers calls
UDF1 raises to 2277
The_1__Gamblers calls
Flop [4d Ks 8s], The_1__Gamblers (2277), UDF1 (2277)
UDF1 bids 289
The_1__Gamblers bids 74
UDF1 won the auction and was revealed [Kh]
Flop [4d Ks 8s], The_1__Gamblers (2277), UDF1 (2351)
UDF1 checks
The_1__Gamblers bets 2649
UDF1 folds
The_1__Gamblers awarded 2351
UDF1 awarded -2351

Round #284, UDF1 (2204), The_1__Gamblers (-2204)
UDF1 posts blind: 10
The_1__Gamblers posts blind: 20
UDF1 received [8h Ts]
The_1__Gamblers received [Ad 4d]
UDF1 folds
UDF1 awarded -10
The_1__Gamblers awarded 10

Round #285, The_1__Gamblers (-2194), UDF1 (2194)
The_1__Gamblers posts blind: 10
UDF1 posts blind: 20
The_1__Gamblers received [Kh 9s]
UDF1 received [Qc 4d]
The_1__Gamblers raises to 44
UDF1 calls
Flop [5c 4s 7h], The_1__Gamblers (44), UDF1 (44)
UDF1 bids 277
The_1__Gamblers bids 358
The_1__Gamblers won the auction and was revealed [4d]
Flop [5c 4s 7h], The_1__Gamblers (321), UDF1 (44)
UDF1 checks
The_1__Gamblers checks
Turn [5c 4s 7h Qs], The_1__Gamblers (321), UDF1 (44)
UDF1 bets 3611
The_1__Gamblers folds
The_1__Gamblers awarded -321
UDF1 awarded 321

Round #286, UDF1 (2515), The_1__Gamblers (-2515)
UDF1 posts blind: 10
The_1__Gamblers posts blind: 20
UDF1 received [Qh Th]
The_1__Gamblers received [Js 4c]
UDF1 raises to 2791
The_1__Gamblers calls
Flop [4s 2s 5s], UDF1 (2791), The_1__Gamblers (2791)
The_1__Gamblers bids 83
UDF1 bids 495
UDF1 won the auction and was revealed [4c]
Flop [4s 2s 5s], UDF1 (2874), The_1__Gamblers (2791)
The_1__Gamblers bets 2126
UDF1 folds
UDF1 awarded -2874
The_1__Gamblers awarded 2874

Round #287, The_1__Gamblers (359), UDF1 (-359)
The_1__Gamblers posts blind: 10
UDF1 posts blind: 20
The_1__Gamblers received [2c 7c]
UDF1 received [3d Qc]
The_1__Gamblers raises to 44
UDF1 calls
Flop [9c 9s Kh], The_1__Gamblers (44), UDF1 (44)
UDF1 bids 283
The_1__Gamblers bids 176
UDF1 won the auction and was revealed [2c]
Flop [9c 9s Kh], The_1__Gamblers (44), UDF1 (220)
UDF1 bets 2562
The_1__Gamblers folds
The_1__Gamblers awarded -44
UDF1 awarded 44

Round #288, UDF1 (-315), The_1__Gamblers (315)
UDF1 posts blind: 10
The_1__Gamblers posts blind: 20
UDF1 received [9d 4h]
The_1__Gamblers received [5s 9s]
UDF1 raises to 2150
The_1__Gamblers calls
Flop [Qc 5c Ac], UDF1 (2150), The_1__Gamblers (2150)
The_1__Gamblers bids 193
UDF1 bids 332
UDF1 won the auction and was revealed [9s]
Flop [Qc 5c Ac], UDF1 (2343), The_1__Gamblers (2150)
The_1__Gamblers bets 2657
UDF1 folds
UDF1 awarded -2343
The_1__Gamblers awarded 2343

Round #289, The_1__Gamblers (2658), UDF1 (-2658)
The_1__Gamblers posts blind: 10
UDF1 posts blind: 20
The_1__Gamblers received [6h 4d]
UDF1 received [7s 3s]
The_1__Gamblers raises to 44
UDF1 folds
The_1__Gamblers awarded 20
UDF1 awarded -20

Round #290, UDF1 (-2678), The_1__Gamblers (2678)
UDF1 posts blind: 10
The_1__Gamblers posts blind: 20
UDF1 received [6c 7h]
The_1__Gamblers received [Ad Qh]
UDF1 folds
UDF1 awarded -10
The_1__Gamblers awarded 10

Round #291, The_1__Gamblers (2688), UDF1 (-2688)
The_1__Gamblers posts blind: 10
UDF1 posts blind: 20
The_1__Gamblers received [Js Ac]
UDF1 received [Jh 9d]
The_1__Gamblers raises to 44
UDF1 folds
The_1__Gamblers awarded 20
UDF1 awarded -20

Round #292, UDF1 (-2708), The_1__Gamblers (2708)
UDF1 posts blind: 10
The_1__Gamblers posts blind: 20
UDF1 received [Ts 8h]
The_1__Gamblers received [8d Kh]
UDF1 folds
UDF1 awarded -10
The_1__Gamblers awarded 10

Round #293, The_1__Gamblers (2718), UDF1 (-2718)
The_1__Gamblers posts blind: 10
UDF1 posts blind: 20
The_1__Gamblers received [3c 7d]
UDF1 received [8d Ac]
The_1__Gamblers raises to 44
UDF1 folds
The_1__Gamblers awarded 20
UDF1 awarded -20

Round #294, UDF1 (-2738), The_1__Gamblers (2738)
UDF1 posts blind: 10
The_1__Gamblers posts blind: 20
UDF1 received [6d Ad]
The_1__Gamblers received [Js Jd]
UDF1 calls
The_1__Gamblers checks
Flop [4h As Kh], UDF1 (20), The_1__Gamblers (20)
The_1__Gamblers bids 280
UDF1 bids 261
The_1__Gamblers won the auction and was revealed [Ad]
Flop [4h As Kh], UDF1 (20), The_1__Gamblers (281)
The_1__Gamblers bets 180
UDF1 raises to 3705
The_1__Gamblers raises to 4719
UDF1 calls
Turn [4h As Kh Ah], UDF1 (4739), The_1__Gamblers (5000)
The_1__Gamblers checks
UDF1 checks
River [4h As Kh Ah 8d], UDF1 (4739), The_1__Gamblers (5000)
The_1__Gamblers checks
UDF1 checks
UDF1 shows [6d Ad]
The_1__Gamblers shows [Js Jd]
UDF1 awarded 5000
The_1__Gamblers awarded -5000

Round #295, The_1__Gamblers (-2262), UDF1 (2262)
The_1__Gamblers posts blind: 10
UDF1 posts blind: 20
The_1__Gamblers received [Ah Jc]
UDF1 received [4h Kc]
The_1__Gamblers raises to 44
UDF1 raises to 2250
The_1__Gamblers raises to 4456
UDF1 folds
The_1__Gamblers awarded 2250
UDF1 awarded -2250

Round #296, UDF1 (12), The_1__Gamblers (-12)
UDF1 posts blind: 10
The_1__Gamblers posts blind: 20
UDF1 received [4d 9h]
The_1__Gamblers received [9c 3d]
UDF1 folds
UDF1 awarded -10
The_1__Gamblers awarded 10

Round #297, The_1__Gamblers (-2), UDF1 (2)
The_1__Gamblers posts blind: 10
UDF1 posts blind: 20
The_1__Gamblers received [6d 8s]
UDF1 received [5s 6s]
The_1__Gamblers raises to 44
UDF1 raises to 2726
The_1__Gamblers raises to 5000
UDF1 calls
Flop [9d Kc 7c], The_1__Gamblers (5000), UDF1 (5000)
UDF1 bids 0
The_1__Gamblers bids 0
The_1__Gamblers won the auction and was revealed [6s]
UDF1 won the auction and was revealed [6d]
Flop [9d Kc 7c], The_1__Gamblers (5000), UDF1 (5000)
UDF1 checks
The_1__Gamblers checks
Turn [9d Kc 7c 2s], The_1__Gamblers (5000), UDF1 (5000)
UDF1 checks
The_1__Gamblers checks
River [9d Kc 7c 2s Ah], The_1__Gamblers (5000), UDF1 (5000)
UDF1 checks
The_1__Gamblers checks
The_1__Gamblers shows [6d 8s]
UDF1 shows [5s 6s]
The_1__Gamblers awarded 5000
UDF1 awarded -5000

Round #298, UDF1 (-4998), The_1__Gamblers (4998)
UDF1 posts blind: 10
The_1__Gamblers posts blind: 20
UDF1 received [8c 2h]
The_1__Gamblers received [2d Qd]
UDF1 folds
UDF1 awarded -10
The_1__Gamblers awarded 10

Round #299, The_1__Gamblers (5008), UDF1 (-5008)
The_1__Gamblers posts blind: 10
UDF1 posts blind: 20
The_1__Gamblers received [9h 4c]
UDF1 received [4h 7s]
The_1__Gamblers raises to 44
UDF1 folds
The_1__Gamblers awarded 20
UDF1 awarded -20

Round #300, UDF1 (-5028), The_1__Gamblers (5028)
UDF1 posts blind: 10
The_1__Gamblers posts blind: 20
UDF1 received [8s 4h]
The_1__Gamblers received [7h Qh]
UDF1 raises to 2554
The_1__Gamblers calls
Flop [Kh 2h 3c], UDF1 (2554), The_1__Gamblers (2554)
The_1__Gamblers bids 181
UDF1 bids 364
UDF1 won the auction and was revealed [7h]
Flop [Kh 2h 3c], UDF1 (2735), The_1__Gamblers (2554)
The_1__Gamblers bets 1745
UDF1 calls
Turn [Kh 2h 3c 7s], UDF1 (4480), The_1__Gamblers (4299)
The_1__Gamblers bets 520
UDF1 folds
UDF1 awarded -4480
The_1__Gamblers awarded 4480

Round #301, The_1__Gamblers (9508), UDF1 (-9508)
The_1__Gamblers posts blind: 10
UDF1 posts blind: 20
The_1__Gamblers received [9h 2h]
UDF1 received [9s 8c]
The_1__Gamblers raises to 44
UDF1 calls
Flop [5s Tc 3h], The_1__Gamblers (44), UDF1 (44)
UDF1 bids 280
The_1__Gamblers bids 176
UDF1 won the auction and was revealed [2h]
Flop [5s Tc 3h], The_1__Gamblers (44), UDF1 (220)
UDF1 checks
The_1__Gamblers checks
Turn [5s Tc 3h 2c], The_1__Gamblers (44), UDF1 (220)
UDF1 checks
The_1__Gamblers bets 87
UDF1 folds
The_1__Gamblers awarded 220
UDF1 awarded -220

Round #302, UDF1 (-9728), The_1__Gamblers (9728)
UDF1 posts blind: 10
The_1__Gamblers posts blind: 20
UDF1 received [8s 6h]
The_1__Gamblers received [Ks 7c]
UDF1 calls
The_1__Gamblers checks
Flop [5h Jc Kc], UDF1 (20), The_1__Gamblers (20)
The_1__Gamblers bids 98
UDF1 bids 254
UDF1 won the auction and was revealed [7c]
Flop [5h Jc Kc], UDF1 (118), The_1__Gamblers (20)
The_1__Gamblers bets 172
UDF1 folds
UDF1 awarded -118
The_1__Gamblers awarded 118

Round #303, The_1__Gamblers (9846), UDF1 (-9846)
The_1__Gamblers posts blind: 10
UDF1 posts blind: 20
The_1__Gamblers received [9s 3s]
UDF1 received [7c 2c]
The_1__Gamblers raises to 44
UDF1 folds
The_1__Gamblers awarded 20
UDF1 awarded -20

Round #304, UDF1 (-9866), The_1__Gamblers (9866)
UDF1 posts blind: 10
The_1__Gamblers posts blind: 20
UDF1 received [4d 2s]
The_1__Gamblers received [Jc 8h]
UDF1 folds
UDF1 awarded -10
The_1__Gamblers awarded 10

Round #305, The_1__Gamblers (9876), UDF1 (-9876)
The_1__Gamblers posts blind: 10
UDF1 posts blind: 20
The_1__Gamblers received [9h 8c]
UDF1 received [8h 2d]
The_1__Gamblers raises to 44
UDF1 folds
The_1__Gamblers awarded 20
UDF1 awarded -20

Round #306, UDF1 (-9896), The_1__Gamblers (9896)
UDF1 posts blind: 10
The_1__Gamblers posts blind: 20
UDF1 received [2s 3d]
The_1__Gamblers received [7d 6s]
UDF1 folds
UDF1 awarded -10
The_1__Gamblers awarded 10

Round #307, The_1__Gamblers (9906), UDF1 (-9906)
The_1__Gamblers posts blind: 10
UDF1 posts blind: 20
The_1__Gamblers received [6d 8d]
UDF1 received [3d 7c]
The_1__Gamblers raises to 44
UDF1 folds
The_1__Gamblers awarded 20
UDF1 awarded -20

Round #308, UDF1 (-9926), The_1__Gamblers (9926)
UDF1 posts blind: 10
The_1__Gamblers posts blind: 20
UDF1 received [6s Ts]
The_1__Gamblers received [6d Jd]
UDF1 folds
UDF1 awarded -10
The_1__Gamblers awarded 10

Round #309, The_1__Gamblers (9936), UDF1 (-9936)
The_1__Gamblers posts blind: 10
UDF1 posts blind: 20
The_1__Gamblers received [As Tc]
UDF1 received [Js 8s]
The_1__Gamblers raises to 44
UDF1 folds
The_1__Gamblers awarded 20
UDF1 awarded -20

Round #310, UDF1 (-9956), The_1__Gamblers (9956)
UDF1 posts blind: 10
The_1__Gamblers posts blind: 20
UDF1 received [8s 9s]
The_1__Gamblers received [3c Qd]
UDF1 raises to 2669
The_1__Gamblers calls
Flop [Ad 7d 2d], UDF1 (2669), The_1__Gamblers (2669)
The_1__Gamblers bids 174
UDF1 bids 258
UDF1 won the auction and was revealed [3c]
Flop [Ad 7d 2d], UDF1 (2843), The_1__Gamblers (2669)
The_1__Gamblers bets 1818
UDF1 calls
Turn [Ad 7d 2d 8c], UDF1 (4661), The_1__Gamblers (4487)
The_1__Gamblers checks
UDF1 bets 297
The_1__Gamblers raises to 339
UDF1 calls
River [Ad 7d 2d 8c Js], UDF1 (5000), The_1__Gamblers (4826)
The_1__Gamblers checks
UDF1 checks
UDF1 shows [8s 9s]
The_1__Gamblers shows [3c Qd]
UDF1 awarded 4826
The_1__Gamblers awarded -4826

Round #311, The_1__Gamblers (5130), UDF1 (-5130)
The_1__Gamblers posts blind: 10
UDF1 posts blind: 20
The_1__Gamblers received [6c 5h]
UDF1 received [Ah 3c]
The_1__Gamblers raises to 44
UDF1 raises to 2332
The_1__Gamblers raises to 4620
UDF1 folds
The_1__Gamblers awarded 2332
UDF1 awarded -2332

Round #312, UDF1 (-7462), The_1__Gamblers (7462)
UDF1 posts blind: 10
The_1__Gamblers posts blind: 20
UDF1 received [7h 6s]
The_1__Gamblers received [5c 2s]
UDF1 folds
UDF1 awarded -10
The_1__Gamblers awarded 10

Round #313, The_1__Gamblers (7472), UDF1 (-7472)
The_1__Gamblers posts blind: 10
UDF1 posts blind: 20
The_1__Gamblers received [6s 2s]
UDF1 received [Qh Jd]
The_1__Gamblers raises to 44
UDF1 raises to 3096
The_1__Gamblers raises to 5000
UDF1 calls
Flop [7d 5s 4s], The_1__Gamblers (5000), UDF1 (5000)
UDF1 bids 0
The_1__Gamblers bids 0
The_1__Gamblers won the auction and was revealed [Jd]
UDF1 won the auction and was revealed [6s]
Flop [7d 5s 4s], The_1__Gamblers (5000), UDF1 (5000)
UDF1 checks
The_1__Gamblers checks
Turn [7d 5s 4s 6d], The_1__Gamblers (5000), UDF1 (5000)
UDF1 checks
The_1__Gamblers checks
River [7d 5s 4s 6d Js], The_1__Gamblers (5000), UDF1 (5000)
UDF1 checks
The_1__Gamblers checks
The_1__Gamblers shows [6s 2s]
UDF1 shows [Qh Jd]
The_1__Gamblers awarded 5000
UDF1 awarded -5000

Round #314, UDF1 (-12472), The_1__Gamblers (12472)
UDF1 posts blind: 10
The_1__Gamblers posts blind: 20
UDF1 received [Ac Tc]
The_1__Gamblers received [Ah 8c]
UDF1 raises to 4254
The_1__Gamblers calls
Flop [7c 6d 8s], UDF1 (4254), The_1__Gamblers (4254)
The_1__Gamblers bids 20
UDF1 bids 437
UDF1 won the auction and was revealed [8c]
Flop [7c 6d 8s], UDF1 (4274), The_1__Gamblers (4254)
The_1__Gamblers bets 726
UDF1 calls
Turn [7c 6d 8s 6c], UDF1 (5000), The_1__Gamblers (4980)
The_1__Gamblers checks
UDF1 checks
River [7c 6d 8s 6c Jc], UDF1 (5000), The_1__Gamblers (4980)
The_1__Gamblers checks
UDF1 checks
UDF1 shows [Ac Tc]
The_1__Gamblers shows [Ah 8c]
UDF1 awarded 4980
The_1__Gamblers awarded -4980

Round #315, The_1__Gamblers (7492), UDF1 (-7492)
The_1__Gamblers posts blind: 10
UDF1 posts blind: 20
The_1__Gamblers received [6d 9h]
UDF1 received [Ad 7c]
The_1__Gamblers raises to 44
UDF1 folds
The_1__Gamblers awarded 20
UDF1 awarded -20

Round #316, UDF1 (-7512), The_1__Gamblers (7512)
UDF1 posts blind: 10
The_1__Gamblers posts blind: 20
UDF1 received [8d 9s]
The_1__Gamblers received [2d 4c]
UDF1 raises to 2989
The_1__Gamblers calls
Flop [7s 8c 3h], UDF1 (2989), The_1__Gamblers (2989)
The_1__Gamblers bids 2
UDF1 bids 276
UDF1 won the auction and was revealed [4c]
Flop [7s 8c 3h], UDF1 (2991), The_1__Gamblers (2989)
The_1__Gamblers checks
UDF1 bets 1686
The_1__Gamblers folds
UDF1 awarded 2989
The_1__Gamblers awarded -2989

Round #317, The_1__Gamblers (4523), UDF1 (-4523)
The_1__Gamblers posts blind: 10
UDF1 posts blind: 20
The_1__Gamblers received [Qh 9h]
UDF1 received [4d Jh]
The_1__Gamblers raises to 44
UDF1 raises to 2122
The_1__Gamblers raises to 4200
UDF1 folds
The_1__Gamblers awarded 2122
UDF1 awarded -2122

Round #318, UDF1 (-6645), The_1__Gamblers (6645)
UDF1 posts blind: 10
The_1__Gamblers posts blind: 20
UDF1 received [6d 3c]
The_1__Gamblers received [Qc 4c]
UDF1 raises to 2515
The_1__Gamblers calls
Flop [Ts Jd Tc], UDF1 (2515), The_1__Gamblers (2515)
The_1__Gamblers bids 180
UDF1 bids 269
UDF1 won the auction and was revealed [4c]
Flop [Ts Jd Tc], UDF1 (2695), The_1__Gamblers (2515)
The_1__Gamblers checks
UDF1 checks
Turn [Ts Jd Tc 3d], UDF1 (2695), The_1__Gamblers (2515)
The_1__Gamblers checks
UDF1 bets 1874
The_1__Gamblers raises to 2305
UDF1 calls
River [Ts Jd Tc 3d 5c], UDF1 (5000), The_1__Gamblers (4820)
The_1__Gamblers checks
UDF1 checks
UDF1 shows [6d 3c]
The_1__Gamblers shows [Qc 4c]
UDF1 awarded 4820
The_1__Gamblers awarded -4820

Round #319, The_1__Gamblers (1825), UDF1 (-1825)
The_1__Gamblers posts blind: 10
UDF1 posts blind: 20
The_1__Gamblers received [Th As]
UDF1 received [Kh 3c]
The_1__Gamblers raises to 44
UDF1 calls
Flop [8c 2s Ts], The_1__Gamblers (44), UDF1 (44)
UDF1 bids 240
The_1__Gamblers bids 68
UDF1 won the auction and was revealed [Th]
Flop [8c 2s Ts], The_1__Gamblers (44), UDF1 (112)
UDF1 checks
The_1__Gamblers bets 195
UDF1 folds
The_1__Gamblers awarded 112
UDF1 awarded -112

Round #320, UDF1 (-1937), The_1__Gamblers (1937)
UDF1 posts blind: 10
The_1__Gamblers posts blind: 20
UDF1 received [5d 2h]
The_1__Gamblers received [9c Kh]
UDF1 folds
UDF1 awarded -10
The_1__Gamblers awarded 10

Round #321, The_1__Gamblers (1947), UDF1 (-1947)
The_1__Gamblers posts blind: 10
UDF1 posts blind: 20
The_1__Gamblers received [9c Js]
UDF1 received [2d 2s]
The_1__Gamblers raises to 44
UDF1 calls
Flop [6c 3h 7c], The_1__Gamblers (44), UDF1 (44)
UDF1 bids 287
The_1__Gamblers bids 269
UDF1 won the auction and was revealed [Js]
Flop [6c 3h 7c], The_1__Gamblers (44), UDF1 (313)
UDF1 checks
The_1__Gamblers checks
Turn [6c 3h 7c Ts], The_1__Gamblers (44), UDF1 (313)
UDF1 bets 2391
The_1__Gamblers folds
The_1__Gamblers awarded -44
UDF1 awarded 44

Round #322, UDF1 (-1903), The_1__Gamblers (1903)
UDF1 posts blind: 10
The_1__Gamblers posts blind: 20
UDF1 received [8c 9h]
The_1__Gamblers received [8h 9c]
UDF1 raises to 3069
The_1__Gamblers calls
Flop [Jd 7d Jc], UDF1 (3069), The_1__Gamblers (3069)
The_1__Gamblers bids 112
UDF1 bids 0
The_1__Gamblers won the auction and was revealed [8c]
Flop [Jd 7d Jc], UDF1 (3069), The_1__Gamblers (3069)
The_1__Gamblers checks
UDF1 checks
Turn [Jd 7d Jc Ah], UDF1 (3069), The_1__Gamblers (3069)
The_1__Gamblers checks
UDF1 checks
River [Jd 7d Jc Ah Ad], UDF1 (3069), The_1__Gamblers (3069)
The_1__Gamblers checks
UDF1 checks
UDF1 shows [8c 9h]
The_1__Gamblers shows [8h 9c]
UDF1 awarded 0
The_1__Gamblers awarded 0

Round #323, The_1__Gamblers (1903), UDF1 (-1903)
The_1__Gamblers posts blind: 10
UDF1 posts blind: 20
The_1__Gamblers received [Jd Jc]
UDF1 received [9s Th]
The_1__Gamblers raises to 44
UDF1 raises to 3086
The_1__Gamblers raises to 5000
UDF1 calls
Flop [5s Js 9h], The_1__Gamblers (5000), UDF1 (5000)
UDF1 bids 0
The_1__Gamblers bids 0
The_1__Gamblers won the auction and was revealed [9s]
UDF1 won the auction and was revealed [Jc]
Flop [5s Js 9h], The_1__Gamblers (5000), UDF1 (5000)
UDF1 checks
The_1__Gamblers checks
Turn [5s Js 9h 4c], The_1__Gamblers (5000), UDF1 (5000)
UDF1 checks
The_1__Gamblers checks
River [5s Js 9h 4c 6h], The_1__Gamblers (5000), UDF1 (5000)
UDF1 checks
The_1__Gamblers checks
The_1__Gamblers shows [Jd Jc]
UDF1 shows [9s Th]
The_1__Gamblers awarded 5000
UDF1 awarded -5000

Round #324, UDF1 (-6903), The_1__Gamblers (6903)
UDF1 posts blind: 10
The_1__Gamblers posts blind: 20
UDF1 received [Ts Ad]
The_1__Gamblers received [9c 6h]
UDF1 calls
The_1__Gamblers checks
Flop [8s 8c Qc], UDF1 (20), The_1__Gamblers (20)
The_1__Gamblers bids 281
UDF1 bids 274
The_1__Gamblers won the auction and was revealed [Ad]
Flop [8s 8c Qc], UDF1 (20), The_1__Gamblers (294)
The_1__Gamblers checks
UDF1 checks
Turn [8s 8c Qc Kh], UDF1 (20), The_1__Gamblers (294)
The_1__Gamblers checks
UDF1 bets 2519
The_1__Gamblers folds
UDF1 awarded 294
The_1__Gamblers awarded -294

Round #325, The_1__Gamblers (6609), UDF1 (-6609)
The_1__Gamblers posts blind: 10
UDF1 posts blind: 20
The_1__Gamblers received [Qs 9s]
UDF1 received [5s 3h]
The_1__Gamblers raises to 44
UDF1 folds
The_1__Gamblers awarded 20
UDF1 awarded -20

Round #326, UDF1 (-6629), The_1__Gamblers (6629)
UDF1 posts blind: 10
The_1__Gamblers posts blind: 20
UDF1 received [Ts 7s]
The_1__Gamblers received [3h Qs]
UDF1 raises to 2386
The_1__Gamblers calls
Flop [4s Kc Ad], UDF1 (2386), The_1__Gamblers (2386)
The_1__Gamblers bids 195
UDF1 bids 235
UDF1 won the auction and was revealed [3h]
Flop [4s Kc Ad], UDF1 (2581), The_1__Gamblers (2386)
The_1__Gamblers bets 1639
UDF1 calls
Turn [4s Kc Ad 6c], UDF1 (4220), The_1__Gamblers (4025)
The_1__Gamblers checks
UDF1 checks
River [4s Kc Ad 6c 9h], UDF1 (4220), The_1__Gamblers (4025)
The_1__Gamblers checks
UDF1 checks
UDF1 shows [Ts 7s]
The_1__Gamblers shows [3h Qs]
UDF1 awarded -4220
The_1__Gamblers awarded 4220

Round #327, The_1__Gamblers (10849), UDF1 (-10849)
The_1__Gamblers posts blind: 10
UDF1 posts blind: 20
The_1__Gamblers received [Ks Qc]
UDF1 received [7s 5h]
The_1__Gamblers raises to 44
UDF1 folds
The_1__Gamblers awarded 20
UDF1 awarded -20

Round #328, UDF1 (-10869), The_1__Gamblers (10869)
UDF1 posts blind: 10
The_1__Gamblers posts blind: 20
UDF1 received [Jc Tc]
The_1__Gamblers received [6d 6c]
UDF1 calls
The_1__Gamblers checks
Flop [Ts 3h 3c], UDF1 (20), The_1__Gamblers (20)
The_1__Gamblers bids 274
UDF1 bids 238
The_1__Gamblers won the auction and was revealed [Jc]
Flop [Ts 3h 3c], UDF1 (20), The_1__Gamblers (258)
The_1__Gamblers bets 166
UDF1 raises to 3372
The_1__Gamblers raises to 4742
UDF1 calls
Turn [Ts 3h 3c 9c], UDF1 (4762), The_1__Gamblers (5000)
The_1__Gamblers checks
UDF1 checks
River [Ts 3h 3c 9c Jh], UDF1 (4762), The_1__Gamblers (5000)
The_1__Gamblers checks
UDF1 checks
UDF1 shows [Jc Tc]
The_1__Gamblers shows [6d 6c]
UDF1 awarded 5000
The_1__Gamblers awarded -5000

Round #329, The_1__Gamblers (5869), UDF1 (-5869)
The_1__Gamblers posts blind: 10
UDF1 posts blind: 20
The_1__Gamblers received [5d 2s]
UDF1 received [7h Ts]
The_1__Gamblers raises to 44
UDF1 calls
Flop [Jc Td 5s], The_1__Gamblers (44), UDF1 (44)
UDF1 bids 168
The_1__Gamblers bids 338
The_1__Gamblers won the auction and was revealed [7h]
Flop [Jc Td 5s], The_1__Gamblers (212), UDF1 (44)
UDF1 bets 2968
The_1__Gamblers raises to 4788
UDF1 calls
Turn [Jc Td 5s 5c], The_1__Gamblers (5000), UDF1 (4832)
UDF1 checks
The_1__Gamblers checks
River [Jc Td 5s 5c 9h], The_1__Gamblers (5000), UDF1 (4832)
UDF1 checks
The_1__Gamblers checks
The_1__Gamblers shows [5d 2s]
UDF1 shows [7h Ts]
The_1__Gamblers awarded 4832
UDF1 awarded -4832

Round #330, UDF1 (-10701), The_1__Gamblers (10701)
UDF1 posts blind: 10
The_1__Gamblers posts blind: 20
UDF1 received [9d Jd]
The_1__Gamblers received [7d 5h]
UDF1 folds
UDF1 awarded -10
The_1__Gamblers awarded 10

Round #331, The_1__Gamblers (10711), UDF1 (-10711)
The_1__Gamblers posts blind: 10
UDF1 posts blind: 20
The_1__Gamblers received [2d 6h]
UDF1 received [5h 2c]
The_1__Gamblers raises to 44
UDF1 folds
The_1__Gamblers awarded 20
UDF1 awarded -20

Round #332, UDF1 (-10731), The_1__Gamblers (10731)
UDF1 posts blind: 10
The_1__Gamblers posts blind: 20
UDF1 received [6h 2d]
The_1__Gamblers received [Jc 3c]
UDF1 folds
UDF1 awarded -10
The_1__Gamblers awarded 10

Round #333, The_1__Gamblers (10741), UDF1 (-10741)
The_1__Gamblers posts blind: 10
UDF1 posts blind: 20
The_1__Gamblers received [5h 3d]
UDF1 received [2c 9s]
The_1__Gamblers raises to 44
UDF1 folds
The_1__Gamblers awarded 20
UDF1 awarded -20

Round #334, UDF1 (-10761), The_1__Gamblers (10761)
UDF1 posts blind: 10
The_1__Gamblers posts blind: 20
UDF1 received [8h 6h]
The_1__Gamblers received [Kc Ts]
UDF1 folds
UDF1 awarded -10
The_1__Gamblers awarded 10

Round #335, The_1__Gamblers (10771), UDF1 (-10771)
The_1__Gamblers posts blind: 10
UDF1 posts blind: 20
The_1__Gamblers received [4c Kd]
UDF1 received [6d 5s]
The_1__Gamblers raises to 44
UDF1 folds
The_1__Gamblers awarded 20
UDF1 awarded -20

Round #336, UDF1 (-10791), The_1__Gamblers (10791)
UDF1 posts blind: 10
The_1__Gamblers posts blind: 20
UDF1 received [7d Ah]
The_1__Gamblers received [3c 5c]
UDF1 folds
UDF1 awarded -10
The_1__Gamblers awarded 10

Round #337, The_1__Gamblers (10801), UDF1 (-10801)
The_1__Gamblers posts blind: 10
UDF1 posts blind: 20
The_1__Gamblers received [Jc Kh]
UDF1 received [4c 8s]
The_1__Gamblers raises to 44
UDF1 folds
The_1__Gamblers awarded 20
UDF1 awarded -20

Round #338, UDF1 (-10821), The_1__Gamblers (10821)
UDF1 posts blind: 10
The_1__Gamblers posts blind: 20
UDF1 received [7s 8d]
The_1__Gamblers received [3h Kh]
UDF1 calls
The_1__Gamblers checks
Flop [6s 2d 3d], UDF1 (20), The_1__Gamblers (20)
The_1__Gamblers bids 249
UDF1 bids 251
UDF1 won the auction and was revealed [3h]
Flop [6s 2d 3d], UDF1 (269), The_1__Gamblers (20)
The_1__Gamblers bets 173
UDF1 folds
UDF1 awarded -269
The_1__Gamblers awarded 269

Round #339, The_1__Gamblers (11090), UDF1 (-11090)
The_1__Gamblers posts blind: 10
UDF1 posts blind: 20
The_1__Gamblers received [Js 8h]
UDF1 received [6h 8s]
The_1__Gamblers raises to 44
UDF1 folds
The_1__Gamblers awarded 20
UDF1 awarded -20

Round #340, UDF1 (-11110), The_1__Gamblers (11110)
UDF1 posts blind: 10
The_1__Gamblers posts blind: 20
UDF1 received [5h 7s]
The_1__Gamblers received [6s 4c]
UDF1 raises to 2300
The_1__Gamblers calls
Flop [9c Tc 3c], UDF1 (2300), The_1__Gamblers (2300)
The_1__Gamblers bids 114
UDF1 bids 263
UDF1 won the auction and was revealed [6s]
Flop [9c Tc 3c], UDF1 (2414), The_1__Gamblers (2300)
The_1__Gamblers checks
UDF1 checks
Turn [9c Tc 3c 9s], UDF1 (2414), The_1__Gamblers (2300)
The_1__Gamblers checks
UDF1 checks
River [9c Tc 3c 9s Ts], UDF1 (2414), The_1__Gamblers (2300)
The_1__Gamblers checks
UDF1 checks
UDF1 shows [5h 7s]
The_1__Gamblers shows [6s 4c]
UDF1 awarded 2300
The_1__Gamblers awarded -2300

Round #341, The_1__Gamblers (8810), UDF1 (-8810)
The_1__Gamblers posts blind: 10
UDF1 posts blind: 20
The_1__Gamblers received [Js Kh]
UDF1 received [2s 7c]
The_1__Gamblers raises to 44
UDF1 folds
The_1__Gamblers awarded 20
UDF1 awarded -20

Round #342, UDF1 (-8830), The_1__Gamblers (8830)
UDF1 posts blind: 10
The_1__Gamblers posts blind: 20
UDF1 received [Jd 4s]
The_1__Gamblers received [3s 4c]
UDF1 folds
UDF1 awarded -10
The_1__Gamblers awarded 10

Round #343, The_1__Gamblers (8840), UDF1 (-8840)
The_1__Gamblers posts blind: 10
UDF1 posts blind: 20
The_1__Gamblers received [8h Qs]
UDF1 received [5s 7d]
The_1__Gamblers raises to 44
UDF1 calls
Flop [3s Jd 5c], The_1__Gamblers (44), UDF1 (44)
UDF1 bids 284
The_1__Gamblers bids 332
The_1__Gamblers won the auction and was revealed [5s]
Flop [3s Jd 5c], The_1__Gamblers (328), UDF1 (44)
UDF1 bets 3087
The_1__Gamblers folds
The_1__Gamblers awarded -328
UDF1 awarded 328

Round #344, UDF1 (-8512), The_1__Gamblers (8512)
UDF1 posts blind: 10
The_1__Gamblers posts blind: 20
UDF1 received [Jh 3c]
The_1__Gamblers received [2d 5d]
UDF1 calls
The_1__Gamblers checks
Flop [Td Ts 4d], UDF1 (20), The_1__Gamblers (20)
The_1__Gamblers bids 174
UDF1 bids 239
UDF1 won the auction and was revealed [5d]
Flop [Td Ts 4d], UDF1 (194), The_1__Gamblers (20)
The_1__Gamblers checks
UDF1 checks
Turn [Td Ts 4d Ks], UDF1 (194), The_1__Gamblers (20)
The_1__Gamblers checks
UDF1 checks
River [Td Ts 4d Ks Ah], UDF1 (194), The_1__Gamblers (20)
The_1__Gamblers checks
UDF1 checks
UDF1 shows [Jh 3c]
The_1__Gamblers shows [2d 5d]
UDF1 awarded 20
The_1__Gamblers awarded -20

Round #345, The_1__Gamblers (8492), UDF1 (-8492)
The_1__Gamblers posts blind: 10
UDF1 posts blind: 20
The_1__Gamblers received [8s 3s]
UDF1 received [9d Ts]
The_1__Gamblers raises to 44
UDF1 calls
Flop [7s 2d Kd], The_1__Gamblers (44), UDF1 (44)
UDF1 bids 294
The_1__Gamblers bids 111
UDF1 won the auction and was revealed [3s]
Flop [7s 2d Kd], The_1__Gamblers (44), UDF1 (155)
UDF1 bets 2778
The_1__Gamblers folds
The_1__Gamblers awarded -44
UDF1 awarded 44

Round #346, UDF1 (-8448), The_1__Gamblers (8448)
UDF1 posts blind: 10
The_1__Gamblers posts blind: 20
UDF1 received [Qc 5h]
The_1__Gamblers received [8c Td]
UDF1 calls
The_1__Gamblers checks
Flop [Ad 6c 8s], UDF1 (20), The_1__Gamblers (20)
The_1__Gamblers bids 224
UDF1 bids 130
The_1__Gamblers won the auction and was revealed [Qc]
Flop [Ad 6c 8s], UDF1 (20), The_1__Gamblers (150)
The_1__Gamblers bets 212
UDF1 folds
UDF1 awarded -20
The_1__Gamblers awarded 20

Round #347, The_1__Gamblers (8468), UDF1 (-8468)
The_1__Gamblers posts blind: 10
UDF1 posts blind: 20
The_1__Gamblers received [Tc 4h]
UDF1 received [7c Qd]
The_1__Gamblers raises to 44
UDF1 folds
The_1__Gamblers awarded 20
UDF1 awarded -20

Round #348, UDF1 (-8488), The_1__Gamblers (8488)
UDF1 posts blind: 10
The_1__Gamblers posts blind: 20
UDF1 received [6s Qc]
The_1__Gamblers received [Qh Jd]
UDF1 folds
UDF1 awarded -10
The_1__Gamblers awarded 10

Round #349, The_1__Gamblers (8498), UDF1 (-8498)
The_1__Gamblers posts blind: 10
UDF1 posts blind: 20
The_1__Gamblers received [6h 2h]
UDF1 received [2c Td]
The_1__Gamblers raises to 44
UDF1 folds
The_1__Gamblers awarded 20
UDF1 awarded -20

Round #350, UDF1 (-8518), The_1__Gamblers (8518)
UDF1 posts blind: 10
The_1__Gamblers posts blind: 20
UDF1 received [8s Kc]
The_1__Gamblers received [Js Qd]
UDF1 raises to 2480
The_1__Gamblers calls
Flop [Ah 3c 5d], UDF1 (2480), The_1__Gamblers (2480)
The_1__Gamblers bids 187
UDF1 bids 249
UDF1 won the auction and was revealed [Js]
Flop [Ah 3c 5d], UDF1 (2667), The_1__Gamblers (2480)
The_1__Gamblers bets 1698
UDF1 calls
Turn [Ah 3c 5d 3d], UDF1 (4365), The_1__Gamblers (4178)
The_1__Gamblers checks
UDF1 bets 526
The_1__Gamblers raises to 635
UDF1 calls
River [Ah 3c 5d 3d 6h], UDF1 (5000), The_1__Gamblers (4813)
The_1__Gamblers checks
UDF1 checks
UDF1 shows [8s Kc]
The_1__Gamblers shows [Js Qd]
UDF1 awarded 4813
The_1__Gamblers awarded -4813

Round #351, The_1__Gamblers (3705), UDF1 (-3705)
The_1__Gamblers posts blind: 10
UDF1 posts blind: 20
The_1__Gamblers received [9s Qd]
UDF1 received [7s 5h]
The_1__Gamblers raises to 44
UDF1 calls
Flop [Kc 2s 7c], The_1__Gamblers (44), UDF1 (44)
UDF1 bids 245
The_1__Gamblers bids 367
The_1__Gamblers won the auction and was revealed [5h]
Flop [Kc 2s 7c], The_1__Gamblers (289), UDF1 (44)
UDF1 bets 3010
The_1__Gamblers folds
The_1__Gamblers awarded -289
UDF1 awarded 289

Round #352, UDF1 (-3416), The_1__Gamblers (3416)
UDF1 posts blind: 10
The_1__Gamblers posts blind: 20
UDF1 received [Td Ad]
The_1__Gamblers received [4s Kc]
UDF1 raises to 4274
The_1__Gamblers calls
Flop [9s 4c 3s], UDF1 (4274), The_1__Gamblers (4274)
The_1__Gamblers bids 33
UDF1 bids 242
UDF1 won the auction and was revealed [4s]
Flop [9s 4c 3s], UDF1 (4307), The_1__Gamblers (4274)
The_1__Gamblers bets 693
UDF1 calls
Turn [9s 4c 3s Qs], UDF1 (5000), The_1__Gamblers (4967)
The_1__Gamblers checks
UDF1 checks
River [9s 4c 3s Qs 3h], UDF1 (5000), The_1__Gamblers (4967)
The_1__Gamblers checks
UDF1 checks
UDF1 shows [Td Ad]
The_1__Gamblers shows [4s Kc]
UDF1 awarded -5000
The_1__Gamblers awarded 5000

Round #353, The_1__Gamblers (8416), UDF1 (-8416)
The_1__Gamblers posts blind: 10
UDF1 posts blind: 20
The_1__Gamblers received [5s 8d]
UDF1 received [2h Kh]
The_1__Gamblers raises to 44
UDF1 folds
The_1__Gamblers awarded 20
UDF1 awarded -20

Round #354, UDF1 (-8436), The_1__Gamblers (8436)
UDF1 posts blind: 10
The_1__Gamblers posts blind: 20
UDF1 received [8c 9h]
The_1__Gamblers received [8s Qd]
UDF1 raises to 2990
The_1__Gamblers calls
Flop [9s Jd 4d], UDF1 (2990), The_1__Gamblers (2990)
The_1__Gamblers bids 136
UDF1 bids 242
UDF1 won the auction and was revealed [8s]
Flop [9s Jd 4d], UDF1 (3126), The_1__Gamblers (2990)
The_1__Gamblers checks
UDF1 bets 1582
The_1__Gamblers raises to 1874
UDF1 calls
Turn [9s Jd 4d 7h], UDF1 (5000), The_1__Gamblers (4864)
The_1__Gamblers checks
UDF1 checks
River [9s Jd 4d 7h Ts], UDF1 (5000), The_1__Gamblers (4864)
The_1__Gamblers checks
UDF1 checks
UDF1 shows [8c 9h]
The_1__Gamblers shows [8s Qd]
UDF1 awarded -5000
The_1__Gamblers awarded 5000

Round #355, The_1__Gamblers (13436), UDF1 (-13436)
The_1__Gamblers posts blind: 10
UDF1 posts blind: 20
The_1__Gamblers received [Td 9s]
UDF1 received [8d 6h]
The_1__Gamblers raises to 44
UDF1 folds
The_1__Gamblers awarded 20
UDF1 awarded -20

Round #356, UDF1 (-13456), The_1__Gamblers (13456)
UDF1 posts blind: 10
The_1__Gamblers posts blind: 20
UDF1 received [2c Jc]
The_1__Gamblers received [Qd Js]
UDF1 calls
The_1__Gamblers checks
Flop [Kd Ah 9s], UDF1 (20), The_1__Gamblers (20)
The_1__Gamblers bids 359
UDF1 bids 298
The_1__Gamblers won the auction and was revealed [Jc]
Flop [Kd Ah 9s], UDF1 (20), The_1__Gamblers (318)
The_1__Gamblers bets 111
UDF1 calls
Turn [Kd Ah 9s 9d], UDF1 (131), The_1__Gamblers (429)
The_1__Gamblers bets 184
UDF1 calls
River [Kd Ah 9s 9d Td], UDF1 (315), The_1__Gamblers (613)
The_1__Gamblers bets 1160
UDF1 folds
UDF1 awarded -315
The_1__Gamblers awarded 315

Round #357, The_1__Gamblers (13771), UDF1 (-13771)
The_1__Gamblers posts blind: 10
UDF1 posts blind: 20
The_1__Gamblers received [7c Tc]
UDF1 received [As 6c]
The_1__Gamblers raises to 44
UDF1 folds
The_1__Gamblers awarded 20
UDF1 awarded -20

Round #358, UDF1 (-13791), The_1__Gamblers (13791)
UDF1 posts blind: 10
The_1__Gamblers posts blind: 20
UDF1 received [2d Jh]
The_1__Gamblers received [Td Ks]
UDF1 raises to 2117
The_1__Gamblers calls
Flop [Ad Qh 4c], UDF1 (2117), The_1__Gamblers (2117)
The_1__Gamblers bids 209
UDF1 bids 279
UDF1 won the auction and was revealed [Ks]
Flop [Ad Qh 4c], UDF1 (2326), The_1__Gamblers (2117)
The_1__Gamblers bets 1466
UDF1 folds
UDF1 awarded -2326
The_1__Gamblers awarded 2326

Round #359, The_1__Gamblers (16117), UDF1 (-16117)
The_1__Gamblers posts blind: 10
UDF1 posts blind: 20
The_1__Gamblers received [Js 3c]
UDF1 received [Jc Ks]
The_1__Gamblers calls
UDF1 checks
Flop [As 3d 4c], The_1__Gamblers (20), UDF1 (20)
UDF1 bids 223
The_1__Gamblers bids 326
The_1__Gamblers won the auction and was revealed [Ks]
Flop [As 3d 4c], The_1__Gamblers (243), UDF1 (20)
UDF1 checks
The_1__Gamblers bets 157
UDF1 calls
Turn [As 3d 4c Qs], The_1__Gamblers (400), UDF1 (177)
UDF1 checks
The_1__Gamblers bets 190
UDF1 calls
River [As 3d 4c Qs Ad], The_1__Gamblers (590), UDF1 (367)
UDF1 bets 2304
The_1__Gamblers raises to 4410
UDF1 calls
The_1__Gamblers shows [Js 3c]
UDF1 shows [Jc Ks]
The_1__Gamblers awarded 4777
UDF1 awarded -4777

Round #360, UDF1 (-20894), The_1__Gamblers (20894)
UDF1 posts blind: 10
The_1__Gamblers posts blind: 20
UDF1 received [Ah Qh]
The_1__Gamblers received [8h 4d]
UDF1 raises to 4659
The_1__Gamblers calls
Flop [Kh 3c 3d], UDF1 (4659), The_1__Gamblers (4659)
The_1__Gamblers bids 12
UDF1 bids 113
UDF1 won the auction and was revealed [4d]
Flop [Kh 3c 3d], UDF1 (4671), The_1__Gamblers (4659)
The_1__Gamblers checks
UDF1 bets 287
The_1__Gamblers raises to 329
UDF1 calls
Turn [Kh 3c 3d 7d], UDF1 (5000), The_1__Gamblers (4988)
The_1__Gamblers checks
UDF1 checks
River [Kh 3c 3d 7d Ad], UDF1 (5000), The_1__Gamblers (4988)
The_1__Gamblers checks
UDF1 checks
UDF1 shows [Ah Qh]
The_1__Gamblers shows [8h 4d]
UDF1 awarded 4988
The_1__Gamblers awarded -4988

Round #361, The_1__Gamblers (15906), UDF1 (-15906)
The_1__Gamblers posts blind: 10
UDF1 posts blind: 20
The_1__Gamblers received [2h Ac]
UDF1 received [4h 2d]
The_1__Gamblers raises to 44
UDF1 raises to 2382
The_1__Gamblers raises to 4720
UDF1 folds
The_1__Gamblers awarded 2382
UDF1 awarded -2382

Round #362, UDF1 (-18288), The_1__Gamblers (18288)
UDF1 posts blind: 10
The_1__Gamblers posts blind: 20
UDF1 received [6c Kd]
The_1__Gamblers received [Td Ad]
UDF1 folds
UDF1 awarded -10
The_1__Gamblers awarded 10

Round #363, The_1__Gamblers (18298), UDF1 (-18298)
The_1__Gamblers posts blind: 10
UDF1 posts blind: 20
The_1__Gamblers received [4c 2d]
UDF1 received [Ks 4h]
The_1__Gamblers raises to 44
UDF1 folds
The_1__Gamblers awarded 20
UDF1 awarded -20

Round #364, UDF1 (-18318), The_1__Gamblers (18318)
UDF1 posts blind: 10
The_1__Gamblers posts blind: 20
UDF1 received [6h Th]
The_1__Gamblers received [7d As]
UDF1 raises to 2106
The_1__Gamblers calls
Flop [Qc Ks 3c], UDF1 (2106), The_1__Gamblers (2106)
The_1__Gamblers bids 214
UDF1 bids 341
UDF1 won the auction and was revealed [7d]
Flop [Qc Ks 3c], UDF1 (2320), The_1__Gamblers (2106)
The_1__Gamblers bets 1460
UDF1 calls
Turn [Qc Ks 3c Ad], UDF1 (3780), The_1__Gamblers (3566)
The_1__Gamblers bets 1220
UDF1 calls
River [Qc Ks 3c Ad 3d], UDF1 (5000), The_1__Gamblers (4786)
The_1__Gamblers checks
UDF1 checks
UDF1 shows [6h Th]
The_1__Gamblers shows [7d As]
UDF1 awarded -5000
The_1__Gamblers awarded 5000

Round #365, The_1__Gamblers (23318), UDF1 (-23318)
The_1__Gamblers posts blind: 10
UDF1 posts blind: 20
The_1__Gamblers received [7s 6d]
UDF1 received [9h Ks]
The_1__Gamblers raises to 44
UDF1 folds
The_1__Gamblers awarded 20
UDF1 awarded -20

Round #366, UDF1 (-23338), The_1__Gamblers (23338)
UDF1 posts blind: 10
The_1__Gamblers posts blind: 20
UDF1 received [Kc 8d]
The_1__Gamblers received [8c 7d]
UDF1 folds
UDF1 awarded -10
The_1__Gamblers awarded 10

Round #367, The_1__Gamblers (23348), UDF1 (-23348)
The_1__Gamblers posts blind: 10
UDF1 posts blind: 20
The_1__Gamblers received [7c 5s]
UDF1 received [6c 6h]
The_1__Gamblers raises to 44
UDF1 calls
Flop [5d Qd Td], The_1__Gamblers (44), UDF1 (44)
UDF1 bids 229
The_1__Gamblers bids 342
The_1__Gamblers won the auction and was revealed [6h]
Flop [5d Qd Td], The_1__Gamblers (273), UDF1 (44)
UDF1 checks
The_1__Gamblers bets 104
UDF1 calls
Turn [5d Qd Td 4s], The_1__Gamblers (377), UDF1 (148)
UDF1 checks
The_1__Gamblers bets 173
UDF1 calls
River [5d Qd Td 4s 8c], The_1__Gamblers (550), UDF1 (321)
UDF1 bets 2136
The_1__Gamblers calls
The_1__Gamblers shows [7c 5s]
UDF1 shows [6c 6h]
The_1__Gamblers awarded -2686
UDF1 awarded 2686

Round #368, UDF1 (-20662), The_1__Gamblers (20662)
UDF1 posts blind: 10
The_1__Gamblers posts blind: 20
UDF1 received [Ac 3h]
The_1__Gamblers received [4d 3d]
UDF1 folds
UDF1 awarded -10
The_1__Gamblers awarded 10

Round #369, The_1__Gamblers (20672), UDF1 (-20672)
The_1__Gamblers posts blind: 10
UDF1 posts blind: 20
The_1__Gamblers received [2c 2h]
UDF1 received [5d 4s]
The_1__Gamblers raises to 44
UDF1 folds
The_1__Gamblers awarded 20
UDF1 awarded -20

Round #370, UDF1 (-20692), The_1__Gamblers (20692)
UDF1 posts blind: 10
The_1__Gamblers posts blind: 20
UDF1 received [2c 6s]
The_1__Gamblers received [Qs Ad]
UDF1 folds
UDF1 awarded -10
The_1__Gamblers awarded 10

Round #371, The_1__Gamblers (20702), UDF1 (-20702)
The_1__Gamblers posts blind: 10
UDF1 posts blind: 20
The_1__Gamblers received [7h 6s]
UDF1 received [6d 3c]
The_1__Gamblers raises to 44
UDF1 folds
The_1__Gamblers awarded 20
UDF1 awarded -20

Round #372, UDF1 (-20722), The_1__Gamblers (20722)
UDF1 posts blind: 10
The_1__Gamblers posts blind: 20
UDF1 received [Jh 6h]
The_1__Gamblers received [Kh 5d]
UDF1 folds
UDF1 awarded -10
The_1__Gamblers awarded 10

Round #373, The_1__Gamblers (20732), UDF1 (-20732)
The_1__Gamblers posts blind: 10
UDF1 posts blind: 20
The_1__Gamblers received [Jc Ts]
UDF1 received [Td 2d]
The_1__Gamblers raises to 44
UDF1 folds
The_1__Gamblers awarded 20
UDF1 awarded -20

Round #374, UDF1 (-20752), The_1__Gamblers (20752)
UDF1 posts blind: 10
The_1__Gamblers posts blind: 20
UDF1 received [2s Ks]
The_1__Gamblers received [6s 3h]
UDF1 folds
UDF1 awarded -10
The_1__Gamblers awarded 10

Round #375, The_1__Gamblers (20762), UDF1 (-20762)
The_1__Gamblers posts blind: 10
UDF1 posts blind: 20
The_1__Gamblers received [5s 3c]
UDF1 received [5d Ks]
The_1__Gamblers raises to 44
UDF1 folds
The_1__Gamblers awarded 20
UDF1 awarded -20

Round #376, UDF1 (-20782), The_1__Gamblers (20782)
UDF1 posts blind: 10
The_1__Gamblers posts blind: 20
UDF1 received [Jd 6s]
The_1__Gamblers received [3h 2d]
UDF1 folds
UDF1 awarded -10
The_1__Gamblers awarded 10

Round #377, The_1__Gamblers (20792), UDF1 (-20792)
The_1__Gamblers posts blind: 10
UDF1 posts blind: 20
The_1__Gamblers received [5h 2d]
UDF1 received [Qc 4c]
The_1__Gamblers raises to 44
UDF1 raises to 2212
The_1__Gamblers raises to 4380
UDF1 folds
The_1__Gamblers awarded 2212
UDF1 awarded -2212

Round #378, UDF1 (-23004), The_1__Gamblers (23004)
UDF1 posts blind: 10
The_1__Gamblers posts blind: 20
UDF1 received [Ac 2d]
The_1__Gamblers received [2c Jd]
UDF1 calls
The_1__Gamblers checks
Flop [4d Ks 5c], UDF1 (20), The_1__Gamblers (20)
The_1__Gamblers bids 309
UDF1 bids 285
The_1__Gamblers won the auction and was revealed [2d]
Flop [4d Ks 5c], UDF1 (20), The_1__Gamblers (305)
The_1__Gamblers checks
UDF1 checks
Turn [4d Ks 5c 5s], UDF1 (20), The_1__Gamblers (305)
The_1__Gamblers checks
UDF1 bets 2443
The_1__Gamblers folds
UDF1 awarded 305
The_1__Gamblers awarded -305

Round #379, The_1__Gamblers (22699), UDF1 (-22699)
The_1__Gamblers posts blind: 10
UDF1 posts blind: 20
The_1__Gamblers received [2s 2h]
UDF1 received [9h 5h]
The_1__Gamblers raises to 44
UDF1 folds
The_1__Gamblers awarded 20
UDF1 awarded -20

Round #380, UDF1 (-22719), The_1__Gamblers (22719)
UDF1 posts blind: 10
The_1__Gamblers posts blind: 20
UDF1 received [Kd Kh]
The_1__Gamblers received [7c Th]
UDF1 raises to 4721
The_1__Gamblers calls
Flop [4s 3s 7h], UDF1 (4721), The_1__Gamblers (4721)
The_1__Gamblers bids 8
UDF1 bids 115
UDF1 won the auction and was revealed [7c]
Flop [4s 3s 7h], UDF1 (4729), The_1__Gamblers (4721)
The_1__Gamblers bets 271
UDF1 calls
Turn [4s 3s 7h Qs], UDF1 (5000), The_1__Gamblers (4992)
The_1__Gamblers checks
UDF1 checks
River [4s 3s 7h Qs 3d], UDF1 (5000), The_1__Gamblers (4992)
The_1__Gamblers checks
UDF1 checks
UDF1 shows [Kd Kh]
The_1__Gamblers shows [7c Th]
UDF1 awarded 4992
The_1__Gamblers awarded -4992

Round #381, The_1__Gamblers (17727), UDF1 (-17727)
The_1__Gamblers posts blind: 10
UDF1 posts blind: 20
The_1__Gamblers received [Ac 8s]
UDF1 received [Kd 5c]
The_1__Gamblers raises to 44
UDF1 folds
The_1__Gamblers awarded 20
UDF1 awarded -20

Round #382, UDF1 (-17747), The_1__Gamblers (17747)
UDF1 posts blind: 10
The_1__Gamblers posts blind: 20
UDF1 received [7h Jd]
The_1__Gamblers received [Qh 7c]
UDF1 raises to 2394
The_1__Gamblers calls
Flop [Qc 9h 9c], UDF1 (2394), The_1__Gamblers (2394)
The_1__Gamblers bids 91
UDF1 bids 267
UDF1 won the auction and was revealed [7c]
Flop [Qc 9h 9c], UDF1 (2485), The_1__Gamblers (2394)
The_1__Gamblers bets 2515
UDF1 calls
Turn [Qc 9h 9c Kh], UDF1 (5000), The_1__Gamblers (4909)
The_1__Gamblers checks
UDF1 checks
River [Qc 9h 9c Kh 4h], UDF1 (5000), The_1__Gamblers (4909)
The_1__Gamblers checks
UDF1 checks
UDF1 shows [7h Jd]
The_1__Gamblers shows [Qh 7c]
UDF1 awarded -5000
The_1__Gamblers awarded 5000

Round #383, The_1__Gamblers (22747), UDF1 (-22747)
The_1__Gamblers posts blind: 10
UDF1 posts blind: 20
The_1__Gamblers received [Kd 2c]
UDF1 received [4s Qh]
The_1__Gamblers calls
UDF1 checks
Flop [5d 8h 4h], The_1__Gamblers (20), UDF1 (20)
UDF1 bids 298
The_1__Gamblers bids 351
The_1__Gamblers won the auction and was revealed [4s]
Flop [5d 8h 4h], The_1__Gamblers (318), UDF1 (20)
UDF1 bets 2468
The_1__Gamblers folds
The_1__Gamblers awarded -318
UDF1 awarded 318

Round #384, UDF1 (-22429), The_1__Gamblers (22429)
UDF1 posts blind: 10
The_1__Gamblers posts blind: 20
UDF1 received [Qd 5s]
The_1__Gamblers received [6h Jc]
UDF1 raises to 2328
The_1__Gamblers calls
Flop [2d Kc Kd], UDF1 (2328), The_1__Gamblers (2328)
The_1__Gamblers bids 196
UDF1 bids 239
UDF1 won the auction and was revealed [Jc]
Flop [2d Kc Kd], UDF1 (2524), The_1__Gamblers (2328)
The_1__Gamblers checks
UDF1 bets 2286
The_1__Gamblers raises to 2476
UDF1 calls
Turn [2d Kc Kd As], UDF1 (5000), The_1__Gamblers (4804)
The_1__Gamblers checks
UDF1 checks
River [2d Kc Kd As Ad], UDF1 (5000), The_1__Gamblers (4804)
The_1__Gamblers checks
UDF1 checks
UDF1 shows [Qd 5s]
The_1__Gamblers shows [6h Jc]
UDF1 awarded 4804
The_1__Gamblers awarded -4804

Round #385, The_1__Gamblers (17625), UDF1 (-17625)
The_1__Gamblers posts blind: 10
UDF1 posts blind: 20
The_1__Gamblers received [3c 6h]
UDF1 received [7d 7c]
The_1__Gamblers raises to 44
UDF1 raises to 2825
The_1__Gamblers raises to 5000
UDF1 calls
Flop [9c 2d 3h], The_1__Gamblers (5000), UDF1 (5000)
UDF1 bids 0
The_1__Gamblers bids 0
The_1__Gamblers won the auction and was revealed [7d]
UDF1 won the auction and was revealed [3c]
Flop [9c 2d 3h], The_1__Gamblers (5000), UDF1 (5000)
UDF1 checks
The_1__Gamblers checks
Turn [9c 2d 3h Td], The_1__Gamblers (5000), UDF1 (5000)
UDF1 checks
The_1__Gamblers checks
River [9c 2d 3h Td Kd], The_1__Gamblers (5000), UDF1 (5000)
UDF1 checks
The_1__Gamblers checks
The_1__Gamblers shows [3c 6h]
UDF1 shows [7d 7c]
The_1__Gamblers awarded -5000
UDF1 awarded 5000

Round #386, UDF1 (-12625), The_1__Gamblers (12625)
UDF1 posts blind: 10
The_1__Gamblers posts blind: 20
UDF1 received [Kh 8h]
The_1__Gamblers received [6c 7h]
UDF1 folds
UDF1 awarded -10
The_1__Gamblers awarded 10

Round #387, The_1__Gamblers (12635), UDF1 (-12635)
The_1__Gamblers posts blind: 10
UDF1 posts blind: 20
The_1__Gamblers received [9s 3h]
UDF1 received [Ad Qh]
The_1__Gamblers calls
UDF1 raises to 4225
The_1__Gamblers calls
Flop [Kc 9c 8s], The_1__Gamblers (4225), UDF1 (4225)
UDF1 bids 708
The_1__Gamblers bids 39
UDF1 won the auction and was revealed [9s]
Flop [Kc 9c 8s], The_1__Gamblers (4225), UDF1 (4264)
UDF1 checks
The_1__Gamblers bets 736
UDF1 calls
Turn [Kc 9c 8s 4d], The_1__Gamblers (4961), UDF1 (5000)
UDF1 checks
The_1__Gamblers checks
River [Kc 9c 8s 4d Jd], The_1__Gamblers (4961), UDF1 (5000)
UDF1 checks
The_1__Gamblers checks
The_1__Gamblers shows [9s 3h]
UDF1 shows [Ad Qh]
The_1__Gamblers awarded 5000
UDF1 awarded -5000

Round #388, UDF1 (-17635), The_1__Gamblers (17635)
UDF1 posts blind: 10
The_1__Gamblers posts blind: 20
UDF1 received [Qh As]
The_1__Gamblers received [Tc 5d]
UDF1 calls
The_1__Gamblers checks
Flop [Td 3s 2s], UDF1 (20), The_1__Gamblers (20)
The_1__Gamblers bids 146
UDF1 bids 242
UDF1 won the auction and was revealed [5d]
Flop [Td 3s 2s], UDF1 (166), The_1__Gamblers (20)
The_1__Gamblers bets 232
UDF1 raises to 3407
The_1__Gamblers raises to 4834
UDF1 calls
Turn [Td 3s 2s Qs], UDF1 (5000), The_1__Gamblers (4854)
The_1__Gamblers checks
UDF1 checks
River [Td 3s 2s Qs 6h], UDF1 (5000), The_1__Gamblers (4854)
The_1__Gamblers checks
UDF1 checks
UDF1 shows [Qh As]
The_1__Gamblers shows [Tc 5d]
UDF1 awarded 4854
The_1__Gamblers awarded -4854

Round #389, The_1__Gamblers (12781), UDF1 (-12781)
The_1__Gamblers posts blind: 10
UDF1 posts blind: 20
The_1__Gamblers received [4h Kc]
UDF1 received [Ac 9c]
The_1__Gamblers raises to 44
UDF1 raises to 3091
The_1__Gamblers raises to 5000
UDF1 calls
Flop [6s 6h 5d], The_1__Gamblers (5000), UDF1 (5000)
UDF1 bids 0
The_1__Gamblers bids 0
The_1__Gamblers won the auction and was revealed [Ac]
UDF1 won the auction and was revealed [4h]
Flop [6s 6h 5d], The_1__Gamblers (5000), UDF1 (5000)
UDF1 checks
The_1__Gamblers checks
Turn [6s 6h 5d 3c], The_1__Gamblers (5000), UDF1 (5000)
UDF1 checks
The_1__Gamblers checks
River [6s 6h 5d 3c Ah], The_1__Gamblers (5000), UDF1 (5000)
UDF1 checks
The_1__Gamblers checks
The_1__Gamblers shows [4h Kc]
UDF1 shows [Ac 9c]
The_1__Gamblers awarded -5000
UDF1 awarded 5000

Round #390, UDF1 (-7781), The_1__Gamblers (7781)
UDF1 posts blind: 10
The_1__Gamblers posts blind: 20
UDF1 received [5s 2d]
The_1__Gamblers received [7d 6c]
UDF1 raises to 2221
The_1__Gamblers calls
Flop [9s As Jh], UDF1 (2221), The_1__Gamblers (2221)
The_1__Gamblers bids 123
UDF1 bids 255
UDF1 won the auction and was revealed [6c]
Flop [9s As Jh], UDF1 (2344), The_1__Gamblers (2221)
The_1__Gamblers checks
UDF1 checks
Turn [9s As Jh 6h], UDF1 (2344), The_1__Gamblers (2221)
The_1__Gamblers bets 1506
UDF1 folds
UDF1 awarded -2344
The_1__Gamblers awarded 2344

Round #391, The_1__Gamblers (10125), UDF1 (-10125)
The_1__Gamblers posts blind: 10
UDF1 posts blind: 20
The_1__Gamblers received [2c 3d]
UDF1 received [2s Ad]
The_1__Gamblers raises to 44
UDF1 raises to 2247
The_1__Gamblers raises to 4450
UDF1 folds
The_1__Gamblers awarded 2247
UDF1 awarded -2247

Round #392, UDF1 (-12372), The_1__Gamblers (12372)
UDF1 posts blind: 10
The_1__Gamblers posts blind: 20
UDF1 received [Qh Ks]
The_1__Gamblers received [6s As]
UDF1 raises to 4047
The_1__Gamblers calls
Flop [2s 4s 5c], UDF1 (4047), The_1__Gamblers (4047)
The_1__Gamblers bids 67
UDF1 bids 513
UDF1 won the auction and was revealed [As]
Flop [2s 4s 5c], UDF1 (4114), The_1__Gamblers (4047)
The_1__Gamblers bets 886
UDF1 calls
Turn [2s 4s 5c Qd], UDF1 (5000), The_1__Gamblers (4933)
The_1__Gamblers checks
UDF1 checks
River [2s 4s 5c Qd Ad], UDF1 (5000), The_1__Gamblers (4933)
The_1__Gamblers checks
UDF1 checks
UDF1 shows [Qh Ks]
The_1__Gamblers shows [6s As]
UDF1 awarded -5000
The_1__Gamblers awarded 5000

Round #393, The_1__Gamblers (17372), UDF1 (-17372)
The_1__Gamblers posts blind: 10
UDF1 posts blind: 20
The_1__Gamblers received [3h 8s]
UDF1 received [8d 9h]
The_1__Gamblers calls
UDF1 checks
Flop [6c 4d As], The_1__Gamblers (20), UDF1 (20)
UDF1 bids 295
The_1__Gamblers bids 125
UDF1 won the auction and was revealed [8s]
Flop [6c 4d As], The_1__Gamblers (20), UDF1 (145)
UDF1 checks
The_1__Gamblers checks
Turn [6c 4d As Js], The_1__Gamblers (20), UDF1 (145)
UDF1 checks
The_1__Gamblers checks
River [6c 4d As Js 3d], The_1__Gamblers (20), UDF1 (145)
UDF1 checks
The_1__Gamblers checks
The_1__Gamblers shows [3h 8s]
UDF1 shows [8d 9h]
The_1__Gamblers awarded 145
UDF1 awarded -145

Round #394, UDF1 (-17517), The_1__Gamblers (17517)
UDF1 posts blind: 10
The_1__Gamblers posts blind: 20
UDF1 received [3d Jd]
The_1__Gamblers received [6s 6c]
UDF1 folds
UDF1 awarded -10
The_1__Gamblers awarded 10

Round #395, The_1__Gamblers (17527), UDF1 (-17527)
The_1__Gamblers posts blind: 10
UDF1 posts blind: 20
The_1__Gamblers received [6c 3d]
UDF1 received [Th 4c]
The_1__Gamblers raises to 44
UDF1 calls
Flop [8h 9d 8c], The_1__Gamblers (44), UDF1 (44)
UDF1 bids 295
The_1__Gamblers bids 125
UDF1 won the auction and was revealed [6c]
Flop [8h 9d 8c], The_1__Gamblers (44), UDF1 (169)
UDF1 checks
The_1__Gamblers checks
Turn [8h 9d 8c 8d], The_1__Gamblers (44), UDF1 (169)
UDF1 checks
The_1__Gamblers checks
River [8h 9d 8c 8d 9s], The_1__Gamblers (44), UDF1 (169)
UDF1 checks
The_1__Gamblers checks
The_1__Gamblers shows [6c 3d]
UDF1 shows [Th 4c]
The_1__Gamblers awarded 62
UDF1 awarded -62

Round #396, UDF1 (-17589), The_1__Gamblers (17589)
UDF1 posts blind: 10
The_1__Gamblers posts blind: 20
UDF1 received [9d 3d]
The_1__Gamblers received [6c Jh]
UDF1 raises to 2131
The_1__Gamblers calls
Flop [Jc 9h 3h], UDF1 (2131), The_1__Gamblers (2131)
The_1__Gamblers bids 70
UDF1 bids 228
UDF1 won the auction and was revealed [6c]
Flop [Jc 9h 3h], UDF1 (2201), The_1__Gamblers (2131)
The_1__Gamblers bets 2799
UDF1 calls
Turn [Jc 9h 3h Jd], UDF1 (5000), The_1__Gamblers (4930)
The_1__Gamblers checks
UDF1 checks
River [Jc 9h 3h Jd 4d], UDF1 (5000), The_1__Gamblers (4930)
The_1__Gamblers checks
UDF1 checks
UDF1 shows [9d 3d]
The_1__Gamblers shows [6c Jh]
UDF1 awarded -5000
The_1__Gamblers awarded 5000

Round #397, The_1__Gamblers (22589), UDF1 (-22589)
The_1__Gamblers posts blind: 10
UDF1 posts blind: 20
The_1__Gamblers received [Th 6c]
UDF1 received [9c Jc]
The_1__Gamblers raises to 44
UDF1 calls
Flop [5h 8c 7d], The_1__Gamblers (44), UDF1 (44)
UDF1 bids 0
The_1__Gamblers bids 187
The_1__Gamblers won the auction and was revealed [Jc]
Flop [5h 8c 7d], The_1__Gamblers (44), UDF1 (44)
UDF1 bets 2630
The_1__Gamblers folds
The_1__Gamblers awarded -44
UDF1 awarded 44

Round #398, UDF1 (-22545), The_1__Gamblers (22545)
UDF1 posts blind: 10
The_1__Gamblers posts blind: 20
UDF1 received [Qs 9h]
The_1__Gamblers received [5d 3h]
UDF1 folds
UDF1 awarded -10
The_1__Gamblers awarded 10

Round #399, The_1__Gamblers (22555), UDF1 (-22555)
The_1__Gamblers posts blind: 10
UDF1 posts blind: 20
The_1__Gamblers received [7s 8s]
UDF1 received [9c Ts]
The_1__Gamblers raises to 44
UDF1 raises to 2706
The_1__Gamblers raises to 5000
UDF1 calls
Flop [3s 2s Kh], The_1__Gamblers (5000), UDF1 (5000)
UDF1 bids 0
The_1__Gamblers bids 0
The_1__Gamblers won the auction and was revealed [Ts]
UDF1 won the auction and was revealed [8s]
Flop [3s 2s Kh], The_1__Gamblers (5000), UDF1 (5000)
UDF1 checks
The_1__Gamblers checks
Turn [3s 2s Kh 9d], The_1__Gamblers (5000), UDF1 (5000)
UDF1 checks
The_1__Gamblers checks
River [3s 2s Kh 9d Ks], The_1__Gamblers (5000), UDF1 (5000)
UDF1 checks
The_1__Gamblers checks
The_1__Gamblers shows [7s 8s]
UDF1 shows [9c Ts]
The_1__Gamblers awarded 5000
UDF1 awarded -5000

Round #400, UDF1 (-27555), The_1__Gamblers (27555)
UDF1 posts blind: 10
The_1__Gamblers posts blind: 20
UDF1 received [Jc 4d]
The_1__Gamblers received [Kc 7c]
UDF1 calls
The_1__Gamblers checks
Flop [Jd 4h 6s], UDF1 (20), The_1__Gamblers (20)
The_1__Gamblers bids 365
UDF1 bids 237
The_1__Gamblers won the auction and was revealed [4d]
Flop [Jd 4h 6s], UDF1 (20), The_1__Gamblers (257)
The_1__Gamblers checks
UDF1 bets 3503
The_1__Gamblers folds
UDF1 awarded 257
The_1__Gamblers awarded -257

Round #401, The_1__Gamblers (27298), UDF1 (-27298)
The_1__Gamblers posts blind: 10
UDF1 posts blind: 20
The_1__Gamblers received [Kc 8c]
UDF1 received [Tc Qs]
The_1__Gamblers raises to 44
UDF1 folds
The_1__Gamblers awarded 20
UDF1 awarded -20

Round #402, UDF1 (-27318), The_1__Gamblers (27318)
UDF1 posts blind: 10
The_1__Gamblers posts blind: 20
UDF1 received [7d 9h]
The_1__Gamblers received [Ts 2h]
UDF1 folds
UDF1 awarded -10
The_1__Gamblers awarded 10

Round #403, The_1__Gamblers (27328), UDF1 (-27328)
The_1__Gamblers posts blind: 10
UDF1 posts blind: 20
The_1__Gamblers received [8s 6h]
UDF1 received [Qd 8d]
The_1__Gamblers raises to 44
UDF1 raises to 2260
The_1__Gamblers raises to 4476
UDF1 folds
The_1__Gamblers awarded 2260
UDF1 awarded -2260

Round #404, UDF1 (-29588), The_1__Gamblers (29588)
UDF1 posts blind: 10
The_1__Gamblers posts blind: 20
UDF1 received [6h 7c]
The_1__Gamblers received [8s Ks]
UDF1 folds
UDF1 awarded -10
The_1__Gamblers awarded 10

Round #405, The_1__Gamblers (29598), UDF1 (-29598)
The_1__Gamblers posts blind: 10
UDF1 posts blind: 20
The_1__Gamblers received [Kh 7d]
UDF1 received [Js Kc]
The_1__Gamblers raises to 44
UDF1 calls
Flop [9d 2c 5s], The_1__Gamblers (44), UDF1 (44)
UDF1 bids 284
The_1__Gamblers bids 363
The_1__Gamblers won the auction and was revealed [Kc]
Flop [9d 2c 5s], The_1__Gamblers (328), UDF1 (44)
UDF1 checks
The_1__Gamblers checks
Turn [9d 2c 5s 5d], The_1__Gamblers (328), UDF1 (44)
UDF1 checks
The_1__Gamblers checks
River [9d 2c 5s 5d Ts], The_1__Gamblers (328), UDF1 (44)
UDF1 checks
The_1__Gamblers checks
The_1__Gamblers shows [Kh 7d]
UDF1 shows [Js Kc]
The_1__Gamblers awarded -328
UDF1 awarded 328

Round #406, UDF1 (-29270), The_1__Gamblers (29270)
UDF1 posts blind: 10
The_1__Gamblers posts blind: 20
UDF1 received [8s 9h]
The_1__Gamblers received [Jh Td]
UDF1 calls
The_1__Gamblers checks
Flop [Ah 6s Jc], UDF1 (20), The_1__Gamblers (20)
The_1__Gamblers bids 203
UDF1 bids 246
UDF1 won the auction and was revealed [Td]
Flop [Ah 6s Jc], UDF1 (223), The_1__Gamblers (20)
The_1__Gamblers bets 303
UDF1 folds
UDF1 awarded -223
The_1__Gamblers awarded 223

Round #407, The_1__Gamblers (29493), UDF1 (-29493)
The_1__Gamblers posts blind: 10
UDF1 posts blind: 20
The_1__Gamblers received [5d Qc]
UDF1 received [2c Ad]
The_1__Gamblers raises to 44
UDF1 folds
The_1__Gamblers awarded 20
UDF1 awarded -20

Round #408, UDF1 (-29513), The_1__Gamblers (29513)
UDF1 posts blind: 10
The_1__Gamblers posts blind: 20
UDF1 received [Jh 9d]
The_1__Gamblers received [Jd Kc]
UDF1 folds
UDF1 awarded -10
The_1__Gamblers awarded 10

Round #409, The_1__Gamblers (29523), UDF1 (-29523)
The_1__Gamblers posts blind: 10
UDF1 posts blind: 20
The_1__Gamblers received [5s 2c]
UDF1 received [3s 4d]
The_1__Gamblers raises to 44
UDF1 folds
The_1__Gamblers awarded 20
UDF1 awarded -20

Round #410, UDF1 (-29543), The_1__Gamblers (29543)
UDF1 posts blind: 10
The_1__Gamblers posts blind: 20
UDF1 received [Tc Kd]
The_1__Gamblers received [8s 2c]
UDF1 raises to 2264
The_1__Gamblers calls
Flop [6d 2d Qs], UDF1 (2264), The_1__Gamblers (2264)
The_1__Gamblers bids 182
UDF1 bids 260
UDF1 won the auction and was revealed [8s]
Flop [6d 2d Qs], UDF1 (2446), The_1__Gamblers (2264)
The_1__Gamblers bets 2554
UDF1 calls
Turn [6d 2d Qs Td], UDF1 (5000), The_1__Gamblers (4818)
The_1__Gamblers checks
UDF1 checks
River [6d 2d Qs Td Kh], UDF1 (5000), The_1__Gamblers (4818)
The_1__Gamblers checks
UDF1 checks
UDF1 shows [Tc Kd]
The_1__Gamblers shows [8s 2c]
UDF1 awarded 4818
The_1__Gamblers awarded -4818

Round #411, The_1__Gamblers (24725), UDF1 (-24725)
The_1__Gamblers posts blind: 10
UDF1 posts blind: 20
The_1__Gamblers received [2s 2c]
UDF1 received [Ts 9c]
The_1__Gamblers raises to 44
UDF1 raises to 3071
The_1__Gamblers raises to 5000
UDF1 calls
Flop [2d 9d Jd], The_1__Gamblers (5000), UDF1 (5000)
UDF1 bids 0
The_1__Gamblers bids 0
The_1__Gamblers won the auction and was revealed [Ts]
UDF1 won the auction and was revealed [2s]
Flop [2d 9d Jd], The_1__Gamblers (5000), UDF1 (5000)
UDF1 checks
The_1__Gamblers checks
Turn [2d 9d Jd 5d], The_1__Gamblers (5000), UDF1 (5000)
UDF1 checks
The_1__Gamblers checks
River [2d 9d Jd 5d 8d], The_1__Gamblers (5000), UDF1 (5000)
UDF1 checks
The_1__Gamblers checks
The_1__Gamblers shows [2s 2c]
UDF1 shows [Ts 9c]
The_1__Gamblers awarded 0
UDF1 awarded 0

Round #412, UDF1 (-24725), The_1__Gamblers (24725)
UDF1 posts blind: 10
The_1__Gamblers posts blind: 20
UDF1 received [Qs 3c]
The_1__Gamblers received [9d 9h]
UDF1 folds
UDF1 awarded -10
The_1__Gamblers awarded 10

Round #413, The_1__Gamblers (24735), UDF1 (-24735)
The_1__Gamblers posts blind: 10
UDF1 posts blind: 20
The_1__Gamblers received [Ad 6d]
UDF1 received [Qh Th]
The_1__Gamblers raises to 44
UDF1 raises to 2877
The_1__Gamblers raises to 5000
UDF1 calls
Flop [9s 2h 5c], The_1__Gamblers (5000), UDF1 (5000)
UDF1 bids 0
The_1__Gamblers bids 0
The_1__Gamblers won the auction and was revealed [Th]
UDF1 won the auction and was revealed [Ad]
Flop [9s 2h 5c], The_1__Gamblers (5000), UDF1 (5000)
UDF1 checks
The_1__Gamblers checks
Turn [9s 2h 5c Ac], The_1__Gamblers (5000), UDF1 (5000)
UDF1 checks
The_1__Gamblers checks
River [9s 2h 5c Ac 2s], The_1__Gamblers (5000), UDF1 (5000)
UDF1 checks
The_1__Gamblers checks
The_1__Gamblers shows [Ad 6d]
UDF1 shows [Qh Th]
The_1__Gamblers awarded 5000
UDF1 awarded -5000

Round #414, UDF1 (-29735), The_1__Gamblers (29735)
UDF1 posts blind: 10
The_1__Gamblers posts blind: 20
UDF1 received [Kc 5d]
The_1__Gamblers received [Kh Js]
UDF1 folds
UDF1 awarded -10
The_1__Gamblers awarded 10

Round #415, The_1__Gamblers (29745), UDF1 (-29745)
The_1__Gamblers posts blind: 10
UDF1 posts blind: 20
The_1__Gamblers received [8c Th]
UDF1 received [Qh Kh]
The_1__Gamblers raises to 44
UDF1 raises to 4100
The_1__Gamblers raises to 5000
UDF1 calls
Flop [4h 3c 8s], The_1__Gamblers (5000), UDF1 (5000)
UDF1 bids 0
The_1__Gamblers bids 0
The_1__Gamblers won the auction and was revealed [Kh]
UDF1 won the auction and was revealed [8c]
Flop [4h 3c 8s], The_1__Gamblers (5000), UDF1 (5000)
UDF1 checks
The_1__Gamblers checks
Turn [4h 3c 8s 3h], The_1__Gamblers (5000), UDF1 (5000)
UDF1 checks
The_1__Gamblers checks
River [4h 3c 8s 3h 4c], The_1__Gamblers (5000), UDF1 (5000)
UDF1 checks
The_1__Gamblers checks
The_1__Gamblers shows [8c Th]
UDF1 shows [Qh Kh]
The_1__Gamblers awarded 5000
UDF1 awarded -5000

Round #416, UDF1 (-34745), The_1__Gamblers (34745)
UDF1 posts blind: 10
The_1__Gamblers posts blind: 20
UDF1 received [Kd Ah]
The_1__Gamblers received [5h 3s]
UDF1 raises to 4851
The_1__Gamblers calls
Flop [Ac 7c Jd], UDF1 (4851), The_1__Gamblers (4851)
The_1__Gamblers bids 2
UDF1 bids 57
UDF1 won the auction and was revealed [5h]
Flop [Ac 7c Jd], UDF1 (4853), The_1__Gamblers (4851)
The_1__Gamblers checks
UDF1 bets 121
The_1__Gamblers calls
Turn [Ac 7c Jd 8s], UDF1 (4974), The_1__Gamblers (4972)
The_1__Gamblers checks
UDF1 bets 25
The_1__Gamblers raises to 26
UDF1 calls
River [Ac 7c Jd 8s Ad], UDF1 (5000), The_1__Gamblers (4998)
The_1__Gamblers checks
UDF1 checks
UDF1 shows [Kd Ah]
The_1__Gamblers shows [5h 3s]
UDF1 awarded 4998
The_1__Gamblers awarded -4998

Round #417, The_1__Gamblers (29747), UDF1 (-29747)
The_1__Gamblers posts blind: 10
UDF1 posts blind: 20
The_1__Gamblers received [3s 4s]
UDF1 received [8h Qs]
The_1__Gamblers raises to 44
UDF1 raises to 2501
The_1__Gamblers raises to 4958
UDF1 folds
The_1__Gamblers awarded 2501
UDF1 awarded -2501

Round #418, UDF1 (-32248), The_1__Gamblers (32248)
UDF1 posts blind: 10
The_1__Gamblers posts blind: 20
UDF1 received [Ac 8c]
The_1__Gamblers received [8h 2c]
UDF1 calls
The_1__Gamblers checks
Flop [Kc Td 7c], UDF1 (20), The_1__Gamblers (20)
The_1__Gamblers bids 177
UDF1 bids 257
UDF1 won the auction and was revealed [8h]
Flop [Kc Td 7c], UDF1 (197), The_1__Gamblers (20)
The_1__Gamblers checks
UDF1 bets 3670
The_1__Gamblers folds
UDF1 awarded 20
The_1__Gamblers awarded -20

Round #419, The_1__Gamblers (32228), UDF1 (-32228)
The_1__Gamblers posts blind: 10
UDF1 posts blind: 20
The_1__Gamblers received [8s Ts]
UDF1 received [7d Ac]
The_1__Gamblers raises to 44
UDF1 raises to 2270
The_1__Gamblers raises to 4496
UDF1 folds
The_1__Gamblers awarded 2270
UDF1 awarded -2270

Round #420, UDF1 (-34498), The_1__Gamblers (34498)
UDF1 posts blind: 10
The_1__Gamblers posts blind: 20
UDF1 received [Jc Qs]
The_1__Gamblers received [Tc Qc]
UDF1 calls
The_1__Gamblers checks
Flop [Ts 8h 3s], UDF1 (20), The_1__Gamblers (20)
The_1__Gamblers bids 88
UDF1 bids 266
UDF1 won the auction and was revealed [Tc]
Flop [Ts 8h 3s], UDF1 (108), The_1__Gamblers (20)
The_1__Gamblers bets 160
UDF1 folds
UDF1 awarded -108
The_1__Gamblers awarded 108

Round #421, The_1__Gamblers (34606), UDF1 (-34606)
The_1__Gamblers posts blind: 10
UDF1 posts blind: 20
The_1__Gamblers received [3d 5h]
UDF1 received [9s 5s]
The_1__Gamblers raises to 44
UDF1 calls
Flop [2d 6c Ah], The_1__Gamblers (44), UDF1 (44)
UDF1 bids 232
The_1__Gamblers bids 22
UDF1 won the auction and was revealed [5h]
Flop [2d 6c Ah], The_1__Gamblers (44), UDF1 (66)
UDF1 checks
The_1__Gamblers checks
Turn [2d 6c Ah Qs], The_1__Gamblers (44), UDF1 (66)
UDF1 checks
The_1__Gamblers checks
River [2d 6c Ah Qs Jh], The_1__Gamblers (44), UDF1 (66)
UDF1 checks
The_1__Gamblers checks
The_1__Gamblers shows [3d 5h]
UDF1 shows [9s 5s]
The_1__Gamblers awarded -44
UDF1 awarded 44

Round #422, UDF1 (-34562), The_1__Gamblers (34562)
UDF1 posts blind: 10
The_1__Gamblers posts blind: 20
UDF1 received [Ks Qs]
The_1__Gamblers received [7c Jh]
UDF1 calls
The_1__Gamblers checks
Flop [3h 2d Kc], UDF1 (20), The_1__Gamblers (20)
The_1__Gamblers bids 328
UDF1 bids 273
The_1__Gamblers won the auction and was revealed [Ks]
Flop [3h 2d Kc], UDF1 (20), The_1__Gamblers (293)
The_1__Gamblers checks
UDF1 bets 3517
The_1__Gamblers folds
UDF1 awarded 293
The_1__Gamblers awarded -293

Round #423, The_1__Gamblers (34269), UDF1 (-34269)
The_1__Gamblers posts blind: 10
UDF1 posts blind: 20
The_1__Gamblers received [Jc 9s]
UDF1 received [Td 3d]
The_1__Gamblers raises to 44
UDF1 folds
The_1__Gamblers awarded 20
UDF1 awarded -20

Round #424, UDF1 (-34289), The_1__Gamblers (34289)
UDF1 posts blind: 10
The_1__Gamblers posts blind: 20
UDF1 received [Js 8h]
The_1__Gamblers received [Td 3d]
UDF1 calls
The_1__Gamblers checks
Flop [6s 9s 4d], UDF1 (20), The_1__Gamblers (20)
The_1__Gamblers bids 188
UDF1 bids 223
UDF1 won the auction and was revealed [3d]
Flop [6s 9s 4d], UDF1 (208), The_1__Gamblers (20)
The_1__Gamblers checks
UDF1 checks
Turn [6s 9s 4d Qc], UDF1 (208), The_1__Gamblers (20)
The_1__Gamblers checks
UDF1 checks
River [6s 9s 4d Qc 7s], UDF1 (208), The_1__Gamblers (20)
The_1__Gamblers checks
UDF1 checks
UDF1 shows [Js 8h]
The_1__Gamblers shows [Td 3d]
UDF1 awarded 20
The_1__Gamblers awarded -20

Round #425, The_1__Gamblers (34269), UDF1 (-34269)
The_1__Gamblers posts blind: 10
UDF1 posts blind: 20
The_1__Gamblers received [8s Kh]
UDF1 received [Qd Jd]
The_1__Gamblers raises to 44
UDF1 raises to 4112
The_1__Gamblers raises to 5000
UDF1 calls
Flop [Jh 6c 3c], The_1__Gamblers (5000), UDF1 (5000)
UDF1 bids 0
The_1__Gamblers bids 0
The_1__Gamblers won the auction and was revealed [Qd]
UDF1 won the auction and was revealed [8s]
Flop [Jh 6c 3c], The_1__Gamblers (5000), UDF1 (5000)
UDF1 checks
The_1__Gamblers checks
Turn [Jh 6c 3c Qc], The_1__Gamblers (5000), UDF1 (5000)
UDF1 checks
The_1__Gamblers checks
River [Jh 6c 3c Qc 8c], The_1__Gamblers (5000), UDF1 (5000)
UDF1 checks
The_1__Gamblers checks
The_1__Gamblers shows [8s Kh]
UDF1 shows [Qd Jd]
The_1__Gamblers awarded -5000
UDF1 awarded 5000

Round #426, UDF1 (-29269), The_1__Gamblers (29269)
UDF1 posts blind: 10
The_1__Gamblers posts blind: 20
UDF1 received [5s Qh]
The_1__Gamblers received [7c 5h]
UDF1 folds
UDF1 awarded -10
The_1__Gamblers awarded 10

Round #427, The_1__Gamblers (29279), UDF1 (-29279)
The_1__Gamblers posts blind: 10
UDF1 posts blind: 20
The_1__Gamblers received [6h 6s]
UDF1 received [7d Ad]
The_1__Gamblers raises to 44
UDF1 raises to 2924
The_1__Gamblers raises to 5000
UDF1 calls
Flop [9s 2s 6d], The_1__Gamblers (5000), UDF1 (5000)
UDF1 bids 0
The_1__Gamblers bids 0
The_1__Gamblers won the auction and was revealed [Ad]
UDF1 won the auction and was revealed [6s]
Flop [9s 2s 6d], The_1__Gamblers (5000), UDF1 (5000)
UDF1 checks
The_1__Gamblers checks
Turn [9s 2s 6d 3s], The_1__Gamblers (5000), UDF1 (5000)
UDF1 checks
The_1__Gamblers checks
River [9s 2s 6d 3s Jd], The_1__Gamblers (5000), UDF1 (5000)
UDF1 checks
The_1__Gamblers checks
The_1__Gamblers shows [6h 6s]
UDF1 shows [7d Ad]
The_1__Gamblers awarded 5000
UDF1 awarded -5000

Round #428, UDF1 (-34279), The_1__Gamblers (34279)
UDF1 posts blind: 10
The_1__Gamblers posts blind: 20
UDF1 received [9c Td]
The_1__Gamblers received [Tc Jh]
UDF1 raises to 3161
The_1__Gamblers calls
Flop [Ad 9h Jc], UDF1 (3161), The_1__Gamblers (3161)
The_1__Gamblers bids 75
UDF1 bids 601
UDF1 won the auction and was revealed [Tc]
Flop [Ad 9h Jc], UDF1 (3236), The_1__Gamblers (3161)
The_1__Gamblers bets 1764
UDF1 calls
Turn [Ad 9h Jc 6s], UDF1 (5000), The_1__Gamblers (4925)
The_1__Gamblers checks
UDF1 checks
River [Ad 9h Jc 6s 3s], UDF1 (5000), The_1__Gamblers (4925)
The_1__Gamblers checks
UDF1 checks
UDF1 shows [9c Td]
The_1__Gamblers shows [Tc Jh]
UDF1 awarded -5000
The_1__Gamblers awarded 5000

Round #429, The_1__Gamblers (39279), UDF1 (-39279)
The_1__Gamblers posts blind: 10
UDF1 posts blind: 20
The_1__Gamblers received [8c 5h]
UDF1 received [Ah Kh]
The_1__Gamblers raises to 44
UDF1 calls
Flop [5c Jc 9s], The_1__Gamblers (44), UDF1 (44)
UDF1 bids 233
The_1__Gamblers bids 318
The_1__Gamblers won the auction and was revealed [Ah]
Flop [5c Jc 9s], The_1__Gamblers (277), UDF1 (44)
UDF1 checks
The_1__Gamblers bets 192
UDF1 calls
Turn [5c Jc 9s Jh], The_1__Gamblers (469), UDF1 (236)
UDF1 bets 2704
The_1__Gamblers raises to 4531
UDF1 calls
River [5c Jc 9s Jh 3c], The_1__Gamblers (5000), UDF1 (4767)
UDF1 checks
The_1__Gamblers checks
The_1__Gamblers shows [8c 5h]
UDF1 shows [Ah Kh]
The_1__Gamblers awarded 4767
UDF1 awarded -4767

Round #430, UDF1 (-44046), The_1__Gamblers (44046)
UDF1 posts blind: 10
The_1__Gamblers posts blind: 20
UDF1 received [3s Ad]
The_1__Gamblers received [7d 4h]
UDF1 folds
UDF1 awarded -10
The_1__Gamblers awarded 10

Round #431, The_1__Gamblers (44056), UDF1 (-44056)
The_1__Gamblers posts blind: 10
UDF1 posts blind: 20
The_1__Gamblers received [As 9d]
UDF1 received [7d 8c]
The_1__Gamblers raises to 44
UDF1 calls
Flop [5s 9s 4h], The_1__Gamblers (44), UDF1 (44)
UDF1 bids 290
The_1__Gamblers bids 75
UDF1 won the auction and was revealed [As]
Flop [5s 9s 4h], The_1__Gamblers (44), UDF1 (119)
UDF1 checks
The_1__Gamblers bets 203
UDF1 folds
The_1__Gamblers awarded 119
UDF1 awarded -119

Round #432, UDF1 (-44175), The_1__Gamblers (44175)
UDF1 posts blind: 10
The_1__Gamblers posts blind: 20
UDF1 received [Ad Td]
The_1__Gamblers received [7s Jd]
UDF1 raises to 4391
The_1__Gamblers calls
Flop [4d 6c 4h], UDF1 (4391), The_1__Gamblers (4391)
The_1__Gamblers bids 40
UDF1 bids 558
UDF1 won the auction and was revealed [7s]
Flop [4d 6c 4h], UDF1 (4431), The_1__Gamblers (4391)
The_1__Gamblers checks
UDF1 bets 497
The_1__Gamblers raises to 569
UDF1 calls
Turn [4d 6c 4h 5c], UDF1 (5000), The_1__Gamblers (4960)
The_1__Gamblers checks
UDF1 checks
River [4d 6c 4h 5c 3s], UDF1 (5000), The_1__Gamblers (4960)
The_1__Gamblers checks
UDF1 checks
UDF1 shows [Ad Td]
The_1__Gamblers shows [7s Jd]
UDF1 awarded -5000
The_1__Gamblers awarded 5000

Round #433, The_1__Gamblers (49175), UDF1 (-49175)
The_1__Gamblers posts blind: 10
UDF1 posts blind: 20
The_1__Gamblers received [Th 7d]
UDF1 received [Jc Jd]
The_1__Gamblers raises to 44
UDF1 raises to 4716
The_1__Gamblers raises to 5000
UDF1 calls
Flop [Js Kd 5d], The_1__Gamblers (5000), UDF1 (5000)
UDF1 bids 0
The_1__Gamblers bids 0
The_1__Gamblers won the auction and was revealed [Jd]
UDF1 won the auction and was revealed [7d]
Flop [Js Kd 5d], The_1__Gamblers (5000), UDF1 (5000)
UDF1 checks
The_1__Gamblers checks
Turn [Js Kd 5d 4h], The_1__Gamblers (5000), UDF1 (5000)
UDF1 checks
The_1__Gamblers checks
River [Js Kd 5d 4h Ad], The_1__Gamblers (5000), UDF1 (5000)
UDF1 checks
The_1__Gamblers checks
The_1__Gamblers shows [Th 7d]
UDF1 shows [Jc Jd]
The_1__Gamblers awarded -5000
UDF1 awarded 5000

Round #434, UDF1 (-44175), The_1__Gamblers (44175)
UDF1 posts blind: 10
The_1__Gamblers posts blind: 20
UDF1 received [6s Ad]
The_1__Gamblers received [7c Js]
UDF1 folds
UDF1 awarded -10
The_1__Gamblers awarded 10

Round #435, The_1__Gamblers (44185), UDF1 (-44185)
The_1__Gamblers posts blind: 10
UDF1 posts blind: 20
The_1__Gamblers received [4d 9d]
UDF1 received [7h 3c]
The_1__Gamblers raises to 44
UDF1 calls
Flop [3s 3h 5s], The_1__Gamblers (44), UDF1 (44)
UDF1 bids 261
The_1__Gamblers bids 187
UDF1 won the auction and was revealed [4d]
Flop [3s 3h 5s], The_1__Gamblers (44), UDF1 (231)
UDF1 bets 3902
The_1__Gamblers folds
The_1__Gamblers awarded -44
UDF1 awarded 44

Round #436, UDF1 (-44141), The_1__Gamblers (44141)
UDF1 posts blind: 10
The_1__Gamblers posts blind: 20
UDF1 received [Td Qs]
The_1__Gamblers received [Jh 5h]
UDF1 folds
UDF1 awarded -10
The_1__Gamblers awarded 10

Round #437, The_1__Gamblers (44151), UDF1 (-44151)
The_1__Gamblers posts blind: 10
UDF1 posts blind: 20
The_1__Gamblers received [9h 5d]
UDF1 received [5c 2d]
The_1__Gamblers raises to 44
UDF1 folds
The_1__Gamblers awarded 20
UDF1 awarded -20

Round #438, UDF1 (-44171), The_1__Gamblers (44171)
UDF1 posts blind: 10
The_1__Gamblers posts blind: 20
UDF1 received [8d 7c]
The_1__Gamblers received [2s Ks]
UDF1 raises to 2400
The_1__Gamblers calls
Flop [6c Ts 2h], UDF1 (2400), The_1__Gamblers (2400)
The_1__Gamblers bids 165
UDF1 bids 290
UDF1 won the auction and was revealed [Ks]
Flop [6c Ts 2h], UDF1 (2565), The_1__Gamblers (2400)
The_1__Gamblers bets 2435
UDF1 calls
Turn [6c Ts 2h 9d], UDF1 (5000), The_1__Gamblers (4835)
The_1__Gamblers checks
UDF1 checks
River [6c Ts 2h 9d 5d], UDF1 (5000), The_1__Gamblers (4835)
The_1__Gamblers checks
UDF1 checks
UDF1 shows [8d 7c]
The_1__Gamblers shows [2s Ks]
UDF1 awarded 4835
The_1__Gamblers awarded -4835

Round #439, The_1__Gamblers (39336), UDF1 (-39336)
The_1__Gamblers posts blind: 10
UDF1 posts blind: 20
The_1__Gamblers received [8d Ts]
UDF1 received [Qd 3c]
The_1__Gamblers raises to 44
UDF1 folds
The_1__Gamblers awarded 20
UDF1 awarded -20

Round #440, UDF1 (-39356), The_1__Gamblers (39356)
UDF1 posts blind: 10
The_1__Gamblers posts blind: 20
UDF1 received [4d Qh]
The_1__Gamblers received [Ad 8s]
UDF1 folds
UDF1 awarded -10
The_1__Gamblers awarded 10

Round #441, The_1__Gamblers (39366), UDF1 (-39366)
The_1__Gamblers posts blind: 10
UDF1 posts blind: 20
The_1__Gamblers received [Kc Qd]
UDF1 received [5s 4c]
The_1__Gamblers raises to 44
UDF1 calls
Flop [4h 9c 8s], The_1__Gamblers (44), UDF1 (44)
UDF1 bids 235
The_1__Gamblers bids 370
The_1__Gamblers won the auction and was revealed [5s]
Flop [4h 9c 8s], The_1__Gamblers (279), UDF1 (44)
UDF1 bets 2835
The_1__Gamblers folds
The_1__Gamblers awarded -279
UDF1 awarded 279

Round #442, UDF1 (-39087), The_1__Gamblers (39087)
UDF1 posts blind: 10
The_1__Gamblers posts blind: 20
UDF1 received [Tc 5s]
The_1__Gamblers received [2h 9c]
UDF1 raises to 2528
The_1__Gamblers calls
Flop [Jh Js 6s], UDF1 (2528), The_1__Gamblers (2528)
The_1__Gamblers bids 122
UDF1 bids 439
UDF1 won the auction and was revealed [9c]
Flop [Jh Js 6s], UDF1 (2650), The_1__Gamblers (2528)
The_1__Gamblers checks
UDF1 checks
Turn [Jh Js 6s 9h], UDF1 (2650), The_1__Gamblers (2528)
The_1__Gamblers bets 2350
UDF1 folds
UDF1 awarded -2650
The_1__Gamblers awarded 2650

Round #443, The_1__Gamblers (41737), UDF1 (-41737)
The_1__Gamblers posts blind: 10
UDF1 posts blind: 20
The_1__Gamblers received [2h 8c]
UDF1 received [9s Ad]
The_1__Gamblers calls
UDF1 checks
Flop [Qc 5d 4s], The_1__Gamblers (20), UDF1 (20)
UDF1 bids 282
The_1__Gamblers bids 112
UDF1 won the auction and was revealed [8c]
Flop [Qc 5d 4s], The_1__Gamblers (20), UDF1 (132)
UDF1 bets 2851
The_1__Gamblers folds
The_1__Gamblers awarded -20
UDF1 awarded 20

Round #444, UDF1 (-41717), The_1__Gamblers (41717)
UDF1 posts blind: 10
The_1__Gamblers posts blind: 20
UDF1 received [6c 6d]
The_1__Gamblers received [Jd 9h]
UDF1 raises to 3019
The_1__Gamblers calls
Flop [6s 4d 2s], UDF1 (3019), The_1__Gamblers (3019)
The_1__Gamblers bids 107
UDF1 bids 390
UDF1 won the auction and was revealed [Jd]
Flop [6s 4d 2s], UDF1 (3126), The_1__Gamblers (3019)
The_1__Gamblers checks
UDF1 bets 1629
The_1__Gamblers calls
Turn [6s 4d 2s 7s], UDF1 (4755), The_1__Gamblers (4648)
The_1__Gamblers checks
UDF1 bets 219
The_1__Gamblers raises to 245
UDF1 calls
River [6s 4d 2s 7s 7c], UDF1 (5000), The_1__Gamblers (4893)
The_1__Gamblers checks
UDF1 checks
UDF1 shows [6c 6d]
The_1__Gamblers shows [Jd 9h]
UDF1 awarded 4893
The_1__Gamblers awarded -4893

Round #445, The_1__Gamblers (36824), UDF1 (-36824)
The_1__Gamblers posts blind: 10
UDF1 posts blind: 20
The_1__Gamblers received [As 5c]
UDF1 received [9c Qd]
The_1__Gamblers raises to 44
UDF1 folds
The_1__Gamblers awarded 20
UDF1 awarded -20

Round #446, UDF1 (-36844), The_1__Gamblers (36844)
UDF1 posts blind: 10
The_1__Gamblers posts blind: 20
UDF1 received [Kh 7c]
The_1__Gamblers received [4c 4s]
UDF1 folds
UDF1 awarded -10
The_1__Gamblers awarded 10

Round #447, The_1__Gamblers (36854), UDF1 (-36854)
The_1__Gamblers posts blind: 10
UDF1 posts blind: 20
The_1__Gamblers received [Js 3s]
UDF1 received [Tc 7s]
The_1__Gamblers raises to 44
UDF1 folds
The_1__Gamblers awarded 20
UDF1 awarded -20

Round #448, UDF1 (-36874), The_1__Gamblers (36874)
UDF1 posts blind: 10
The_1__Gamblers posts blind: 20
UDF1 received [8c 4s]
The_1__Gamblers received [8d 3s]
UDF1 folds
UDF1 awarded -10
The_1__Gamblers awarded 10

Round #449, The_1__Gamblers (36884), UDF1 (-36884)
The_1__Gamblers posts blind: 10
UDF1 posts blind: 20
The_1__Gamblers received [5s Tc]
UDF1 received [Jc 3d]
The_1__Gamblers raises to 44
UDF1 folds
The_1__Gamblers awarded 20
UDF1 awarded -20

Round #450, UDF1 (-36904), The_1__Gamblers (36904)
UDF1 posts blind: 10
The_1__Gamblers posts blind: 20
UDF1 received [Kh 2c]
The_1__Gamblers received [5s Ad]
UDF1 folds
UDF1 awarded -10
The_1__Gamblers awarded 10

Round #451, The_1__Gamblers (36914), UDF1 (-36914)
The_1__Gamblers posts blind: 10
UDF1 posts blind: 20
The_1__Gamblers received [4c 9d]
UDF1 received [3h 8d]
The_1__Gamblers raises to 44
UDF1 folds
The_1__Gamblers awarded 20
UDF1 awarded -20

Round #452, UDF1 (-36934), The_1__Gamblers (36934)
UDF1 posts blind: 10
The_1__Gamblers posts blind: 20
UDF1 received [6s 4d]
The_1__Gamblers received [As Kh]
UDF1 folds
UDF1 awarded -10
The_1__Gamblers awarded 10

Round #453, The_1__Gamblers (36944), UDF1 (-36944)
The_1__Gamblers posts blind: 10
UDF1 posts blind: 20
The_1__Gamblers received [5c 4h]
UDF1 received [3d Ac]
The_1__Gamblers raises to 44
UDF1 folds
The_1__Gamblers awarded 20
UDF1 awarded -20

Round #454, UDF1 (-36964), The_1__Gamblers (36964)
UDF1 posts blind: 10
The_1__Gamblers posts blind: 20
UDF1 received [9c Ks]
The_1__Gamblers received [8s Kh]
UDF1 folds
UDF1 awarded -10
The_1__Gamblers awarded 10

Round #455, The_1__Gamblers (36974), UDF1 (-36974)
The_1__Gamblers posts blind: 10
UDF1 posts blind: 20
The_1__Gamblers received [2h 4s]
UDF1 received [8d Td]
The_1__Gamblers raises to 44
UDF1 folds
The_1__Gamblers awarded 20
UDF1 awarded -20

Round #456, UDF1 (-36994), The_1__Gamblers (36994)
UDF1 posts blind: 10
The_1__Gamblers posts blind: 20
UDF1 received [8s Td]
The_1__Gamblers received [6h 4c]
UDF1 folds
UDF1 awarded -10
The_1__Gamblers awarded 10

Round #457, The_1__Gamblers (37004), UDF1 (-37004)
The_1__Gamblers posts blind: 10
UDF1 posts blind: 20
The_1__Gamblers received [4h 8d]
UDF1 received [Ac Th]
The_1__Gamblers raises to 44
UDF1 raises to 2942
The_1__Gamblers raises to 5000
UDF1 calls
Flop [7c 4c 9s], The_1__Gamblers (5000), UDF1 (5000)
UDF1 bids 0
The_1__Gamblers bids 0
The_1__Gamblers won the auction and was revealed [Th]
UDF1 won the auction and was revealed [8d]
Flop [7c 4c 9s], The_1__Gamblers (5000), UDF1 (5000)
UDF1 checks
The_1__Gamblers checks
Turn [7c 4c 9s 8c], The_1__Gamblers (5000), UDF1 (5000)
UDF1 checks
The_1__Gamblers checks
River [7c 4c 9s 8c Qd], The_1__Gamblers (5000), UDF1 (5000)
UDF1 checks
The_1__Gamblers checks
The_1__Gamblers shows [4h 8d]
UDF1 shows [Ac Th]
The_1__Gamblers awarded 5000
UDF1 awarded -5000

Round #458, UDF1 (-42004), The_1__Gamblers (42004)
UDF1 posts blind: 10
The_1__Gamblers posts blind: 20
UDF1 received [Js Kc]
The_1__Gamblers received [8s 7h]
UDF1 raises to 2986
The_1__Gamblers calls
Flop [6s 8d 4s], UDF1 (2986), The_1__Gamblers (2986)
The_1__Gamblers bids 62
UDF1 bids 232
UDF1 won the auction and was revealed [8s]
Flop [6s 8d 4s], UDF1 (3048), The_1__Gamblers (2986)
The_1__Gamblers bets 1952
UDF1 folds
UDF1 awarded -3048
The_1__Gamblers awarded 3048

Round #459, The_1__Gamblers (45052), UDF1 (-45052)
The_1__Gamblers posts blind: 10
UDF1 posts blind: 20
The_1__Gamblers received [9s Ad]
UDF1 received [6s 4c]
The_1__Gamblers raises to 44
UDF1 folds
The_1__Gamblers awarded 20
UDF1 awarded -20

Round #460, UDF1 (-45072), The_1__Gamblers (45072)
UDF1 posts blind: 10
The_1__Gamblers posts blind: 20
UDF1 received [4c Jc]
The_1__Gamblers received [2s 8c]
UDF1 folds
UDF1 awarded -10
The_1__Gamblers awarded 10

Round #461, The_1__Gamblers (45082), UDF1 (-45082)
The_1__Gamblers posts blind: 10
UDF1 posts blind: 20
The_1__Gamblers received [4c 2s]
UDF1 received [6h Js]
The_1__Gamblers raises to 44
UDF1 raises to 2512
The_1__Gamblers raises to 4980
UDF1 folds
The_1__Gamblers awarded 2512
UDF1 awarded -2512

Round #462, UDF1 (-47594), The_1__Gamblers (47594)
UDF1 posts blind: 10
The_1__Gamblers posts blind: 20
UDF1 received [4s 3c]
The_1__Gamblers received [As Js]
UDF1 raises to 2141
The_1__Gamblers calls
Flop [4h 5d Ac], UDF1 (2141), The_1__Gamblers (2141)
The_1__Gamblers bids 47
UDF1 bids 289
UDF1 won the auction and was revealed [As]
Flop [4h 5d Ac], UDF1 (2188), The_1__Gamblers (2141)
The_1__Gamblers bets 2812
UDF1 folds
UDF1 awarded -2188
The_1__Gamblers awarded 2188

Round #463, The_1__Gamblers (49782), UDF1 (-49782)
The_1__Gamblers posts blind: 10
UDF1 posts blind: 20
The_1__Gamblers received [Qh Ts]
UDF1 received [4h 8h]
The_1__Gamblers raises to 44
UDF1 raises to 2424
The_1__Gamblers raises to 4804
UDF1 folds
The_1__Gamblers awarded 2424
UDF1 awarded -2424

Round #464, UDF1 (-52206), The_1__Gamblers (52206)
UDF1 posts blind: 10
The_1__Gamblers posts blind: 20
UDF1 received [5s Qs]
The_1__Gamblers received [2c Th]
UDF1 folds
UDF1 awarded -10
The_1__Gamblers awarded 10

Round #465, The_1__Gamblers (52216), UDF1 (-52216)
The_1__Gamblers posts blind: 10
UDF1 posts blind: 20
The_1__Gamblers received [Qc Jc]
UDF1 received [Ah 9d]
The_1__Gamblers raises to 44
UDF1 folds
The_1__Gamblers awarded 20
UDF1 awarded -20

Round #466, UDF1 (-52236), The_1__Gamblers (52236)
UDF1 posts blind: 10
The_1__Gamblers posts blind: 20
UDF1 received [9c Ks]
The_1__Gamblers received [Js As]
UDF1 raises to 2530
The_1__Gamblers calls
Flop [7s Ts Qh], UDF1 (2530), The_1__Gamblers (2530)
The_1__Gamblers bids 154
UDF1 bids 272
UDF1 won the auction and was revealed [As]
Flop [7s Ts Qh], UDF1 (2684), The_1__Gamblers (2530)
The_1__Gamblers bets 2316
UDF1 calls
Turn [7s Ts Qh 5s], UDF1 (5000), The_1__Gamblers (4846)
The_1__Gamblers checks
UDF1 checks
River [7s Ts Qh 5s 6d], UDF1 (5000), The_1__Gamblers (4846)
The_1__Gamblers checks
UDF1 checks
UDF1 shows [9c Ks]
The_1__Gamblers shows [Js As]
UDF1 awarded -5000
The_1__Gamblers awarded 5000

Round #467, The_1__Gamblers (57236), UDF1 (-57236)
The_1__Gamblers posts blind: 10
UDF1 posts blind: 20
The_1__Gamblers received [3d 6h]
UDF1 received [Qh Th]
The_1__Gamblers raises to 44
UDF1 calls
Flop [2h 9s 5c], The_1__Gamblers (44), UDF1 (44)
UDF1 bids 151
The_1__Gamblers bids 22
UDF1 won the auction and was revealed [6h]
Flop [2h 9s 5c], The_1__Gamblers (44), UDF1 (66)
UDF1 checks
The_1__Gamblers checks
Turn [2h 9s 5c 3c], The_1__Gamblers (44), UDF1 (66)
UDF1 checks
The_1__Gamblers bets 36
UDF1 calls
River [2h 9s 5c 3c Qc], The_1__Gamblers (80), UDF1 (102)
UDF1 bets 4159
The_1__Gamblers folds
The_1__Gamblers awarded -80
UDF1 awarded 80

Round #468, UDF1 (-57156), The_1__Gamblers (57156)
UDF1 posts blind: 10
The_1__Gamblers posts blind: 20
UDF1 received [2d 7h]
The_1__Gamblers received [2h 2s]
UDF1 folds
UDF1 awarded -10
The_1__Gamblers awarded 10

Round #469, The_1__Gamblers (57166), UDF1 (-57166)
The_1__Gamblers posts blind: 10
UDF1 posts blind: 20
The_1__Gamblers received [2c 3d]
UDF1 received [4s Th]
The_1__Gamblers raises to 44
UDF1 folds
The_1__Gamblers awarded 20
UDF1 awarded -20

Round #470, UDF1 (-57186), The_1__Gamblers (57186)
UDF1 posts blind: 10
The_1__Gamblers posts blind: 20
UDF1 received [Qd 6h]
The_1__Gamblers received [Jc 7d]
UDF1 folds
UDF1 awarded -10
The_1__Gamblers awarded 10

Round #471, The_1__Gamblers (57196), UDF1 (-57196)
The_1__Gamblers posts blind: 10
UDF1 posts blind: 20
The_1__Gamblers received [5s 2s]
UDF1 received [Tc 8d]
The_1__Gamblers raises to 44
UDF1 folds
The_1__Gamblers awarded 20
UDF1 awarded -20

Round #472, UDF1 (-57216), The_1__Gamblers (57216)
UDF1 posts blind: 10
The_1__Gamblers posts blind: 20
UDF1 received [3c 9h]
The_1__Gamblers received [Js Qc]
UDF1 folds
UDF1 awarded -10
The_1__Gamblers awarded 10

Round #473, The_1__Gamblers (57226), UDF1 (-57226)
The_1__Gamblers posts blind: 10
UDF1 posts blind: 20
The_1__Gamblers received [7s 7d]
UDF1 received [3s 3h]
The_1__Gamblers raises to 44
UDF1 raises to 2949
The_1__Gamblers raises to 5000
UDF1 calls
Flop [5h Kh Ad], The_1__Gamblers (5000), UDF1 (5000)
UDF1 bids 0
The_1__Gamblers bids 0
The_1__Gamblers won the auction and was revealed [3s]
UDF1 won the auction and was revealed [7d]
Flop [5h Kh Ad], The_1__Gamblers (5000), UDF1 (5000)
UDF1 checks
The_1__Gamblers checks
Turn [5h Kh Ad 9d], The_1__Gamblers (5000), UDF1 (5000)
UDF1 checks
The_1__Gamblers checks
River [5h Kh Ad 9d Ts], The_1__Gamblers (5000), UDF1 (5000)
UDF1 checks
The_1__Gamblers checks
The_1__Gamblers shows [7s 7d]
UDF1 shows [3s 3h]
The_1__Gamblers awarded 5000
UDF1 awarded -5000

Round #474, UDF1 (-62226), The_1__Gamblers (62226)
UDF1 posts blind: 10
The_1__Gamblers posts blind: 20
UDF1 received [2d 6h]
The_1__Gamblers received [7s Qc]
UDF1 folds
UDF1 awarded -10
The_1__Gamblers awarded 10

Round #475, The_1__Gamblers (62236), UDF1 (-62236)
The_1__Gamblers posts blind: 10
UDF1 posts blind: 20
The_1__Gamblers received [Tc 6s]
UDF1 received [5h 3d]
The_1__Gamblers raises to 44
UDF1 raises to 2392
The_1__Gamblers raises to 4740
UDF1 folds
The_1__Gamblers awarded 2392
UDF1 awarded -2392

Round #476, UDF1 (-64628), The_1__Gamblers (64628)
UDF1 posts blind: 10
The_1__Gamblers posts blind: 20
UDF1 received [Td Jc]
The_1__Gamblers received [4c Ks]
UDF1 raises to 3157
The_1__Gamblers calls
Flop [3d Ac Jh], UDF1 (3157), The_1__Gamblers (3157)
The_1__Gamblers bids 138
UDF1 bids 395
UDF1 won the auction and was revealed [4c]
Flop [3d Ac Jh], UDF1 (3295), The_1__Gamblers (3157)
The_1__Gamblers bets 1705
UDF1 calls
Turn [3d Ac Jh 2c], UDF1 (5000), The_1__Gamblers (4862)
The_1__Gamblers checks
UDF1 checks
River [3d Ac Jh 2c Ah], UDF1 (5000), The_1__Gamblers (4862)
The_1__Gamblers checks
UDF1 checks
UDF1 shows [Td Jc]
The_1__Gamblers shows [4c Ks]
UDF1 awarded 4862
The_1__Gamblers awarded -4862

Round #477, The_1__Gamblers (59766), UDF1 (-59766)
The_1__Gamblers posts blind: 10
UDF1 posts blind: 20
The_1__Gamblers received [Th 9d]
UDF1 received [Tc 4d]
The_1__Gamblers raises to 44
UDF1 folds
The_1__Gamblers awarded 20
UDF1 awarded -20

Round #478, UDF1 (-59786), The_1__Gamblers (59786)
UDF1 posts blind: 10
The_1__Gamblers posts blind: 20
UDF1 received [Qc As]
The_1__Gamblers received [5c 9d]
UDF1 raises to 4169
The_1__Gamblers calls
Flop [Td 9c Tc], UDF1 (4169), The_1__Gamblers (4169)
The_1__Gamblers bids 33
UDF1 bids 247
UDF1 won the auction and was revealed [5c]
Flop [Td 9c Tc], UDF1 (4202), The_1__Gamblers (4169)
The_1__Gamblers bets 798
UDF1 calls
Turn [Td 9c Tc Ah], UDF1 (5000), The_1__Gamblers (4967)
The_1__Gamblers checks
UDF1 checks
River [Td 9c Tc Ah 3c], UDF1 (5000), The_1__Gamblers (4967)
The_1__Gamblers checks
UDF1 checks
UDF1 shows [Qc As]
The_1__Gamblers shows [5c 9d]
UDF1 awarded 4967
The_1__Gamblers awarded -4967

Round #479, The_1__Gamblers (54819), UDF1 (-54819)
The_1__Gamblers posts blind: 10
UDF1 posts blind: 20
The_1__Gamblers received [8c Js]
UDF1 received [Qc Jd]
The_1__Gamblers raises to 44
UDF1 raises to 2824
The_1__Gamblers raises to 5000
UDF1 calls
Flop [7d 4c 7c], The_1__Gamblers (5000), UDF1 (5000)
UDF1 bids 0
The_1__Gamblers bids 0
The_1__Gamblers won the auction and was revealed [Qc]
UDF1 won the auction and was revealed [8c]
Flop [7d 4c 7c], The_1__Gamblers (5000), UDF1 (5000)
UDF1 checks
The_1__Gamblers checks
Turn [7d 4c 7c 5h], The_1__Gamblers (5000), UDF1 (5000)
UDF1 checks
The_1__Gamblers checks
River [7d 4c 7c 5h 6h], The_1__Gamblers (5000), UDF1 (5000)
UDF1 checks
The_1__Gamblers checks
The_1__Gamblers shows [8c Js]
UDF1 shows [Qc Jd]
The_1__Gamblers awarded 5000
UDF1 awarded -5000

Round #480, UDF1 (-59819), The_1__Gamblers (59819)
UDF1 posts blind: 10
The_1__Gamblers posts blind: 20
UDF1 received [7d 2d]
The_1__Gamblers received [6d Kc]
UDF1 raises to 2197
The_1__Gamblers calls
Flop [Qs 9s 5d], UDF1 (2197), The_1__Gamblers (2197)
The_1__Gamblers bids 205
UDF1 bids 292
UDF1 won the auction and was revealed [Kc]
Flop [Qs 9s 5d], UDF1 (2402), The_1__Gamblers (2197)
The_1__Gamblers checks
UDF1 checks
Turn [Qs 9s 5d Jc], UDF1 (2402), The_1__Gamblers (2197)
The_1__Gamblers checks
UDF1 checks
River [Qs 9s 5d Jc 6s], UDF1 (2402), The_1__Gamblers (2197)
The_1__Gamblers bets 1517
UDF1 folds
UDF1 awarded -2402
The_1__Gamblers awarded 2402

Round #481, The_1__Gamblers (62221), UDF1 (-62221)
The_1__Gamblers posts blind: 10
UDF1 posts blind: 20
The_1__Gamblers received [Jh 7d]
UDF1 received [3c 9c]
The_1__Gamblers raises to 44
UDF1 folds
The_1__Gamblers awarded 20
UDF1 awarded -20

Round #482, UDF1 (-62241), The_1__Gamblers (62241)
UDF1 posts blind: 10
The_1__Gamblers posts blind: 20
UDF1 received [Th Ad]
The_1__Gamblers received [Jc Js]
UDF1 raises to 3053
The_1__Gamblers raises to 5000
UDF1 calls
Flop [Jh As 8h], UDF1 (5000), The_1__Gamblers (5000)
The_1__Gamblers bids 0
UDF1 bids 0
UDF1 won the auction and was revealed [Js]
The_1__Gamblers won the auction and was revealed [Ad]
Flop [Jh As 8h], UDF1 (5000), The_1__Gamblers (5000)
The_1__Gamblers checks
UDF1 checks
Turn [Jh As 8h 5d], UDF1 (5000), The_1__Gamblers (5000)
The_1__Gamblers checks
UDF1 checks
River [Jh As 8h 5d 8c], UDF1 (5000), The_1__Gamblers (5000)
The_1__Gamblers checks
UDF1 checks
UDF1 shows [Th Ad]
The_1__Gamblers shows [Jc Js]
UDF1 awarded -5000
The_1__Gamblers awarded 5000

Round #483, The_1__Gamblers (67241), UDF1 (-67241)
The_1__Gamblers posts blind: 10
UDF1 posts blind: 20
The_1__Gamblers received [Tc 9s]
UDF1 received [Jh 8s]
The_1__Gamblers raises to 44
UDF1 folds
The_1__Gamblers awarded 20
UDF1 awarded -20

Round #484, UDF1 (-67261), The_1__Gamblers (67261)
UDF1 posts blind: 10
The_1__Gamblers posts blind: 20
UDF1 received [Kc 9h]
The_1__Gamblers received [Jh Ts]
UDF1 folds
UDF1 awarded -10
The_1__Gamblers awarded 10

Round #485, The_1__Gamblers (67271), UDF1 (-67271)
The_1__Gamblers posts blind: 10
UDF1 posts blind: 20
The_1__Gamblers received [5h 8c]
UDF1 received [6d Td]
The_1__Gamblers raises to 44
UDF1 folds
The_1__Gamblers awarded 20
UDF1 awarded -20

Round #486, UDF1 (-67291), The_1__Gamblers (67291)
UDF1 posts blind: 10
The_1__Gamblers posts blind: 20
UDF1 received [3d 8h]
The_1__Gamblers received [Th 8s]
UDF1 folds
UDF1 awarded -10
The_1__Gamblers awarded 10

Round #487, The_1__Gamblers (67301), UDF1 (-67301)
The_1__Gamblers posts blind: 10
UDF1 posts blind: 20
The_1__Gamblers received [4s Qc]
UDF1 received [5s 2h]
The_1__Gamblers raises to 44
UDF1 folds
The_1__Gamblers awarded 20
UDF1 awarded -20

Round #488, UDF1 (-67321), The_1__Gamblers (67321)
UDF1 posts blind: 10
The_1__Gamblers posts blind: 20
UDF1 received [Kh 6h]
The_1__Gamblers received [9d Kc]
UDF1 folds
UDF1 awarded -10
The_1__Gamblers awarded 10

Round #489, The_1__Gamblers (67331), UDF1 (-67331)
The_1__Gamblers posts blind: 10
UDF1 posts blind: 20
The_1__Gamblers received [Ad Qc]
UDF1 received [9h Qs]
The_1__Gamblers raises to 44
UDF1 folds
The_1__Gamblers awarded 20
UDF1 awarded -20

Round #490, UDF1 (-67351), The_1__Gamblers (67351)
UDF1 posts blind: 10
The_1__Gamblers posts blind: 20
UDF1 received [4c 3c]
The_1__Gamblers received [5d 6c]
UDF1 folds
UDF1 awarded -10
The_1__Gamblers awarded 10

Round #491, The_1__Gamblers (67361), UDF1 (-67361)
The_1__Gamblers posts blind: 10
UDF1 posts blind: 20
The_1__Gamblers received [Qc 4s]
UDF1 received [5h 8d]
The_1__Gamblers raises to 44
UDF1 folds
The_1__Gamblers awarded 20
UDF1 awarded -20

Round #492, UDF1 (-67381), The_1__Gamblers (67381)
UDF1 posts blind: 10
The_1__Gamblers posts blind: 20
UDF1 received [Qs Ks]
The_1__Gamblers received [6c Td]
UDF1 raises to 4198
The_1__Gamblers calls
Flop [7h 4h 4c], UDF1 (4198), The_1__Gamblers (4198)
The_1__Gamblers bids 44
UDF1 bids 232
UDF1 won the auction and was revealed [Td]
Flop [7h 4h 4c], UDF1 (4242), The_1__Gamblers (4198)
The_1__Gamblers checks
UDF1 bets 604
The_1__Gamblers raises to 758
UDF1 calls
Turn [7h 4h 4c 2s], UDF1 (5000), The_1__Gamblers (4956)
The_1__Gamblers checks
UDF1 checks
River [7h 4h 4c 2s Jh], UDF1 (5000), The_1__Gamblers (4956)
The_1__Gamblers checks
UDF1 checks
UDF1 shows [Qs Ks]
The_1__Gamblers shows [6c Td]
UDF1 awarded 4956
The_1__Gamblers awarded -4956

Round #493, The_1__Gamblers (62425), UDF1 (-62425)
The_1__Gamblers posts blind: 10
UDF1 posts blind: 20
The_1__Gamblers received [Ah 3h]
UDF1 received [Ac 4c]
The_1__Gamblers raises to 44
UDF1 raises to 2812
The_1__Gamblers raises to 5000
UDF1 calls
Flop [Ks 6s 7c], The_1__Gamblers (5000), UDF1 (5000)
UDF1 bids 0
The_1__Gamblers bids 0
The_1__Gamblers won the auction and was revealed [Ac]
UDF1 won the auction and was revealed [Ah]
Flop [Ks 6s 7c], The_1__Gamblers (5000), UDF1 (5000)
UDF1 checks
The_1__Gamblers checks
Turn [Ks 6s 7c 2c], The_1__Gamblers (5000), UDF1 (5000)
UDF1 checks
The_1__Gamblers checks
River [Ks 6s 7c 2c Kc], The_1__Gamblers (5000), UDF1 (5000)
UDF1 checks
The_1__Gamblers checks
The_1__Gamblers shows [Ah 3h]
UDF1 shows [Ac 4c]
The_1__Gamblers awarded -5000
UDF1 awarded 5000

Round #494, UDF1 (-57425), The_1__Gamblers (57425)
UDF1 posts blind: 10
The_1__Gamblers posts blind: 20
UDF1 received [5s 7h]
The_1__Gamblers received [8h Kd]
UDF1 raises to 2215
The_1__Gamblers calls
Flop [Jh 3d 2s], UDF1 (2215), The_1__Gamblers (2215)
The_1__Gamblers bids 205
UDF1 bids 237
UDF1 won the auction and was revealed [8h]
Flop [Jh 3d 2s], UDF1 (2420), The_1__Gamblers (2215)
The_1__Gamblers checks
UDF1 checks
Turn [Jh 3d 2s 4c], UDF1 (2420), The_1__Gamblers (2215)
The_1__Gamblers checks
UDF1 checks
River [Jh 3d 2s 4c Th], UDF1 (2420), The_1__Gamblers (2215)
The_1__Gamblers checks
UDF1 checks
UDF1 shows [5s 7h]
The_1__Gamblers shows [8h Kd]
UDF1 awarded -2420
The_1__Gamblers awarded 2420

Round #495, The_1__Gamblers (59845), UDF1 (-59845)
The_1__Gamblers posts blind: 10
UDF1 posts blind: 20
The_1__Gamblers received [6s Kh]
UDF1 received [6h 2d]
The_1__Gamblers raises to 44
UDF1 folds
The_1__Gamblers awarded 20
UDF1 awarded -20

Round #496, UDF1 (-59865), The_1__Gamblers (59865)
UDF1 posts blind: 10
The_1__Gamblers posts blind: 20
UDF1 received [Ts 6d]
The_1__Gamblers received [3s 4s]
UDF1 folds
UDF1 awarded -10
The_1__Gamblers awarded 10

Round #497, The_1__Gamblers (59875), UDF1 (-59875)
The_1__Gamblers posts blind: 10
UDF1 posts blind: 20
The_1__Gamblers received [2s Qc]
UDF1 received [8d Kd]
The_1__Gamblers calls
UDF1 raises to 2407
The_1__Gamblers calls
Flop [2h 9c 5d], The_1__Gamblers (2407), UDF1 (2407)
UDF1 bids 293
The_1__Gamblers bids 167
UDF1 won the auction and was revealed [2s]
Flop [2h 9c 5d], The_1__Gamblers (2407), UDF1 (2574)
UDF1 checks
The_1__Gamblers bets 2426
UDF1 folds
The_1__Gamblers awarded 2574
UDF1 awarded -2574

Round #498, UDF1 (-62449), The_1__Gamblers (62449)
UDF1 posts blind: 10
The_1__Gamblers posts blind: 20
UDF1 received [8h 2h]
The_1__Gamblers received [Kh 4d]
UDF1 folds
UDF1 awarded -10
The_1__Gamblers awarded 10

Round #499, The_1__Gamblers (62459), UDF1 (-62459)
The_1__Gamblers posts blind: 10
UDF1 posts blind: 20
The_1__Gamblers received [9s 6h]
UDF1 received [2s 5d]
The_1__Gamblers raises to 44
UDF1 folds
The_1__Gamblers awarded 20
UDF1 awarded -20

Round #500, UDF1 (-62479), The_1__Gamblers (62479)
UDF1 posts blind: 10
The_1__Gamblers posts blind: 20
UDF1 received [9h Jh]
The_1__Gamblers received [2s 7d]
UDF1 raises to 2550
The_1__Gamblers calls
Flop [5c Tc Jd], UDF1 (2550), The_1__Gamblers (2550)
The_1__Gamblers bids 55
UDF1 bids 444
UDF1 won the auction and was revealed [2s]
Flop [5c Tc Jd], UDF1 (2605), The_1__Gamblers (2550)
The_1__Gamblers checks
UDF1 bets 2091
The_1__Gamblers folds
UDF1 awarded 2550
The_1__Gamblers awarded -2550

Round #501, The_1__Gamblers (59929), UDF1 (-59929)
The_1__Gamblers posts blind: 10
UDF1 posts blind: 20
The_1__Gamblers received [Jd 3d]
UDF1 received [Qd 7d]
The_1__Gamblers raises to 44
UDF1 folds
The_1__Gamblers awarded 20
UDF1 awarded -20

Round #502, UDF1 (-59949), The_1__Gamblers (59949)
UDF1 posts blind: 10
The_1__Gamblers posts blind: 20
UDF1 received [As 4c]
The_1__Gamblers received [Ks 3s]
UDF1 folds
UDF1 awarded -10
The_1__Gamblers awarded 10

Round #503, The_1__Gamblers (59959), UDF1 (-59959)
The_1__Gamblers posts blind: 10
UDF1 posts blind: 20
The_1__Gamblers received [As 8d]
UDF1 received [Jh 2s]
The_1__Gamblers raises to 44
UDF1 folds
The_1__Gamblers awarded 20
UDF1 awarded -20

Round #504, UDF1 (-59979), The_1__Gamblers (59979)
UDF1 posts blind: 10
The_1__Gamblers posts blind: 20
UDF1 received [2h 8s]
The_1__Gamblers received [3h Jd]
UDF1 folds
UDF1 awarded -10
The_1__Gamblers awarded 10

Round #505, The_1__Gamblers (59989), UDF1 (-59989)
The_1__Gamblers posts blind: 10
UDF1 posts blind: 20
The_1__Gamblers received [3h Ac]
UDF1 received [Kh 9h]
The_1__Gamblers raises to 44
UDF1 raises to 2467
The_1__Gamblers raises to 4890
UDF1 folds
The_1__Gamblers awarded 2467
UDF1 awarded -2467

Round #506, UDF1 (-62456), The_1__Gamblers (62456)
UDF1 posts blind: 10
The_1__Gamblers posts blind: 20
UDF1 received [Ac 3h]
The_1__Gamblers received [Jh 6c]
UDF1 raises to 2109
The_1__Gamblers calls
Flop [Ah Kh 2s], UDF1 (2109), The_1__Gamblers (2109)
The_1__Gamblers bids 212
UDF1 bids 262
UDF1 won the auction and was revealed [6c]
Flop [Ah Kh 2s], UDF1 (2321), The_1__Gamblers (2109)
The_1__Gamblers checks
UDF1 bets 2296
The_1__Gamblers raises to 2679
UDF1 calls
Turn [Ah Kh 2s Kc], UDF1 (5000), The_1__Gamblers (4788)
The_1__Gamblers checks
UDF1 checks
River [Ah Kh 2s Kc 7s], UDF1 (5000), The_1__Gamblers (4788)
The_1__Gamblers checks
UDF1 checks
UDF1 shows [Ac 3h]
The_1__Gamblers shows [Jh 6c]
UDF1 awarded 4788
The_1__Gamblers awarded -4788

Round #507, The_1__Gamblers (57668), UDF1 (-57668)
The_1__Gamblers posts blind: 10
UDF1 posts blind: 20
The_1__Gamblers received [Qs 2c]
UDF1 received [Ks Jh]
The_1__Gamblers calls
UDF1 checks
Flop [8c Ad Jc], The_1__Gamblers (20), UDF1 (20)
UDF1 bids 264
The_1__Gamblers bids 356
The_1__Gamblers won the auction and was revealed [Ks]
Flop [8c Ad Jc], The_1__Gamblers (284), UDF1 (20)
UDF1 bets 3067
The_1__Gamblers folds
The_1__Gamblers awarded -284
UDF1 awarded 284

Round #508, UDF1 (-57384), The_1__Gamblers (57384)
UDF1 posts blind: 10
The_1__Gamblers posts blind: 20
UDF1 received [Ah 7c]
The_1__Gamblers received [Qd Kh]
UDF1 raises to 2252
The_1__Gamblers calls
Flop [Ks 2h 4h], UDF1 (2252), The_1__Gamblers (2252)
The_1__Gamblers bids 32
UDF1 bids 364
UDF1 won the auction and was revealed [Kh]
Flop [Ks 2h 4h], UDF1 (2284), The_1__Gamblers (2252)
The_1__Gamblers bets 2716
UDF1 folds
UDF1 awarded -2284
The_1__Gamblers awarded 2284

Round #509, The_1__Gamblers (59668), UDF1 (-59668)
The_1__Gamblers posts blind: 10
UDF1 posts blind: 20
The_1__Gamblers received [4d 6s]
UDF1 received [Tc 9d]
The_1__Gamblers raises to 44
UDF1 calls
Flop [5s 2h 2c], The_1__Gamblers (44), UDF1 (44)
UDF1 bids 242
The_1__Gamblers bids 38
UDF1 won the auction and was revealed [4d]
Flop [5s 2h 2c], The_1__Gamblers (44), UDF1 (82)
UDF1 checks
The_1__Gamblers checks
Turn [5s 2h 2c 5d], The_1__Gamblers (44), UDF1 (82)
UDF1 checks
The_1__Gamblers checks
River [5s 2h 2c 5d Kc], The_1__Gamblers (44), UDF1 (82)
UDF1 checks
The_1__Gamblers checks
The_1__Gamblers shows [4d 6s]
UDF1 shows [Tc 9d]
The_1__Gamblers awarded 19
UDF1 awarded -19

Round #510, UDF1 (-59687), The_1__Gamblers (59687)
UDF1 posts blind: 10
The_1__Gamblers posts blind: 20
UDF1 received [Kc 8s]
The_1__Gamblers received [Qc 7c]
UDF1 folds
UDF1 awarded -10
The_1__Gamblers awarded 10

Round #511, The_1__Gamblers (59697), UDF1 (-59697)
The_1__Gamblers posts blind: 10
UDF1 posts blind: 20
The_1__Gamblers received [Js 3d]
UDF1 received [Kc As]
The_1__Gamblers calls
UDF1 raises to 4851
The_1__Gamblers calls
Flop [Ts Ac Kh], The_1__Gamblers (4851), UDF1 (4851)
UDF1 bids 110
The_1__Gamblers bids 10
UDF1 won the auction and was revealed [Js]
Flop [Ts Ac Kh], The_1__Gamblers (4851), UDF1 (4861)
UDF1 bets 120
The_1__Gamblers raises to 139
UDF1 calls
Turn [Ts Ac Kh 9h], The_1__Gamblers (4990), UDF1 (5000)
UDF1 checks
The_1__Gamblers checks
River [Ts Ac Kh 9h 2h], The_1__Gamblers (4990), UDF1 (5000)
UDF1 checks
The_1__Gamblers checks
The_1__Gamblers shows [Js 3d]
UDF1 shows [Kc As]
The_1__Gamblers awarded -4990
UDF1 awarded 4990

Round #512, UDF1 (-54707), The_1__Gamblers (54707)
UDF1 posts blind: 10
The_1__Gamblers posts blind: 20
UDF1 received [Tc 6s]
The_1__Gamblers received [Kd 4d]
UDF1 folds
UDF1 awarded -10
The_1__Gamblers awarded 10

Round #513, The_1__Gamblers (54717), UDF1 (-54717)
The_1__Gamblers posts blind: 10
UDF1 posts blind: 20
The_1__Gamblers received [Kd 2c]
UDF1 received [Kh Kc]
The_1__Gamblers calls
UDF1 raises to 4503
The_1__Gamblers calls
Flop [Ah Qc 5s], The_1__Gamblers (4503), UDF1 (4503)
UDF1 bids 339
The_1__Gamblers bids 37
UDF1 won the auction and was revealed [2c]
Flop [Ah Qc 5s], The_1__Gamblers (4503), UDF1 (4540)
UDF1 bets 416
The_1__Gamblers raises to 460
UDF1 calls
Turn [Ah Qc 5s 4c], The_1__Gamblers (4963), UDF1 (5000)
UDF1 checks
The_1__Gamblers checks
River [Ah Qc 5s 4c 3s], The_1__Gamblers (4963), UDF1 (5000)
UDF1 checks
The_1__Gamblers checks
The_1__Gamblers shows [Kd 2c]
UDF1 shows [Kh Kc]
The_1__Gamblers awarded 5000
UDF1 awarded -5000

Round #514, UDF1 (-59717), The_1__Gamblers (59717)
UDF1 posts blind: 10
The_1__Gamblers posts blind: 20
UDF1 received [9h 3h]
The_1__Gamblers received [5s Kh]
UDF1 folds
UDF1 awarded -10
The_1__Gamblers awarded 10

Round #515, The_1__Gamblers (59727), UDF1 (-59727)
The_1__Gamblers posts blind: 10
UDF1 posts blind: 20
The_1__Gamblers received [6s 2c]
UDF1 received [Jc 9h]
The_1__Gamblers raises to 44
UDF1 folds
The_1__Gamblers awarded 20
UDF1 awarded -20

Round #516, UDF1 (-59747), The_1__Gamblers (59747)
UDF1 posts blind: 10
The_1__Gamblers posts blind: 20
UDF1 received [9s Th]
The_1__Gamblers received [3d 6h]
UDF1 raises to 3021
The_1__Gamblers calls
Flop [Kd 7d 4c], UDF1 (3021), The_1__Gamblers (3021)
The_1__Gamblers bids 29
UDF1 bids 218
UDF1 won the auction and was revealed [3d]
Flop [Kd 7d 4c], UDF1 (3050), The_1__Gamblers (3021)
The_1__Gamblers checks
UDF1 checks
Turn [Kd 7d 4c As], UDF1 (3050), The_1__Gamblers (3021)
The_1__Gamblers checks
UDF1 checks
River [Kd 7d 4c As Ks], UDF1 (3050), The_1__Gamblers (3021)
The_1__Gamblers checks
UDF1 bets 1599
The_1__Gamblers folds
UDF1 awarded 3021
The_1__Gamblers awarded -3021

Round #517, The_1__Gamblers (56726), UDF1 (-56726)
The_1__Gamblers posts blind: 10
UDF1 posts blind: 20
The_1__Gamblers received [8s 2h]
UDF1 received [Qc 6d]
The_1__Gamblers calls
UDF1 checks
Flop [Kh 9s Kd], The_1__Gamblers (20), UDF1 (20)
UDF1 bids 213
The_1__Gamblers bids 245
The_1__Gamblers won the auction and was revealed [Qc]
Flop [Kh 9s Kd], The_1__Gamblers (233), UDF1 (20)
UDF1 checks
The_1__Gamblers checks
Turn [Kh 9s Kd 8d], The_1__Gamblers (233), UDF1 (20)
UDF1 checks
The_1__Gamblers bets 83
UDF1 calls
River [Kh 9s Kd 8d Ts], The_1__Gamblers (316), UDF1 (103)
UDF1 checks
The_1__Gamblers bets 138
UDF1 calls
The_1__Gamblers shows [8s 2h]
UDF1 shows [Qc 6d]
The_1__Gamblers awarded 241
UDF1 awarded -241

Round #518, UDF1 (-56967), The_1__Gamblers (56967)
UDF1 posts blind: 10
The_1__Gamblers posts blind: 20
UDF1 received [8c 6c]
The_1__Gamblers received [2c Ah]
UDF1 raises to 2508
The_1__Gamblers calls
Flop [8s 7c Jc], UDF1 (2508), The_1__Gamblers (2508)
The_1__Gamblers bids 186
UDF1 bids 234
UDF1 won the auction and was revealed [Ah]
Flop [8s 7c Jc], UDF1 (2694), The_1__Gamblers (2508)
The_1__Gamblers bets 1716
UDF1 raises to 2306
The_1__Gamblers calls
Turn [8s 7c Jc 9d], UDF1 (5000), The_1__Gamblers (4814)
The_1__Gamblers checks
UDF1 checks
River [8s 7c Jc 9d 9s], UDF1 (5000), The_1__Gamblers (4814)
The_1__Gamblers checks
UDF1 checks
UDF1 shows [8c 6c]
The_1__Gamblers shows [2c Ah]
UDF1 awarded 4814
The_1__Gamblers awarded -4814

Round #519, The_1__Gamblers (52153), UDF1 (-52153)
The_1__Gamblers posts blind: 10
UDF1 posts blind: 20
The_1__Gamblers received [5h 7c]
UDF1 received [8s 2h]
The_1__Gamblers raises to 44
UDF1 folds
The_1__Gamblers awarded 20
UDF1 awarded -20

Round #520, UDF1 (-52173), The_1__Gamblers (52173)
UDF1 posts blind: 10
The_1__Gamblers posts blind: 20
UDF1 received [4s 6d]
The_1__Gamblers received [9h Ad]
UDF1 calls
The_1__Gamblers checks
Flop [Th 7h 3s], UDF1 (20), The_1__Gamblers (20)
The_1__Gamblers bids 367
UDF1 bids 262
The_1__Gamblers won the auction and was revealed [4s]
Flop [Th 7h 3s], UDF1 (20), The_1__Gamblers (282)
The_1__Gamblers bets 99
UDF1 calls
Turn [Th 7h 3s 2h], UDF1 (119), The_1__Gamblers (381)
The_1__Gamblers bets 165
UDF1 folds
UDF1 awarded -119
The_1__Gamblers awarded 119

Round #521, The_1__Gamblers (52292), UDF1 (-52292)
The_1__Gamblers posts blind: 10
UDF1 posts blind: 20
The_1__Gamblers received [3c 9s]
UDF1 received [Jh 7h]
The_1__Gamblers calls
UDF1 checks
Flop [Ah 8c 5h], The_1__Gamblers (20), UDF1 (20)
UDF1 bids 269
The_1__Gamblers bids 188
UDF1 won the auction and was revealed [9s]
Flop [Ah 8c 5h], The_1__Gamblers (20), UDF1 (208)
UDF1 bets 3214
The_1__Gamblers folds
The_1__Gamblers awarded -20
UDF1 awarded 20

Round #522, UDF1 (-52272), The_1__Gamblers (52272)
UDF1 posts blind: 10
The_1__Gamblers posts blind: 20
UDF1 received [Kc 2s]
The_1__Gamblers received [3c Qh]
UDF1 folds
UDF1 awarded -10
The_1__Gamblers awarded 10

Round #523, The_1__Gamblers (52282), UDF1 (-52282)
The_1__Gamblers posts blind: 10
UDF1 posts blind: 20
The_1__Gamblers received [Jc 8s]
UDF1 received [7h 4d]
The_1__Gamblers raises to 44
UDF1 folds
The_1__Gamblers awarded 20
UDF1 awarded -20

Round #524, UDF1 (-52302), The_1__Gamblers (52302)
UDF1 posts blind: 10
The_1__Gamblers posts blind: 20
UDF1 received [4d Qc]
The_1__Gamblers received [6c 8c]
UDF1 folds
UDF1 awarded -10
The_1__Gamblers awarded 10

Round #525, The_1__Gamblers (52312), UDF1 (-52312)
The_1__Gamblers posts blind: 10
UDF1 posts blind: 20
The_1__Gamblers received [5c Js]
UDF1 received [Td 7d]
The_1__Gamblers raises to 44
UDF1 calls
Flop [Qs 6d 4d], The_1__Gamblers (44), UDF1 (44)
UDF1 bids 283
The_1__Gamblers bids 320
The_1__Gamblers won the auction and was revealed [7d]
Flop [Qs 6d 4d], The_1__Gamblers (327), UDF1 (44)
UDF1 checks
The_1__Gamblers checks
Turn [Qs 6d 4d 8c], The_1__Gamblers (327), UDF1 (44)
UDF1 checks
The_1__Gamblers checks
River [Qs 6d 4d 8c 7c], The_1__Gamblers (327), UDF1 (44)
UDF1 checks
The_1__Gamblers bets 463
UDF1 calls
The_1__Gamblers shows [5c Js]
UDF1 shows [Td 7d]
The_1__Gamblers awarded 507
UDF1 awarded -507

Round #526, UDF1 (-52819), The_1__Gamblers (52819)
UDF1 posts blind: 10
The_1__Gamblers posts blind: 20
UDF1 received [Ks 9c]
The_1__Gamblers received [2d 4h]
UDF1 raises to 2321
The_1__Gamblers calls
Flop [6h 5d 9h], UDF1 (2321), The_1__Gamblers (2321)
The_1__Gamblers bids 12
UDF1 bids 262
UDF1 won the auction and was revealed [4h]
Flop [6h 5d 9h], UDF1 (2333), The_1__Gamblers (2321)
The_1__Gamblers checks
UDF1 bets 2470
The_1__Gamblers folds
UDF1 awarded 2321
The_1__Gamblers awarded -2321

Round #527, The_1__Gamblers (50498), UDF1 (-50498)
The_1__Gamblers posts blind: 10
UDF1 posts blind: 20
The_1__Gamblers received [8s Ah]
UDF1 received [Qd Kh]
The_1__Gamblers raises to 44
UDF1 raises to 4237
The_1__Gamblers raises to 5000
UDF1 calls
Flop [8c 5c Ac], The_1__Gamblers (5000), UDF1 (5000)
UDF1 bids 0
The_1__Gamblers bids 0
The_1__Gamblers won the auction and was revealed [Qd]
UDF1 won the auction and was revealed [Ah]
Flop [8c 5c Ac], The_1__Gamblers (5000), UDF1 (5000)
UDF1 checks
The_1__Gamblers checks
Turn [8c 5c Ac Js], The_1__Gamblers (5000), UDF1 (5000)
UDF1 checks
The_1__Gamblers checks
River [8c 5c Ac Js Th], The_1__Gamblers (5000), UDF1 (5000)
UDF1 checks
The_1__Gamblers checks
The_1__Gamblers shows [8s Ah]
UDF1 shows [Qd Kh]
The_1__Gamblers awarded -5000
UDF1 awarded 5000

Round #528, UDF1 (-45498), The_1__Gamblers (45498)
UDF1 posts blind: 10
The_1__Gamblers posts blind: 20
UDF1 received [4c 3s]
The_1__Gamblers received [Qd 8h]
UDF1 raises to 2210
The_1__Gamblers calls
Flop [7c 9d 3h], UDF1 (2210), The_1__Gamblers (2210)
The_1__Gamblers bids 187
UDF1 bids 260
UDF1 won the auction and was revealed [8h]
Flop [7c 9d 3h], UDF1 (2397), The_1__Gamblers (2210)
The_1__Gamblers checks
UDF1 checks
Turn [7c 9d 3h Qc], UDF1 (2397), The_1__Gamblers (2210)
The_1__Gamblers bets 2603
UDF1 calls
River [7c 9d 3h Qc 4h], UDF1 (5000), The_1__Gamblers (4813)
The_1__Gamblers checks
UDF1 checks
UDF1 shows [4c 3s]
The_1__Gamblers shows [Qd 8h]
UDF1 awarded 4813
The_1__Gamblers awarded -4813

Round #529, The_1__Gamblers (40685), UDF1 (-40685)
The_1__Gamblers posts blind: 10
UDF1 posts blind: 20
The_1__Gamblers received [7h Ad]
UDF1 received [Th 9d]
The_1__Gamblers raises to 44
UDF1 calls
Flop [2s Td 4h], The_1__Gamblers (44), UDF1 (44)
UDF1 bids 148
The_1__Gamblers bids 369
The_1__Gamblers won the auction and was revealed [Th]
Flop [2s Td 4h], The_1__Gamblers (192), UDF1 (44)
UDF1 bets 3420
The_1__Gamblers calls
Turn [2s Td 4h 6d], The_1__Gamblers (3612), UDF1 (3464)
UDF1 bets 1183
The_1__Gamblers raises to 1388
UDF1 calls
River [2s Td 4h 6d 3h], The_1__Gamblers (5000), UDF1 (4852)
UDF1 checks
The_1__Gamblers checks
The_1__Gamblers shows [7h Ad]
UDF1 shows [Th 9d]
The_1__Gamblers awarded -5000
UDF1 awarded 5000

Round #530, UDF1 (-35685), The_1__Gamblers (35685)
UDF1 posts blind: 10
The_1__Gamblers posts blind: 20
UDF1 received [3h Ad]
The_1__Gamblers received [7c Ac]
UDF1 calls
The_1__Gamblers checks
Flop [Td 4c 6s], UDF1 (20), The_1__Gamblers (20)
The_1__Gamblers bids 371
UDF1 bids 214
The_1__Gamblers won the auction and was revealed [Ad]
Flop [Td 4c 6s], UDF1 (20), The_1__Gamblers (234)
The_1__Gamblers bets 83
UDF1 calls
Turn [Td 4c 6s 5d], UDF1 (103), The_1__Gamblers (317)
The_1__Gamblers bets 138
UDF1 calls
River [Td 4c 6s 5d 2d], UDF1 (241), The_1__Gamblers (455)
The_1__Gamblers checks
UDF1 bets 4381
The_1__Gamblers folds
UDF1 awarded 455
The_1__Gamblers awarded -455

Round #531, The_1__Gamblers (35230), UDF1 (-35230)
The_1__Gamblers posts blind: 10
UDF1 posts blind: 20
The_1__Gamblers received [8h 7s]
UDF1 received [2h Qs]
The_1__Gamblers raises to 44
UDF1 raises to 2358
The_1__Gamblers raises to 4672
UDF1 folds
The_1__Gamblers awarded 2358
UDF1 awarded -2358

Round #532, UDF1 (-37588), The_1__Gamblers (37588)
UDF1 posts blind: 10
The_1__Gamblers posts blind: 20
UDF1 received [2h 9d]
The_1__Gamblers received [3h Jh]
UDF1 raises to 2389
The_1__Gamblers calls
Flop [Js Qs Jc], UDF1 (2389), The_1__Gamblers (2389)
The_1__Gamblers bids 30
UDF1 bids 363
UDF1 won the auction and was revealed [3h]
Flop [Js Qs Jc], UDF1 (2419), The_1__Gamblers (2389)
The_1__Gamblers bets 2581
UDF1 calls
Turn [Js Qs Jc Jd], UDF1 (5000), The_1__Gamblers (4970)
The_1__Gamblers checks
UDF1 checks
River [Js Qs Jc Jd Kd], UDF1 (5000), The_1__Gamblers (4970)
The_1__Gamblers checks
UDF1 checks
UDF1 shows [2h 9d]
The_1__Gamblers shows [3h Jh]
UDF1 awarded -5000
The_1__Gamblers awarded 5000

Round #533, The_1__Gamblers (42588), UDF1 (-42588)
The_1__Gamblers posts blind: 10
UDF1 posts blind: 20
The_1__Gamblers received [6d 9h]
UDF1 received [8h 2d]
The_1__Gamblers raises to 44
UDF1 folds
The_1__Gamblers awarded 20
UDF1 awarded -20

Round #534, UDF1 (-42608), The_1__Gamblers (42608)
UDF1 posts blind: 10
The_1__Gamblers posts blind: 20
UDF1 received [5c Tc]
The_1__Gamblers received [7c Qh]
UDF1 folds
UDF1 awarded -10
The_1__Gamblers awarded 10

Round #535, The_1__Gamblers (42618), UDF1 (-42618)
The_1__Gamblers posts blind: 10
UDF1 posts blind: 20
The_1__Gamblers received [Ad 5c]
UDF1 received [Ah Ts]
The_1__Gamblers raises to 44
UDF1 raises to 2908
The_1__Gamblers raises to 5000
UDF1 calls
Flop [6c 2h 9s], The_1__Gamblers (5000), UDF1 (5000)
UDF1 bids 0
The_1__Gamblers bids 0
The_1__Gamblers won the auction and was revealed [Ts]
UDF1 won the auction and was revealed [5c]
Flop [6c 2h 9s], The_1__Gamblers (5000), UDF1 (5000)
UDF1 checks
The_1__Gamblers checks
Turn [6c 2h 9s 5s], The_1__Gamblers (5000), UDF1 (5000)
UDF1 checks
The_1__Gamblers checks
River [6c 2h 9s 5s 5d], The_1__Gamblers (5000), UDF1 (5000)
UDF1 checks
The_1__Gamblers checks
The_1__Gamblers shows [Ad 5c]
UDF1 shows [Ah Ts]
The_1__Gamblers awarded 5000
UDF1 awarded -5000

Round #536, UDF1 (-47618), The_1__Gamblers (47618)
UDF1 posts blind: 10
The_1__Gamblers posts blind: 20
UDF1 received [6c 8d]
The_1__Gamblers received [Jh 6d]
UDF1 raises to 2370
The_1__Gamblers calls
Flop [8s Qh Jc], UDF1 (2370), The_1__Gamblers (2370)
The_1__Gamblers bids 126
UDF1 bids 277
UDF1 won the auction and was revealed [6d]
Flop [8s Qh Jc], UDF1 (2496), The_1__Gamblers (2370)
The_1__Gamblers bets 2504
UDF1 calls
Turn [8s Qh Jc 2d], UDF1 (5000), The_1__Gamblers (4874)
The_1__Gamblers checks
UDF1 checks
River [8s Qh Jc 2d As], UDF1 (5000), The_1__Gamblers (4874)
The_1__Gamblers checks
UDF1 checks
UDF1 shows [6c 8d]
The_1__Gamblers shows [Jh 6d]
UDF1 awarded -5000
The_1__Gamblers awarded 5000

Round #537, The_1__Gamblers (52618), UDF1 (-52618)
The_1__Gamblers posts blind: 10
UDF1 posts blind: 20
The_1__Gamblers received [Kh 5h]
UDF1 received [6s 3h]
The_1__Gamblers raises to 44
UDF1 calls
Flop [Jh 3s 6d], The_1__Gamblers (44), UDF1 (44)
UDF1 bids 273
The_1__Gamblers bids 360
The_1__Gamblers won the auction and was revealed [6s]
Flop [Jh 3s 6d], The_1__Gamblers (317), UDF1 (44)
UDF1 bets 3151
The_1__Gamblers folds
The_1__Gamblers awarded -317
UDF1 awarded 317

Round #538, UDF1 (-52301), The_1__Gamblers (52301)
UDF1 posts blind: 10
The_1__Gamblers posts blind: 20
UDF1 received [7d 3h]
The_1__Gamblers received [6d Kh]
UDF1 raises to 2300
The_1__Gamblers calls
Flop [Ac 4c Ts], UDF1 (2300), The_1__Gamblers (2300)
The_1__Gamblers bids 201
UDF1 bids 286
UDF1 won the auction and was revealed [6d]
Flop [Ac 4c Ts], UDF1 (2501), The_1__Gamblers (2300)
The_1__Gamblers bets 1584
UDF1 calls
Turn [Ac 4c Ts 3c], UDF1 (4085), The_1__Gamblers (3884)
The_1__Gamblers checks
UDF1 bets 730
The_1__Gamblers raises to 915
UDF1 calls
River [Ac 4c Ts 3c 8d], UDF1 (5000), The_1__Gamblers (4799)
The_1__Gamblers checks
UDF1 checks
UDF1 shows [7d 3h]
The_1__Gamblers shows [6d Kh]
UDF1 awarded 4799
The_1__Gamblers awarded -4799

Round #539, The_1__Gamblers (47502), UDF1 (-47502)
The_1__Gamblers posts blind: 10
UDF1 posts blind: 20
The_1__Gamblers received [Td 6s]
UDF1 received [Jc 8h]
The_1__Gamblers raises to 44
UDF1 folds
The_1__Gamblers awarded 20
UDF1 awarded -20

Round #540, UDF1 (-47522), The_1__Gamblers (47522)
UDF1 posts blind: 10
The_1__Gamblers posts blind: 20
UDF1 received [2c Kd]
The_1__Gamblers received [8c 7s]
UDF1 raises to 2473
The_1__Gamblers calls
Flop [2s 6h Qh], UDF1 (2473), The_1__Gamblers (2473)
The_1__Gamblers bids 77
UDF1 bids 320
UDF1 won the auction and was revealed [8c]
Flop [2s 6h Qh], UDF1 (2550), The_1__Gamblers (2473)
The_1__Gamblers checks
UDF1 bets 2245
The_1__Gamblers folds
UDF1 awarded 2473
The_1__Gamblers awarded -2473

Round #541, The_1__Gamblers (45049), UDF1 (-45049)
The_1__Gamblers posts blind: 10
UDF1 posts blind: 20
The_1__Gamblers received [4d 3c]
UDF1 received [Ah 8d]
The_1__Gamblers raises to 44
UDF1 folds
The_1__Gamblers awarded 20
UDF1 awarded -20

Round #542, UDF1 (-45069), The_1__Gamblers (45069)
UDF1 posts blind: 10
The_1__Gamblers posts blind: 20
UDF1 received [Kc 7h]
The_1__Gamblers received [Qh 3d]
UDF1 raises to 2239
The_1__Gamblers calls
Flop [3h 8h Ks], UDF1 (2239), The_1__Gamblers (2239)
The_1__Gamblers bids 173
UDF1 bids 303
UDF1 won the auction and was revealed [3d]
Flop [3h 8h Ks], UDF1 (2412), The_1__Gamblers (2239)
The_1__Gamblers bets 2588
UDF1 calls
Turn [3h 8h Ks Jc], UDF1 (5000), The_1__Gamblers (4827)
The_1__Gamblers checks
UDF1 checks
River [3h 8h Ks Jc Ac], UDF1 (5000), The_1__Gamblers (4827)
The_1__Gamblers checks
UDF1 checks
UDF1 shows [Kc 7h]
The_1__Gamblers shows [Qh 3d]
UDF1 awarded 4827
The_1__Gamblers awarded -4827

Round #543, The_1__Gamblers (40242), UDF1 (-40242)
The_1__Gamblers posts blind: 10
UDF1 posts blind: 20
The_1__Gamblers received [9h 3d]
UDF1 received [2h 8c]
The_1__Gamblers calls
UDF1 checks
Flop [Ts 9d Jc], The_1__Gamblers (20), UDF1 (20)
UDF1 bids 251
The_1__Gamblers bids 346
The_1__Gamblers won the auction and was revealed [8c]
Flop [Ts 9d Jc], The_1__Gamblers (271), UDF1 (20)
UDF1 checks
The_1__Gamblers bets 96
UDF1 calls
Turn [Ts 9d Jc 9c], The_1__Gamblers (367), UDF1 (116)
UDF1 checks
The_1__Gamblers bets 603
UDF1 folds
The_1__Gamblers awarded 116
UDF1 awarded -116

Round #544, UDF1 (-40358), The_1__Gamblers (40358)
UDF1 posts blind: 10
The_1__Gamblers posts blind: 20
UDF1 received [3c Ts]
The_1__Gamblers received [6c 7c]
UDF1 folds
UDF1 awarded -10
The_1__Gamblers awarded 10

Round #545, The_1__Gamblers (40368), UDF1 (-40368)
The_1__Gamblers posts blind: 10
UDF1 posts blind: 20
The_1__Gamblers received [Kh Jc]
UDF1 received [2h 9d]
The_1__Gamblers raises to 44
UDF1 raises to 2569
The_1__Gamblers raises to 5000
UDF1 folds
The_1__Gamblers awarded 2569
UDF1 awarded -2569

Round #546, UDF1 (-42937), The_1__Gamblers (42937)
UDF1 posts blind: 10
The_1__Gamblers posts blind: 20
UDF1 received [2s Ts]
The_1__Gamblers received [4s Kc]
UDF1 calls
The_1__Gamblers checks
Flop [As 7s 3h], UDF1 (20), The_1__Gamblers (20)
The_1__Gamblers bids 372
UDF1 bids 251
The_1__Gamblers won the auction and was revealed [Ts]
Flop [As 7s 3h], UDF1 (20), The_1__Gamblers (271)
The_1__Gamblers bets 96
UDF1 calls
Turn [As 7s 3h Jd], UDF1 (116), The_1__Gamblers (367)
The_1__Gamblers checks
UDF1 checks
River [As 7s 3h Jd 6c], UDF1 (116), The_1__Gamblers (367)
The_1__Gamblers checks
UDF1 checks
UDF1 shows [2s Ts]
The_1__Gamblers shows [4s Kc]
UDF1 awarded -116
The_1__Gamblers awarded 116

Round #547, The_1__Gamblers (43053), UDF1 (-43053)
The_1__Gamblers posts blind: 10
UDF1 posts blind: 20
The_1__Gamblers received [4s 3c]
UDF1 received [3s 9s]
The_1__Gamblers raises to 44
UDF1 folds
The_1__Gamblers awarded 20
UDF1 awarded -20

Round #548, UDF1 (-43073), The_1__Gamblers (43073)
UDF1 posts blind: 10
The_1__Gamblers posts blind: 20
UDF1 received [3h 4d]
The_1__Gamblers received [Td 2s]
UDF1 folds
UDF1 awarded -10
The_1__Gamblers awarded 10

Round #549, The_1__Gamblers (43083), UDF1 (-43083)
The_1__Gamblers posts blind: 10
UDF1 posts blind: 20
The_1__Gamblers received [Qc 5h]
UDF1 received [2d 7s]
The_1__Gamblers raises to 44
UDF1 raises to 2305
The_1__Gamblers raises to 4566
UDF1 folds
The_1__Gamblers awarded 2305
UDF1 awarded -2305

Round #550, UDF1 (-45388), The_1__Gamblers (45388)
UDF1 posts blind: 10
The_1__Gamblers posts blind: 20
UDF1 received [Ks Kd]
The_1__Gamblers received [Ad Ah]
UDF1 raises to 4635
The_1__Gamblers raises to 5000
UDF1 calls
Flop [4s 4h 5h], UDF1 (5000), The_1__Gamblers (5000)
The_1__Gamblers bids 0
UDF1 bids 0
UDF1 won the auction and was revealed [Ad]
The_1__Gamblers won the auction and was revealed [Kd]
Flop [4s 4h 5h], UDF1 (5000), The_1__Gamblers (5000)
The_1__Gamblers checks
UDF1 checks
Turn [4s 4h 5h 9h], UDF1 (5000), The_1__Gamblers (5000)
The_1__Gamblers checks
UDF1 checks
River [4s 4h 5h 9h Kh], UDF1 (5000), The_1__Gamblers (5000)
The_1__Gamblers checks
UDF1 checks
UDF1 shows [Ks Kd]
The_1__Gamblers shows [Ad Ah]
UDF1 awarded 5000
The_1__Gamblers awarded -5000

Round #551, The_1__Gamblers (40388), UDF1 (-40388)
The_1__Gamblers posts blind: 10
UDF1 posts blind: 20
The_1__Gamblers received [4h 6c]
UDF1 received [7h 6s]
The_1__Gamblers raises to 44
UDF1 calls
Flop [Ac 5c Tc], The_1__Gamblers (44), UDF1 (44)
UDF1 bids 266
The_1__Gamblers bids 220
UDF1 won the auction and was revealed [4h]
Flop [Ac 5c Tc], The_1__Gamblers (44), UDF1 (264)
UDF1 checks
The_1__Gamblers checks
Turn [Ac 5c Tc 4s], The_1__Gamblers (44), UDF1 (264)
UDF1 checks
The_1__Gamblers bets 101
UDF1 folds
The_1__Gamblers awarded 264
UDF1 awarded -264

Round #552, UDF1 (-40652), The_1__Gamblers (40652)
UDF1 posts blind: 10
The_1__Gamblers posts blind: 20
UDF1 received [5h Js]
The_1__Gamblers received [Kc 6h]
UDF1 folds
UDF1 awarded -10
The_1__Gamblers awarded 10

Round #553, The_1__Gamblers (40662), UDF1 (-40662)
The_1__Gamblers posts blind: 10
UDF1 posts blind: 20
The_1__Gamblers received [7s 2d]
UDF1 received [3h 7d]
The_1__Gamblers calls
UDF1 checks
Flop [9h Qh 9d], The_1__Gamblers (20), UDF1 (20)
UDF1 bids 266
The_1__Gamblers bids 177
UDF1 won the auction and was revealed [2d]
Flop [9h Qh 9d], The_1__Gamblers (20), UDF1 (197)
UDF1 checks
The_1__Gamblers checks
Turn [9h Qh 9d 7h], The_1__Gamblers (20), UDF1 (197)
UDF1 bets 3238
The_1__Gamblers calls
River [9h Qh 9d 7h 5h], The_1__Gamblers (3258), UDF1 (3435)
UDF1 bets 1372
The_1__Gamblers raises to 1565
UDF1 calls
The_1__Gamblers shows [7s 2d]
UDF1 shows [3h 7d]
The_1__Gamblers awarded -4823
UDF1 awarded 4823

Round #554, UDF1 (-35839), The_1__Gamblers (35839)
UDF1 posts blind: 10
The_1__Gamblers posts blind: 20
UDF1 received [Ac 7c]
The_1__Gamblers received [5d Ks]
UDF1 calls
The_1__Gamblers checks
Flop [Jh As Qd], UDF1 (20), The_1__Gamblers (20)
The_1__Gamblers bids 371
UDF1 bids 264
The_1__Gamblers won the auction and was revealed [Ac]
Flop [Jh As Qd], UDF1 (20), The_1__Gamblers (284)
The_1__Gamblers bets 100
UDF1 raises to 3280
The_1__Gamblers calls
Turn [Jh As Qd 4s], UDF1 (3300), The_1__Gamblers (3564)
The_1__Gamblers checks
UDF1 bets 1142
The_1__Gamblers raises to 1436
UDF1 calls
River [Jh As Qd 4s 5s], UDF1 (4736), The_1__Gamblers (5000)
The_1__Gamblers checks
UDF1 checks
UDF1 shows [Ac 7c]
The_1__Gamblers shows [5d Ks]
UDF1 awarded 5000
The_1__Gamblers awarded -5000

Round #555, The_1__Gamblers (30839), UDF1 (-30839)
The_1__Gamblers posts blind: 10
UDF1 posts blind: 20
The_1__Gamblers received [5s 5h]
UDF1 received [Qs Ad]
The_1__Gamblers raises to 44
UDF1 raises to 4342
The_1__Gamblers raises to 5000
UDF1 calls
Flop [2c 4h 7s], The_1__Gamblers (5000), UDF1 (5000)
UDF1 bids 0
The_1__Gamblers bids 0
The_1__Gamblers won the auction and was revealed [Qs]
UDF1 won the auction and was revealed [5s]
Flop [2c 4h 7s], The_1__Gamblers (5000), UDF1 (5000)
UDF1 checks
The_1__Gamblers checks
Turn [2c 4h 7s Kh], The_1__Gamblers (5000), UDF1 (5000)
UDF1 checks
The_1__Gamblers checks
River [2c 4h 7s Kh 8d], The_1__Gamblers (5000), UDF1 (5000)
UDF1 checks
The_1__Gamblers checks
The_1__Gamblers shows [5s 5h]
UDF1 shows [Qs Ad]
The_1__Gamblers awarded 5000
UDF1 awarded -5000

Round #556, UDF1 (-35839), The_1__Gamblers (35839)
UDF1 posts blind: 10
The_1__Gamblers posts blind: 20
UDF1 received [8d 6c]
The_1__Gamblers received [7d 2s]
UDF1 folds
UDF1 awarded -10
The_1__Gamblers awarded 10

Round #557, The_1__Gamblers (35849), UDF1 (-35849)
The_1__Gamblers posts blind: 10
UDF1 posts blind: 20
The_1__Gamblers received [Jc As]
UDF1 received [2s 9h]
The_1__Gamblers raises to 44
UDF1 folds
The_1__Gamblers awarded 20
UDF1 awarded -20

Round #558, UDF1 (-35869), The_1__Gamblers (35869)
UDF1 posts blind: 10
The_1__Gamblers posts blind: 20
UDF1 received [Td 2h]
The_1__Gamblers received [9h 3h]
UDF1 raises to 2222
The_1__Gamblers calls
Flop [Js 8s Qh], UDF1 (2222), The_1__Gamblers (2222)
The_1__Gamblers bids 142
UDF1 bids 419
UDF1 won the auction and was revealed [3h]
Flop [Js 8s Qh], UDF1 (2364), The_1__Gamblers (2222)
The_1__Gamblers checks
UDF1 checks
Turn [Js 8s Qh Kd], UDF1 (2364), The_1__Gamblers (2222)
The_1__Gamblers checks
UDF1 checks
River [Js 8s Qh Kd 7h], UDF1 (2364), The_1__Gamblers (2222)
The_1__Gamblers checks
UDF1 checks
UDF1 shows [Td 2h]
The_1__Gamblers shows [9h 3h]
UDF1 awarded 2222
The_1__Gamblers awarded -2222

Round #559, The_1__Gamblers (33647), UDF1 (-33647)
The_1__Gamblers posts blind: 10
UDF1 posts blind: 20
The_1__Gamblers received [2d 2s]
UDF1 received [6s 8h]
The_1__Gamblers raises to 44
UDF1 folds
The_1__Gamblers awarded 20
UDF1 awarded -20

Round #560, UDF1 (-33667), The_1__Gamblers (33667)
UDF1 posts blind: 10
The_1__Gamblers posts blind: 20
UDF1 received [Th 8d]
The_1__Gamblers received [Qs As]
UDF1 calls
The_1__Gamblers checks
Flop [Ks Ad 6s], UDF1 (20), The_1__Gamblers (20)
The_1__Gamblers bids 0
UDF1 bids 249
UDF1 won the auction and was revealed [As]
Flop [Ks Ad 6s], UDF1 (20), The_1__Gamblers (20)
The_1__Gamblers bets 50
UDF1 folds
UDF1 awarded -20
The_1__Gamblers awarded 20

Round #561, The_1__Gamblers (33687), UDF1 (-33687)
The_1__Gamblers posts blind: 10
UDF1 posts blind: 20
The_1__Gamblers received [4s Qs]
UDF1 received [Qh Kd]
The_1__Gamblers raises to 44
UDF1 raises to 4355
The_1__Gamblers raises to 5000
UDF1 calls
Flop [Qc Ah Tc], The_1__Gamblers (5000), UDF1 (5000)
UDF1 bids 0
The_1__Gamblers bids 0
The_1__Gamblers won the auction and was revealed [Kd]
UDF1 won the auction and was revealed [4s]
Flop [Qc Ah Tc], The_1__Gamblers (5000), UDF1 (5000)
UDF1 checks
The_1__Gamblers checks
Turn [Qc Ah Tc 8h], The_1__Gamblers (5000), UDF1 (5000)
UDF1 checks
The_1__Gamblers checks
River [Qc Ah Tc 8h 2h], The_1__Gamblers (5000), UDF1 (5000)
UDF1 checks
The_1__Gamblers checks
The_1__Gamblers shows [4s Qs]
UDF1 shows [Qh Kd]
The_1__Gamblers awarded -5000
UDF1 awarded 5000

Round #562, UDF1 (-28687), The_1__Gamblers (28687)
UDF1 posts blind: 10
The_1__Gamblers posts blind: 20
UDF1 received [Td As]
The_1__Gamblers received [4c 2h]
UDF1 raises to 3150
The_1__Gamblers calls
Flop [Kh 7s Kc], UDF1 (3150), The_1__Gamblers (3150)
The_1__Gamblers bids 8
UDF1 bids 205
UDF1 won the auction and was revealed [4c]
Flop [Kh 7s Kc], UDF1 (3158), The_1__Gamblers (3150)
The_1__Gamblers checks
UDF1 bets 1541
The_1__Gamblers folds
UDF1 awarded 3150
The_1__Gamblers awarded -3150

Round #563, The_1__Gamblers (25537), UDF1 (-25537)
The_1__Gamblers posts blind: 10
UDF1 posts blind: 20
The_1__Gamblers received [3d 8s]
UDF1 received [5s 9s]
The_1__Gamblers calls
UDF1 checks
Flop [5c Ks Th], The_1__Gamblers (20), UDF1 (20)
UDF1 bids 244
The_1__Gamblers bids 188
UDF1 won the auction and was revealed [3d]
Flop [5c Ks Th], The_1__Gamblers (20), UDF1 (208)
UDF1 bets 3244
The_1__Gamblers folds
The_1__Gamblers awarded -20
UDF1 awarded 20

Round #564, UDF1 (-25517), The_1__Gamblers (25517)
UDF1 posts blind: 10
The_1__Gamblers posts blind: 20
UDF1 received [Jh 3s]
The_1__Gamblers received [Kc 6c]
UDF1 folds
UDF1 awarded -10
The_1__Gamblers awarded 10

Round #565, The_1__Gamblers (25527), UDF1 (-25527)
The_1__Gamblers posts blind: 10
UDF1 posts blind: 20
The_1__Gamblers received [8h As]
UDF1 received [Ac 8c]
The_1__Gamblers raises to 44
UDF1 calls
Flop [Jc 4s 5h], The_1__Gamblers (44), UDF1 (44)
UDF1 bids 249
The_1__Gamblers bids 367
The_1__Gamblers won the auction and was revealed [8c]
Flop [Jc 4s 5h], The_1__Gamblers (293), UDF1 (44)
UDF1 checks
The_1__Gamblers bets 111
UDF1 calls
Turn [Jc 4s 5h 3c], The_1__Gamblers (404), UDF1 (155)
UDF1 bets 2907
The_1__Gamblers folds
The_1__Gamblers awarded -404
UDF1 awarded 404

Round #566, UDF1 (-25123), The_1__Gamblers (25123)
UDF1 posts blind: 10
The_1__Gamblers posts blind: 20
UDF1 received [Qd Ah]
The_1__Gamblers received [Jd 9s]
UDF1 calls
The_1__Gamblers checks
Flop [7s 5s As], UDF1 (20), The_1__Gamblers (20)
The_1__Gamblers bids 369
UDF1 bids 259
The_1__Gamblers won the auction and was revealed [Qd]
Flop [7s 5s As], UDF1 (20), The_1__Gamblers (279)
The_1__Gamblers checks
UDF1 bets 2845
The_1__Gamblers folds
UDF1 awarded 279
The_1__Gamblers awarded -279

Round #567, The_1__Gamblers (24844), UDF1 (-24844)
The_1__Gamblers posts blind: 10
UDF1 posts blind: 20
The_1__Gamblers received [7c 9s]
UDF1 received [7d 3d]
The_1__Gamblers raises to 44
UDF1 calls
Flop [7s Qs Kc], The_1__Gamblers (44), UDF1 (44)
UDF1 bids 256
The_1__Gamblers bids 307
The_1__Gamblers won the auction and was revealed [3d]
Flop [7s Qs Kc], The_1__Gamblers (300), UDF1 (44)
UDF1 bets 2694
The_1__Gamblers raises to 4700
UDF1 calls
Turn [7s Qs Kc Qc], The_1__Gamblers (5000), UDF1 (4744)
UDF1 checks
The_1__Gamblers checks
River [7s Qs Kc Qc Th], The_1__Gamblers (5000), UDF1 (4744)
UDF1 checks
The_1__Gamblers checks
The_1__Gamblers shows [7c 9s]
UDF1 shows [7d 3d]
The_1__Gamblers awarded -128
UDF1 awarded 128

Round #568, UDF1 (-24716), The_1__Gamblers (24716)
UDF1 posts blind: 10
The_1__Gamblers posts blind: 20
UDF1 received [5d 8c]
The_1__Gamblers received [4s Ks]
UDF1 folds
UDF1 awarded -10
The_1__Gamblers awarded 10

Round #569, The_1__Gamblers (24726), UDF1 (-24726)
The_1__Gamblers posts blind: 10
UDF1 posts blind: 20
The_1__Gamblers received [Jc 9c]
UDF1 received [3s 8h]
The_1__Gamblers raises to 44
UDF1 folds
The_1__Gamblers awarded 20
UDF1 awarded -20

Round #570, UDF1 (-24746), The_1__Gamblers (24746)
UDF1 posts blind: 10
The_1__Gamblers posts blind: 20
UDF1 received [5c Th]
The_1__Gamblers received [7d Ah]
UDF1 folds
UDF1 awarded -10
The_1__Gamblers awarded 10

Round #571, The_1__Gamblers (24756), UDF1 (-24756)
The_1__Gamblers posts blind: 10
UDF1 posts blind: 20
The_1__Gamblers received [7d 9d]
UDF1 received [5d 9s]
The_1__Gamblers raises to 44
UDF1 raises to 2156
The_1__Gamblers raises to 4268
UDF1 folds
The_1__Gamblers awarded 2156
UDF1 awarded -2156

Round #572, UDF1 (-26912), The_1__Gamblers (26912)
UDF1 posts blind: 10
The_1__Gamblers posts blind: 20
UDF1 received [8d 8h]
The_1__Gamblers received [Ac 8c]
UDF1 raises to 4161
The_1__Gamblers calls
Flop [4d 7s As], UDF1 (4161), The_1__Gamblers (4161)
The_1__Gamblers bids 15
UDF1 bids 263
UDF1 won the auction and was revealed [8c]
Flop [4d 7s As], UDF1 (4176), The_1__Gamblers (4161)
The_1__Gamblers bets 824
UDF1 calls
Turn [4d 7s As 7d], UDF1 (5000), The_1__Gamblers (4985)
The_1__Gamblers checks
UDF1 checks
River [4d 7s As 7d Kc], UDF1 (5000), The_1__Gamblers (4985)
The_1__Gamblers checks
UDF1 checks
UDF1 shows [8d 8h]
The_1__Gamblers shows [Ac 8c]
UDF1 awarded -5000
The_1__Gamblers awarded 5000

Round #573, The_1__Gamblers (31912), UDF1 (-31912)
The_1__Gamblers posts blind: 10
UDF1 posts blind: 20
The_1__Gamblers received [4h 4s]
UDF1 received [9h 5d]
The_1__Gamblers raises to 44
UDF1 folds
The_1__Gamblers awarded 20
UDF1 awarded -20

Round #574, UDF1 (-31932), The_1__Gamblers (31932)
UDF1 posts blind: 10
The_1__Gamblers posts blind: 20
UDF1 received [7h 8s]
The_1__Gamblers received [Qc Kd]
UDF1 folds
UDF1 awarded -10
The_1__Gamblers awarded 10

Round #575, The_1__Gamblers (31942), UDF1 (-31942)
The_1__Gamblers posts blind: 10
UDF1 posts blind: 20
The_1__Gamblers received [Jd 3c]
UDF1 received [9s 2d]
The_1__Gamblers calls
UDF1 checks
Flop [3d 3h 2c], The_1__Gamblers (20), UDF1 (20)
UDF1 bids 234
The_1__Gamblers bids 26
UDF1 won the auction and was revealed [3c]
Flop [3d 3h 2c], The_1__Gamblers (20), UDF1 (46)
UDF1 checks
The_1__Gamblers bets 82
UDF1 folds
The_1__Gamblers awarded 46
UDF1 awarded -46

Round #576, UDF1 (-31988), The_1__Gamblers (31988)
UDF1 posts blind: 10
The_1__Gamblers posts blind: 20
UDF1 received [Tc 3h]
The_1__Gamblers received [9s As]
UDF1 folds
UDF1 awarded -10
The_1__Gamblers awarded 10

Round #577, The_1__Gamblers (31998), UDF1 (-31998)
The_1__Gamblers posts blind: 10
UDF1 posts blind: 20
The_1__Gamblers received [8c Qh]
UDF1 received [Ac 3c]
The_1__Gamblers raises to 44
UDF1 raises to 2849
The_1__Gamblers raises to 5000
UDF1 calls
Flop [4c 8d Qd], The_1__Gamblers (5000), UDF1 (5000)
UDF1 bids 0
The_1__Gamblers bids 0
The_1__Gamblers won the auction and was revealed [3c]
UDF1 won the auction and was revealed [8c]
Flop [4c 8d Qd], The_1__Gamblers (5000), UDF1 (5000)
UDF1 checks
The_1__Gamblers checks
Turn [4c 8d Qd 2s], The_1__Gamblers (5000), UDF1 (5000)
UDF1 checks
The_1__Gamblers checks
River [4c 8d Qd 2s Jd], The_1__Gamblers (5000), UDF1 (5000)
UDF1 checks
The_1__Gamblers checks
The_1__Gamblers shows [8c Qh]
UDF1 shows [Ac 3c]
The_1__Gamblers awarded 5000
UDF1 awarded -5000

Round #578, UDF1 (-36998), The_1__Gamblers (36998)
UDF1 posts blind: 10
The_1__Gamblers posts blind: 20
UDF1 received [5s 7d]
The_1__Gamblers received [Td 6c]
UDF1 folds
UDF1 awarded -10
The_1__Gamblers awarded 10

Round #579, The_1__Gamblers (37008), UDF1 (-37008)
The_1__Gamblers posts blind: 10
UDF1 posts blind: 20
The_1__Gamblers received [Qd 4s]
UDF1 received [Th Qs]
The_1__Gamblers raises to 44
UDF1 calls
Flop [6d 3d Js], The_1__Gamblers (44), UDF1 (44)
UDF1 bids 291
The_1__Gamblers bids 314
The_1__Gamblers won the auction and was revealed [Th]
Flop [6d 3d Js], The_1__Gamblers (335), UDF1 (44)
UDF1 checks
The_1__Gamblers checks
Turn [6d 3d Js 5h], The_1__Gamblers (335), UDF1 (44)
UDF1 checks
The_1__Gamblers checks
River [6d 3d Js 5h 7c], The_1__Gamblers (335), UDF1 (44)
UDF1 checks
The_1__Gamblers bets 473
UDF1 folds
The_1__Gamblers awarded 44
UDF1 awarded -44

Round #580, UDF1 (-37052), The_1__Gamblers (37052)
UDF1 posts blind: 10
The_1__Gamblers posts blind: 20
UDF1 received [Kc 2c]
The_1__Gamblers received [4d Kd]
UDF1 folds
UDF1 awarded -10
The_1__Gamblers awarded 10

Round #581, The_1__Gamblers (37062), UDF1 (-37062)
The_1__Gamblers posts blind: 10
UDF1 posts blind: 20
The_1__Gamblers received [3c 5c]
UDF1 received [As 7c]
The_1__Gamblers raises to 44
UDF1 raises to 2441
The_1__Gamblers raises to 4838
UDF1 folds
The_1__Gamblers awarded 2441
UDF1 awarded -2441

Round #582, UDF1 (-39503), The_1__Gamblers (39503)
UDF1 posts blind: 10
The_1__Gamblers posts blind: 20
UDF1 received [6s Js]
The_1__Gamblers received [7d 8s]
UDF1 folds
UDF1 awarded -10
The_1__Gamblers awarded 10

Round #583, The_1__Gamblers (39513), UDF1 (-39513)
The_1__Gamblers posts blind: 10
UDF1 posts blind: 20
The_1__Gamblers received [Qd 5s]
UDF1 received [7s 7h]
The_1__Gamblers raises to 44
UDF1 calls
Flop [2d 3h 7c], The_1__Gamblers (44), UDF1 (44)
UDF1 bids 243
The_1__Gamblers bids 314
The_1__Gamblers won the auction and was revealed [7h]
Flop [2d 3h 7c], The_1__Gamblers (287), UDF1 (44)
UDF1 bets 3506
The_1__Gamblers folds
The_1__Gamblers awarded -287
UDF1 awarded 287

Round #584, UDF1 (-39226), The_1__Gamblers (39226)
UDF1 posts blind: 10
The_1__Gamblers posts blind: 20
UDF1 received [Qc 9s]
The_1__Gamblers received [As Qh]
UDF1 folds
UDF1 awarded -10
The_1__Gamblers awarded 10

Round #585, The_1__Gamblers (39236), UDF1 (-39236)
The_1__Gamblers posts blind: 10
UDF1 posts blind: 20
The_1__Gamblers received [9h 6h]
UDF1 received [2h 4c]
The_1__Gamblers raises to 44
UDF1 folds
The_1__Gamblers awarded 20
UDF1 awarded -20

Round #586, UDF1 (-39256), The_1__Gamblers (39256)
UDF1 posts blind: 10
The_1__Gamblers posts blind: 20
UDF1 received [9h 7d]
The_1__Gamblers received [Qc Qd]
UDF1 folds
UDF1 awarded -10
The_1__Gamblers awarded 10

Round #587, The_1__Gamblers (39266), UDF1 (-39266)
The_1__Gamblers posts blind: 10
UDF1 posts blind: 20
The_1__Gamblers received [7c 4s]
UDF1 received [Jh Ad]
The_1__Gamblers raises to 44
UDF1 calls
Flop [Th 3h Ts], The_1__Gamblers (44), UDF1 (44)
UDF1 bids 253
The_1__Gamblers bids 125
UDF1 won the auction and was revealed [4s]
Flop [Th 3h Ts], The_1__Gamblers (44), UDF1 (169)
UDF1 bets 3076
The_1__Gamblers folds
The_1__Gamblers awarded -44
UDF1 awarded 44

Round #588, UDF1 (-39222), The_1__Gamblers (39222)
UDF1 posts blind: 10
The_1__Gamblers posts blind: 20
UDF1 received [9d Ah]
The_1__Gamblers received [3c 5s]
UDF1 folds
UDF1 awarded -10
The_1__Gamblers awarded 10

Round #589, The_1__Gamblers (39232), UDF1 (-39232)
The_1__Gamblers posts blind: 10
UDF1 posts blind: 20
The_1__Gamblers received [5c 6d]
UDF1 received [2s Ts]
The_1__Gamblers raises to 44
UDF1 calls
Flop [Jh 7h 3s], The_1__Gamblers (44), UDF1 (44)
UDF1 bids 255
The_1__Gamblers bids 88
UDF1 won the auction and was revealed [5c]
Flop [Jh 7h 3s], The_1__Gamblers (44), UDF1 (132)
UDF1 checks
The_1__Gamblers checks
Turn [Jh 7h 3s Ks], The_1__Gamblers (44), UDF1 (132)
UDF1 checks
The_1__Gamblers checks
River [Jh 7h 3s Ks 9d], The_1__Gamblers (44), UDF1 (132)
UDF1 checks
The_1__Gamblers checks
The_1__Gamblers shows [5c 6d]
UDF1 shows [2s Ts]
The_1__Gamblers awarded -44
UDF1 awarded 44

Round #590, UDF1 (-39188), The_1__Gamblers (39188)
UDF1 posts blind: 10
The_1__Gamblers posts blind: 20
UDF1 received [Jd Ts]
The_1__Gamblers received [Qd 4s]
UDF1 calls
The_1__Gamblers checks
Flop [6s 9h Qc], UDF1 (20), The_1__Gamblers (20)
The_1__Gamblers bids 124
UDF1 bids 251
UDF1 won the auction and was revealed [Qd]
Flop [6s 9h Qc], UDF1 (144), The_1__Gamblers (20)
The_1__Gamblers bets 205
UDF1 folds
UDF1 awarded -144
The_1__Gamblers awarded 144

Round #591, The_1__Gamblers (39332), UDF1 (-39332)
The_1__Gamblers posts blind: 10
UDF1 posts blind: 20
The_1__Gamblers received [Tc Qc]
UDF1 received [4d Jd]
The_1__Gamblers raises to 44
UDF1 folds
The_1__Gamblers awarded 20
UDF1 awarded -20

Round #592, UDF1 (-39352), The_1__Gamblers (39352)
UDF1 posts blind: 10
The_1__Gamblers posts blind: 20
UDF1 received [4c 9d]
The_1__Gamblers received [Kc Qs]
UDF1 folds
UDF1 awarded -10
The_1__Gamblers awarded 10

Round #593, The_1__Gamblers (39362), UDF1 (-39362)
The_1__Gamblers posts blind: 10
UDF1 posts blind: 20
The_1__Gamblers received [Qh 8d]
UDF1 received [5d 8h]
The_1__Gamblers raises to 44
UDF1 folds
The_1__Gamblers awarded 20
UDF1 awarded -20

Round #594, UDF1 (-39382), The_1__Gamblers (39382)
UDF1 posts blind: 10
The_1__Gamblers posts blind: 20
UDF1 received [3s 5c]
The_1__Gamblers received [9s Js]
UDF1 raises to 2239
The_1__Gamblers calls
Flop [Qs 9h Qc], UDF1 (2239), The_1__Gamblers (2239)
The_1__Gamblers bids 88
UDF1 bids 320
UDF1 won the auction and was revealed [Js]
Flop [Qs 9h Qc], UDF1 (2327), The_1__Gamblers (2239)
The_1__Gamblers bets 2673
UDF1 folds
UDF1 awarded -2327
The_1__Gamblers awarded 2327

Round #595, The_1__Gamblers (41709), UDF1 (-41709)
The_1__Gamblers posts blind: 10
UDF1 posts blind: 20
The_1__Gamblers received [7h 5d]
UDF1 received [3c 8c]
The_1__Gamblers raises to 44
UDF1 folds
The_1__Gamblers awarded 20
UDF1 awarded -20

Round #596, UDF1 (-41729), The_1__Gamblers (41729)
UDF1 posts blind: 10
The_1__Gamblers posts blind: 20
UDF1 received [9c Kc]
The_1__Gamblers received [Ts 7d]
UDF1 folds
UDF1 awarded -10
The_1__Gamblers awarded 10

Round #597, The_1__Gamblers (41739), UDF1 (-41739)
The_1__Gamblers posts blind: 10
UDF1 posts blind: 20
The_1__Gamblers received [7s 8s]
UDF1 received [5c 6c]
The_1__Gamblers raises to 44
UDF1 raises to 2971
The_1__Gamblers raises to 5000
UDF1 calls
Flop [5s 4c 8h], The_1__Gamblers (5000), UDF1 (5000)
UDF1 bids 0
The_1__Gamblers bids 0
The_1__Gamblers won the auction and was revealed [6c]
UDF1 won the auction and was revealed [8s]
Flop [5s 4c 8h], The_1__Gamblers (5000), UDF1 (5000)
UDF1 checks
The_1__Gamblers checks
Turn [5s 4c 8h Qh], The_1__Gamblers (5000), UDF1 (5000)
UDF1 checks
The_1__Gamblers checks
River [5s 4c 8h Qh 3h], The_1__Gamblers (5000), UDF1 (5000)
UDF1 checks
The_1__Gamblers checks
The_1__Gamblers shows [7s 8s]
UDF1 shows [5c 6c]
The_1__Gamblers awarded 5000
UDF1 awarded -5000

Round #598, UDF1 (-46739), The_1__Gamblers (46739)
UDF1 posts blind: 10
The_1__Gamblers posts blind: 20
UDF1 received [Kd 4h]
The_1__Gamblers received [Qc 8d]
UDF1 folds
UDF1 awarded -10
The_1__Gamblers awarded 10

Round #599, The_1__Gamblers (46749), UDF1 (-46749)
The_1__Gamblers posts blind: 10
UDF1 posts blind: 20
The_1__Gamblers received [7c 4h]
UDF1 received [Ks Js]
The_1__Gamblers raises to 44
UDF1 raises to 4124
The_1__Gamblers raises to 5000
UDF1 calls
Flop [9d 5d Th], The_1__Gamblers (5000), UDF1 (5000)
UDF1 bids 0
The_1__Gamblers bids 0
The_1__Gamblers won the auction and was revealed [Ks]
UDF1 won the auction and was revealed [4h]
Flop [9d 5d Th], The_1__Gamblers (5000), UDF1 (5000)
UDF1 checks
The_1__Gamblers checks
Turn [9d 5d Th 5s], The_1__Gamblers (5000), UDF1 (5000)
UDF1 checks
The_1__Gamblers checks
River [9d 5d Th 5s 8c], The_1__Gamblers (5000), UDF1 (5000)
UDF1 checks
The_1__Gamblers checks
The_1__Gamblers shows [7c 4h]
UDF1 shows [Ks Js]
The_1__Gamblers awarded -5000
UDF1 awarded 5000

Round #600, UDF1 (-41749), The_1__Gamblers (41749)
UDF1 posts blind: 10
The_1__Gamblers posts blind: 20
UDF1 received [Ts Kh]
The_1__Gamblers received [Ks Qs]
UDF1 folds
UDF1 awarded -10
The_1__Gamblers awarded 10

Round #601, The_1__Gamblers (41759), UDF1 (-41759)
The_1__Gamblers posts blind: 10
UDF1 posts blind: 20
The_1__Gamblers received [Js Ac]
UDF1 received [4s 5s]
The_1__Gamblers raises to 44
UDF1 calls
Flop [3h 8d Kh], The_1__Gamblers (44), UDF1 (44)
UDF1 bids 287
The_1__Gamblers bids 360
The_1__Gamblers won the auction and was revealed [4s]
Flop [3h 8d Kh], The_1__Gamblers (331), UDF1 (44)
UDF1 checks
The_1__Gamblers bets 123
UDF1 folds
The_1__Gamblers awarded 44
UDF1 awarded -44

Round #602, UDF1 (-41803), The_1__Gamblers (41803)
UDF1 posts blind: 10
The_1__Gamblers posts blind: 20
UDF1 received [8c 5c]
The_1__Gamblers received [9h As]
UDF1 calls
The_1__Gamblers checks
Flop [9s 9d Qh], UDF1 (20), The_1__Gamblers (20)
The_1__Gamblers bids 10
UDF1 bids 153
UDF1 won the auction and was revealed [As]
Flop [9s 9d Qh], UDF1 (30), The_1__Gamblers (20)
The_1__Gamblers bets 62
UDF1 folds
UDF1 awarded -30
The_1__Gamblers awarded 30

Round #603, The_1__Gamblers (41833), UDF1 (-41833)
The_1__Gamblers posts blind: 10
UDF1 posts blind: 20
The_1__Gamblers received [Ah Qs]
UDF1 received [6d Kd]
The_1__Gamblers raises to 44
UDF1 folds
The_1__Gamblers awarded 20
UDF1 awarded -20

Round #604, UDF1 (-41853), The_1__Gamblers (41853)
UDF1 posts blind: 10
The_1__Gamblers posts blind: 20
UDF1 received [4c 3h]
The_1__Gamblers received [6c Qc]
UDF1 folds
UDF1 awarded -10
The_1__Gamblers awarded 10

Round #605, The_1__Gamblers (41863), UDF1 (-41863)
The_1__Gamblers posts blind: 10
UDF1 posts blind: 20
The_1__Gamblers received [Kc Js]
UDF1 received [4h 3h]
The_1__Gamblers raises to 44
UDF1 raises to 2316
The_1__Gamblers raises to 4588
UDF1 folds
The_1__Gamblers awarded 2316
UDF1 awarded -2316

Round #606, UDF1 (-44179), The_1__Gamblers (44179)
UDF1 posts blind: 10
The_1__Gamblers posts blind: 20
UDF1 received [Ts Qd]
The_1__Gamblers received [6s Qs]
UDF1 raises to 2121
The_1__Gamblers calls
Flop [Kd Qc 5s], UDF1 (2121), The_1__Gamblers (2121)
The_1__Gamblers bids 131
UDF1 bids 249
UDF1 won the auction and was revealed [6s]
Flop [Kd Qc 5s], UDF1 (2252), The_1__Gamblers (2121)
The_1__Gamblers bets 2748
UDF1 calls
Turn [Kd Qc 5s 8s], UDF1 (5000), The_1__Gamblers (4869)
The_1__Gamblers checks
UDF1 checks
River [Kd Qc 5s 8s As], UDF1 (5000), The_1__Gamblers (4869)
The_1__Gamblers checks
UDF1 checks
UDF1 shows [Ts Qd]
The_1__Gamblers shows [6s Qs]
UDF1 awarded -5000
The_1__Gamblers awarded 5000

Round #607, The_1__Gamblers (49179), UDF1 (-49179)
The_1__Gamblers posts blind: 10
UDF1 posts blind: 20
The_1__Gamblers received [7c 4h]
UDF1 received [6d 5c]
The_1__Gamblers raises to 44
UDF1 folds
The_1__Gamblers awarded 20
UDF1 awarded -20

Round #608, UDF1 (-49199), The_1__Gamblers (49199)
UDF1 posts blind: 10
The_1__Gamblers posts blind: 20
UDF1 received [Kh As]
The_1__Gamblers received [5d 9c]
UDF1 raises to 4481
The_1__Gamblers calls
Flop [2d 9h Th], UDF1 (4481), The_1__Gamblers (4481)
The_1__Gamblers bids 25
UDF1 bids 461
UDF1 won the auction and was revealed [9c]
Flop [2d 9h Th], UDF1 (4506), The_1__Gamblers (4481)
The_1__Gamblers bets 494
UDF1 calls
Turn [2d 9h Th 4s], UDF1 (5000), The_1__Gamblers (4975)
The_1__Gamblers checks
UDF1 checks
River [2d 9h Th 4s Jc], UDF1 (5000), The_1__Gamblers (4975)
The_1__Gamblers checks
UDF1 checks
UDF1 shows [Kh As]
The_1__Gamblers shows [5d 9c]
UDF1 awarded -5000
The_1__Gamblers awarded 5000

Round #609, The_1__Gamblers (54199), UDF1 (-54199)
The_1__Gamblers posts blind: 10
UDF1 posts blind: 20
The_1__Gamblers received [5c Th]
UDF1 received [2s 7h]
The_1__Gamblers raises to 44
UDF1 folds
The_1__Gamblers awarded 20
UDF1 awarded -20

Round #610, UDF1 (-54219), The_1__Gamblers (54219)
UDF1 posts blind: 10
The_1__Gamblers posts blind: 20
UDF1 received [5h 8s]
The_1__Gamblers received [Ah Kd]
UDF1 folds
UDF1 awarded -10
The_1__Gamblers awarded 10

Round #611, The_1__Gamblers (54229), UDF1 (-54229)
The_1__Gamblers posts blind: 10
UDF1 posts blind: 20
The_1__Gamblers received [5c 2d]
UDF1 received [5d Qc]
The_1__Gamblers raises to 44
UDF1 raises to 2310
The_1__Gamblers raises to 4576
UDF1 folds
The_1__Gamblers awarded 2310
UDF1 awarded -2310

Round #612, UDF1 (-56539), The_1__Gamblers (56539)
UDF1 posts blind: 10
The_1__Gamblers posts blind: 20
UDF1 received [Jh Ah]
The_1__Gamblers received [Js Ac]
UDF1 raises to 4313
The_1__Gamblers calls
Flop [3c Ad 3d], UDF1 (4313), The_1__Gamblers (4313)
The_1__Gamblers bids 18
UDF1 bids 231
UDF1 won the auction and was revealed [Ac]
Flop [3c Ad 3d], UDF1 (4331), The_1__Gamblers (4313)
The_1__Gamblers bets 669
UDF1 calls
Turn [3c Ad 3d 9s], UDF1 (5000), The_1__Gamblers (4982)
The_1__Gamblers checks
UDF1 checks
River [3c Ad 3d 9s 8h], UDF1 (5000), The_1__Gamblers (4982)
The_1__Gamblers checks
UDF1 checks
UDF1 shows [Jh Ah]
The_1__Gamblers shows [Js Ac]
UDF1 awarded -9
The_1__Gamblers awarded 9

Round #613, The_1__Gamblers (56548), UDF1 (-56548)
The_1__Gamblers posts blind: 10
UDF1 posts blind: 20
The_1__Gamblers received [Jd 4h]
UDF1 received [Qd 2d]
The_1__Gamblers raises to 44
UDF1 raises to 2506
The_1__Gamblers raises to 4968
UDF1 folds
The_1__Gamblers awarded 2506
UDF1 awarded -2506

Round #614, UDF1 (-59054), The_1__Gamblers (59054)
UDF1 posts blind: 10
The_1__Gamblers posts blind: 20
UDF1 received [Jc Ah]
The_1__Gamblers received [3s 6d]
UDF1 raises to 4322
The_1__Gamblers calls
Flop [6c As 7s], UDF1 (4322), The_1__Gamblers (4322)
The_1__Gamblers bids 45
UDF1 bids 0
The_1__Gamblers won the auction and was revealed [Jc]
Flop [6c As 7s], UDF1 (4322), The_1__Gamblers (4322)
The_1__Gamblers bets 678
UDF1 calls
Turn [6c As 7s Js], UDF1 (5000), The_1__Gamblers (5000)
The_1__Gamblers checks
UDF1 checks
River [6c As 7s Js 9d], UDF1 (5000), The_1__Gamblers (5000)
The_1__Gamblers checks
UDF1 checks
UDF1 shows [Jc Ah]
The_1__Gamblers shows [3s 6d]
UDF1 awarded 5000
The_1__Gamblers awarded -5000

Round #615, The_1__Gamblers (54054), UDF1 (-54054)
The_1__Gamblers posts blind: 10
UDF1 posts blind: 20
The_1__Gamblers received [3d Ks]
UDF1 received [Ad Qh]
The_1__Gamblers raises to 44
UDF1 raises to 4254
The_1__Gamblers raises to 5000
UDF1 calls
Flop [4s 9s 5d], The_1__Gamblers (5000), UDF1 (5000)
UDF1 bids 0
The_1__Gamblers bids 0
The_1__Gamblers won the auction and was revealed [Ad]
UDF1 won the auction and was revealed [Ks]
Flop [4s 9s 5d], The_1__Gamblers (5000), UDF1 (5000)
UDF1 checks
The_1__Gamblers checks
Turn [4s 9s 5d 5h], The_1__Gamblers (5000), UDF1 (5000)
UDF1 checks
The_1__Gamblers checks
River [4s 9s 5d 5h 7d], The_1__Gamblers (5000), UDF1 (5000)
UDF1 checks
The_1__Gamblers checks
The_1__Gamblers shows [3d Ks]
UDF1 shows [Ad Qh]
The_1__Gamblers awarded -5000
UDF1 awarded 5000

Round #616, UDF1 (-49054), The_1__Gamblers (49054)
UDF1 posts blind: 10
The_1__Gamblers posts blind: 20
UDF1 received [2d 2c]
The_1__Gamblers received [8c 8d]
UDF1 raises to 3008
The_1__Gamblers calls
Flop [4h 9h Js], UDF1 (3008), The_1__Gamblers (3008)
The_1__Gamblers bids 116
UDF1 bids 293
UDF1 won the auction and was revealed [8c]
Flop [4h 9h Js], UDF1 (3124), The_1__Gamblers (3008)
The_1__Gamblers bets 1876
UDF1 calls
Turn [4h 9h Js 8s], UDF1 (5000), The_1__Gamblers (4884)
The_1__Gamblers checks
UDF1 checks
River [4h 9h Js 8s 6h], UDF1 (5000), The_1__Gamblers (4884)
The_1__Gamblers checks
UDF1 checks
UDF1 shows [2d 2c]
The_1__Gamblers shows [8c 8d]
UDF1 awarded -5000
The_1__Gamblers awarded 5000

Round #617, The_1__Gamblers (54054), UDF1 (-54054)
The_1__Gamblers posts blind: 10
UDF1 posts blind: 20
The_1__Gamblers received [Kh 8s]
UDF1 received [9s 3h]
The_1__Gamblers raises to 44
UDF1 folds
The_1__Gamblers awarded 20
UDF1 awarded -20

Round #618, UDF1 (-54074), The_1__Gamblers (54074)
UDF1 posts blind: 10
The_1__Gamblers posts blind: 20
UDF1 received [4c 7c]
The_1__Gamblers received [Qh Ac]
UDF1 folds
UDF1 awarded -10
The_1__Gamblers awarded 10

Round #619, The_1__Gamblers (54084), UDF1 (-54084)
The_1__Gamblers posts blind: 10
UDF1 posts blind: 20
The_1__Gamblers received [9c Js]
UDF1 received [3h 2c]
The_1__Gamblers raises to 44
UDF1 folds
The_1__Gamblers awarded 20
UDF1 awarded -20

Round #620, UDF1 (-54104), The_1__Gamblers (54104)
UDF1 posts blind: 10
The_1__Gamblers posts blind: 20
UDF1 received [5c 9s]
The_1__Gamblers received [2s Qd]
UDF1 raises to 2364
The_1__Gamblers calls
Flop [Ad 8c 8s], UDF1 (2364), The_1__Gamblers (2364)
The_1__Gamblers bids 197
UDF1 bids 510
UDF1 won the auction and was revealed [2s]
Flop [Ad 8c 8s], UDF1 (2561), The_1__Gamblers (2364)
The_1__Gamblers bets 1625
UDF1 calls
Turn [Ad 8c 8s 8h], UDF1 (4186), The_1__Gamblers (3989)
The_1__Gamblers bets 814
UDF1 calls
River [Ad 8c 8s 8h Ks], UDF1 (5000), The_1__Gamblers (4803)
The_1__Gamblers checks
UDF1 checks
UDF1 shows [5c 9s]
The_1__Gamblers shows [2s Qd]
UDF1 awarded -99
The_1__Gamblers awarded 99

Round #621, The_1__Gamblers (54203), UDF1 (-54203)
The_1__Gamblers posts blind: 10
UDF1 posts blind: 20
The_1__Gamblers received [5c 9c]
UDF1 received [2c Th]
The_1__Gamblers raises to 44
UDF1 folds
The_1__Gamblers awarded 20
UDF1 awarded -20

Round #622, UDF1 (-54223), The_1__Gamblers (54223)
UDF1 posts blind: 10
The_1__Gamblers posts blind: 20
UDF1 received [As 5c]
The_1__Gamblers received [Ks 4h]
UDF1 folds
UDF1 awarded -10
The_1__Gamblers awarded 10

Round #623, The_1__Gamblers (54233), UDF1 (-54233)
The_1__Gamblers posts blind: 10
UDF1 posts blind: 20
The_1__Gamblers received [Js Td]
UDF1 received [5h 2s]
The_1__Gamblers raises to 44
UDF1 folds
The_1__Gamblers awarded 20
UDF1 awarded -20

Round #624, UDF1 (-54253), The_1__Gamblers (54253)
UDF1 posts blind: 10
The_1__Gamblers posts blind: 20
UDF1 received [9h 6d]
The_1__Gamblers received [9d Qd]
UDF1 raises to 2506
The_1__Gamblers calls
Flop [5c 7s Td], UDF1 (2506), The_1__Gamblers (2506)
The_1__Gamblers bids 169
UDF1 bids 361
UDF1 won the auction and was revealed [Qd]
Flop [5c 7s Td], UDF1 (2675), The_1__Gamblers (2506)
The_1__Gamblers checks
UDF1 checks
Turn [5c 7s Td 7h], UDF1 (2675), The_1__Gamblers (2506)
The_1__Gamblers checks
UDF1 checks
River [5c 7s Td 7h 2s], UDF1 (2675), The_1__Gamblers (2506)
The_1__Gamblers checks
UDF1 checks
UDF1 shows [9h 6d]
The_1__Gamblers shows [9d Qd]
UDF1 awarded -2675
The_1__Gamblers awarded 2675

Round #625, The_1__Gamblers (56928), UDF1 (-56928)
The_1__Gamblers posts blind: 10
UDF1 posts blind: 20
The_1__Gamblers received [7h 7s]
UDF1 received [2c 4h]
The_1__Gamblers raises to 44
UDF1 raises to 2381
The_1__Gamblers raises to 4718
UDF1 folds
The_1__Gamblers awarded 2381
UDF1 awarded -2381

Round #626, UDF1 (-59309), The_1__Gamblers (59309)
UDF1 posts blind: 10
The_1__Gamblers posts blind: 20
UDF1 received [2h 7h]
The_1__Gamblers received [Ah 7s]
UDF1 raises to 2379
The_1__Gamblers calls
Flop [2s 3d 2d], UDF1 (2379), The_1__Gamblers (2379)
The_1__Gamblers bids 173
UDF1 bids 242
UDF1 won the auction and was revealed [7s]
Flop [2s 3d 2d], UDF1 (2552), The_1__Gamblers (2379)
The_1__Gamblers bets 2448
UDF1 calls
Turn [2s 3d 2d Kh], UDF1 (5000), The_1__Gamblers (4827)
The_1__Gamblers checks
UDF1 checks
River [2s 3d 2d Kh 6d], UDF1 (5000), The_1__Gamblers (4827)
The_1__Gamblers checks
UDF1 checks
UDF1 shows [2h 7h]
The_1__Gamblers shows [Ah 7s]
UDF1 awarded 4827
The_1__Gamblers awarded -4827

Round #627, The_1__Gamblers (54482), UDF1 (-54482)
The_1__Gamblers posts blind: 10
UDF1 posts blind: 20
The_1__Gamblers received [6d 4c]
UDF1 received [4h 7d]
The_1__Gamblers raises to 44
UDF1 folds
The_1__Gamblers awarded 20
UDF1 awarded -20

Round #628, UDF1 (-54502), The_1__Gamblers (54502)
UDF1 posts blind: 10
The_1__Gamblers posts blind: 20
UDF1 received [2s Tc]
The_1__Gamblers received [3c 4h]
UDF1 raises to 2285
The_1__Gamblers calls
Flop [5s 7c 8d], UDF1 (2285), The_1__Gamblers (2285)
The_1__Gamblers bids 20
UDF1 bids 260
UDF1 won the auction and was revealed [3c]
Flop [5s 7c 8d], UDF1 (2305), The_1__Gamblers (2285)
The_1__Gamblers checks
UDF1 checks
Turn [5s 7c 8d 3d], UDF1 (2305), The_1__Gamblers (2285)
The_1__Gamblers bets 1514
UDF1 folds
UDF1 awarded -2305
The_1__Gamblers awarded 2305

Round #629, The_1__Gamblers (56807), UDF1 (-56807)
The_1__Gamblers posts blind: 10
UDF1 posts blind: 20
The_1__Gamblers received [Kc Ts]
UDF1 received [5d 9s]
The_1__Gamblers raises to 44
UDF1 folds
The_1__Gamblers awarded 20
UDF1 awarded -20

Round #630, UDF1 (-56827), The_1__Gamblers (56827)
UDF1 posts blind: 10
The_1__Gamblers posts blind: 20
UDF1 received [5c 9h]
The_1__Gamblers received [Qh As]
UDF1 raises to 2135
The_1__Gamblers calls
Flop [7c Th 7h], UDF1 (2135), The_1__Gamblers (2135)
The_1__Gamblers bids 171
UDF1 bids 466
UDF1 won the auction and was revealed [As]
Flop [7c Th 7h], UDF1 (2306), The_1__Gamblers (2135)
The_1__Gamblers bets 2664
UDF1 folds
UDF1 awarded -2306
The_1__Gamblers awarded 2306

Round #631, The_1__Gamblers (59133), UDF1 (-59133)
The_1__Gamblers posts blind: 10
UDF1 posts blind: 20
The_1__Gamblers received [6s 2c]
UDF1 received [3s Ks]
The_1__Gamblers raises to 44
UDF1 folds
The_1__Gamblers awarded 20
UDF1 awarded -20

Round #632, UDF1 (-59153), The_1__Gamblers (59153)
UDF1 posts blind: 10
The_1__Gamblers posts blind: 20
UDF1 received [Qh 8s]
The_1__Gamblers received [Kc Jd]
UDF1 raises to 2560
The_1__Gamblers calls
Flop [3h 4d 9s], UDF1 (2560), The_1__Gamblers (2560)
The_1__Gamblers bids 181
UDF1 bids 472
UDF1 won the auction and was revealed [Jd]
Flop [3h 4d 9s], UDF1 (2741), The_1__Gamblers (2560)
The_1__Gamblers bets 1749
UDF1 calls
Turn [3h 4d 9s 3s], UDF1 (4490), The_1__Gamblers (4309)
The_1__Gamblers bets 510
UDF1 calls
River [3h 4d 9s 3s 5h], UDF1 (5000), The_1__Gamblers (4819)
The_1__Gamblers checks
UDF1 checks
UDF1 shows [Qh 8s]
The_1__Gamblers shows [Kc Jd]
UDF1 awarded -5000
The_1__Gamblers awarded 5000

Round #633, The_1__Gamblers (64153), UDF1 (-64153)
The_1__Gamblers posts blind: 10
UDF1 posts blind: 20
The_1__Gamblers received [3d Th]
UDF1 received [9s Qh]
The_1__Gamblers calls
UDF1 checks
Flop [9d 5c 5h], The_1__Gamblers (20), UDF1 (20)
UDF1 bids 269
The_1__Gamblers bids 255
UDF1 won the auction and was revealed [Th]
Flop [9d 5c 5h], The_1__Gamblers (20), UDF1 (275)
UDF1 bets 3030
The_1__Gamblers folds
The_1__Gamblers awarded -20
UDF1 awarded 20

Round #634, UDF1 (-64133), The_1__Gamblers (64133)
UDF1 posts blind: 10
The_1__Gamblers posts blind: 20
UDF1 received [Js 8d]
The_1__Gamblers received [Qd 3d]
UDF1 calls
The_1__Gamblers checks
Flop [7h Ts 2c], UDF1 (20), The_1__Gamblers (20)
The_1__Gamblers bids 309
UDF1 bids 235
The_1__Gamblers won the auction and was revealed [Js]
Flop [7h Ts 2c], UDF1 (20), The_1__Gamblers (255)
The_1__Gamblers checks
UDF1 checks
Turn [7h Ts 2c 2d], UDF1 (20), The_1__Gamblers (255)
The_1__Gamblers checks
UDF1 checks
River [7h Ts 2c 2d Jc], UDF1 (20), The_1__Gamblers (255)
The_1__Gamblers checks
UDF1 bets 4023
The_1__Gamblers folds
UDF1 awarded 255
The_1__Gamblers awarded -255

Round #635, The_1__Gamblers (63878), UDF1 (-63878)
The_1__Gamblers posts blind: 10
UDF1 posts blind: 20
The_1__Gamblers received [Ac 8h]
UDF1 received [Tc 9h]
The_1__Gamblers raises to 44
UDF1 raises to 3017
The_1__Gamblers raises to 5000
UDF1 calls
Flop [7s 6c 6s], The_1__Gamblers (5000), UDF1 (5000)
UDF1 bids 0
The_1__Gamblers bids 0
The_1__Gamblers won the auction and was revealed [9h]
UDF1 won the auction and was revealed [Ac]
Flop [7s 6c 6s], The_1__Gamblers (5000), UDF1 (5000)
UDF1 checks
The_1__Gamblers checks
Turn [7s 6c 6s Ks], The_1__Gamblers (5000), UDF1 (5000)
UDF1 checks
The_1__Gamblers checks
River [7s 6c 6s Ks 2h], The_1__Gamblers (5000), UDF1 (5000)
UDF1 checks
The_1__Gamblers checks
The_1__Gamblers shows [Ac 8h]
UDF1 shows [Tc 9h]
The_1__Gamblers awarded 5000
UDF1 awarded -5000

Round #636, UDF1 (-68878), The_1__Gamblers (68878)
UDF1 posts blind: 10
The_1__Gamblers posts blind: 20
UDF1 received [Qd Jh]
The_1__Gamblers received [6h 4h]
UDF1 raises to 2705
The_1__Gamblers calls
Flop [3h Jd 9d], UDF1 (2705), The_1__Gamblers (2705)
The_1__Gamblers bids 34
UDF1 bids 291
UDF1 won the auction and was revealed [4h]
Flop [3h Jd 9d], UDF1 (2739), The_1__Gamblers (2705)
The_1__Gamblers checks
UDF1 bets 2055
The_1__Gamblers folds
UDF1 awarded 2705
The_1__Gamblers awarded -2705

Round #637, The_1__Gamblers (66173), UDF1 (-66173)
The_1__Gamblers posts blind: 10
UDF1 posts blind: 20
The_1__Gamblers received [Ad 7s]
UDF1 received [7h 8h]
The_1__Gamblers raises to 44
UDF1 calls
Flop [3c Ks Jh], The_1__Gamblers (44), UDF1 (44)
UDF1 bids 0
The_1__Gamblers bids 367
The_1__Gamblers won the auction and was revealed [8h]
Flop [3c Ks Jh], The_1__Gamblers (44), UDF1 (44)
UDF1 checks
The_1__Gamblers bets 29
UDF1 calls
Turn [3c Ks Jh 8c], The_1__Gamblers (73), UDF1 (73)
UDF1 bets 3243
The_1__Gamblers folds
The_1__Gamblers awarded -73
UDF1 awarded 73

Round #638, UDF1 (-66100), The_1__Gamblers (66100)
UDF1 posts blind: 10
The_1__Gamblers posts blind: 20
UDF1 received [4h 8d]
The_1__Gamblers received [6h Jh]
UDF1 folds
UDF1 awarded -10
The_1__Gamblers awarded 10

Round #639, The_1__Gamblers (66110), UDF1 (-66110)
The_1__Gamblers posts blind: 10
UDF1 posts blind: 20
The_1__Gamblers received [Jh 7s]
UDF1 received [8d Td]
The_1__Gamblers raises to 44
UDF1 folds
The_1__Gamblers awarded 20
UDF1 awarded -20

Round #640, UDF1 (-66130), The_1__Gamblers (66130)
UDF1 posts blind: 10
The_1__Gamblers posts blind: 20
UDF1 received [4s Js]
The_1__Gamblers received [Ac Kc]
UDF1 folds
UDF1 awarded -10
The_1__Gamblers awarded 10

Round #641, The_1__Gamblers (66140), UDF1 (-66140)
The_1__Gamblers posts blind: 10
UDF1 posts blind: 20
The_1__Gamblers received [4h 9d]
UDF1 received [Th 5h]
The_1__Gamblers raises to 44
UDF1 folds
The_1__Gamblers awarded 20
UDF1 awarded -20

Round #642, UDF1 (-66160), The_1__Gamblers (66160)
UDF1 posts blind: 10
The_1__Gamblers posts blind: 20
UDF1 received [Jc Kc]
The_1__Gamblers received [Tc 6d]
UDF1 calls
The_1__Gamblers checks
Flop [4c 9d 5c], UDF1 (20), The_1__Gamblers (20)
The_1__Gamblers bids 200
UDF1 bids 246
UDF1 won the auction and was revealed [6d]
Flop [4c 9d 5c], UDF1 (220), The_1__Gamblers (20)
The_1__Gamblers checks
UDF1 bets 3049
The_1__Gamblers folds
UDF1 awarded 20
The_1__Gamblers awarded -20

Round #643, The_1__Gamblers (66140), UDF1 (-66140)
The_1__Gamblers posts blind: 10
UDF1 posts blind: 20
The_1__Gamblers received [5h 5c]
UDF1 received [Qs Kc]
The_1__Gamblers raises to 44
UDF1 raises to 4202
The_1__Gamblers raises to 5000
UDF1 calls
Flop [8h 7c Jh], The_1__Gamblers (5000), UDF1 (5000)
UDF1 bids 0
The_1__Gamblers bids 0
The_1__Gamblers won the auction and was revealed [Qs]
UDF1 won the auction and was revealed [5h]
Flop [8h 7c Jh], The_1__Gamblers (5000), UDF1 (5000)
UDF1 checks
The_1__Gamblers checks
Turn [8h 7c Jh Qh], The_1__Gamblers (5000), UDF1 (5000)
UDF1 checks
The_1__Gamblers checks
River [8h 7c Jh Qh 9c], The_1__Gamblers (5000), UDF1 (5000)
UDF1 checks
The_1__Gamblers checks
The_1__Gamblers shows [5h 5c]
UDF1 shows [Qs Kc]
The_1__Gamblers awarded -5000
UDF1 awarded 5000

Round #644, UDF1 (-61140), The_1__Gamblers (61140)
UDF1 posts blind: 10
The_1__Gamblers posts blind: 20
UDF1 received [7d 6s]
The_1__Gamblers received [4d Qc]
UDF1 folds
UDF1 awarded -10
The_1__Gamblers awarded 10

Round #645, The_1__Gamblers (61150), UDF1 (-61150)
The_1__Gamblers posts blind: 10
UDF1 posts blind: 20
The_1__Gamblers received [6s Tc]
UDF1 received [6h 7s]
The_1__Gamblers raises to 44
UDF1 calls
Flop [6d 9d Jd], The_1__Gamblers (44), UDF1 (44)
UDF1 bids 241
The_1__Gamblers bids 333
The_1__Gamblers won the auction and was revealed [6h]
Flop [6d 9d Jd], The_1__Gamblers (285), UDF1 (44)
UDF1 bets 2384
The_1__Gamblers raises to 4715
UDF1 calls
Turn [6d 9d Jd Kd], The_1__Gamblers (5000), UDF1 (4759)
UDF1 checks
The_1__Gamblers checks
River [6d 9d Jd Kd Ad], The_1__Gamblers (5000), UDF1 (4759)
UDF1 checks
The_1__Gamblers checks
The_1__Gamblers shows [6s Tc]
UDF1 shows [6h 7s]
The_1__Gamblers awarded -121
UDF1 awarded 121

Round #646, UDF1 (-61029), The_1__Gamblers (61029)
UDF1 posts blind: 10
The_1__Gamblers posts blind: 20
UDF1 received [8c 8h]
The_1__Gamblers received [8s 5d]
UDF1 raises to 4288
The_1__Gamblers calls
Flop [Qs 5c 7c], UDF1 (4288), The_1__Gamblers (4288)
The_1__Gamblers bids 46
UDF1 bids 326
UDF1 won the auction and was revealed [8s]
Flop [Qs 5c 7c], UDF1 (4334), The_1__Gamblers (4288)
The_1__Gamblers bets 666
UDF1 calls
Turn [Qs 5c 7c 9d], UDF1 (5000), The_1__Gamblers (4954)
The_1__Gamblers checks
UDF1 checks
River [Qs 5c 7c 9d 2h], UDF1 (5000), The_1__Gamblers (4954)
The_1__Gamblers checks
UDF1 checks
UDF1 shows [8c 8h]
The_1__Gamblers shows [8s 5d]
UDF1 awarded 4954
The_1__Gamblers awarded -4954

Round #647, The_1__Gamblers (56075), UDF1 (-56075)
The_1__Gamblers posts blind: 10
UDF1 posts blind: 20
The_1__Gamblers received [7c Qd]
UDF1 received [Ah 4d]
The_1__Gamblers raises to 44
UDF1 calls
Flop [8c 9c 2s], The_1__Gamblers (44), UDF1 (44)
UDF1 bids 253
The_1__Gamblers bids 332
The_1__Gamblers won the auction and was revealed [Ah]
Flop [8c 9c 2s], The_1__Gamblers (297), UDF1 (44)
UDF1 checks
The_1__Gamblers checks
Turn [8c 9c 2s 8s], The_1__Gamblers (297), UDF1 (44)
UDF1 checks
The_1__Gamblers checks
River [8c 9c 2s 8s 5c], The_1__Gamblers (297), UDF1 (44)
UDF1 checks
The_1__Gamblers checks
The_1__Gamblers shows [7c Qd]
UDF1 shows [Ah 4d]
The_1__Gamblers awarded -297
UDF1 awarded 297

Round #648, UDF1 (-55778), The_1__Gamblers (55778)
UDF1 posts blind: 10
The_1__Gamblers posts blind: 20
UDF1 received [Ah 3h]
The_1__Gamblers received [Jd 7c]
UDF1 raises to 2709
The_1__Gamblers calls
Flop [Kc 5h 2s], UDF1 (2709), The_1__Gamblers (2709)
The_1__Gamblers bids 151
UDF1 bids 286
UDF1 won the auction and was revealed [Jd]
Flop [Kc 5h 2s], UDF1 (2860), The_1__Gamblers (2709)
The_1__Gamblers checks
UDF1 bets 1805
The_1__Gamblers raises to 2140
UDF1 calls
Turn [Kc 5h 2s 2h], UDF1 (5000), The_1__Gamblers (4849)
The_1__Gamblers checks
UDF1 checks
River [Kc 5h 2s 2h 5c], UDF1 (5000), The_1__Gamblers (4849)
The_1__Gamblers checks
UDF1 checks
UDF1 shows [Ah 3h]
The_1__Gamblers shows [Jd 7c]
UDF1 awarded 4849
The_1__Gamblers awarded -4849

Round #649, The_1__Gamblers (50929), UDF1 (-50929)
The_1__Gamblers posts blind: 10
UDF1 posts blind: 20
The_1__Gamblers received [Kd 4c]
UDF1 received [Ks 3c]
The_1__Gamblers raises to 44
UDF1 folds
The_1__Gamblers awarded 20
UDF1 awarded -20

Round #650, UDF1 (-50949), The_1__Gamblers (50949)
UDF1 posts blind: 10
The_1__Gamblers posts blind: 20
UDF1 received [8h 7c]
The_1__Gamblers received [4h 3h]
UDF1 raises to 2192
The_1__Gamblers calls
Flop [4c 8d Qs], UDF1 (2192), The_1__Gamblers (2192)
The_1__Gamblers bids 191
UDF1 bids 220
UDF1 won the auction and was revealed [3h]
Flop [4c 8d Qs], UDF1 (2383), The_1__Gamblers (2192)
The_1__Gamblers bets 2617
UDF1 calls
Turn [4c 8d Qs 9s], UDF1 (5000), The_1__Gamblers (4809)
The_1__Gamblers checks
UDF1 checks
River [4c 8d Qs 9s 5d], UDF1 (5000), The_1__Gamblers (4809)
The_1__Gamblers checks
UDF1 checks
UDF1 shows [8h 7c]
The_1__Gamblers shows [4h 3h]
UDF1 awarded 4809
The_1__Gamblers awarded -4809

Round #651, The_1__Gamblers (46140), UDF1 (-46140)
The_1__Gamblers posts blind: 10
UDF1 posts blind: 20
The_1__Gamblers received [Ac 8h]
UDF1 received [As 5d]
The_1__Gamblers raises to 44
UDF1 folds
The_1__Gamblers awarded 20
UDF1 awarded -20

Round #652, UDF1 (-46160), The_1__Gamblers (46160)
UDF1 posts blind: 10
The_1__Gamblers posts blind: 20
UDF1 received [6s 4h]
The_1__Gamblers received [3d Kc]
UDF1 folds
UDF1 awarded -10
The_1__Gamblers awarded 10

Round #653, The_1__Gamblers (46170), UDF1 (-46170)
The_1__Gamblers posts blind: 10
UDF1 posts blind: 20
The_1__Gamblers received [Qc Kd]
UDF1 received [8d 2s]
The_1__Gamblers raises to 44
UDF1 raises to 2414
The_1__Gamblers raises to 4784
UDF1 folds
The_1__Gamblers awarded 2414
UDF1 awarded -2414

Round #654, UDF1 (-48584), The_1__Gamblers (48584)
UDF1 posts blind: 10
The_1__Gamblers posts blind: 20
UDF1 received [Qd 4d]
The_1__Gamblers received [Ts 5d]
UDF1 calls
The_1__Gamblers checks
Flop [2s 7d 9s], UDF1 (20), The_1__Gamblers (20)
The_1__Gamblers bids 200
UDF1 bids 290
UDF1 won the auction and was revealed [5d]
Flop [2s 7d 9s], UDF1 (220), The_1__Gamblers (20)
The_1__Gamblers checks
UDF1 checks
Turn [2s 7d 9s 3s], UDF1 (220), The_1__Gamblers (20)
The_1__Gamblers checks
UDF1 checks
River [2s 7d 9s 3s 5s], UDF1 (220), The_1__Gamblers (20)
The_1__Gamblers bets 300
UDF1 folds
UDF1 awarded -220
The_1__Gamblers awarded 220

Round #655, The_1__Gamblers (48804), UDF1 (-48804)
The_1__Gamblers posts blind: 10
UDF1 posts blind: 20
The_1__Gamblers received [9s 4d]
UDF1 received [Jh 8c]
The_1__Gamblers raises to 44
UDF1 raises to 2247
The_1__Gamblers raises to 4450
UDF1 folds
The_1__Gamblers awarded 2247
UDF1 awarded -2247

Round #656, UDF1 (-51051), The_1__Gamblers (51051)
UDF1 posts blind: 10
The_1__Gamblers posts blind: 20
UDF1 received [8h 3s]
The_1__Gamblers received [8s 3c]
UDF1 folds
UDF1 awarded -10
The_1__Gamblers awarded 10

Round #657, The_1__Gamblers (51061), UDF1 (-51061)
The_1__Gamblers posts blind: 10
UDF1 posts blind: 20
The_1__Gamblers received [5h 3s]
UDF1 received [Qh Tc]
The_1__Gamblers raises to 44
UDF1 raises to 2246
The_1__Gamblers raises to 4448
UDF1 folds
The_1__Gamblers awarded 2246
UDF1 awarded -2246

Round #658, UDF1 (-53307), The_1__Gamblers (53307)
UDF1 posts blind: 10
The_1__Gamblers posts blind: 20
UDF1 received [Jd Qc]
The_1__Gamblers received [Jh 5h]
UDF1 calls
The_1__Gamblers checks
Flop [5c 8d 8s], UDF1 (20), The_1__Gamblers (20)
The_1__Gamblers bids 192
UDF1 bids 243
UDF1 won the auction and was revealed [Jh]
Flop [5c 8d 8s], UDF1 (212), The_1__Gamblers (20)
The_1__Gamblers bets 290
UDF1 raises to 3240
The_1__Gamblers raises to 4788
UDF1 calls
Turn [5c 8d 8s 6h], UDF1 (5000), The_1__Gamblers (4808)
The_1__Gamblers checks
UDF1 checks
River [5c 8d 8s 6h 3c], UDF1 (5000), The_1__Gamblers (4808)
The_1__Gamblers checks
UDF1 checks
UDF1 shows [Jd Qc]
The_1__Gamblers shows [Jh 5h]
UDF1 awarded -5000
The_1__Gamblers awarded 5000

Round #659, The_1__Gamblers (58307), UDF1 (-58307)
The_1__Gamblers posts blind: 10
UDF1 posts blind: 20
The_1__Gamblers received [Qc Js]
UDF1 received [Ah 2h]
The_1__Gamblers raises to 44
UDF1 raises to 2840
The_1__Gamblers raises to 5000
UDF1 calls
Flop [9c 6d Kd], The_1__Gamblers (5000), UDF1 (5000)
UDF1 bids 0
The_1__Gamblers bids 0
The_1__Gamblers won the auction and was revealed [2h]
UDF1 won the auction and was revealed [Qc]
Flop [9c 6d Kd], The_1__Gamblers (5000), UDF1 (5000)
UDF1 checks
The_1__Gamblers checks
Turn [9c 6d Kd Ad], The_1__Gamblers (5000), UDF1 (5000)
UDF1 checks
The_1__Gamblers checks
River [9c 6d Kd Ad Ac], The_1__Gamblers (5000), UDF1 (5000)
UDF1 checks
The_1__Gamblers checks
The_1__Gamblers shows [Qc Js]
UDF1 shows [Ah 2h]
The_1__Gamblers awarded -5000
UDF1 awarded 5000

Round #660, UDF1 (-53307), The_1__Gamblers (53307)
UDF1 posts blind: 10
The_1__Gamblers posts blind: 20
UDF1 received [3c 8s]
The_1__Gamblers received [5h As]
UDF1 folds
UDF1 awarded -10
The_1__Gamblers awarded 10

Round #661, The_1__Gamblers (53317), UDF1 (-53317)
The_1__Gamblers posts blind: 10
UDF1 posts blind: 20
The_1__Gamblers received [2d 8c]
UDF1 received [5c 8s]
The_1__Gamblers calls
UDF1 checks
Flop [Ah 3s 7h], The_1__Gamblers (20), UDF1 (20)
UDF1 bids 234
The_1__Gamblers bids 112
UDF1 won the auction and was revealed [8c]
Flop [Ah 3s 7h], The_1__Gamblers (20), UDF1 (132)
UDF1 checks
The_1__Gamblers checks
Turn [Ah 3s 7h 8d], The_1__Gamblers (20), UDF1 (132)
UDF1 checks
The_1__Gamblers bets 91
UDF1 folds
The_1__Gamblers awarded 132
UDF1 awarded -132

Round #662, UDF1 (-53449), The_1__Gamblers (53449)
UDF1 posts blind: 10
The_1__Gamblers posts blind: 20
UDF1 received [Qc 5c]
The_1__Gamblers received [4h 7s]
UDF1 raises to 2487
The_1__Gamblers calls
Flop [Ad Jc 3d], UDF1 (2487), The_1__Gamblers (2487)
The_1__Gamblers bids 63
UDF1 bids 251
UDF1 won the auction and was revealed [7s]
Flop [Ad Jc 3d], UDF1 (2550), The_1__Gamblers (2487)
The_1__Gamblers checks
UDF1 bets 2178
The_1__Gamblers folds
UDF1 awarded 2487
The_1__Gamblers awarded -2487

Round #663, The_1__Gamblers (50962), UDF1 (-50962)
The_1__Gamblers posts blind: 10
UDF1 posts blind: 20
The_1__Gamblers received [As Kh]
UDF1 received [4c 5h]
The_1__Gamblers raises to 44
UDF1 raises to 2535
The_1__Gamblers raises to 5000
UDF1 folds
The_1__Gamblers awarded 2535
UDF1 awarded -2535

Round #664, UDF1 (-53497), The_1__Gamblers (53497)
UDF1 posts blind: 10
The_1__Gamblers posts blind: 20
UDF1 received [2d 3c]
The_1__Gamblers received [3d 7c]
UDF1 folds
UDF1 awarded -10
The_1__Gamblers awarded 10

Round #665, The_1__Gamblers (53507), UDF1 (-53507)
The_1__Gamblers posts blind: 10
UDF1 posts blind: 20
The_1__Gamblers received [9d Ah]
UDF1 received [4s Jc]
The_1__Gamblers raises to 44
UDF1 folds
The_1__Gamblers awarded 20
UDF1 awarded -20

Round #666, UDF1 (-53527), The_1__Gamblers (53527)
UDF1 posts blind: 10
The_1__Gamblers posts blind: 20
UDF1 received [5s 6s]
The_1__Gamblers received [3s Jh]
UDF1 calls
The_1__Gamblers checks
Flop [6d Ks 4s], UDF1 (20), The_1__Gamblers (20)
The_1__Gamblers bids 316
UDF1 bids 256
The_1__Gamblers won the auction and was revealed [6s]
Flop [6d Ks 4s], UDF1 (20), The_1__Gamblers (276)
The_1__Gamblers checks
UDF1 bets 3204
The_1__Gamblers folds
UDF1 awarded 276
The_1__Gamblers awarded -276

Round #667, The_1__Gamblers (53251), UDF1 (-53251)
The_1__Gamblers posts blind: 10
UDF1 posts blind: 20
The_1__Gamblers received [4h Jc]
UDF1 received [Kd 7c]
The_1__Gamblers raises to 44
UDF1 raises to 2378
The_1__Gamblers raises to 4712
UDF1 folds
The_1__Gamblers awarded 2378
UDF1 awarded -2378

Round #668, UDF1 (-55629), The_1__Gamblers (55629)
UDF1 posts blind: 10
The_1__Gamblers posts blind: 20
UDF1 received [5s Tc]
The_1__Gamblers received [Jd 8h]
UDF1 raises to 2278
The_1__Gamblers calls
Flop [8c 6d Td], UDF1 (2278), The_1__Gamblers (2278)
The_1__Gamblers bids 130
UDF1 bids 263
UDF1 won the auction and was revealed [Jd]
Flop [8c 6d Td], UDF1 (2408), The_1__Gamblers (2278)
The_1__Gamblers bets 2592
UDF1 calls
Turn [8c 6d Td 2s], UDF1 (5000), The_1__Gamblers (4870)
The_1__Gamblers checks
UDF1 checks
River [8c 6d Td 2s 4h], UDF1 (5000), The_1__Gamblers (4870)
The_1__Gamblers checks
UDF1 checks
UDF1 shows [5s Tc]
The_1__Gamblers shows [Jd 8h]
UDF1 awarded 4870
The_1__Gamblers awarded -4870

Round #669, The_1__Gamblers (50759), UDF1 (-50759)
The_1__Gamblers posts blind: 10
UDF1 posts blind: 20
The_1__Gamblers received [Ac 9h]
UDF1 received [Qs 4s]
The_1__Gamblers raises to 44
UDF1 folds
The_1__Gamblers awarded 20
UDF1 awarded -20

Round #670, UDF1 (-50779), The_1__Gamblers (50779)
UDF1 posts blind: 10
The_1__Gamblers posts blind: 20
UDF1 received [5c Th]
The_1__Gamblers received [7c 5s]
UDF1 folds
UDF1 awarded -10
The_1__Gamblers awarded 10

Round #671, The_1__Gamblers (50789), UDF1 (-50789)
The_1__Gamblers posts blind: 10
UDF1 posts blind: 20
The_1__Gamblers received [Ks 4d]
UDF1 received [Jc Qh]
The_1__Gamblers raises to 44
UDF1 raises to 2914
The_1__Gamblers raises to 5000
UDF1 calls
Flop [3d 3c 6d], The_1__Gamblers (5000), UDF1 (5000)
UDF1 bids 0
The_1__Gamblers bids 0
The_1__Gamblers won the auction and was revealed [Jc]
UDF1 won the auction and was revealed [4d]
Flop [3d 3c 6d], The_1__Gamblers (5000), UDF1 (5000)
UDF1 checks
The_1__Gamblers checks
Turn [3d 3c 6d As], The_1__Gamblers (5000), UDF1 (5000)
UDF1 checks
The_1__Gamblers checks
River [3d 3c 6d As Th], The_1__Gamblers (5000), UDF1 (5000)
UDF1 checks
The_1__Gamblers checks
The_1__Gamblers shows [Ks 4d]
UDF1 shows [Jc Qh]
The_1__Gamblers awarded 5000
UDF1 awarded -5000

Round #672, UDF1 (-55789), The_1__Gamblers (55789)
UDF1 posts blind: 10
The_1__Gamblers posts blind: 20
UDF1 received [6d 7d]
The_1__Gamblers received [4d 8d]
UDF1 raises to 2676
The_1__Gamblers calls
Flop [Kc Td 6h], UDF1 (2676), The_1__Gamblers (2676)
The_1__Gamblers bids 93
UDF1 bids 225
UDF1 won the auction and was revealed [4d]
Flop [Kc Td 6h], UDF1 (2769), The_1__Gamblers (2676)
The_1__Gamblers checks
UDF1 bets 1768
The_1__Gamblers folds
UDF1 awarded 2676
The_1__Gamblers awarded -2676

Round #673, The_1__Gamblers (53113), UDF1 (-53113)
The_1__Gamblers posts blind: 10
UDF1 posts blind: 20
The_1__Gamblers received [Kh Qc]
UDF1 received [Kd 8h]
The_1__Gamblers raises to 44
UDF1 raises to 2358
The_1__Gamblers raises to 4672
UDF1 folds
The_1__Gamblers awarded 2358
UDF1 awarded -2358

Round #674, UDF1 (-55471), The_1__Gamblers (55471)
UDF1 posts blind: 10
The_1__Gamblers posts blind: 20
UDF1 received [Js 6h]
The_1__Gamblers received [4h Kd]
UDF1 folds
UDF1 awarded -10
The_1__Gamblers awarded 10

Round #675, The_1__Gamblers (55481), UDF1 (-55481)
The_1__Gamblers posts blind: 10
UDF1 posts blind: 20
The_1__Gamblers received [9s 6d]
UDF1 received [6c Kd]
The_1__Gamblers raises to 44
UDF1 folds
The_1__Gamblers awarded 20
UDF1 awarded -20

Round #676, UDF1 (-55501), The_1__Gamblers (55501)
UDF1 posts blind: 10
The_1__Gamblers posts blind: 20
UDF1 received [9h Th]
The_1__Gamblers received [Js Qs]
UDF1 calls
The_1__Gamblers checks
Flop [4s 2s 6c], UDF1 (20), The_1__Gamblers (20)
The_1__Gamblers bids 371
UDF1 bids 133
The_1__Gamblers won the auction and was revealed [Th]
Flop [4s 2s 6c], UDF1 (20), The_1__Gamblers (153)
The_1__Gamblers bets 57
UDF1 calls
Turn [4s 2s 6c Qh], UDF1 (77), The_1__Gamblers (210)
The_1__Gamblers bets 358
UDF1 folds
UDF1 awarded -77
The_1__Gamblers awarded 77

Round #677, The_1__Gamblers (55578), UDF1 (-55578)
The_1__Gamblers posts blind: 10
UDF1 posts blind: 20
The_1__Gamblers received [3h 8d]
UDF1 received [8c Qh]
The_1__Gamblers calls
UDF1 checks
Flop [3c Ac Jc], The_1__Gamblers (20), UDF1 (20)
UDF1 bids 297
The_1__Gamblers bids 345
The_1__Gamblers won the auction and was revealed [Qh]
Flop [3c Ac Jc], The_1__Gamblers (317), UDF1 (20)
UDF1 bets 2663
The_1__Gamblers raises to 4683
UDF1 calls
Turn [3c Ac Jc As], The_1__Gamblers (5000), UDF1 (4703)
UDF1 checks
The_1__Gamblers checks
River [3c Ac Jc As 7c], The_1__Gamblers (5000), UDF1 (4703)
UDF1 checks
The_1__Gamblers checks
The_1__Gamblers shows [3h 8d]
UDF1 shows [8c Qh]
The_1__Gamblers awarded -5000
UDF1 awarded 5000

Round #678, UDF1 (-50578), The_1__Gamblers (50578)
UDF1 posts blind: 10
The_1__Gamblers posts blind: 20
UDF1 received [Kd As]
The_1__Gamblers received [4c 8d]
UDF1 raises to 4424
The_1__Gamblers calls
Flop [Td Th Tc], UDF1 (4424), The_1__Gamblers (4424)
The_1__Gamblers bids 30
UDF1 bids 192
UDF1 won the auction and was revealed [8d]
Flop [Td Th Tc], UDF1 (4454), The_1__Gamblers (4424)
The_1__Gamblers checks
UDF1 bets 479
The_1__Gamblers raises to 546
UDF1 calls
Turn [Td Th Tc Ah], UDF1 (5000), The_1__Gamblers (4970)
The_1__Gamblers checks
UDF1 checks
River [Td Th Tc Ah Kc], UDF1 (5000), The_1__Gamblers (4970)
The_1__Gamblers checks
UDF1 checks
UDF1 shows [Kd As]
The_1__Gamblers shows [4c 8d]
UDF1 awarded 4970
The_1__Gamblers awarded -4970

Round #679, The_1__Gamblers (45608), UDF1 (-45608)
The_1__Gamblers posts blind: 10
UDF1 posts blind: 20
The_1__Gamblers received [Kc Qc]
UDF1 received [9s 8c]
The_1__Gamblers raises to 44
UDF1 raises to 3134
The_1__Gamblers raises to 5000
UDF1 calls
Flop [Jc 7s Jd], The_1__Gamblers (5000), UDF1 (5000)
UDF1 bids 0
The_1__Gamblers bids 0
The_1__Gamblers won the auction and was revealed [8c]
UDF1 won the auction and was revealed [Qc]
Flop [Jc 7s Jd], The_1__Gamblers (5000), UDF1 (5000)
UDF1 checks
The_1__Gamblers checks
Turn [Jc 7s Jd 5s], The_1__Gamblers (5000), UDF1 (5000)
UDF1 checks
The_1__Gamblers checks
River [Jc 7s Jd 5s As], The_1__Gamblers (5000), UDF1 (5000)
UDF1 checks
The_1__Gamblers checks
The_1__Gamblers shows [Kc Qc]
UDF1 shows [9s 8c]
The_1__Gamblers awarded 5000
UDF1 awarded -5000

Round #680, UDF1 (-50608), The_1__Gamblers (50608)
UDF1 posts blind: 10
The_1__Gamblers posts blind: 20
UDF1 received [As Td]
The_1__Gamblers received [3h 8h]
UDF1 raises to 2875
The_1__Gamblers calls
Flop [8c 4s 9d], UDF1 (2875), The_1__Gamblers (2875)
The_1__Gamblers bids 110
UDF1 bids 215
UDF1 won the auction and was revealed [3h]
Flop [8c 4s 9d], UDF1 (2985), The_1__Gamblers (2875)
The_1__Gamblers bets 2015
UDF1 calls
Turn [8c 4s 9d 9c], UDF1 (5000), The_1__Gamblers (4890)
The_1__Gamblers checks
UDF1 checks
River [8c 4s 9d 9c 5h], UDF1 (5000), The_1__Gamblers (4890)
The_1__Gamblers checks
UDF1 checks
UDF1 shows [As Td]
The_1__Gamblers shows [3h 8h]
UDF1 awarded -5000
The_1__Gamblers awarded 5000

Round #681, The_1__Gamblers (55608), UDF1 (-55608)
The_1__Gamblers posts blind: 10
UDF1 posts blind: 20
The_1__Gamblers received [Qh 9h]
UDF1 received [2d Ac]
The_1__Gamblers raises to 44
UDF1 folds
The_1__Gamblers awarded 20
UDF1 awarded -20

Round #682, UDF1 (-55628), The_1__Gamblers (55628)
UDF1 posts blind: 10
The_1__Gamblers posts blind: 20
UDF1 received [2h Js]
The_1__Gamblers received [Jc Th]
UDF1 folds
UDF1 awarded -10
The_1__Gamblers awarded 10

Round #683, The_1__Gamblers (55638), UDF1 (-55638)
The_1__Gamblers posts blind: 10
UDF1 posts blind: 20
The_1__Gamblers received [9s Kd]
UDF1 received [6s 3h]
The_1__Gamblers raises to 44
UDF1 raises to 2327
The_1__Gamblers raises to 4610
UDF1 folds
The_1__Gamblers awarded 2327
UDF1 awarded -2327

Round #684, UDF1 (-57965), The_1__Gamblers (57965)
UDF1 posts blind: 10
The_1__Gamblers posts blind: 20
UDF1 received [Js 8s]
The_1__Gamblers received [As 3h]
UDF1 raises to 2244
The_1__Gamblers calls
Flop [Kd 4h 3s], UDF1 (2244), The_1__Gamblers (2244)
The_1__Gamblers bids 171
UDF1 bids 256
UDF1 won the auction and was revealed [3h]
Flop [Kd 4h 3s], UDF1 (2415), The_1__Gamblers (2244)
The_1__Gamblers bets 2585
UDF1 folds
UDF1 awarded -2415
The_1__Gamblers awarded 2415

Round #685, The_1__Gamblers (60380), UDF1 (-60380)
The_1__Gamblers posts blind: 10
UDF1 posts blind: 20
The_1__Gamblers received [3h Jc]
UDF1 received [Td 3s]
The_1__Gamblers calls
UDF1 checks
Flop [8c Ad Ts], The_1__Gamblers (20), UDF1 (20)
UDF1 bids 274
The_1__Gamblers bids 316
The_1__Gamblers won the auction and was revealed [Td]
Flop [8c Ad Ts], The_1__Gamblers (294), UDF1 (20)
UDF1 bets 2742
The_1__Gamblers folds
The_1__Gamblers awarded -294
UDF1 awarded 294

Round #686, UDF1 (-60086), The_1__Gamblers (60086)
UDF1 posts blind: 10
The_1__Gamblers posts blind: 20
UDF1 received [8h 7c]
The_1__Gamblers received [Jd 8c]
UDF1 calls
The_1__Gamblers checks
Flop [6s 6c Ac], UDF1 (20), The_1__Gamblers (20)
The_1__Gamblers bids 369
UDF1 bids 274
The_1__Gamblers won the auction and was revealed [8h]
Flop [6s 6c Ac], UDF1 (20), The_1__Gamblers (294)
The_1__Gamblers checks
UDF1 checks
Turn [6s 6c Ac Th], UDF1 (20), The_1__Gamblers (294)
The_1__Gamblers checks
UDF1 checks
River [6s 6c Ac Th 2d], UDF1 (20), The_1__Gamblers (294)
The_1__Gamblers checks
UDF1 checks
UDF1 shows [8h 7c]
The_1__Gamblers shows [Jd 8c]
UDF1 awarded -20
The_1__Gamblers awarded 20

Round #687, The_1__Gamblers (60106), UDF1 (-60106)
The_1__Gamblers posts blind: 10
UDF1 posts blind: 20
The_1__Gamblers received [4c Jh]
UDF1 received [3h 3d]
The_1__Gamblers raises to 44
UDF1 calls
Flop [Td 2d 9h], The_1__Gamblers (44), UDF1 (44)
UDF1 bids 238
The_1__Gamblers bids 254
The_1__Gamblers won the auction and was revealed [3h]
Flop [Td 2d 9h], The_1__Gamblers (282), UDF1 (44)
UDF1 bets 2709
The_1__Gamblers folds
The_1__Gamblers awarded -282
UDF1 awarded 282

Round #688, UDF1 (-59824), The_1__Gamblers (59824)
UDF1 posts blind: 10
The_1__Gamblers posts blind: 20
UDF1 received [Jc Qs]
The_1__Gamblers received [3c Qd]
UDF1 raises to 2745
The_1__Gamblers calls
Flop [5h 5d 8s], UDF1 (2745), The_1__Gamblers (2745)
The_1__Gamblers bids 162
UDF1 bids 671
UDF1 won the auction and was revealed [3c]
Flop [5h 5d 8s], UDF1 (2907), The_1__Gamblers (2745)
The_1__Gamblers checks
UDF1 bets 1667
The_1__Gamblers raises to 2093
UDF1 calls
Turn [5h 5d 8s 5s], UDF1 (5000), The_1__Gamblers (4838)
The_1__Gamblers checks
UDF1 checks
River [5h 5d 8s 5s Th], UDF1 (5000), The_1__Gamblers (4838)
The_1__Gamblers checks
UDF1 checks
UDF1 shows [Jc Qs]
The_1__Gamblers shows [3c Qd]
UDF1 awarded 4838
The_1__Gamblers awarded -4838

Round #689, The_1__Gamblers (54986), UDF1 (-54986)
The_1__Gamblers posts blind: 10
UDF1 posts blind: 20
The_1__Gamblers received [9h Jc]
UDF1 received [6h Qd]
The_1__Gamblers raises to 44
UDF1 folds
The_1__Gamblers awarded 20
UDF1 awarded -20

Round #690, UDF1 (-55006), The_1__Gamblers (55006)
UDF1 posts blind: 10
The_1__Gamblers posts blind: 20
UDF1 received [Jc 5c]
The_1__Gamblers received [9s Qc]
UDF1 folds
UDF1 awarded -10
The_1__Gamblers awarded 10

Round #691, The_1__Gamblers (55016), UDF1 (-55016)
The_1__Gamblers posts blind: 10
UDF1 posts blind: 20
The_1__Gamblers received [Jc 5s]
UDF1 received [9h Ac]
The_1__Gamblers raises to 44
UDF1 raises to 2400
The_1__Gamblers raises to 4756
UDF1 folds
The_1__Gamblers awarded 2400
UDF1 awarded -2400

Round #692, UDF1 (-57416), The_1__Gamblers (57416)
UDF1 posts blind: 10
The_1__Gamblers posts blind: 20
UDF1 received [Ad 3h]
The_1__Gamblers received [5s Qd]
UDF1 folds
UDF1 awarded -10
The_1__Gamblers awarded 10

Round #693, The_1__Gamblers (57426), UDF1 (-57426)
The_1__Gamblers posts blind: 10
UDF1 posts blind: 20
The_1__Gamblers received [2h 2s]
UDF1 received [3c Js]
The_1__Gamblers raises to 44
UDF1 folds
The_1__Gamblers awarded 20
UDF1 awarded -20

Round #694, UDF1 (-57446), The_1__Gamblers (57446)
UDF1 posts blind: 10
The_1__Gamblers posts blind: 20
UDF1 received [2c Js]
The_1__Gamblers received [9d 8h]
UDF1 folds
UDF1 awarded -10
The_1__Gamblers awarded 10

Round #695, The_1__Gamblers (57456), UDF1 (-57456)
The_1__Gamblers posts blind: 10
UDF1 posts blind: 20
The_1__Gamblers received [8c 7c]
UDF1 received [Qh Jd]
The_1__Gamblers raises to 44
UDF1 raises to 2809
The_1__Gamblers raises to 5000
UDF1 calls
Flop [Kd Qd Kh], The_1__Gamblers (5000), UDF1 (5000)
UDF1 bids 0
The_1__Gamblers bids 0
The_1__Gamblers won the auction and was revealed [Qh]
UDF1 won the auction and was revealed [7c]
Flop [Kd Qd Kh], The_1__Gamblers (5000), UDF1 (5000)
UDF1 checks
The_1__Gamblers checks
Turn [Kd Qd Kh Ts], The_1__Gamblers (5000), UDF1 (5000)
UDF1 checks
The_1__Gamblers checks
River [Kd Qd Kh Ts 5c], The_1__Gamblers (5000), UDF1 (5000)
UDF1 checks
The_1__Gamblers checks
The_1__Gamblers shows [8c 7c]
UDF1 shows [Qh Jd]
The_1__Gamblers awarded -5000
UDF1 awarded 5000

Round #696, UDF1 (-52456), The_1__Gamblers (52456)
UDF1 posts blind: 10
The_1__Gamblers posts blind: 20
UDF1 received [5d 2s]
The_1__Gamblers received [7d 7s]
UDF1 folds
UDF1 awarded -10
The_1__Gamblers awarded 10

Round #697, The_1__Gamblers (52466), UDF1 (-52466)
The_1__Gamblers posts blind: 10
UDF1 posts blind: 20
The_1__Gamblers received [5c Ad]
UDF1 received [Ts Tc]
The_1__Gamblers raises to 44
UDF1 raises to 4379
The_1__Gamblers raises to 5000
UDF1 calls
Flop [Kc 2h Qh], The_1__Gamblers (5000), UDF1 (5000)
UDF1 bids 0
The_1__Gamblers bids 0
The_1__Gamblers won the auction and was revealed [Tc]
UDF1 won the auction and was revealed [Ad]
Flop [Kc 2h Qh], The_1__Gamblers (5000), UDF1 (5000)
UDF1 checks
The_1__Gamblers checks
Turn [Kc 2h Qh 9h], The_1__Gamblers (5000), UDF1 (5000)
UDF1 checks
The_1__Gamblers checks
River [Kc 2h Qh 9h 9s], The_1__Gamblers (5000), UDF1 (5000)
UDF1 checks
The_1__Gamblers checks
The_1__Gamblers shows [5c Ad]
UDF1 shows [Ts Tc]
The_1__Gamblers awarded -5000
UDF1 awarded 5000

Round #698, UDF1 (-47466), The_1__Gamblers (47466)
UDF1 posts blind: 10
The_1__Gamblers posts blind: 20
UDF1 received [Kd Ac]
The_1__Gamblers received [8h Js]
UDF1 raises to 4816
The_1__Gamblers calls
Flop [4d 2s As], UDF1 (4816), The_1__Gamblers (4816)
The_1__Gamblers bids 12
UDF1 bids 161
UDF1 won the auction and was revealed [8h]
Flop [4d 2s As], UDF1 (4828), The_1__Gamblers (4816)
The_1__Gamblers checks
UDF1 bets 142
The_1__Gamblers raises to 172
UDF1 calls
Turn [4d 2s As 8d], UDF1 (5000), The_1__Gamblers (4988)
The_1__Gamblers checks
UDF1 checks
River [4d 2s As 8d 4c], UDF1 (5000), The_1__Gamblers (4988)
The_1__Gamblers checks
UDF1 checks
UDF1 shows [Kd Ac]
The_1__Gamblers shows [8h Js]
UDF1 awarded 4988
The_1__Gamblers awarded -4988

Round #699, The_1__Gamblers (42478), UDF1 (-42478)
The_1__Gamblers posts blind: 10
UDF1 posts blind: 20
The_1__Gamblers received [Tc 5h]
UDF1 received [6s 3h]
The_1__Gamblers raises to 44
UDF1 folds
The_1__Gamblers awarded 20
UDF1 awarded -20

Round #700, UDF1 (-42498), The_1__Gamblers (42498)
UDF1 posts blind: 10
The_1__Gamblers posts blind: 20
UDF1 received [Ah Ac]
The_1__Gamblers received [Jc 2d]
UDF1 raises to 4526
The_1__Gamblers calls
Flop [9d Ks 7d], UDF1 (4526), The_1__Gamblers (4526)
The_1__Gamblers bids 29
UDF1 bids 203
UDF1 won the auction and was revealed [Jc]
Flop [9d Ks 7d], UDF1 (4555), The_1__Gamblers (4526)
The_1__Gamblers checks
UDF1 bets 387
The_1__Gamblers raises to 445
UDF1 calls
Turn [9d Ks 7d 5h], UDF1 (5000), The_1__Gamblers (4971)
The_1__Gamblers checks
UDF1 checks
River [9d Ks 7d 5h 3c], UDF1 (5000), The_1__Gamblers (4971)
The_1__Gamblers checks
UDF1 checks
UDF1 shows [Ah Ac]
The_1__Gamblers shows [Jc 2d]
UDF1 awarded 4971
The_1__Gamblers awarded -4971

Round #701, The_1__Gamblers (37527), UDF1 (-37527)
The_1__Gamblers posts blind: 10
UDF1 posts blind: 20
The_1__Gamblers received [Jc 5h]
UDF1 received [Kc Th]
The_1__Gamblers raises to 44
UDF1 folds
The_1__Gamblers awarded 20
UDF1 awarded -20

Round #702, UDF1 (-37547), The_1__Gamblers (37547)
UDF1 posts blind: 10
The_1__Gamblers posts blind: 20
UDF1 received [Jc As]
The_1__Gamblers received [Qs 9h]
UDF1 calls
The_1__Gamblers checks
Flop [Ks 6h 2d], UDF1 (20), The_1__Gamblers (20)
The_1__Gamblers bids 369
UDF1 bids 302
The_1__Gamblers won the auction and was revealed [Jc]
Flop [Ks 6h 2d], UDF1 (20), The_1__Gamblers (322)
The_1__Gamblers checks
UDF1 bets 2584
The_1__Gamblers folds
UDF1 awarded 322
The_1__Gamblers awarded -322

Round #703, The_1__Gamblers (37225), UDF1 (-37225)
The_1__Gamblers posts blind: 10
UDF1 posts blind: 20
The_1__Gamblers received [8c 2h]
UDF1 received [Td Jd]
The_1__Gamblers calls
UDF1 checks
Flop [2s 4h 8d], The_1__Gamblers (20), UDF1 (20)
UDF1 bids 246
The_1__Gamblers bids 17
UDF1 won the auction and was revealed [2h]
Flop [2s 4h 8d], The_1__Gamblers (20), UDF1 (37)
UDF1 checks
The_1__Gamblers bets 71
UDF1 folds
The_1__Gamblers awarded 37
UDF1 awarded -37

Round #704, UDF1 (-37262), The_1__Gamblers (37262)
UDF1 posts blind: 10
The_1__Gamblers posts blind: 20
UDF1 received [2s 3s]
The_1__Gamblers received [2d Ah]
UDF1 folds
UDF1 awarded -10
The_1__Gamblers awarded 10

Round #705, The_1__Gamblers (37272), UDF1 (-37272)
The_1__Gamblers posts blind: 10
UDF1 posts blind: 20
The_1__Gamblers received [9d Qh]
UDF1 received [3d 7d]
The_1__Gamblers raises to 44
UDF1 calls
Flop [Qd Kh Kc], The_1__Gamblers (44), UDF1 (44)
UDF1 bids 121
The_1__Gamblers bids 152
The_1__Gamblers won the auction and was revealed [3d]
Flop [Qd Kh Kc], The_1__Gamblers (165), UDF1 (44)
UDF1 checks
The_1__Gamblers bets 261
UDF1 folds
The_1__Gamblers awarded 44
UDF1 awarded -44

Round #706, UDF1 (-37316), The_1__Gamblers (37316)
UDF1 posts blind: 10
The_1__Gamblers posts blind: 20
UDF1 received [Tc 4c]
The_1__Gamblers received [Js 5c]
UDF1 folds
UDF1 awarded -10
The_1__Gamblers awarded 10

Round #707, The_1__Gamblers (37326), UDF1 (-37326)
The_1__Gamblers posts blind: 10
UDF1 posts blind: 20
The_1__Gamblers received [Kd Jc]
UDF1 received [2s 7h]
The_1__Gamblers raises to 44
UDF1 raises to 2425
The_1__Gamblers raises to 4806
UDF1 folds
The_1__Gamblers awarded 2425
UDF1 awarded -2425

Round #708, UDF1 (-39751), The_1__Gamblers (39751)
UDF1 posts blind: 10
The_1__Gamblers posts blind: 20
UDF1 received [5c 3h]
The_1__Gamblers received [Qs Jc]
UDF1 raises to 2269
The_1__Gamblers calls
Flop [7d 9d Td], UDF1 (2269), The_1__Gamblers (2269)
The_1__Gamblers bids 175
UDF1 bids 231
UDF1 won the auction and was revealed [Jc]
Flop [7d 9d Td], UDF1 (2444), The_1__Gamblers (2269)
The_1__Gamblers checks
UDF1 checks
Turn [7d 9d Td Qh], UDF1 (2444), The_1__Gamblers (2269)
The_1__Gamblers bets 2556
UDF1 folds
UDF1 awarded -2444
The_1__Gamblers awarded 2444

Round #709, The_1__Gamblers (42195), UDF1 (-42195)
The_1__Gamblers posts blind: 10
UDF1 posts blind: 20
The_1__Gamblers received [9d Ah]
UDF1 received [4d Ts]
The_1__Gamblers raises to 44
UDF1 folds
The_1__Gamblers awarded 20
UDF1 awarded -20

Round #710, UDF1 (-42215), The_1__Gamblers (42215)
UDF1 posts blind: 10
The_1__Gamblers posts blind: 20
UDF1 received [7s 3c]
The_1__Gamblers received [6d 7h]
UDF1 folds
UDF1 awarded -10
The_1__Gamblers awarded 10

Round #711, The_1__Gamblers (42225), UDF1 (-42225)
The_1__Gamblers posts blind: 10
UDF1 posts blind: 20
The_1__Gamblers received [2s 5c]
UDF1 received [5h 2c]
The_1__Gamblers raises to 44
UDF1 folds
The_1__Gamblers awarded 20
UDF1 awarded -20

Round #712, UDF1 (-42245), The_1__Gamblers (42245)
UDF1 posts blind: 10
The_1__Gamblers posts blind: 20
UDF1 received [7h 4h]
The_1__Gamblers received [Jd As]
UDF1 folds
UDF1 awarded -10
The_1__Gamblers awarded 10

Round #713, The_1__Gamblers (42255), UDF1 (-42255)
The_1__Gamblers posts blind: 10
UDF1 posts blind: 20
The_1__Gamblers received [6d 5s]
UDF1 received [Ah 6h]
The_1__Gamblers raises to 44
UDF1 calls
Flop [3c Kc Th], The_1__Gamblers (44), UDF1 (44)
UDF1 bids 285
The_1__Gamblers bids 88
UDF1 won the auction and was revealed [5s]
Flop [3c Kc Th], The_1__Gamblers (44), UDF1 (132)
UDF1 bets 2872
The_1__Gamblers folds
The_1__Gamblers awarded -44
UDF1 awarded 44

Round #714, UDF1 (-42211), The_1__Gamblers (42211)
UDF1 posts blind: 10
The_1__Gamblers posts blind: 20
UDF1 received [4s 5s]
The_1__Gamblers received [7h Qd]
UDF1 raises to 2290
The_1__Gamblers calls
Flop [Js Qh 6s], UDF1 (2290), The_1__Gamblers (2290)
The_1__Gamblers bids 57
UDF1 bids 257
UDF1 won the auction and was revealed [Qd]
Flop [Js Qh 6s], UDF1 (2347), The_1__Gamblers (2290)
The_1__Gamblers bets 2653
UDF1 calls
Turn [Js Qh 6s 5c], UDF1 (5000), The_1__Gamblers (4943)
The_1__Gamblers checks
UDF1 checks
River [Js Qh 6s 5c 4d], UDF1 (5000), The_1__Gamblers (4943)
The_1__Gamblers checks
UDF1 checks
UDF1 shows [4s 5s]
The_1__Gamblers shows [7h Qd]
UDF1 awarded 4943
The_1__Gamblers awarded -4943

Round #715, The_1__Gamblers (37268), UDF1 (-37268)
The_1__Gamblers posts blind: 10
UDF1 posts blind: 20
The_1__Gamblers received [7c Ts]
UDF1 received [Tc 6d]
The_1__Gamblers raises to 44
UDF1 folds
The_1__Gamblers awarded 20
UDF1 awarded -20

Round #716, UDF1 (-37288), The_1__Gamblers (37288)
UDF1 posts blind: 10
The_1__Gamblers posts blind: 20
UDF1 received [8c 3h]
The_1__Gamblers received [9h Qh]
UDF1 folds
UDF1 awarded -10
The_1__Gamblers awarded 10

Round #717, The_1__Gamblers (37298), UDF1 (-37298)
The_1__Gamblers posts blind: 10
UDF1 posts blind: 20
The_1__Gamblers received [Js 5s]
UDF1 received [Th 8s]
The_1__Gamblers raises to 44
UDF1 raises to 2142
The_1__Gamblers raises to 4240
UDF1 folds
The_1__Gamblers awarded 2142
UDF1 awarded -2142

Round #718, UDF1 (-39440), The_1__Gamblers (39440)
UDF1 posts blind: 10
The_1__Gamblers posts blind: 20
UDF1 received [9h 2c]
The_1__Gamblers received [8c Ts]
UDF1 folds
UDF1 awarded -10
The_1__Gamblers awarded 10

Round #719, The_1__Gamblers (39450), UDF1 (-39450)
The_1__Gamblers posts blind: 10
UDF1 posts blind: 20
The_1__Gamblers received [Qc 7h]
UDF1 received [2h 4s]
The_1__Gamblers raises to 44
UDF1 folds
The_1__Gamblers awarded 20
UDF1 awarded -20

Round #720, UDF1 (-39470), The_1__Gamblers (39470)
UDF1 posts blind: 10
The_1__Gamblers posts blind: 20
UDF1 received [Ks 9h]
The_1__Gamblers received [9c 7h]
UDF1 raises to 2510
The_1__Gamblers calls
Flop [Qc 9s 4c], UDF1 (2510), The_1__Gamblers (2510)
The_1__Gamblers bids 117
UDF1 bids 0
The_1__Gamblers won the auction and was revealed [Ks]
Flop [Qc 9s 4c], UDF1 (2510), The_1__Gamblers (2510)
The_1__Gamblers bets 2490
UDF1 calls
Turn [Qc 9s 4c Ah], UDF1 (5000), The_1__Gamblers (5000)
The_1__Gamblers checks
UDF1 checks
River [Qc 9s 4c Ah Kh], UDF1 (5000), The_1__Gamblers (5000)
The_1__Gamblers checks
UDF1 checks
UDF1 shows [Ks 9h]
The_1__Gamblers shows [9c 7h]
UDF1 awarded 5000
The_1__Gamblers awarded -5000

Round #721, The_1__Gamblers (34470), UDF1 (-34470)
The_1__Gamblers posts blind: 10
UDF1 posts blind: 20
The_1__Gamblers received [Js 5h]
UDF1 received [9s 8s]
The_1__Gamblers raises to 44
UDF1 calls
Flop [Ks 9h 3s], The_1__Gamblers (44), UDF1 (44)
UDF1 bids 282
The_1__Gamblers bids 320
The_1__Gamblers won the auction and was revealed [9s]
Flop [Ks 9h 3s], The_1__Gamblers (326), UDF1 (44)
UDF1 bets 3663
The_1__Gamblers folds
The_1__Gamblers awarded -326
UDF1 awarded 326

Round #722, UDF1 (-34144), The_1__Gamblers (34144)
UDF1 posts blind: 10
The_1__Gamblers posts blind: 20
UDF1 received [6h Tc]
The_1__Gamblers received [Ks 4s]
UDF1 folds
UDF1 awarded -10
The_1__Gamblers awarded 10

Round #723, The_1__Gamblers (34154), UDF1 (-34154)
The_1__Gamblers posts blind: 10
UDF1 posts blind: 20
The_1__Gamblers received [8h Qd]
UDF1 received [Ah 5d]
The_1__Gamblers raises to 44
UDF1 folds
The_1__Gamblers awarded 20
UDF1 awarded -20

Round #724, UDF1 (-34174), The_1__Gamblers (34174)
UDF1 posts blind: 10
The_1__Gamblers posts blind: 20
UDF1 received [Td 4s]
The_1__Gamblers received [3d Jd]
UDF1 raises to 2318
The_1__Gamblers calls
Flop [Th Qd 2h], UDF1 (2318), The_1__Gamblers (2318)
The_1__Gamblers bids 166
UDF1 bids 347
UDF1 won the auction and was revealed [3d]
Flop [Th Qd 2h], UDF1 (2484), The_1__Gamblers (2318)
The_1__Gamblers checks
UDF1 bets 2122
The_1__Gamblers calls
Turn [Th Qd 2h 5s], UDF1 (4606), The_1__Gamblers (4440)
The_1__Gamblers checks
UDF1 bets 342
The_1__Gamblers raises to 394
UDF1 calls
River [Th Qd 2h 5s 7c], UDF1 (5000), The_1__Gamblers (4834)
The_1__Gamblers checks
UDF1 checks
UDF1 shows [Td 4s]
The_1__Gamblers shows [3d Jd]
UDF1 awarded 4834
The_1__Gamblers awarded -4834

Round #725, The_1__Gamblers (29340), UDF1 (-29340)
The_1__Gamblers posts blind: 10
UDF1 posts blind: 20
The_1__Gamblers received [Th 7s]
UDF1 received [6s 6h]
The_1__Gamblers raises to 44
UDF1 raises to 2976
The_1__Gamblers raises to 5000
UDF1 calls
Flop [7c 4h Ac], The_1__Gamblers (5000), UDF1 (5000)
UDF1 bids 0
The_1__Gamblers bids 0
The_1__Gamblers won the auction and was revealed [6h]
UDF1 won the auction and was revealed [7s]
Flop [7c 4h Ac], The_1__Gamblers (5000), UDF1 (5000)
UDF1 checks
The_1__Gamblers checks
Turn [7c 4h Ac Jh], The_1__Gamblers (5000), UDF1 (5000)
UDF1 checks
The_1__Gamblers checks
River [7c 4h Ac Jh Jd], The_1__Gamblers (5000), UDF1 (5000)
UDF1 checks
The_1__Gamblers checks
The_1__Gamblers shows [Th 7s]
UDF1 shows [6s 6h]
The_1__Gamblers awarded 5000
UDF1 awarded -5000

Round #726, UDF1 (-34340), The_1__Gamblers (34340)
UDF1 posts blind: 10
The_1__Gamblers posts blind: 20
UDF1 received [9c 5c]
The_1__Gamblers received [Qc Kd]
UDF1 raises to 2428
The_1__Gamblers calls
Flop [Ad Js 9d], UDF1 (2428), The_1__Gamblers (2428)
The_1__Gamblers bids 185
UDF1 bids 259
UDF1 won the auction and was revealed [Qc]
Flop [Ad Js 9d], UDF1 (2613), The_1__Gamblers (2428)
The_1__Gamblers bets 1663
UDF1 calls
Turn [Ad Js 9d 7d], UDF1 (4276), The_1__Gamblers (4091)
The_1__Gamblers bets 724
UDF1 calls
River [Ad Js 9d 7d Qd], UDF1 (5000), The_1__Gamblers (4815)
The_1__Gamblers checks
UDF1 checks
UDF1 shows [9c 5c]
The_1__Gamblers shows [Qc Kd]
UDF1 awarded -5000
The_1__Gamblers awarded 5000

Round #727, The_1__Gamblers (39340), UDF1 (-39340)
The_1__Gamblers posts blind: 10
UDF1 posts blind: 20
The_1__Gamblers received [4s 2c]
UDF1 received [Js Ts]
The_1__Gamblers raises to 44
UDF1 raises to 3146
The_1__Gamblers raises to 5000
UDF1 calls
Flop [Jd Td 4h], The_1__Gamblers (5000), UDF1 (5000)
UDF1 bids 0
The_1__Gamblers bids 0
The_1__Gamblers won the auction and was revealed [Js]
UDF1 won the auction and was revealed [4s]
Flop [Jd Td 4h], The_1__Gamblers (5000), UDF1 (5000)
UDF1 checks
The_1__Gamblers checks
Turn [Jd Td 4h 3d], The_1__Gamblers (5000), UDF1 (5000)
UDF1 checks
The_1__Gamblers checks
River [Jd Td 4h 3d 6h], The_1__Gamblers (5000), UDF1 (5000)
UDF1 checks
The_1__Gamblers checks
The_1__Gamblers shows [4s 2c]
UDF1 shows [Js Ts]
The_1__Gamblers awarded -5000
UDF1 awarded 5000

Round #728, UDF1 (-34340), The_1__Gamblers (34340)
UDF1 posts blind: 10
The_1__Gamblers posts blind: 20
UDF1 received [3d 6h]
The_1__Gamblers received [5h Tc]
UDF1 folds
UDF1 awarded -10
The_1__Gamblers awarded 10

Round #729, The_1__Gamblers (34350), UDF1 (-34350)
The_1__Gamblers posts blind: 10
UDF1 posts blind: 20
The_1__Gamblers received [9c 3d]
UDF1 received [4c 5c]
The_1__Gamblers calls
UDF1 checks
Flop [Th 5s 3c], The_1__Gamblers (20), UDF1 (20)
UDF1 bids 253
The_1__Gamblers bids 326
The_1__Gamblers won the auction and was revealed [5c]
Flop [Th 5s 3c], The_1__Gamblers (273), UDF1 (20)
UDF1 bets 2707
The_1__Gamblers raises to 4727
UDF1 calls
Turn [Th 5s 3c 5d], The_1__Gamblers (5000), UDF1 (4747)
UDF1 checks
The_1__Gamblers checks
River [Th 5s 3c 5d 9h], The_1__Gamblers (5000), UDF1 (4747)
UDF1 checks
The_1__Gamblers checks
The_1__Gamblers shows [9c 3d]
UDF1 shows [4c 5c]
The_1__Gamblers awarded -5000
UDF1 awarded 5000

Round #730, UDF1 (-29350), The_1__Gamblers (29350)
UDF1 posts blind: 10
The_1__Gamblers posts blind: 20
UDF1 received [8c 6h]
The_1__Gamblers received [Ad Ts]
UDF1 raises to 2115
The_1__Gamblers calls
Flop [9s Ah 4d], UDF1 (2115), The_1__Gamblers (2115)
The_1__Gamblers bids 41
UDF1 bids 289
UDF1 won the auction and was revealed [Ad]
Flop [9s Ah 4d], UDF1 (2156), The_1__Gamblers (2115)
The_1__Gamblers bets 2844
UDF1 folds
UDF1 awarded -2156
The_1__Gamblers awarded 2156

Round #731, The_1__Gamblers (31506), UDF1 (-31506)
The_1__Gamblers posts blind: 10
UDF1 posts blind: 20
The_1__Gamblers received [7h 8d]
UDF1 received [7c Kh]
The_1__Gamblers raises to 44
UDF1 folds
The_1__Gamblers awarded 20
UDF1 awarded -20

Round #732, UDF1 (-31526), The_1__Gamblers (31526)
UDF1 posts blind: 10
The_1__Gamblers posts blind: 20
UDF1 received [6s Ad]
The_1__Gamblers received [8c 8d]
UDF1 folds
UDF1 awarded -10
The_1__Gamblers awarded 10

Round #733, The_1__Gamblers (31536), UDF1 (-31536)
The_1__Gamblers posts blind: 10
UDF1 posts blind: 20
The_1__Gamblers received [Jc 4s]
UDF1 received [5c 3s]
The_1__Gamblers raises to 44
UDF1 calls
Flop [As Jd Td], The_1__Gamblers (44), UDF1 (44)
UDF1 bids 256
The_1__Gamblers bids 250
UDF1 won the auction and was revealed [Jc]
Flop [As Jd Td], The_1__Gamblers (44), UDF1 (294)
UDF1 checks
The_1__Gamblers bets 202
UDF1 folds
The_1__Gamblers awarded 294
UDF1 awarded -294

Round #734, UDF1 (-31830), The_1__Gamblers (31830)
UDF1 posts blind: 10
The_1__Gamblers posts blind: 20
UDF1 received [9h Td]
The_1__Gamblers received [5c 8c]
UDF1 raises to 2836
The_1__Gamblers calls
Flop [5h Kc 7c], UDF1 (2836), The_1__Gamblers (2836)
The_1__Gamblers bids 103
UDF1 bids 243
UDF1 won the auction and was revealed [8c]
Flop [5h Kc 7c], UDF1 (2939), The_1__Gamblers (2836)
The_1__Gamblers bets 2061
UDF1 calls
Turn [5h Kc 7c 8s], UDF1 (5000), The_1__Gamblers (4897)
The_1__Gamblers checks
UDF1 checks
River [5h Kc 7c 8s Qh], UDF1 (5000), The_1__Gamblers (4897)
The_1__Gamblers checks
UDF1 checks
UDF1 shows [9h Td]
The_1__Gamblers shows [5c 8c]
UDF1 awarded -5000
The_1__Gamblers awarded 5000

Round #735, The_1__Gamblers (36830), UDF1 (-36830)
The_1__Gamblers posts blind: 10
UDF1 posts blind: 20
The_1__Gamblers received [4d 6h]
UDF1 received [2h Js]
The_1__Gamblers raises to 44
UDF1 folds
The_1__Gamblers awarded 20
UDF1 awarded -20

Round #736, UDF1 (-36850), The_1__Gamblers (36850)
UDF1 posts blind: 10
The_1__Gamblers posts blind: 20
UDF1 received [3d Tc]
The_1__Gamblers received [3s Qs]
UDF1 folds
UDF1 awarded -10
The_1__Gamblers awarded 10

Round #737, The_1__Gamblers (36860), UDF1 (-36860)
The_1__Gamblers posts blind: 10
UDF1 posts blind: 20
The_1__Gamblers received [Qc 2s]
UDF1 received [Jc 4c]
The_1__Gamblers calls
UDF1 checks
Flop [8c 7s 5d], The_1__Gamblers (20), UDF1 (20)
UDF1 bids 240
The_1__Gamblers bids 289
The_1__Gamblers won the auction and was revealed [Jc]
Flop [8c 7s 5d], The_1__Gamblers (260), UDF1 (20)
UDF1 checks
The_1__Gamblers checks
Turn [8c 7s 5d 6h], The_1__Gamblers (260), UDF1 (20)
UDF1 bets 3070
The_1__Gamblers folds
The_1__Gamblers awarded -260
UDF1 awarded 260

Round #738, UDF1 (-36600), The_1__Gamblers (36600)
UDF1 posts blind: 10
The_1__Gamblers posts blind: 20
UDF1 received [Ac Ts]
The_1__Gamblers received [7c Ah]
UDF1 raises to 2883
The_1__Gamblers calls
Flop [3h 6d As], UDF1 (2883), The_1__Gamblers (2883)
The_1__Gamblers bids 43
UDF1 bids 269
UDF1 won the auction and was revealed [Ah]
Flop [3h 6d As], UDF1 (2926), The_1__Gamblers (2883)
The_1__Gamblers bets 2074
UDF1 calls
Turn [3h 6d As 2s], UDF1 (5000), The_1__Gamblers (4957)
The_1__Gamblers checks
UDF1 checks
River [3h 6d As 2s Jh], UDF1 (5000), The_1__Gamblers (4957)
The_1__Gamblers checks
UDF1 checks
UDF1 shows [Ac Ts]
The_1__Gamblers shows [7c Ah]
UDF1 awarded 4957
The_1__Gamblers awarded -4957

Round #739, The_1__Gamblers (31643), UDF1 (-31643)
The_1__Gamblers posts blind: 10
UDF1 posts blind: 20
The_1__Gamblers received [8h 4c]
UDF1 received [9c 9d]
The_1__Gamblers raises to 44
UDF1 raises to 4295
The_1__Gamblers raises to 5000
UDF1 calls
Flop [8c 3s Jd], The_1__Gamblers (5000), UDF1 (5000)
UDF1 bids 0
The_1__Gamblers bids 0
The_1__Gamblers won the auction and was revealed [9c]
UDF1 won the auction and was revealed [8h]
Flop [8c 3s Jd], The_1__Gamblers (5000), UDF1 (5000)
UDF1 checks
The_1__Gamblers checks
Turn [8c 3s Jd 8d], The_1__Gamblers (5000), UDF1 (5000)
UDF1 checks
The_1__Gamblers checks
River [8c 3s Jd 8d 2h], The_1__Gamblers (5000), UDF1 (5000)
UDF1 checks
The_1__Gamblers checks
The_1__Gamblers shows [8h 4c]
UDF1 shows [9c 9d]
The_1__Gamblers awarded 5000
UDF1 awarded -5000

Round #740, UDF1 (-36643), The_1__Gamblers (36643)
UDF1 posts blind: 10
The_1__Gamblers posts blind: 20
UDF1 received [Qs Js]
The_1__Gamblers received [6c 9h]
UDF1 raises to 4097
The_1__Gamblers calls
Flop [7h 9d Ks], UDF1 (4097), The_1__Gamblers (4097)
The_1__Gamblers bids 42
UDF1 bids 665
UDF1 won the auction and was revealed [9h]
Flop [7h 9d Ks], UDF1 (4139), The_1__Gamblers (4097)
The_1__Gamblers bets 861
UDF1 calls
Turn [7h 9d Ks Jd], UDF1 (5000), The_1__Gamblers (4958)
The_1__Gamblers checks
UDF1 checks
River [7h 9d Ks Jd 3s], UDF1 (5000), The_1__Gamblers (4958)
The_1__Gamblers checks
UDF1 checks
UDF1 shows [Qs Js]
The_1__Gamblers shows [6c 9h]
UDF1 awarded 4958
The_1__Gamblers awarded -4958

Round #741, The_1__Gamblers (31685), UDF1 (-31685)
The_1__Gamblers posts blind: 10
UDF1 posts blind: 20
The_1__Gamblers received [8s 3h]
UDF1 received [Jd 5d]
The_1__Gamblers calls
UDF1 raises to 2272
The_1__Gamblers calls
Flop [9c 8h Js], The_1__Gamblers (2272), UDF1 (2272)
UDF1 bids 246
The_1__Gamblers bids 187
UDF1 won the auction and was revealed [8s]
Flop [9c 8h Js], The_1__Gamblers (2272), UDF1 (2459)
UDF1 bets 2074
The_1__Gamblers raises to 2541
UDF1 calls
Turn [9c 8h Js 3d], The_1__Gamblers (4813), UDF1 (5000)
UDF1 checks
The_1__Gamblers checks
River [9c 8h Js 3d Th], The_1__Gamblers (4813), UDF1 (5000)
UDF1 checks
The_1__Gamblers checks
The_1__Gamblers shows [8s 3h]
UDF1 shows [Jd 5d]
The_1__Gamblers awarded 5000
UDF1 awarded -5000

Round #742, UDF1 (-36685), The_1__Gamblers (36685)
UDF1 posts blind: 10
The_1__Gamblers posts blind: 20
UDF1 received [7d 9d]
The_1__Gamblers received [9h 3s]
UDF1 raises to 2285
The_1__Gamblers calls
Flop [4h Qd 2h], UDF1 (2285), The_1__Gamblers (2285)
The_1__Gamblers bids 96
UDF1 bids 259
UDF1 won the auction and was revealed [9h]
Flop [4h Qd 2h], UDF1 (2381), The_1__Gamblers (2285)
The_1__Gamblers checks
UDF1 checks
Turn [4h Qd 2h 2s], UDF1 (2381), The_1__Gamblers (2285)
The_1__Gamblers checks
UDF1 checks
River [4h Qd 2h 2s 7c], UDF1 (2381), The_1__Gamblers (2285)
The_1__Gamblers checks
UDF1 bets 2395
The_1__Gamblers folds
UDF1 awarded 2285
The_1__Gamblers awarded -2285

Round #743, The_1__Gamblers (34400), UDF1 (-34400)
The_1__Gamblers posts blind: 10
UDF1 posts blind: 20
The_1__Gamblers received [Td Qh]
UDF1 received [Kh 3d]
The_1__Gamblers raises to 44
UDF1 folds
The_1__Gamblers awarded 20
UDF1 awarded -20

Round #744, UDF1 (-34420), The_1__Gamblers (34420)
UDF1 posts blind: 10
The_1__Gamblers posts blind: 20
UDF1 received [6c Qh]
The_1__Gamblers received [Qs Ah]
UDF1 folds
UDF1 awarded -10
The_1__Gamblers awarded 10

Round #745, The_1__Gamblers (34430), UDF1 (-34430)
The_1__Gamblers posts blind: 10
UDF1 posts blind: 20
The_1__Gamblers received [Qh 7c]
UDF1 received [9h 5c]
The_1__Gamblers raises to 44
UDF1 folds
The_1__Gamblers awarded 20
UDF1 awarded -20

Round #746, UDF1 (-34450), The_1__Gamblers (34450)
UDF1 posts blind: 10
The_1__Gamblers posts blind: 20
UDF1 received [Qd As]
The_1__Gamblers received [6s 4d]
UDF1 raises to 4222
The_1__Gamblers calls
Flop [Ac Kd 9d], UDF1 (4222), The_1__Gamblers (4222)
The_1__Gamblers bids 21
UDF1 bids 282
UDF1 won the auction and was revealed [4d]
Flop [Ac Kd 9d], UDF1 (4243), The_1__Gamblers (4222)
The_1__Gamblers checks
UDF1 bets 629
The_1__Gamblers calls
Turn [Ac Kd 9d 5c], UDF1 (4872), The_1__Gamblers (4851)
The_1__Gamblers checks
UDF1 bets 114
The_1__Gamblers raises to 128
UDF1 calls
River [Ac Kd 9d 5c 6h], UDF1 (5000), The_1__Gamblers (4979)
The_1__Gamblers checks
UDF1 checks
UDF1 shows [Qd As]
The_1__Gamblers shows [6s 4d]
UDF1 awarded 4979
The_1__Gamblers awarded -4979

Round #747, The_1__Gamblers (29471), UDF1 (-29471)
The_1__Gamblers posts blind: 10
UDF1 posts blind: 20
The_1__Gamblers received [9h 3h]
UDF1 received [2c Kd]
The_1__Gamblers raises to 44
UDF1 raises to 2294
The_1__Gamblers raises to 4544
UDF1 folds
The_1__Gamblers awarded 2294
UDF1 awarded -2294

Round #748, UDF1 (-31765), The_1__Gamblers (31765)
UDF1 posts blind: 10
The_1__Gamblers posts blind: 20
UDF1 received [Kh 5s]
The_1__Gamblers received [As 6c]
UDF1 raises to 2080
The_1__Gamblers calls
Flop [3h 9h Ks], UDF1 (2080), The_1__Gamblers (2080)
The_1__Gamblers bids 217
UDF1 bids 282
UDF1 won the auction and was revealed [6c]
Flop [3h 9h Ks], UDF1 (2297), The_1__Gamblers (2080)
The_1__Gamblers bets 1444
UDF1 raises to 2703
The_1__Gamblers calls
Turn [3h 9h Ks Ad], UDF1 (5000), The_1__Gamblers (4783)
The_1__Gamblers checks
UDF1 checks
River [3h 9h Ks Ad Td], UDF1 (5000), The_1__Gamblers (4783)
The_1__Gamblers checks
UDF1 checks
UDF1 shows [Kh 5s]
The_1__Gamblers shows [As 6c]
UDF1 awarded -5000
The_1__Gamblers awarded 5000

Round #749, The_1__Gamblers (36765), UDF1 (-36765)
The_1__Gamblers posts blind: 10
UDF1 posts blind: 20
The_1__Gamblers received [3h 2s]
UDF1 received [6d Jd]
The_1__Gamblers raises to 44
UDF1 folds
The_1__Gamblers awarded 20
UDF1 awarded -20

Round #750, UDF1 (-36785), The_1__Gamblers (36785)
UDF1 posts blind: 10
The_1__Gamblers posts blind: 20
UDF1 received [4h Kd]
The_1__Gamblers received [7c 4d]
UDF1 folds
UDF1 awarded -10
The_1__Gamblers awarded 10

Round #751, The_1__Gamblers (36795), UDF1 (-36795)
The_1__Gamblers posts blind: 10
UDF1 posts blind: 20
The_1__Gamblers received [Ac 6c]
UDF1 received [2c 7s]
The_1__Gamblers raises to 44
UDF1 folds
The_1__Gamblers awarded 20
UDF1 awarded -20

Round #752, UDF1 (-36815), The_1__Gamblers (36815)
UDF1 posts blind: 10
The_1__Gamblers posts blind: 20
UDF1 received [6d 3d]
The_1__Gamblers received [3s 6c]
UDF1 calls
The_1__Gamblers checks
Flop [4c 2d 3h], UDF1 (20), The_1__Gamblers (20)
The_1__Gamblers bids 297
UDF1 bids 279
The_1__Gamblers won the auction and was revealed [6d]
Flop [4c 2d 3h], UDF1 (20), The_1__Gamblers (299)
The_1__Gamblers bets 191
UDF1 raises to 3079
The_1__Gamblers raises to 4701
UDF1 calls
Turn [4c 2d 3h Ah], UDF1 (4721), The_1__Gamblers (5000)
The_1__Gamblers checks
UDF1 checks
River [4c 2d 3h Ah 3c], UDF1 (4721), The_1__Gamblers (5000)
The_1__Gamblers checks
UDF1 checks
UDF1 shows [6d 3d]
The_1__Gamblers shows [3s 6c]
UDF1 awarded 139
The_1__Gamblers awarded -139

Round #753, The_1__Gamblers (36676), UDF1 (-36676)
The_1__Gamblers posts blind: 10
UDF1 posts blind: 20
The_1__Gamblers received [3s 6d]
UDF1 received [Js 5d]
The_1__Gamblers raises to 44
UDF1 folds
The_1__Gamblers awarded 20
UDF1 awarded -20

Round #754, UDF1 (-36696), The_1__Gamblers (36696)
UDF1 posts blind: 10
The_1__Gamblers posts blind: 20
UDF1 received [6c 4s]
The_1__Gamblers received [7c Tc]
UDF1 folds
UDF1 awarded -10
The_1__Gamblers awarded 10

Round #755, The_1__Gamblers (36706), UDF1 (-36706)
The_1__Gamblers posts blind: 10
UDF1 posts blind: 20
The_1__Gamblers received [Qc 5d]
UDF1 received [7h 2s]
The_1__Gamblers raises to 44
UDF1 folds
The_1__Gamblers awarded 20
UDF1 awarded -20

Round #756, UDF1 (-36726), The_1__Gamblers (36726)
UDF1 posts blind: 10
The_1__Gamblers posts blind: 20
UDF1 received [7s Kd]
The_1__Gamblers received [2h 7d]
UDF1 folds
UDF1 awarded -10
The_1__Gamblers awarded 10

Round #757, The_1__Gamblers (36736), UDF1 (-36736)
The_1__Gamblers posts blind: 10
UDF1 posts blind: 20
The_1__Gamblers received [As Jh]
UDF1 received [6d 8d]
The_1__Gamblers raises to 44
UDF1 raises to 2398
The_1__Gamblers raises to 4752
UDF1 folds
The_1__Gamblers awarded 2398
UDF1 awarded -2398

Round #758, UDF1 (-39134), The_1__Gamblers (39134)
UDF1 posts blind: 10
The_1__Gamblers posts blind: 20
UDF1 received [Qc 9c]
The_1__Gamblers received [Ah Tc]
UDF1 folds
UDF1 awarded -10
The_1__Gamblers awarded 10

Round #759, The_1__Gamblers (39144), UDF1 (-39144)
The_1__Gamblers posts blind: 10
UDF1 posts blind: 20
The_1__Gamblers received [3s Th]
UDF1 received [9d 6d]
The_1__Gamblers calls
UDF1 raises to 2408
The_1__Gamblers calls
Flop [Tc Jd 4c], The_1__Gamblers (2408), UDF1 (2408)
UDF1 bids 286
The_1__Gamblers bids 130
UDF1 won the auction and was revealed [Th]
Flop [Tc Jd 4c], The_1__Gamblers (2408), UDF1 (2538)
UDF1 checks
The_1__Gamblers bets 2462
UDF1 folds
The_1__Gamblers awarded 2538
UDF1 awarded -2538

Round #760, UDF1 (-41682), The_1__Gamblers (41682)
UDF1 posts blind: 10
The_1__Gamblers posts blind: 20
UDF1 received [6h 9h]
The_1__Gamblers received [Jc Jh]
UDF1 calls
The_1__Gamblers checks
Flop [Ad Ah 7c], UDF1 (20), The_1__Gamblers (20)
The_1__Gamblers bids 132
UDF1 bids 234
UDF1 won the auction and was revealed [Jc]
Flop [Ad Ah 7c], UDF1 (152), The_1__Gamblers (20)
The_1__Gamblers bets 215
UDF1 folds
UDF1 awarded -152
The_1__Gamblers awarded 152

Round #761, The_1__Gamblers (41834), UDF1 (-41834)
The_1__Gamblers posts blind: 10
UDF1 posts blind: 20
The_1__Gamblers received [Qs Qd]
UDF1 received [5d 7h]
The_1__Gamblers raises to 44
UDF1 folds
The_1__Gamblers awarded 20
UDF1 awarded -20

Round #762, UDF1 (-41854), The_1__Gamblers (41854)
UDF1 posts blind: 10
The_1__Gamblers posts blind: 20
UDF1 received [5d 3s]
The_1__Gamblers received [7h 7c]
UDF1 folds
UDF1 awarded -10
The_1__Gamblers awarded 10

Round #763, The_1__Gamblers (41864), UDF1 (-41864)
The_1__Gamblers posts blind: 10
UDF1 posts blind: 20
The_1__Gamblers received [Jd Jh]
UDF1 received [Ah 3c]
The_1__Gamblers raises to 44
UDF1 raises to 2397
The_1__Gamblers raises to 4750
UDF1 folds
The_1__Gamblers awarded 2397
UDF1 awarded -2397

Round #764, UDF1 (-44261), The_1__Gamblers (44261)
UDF1 posts blind: 10
The_1__Gamblers posts blind: 20
UDF1 received [6h Td]
The_1__Gamblers received [Jd 9h]
UDF1 folds
UDF1 awarded -10
The_1__Gamblers awarded 10

Round #765, The_1__Gamblers (44271), UDF1 (-44271)
The_1__Gamblers posts blind: 10
UDF1 posts blind: 20
The_1__Gamblers received [Kd Qc]
UDF1 received [Jd 5h]
The_1__Gamblers raises to 44
UDF1 folds
The_1__Gamblers awarded 20
UDF1 awarded -20

Round #766, UDF1 (-44291), The_1__Gamblers (44291)
UDF1 posts blind: 10
The_1__Gamblers posts blind: 20
UDF1 received [7d Ah]
The_1__Gamblers received [7s Jh]
UDF1 folds
UDF1 awarded -10
The_1__Gamblers awarded 10

Round #767, The_1__Gamblers (44301), UDF1 (-44301)
The_1__Gamblers posts blind: 10
UDF1 posts blind: 20
The_1__Gamblers received [7h Ts]
UDF1 received [2h 9d]
The_1__Gamblers raises to 44
UDF1 folds
The_1__Gamblers awarded 20
UDF1 awarded -20

Round #768, UDF1 (-44321), The_1__Gamblers (44321)
UDF1 posts blind: 10
The_1__Gamblers posts blind: 20
UDF1 received [7h 9h]
The_1__Gamblers received [6d 6c]
UDF1 folds
UDF1 awarded -10
The_1__Gamblers awarded 10

Round #769, The_1__Gamblers (44331), UDF1 (-44331)
The_1__Gamblers posts blind: 10
UDF1 posts blind: 20
The_1__Gamblers received [3c Ad]
UDF1 received [3d 8h]
The_1__Gamblers raises to 44
UDF1 calls
Flop [2c 7s 5c], The_1__Gamblers (44), UDF1 (44)
UDF1 bids 253
The_1__Gamblers bids 371
The_1__Gamblers won the auction and was revealed [3d]
Flop [2c 7s 5c], The_1__Gamblers (297), UDF1 (44)
UDF1 checks
The_1__Gamblers bets 112
UDF1 folds
The_1__Gamblers awarded 44
UDF1 awarded -44

Round #770, UDF1 (-44375), The_1__Gamblers (44375)
UDF1 posts blind: 10
The_1__Gamblers posts blind: 20
UDF1 received [9s 6c]
The_1__Gamblers received [7d Qh]
UDF1 folds
UDF1 awarded -10
The_1__Gamblers awarded 10

Round #771, The_1__Gamblers (44385), UDF1 (-44385)
The_1__Gamblers posts blind: 10
UDF1 posts blind: 20
The_1__Gamblers received [Js Ts]
UDF1 received [8s Ad]
The_1__Gamblers raises to 44
UDF1 folds
The_1__Gamblers awarded 20
UDF1 awarded -20

Round #772, UDF1 (-44405), The_1__Gamblers (44405)
UDF1 posts blind: 10
The_1__Gamblers posts blind: 20
UDF1 received [Ah 8c]
The_1__Gamblers received [Ad Kh]
UDF1 folds
UDF1 awarded -10
The_1__Gamblers awarded 10

Round #773, The_1__Gamblers (44415), UDF1 (-44415)
The_1__Gamblers posts blind: 10
UDF1 posts blind: 20
The_1__Gamblers received [7c Td]
UDF1 received [Kd Js]
The_1__Gamblers raises to 44
UDF1 calls
Flop [Th 6c 3s], The_1__Gamblers (44), UDF1 (44)
UDF1 bids 235
The_1__Gamblers bids 128
UDF1 won the auction and was revealed [Td]
Flop [Th 6c 3s], The_1__Gamblers (44), UDF1 (172)
UDF1 checks
The_1__Gamblers bets 270
UDF1 folds
The_1__Gamblers awarded 172
UDF1 awarded -172

Round #774, UDF1 (-44587), The_1__Gamblers (44587)
UDF1 posts blind: 10
The_1__Gamblers posts blind: 20
UDF1 received [7h Kh]
The_1__Gamblers received [Kc 6c]
UDF1 folds
UDF1 awarded -10
The_1__Gamblers awarded 10

Round #775, The_1__Gamblers (44597), UDF1 (-44597)
The_1__Gamblers posts blind: 10
UDF1 posts blind: 20
The_1__Gamblers received [6c 2h]
UDF1 received [Tc 4s]
The_1__Gamblers raises to 44
UDF1 folds
The_1__Gamblers awarded 20
UDF1 awarded -20

Round #776, UDF1 (-44617), The_1__Gamblers (44617)
UDF1 posts blind: 10
The_1__Gamblers posts blind: 20
UDF1 received [Qc 5h]
The_1__Gamblers received [8h 9s]
UDF1 folds
UDF1 awarded -10
The_1__Gamblers awarded 10

Round #777, The_1__Gamblers (44627), UDF1 (-44627)
The_1__Gamblers posts blind: 10
UDF1 posts blind: 20
The_1__Gamblers received [Kh Js]
UDF1 received [3c Qh]
The_1__Gamblers raises to 44
UDF1 folds
The_1__Gamblers awarded 20
UDF1 awarded -20

Round #778, UDF1 (-44647), The_1__Gamblers (44647)
UDF1 posts blind: 10
The_1__Gamblers posts blind: 20
UDF1 received [Kh Jd]
The_1__Gamblers received [6d 6h]
UDF1 raises to 2982
The_1__Gamblers calls
Flop [As Qd 7d], UDF1 (2982), The_1__Gamblers (2982)
The_1__Gamblers bids 142
UDF1 bids 288
UDF1 won the auction and was revealed [6h]
Flop [As Qd 7d], UDF1 (3124), The_1__Gamblers (2982)
The_1__Gamblers bets 1876
UDF1 calls
Turn [As Qd 7d 3c], UDF1 (5000), The_1__Gamblers (4858)
The_1__Gamblers checks
UDF1 checks
River [As Qd 7d 3c 8h], UDF1 (5000), The_1__Gamblers (4858)
The_1__Gamblers checks
UDF1 checks
UDF1 shows [Kh Jd]
The_1__Gamblers shows [6d 6h]
UDF1 awarded -5000
The_1__Gamblers awarded 5000

Round #779, The_1__Gamblers (49647), UDF1 (-49647)
The_1__Gamblers posts blind: 10
UDF1 posts blind: 20
The_1__Gamblers received [Kh 6s]
UDF1 received [3h 7d]
The_1__Gamblers raises to 44
UDF1 raises to 2224
The_1__Gamblers raises to 4404
UDF1 folds
The_1__Gamblers awarded 2224
UDF1 awarded -2224

Round #780, UDF1 (-51871), The_1__Gamblers (51871)
UDF1 posts blind: 10
The_1__Gamblers posts blind: 20
UDF1 received [9h 7c]
The_1__Gamblers received [4d 2h]
UDF1 folds
UDF1 awarded -10
The_1__Gamblers awarded 10

Round #781, The_1__Gamblers (51881), UDF1 (-51881)
The_1__Gamblers posts blind: 10
UDF1 posts blind: 20
The_1__Gamblers received [Kd 4s]
UDF1 received [Qd 5d]
The_1__Gamblers raises to 44
UDF1 folds
The_1__Gamblers awarded 20
UDF1 awarded -20

Round #782, UDF1 (-51901), The_1__Gamblers (51901)
UDF1 posts blind: 10
The_1__Gamblers posts blind: 20
UDF1 received [Qd Kh]
The_1__Gamblers received [3s Js]
UDF1 raises to 4182
The_1__Gamblers calls
Flop [5s 6c 5d], UDF1 (4182), The_1__Gamblers (4182)
The_1__Gamblers bids 51
UDF1 bids 731
UDF1 won the auction and was revealed [Js]
Flop [5s 6c 5d], UDF1 (4233), The_1__Gamblers (4182)
The_1__Gamblers checks
UDF1 bets 632
The_1__Gamblers raises to 767
UDF1 calls
Turn [5s 6c 5d Kc], UDF1 (5000), The_1__Gamblers (4949)
The_1__Gamblers checks
UDF1 checks
River [5s 6c 5d Kc 2h], UDF1 (5000), The_1__Gamblers (4949)
The_1__Gamblers checks
UDF1 checks
UDF1 shows [Qd Kh]
The_1__Gamblers shows [3s Js]
UDF1 awarded 4949
The_1__Gamblers awarded -4949

Round #783, The_1__Gamblers (46952), UDF1 (-46952)
The_1__Gamblers posts blind: 10
UDF1 posts blind: 20
The_1__Gamblers received [Jh 5c]
UDF1 received [2c 6c]
The_1__Gamblers raises to 44
UDF1 folds
The_1__Gamblers awarded 20
UDF1 awarded -20

Round #784, UDF1 (-46972), The_1__Gamblers (46972)
UDF1 posts blind: 10
The_1__Gamblers posts blind: 20
UDF1 received [3s 8h]
The_1__Gamblers received [Th 3d]
UDF1 calls
The_1__Gamblers checks
Flop [7s 5s 8d], UDF1 (20), The_1__Gamblers (20)
The_1__Gamblers bids 156
UDF1 bids 246
UDF1 won the auction and was revealed [3d]
Flop [7s 5s 8d], UDF1 (176), The_1__Gamblers (20)
The_1__Gamblers checks
UDF1 bets 3257
The_1__Gamblers folds
UDF1 awarded 20
The_1__Gamblers awarded -20

Round #785, The_1__Gamblers (46952), UDF1 (-46952)
The_1__Gamblers posts blind: 10
UDF1 posts blind: 20
The_1__Gamblers received [4d 5d]
UDF1 received [Qd Ks]
The_1__Gamblers raises to 44
UDF1 calls
Flop [3c 2s Td], The_1__Gamblers (44), UDF1 (44)
UDF1 bids 241
The_1__Gamblers bids 6
UDF1 won the auction and was revealed [5d]
Flop [3c 2s Td], The_1__Gamblers (44), UDF1 (50)
UDF1 bets 3020
The_1__Gamblers folds
The_1__Gamblers awarded -44
UDF1 awarded 44

Round #786, UDF1 (-46908), The_1__Gamblers (46908)
UDF1 posts blind: 10
The_1__Gamblers posts blind: 20
UDF1 received [Ts 5c]
The_1__Gamblers received [8s 9d]
UDF1 folds
UDF1 awarded -10
The_1__Gamblers awarded 10

Round #787, The_1__Gamblers (46918), UDF1 (-46918)
The_1__Gamblers posts blind: 10
UDF1 posts blind: 20
The_1__Gamblers received [Qc 8s]
UDF1 received [2c 6c]
The_1__Gamblers raises to 44
UDF1 folds
The_1__Gamblers awarded 20
UDF1 awarded -20

Round #788, UDF1 (-46938), The_1__Gamblers (46938)
UDF1 posts blind: 10
The_1__Gamblers posts blind: 20
UDF1 received [4c Th]
The_1__Gamblers received [3h Ac]
UDF1 calls
The_1__Gamblers checks
Flop [3s 4h 9s], UDF1 (20), The_1__Gamblers (20)
The_1__Gamblers bids 309
UDF1 bids 247
The_1__Gamblers won the auction and was revealed [4c]
Flop [3s 4h 9s], UDF1 (20), The_1__Gamblers (267)
The_1__Gamblers bets 172
UDF1 calls
Turn [3s 4h 9s Jh], UDF1 (192), The_1__Gamblers (439)
The_1__Gamblers bets 208
UDF1 calls
River [3s 4h 9s Jh Ts], UDF1 (400), The_1__Gamblers (647)
The_1__Gamblers checks
UDF1 bets 3977
The_1__Gamblers folds
UDF1 awarded 647
The_1__Gamblers awarded -647

Round #789, The_1__Gamblers (46291), UDF1 (-46291)
The_1__Gamblers posts blind: 10
UDF1 posts blind: 20
The_1__Gamblers received [2c 8c]
UDF1 received [7s As]
The_1__Gamblers raises to 44
UDF1 calls
Flop [Kc 4s Kd], The_1__Gamblers (44), UDF1 (44)
UDF1 bids 280
The_1__Gamblers bids 176
UDF1 won the auction and was revealed [8c]
Flop [Kc 4s Kd], The_1__Gamblers (44), UDF1 (220)
UDF1 bets 2712
The_1__Gamblers folds
The_1__Gamblers awarded -44
UDF1 awarded 44

Round #790, UDF1 (-46247), The_1__Gamblers (46247)
UDF1 posts blind: 10
The_1__Gamblers posts blind: 20
UDF1 received [8s 2c]
The_1__Gamblers received [Js Ah]
UDF1 folds
UDF1 awarded -10
The_1__Gamblers awarded 10

Round #791, The_1__Gamblers (46257), UDF1 (-46257)
The_1__Gamblers posts blind: 10
UDF1 posts blind: 20
The_1__Gamblers received [9c 6d]
UDF1 received [3c 8c]
The_1__Gamblers raises to 44
UDF1 folds
The_1__Gamblers awarded 20
UDF1 awarded -20

Round #792, UDF1 (-46277), The_1__Gamblers (46277)
UDF1 posts blind: 10
The_1__Gamblers posts blind: 20
UDF1 received [Ah Kd]
The_1__Gamblers received [4s 5c]
UDF1 raises to 4779
The_1__Gamblers calls
Flop [Qd Jd 6c], UDF1 (4779), The_1__Gamblers (4779)
The_1__Gamblers bids 3
UDF1 bids 191
UDF1 won the auction and was revealed [5c]
Flop [Qd Jd 6c], UDF1 (4782), The_1__Gamblers (4779)
The_1__Gamblers checks
UDF1 bets 196
The_1__Gamblers calls
Turn [Qd Jd 6c Js], UDF1 (4978), The_1__Gamblers (4975)
The_1__Gamblers checks
UDF1 bets 21
The_1__Gamblers raises to 22
UDF1 calls
River [Qd Jd 6c Js 6s], UDF1 (5000), The_1__Gamblers (4997)
The_1__Gamblers checks
UDF1 checks
UDF1 shows [Ah Kd]
The_1__Gamblers shows [4s 5c]
UDF1 awarded 4997
The_1__Gamblers awarded -4997

Round #793, The_1__Gamblers (41280), UDF1 (-41280)
The_1__Gamblers posts blind: 10
UDF1 posts blind: 20
The_1__Gamblers received [7d 5c]
UDF1 received [3c 8d]
The_1__Gamblers raises to 44
UDF1 folds
The_1__Gamblers awarded 20
UDF1 awarded -20

Round #794, UDF1 (-41300), The_1__Gamblers (41300)
UDF1 posts blind: 10
The_1__Gamblers posts blind: 20
UDF1 received [Ac Ts]
The_1__Gamblers received [8c Ks]
UDF1 raises to 3109
The_1__Gamblers calls
Flop [4h Qs 4c], UDF1 (3109), The_1__Gamblers (3109)
The_1__Gamblers bids 139
UDF1 bids 215
UDF1 won the auction and was revealed [8c]
Flop [4h Qs 4c], UDF1 (3248), The_1__Gamblers (3109)
The_1__Gamblers bets 1752
UDF1 calls
Turn [4h Qs 4c 6c], UDF1 (5000), The_1__Gamblers (4861)
The_1__Gamblers checks
UDF1 checks
River [4h Qs 4c 6c Tc], UDF1 (5000), The_1__Gamblers (4861)
The_1__Gamblers checks
UDF1 checks
UDF1 shows [Ac Ts]
The_1__Gamblers shows [8c Ks]
UDF1 awarded 4861
The_1__Gamblers awarded -4861

Round #795, The_1__Gamblers (36439), UDF1 (-36439)
The_1__Gamblers posts blind: 10
UDF1 posts blind: 20
The_1__Gamblers received [2s Ad]
UDF1 received [8h 4h]
The_1__Gamblers raises to 44
UDF1 folds
The_1__Gamblers awarded 20
UDF1 awarded -20

Round #796, UDF1 (-36459), The_1__Gamblers (36459)
UDF1 posts blind: 10
The_1__Gamblers posts blind: 20
UDF1 received [3h Jd]
The_1__Gamblers received [2h Jc]
UDF1 folds
UDF1 awarded -10
The_1__Gamblers awarded 10

Round #797, The_1__Gamblers (36469), UDF1 (-36469)
The_1__Gamblers posts blind: 10
UDF1 posts blind: 20
The_1__Gamblers received [2h 7d]
UDF1 received [4c 9h]
The_1__Gamblers calls
UDF1 checks
Flop [Tc Ad 4d], The_1__Gamblers (20), UDF1 (20)
UDF1 bids 125
The_1__Gamblers bids 112
UDF1 won the auction and was revealed [7d]
Flop [Tc Ad 4d], The_1__Gamblers (20), UDF1 (132)
UDF1 bets 2504
The_1__Gamblers folds
The_1__Gamblers awarded -20
UDF1 awarded 20

Round #798, UDF1 (-36449), The_1__Gamblers (36449)
UDF1 posts blind: 10
The_1__Gamblers posts blind: 20
UDF1 received [5h 3h]
The_1__Gamblers received [As 6h]
UDF1 folds
UDF1 awarded -10
The_1__Gamblers awarded 10

Round #799, The_1__Gamblers (36459), UDF1 (-36459)
The_1__Gamblers posts blind: 10
UDF1 posts blind: 20
The_1__Gamblers received [Kd 7d]
UDF1 received [5c Kh]
The_1__Gamblers raises to 44
UDF1 folds
The_1__Gamblers awarded 20
UDF1 awarded -20

Round #800, UDF1 (-36479), The_1__Gamblers (36479)
UDF1 posts blind: 10
The_1__Gamblers posts blind: 20
UDF1 received [9d 9h]
The_1__Gamblers received [2s 4c]
UDF1 raises to 4115
The_1__Gamblers calls
Flop [4s Js Ks], UDF1 (4115), The_1__Gamblers (4115)
The_1__Gamblers bids 52
UDF1 bids 274
UDF1 won the auction and was revealed [2s]
Flop [4s Js Ks], UDF1 (4167), The_1__Gamblers (4115)
The_1__Gamblers bets 833
UDF1 calls
Turn [4s Js Ks Jd], UDF1 (5000), The_1__Gamblers (4948)
The_1__Gamblers checks
UDF1 checks
River [4s Js Ks Jd 8d], UDF1 (5000), The_1__Gamblers (4948)
The_1__Gamblers checks
UDF1 checks
UDF1 shows [9d 9h]
The_1__Gamblers shows [2s 4c]
UDF1 awarded 4948
The_1__Gamblers awarded -4948

Round #801, The_1__Gamblers (31531), UDF1 (-31531)
The_1__Gamblers posts blind: 10
UDF1 posts blind: 20
The_1__Gamblers received [4h 6c]
UDF1 received [Jh 9d]
The_1__Gamblers raises to 44
UDF1 folds
The_1__Gamblers awarded 20
UDF1 awarded -20

Round #802, UDF1 (-31551), The_1__Gamblers (31551)
UDF1 posts blind: 10
The_1__Gamblers posts blind: 20
UDF1 received [8s Th]
The_1__Gamblers received [7d 7h]
UDF1 calls
The_1__Gamblers checks
Flop [Jh 3h 5d], UDF1 (20), The_1__Gamblers (20)
The_1__Gamblers bids 213
UDF1 bids 239
UDF1 won the auction and was revealed [7h]
Flop [Jh 3h 5d], UDF1 (233), The_1__Gamblers (20)
The_1__Gamblers bets 316
UDF1 calls
Turn [Jh 3h 5d Ts], UDF1 (549), The_1__Gamblers (336)
The_1__Gamblers bets 292
UDF1 raises to 3197
The_1__Gamblers raises to 4451
UDF1 calls
River [Jh 3h 5d Ts Jc], UDF1 (5000), The_1__Gamblers (4787)
The_1__Gamblers checks
UDF1 checks
UDF1 shows [8s Th]
The_1__Gamblers shows [7d 7h]
UDF1 awarded 4787
The_1__Gamblers awarded -4787

Round #803, The_1__Gamblers (26764), UDF1 (-26764)
The_1__Gamblers posts blind: 10
UDF1 posts blind: 20
The_1__Gamblers received [3c Js]
UDF1 received [9h 4d]
The_1__Gamblers calls
UDF1 checks
Flop [Td Kh Tc], The_1__Gamblers (20), UDF1 (20)
UDF1 bids 276
The_1__Gamblers bids 359
The_1__Gamblers won the auction and was revealed [4d]
Flop [Td Kh Tc], The_1__Gamblers (296), UDF1 (20)
UDF1 checks
The_1__Gamblers checks
Turn [Td Kh Tc 4s], The_1__Gamblers (296), UDF1 (20)
UDF1 bets 3127
The_1__Gamblers folds
The_1__Gamblers awarded -296
UDF1 awarded 296

Round #804, UDF1 (-26468), The_1__Gamblers (26468)
UDF1 posts blind: 10
The_1__Gamblers posts blind: 20
UDF1 received [7s Ac]
The_1__Gamblers received [Js 5d]
UDF1 raises to 2463
The_1__Gamblers calls
Flop [3d Ah 6s], UDF1 (2463), The_1__Gamblers (2463)
The_1__Gamblers bids 164
UDF1 bids 401
UDF1 won the auction and was revealed [5d]
Flop [3d Ah 6s], UDF1 (2627), The_1__Gamblers (2463)
The_1__Gamblers checks
UDF1 bets 2127
The_1__Gamblers raises to 2373
UDF1 calls
Turn [3d Ah 6s 7c], UDF1 (5000), The_1__Gamblers (4836)
The_1__Gamblers checks
UDF1 checks
River [3d Ah 6s 7c Tc], UDF1 (5000), The_1__Gamblers (4836)
The_1__Gamblers checks
UDF1 checks
UDF1 shows [7s Ac]
The_1__Gamblers shows [Js 5d]
UDF1 awarded 4836
The_1__Gamblers awarded -4836

Round #805, The_1__Gamblers (21632), UDF1 (-21632)
The_1__Gamblers posts blind: 10
UDF1 posts blind: 20
The_1__Gamblers received [6s Jh]
UDF1 received [7d Tc]
The_1__Gamblers raises to 44
UDF1 folds
The_1__Gamblers awarded 20
UDF1 awarded -20

Round #806, UDF1 (-21652), The_1__Gamblers (21652)
UDF1 posts blind: 10
The_1__Gamblers posts blind: 20
UDF1 received [5h 5d]
The_1__Gamblers received [7h Js]
UDF1 calls
The_1__Gamblers checks
Flop [Ks Ac 8d], UDF1 (20), The_1__Gamblers (20)
The_1__Gamblers bids 369
UDF1 bids 222
The_1__Gamblers won the auction and was revealed [5h]
Flop [Ks Ac 8d], UDF1 (20), The_1__Gamblers (242)
The_1__Gamblers checks
UDF1 checks
Turn [Ks Ac 8d 6d], UDF1 (20), The_1__Gamblers (242)
The_1__Gamblers checks
UDF1 checks
River [Ks Ac 8d 6d Jh], UDF1 (20), The_1__Gamblers (242)
The_1__Gamblers bets 157
UDF1 calls
UDF1 shows [5h 5d]
The_1__Gamblers shows [7h Js]
UDF1 awarded -177
The_1__Gamblers awarded 177

Round #807, The_1__Gamblers (21829), UDF1 (-21829)
The_1__Gamblers posts blind: 10
UDF1 posts blind: 20
The_1__Gamblers received [Qd Th]
UDF1 received [8c 9s]
The_1__Gamblers raises to 44
UDF1 calls
Flop [8d Ts Kh], The_1__Gamblers (44), UDF1 (44)
UDF1 bids 244
The_1__Gamblers bids 197
UDF1 won the auction and was revealed [Qd]
Flop [8d Ts Kh], The_1__Gamblers (44), UDF1 (241)
UDF1 bets 3265
The_1__Gamblers raises to 4759
UDF1 calls
Turn [8d Ts Kh Qh], The_1__Gamblers (4803), UDF1 (5000)
UDF1 checks
The_1__Gamblers checks
River [8d Ts Kh Qh 2h], The_1__Gamblers (4803), UDF1 (5000)
UDF1 checks
The_1__Gamblers checks
The_1__Gamblers shows [Qd Th]
UDF1 shows [8c 9s]
The_1__Gamblers awarded 5000
UDF1 awarded -5000

Round #808, UDF1 (-26829), The_1__Gamblers (26829)
UDF1 posts blind: 10
The_1__Gamblers posts blind: 20
UDF1 received [Ks 7d]
The_1__Gamblers received [6s 8c]
UDF1 raises to 2081
The_1__Gamblers calls
Flop [Th 3h 8d], UDF1 (2081), The_1__Gamblers (2081)
The_1__Gamblers bids 144
UDF1 bids 525
UDF1 won the auction and was revealed [8c]
Flop [Th 3h 8d], UDF1 (2225), The_1__Gamblers (2081)
The_1__Gamblers bets 2583
UDF1 folds
UDF1 awarded -2225
The_1__Gamblers awarded 2225

Round #809, The_1__Gamblers (29054), UDF1 (-29054)
The_1__Gamblers posts blind: 10
UDF1 posts blind: 20
The_1__Gamblers received [Jd Ad]
UDF1 received [8c 7d]
The_1__Gamblers raises to 44
UDF1 folds
The_1__Gamblers awarded 20
UDF1 awarded -20

Round #810, UDF1 (-29074), The_1__Gamblers (29074)
UDF1 posts blind: 10
The_1__Gamblers posts blind: 20
UDF1 received [9c Jh]
The_1__Gamblers received [7d 9d]
UDF1 folds
UDF1 awarded -10
The_1__Gamblers awarded 10

Round #811, The_1__Gamblers (29084), UDF1 (-29084)
The_1__Gamblers posts blind: 10
UDF1 posts blind: 20
The_1__Gamblers received [Qd Js]
UDF1 received [7s 2c]
The_1__Gamblers raises to 44
UDF1 folds
The_1__Gamblers awarded 20
UDF1 awarded -20

Round #812, UDF1 (-29104), The_1__Gamblers (29104)
UDF1 posts blind: 10
The_1__Gamblers posts blind: 20
UDF1 received [8h 3h]
The_1__Gamblers received [Td 5c]
UDF1 folds
UDF1 awarded -10
The_1__Gamblers awarded 10

Round #813, The_1__Gamblers (29114), UDF1 (-29114)
The_1__Gamblers posts blind: 10
UDF1 posts blind: 20
The_1__Gamblers received [Qd 4d]
UDF1 received [2c 8c]
The_1__Gamblers raises to 44
UDF1 folds
The_1__Gamblers awarded 20
UDF1 awarded -20

Round #814, UDF1 (-29134), The_1__Gamblers (29134)
UDF1 posts blind: 10
The_1__Gamblers posts blind: 20
UDF1 received [Kc 4h]
The_1__Gamblers received [8c Qd]
UDF1 raises to 2467
The_1__Gamblers calls
Flop [5c 8d 2s], UDF1 (2467), The_1__Gamblers (2467)
The_1__Gamblers bids 52
UDF1 bids 552
UDF1 won the auction and was revealed [Qd]
Flop [5c 8d 2s], UDF1 (2519), The_1__Gamblers (2467)
The_1__Gamblers bets 2481
UDF1 calls
Turn [5c 8d 2s 2h], UDF1 (5000), The_1__Gamblers (4948)
The_1__Gamblers checks
UDF1 checks
River [5c 8d 2s 2h 9s], UDF1 (5000), The_1__Gamblers (4948)
The_1__Gamblers checks
UDF1 checks
UDF1 shows [Kc 4h]
The_1__Gamblers shows [8c Qd]
UDF1 awarded -5000
The_1__Gamblers awarded 5000

Round #815, The_1__Gamblers (34134), UDF1 (-34134)
The_1__Gamblers posts blind: 10
UDF1 posts blind: 20
The_1__Gamblers received [9c Jc]
UDF1 received [Kd Th]
The_1__Gamblers raises to 44
UDF1 folds
The_1__Gamblers awarded 20
UDF1 awarded -20

Round #816, UDF1 (-34154), The_1__Gamblers (34154)
UDF1 posts blind: 10
The_1__Gamblers posts blind: 20
UDF1 received [Ah 7c]
The_1__Gamblers received [4s 3c]
UDF1 folds
UDF1 awarded -10
The_1__Gamblers awarded 10

Round #817, The_1__Gamblers (34164), UDF1 (-34164)
The_1__Gamblers posts blind: 10
UDF1 posts blind: 20
The_1__Gamblers received [Tc Ks]
UDF1 received [9s Jd]
The_1__Gamblers raises to 44
UDF1 folds
The_1__Gamblers awarded 20
UDF1 awarded -20

Round #818, UDF1 (-34184), The_1__Gamblers (34184)
UDF1 posts blind: 10
The_1__Gamblers posts blind: 20
UDF1 received [9c 5h]
The_1__Gamblers received [Kd Jc]
UDF1 folds
UDF1 awarded -10
The_1__Gamblers awarded 10

Round #819, The_1__Gamblers (34194), UDF1 (-34194)
The_1__Gamblers posts blind: 10
UDF1 posts blind: 20
The_1__Gamblers received [5s 9d]
UDF1 received [Jh 4c]
The_1__Gamblers raises to 44
UDF1 folds
The_1__Gamblers awarded 20
UDF1 awarded -20

Round #820, UDF1 (-34214), The_1__Gamblers (34214)
UDF1 posts blind: 10
The_1__Gamblers posts blind: 20
UDF1 received [2s 8h]
The_1__Gamblers received [7d 2c]
UDF1 folds
UDF1 awarded -10
The_1__Gamblers awarded 10

Round #821, The_1__Gamblers (34224), UDF1 (-34224)
The_1__Gamblers posts blind: 10
UDF1 posts blind: 20
The_1__Gamblers received [6d Th]
UDF1 received [Kh Td]
The_1__Gamblers raises to 44
UDF1 folds
The_1__Gamblers awarded 20
UDF1 awarded -20

Round #822, UDF1 (-34244), The_1__Gamblers (34244)
UDF1 posts blind: 10
The_1__Gamblers posts blind: 20
UDF1 received [4c Jd]
The_1__Gamblers received [3h Ks]
UDF1 folds
UDF1 awarded -10
The_1__Gamblers awarded 10

Round #823, The_1__Gamblers (34254), UDF1 (-34254)
The_1__Gamblers posts blind: 10
UDF1 posts blind: 20
The_1__Gamblers received [5h 6h]
UDF1 received [Jd 8s]
The_1__Gamblers raises to 44
UDF1 folds
The_1__Gamblers awarded 20
UDF1 awarded -20

Round #824, UDF1 (-34274), The_1__Gamblers (34274)
UDF1 posts blind: 10
The_1__Gamblers posts blind: 20
UDF1 received [Js 3c]
The_1__Gamblers received [9c 9h]
UDF1 folds
UDF1 awarded -10
The_1__Gamblers awarded 10

Round #825, The_1__Gamblers (34284), UDF1 (-34284)
The_1__Gamblers posts blind: 10
UDF1 posts blind: 20
The_1__Gamblers received [8d 9s]
UDF1 received [5h 7d]
The_1__Gamblers raises to 44
UDF1 calls
Flop [5d Td 9d], The_1__Gamblers (44), UDF1 (44)
UDF1 bids 308
The_1__Gamblers bids 136
UDF1 won the auction and was revealed [9s]
Flop [5d Td 9d], The_1__Gamblers (44), UDF1 (180)
UDF1 checks
The_1__Gamblers bets 280
UDF1 calls
Turn [5d Td 9d 2d], The_1__Gamblers (324), UDF1 (460)
UDF1 bets 3291
The_1__Gamblers raises to 4540
UDF1 calls
River [5d Td 9d 2d 7c], The_1__Gamblers (4864), UDF1 (5000)
UDF1 checks
The_1__Gamblers checks
The_1__Gamblers shows [8d 9s]
UDF1 shows [5h 7d]
The_1__Gamblers awarded 5000
UDF1 awarded -5000

Round #826, UDF1 (-39284), The_1__Gamblers (39284)
UDF1 posts blind: 10
The_1__Gamblers posts blind: 20
UDF1 received [Jd Js]
The_1__Gamblers received [6c 4c]
UDF1 raises to 4818
The_1__Gamblers calls
Flop [Jc 8h 3c], UDF1 (4818), The_1__Gamblers (4818)
The_1__Gamblers bids 7
UDF1 bids 157
UDF1 won the auction and was revealed [6c]
Flop [Jc 8h 3c], UDF1 (4825), The_1__Gamblers (4818)
The_1__Gamblers checks
UDF1 bets 142
The_1__Gamblers raises to 175
UDF1 calls
Turn [Jc 8h 3c 9s], UDF1 (5000), The_1__Gamblers (4993)
The_1__Gamblers checks
UDF1 checks
River [Jc 8h 3c 9s 4h], UDF1 (5000), The_1__Gamblers (4993)
The_1__Gamblers checks
UDF1 checks
UDF1 shows [Jd Js]
The_1__Gamblers shows [6c 4c]
UDF1 awarded 4993
The_1__Gamblers awarded -4993

Round #827, The_1__Gamblers (34291), UDF1 (-34291)
The_1__Gamblers posts blind: 10
UDF1 posts blind: 20
The_1__Gamblers received [Jh 6h]
UDF1 received [Ah Qc]
The_1__Gamblers raises to 44
UDF1 calls
Flop [6d 3s Th], The_1__Gamblers (44), UDF1 (44)
UDF1 bids 214
The_1__Gamblers bids 233
The_1__Gamblers won the auction and was revealed [Qc]
Flop [6d 3s Th], The_1__Gamblers (258), UDF1 (44)
UDF1 checks
The_1__Gamblers bets 377
UDF1 calls
Turn [6d 3s Th 8c], The_1__Gamblers (635), UDF1 (421)
UDF1 checks
The_1__Gamblers bets 348
UDF1 calls
River [6d 3s Th 8c Ts], The_1__Gamblers (983), UDF1 (769)
UDF1 bets 1789
The_1__Gamblers raises to 3578
UDF1 calls
The_1__Gamblers shows [Jh 6h]
UDF1 shows [Ah Qc]
The_1__Gamblers awarded 4347
UDF1 awarded -4347

Round #828, UDF1 (-38638), The_1__Gamblers (38638)
UDF1 posts blind: 10
The_1__Gamblers posts blind: 20
UDF1 received [Ts Ad]
The_1__Gamblers received [Kd Kc]
UDF1 raises to 3118
The_1__Gamblers raises to 5000
UDF1 calls
Flop [3h 4s Kh], UDF1 (5000), The_1__Gamblers (5000)
The_1__Gamblers bids 0
UDF1 bids 0
UDF1 won the auction and was revealed [Kc]
The_1__Gamblers won the auction and was revealed [Ad]
Flop [3h 4s Kh], UDF1 (5000), The_1__Gamblers (5000)
The_1__Gamblers checks
UDF1 checks
Turn [3h 4s Kh 3c], UDF1 (5000), The_1__Gamblers (5000)
The_1__Gamblers checks
UDF1 checks
River [3h 4s Kh 3c 7h], UDF1 (5000), The_1__Gamblers (5000)
The_1__Gamblers checks
UDF1 checks
UDF1 shows [Ts Ad]
The_1__Gamblers shows [Kd Kc]
UDF1 awarded -5000
The_1__Gamblers awarded 5000

Round #829, The_1__Gamblers (43638), UDF1 (-43638)
The_1__Gamblers posts blind: 10
UDF1 posts blind: 20
The_1__Gamblers received [2h Ac]
UDF1 received [9c 9h]
The_1__Gamblers raises to 44
UDF1 raises to 4244
The_1__Gamblers raises to 5000
UDF1 calls
Flop [3d Tc Qh], The_1__Gamblers (5000), UDF1 (5000)
UDF1 bids 0
The_1__Gamblers bids 0
The_1__Gamblers won the auction and was revealed [9c]
UDF1 won the auction and was revealed [Ac]
Flop [3d Tc Qh], The_1__Gamblers (5000), UDF1 (5000)
UDF1 checks
The_1__Gamblers checks
Turn [3d Tc Qh 7s], The_1__Gamblers (5000), UDF1 (5000)
UDF1 checks
The_1__Gamblers checks
River [3d Tc Qh 7s Ad], The_1__Gamblers (5000), UDF1 (5000)
UDF1 checks
The_1__Gamblers checks
The_1__Gamblers shows [2h Ac]
UDF1 shows [9c 9h]
The_1__Gamblers awarded 5000
UDF1 awarded -5000

Round #830, UDF1 (-48638), The_1__Gamblers (48638)
UDF1 posts blind: 10
The_1__Gamblers posts blind: 20
UDF1 received [5h 2s]
The_1__Gamblers received [Qh 8h]
UDF1 folds
UDF1 awarded -10
The_1__Gamblers awarded 10

Round #831, The_1__Gamblers (48648), UDF1 (-48648)
The_1__Gamblers posts blind: 10
UDF1 posts blind: 20
The_1__Gamblers received [2d 2s]
UDF1 received [Kh 5s]
The_1__Gamblers raises to 44
UDF1 raises to 2230
The_1__Gamblers raises to 4416
UDF1 folds
The_1__Gamblers awarded 2230
UDF1 awarded -2230

Round #832, UDF1 (-50878), The_1__Gamblers (50878)
UDF1 posts blind: 10
The_1__Gamblers posts blind: 20
UDF1 received [Ad 6d]
The_1__Gamblers received [9c Td]
UDF1 raises to 3164
The_1__Gamblers calls
Flop [9s As Jd], UDF1 (3164), The_1__Gamblers (3164)
The_1__Gamblers bids 109
UDF1 bids 225
UDF1 won the auction and was revealed [9c]
Flop [9s As Jd], UDF1 (3273), The_1__Gamblers (3164)
The_1__Gamblers bets 1727
UDF1 calls
Turn [9s As Jd 9h], UDF1 (5000), The_1__Gamblers (4891)
The_1__Gamblers checks
UDF1 checks
River [9s As Jd 9h Kc], UDF1 (5000), The_1__Gamblers (4891)
The_1__Gamblers checks
UDF1 checks
UDF1 shows [Ad 6d]
The_1__Gamblers shows [9c Td]
UDF1 awarded -5000
The_1__Gamblers awarded 5000

Round #833, The_1__Gamblers (55878), UDF1 (-55878)
The_1__Gamblers posts blind: 10
UDF1 posts blind: 20
The_1__Gamblers received [Td 3d]
UDF1 received [Js Kc]
The_1__Gamblers raises to 44
UDF1 calls
Flop [2d Tc 5s], The_1__Gamblers (44), UDF1 (44)
UDF1 bids 259
The_1__Gamblers bids 154
UDF1 won the auction and was revealed [Td]
Flop [2d Tc 5s], The_1__Gamblers (44), UDF1 (198)
UDF1 checks
The_1__Gamblers bets 302
UDF1 folds
The_1__Gamblers awarded 198
UDF1 awarded -198

Round #834, UDF1 (-56076), The_1__Gamblers (56076)
UDF1 posts blind: 10
The_1__Gamblers posts blind: 20
UDF1 received [8d 8h]
The_1__Gamblers received [Th 5d]
UDF1 raises to 4077
The_1__Gamblers calls
Flop [3h Qd 4d], UDF1 (4077), The_1__Gamblers (4077)
The_1__Gamblers bids 47
UDF1 bids 260
UDF1 won the auction and was revealed [Th]
Flop [3h Qd 4d], UDF1 (4124), The_1__Gamblers (4077)
The_1__Gamblers checks
UDF1 bets 715
The_1__Gamblers raises to 876
UDF1 calls
Turn [3h Qd 4d 3s], UDF1 (5000), The_1__Gamblers (4953)
The_1__Gamblers checks
UDF1 checks
River [3h Qd 4d 3s 6c], UDF1 (5000), The_1__Gamblers (4953)
The_1__Gamblers checks
UDF1 checks
UDF1 shows [8d 8h]
The_1__Gamblers shows [Th 5d]
UDF1 awarded 4953
The_1__Gamblers awarded -4953

Round #835, The_1__Gamblers (51123), UDF1 (-51123)
The_1__Gamblers posts blind: 10
UDF1 posts blind: 20
The_1__Gamblers received [9h Kc]
UDF1 received [Js Ad]
The_1__Gamblers raises to 44
UDF1 raises to 4217
The_1__Gamblers raises to 5000
UDF1 calls
Flop [Ah 8h 4s], The_1__Gamblers (5000), UDF1 (5000)
UDF1 bids 0
The_1__Gamblers bids 0
The_1__Gamblers won the auction and was revealed [Ad]
UDF1 won the auction and was revealed [Kc]
Flop [Ah 8h 4s], The_1__Gamblers (5000), UDF1 (5000)
UDF1 checks
The_1__Gamblers checks
Turn [Ah 8h 4s Ks], The_1__Gamblers (5000), UDF1 (5000)
UDF1 checks
The_1__Gamblers checks
River [Ah 8h 4s Ks 3h], The_1__Gamblers (5000), UDF1 (5000)
UDF1 checks
The_1__Gamblers checks
The_1__Gamblers shows [9h Kc]
UDF1 shows [Js Ad]
The_1__Gamblers awarded -5000
UDF1 awarded 5000

Round #836, UDF1 (-46123), The_1__Gamblers (46123)
UDF1 posts blind: 10
The_1__Gamblers posts blind: 20
UDF1 received [2h 8h]
The_1__Gamblers received [9h 5s]
UDF1 folds
UDF1 awarded -10
The_1__Gamblers awarded 10

Round #837, The_1__Gamblers (46133), UDF1 (-46133)
The_1__Gamblers posts blind: 10
UDF1 posts blind: 20
The_1__Gamblers received [7c 6d]
UDF1 received [Jc Ac]
The_1__Gamblers raises to 44
UDF1 calls
Flop [6c Kc 2c], The_1__Gamblers (44), UDF1 (44)
UDF1 bids 217
The_1__Gamblers bids 168
UDF1 won the auction and was revealed [7c]
Flop [6c Kc 2c], The_1__Gamblers (44), UDF1 (212)
UDF1 bets 3724
The_1__Gamblers raises to 4788
UDF1 calls
Turn [6c Kc 2c As], The_1__Gamblers (4832), UDF1 (5000)
UDF1 checks
The_1__Gamblers checks
River [6c Kc 2c As Qd], The_1__Gamblers (4832), UDF1 (5000)
UDF1 checks
The_1__Gamblers checks
The_1__Gamblers shows [7c 6d]
UDF1 shows [Jc Ac]
The_1__Gamblers awarded -4832
UDF1 awarded 4832

Round #838, UDF1 (-41301), The_1__Gamblers (41301)
UDF1 posts blind: 10
The_1__Gamblers posts blind: 20
UDF1 received [9s 8c]
The_1__Gamblers received [Td 7s]
UDF1 calls
The_1__Gamblers checks
Flop [Ac Ad 7h], UDF1 (20), The_1__Gamblers (20)
The_1__Gamblers bids 180
UDF1 bids 229
UDF1 won the auction and was revealed [7s]
Flop [Ac Ad 7h], UDF1 (200), The_1__Gamblers (20)
The_1__Gamblers bets 275
UDF1 folds
UDF1 awarded -200
The_1__Gamblers awarded 200

Round #839, The_1__Gamblers (41501), UDF1 (-41501)
The_1__Gamblers posts blind: 10
UDF1 posts blind: 20
The_1__Gamblers received [9c Kc]
UDF1 received [Ac 9d]
The_1__Gamblers raises to 44
UDF1 calls
Flop [6s 8c Ad], The_1__Gamblers (44), UDF1 (44)
UDF1 bids 0
The_1__Gamblers bids 365
The_1__Gamblers won the auction and was revealed [Ac]
Flop [6s 8c Ad], The_1__Gamblers (44), UDF1 (44)
UDF1 bets 3868
The_1__Gamblers calls
Turn [6s 8c Ad 8s], The_1__Gamblers (3912), UDF1 (3912)
UDF1 bets 968
The_1__Gamblers raises to 1088
UDF1 calls
River [6s 8c Ad 8s 4c], The_1__Gamblers (5000), UDF1 (5000)
UDF1 checks
The_1__Gamblers checks
The_1__Gamblers shows [9c Kc]
UDF1 shows [Ac 9d]
The_1__Gamblers awarded -5000
UDF1 awarded 5000

Round #840, UDF1 (-36501), The_1__Gamblers (36501)
UDF1 posts blind: 10
The_1__Gamblers posts blind: 20
UDF1 received [Jh 9c]
The_1__Gamblers received [7d 3h]
UDF1 folds
UDF1 awarded -10
The_1__Gamblers awarded 10

Round #841, The_1__Gamblers (36511), UDF1 (-36511)
The_1__Gamblers posts blind: 10
UDF1 posts blind: 20
The_1__Gamblers received [2s 4s]
UDF1 received [Ac 9s]
The_1__Gamblers raises to 44
UDF1 raises to 2100
The_1__Gamblers raises to 4156
UDF1 folds
The_1__Gamblers awarded 2100
UDF1 awarded -2100

Round #842, UDF1 (-38611), The_1__Gamblers (38611)
UDF1 posts blind: 10
The_1__Gamblers posts blind: 20
UDF1 received [Qh Td]
The_1__Gamblers received [7h 6h]
UDF1 folds
UDF1 awarded -10
The_1__Gamblers awarded 10

Round #843, The_1__Gamblers (38621), UDF1 (-38621)
The_1__Gamblers posts blind: 10
UDF1 posts blind: 20
The_1__Gamblers received [6c 3c]
UDF1 received [9c 2h]
The_1__Gamblers raises to 44
UDF1 folds
The_1__Gamblers awarded 20
UDF1 awarded -20

Round #844, UDF1 (-38641), The_1__Gamblers (38641)
UDF1 posts blind: 10
The_1__Gamblers posts blind: 20
UDF1 received [Kh 2c]
The_1__Gamblers received [Ac 8d]
UDF1 raises to 2260
The_1__Gamblers calls
Flop [Jd As 8h], UDF1 (2260), The_1__Gamblers (2260)
The_1__Gamblers bids 9
UDF1 bids 229
UDF1 won the auction and was revealed [Ac]
Flop [Jd As 8h], UDF1 (2269), The_1__Gamblers (2260)
The_1__Gamblers bets 2731
UDF1 folds
UDF1 awarded -2269
The_1__Gamblers awarded 2269

Round #845, The_1__Gamblers (40910), UDF1 (-40910)
The_1__Gamblers posts blind: 10
UDF1 posts blind: 20
The_1__Gamblers received [Ks Kd]
UDF1 received [5h 6c]
The_1__Gamblers raises to 44
UDF1 calls
Flop [5s 5d 4s], The_1__Gamblers (44), UDF1 (44)
UDF1 bids 253
The_1__Gamblers bids 125
UDF1 won the auction and was revealed [Ks]
Flop [5s 5d 4s], The_1__Gamblers (44), UDF1 (169)
UDF1 bets 3751
The_1__Gamblers raises to 4831
UDF1 calls
Turn [5s 5d 4s 6s], The_1__Gamblers (4875), UDF1 (5000)
UDF1 checks
The_1__Gamblers checks
River [5s 5d 4s 6s 6h], The_1__Gamblers (4875), UDF1 (5000)
UDF1 checks
The_1__Gamblers checks
The_1__Gamblers shows [Ks Kd]
UDF1 shows [5h 6c]
The_1__Gamblers awarded -4875
UDF1 awarded 4875

Round #846, UDF1 (-36035), The_1__Gamblers (36035)
UDF1 posts blind: 10
The_1__Gamblers posts blind: 20
UDF1 received [Qs 5h]
The_1__Gamblers received [2c 2h]
UDF1 folds
UDF1 awarded -10
The_1__Gamblers awarded 10

Round #847, The_1__Gamblers (36045), UDF1 (-36045)
The_1__Gamblers posts blind: 10
UDF1 posts blind: 20
The_1__Gamblers received [6d 7c]
UDF1 received [Qd 6h]
The_1__Gamblers raises to 44
UDF1 folds
The_1__Gamblers awarded 20
UDF1 awarded -20

Round #848, UDF1 (-36065), The_1__Gamblers (36065)
UDF1 posts blind: 10
The_1__Gamblers posts blind: 20
UDF1 received [2h 9h]
The_1__Gamblers received [4s Qd]
UDF1 folds
UDF1 awarded -10
The_1__Gamblers awarded 10

Round #849, The_1__Gamblers (36075), UDF1 (-36075)
The_1__Gamblers posts blind: 10
UDF1 posts blind: 20
The_1__Gamblers received [6h 7c]
UDF1 received [Js 8d]
The_1__Gamblers raises to 44
UDF1 calls
Flop [Qc As 3s], The_1__Gamblers (44), UDF1 (44)
UDF1 bids 262
The_1__Gamblers bids 151
UDF1 won the auction and was revealed [6h]
Flop [Qc As 3s], The_1__Gamblers (44), UDF1 (195)
UDF1 bets 3202
The_1__Gamblers folds
The_1__Gamblers awarded -44
UDF1 awarded 44

Round #850, UDF1 (-36031), The_1__Gamblers (36031)
UDF1 posts blind: 10
The_1__Gamblers posts blind: 20
UDF1 received [8s Ah]
The_1__Gamblers received [7c 7d]
UDF1 raises to 2287
The_1__Gamblers calls
Flop [Qd 5d Ts], UDF1 (2287), The_1__Gamblers (2287)
The_1__Gamblers bids 161
UDF1 bids 247
UDF1 won the auction and was revealed [7c]
Flop [Qd 5d Ts], UDF1 (2448), The_1__Gamblers (2287)
The_1__Gamblers bets 2552
UDF1 calls
Turn [Qd 5d Ts 7s], UDF1 (5000), The_1__Gamblers (4839)
The_1__Gamblers checks
UDF1 checks
River [Qd 5d Ts 7s Qh], UDF1 (5000), The_1__Gamblers (4839)
The_1__Gamblers checks
UDF1 checks
UDF1 shows [8s Ah]
The_1__Gamblers shows [7c 7d]
UDF1 awarded -5000
The_1__Gamblers awarded 5000

Round #851, The_1__Gamblers (41031), UDF1 (-41031)
The_1__Gamblers posts blind: 10
UDF1 posts blind: 20
The_1__Gamblers received [6c 5s]
UDF1 received [Qs Jh]
The_1__Gamblers raises to 44
UDF1 raises to 2971
The_1__Gamblers raises to 5000
UDF1 calls
Flop [2s Ac 5h], The_1__Gamblers (5000), UDF1 (5000)
UDF1 bids 0
The_1__Gamblers bids 0
The_1__Gamblers won the auction and was revealed [Qs]
UDF1 won the auction and was revealed [6c]
Flop [2s Ac 5h], The_1__Gamblers (5000), UDF1 (5000)
UDF1 checks
The_1__Gamblers checks
Turn [2s Ac 5h 3c], The_1__Gamblers (5000), UDF1 (5000)
UDF1 checks
The_1__Gamblers checks
River [2s Ac 5h 3c 8h], The_1__Gamblers (5000), UDF1 (5000)
UDF1 checks
The_1__Gamblers checks
The_1__Gamblers shows [6c 5s]
UDF1 shows [Qs Jh]
The_1__Gamblers awarded 5000
UDF1 awarded -5000

Round #852, UDF1 (-46031), The_1__Gamblers (46031)
UDF1 posts blind: 10
The_1__Gamblers posts blind: 20
UDF1 received [3c 6d]
The_1__Gamblers received [2d 2c]
UDF1 calls
The_1__Gamblers checks
Flop [Kc 3h 8h], UDF1 (20), The_1__Gamblers (20)
The_1__Gamblers bids 358
UDF1 bids 283
The_1__Gamblers won the auction and was revealed [6d]
Flop [Kc 3h 8h], UDF1 (20), The_1__Gamblers (303)
The_1__Gamblers bets 106
UDF1 calls
Turn [Kc 3h 8h 5c], UDF1 (126), The_1__Gamblers (409)
The_1__Gamblers checks
UDF1 checks
River [Kc 3h 8h 5c 8c], UDF1 (126), The_1__Gamblers (409)
The_1__Gamblers bets 176
UDF1 calls
UDF1 shows [3c 6d]
The_1__Gamblers shows [2d 2c]
UDF1 awarded 585
The_1__Gamblers awarded -585

Round #853, The_1__Gamblers (45446), UDF1 (-45446)
The_1__Gamblers posts blind: 10
UDF1 posts blind: 20
The_1__Gamblers received [Ah 8h]
UDF1 received [Ad 9c]
The_1__Gamblers raises to 44
UDF1 raises to 2467
The_1__Gamblers raises to 4890
UDF1 folds
The_1__Gamblers awarded 2467
UDF1 awarded -2467

Round #854, UDF1 (-47913), The_1__Gamblers (47913)
UDF1 posts blind: 10
The_1__Gamblers posts blind: 20
UDF1 received [8h Kd]
The_1__Gamblers received [9h 5h]
UDF1 folds
UDF1 awarded -10
The_1__Gamblers awarded 10

Round #855, The_1__Gamblers (47923), UDF1 (-47923)
The_1__Gamblers posts blind: 10
UDF1 posts blind: 20
The_1__Gamblers received [Qh 8d]
UDF1 received [2c Ad]
The_1__Gamblers raises to 44
UDF1 folds
The_1__Gamblers awarded 20
UDF1 awarded -20

Round #856, UDF1 (-47943), The_1__Gamblers (47943)
UDF1 posts blind: 10
The_1__Gamblers posts blind: 20
UDF1 received [6s 4s]
The_1__Gamblers received [8c 8d]
UDF1 folds
UDF1 awarded -10
The_1__Gamblers awarded 10

Round #857, The_1__Gamblers (47953), UDF1 (-47953)
The_1__Gamblers posts blind: 10
UDF1 posts blind: 20
The_1__Gamblers received [4s Qs]
UDF1 received [9c 8s]
The_1__Gamblers raises to 44
UDF1 raises to 3147
The_1__Gamblers raises to 5000
UDF1 calls
Flop [7d Th 6h], The_1__Gamblers (5000), UDF1 (5000)
UDF1 bids 0
The_1__Gamblers bids 0
The_1__Gamblers won the auction and was revealed [9c]
UDF1 won the auction and was revealed [Qs]
Flop [7d Th 6h], The_1__Gamblers (5000), UDF1 (5000)
UDF1 checks
The_1__Gamblers checks
Turn [7d Th 6h Tc], The_1__Gamblers (5000), UDF1 (5000)
UDF1 checks
The_1__Gamblers checks
River [7d Th 6h Tc 2h], The_1__Gamblers (5000), UDF1 (5000)
UDF1 checks
The_1__Gamblers checks
The_1__Gamblers shows [4s Qs]
UDF1 shows [9c 8s]
The_1__Gamblers awarded -5000
UDF1 awarded 5000

Round #858, UDF1 (-42953), The_1__Gamblers (42953)
UDF1 posts blind: 10
The_1__Gamblers posts blind: 20
UDF1 received [8s 7d]
The_1__Gamblers received [9h Ah]
UDF1 folds
UDF1 awarded -10
The_1__Gamblers awarded 10

Round #859, The_1__Gamblers (42963), UDF1 (-42963)
The_1__Gamblers posts blind: 10
UDF1 posts blind: 20
The_1__Gamblers received [Ac 9s]
UDF1 received [Kd 2h]
The_1__Gamblers raises to 44
UDF1 folds
The_1__Gamblers awarded 20
UDF1 awarded -20

Round #860, UDF1 (-42983), The_1__Gamblers (42983)
UDF1 posts blind: 10
The_1__Gamblers posts blind: 20
UDF1 received [5d 7s]
The_1__Gamblers received [9h Kh]
UDF1 raises to 2209
The_1__Gamblers calls
Flop [5h Ad 4h], UDF1 (2209), The_1__Gamblers (2209)
The_1__Gamblers bids 185
UDF1 bids 517
UDF1 won the auction and was revealed [Kh]
Flop [5h Ad 4h], UDF1 (2394), The_1__Gamblers (2209)
The_1__Gamblers bets 2606
UDF1 calls
Turn [5h Ad 4h Jc], UDF1 (5000), The_1__Gamblers (4815)
The_1__Gamblers checks
UDF1 checks
River [5h Ad 4h Jc 6d], UDF1 (5000), The_1__Gamblers (4815)
The_1__Gamblers checks
UDF1 checks
UDF1 shows [5d 7s]
The_1__Gamblers shows [9h Kh]
UDF1 awarded 4815
The_1__Gamblers awarded -4815

Round #861, The_1__Gamblers (38168), UDF1 (-38168)
The_1__Gamblers posts blind: 10
UDF1 posts blind: 20
The_1__Gamblers received [Td 3h]
UDF1 received [Qs 6c]
The_1__Gamblers calls
UDF1 raises to 2486
The_1__Gamblers calls
Flop [2c 4d Jd], The_1__Gamblers (2486), UDF1 (2486)
UDF1 bids 275
The_1__Gamblers bids 124
UDF1 won the auction and was revealed [Td]
Flop [2c 4d Jd], The_1__Gamblers (2486), UDF1 (2610)
UDF1 checks
The_1__Gamblers checks
Turn [2c 4d Jd 5s], The_1__Gamblers (2486), UDF1 (2610)
UDF1 checks
The_1__Gamblers checks
River [2c 4d Jd 5s 3s], The_1__Gamblers (2486), UDF1 (2610)
UDF1 bets 2224
The_1__Gamblers raises to 2390
UDF1 calls
The_1__Gamblers shows [Td 3h]
UDF1 shows [Qs 6c]
The_1__Gamblers awarded -4876
UDF1 awarded 4876

Round #862, UDF1 (-33292), The_1__Gamblers (33292)
UDF1 posts blind: 10
The_1__Gamblers posts blind: 20
UDF1 received [Qs 9c]
The_1__Gamblers received [5h 3h]
UDF1 folds
UDF1 awarded -10
The_1__Gamblers awarded 10

Round #863, The_1__Gamblers (33302), UDF1 (-33302)
The_1__Gamblers posts blind: 10
UDF1 posts blind: 20
The_1__Gamblers received [4c Jh]
UDF1 received [8d Qh]
The_1__Gamblers raises to 44
UDF1 raises to 2458
The_1__Gamblers raises to 4872
UDF1 folds
The_1__Gamblers awarded 2458
UDF1 awarded -2458

Round #864, UDF1 (-35760), The_1__Gamblers (35760)
UDF1 posts blind: 10
The_1__Gamblers posts blind: 20
UDF1 received [3h 4h]
The_1__Gamblers received [5d As]
UDF1 folds
UDF1 awarded -10
The_1__Gamblers awarded 10

Round #865, The_1__Gamblers (35770), UDF1 (-35770)
The_1__Gamblers posts blind: 10
UDF1 posts blind: 20
The_1__Gamblers received [9h 4d]
UDF1 received [Jh 2h]
The_1__Gamblers raises to 44
UDF1 folds
The_1__Gamblers awarded 20
UDF1 awarded -20

Round #866, UDF1 (-35790), The_1__Gamblers (35790)
UDF1 posts blind: 10
The_1__Gamblers posts blind: 20
UDF1 received [4s Qc]
The_1__Gamblers received [Kd Th]
UDF1 calls
The_1__Gamblers checks
Flop [2s 8d Kh], UDF1 (20), The_1__Gamblers (20)
The_1__Gamblers bids 79
UDF1 bids 248
UDF1 won the auction and was revealed [Th]
Flop [2s 8d Kh], UDF1 (99), The_1__Gamblers (20)
The_1__Gamblers bets 148
UDF1 calls
Turn [2s 8d Kh 5c], UDF1 (247), The_1__Gamblers (168)
The_1__Gamblers bets 518
UDF1 calls
River [2s 8d Kh 5c 4c], UDF1 (765), The_1__Gamblers (686)
The_1__Gamblers bets 1813
UDF1 raises to 4169
The_1__Gamblers raises to 4235
UDF1 calls
UDF1 shows [4s Qc]
The_1__Gamblers shows [Kd Th]
UDF1 awarded -5000
The_1__Gamblers awarded 5000

Round #867, The_1__Gamblers (40790), UDF1 (-40790)
The_1__Gamblers posts blind: 10
UDF1 posts blind: 20
The_1__Gamblers received [8h 4d]
UDF1 received [3c 6h]
The_1__Gamblers raises to 44
UDF1 folds
The_1__Gamblers awarded 20
UDF1 awarded -20

Round #868, UDF1 (-40810), The_1__Gamblers (40810)
UDF1 posts blind: 10
The_1__Gamblers posts blind: 20
UDF1 received [Ac 3c]
The_1__Gamblers received [7c As]
UDF1 calls
The_1__Gamblers checks
Flop [5h Td Tc], UDF1 (20), The_1__Gamblers (20)
The_1__Gamblers bids 324
UDF1 bids 242
The_1__Gamblers won the auction and was revealed [3c]
Flop [5h Td Tc], UDF1 (20), The_1__Gamblers (262)
The_1__Gamblers bets 169
UDF1 calls
Turn [5h Td Tc 3h], UDF1 (189), The_1__Gamblers (431)
The_1__Gamblers bets 204
UDF1 raises to 3229
The_1__Gamblers raises to 4569
UDF1 calls
River [5h Td Tc 3h Kd], UDF1 (4758), The_1__Gamblers (5000)
The_1__Gamblers checks
UDF1 checks
UDF1 shows [Ac 3c]
The_1__Gamblers shows [7c As]
UDF1 awarded 5000
The_1__Gamblers awarded -5000

Round #869, The_1__Gamblers (35810), UDF1 (-35810)
The_1__Gamblers posts blind: 10
UDF1 posts blind: 20
The_1__Gamblers received [Ad 3c]
UDF1 received [3d Kh]
The_1__Gamblers raises to 44
UDF1 raises to 2581
The_1__Gamblers raises to 5000
UDF1 folds
The_1__Gamblers awarded 2581
UDF1 awarded -2581

Round #870, UDF1 (-38391), The_1__Gamblers (38391)
UDF1 posts blind: 10
The_1__Gamblers posts blind: 20
UDF1 received [Js Jd]
The_1__Gamblers received [3c 4h]
UDF1 raises to 4705
The_1__Gamblers calls
Flop [2c 8h 6h], UDF1 (4705), The_1__Gamblers (4705)
The_1__Gamblers bids 0
UDF1 bids 113
UDF1 won the auction and was revealed [3c]
Flop [2c 8h 6h], UDF1 (4705), The_1__Gamblers (4705)
The_1__Gamblers checks
UDF1 bets 272
The_1__Gamblers folds
UDF1 awarded 4705
The_1__Gamblers awarded -4705

Round #871, The_1__Gamblers (33686), UDF1 (-33686)
The_1__Gamblers posts blind: 10
UDF1 posts blind: 20
The_1__Gamblers received [4d Ks]
UDF1 received [Js 4h]
The_1__Gamblers raises to 44
UDF1 folds
The_1__Gamblers awarded 20
UDF1 awarded -20

Round #872, UDF1 (-33706), The_1__Gamblers (33706)
UDF1 posts blind: 10
The_1__Gamblers posts blind: 20
UDF1 received [Js 7h]
The_1__Gamblers received [Td 4c]
UDF1 folds
UDF1 awarded -10
The_1__Gamblers awarded 10

Round #873, The_1__Gamblers (33716), UDF1 (-33716)
The_1__Gamblers posts blind: 10
UDF1 posts blind: 20
The_1__Gamblers received [8h Kd]
UDF1 received [7h Kc]
The_1__Gamblers raises to 44
UDF1 folds
The_1__Gamblers awarded 20
UDF1 awarded -20

Round #874, UDF1 (-33736), The_1__Gamblers (33736)
UDF1 posts blind: 10
The_1__Gamblers posts blind: 20
UDF1 received [Qs Ac]
The_1__Gamblers received [2c Ah]
UDF1 raises to 4039
The_1__Gamblers calls
Flop [7d Kd 8s], UDF1 (4039), The_1__Gamblers (4039)
The_1__Gamblers bids 72
UDF1 bids 250
UDF1 won the auction and was revealed [Ah]
Flop [7d Kd 8s], UDF1 (4111), The_1__Gamblers (4039)
The_1__Gamblers bets 889
UDF1 calls
Turn [7d Kd 8s 4d], UDF1 (5000), The_1__Gamblers (4928)
The_1__Gamblers checks
UDF1 checks
River [7d Kd 8s 4d 3h], UDF1 (5000), The_1__Gamblers (4928)
The_1__Gamblers checks
UDF1 checks
UDF1 shows [Qs Ac]
The_1__Gamblers shows [2c Ah]
UDF1 awarded 4928
The_1__Gamblers awarded -4928

Round #875, The_1__Gamblers (28808), UDF1 (-28808)
The_1__Gamblers posts blind: 10
UDF1 posts blind: 20
The_1__Gamblers received [Kd As]
UDF1 received [4c 5c]
The_1__Gamblers raises to 44
UDF1 folds
The_1__Gamblers awarded 20
UDF1 awarded -20

Round #876, UDF1 (-28828), The_1__Gamblers (28828)
UDF1 posts blind: 10
The_1__Gamblers posts blind: 20
UDF1 received [5d 4c]
The_1__Gamblers received [9s 2d]
UDF1 calls
The_1__Gamblers checks
Flop [Js Kh 7s], UDF1 (20), The_1__Gamblers (20)
The_1__Gamblers bids 245
UDF1 bids 275
UDF1 won the auction and was revealed [2d]
Flop [Js Kh 7s], UDF1 (265), The_1__Gamblers (20)
The_1__Gamblers checks
UDF1 checks
Turn [Js Kh 7s Th], UDF1 (265), The_1__Gamblers (20)
The_1__Gamblers checks
UDF1 checks
River [Js Kh 7s Th 9h], UDF1 (265), The_1__Gamblers (20)
The_1__Gamblers checks
UDF1 checks
UDF1 shows [5d 4c]
The_1__Gamblers shows [9s 2d]
UDF1 awarded -265
The_1__Gamblers awarded 265

Round #877, The_1__Gamblers (29093), UDF1 (-29093)
The_1__Gamblers posts blind: 10
UDF1 posts blind: 20
The_1__Gamblers received [Jd 9s]
UDF1 received [6c 8c]
The_1__Gamblers raises to 44
UDF1 raises to 2189
The_1__Gamblers raises to 4334
UDF1 folds
The_1__Gamblers awarded 2189
UDF1 awarded -2189

Round #878, UDF1 (-31282), The_1__Gamblers (31282)
UDF1 posts blind: 10
The_1__Gamblers posts blind: 20
UDF1 received [4s 9s]
The_1__Gamblers received [8h Qs]
UDF1 folds
UDF1 awarded -10
The_1__Gamblers awarded 10

Round #879, The_1__Gamblers (31292), UDF1 (-31292)
The_1__Gamblers posts blind: 10
UDF1 posts blind: 20
The_1__Gamblers received [7h 3d]
UDF1 received [Js 5d]
The_1__Gamblers raises to 44
UDF1 raises to 2111
The_1__Gamblers raises to 4178
UDF1 folds
The_1__Gamblers awarded 2111
UDF1 awarded -2111

Round #880, UDF1 (-33403), The_1__Gamblers (33403)
UDF1 posts blind: 10
The_1__Gamblers posts blind: 20
UDF1 received [2c 9h]
The_1__Gamblers received [6d 6s]
UDF1 folds
UDF1 awarded -10
The_1__Gamblers awarded 10

Round #881, The_1__Gamblers (33413), UDF1 (-33413)
The_1__Gamblers posts blind: 10
UDF1 posts blind: 20
The_1__Gamblers received [2d 5d]
UDF1 received [7c Ac]
The_1__Gamblers raises to 44
UDF1 raises to 3052
The_1__Gamblers raises to 5000
UDF1 calls
Flop [Td Th Ts], The_1__Gamblers (5000), UDF1 (5000)
UDF1 bids 0
The_1__Gamblers bids 0
The_1__Gamblers won the auction and was revealed [Ac]
UDF1 won the auction and was revealed [5d]
Flop [Td Th Ts], The_1__Gamblers (5000), UDF1 (5000)
UDF1 checks
The_1__Gamblers checks
Turn [Td Th Ts 8s], The_1__Gamblers (5000), UDF1 (5000)
UDF1 checks
The_1__Gamblers checks
River [Td Th Ts 8s 9s], The_1__Gamblers (5000), UDF1 (5000)
UDF1 checks
The_1__Gamblers checks
The_1__Gamblers shows [2d 5d]
UDF1 shows [7c Ac]
The_1__Gamblers awarded -5000
UDF1 awarded 5000

Round #882, UDF1 (-28413), The_1__Gamblers (28413)
UDF1 posts blind: 10
The_1__Gamblers posts blind: 20
UDF1 received [6d Tc]
The_1__Gamblers received [9d 2c]
UDF1 raises to 2272
The_1__Gamblers calls
Flop [Qc Jd 8c], UDF1 (2272), The_1__Gamblers (2272)
The_1__Gamblers bids 134
UDF1 bids 215
UDF1 won the auction and was revealed [2c]
Flop [Qc Jd 8c], UDF1 (2406), The_1__Gamblers (2272)
The_1__Gamblers checks
UDF1 checks
Turn [Qc Jd 8c Ks], UDF1 (2406), The_1__Gamblers (2272)
The_1__Gamblers checks
UDF1 checks
River [Qc Jd 8c Ks Th], UDF1 (2406), The_1__Gamblers (2272)
The_1__Gamblers bets 2594
UDF1 calls
UDF1 shows [6d Tc]
The_1__Gamblers shows [9d 2c]
UDF1 awarded -5000
The_1__Gamblers awarded 5000

Round #883, The_1__Gamblers (33413), UDF1 (-33413)
The_1__Gamblers posts blind: 10
UDF1 posts blind: 20
The_1__Gamblers received [7s 2h]
UDF1 received [Jc Th]
The_1__Gamblers calls
UDF1 raises to 2758
The_1__Gamblers calls
Flop [7d Kc 6c], The_1__Gamblers (2758), UDF1 (2758)
UDF1 bids 305
The_1__Gamblers bids 121
UDF1 won the auction and was revealed [2h]
Flop [7d Kc 6c], The_1__Gamblers (2758), UDF1 (2879)
UDF1 bets 1721
The_1__Gamblers raises to 2121
UDF1 calls
Turn [7d Kc 6c Js], The_1__Gamblers (4879), UDF1 (5000)
UDF1 checks
The_1__Gamblers checks
River [7d Kc 6c Js Ah], The_1__Gamblers (4879), UDF1 (5000)
UDF1 checks
The_1__Gamblers checks
The_1__Gamblers shows [7s 2h]
UDF1 shows [Jc Th]
The_1__Gamblers awarded -4879
UDF1 awarded 4879

Round #884, UDF1 (-28534), The_1__Gamblers (28534)
UDF1 posts blind: 10
The_1__Gamblers posts blind: 20
UDF1 received [Tc 8c]
The_1__Gamblers received [Qd Qh]
UDF1 raises to 2430
The_1__Gamblers raises to 4840
UDF1 folds
UDF1 awarded -2430
The_1__Gamblers awarded 2430

Round #885, The_1__Gamblers (30964), UDF1 (-30964)
The_1__Gamblers posts blind: 10
UDF1 posts blind: 20
The_1__Gamblers received [2d 2s]
UDF1 received [6s Ah]
The_1__Gamblers raises to 44
UDF1 folds
The_1__Gamblers awarded 20
UDF1 awarded -20

Round #886, UDF1 (-30984), The_1__Gamblers (30984)
UDF1 posts blind: 10
The_1__Gamblers posts blind: 20
UDF1 received [9s 4d]
The_1__Gamblers received [2d Th]
UDF1 folds
UDF1 awarded -10
The_1__Gamblers awarded 10

Round #887, The_1__Gamblers (30994), UDF1 (-30994)
The_1__Gamblers posts blind: 10
UDF1 posts blind: 20
The_1__Gamblers received [Ah 9d]
UDF1 received [Ts 5h]
The_1__Gamblers raises to 44
UDF1 calls
Flop [3d 2s Jc], The_1__Gamblers (44), UDF1 (44)
UDF1 bids 247
The_1__Gamblers bids 365
The_1__Gamblers won the auction and was revealed [5h]
Flop [3d 2s Jc], The_1__Gamblers (291), UDF1 (44)
UDF1 checks
The_1__Gamblers bets 110
UDF1 calls
Turn [3d 2s Jc Qh], The_1__Gamblers (401), UDF1 (154)
UDF1 checks
The_1__Gamblers checks
River [3d 2s Jc Qh 7d], The_1__Gamblers (401), UDF1 (154)
UDF1 checks
The_1__Gamblers checks
The_1__Gamblers shows [Ah 9d]
UDF1 shows [Ts 5h]
The_1__Gamblers awarded 154
UDF1 awarded -154

Round #888, UDF1 (-31148), The_1__Gamblers (31148)
UDF1 posts blind: 10
The_1__Gamblers posts blind: 20
UDF1 received [6h 5c]
The_1__Gamblers received [Td 3c]
UDF1 folds
UDF1 awarded -10
The_1__Gamblers awarded 10

Round #889, The_1__Gamblers (31158), UDF1 (-31158)
The_1__Gamblers posts blind: 10
UDF1 posts blind: 20
The_1__Gamblers received [Qs Ah]
UDF1 received [2s 3d]
The_1__Gamblers raises to 44
UDF1 folds
The_1__Gamblers awarded 20
UDF1 awarded -20

Round #890, UDF1 (-31178), The_1__Gamblers (31178)
UDF1 posts blind: 10
The_1__Gamblers posts blind: 20
UDF1 received [8h Ks]
The_1__Gamblers received [2c Ac]
UDF1 raises to 2343
The_1__Gamblers calls
Flop [Ah 7c Jh], UDF1 (2343), The_1__Gamblers (2343)
The_1__Gamblers bids 68
UDF1 bids 593
UDF1 won the auction and was revealed [2c]
Flop [Ah 7c Jh], UDF1 (2411), The_1__Gamblers (2343)
The_1__Gamblers bets 2589
UDF1 calls
Turn [Ah 7c Jh 8d], UDF1 (5000), The_1__Gamblers (4932)
The_1__Gamblers checks
UDF1 checks
River [Ah 7c Jh 8d 3d], UDF1 (5000), The_1__Gamblers (4932)
The_1__Gamblers checks
UDF1 checks
UDF1 shows [8h Ks]
The_1__Gamblers shows [2c Ac]
UDF1 awarded -5000
The_1__Gamblers awarded 5000

Round #891, The_1__Gamblers (36178), UDF1 (-36178)
The_1__Gamblers posts blind: 10
UDF1 posts blind: 20
The_1__Gamblers received [Ks 7s]
UDF1 received [7c Jh]
The_1__Gamblers raises to 44
UDF1 calls
Flop [2c 4s 4h], The_1__Gamblers (44), UDF1 (44)
UDF1 bids 221
The_1__Gamblers bids 369
The_1__Gamblers won the auction and was revealed [Jh]
Flop [2c 4s 4h], The_1__Gamblers (265), UDF1 (44)
UDF1 checks
The_1__Gamblers bets 101
UDF1 calls
Turn [2c 4s 4h 8s], The_1__Gamblers (366), UDF1 (145)
UDF1 checks
The_1__Gamblers bets 168
UDF1 calls
River [2c 4s 4h 8s 6h], The_1__Gamblers (534), UDF1 (313)
UDF1 checks
The_1__Gamblers checks
The_1__Gamblers shows [Ks 7s]
UDF1 shows [7c Jh]
The_1__Gamblers awarded 313
UDF1 awarded -313

Round #892, UDF1 (-36491), The_1__Gamblers (36491)
UDF1 posts blind: 10
The_1__Gamblers posts blind: 20
UDF1 received [Js Jc]
The_1__Gamblers received [Td Qc]
UDF1 raises to 4534
The_1__Gamblers calls
Flop [3h Ad 7h], UDF1 (4534), The_1__Gamblers (4534)
The_1__Gamblers bids 34
UDF1 bids 435
UDF1 won the auction and was revealed [Qc]
Flop [3h Ad 7h], UDF1 (4568), The_1__Gamblers (4534)
The_1__Gamblers bets 432
UDF1 calls
Turn [3h Ad 7h 2d], UDF1 (5000), The_1__Gamblers (4966)
The_1__Gamblers checks
UDF1 checks
River [3h Ad 7h 2d 5c], UDF1 (5000), The_1__Gamblers (4966)
The_1__Gamblers checks
UDF1 checks
UDF1 shows [Js Jc]
The_1__Gamblers shows [Td Qc]
UDF1 awarded 4966
The_1__Gamblers awarded -4966

Round #893, The_1__Gamblers (31525), UDF1 (-31525)
The_1__Gamblers posts blind: 10
UDF1 posts blind: 20
The_1__Gamblers received [6d 6h]
UDF1 received [4s 8c]
The_1__Gamblers raises to 44
UDF1 folds
The_1__Gamblers awarded 20
UDF1 awarded -20

Round #894, UDF1 (-31545), The_1__Gamblers (31545)
UDF1 posts blind: 10
The_1__Gamblers posts blind: 20
UDF1 received [Jc 6d]
The_1__Gamblers received [8h 7d]
UDF1 folds
UDF1 awarded -10
The_1__Gamblers awarded 10

Round #895, The_1__Gamblers (31555), UDF1 (-31555)
The_1__Gamblers posts blind: 10
UDF1 posts blind: 20
The_1__Gamblers received [7s 8c]
UDF1 received [Ks 9d]
The_1__Gamblers raises to 44
UDF1 folds
The_1__Gamblers awarded 20
UDF1 awarded -20

Round #896, UDF1 (-31575), The_1__Gamblers (31575)
UDF1 posts blind: 10
The_1__Gamblers posts blind: 20
UDF1 received [Td 4h]
The_1__Gamblers received [3s 8h]
UDF1 folds
UDF1 awarded -10
The_1__Gamblers awarded 10

Round #897, The_1__Gamblers (31585), UDF1 (-31585)
The_1__Gamblers posts blind: 10
UDF1 posts blind: 20
The_1__Gamblers received [4c Qs]
UDF1 received [Th Jd]
The_1__Gamblers raises to 44
UDF1 calls
Flop [2d 7s Ts], The_1__Gamblers (44), UDF1 (44)
UDF1 bids 292
The_1__Gamblers bids 314
The_1__Gamblers won the auction and was revealed [Jd]
Flop [2d 7s Ts], The_1__Gamblers (336), UDF1 (44)
UDF1 bets 3085
The_1__Gamblers folds
The_1__Gamblers awarded -336
UDF1 awarded 336

Round #898, UDF1 (-31249), The_1__Gamblers (31249)
UDF1 posts blind: 10
The_1__Gamblers posts blind: 20
UDF1 received [4h Kd]
The_1__Gamblers received [6d 7d]
UDF1 folds
UDF1 awarded -10
The_1__Gamblers awarded 10

Round #899, The_1__Gamblers (31259), UDF1 (-31259)
The_1__Gamblers posts blind: 10
UDF1 posts blind: 20
The_1__Gamblers received [Ac 4s]
UDF1 received [As 5c]
The_1__Gamblers raises to 44
UDF1 folds
The_1__Gamblers awarded 20
UDF1 awarded -20

Round #900, UDF1 (-31279), The_1__Gamblers (31279)
UDF1 posts blind: 10
The_1__Gamblers posts blind: 20
UDF1 received [4s 6c]
The_1__Gamblers received [2s 8d]
UDF1 folds
UDF1 awarded -10
The_1__Gamblers awarded 10

Round #901, The_1__Gamblers (31289), UDF1 (-31289)
The_1__Gamblers posts blind: 10
UDF1 posts blind: 20
The_1__Gamblers received [9c 2c]
UDF1 received [7h Ah]
The_1__Gamblers raises to 44
UDF1 raises to 2832
The_1__Gamblers raises to 5000
UDF1 calls
Flop [7c Ts 5c], The_1__Gamblers (5000), UDF1 (5000)
UDF1 bids 0
The_1__Gamblers bids 0
The_1__Gamblers won the auction and was revealed [7h]
UDF1 won the auction and was revealed [2c]
Flop [7c Ts 5c], The_1__Gamblers (5000), UDF1 (5000)
UDF1 checks
The_1__Gamblers checks
Turn [7c Ts 5c 4d], The_1__Gamblers (5000), UDF1 (5000)
UDF1 checks
The_1__Gamblers checks
River [7c Ts 5c 4d 9d], The_1__Gamblers (5000), UDF1 (5000)
UDF1 checks
The_1__Gamblers checks
The_1__Gamblers shows [9c 2c]
UDF1 shows [7h Ah]
The_1__Gamblers awarded 5000
UDF1 awarded -5000

Round #902, UDF1 (-36289), The_1__Gamblers (36289)
UDF1 posts blind: 10
The_1__Gamblers posts blind: 20
UDF1 received [2d Jh]
The_1__Gamblers received [Ts As]
UDF1 folds
UDF1 awarded -10
The_1__Gamblers awarded 10

Round #903, The_1__Gamblers (36299), UDF1 (-36299)
The_1__Gamblers posts blind: 10
UDF1 posts blind: 20
The_1__Gamblers received [3h Th]
UDF1 received [Qc 9s]
The_1__Gamblers raises to 44
UDF1 folds
The_1__Gamblers awarded 20
UDF1 awarded -20

Round #904, UDF1 (-36319), The_1__Gamblers (36319)
UDF1 posts blind: 10
The_1__Gamblers posts blind: 20
UDF1 received [9s 3c]
The_1__Gamblers received [Qh Kh]
UDF1 folds
UDF1 awarded -10
The_1__Gamblers awarded 10

Round #905, The_1__Gamblers (36329), UDF1 (-36329)
The_1__Gamblers posts blind: 10
UDF1 posts blind: 20
The_1__Gamblers received [7s 9d]
UDF1 received [Th 6d]
The_1__Gamblers raises to 44
UDF1 raises to 2151
The_1__Gamblers raises to 4258
UDF1 folds
The_1__Gamblers awarded 2151
UDF1 awarded -2151

Round #906, UDF1 (-38480), The_1__Gamblers (38480)
UDF1 posts blind: 10
The_1__Gamblers posts blind: 20
UDF1 received [7d 5d]
The_1__Gamblers received [2s 4d]
UDF1 folds
UDF1 awarded -10
The_1__Gamblers awarded 10

Round #907, The_1__Gamblers (38490), UDF1 (-38490)
The_1__Gamblers posts blind: 10
UDF1 posts blind: 20
The_1__Gamblers received [3s 7d]
UDF1 received [6c 4s]
The_1__Gamblers raises to 44
UDF1 folds
The_1__Gamblers awarded 20
UDF1 awarded -20

Round #908, UDF1 (-38510), The_1__Gamblers (38510)
UDF1 posts blind: 10
The_1__Gamblers posts blind: 20
UDF1 received [4h 7d]
The_1__Gamblers received [2d 8h]
UDF1 raises to 2230
The_1__Gamblers calls
Flop [Jd 8d Jh], UDF1 (2230), The_1__Gamblers (2230)
The_1__Gamblers bids 127
UDF1 bids 0
The_1__Gamblers won the auction and was revealed [7d]
Flop [Jd 8d Jh], UDF1 (2230), The_1__Gamblers (2230)
The_1__Gamblers bets 2770
UDF1 folds
UDF1 awarded -2230
The_1__Gamblers awarded 2230

Round #909, The_1__Gamblers (40740), UDF1 (-40740)
The_1__Gamblers posts blind: 10
UDF1 posts blind: 20
The_1__Gamblers received [6c Th]
UDF1 received [7h 3h]
The_1__Gamblers raises to 44
UDF1 folds
The_1__Gamblers awarded 20
UDF1 awarded -20

Round #910, UDF1 (-40760), The_1__Gamblers (40760)
UDF1 posts blind: 10
The_1__Gamblers posts blind: 20
UDF1 received [Kd 6s]
The_1__Gamblers received [As 5s]
UDF1 folds
UDF1 awarded -10
The_1__Gamblers awarded 10

Round #911, The_1__Gamblers (40770), UDF1 (-40770)
The_1__Gamblers posts blind: 10
UDF1 posts blind: 20
The_1__Gamblers received [6h Td]
UDF1 received [8d Ts]
The_1__Gamblers raises to 44
UDF1 folds
The_1__Gamblers awarded 20
UDF1 awarded -20

Round #912, UDF1 (-40790), The_1__Gamblers (40790)
UDF1 posts blind: 10
The_1__Gamblers posts blind: 20
UDF1 received [8c Jh]
The_1__Gamblers received [4h 6s]
UDF1 raises to 2112
The_1__Gamblers calls
Flop [9h 7s 8s], UDF1 (2112), The_1__Gamblers (2112)
The_1__Gamblers bids 80
UDF1 bids 454
UDF1 won the auction and was revealed [4h]
Flop [9h 7s 8s], UDF1 (2192), The_1__Gamblers (2112)
The_1__Gamblers checks
UDF1 bets 2508
The_1__Gamblers folds
UDF1 awarded 2112
The_1__Gamblers awarded -2112

Round #913, The_1__Gamblers (38678), UDF1 (-38678)
The_1__Gamblers posts blind: 10
UDF1 posts blind: 20
The_1__Gamblers received [6s 6c]
UDF1 received [2h 3c]
The_1__Gamblers raises to 44
UDF1 folds
The_1__Gamblers awarded 20
UDF1 awarded -20

Round #914, UDF1 (-38698), The_1__Gamblers (38698)
UDF1 posts blind: 10
The_1__Gamblers posts blind: 20
UDF1 received [Qs 4h]
The_1__Gamblers received [3s 8c]
UDF1 folds
UDF1 awarded -10
The_1__Gamblers awarded 10

Round #915, The_1__Gamblers (38708), UDF1 (-38708)
The_1__Gamblers posts blind: 10
UDF1 posts blind: 20
The_1__Gamblers received [4d Jd]
UDF1 received [Qs Ad]
The_1__Gamblers raises to 44
UDF1 raises to 4307
The_1__Gamblers raises to 5000
UDF1 calls
Flop [Ah 2h 5h], The_1__Gamblers (5000), UDF1 (5000)
UDF1 bids 0
The_1__Gamblers bids 0
The_1__Gamblers won the auction and was revealed [Ad]
UDF1 won the auction and was revealed [Jd]
Flop [Ah 2h 5h], The_1__Gamblers (5000), UDF1 (5000)
UDF1 checks
The_1__Gamblers checks
Turn [Ah 2h 5h Qd], The_1__Gamblers (5000), UDF1 (5000)
UDF1 checks
The_1__Gamblers checks
River [Ah 2h 5h Qd 7c], The_1__Gamblers (5000), UDF1 (5000)
UDF1 checks
The_1__Gamblers checks
The_1__Gamblers shows [4d Jd]
UDF1 shows [Qs Ad]
The_1__Gamblers awarded -5000
UDF1 awarded 5000

Round #916, UDF1 (-33708), The_1__Gamblers (33708)
UDF1 posts blind: 10
The_1__Gamblers posts blind: 20
UDF1 received [5d 9s]
The_1__Gamblers received [Qh 7c]
UDF1 folds
UDF1 awarded -10
The_1__Gamblers awarded 10

Round #917, The_1__Gamblers (33718), UDF1 (-33718)
The_1__Gamblers posts blind: 10
UDF1 posts blind: 20
The_1__Gamblers received [6s 3s]
UDF1 received [2d 8s]
The_1__Gamblers raises to 44
UDF1 folds
The_1__Gamblers awarded 20
UDF1 awarded -20

Round #918, UDF1 (-33738), The_1__Gamblers (33738)
UDF1 posts blind: 10
The_1__Gamblers posts blind: 20
UDF1 received [9s 4h]
The_1__Gamblers received [Qs Td]
UDF1 folds
UDF1 awarded -10
The_1__Gamblers awarded 10

Round #919, The_1__Gamblers (33748), UDF1 (-33748)
The_1__Gamblers posts blind: 10
UDF1 posts blind: 20
The_1__Gamblers received [4s 5s]
UDF1 received [Th 6c]
The_1__Gamblers raises to 44
UDF1 folds
The_1__Gamblers awarded 20
UDF1 awarded -20

Round #920, UDF1 (-33768), The_1__Gamblers (33768)
UDF1 posts blind: 10
The_1__Gamblers posts blind: 20
UDF1 received [6s 9h]
The_1__Gamblers received [Qc Ad]
UDF1 raises to 2467
The_1__Gamblers calls
Flop [Qd Ah 4c], UDF1 (2467), The_1__Gamblers (2467)
The_1__Gamblers bids 4
UDF1 bids 291
UDF1 won the auction and was revealed [Ad]
Flop [Qd Ah 4c], UDF1 (2471), The_1__Gamblers (2467)
The_1__Gamblers bets 2529
UDF1 folds
UDF1 awarded -2471
The_1__Gamblers awarded 2471

Round #921, The_1__Gamblers (36239), UDF1 (-36239)
The_1__Gamblers posts blind: 10
UDF1 posts blind: 20
The_1__Gamblers received [8c 9s]
UDF1 received [8d 7d]
The_1__Gamblers raises to 44
UDF1 calls
Flop [Qs 3h 5s], The_1__Gamblers (44), UDF1 (44)
UDF1 bids 263
The_1__Gamblers bids 221
UDF1 won the auction and was revealed [8c]
Flop [Qs 3h 5s], The_1__Gamblers (44), UDF1 (265)
UDF1 checks
The_1__Gamblers checks
Turn [Qs 3h 5s Ts], The_1__Gamblers (44), UDF1 (265)
UDF1 checks
The_1__Gamblers checks
River [Qs 3h 5s Ts Kd], The_1__Gamblers (44), UDF1 (265)
UDF1 checks
The_1__Gamblers checks
The_1__Gamblers shows [8c 9s]
UDF1 shows [8d 7d]
The_1__Gamblers awarded 265
UDF1 awarded -265

Round #922, UDF1 (-36504), The_1__Gamblers (36504)
UDF1 posts blind: 10
The_1__Gamblers posts blind: 20
UDF1 received [Kc 8c]
The_1__Gamblers received [Kh Ks]
UDF1 raises to 2359
The_1__Gamblers raises to 4698
UDF1 folds
UDF1 awarded -2359
The_1__Gamblers awarded 2359

Round #923, The_1__Gamblers (38863), UDF1 (-38863)
The_1__Gamblers posts blind: 10
UDF1 posts blind: 20
The_1__Gamblers received [Kc As]
UDF1 received [Th Kh]
The_1__Gamblers raises to 44
UDF1 raises to 3148
The_1__Gamblers raises to 5000
UDF1 calls
Flop [3d 7s 4s], The_1__Gamblers (5000), UDF1 (5000)
UDF1 bids 0
The_1__Gamblers bids 0
The_1__Gamblers won the auction and was revealed [Th]
UDF1 won the auction and was revealed [As]
Flop [3d 7s 4s], The_1__Gamblers (5000), UDF1 (5000)
UDF1 checks
The_1__Gamblers checks
Turn [3d 7s 4s 3c], The_1__Gamblers (5000), UDF1 (5000)
UDF1 checks
The_1__Gamblers checks
River [3d 7s 4s 3c 6d], The_1__Gamblers (5000), UDF1 (5000)
UDF1 checks
The_1__Gamblers checks
The_1__Gamblers shows [Kc As]
UDF1 shows [Th Kh]
The_1__Gamblers awarded 5000
UDF1 awarded -5000

Round #924, UDF1 (-43863), The_1__Gamblers (43863)
UDF1 posts blind: 10
The_1__Gamblers posts blind: 20
UDF1 received [3c 7s]
The_1__Gamblers received [9c 9d]
UDF1 folds
UDF1 awarded -10
The_1__Gamblers awarded 10

Round #925, The_1__Gamblers (43873), UDF1 (-43873)
The_1__Gamblers posts blind: 10
UDF1 posts blind: 20
The_1__Gamblers received [5h Qd]
UDF1 received [Kd 6s]
The_1__Gamblers raises to 44
UDF1 raises to 2561
The_1__Gamblers raises to 5000
UDF1 folds
The_1__Gamblers awarded 2561
UDF1 awarded -2561

Round #926, UDF1 (-46434), The_1__Gamblers (46434)
UDF1 posts blind: 10
The_1__Gamblers posts blind: 20
UDF1 received [Ts Th]
The_1__Gamblers received [Ac Jh]
UDF1 raises to 4242
The_1__Gamblers calls
Flop [5c Td Ah], UDF1 (4242), The_1__Gamblers (4242)
The_1__Gamblers bids 9
UDF1 bids 253
UDF1 won the auction and was revealed [Jh]
Flop [5c Td Ah], UDF1 (4251), The_1__Gamblers (4242)
The_1__Gamblers bets 749
UDF1 calls
Turn [5c Td Ah Tc], UDF1 (5000), The_1__Gamblers (4991)
The_1__Gamblers checks
UDF1 checks
River [5c Td Ah Tc 7c], UDF1 (5000), The_1__Gamblers (4991)
The_1__Gamblers checks
UDF1 checks
UDF1 shows [Ts Th]
The_1__Gamblers shows [Ac Jh]
UDF1 awarded 4991
The_1__Gamblers awarded -4991

Round #927, The_1__Gamblers (41443), UDF1 (-41443)
The_1__Gamblers posts blind: 10
UDF1 posts blind: 20
The_1__Gamblers received [9s Ts]
UDF1 received [7c 8d]
The_1__Gamblers raises to 44
UDF1 folds
The_1__Gamblers awarded 20
UDF1 awarded -20

Round #928, UDF1 (-41463), The_1__Gamblers (41463)
UDF1 posts blind: 10
The_1__Gamblers posts blind: 20
UDF1 received [6h Kh]
The_1__Gamblers received [Jc 8h]
UDF1 folds
UDF1 awarded -10
The_1__Gamblers awarded 10

Round #929, The_1__Gamblers (41473), UDF1 (-41473)
The_1__Gamblers posts blind: 10
UDF1 posts blind: 20
The_1__Gamblers received [Qc 7c]
UDF1 received [7s 4s]
The_1__Gamblers raises to 44
UDF1 folds
The_1__Gamblers awarded 20
UDF1 awarded -20

Round #930, UDF1 (-41493), The_1__Gamblers (41493)
UDF1 posts blind: 10
The_1__Gamblers posts blind: 20
UDF1 received [5c Qs]
The_1__Gamblers received [4s 7d]
UDF1 folds
UDF1 awarded -10
The_1__Gamblers awarded 10

Round #931, The_1__Gamblers (41503), UDF1 (-41503)
The_1__Gamblers posts blind: 10
UDF1 posts blind: 20
The_1__Gamblers received [6s Tc]
UDF1 received [Th 7s]
The_1__Gamblers raises to 44
UDF1 folds
The_1__Gamblers awarded 20
UDF1 awarded -20

Round #932, UDF1 (-41523), The_1__Gamblers (41523)
UDF1 posts blind: 10
The_1__Gamblers posts blind: 20
UDF1 received [2d Kh]
The_1__Gamblers received [4s 2h]
UDF1 folds
UDF1 awarded -10
The_1__Gamblers awarded 10

Round #933, The_1__Gamblers (41533), UDF1 (-41533)
The_1__Gamblers posts blind: 10
UDF1 posts blind: 20
The_1__Gamblers received [9s 5h]
UDF1 received [8c Qh]
The_1__Gamblers raises to 44
UDF1 folds
The_1__Gamblers awarded 20
UDF1 awarded -20

Round #934, UDF1 (-41553), The_1__Gamblers (41553)
UDF1 posts blind: 10
The_1__Gamblers posts blind: 20
UDF1 received [7s 6h]
The_1__Gamblers received [Kd 7c]
UDF1 folds
UDF1 awarded -10
The_1__Gamblers awarded 10

Round #935, The_1__Gamblers (41563), UDF1 (-41563)
The_1__Gamblers posts blind: 10
UDF1 posts blind: 20
The_1__Gamblers received [Tc 2d]
UDF1 received [6d Ts]
The_1__Gamblers calls
UDF1 checks
Flop [Th Kc 2s], The_1__Gamblers (20), UDF1 (20)
UDF1 bids 261
The_1__Gamblers bids 25
UDF1 won the auction and was revealed [2d]
Flop [Th Kc 2s], The_1__Gamblers (20), UDF1 (45)
UDF1 bets 2849
The_1__Gamblers raises to 4955
UDF1 calls
Turn [Th Kc 2s 4h], The_1__Gamblers (4975), UDF1 (5000)
UDF1 checks
The_1__Gamblers checks
River [Th Kc 2s 4h Jc], The_1__Gamblers (4975), UDF1 (5000)
UDF1 checks
The_1__Gamblers checks
The_1__Gamblers shows [Tc 2d]
UDF1 shows [6d Ts]
The_1__Gamblers awarded 5000
UDF1 awarded -5000

Round #936, UDF1 (-46563), The_1__Gamblers (46563)
UDF1 posts blind: 10
The_1__Gamblers posts blind: 20
UDF1 received [5c 5h]
The_1__Gamblers received [Jh 4s]
UDF1 raises to 2882
The_1__Gamblers calls
Flop [7s 9c Jd], UDF1 (2882), The_1__Gamblers (2882)
The_1__Gamblers bids 63
UDF1 bids 0
The_1__Gamblers won the auction and was revealed [5h]
Flop [7s 9c Jd], UDF1 (2882), The_1__Gamblers (2882)
The_1__Gamblers bets 2118
UDF1 calls
Turn [7s 9c Jd Ts], UDF1 (5000), The_1__Gamblers (5000)
The_1__Gamblers checks
UDF1 checks
River [7s 9c Jd Ts 7h], UDF1 (5000), The_1__Gamblers (5000)
The_1__Gamblers checks
UDF1 checks
UDF1 shows [5c 5h]
The_1__Gamblers shows [Jh 4s]
UDF1 awarded -5000
The_1__Gamblers awarded 5000

Round #937, The_1__Gamblers (51563), UDF1 (-51563)
The_1__Gamblers posts blind: 10
UDF1 posts blind: 20
The_1__Gamblers received [As 2c]
UDF1 received [8h 2s]
The_1__Gamblers raises to 44
UDF1 folds
The_1__Gamblers awarded 20
UDF1 awarded -20

Round #938, UDF1 (-51583), The_1__Gamblers (51583)
UDF1 posts blind: 10
The_1__Gamblers posts blind: 20
UDF1 received [Ac Ts]
The_1__Gamblers received [Qs 8h]
UDF1 calls
The_1__Gamblers checks
Flop [5h 7s Kd], UDF1 (20), The_1__Gamblers (20)
The_1__Gamblers bids 367
UDF1 bids 292
The_1__Gamblers won the auction and was revealed [Ts]
Flop [5h 7s Kd], UDF1 (20), The_1__Gamblers (312)
The_1__Gamblers checks
UDF1 checks
Turn [5h 7s Kd Jc], UDF1 (20), The_1__Gamblers (312)
The_1__Gamblers checks
UDF1 checks
River [5h 7s Kd Jc Ah], UDF1 (20), The_1__Gamblers (312)
The_1__Gamblers checks
UDF1 bets 4450
The_1__Gamblers folds
UDF1 awarded 312
The_1__Gamblers awarded -312

Round #939, The_1__Gamblers (51271), UDF1 (-51271)
The_1__Gamblers posts blind: 10
UDF1 posts blind: 20
The_1__Gamblers received [6s 3s]
UDF1 received [Td 3d]
The_1__Gamblers raises to 44
UDF1 folds
The_1__Gamblers awarded 20
UDF1 awarded -20

Round #940, UDF1 (-51291), The_1__Gamblers (51291)
UDF1 posts blind: 10
The_1__Gamblers posts blind: 20
UDF1 received [Jd 5d]
The_1__Gamblers received [7c Th]
UDF1 raises to 2254
The_1__Gamblers calls
Flop [2s 2h 7h], UDF1 (2254), The_1__Gamblers (2254)
The_1__Gamblers bids 107
UDF1 bids 428
UDF1 won the auction and was revealed [7c]
Flop [2s 2h 7h], UDF1 (2361), The_1__Gamblers (2254)
The_1__Gamblers bets 2639
UDF1 folds
UDF1 awarded -2361
The_1__Gamblers awarded 2361

Round #941, The_1__Gamblers (53652), UDF1 (-53652)
The_1__Gamblers posts blind: 10
UDF1 posts blind: 20
The_1__Gamblers received [6h Td]
UDF1 received [9c Js]
The_1__Gamblers raises to 44
UDF1 folds
The_1__Gamblers awarded 20
UDF1 awarded -20

Round #942, UDF1 (-53672), The_1__Gamblers (53672)
UDF1 posts blind: 10
The_1__Gamblers posts blind: 20
UDF1 received [8c Ad]
The_1__Gamblers received [Qd 4d]
UDF1 raises to 2410
The_1__Gamblers calls
Flop [7c 9h 6c], UDF1 (2410), The_1__Gamblers (2410)
The_1__Gamblers bids 158
UDF1 bids 457
UDF1 won the auction and was revealed [4d]
Flop [7c 9h 6c], UDF1 (2568), The_1__Gamblers (2410)
The_1__Gamblers checks
UDF1 bets 2213
The_1__Gamblers calls
Turn [7c 9h 6c 5h], UDF1 (4781), The_1__Gamblers (4623)
The_1__Gamblers checks
UDF1 bets 195
The_1__Gamblers raises to 219
UDF1 calls
River [7c 9h 6c 5h 6h], UDF1 (5000), The_1__Gamblers (4842)
The_1__Gamblers checks
UDF1 checks
UDF1 shows [8c Ad]
The_1__Gamblers shows [Qd 4d]
UDF1 awarded 4842
The_1__Gamblers awarded -4842

Round #943, The_1__Gamblers (48830), UDF1 (-48830)
The_1__Gamblers posts blind: 10
UDF1 posts blind: 20
The_1__Gamblers received [6d Kd]
UDF1 received [Ah 8h]
The_1__Gamblers raises to 44
UDF1 calls
Flop [7s 4s 6s], The_1__Gamblers (44), UDF1 (44)
UDF1 bids 255
The_1__Gamblers bids 278
The_1__Gamblers won the auction and was revealed [Ah]
Flop [7s 4s 6s], The_1__Gamblers (299), UDF1 (44)
UDF1 checks
The_1__Gamblers bets 205
UDF1 calls
Turn [7s 4s 6s Td], The_1__Gamblers (504), UDF1 (249)
UDF1 checks
The_1__Gamblers bets 248
UDF1 calls
River [7s 4s 6s Td 4d], The_1__Gamblers (752), UDF1 (497)
UDF1 checks
The_1__Gamblers bets 412
UDF1 calls
The_1__Gamblers shows [6d Kd]
UDF1 shows [Ah 8h]
The_1__Gamblers awarded 909
UDF1 awarded -909

Round #944, UDF1 (-49739), The_1__Gamblers (49739)
UDF1 posts blind: 10
The_1__Gamblers posts blind: 20
UDF1 received [Jc Tc]
The_1__Gamblers received [Ah Th]
UDF1 raises to 2976
The_1__Gamblers calls
Flop [3c 9s Kh], UDF1 (2976), The_1__Gamblers (2976)
The_1__Gamblers bids 148
UDF1 bids 277
UDF1 won the auction and was revealed [Th]
Flop [3c 9s Kh], UDF1 (3124), The_1__Gamblers (2976)
The_1__Gamblers bets 1876
UDF1 calls
Turn [3c 9s Kh Js], UDF1 (5000), The_1__Gamblers (4852)
The_1__Gamblers checks
UDF1 checks
River [3c 9s Kh Js 8d], UDF1 (5000), The_1__Gamblers (4852)
The_1__Gamblers checks
UDF1 checks
UDF1 shows [Jc Tc]
The_1__Gamblers shows [Ah Th]
UDF1 awarded 4852
The_1__Gamblers awarded -4852

Round #945, The_1__Gamblers (44887), UDF1 (-44887)
The_1__Gamblers posts blind: 10
UDF1 posts blind: 20
The_1__Gamblers received [Kc Jc]
UDF1 received [6c Ah]
The_1__Gamblers raises to 44
UDF1 folds
The_1__Gamblers awarded 20
UDF1 awarded -20

Round #946, UDF1 (-44907), The_1__Gamblers (44907)
UDF1 posts blind: 10
The_1__Gamblers posts blind: 20
UDF1 received [8h Td]
The_1__Gamblers received [8s 9c]
UDF1 raises to 2084
The_1__Gamblers calls
Flop [Qd 8c 3h], UDF1 (2084), The_1__Gamblers (2084)
The_1__Gamblers bids 135
UDF1 bids 268
UDF1 won the auction and was revealed [8s]
Flop [Qd 8c 3h], UDF1 (2219), The_1__Gamblers (2084)
The_1__Gamblers bets 2781
UDF1 calls
Turn [Qd 8c 3h 4c], UDF1 (5000), The_1__Gamblers (4865)
The_1__Gamblers checks
UDF1 checks
River [Qd 8c 3h 4c 9s], UDF1 (5000), The_1__Gamblers (4865)
The_1__Gamblers checks
UDF1 checks
UDF1 shows [8h Td]
The_1__Gamblers shows [8s 9c]
UDF1 awarded -5000
The_1__Gamblers awarded 5000

Round #947, The_1__Gamblers (49907), UDF1 (-49907)
The_1__Gamblers posts blind: 10
UDF1 posts blind: 20
The_1__Gamblers received [Jh Td]
UDF1 received [Kc Js]
The_1__Gamblers raises to 44
UDF1 calls
Flop [Jc 7s Tc], The_1__Gamblers (44), UDF1 (44)
UDF1 bids 279
The_1__Gamblers bids 30
UDF1 won the auction and was revealed [Td]
Flop [Jc 7s Tc], The_1__Gamblers (44), UDF1 (74)
UDF1 bets 3332
The_1__Gamblers raises to 4926
UDF1 calls
Turn [Jc 7s Tc 3s], The_1__Gamblers (4970), UDF1 (5000)
UDF1 checks
The_1__Gamblers checks
River [Jc 7s Tc 3s 8d], The_1__Gamblers (4970), UDF1 (5000)
UDF1 checks
The_1__Gamblers checks
The_1__Gamblers shows [Jh Td]
UDF1 shows [Kc Js]
The_1__Gamblers awarded 5000
UDF1 awarded -5000

Round #948, UDF1 (-54907), The_1__Gamblers (54907)
UDF1 posts blind: 10
The_1__Gamblers posts blind: 20
UDF1 received [6h 9s]
The_1__Gamblers received [2d Qs]
UDF1 folds
UDF1 awarded -10
The_1__Gamblers awarded 10

Round #949, The_1__Gamblers (54917), UDF1 (-54917)
The_1__Gamblers posts blind: 10
UDF1 posts blind: 20
The_1__Gamblers received [6h 5s]
UDF1 received [7c 8h]
The_1__Gamblers raises to 44
UDF1 folds
The_1__Gamblers awarded 20
UDF1 awarded -20

Round #950, UDF1 (-54937), The_1__Gamblers (54937)
UDF1 posts blind: 10
The_1__Gamblers posts blind: 20
UDF1 received [9h 7c]
The_1__Gamblers received [4c Jd]
UDF1 raises to 2197
The_1__Gamblers calls
Flop [4s Ac Kd], UDF1 (2197), The_1__Gamblers (2197)
The_1__Gamblers bids 174
UDF1 bids 252
UDF1 won the auction and was revealed [Jd]
Flop [4s Ac Kd], UDF1 (2371), The_1__Gamblers (2197)
The_1__Gamblers bets 2629
UDF1 folds
UDF1 awarded -2371
The_1__Gamblers awarded 2371

Round #951, The_1__Gamblers (57308), UDF1 (-57308)
The_1__Gamblers posts blind: 10
UDF1 posts blind: 20
The_1__Gamblers received [Ah 6d]
UDF1 received [8h 3c]
The_1__Gamblers raises to 44
UDF1 folds
The_1__Gamblers awarded 20
UDF1 awarded -20

Round #952, UDF1 (-57328), The_1__Gamblers (57328)
UDF1 posts blind: 10
The_1__Gamblers posts blind: 20
UDF1 received [Jd 3c]
The_1__Gamblers received [Kh 9h]
UDF1 folds
UDF1 awarded -10
The_1__Gamblers awarded 10

Round #953, The_1__Gamblers (57338), UDF1 (-57338)
The_1__Gamblers posts blind: 10
UDF1 posts blind: 20
The_1__Gamblers received [8c 3c]
UDF1 received [3h Jc]
The_1__Gamblers raises to 44
UDF1 raises to 2414
The_1__Gamblers raises to 4784
UDF1 folds
The_1__Gamblers awarded 2414
UDF1 awarded -2414

Round #954, UDF1 (-59752), The_1__Gamblers (59752)
UDF1 posts blind: 10
The_1__Gamblers posts blind: 20
UDF1 received [3h Js]
The_1__Gamblers received [Ac 3c]
UDF1 folds
UDF1 awarded -10
The_1__Gamblers awarded 10

Round #955, The_1__Gamblers (59762), UDF1 (-59762)
The_1__Gamblers posts blind: 10
UDF1 posts blind: 20
The_1__Gamblers received [Qh 8c]
UDF1 received [Ts 4c]
The_1__Gamblers raises to 44
UDF1 folds
The_1__Gamblers awarded 20
UDF1 awarded -20

Round #956, UDF1 (-59782), The_1__Gamblers (59782)
UDF1 posts blind: 10
The_1__Gamblers posts blind: 20
UDF1 received [Js As]
The_1__Gamblers received [Td Qh]
UDF1 raises to 4287
The_1__Gamblers calls
Flop [9c 9s Jc], UDF1 (4287), The_1__Gamblers (4287)
The_1__Gamblers bids 53
UDF1 bids 520
UDF1 won the auction and was revealed [Qh]
Flop [9c 9s Jc], UDF1 (4340), The_1__Gamblers (4287)
The_1__Gamblers bets 660
UDF1 calls
Turn [9c 9s Jc 8c], UDF1 (5000), The_1__Gamblers (4947)
The_1__Gamblers checks
UDF1 checks
River [9c 9s Jc 8c 5d], UDF1 (5000), The_1__Gamblers (4947)
The_1__Gamblers checks
UDF1 checks
UDF1 shows [Js As]
The_1__Gamblers shows [Td Qh]
UDF1 awarded -5000
The_1__Gamblers awarded 5000

Round #957, The_1__Gamblers (64782), UDF1 (-64782)
The_1__Gamblers posts blind: 10
UDF1 posts blind: 20
The_1__Gamblers received [8d 7s]
UDF1 received [Jc 2h]
The_1__Gamblers raises to 44
UDF1 folds
The_1__Gamblers awarded 20
UDF1 awarded -20

Round #958, UDF1 (-64802), The_1__Gamblers (64802)
UDF1 posts blind: 10
The_1__Gamblers posts blind: 20
UDF1 received [Td 9c]
The_1__Gamblers received [2d 9d]
UDF1 raises to 2738
The_1__Gamblers calls
Flop [5c 6h 2h], UDF1 (2738), The_1__Gamblers (2738)
The_1__Gamblers bids 154
UDF1 bids 262
UDF1 won the auction and was revealed [9d]
Flop [5c 6h 2h], UDF1 (2892), The_1__Gamblers (2738)
The_1__Gamblers bets 2108
UDF1 calls
Turn [5c 6h 2h 7s], UDF1 (5000), The_1__Gamblers (4846)
The_1__Gamblers checks
UDF1 checks
River [5c 6h 2h 7s 6c], UDF1 (5000), The_1__Gamblers (4846)
The_1__Gamblers checks
UDF1 checks
UDF1 shows [Td 9c]
The_1__Gamblers shows [2d 9d]
UDF1 awarded -5000
The_1__Gamblers awarded 5000

Round #959, The_1__Gamblers (69802), UDF1 (-69802)
The_1__Gamblers posts blind: 10
UDF1 posts blind: 20
The_1__Gamblers received [Jd Kh]
UDF1 received [Jh 2s]
The_1__Gamblers raises to 44
UDF1 calls
Flop [5s Qd 9s], The_1__Gamblers (44), UDF1 (44)
UDF1 bids 229
The_1__Gamblers bids 370
The_1__Gamblers won the auction and was revealed [2s]
Flop [5s Qd 9s], The_1__Gamblers (273), UDF1 (44)
UDF1 checks
The_1__Gamblers bets 104
UDF1 calls
Turn [5s Qd 9s Ts], The_1__Gamblers (377), UDF1 (148)
UDF1 checks
The_1__Gamblers bets 656
UDF1 calls
River [5s Qd 9s Ts 5c], The_1__Gamblers (1033), UDF1 (804)
UDF1 checks
The_1__Gamblers bets 2296
UDF1 folds
The_1__Gamblers awarded 804
UDF1 awarded -804

Round #960, UDF1 (-70606), The_1__Gamblers (70606)
UDF1 posts blind: 10
The_1__Gamblers posts blind: 20
UDF1 received [Kc 2s]
The_1__Gamblers received [Ac Kd]
UDF1 folds
UDF1 awarded -10
The_1__Gamblers awarded 10

Round #961, The_1__Gamblers (70616), UDF1 (-70616)
The_1__Gamblers posts blind: 10
UDF1 posts blind: 20
The_1__Gamblers received [Kc 3s]
UDF1 received [2s Ah]
The_1__Gamblers raises to 44
UDF1 calls
Flop [7c 8c 8h], The_1__Gamblers (44), UDF1 (44)
UDF1 bids 274
The_1__Gamblers bids 371
The_1__Gamblers won the auction and was revealed [Ah]
Flop [7c 8c 8h], The_1__Gamblers (318), UDF1 (44)
UDF1 checks
The_1__Gamblers bets 119
UDF1 calls
Turn [7c 8c 8h 8s], The_1__Gamblers (437), UDF1 (163)
UDF1 bets 2728
The_1__Gamblers calls
River [7c 8c 8h 8s Th], The_1__Gamblers (3165), UDF1 (2891)
UDF1 bets 1562
The_1__Gamblers raises to 1835
UDF1 calls
The_1__Gamblers shows [Kc 3s]
UDF1 shows [2s Ah]
The_1__Gamblers awarded -5000
UDF1 awarded 5000

Round #962, UDF1 (-65616), The_1__Gamblers (65616)
UDF1 posts blind: 10
The_1__Gamblers posts blind: 20
UDF1 received [Qs 2h]
The_1__Gamblers received [8c 9h]
UDF1 calls
The_1__Gamblers checks
Flop [6d Kc Js], UDF1 (20), The_1__Gamblers (20)
The_1__Gamblers bids 289
UDF1 bids 246
The_1__Gamblers won the auction and was revealed [2h]
Flop [6d Kc Js], UDF1 (20), The_1__Gamblers (266)
The_1__Gamblers checks
UDF1 checks
Turn [6d Kc Js 3h], UDF1 (20), The_1__Gamblers (266)
The_1__Gamblers checks
UDF1 checks
River [6d Kc Js 3h Ad], UDF1 (20), The_1__Gamblers (266)
The_1__Gamblers checks
UDF1 checks
UDF1 shows [Qs 2h]
The_1__Gamblers shows [8c 9h]
UDF1 awarded 266
The_1__Gamblers awarded -266

Round #963, The_1__Gamblers (65350), UDF1 (-65350)
The_1__Gamblers posts blind: 10
UDF1 posts blind: 20
The_1__Gamblers received [Kd Ad]
UDF1 received [4d 6c]
The_1__Gamblers raises to 44
UDF1 raises to 2428
The_1__Gamblers raises to 4812
UDF1 folds
The_1__Gamblers awarded 2428
UDF1 awarded -2428

Round #964, UDF1 (-67778), The_1__Gamblers (67778)
UDF1 posts blind: 10
The_1__Gamblers posts blind: 20
UDF1 received [8h 4s]
The_1__Gamblers received [Tc Jc]
UDF1 folds
UDF1 awarded -10
The_1__Gamblers awarded 10

Round #965, The_1__Gamblers (67788), UDF1 (-67788)
The_1__Gamblers posts blind: 10
UDF1 posts blind: 20
The_1__Gamblers received [Kd 2c]
UDF1 received [3d Jc]
The_1__Gamblers calls
UDF1 checks
Flop [7s 3h 2d], The_1__Gamblers (20), UDF1 (20)
UDF1 bids 266
The_1__Gamblers bids 316
The_1__Gamblers won the auction and was revealed [Jc]
Flop [7s 3h 2d], The_1__Gamblers (286), UDF1 (20)
UDF1 bets 3166
The_1__Gamblers raises to 4714
UDF1 calls
Turn [7s 3h 2d 2h], The_1__Gamblers (5000), UDF1 (4734)
UDF1 checks
The_1__Gamblers checks
River [7s 3h 2d 2h 2s], The_1__Gamblers (5000), UDF1 (4734)
UDF1 checks
The_1__Gamblers checks
The_1__Gamblers shows [Kd 2c]
UDF1 shows [3d Jc]
The_1__Gamblers awarded 4734
UDF1 awarded -4734

Round #966, UDF1 (-72522), The_1__Gamblers (72522)
UDF1 posts blind: 10
The_1__Gamblers posts blind: 20
UDF1 received [Qs 3d]
The_1__Gamblers received [Th 8s]
UDF1 folds
UDF1 awarded -10
The_1__Gamblers awarded 10

Round #967, The_1__Gamblers (72532), UDF1 (-72532)
The_1__Gamblers posts blind: 10
UDF1 posts blind: 20
The_1__Gamblers received [Th As]
UDF1 received [3d 5c]
The_1__Gamblers raises to 44
UDF1 folds
The_1__Gamblers awarded 20
UDF1 awarded -20

Round #968, UDF1 (-72552), The_1__Gamblers (72552)
UDF1 posts blind: 10
The_1__Gamblers posts blind: 20
UDF1 received [4h 2d]
The_1__Gamblers received [Ks Td]
UDF1 folds
UDF1 awarded -10
The_1__Gamblers awarded 10

Round #969, The_1__Gamblers (72562), UDF1 (-72562)
The_1__Gamblers posts blind: 10
UDF1 posts blind: 20
The_1__Gamblers received [9h Td]
UDF1 received [Qh Ac]
The_1__Gamblers raises to 44
UDF1 raises to 4193
The_1__Gamblers raises to 5000
UDF1 calls
Flop [Ah 3d 7s], The_1__Gamblers (5000), UDF1 (5000)
UDF1 bids 0
The_1__Gamblers bids 0
The_1__Gamblers won the auction and was revealed [Ac]
UDF1 won the auction and was revealed [Td]
Flop [Ah 3d 7s], The_1__Gamblers (5000), UDF1 (5000)
UDF1 checks
The_1__Gamblers checks
Turn [Ah 3d 7s 7h], The_1__Gamblers (5000), UDF1 (5000)
UDF1 checks
The_1__Gamblers checks
River [Ah 3d 7s 7h As], The_1__Gamblers (5000), UDF1 (5000)
UDF1 checks
The_1__Gamblers checks
The_1__Gamblers shows [9h Td]
UDF1 shows [Qh Ac]
The_1__Gamblers awarded -5000
UDF1 awarded 5000

Round #970, UDF1 (-67562), The_1__Gamblers (67562)
UDF1 posts blind: 10
The_1__Gamblers posts blind: 20
UDF1 received [Kh 5d]
The_1__Gamblers received [Jc 9s]
UDF1 raises to 2417
The_1__Gamblers calls
Flop [5s 2c 3c], UDF1 (2417), The_1__Gamblers (2417)
The_1__Gamblers bids 140
UDF1 bids 551
UDF1 won the auction and was revealed [9s]
Flop [5s 2c 3c], UDF1 (2557), The_1__Gamblers (2417)
The_1__Gamblers checks
UDF1 bets 1957
The_1__Gamblers calls
Turn [5s 2c 3c 5h], UDF1 (4514), The_1__Gamblers (4374)
The_1__Gamblers checks
UDF1 bets 426
The_1__Gamblers raises to 486
UDF1 calls
River [5s 2c 3c 5h 6d], UDF1 (5000), The_1__Gamblers (4860)
The_1__Gamblers checks
UDF1 checks
UDF1 shows [Kh 5d]
The_1__Gamblers shows [Jc 9s]
UDF1 awarded 4860
The_1__Gamblers awarded -4860

Round #971, The_1__Gamblers (62702), UDF1 (-62702)
The_1__Gamblers posts blind: 10
UDF1 posts blind: 20
The_1__Gamblers received [9h Kd]
UDF1 received [Th 6h]
The_1__Gamblers raises to 44
UDF1 folds
The_1__Gamblers awarded 20
UDF1 awarded -20

Round #972, UDF1 (-62722), The_1__Gamblers (62722)
UDF1 posts blind: 10
The_1__Gamblers posts blind: 20
UDF1 received [Js 4d]
The_1__Gamblers received [8d 3c]
UDF1 folds
UDF1 awarded -10
The_1__Gamblers awarded 10

Round #973, The_1__Gamblers (62732), UDF1 (-62732)
The_1__Gamblers posts blind: 10
UDF1 posts blind: 20
The_1__Gamblers received [7d Ah]
UDF1 received [Ts 7h]
The_1__Gamblers raises to 44
UDF1 folds
The_1__Gamblers awarded 20
UDF1 awarded -20

Round #974, UDF1 (-62752), The_1__Gamblers (62752)
UDF1 posts blind: 10
The_1__Gamblers posts blind: 20
UDF1 received [9d 2c]
The_1__Gamblers received [Jd Ah]
UDF1 folds
UDF1 awarded -10
The_1__Gamblers awarded 10

Round #975, The_1__Gamblers (62762), UDF1 (-62762)
The_1__Gamblers posts blind: 10
UDF1 posts blind: 20
The_1__Gamblers received [Qh 9s]
UDF1 received [Ac 7c]
The_1__Gamblers raises to 44
UDF1 raises to 2852
The_1__Gamblers raises to 5000
UDF1 calls
Flop [Qs 7h 4s], The_1__Gamblers (5000), UDF1 (5000)
UDF1 bids 0
The_1__Gamblers bids 0
The_1__Gamblers won the auction and was revealed [Ac]
UDF1 won the auction and was revealed [9s]
Flop [Qs 7h 4s], The_1__Gamblers (5000), UDF1 (5000)
UDF1 checks
The_1__Gamblers checks
Turn [Qs 7h 4s Kd], The_1__Gamblers (5000), UDF1 (5000)
UDF1 checks
The_1__Gamblers checks
River [Qs 7h 4s Kd Ts], The_1__Gamblers (5000), UDF1 (5000)
UDF1 checks
The_1__Gamblers checks
The_1__Gamblers shows [Qh 9s]
UDF1 shows [Ac 7c]
The_1__Gamblers awarded 5000
UDF1 awarded -5000

Round #976, UDF1 (-67762), The_1__Gamblers (67762)
UDF1 posts blind: 10
The_1__Gamblers posts blind: 20
UDF1 received [As Ac]
The_1__Gamblers received [4d 8h]
UDF1 raises to 4559
The_1__Gamblers calls
Flop [6d 8c 2d], UDF1 (4559), The_1__Gamblers (4559)
The_1__Gamblers bids 14
UDF1 bids 199
UDF1 won the auction and was revealed [4d]
Flop [6d 8c 2d], UDF1 (4573), The_1__Gamblers (4559)
The_1__Gamblers bets 427
UDF1 calls
Turn [6d 8c 2d 7s], UDF1 (5000), The_1__Gamblers (4986)
The_1__Gamblers checks
UDF1 checks
River [6d 8c 2d 7s 7d], UDF1 (5000), The_1__Gamblers (4986)
The_1__Gamblers checks
UDF1 checks
UDF1 shows [As Ac]
The_1__Gamblers shows [4d 8h]
UDF1 awarded 4986
The_1__Gamblers awarded -4986

Round #977, The_1__Gamblers (62776), UDF1 (-62776)
The_1__Gamblers posts blind: 10
UDF1 posts blind: 20
The_1__Gamblers received [6d 4d]
UDF1 received [Ah Jd]
The_1__Gamblers raises to 44
UDF1 raises to 4377
The_1__Gamblers raises to 5000
UDF1 calls
Flop [6c 6h 3s], The_1__Gamblers (5000), UDF1 (5000)
UDF1 bids 0
The_1__Gamblers bids 0
The_1__Gamblers won the auction and was revealed [Jd]
UDF1 won the auction and was revealed [6d]
Flop [6c 6h 3s], The_1__Gamblers (5000), UDF1 (5000)
UDF1 checks
The_1__Gamblers checks
Turn [6c 6h 3s Kd], The_1__Gamblers (5000), UDF1 (5000)
UDF1 checks
The_1__Gamblers checks
River [6c 6h 3s Kd Kc], The_1__Gamblers (5000), UDF1 (5000)
UDF1 checks
The_1__Gamblers checks
The_1__Gamblers shows [6d 4d]
UDF1 shows [Ah Jd]
The_1__Gamblers awarded 5000
UDF1 awarded -5000

Round #978, UDF1 (-67776), The_1__Gamblers (67776)
UDF1 posts blind: 10
The_1__Gamblers posts blind: 20
UDF1 received [5c 2h]
The_1__Gamblers received [6c Th]
UDF1 folds
UDF1 awarded -10
The_1__Gamblers awarded 10

Round #979, The_1__Gamblers (67786), UDF1 (-67786)
The_1__Gamblers posts blind: 10
UDF1 posts blind: 20
The_1__Gamblers received [2h 4c]
UDF1 received [Td 2s]
The_1__Gamblers raises to 44
UDF1 folds
The_1__Gamblers awarded 20
UDF1 awarded -20

Round #980, UDF1 (-67806), The_1__Gamblers (67806)
UDF1 posts blind: 10
The_1__Gamblers posts blind: 20
UDF1 received [Qc Kh]
The_1__Gamblers received [6c Js]
UDF1 raises to 4067
The_1__Gamblers calls
Flop [4h Qd Ks], UDF1 (4067), The_1__Gamblers (4067)
The_1__Gamblers bids 68
UDF1 bids 219
UDF1 won the auction and was revealed [Js]
Flop [4h Qd Ks], UDF1 (4135), The_1__Gamblers (4067)
The_1__Gamblers checks
UDF1 bets 765
The_1__Gamblers raises to 865
UDF1 calls
Turn [4h Qd Ks As], UDF1 (5000), The_1__Gamblers (4932)
The_1__Gamblers checks
UDF1 checks
River [4h Qd Ks As 3s], UDF1 (5000), The_1__Gamblers (4932)
The_1__Gamblers checks
UDF1 checks
UDF1 shows [Qc Kh]
The_1__Gamblers shows [6c Js]
UDF1 awarded 4932
The_1__Gamblers awarded -4932

Round #981, The_1__Gamblers (62874), UDF1 (-62874)
The_1__Gamblers posts blind: 10
UDF1 posts blind: 20
The_1__Gamblers received [3d 4d]
UDF1 received [Kh 4s]
The_1__Gamblers raises to 44
UDF1 folds
The_1__Gamblers awarded 20
UDF1 awarded -20

Round #982, UDF1 (-62894), The_1__Gamblers (62894)
UDF1 posts blind: 10
The_1__Gamblers posts blind: 20
UDF1 received [3s Th]
The_1__Gamblers received [Kc Jh]
UDF1 calls
The_1__Gamblers checks
Flop [Kh 5h 9d], UDF1 (20), The_1__Gamblers (20)
The_1__Gamblers bids 69
UDF1 bids 297
UDF1 won the auction and was revealed [Jh]
Flop [Kh 5h 9d], UDF1 (89), The_1__Gamblers (20)
The_1__Gamblers bets 136
UDF1 folds
UDF1 awarded -89
The_1__Gamblers awarded 89

Round #983, The_1__Gamblers (62983), UDF1 (-62983)
The_1__Gamblers posts blind: 10
UDF1 posts blind: 20
The_1__Gamblers received [9s Jd]
UDF1 received [Ac 6s]
The_1__Gamblers raises to 44
UDF1 folds
The_1__Gamblers awarded 20
UDF1 awarded -20

Round #984, UDF1 (-63003), The_1__Gamblers (63003)
UDF1 posts blind: 10
The_1__Gamblers posts blind: 20
UDF1 received [4h Th]
The_1__Gamblers received [Jc 4c]
UDF1 raises to 2382
The_1__Gamblers calls
Flop [Jh 7c 2s], UDF1 (2382), The_1__Gamblers (2382)
The_1__Gamblers bids 73
UDF1 bids 249
UDF1 won the auction and was revealed [4c]
Flop [Jh 7c 2s], UDF1 (2455), The_1__Gamblers (2382)
The_1__Gamblers bets 2545
UDF1 calls
Turn [Jh 7c 2s 3h], UDF1 (5000), The_1__Gamblers (4927)
The_1__Gamblers checks
UDF1 checks
River [Jh 7c 2s 3h Ks], UDF1 (5000), The_1__Gamblers (4927)
The_1__Gamblers checks
UDF1 checks
UDF1 shows [4h Th]
The_1__Gamblers shows [Jc 4c]
UDF1 awarded -5000
The_1__Gamblers awarded 5000

Round #985, The_1__Gamblers (68003), UDF1 (-68003)
The_1__Gamblers posts blind: 10
UDF1 posts blind: 20
The_1__Gamblers received [Kc 4s]
UDF1 received [Qh 6c]
The_1__Gamblers raises to 44
UDF1 folds
The_1__Gamblers awarded 20
UDF1 awarded -20

Round #986, UDF1 (-68023), The_1__Gamblers (68023)
UDF1 posts blind: 10
The_1__Gamblers posts blind: 20
UDF1 received [Ac 3h]
The_1__Gamblers received [6c Td]
UDF1 folds
UDF1 awarded -10
The_1__Gamblers awarded 10

Round #987, The_1__Gamblers (68033), UDF1 (-68033)
The_1__Gamblers posts blind: 10
UDF1 posts blind: 20
The_1__Gamblers received [3c 4d]
UDF1 received [Ah Qs]
The_1__Gamblers raises to 44
UDF1 raises to 4323
The_1__Gamblers raises to 5000
UDF1 calls
Flop [7h 8d 3d], The_1__Gamblers (5000), UDF1 (5000)
UDF1 bids 0
The_1__Gamblers bids 0
The_1__Gamblers won the auction and was revealed [Ah]
UDF1 won the auction and was revealed [3c]
Flop [7h 8d 3d], The_1__Gamblers (5000), UDF1 (5000)
UDF1 checks
The_1__Gamblers checks
Turn [7h 8d 3d Ac], The_1__Gamblers (5000), UDF1 (5000)
UDF1 checks
The_1__Gamblers checks
River [7h 8d 3d Ac As], The_1__Gamblers (5000), UDF1 (5000)
UDF1 checks
The_1__Gamblers checks
The_1__Gamblers shows [3c 4d]
UDF1 shows [Ah Qs]
The_1__Gamblers awarded -5000
UDF1 awarded 5000

Round #988, UDF1 (-63033), The_1__Gamblers (63033)
UDF1 posts blind: 10
The_1__Gamblers posts blind: 20
UDF1 received [9c Jc]
The_1__Gamblers received [Ac 3c]
UDF1 folds
UDF1 awarded -10
The_1__Gamblers awarded 10

Round #989, The_1__Gamblers (63043), UDF1 (-63043)
The_1__Gamblers posts blind: 10
UDF1 posts blind: 20
The_1__Gamblers received [Ac Kc]
UDF1 received [6h Kh]
The_1__Gamblers raises to 44
UDF1 raises to 2575
The_1__Gamblers raises to 5000
UDF1 folds
The_1__Gamblers awarded 2575
UDF1 awarded -2575

Round #990, UDF1 (-65618), The_1__Gamblers (65618)
UDF1 posts blind: 10
The_1__Gamblers posts blind: 20
UDF1 received [2h 8d]
The_1__Gamblers received [Kh 7s]
UDF1 folds
UDF1 awarded -10
The_1__Gamblers awarded 10

Round #991, The_1__Gamblers (65628), UDF1 (-65628)
The_1__Gamblers posts blind: 10
UDF1 posts blind: 20
The_1__Gamblers received [Qh Qd]
UDF1 received [7c Th]
The_1__Gamblers raises to 44
UDF1 folds
The_1__Gamblers awarded 20
UDF1 awarded -20

Round #992, UDF1 (-65648), The_1__Gamblers (65648)
UDF1 posts blind: 10
The_1__Gamblers posts blind: 20
UDF1 received [Ad 7h]
The_1__Gamblers received [2c 4h]
UDF1 folds
UDF1 awarded -10
The_1__Gamblers awarded 10

Round #993, The_1__Gamblers (65658), UDF1 (-65658)
The_1__Gamblers posts blind: 10
UDF1 posts blind: 20
The_1__Gamblers received [2s Kd]
UDF1 received [Qc 5h]
The_1__Gamblers calls
UDF1 checks
Flop [3c 9s 2d], The_1__Gamblers (20), UDF1 (20)
UDF1 bids 272
The_1__Gamblers bids 316
The_1__Gamblers won the auction and was revealed [5h]
Flop [3c 9s 2d], The_1__Gamblers (292), UDF1 (20)
UDF1 checks
The_1__Gamblers bets 187
UDF1 calls
Turn [3c 9s 2d 4s], The_1__Gamblers (479), UDF1 (207)
UDF1 checks
The_1__Gamblers bets 226
UDF1 calls
River [3c 9s 2d 4s Qd], The_1__Gamblers (705), UDF1 (433)
UDF1 bets 3676
The_1__Gamblers calls
The_1__Gamblers shows [2s Kd]
UDF1 shows [Qc 5h]
The_1__Gamblers awarded -4381
UDF1 awarded 4381

Round #994, UDF1 (-61277), The_1__Gamblers (61277)
UDF1 posts blind: 10
The_1__Gamblers posts blind: 20
UDF1 received [Js 4h]
The_1__Gamblers received [2s 8c]
UDF1 raises to 2111
The_1__Gamblers calls
Flop [8d As Kd], UDF1 (2111), The_1__Gamblers (2111)
The_1__Gamblers bids 192
UDF1 bids 506
UDF1 won the auction and was revealed [8c]
Flop [8d As Kd], UDF1 (2303), The_1__Gamblers (2111)
The_1__Gamblers bets 2648
UDF1 folds
UDF1 awarded -2303
The_1__Gamblers awarded 2303

Round #995, The_1__Gamblers (63580), UDF1 (-63580)
The_1__Gamblers posts blind: 10
UDF1 posts blind: 20
The_1__Gamblers received [Qh Kd]
UDF1 received [7d 4c]
The_1__Gamblers raises to 44
UDF1 raises to 2343
The_1__Gamblers raises to 4642
UDF1 folds
The_1__Gamblers awarded 2343
UDF1 awarded -2343

Round #996, UDF1 (-65923), The_1__Gamblers (65923)
UDF1 posts blind: 10
The_1__Gamblers posts blind: 20
UDF1 received [9s Qc]
The_1__Gamblers received [2c 4d]
UDF1 folds
UDF1 awarded -10
The_1__Gamblers awarded 10

Round #997, The_1__Gamblers (65933), UDF1 (-65933)
The_1__Gamblers posts blind: 10
UDF1 posts blind: 20
The_1__Gamblers received [2c 7h]
UDF1 received [4h 9s]
The_1__Gamblers calls
UDF1 raises to 2087
The_1__Gamblers calls
Flop [Tc 5d Js], The_1__Gamblers (2087), UDF1 (2087)
UDF1 bids 281
The_1__Gamblers bids 65
UDF1 won the auction and was revealed [2c]
Flop [Tc 5d Js], The_1__Gamblers (2087), UDF1 (2152)
UDF1 checks
The_1__Gamblers checks
Turn [Tc 5d Js 3d], The_1__Gamblers (2087), UDF1 (2152)
UDF1 checks
The_1__Gamblers checks
River [Tc 5d Js 3d Td], The_1__Gamblers (2087), UDF1 (2152)
UDF1 checks
The_1__Gamblers checks
The_1__Gamblers shows [2c 7h]
UDF1 shows [4h 9s]
The_1__Gamblers awarded -2087
UDF1 awarded 2087

Round #998, UDF1 (-63846), The_1__Gamblers (63846)
UDF1 posts blind: 10
The_1__Gamblers posts blind: 20
UDF1 received [9s Ac]
The_1__Gamblers received [Qh 5c]
UDF1 folds
UDF1 awarded -10
The_1__Gamblers awarded 10

Round #999, The_1__Gamblers (63856), UDF1 (-63856)
The_1__Gamblers posts blind: 10
UDF1 posts blind: 20
The_1__Gamblers received [8s Kc]
UDF1 received [2c 9c]
The_1__Gamblers raises to 44
UDF1 folds
The_1__Gamblers awarded 20
UDF1 awarded -20

Round #1000, UDF1 (-63876), The_1__Gamblers (63876)
UDF1 posts blind: 10
The_1__Gamblers posts blind: 20
UDF1 received [2s 9d]
The_1__Gamblers received [5h 4c]
UDF1 folds
UDF1 awarded -10
The_1__Gamblers awarded 10

Final, The_1__Gamblers (63886), UDF1 (-63886)