2026-03-01 01:19:14 diet_coke_lovers vs UDF1

Round #1, diet_coke_lovers (0), UDF1 (0)
diet_coke_lovers posts blind: 10
UDF1 posts blind: 20
diet_coke_lovers received [3s 8c]
UDF1 received [9c 9d]
diet_coke_lovers folds
diet_coke_lovers awarded -10
UDF1 awarded 10

Round #2, UDF1 (10), diet_coke_lovers (-10)
UDF1 posts blind: 10
diet_coke_lovers posts blind: 20
UDF1 received [7c Qh]
diet_coke_lovers received [4c 2h]
UDF1 calls
diet_coke_lovers checks
Flop [5h Td Ah], UDF1 (20), diet_coke_lovers (20)
diet_coke_lovers bids 0
UDF1 bids 0
UDF1 won the auction and was revealed [2h]
diet_coke_lovers won the auction and was revealed [Qh]
Flop [5h Td Ah], UDF1 (20), diet_coke_lovers (20)
diet_coke_lovers checks
UDF1 checks
Turn [5h Td Ah 3s], UDF1 (20), diet_coke_lovers (20)
diet_coke_lovers checks
UDF1 checks
River [5h Td Ah 3s 6h], UDF1 (20), diet_coke_lovers (20)
diet_coke_lovers checks
UDF1 checks
UDF1 shows [7c Qh]
diet_coke_lovers shows [4c 2h]
UDF1 awarded -20
diet_coke_lovers awarded 20

Round #3, diet_coke_lovers (10), UDF1 (-10)
diet_coke_lovers posts blind: 10
UDF1 posts blind: 20
diet_coke_lovers received [Jc Qd]
UDF1 received [4d 4h]
diet_coke_lovers folds
diet_coke_lovers awarded -10
UDF1 awarded 10

Round #4, UDF1 (0), diet_coke_lovers (0)
UDF1 posts blind: 10
diet_coke_lovers posts blind: 20
UDF1 received [2s Jd]
diet_coke_lovers received [Td 9h]
UDF1 calls
diet_coke_lovers checks
Flop [9s 7d 8d], UDF1 (20), diet_coke_lovers (20)
diet_coke_lovers bids 0
UDF1 bids 2
UDF1 won the auction and was revealed [Td]
Flop [9s 7d 8d], UDF1 (20), diet_coke_lovers (20)
diet_coke_lovers checks
UDF1 checks
Turn [9s 7d 8d Ah], UDF1 (20), diet_coke_lovers (20)
diet_coke_lovers checks
UDF1 checks
River [9s 7d 8d Ah 5s], UDF1 (20), diet_coke_lovers (20)
diet_coke_lovers checks
UDF1 checks
UDF1 shows [2s Jd]
diet_coke_lovers shows [Td 9h]
UDF1 awarded -20
diet_coke_lovers awarded 20

Round #5, diet_coke_lovers (20), UDF1 (-20)
diet_coke_lovers posts blind: 10
UDF1 posts blind: 20
diet_coke_lovers received [Kh 5s]
UDF1 received [8h 5h]
diet_coke_lovers folds
diet_coke_lovers awarded -10
UDF1 awarded 10

Round #6, UDF1 (-10), diet_coke_lovers (10)
UDF1 posts blind: 10
diet_coke_lovers posts blind: 20
UDF1 received [As Ks]
diet_coke_lovers received [9d Ad]
UDF1 raises to 4465
diet_coke_lovers folds
UDF1 awarded 20
diet_coke_lovers awarded -20

Round #7, diet_coke_lovers (-10), UDF1 (10)
diet_coke_lovers posts blind: 10
UDF1 posts blind: 20
diet_coke_lovers received [Td 8d]
UDF1 received [5s 3d]
diet_coke_lovers folds
diet_coke_lovers awarded -10
UDF1 awarded 10

Round #8, UDF1 (20), diet_coke_lovers (-20)
UDF1 posts blind: 10
diet_coke_lovers posts blind: 20
UDF1 received [9c Kh]
diet_coke_lovers received [Qc Ts]
UDF1 folds
UDF1 awarded -10
diet_coke_lovers awarded 10

Round #9, diet_coke_lovers (-10), UDF1 (10)
diet_coke_lovers posts blind: 10
UDF1 posts blind: 20
diet_coke_lovers received [2s Qs]
UDF1 received [Ad 8h]
diet_coke_lovers folds
diet_coke_lovers awarded -10
UDF1 awarded 10

Round #10, UDF1 (20), diet_coke_lovers (-20)
UDF1 posts blind: 10
diet_coke_lovers posts blind: 20
UDF1 received [5d 2s]
diet_coke_lovers received [9c 8h]
UDF1 folds
UDF1 awarded -10
diet_coke_lovers awarded 10

Round #11, diet_coke_lovers (-10), UDF1 (10)
diet_coke_lovers posts blind: 10
UDF1 posts blind: 20
diet_coke_lovers received [9s Qs]
UDF1 received [9h Td]
diet_coke_lovers folds
diet_coke_lovers awarded -10
UDF1 awarded 10

Round #12, UDF1 (20), diet_coke_lovers (-20)
UDF1 posts blind: 10
diet_coke_lovers posts blind: 20
UDF1 received [9s 8s]
diet_coke_lovers received [Js 2c]
UDF1 calls
diet_coke_lovers checks
Flop [As 7c 4h], UDF1 (20), diet_coke_lovers (20)
diet_coke_lovers bids 0
UDF1 bids 8
UDF1 won the auction and was revealed [Js]
Flop [As 7c 4h], UDF1 (20), diet_coke_lovers (20)
diet_coke_lovers checks
UDF1 checks
Turn [As 7c 4h 2h], UDF1 (20), diet_coke_lovers (20)
diet_coke_lovers checks
UDF1 checks
River [As 7c 4h 2h 7s], UDF1 (20), diet_coke_lovers (20)
diet_coke_lovers checks
UDF1 checks
UDF1 shows [9s 8s]
diet_coke_lovers shows [Js 2c]
UDF1 awarded -20
diet_coke_lovers awarded 20

Round #13, diet_coke_lovers (0), UDF1 (0)
diet_coke_lovers posts blind: 10
UDF1 posts blind: 20
diet_coke_lovers received [4h 6c]
UDF1 received [Qh As]
diet_coke_lovers folds
diet_coke_lovers awarded -10
UDF1 awarded 10

Round #14, UDF1 (10), diet_coke_lovers (-10)
UDF1 posts blind: 10
diet_coke_lovers posts blind: 20
UDF1 received [5d Js]
diet_coke_lovers received [5h As]
UDF1 folds
UDF1 awarded -10
diet_coke_lovers awarded 10

Round #15, diet_coke_lovers (0), UDF1 (0)
diet_coke_lovers posts blind: 10
UDF1 posts blind: 20
diet_coke_lovers received [8d 6h]
UDF1 received [Jh 3s]
diet_coke_lovers folds
diet_coke_lovers awarded -10
UDF1 awarded 10

Round #16, UDF1 (10), diet_coke_lovers (-10)
UDF1 posts blind: 10
diet_coke_lovers posts blind: 20
UDF1 received [Qd 4s]
diet_coke_lovers received [Th 2s]
UDF1 calls
diet_coke_lovers checks
Flop [Tc Qc Ad], UDF1 (20), diet_coke_lovers (20)
diet_coke_lovers bids 0
UDF1 bids 4
UDF1 won the auction and was revealed [2s]
Flop [Tc Qc Ad], UDF1 (20), diet_coke_lovers (20)
diet_coke_lovers checks
UDF1 bets 3309
diet_coke_lovers folds
UDF1 awarded 20
diet_coke_lovers awarded -20

Round #17, diet_coke_lovers (-30), UDF1 (30)
diet_coke_lovers posts blind: 10
UDF1 posts blind: 20
diet_coke_lovers received [4c 2h]
UDF1 received [5d 3d]
diet_coke_lovers folds
diet_coke_lovers awarded -10
UDF1 awarded 10

Round #18, UDF1 (40), diet_coke_lovers (-40)
UDF1 posts blind: 10
diet_coke_lovers posts blind: 20
UDF1 received [7h Kh]
diet_coke_lovers received [4d Kd]
UDF1 folds
UDF1 awarded -10
diet_coke_lovers awarded 10

Round #19, diet_coke_lovers (-30), UDF1 (30)
diet_coke_lovers posts blind: 10
UDF1 posts blind: 20
diet_coke_lovers received [6s Js]
UDF1 received [Kd 8d]
diet_coke_lovers folds
diet_coke_lovers awarded -10
UDF1 awarded 10

Round #20, UDF1 (40), diet_coke_lovers (-40)
UDF1 posts blind: 10
diet_coke_lovers posts blind: 20
UDF1 received [4d 3c]
diet_coke_lovers received [Kd 4h]
UDF1 calls
diet_coke_lovers checks
Flop [9h 2s 5s], UDF1 (20), diet_coke_lovers (20)
diet_coke_lovers bids 747
UDF1 bids 4
diet_coke_lovers won the auction and was revealed [4d]
Flop [9h 2s 5s], UDF1 (20), diet_coke_lovers (24)
diet_coke_lovers checks
UDF1 checks
Turn [9h 2s 5s 6c], UDF1 (20), diet_coke_lovers (24)
diet_coke_lovers checks
UDF1 bets 3822
diet_coke_lovers folds
UDF1 awarded 24
diet_coke_lovers awarded -24

Round #21, diet_coke_lovers (-64), UDF1 (64)
diet_coke_lovers posts blind: 10
UDF1 posts blind: 20
diet_coke_lovers received [Td Jc]
UDF1 received [Js 9s]
diet_coke_lovers folds
diet_coke_lovers awarded -10
UDF1 awarded 10

Round #22, UDF1 (74), diet_coke_lovers (-74)
UDF1 posts blind: 10
diet_coke_lovers posts blind: 20
UDF1 received [7s Qc]
diet_coke_lovers received [6c 9d]
UDF1 calls
diet_coke_lovers checks
Flop [Qs 2d 5s], UDF1 (20), diet_coke_lovers (20)
diet_coke_lovers bids 0
UDF1 bids 6
UDF1 won the auction and was revealed [6c]
Flop [Qs 2d 5s], UDF1 (20), diet_coke_lovers (20)
diet_coke_lovers checks
UDF1 bets 3581
diet_coke_lovers folds
UDF1 awarded 20
diet_coke_lovers awarded -20

Round #23, diet_coke_lovers (-94), UDF1 (94)
diet_coke_lovers posts blind: 10
UDF1 posts blind: 20
diet_coke_lovers received [Qd 5s]
UDF1 received [3c Th]
diet_coke_lovers folds
diet_coke_lovers awarded -10
UDF1 awarded 10

Round #24, UDF1 (104), diet_coke_lovers (-104)
UDF1 posts blind: 10
diet_coke_lovers posts blind: 20
UDF1 received [Ks Jd]
diet_coke_lovers received [Js Qs]
UDF1 raises to 2323
diet_coke_lovers folds
UDF1 awarded 20
diet_coke_lovers awarded -20

Round #25, diet_coke_lovers (-124), UDF1 (124)
diet_coke_lovers posts blind: 10
UDF1 posts blind: 20
diet_coke_lovers received [Tc 5c]
UDF1 received [Qh 5s]
diet_coke_lovers folds
diet_coke_lovers awarded -10
UDF1 awarded 10

Round #26, UDF1 (134), diet_coke_lovers (-134)
UDF1 posts blind: 10
diet_coke_lovers posts blind: 20
UDF1 received [3h 4c]
diet_coke_lovers received [3s 6s]
UDF1 calls
diet_coke_lovers checks
Flop [Ac Td 9d], UDF1 (20), diet_coke_lovers (20)
diet_coke_lovers bids 0
UDF1 bids 3
UDF1 won the auction and was revealed [6s]
Flop [Ac Td 9d], UDF1 (20), diet_coke_lovers (20)
diet_coke_lovers checks
UDF1 checks
Turn [Ac Td 9d Tc], UDF1 (20), diet_coke_lovers (20)
diet_coke_lovers checks
UDF1 checks
River [Ac Td 9d Tc 3c], UDF1 (20), diet_coke_lovers (20)
diet_coke_lovers checks
UDF1 bets 2863
diet_coke_lovers folds
UDF1 awarded 20
diet_coke_lovers awarded -20

Round #27, diet_coke_lovers (-154), UDF1 (154)
diet_coke_lovers posts blind: 10
UDF1 posts blind: 20
diet_coke_lovers received [9s Kh]
UDF1 received [3h 2s]
diet_coke_lovers folds
diet_coke_lovers awarded -10
UDF1 awarded 10

Round #28, UDF1 (164), diet_coke_lovers (-164)
UDF1 posts blind: 10
diet_coke_lovers posts blind: 20
UDF1 received [5c 6d]
diet_coke_lovers received [4d 7d]
UDF1 folds
UDF1 awarded -10
diet_coke_lovers awarded 10

Round #29, diet_coke_lovers (-154), UDF1 (154)
diet_coke_lovers posts blind: 10
UDF1 posts blind: 20
diet_coke_lovers received [5c 6h]
UDF1 received [8d Ah]
diet_coke_lovers folds
diet_coke_lovers awarded -10
UDF1 awarded 10

Round #30, UDF1 (164), diet_coke_lovers (-164)
UDF1 posts blind: 10
diet_coke_lovers posts blind: 20
UDF1 received [8s 9h]
diet_coke_lovers received [6d Js]
UDF1 calls
diet_coke_lovers checks
Flop [3d 5s 8c], UDF1 (20), diet_coke_lovers (20)
diet_coke_lovers bids 0
UDF1 bids 10
UDF1 won the auction and was revealed [6d]
Flop [3d 5s 8c], UDF1 (20), diet_coke_lovers (20)
diet_coke_lovers checks
UDF1 bets 3064
diet_coke_lovers folds
UDF1 awarded 20
diet_coke_lovers awarded -20

Round #31, diet_coke_lovers (-184), UDF1 (184)
diet_coke_lovers posts blind: 10
UDF1 posts blind: 20
diet_coke_lovers received [3d 9h]
UDF1 received [Ac Qc]
diet_coke_lovers folds
diet_coke_lovers awarded -10
UDF1 awarded 10

Round #32, UDF1 (194), diet_coke_lovers (-194)
UDF1 posts blind: 10
diet_coke_lovers posts blind: 20
UDF1 received [3d 6h]
diet_coke_lovers received [Th 4d]
UDF1 raises to 1662
diet_coke_lovers folds
UDF1 awarded 20
diet_coke_lovers awarded -20

Round #33, diet_coke_lovers (-214), UDF1 (214)
diet_coke_lovers posts blind: 10
UDF1 posts blind: 20
diet_coke_lovers received [Ah 3h]
UDF1 received [Jd Ad]
diet_coke_lovers folds
diet_coke_lovers awarded -10
UDF1 awarded 10

Round #34, UDF1 (224), diet_coke_lovers (-224)
UDF1 posts blind: 10
diet_coke_lovers posts blind: 20
UDF1 received [Jd 9d]
diet_coke_lovers received [Ac 8s]
UDF1 folds
UDF1 awarded -10
diet_coke_lovers awarded 10

Round #35, diet_coke_lovers (-214), UDF1 (214)
diet_coke_lovers posts blind: 10
UDF1 posts blind: 20
diet_coke_lovers received [8s Jh]
UDF1 received [8d Qd]
diet_coke_lovers folds
diet_coke_lovers awarded -10
UDF1 awarded 10

Round #36, UDF1 (224), diet_coke_lovers (-224)
UDF1 posts blind: 10
diet_coke_lovers posts blind: 20
UDF1 received [Js Tc]
diet_coke_lovers received [9d 5c]
UDF1 raises to 1595
diet_coke_lovers folds
UDF1 awarded 20
diet_coke_lovers awarded -20

Round #37, diet_coke_lovers (-244), UDF1 (244)
diet_coke_lovers posts blind: 10
UDF1 posts blind: 20
diet_coke_lovers received [Ah 6d]
UDF1 received [Tc 8c]
diet_coke_lovers folds
diet_coke_lovers awarded -10
UDF1 awarded 10

Round #38, UDF1 (254), diet_coke_lovers (-254)
UDF1 posts blind: 10
diet_coke_lovers posts blind: 20
UDF1 received [Jd Qd]
diet_coke_lovers received [2c Qh]
UDF1 raises to 3914
diet_coke_lovers folds
UDF1 awarded 20
diet_coke_lovers awarded -20

Round #39, diet_coke_lovers (-274), UDF1 (274)
diet_coke_lovers posts blind: 10
UDF1 posts blind: 20
diet_coke_lovers received [2h Qd]
UDF1 received [Ac 2s]
diet_coke_lovers folds
diet_coke_lovers awarded -10
UDF1 awarded 10

Round #40, UDF1 (284), diet_coke_lovers (-284)
UDF1 posts blind: 10
diet_coke_lovers posts blind: 20
UDF1 received [As Jh]
diet_coke_lovers received [2h Ts]
UDF1 raises to 3963
diet_coke_lovers folds
UDF1 awarded 20
diet_coke_lovers awarded -20

Round #41, diet_coke_lovers (-304), UDF1 (304)
diet_coke_lovers posts blind: 10
UDF1 posts blind: 20
diet_coke_lovers received [2s 4s]
UDF1 received [Qh 7d]
diet_coke_lovers folds
diet_coke_lovers awarded -10
UDF1 awarded 10

Round #42, UDF1 (314), diet_coke_lovers (-314)
UDF1 posts blind: 10
diet_coke_lovers posts blind: 20
UDF1 received [Tc Ah]
diet_coke_lovers received [Th 7h]
UDF1 raises to 2808
diet_coke_lovers folds
UDF1 awarded 20
diet_coke_lovers awarded -20

Round #43, diet_coke_lovers (-334), UDF1 (334)
diet_coke_lovers posts blind: 10
UDF1 posts blind: 20
diet_coke_lovers received [6h 6c]
UDF1 received [Kd 2h]
diet_coke_lovers calls
UDF1 raises to 2040
diet_coke_lovers calls
Flop [7d 2s 7c], diet_coke_lovers (2040), UDF1 (2040)
UDF1 bids 233
diet_coke_lovers bids 0
UDF1 won the auction and was revealed [6c]
Flop [7d 2s 7c], diet_coke_lovers (2040), UDF1 (2040)
UDF1 bets 1870
diet_coke_lovers calls
Turn [7d 2s 7c 7h], diet_coke_lovers (3910), UDF1 (3910)
UDF1 bets 673
diet_coke_lovers calls
River [7d 2s 7c 7h 9d], diet_coke_lovers (4583), UDF1 (4583)
UDF1 bets 256
diet_coke_lovers calls
diet_coke_lovers shows [6h 6c]
UDF1 shows [Kd 2h]
diet_coke_lovers awarded 4839
UDF1 awarded -4839

Round #44, UDF1 (-4505), diet_coke_lovers (4505)
UDF1 posts blind: 10
diet_coke_lovers posts blind: 20
UDF1 received [Kc Kh]
diet_coke_lovers received [6s 9h]
UDF1 raises to 4734
diet_coke_lovers folds
UDF1 awarded 20
diet_coke_lovers awarded -20

Round #45, diet_coke_lovers (4485), UDF1 (-4485)
diet_coke_lovers posts blind: 10
UDF1 posts blind: 20
diet_coke_lovers received [Tc Kc]
UDF1 received [7c Td]
diet_coke_lovers folds
diet_coke_lovers awarded -10
UDF1 awarded 10

Round #46, UDF1 (-4475), diet_coke_lovers (4475)
UDF1 posts blind: 10
diet_coke_lovers posts blind: 20
UDF1 received [Qs 7h]
diet_coke_lovers received [3s Tc]
UDF1 raises to 2032
diet_coke_lovers folds
UDF1 awarded 20
diet_coke_lovers awarded -20

Round #47, diet_coke_lovers (4455), UDF1 (-4455)
diet_coke_lovers posts blind: 10
UDF1 posts blind: 20
diet_coke_lovers received [7c 4h]
UDF1 received [Jd 3c]
diet_coke_lovers folds
diet_coke_lovers awarded -10
UDF1 awarded 10

Round #48, UDF1 (-4445), diet_coke_lovers (4445)
UDF1 posts blind: 10
diet_coke_lovers posts blind: 20
UDF1 received [7d 8s]
diet_coke_lovers received [Qc Js]
UDF1 raises to 1751
diet_coke_lovers folds
UDF1 awarded 20
diet_coke_lovers awarded -20

Round #49, diet_coke_lovers (4425), UDF1 (-4425)
diet_coke_lovers posts blind: 10
UDF1 posts blind: 20
diet_coke_lovers received [6c 8s]
UDF1 received [3d Qs]
diet_coke_lovers folds
diet_coke_lovers awarded -10
UDF1 awarded 10

Round #50, UDF1 (-4415), diet_coke_lovers (4415)
UDF1 posts blind: 10
diet_coke_lovers posts blind: 20
UDF1 received [Kh 2h]
diet_coke_lovers received [3s Ah]
UDF1 calls
diet_coke_lovers checks
Flop [6h Ac Ts], UDF1 (20), diet_coke_lovers (20)
diet_coke_lovers bids 747
UDF1 bids 1
diet_coke_lovers won the auction and was revealed [2h]
Flop [6h Ac Ts], UDF1 (20), diet_coke_lovers (21)
diet_coke_lovers checks
UDF1 bets 2960
diet_coke_lovers folds
UDF1 awarded 21
diet_coke_lovers awarded -21

Round #51, diet_coke_lovers (4394), UDF1 (-4394)
diet_coke_lovers posts blind: 10
UDF1 posts blind: 20
diet_coke_lovers received [3s 3h]
UDF1 received [6c 5h]
diet_coke_lovers calls
UDF1 checks
Flop [2h Jd Jc], diet_coke_lovers (20), UDF1 (20)
UDF1 bids 0
diet_coke_lovers bids 0
diet_coke_lovers won the auction and was revealed [5h]
UDF1 won the auction and was revealed [3s]
Flop [2h Jd Jc], diet_coke_lovers (20), UDF1 (20)
UDF1 bets 2466
diet_coke_lovers calls
Turn [2h Jd Jc Ah], diet_coke_lovers (2486), UDF1 (2486)
UDF1 bets 1148
diet_coke_lovers calls
River [2h Jd Jc Ah 8d], diet_coke_lovers (3634), UDF1 (3634)
UDF1 bets 539
diet_coke_lovers calls
diet_coke_lovers shows [3s 3h]
UDF1 shows [6c 5h]
diet_coke_lovers awarded 4173
UDF1 awarded -4173

Round #52, UDF1 (-8567), diet_coke_lovers (8567)
UDF1 posts blind: 10
diet_coke_lovers posts blind: 20
UDF1 received [6s Kc]
diet_coke_lovers received [Th 2c]
UDF1 raises to 1794
diet_coke_lovers folds
UDF1 awarded 20
diet_coke_lovers awarded -20

Round #53, diet_coke_lovers (8547), UDF1 (-8547)
diet_coke_lovers posts blind: 10
UDF1 posts blind: 20
diet_coke_lovers received [8h 8s]
UDF1 received [9c 2c]
diet_coke_lovers calls
UDF1 checks
Flop [5c Ah 2h], diet_coke_lovers (20), UDF1 (20)
UDF1 bids 6
diet_coke_lovers bids 0
UDF1 won the auction and was revealed [8h]
Flop [5c Ah 2h], diet_coke_lovers (20), UDF1 (20)
UDF1 bets 3150
diet_coke_lovers calls
Turn [5c Ah 2h Js], diet_coke_lovers (3170), UDF1 (3170)
UDF1 bets 1076
diet_coke_lovers calls
River [5c Ah 2h Js Ad], diet_coke_lovers (4246), UDF1 (4246)
UDF1 bets 476
diet_coke_lovers calls
diet_coke_lovers shows [8h 8s]
UDF1 shows [9c 2c]
diet_coke_lovers awarded 4722
UDF1 awarded -4722

Round #54, UDF1 (-13269), diet_coke_lovers (13269)
UDF1 posts blind: 10
diet_coke_lovers posts blind: 20
UDF1 received [7d 4h]
diet_coke_lovers received [8s Ah]
UDF1 calls
diet_coke_lovers checks
Flop [Qh 3d Jd], UDF1 (20), diet_coke_lovers (20)
diet_coke_lovers bids 747
UDF1 bids 5
diet_coke_lovers won the auction and was revealed [7d]
Flop [Qh 3d Jd], UDF1 (20), diet_coke_lovers (25)
diet_coke_lovers checks
UDF1 bets 2719
diet_coke_lovers folds
UDF1 awarded 25
diet_coke_lovers awarded -25

Round #55, diet_coke_lovers (13244), UDF1 (-13244)
diet_coke_lovers posts blind: 10
UDF1 posts blind: 20
diet_coke_lovers received [2s Ac]
UDF1 received [8c 5c]
diet_coke_lovers folds
diet_coke_lovers awarded -10
UDF1 awarded 10

Round #56, UDF1 (-13234), diet_coke_lovers (13234)
UDF1 posts blind: 10
diet_coke_lovers posts blind: 20
UDF1 received [9s Qc]
diet_coke_lovers received [7c 8h]
UDF1 calls
diet_coke_lovers checks
Flop [2c 4c Tc], UDF1 (20), diet_coke_lovers (20)
diet_coke_lovers bids 0
UDF1 bids 12
UDF1 won the auction and was revealed [8h]
Flop [2c 4c Tc], UDF1 (20), diet_coke_lovers (20)
diet_coke_lovers checks
UDF1 bets 3093
diet_coke_lovers folds
UDF1 awarded 20
diet_coke_lovers awarded -20

Round #57, diet_coke_lovers (13214), UDF1 (-13214)
diet_coke_lovers posts blind: 10
UDF1 posts blind: 20
diet_coke_lovers received [5d 2s]
UDF1 received [6d Ks]
diet_coke_lovers folds
diet_coke_lovers awarded -10
UDF1 awarded 10

Round #58, UDF1 (-13204), diet_coke_lovers (13204)
UDF1 posts blind: 10
diet_coke_lovers posts blind: 20
UDF1 received [3d Kh]
diet_coke_lovers received [Qs 4s]
UDF1 calls
diet_coke_lovers checks
Flop [8c 9s Kc], UDF1 (20), diet_coke_lovers (20)
diet_coke_lovers bids 0
UDF1 bids 5
UDF1 won the auction and was revealed [4s]
Flop [8c 9s Kc], UDF1 (20), diet_coke_lovers (20)
diet_coke_lovers checks
UDF1 bets 3467
diet_coke_lovers folds
UDF1 awarded 20
diet_coke_lovers awarded -20

Round #59, diet_coke_lovers (13184), UDF1 (-13184)
diet_coke_lovers posts blind: 10
UDF1 posts blind: 20
diet_coke_lovers received [Js 5c]
UDF1 received [5h 2c]
diet_coke_lovers folds
diet_coke_lovers awarded -10
UDF1 awarded 10

Round #60, UDF1 (-13174), diet_coke_lovers (13174)
UDF1 posts blind: 10
diet_coke_lovers posts blind: 20
UDF1 received [Qc Ks]
diet_coke_lovers received [9d 4d]
UDF1 raises to 3924
diet_coke_lovers folds
UDF1 awarded 20
diet_coke_lovers awarded -20

Round #61, diet_coke_lovers (13154), UDF1 (-13154)
diet_coke_lovers posts blind: 10
UDF1 posts blind: 20
diet_coke_lovers received [Ac 5h]
UDF1 received [Kd Qh]
diet_coke_lovers folds
diet_coke_lovers awarded -10
UDF1 awarded 10

Round #62, UDF1 (-13144), diet_coke_lovers (13144)
UDF1 posts blind: 10
diet_coke_lovers posts blind: 20
UDF1 received [7d Kc]
diet_coke_lovers received [3h Ah]
UDF1 folds
UDF1 awarded -10
diet_coke_lovers awarded 10

Round #63, diet_coke_lovers (13154), UDF1 (-13154)
diet_coke_lovers posts blind: 10
UDF1 posts blind: 20
diet_coke_lovers received [5s 4h]
UDF1 received [6c 2s]
diet_coke_lovers folds
diet_coke_lovers awarded -10
UDF1 awarded 10

Round #64, UDF1 (-13144), diet_coke_lovers (13144)
UDF1 posts blind: 10
diet_coke_lovers posts blind: 20
UDF1 received [9c Jh]
diet_coke_lovers received [4h 2s]
UDF1 calls
diet_coke_lovers checks
Flop [Ad 8c Qh], UDF1 (20), diet_coke_lovers (20)
diet_coke_lovers bids 0
UDF1 bids 8
UDF1 won the auction and was revealed [4h]
Flop [Ad 8c Qh], UDF1 (20), diet_coke_lovers (20)
diet_coke_lovers checks
UDF1 bets 2881
diet_coke_lovers folds
UDF1 awarded 20
diet_coke_lovers awarded -20

Round #65, diet_coke_lovers (13124), UDF1 (-13124)
diet_coke_lovers posts blind: 10
UDF1 posts blind: 20
diet_coke_lovers received [Ts 4s]
UDF1 received [3d 6s]
diet_coke_lovers folds
diet_coke_lovers awarded -10
UDF1 awarded 10

Round #66, UDF1 (-13114), diet_coke_lovers (13114)
UDF1 posts blind: 10
diet_coke_lovers posts blind: 20
UDF1 received [9s 4h]
diet_coke_lovers received [Kh 3c]
UDF1 folds
UDF1 awarded -10
diet_coke_lovers awarded 10

Round #67, diet_coke_lovers (13124), UDF1 (-13124)
diet_coke_lovers posts blind: 10
UDF1 posts blind: 20
diet_coke_lovers received [8d Ts]
UDF1 received [7d Jd]
diet_coke_lovers folds
diet_coke_lovers awarded -10
UDF1 awarded 10

Round #68, UDF1 (-13114), diet_coke_lovers (13114)
UDF1 posts blind: 10
diet_coke_lovers posts blind: 20
UDF1 received [9d 5c]
diet_coke_lovers received [Qs 5h]
UDF1 calls
diet_coke_lovers checks
Flop [Ac 6d 7c], UDF1 (20), diet_coke_lovers (20)
diet_coke_lovers bids 0
UDF1 bids 7
UDF1 won the auction and was revealed [Qs]
Flop [Ac 6d 7c], UDF1 (20), diet_coke_lovers (20)
diet_coke_lovers checks
UDF1 bets 2750
diet_coke_lovers folds
UDF1 awarded 20
diet_coke_lovers awarded -20

Round #69, diet_coke_lovers (13094), UDF1 (-13094)
diet_coke_lovers posts blind: 10
UDF1 posts blind: 20
diet_coke_lovers received [2s 5d]
UDF1 received [6h 7c]
diet_coke_lovers folds
diet_coke_lovers awarded -10
UDF1 awarded 10

Round #70, UDF1 (-13084), diet_coke_lovers (13084)
UDF1 posts blind: 10
diet_coke_lovers posts blind: 20
UDF1 received [8d Jd]
diet_coke_lovers received [8s 9s]
UDF1 folds
UDF1 awarded -10
diet_coke_lovers awarded 10

Round #71, diet_coke_lovers (13094), UDF1 (-13094)
diet_coke_lovers posts blind: 10
UDF1 posts blind: 20
diet_coke_lovers received [6d Qh]
UDF1 received [8s Kc]
diet_coke_lovers folds
diet_coke_lovers awarded -10
UDF1 awarded 10

Round #72, UDF1 (-13084), diet_coke_lovers (13084)
UDF1 posts blind: 10
diet_coke_lovers posts blind: 20
UDF1 received [5s 8s]
diet_coke_lovers received [4h Jh]
UDF1 calls
diet_coke_lovers checks
Flop [7c Th 7s], UDF1 (20), diet_coke_lovers (20)
diet_coke_lovers bids 0
UDF1 bids 11
UDF1 won the auction and was revealed [4h]
Flop [7c Th 7s], UDF1 (20), diet_coke_lovers (20)
diet_coke_lovers checks
UDF1 bets 2582
diet_coke_lovers folds
UDF1 awarded 20
diet_coke_lovers awarded -20

Round #73, diet_coke_lovers (13064), UDF1 (-13064)
diet_coke_lovers posts blind: 10
UDF1 posts blind: 20
diet_coke_lovers received [Kh 3s]
UDF1 received [Jh Kd]
diet_coke_lovers folds
diet_coke_lovers awarded -10
UDF1 awarded 10

Round #74, UDF1 (-13054), diet_coke_lovers (13054)
UDF1 posts blind: 10
diet_coke_lovers posts blind: 20
UDF1 received [Kh 9h]
diet_coke_lovers received [8c 8d]
UDF1 raises to 1683
diet_coke_lovers calls
Flop [9c Td Jc], UDF1 (1683), diet_coke_lovers (1683)
diet_coke_lovers bids 0
UDF1 bids 258
UDF1 won the auction and was revealed [8d]
Flop [9c Td Jc], UDF1 (1683), diet_coke_lovers (1683)
diet_coke_lovers bets 20
UDF1 raises to 1987
diet_coke_lovers calls
Turn [9c Td Jc Ks], UDF1 (3670), diet_coke_lovers (3670)
diet_coke_lovers bets 20
UDF1 raises to 752
diet_coke_lovers calls
River [9c Td Jc Ks Ts], UDF1 (4422), diet_coke_lovers (4422)
diet_coke_lovers checks
UDF1 bets 370
diet_coke_lovers calls
UDF1 shows [Kh 9h]
diet_coke_lovers shows [8c 8d]
UDF1 awarded 4792
diet_coke_lovers awarded -4792

Round #75, diet_coke_lovers (8262), UDF1 (-8262)
diet_coke_lovers posts blind: 10
UDF1 posts blind: 20
diet_coke_lovers received [Qh 7d]
UDF1 received [2d Js]
diet_coke_lovers folds
diet_coke_lovers awarded -10
UDF1 awarded 10

Round #76, UDF1 (-8252), diet_coke_lovers (8252)
UDF1 posts blind: 10
diet_coke_lovers posts blind: 20
UDF1 received [As 7h]
diet_coke_lovers received [Js Jh]
UDF1 calls
diet_coke_lovers checks
Flop [9s 2d 4c], UDF1 (20), diet_coke_lovers (20)
diet_coke_lovers bids 1743
UDF1 bids 11
diet_coke_lovers won the auction and was revealed [As]
Flop [9s 2d 4c], UDF1 (20), diet_coke_lovers (31)
diet_coke_lovers checks
UDF1 bets 2655
diet_coke_lovers calls
Turn [9s 2d 4c 6d], UDF1 (2675), diet_coke_lovers (2686)
diet_coke_lovers checks
UDF1 bets 1217
diet_coke_lovers calls
River [9s 2d 4c 6d 4s], UDF1 (3892), diet_coke_lovers (3903)
diet_coke_lovers checks
UDF1 bets 487
diet_coke_lovers calls
UDF1 shows [As 7h]
diet_coke_lovers shows [Js Jh]
UDF1 awarded -4379
diet_coke_lovers awarded 4379

Round #77, diet_coke_lovers (12631), UDF1 (-12631)
diet_coke_lovers posts blind: 10
UDF1 posts blind: 20
diet_coke_lovers received [3d Qd]
UDF1 received [Ts Td]
diet_coke_lovers folds
diet_coke_lovers awarded -10
UDF1 awarded 10

Round #78, UDF1 (-12621), diet_coke_lovers (12621)
UDF1 posts blind: 10
diet_coke_lovers posts blind: 20
UDF1 received [7h 4h]
diet_coke_lovers received [7d Jh]
UDF1 raises to 1605
diet_coke_lovers folds
UDF1 awarded 20
diet_coke_lovers awarded -20

Round #79, diet_coke_lovers (12601), UDF1 (-12601)
diet_coke_lovers posts blind: 10
UDF1 posts blind: 20
diet_coke_lovers received [Kc 9d]
UDF1 received [Ts 3c]
diet_coke_lovers folds
diet_coke_lovers awarded -10
UDF1 awarded 10

Round #80, UDF1 (-12591), diet_coke_lovers (12591)
UDF1 posts blind: 10
diet_coke_lovers posts blind: 20
UDF1 received [6s Ts]
diet_coke_lovers received [Jd Qc]
UDF1 raises to 1931
diet_coke_lovers folds
UDF1 awarded 20
diet_coke_lovers awarded -20

Round #81, diet_coke_lovers (12571), UDF1 (-12571)
diet_coke_lovers posts blind: 10
UDF1 posts blind: 20
diet_coke_lovers received [2h Ah]
UDF1 received [Ad Kd]
diet_coke_lovers folds
diet_coke_lovers awarded -10
UDF1 awarded 10

Round #82, UDF1 (-12561), diet_coke_lovers (12561)
UDF1 posts blind: 10
diet_coke_lovers posts blind: 20
UDF1 received [Ah 6h]
diet_coke_lovers received [Ts Jc]
UDF1 calls
diet_coke_lovers checks
Flop [Th 6c 3d], UDF1 (20), diet_coke_lovers (20)
diet_coke_lovers bids 0
UDF1 bids 0
UDF1 won the auction and was revealed [Jc]
diet_coke_lovers won the auction and was revealed [6h]
Flop [Th 6c 3d], UDF1 (20), diet_coke_lovers (20)
diet_coke_lovers checks
UDF1 bets 3412
diet_coke_lovers folds
UDF1 awarded 20
diet_coke_lovers awarded -20

Round #83, diet_coke_lovers (12541), UDF1 (-12541)
diet_coke_lovers posts blind: 10
UDF1 posts blind: 20
diet_coke_lovers received [6c Qd]
UDF1 received [Kd 6h]
diet_coke_lovers folds
diet_coke_lovers awarded -10
UDF1 awarded 10

Round #84, UDF1 (-12531), diet_coke_lovers (12531)
UDF1 posts blind: 10
diet_coke_lovers posts blind: 20
UDF1 received [Qh 4h]
diet_coke_lovers received [6d Qc]
UDF1 folds
UDF1 awarded -10
diet_coke_lovers awarded 10

Round #85, diet_coke_lovers (12541), UDF1 (-12541)
diet_coke_lovers posts blind: 10
UDF1 posts blind: 20
diet_coke_lovers received [3h 8s]
UDF1 received [2c Ts]
diet_coke_lovers folds
diet_coke_lovers awarded -10
UDF1 awarded 10

Round #86, UDF1 (-12531), diet_coke_lovers (12531)
UDF1 posts blind: 10
diet_coke_lovers posts blind: 20
UDF1 received [Ks 4d]
diet_coke_lovers received [Td 8c]
UDF1 raises to 1863
diet_coke_lovers folds
UDF1 awarded 20
diet_coke_lovers awarded -20

Round #87, diet_coke_lovers (12511), UDF1 (-12511)
diet_coke_lovers posts blind: 10
UDF1 posts blind: 20
diet_coke_lovers received [Td 5c]
UDF1 received [5h 5s]
diet_coke_lovers folds
diet_coke_lovers awarded -10
UDF1 awarded 10

Round #88, UDF1 (-12501), diet_coke_lovers (12501)
UDF1 posts blind: 10
diet_coke_lovers posts blind: 20
UDF1 received [7c 4c]
diet_coke_lovers received [6c 7h]
UDF1 raises to 2002
diet_coke_lovers folds
UDF1 awarded 20
diet_coke_lovers awarded -20

Round #89, diet_coke_lovers (12481), UDF1 (-12481)
diet_coke_lovers posts blind: 10
UDF1 posts blind: 20
diet_coke_lovers received [7c As]
UDF1 received [8s Qc]
diet_coke_lovers folds
diet_coke_lovers awarded -10
UDF1 awarded 10

Round #90, UDF1 (-12471), diet_coke_lovers (12471)
UDF1 posts blind: 10
diet_coke_lovers posts blind: 20
UDF1 received [Jh Kh]
diet_coke_lovers received [4s 4h]
UDF1 raises to 3998
diet_coke_lovers calls
Flop [9h 3s 3d], UDF1 (3998), diet_coke_lovers (3998)
diet_coke_lovers bids 0
UDF1 bids 99
UDF1 won the auction and was revealed [4s]
Flop [9h 3s 3d], UDF1 (3998), diet_coke_lovers (3998)
diet_coke_lovers bets 20
UDF1 raises to 609
diet_coke_lovers calls
Turn [9h 3s 3d 4d], UDF1 (4607), diet_coke_lovers (4607)
diet_coke_lovers bets 20
UDF1 calls
River [9h 3s 3d 4d 3h], UDF1 (4627), diet_coke_lovers (4627)
diet_coke_lovers checks
UDF1 bets 123
diet_coke_lovers calls
UDF1 shows [Jh Kh]
diet_coke_lovers shows [4s 4h]
UDF1 awarded -4750
diet_coke_lovers awarded 4750

Round #91, diet_coke_lovers (17221), UDF1 (-17221)
diet_coke_lovers posts blind: 10
UDF1 posts blind: 20
diet_coke_lovers received [6d Ah]
UDF1 received [Ks 3c]
diet_coke_lovers folds
diet_coke_lovers awarded -10
UDF1 awarded 10

Round #92, UDF1 (-17211), diet_coke_lovers (17211)
UDF1 posts blind: 10
diet_coke_lovers posts blind: 20
UDF1 received [4c 4h]
diet_coke_lovers received [Jd Ad]
UDF1 calls
diet_coke_lovers checks
Flop [7d Qh 5s], UDF1 (20), diet_coke_lovers (20)
diet_coke_lovers bids 747
UDF1 bids 17
diet_coke_lovers won the auction and was revealed [4c]
Flop [7d Qh 5s], UDF1 (20), diet_coke_lovers (37)
diet_coke_lovers checks
UDF1 bets 3051
diet_coke_lovers folds
UDF1 awarded 37
diet_coke_lovers awarded -37

Round #93, diet_coke_lovers (17174), UDF1 (-17174)
diet_coke_lovers posts blind: 10
UDF1 posts blind: 20
diet_coke_lovers received [9c As]
UDF1 received [Ah Kh]
diet_coke_lovers folds
diet_coke_lovers awarded -10
UDF1 awarded 10

Round #94, UDF1 (-17164), diet_coke_lovers (17164)
UDF1 posts blind: 10
diet_coke_lovers posts blind: 20
UDF1 received [Qh Ah]
diet_coke_lovers received [4h Jc]
UDF1 raises to 4416
diet_coke_lovers folds
UDF1 awarded 20
diet_coke_lovers awarded -20

Round #95, diet_coke_lovers (17144), UDF1 (-17144)
diet_coke_lovers posts blind: 10
UDF1 posts blind: 20
diet_coke_lovers received [9h 4h]
UDF1 received [7s 6d]
diet_coke_lovers folds
diet_coke_lovers awarded -10
UDF1 awarded 10

Round #96, UDF1 (-17134), diet_coke_lovers (17134)
UDF1 posts blind: 10
diet_coke_lovers posts blind: 20
UDF1 received [4h 8d]
diet_coke_lovers received [Td Ac]
UDF1 raises to 1977
diet_coke_lovers folds
UDF1 awarded 20
diet_coke_lovers awarded -20

Round #97, diet_coke_lovers (17114), UDF1 (-17114)
diet_coke_lovers posts blind: 10
UDF1 posts blind: 20
diet_coke_lovers received [8d Ac]
UDF1 received [8c Jd]
diet_coke_lovers folds
diet_coke_lovers awarded -10
UDF1 awarded 10

Round #98, UDF1 (-17104), diet_coke_lovers (17104)
UDF1 posts blind: 10
diet_coke_lovers posts blind: 20
UDF1 received [8h Qh]
diet_coke_lovers received [4h 2d]
UDF1 folds
UDF1 awarded -10
diet_coke_lovers awarded 10

Round #99, diet_coke_lovers (17114), UDF1 (-17114)
diet_coke_lovers posts blind: 10
UDF1 posts blind: 20
diet_coke_lovers received [6h 7d]
UDF1 received [5s 2s]
diet_coke_lovers folds
diet_coke_lovers awarded -10
UDF1 awarded 10

Round #100, UDF1 (-17104), diet_coke_lovers (17104)
UDF1 posts blind: 10
diet_coke_lovers posts blind: 20
UDF1 received [4h 2s]
diet_coke_lovers received [Th 7c]
UDF1 folds
UDF1 awarded -10
diet_coke_lovers awarded 10

Round #101, diet_coke_lovers (17114), UDF1 (-17114)
diet_coke_lovers posts blind: 10
UDF1 posts blind: 20
diet_coke_lovers received [Jd Ad]
UDF1 received [7c 8c]
diet_coke_lovers folds
diet_coke_lovers awarded -10
UDF1 awarded 10

Round #102, UDF1 (-17104), diet_coke_lovers (17104)
UDF1 posts blind: 10
diet_coke_lovers posts blind: 20
UDF1 received [6h 7h]
diet_coke_lovers received [Ac 8c]
UDF1 folds
UDF1 awarded -10
diet_coke_lovers awarded 10

Round #103, diet_coke_lovers (17114), UDF1 (-17114)
diet_coke_lovers posts blind: 10
UDF1 posts blind: 20
diet_coke_lovers received [As 3c]
UDF1 received [9c Kc]
diet_coke_lovers folds
diet_coke_lovers awarded -10
UDF1 awarded 10

Round #104, UDF1 (-17104), diet_coke_lovers (17104)
UDF1 posts blind: 10
diet_coke_lovers posts blind: 20
UDF1 received [3s 9d]
diet_coke_lovers received [Ad 3h]
UDF1 raises to 1931
diet_coke_lovers folds
UDF1 awarded 20
diet_coke_lovers awarded -20

Round #105, diet_coke_lovers (17084), UDF1 (-17084)
diet_coke_lovers posts blind: 10
UDF1 posts blind: 20
diet_coke_lovers received [Jh Ts]
UDF1 received [Qd Qc]
diet_coke_lovers folds
diet_coke_lovers awarded -10
UDF1 awarded 10

Round #106, UDF1 (-17074), diet_coke_lovers (17074)
UDF1 posts blind: 10
diet_coke_lovers posts blind: 20
UDF1 received [Ts Qc]
diet_coke_lovers received [8d 8h]
UDF1 calls
diet_coke_lovers raises to 40
UDF1 raises to 1855
diet_coke_lovers calls
Flop [Kc 4d Ac], UDF1 (1855), diet_coke_lovers (1855)
diet_coke_lovers bids 0
UDF1 bids 267
UDF1 won the auction and was revealed [8d]
Flop [Kc 4d Ac], UDF1 (1855), diet_coke_lovers (1855)
diet_coke_lovers checks
UDF1 bets 1893
diet_coke_lovers calls
Turn [Kc 4d Ac 6h], UDF1 (3748), diet_coke_lovers (3748)
diet_coke_lovers bets 20
UDF1 raises to 676
diet_coke_lovers calls
River [Kc 4d Ac 6h 2d], UDF1 (4424), diet_coke_lovers (4424)
diet_coke_lovers bets 20
UDF1 calls
UDF1 shows [Ts Qc]
diet_coke_lovers shows [8d 8h]
UDF1 awarded -4444
diet_coke_lovers awarded 4444

Round #107, diet_coke_lovers (21518), UDF1 (-21518)
diet_coke_lovers posts blind: 10
UDF1 posts blind: 20
diet_coke_lovers received [Qs 2d]
UDF1 received [Kd 8h]
diet_coke_lovers folds
diet_coke_lovers awarded -10
UDF1 awarded 10

Round #108, UDF1 (-21508), diet_coke_lovers (21508)
UDF1 posts blind: 10
diet_coke_lovers posts blind: 20
UDF1 received [4s Kh]
diet_coke_lovers received [6d 2s]
UDF1 calls
diet_coke_lovers checks
Flop [5d 8s 6c], UDF1 (20), diet_coke_lovers (20)
diet_coke_lovers bids 0
UDF1 bids 8
UDF1 won the auction and was revealed [2s]
Flop [5d 8s 6c], UDF1 (20), diet_coke_lovers (20)
diet_coke_lovers checks
UDF1 bets 2687
diet_coke_lovers folds
UDF1 awarded 20
diet_coke_lovers awarded -20

Round #109, diet_coke_lovers (21488), UDF1 (-21488)
diet_coke_lovers posts blind: 10
UDF1 posts blind: 20
diet_coke_lovers received [6h 9d]
UDF1 received [5s 7d]
diet_coke_lovers folds
diet_coke_lovers awarded -10
UDF1 awarded 10

Round #110, UDF1 (-21478), diet_coke_lovers (21478)
UDF1 posts blind: 10
diet_coke_lovers posts blind: 20
UDF1 received [9d 7s]
diet_coke_lovers received [Jh 9h]
UDF1 raises to 1612
diet_coke_lovers folds
UDF1 awarded 20
diet_coke_lovers awarded -20

Round #111, diet_coke_lovers (21458), UDF1 (-21458)
diet_coke_lovers posts blind: 10
UDF1 posts blind: 20
diet_coke_lovers received [Jc 6h]
UDF1 received [6c 9d]
diet_coke_lovers folds
diet_coke_lovers awarded -10
UDF1 awarded 10

Round #112, UDF1 (-21448), diet_coke_lovers (21448)
UDF1 posts blind: 10
diet_coke_lovers posts blind: 20
UDF1 received [5d Qh]
diet_coke_lovers received [9c 8d]
UDF1 raises to 1685
diet_coke_lovers folds
UDF1 awarded 20
diet_coke_lovers awarded -20

Round #113, diet_coke_lovers (21428), UDF1 (-21428)
diet_coke_lovers posts blind: 10
UDF1 posts blind: 20
diet_coke_lovers received [Kh Jh]
UDF1 received [Td 3d]
diet_coke_lovers folds
diet_coke_lovers awarded -10
UDF1 awarded 10

Round #114, UDF1 (-21418), diet_coke_lovers (21418)
UDF1 posts blind: 10
diet_coke_lovers posts blind: 20
UDF1 received [5h Ah]
diet_coke_lovers received [Kh 6s]
UDF1 calls
diet_coke_lovers checks
Flop [3s 8h 2h], UDF1 (20), diet_coke_lovers (20)
diet_coke_lovers bids 747
UDF1 bids 6
diet_coke_lovers won the auction and was revealed [Ah]
Flop [3s 8h 2h], UDF1 (20), diet_coke_lovers (26)
diet_coke_lovers checks
UDF1 bets 3050
diet_coke_lovers folds
UDF1 awarded 26
diet_coke_lovers awarded -26

Round #115, diet_coke_lovers (21392), UDF1 (-21392)
diet_coke_lovers posts blind: 10
UDF1 posts blind: 20
diet_coke_lovers received [3c Qh]
UDF1 received [9d Qd]
diet_coke_lovers folds
diet_coke_lovers awarded -10
UDF1 awarded 10

Round #116, UDF1 (-21382), diet_coke_lovers (21382)
UDF1 posts blind: 10
diet_coke_lovers posts blind: 20
UDF1 received [Ah 3h]
diet_coke_lovers received [Js Kc]
UDF1 calls
diet_coke_lovers checks
Flop [2c Ks 9h], UDF1 (20), diet_coke_lovers (20)
diet_coke_lovers bids 747
UDF1 bids 15
diet_coke_lovers won the auction and was revealed [Ah]
Flop [2c Ks 9h], UDF1 (20), diet_coke_lovers (35)
diet_coke_lovers checks
UDF1 bets 3179
diet_coke_lovers folds
UDF1 awarded 35
diet_coke_lovers awarded -35

Round #117, diet_coke_lovers (21347), UDF1 (-21347)
diet_coke_lovers posts blind: 10
UDF1 posts blind: 20
diet_coke_lovers received [7h Ks]
UDF1 received [3h Kh]
diet_coke_lovers folds
diet_coke_lovers awarded -10
UDF1 awarded 10

Round #118, UDF1 (-21337), diet_coke_lovers (21337)
UDF1 posts blind: 10
diet_coke_lovers posts blind: 20
UDF1 received [2c 3d]
diet_coke_lovers received [Kh 8s]
UDF1 folds
UDF1 awarded -10
diet_coke_lovers awarded 10

Round #119, diet_coke_lovers (21347), UDF1 (-21347)
diet_coke_lovers posts blind: 10
UDF1 posts blind: 20
diet_coke_lovers received [5s 4s]
UDF1 received [Td 9h]
diet_coke_lovers folds
diet_coke_lovers awarded -10
UDF1 awarded 10

Round #120, UDF1 (-21337), diet_coke_lovers (21337)
UDF1 posts blind: 10
diet_coke_lovers posts blind: 20
UDF1 received [5c Ad]
diet_coke_lovers received [2d Kd]
UDF1 calls
diet_coke_lovers checks
Flop [Ks Qc Td], UDF1 (20), diet_coke_lovers (20)
diet_coke_lovers bids 747
UDF1 bids 14
diet_coke_lovers won the auction and was revealed [5c]
Flop [Ks Qc Td], UDF1 (20), diet_coke_lovers (34)
diet_coke_lovers checks
UDF1 bets 2985
diet_coke_lovers folds
UDF1 awarded 34
diet_coke_lovers awarded -34

Round #121, diet_coke_lovers (21303), UDF1 (-21303)
diet_coke_lovers posts blind: 10
UDF1 posts blind: 20
diet_coke_lovers received [Kc 8c]
UDF1 received [8d Ah]
diet_coke_lovers folds
diet_coke_lovers awarded -10
UDF1 awarded 10

Round #122, UDF1 (-21293), diet_coke_lovers (21293)
UDF1 posts blind: 10
diet_coke_lovers posts blind: 20
UDF1 received [3c Tc]
diet_coke_lovers received [Qc 4d]
UDF1 calls
diet_coke_lovers checks
Flop [9h Ad 3h], UDF1 (20), diet_coke_lovers (20)
diet_coke_lovers bids 0
UDF1 bids 14
UDF1 won the auction and was revealed [Qc]
Flop [9h Ad 3h], UDF1 (20), diet_coke_lovers (20)
diet_coke_lovers checks
UDF1 bets 2890
diet_coke_lovers folds
UDF1 awarded 20
diet_coke_lovers awarded -20

Round #123, diet_coke_lovers (21273), UDF1 (-21273)
diet_coke_lovers posts blind: 10
UDF1 posts blind: 20
diet_coke_lovers received [Js 3s]
UDF1 received [As 2s]
diet_coke_lovers folds
diet_coke_lovers awarded -10
UDF1 awarded 10

Round #124, UDF1 (-21263), diet_coke_lovers (21263)
UDF1 posts blind: 10
diet_coke_lovers posts blind: 20
UDF1 received [Th 9h]
diet_coke_lovers received [8c Js]
UDF1 raises to 2808
diet_coke_lovers folds
UDF1 awarded 20
diet_coke_lovers awarded -20

Round #125, diet_coke_lovers (21243), UDF1 (-21243)
diet_coke_lovers posts blind: 10
UDF1 posts blind: 20
diet_coke_lovers received [2s 4c]
UDF1 received [2d Qs]
diet_coke_lovers folds
diet_coke_lovers awarded -10
UDF1 awarded 10

Round #126, UDF1 (-21233), diet_coke_lovers (21233)
UDF1 posts blind: 10
diet_coke_lovers posts blind: 20
UDF1 received [2c 8c]
diet_coke_lovers received [Qc Qh]
UDF1 raises to 2043
diet_coke_lovers calls
Flop [Ts 2s 6d], UDF1 (2043), diet_coke_lovers (2043)
diet_coke_lovers bids 1034
UDF1 bids 244
diet_coke_lovers won the auction and was revealed [2c]
Flop [Ts 2s 6d], UDF1 (2043), diet_coke_lovers (2287)
diet_coke_lovers checks
UDF1 bets 1570
diet_coke_lovers calls
Turn [Ts 2s 6d 7d], UDF1 (3613), diet_coke_lovers (3857)
diet_coke_lovers checks
UDF1 bets 648
diet_coke_lovers calls
River [Ts 2s 6d 7d 8d], UDF1 (4261), diet_coke_lovers (4505)
diet_coke_lovers checks
UDF1 bets 259
diet_coke_lovers calls
UDF1 shows [2c 8c]
diet_coke_lovers shows [Qc Qh]
UDF1 awarded 4764
diet_coke_lovers awarded -4764

Round #127, diet_coke_lovers (16469), UDF1 (-16469)
diet_coke_lovers posts blind: 10
UDF1 posts blind: 20
diet_coke_lovers received [Js 2c]
UDF1 received [5c 5h]
diet_coke_lovers folds
diet_coke_lovers awarded -10
UDF1 awarded 10

Round #128, UDF1 (-16459), diet_coke_lovers (16459)
UDF1 posts blind: 10
diet_coke_lovers posts blind: 20
UDF1 received [5h 3s]
diet_coke_lovers received [Ad 2h]
UDF1 calls
diet_coke_lovers checks
Flop [Ac 6c 7c], UDF1 (20), diet_coke_lovers (20)
diet_coke_lovers bids 747
UDF1 bids 11
diet_coke_lovers won the auction and was revealed [3s]
Flop [Ac 6c 7c], UDF1 (20), diet_coke_lovers (31)
diet_coke_lovers checks
UDF1 bets 2167
diet_coke_lovers folds
UDF1 awarded 31
diet_coke_lovers awarded -31

Round #129, diet_coke_lovers (16428), UDF1 (-16428)
diet_coke_lovers posts blind: 10
UDF1 posts blind: 20
diet_coke_lovers received [Qc Ac]
UDF1 received [As 3h]
diet_coke_lovers folds
diet_coke_lovers awarded -10
UDF1 awarded 10

Round #130, UDF1 (-16418), diet_coke_lovers (16418)
UDF1 posts blind: 10
diet_coke_lovers posts blind: 20
UDF1 received [6d Th]
diet_coke_lovers received [8s Qh]
UDF1 calls
diet_coke_lovers checks
Flop [4h 9h Kd], UDF1 (20), diet_coke_lovers (20)
diet_coke_lovers bids 0
UDF1 bids 0
UDF1 won the auction and was revealed [8s]
diet_coke_lovers won the auction and was revealed [6d]
Flop [4h 9h Kd], UDF1 (20), diet_coke_lovers (20)
diet_coke_lovers checks
UDF1 bets 3050
diet_coke_lovers folds
UDF1 awarded 20
diet_coke_lovers awarded -20

Round #131, diet_coke_lovers (16398), UDF1 (-16398)
diet_coke_lovers posts blind: 10
UDF1 posts blind: 20
diet_coke_lovers received [3c 3s]
UDF1 received [7s 4c]
diet_coke_lovers calls
UDF1 checks
Flop [7c 8s 2s], diet_coke_lovers (20), UDF1 (20)
UDF1 bids 14
diet_coke_lovers bids 0
UDF1 won the auction and was revealed [3s]
Flop [7c 8s 2s], diet_coke_lovers (20), UDF1 (20)
UDF1 bets 3420
diet_coke_lovers calls
Turn [7c 8s 2s 5h], diet_coke_lovers (3440), UDF1 (3440)
UDF1 bets 1082
diet_coke_lovers calls
River [7c 8s 2s 5h Jh], diet_coke_lovers (4522), UDF1 (4522)
UDF1 bets 328
diet_coke_lovers calls
diet_coke_lovers shows [3c 3s]
UDF1 shows [7s 4c]
diet_coke_lovers awarded -4850
UDF1 awarded 4850

Round #132, UDF1 (-11548), diet_coke_lovers (11548)
UDF1 posts blind: 10
diet_coke_lovers posts blind: 20
UDF1 received [6h Qd]
diet_coke_lovers received [3c Jc]
UDF1 folds
UDF1 awarded -10
diet_coke_lovers awarded 10

Round #133, diet_coke_lovers (11558), UDF1 (-11558)
diet_coke_lovers posts blind: 10
UDF1 posts blind: 20
diet_coke_lovers received [7d 4d]
UDF1 received [8c 2h]
diet_coke_lovers folds
diet_coke_lovers awarded -10
UDF1 awarded 10

Round #134, UDF1 (-11548), diet_coke_lovers (11548)
UDF1 posts blind: 10
diet_coke_lovers posts blind: 20
UDF1 received [5d 2s]
diet_coke_lovers received [Qs 9s]
UDF1 raises to 1945
diet_coke_lovers folds
UDF1 awarded 20
diet_coke_lovers awarded -20

Round #135, diet_coke_lovers (11528), UDF1 (-11528)
diet_coke_lovers posts blind: 10
UDF1 posts blind: 20
diet_coke_lovers received [Ac 8d]
UDF1 received [Ks 4h]
diet_coke_lovers folds
diet_coke_lovers awarded -10
UDF1 awarded 10

Round #136, UDF1 (-11518), diet_coke_lovers (11518)
UDF1 posts blind: 10
diet_coke_lovers posts blind: 20
UDF1 received [3c 7h]
diet_coke_lovers received [4s Js]
UDF1 raises to 1658
diet_coke_lovers folds
UDF1 awarded 20
diet_coke_lovers awarded -20

Round #137, diet_coke_lovers (11498), UDF1 (-11498)
diet_coke_lovers posts blind: 10
UDF1 posts blind: 20
diet_coke_lovers received [7h 6d]
UDF1 received [3c 4c]
diet_coke_lovers folds
diet_coke_lovers awarded -10
UDF1 awarded 10

Round #138, UDF1 (-11488), diet_coke_lovers (11488)
UDF1 posts blind: 10
diet_coke_lovers posts blind: 20
UDF1 received [6s 5c]
diet_coke_lovers received [7d Tc]
UDF1 raises to 1786
diet_coke_lovers folds
UDF1 awarded 20
diet_coke_lovers awarded -20

Round #139, diet_coke_lovers (11468), UDF1 (-11468)
diet_coke_lovers posts blind: 10
UDF1 posts blind: 20
diet_coke_lovers received [Ad Tc]
UDF1 received [Ah Js]
diet_coke_lovers folds
diet_coke_lovers awarded -10
UDF1 awarded 10

Round #140, UDF1 (-11458), diet_coke_lovers (11458)
UDF1 posts blind: 10
diet_coke_lovers posts blind: 20
UDF1 received [Ks 4s]
diet_coke_lovers received [6h Qs]
UDF1 raises to 1596
diet_coke_lovers folds
UDF1 awarded 20
diet_coke_lovers awarded -20

Round #141, diet_coke_lovers (11438), UDF1 (-11438)
diet_coke_lovers posts blind: 10
UDF1 posts blind: 20
diet_coke_lovers received [9d 3s]
UDF1 received [Js 9c]
diet_coke_lovers folds
diet_coke_lovers awarded -10
UDF1 awarded 10

Round #142, UDF1 (-11428), diet_coke_lovers (11428)
UDF1 posts blind: 10
diet_coke_lovers posts blind: 20
UDF1 received [Ts Th]
diet_coke_lovers received [7d Kh]
UDF1 raises to 4011
diet_coke_lovers folds
UDF1 awarded 20
diet_coke_lovers awarded -20

Round #143, diet_coke_lovers (11408), UDF1 (-11408)
diet_coke_lovers posts blind: 10
UDF1 posts blind: 20
diet_coke_lovers received [Th 3s]
UDF1 received [9c 3h]
diet_coke_lovers folds
diet_coke_lovers awarded -10
UDF1 awarded 10

Round #144, UDF1 (-11398), diet_coke_lovers (11398)
UDF1 posts blind: 10
diet_coke_lovers posts blind: 20
UDF1 received [Th 9d]
diet_coke_lovers received [2s Td]
UDF1 raises to 1733
diet_coke_lovers folds
UDF1 awarded 20
diet_coke_lovers awarded -20

Round #145, diet_coke_lovers (11378), UDF1 (-11378)
diet_coke_lovers posts blind: 10
UDF1 posts blind: 20
diet_coke_lovers received [Kc Ac]
UDF1 received [8s 7h]
diet_coke_lovers folds
diet_coke_lovers awarded -10
UDF1 awarded 10

Round #146, UDF1 (-11368), diet_coke_lovers (11368)
UDF1 posts blind: 10
diet_coke_lovers posts blind: 20
UDF1 received [9d 5h]
diet_coke_lovers received [Ts 8s]
UDF1 raises to 1819
diet_coke_lovers folds
UDF1 awarded 20
diet_coke_lovers awarded -20

Round #147, diet_coke_lovers (11348), UDF1 (-11348)
diet_coke_lovers posts blind: 10
UDF1 posts blind: 20
diet_coke_lovers received [5h 2d]
UDF1 received [3h 9d]
diet_coke_lovers folds
diet_coke_lovers awarded -10
UDF1 awarded 10

Round #148, UDF1 (-11338), diet_coke_lovers (11338)
UDF1 posts blind: 10
diet_coke_lovers posts blind: 20
UDF1 received [6s Ts]
diet_coke_lovers received [Qs Jh]
UDF1 raises to 2019
diet_coke_lovers folds
UDF1 awarded 20
diet_coke_lovers awarded -20

Round #149, diet_coke_lovers (11318), UDF1 (-11318)
diet_coke_lovers posts blind: 10
UDF1 posts blind: 20
diet_coke_lovers received [Kd Th]
UDF1 received [5d 3c]
diet_coke_lovers folds
diet_coke_lovers awarded -10
UDF1 awarded 10

Round #150, UDF1 (-11308), diet_coke_lovers (11308)
UDF1 posts blind: 10
diet_coke_lovers posts blind: 20
UDF1 received [As 2c]
diet_coke_lovers received [9d 6c]
UDF1 calls
diet_coke_lovers checks
Flop [4d 7s 6h], UDF1 (20), diet_coke_lovers (20)
diet_coke_lovers bids 0
UDF1 bids 10
UDF1 won the auction and was revealed [6c]
Flop [4d 7s 6h], UDF1 (20), diet_coke_lovers (20)
diet_coke_lovers checks
UDF1 bets 1850
diet_coke_lovers folds
UDF1 awarded 20
diet_coke_lovers awarded -20

Round #151, diet_coke_lovers (11288), UDF1 (-11288)
diet_coke_lovers posts blind: 10
UDF1 posts blind: 20
diet_coke_lovers received [3c Td]
UDF1 received [3h 2s]
diet_coke_lovers folds
diet_coke_lovers awarded -10
UDF1 awarded 10

Round #152, UDF1 (-11278), diet_coke_lovers (11278)
UDF1 posts blind: 10
diet_coke_lovers posts blind: 20
UDF1 received [5d Qc]
diet_coke_lovers received [Kh 8h]
UDF1 raises to 2012
diet_coke_lovers folds
UDF1 awarded 20
diet_coke_lovers awarded -20

Round #153, diet_coke_lovers (11258), UDF1 (-11258)
diet_coke_lovers posts blind: 10
UDF1 posts blind: 20
diet_coke_lovers received [Ts 7c]
UDF1 received [8h 8c]
diet_coke_lovers folds
diet_coke_lovers awarded -10
UDF1 awarded 10

Round #154, UDF1 (-11248), diet_coke_lovers (11248)
UDF1 posts blind: 10
diet_coke_lovers posts blind: 20
UDF1 received [9h 9d]
diet_coke_lovers received [5d Ah]
UDF1 raises to 4235
diet_coke_lovers folds
UDF1 awarded 20
diet_coke_lovers awarded -20

Round #155, diet_coke_lovers (11228), UDF1 (-11228)
diet_coke_lovers posts blind: 10
UDF1 posts blind: 20
diet_coke_lovers received [Ad 2s]
UDF1 received [Jd Qs]
diet_coke_lovers folds
diet_coke_lovers awarded -10
UDF1 awarded 10

Round #156, UDF1 (-11218), diet_coke_lovers (11218)
UDF1 posts blind: 10
diet_coke_lovers posts blind: 20
UDF1 received [4s Qc]
diet_coke_lovers received [9c 6c]
UDF1 calls
diet_coke_lovers checks
Flop [Qd Kd 5s], UDF1 (20), diet_coke_lovers (20)
diet_coke_lovers bids 0
UDF1 bids 9
UDF1 won the auction and was revealed [6c]
Flop [Qd Kd 5s], UDF1 (20), diet_coke_lovers (20)
diet_coke_lovers checks
UDF1 bets 3496
diet_coke_lovers folds
UDF1 awarded 20
diet_coke_lovers awarded -20

Round #157, diet_coke_lovers (11198), UDF1 (-11198)
diet_coke_lovers posts blind: 10
UDF1 posts blind: 20
diet_coke_lovers received [8c 2c]
UDF1 received [4c 2d]
diet_coke_lovers folds
diet_coke_lovers awarded -10
UDF1 awarded 10

Round #158, UDF1 (-11188), diet_coke_lovers (11188)
UDF1 posts blind: 10
diet_coke_lovers posts blind: 20
UDF1 received [Kh Jc]
diet_coke_lovers received [6c Th]
UDF1 raises to 2567
diet_coke_lovers folds
UDF1 awarded 20
diet_coke_lovers awarded -20

Round #159, diet_coke_lovers (11168), UDF1 (-11168)
diet_coke_lovers posts blind: 10
UDF1 posts blind: 20
diet_coke_lovers received [Jd Jh]
UDF1 received [Ah 5d]
diet_coke_lovers calls
UDF1 raises to 2048
diet_coke_lovers calls
Flop [Ks 6c Jc], diet_coke_lovers (2048), UDF1 (2048)
UDF1 bids 254
diet_coke_lovers bids 1033
diet_coke_lovers won the auction and was revealed [Ah]
Flop [Ks 6c Jc], diet_coke_lovers (2302), UDF1 (2048)
UDF1 bets 1598
diet_coke_lovers calls
Turn [Ks 6c Jc Kc], diet_coke_lovers (3900), UDF1 (3646)
UDF1 bets 487
diet_coke_lovers calls
River [Ks 6c Jc Kc 7h], diet_coke_lovers (4387), UDF1 (4133)
UDF1 bets 295
diet_coke_lovers calls
diet_coke_lovers shows [Jd Jh]
UDF1 shows [Ah 5d]
diet_coke_lovers awarded 4428
UDF1 awarded -4428

Round #160, UDF1 (-15596), diet_coke_lovers (15596)
UDF1 posts blind: 10
diet_coke_lovers posts blind: 20
UDF1 received [9h 2s]
diet_coke_lovers received [8c 6c]
UDF1 folds
UDF1 awarded -10
diet_coke_lovers awarded 10

Round #161, diet_coke_lovers (15606), UDF1 (-15606)
diet_coke_lovers posts blind: 10
UDF1 posts blind: 20
diet_coke_lovers received [3c 3s]
UDF1 received [4d Kd]
diet_coke_lovers calls
UDF1 checks
Flop [As 5s 7h], diet_coke_lovers (20), UDF1 (20)
UDF1 bids 18
diet_coke_lovers bids 0
UDF1 won the auction and was revealed [3c]
Flop [As 5s 7h], diet_coke_lovers (20), UDF1 (20)
UDF1 bets 2903
diet_coke_lovers calls
Turn [As 5s 7h Jc], diet_coke_lovers (2923), UDF1 (2923)
UDF1 bets 1304
diet_coke_lovers calls
River [As 5s 7h Jc 5c], diet_coke_lovers (4227), UDF1 (4227)
UDF1 bets 479
diet_coke_lovers calls
diet_coke_lovers shows [3c 3s]
UDF1 shows [4d Kd]
diet_coke_lovers awarded 4706
UDF1 awarded -4706

Round #162, UDF1 (-20312), diet_coke_lovers (20312)
UDF1 posts blind: 10
diet_coke_lovers posts blind: 20
UDF1 received [4d Ks]
diet_coke_lovers received [Qd 8d]
UDF1 folds
UDF1 awarded -10
diet_coke_lovers awarded 10

Round #163, diet_coke_lovers (20322), UDF1 (-20322)
diet_coke_lovers posts blind: 10
UDF1 posts blind: 20
diet_coke_lovers received [Th 6s]
UDF1 received [8d 6d]
diet_coke_lovers folds
diet_coke_lovers awarded -10
UDF1 awarded 10

Round #164, UDF1 (-20312), diet_coke_lovers (20312)
UDF1 posts blind: 10
diet_coke_lovers posts blind: 20
UDF1 received [Ah Ac]
diet_coke_lovers received [4h 8c]
UDF1 raises to 4750
diet_coke_lovers folds
UDF1 awarded 20
diet_coke_lovers awarded -20

Round #165, diet_coke_lovers (20292), UDF1 (-20292)
diet_coke_lovers posts blind: 10
UDF1 posts blind: 20
diet_coke_lovers received [8d 2s]
UDF1 received [4d Th]
diet_coke_lovers folds
diet_coke_lovers awarded -10
UDF1 awarded 10

Round #166, UDF1 (-20282), diet_coke_lovers (20282)
UDF1 posts blind: 10
diet_coke_lovers posts blind: 20
UDF1 received [7c 6h]
diet_coke_lovers received [Kh Th]
UDF1 calls
diet_coke_lovers checks
Flop [5c 4s 7h], UDF1 (20), diet_coke_lovers (20)
diet_coke_lovers bids 747
UDF1 bids 9
diet_coke_lovers won the auction and was revealed [6h]
Flop [5c 4s 7h], UDF1 (20), diet_coke_lovers (29)
diet_coke_lovers checks
UDF1 bets 2937
diet_coke_lovers folds
UDF1 awarded 29
diet_coke_lovers awarded -29

Round #167, diet_coke_lovers (20253), UDF1 (-20253)
diet_coke_lovers posts blind: 10
UDF1 posts blind: 20
diet_coke_lovers received [Th 2h]
UDF1 received [9h 5h]
diet_coke_lovers folds
diet_coke_lovers awarded -10
UDF1 awarded 10

Round #168, UDF1 (-20243), diet_coke_lovers (20243)
UDF1 posts blind: 10
diet_coke_lovers posts blind: 20
UDF1 received [8h Ac]
diet_coke_lovers received [Ts 6s]
UDF1 folds
UDF1 awarded -10
diet_coke_lovers awarded 10

Round #169, diet_coke_lovers (20253), UDF1 (-20253)
diet_coke_lovers posts blind: 10
UDF1 posts blind: 20
diet_coke_lovers received [Jc Qd]
UDF1 received [6h 5h]
diet_coke_lovers folds
diet_coke_lovers awarded -10
UDF1 awarded 10

Round #170, UDF1 (-20243), diet_coke_lovers (20243)
UDF1 posts blind: 10
diet_coke_lovers posts blind: 20
UDF1 received [2c 6h]
diet_coke_lovers received [4s Tc]
UDF1 calls
diet_coke_lovers checks
Flop [Qc 8d Jc], UDF1 (20), diet_coke_lovers (20)
diet_coke_lovers bids 0
UDF1 bids 13
UDF1 won the auction and was revealed [Tc]
Flop [Qc 8d Jc], UDF1 (20), diet_coke_lovers (20)
diet_coke_lovers checks
UDF1 bets 2191
diet_coke_lovers folds
UDF1 awarded 20
diet_coke_lovers awarded -20

Round #171, diet_coke_lovers (20223), UDF1 (-20223)
diet_coke_lovers posts blind: 10
UDF1 posts blind: 20
diet_coke_lovers received [6c 3d]
UDF1 received [3s 3h]
diet_coke_lovers folds
diet_coke_lovers awarded -10
UDF1 awarded 10

Round #172, UDF1 (-20213), diet_coke_lovers (20213)
UDF1 posts blind: 10
diet_coke_lovers posts blind: 20
UDF1 received [3c 6s]
diet_coke_lovers received [6h 6c]
UDF1 raises to 1645
diet_coke_lovers calls
Flop [2s 4c 5c], UDF1 (1645), diet_coke_lovers (1645)
diet_coke_lovers bids 0
UDF1 bids 277
UDF1 won the auction and was revealed [6c]
Flop [2s 4c 5c], UDF1 (1645), diet_coke_lovers (1645)
diet_coke_lovers checks
UDF1 bets 2084
diet_coke_lovers calls
Turn [2s 4c 5c Ks], UDF1 (3729), diet_coke_lovers (3729)
diet_coke_lovers checks
UDF1 bets 822
diet_coke_lovers calls
River [2s 4c 5c Ks 2d], UDF1 (4551), diet_coke_lovers (4551)
diet_coke_lovers checks
UDF1 bets 276
diet_coke_lovers calls
UDF1 shows [3c 6s]
diet_coke_lovers shows [6h 6c]
UDF1 awarded 4827
diet_coke_lovers awarded -4827

Round #173, diet_coke_lovers (15386), UDF1 (-15386)
diet_coke_lovers posts blind: 10
UDF1 posts blind: 20
diet_coke_lovers received [2h 6c]
UDF1 received [8s 6s]
diet_coke_lovers folds
diet_coke_lovers awarded -10
UDF1 awarded 10

Round #174, UDF1 (-15376), diet_coke_lovers (15376)
UDF1 posts blind: 10
diet_coke_lovers posts blind: 20
UDF1 received [Qh 6s]
diet_coke_lovers received [4c Js]
UDF1 calls
diet_coke_lovers checks
Flop [Kh 5d 2h], UDF1 (20), diet_coke_lovers (20)
diet_coke_lovers bids 0
UDF1 bids 13
UDF1 won the auction and was revealed [Js]
Flop [Kh 5d 2h], UDF1 (20), diet_coke_lovers (20)
diet_coke_lovers checks
UDF1 bets 2887
diet_coke_lovers folds
UDF1 awarded 20
diet_coke_lovers awarded -20

Round #175, diet_coke_lovers (15356), UDF1 (-15356)
diet_coke_lovers posts blind: 10
UDF1 posts blind: 20
diet_coke_lovers received [4d 4s]
UDF1 received [6c Kd]
diet_coke_lovers calls
UDF1 checks
Flop [Kc Js Qh], diet_coke_lovers (20), UDF1 (20)
UDF1 bids 0
diet_coke_lovers bids 0
diet_coke_lovers won the auction and was revealed [6c]
UDF1 won the auction and was revealed [4s]
Flop [Kc Js Qh], diet_coke_lovers (20), UDF1 (20)
UDF1 bets 3548
diet_coke_lovers calls
Turn [Kc Js Qh 5h], diet_coke_lovers (3568), UDF1 (3568)
UDF1 bets 972
diet_coke_lovers calls
River [Kc Js Qh 5h Ah], diet_coke_lovers (4540), UDF1 (4540)
UDF1 bets 289
diet_coke_lovers calls
diet_coke_lovers shows [4d 4s]
UDF1 shows [6c Kd]
diet_coke_lovers awarded -4829
UDF1 awarded 4829

Round #176, UDF1 (-10527), diet_coke_lovers (10527)
UDF1 posts blind: 10
diet_coke_lovers posts blind: 20
UDF1 received [Qd 3s]
diet_coke_lovers received [6c 5d]
UDF1 folds
UDF1 awarded -10
diet_coke_lovers awarded 10

Round #177, diet_coke_lovers (10537), UDF1 (-10537)
diet_coke_lovers posts blind: 10
UDF1 posts blind: 20
diet_coke_lovers received [Ts 2d]
UDF1 received [Ac 3d]
diet_coke_lovers folds
diet_coke_lovers awarded -10
UDF1 awarded 10

Round #178, UDF1 (-10527), diet_coke_lovers (10527)
UDF1 posts blind: 10
diet_coke_lovers posts blind: 20
UDF1 received [3h Kd]
diet_coke_lovers received [9d 5h]
UDF1 calls
diet_coke_lovers checks
Flop [7c 6c Js], UDF1 (20), diet_coke_lovers (20)
diet_coke_lovers bids 0
UDF1 bids 15
UDF1 won the auction and was revealed [5h]
Flop [7c 6c Js], UDF1 (20), diet_coke_lovers (20)
diet_coke_lovers checks
UDF1 bets 2834
diet_coke_lovers folds
UDF1 awarded 20
diet_coke_lovers awarded -20

Round #179, diet_coke_lovers (10507), UDF1 (-10507)
diet_coke_lovers posts blind: 10
UDF1 posts blind: 20
diet_coke_lovers received [As Jc]
UDF1 received [2s 7c]
diet_coke_lovers folds
diet_coke_lovers awarded -10
UDF1 awarded 10

Round #180, UDF1 (-10497), diet_coke_lovers (10497)
UDF1 posts blind: 10
diet_coke_lovers posts blind: 20
UDF1 received [3s Kd]
diet_coke_lovers received [9h 2s]
UDF1 calls
diet_coke_lovers checks
Flop [3d 9c 6d], UDF1 (20), diet_coke_lovers (20)
diet_coke_lovers bids 0
UDF1 bids 18
UDF1 won the auction and was revealed [2s]
Flop [3d 9c 6d], UDF1 (20), diet_coke_lovers (20)
diet_coke_lovers checks
UDF1 bets 3000
diet_coke_lovers folds
UDF1 awarded 20
diet_coke_lovers awarded -20

Round #181, diet_coke_lovers (10477), UDF1 (-10477)
diet_coke_lovers posts blind: 10
UDF1 posts blind: 20
diet_coke_lovers received [Ah 8h]
UDF1 received [5c Qc]
diet_coke_lovers folds
diet_coke_lovers awarded -10
UDF1 awarded 10

Round #182, UDF1 (-10467), diet_coke_lovers (10467)
UDF1 posts blind: 10
diet_coke_lovers posts blind: 20
UDF1 received [Jh 5h]
diet_coke_lovers received [Ah 2c]
UDF1 folds
UDF1 awarded -10
diet_coke_lovers awarded 10

Round #183, diet_coke_lovers (10477), UDF1 (-10477)
diet_coke_lovers posts blind: 10
UDF1 posts blind: 20
diet_coke_lovers received [4d Kc]
UDF1 received [Tc 9h]
diet_coke_lovers folds
diet_coke_lovers awarded -10
UDF1 awarded 10

Round #184, UDF1 (-10467), diet_coke_lovers (10467)
UDF1 posts blind: 10
diet_coke_lovers posts blind: 20
UDF1 received [4h 5d]
diet_coke_lovers received [7d Ad]
UDF1 raises to 1990
diet_coke_lovers folds
UDF1 awarded 20
diet_coke_lovers awarded -20

Round #185, diet_coke_lovers (10447), UDF1 (-10447)
diet_coke_lovers posts blind: 10
UDF1 posts blind: 20
diet_coke_lovers received [7d Qc]
UDF1 received [Tc 4h]
diet_coke_lovers folds
diet_coke_lovers awarded -10
UDF1 awarded 10

Round #186, UDF1 (-10437), diet_coke_lovers (10437)
UDF1 posts blind: 10
diet_coke_lovers posts blind: 20
UDF1 received [7d Ts]
diet_coke_lovers received [Ac 2d]
UDF1 calls
diet_coke_lovers checks
Flop [3h 7s 5s], UDF1 (20), diet_coke_lovers (20)
diet_coke_lovers bids 747
UDF1 bids 0
diet_coke_lovers won the auction and was revealed [Ts]
Flop [3h 7s 5s], UDF1 (20), diet_coke_lovers (20)
diet_coke_lovers checks
UDF1 bets 3194
diet_coke_lovers folds
UDF1 awarded 20
diet_coke_lovers awarded -20

Round #187, diet_coke_lovers (10417), UDF1 (-10417)
diet_coke_lovers posts blind: 10
UDF1 posts blind: 20
diet_coke_lovers received [Ts 2c]
UDF1 received [6c Qc]
diet_coke_lovers folds
diet_coke_lovers awarded -10
UDF1 awarded 10

Round #188, UDF1 (-10407), diet_coke_lovers (10407)
UDF1 posts blind: 10
diet_coke_lovers posts blind: 20
UDF1 received [Th Ks]
diet_coke_lovers received [9s 4h]
UDF1 raises to 1964
diet_coke_lovers folds
UDF1 awarded 20
diet_coke_lovers awarded -20

Round #189, diet_coke_lovers (10387), UDF1 (-10387)
diet_coke_lovers posts blind: 10
UDF1 posts blind: 20
diet_coke_lovers received [8s 5s]
UDF1 received [6c Kh]
diet_coke_lovers folds
diet_coke_lovers awarded -10
UDF1 awarded 10

Round #190, UDF1 (-10377), diet_coke_lovers (10377)
UDF1 posts blind: 10
diet_coke_lovers posts blind: 20
UDF1 received [8s 4c]
diet_coke_lovers received [Qd 6s]
UDF1 folds
UDF1 awarded -10
diet_coke_lovers awarded 10

Round #191, diet_coke_lovers (10387), UDF1 (-10387)
diet_coke_lovers posts blind: 10
UDF1 posts blind: 20
diet_coke_lovers received [3d Jh]
UDF1 received [4c 3s]
diet_coke_lovers folds
diet_coke_lovers awarded -10
UDF1 awarded 10

Round #192, UDF1 (-10377), diet_coke_lovers (10377)
UDF1 posts blind: 10
diet_coke_lovers posts blind: 20
UDF1 received [Kh 6c]
diet_coke_lovers received [Jc As]
UDF1 calls
diet_coke_lovers checks
Flop [9d Js Kd], UDF1 (20), diet_coke_lovers (20)
diet_coke_lovers bids 747
UDF1 bids 18
diet_coke_lovers won the auction and was revealed [Kh]
Flop [9d Js Kd], UDF1 (20), diet_coke_lovers (38)
diet_coke_lovers checks
UDF1 bets 2927
diet_coke_lovers folds
UDF1 awarded 38
diet_coke_lovers awarded -38

Round #193, diet_coke_lovers (10339), UDF1 (-10339)
diet_coke_lovers posts blind: 10
UDF1 posts blind: 20
diet_coke_lovers received [7s 3c]
UDF1 received [8h 9h]
diet_coke_lovers folds
diet_coke_lovers awarded -10
UDF1 awarded 10

Round #194, UDF1 (-10329), diet_coke_lovers (10329)
UDF1 posts blind: 10
diet_coke_lovers posts blind: 20
UDF1 received [4d Jh]
diet_coke_lovers received [Js Qh]
UDF1 folds
UDF1 awarded -10
diet_coke_lovers awarded 10

Round #195, diet_coke_lovers (10339), UDF1 (-10339)
diet_coke_lovers posts blind: 10
UDF1 posts blind: 20
diet_coke_lovers received [6c 7h]
UDF1 received [Ts 2c]
diet_coke_lovers folds
diet_coke_lovers awarded -10
UDF1 awarded 10

Round #196, UDF1 (-10329), diet_coke_lovers (10329)
UDF1 posts blind: 10
diet_coke_lovers posts blind: 20
UDF1 received [5h 3s]
diet_coke_lovers received [Ah Jd]
UDF1 folds
UDF1 awarded -10
diet_coke_lovers awarded 10

Round #197, diet_coke_lovers (10339), UDF1 (-10339)
diet_coke_lovers posts blind: 10
UDF1 posts blind: 20
diet_coke_lovers received [4d Qh]
UDF1 received [Js Ts]
diet_coke_lovers folds
diet_coke_lovers awarded -10
UDF1 awarded 10

Round #198, UDF1 (-10329), diet_coke_lovers (10329)
UDF1 posts blind: 10
diet_coke_lovers posts blind: 20
UDF1 received [Jd 9c]
diet_coke_lovers received [Ah 3h]
UDF1 raises to 1674
diet_coke_lovers folds
UDF1 awarded 20
diet_coke_lovers awarded -20

Round #199, diet_coke_lovers (10309), UDF1 (-10309)
diet_coke_lovers posts blind: 10
UDF1 posts blind: 20
diet_coke_lovers received [4d 9c]
UDF1 received [7s Tc]
diet_coke_lovers folds
diet_coke_lovers awarded -10
UDF1 awarded 10

Round #200, UDF1 (-10299), diet_coke_lovers (10299)
UDF1 posts blind: 10
diet_coke_lovers posts blind: 20
UDF1 received [Js 5c]
diet_coke_lovers received [3d 2h]
UDF1 folds
UDF1 awarded -10
diet_coke_lovers awarded 10

Round #201, diet_coke_lovers (10309), UDF1 (-10309)
diet_coke_lovers posts blind: 10
UDF1 posts blind: 20
diet_coke_lovers received [2h Kc]
UDF1 received [9d 4h]
diet_coke_lovers folds
diet_coke_lovers awarded -10
UDF1 awarded 10

Round #202, UDF1 (-10299), diet_coke_lovers (10299)
UDF1 posts blind: 10
diet_coke_lovers posts blind: 20
UDF1 received [Qh 7s]
diet_coke_lovers received [Jc 6h]
UDF1 raises to 1968
diet_coke_lovers folds
UDF1 awarded 20
diet_coke_lovers awarded -20

Round #203, diet_coke_lovers (10279), UDF1 (-10279)
diet_coke_lovers posts blind: 10
UDF1 posts blind: 20
diet_coke_lovers received [2d Qh]
UDF1 received [5d Ad]
diet_coke_lovers folds
diet_coke_lovers awarded -10
UDF1 awarded 10

Round #204, UDF1 (-10269), diet_coke_lovers (10269)
UDF1 posts blind: 10
diet_coke_lovers posts blind: 20
UDF1 received [8d 3s]
diet_coke_lovers received [3h 7c]
UDF1 calls
diet_coke_lovers checks
Flop [Tc 8h Qc], UDF1 (20), diet_coke_lovers (20)
diet_coke_lovers bids 0
UDF1 bids 19
UDF1 won the auction and was revealed [3h]
Flop [Tc 8h Qc], UDF1 (20), diet_coke_lovers (20)
diet_coke_lovers checks
UDF1 bets 2856
diet_coke_lovers folds
UDF1 awarded 20
diet_coke_lovers awarded -20

Round #205, diet_coke_lovers (10249), UDF1 (-10249)
diet_coke_lovers posts blind: 10
UDF1 posts blind: 20
diet_coke_lovers received [2s 6c]
UDF1 received [3d Ks]
diet_coke_lovers folds
diet_coke_lovers awarded -10
UDF1 awarded 10

Round #206, UDF1 (-10239), diet_coke_lovers (10239)
UDF1 posts blind: 10
diet_coke_lovers posts blind: 20
UDF1 received [Jh 5d]
diet_coke_lovers received [Ac 3h]
UDF1 raises to 1817
diet_coke_lovers folds
UDF1 awarded 20
diet_coke_lovers awarded -20

Round #207, diet_coke_lovers (10219), UDF1 (-10219)
diet_coke_lovers posts blind: 10
UDF1 posts blind: 20
diet_coke_lovers received [Qs 3d]
UDF1 received [9c Ac]
diet_coke_lovers folds
diet_coke_lovers awarded -10
UDF1 awarded 10

Round #208, UDF1 (-10209), diet_coke_lovers (10209)
UDF1 posts blind: 10
diet_coke_lovers posts blind: 20
UDF1 received [Qd 2d]
diet_coke_lovers received [8d 3h]
UDF1 raises to 1915
diet_coke_lovers folds
UDF1 awarded 20
diet_coke_lovers awarded -20

Round #209, diet_coke_lovers (10189), UDF1 (-10189)
diet_coke_lovers posts blind: 10
UDF1 posts blind: 20
diet_coke_lovers received [8c Qh]
UDF1 received [7h Qd]
diet_coke_lovers folds
diet_coke_lovers awarded -10
UDF1 awarded 10

Round #210, UDF1 (-10179), diet_coke_lovers (10179)
UDF1 posts blind: 10
diet_coke_lovers posts blind: 20
UDF1 received [5c 4c]
diet_coke_lovers received [7c 4d]
UDF1 folds
UDF1 awarded -10
diet_coke_lovers awarded 10

Round #211, diet_coke_lovers (10189), UDF1 (-10189)
diet_coke_lovers posts blind: 10
UDF1 posts blind: 20
diet_coke_lovers received [Qs As]
UDF1 received [2h 7c]
diet_coke_lovers folds
diet_coke_lovers awarded -10
UDF1 awarded 10

Round #212, UDF1 (-10179), diet_coke_lovers (10179)
UDF1 posts blind: 10
diet_coke_lovers posts blind: 20
UDF1 received [9h Ks]
diet_coke_lovers received [Ah 3h]
UDF1 raises to 2056
diet_coke_lovers folds
UDF1 awarded 20
diet_coke_lovers awarded -20

Round #213, diet_coke_lovers (10159), UDF1 (-10159)
diet_coke_lovers posts blind: 10
UDF1 posts blind: 20
diet_coke_lovers received [2d 5h]
UDF1 received [Ah Ks]
diet_coke_lovers folds
diet_coke_lovers awarded -10
UDF1 awarded 10

Round #214, UDF1 (-10149), diet_coke_lovers (10149)
UDF1 posts blind: 10
diet_coke_lovers posts blind: 20
UDF1 received [Qs 2s]
diet_coke_lovers received [4s 9s]
UDF1 folds
UDF1 awarded -10
diet_coke_lovers awarded 10

Round #215, diet_coke_lovers (10159), UDF1 (-10159)
diet_coke_lovers posts blind: 10
UDF1 posts blind: 20
diet_coke_lovers received [8d Kh]
UDF1 received [5c 4d]
diet_coke_lovers folds
diet_coke_lovers awarded -10
UDF1 awarded 10

Round #216, UDF1 (-10149), diet_coke_lovers (10149)
UDF1 posts blind: 10
diet_coke_lovers posts blind: 20
UDF1 received [9d Qd]
diet_coke_lovers received [6d 3c]
UDF1 folds
UDF1 awarded -10
diet_coke_lovers awarded 10

Round #217, diet_coke_lovers (10159), UDF1 (-10159)
diet_coke_lovers posts blind: 10
UDF1 posts blind: 20
diet_coke_lovers received [6s 5c]
UDF1 received [Kc Ad]
diet_coke_lovers folds
diet_coke_lovers awarded -10
UDF1 awarded 10

Round #218, UDF1 (-10149), diet_coke_lovers (10149)
UDF1 posts blind: 10
diet_coke_lovers posts blind: 20
UDF1 received [Kc Ad]
diet_coke_lovers received [Th 3c]
UDF1 raises to 4371
diet_coke_lovers folds
UDF1 awarded 20
diet_coke_lovers awarded -20

Round #219, diet_coke_lovers (10129), UDF1 (-10129)
diet_coke_lovers posts blind: 10
UDF1 posts blind: 20
diet_coke_lovers received [9d 8c]
UDF1 received [6h Jc]
diet_coke_lovers folds
diet_coke_lovers awarded -10
UDF1 awarded 10

Round #220, UDF1 (-10119), diet_coke_lovers (10119)
UDF1 posts blind: 10
diet_coke_lovers posts blind: 20
UDF1 received [4h 7c]
diet_coke_lovers received [Jh Jc]
UDF1 calls
diet_coke_lovers raises to 40
UDF1 raises to 1596
diet_coke_lovers calls
Flop [Td Kh 9s], UDF1 (1596), diet_coke_lovers (1596)
diet_coke_lovers bids 1191
UDF1 bids 267
diet_coke_lovers won the auction and was revealed [4h]
Flop [Td Kh 9s], UDF1 (1596), diet_coke_lovers (1863)
diet_coke_lovers checks
UDF1 bets 1478
diet_coke_lovers calls
Turn [Td Kh 9s 8c], UDF1 (3074), diet_coke_lovers (3341)
diet_coke_lovers bets 20
UDF1 calls
River [Td Kh 9s 8c Ad], UDF1 (3094), diet_coke_lovers (3361)
diet_coke_lovers bets 20
UDF1 calls
UDF1 shows [4h 7c]
diet_coke_lovers shows [Jh Jc]
UDF1 awarded -3114
diet_coke_lovers awarded 3114

Round #221, diet_coke_lovers (13233), UDF1 (-13233)
diet_coke_lovers posts blind: 10
UDF1 posts blind: 20
diet_coke_lovers received [7c Kc]
UDF1 received [8h 4h]
diet_coke_lovers folds
diet_coke_lovers awarded -10
UDF1 awarded 10

Round #222, UDF1 (-13223), diet_coke_lovers (13223)
UDF1 posts blind: 10
diet_coke_lovers posts blind: 20
UDF1 received [Ad Qc]
diet_coke_lovers received [9s Jh]
UDF1 raises to 3765
diet_coke_lovers folds
UDF1 awarded 20
diet_coke_lovers awarded -20

Round #223, diet_coke_lovers (13203), UDF1 (-13203)
diet_coke_lovers posts blind: 10
UDF1 posts blind: 20
diet_coke_lovers received [3h 8s]
UDF1 received [7d 8c]
diet_coke_lovers folds
diet_coke_lovers awarded -10
UDF1 awarded 10

Round #224, UDF1 (-13193), diet_coke_lovers (13193)
UDF1 posts blind: 10
diet_coke_lovers posts blind: 20
UDF1 received [Ah 7s]
diet_coke_lovers received [3h Ts]
UDF1 raises to 1953
diet_coke_lovers folds
UDF1 awarded 20
diet_coke_lovers awarded -20

Round #225, diet_coke_lovers (13173), UDF1 (-13173)
diet_coke_lovers posts blind: 10
UDF1 posts blind: 20
diet_coke_lovers received [Jc 9d]
UDF1 received [Qs 7h]
diet_coke_lovers folds
diet_coke_lovers awarded -10
UDF1 awarded 10

Round #226, UDF1 (-13163), diet_coke_lovers (13163)
UDF1 posts blind: 10
diet_coke_lovers posts blind: 20
UDF1 received [4h 6s]
diet_coke_lovers received [6c 7c]
UDF1 folds
UDF1 awarded -10
diet_coke_lovers awarded 10

Round #227, diet_coke_lovers (13173), UDF1 (-13173)
diet_coke_lovers posts blind: 10
UDF1 posts blind: 20
diet_coke_lovers received [Td Kc]
UDF1 received [2s 4s]
diet_coke_lovers folds
diet_coke_lovers awarded -10
UDF1 awarded 10

Round #228, UDF1 (-13163), diet_coke_lovers (13163)
UDF1 posts blind: 10
diet_coke_lovers posts blind: 20
UDF1 received [9s 5s]
diet_coke_lovers received [7s 3c]
UDF1 raises to 2029
diet_coke_lovers folds
UDF1 awarded 20
diet_coke_lovers awarded -20

Round #229, diet_coke_lovers (13143), UDF1 (-13143)
diet_coke_lovers posts blind: 10
UDF1 posts blind: 20
diet_coke_lovers received [5c 6d]
UDF1 received [6s Qs]
diet_coke_lovers folds
diet_coke_lovers awarded -10
UDF1 awarded 10

Round #230, UDF1 (-13133), diet_coke_lovers (13133)
UDF1 posts blind: 10
diet_coke_lovers posts blind: 20
UDF1 received [Ks 6d]
diet_coke_lovers received [7d 9s]
UDF1 folds
UDF1 awarded -10
diet_coke_lovers awarded 10

Round #231, diet_coke_lovers (13143), UDF1 (-13143)
diet_coke_lovers posts blind: 10
UDF1 posts blind: 20
diet_coke_lovers received [Ad 4d]
UDF1 received [7d 7c]
diet_coke_lovers folds
diet_coke_lovers awarded -10
UDF1 awarded 10

Round #232, UDF1 (-13133), diet_coke_lovers (13133)
UDF1 posts blind: 10
diet_coke_lovers posts blind: 20
UDF1 received [Qc 6s]
diet_coke_lovers received [2h Ac]
UDF1 calls
diet_coke_lovers checks
Flop [2s 8c 4h], UDF1 (20), diet_coke_lovers (20)
diet_coke_lovers bids 747
UDF1 bids 8
diet_coke_lovers won the auction and was revealed [6s]
Flop [2s 8c 4h], UDF1 (20), diet_coke_lovers (28)
diet_coke_lovers checks
UDF1 bets 2795
diet_coke_lovers folds
UDF1 awarded 28
diet_coke_lovers awarded -28

Round #233, diet_coke_lovers (13105), UDF1 (-13105)
diet_coke_lovers posts blind: 10
UDF1 posts blind: 20
diet_coke_lovers received [Ks Js]
UDF1 received [9c Kh]
diet_coke_lovers folds
diet_coke_lovers awarded -10
UDF1 awarded 10

Round #234, UDF1 (-13095), diet_coke_lovers (13095)
UDF1 posts blind: 10
diet_coke_lovers posts blind: 20
UDF1 received [8c 6d]
diet_coke_lovers received [7s Ad]
UDF1 raises to 2052
diet_coke_lovers folds
UDF1 awarded 20
diet_coke_lovers awarded -20

Round #235, diet_coke_lovers (13075), UDF1 (-13075)
diet_coke_lovers posts blind: 10
UDF1 posts blind: 20
diet_coke_lovers received [8s 8d]
UDF1 received [9d 8c]
diet_coke_lovers calls
UDF1 checks
Flop [3h As Jd], diet_coke_lovers (20), UDF1 (20)
UDF1 bids 14
diet_coke_lovers bids 0
UDF1 won the auction and was revealed [8d]
Flop [3h As Jd], diet_coke_lovers (20), UDF1 (20)
UDF1 bets 2522
diet_coke_lovers calls
Turn [3h As Jd Qh], diet_coke_lovers (2542), UDF1 (2542)
UDF1 bets 1415
diet_coke_lovers calls
River [3h As Jd Qh 7s], diet_coke_lovers (3957), UDF1 (3957)
UDF1 bets 500
diet_coke_lovers calls
diet_coke_lovers shows [8s 8d]
UDF1 shows [9d 8c]
diet_coke_lovers awarded 4457
UDF1 awarded -4457

Round #236, UDF1 (-17532), diet_coke_lovers (17532)
UDF1 posts blind: 10
diet_coke_lovers posts blind: 20
UDF1 received [2c 8s]
diet_coke_lovers received [Ac 7h]
UDF1 folds
UDF1 awarded -10
diet_coke_lovers awarded 10

Round #237, diet_coke_lovers (17542), UDF1 (-17542)
diet_coke_lovers posts blind: 10
UDF1 posts blind: 20
diet_coke_lovers received [2c Qc]
UDF1 received [Qd 7s]
diet_coke_lovers folds
diet_coke_lovers awarded -10
UDF1 awarded 10

Round #238, UDF1 (-17532), diet_coke_lovers (17532)
UDF1 posts blind: 10
diet_coke_lovers posts blind: 20
UDF1 received [Qd Js]
diet_coke_lovers received [8c Ah]
UDF1 calls
diet_coke_lovers checks
Flop [7d Kd 5d], UDF1 (20), diet_coke_lovers (20)
diet_coke_lovers bids 747
UDF1 bids 13
diet_coke_lovers won the auction and was revealed [Js]
Flop [7d Kd 5d], UDF1 (20), diet_coke_lovers (33)
diet_coke_lovers checks
UDF1 bets 3118
diet_coke_lovers folds
UDF1 awarded 33
diet_coke_lovers awarded -33

Round #239, diet_coke_lovers (17499), UDF1 (-17499)
diet_coke_lovers posts blind: 10
UDF1 posts blind: 20
diet_coke_lovers received [3s 2h]
UDF1 received [5s 5c]
diet_coke_lovers folds
diet_coke_lovers awarded -10
UDF1 awarded 10

Round #240, UDF1 (-17489), diet_coke_lovers (17489)
UDF1 posts blind: 10
diet_coke_lovers posts blind: 20
UDF1 received [3c Tc]
diet_coke_lovers received [5s As]
UDF1 raises to 1969
diet_coke_lovers folds
UDF1 awarded 20
diet_coke_lovers awarded -20

Round #241, diet_coke_lovers (17469), UDF1 (-17469)
diet_coke_lovers posts blind: 10
UDF1 posts blind: 20
diet_coke_lovers received [Ah Kd]
UDF1 received [7h 6d]
diet_coke_lovers folds
diet_coke_lovers awarded -10
UDF1 awarded 10

Round #242, UDF1 (-17459), diet_coke_lovers (17459)
UDF1 posts blind: 10
diet_coke_lovers posts blind: 20
UDF1 received [9s Qh]
diet_coke_lovers received [Qs Ac]
UDF1 folds
UDF1 awarded -10
diet_coke_lovers awarded 10

Round #243, diet_coke_lovers (17469), UDF1 (-17469)
diet_coke_lovers posts blind: 10
UDF1 posts blind: 20
diet_coke_lovers received [As Ah]
UDF1 received [Kd 2h]
diet_coke_lovers calls
UDF1 checks
Flop [3h Qc 2s], diet_coke_lovers (20), UDF1 (20)
UDF1 bids 10
diet_coke_lovers bids 1743
diet_coke_lovers won the auction and was revealed [2h]
Flop [3h Qc 2s], diet_coke_lovers (30), UDF1 (20)
UDF1 bets 2830
diet_coke_lovers calls
Turn [3h Qc 2s Js], diet_coke_lovers (2860), UDF1 (2850)
UDF1 bets 1089
diet_coke_lovers calls
River [3h Qc 2s Js 7c], diet_coke_lovers (3949), UDF1 (3939)
UDF1 bets 607
diet_coke_lovers calls
diet_coke_lovers shows [As Ah]
UDF1 shows [Kd 2h]
diet_coke_lovers awarded 4546
UDF1 awarded -4546

Round #244, UDF1 (-22015), diet_coke_lovers (22015)
UDF1 posts blind: 10
diet_coke_lovers posts blind: 20
UDF1 received [6h Ac]
diet_coke_lovers received [7h 4s]
UDF1 raises to 1848
diet_coke_lovers folds
UDF1 awarded 20
diet_coke_lovers awarded -20

Round #245, diet_coke_lovers (21995), UDF1 (-21995)
diet_coke_lovers posts blind: 10
UDF1 posts blind: 20
diet_coke_lovers received [6s 2s]
UDF1 received [8s Js]
diet_coke_lovers folds
diet_coke_lovers awarded -10
UDF1 awarded 10

Round #246, UDF1 (-21985), diet_coke_lovers (21985)
UDF1 posts blind: 10
diet_coke_lovers posts blind: 20
UDF1 received [Kc 2h]
diet_coke_lovers received [3d Js]
UDF1 raises to 2059
diet_coke_lovers folds
UDF1 awarded 20
diet_coke_lovers awarded -20

Round #247, diet_coke_lovers (21965), UDF1 (-21965)
diet_coke_lovers posts blind: 10
UDF1 posts blind: 20
diet_coke_lovers received [Ks Ts]
UDF1 received [9c 8c]
diet_coke_lovers folds
diet_coke_lovers awarded -10
UDF1 awarded 10

Round #248, UDF1 (-21955), diet_coke_lovers (21955)
UDF1 posts blind: 10
diet_coke_lovers posts blind: 20
UDF1 received [Ad 9c]
diet_coke_lovers received [8d 8s]
UDF1 calls
diet_coke_lovers checks
Flop [6c 2h Ac], UDF1 (20), diet_coke_lovers (20)
diet_coke_lovers bids 0
UDF1 bids 16
UDF1 won the auction and was revealed [8d]
Flop [6c 2h Ac], UDF1 (20), diet_coke_lovers (20)
diet_coke_lovers checks
UDF1 bets 3488
diet_coke_lovers calls
Turn [6c 2h Ac 4d], UDF1 (3508), diet_coke_lovers (3508)
diet_coke_lovers bets 20
UDF1 raises to 971
diet_coke_lovers calls
River [6c 2h Ac 4d 9d], UDF1 (4479), diet_coke_lovers (4479)
diet_coke_lovers bets 20
UDF1 raises to 343
diet_coke_lovers calls
UDF1 shows [Ad 9c]
diet_coke_lovers shows [8d 8s]
UDF1 awarded 4822
diet_coke_lovers awarded -4822

Round #249, diet_coke_lovers (17133), UDF1 (-17133)
diet_coke_lovers posts blind: 10
UDF1 posts blind: 20
diet_coke_lovers received [8s 2d]
UDF1 received [7h Qs]
diet_coke_lovers folds
diet_coke_lovers awarded -10
UDF1 awarded 10

Round #250, UDF1 (-17123), diet_coke_lovers (17123)
UDF1 posts blind: 10
diet_coke_lovers posts blind: 20
UDF1 received [Td Qs]
diet_coke_lovers received [2s Js]
UDF1 folds
UDF1 awarded -10
diet_coke_lovers awarded 10

Round #251, diet_coke_lovers (17133), UDF1 (-17133)
diet_coke_lovers posts blind: 10
UDF1 posts blind: 20
diet_coke_lovers received [7d 9s]
UDF1 received [3d Ad]
diet_coke_lovers folds
diet_coke_lovers awarded -10
UDF1 awarded 10

Round #252, UDF1 (-17123), diet_coke_lovers (17123)
UDF1 posts blind: 10
diet_coke_lovers posts blind: 20
UDF1 received [5h 6h]
diet_coke_lovers received [4c Qs]
UDF1 calls
diet_coke_lovers checks
Flop [2c 2d Ad], UDF1 (20), diet_coke_lovers (20)
diet_coke_lovers bids 0
UDF1 bids 16
UDF1 won the auction and was revealed [4c]
Flop [2c 2d Ad], UDF1 (20), diet_coke_lovers (20)
diet_coke_lovers checks
UDF1 bets 2095
diet_coke_lovers folds
UDF1 awarded 20
diet_coke_lovers awarded -20

Round #253, diet_coke_lovers (17103), UDF1 (-17103)
diet_coke_lovers posts blind: 10
UDF1 posts blind: 20
diet_coke_lovers received [7c 8s]
UDF1 received [7s Kh]
diet_coke_lovers folds
diet_coke_lovers awarded -10
UDF1 awarded 10

Round #254, UDF1 (-17093), diet_coke_lovers (17093)
UDF1 posts blind: 10
diet_coke_lovers posts blind: 20
UDF1 received [Th Qs]
diet_coke_lovers received [6h Kd]
UDF1 raises to 2025
diet_coke_lovers folds
UDF1 awarded 20
diet_coke_lovers awarded -20

Round #255, diet_coke_lovers (17073), UDF1 (-17073)
diet_coke_lovers posts blind: 10
UDF1 posts blind: 20
diet_coke_lovers received [8s 6s]
UDF1 received [Kc Ah]
diet_coke_lovers folds
diet_coke_lovers awarded -10
UDF1 awarded 10

Round #256, UDF1 (-17063), diet_coke_lovers (17063)
UDF1 posts blind: 10
diet_coke_lovers posts blind: 20
UDF1 received [As 2s]
diet_coke_lovers received [3h 7h]
UDF1 raises to 1941
diet_coke_lovers folds
UDF1 awarded 20
diet_coke_lovers awarded -20

Round #257, diet_coke_lovers (17043), UDF1 (-17043)
diet_coke_lovers posts blind: 10
UDF1 posts blind: 20
diet_coke_lovers received [Th Kh]
UDF1 received [5d 5s]
diet_coke_lovers folds
diet_coke_lovers awarded -10
UDF1 awarded 10

Round #258, UDF1 (-17033), diet_coke_lovers (17033)
UDF1 posts blind: 10
diet_coke_lovers posts blind: 20
UDF1 received [9s As]
diet_coke_lovers received [2h 3c]
UDF1 raises to 2794
diet_coke_lovers folds
UDF1 awarded 20
diet_coke_lovers awarded -20

Round #259, diet_coke_lovers (17013), UDF1 (-17013)
diet_coke_lovers posts blind: 10
UDF1 posts blind: 20
diet_coke_lovers received [2d 9s]
UDF1 received [8d 4h]
diet_coke_lovers folds
diet_coke_lovers awarded -10
UDF1 awarded 10

Round #260, UDF1 (-17003), diet_coke_lovers (17003)
UDF1 posts blind: 10
diet_coke_lovers posts blind: 20
UDF1 received [Jd 4c]
diet_coke_lovers received [Kh Th]
UDF1 folds
UDF1 awarded -10
diet_coke_lovers awarded 10

Round #261, diet_coke_lovers (17013), UDF1 (-17013)
diet_coke_lovers posts blind: 10
UDF1 posts blind: 20
diet_coke_lovers received [2s 7c]
UDF1 received [Ad 4d]
diet_coke_lovers folds
diet_coke_lovers awarded -10
UDF1 awarded 10

Round #262, UDF1 (-17003), diet_coke_lovers (17003)
UDF1 posts blind: 10
diet_coke_lovers posts blind: 20
UDF1 received [Ks Qc]
diet_coke_lovers received [Kh Jc]
UDF1 raises to 4045
diet_coke_lovers folds
UDF1 awarded 20
diet_coke_lovers awarded -20

Round #263, diet_coke_lovers (16983), UDF1 (-16983)
diet_coke_lovers posts blind: 10
UDF1 posts blind: 20
diet_coke_lovers received [Tc 3c]
UDF1 received [9d Ad]
diet_coke_lovers folds
diet_coke_lovers awarded -10
UDF1 awarded 10

Round #264, UDF1 (-16973), diet_coke_lovers (16973)
UDF1 posts blind: 10
diet_coke_lovers posts blind: 20
UDF1 received [9c 6c]
diet_coke_lovers received [7d Jh]
UDF1 raises to 1625
diet_coke_lovers folds
UDF1 awarded 20
diet_coke_lovers awarded -20

Round #265, diet_coke_lovers (16953), UDF1 (-16953)
diet_coke_lovers posts blind: 10
UDF1 posts blind: 20
diet_coke_lovers received [9s Ac]
UDF1 received [Jd 6c]
diet_coke_lovers folds
diet_coke_lovers awarded -10
UDF1 awarded 10

Round #266, UDF1 (-16943), diet_coke_lovers (16943)
UDF1 posts blind: 10
diet_coke_lovers posts blind: 20
UDF1 received [7d 9s]
diet_coke_lovers received [Ts 8h]
UDF1 folds
UDF1 awarded -10
diet_coke_lovers awarded 10

Round #267, diet_coke_lovers (16953), UDF1 (-16953)
diet_coke_lovers posts blind: 10
UDF1 posts blind: 20
diet_coke_lovers received [Kc 8s]
UDF1 received [3s 2d]
diet_coke_lovers folds
diet_coke_lovers awarded -10
UDF1 awarded 10

Round #268, UDF1 (-16943), diet_coke_lovers (16943)
UDF1 posts blind: 10
diet_coke_lovers posts blind: 20
UDF1 received [Kc 3s]
diet_coke_lovers received [5s Ac]
UDF1 folds
UDF1 awarded -10
diet_coke_lovers awarded 10

Round #269, diet_coke_lovers (16953), UDF1 (-16953)
diet_coke_lovers posts blind: 10
UDF1 posts blind: 20
diet_coke_lovers received [Th Qc]
UDF1 received [Qh Kc]
diet_coke_lovers folds
diet_coke_lovers awarded -10
UDF1 awarded 10

Round #270, UDF1 (-16943), diet_coke_lovers (16943)
UDF1 posts blind: 10
diet_coke_lovers posts blind: 20
UDF1 received [5s 8s]
diet_coke_lovers received [9h Qh]
UDF1 folds
UDF1 awarded -10
diet_coke_lovers awarded 10

Round #271, diet_coke_lovers (16953), UDF1 (-16953)
diet_coke_lovers posts blind: 10
UDF1 posts blind: 20
diet_coke_lovers received [6c 7h]
UDF1 received [Ad 3c]
diet_coke_lovers folds
diet_coke_lovers awarded -10
UDF1 awarded 10

Round #272, UDF1 (-16943), diet_coke_lovers (16943)
UDF1 posts blind: 10
diet_coke_lovers posts blind: 20
UDF1 received [3h Td]
diet_coke_lovers received [7c 5s]
UDF1 folds
UDF1 awarded -10
diet_coke_lovers awarded 10

Round #273, diet_coke_lovers (16953), UDF1 (-16953)
diet_coke_lovers posts blind: 10
UDF1 posts blind: 20
diet_coke_lovers received [5h Kd]
UDF1 received [6s 4c]
diet_coke_lovers folds
diet_coke_lovers awarded -10
UDF1 awarded 10

Round #274, UDF1 (-16943), diet_coke_lovers (16943)
UDF1 posts blind: 10
diet_coke_lovers posts blind: 20
UDF1 received [Qc 7c]
diet_coke_lovers received [8h Js]
UDF1 raises to 1863
diet_coke_lovers folds
UDF1 awarded 20
diet_coke_lovers awarded -20

Round #275, diet_coke_lovers (16923), UDF1 (-16923)
diet_coke_lovers posts blind: 10
UDF1 posts blind: 20
diet_coke_lovers received [7c Kc]
UDF1 received [7s Qc]
diet_coke_lovers folds
diet_coke_lovers awarded -10
UDF1 awarded 10

Round #276, UDF1 (-16913), diet_coke_lovers (16913)
UDF1 posts blind: 10
diet_coke_lovers posts blind: 20
UDF1 received [Jc Qs]
diet_coke_lovers received [6d Th]
UDF1 calls
diet_coke_lovers checks
Flop [4c 6c 6h], UDF1 (20), diet_coke_lovers (20)
diet_coke_lovers bids 0
UDF1 bids 18
UDF1 won the auction and was revealed [Th]
Flop [4c 6c 6h], UDF1 (20), diet_coke_lovers (20)
diet_coke_lovers checks
UDF1 bets 2359
diet_coke_lovers folds
UDF1 awarded 20
diet_coke_lovers awarded -20

Round #277, diet_coke_lovers (16893), UDF1 (-16893)
diet_coke_lovers posts blind: 10
UDF1 posts blind: 20
diet_coke_lovers received [Js 5h]
UDF1 received [7d 8d]
diet_coke_lovers folds
diet_coke_lovers awarded -10
UDF1 awarded 10

Round #278, UDF1 (-16883), diet_coke_lovers (16883)
UDF1 posts blind: 10
diet_coke_lovers posts blind: 20
UDF1 received [Ts Ah]
diet_coke_lovers received [Qc Js]
UDF1 calls
diet_coke_lovers checks
Flop [9h Ad 2s], UDF1 (20), diet_coke_lovers (20)
diet_coke_lovers bids 0
UDF1 bids 10
UDF1 won the auction and was revealed [Js]
Flop [9h Ad 2s], UDF1 (20), diet_coke_lovers (20)
diet_coke_lovers checks
UDF1 bets 3681
diet_coke_lovers folds
UDF1 awarded 20
diet_coke_lovers awarded -20

Round #279, diet_coke_lovers (16863), UDF1 (-16863)
diet_coke_lovers posts blind: 10
UDF1 posts blind: 20
diet_coke_lovers received [4h 6c]
UDF1 received [9h 3h]
diet_coke_lovers folds
diet_coke_lovers awarded -10
UDF1 awarded 10

Round #280, UDF1 (-16853), diet_coke_lovers (16853)
UDF1 posts blind: 10
diet_coke_lovers posts blind: 20
UDF1 received [Kc Jh]
diet_coke_lovers received [4h 3c]
UDF1 raises to 2814
diet_coke_lovers folds
UDF1 awarded 20
diet_coke_lovers awarded -20

Round #281, diet_coke_lovers (16833), UDF1 (-16833)
diet_coke_lovers posts blind: 10
UDF1 posts blind: 20
diet_coke_lovers received [Ah 7d]
UDF1 received [Jd 3s]
diet_coke_lovers folds
diet_coke_lovers awarded -10
UDF1 awarded 10

Round #282, UDF1 (-16823), diet_coke_lovers (16823)
UDF1 posts blind: 10
diet_coke_lovers posts blind: 20
UDF1 received [5d 2h]
diet_coke_lovers received [9c 6h]
UDF1 folds
UDF1 awarded -10
diet_coke_lovers awarded 10

Round #283, diet_coke_lovers (16833), UDF1 (-16833)
diet_coke_lovers posts blind: 10
UDF1 posts blind: 20
diet_coke_lovers received [Jc 3h]
UDF1 received [Jh 3c]
diet_coke_lovers folds
diet_coke_lovers awarded -10
UDF1 awarded 10

Round #284, UDF1 (-16823), diet_coke_lovers (16823)
UDF1 posts blind: 10
diet_coke_lovers posts blind: 20
UDF1 received [2d 6d]
diet_coke_lovers received [Ks Qd]
UDF1 folds
UDF1 awarded -10
diet_coke_lovers awarded 10

Round #285, diet_coke_lovers (16833), UDF1 (-16833)
diet_coke_lovers posts blind: 10
UDF1 posts blind: 20
diet_coke_lovers received [2c Ks]
UDF1 received [Qh Td]
diet_coke_lovers folds
diet_coke_lovers awarded -10
UDF1 awarded 10

Round #286, UDF1 (-16823), diet_coke_lovers (16823)
UDF1 posts blind: 10
diet_coke_lovers posts blind: 20
UDF1 received [Qh 6c]
diet_coke_lovers received [Kd Ad]
UDF1 calls
diet_coke_lovers checks
Flop [7h 8c 9h], UDF1 (20), diet_coke_lovers (20)
diet_coke_lovers bids 747
UDF1 bids 18
diet_coke_lovers won the auction and was revealed [6c]
Flop [7h 8c 9h], UDF1 (20), diet_coke_lovers (38)
diet_coke_lovers checks
UDF1 bets 2726
diet_coke_lovers folds
UDF1 awarded 38
diet_coke_lovers awarded -38

Round #287, diet_coke_lovers (16785), UDF1 (-16785)
diet_coke_lovers posts blind: 10
UDF1 posts blind: 20
diet_coke_lovers received [Qd 9c]
UDF1 received [6d Qc]
diet_coke_lovers folds
diet_coke_lovers awarded -10
UDF1 awarded 10

Round #288, UDF1 (-16775), diet_coke_lovers (16775)
UDF1 posts blind: 10
diet_coke_lovers posts blind: 20
UDF1 received [5h 6h]
diet_coke_lovers received [5s 7c]
UDF1 folds
UDF1 awarded -10
diet_coke_lovers awarded 10

Round #289, diet_coke_lovers (16785), UDF1 (-16785)
diet_coke_lovers posts blind: 10
UDF1 posts blind: 20
diet_coke_lovers received [Ts 3h]
UDF1 received [8c 9s]
diet_coke_lovers folds
diet_coke_lovers awarded -10
UDF1 awarded 10

Round #290, UDF1 (-16775), diet_coke_lovers (16775)
UDF1 posts blind: 10
diet_coke_lovers posts blind: 20
UDF1 received [8c Tc]
diet_coke_lovers received [9s 5h]
UDF1 raises to 1789
diet_coke_lovers folds
UDF1 awarded 20
diet_coke_lovers awarded -20

Round #291, diet_coke_lovers (16755), UDF1 (-16755)
diet_coke_lovers posts blind: 10
UDF1 posts blind: 20
diet_coke_lovers received [Tc Jc]
UDF1 received [Qd 2s]
diet_coke_lovers folds
diet_coke_lovers awarded -10
UDF1 awarded 10

Round #292, UDF1 (-16745), diet_coke_lovers (16745)
UDF1 posts blind: 10
diet_coke_lovers posts blind: 20
UDF1 received [Qd 9s]
diet_coke_lovers received [Qh Ah]
UDF1 raises to 1589
diet_coke_lovers folds
UDF1 awarded 20
diet_coke_lovers awarded -20

Round #293, diet_coke_lovers (16725), UDF1 (-16725)
diet_coke_lovers posts blind: 10
UDF1 posts blind: 20
diet_coke_lovers received [Qs 7c]
UDF1 received [Qh 8s]
diet_coke_lovers folds
diet_coke_lovers awarded -10
UDF1 awarded 10

Round #294, UDF1 (-16715), diet_coke_lovers (16715)
UDF1 posts blind: 10
diet_coke_lovers posts blind: 20
UDF1 received [Ad 7c]
diet_coke_lovers received [4c 4d]
UDF1 raises to 1735
diet_coke_lovers calls
Flop [8s Td 6s], UDF1 (1735), diet_coke_lovers (1735)
diet_coke_lovers bids 0
UDF1 bids 272
UDF1 won the auction and was revealed [4c]
Flop [8s Td 6s], UDF1 (1735), diet_coke_lovers (1735)
diet_coke_lovers bets 20
UDF1 raises to 2135
diet_coke_lovers calls
Turn [8s Td 6s 3d], UDF1 (3870), diet_coke_lovers (3870)
diet_coke_lovers bets 20
UDF1 raises to 657
diet_coke_lovers calls
River [8s Td 6s 3d Qs], UDF1 (4527), diet_coke_lovers (4527)
diet_coke_lovers checks
UDF1 bets 284
diet_coke_lovers calls
UDF1 shows [Ad 7c]
diet_coke_lovers shows [4c 4d]
UDF1 awarded -4811
diet_coke_lovers awarded 4811

Round #295, diet_coke_lovers (21526), UDF1 (-21526)
diet_coke_lovers posts blind: 10
UDF1 posts blind: 20
diet_coke_lovers received [3h Td]
UDF1 received [9c 4d]
diet_coke_lovers folds
diet_coke_lovers awarded -10
UDF1 awarded 10

Round #296, UDF1 (-21516), diet_coke_lovers (21516)
UDF1 posts blind: 10
diet_coke_lovers posts blind: 20
UDF1 received [8h 7c]
diet_coke_lovers received [3h Jd]
UDF1 calls
diet_coke_lovers checks
Flop [2s 5s Td], UDF1 (20), diet_coke_lovers (20)
diet_coke_lovers bids 0
UDF1 bids 16
UDF1 won the auction and was revealed [3h]
Flop [2s 5s Td], UDF1 (20), diet_coke_lovers (20)
diet_coke_lovers checks
UDF1 bets 2748
diet_coke_lovers folds
UDF1 awarded 20
diet_coke_lovers awarded -20

Round #297, diet_coke_lovers (21496), UDF1 (-21496)
diet_coke_lovers posts blind: 10
UDF1 posts blind: 20
diet_coke_lovers received [As 3d]
UDF1 received [8c 4s]
diet_coke_lovers folds
diet_coke_lovers awarded -10
UDF1 awarded 10

Round #298, UDF1 (-21486), diet_coke_lovers (21486)
UDF1 posts blind: 10
diet_coke_lovers posts blind: 20
UDF1 received [7s 5d]
diet_coke_lovers received [Qd Ts]
UDF1 raises to 1904
diet_coke_lovers folds
UDF1 awarded 20
diet_coke_lovers awarded -20

Round #299, diet_coke_lovers (21466), UDF1 (-21466)
diet_coke_lovers posts blind: 10
UDF1 posts blind: 20
diet_coke_lovers received [Ad 7h]
UDF1 received [Ks Jd]
diet_coke_lovers folds
diet_coke_lovers awarded -10
UDF1 awarded 10

Round #300, UDF1 (-21456), diet_coke_lovers (21456)
UDF1 posts blind: 10
diet_coke_lovers posts blind: 20
UDF1 received [Js Qd]
diet_coke_lovers received [Tc Kh]
UDF1 calls
diet_coke_lovers checks
Flop [2d 3h 5h], UDF1 (20), diet_coke_lovers (20)
diet_coke_lovers bids 747
UDF1 bids 17
diet_coke_lovers won the auction and was revealed [Js]
Flop [2d 3h 5h], UDF1 (20), diet_coke_lovers (37)
diet_coke_lovers checks
UDF1 bets 2308
diet_coke_lovers folds
UDF1 awarded 37
diet_coke_lovers awarded -37

Round #301, diet_coke_lovers (21419), UDF1 (-21419)
diet_coke_lovers posts blind: 10
UDF1 posts blind: 20
diet_coke_lovers received [Qc 5d]
UDF1 received [5s Td]
diet_coke_lovers folds
diet_coke_lovers awarded -10
UDF1 awarded 10

Round #302, UDF1 (-21409), diet_coke_lovers (21409)
UDF1 posts blind: 10
diet_coke_lovers posts blind: 20
UDF1 received [9c Td]
diet_coke_lovers received [Kd 4s]
UDF1 folds
UDF1 awarded -10
diet_coke_lovers awarded 10

Round #303, diet_coke_lovers (21419), UDF1 (-21419)
diet_coke_lovers posts blind: 10
UDF1 posts blind: 20
diet_coke_lovers received [7h Js]
UDF1 received [8c 2h]
diet_coke_lovers folds
diet_coke_lovers awarded -10
UDF1 awarded 10

Round #304, UDF1 (-21409), diet_coke_lovers (21409)
UDF1 posts blind: 10
diet_coke_lovers posts blind: 20
UDF1 received [Th Jc]
diet_coke_lovers received [8s Ah]
UDF1 folds
UDF1 awarded -10
diet_coke_lovers awarded 10

Round #305, diet_coke_lovers (21419), UDF1 (-21419)
diet_coke_lovers posts blind: 10
UDF1 posts blind: 20
diet_coke_lovers received [Jd Js]
UDF1 received [3s 8s]
diet_coke_lovers calls
UDF1 raises to 1997
diet_coke_lovers calls
Flop [Td 7s 9c], diet_coke_lovers (1997), UDF1 (1997)
UDF1 bids 261
diet_coke_lovers bids 1051
diet_coke_lovers won the auction and was revealed [3s]
Flop [Td 7s 9c], diet_coke_lovers (2258), UDF1 (1997)
UDF1 bets 1302
diet_coke_lovers calls
Turn [Td 7s 9c 7h], diet_coke_lovers (3560), UDF1 (3299)
UDF1 bets 709
diet_coke_lovers calls
River [Td 7s 9c 7h Jh], diet_coke_lovers (4269), UDF1 (4008)
UDF1 bets 460
diet_coke_lovers calls
diet_coke_lovers shows [Jd Js]
UDF1 shows [3s 8s]
diet_coke_lovers awarded 4468
UDF1 awarded -4468

Round #306, UDF1 (-25887), diet_coke_lovers (25887)
UDF1 posts blind: 10
diet_coke_lovers posts blind: 20
UDF1 received [Jd 6d]
diet_coke_lovers received [Qc 5c]
UDF1 calls
diet_coke_lovers checks
Flop [8c 9c Qh], UDF1 (20), diet_coke_lovers (20)
diet_coke_lovers bids 0
UDF1 bids 18
UDF1 won the auction and was revealed [Qc]
Flop [8c 9c Qh], UDF1 (20), diet_coke_lovers (20)
diet_coke_lovers checks
UDF1 bets 2273
diet_coke_lovers folds
UDF1 awarded 20
diet_coke_lovers awarded -20

Round #307, diet_coke_lovers (25867), UDF1 (-25867)
diet_coke_lovers posts blind: 10
UDF1 posts blind: 20
diet_coke_lovers received [Kd Td]
UDF1 received [7s 6c]
diet_coke_lovers folds
diet_coke_lovers awarded -10
UDF1 awarded 10

Round #308, UDF1 (-25857), diet_coke_lovers (25857)
UDF1 posts blind: 10
diet_coke_lovers posts blind: 20
UDF1 received [6h Ah]
diet_coke_lovers received [2d 7h]
UDF1 raises to 1905
diet_coke_lovers folds
UDF1 awarded 20
diet_coke_lovers awarded -20

Round #309, diet_coke_lovers (25837), UDF1 (-25837)
diet_coke_lovers posts blind: 10
UDF1 posts blind: 20
diet_coke_lovers received [2d Td]
UDF1 received [7s 3h]
diet_coke_lovers folds
diet_coke_lovers awarded -10
UDF1 awarded 10

Round #310, UDF1 (-25827), diet_coke_lovers (25827)
UDF1 posts blind: 10
diet_coke_lovers posts blind: 20
UDF1 received [Ah Js]
diet_coke_lovers received [Jc 2d]
UDF1 raises to 3890
diet_coke_lovers folds
UDF1 awarded 20
diet_coke_lovers awarded -20

Round #311, diet_coke_lovers (25807), UDF1 (-25807)
diet_coke_lovers posts blind: 10
UDF1 posts blind: 20
diet_coke_lovers received [8c 4h]
UDF1 received [2c 4c]
diet_coke_lovers folds
diet_coke_lovers awarded -10
UDF1 awarded 10

Round #312, UDF1 (-25797), diet_coke_lovers (25797)
UDF1 posts blind: 10
diet_coke_lovers posts blind: 20
UDF1 received [Kd 9c]
diet_coke_lovers received [7h Qh]
UDF1 raises to 1634
diet_coke_lovers folds
UDF1 awarded 20
diet_coke_lovers awarded -20

Round #313, diet_coke_lovers (25777), UDF1 (-25777)
diet_coke_lovers posts blind: 10
UDF1 posts blind: 20
diet_coke_lovers received [Th As]
UDF1 received [7d Js]
diet_coke_lovers folds
diet_coke_lovers awarded -10
UDF1 awarded 10

Round #314, UDF1 (-25767), diet_coke_lovers (25767)
UDF1 posts blind: 10
diet_coke_lovers posts blind: 20
UDF1 received [3s 3d]
diet_coke_lovers received [Th 5h]
UDF1 calls
diet_coke_lovers checks
Flop [7d 3c As], UDF1 (20), diet_coke_lovers (20)
diet_coke_lovers bids 0
UDF1 bids 18
UDF1 won the auction and was revealed [5h]
Flop [7d 3c As], UDF1 (20), diet_coke_lovers (20)
diet_coke_lovers checks
UDF1 bets 3798
diet_coke_lovers folds
UDF1 awarded 20
diet_coke_lovers awarded -20

Round #315, diet_coke_lovers (25747), UDF1 (-25747)
diet_coke_lovers posts blind: 10
UDF1 posts blind: 20
diet_coke_lovers received [As 7d]
UDF1 received [5h 7h]
diet_coke_lovers folds
diet_coke_lovers awarded -10
UDF1 awarded 10

Round #316, UDF1 (-25737), diet_coke_lovers (25737)
UDF1 posts blind: 10
diet_coke_lovers posts blind: 20
UDF1 received [8d 3h]
diet_coke_lovers received [8c 7h]
UDF1 folds
UDF1 awarded -10
diet_coke_lovers awarded 10

Round #317, diet_coke_lovers (25747), UDF1 (-25747)
diet_coke_lovers posts blind: 10
UDF1 posts blind: 20
diet_coke_lovers received [5s Kc]
UDF1 received [Ks Jd]
diet_coke_lovers folds
diet_coke_lovers awarded -10
UDF1 awarded 10

Round #318, UDF1 (-25737), diet_coke_lovers (25737)
UDF1 posts blind: 10
diet_coke_lovers posts blind: 20
UDF1 received [Ks Js]
diet_coke_lovers received [8s 4c]
UDF1 raises to 4074
diet_coke_lovers folds
UDF1 awarded 20
diet_coke_lovers awarded -20

Round #319, diet_coke_lovers (25717), UDF1 (-25717)
diet_coke_lovers posts blind: 10
UDF1 posts blind: 20
diet_coke_lovers received [4c Jd]
UDF1 received [5c 8s]
diet_coke_lovers folds
diet_coke_lovers awarded -10
UDF1 awarded 10

Round #320, UDF1 (-25707), diet_coke_lovers (25707)
UDF1 posts blind: 10
diet_coke_lovers posts blind: 20
UDF1 received [4c 7s]
diet_coke_lovers received [4s Tc]
UDF1 raises to 2000
diet_coke_lovers folds
UDF1 awarded 20
diet_coke_lovers awarded -20

Round #321, diet_coke_lovers (25687), UDF1 (-25687)
diet_coke_lovers posts blind: 10
UDF1 posts blind: 20
diet_coke_lovers received [Jc 6c]
UDF1 received [9h Qd]
diet_coke_lovers folds
diet_coke_lovers awarded -10
UDF1 awarded 10

Round #322, UDF1 (-25677), diet_coke_lovers (25677)
UDF1 posts blind: 10
diet_coke_lovers posts blind: 20
UDF1 received [Ac As]
diet_coke_lovers received [8s 8c]
UDF1 raises to 4587
diet_coke_lovers calls
Flop [4c 9s Th], UDF1 (4587), diet_coke_lovers (4587)
diet_coke_lovers bids 0
UDF1 bids 63
UDF1 won the auction and was revealed [8s]
Flop [4c 9s Th], UDF1 (4587), diet_coke_lovers (4587)
diet_coke_lovers bets 20
UDF1 raises to 295
diet_coke_lovers calls
Turn [4c 9s Th 4s], UDF1 (4882), diet_coke_lovers (4882)
diet_coke_lovers checks
UDF1 bets 80
diet_coke_lovers calls
River [4c 9s Th 4s 3d], UDF1 (4962), diet_coke_lovers (4962)
diet_coke_lovers checks
UDF1 bets 31
diet_coke_lovers calls
UDF1 shows [Ac As]
diet_coke_lovers shows [8s 8c]
UDF1 awarded 4993
diet_coke_lovers awarded -4993

Round #323, diet_coke_lovers (20684), UDF1 (-20684)
diet_coke_lovers posts blind: 10
UDF1 posts blind: 20
diet_coke_lovers received [Ah Qh]
UDF1 received [7c 4h]
diet_coke_lovers folds
diet_coke_lovers awarded -10
UDF1 awarded 10

Round #324, UDF1 (-20674), diet_coke_lovers (20674)
UDF1 posts blind: 10
diet_coke_lovers posts blind: 20
UDF1 received [7d 8d]
diet_coke_lovers received [Td Kh]
UDF1 calls
diet_coke_lovers checks
Flop [5c As Js], UDF1 (20), diet_coke_lovers (20)
diet_coke_lovers bids 747
UDF1 bids 8
diet_coke_lovers won the auction and was revealed [8d]
Flop [5c As Js], UDF1 (20), diet_coke_lovers (28)
diet_coke_lovers checks
UDF1 bets 2758
diet_coke_lovers folds
UDF1 awarded 28
diet_coke_lovers awarded -28

Round #325, diet_coke_lovers (20646), UDF1 (-20646)
diet_coke_lovers posts blind: 10
UDF1 posts blind: 20
diet_coke_lovers received [3s Tc]
UDF1 received [3c 9c]
diet_coke_lovers folds
diet_coke_lovers awarded -10
UDF1 awarded 10

Round #326, UDF1 (-20636), diet_coke_lovers (20636)
UDF1 posts blind: 10
diet_coke_lovers posts blind: 20
UDF1 received [5c Td]
diet_coke_lovers received [2s 9s]
UDF1 calls
diet_coke_lovers checks
Flop [Ad Jd Js], UDF1 (20), diet_coke_lovers (20)
diet_coke_lovers bids 0
UDF1 bids 18
UDF1 won the auction and was revealed [9s]
Flop [Ad Jd Js], UDF1 (20), diet_coke_lovers (20)
diet_coke_lovers checks
UDF1 bets 2835
diet_coke_lovers folds
UDF1 awarded 20
diet_coke_lovers awarded -20

Round #327, diet_coke_lovers (20616), UDF1 (-20616)
diet_coke_lovers posts blind: 10
UDF1 posts blind: 20
diet_coke_lovers received [7d Qd]
UDF1 received [6d Ah]
diet_coke_lovers folds
diet_coke_lovers awarded -10
UDF1 awarded 10

Round #328, UDF1 (-20606), diet_coke_lovers (20606)
UDF1 posts blind: 10
diet_coke_lovers posts blind: 20
UDF1 received [9s 4h]
diet_coke_lovers received [Qc 3c]
UDF1 raises to 1873
diet_coke_lovers folds
UDF1 awarded 20
diet_coke_lovers awarded -20

Round #329, diet_coke_lovers (20586), UDF1 (-20586)
diet_coke_lovers posts blind: 10
UDF1 posts blind: 20
diet_coke_lovers received [5c 8c]
UDF1 received [Kc Ts]
diet_coke_lovers folds
diet_coke_lovers awarded -10
UDF1 awarded 10

Round #330, UDF1 (-20576), diet_coke_lovers (20576)
UDF1 posts blind: 10
diet_coke_lovers posts blind: 20
UDF1 received [6h 7d]
diet_coke_lovers received [5h Js]
UDF1 raises to 1953
diet_coke_lovers folds
UDF1 awarded 20
diet_coke_lovers awarded -20

Round #331, diet_coke_lovers (20556), UDF1 (-20556)
diet_coke_lovers posts blind: 10
UDF1 posts blind: 20
diet_coke_lovers received [6s Jh]
UDF1 received [Ts Ks]
diet_coke_lovers folds
diet_coke_lovers awarded -10
UDF1 awarded 10

Round #332, UDF1 (-20546), diet_coke_lovers (20546)
UDF1 posts blind: 10
diet_coke_lovers posts blind: 20
UDF1 received [7d Ah]
diet_coke_lovers received [2c 6d]
UDF1 calls
diet_coke_lovers checks
Flop [Qc 7h Qh], UDF1 (20), diet_coke_lovers (20)
diet_coke_lovers bids 0
UDF1 bids 7
UDF1 won the auction and was revealed [2c]
Flop [Qc 7h Qh], UDF1 (20), diet_coke_lovers (20)
diet_coke_lovers checks
UDF1 bets 3090
diet_coke_lovers folds
UDF1 awarded 20
diet_coke_lovers awarded -20

Round #333, diet_coke_lovers (20526), UDF1 (-20526)
diet_coke_lovers posts blind: 10
UDF1 posts blind: 20
diet_coke_lovers received [8h 3s]
UDF1 received [Jh 9d]
diet_coke_lovers folds
diet_coke_lovers awarded -10
UDF1 awarded 10

Round #334, UDF1 (-20516), diet_coke_lovers (20516)
UDF1 posts blind: 10
diet_coke_lovers posts blind: 20
UDF1 received [5d Ad]
diet_coke_lovers received [4d Kh]
UDF1 folds
UDF1 awarded -10
diet_coke_lovers awarded 10

Round #335, diet_coke_lovers (20526), UDF1 (-20526)
diet_coke_lovers posts blind: 10
UDF1 posts blind: 20
diet_coke_lovers received [Qc 4h]
UDF1 received [7d Ks]
diet_coke_lovers folds
diet_coke_lovers awarded -10
UDF1 awarded 10

Round #336, UDF1 (-20516), diet_coke_lovers (20516)
UDF1 posts blind: 10
diet_coke_lovers posts blind: 20
UDF1 received [3d 5c]
diet_coke_lovers received [7s 8c]
UDF1 calls
diet_coke_lovers checks
Flop [8h Kd Tc], UDF1 (20), diet_coke_lovers (20)
diet_coke_lovers bids 0
UDF1 bids 13
UDF1 won the auction and was revealed [8c]
Flop [8h Kd Tc], UDF1 (20), diet_coke_lovers (20)
diet_coke_lovers checks
UDF1 bets 2403
diet_coke_lovers folds
UDF1 awarded 20
diet_coke_lovers awarded -20

Round #337, diet_coke_lovers (20496), UDF1 (-20496)
diet_coke_lovers posts blind: 10
UDF1 posts blind: 20
diet_coke_lovers received [8s 9c]
UDF1 received [Qs 2c]
diet_coke_lovers folds
diet_coke_lovers awarded -10
UDF1 awarded 10

Round #338, UDF1 (-20486), diet_coke_lovers (20486)
UDF1 posts blind: 10
diet_coke_lovers posts blind: 20
UDF1 received [2h 3s]
diet_coke_lovers received [8c 7s]
UDF1 calls
diet_coke_lovers checks
Flop [4s Th 2c], UDF1 (20), diet_coke_lovers (20)
diet_coke_lovers bids 0
UDF1 bids 16
UDF1 won the auction and was revealed [8c]
Flop [4s Th 2c], UDF1 (20), diet_coke_lovers (20)
diet_coke_lovers checks
UDF1 bets 2794
diet_coke_lovers folds
UDF1 awarded 20
diet_coke_lovers awarded -20

Round #339, diet_coke_lovers (20466), UDF1 (-20466)
diet_coke_lovers posts blind: 10
UDF1 posts blind: 20
diet_coke_lovers received [6h Qd]
UDF1 received [9d Qs]
diet_coke_lovers folds
diet_coke_lovers awarded -10
UDF1 awarded 10

Round #340, UDF1 (-20456), diet_coke_lovers (20456)
UDF1 posts blind: 10
diet_coke_lovers posts blind: 20
UDF1 received [7d 5s]
diet_coke_lovers received [Qs Td]
UDF1 folds
UDF1 awarded -10
diet_coke_lovers awarded 10

Round #341, diet_coke_lovers (20466), UDF1 (-20466)
diet_coke_lovers posts blind: 10
UDF1 posts blind: 20
diet_coke_lovers received [Js Ac]
UDF1 received [Ts Kh]
diet_coke_lovers folds
diet_coke_lovers awarded -10
UDF1 awarded 10

Round #342, UDF1 (-20456), diet_coke_lovers (20456)
UDF1 posts blind: 10
diet_coke_lovers posts blind: 20
UDF1 received [3s Ad]
diet_coke_lovers received [Kh Ac]
UDF1 raises to 1852
diet_coke_lovers folds
UDF1 awarded 20
diet_coke_lovers awarded -20

Round #343, diet_coke_lovers (20436), UDF1 (-20436)
diet_coke_lovers posts blind: 10
UDF1 posts blind: 20
diet_coke_lovers received [Qd Kc]
UDF1 received [6s 6d]
diet_coke_lovers folds
diet_coke_lovers awarded -10
UDF1 awarded 10

Round #344, UDF1 (-20426), diet_coke_lovers (20426)
UDF1 posts blind: 10
diet_coke_lovers posts blind: 20
UDF1 received [3c Jd]
diet_coke_lovers received [Kd As]
UDF1 calls
diet_coke_lovers checks
Flop [4h Ad Qc], UDF1 (20), diet_coke_lovers (20)
diet_coke_lovers bids 747
UDF1 bids 10
diet_coke_lovers won the auction and was revealed [3c]
Flop [4h Ad Qc], UDF1 (20), diet_coke_lovers (30)
diet_coke_lovers checks
UDF1 bets 2564
diet_coke_lovers folds
UDF1 awarded 30
diet_coke_lovers awarded -30

Round #345, diet_coke_lovers (20396), UDF1 (-20396)
diet_coke_lovers posts blind: 10
UDF1 posts blind: 20
diet_coke_lovers received [8h 8d]
UDF1 received [Qh 9h]
diet_coke_lovers calls
UDF1 checks
Flop [Qd 9c Ac], diet_coke_lovers (20), UDF1 (20)
UDF1 bids 11
diet_coke_lovers bids 0
UDF1 won the auction and was revealed [8h]
Flop [Qd 9c Ac], diet_coke_lovers (20), UDF1 (20)
UDF1 bets 3724
diet_coke_lovers calls
Turn [Qd 9c Ac 9d], diet_coke_lovers (3744), UDF1 (3744)
UDF1 bets 839
diet_coke_lovers calls
River [Qd 9c Ac 9d 7c], diet_coke_lovers (4583), UDF1 (4583)
UDF1 bets 266
diet_coke_lovers calls
diet_coke_lovers shows [8h 8d]
UDF1 shows [Qh 9h]
diet_coke_lovers awarded -4849
UDF1 awarded 4849

Round #346, UDF1 (-15547), diet_coke_lovers (15547)
UDF1 posts blind: 10
diet_coke_lovers posts blind: 20
UDF1 received [Qd 7d]
diet_coke_lovers received [9h 3d]
UDF1 calls
diet_coke_lovers checks
Flop [4s 8d Th], UDF1 (20), diet_coke_lovers (20)
diet_coke_lovers bids 0
UDF1 bids 17
UDF1 won the auction and was revealed [9h]
Flop [4s 8d Th], UDF1 (20), diet_coke_lovers (20)
diet_coke_lovers checks
UDF1 bets 2813
diet_coke_lovers folds
UDF1 awarded 20
diet_coke_lovers awarded -20

Round #347, diet_coke_lovers (15527), UDF1 (-15527)
diet_coke_lovers posts blind: 10
UDF1 posts blind: 20
diet_coke_lovers received [Qh 4c]
UDF1 received [8c 2c]
diet_coke_lovers folds
diet_coke_lovers awarded -10
UDF1 awarded 10

Round #348, UDF1 (-15517), diet_coke_lovers (15517)
UDF1 posts blind: 10
diet_coke_lovers posts blind: 20
UDF1 received [8c 3d]
diet_coke_lovers received [Ks Ts]
UDF1 calls
diet_coke_lovers checks
Flop [6d Qd 9h], UDF1 (20), diet_coke_lovers (20)
diet_coke_lovers bids 747
UDF1 bids 13
diet_coke_lovers won the auction and was revealed [8c]
Flop [6d Qd 9h], UDF1 (20), diet_coke_lovers (33)
diet_coke_lovers checks
UDF1 bets 2399
diet_coke_lovers folds
UDF1 awarded 33
diet_coke_lovers awarded -33

Round #349, diet_coke_lovers (15484), UDF1 (-15484)
diet_coke_lovers posts blind: 10
UDF1 posts blind: 20
diet_coke_lovers received [Jc 7h]
UDF1 received [4s 5s]
diet_coke_lovers folds
diet_coke_lovers awarded -10
UDF1 awarded 10

Round #350, UDF1 (-15474), diet_coke_lovers (15474)
UDF1 posts blind: 10
diet_coke_lovers posts blind: 20
UDF1 received [Js Tc]
diet_coke_lovers received [3h Jc]
UDF1 folds
UDF1 awarded -10
diet_coke_lovers awarded 10

Round #351, diet_coke_lovers (15484), UDF1 (-15484)
diet_coke_lovers posts blind: 10
UDF1 posts blind: 20
diet_coke_lovers received [Qh 8c]
UDF1 received [3c 7h]
diet_coke_lovers folds
diet_coke_lovers awarded -10
UDF1 awarded 10

Round #352, UDF1 (-15474), diet_coke_lovers (15474)
UDF1 posts blind: 10
diet_coke_lovers posts blind: 20
UDF1 received [8c Ah]
diet_coke_lovers received [4c Qs]
UDF1 calls
diet_coke_lovers checks
Flop [8h 5d 2c], UDF1 (20), diet_coke_lovers (20)
diet_coke_lovers bids 0
UDF1 bids 18
UDF1 won the auction and was revealed [Qs]
Flop [8h 5d 2c], UDF1 (20), diet_coke_lovers (20)
diet_coke_lovers checks
UDF1 bets 3350
diet_coke_lovers folds
UDF1 awarded 20
diet_coke_lovers awarded -20

Round #353, diet_coke_lovers (15454), UDF1 (-15454)
diet_coke_lovers posts blind: 10
UDF1 posts blind: 20
diet_coke_lovers received [9s 3d]
UDF1 received [5h 7d]
diet_coke_lovers folds
diet_coke_lovers awarded -10
UDF1 awarded 10

Round #354, UDF1 (-15444), diet_coke_lovers (15444)
UDF1 posts blind: 10
diet_coke_lovers posts blind: 20
UDF1 received [6h 4d]
diet_coke_lovers received [5c 4c]
UDF1 folds
UDF1 awarded -10
diet_coke_lovers awarded 10

Round #355, diet_coke_lovers (15454), UDF1 (-15454)
diet_coke_lovers posts blind: 10
UDF1 posts blind: 20
diet_coke_lovers received [9h 6h]
UDF1 received [Ac Ks]
diet_coke_lovers folds
diet_coke_lovers awarded -10
UDF1 awarded 10

Round #356, UDF1 (-15444), diet_coke_lovers (15444)
UDF1 posts blind: 10
diet_coke_lovers posts blind: 20
UDF1 received [Tc 9c]
diet_coke_lovers received [Qh 6s]
UDF1 raises to 2334
diet_coke_lovers folds
UDF1 awarded 20
diet_coke_lovers awarded -20

Round #357, diet_coke_lovers (15424), UDF1 (-15424)
diet_coke_lovers posts blind: 10
UDF1 posts blind: 20
diet_coke_lovers received [6s 9s]
UDF1 received [8c 3d]
diet_coke_lovers folds
diet_coke_lovers awarded -10
UDF1 awarded 10

Round #358, UDF1 (-15414), diet_coke_lovers (15414)
UDF1 posts blind: 10
diet_coke_lovers posts blind: 20
UDF1 received [4s Tc]
diet_coke_lovers received [Qc 9d]
UDF1 folds
UDF1 awarded -10
diet_coke_lovers awarded 10

Round #359, diet_coke_lovers (15424), UDF1 (-15424)
diet_coke_lovers posts blind: 10
UDF1 posts blind: 20
diet_coke_lovers received [5d 9d]
UDF1 received [2s Qc]
diet_coke_lovers folds
diet_coke_lovers awarded -10
UDF1 awarded 10

Round #360, UDF1 (-15414), diet_coke_lovers (15414)
UDF1 posts blind: 10
diet_coke_lovers posts blind: 20
UDF1 received [7d 6c]
diet_coke_lovers received [6s 2s]
UDF1 raises to 1880
diet_coke_lovers folds
UDF1 awarded 20
diet_coke_lovers awarded -20

Round #361, diet_coke_lovers (15394), UDF1 (-15394)
diet_coke_lovers posts blind: 10
UDF1 posts blind: 20
diet_coke_lovers received [6d 3s]
UDF1 received [8c 6c]
diet_coke_lovers folds
diet_coke_lovers awarded -10
UDF1 awarded 10

Round #362, UDF1 (-15384), diet_coke_lovers (15384)
UDF1 posts blind: 10
diet_coke_lovers posts blind: 20
UDF1 received [Kh 9c]
diet_coke_lovers received [As 7d]
UDF1 folds
UDF1 awarded -10
diet_coke_lovers awarded 10

Round #363, diet_coke_lovers (15394), UDF1 (-15394)
diet_coke_lovers posts blind: 10
UDF1 posts blind: 20
diet_coke_lovers received [3h Kd]
UDF1 received [Th Ac]
diet_coke_lovers folds
diet_coke_lovers awarded -10
UDF1 awarded 10

Round #364, UDF1 (-15384), diet_coke_lovers (15384)
UDF1 posts blind: 10
diet_coke_lovers posts blind: 20
UDF1 received [2h 9c]
diet_coke_lovers received [Js 8h]
UDF1 folds
UDF1 awarded -10
diet_coke_lovers awarded 10

Round #365, diet_coke_lovers (15394), UDF1 (-15394)
diet_coke_lovers posts blind: 10
UDF1 posts blind: 20
diet_coke_lovers received [Qh 4h]
UDF1 received [6h 4c]
diet_coke_lovers folds
diet_coke_lovers awarded -10
UDF1 awarded 10

Round #366, UDF1 (-15384), diet_coke_lovers (15384)
UDF1 posts blind: 10
diet_coke_lovers posts blind: 20
UDF1 received [Ac Ts]
diet_coke_lovers received [Kc Td]
UDF1 raises to 2329
diet_coke_lovers folds
UDF1 awarded 20
diet_coke_lovers awarded -20

Round #367, diet_coke_lovers (15364), UDF1 (-15364)
diet_coke_lovers posts blind: 10
UDF1 posts blind: 20
diet_coke_lovers received [Th 7d]
UDF1 received [6c Jd]
diet_coke_lovers folds
diet_coke_lovers awarded -10
UDF1 awarded 10

Round #368, UDF1 (-15354), diet_coke_lovers (15354)
UDF1 posts blind: 10
diet_coke_lovers posts blind: 20
UDF1 received [7c As]
diet_coke_lovers received [6h 8h]
UDF1 raises to 1849
diet_coke_lovers folds
UDF1 awarded 20
diet_coke_lovers awarded -20

Round #369, diet_coke_lovers (15334), UDF1 (-15334)
diet_coke_lovers posts blind: 10
UDF1 posts blind: 20
diet_coke_lovers received [Ks 5d]
UDF1 received [4d Kd]
diet_coke_lovers folds
diet_coke_lovers awarded -10
UDF1 awarded 10

Round #370, UDF1 (-15324), diet_coke_lovers (15324)
UDF1 posts blind: 10
diet_coke_lovers posts blind: 20
UDF1 received [9s 7d]
diet_coke_lovers received [4c Qd]
UDF1 calls
diet_coke_lovers checks
Flop [9c 6h Ac], UDF1 (20), diet_coke_lovers (20)
diet_coke_lovers bids 0
UDF1 bids 18
UDF1 won the auction and was revealed [4c]
Flop [9c 6h Ac], UDF1 (20), diet_coke_lovers (20)
diet_coke_lovers checks
UDF1 bets 3613
diet_coke_lovers folds
UDF1 awarded 20
diet_coke_lovers awarded -20

Round #371, diet_coke_lovers (15304), UDF1 (-15304)
diet_coke_lovers posts blind: 10
UDF1 posts blind: 20
diet_coke_lovers received [9d Tc]
UDF1 received [Qd 4s]
diet_coke_lovers folds
diet_coke_lovers awarded -10
UDF1 awarded 10

Round #372, UDF1 (-15294), diet_coke_lovers (15294)
UDF1 posts blind: 10
diet_coke_lovers posts blind: 20
UDF1 received [6c 2c]
diet_coke_lovers received [3d Kh]
UDF1 folds
UDF1 awarded -10
diet_coke_lovers awarded 10

Round #373, diet_coke_lovers (15304), UDF1 (-15304)
diet_coke_lovers posts blind: 10
UDF1 posts blind: 20
diet_coke_lovers received [3d Jd]
UDF1 received [7h Ah]
diet_coke_lovers folds
diet_coke_lovers awarded -10
UDF1 awarded 10

Round #374, UDF1 (-15294), diet_coke_lovers (15294)
UDF1 posts blind: 10
diet_coke_lovers posts blind: 20
UDF1 received [6s 5s]
diet_coke_lovers received [Jh Qs]
UDF1 folds
UDF1 awarded -10
diet_coke_lovers awarded 10

Round #375, diet_coke_lovers (15304), UDF1 (-15304)
diet_coke_lovers posts blind: 10
UDF1 posts blind: 20
diet_coke_lovers received [Ac 4c]
UDF1 received [8s 9c]
diet_coke_lovers folds
diet_coke_lovers awarded -10
UDF1 awarded 10

Round #376, UDF1 (-15294), diet_coke_lovers (15294)
UDF1 posts blind: 10
diet_coke_lovers posts blind: 20
UDF1 received [8c 2h]
diet_coke_lovers received [9s Jd]
UDF1 raises to 1817
diet_coke_lovers folds
UDF1 awarded 20
diet_coke_lovers awarded -20

Round #377, diet_coke_lovers (15274), UDF1 (-15274)
diet_coke_lovers posts blind: 10
UDF1 posts blind: 20
diet_coke_lovers received [Qd Tc]
UDF1 received [4h 7d]
diet_coke_lovers folds
diet_coke_lovers awarded -10
UDF1 awarded 10

Round #378, UDF1 (-15264), diet_coke_lovers (15264)
UDF1 posts blind: 10
diet_coke_lovers posts blind: 20
UDF1 received [4d As]
diet_coke_lovers received [7c Ks]
UDF1 raises to 1765
diet_coke_lovers folds
UDF1 awarded 20
diet_coke_lovers awarded -20

Round #379, diet_coke_lovers (15244), UDF1 (-15244)
diet_coke_lovers posts blind: 10
UDF1 posts blind: 20
diet_coke_lovers received [Tc 4d]
UDF1 received [4c 4h]
diet_coke_lovers folds
diet_coke_lovers awarded -10
UDF1 awarded 10

Round #380, UDF1 (-15234), diet_coke_lovers (15234)
UDF1 posts blind: 10
diet_coke_lovers posts blind: 20
UDF1 received [9s 7s]
diet_coke_lovers received [Jd Ts]
UDF1 calls
diet_coke_lovers checks
Flop [6c Qc As], UDF1 (20), diet_coke_lovers (20)
diet_coke_lovers bids 0
UDF1 bids 11
UDF1 won the auction and was revealed [Jd]
Flop [6c Qc As], UDF1 (20), diet_coke_lovers (20)
diet_coke_lovers checks
UDF1 bets 2634
diet_coke_lovers folds
UDF1 awarded 20
diet_coke_lovers awarded -20

Round #381, diet_coke_lovers (15214), UDF1 (-15214)
diet_coke_lovers posts blind: 10
UDF1 posts blind: 20
diet_coke_lovers received [9d 4c]
UDF1 received [Kh Kc]
diet_coke_lovers folds
diet_coke_lovers awarded -10
UDF1 awarded 10

Round #382, UDF1 (-15204), diet_coke_lovers (15204)
UDF1 posts blind: 10
diet_coke_lovers posts blind: 20
UDF1 received [5s Js]
diet_coke_lovers received [Ks Jd]
UDF1 folds
UDF1 awarded -10
diet_coke_lovers awarded 10

Round #383, diet_coke_lovers (15214), UDF1 (-15214)
diet_coke_lovers posts blind: 10
UDF1 posts blind: 20
diet_coke_lovers received [4d 7c]
UDF1 received [4h 5c]
diet_coke_lovers folds
diet_coke_lovers awarded -10
UDF1 awarded 10

Round #384, UDF1 (-15204), diet_coke_lovers (15204)
UDF1 posts blind: 10
diet_coke_lovers posts blind: 20
UDF1 received [3c 2d]
diet_coke_lovers received [Th 5d]
UDF1 folds
UDF1 awarded -10
diet_coke_lovers awarded 10

Round #385, diet_coke_lovers (15214), UDF1 (-15214)
diet_coke_lovers posts blind: 10
UDF1 posts blind: 20
diet_coke_lovers received [Kc Td]
UDF1 received [Jc 4d]
diet_coke_lovers folds
diet_coke_lovers awarded -10
UDF1 awarded 10

Round #386, UDF1 (-15204), diet_coke_lovers (15204)
UDF1 posts blind: 10
diet_coke_lovers posts blind: 20
UDF1 received [4d 3s]
diet_coke_lovers received [4s 9h]
UDF1 calls
diet_coke_lovers checks
Flop [Ts 8h 2s], UDF1 (20), diet_coke_lovers (20)
diet_coke_lovers bids 0
UDF1 bids 10
UDF1 won the auction and was revealed [9h]
Flop [Ts 8h 2s], UDF1 (20), diet_coke_lovers (20)
diet_coke_lovers checks
UDF1 bets 2562
diet_coke_lovers folds
UDF1 awarded 20
diet_coke_lovers awarded -20

Round #387, diet_coke_lovers (15184), UDF1 (-15184)
diet_coke_lovers posts blind: 10
UDF1 posts blind: 20
diet_coke_lovers received [Ac 6d]
UDF1 received [4d Qs]
diet_coke_lovers folds
diet_coke_lovers awarded -10
UDF1 awarded 10

Round #388, UDF1 (-15174), diet_coke_lovers (15174)
UDF1 posts blind: 10
diet_coke_lovers posts blind: 20
UDF1 received [4c 3c]
diet_coke_lovers received [Ad 5h]
UDF1 folds
UDF1 awarded -10
diet_coke_lovers awarded 10

Round #389, diet_coke_lovers (15184), UDF1 (-15184)
diet_coke_lovers posts blind: 10
UDF1 posts blind: 20
diet_coke_lovers received [5s 2h]
UDF1 received [Jc 7h]
diet_coke_lovers folds
diet_coke_lovers awarded -10
UDF1 awarded 10

Round #390, UDF1 (-15174), diet_coke_lovers (15174)
UDF1 posts blind: 10
diet_coke_lovers posts blind: 20
UDF1 received [3c 6c]
diet_coke_lovers received [3h 8h]
UDF1 raises to 1639
diet_coke_lovers folds
UDF1 awarded 20
diet_coke_lovers awarded -20

Round #391, diet_coke_lovers (15154), UDF1 (-15154)
diet_coke_lovers posts blind: 10
UDF1 posts blind: 20
diet_coke_lovers received [6d 8h]
UDF1 received [9d 6s]
diet_coke_lovers folds
diet_coke_lovers awarded -10
UDF1 awarded 10

Round #392, UDF1 (-15144), diet_coke_lovers (15144)
UDF1 posts blind: 10
diet_coke_lovers posts blind: 20
UDF1 received [8c 7h]
diet_coke_lovers received [2c Js]
UDF1 folds
UDF1 awarded -10
diet_coke_lovers awarded 10

Round #393, diet_coke_lovers (15154), UDF1 (-15154)
diet_coke_lovers posts blind: 10
UDF1 posts blind: 20
diet_coke_lovers received [Tc 6c]
UDF1 received [Ts Kc]
diet_coke_lovers folds
diet_coke_lovers awarded -10
UDF1 awarded 10

Round #394, UDF1 (-15144), diet_coke_lovers (15144)
UDF1 posts blind: 10
diet_coke_lovers posts blind: 20
UDF1 received [9c Js]
diet_coke_lovers received [Ad 6d]
UDF1 calls
diet_coke_lovers checks
Flop [Th 9d 6c], UDF1 (20), diet_coke_lovers (20)
diet_coke_lovers bids 747
UDF1 bids 6
diet_coke_lovers won the auction and was revealed [9c]
Flop [Th 9d 6c], UDF1 (20), diet_coke_lovers (26)
diet_coke_lovers checks
UDF1 bets 3202
diet_coke_lovers folds
UDF1 awarded 26
diet_coke_lovers awarded -26

Round #395, diet_coke_lovers (15118), UDF1 (-15118)
diet_coke_lovers posts blind: 10
UDF1 posts blind: 20
diet_coke_lovers received [2c Qd]
UDF1 received [9s 9d]
diet_coke_lovers folds
diet_coke_lovers awarded -10
UDF1 awarded 10

Round #396, UDF1 (-15108), diet_coke_lovers (15108)
UDF1 posts blind: 10
diet_coke_lovers posts blind: 20
UDF1 received [4d 7c]
diet_coke_lovers received [7s 6h]
UDF1 calls
diet_coke_lovers checks
Flop [9c Ah 2s], UDF1 (20), diet_coke_lovers (20)
diet_coke_lovers bids 0
UDF1 bids 16
UDF1 won the auction and was revealed [7s]
Flop [9c Ah 2s], UDF1 (20), diet_coke_lovers (20)
diet_coke_lovers checks
UDF1 bets 2466
diet_coke_lovers folds
UDF1 awarded 20
diet_coke_lovers awarded -20

Round #397, diet_coke_lovers (15088), UDF1 (-15088)
diet_coke_lovers posts blind: 10
UDF1 posts blind: 20
diet_coke_lovers received [Ad 5s]
UDF1 received [7c Qc]
diet_coke_lovers folds
diet_coke_lovers awarded -10
UDF1 awarded 10

Round #398, UDF1 (-15078), diet_coke_lovers (15078)
UDF1 posts blind: 10
diet_coke_lovers posts blind: 20
UDF1 received [6h Ac]
diet_coke_lovers received [7c 2h]
UDF1 raises to 1858
diet_coke_lovers folds
UDF1 awarded 20
diet_coke_lovers awarded -20

Round #399, diet_coke_lovers (15058), UDF1 (-15058)
diet_coke_lovers posts blind: 10
UDF1 posts blind: 20
diet_coke_lovers received [Jh 8h]
UDF1 received [9d Qd]
diet_coke_lovers folds
diet_coke_lovers awarded -10
UDF1 awarded 10

Round #400, UDF1 (-15048), diet_coke_lovers (15048)
UDF1 posts blind: 10
diet_coke_lovers posts blind: 20
UDF1 received [Kc Js]
diet_coke_lovers received [5s 7h]
UDF1 raises to 2620
diet_coke_lovers folds
UDF1 awarded 20
diet_coke_lovers awarded -20

Round #401, diet_coke_lovers (15028), UDF1 (-15028)
diet_coke_lovers posts blind: 10
UDF1 posts blind: 20
diet_coke_lovers received [7d 9d]
UDF1 received [9s Jh]
diet_coke_lovers folds
diet_coke_lovers awarded -10
UDF1 awarded 10

Round #402, UDF1 (-15018), diet_coke_lovers (15018)
UDF1 posts blind: 10
diet_coke_lovers posts blind: 20
UDF1 received [Kc 5c]
diet_coke_lovers received [8d 6c]
UDF1 folds
UDF1 awarded -10
diet_coke_lovers awarded 10

Round #403, diet_coke_lovers (15028), UDF1 (-15028)
diet_coke_lovers posts blind: 10
UDF1 posts blind: 20
diet_coke_lovers received [4s Td]
UDF1 received [2d 6s]
diet_coke_lovers folds
diet_coke_lovers awarded -10
UDF1 awarded 10

Round #404, UDF1 (-15018), diet_coke_lovers (15018)
UDF1 posts blind: 10
diet_coke_lovers posts blind: 20
UDF1 received [Qd 2d]
diet_coke_lovers received [7d 6d]
UDF1 calls
diet_coke_lovers checks
Flop [5c 5h Jh], UDF1 (20), diet_coke_lovers (20)
diet_coke_lovers bids 0
UDF1 bids 17
UDF1 won the auction and was revealed [6d]
Flop [5c 5h Jh], UDF1 (20), diet_coke_lovers (20)
diet_coke_lovers checks
UDF1 bets 2747
diet_coke_lovers folds
UDF1 awarded 20
diet_coke_lovers awarded -20

Round #405, diet_coke_lovers (14998), UDF1 (-14998)
diet_coke_lovers posts blind: 10
UDF1 posts blind: 20
diet_coke_lovers received [9h Js]
UDF1 received [Ts Qs]
diet_coke_lovers folds
diet_coke_lovers awarded -10
UDF1 awarded 10

Round #406, UDF1 (-14988), diet_coke_lovers (14988)
UDF1 posts blind: 10
diet_coke_lovers posts blind: 20
UDF1 received [Jc 5d]
diet_coke_lovers received [3h 7d]
UDF1 calls
diet_coke_lovers checks
Flop [Kc 6h 5c], UDF1 (20), diet_coke_lovers (20)
diet_coke_lovers bids 0
UDF1 bids 0
UDF1 won the auction and was revealed [3h]
diet_coke_lovers won the auction and was revealed [Jc]
Flop [Kc 6h 5c], UDF1 (20), diet_coke_lovers (20)
diet_coke_lovers checks
UDF1 bets 3154
diet_coke_lovers folds
UDF1 awarded 20
diet_coke_lovers awarded -20

Round #407, diet_coke_lovers (14968), UDF1 (-14968)
diet_coke_lovers posts blind: 10
UDF1 posts blind: 20
diet_coke_lovers received [Ac 3d]
UDF1 received [Qs 4c]
diet_coke_lovers folds
diet_coke_lovers awarded -10
UDF1 awarded 10

Round #408, UDF1 (-14958), diet_coke_lovers (14958)
UDF1 posts blind: 10
diet_coke_lovers posts blind: 20
UDF1 received [4c Ks]
diet_coke_lovers received [Qh 2s]
UDF1 calls
diet_coke_lovers checks
Flop [9c 6c 3c], UDF1 (20), diet_coke_lovers (20)
diet_coke_lovers bids 0
UDF1 bids 9
UDF1 won the auction and was revealed [2s]
Flop [9c 6c 3c], UDF1 (20), diet_coke_lovers (20)
diet_coke_lovers checks
UDF1 bets 2750
diet_coke_lovers folds
UDF1 awarded 20
diet_coke_lovers awarded -20

Round #409, diet_coke_lovers (14938), UDF1 (-14938)
diet_coke_lovers posts blind: 10
UDF1 posts blind: 20
diet_coke_lovers received [9c 5s]
UDF1 received [9h 4c]
diet_coke_lovers folds
diet_coke_lovers awarded -10
UDF1 awarded 10

Round #410, UDF1 (-14928), diet_coke_lovers (14928)
UDF1 posts blind: 10
diet_coke_lovers posts blind: 20
UDF1 received [Ts Kd]
diet_coke_lovers received [Ad 6h]
UDF1 folds
UDF1 awarded -10
diet_coke_lovers awarded 10

Round #411, diet_coke_lovers (14938), UDF1 (-14938)
diet_coke_lovers posts blind: 10
UDF1 posts blind: 20
diet_coke_lovers received [2c 5d]
UDF1 received [2d Qd]
diet_coke_lovers folds
diet_coke_lovers awarded -10
UDF1 awarded 10

Round #412, UDF1 (-14928), diet_coke_lovers (14928)
UDF1 posts blind: 10
diet_coke_lovers posts blind: 20
UDF1 received [9c 3c]
diet_coke_lovers received [4h Ac]
UDF1 folds
UDF1 awarded -10
diet_coke_lovers awarded 10

Round #413, diet_coke_lovers (14938), UDF1 (-14938)
diet_coke_lovers posts blind: 10
UDF1 posts blind: 20
diet_coke_lovers received [Qd 8s]
UDF1 received [Th 9d]
diet_coke_lovers folds
diet_coke_lovers awarded -10
UDF1 awarded 10

Round #414, UDF1 (-14928), diet_coke_lovers (14928)
UDF1 posts blind: 10
diet_coke_lovers posts blind: 20
UDF1 received [4c 6c]
diet_coke_lovers received [5c 9s]
UDF1 calls
diet_coke_lovers checks
Flop [Jc 2d 9h], UDF1 (20), diet_coke_lovers (20)
diet_coke_lovers bids 0
UDF1 bids 10
UDF1 won the auction and was revealed [5c]
Flop [Jc 2d 9h], UDF1 (20), diet_coke_lovers (20)
diet_coke_lovers checks
UDF1 bets 2459
diet_coke_lovers folds
UDF1 awarded 20
diet_coke_lovers awarded -20

Round #415, diet_coke_lovers (14908), UDF1 (-14908)
diet_coke_lovers posts blind: 10
UDF1 posts blind: 20
diet_coke_lovers received [2s As]
UDF1 received [6h Qc]
diet_coke_lovers folds
diet_coke_lovers awarded -10
UDF1 awarded 10

Round #416, UDF1 (-14898), diet_coke_lovers (14898)
UDF1 posts blind: 10
diet_coke_lovers posts blind: 20
UDF1 received [5c 4d]
diet_coke_lovers received [2s Ac]
UDF1 calls
diet_coke_lovers checks
Flop [6c Kc 9h], UDF1 (20), diet_coke_lovers (20)
diet_coke_lovers bids 747
UDF1 bids 18
diet_coke_lovers won the auction and was revealed [4d]
Flop [6c Kc 9h], UDF1 (20), diet_coke_lovers (38)
diet_coke_lovers checks
UDF1 bets 2226
diet_coke_lovers folds
UDF1 awarded 38
diet_coke_lovers awarded -38

Round #417, diet_coke_lovers (14860), UDF1 (-14860)
diet_coke_lovers posts blind: 10
UDF1 posts blind: 20
diet_coke_lovers received [Qd 3c]
UDF1 received [3h 9s]
diet_coke_lovers folds
diet_coke_lovers awarded -10
UDF1 awarded 10

Round #418, UDF1 (-14850), diet_coke_lovers (14850)
UDF1 posts blind: 10
diet_coke_lovers posts blind: 20
UDF1 received [As 7c]
diet_coke_lovers received [7s 7h]
UDF1 raises to 1753
diet_coke_lovers calls
Flop [5c 8c 8d], UDF1 (1753), diet_coke_lovers (1753)
diet_coke_lovers bids 0
UDF1 bids 273
UDF1 won the auction and was revealed [7h]
Flop [5c 8c 8d], UDF1 (1753), diet_coke_lovers (1753)
diet_coke_lovers bets 20
UDF1 raises to 1802
diet_coke_lovers calls
Turn [5c 8c 8d 6c], UDF1 (3555), diet_coke_lovers (3555)
diet_coke_lovers checks
UDF1 bets 679
diet_coke_lovers calls
River [5c 8c 8d 6c Kd], UDF1 (4234), diet_coke_lovers (4234)
diet_coke_lovers checks
UDF1 bets 337
diet_coke_lovers calls
UDF1 shows [As 7c]
diet_coke_lovers shows [7s 7h]
UDF1 awarded -4571
diet_coke_lovers awarded 4571

Round #419, diet_coke_lovers (19421), UDF1 (-19421)
diet_coke_lovers posts blind: 10
UDF1 posts blind: 20
diet_coke_lovers received [2h 8c]
UDF1 received [Jc Qh]
diet_coke_lovers folds
diet_coke_lovers awarded -10
UDF1 awarded 10

Round #420, UDF1 (-19411), diet_coke_lovers (19411)
UDF1 posts blind: 10
diet_coke_lovers posts blind: 20
UDF1 received [5s 4s]
diet_coke_lovers received [Qd 3h]
UDF1 raises to 1651
diet_coke_lovers folds
UDF1 awarded 20
diet_coke_lovers awarded -20

Round #421, diet_coke_lovers (19391), UDF1 (-19391)
diet_coke_lovers posts blind: 10
UDF1 posts blind: 20
diet_coke_lovers received [Js 6s]
UDF1 received [Jd 6d]
diet_coke_lovers folds
diet_coke_lovers awarded -10
UDF1 awarded 10

Round #422, UDF1 (-19381), diet_coke_lovers (19381)
UDF1 posts blind: 10
diet_coke_lovers posts blind: 20
UDF1 received [Kc 9h]
diet_coke_lovers received [8s Js]
UDF1 raises to 1691
diet_coke_lovers folds
UDF1 awarded 20
diet_coke_lovers awarded -20

Round #423, diet_coke_lovers (19361), UDF1 (-19361)
diet_coke_lovers posts blind: 10
UDF1 posts blind: 20
diet_coke_lovers received [Qs 9s]
UDF1 received [Kc 9c]
diet_coke_lovers folds
diet_coke_lovers awarded -10
UDF1 awarded 10

Round #424, UDF1 (-19351), diet_coke_lovers (19351)
UDF1 posts blind: 10
diet_coke_lovers posts blind: 20
UDF1 received [6d 9h]
diet_coke_lovers received [Jc 2d]
UDF1 raises to 1924
diet_coke_lovers folds
UDF1 awarded 20
diet_coke_lovers awarded -20

Round #425, diet_coke_lovers (19331), UDF1 (-19331)
diet_coke_lovers posts blind: 10
UDF1 posts blind: 20
diet_coke_lovers received [8h 4c]
UDF1 received [8c Jd]
diet_coke_lovers folds
diet_coke_lovers awarded -10
UDF1 awarded 10

Round #426, UDF1 (-19321), diet_coke_lovers (19321)
UDF1 posts blind: 10
diet_coke_lovers posts blind: 20
UDF1 received [2c Ah]
diet_coke_lovers received [Jd Th]
UDF1 folds
UDF1 awarded -10
diet_coke_lovers awarded 10

Round #427, diet_coke_lovers (19331), UDF1 (-19331)
diet_coke_lovers posts blind: 10
UDF1 posts blind: 20
diet_coke_lovers received [Td 3d]
UDF1 received [Jc 8s]
diet_coke_lovers folds
diet_coke_lovers awarded -10
UDF1 awarded 10

Round #428, UDF1 (-19321), diet_coke_lovers (19321)
UDF1 posts blind: 10
diet_coke_lovers posts blind: 20
UDF1 received [Tc 4h]
diet_coke_lovers received [4c Ad]
UDF1 calls
diet_coke_lovers checks
Flop [Td 6h Kc], UDF1 (20), diet_coke_lovers (20)
diet_coke_lovers bids 747
UDF1 bids 16
diet_coke_lovers won the auction and was revealed [Tc]
Flop [Td 6h Kc], UDF1 (20), diet_coke_lovers (36)
diet_coke_lovers checks
UDF1 bets 3018
diet_coke_lovers folds
UDF1 awarded 36
diet_coke_lovers awarded -36

Round #429, diet_coke_lovers (19285), UDF1 (-19285)
diet_coke_lovers posts blind: 10
UDF1 posts blind: 20
diet_coke_lovers received [3h 6h]
UDF1 received [5s Ah]
diet_coke_lovers folds
diet_coke_lovers awarded -10
UDF1 awarded 10

Round #430, UDF1 (-19275), diet_coke_lovers (19275)
UDF1 posts blind: 10
diet_coke_lovers posts blind: 20
UDF1 received [4h 9c]
diet_coke_lovers received [2s 8s]
UDF1 calls
diet_coke_lovers checks
Flop [5h 9s Kh], UDF1 (20), diet_coke_lovers (20)
diet_coke_lovers bids 0
UDF1 bids 14
UDF1 won the auction and was revealed [8s]
Flop [5h 9s Kh], UDF1 (20), diet_coke_lovers (20)
diet_coke_lovers checks
UDF1 bets 3100
diet_coke_lovers folds
UDF1 awarded 20
diet_coke_lovers awarded -20

Round #431, diet_coke_lovers (19255), UDF1 (-19255)
diet_coke_lovers posts blind: 10
UDF1 posts blind: 20
diet_coke_lovers received [Ks 5d]
UDF1 received [Ah 6c]
diet_coke_lovers folds
diet_coke_lovers awarded -10
UDF1 awarded 10

Round #432, UDF1 (-19245), diet_coke_lovers (19245)
UDF1 posts blind: 10
diet_coke_lovers posts blind: 20
UDF1 received [4d 5d]
diet_coke_lovers received [5c Th]
UDF1 calls
diet_coke_lovers checks
Flop [7s 6d 5h], UDF1 (20), diet_coke_lovers (20)
diet_coke_lovers bids 0
UDF1 bids 19
UDF1 won the auction and was revealed [Th]
Flop [7s 6d 5h], UDF1 (20), diet_coke_lovers (20)
diet_coke_lovers checks
UDF1 bets 3275
diet_coke_lovers folds
UDF1 awarded 20
diet_coke_lovers awarded -20

Round #433, diet_coke_lovers (19225), UDF1 (-19225)
diet_coke_lovers posts blind: 10
UDF1 posts blind: 20
diet_coke_lovers received [4h 3c]
UDF1 received [3h 8h]
diet_coke_lovers folds
diet_coke_lovers awarded -10
UDF1 awarded 10

Round #434, UDF1 (-19215), diet_coke_lovers (19215)
UDF1 posts blind: 10
diet_coke_lovers posts blind: 20
UDF1 received [7h Ac]
diet_coke_lovers received [Kc 4s]
UDF1 calls
diet_coke_lovers checks
Flop [8d 2c 7c], UDF1 (20), diet_coke_lovers (20)
diet_coke_lovers bids 747
UDF1 bids 8
diet_coke_lovers won the auction and was revealed [7h]
Flop [8d 2c 7c], UDF1 (20), diet_coke_lovers (28)
diet_coke_lovers checks
UDF1 bets 3378
diet_coke_lovers folds
UDF1 awarded 28
diet_coke_lovers awarded -28

Round #435, diet_coke_lovers (19187), UDF1 (-19187)
diet_coke_lovers posts blind: 10
UDF1 posts blind: 20
diet_coke_lovers received [Th Js]
UDF1 received [6s 6h]
diet_coke_lovers folds
diet_coke_lovers awarded -10
UDF1 awarded 10

Round #436, UDF1 (-19177), diet_coke_lovers (19177)
UDF1 posts blind: 10
diet_coke_lovers posts blind: 20
UDF1 received [Ah 6d]
diet_coke_lovers received [Ad Qs]
UDF1 calls
diet_coke_lovers checks
Flop [5c 2c 9c], UDF1 (20), diet_coke_lovers (20)
diet_coke_lovers bids 747
UDF1 bids 12
diet_coke_lovers won the auction and was revealed [6d]
Flop [5c 2c 9c], UDF1 (20), diet_coke_lovers (32)
diet_coke_lovers checks
UDF1 bets 2634
diet_coke_lovers folds
UDF1 awarded 32
diet_coke_lovers awarded -32

Round #437, diet_coke_lovers (19145), UDF1 (-19145)
diet_coke_lovers posts blind: 10
UDF1 posts blind: 20
diet_coke_lovers received [Js 8c]
UDF1 received [Kc Td]
diet_coke_lovers folds
diet_coke_lovers awarded -10
UDF1 awarded 10

Round #438, UDF1 (-19135), diet_coke_lovers (19135)
UDF1 posts blind: 10
diet_coke_lovers posts blind: 20
UDF1 received [Kd Qs]
diet_coke_lovers received [Qd 2c]
UDF1 raises to 3887
diet_coke_lovers folds
UDF1 awarded 20
diet_coke_lovers awarded -20

Round #439, diet_coke_lovers (19115), UDF1 (-19115)
diet_coke_lovers posts blind: 10
UDF1 posts blind: 20
diet_coke_lovers received [3h 9d]
UDF1 received [5c 9h]
diet_coke_lovers folds
diet_coke_lovers awarded -10
UDF1 awarded 10

Round #440, UDF1 (-19105), diet_coke_lovers (19105)
UDF1 posts blind: 10
diet_coke_lovers posts blind: 20
UDF1 received [9c 7s]
diet_coke_lovers received [8s Qs]
UDF1 calls
diet_coke_lovers checks
Flop [Jc 3h 8h], UDF1 (20), diet_coke_lovers (20)
diet_coke_lovers bids 0
UDF1 bids 13
UDF1 won the auction and was revealed [Qs]
Flop [Jc 3h 8h], UDF1 (20), diet_coke_lovers (20)
diet_coke_lovers checks
UDF1 bets 2617
diet_coke_lovers folds
UDF1 awarded 20
diet_coke_lovers awarded -20

Round #441, diet_coke_lovers (19085), UDF1 (-19085)
diet_coke_lovers posts blind: 10
UDF1 posts blind: 20
diet_coke_lovers received [6c Qh]
UDF1 received [Ks 5d]
diet_coke_lovers folds
diet_coke_lovers awarded -10
UDF1 awarded 10

Round #442, UDF1 (-19075), diet_coke_lovers (19075)
UDF1 posts blind: 10
diet_coke_lovers posts blind: 20
UDF1 received [As 8h]
diet_coke_lovers received [Ad Qd]
UDF1 folds
UDF1 awarded -10
diet_coke_lovers awarded 10

Round #443, diet_coke_lovers (19085), UDF1 (-19085)
diet_coke_lovers posts blind: 10
UDF1 posts blind: 20
diet_coke_lovers received [7c 5s]
UDF1 received [2h 7s]
diet_coke_lovers folds
diet_coke_lovers awarded -10
UDF1 awarded 10

Round #444, UDF1 (-19075), diet_coke_lovers (19075)
UDF1 posts blind: 10
diet_coke_lovers posts blind: 20
UDF1 received [6h 4c]
diet_coke_lovers received [6c Qc]
UDF1 calls
diet_coke_lovers checks
Flop [Qd 6d 5h], UDF1 (20), diet_coke_lovers (20)
diet_coke_lovers bids 0
UDF1 bids 13
UDF1 won the auction and was revealed [6c]
Flop [Qd 6d 5h], UDF1 (20), diet_coke_lovers (20)
diet_coke_lovers checks
UDF1 bets 2458
diet_coke_lovers folds
UDF1 awarded 20
diet_coke_lovers awarded -20

Round #445, diet_coke_lovers (19055), UDF1 (-19055)
diet_coke_lovers posts blind: 10
UDF1 posts blind: 20
diet_coke_lovers received [5d Ts]
UDF1 received [Kd Jc]
diet_coke_lovers folds
diet_coke_lovers awarded -10
UDF1 awarded 10

Round #446, UDF1 (-19045), diet_coke_lovers (19045)
UDF1 posts blind: 10
diet_coke_lovers posts blind: 20
UDF1 received [9h Ah]
diet_coke_lovers received [8s Qd]
UDF1 raises to 2816
diet_coke_lovers folds
UDF1 awarded 20
diet_coke_lovers awarded -20

Round #447, diet_coke_lovers (19025), UDF1 (-19025)
diet_coke_lovers posts blind: 10
UDF1 posts blind: 20
diet_coke_lovers received [7h Jd]
UDF1 received [3d Qd]
diet_coke_lovers folds
diet_coke_lovers awarded -10
UDF1 awarded 10

Round #448, UDF1 (-19015), diet_coke_lovers (19015)
UDF1 posts blind: 10
diet_coke_lovers posts blind: 20
UDF1 received [9c 3h]
diet_coke_lovers received [9d 6h]
UDF1 folds
UDF1 awarded -10
diet_coke_lovers awarded 10

Round #449, diet_coke_lovers (19025), UDF1 (-19025)
diet_coke_lovers posts blind: 10
UDF1 posts blind: 20
diet_coke_lovers received [3h 2h]
UDF1 received [3d Ks]
diet_coke_lovers folds
diet_coke_lovers awarded -10
UDF1 awarded 10

Round #450, UDF1 (-19015), diet_coke_lovers (19015)
UDF1 posts blind: 10
diet_coke_lovers posts blind: 20
UDF1 received [2d Jc]
diet_coke_lovers received [Kh 4d]
UDF1 calls
diet_coke_lovers checks
Flop [Ah Ad 6s], UDF1 (20), diet_coke_lovers (20)
diet_coke_lovers bids 747
UDF1 bids 8
diet_coke_lovers won the auction and was revealed [Jc]
Flop [Ah Ad 6s], UDF1 (20), diet_coke_lovers (28)
diet_coke_lovers checks
UDF1 bets 2371
diet_coke_lovers folds
UDF1 awarded 28
diet_coke_lovers awarded -28

Round #451, diet_coke_lovers (18987), UDF1 (-18987)
diet_coke_lovers posts blind: 10
UDF1 posts blind: 20
diet_coke_lovers received [9d 9h]
UDF1 received [2s Td]
diet_coke_lovers calls
UDF1 checks
Flop [As Qd 4d], diet_coke_lovers (20), UDF1 (20)
UDF1 bids 16
diet_coke_lovers bids 0
UDF1 won the auction and was revealed [9d]
Flop [As Qd 4d], diet_coke_lovers (20), UDF1 (20)
UDF1 bets 2997
diet_coke_lovers calls
Turn [As Qd 4d Th], diet_coke_lovers (3017), UDF1 (3017)
UDF1 bets 1204
diet_coke_lovers calls
River [As Qd 4d Th 7d], diet_coke_lovers (4221), UDF1 (4221)
UDF1 bets 412
diet_coke_lovers calls
diet_coke_lovers shows [9d 9h]
UDF1 shows [2s Td]
diet_coke_lovers awarded -4633
UDF1 awarded 4633

Round #452, UDF1 (-14354), diet_coke_lovers (14354)
UDF1 posts blind: 10
diet_coke_lovers posts blind: 20
UDF1 received [5c 6d]
diet_coke_lovers received [4d 2c]
UDF1 raises to 1706
diet_coke_lovers folds
UDF1 awarded 20
diet_coke_lovers awarded -20

Round #453, diet_coke_lovers (14334), UDF1 (-14334)
diet_coke_lovers posts blind: 10
UDF1 posts blind: 20
diet_coke_lovers received [4h 4c]
UDF1 received [6c 4s]
diet_coke_lovers calls
UDF1 checks
Flop [Kc Qs 2c], diet_coke_lovers (20), UDF1 (20)
UDF1 bids 14
diet_coke_lovers bids 0
UDF1 won the auction and was revealed [4h]
Flop [Kc Qs 2c], diet_coke_lovers (20), UDF1 (20)
UDF1 bets 2311
diet_coke_lovers calls
Turn [Kc Qs 2c As], diet_coke_lovers (2331), UDF1 (2331)
UDF1 bets 1097
diet_coke_lovers calls
River [Kc Qs 2c As Ks], diet_coke_lovers (3428), UDF1 (3428)
UDF1 bets 625
diet_coke_lovers calls
diet_coke_lovers shows [4h 4c]
UDF1 shows [6c 4s]
diet_coke_lovers awarded 4053
UDF1 awarded -4053

Round #454, UDF1 (-18387), diet_coke_lovers (18387)
UDF1 posts blind: 10
diet_coke_lovers posts blind: 20
UDF1 received [Kc Qh]
diet_coke_lovers received [7h 4c]
UDF1 raises to 4164
diet_coke_lovers folds
UDF1 awarded 20
diet_coke_lovers awarded -20

Round #455, diet_coke_lovers (18367), UDF1 (-18367)
diet_coke_lovers posts blind: 10
UDF1 posts blind: 20
diet_coke_lovers received [5c As]
UDF1 received [2d Tc]
diet_coke_lovers folds
diet_coke_lovers awarded -10
UDF1 awarded 10

Round #456, UDF1 (-18357), diet_coke_lovers (18357)
UDF1 posts blind: 10
diet_coke_lovers posts blind: 20
UDF1 received [9s 2c]
diet_coke_lovers received [3c 9c]
UDF1 raises to 1832
diet_coke_lovers folds
UDF1 awarded 20
diet_coke_lovers awarded -20

Round #457, diet_coke_lovers (18337), UDF1 (-18337)
diet_coke_lovers posts blind: 10
UDF1 posts blind: 20
diet_coke_lovers received [6h 7c]
UDF1 received [Ks 8d]
diet_coke_lovers folds
diet_coke_lovers awarded -10
UDF1 awarded 10

Round #458, UDF1 (-18327), diet_coke_lovers (18327)
UDF1 posts blind: 10
diet_coke_lovers posts blind: 20
UDF1 received [6h 7h]
diet_coke_lovers received [5s 7s]
UDF1 calls
diet_coke_lovers checks
Flop [4h 8d 3s], UDF1 (20), diet_coke_lovers (20)
diet_coke_lovers bids 0
UDF1 bids 19
UDF1 won the auction and was revealed [5s]
Flop [4h 8d 3s], UDF1 (20), diet_coke_lovers (20)
diet_coke_lovers checks
UDF1 bets 3105
diet_coke_lovers folds
UDF1 awarded 20
diet_coke_lovers awarded -20

Round #459, diet_coke_lovers (18307), UDF1 (-18307)
diet_coke_lovers posts blind: 10
UDF1 posts blind: 20
diet_coke_lovers received [Ad 7s]
UDF1 received [Jh Tc]
diet_coke_lovers folds
diet_coke_lovers awarded -10
UDF1 awarded 10

Round #460, UDF1 (-18297), diet_coke_lovers (18297)
UDF1 posts blind: 10
diet_coke_lovers posts blind: 20
UDF1 received [4d Th]
diet_coke_lovers received [Td Ac]
UDF1 raises to 1862
diet_coke_lovers folds
UDF1 awarded 20
diet_coke_lovers awarded -20

Round #461, diet_coke_lovers (18277), UDF1 (-18277)
diet_coke_lovers posts blind: 10
UDF1 posts blind: 20
diet_coke_lovers received [8s 3d]
UDF1 received [Ad Td]
diet_coke_lovers folds
diet_coke_lovers awarded -10
UDF1 awarded 10

Round #462, UDF1 (-18267), diet_coke_lovers (18267)
UDF1 posts blind: 10
diet_coke_lovers posts blind: 20
UDF1 received [3d Js]
diet_coke_lovers received [Tc Kc]
UDF1 calls
diet_coke_lovers checks
Flop [9d 9s As], UDF1 (20), diet_coke_lovers (20)
diet_coke_lovers bids 747
UDF1 bids 9
diet_coke_lovers won the auction and was revealed [Js]
Flop [9d 9s As], UDF1 (20), diet_coke_lovers (29)
diet_coke_lovers checks
UDF1 bets 2706
diet_coke_lovers folds
UDF1 awarded 29
diet_coke_lovers awarded -29

Round #463, diet_coke_lovers (18238), UDF1 (-18238)
diet_coke_lovers posts blind: 10
UDF1 posts blind: 20
diet_coke_lovers received [4s 5h]
UDF1 received [2c Qs]
diet_coke_lovers folds
diet_coke_lovers awarded -10
UDF1 awarded 10

Round #464, UDF1 (-18228), diet_coke_lovers (18228)
UDF1 posts blind: 10
diet_coke_lovers posts blind: 20
UDF1 received [Ac 9h]
diet_coke_lovers received [Ad Qs]
UDF1 calls
diet_coke_lovers checks
Flop [Ts 2s 3h], UDF1 (20), diet_coke_lovers (20)
diet_coke_lovers bids 747
UDF1 bids 14
diet_coke_lovers won the auction and was revealed [9h]
Flop [Ts 2s 3h], UDF1 (20), diet_coke_lovers (34)
diet_coke_lovers checks
UDF1 bets 2754
diet_coke_lovers folds
UDF1 awarded 34
diet_coke_lovers awarded -34

Round #465, diet_coke_lovers (18194), UDF1 (-18194)
diet_coke_lovers posts blind: 10
UDF1 posts blind: 20
diet_coke_lovers received [6s Ad]
UDF1 received [5h 6d]
diet_coke_lovers folds
diet_coke_lovers awarded -10
UDF1 awarded 10

Round #466, UDF1 (-18184), diet_coke_lovers (18184)
UDF1 posts blind: 10
diet_coke_lovers posts blind: 20
UDF1 received [Js 6h]
diet_coke_lovers received [3d Td]
UDF1 raises to 1780
diet_coke_lovers folds
UDF1 awarded 20
diet_coke_lovers awarded -20

Round #467, diet_coke_lovers (18164), UDF1 (-18164)
diet_coke_lovers posts blind: 10
UDF1 posts blind: 20
diet_coke_lovers received [2s Td]
UDF1 received [2c 3c]
diet_coke_lovers folds
diet_coke_lovers awarded -10
UDF1 awarded 10

Round #468, UDF1 (-18154), diet_coke_lovers (18154)
UDF1 posts blind: 10
diet_coke_lovers posts blind: 20
UDF1 received [Tc Td]
diet_coke_lovers received [Qd 7c]
UDF1 raises to 3929
diet_coke_lovers folds
UDF1 awarded 20
diet_coke_lovers awarded -20

Round #469, diet_coke_lovers (18134), UDF1 (-18134)
diet_coke_lovers posts blind: 10
UDF1 posts blind: 20
diet_coke_lovers received [Qc Kh]
UDF1 received [Jd Kc]
diet_coke_lovers folds
diet_coke_lovers awarded -10
UDF1 awarded 10

Round #470, UDF1 (-18124), diet_coke_lovers (18124)
UDF1 posts blind: 10
diet_coke_lovers posts blind: 20
UDF1 received [Qd 9h]
diet_coke_lovers received [Th Td]
UDF1 calls
diet_coke_lovers checks
Flop [7d 5s 6d], UDF1 (20), diet_coke_lovers (20)
diet_coke_lovers bids 1743
UDF1 bids 20
diet_coke_lovers won the auction and was revealed [Qd]
Flop [7d 5s 6d], UDF1 (20), diet_coke_lovers (40)
diet_coke_lovers checks
UDF1 bets 2629
diet_coke_lovers calls
Turn [7d 5s 6d 8d], UDF1 (2649), diet_coke_lovers (2669)
diet_coke_lovers checks
UDF1 bets 1314
diet_coke_lovers calls
River [7d 5s 6d 8d 9s], UDF1 (3963), diet_coke_lovers (3983)
diet_coke_lovers bets 20
UDF1 calls
UDF1 shows [Qd 9h]
diet_coke_lovers shows [Th Td]
UDF1 awarded -3983
diet_coke_lovers awarded 3983

Round #471, diet_coke_lovers (22107), UDF1 (-22107)
diet_coke_lovers posts blind: 10
UDF1 posts blind: 20
diet_coke_lovers received [3h 4d]
UDF1 received [4c 3d]
diet_coke_lovers folds
diet_coke_lovers awarded -10
UDF1 awarded 10

Round #472, UDF1 (-22097), diet_coke_lovers (22097)
UDF1 posts blind: 10
diet_coke_lovers posts blind: 20
UDF1 received [4c 9c]
diet_coke_lovers received [7d 6h]
UDF1 raises to 1619
diet_coke_lovers folds
UDF1 awarded 20
diet_coke_lovers awarded -20

Round #473, diet_coke_lovers (22077), UDF1 (-22077)
diet_coke_lovers posts blind: 10
UDF1 posts blind: 20
diet_coke_lovers received [Jc 3h]
UDF1 received [Th 2h]
diet_coke_lovers folds
diet_coke_lovers awarded -10
UDF1 awarded 10

Round #474, UDF1 (-22067), diet_coke_lovers (22067)
UDF1 posts blind: 10
diet_coke_lovers posts blind: 20
UDF1 received [6d Js]
diet_coke_lovers received [2d 7h]
UDF1 folds
UDF1 awarded -10
diet_coke_lovers awarded 10

Round #475, diet_coke_lovers (22077), UDF1 (-22077)
diet_coke_lovers posts blind: 10
UDF1 posts blind: 20
diet_coke_lovers received [4d Ah]
UDF1 received [Qh 6h]
diet_coke_lovers folds
diet_coke_lovers awarded -10
UDF1 awarded 10

Round #476, UDF1 (-22067), diet_coke_lovers (22067)
UDF1 posts blind: 10
diet_coke_lovers posts blind: 20
UDF1 received [9s Qd]
diet_coke_lovers received [6c 8s]
UDF1 calls
diet_coke_lovers checks
Flop [Kh 3h Td], UDF1 (20), diet_coke_lovers (20)
diet_coke_lovers bids 0
UDF1 bids 17
UDF1 won the auction and was revealed [8s]
Flop [Kh 3h Td], UDF1 (20), diet_coke_lovers (20)
diet_coke_lovers checks
UDF1 bets 3016
diet_coke_lovers folds
UDF1 awarded 20
diet_coke_lovers awarded -20

Round #477, diet_coke_lovers (22047), UDF1 (-22047)
diet_coke_lovers posts blind: 10
UDF1 posts blind: 20
diet_coke_lovers received [Ah 4s]
UDF1 received [9s Qs]
diet_coke_lovers folds
diet_coke_lovers awarded -10
UDF1 awarded 10

Round #478, UDF1 (-22037), diet_coke_lovers (22037)
UDF1 posts blind: 10
diet_coke_lovers posts blind: 20
UDF1 received [Td 7h]
diet_coke_lovers received [5h 2d]
UDF1 calls
diet_coke_lovers checks
Flop [4h Jd Jc], UDF1 (20), diet_coke_lovers (20)
diet_coke_lovers bids 0
UDF1 bids 11
UDF1 won the auction and was revealed [5h]
Flop [4h Jd Jc], UDF1 (20), diet_coke_lovers (20)
diet_coke_lovers checks
UDF1 bets 2680
diet_coke_lovers folds
UDF1 awarded 20
diet_coke_lovers awarded -20

Round #479, diet_coke_lovers (22017), UDF1 (-22017)
diet_coke_lovers posts blind: 10
UDF1 posts blind: 20
diet_coke_lovers received [8s 2h]
UDF1 received [5h 4d]
diet_coke_lovers folds
diet_coke_lovers awarded -10
UDF1 awarded 10

Round #480, UDF1 (-22007), diet_coke_lovers (22007)
UDF1 posts blind: 10
diet_coke_lovers posts blind: 20
UDF1 received [4s Tc]
diet_coke_lovers received [5c Ts]
UDF1 calls
diet_coke_lovers checks
Flop [4c 5d Kc], UDF1 (20), diet_coke_lovers (20)
diet_coke_lovers bids 0
UDF1 bids 0
UDF1 won the auction and was revealed [Ts]
diet_coke_lovers won the auction and was revealed [4s]
Flop [4c 5d Kc], UDF1 (20), diet_coke_lovers (20)
diet_coke_lovers checks
UDF1 bets 3123
diet_coke_lovers folds
UDF1 awarded 20
diet_coke_lovers awarded -20

Round #481, diet_coke_lovers (21987), UDF1 (-21987)
diet_coke_lovers posts blind: 10
UDF1 posts blind: 20
diet_coke_lovers received [8c 8s]
UDF1 received [2s Ts]
diet_coke_lovers calls
UDF1 raises to 1947
diet_coke_lovers calls
Flop [9h 5h 3c], diet_coke_lovers (1947), UDF1 (1947)
UDF1 bids 258
diet_coke_lovers bids 0
UDF1 won the auction and was revealed [8c]
Flop [9h 5h 3c], diet_coke_lovers (1947), UDF1 (1947)
UDF1 bets 1562
diet_coke_lovers calls
Turn [9h 5h 3c 4c], diet_coke_lovers (3509), UDF1 (3509)
UDF1 bets 753
diet_coke_lovers calls
River [9h 5h 3c 4c 6d], diet_coke_lovers (4262), UDF1 (4262)
UDF1 bets 515
diet_coke_lovers calls
diet_coke_lovers shows [8c 8s]
UDF1 shows [2s Ts]
diet_coke_lovers awarded -4777
UDF1 awarded 4777

Round #482, UDF1 (-17210), diet_coke_lovers (17210)
UDF1 posts blind: 10
diet_coke_lovers posts blind: 20
UDF1 received [3c Jh]
diet_coke_lovers received [Qc 2c]
UDF1 folds
UDF1 awarded -10
diet_coke_lovers awarded 10

Round #483, diet_coke_lovers (17220), UDF1 (-17220)
diet_coke_lovers posts blind: 10
UDF1 posts blind: 20
diet_coke_lovers received [2s Js]
UDF1 received [3h Jh]
diet_coke_lovers folds
diet_coke_lovers awarded -10
UDF1 awarded 10

Round #484, UDF1 (-17210), diet_coke_lovers (17210)
UDF1 posts blind: 10
diet_coke_lovers posts blind: 20
UDF1 received [Qd 5h]
diet_coke_lovers received [Kh 7d]
UDF1 calls
diet_coke_lovers checks
Flop [5s 2c Ah], UDF1 (20), diet_coke_lovers (20)
diet_coke_lovers bids 747
UDF1 bids 7
diet_coke_lovers won the auction and was revealed [Qd]
Flop [5s 2c Ah], UDF1 (20), diet_coke_lovers (27)
diet_coke_lovers checks
UDF1 bets 3092
diet_coke_lovers folds
UDF1 awarded 27
diet_coke_lovers awarded -27

Round #485, diet_coke_lovers (17183), UDF1 (-17183)
diet_coke_lovers posts blind: 10
UDF1 posts blind: 20
diet_coke_lovers received [7c 7d]
UDF1 received [9d Ad]
diet_coke_lovers calls
UDF1 checks
Flop [Ac Qd Kc], diet_coke_lovers (20), UDF1 (20)
UDF1 bids 7
diet_coke_lovers bids 0
UDF1 won the auction and was revealed [7c]
Flop [Ac Qd Kc], diet_coke_lovers (20), UDF1 (20)
UDF1 bets 3331
diet_coke_lovers calls
Turn [Ac Qd Kc 9h], diet_coke_lovers (3351), UDF1 (3351)
UDF1 bets 1014
diet_coke_lovers calls
River [Ac Qd Kc 9h 6h], diet_coke_lovers (4365), UDF1 (4365)
UDF1 bets 461
diet_coke_lovers calls
diet_coke_lovers shows [7c 7d]
UDF1 shows [9d Ad]
diet_coke_lovers awarded -4826
UDF1 awarded 4826

Round #486, UDF1 (-12357), diet_coke_lovers (12357)
UDF1 posts blind: 10
diet_coke_lovers posts blind: 20
UDF1 received [6c 3s]
diet_coke_lovers received [6h Qh]
UDF1 calls
diet_coke_lovers checks
Flop [Kc 6s 4d], UDF1 (20), diet_coke_lovers (20)
diet_coke_lovers bids 0
UDF1 bids 16
UDF1 won the auction and was revealed [6h]
Flop [Kc 6s 4d], UDF1 (20), diet_coke_lovers (20)
diet_coke_lovers checks
UDF1 bets 2375
diet_coke_lovers folds
UDF1 awarded 20
diet_coke_lovers awarded -20

Round #487, diet_coke_lovers (12337), UDF1 (-12337)
diet_coke_lovers posts blind: 10
UDF1 posts blind: 20
diet_coke_lovers received [5s 8d]
UDF1 received [7h 7c]
diet_coke_lovers folds
diet_coke_lovers awarded -10
UDF1 awarded 10

Round #488, UDF1 (-12327), diet_coke_lovers (12327)
UDF1 posts blind: 10
diet_coke_lovers posts blind: 20
UDF1 received [2h 9s]
diet_coke_lovers received [3s 6s]
UDF1 calls
diet_coke_lovers checks
Flop [8h Qs 5h], UDF1 (20), diet_coke_lovers (20)
diet_coke_lovers bids 0
UDF1 bids 15
UDF1 won the auction and was revealed [6s]
Flop [8h Qs 5h], UDF1 (20), diet_coke_lovers (20)
diet_coke_lovers checks
UDF1 bets 2793
diet_coke_lovers folds
UDF1 awarded 20
diet_coke_lovers awarded -20

Round #489, diet_coke_lovers (12307), UDF1 (-12307)
diet_coke_lovers posts blind: 10
UDF1 posts blind: 20
diet_coke_lovers received [5c 4h]
UDF1 received [3d 3s]
diet_coke_lovers folds
diet_coke_lovers awarded -10
UDF1 awarded 10

Round #490, UDF1 (-12297), diet_coke_lovers (12297)
UDF1 posts blind: 10
diet_coke_lovers posts blind: 20
UDF1 received [9c 4h]
diet_coke_lovers received [6s 5s]
UDF1 calls
diet_coke_lovers checks
Flop [Ad 5d 7d], UDF1 (20), diet_coke_lovers (20)
diet_coke_lovers bids 0
UDF1 bids 11
UDF1 won the auction and was revealed [6s]
Flop [Ad 5d 7d], UDF1 (20), diet_coke_lovers (20)
diet_coke_lovers checks
UDF1 bets 2392
diet_coke_lovers folds
UDF1 awarded 20
diet_coke_lovers awarded -20

Round #491, diet_coke_lovers (12277), UDF1 (-12277)
diet_coke_lovers posts blind: 10
UDF1 posts blind: 20
diet_coke_lovers received [Kh Jd]
UDF1 received [2d 7s]
diet_coke_lovers folds
diet_coke_lovers awarded -10
UDF1 awarded 10

Round #492, UDF1 (-12267), diet_coke_lovers (12267)
UDF1 posts blind: 10
diet_coke_lovers posts blind: 20
UDF1 received [Qc Kd]
diet_coke_lovers received [Ad 7d]
UDF1 calls
diet_coke_lovers checks
Flop [8h 4d 3c], UDF1 (20), diet_coke_lovers (20)
diet_coke_lovers bids 747
UDF1 bids 20
diet_coke_lovers won the auction and was revealed [Kd]
Flop [8h 4d 3c], UDF1 (20), diet_coke_lovers (40)
diet_coke_lovers checks
UDF1 bets 2891
diet_coke_lovers folds
UDF1 awarded 40
diet_coke_lovers awarded -40

Round #493, diet_coke_lovers (12227), UDF1 (-12227)
diet_coke_lovers posts blind: 10
UDF1 posts blind: 20
diet_coke_lovers received [5d 7c]
UDF1 received [Th 2h]
diet_coke_lovers folds
diet_coke_lovers awarded -10
UDF1 awarded 10

Round #494, UDF1 (-12217), diet_coke_lovers (12217)
UDF1 posts blind: 10
diet_coke_lovers posts blind: 20
UDF1 received [Td 8h]
diet_coke_lovers received [Kh Js]
UDF1 raises to 1703
diet_coke_lovers folds
UDF1 awarded 20
diet_coke_lovers awarded -20

Round #495, diet_coke_lovers (12197), UDF1 (-12197)
diet_coke_lovers posts blind: 10
UDF1 posts blind: 20
diet_coke_lovers received [3h 5d]
UDF1 received [4h 7c]
diet_coke_lovers folds
diet_coke_lovers awarded -10
UDF1 awarded 10

Round #496, UDF1 (-12187), diet_coke_lovers (12187)
UDF1 posts blind: 10
diet_coke_lovers posts blind: 20
UDF1 received [9h 5c]
diet_coke_lovers received [2c 7d]
UDF1 calls
diet_coke_lovers checks
Flop [9s 7c 3d], UDF1 (20), diet_coke_lovers (20)
diet_coke_lovers bids 0
UDF1 bids 13
UDF1 won the auction and was revealed [2c]
Flop [9s 7c 3d], UDF1 (20), diet_coke_lovers (20)
diet_coke_lovers checks
UDF1 bets 3715
diet_coke_lovers folds
UDF1 awarded 20
diet_coke_lovers awarded -20

Round #497, diet_coke_lovers (12167), UDF1 (-12167)
diet_coke_lovers posts blind: 10
UDF1 posts blind: 20
diet_coke_lovers received [6c As]
UDF1 received [Kh 8h]
diet_coke_lovers folds
diet_coke_lovers awarded -10
UDF1 awarded 10

Round #498, UDF1 (-12157), diet_coke_lovers (12157)
UDF1 posts blind: 10
diet_coke_lovers posts blind: 20
UDF1 received [Qs 6s]
diet_coke_lovers received [4d 5s]
UDF1 raises to 2037
diet_coke_lovers folds
UDF1 awarded 20
diet_coke_lovers awarded -20

Round #499, diet_coke_lovers (12137), UDF1 (-12137)
diet_coke_lovers posts blind: 10
UDF1 posts blind: 20
diet_coke_lovers received [8d Qd]
UDF1 received [9s Ah]
diet_coke_lovers folds
diet_coke_lovers awarded -10
UDF1 awarded 10

Round #500, UDF1 (-12127), diet_coke_lovers (12127)
UDF1 posts blind: 10
diet_coke_lovers posts blind: 20
UDF1 received [2s Ts]
diet_coke_lovers received [8d 5h]
UDF1 folds
UDF1 awarded -10
diet_coke_lovers awarded 10

Round #501, diet_coke_lovers (12137), UDF1 (-12137)
diet_coke_lovers posts blind: 10
UDF1 posts blind: 20
diet_coke_lovers received [2c 7d]
UDF1 received [5c Qh]
diet_coke_lovers folds
diet_coke_lovers awarded -10
UDF1 awarded 10

Round #502, UDF1 (-12127), diet_coke_lovers (12127)
UDF1 posts blind: 10
diet_coke_lovers posts blind: 20
UDF1 received [Jh 7d]
diet_coke_lovers received [Ts Ah]
UDF1 folds
UDF1 awarded -10
diet_coke_lovers awarded 10

Round #503, diet_coke_lovers (12137), UDF1 (-12137)
diet_coke_lovers posts blind: 10
UDF1 posts blind: 20
diet_coke_lovers received [Tc 8c]
UDF1 received [Th 6h]
diet_coke_lovers folds
diet_coke_lovers awarded -10
UDF1 awarded 10

Round #504, UDF1 (-12127), diet_coke_lovers (12127)
UDF1 posts blind: 10
diet_coke_lovers posts blind: 20
UDF1 received [Kh 6h]
diet_coke_lovers received [4s 9h]
UDF1 folds
UDF1 awarded -10
diet_coke_lovers awarded 10

Round #505, diet_coke_lovers (12137), UDF1 (-12137)
diet_coke_lovers posts blind: 10
UDF1 posts blind: 20
diet_coke_lovers received [5h 5s]
UDF1 received [3d Jh]
diet_coke_lovers calls
UDF1 checks
Flop [Jc 5d 8d], diet_coke_lovers (20), UDF1 (20)
UDF1 bids 8
diet_coke_lovers bids 0
UDF1 won the auction and was revealed [5s]
Flop [Jc 5d 8d], diet_coke_lovers (20), UDF1 (20)
UDF1 bets 3142
diet_coke_lovers calls
Turn [Jc 5d 8d 9c], diet_coke_lovers (3162), UDF1 (3162)
UDF1 bets 1024
diet_coke_lovers calls
River [Jc 5d 8d 9c As], diet_coke_lovers (4186), UDF1 (4186)
UDF1 bets 528
diet_coke_lovers calls
diet_coke_lovers shows [5h 5s]
UDF1 shows [3d Jh]
diet_coke_lovers awarded 4714
UDF1 awarded -4714

Round #506, UDF1 (-16851), diet_coke_lovers (16851)
UDF1 posts blind: 10
diet_coke_lovers posts blind: 20
UDF1 received [2d Kd]
diet_coke_lovers received [4s 8s]
UDF1 folds
UDF1 awarded -10
diet_coke_lovers awarded 10

Round #507, diet_coke_lovers (16861), UDF1 (-16861)
diet_coke_lovers posts blind: 10
UDF1 posts blind: 20
diet_coke_lovers received [Ad Kh]
UDF1 received [4c Ts]
diet_coke_lovers folds
diet_coke_lovers awarded -10
UDF1 awarded 10

Round #508, UDF1 (-16851), diet_coke_lovers (16851)
UDF1 posts blind: 10
diet_coke_lovers posts blind: 20
UDF1 received [8d 3s]
diet_coke_lovers received [Ac 2c]
UDF1 calls
diet_coke_lovers checks
Flop [9s 5d 8s], UDF1 (20), diet_coke_lovers (20)
diet_coke_lovers bids 747
UDF1 bids 14
diet_coke_lovers won the auction and was revealed [8d]
Flop [9s 5d 8s], UDF1 (20), diet_coke_lovers (34)
diet_coke_lovers checks
UDF1 bets 2837
diet_coke_lovers folds
UDF1 awarded 34
diet_coke_lovers awarded -34

Round #509, diet_coke_lovers (16817), UDF1 (-16817)
diet_coke_lovers posts blind: 10
UDF1 posts blind: 20
diet_coke_lovers received [7d 4s]
UDF1 received [6c Jh]
diet_coke_lovers folds
diet_coke_lovers awarded -10
UDF1 awarded 10

Round #510, UDF1 (-16807), diet_coke_lovers (16807)
UDF1 posts blind: 10
diet_coke_lovers posts blind: 20
UDF1 received [Jh 4h]
diet_coke_lovers received [As 3s]
UDF1 folds
UDF1 awarded -10
diet_coke_lovers awarded 10

Round #511, diet_coke_lovers (16817), UDF1 (-16817)
diet_coke_lovers posts blind: 10
UDF1 posts blind: 20
diet_coke_lovers received [8d 8h]
UDF1 received [4d Ac]
diet_coke_lovers calls
UDF1 checks
Flop [8s As 9c], diet_coke_lovers (20), UDF1 (20)
UDF1 bids 0
diet_coke_lovers bids 0
diet_coke_lovers won the auction and was revealed [4d]
UDF1 won the auction and was revealed [8h]
Flop [8s As 9c], diet_coke_lovers (20), UDF1 (20)
UDF1 bets 3211
diet_coke_lovers calls
Turn [8s As 9c Kd], diet_coke_lovers (3231), UDF1 (3231)
UDF1 bets 1074
diet_coke_lovers calls
River [8s As 9c Kd 3s], diet_coke_lovers (4305), UDF1 (4305)
UDF1 bets 382
diet_coke_lovers calls
diet_coke_lovers shows [8d 8h]
UDF1 shows [4d Ac]
diet_coke_lovers awarded 4687
UDF1 awarded -4687

Round #512, UDF1 (-21504), diet_coke_lovers (21504)
UDF1 posts blind: 10
diet_coke_lovers posts blind: 20
UDF1 received [6c 2c]
diet_coke_lovers received [5s 9d]
UDF1 folds
UDF1 awarded -10
diet_coke_lovers awarded 10

Round #513, diet_coke_lovers (21514), UDF1 (-21514)
diet_coke_lovers posts blind: 10
UDF1 posts blind: 20
diet_coke_lovers received [3h Ah]
UDF1 received [8c 7h]
diet_coke_lovers folds
diet_coke_lovers awarded -10
UDF1 awarded 10

Round #514, UDF1 (-21504), diet_coke_lovers (21504)
UDF1 posts blind: 10
diet_coke_lovers posts blind: 20
UDF1 received [5c 2c]
diet_coke_lovers received [9d Qh]
UDF1 folds
UDF1 awarded -10
diet_coke_lovers awarded 10

Round #515, diet_coke_lovers (21514), UDF1 (-21514)
diet_coke_lovers posts blind: 10
UDF1 posts blind: 20
diet_coke_lovers received [5s Ks]
UDF1 received [9d 4c]
diet_coke_lovers folds
diet_coke_lovers awarded -10
UDF1 awarded 10

Round #516, UDF1 (-21504), diet_coke_lovers (21504)
UDF1 posts blind: 10
diet_coke_lovers posts blind: 20
UDF1 received [Ks Kd]
diet_coke_lovers received [Qd 5s]
UDF1 raises to 4776
diet_coke_lovers folds
UDF1 awarded 20
diet_coke_lovers awarded -20

Round #517, diet_coke_lovers (21484), UDF1 (-21484)
diet_coke_lovers posts blind: 10
UDF1 posts blind: 20
diet_coke_lovers received [4h 3s]
UDF1 received [Qc 9d]
diet_coke_lovers folds
diet_coke_lovers awarded -10
UDF1 awarded 10

Round #518, UDF1 (-21474), diet_coke_lovers (21474)
UDF1 posts blind: 10
diet_coke_lovers posts blind: 20
UDF1 received [Ts 8h]
diet_coke_lovers received [2c 5d]
UDF1 calls
diet_coke_lovers checks
Flop [Qs 4d 9d], UDF1 (20), diet_coke_lovers (20)
diet_coke_lovers bids 0
UDF1 bids 17
UDF1 won the auction and was revealed [5d]
Flop [Qs 4d 9d], UDF1 (20), diet_coke_lovers (20)
diet_coke_lovers checks
UDF1 bets 2940
diet_coke_lovers folds
UDF1 awarded 20
diet_coke_lovers awarded -20

Round #519, diet_coke_lovers (21454), UDF1 (-21454)
diet_coke_lovers posts blind: 10
UDF1 posts blind: 20
diet_coke_lovers received [Ad Ac]
UDF1 received [7d 4d]
diet_coke_lovers calls
UDF1 raises to 1615
diet_coke_lovers calls
Flop [Qs 6d 6h], diet_coke_lovers (1615), UDF1 (1615)
UDF1 bids 273
diet_coke_lovers bids 1184
diet_coke_lovers won the auction and was revealed [7d]
Flop [Qs 6d 6h], diet_coke_lovers (1888), UDF1 (1615)
UDF1 bets 1447
diet_coke_lovers calls
Turn [Qs 6d 6h 8d], diet_coke_lovers (3335), UDF1 (3062)
UDF1 bets 702
diet_coke_lovers calls
River [Qs 6d 6h 8d Jc], diet_coke_lovers (4037), UDF1 (3764)
UDF1 bets 356
diet_coke_lovers calls
diet_coke_lovers shows [Ad Ac]
UDF1 shows [7d 4d]
diet_coke_lovers awarded 4120
UDF1 awarded -4120

Round #520, UDF1 (-25574), diet_coke_lovers (25574)
UDF1 posts blind: 10
diet_coke_lovers posts blind: 20
UDF1 received [8h Kc]
diet_coke_lovers received [2h Qc]
UDF1 raises to 2016
diet_coke_lovers folds
UDF1 awarded 20
diet_coke_lovers awarded -20

Round #521, diet_coke_lovers (25554), UDF1 (-25554)
diet_coke_lovers posts blind: 10
UDF1 posts blind: 20
diet_coke_lovers received [As Qd]
UDF1 received [6d 6h]
diet_coke_lovers folds
diet_coke_lovers awarded -10
UDF1 awarded 10

Round #522, UDF1 (-25544), diet_coke_lovers (25544)
UDF1 posts blind: 10
diet_coke_lovers posts blind: 20
UDF1 received [Ks Ad]
diet_coke_lovers received [Qd Td]
UDF1 raises to 4703
diet_coke_lovers folds
UDF1 awarded 20
diet_coke_lovers awarded -20

Round #523, diet_coke_lovers (25524), UDF1 (-25524)
diet_coke_lovers posts blind: 10
UDF1 posts blind: 20
diet_coke_lovers received [Ah 2h]
UDF1 received [6s 9s]
diet_coke_lovers folds
diet_coke_lovers awarded -10
UDF1 awarded 10

Round #524, UDF1 (-25514), diet_coke_lovers (25514)
UDF1 posts blind: 10
diet_coke_lovers posts blind: 20
UDF1 received [8h 5s]
diet_coke_lovers received [Tc 8c]
UDF1 calls
diet_coke_lovers checks
Flop [Jc 3d 2d], UDF1 (20), diet_coke_lovers (20)
diet_coke_lovers bids 0
UDF1 bids 8
UDF1 won the auction and was revealed [Tc]
Flop [Jc 3d 2d], UDF1 (20), diet_coke_lovers (20)
diet_coke_lovers checks
UDF1 bets 2296
diet_coke_lovers folds
UDF1 awarded 20
diet_coke_lovers awarded -20

Round #525, diet_coke_lovers (25494), UDF1 (-25494)
diet_coke_lovers posts blind: 10
UDF1 posts blind: 20
diet_coke_lovers received [5h 8s]
UDF1 received [Js 6h]
diet_coke_lovers folds
diet_coke_lovers awarded -10
UDF1 awarded 10

Round #526, UDF1 (-25484), diet_coke_lovers (25484)
UDF1 posts blind: 10
diet_coke_lovers posts blind: 20
UDF1 received [8h 8s]
diet_coke_lovers received [Jh Jc]
UDF1 raises to 3942
diet_coke_lovers calls
Flop [Qc Qh Ks], UDF1 (3942), diet_coke_lovers (3942)
diet_coke_lovers bids 370
UDF1 bids 99
diet_coke_lovers won the auction and was revealed [8s]
Flop [Qc Qh Ks], UDF1 (3942), diet_coke_lovers (4041)
diet_coke_lovers checks
UDF1 bets 537
diet_coke_lovers calls
Turn [Qc Qh Ks Qs], UDF1 (4479), diet_coke_lovers (4578)
diet_coke_lovers checks
UDF1 bets 241
diet_coke_lovers calls
River [Qc Qh Ks Qs 8d], UDF1 (4720), diet_coke_lovers (4819)
diet_coke_lovers checks
UDF1 bets 119
diet_coke_lovers calls
UDF1 shows [8h 8s]
diet_coke_lovers shows [Jh Jc]
UDF1 awarded -4839
diet_coke_lovers awarded 4839

Round #527, diet_coke_lovers (30323), UDF1 (-30323)
diet_coke_lovers posts blind: 10
UDF1 posts blind: 20
diet_coke_lovers received [Td Jh]
UDF1 received [Kd 6h]
diet_coke_lovers folds
diet_coke_lovers awarded -10
UDF1 awarded 10

Round #528, UDF1 (-30313), diet_coke_lovers (30313)
UDF1 posts blind: 10
diet_coke_lovers posts blind: 20
UDF1 received [Qs 8c]
diet_coke_lovers received [2d Js]
UDF1 folds
UDF1 awarded -10
diet_coke_lovers awarded 10

Round #529, diet_coke_lovers (30323), UDF1 (-30323)
diet_coke_lovers posts blind: 10
UDF1 posts blind: 20
diet_coke_lovers received [2c Qd]
UDF1 received [Ts 5h]
diet_coke_lovers folds
diet_coke_lovers awarded -10
UDF1 awarded 10

Round #530, UDF1 (-30313), diet_coke_lovers (30313)
UDF1 posts blind: 10
diet_coke_lovers posts blind: 20
UDF1 received [Ks 9s]
diet_coke_lovers received [8h 9h]
UDF1 calls
diet_coke_lovers checks
Flop [Tc Qd 5s], UDF1 (20), diet_coke_lovers (20)
diet_coke_lovers bids 0
UDF1 bids 0
UDF1 won the auction and was revealed [9h]
diet_coke_lovers won the auction and was revealed [Ks]
Flop [Tc Qd 5s], UDF1 (20), diet_coke_lovers (20)
diet_coke_lovers checks
UDF1 bets 3281
diet_coke_lovers folds
UDF1 awarded 20
diet_coke_lovers awarded -20

Round #531, diet_coke_lovers (30293), UDF1 (-30293)
diet_coke_lovers posts blind: 10
UDF1 posts blind: 20
diet_coke_lovers received [3c 2c]
UDF1 received [Ad 9s]
diet_coke_lovers folds
diet_coke_lovers awarded -10
UDF1 awarded 10

Round #532, UDF1 (-30283), diet_coke_lovers (30283)
UDF1 posts blind: 10
diet_coke_lovers posts blind: 20
UDF1 received [Ah 7c]
diet_coke_lovers received [6h Ac]
UDF1 raises to 1756
diet_coke_lovers folds
UDF1 awarded 20
diet_coke_lovers awarded -20

Round #533, diet_coke_lovers (30263), UDF1 (-30263)
diet_coke_lovers posts blind: 10
UDF1 posts blind: 20
diet_coke_lovers received [Ts Qs]
UDF1 received [Ks Kc]
diet_coke_lovers folds
diet_coke_lovers awarded -10
UDF1 awarded 10

Round #534, UDF1 (-30253), diet_coke_lovers (30253)
UDF1 posts blind: 10
diet_coke_lovers posts blind: 20
UDF1 received [Js 7h]
diet_coke_lovers received [Ks 6d]
UDF1 calls
diet_coke_lovers checks
Flop [7c Kc 6c], UDF1 (20), diet_coke_lovers (20)
diet_coke_lovers bids 747
UDF1 bids 16
diet_coke_lovers won the auction and was revealed [Js]
Flop [7c Kc 6c], UDF1 (20), diet_coke_lovers (36)
diet_coke_lovers checks
UDF1 bets 2683
diet_coke_lovers folds
UDF1 awarded 36
diet_coke_lovers awarded -36

Round #535, diet_coke_lovers (30217), UDF1 (-30217)
diet_coke_lovers posts blind: 10
UDF1 posts blind: 20
diet_coke_lovers received [As 8d]
UDF1 received [9c Ac]
diet_coke_lovers folds
diet_coke_lovers awarded -10
UDF1 awarded 10

Round #536, UDF1 (-30207), diet_coke_lovers (30207)
UDF1 posts blind: 10
diet_coke_lovers posts blind: 20
UDF1 received [Kh 9d]
diet_coke_lovers received [Ad 2d]
UDF1 calls
diet_coke_lovers checks
Flop [6d 8h 2h], UDF1 (20), diet_coke_lovers (20)
diet_coke_lovers bids 747
UDF1 bids 20
diet_coke_lovers won the auction and was revealed [Kh]
Flop [6d 8h 2h], UDF1 (20), diet_coke_lovers (40)
diet_coke_lovers checks
UDF1 bets 2959
diet_coke_lovers folds
UDF1 awarded 40
diet_coke_lovers awarded -40

Round #537, diet_coke_lovers (30167), UDF1 (-30167)
diet_coke_lovers posts blind: 10
UDF1 posts blind: 20
diet_coke_lovers received [6s 7c]
UDF1 received [Ah 6h]
diet_coke_lovers folds
diet_coke_lovers awarded -10
UDF1 awarded 10

Round #538, UDF1 (-30157), diet_coke_lovers (30157)
UDF1 posts blind: 10
diet_coke_lovers posts blind: 20
UDF1 received [2c 7s]
diet_coke_lovers received [Ks Ad]
UDF1 folds
UDF1 awarded -10
diet_coke_lovers awarded 10

Round #539, diet_coke_lovers (30167), UDF1 (-30167)
diet_coke_lovers posts blind: 10
UDF1 posts blind: 20
diet_coke_lovers received [Jh 6s]
UDF1 received [6c Qs]
diet_coke_lovers folds
diet_coke_lovers awarded -10
UDF1 awarded 10

Round #540, UDF1 (-30157), diet_coke_lovers (30157)
UDF1 posts blind: 10
diet_coke_lovers posts blind: 20
UDF1 received [5s 7d]
diet_coke_lovers received [7c 2s]
UDF1 raises to 1894
diet_coke_lovers folds
UDF1 awarded 20
diet_coke_lovers awarded -20

Round #541, diet_coke_lovers (30137), UDF1 (-30137)
diet_coke_lovers posts blind: 10
UDF1 posts blind: 20
diet_coke_lovers received [4s 4c]
UDF1 received [7h Kc]
diet_coke_lovers calls
UDF1 checks
Flop [4h 3c Th], diet_coke_lovers (20), UDF1 (20)
UDF1 bids 9
diet_coke_lovers bids 0
UDF1 won the auction and was revealed [4s]
Flop [4h 3c Th], diet_coke_lovers (20), UDF1 (20)
UDF1 bets 2288
diet_coke_lovers calls
Turn [4h 3c Th 5c], diet_coke_lovers (2308), UDF1 (2308)
UDF1 bets 1095
diet_coke_lovers calls
River [4h 3c Th 5c Kd], diet_coke_lovers (3403), UDF1 (3403)
UDF1 bets 963
diet_coke_lovers calls
diet_coke_lovers shows [4s 4c]
UDF1 shows [7h Kc]
diet_coke_lovers awarded 4366
UDF1 awarded -4366

Round #542, UDF1 (-34503), diet_coke_lovers (34503)
UDF1 posts blind: 10
diet_coke_lovers posts blind: 20
UDF1 received [Ac 5d]
diet_coke_lovers received [6h 4s]
UDF1 folds
UDF1 awarded -10
diet_coke_lovers awarded 10

Round #543, diet_coke_lovers (34513), UDF1 (-34513)
diet_coke_lovers posts blind: 10
UDF1 posts blind: 20
diet_coke_lovers received [7d 3c]
UDF1 received [6h Kc]
diet_coke_lovers folds
diet_coke_lovers awarded -10
UDF1 awarded 10

Round #544, UDF1 (-34503), diet_coke_lovers (34503)
UDF1 posts blind: 10
diet_coke_lovers posts blind: 20
UDF1 received [Kc 8d]
diet_coke_lovers received [8c 4c]
UDF1 calls
diet_coke_lovers checks
Flop [6h 7c Qh], UDF1 (20), diet_coke_lovers (20)
diet_coke_lovers bids 0
UDF1 bids 16
UDF1 won the auction and was revealed [8c]
Flop [6h 7c Qh], UDF1 (20), diet_coke_lovers (20)
diet_coke_lovers checks
UDF1 bets 2764
diet_coke_lovers folds
UDF1 awarded 20
diet_coke_lovers awarded -20

Round #545, diet_coke_lovers (34483), UDF1 (-34483)
diet_coke_lovers posts blind: 10
UDF1 posts blind: 20
diet_coke_lovers received [Ad 5c]
UDF1 received [Qd Td]
diet_coke_lovers folds
diet_coke_lovers awarded -10
UDF1 awarded 10

Round #546, UDF1 (-34473), diet_coke_lovers (34473)
UDF1 posts blind: 10
diet_coke_lovers posts blind: 20
UDF1 received [Tc Ks]
diet_coke_lovers received [Ad Jh]
UDF1 raises to 1621
diet_coke_lovers folds
UDF1 awarded 20
diet_coke_lovers awarded -20

Round #547, diet_coke_lovers (34453), UDF1 (-34453)
diet_coke_lovers posts blind: 10
UDF1 posts blind: 20
diet_coke_lovers received [4h 5d]
UDF1 received [3d Qh]
diet_coke_lovers folds
diet_coke_lovers awarded -10
UDF1 awarded 10

Round #548, UDF1 (-34443), diet_coke_lovers (34443)
UDF1 posts blind: 10
diet_coke_lovers posts blind: 20
UDF1 received [7s 9h]
diet_coke_lovers received [6s 6h]
UDF1 raises to 1833
diet_coke_lovers calls
Flop [Kh 2h 4d], UDF1 (1833), diet_coke_lovers (1833)
diet_coke_lovers bids 0
UDF1 bids 269
UDF1 won the auction and was revealed [6s]
Flop [Kh 2h 4d], UDF1 (1833), diet_coke_lovers (1833)
diet_coke_lovers checks
UDF1 bets 1705
diet_coke_lovers calls
Turn [Kh 2h 4d Ad], UDF1 (3538), diet_coke_lovers (3538)
diet_coke_lovers checks
UDF1 bets 732
diet_coke_lovers calls
River [Kh 2h 4d Ad Jc], UDF1 (4270), diet_coke_lovers (4270)
diet_coke_lovers checks
UDF1 bets 404
diet_coke_lovers calls
UDF1 shows [7s 9h]
diet_coke_lovers shows [6s 6h]
UDF1 awarded -4674
diet_coke_lovers awarded 4674

Round #549, diet_coke_lovers (39117), UDF1 (-39117)
diet_coke_lovers posts blind: 10
UDF1 posts blind: 20
diet_coke_lovers received [4s 4c]
UDF1 received [Qs 9d]
diet_coke_lovers calls
UDF1 checks
Flop [7d 5h Ah], diet_coke_lovers (20), UDF1 (20)
UDF1 bids 17
diet_coke_lovers bids 0
UDF1 won the auction and was revealed [4s]
Flop [7d 5h Ah], diet_coke_lovers (20), UDF1 (20)
UDF1 bets 2979
diet_coke_lovers calls
Turn [7d 5h Ah 7s], diet_coke_lovers (2999), UDF1 (2999)
UDF1 bets 1097
diet_coke_lovers calls
River [7d 5h Ah 7s 6d], diet_coke_lovers (4096), UDF1 (4096)
UDF1 bets 406
diet_coke_lovers calls
diet_coke_lovers shows [4s 4c]
UDF1 shows [Qs 9d]
diet_coke_lovers awarded 4502
UDF1 awarded -4502

Round #550, UDF1 (-43619), diet_coke_lovers (43619)
UDF1 posts blind: 10
diet_coke_lovers posts blind: 20
UDF1 received [Jh 3d]
diet_coke_lovers received [9h 7d]
UDF1 raises to 1990
diet_coke_lovers folds
UDF1 awarded 20
diet_coke_lovers awarded -20

Round #551, diet_coke_lovers (43599), UDF1 (-43599)
diet_coke_lovers posts blind: 10
UDF1 posts blind: 20
diet_coke_lovers received [9d 6h]
UDF1 received [6c Jc]
diet_coke_lovers folds
diet_coke_lovers awarded -10
UDF1 awarded 10

Round #552, UDF1 (-43589), diet_coke_lovers (43589)
UDF1 posts blind: 10
diet_coke_lovers posts blind: 20
UDF1 received [2s Qc]
diet_coke_lovers received [9s 4h]
UDF1 calls
diet_coke_lovers checks
Flop [3d Kh 8h], UDF1 (20), diet_coke_lovers (20)
diet_coke_lovers bids 0
UDF1 bids 17
UDF1 won the auction and was revealed [9s]
Flop [3d Kh 8h], UDF1 (20), diet_coke_lovers (20)
diet_coke_lovers checks
UDF1 bets 3103
diet_coke_lovers folds
UDF1 awarded 20
diet_coke_lovers awarded -20

Round #553, diet_coke_lovers (43569), UDF1 (-43569)
diet_coke_lovers posts blind: 10
UDF1 posts blind: 20
diet_coke_lovers received [4s 3s]
UDF1 received [Jh Kd]
diet_coke_lovers folds
diet_coke_lovers awarded -10
UDF1 awarded 10

Round #554, UDF1 (-43559), diet_coke_lovers (43559)
UDF1 posts blind: 10
diet_coke_lovers posts blind: 20
UDF1 received [Qh Ts]
diet_coke_lovers received [5c Qd]
UDF1 folds
UDF1 awarded -10
diet_coke_lovers awarded 10

Round #555, diet_coke_lovers (43569), UDF1 (-43569)
diet_coke_lovers posts blind: 10
UDF1 posts blind: 20
diet_coke_lovers received [Qs 9h]
UDF1 received [Js Kc]
diet_coke_lovers folds
diet_coke_lovers awarded -10
UDF1 awarded 10

Round #556, UDF1 (-43559), diet_coke_lovers (43559)
UDF1 posts blind: 10
diet_coke_lovers posts blind: 20
UDF1 received [Ad Ah]
diet_coke_lovers received [Kd Qs]
UDF1 raises to 4764
diet_coke_lovers folds
UDF1 awarded 20
diet_coke_lovers awarded -20

Round #557, diet_coke_lovers (43539), UDF1 (-43539)
diet_coke_lovers posts blind: 10
UDF1 posts blind: 20
diet_coke_lovers received [Jc 5d]
UDF1 received [Jd 4c]
diet_coke_lovers folds
diet_coke_lovers awarded -10
UDF1 awarded 10

Round #558, UDF1 (-43529), diet_coke_lovers (43529)
UDF1 posts blind: 10
diet_coke_lovers posts blind: 20
UDF1 received [5h 7c]
diet_coke_lovers received [Kd 6h]
UDF1 folds
UDF1 awarded -10
diet_coke_lovers awarded 10

Round #559, diet_coke_lovers (43539), UDF1 (-43539)
diet_coke_lovers posts blind: 10
UDF1 posts blind: 20
diet_coke_lovers received [7d 2d]
UDF1 received [8d 5c]
diet_coke_lovers folds
diet_coke_lovers awarded -10
UDF1 awarded 10

Round #560, UDF1 (-43529), diet_coke_lovers (43529)
UDF1 posts blind: 10
diet_coke_lovers posts blind: 20
UDF1 received [3s Js]
diet_coke_lovers received [Jh 8s]
UDF1 raises to 1940
diet_coke_lovers folds
UDF1 awarded 20
diet_coke_lovers awarded -20

Round #561, diet_coke_lovers (43509), UDF1 (-43509)
diet_coke_lovers posts blind: 10
UDF1 posts blind: 20
diet_coke_lovers received [9s Tc]
UDF1 received [Ah 5h]
diet_coke_lovers folds
diet_coke_lovers awarded -10
UDF1 awarded 10

Round #562, UDF1 (-43499), diet_coke_lovers (43499)
UDF1 posts blind: 10
diet_coke_lovers posts blind: 20
UDF1 received [6c 5c]
diet_coke_lovers received [9h Jd]
UDF1 folds
UDF1 awarded -10
diet_coke_lovers awarded 10

Round #563, diet_coke_lovers (43509), UDF1 (-43509)
diet_coke_lovers posts blind: 10
UDF1 posts blind: 20
diet_coke_lovers received [9s 2c]
UDF1 received [3h Qh]
diet_coke_lovers folds
diet_coke_lovers awarded -10
UDF1 awarded 10

Round #564, UDF1 (-43499), diet_coke_lovers (43499)
UDF1 posts blind: 10
diet_coke_lovers posts blind: 20
UDF1 received [4d Jh]
diet_coke_lovers received [2c 7s]
UDF1 calls
diet_coke_lovers checks
Flop [Js 9c 7h], UDF1 (20), diet_coke_lovers (20)
diet_coke_lovers bids 0
UDF1 bids 12
UDF1 won the auction and was revealed [2c]
Flop [Js 9c 7h], UDF1 (20), diet_coke_lovers (20)
diet_coke_lovers checks
UDF1 bets 3377
diet_coke_lovers folds
UDF1 awarded 20
diet_coke_lovers awarded -20

Round #565, diet_coke_lovers (43479), UDF1 (-43479)
diet_coke_lovers posts blind: 10
UDF1 posts blind: 20
diet_coke_lovers received [Ah Ks]
UDF1 received [7d Ac]
diet_coke_lovers folds
diet_coke_lovers awarded -10
UDF1 awarded 10

Round #566, UDF1 (-43469), diet_coke_lovers (43469)
UDF1 posts blind: 10
diet_coke_lovers posts blind: 20
UDF1 received [9h Ts]
diet_coke_lovers received [Qc As]
UDF1 folds
UDF1 awarded -10
diet_coke_lovers awarded 10

Round #567, diet_coke_lovers (43479), UDF1 (-43479)
diet_coke_lovers posts blind: 10
UDF1 posts blind: 20
diet_coke_lovers received [7d 5s]
UDF1 received [4c 3s]
diet_coke_lovers folds
diet_coke_lovers awarded -10
UDF1 awarded 10

Round #568, UDF1 (-43469), diet_coke_lovers (43469)
UDF1 posts blind: 10
diet_coke_lovers posts blind: 20
UDF1 received [7d 4d]
diet_coke_lovers received [As 9c]
UDF1 folds
UDF1 awarded -10
diet_coke_lovers awarded 10

Round #569, diet_coke_lovers (43479), UDF1 (-43479)
diet_coke_lovers posts blind: 10
UDF1 posts blind: 20
diet_coke_lovers received [4d Qh]
UDF1 received [Ad 7s]
diet_coke_lovers folds
diet_coke_lovers awarded -10
UDF1 awarded 10

Round #570, UDF1 (-43469), diet_coke_lovers (43469)
UDF1 posts blind: 10
diet_coke_lovers posts blind: 20
UDF1 received [4d 8d]
diet_coke_lovers received [Ah Jc]
UDF1 raises to 1902
diet_coke_lovers folds
UDF1 awarded 20
diet_coke_lovers awarded -20

Round #571, diet_coke_lovers (43449), UDF1 (-43449)
diet_coke_lovers posts blind: 10
UDF1 posts blind: 20
diet_coke_lovers received [2s 5s]
UDF1 received [7c 8d]
diet_coke_lovers folds
diet_coke_lovers awarded -10
UDF1 awarded 10

Round #572, UDF1 (-43439), diet_coke_lovers (43439)
UDF1 posts blind: 10
diet_coke_lovers posts blind: 20
UDF1 received [9s 4s]
diet_coke_lovers received [Td 6h]
UDF1 calls
diet_coke_lovers checks
Flop [6d 8h Tc], UDF1 (20), diet_coke_lovers (20)
diet_coke_lovers bids 0
UDF1 bids 9
UDF1 won the auction and was revealed [6h]
Flop [6d 8h Tc], UDF1 (20), diet_coke_lovers (20)
diet_coke_lovers checks
UDF1 bets 2460
diet_coke_lovers folds
UDF1 awarded 20
diet_coke_lovers awarded -20

Round #573, diet_coke_lovers (43419), UDF1 (-43419)
diet_coke_lovers posts blind: 10
UDF1 posts blind: 20
diet_coke_lovers received [5h 8d]
UDF1 received [Qs 5d]
diet_coke_lovers folds
diet_coke_lovers awarded -10
UDF1 awarded 10

Round #574, UDF1 (-43409), diet_coke_lovers (43409)
UDF1 posts blind: 10
diet_coke_lovers posts blind: 20
UDF1 received [5d 8h]
diet_coke_lovers received [7h 3s]
UDF1 raises to 1624
diet_coke_lovers folds
UDF1 awarded 20
diet_coke_lovers awarded -20

Round #575, diet_coke_lovers (43389), UDF1 (-43389)
diet_coke_lovers posts blind: 10
UDF1 posts blind: 20
diet_coke_lovers received [4d 4s]
UDF1 received [2c Ac]
diet_coke_lovers calls
UDF1 checks
Flop [2s 9h 6c], diet_coke_lovers (20), UDF1 (20)
UDF1 bids 16
diet_coke_lovers bids 0
UDF1 won the auction and was revealed [4d]
Flop [2s 9h 6c], diet_coke_lovers (20), UDF1 (20)
UDF1 bets 3128
diet_coke_lovers calls
Turn [2s 9h 6c 2d], diet_coke_lovers (3148), UDF1 (3148)
UDF1 bets 1358
diet_coke_lovers calls
River [2s 9h 6c 2d Kc], diet_coke_lovers (4506), UDF1 (4506)
UDF1 bets 371
diet_coke_lovers calls
diet_coke_lovers shows [4d 4s]
UDF1 shows [2c Ac]
diet_coke_lovers awarded -4877
UDF1 awarded 4877

Round #576, UDF1 (-38512), diet_coke_lovers (38512)
UDF1 posts blind: 10
diet_coke_lovers posts blind: 20
UDF1 received [8h Ts]
diet_coke_lovers received [3c Js]
UDF1 folds
UDF1 awarded -10
diet_coke_lovers awarded 10

Round #577, diet_coke_lovers (38522), UDF1 (-38522)
diet_coke_lovers posts blind: 10
UDF1 posts blind: 20
diet_coke_lovers received [4c 6d]
UDF1 received [Qc 6s]
diet_coke_lovers folds
diet_coke_lovers awarded -10
UDF1 awarded 10

Round #578, UDF1 (-38512), diet_coke_lovers (38512)
UDF1 posts blind: 10
diet_coke_lovers posts blind: 20
UDF1 received [Qs 5d]
diet_coke_lovers received [3c 2s]
UDF1 raises to 1986
diet_coke_lovers folds
UDF1 awarded 20
diet_coke_lovers awarded -20

Round #579, diet_coke_lovers (38492), UDF1 (-38492)
diet_coke_lovers posts blind: 10
UDF1 posts blind: 20
diet_coke_lovers received [Qd 5s]
UDF1 received [2h 6h]
diet_coke_lovers folds
diet_coke_lovers awarded -10
UDF1 awarded 10

Round #580, UDF1 (-38482), diet_coke_lovers (38482)
UDF1 posts blind: 10
diet_coke_lovers posts blind: 20
UDF1 received [2h Qs]
diet_coke_lovers received [5c 2s]
UDF1 calls
diet_coke_lovers checks
Flop [9h Ts Qc], UDF1 (20), diet_coke_lovers (20)
diet_coke_lovers bids 0
UDF1 bids 16
UDF1 won the auction and was revealed [5c]
Flop [9h Ts Qc], UDF1 (20), diet_coke_lovers (20)
diet_coke_lovers checks
UDF1 bets 3442
diet_coke_lovers folds
UDF1 awarded 20
diet_coke_lovers awarded -20

Round #581, diet_coke_lovers (38462), UDF1 (-38462)
diet_coke_lovers posts blind: 10
UDF1 posts blind: 20
diet_coke_lovers received [Ks 5s]
UDF1 received [Jh 4s]
diet_coke_lovers folds
diet_coke_lovers awarded -10
UDF1 awarded 10

Round #582, UDF1 (-38452), diet_coke_lovers (38452)
UDF1 posts blind: 10
diet_coke_lovers posts blind: 20
UDF1 received [Td 4c]
diet_coke_lovers received [Ah 4d]
UDF1 raises to 1967
diet_coke_lovers folds
UDF1 awarded 20
diet_coke_lovers awarded -20

Round #583, diet_coke_lovers (38432), UDF1 (-38432)
diet_coke_lovers posts blind: 10
UDF1 posts blind: 20
diet_coke_lovers received [Ad Th]
UDF1 received [Kc 6h]
diet_coke_lovers folds
diet_coke_lovers awarded -10
UDF1 awarded 10

Round #584, UDF1 (-38422), diet_coke_lovers (38422)
UDF1 posts blind: 10
diet_coke_lovers posts blind: 20
UDF1 received [Ad 4s]
diet_coke_lovers received [5s Ts]
UDF1 folds
UDF1 awarded -10
diet_coke_lovers awarded 10

Round #585, diet_coke_lovers (38432), UDF1 (-38432)
diet_coke_lovers posts blind: 10
UDF1 posts blind: 20
diet_coke_lovers received [4s Qh]
UDF1 received [Qd 4c]
diet_coke_lovers folds
diet_coke_lovers awarded -10
UDF1 awarded 10

Round #586, UDF1 (-38422), diet_coke_lovers (38422)
UDF1 posts blind: 10
diet_coke_lovers posts blind: 20
UDF1 received [Kh Ad]
diet_coke_lovers received [Kc 8d]
UDF1 raises to 4484
diet_coke_lovers folds
UDF1 awarded 20
diet_coke_lovers awarded -20

Round #587, diet_coke_lovers (38402), UDF1 (-38402)
diet_coke_lovers posts blind: 10
UDF1 posts blind: 20
diet_coke_lovers received [7c Qs]
UDF1 received [Qh 5h]
diet_coke_lovers folds
diet_coke_lovers awarded -10
UDF1 awarded 10

Round #588, UDF1 (-38392), diet_coke_lovers (38392)
UDF1 posts blind: 10
diet_coke_lovers posts blind: 20
UDF1 received [6c 3d]
diet_coke_lovers received [Td Ks]
UDF1 calls
diet_coke_lovers checks
Flop [9d Jc Ah], UDF1 (20), diet_coke_lovers (20)
diet_coke_lovers bids 747
UDF1 bids 8
diet_coke_lovers won the auction and was revealed [3d]
Flop [9d Jc Ah], UDF1 (20), diet_coke_lovers (28)
diet_coke_lovers checks
UDF1 bets 2291
diet_coke_lovers folds
UDF1 awarded 28
diet_coke_lovers awarded -28

Round #589, diet_coke_lovers (38364), UDF1 (-38364)
diet_coke_lovers posts blind: 10
UDF1 posts blind: 20
diet_coke_lovers received [Th 8c]
UDF1 received [6d 3h]
diet_coke_lovers folds
diet_coke_lovers awarded -10
UDF1 awarded 10

Round #590, UDF1 (-38354), diet_coke_lovers (38354)
UDF1 posts blind: 10
diet_coke_lovers posts blind: 20
UDF1 received [Kh 7d]
diet_coke_lovers received [4s 3c]
UDF1 raises to 1726
diet_coke_lovers folds
UDF1 awarded 20
diet_coke_lovers awarded -20

Round #591, diet_coke_lovers (38334), UDF1 (-38334)
diet_coke_lovers posts blind: 10
UDF1 posts blind: 20
diet_coke_lovers received [3s 2c]
UDF1 received [6h 3h]
diet_coke_lovers folds
diet_coke_lovers awarded -10
UDF1 awarded 10

Round #592, UDF1 (-38324), diet_coke_lovers (38324)
UDF1 posts blind: 10
diet_coke_lovers posts blind: 20
UDF1 received [7s 7c]
diet_coke_lovers received [5c Qs]
UDF1 calls
diet_coke_lovers checks
Flop [7d Kc Kh], UDF1 (20), diet_coke_lovers (20)
diet_coke_lovers bids 0
UDF1 bids 8
UDF1 won the auction and was revealed [Qs]
Flop [7d Kc Kh], UDF1 (20), diet_coke_lovers (20)
diet_coke_lovers checks
UDF1 bets 3136
diet_coke_lovers folds
UDF1 awarded 20
diet_coke_lovers awarded -20

Round #593, diet_coke_lovers (38304), UDF1 (-38304)
diet_coke_lovers posts blind: 10
UDF1 posts blind: 20
diet_coke_lovers received [7c 7s]
UDF1 received [Ac 3c]
diet_coke_lovers calls
UDF1 checks
Flop [6c 5h 8c], diet_coke_lovers (20), UDF1 (20)
UDF1 bids 14
diet_coke_lovers bids 0
UDF1 won the auction and was revealed [7s]
Flop [6c 5h 8c], diet_coke_lovers (20), UDF1 (20)
UDF1 bets 2667
diet_coke_lovers calls
Turn [6c 5h 8c 9s], diet_coke_lovers (2687), UDF1 (2687)
UDF1 bets 1189
diet_coke_lovers calls
River [6c 5h 8c 9s 9c], diet_coke_lovers (3876), UDF1 (3876)
UDF1 bets 705
diet_coke_lovers calls
diet_coke_lovers shows [7c 7s]
UDF1 shows [Ac 3c]
diet_coke_lovers awarded -4581
UDF1 awarded 4581

Round #594, UDF1 (-33723), diet_coke_lovers (33723)
UDF1 posts blind: 10
diet_coke_lovers posts blind: 20
UDF1 received [Qs 9d]
diet_coke_lovers received [Ts 2c]
UDF1 folds
UDF1 awarded -10
diet_coke_lovers awarded 10

Round #595, diet_coke_lovers (33733), UDF1 (-33733)
diet_coke_lovers posts blind: 10
UDF1 posts blind: 20
diet_coke_lovers received [6s 5h]
UDF1 received [5d 8h]
diet_coke_lovers folds
diet_coke_lovers awarded -10
UDF1 awarded 10

Round #596, UDF1 (-33723), diet_coke_lovers (33723)
UDF1 posts blind: 10
diet_coke_lovers posts blind: 20
UDF1 received [Kd Kh]
diet_coke_lovers received [8h Th]
UDF1 raises to 4719
diet_coke_lovers folds
UDF1 awarded 20
diet_coke_lovers awarded -20

Round #597, diet_coke_lovers (33703), UDF1 (-33703)
diet_coke_lovers posts blind: 10
UDF1 posts blind: 20
diet_coke_lovers received [4d 5d]
UDF1 received [5s 6d]
diet_coke_lovers folds
diet_coke_lovers awarded -10
UDF1 awarded 10

Round #598, UDF1 (-33693), diet_coke_lovers (33693)
UDF1 posts blind: 10
diet_coke_lovers posts blind: 20
UDF1 received [7c Kh]
diet_coke_lovers received [Ts 7d]
UDF1 calls
diet_coke_lovers checks
Flop [5s Qs 3s], UDF1 (20), diet_coke_lovers (20)
diet_coke_lovers bids 0
UDF1 bids 9
UDF1 won the auction and was revealed [Ts]
Flop [5s Qs 3s], UDF1 (20), diet_coke_lovers (20)
diet_coke_lovers checks
UDF1 bets 2499
diet_coke_lovers folds
UDF1 awarded 20
diet_coke_lovers awarded -20

Round #599, diet_coke_lovers (33673), UDF1 (-33673)
diet_coke_lovers posts blind: 10
UDF1 posts blind: 20
diet_coke_lovers received [6s Ac]
UDF1 received [9c 2s]
diet_coke_lovers folds
diet_coke_lovers awarded -10
UDF1 awarded 10

Round #600, UDF1 (-33663), diet_coke_lovers (33663)
UDF1 posts blind: 10
diet_coke_lovers posts blind: 20
UDF1 received [Qs Qd]
diet_coke_lovers received [2d Kd]
UDF1 raises to 4663
diet_coke_lovers folds
UDF1 awarded 20
diet_coke_lovers awarded -20

Round #601, diet_coke_lovers (33643), UDF1 (-33643)
diet_coke_lovers posts blind: 10
UDF1 posts blind: 20
diet_coke_lovers received [8s Jc]
UDF1 received [Ts 5d]
diet_coke_lovers folds
diet_coke_lovers awarded -10
UDF1 awarded 10

Round #602, UDF1 (-33633), diet_coke_lovers (33633)
UDF1 posts blind: 10
diet_coke_lovers posts blind: 20
UDF1 received [6d 2h]
diet_coke_lovers received [Ad 5s]
UDF1 folds
UDF1 awarded -10
diet_coke_lovers awarded 10

Round #603, diet_coke_lovers (33643), UDF1 (-33643)
diet_coke_lovers posts blind: 10
UDF1 posts blind: 20
diet_coke_lovers received [9d Kh]
UDF1 received [4s 6s]
diet_coke_lovers folds
diet_coke_lovers awarded -10
UDF1 awarded 10

Round #604, UDF1 (-33633), diet_coke_lovers (33633)
UDF1 posts blind: 10
diet_coke_lovers posts blind: 20
UDF1 received [6h 6s]
diet_coke_lovers received [Ts 9d]
UDF1 raises to 2636
diet_coke_lovers folds
UDF1 awarded 20
diet_coke_lovers awarded -20

Round #605, diet_coke_lovers (33613), UDF1 (-33613)
diet_coke_lovers posts blind: 10
UDF1 posts blind: 20
diet_coke_lovers received [Ad 8d]
UDF1 received [8s Js]
diet_coke_lovers folds
diet_coke_lovers awarded -10
UDF1 awarded 10

Round #606, UDF1 (-33603), diet_coke_lovers (33603)
UDF1 posts blind: 10
diet_coke_lovers posts blind: 20
UDF1 received [3s Jh]
diet_coke_lovers received [8h 5c]
UDF1 folds
UDF1 awarded -10
diet_coke_lovers awarded 10

Round #607, diet_coke_lovers (33613), UDF1 (-33613)
diet_coke_lovers posts blind: 10
UDF1 posts blind: 20
diet_coke_lovers received [8d Jc]
UDF1 received [3s Ah]
diet_coke_lovers folds
diet_coke_lovers awarded -10
UDF1 awarded 10

Round #608, UDF1 (-33603), diet_coke_lovers (33603)
UDF1 posts blind: 10
diet_coke_lovers posts blind: 20
UDF1 received [7s 8d]
diet_coke_lovers received [Kc 7c]
UDF1 raises to 2070
diet_coke_lovers folds
UDF1 awarded 20
diet_coke_lovers awarded -20

Round #609, diet_coke_lovers (33583), UDF1 (-33583)
diet_coke_lovers posts blind: 10
UDF1 posts blind: 20
diet_coke_lovers received [Tc Kh]
UDF1 received [9c As]
diet_coke_lovers folds
diet_coke_lovers awarded -10
UDF1 awarded 10

Round #610, UDF1 (-33573), diet_coke_lovers (33573)
UDF1 posts blind: 10
diet_coke_lovers posts blind: 20
UDF1 received [9h 9d]
diet_coke_lovers received [7h 4h]
UDF1 raises to 3989
diet_coke_lovers folds
UDF1 awarded 20
diet_coke_lovers awarded -20

Round #611, diet_coke_lovers (33553), UDF1 (-33553)
diet_coke_lovers posts blind: 10
UDF1 posts blind: 20
diet_coke_lovers received [4c 5c]
UDF1 received [Tc 3h]
diet_coke_lovers folds
diet_coke_lovers awarded -10
UDF1 awarded 10

Round #612, UDF1 (-33543), diet_coke_lovers (33543)
UDF1 posts blind: 10
diet_coke_lovers posts blind: 20
UDF1 received [Ac 3h]
diet_coke_lovers received [Qc 7d]
UDF1 calls
diet_coke_lovers checks
Flop [Kc 4c 9h], UDF1 (20), diet_coke_lovers (20)
diet_coke_lovers bids 0
UDF1 bids 12
UDF1 won the auction and was revealed [Qc]
Flop [Kc 4c 9h], UDF1 (20), diet_coke_lovers (20)
diet_coke_lovers checks
UDF1 bets 3007
diet_coke_lovers folds
UDF1 awarded 20
diet_coke_lovers awarded -20

Round #613, diet_coke_lovers (33523), UDF1 (-33523)
diet_coke_lovers posts blind: 10
UDF1 posts blind: 20
diet_coke_lovers received [6c 5d]
UDF1 received [3d 7s]
diet_coke_lovers folds
diet_coke_lovers awarded -10
UDF1 awarded 10

Round #614, UDF1 (-33513), diet_coke_lovers (33513)
UDF1 posts blind: 10
diet_coke_lovers posts blind: 20
UDF1 received [3s 6d]
diet_coke_lovers received [5s Th]
UDF1 folds
UDF1 awarded -10
diet_coke_lovers awarded 10

Round #615, diet_coke_lovers (33523), UDF1 (-33523)
diet_coke_lovers posts blind: 10
UDF1 posts blind: 20
diet_coke_lovers received [Qc 5d]
UDF1 received [2c Ac]
diet_coke_lovers folds
diet_coke_lovers awarded -10
UDF1 awarded 10

Round #616, UDF1 (-33513), diet_coke_lovers (33513)
UDF1 posts blind: 10
diet_coke_lovers posts blind: 20
UDF1 received [Qs 6h]
diet_coke_lovers received [8d 4c]
UDF1 raises to 1734
diet_coke_lovers folds
UDF1 awarded 20
diet_coke_lovers awarded -20

Round #617, diet_coke_lovers (33493), UDF1 (-33493)
diet_coke_lovers posts blind: 10
UDF1 posts blind: 20
diet_coke_lovers received [Kd Qh]
UDF1 received [2s Js]
diet_coke_lovers folds
diet_coke_lovers awarded -10
UDF1 awarded 10

Round #618, UDF1 (-33483), diet_coke_lovers (33483)
UDF1 posts blind: 10
diet_coke_lovers posts blind: 20
UDF1 received [5c Jc]
diet_coke_lovers received [8d Ts]
UDF1 raises to 1912
diet_coke_lovers folds
UDF1 awarded 20
diet_coke_lovers awarded -20

Round #619, diet_coke_lovers (33463), UDF1 (-33463)
diet_coke_lovers posts blind: 10
UDF1 posts blind: 20
diet_coke_lovers received [9d 2s]
UDF1 received [6c 8d]
diet_coke_lovers folds
diet_coke_lovers awarded -10
UDF1 awarded 10

Round #620, UDF1 (-33453), diet_coke_lovers (33453)
UDF1 posts blind: 10
diet_coke_lovers posts blind: 20
UDF1 received [7c Kc]
diet_coke_lovers received [5h 9c]
UDF1 folds
UDF1 awarded -10
diet_coke_lovers awarded 10

Round #621, diet_coke_lovers (33463), UDF1 (-33463)
diet_coke_lovers posts blind: 10
UDF1 posts blind: 20
diet_coke_lovers received [2d 4d]
UDF1 received [6d 6h]
diet_coke_lovers folds
diet_coke_lovers awarded -10
UDF1 awarded 10

Round #622, UDF1 (-33453), diet_coke_lovers (33453)
UDF1 posts blind: 10
diet_coke_lovers posts blind: 20
UDF1 received [5h Td]
diet_coke_lovers received [As 4h]
UDF1 folds
UDF1 awarded -10
diet_coke_lovers awarded 10

Round #623, diet_coke_lovers (33463), UDF1 (-33463)
diet_coke_lovers posts blind: 10
UDF1 posts blind: 20
diet_coke_lovers received [7d Ks]
UDF1 received [Th 3d]
diet_coke_lovers folds
diet_coke_lovers awarded -10
UDF1 awarded 10

Round #624, UDF1 (-33453), diet_coke_lovers (33453)
UDF1 posts blind: 10
diet_coke_lovers posts blind: 20
UDF1 received [6c 7h]
diet_coke_lovers received [Kh Qh]
UDF1 calls
diet_coke_lovers checks
Flop [4c 8h Ad], UDF1 (20), diet_coke_lovers (20)
diet_coke_lovers bids 747
UDF1 bids 10
diet_coke_lovers won the auction and was revealed [6c]
Flop [4c 8h Ad], UDF1 (20), diet_coke_lovers (30)
diet_coke_lovers checks
UDF1 bets 2634
diet_coke_lovers folds
UDF1 awarded 30
diet_coke_lovers awarded -30

Round #625, diet_coke_lovers (33423), UDF1 (-33423)
diet_coke_lovers posts blind: 10
UDF1 posts blind: 20
diet_coke_lovers received [Kd 6d]
UDF1 received [2c 8c]
diet_coke_lovers folds
diet_coke_lovers awarded -10
UDF1 awarded 10

Round #626, UDF1 (-33413), diet_coke_lovers (33413)
UDF1 posts blind: 10
diet_coke_lovers posts blind: 20
UDF1 received [7d 9c]
diet_coke_lovers received [3h Jd]
UDF1 calls
diet_coke_lovers checks
Flop [2d Js Td], UDF1 (20), diet_coke_lovers (20)
diet_coke_lovers bids 0
UDF1 bids 15
UDF1 won the auction and was revealed [Jd]
Flop [2d Js Td], UDF1 (20), diet_coke_lovers (20)
diet_coke_lovers checks
UDF1 bets 2267
diet_coke_lovers folds
UDF1 awarded 20
diet_coke_lovers awarded -20

Round #627, diet_coke_lovers (33393), UDF1 (-33393)
diet_coke_lovers posts blind: 10
UDF1 posts blind: 20
diet_coke_lovers received [Qd 7h]
UDF1 received [2c Ac]
diet_coke_lovers folds
diet_coke_lovers awarded -10
UDF1 awarded 10

Round #628, UDF1 (-33383), diet_coke_lovers (33383)
UDF1 posts blind: 10
diet_coke_lovers posts blind: 20
UDF1 received [4s 7c]
diet_coke_lovers received [8s Kd]
UDF1 calls
diet_coke_lovers checks
Flop [6c 3h Kh], UDF1 (20), diet_coke_lovers (20)
diet_coke_lovers bids 747
UDF1 bids 17
diet_coke_lovers won the auction and was revealed [7c]
Flop [6c 3h Kh], UDF1 (20), diet_coke_lovers (37)
diet_coke_lovers checks
UDF1 bets 2636
diet_coke_lovers folds
UDF1 awarded 37
diet_coke_lovers awarded -37

Round #629, diet_coke_lovers (33346), UDF1 (-33346)
diet_coke_lovers posts blind: 10
UDF1 posts blind: 20
diet_coke_lovers received [9s 3s]
UDF1 received [Js 3d]
diet_coke_lovers folds
diet_coke_lovers awarded -10
UDF1 awarded 10

Round #630, UDF1 (-33336), diet_coke_lovers (33336)
UDF1 posts blind: 10
diet_coke_lovers posts blind: 20
UDF1 received [Kh 6c]
diet_coke_lovers received [2c 7d]
UDF1 raises to 1976
diet_coke_lovers folds
UDF1 awarded 20
diet_coke_lovers awarded -20

Round #631, diet_coke_lovers (33316), UDF1 (-33316)
diet_coke_lovers posts blind: 10
UDF1 posts blind: 20
diet_coke_lovers received [Qs 6s]
UDF1 received [Jd Ts]
diet_coke_lovers folds
diet_coke_lovers awarded -10
UDF1 awarded 10

Round #632, UDF1 (-33306), diet_coke_lovers (33306)
UDF1 posts blind: 10
diet_coke_lovers posts blind: 20
UDF1 received [3c Ah]
diet_coke_lovers received [4h 5h]
UDF1 folds
UDF1 awarded -10
diet_coke_lovers awarded 10

Round #633, diet_coke_lovers (33316), UDF1 (-33316)
diet_coke_lovers posts blind: 10
UDF1 posts blind: 20
diet_coke_lovers received [6s 9h]
UDF1 received [8h Tc]
diet_coke_lovers folds
diet_coke_lovers awarded -10
UDF1 awarded 10

Round #634, UDF1 (-33306), diet_coke_lovers (33306)
UDF1 posts blind: 10
diet_coke_lovers posts blind: 20
UDF1 received [3s 5c]
diet_coke_lovers received [9c 9h]
UDF1 folds
UDF1 awarded -10
diet_coke_lovers awarded 10

Round #635, diet_coke_lovers (33316), UDF1 (-33316)
diet_coke_lovers posts blind: 10
UDF1 posts blind: 20
diet_coke_lovers received [8h 8s]
UDF1 received [Kh 4s]
diet_coke_lovers calls
UDF1 checks
Flop [Th Qc 6s], diet_coke_lovers (20), UDF1 (20)
UDF1 bids 11
diet_coke_lovers bids 0
UDF1 won the auction and was revealed [8h]
Flop [Th Qc 6s], diet_coke_lovers (20), UDF1 (20)
UDF1 bets 2671
diet_coke_lovers calls
Turn [Th Qc 6s 6d], diet_coke_lovers (2691), UDF1 (2691)
UDF1 bets 1060
diet_coke_lovers calls
River [Th Qc 6s 6d 4c], diet_coke_lovers (3751), UDF1 (3751)
UDF1 bets 802
diet_coke_lovers calls
diet_coke_lovers shows [8h 8s]
UDF1 shows [Kh 4s]
diet_coke_lovers awarded 4553
UDF1 awarded -4553

Round #636, UDF1 (-37869), diet_coke_lovers (37869)
UDF1 posts blind: 10
diet_coke_lovers posts blind: 20
UDF1 received [Qh 6c]
diet_coke_lovers received [4c 5h]
UDF1 raises to 2028
diet_coke_lovers folds
UDF1 awarded 20
diet_coke_lovers awarded -20

Round #637, diet_coke_lovers (37849), UDF1 (-37849)
diet_coke_lovers posts blind: 10
UDF1 posts blind: 20
diet_coke_lovers received [5s 2d]
UDF1 received [7c 3s]
diet_coke_lovers folds
diet_coke_lovers awarded -10
UDF1 awarded 10

Round #638, UDF1 (-37839), diet_coke_lovers (37839)
UDF1 posts blind: 10
diet_coke_lovers posts blind: 20
UDF1 received [4h Th]
diet_coke_lovers received [3h 6d]
UDF1 folds
UDF1 awarded -10
diet_coke_lovers awarded 10

Round #639, diet_coke_lovers (37849), UDF1 (-37849)
diet_coke_lovers posts blind: 10
UDF1 posts blind: 20
diet_coke_lovers received [8c 3s]
UDF1 received [5c As]
diet_coke_lovers folds
diet_coke_lovers awarded -10
UDF1 awarded 10

Round #640, UDF1 (-37839), diet_coke_lovers (37839)
UDF1 posts blind: 10
diet_coke_lovers posts blind: 20
UDF1 received [Kc 5d]
diet_coke_lovers received [6c Qs]
UDF1 folds
UDF1 awarded -10
diet_coke_lovers awarded 10

Round #641, diet_coke_lovers (37849), UDF1 (-37849)
diet_coke_lovers posts blind: 10
UDF1 posts blind: 20
diet_coke_lovers received [Th Qs]
UDF1 received [7h 4c]
diet_coke_lovers folds
diet_coke_lovers awarded -10
UDF1 awarded 10

Round #642, UDF1 (-37839), diet_coke_lovers (37839)
UDF1 posts blind: 10
diet_coke_lovers posts blind: 20
UDF1 received [5s 9d]
diet_coke_lovers received [Ks Js]
UDF1 calls
diet_coke_lovers checks
Flop [Jd Tc 8h], UDF1 (20), diet_coke_lovers (20)
diet_coke_lovers bids 747
UDF1 bids 11
diet_coke_lovers won the auction and was revealed [5s]
Flop [Jd Tc 8h], UDF1 (20), diet_coke_lovers (31)
diet_coke_lovers checks
UDF1 bets 2610
diet_coke_lovers folds
UDF1 awarded 31
diet_coke_lovers awarded -31

Round #643, diet_coke_lovers (37808), UDF1 (-37808)
diet_coke_lovers posts blind: 10
UDF1 posts blind: 20
diet_coke_lovers received [Qc Th]
UDF1 received [9d 3c]
diet_coke_lovers folds
diet_coke_lovers awarded -10
UDF1 awarded 10

Round #644, UDF1 (-37798), diet_coke_lovers (37798)
UDF1 posts blind: 10
diet_coke_lovers posts blind: 20
UDF1 received [7s 4d]
diet_coke_lovers received [3d 6c]
UDF1 calls
diet_coke_lovers checks
Flop [5h Jd Jc], UDF1 (20), diet_coke_lovers (20)
diet_coke_lovers bids 0
UDF1 bids 15
UDF1 won the auction and was revealed [3d]
Flop [5h Jd Jc], UDF1 (20), diet_coke_lovers (20)
diet_coke_lovers checks
UDF1 bets 2761
diet_coke_lovers folds
UDF1 awarded 20
diet_coke_lovers awarded -20

Round #645, diet_coke_lovers (37778), UDF1 (-37778)
diet_coke_lovers posts blind: 10
UDF1 posts blind: 20
diet_coke_lovers received [4c 9d]
UDF1 received [6d Kh]
diet_coke_lovers folds
diet_coke_lovers awarded -10
UDF1 awarded 10

Round #646, UDF1 (-37768), diet_coke_lovers (37768)
UDF1 posts blind: 10
diet_coke_lovers posts blind: 20
UDF1 received [Jc Qh]
diet_coke_lovers received [8c 7c]
UDF1 raises to 2466
diet_coke_lovers folds
UDF1 awarded 20
diet_coke_lovers awarded -20

Round #647, diet_coke_lovers (37748), UDF1 (-37748)
diet_coke_lovers posts blind: 10
UDF1 posts blind: 20
diet_coke_lovers received [Qs 5c]
UDF1 received [Kh Td]
diet_coke_lovers folds
diet_coke_lovers awarded -10
UDF1 awarded 10

Round #648, UDF1 (-37738), diet_coke_lovers (37738)
UDF1 posts blind: 10
diet_coke_lovers posts blind: 20
UDF1 received [Js Ad]
diet_coke_lovers received [Ac 2h]
UDF1 calls
diet_coke_lovers checks
Flop [9s 6d 6c], UDF1 (20), diet_coke_lovers (20)
diet_coke_lovers bids 747
UDF1 bids 10
diet_coke_lovers won the auction and was revealed [Js]
Flop [9s 6d 6c], UDF1 (20), diet_coke_lovers (30)
diet_coke_lovers checks
UDF1 bets 2928
diet_coke_lovers folds
UDF1 awarded 30
diet_coke_lovers awarded -30

Round #649, diet_coke_lovers (37708), UDF1 (-37708)
diet_coke_lovers posts blind: 10
UDF1 posts blind: 20
diet_coke_lovers received [2c As]
UDF1 received [7h 9c]
diet_coke_lovers folds
diet_coke_lovers awarded -10
UDF1 awarded 10

Round #650, UDF1 (-37698), diet_coke_lovers (37698)
UDF1 posts blind: 10
diet_coke_lovers posts blind: 20
UDF1 received [2h 3h]
diet_coke_lovers received [Tc 6c]
UDF1 folds
UDF1 awarded -10
diet_coke_lovers awarded 10

Round #651, diet_coke_lovers (37708), UDF1 (-37708)
diet_coke_lovers posts blind: 10
UDF1 posts blind: 20
diet_coke_lovers received [Ah Kh]
UDF1 received [5s 8c]
diet_coke_lovers folds
diet_coke_lovers awarded -10
UDF1 awarded 10

Round #652, UDF1 (-37698), diet_coke_lovers (37698)
UDF1 posts blind: 10
diet_coke_lovers posts blind: 20
UDF1 received [Js 4d]
diet_coke_lovers received [Td 8h]
UDF1 raises to 1584
diet_coke_lovers folds
UDF1 awarded 20
diet_coke_lovers awarded -20

Round #653, diet_coke_lovers (37678), UDF1 (-37678)
diet_coke_lovers posts blind: 10
UDF1 posts blind: 20
diet_coke_lovers received [Ac 6c]
UDF1 received [Ts 6s]
diet_coke_lovers folds
diet_coke_lovers awarded -10
UDF1 awarded 10

Round #654, UDF1 (-37668), diet_coke_lovers (37668)
UDF1 posts blind: 10
diet_coke_lovers posts blind: 20
UDF1 received [Kd Kh]
diet_coke_lovers received [Ad 8s]
UDF1 raises to 4491
diet_coke_lovers folds
UDF1 awarded 20
diet_coke_lovers awarded -20

Round #655, diet_coke_lovers (37648), UDF1 (-37648)
diet_coke_lovers posts blind: 10
UDF1 posts blind: 20
diet_coke_lovers received [7d 5s]
UDF1 received [6c 2s]
diet_coke_lovers folds
diet_coke_lovers awarded -10
UDF1 awarded 10

Round #656, UDF1 (-37638), diet_coke_lovers (37638)
UDF1 posts blind: 10
diet_coke_lovers posts blind: 20
UDF1 received [Jd Js]
diet_coke_lovers received [8s 2d]
UDF1 raises to 4610
diet_coke_lovers folds
UDF1 awarded 20
diet_coke_lovers awarded -20

Round #657, diet_coke_lovers (37618), UDF1 (-37618)
diet_coke_lovers posts blind: 10
UDF1 posts blind: 20
diet_coke_lovers received [3c 7h]
UDF1 received [Td Kh]
diet_coke_lovers folds
diet_coke_lovers awarded -10
UDF1 awarded 10

Round #658, UDF1 (-37608), diet_coke_lovers (37608)
UDF1 posts blind: 10
diet_coke_lovers posts blind: 20
UDF1 received [Qc Ks]
diet_coke_lovers received [Qh 3h]
UDF1 raises to 3926
diet_coke_lovers folds
UDF1 awarded 20
diet_coke_lovers awarded -20

Round #659, diet_coke_lovers (37588), UDF1 (-37588)
diet_coke_lovers posts blind: 10
UDF1 posts blind: 20
diet_coke_lovers received [Jd Jc]
UDF1 received [2h 3d]
diet_coke_lovers calls
UDF1 checks
Flop [6c 6d Kh], diet_coke_lovers (20), UDF1 (20)
UDF1 bids 7
diet_coke_lovers bids 1743
diet_coke_lovers won the auction and was revealed [2h]
Flop [6c 6d Kh], diet_coke_lovers (27), UDF1 (20)
UDF1 bets 2220
diet_coke_lovers calls
Turn [6c 6d Kh Ac], diet_coke_lovers (2247), UDF1 (2240)
UDF1 bets 1233
diet_coke_lovers calls
River [6c 6d Kh Ac Ks], diet_coke_lovers (3480), UDF1 (3473)
UDF1 bets 738
diet_coke_lovers calls
diet_coke_lovers shows [Jd Jc]
UDF1 shows [2h 3d]
diet_coke_lovers awarded 4211
UDF1 awarded -4211

Round #660, UDF1 (-41799), diet_coke_lovers (41799)
UDF1 posts blind: 10
diet_coke_lovers posts blind: 20
UDF1 received [9c Th]
diet_coke_lovers received [Js 8s]
UDF1 folds
UDF1 awarded -10
diet_coke_lovers awarded 10

Round #661, diet_coke_lovers (41809), UDF1 (-41809)
diet_coke_lovers posts blind: 10
UDF1 posts blind: 20
diet_coke_lovers received [7c As]
UDF1 received [Ah Tc]
diet_coke_lovers folds
diet_coke_lovers awarded -10
UDF1 awarded 10

Round #662, UDF1 (-41799), diet_coke_lovers (41799)
UDF1 posts blind: 10
diet_coke_lovers posts blind: 20
UDF1 received [Ks 8c]
diet_coke_lovers received [Js Ah]
UDF1 calls
diet_coke_lovers checks
Flop [2d Kd Td], UDF1 (20), diet_coke_lovers (20)
diet_coke_lovers bids 747
UDF1 bids 11
diet_coke_lovers won the auction and was revealed [Ks]
Flop [2d Kd Td], UDF1 (20), diet_coke_lovers (31)
diet_coke_lovers checks
UDF1 bets 3210
diet_coke_lovers folds
UDF1 awarded 31
diet_coke_lovers awarded -31

Round #663, diet_coke_lovers (41768), UDF1 (-41768)
diet_coke_lovers posts blind: 10
UDF1 posts blind: 20
diet_coke_lovers received [Qh 5s]
UDF1 received [8s Tc]
diet_coke_lovers folds
diet_coke_lovers awarded -10
UDF1 awarded 10

Round #664, UDF1 (-41758), diet_coke_lovers (41758)
UDF1 posts blind: 10
diet_coke_lovers posts blind: 20
UDF1 received [8d Jc]
diet_coke_lovers received [5h 7s]
UDF1 folds
UDF1 awarded -10
diet_coke_lovers awarded 10

Round #665, diet_coke_lovers (41768), UDF1 (-41768)
diet_coke_lovers posts blind: 10
UDF1 posts blind: 20
diet_coke_lovers received [8c Ts]
UDF1 received [7d Ad]
diet_coke_lovers folds
diet_coke_lovers awarded -10
UDF1 awarded 10

Round #666, UDF1 (-41758), diet_coke_lovers (41758)
UDF1 posts blind: 10
diet_coke_lovers posts blind: 20
UDF1 received [7d 9s]
diet_coke_lovers received [3s 4c]
UDF1 calls
diet_coke_lovers checks
Flop [8h 4d 7c], UDF1 (20), diet_coke_lovers (20)
diet_coke_lovers bids 0
UDF1 bids 13
UDF1 won the auction and was revealed [3s]
Flop [8h 4d 7c], UDF1 (20), diet_coke_lovers (20)
diet_coke_lovers checks
UDF1 bets 3319
diet_coke_lovers folds
UDF1 awarded 20
diet_coke_lovers awarded -20

Round #667, diet_coke_lovers (41738), UDF1 (-41738)
diet_coke_lovers posts blind: 10
UDF1 posts blind: 20
diet_coke_lovers received [4h Kc]
UDF1 received [3c 8d]
diet_coke_lovers folds
diet_coke_lovers awarded -10
UDF1 awarded 10

Round #668, UDF1 (-41728), diet_coke_lovers (41728)
UDF1 posts blind: 10
diet_coke_lovers posts blind: 20
UDF1 received [8c Jc]
diet_coke_lovers received [4c 7c]
UDF1 calls
diet_coke_lovers checks
Flop [7s 5s Qh], UDF1 (20), diet_coke_lovers (20)
diet_coke_lovers bids 0
UDF1 bids 15
UDF1 won the auction and was revealed [4c]
Flop [7s 5s Qh], UDF1 (20), diet_coke_lovers (20)
diet_coke_lovers checks
UDF1 bets 2869
diet_coke_lovers folds
UDF1 awarded 20
diet_coke_lovers awarded -20

Round #669, diet_coke_lovers (41708), UDF1 (-41708)
diet_coke_lovers posts blind: 10
UDF1 posts blind: 20
diet_coke_lovers received [8s Ah]
UDF1 received [6s 6h]
diet_coke_lovers folds
diet_coke_lovers awarded -10
UDF1 awarded 10

Round #670, UDF1 (-41698), diet_coke_lovers (41698)
UDF1 posts blind: 10
diet_coke_lovers posts blind: 20
UDF1 received [Jh Qs]
diet_coke_lovers received [Kh 2c]
UDF1 raises to 2327
diet_coke_lovers folds
UDF1 awarded 20
diet_coke_lovers awarded -20

Round #671, diet_coke_lovers (41678), UDF1 (-41678)
diet_coke_lovers posts blind: 10
UDF1 posts blind: 20
diet_coke_lovers received [Ks 4s]
UDF1 received [Kd 8s]
diet_coke_lovers folds
diet_coke_lovers awarded -10
UDF1 awarded 10

Round #672, UDF1 (-41668), diet_coke_lovers (41668)
UDF1 posts blind: 10
diet_coke_lovers posts blind: 20
UDF1 received [Td 6h]
diet_coke_lovers received [8d 6d]
UDF1 calls
diet_coke_lovers checks
Flop [Qd Kc Th], UDF1 (20), diet_coke_lovers (20)
diet_coke_lovers bids 0
UDF1 bids 18
UDF1 won the auction and was revealed [8d]
Flop [Qd Kc Th], UDF1 (20), diet_coke_lovers (20)
diet_coke_lovers checks
UDF1 bets 2896
diet_coke_lovers folds
UDF1 awarded 20
diet_coke_lovers awarded -20

Round #673, diet_coke_lovers (41648), UDF1 (-41648)
diet_coke_lovers posts blind: 10
UDF1 posts blind: 20
diet_coke_lovers received [4h Qs]
UDF1 received [6d 7h]
diet_coke_lovers folds
diet_coke_lovers awarded -10
UDF1 awarded 10

Round #674, UDF1 (-41638), diet_coke_lovers (41638)
UDF1 posts blind: 10
diet_coke_lovers posts blind: 20
UDF1 received [5d 8h]
diet_coke_lovers received [2d Qd]
UDF1 folds
UDF1 awarded -10
diet_coke_lovers awarded 10

Round #675, diet_coke_lovers (41648), UDF1 (-41648)
diet_coke_lovers posts blind: 10
UDF1 posts blind: 20
diet_coke_lovers received [Ts 4s]
UDF1 received [6d 7c]
diet_coke_lovers folds
diet_coke_lovers awarded -10
UDF1 awarded 10

Round #676, UDF1 (-41638), diet_coke_lovers (41638)
UDF1 posts blind: 10
diet_coke_lovers posts blind: 20
UDF1 received [Ts Th]
diet_coke_lovers received [Kc 4d]
UDF1 raises to 4047
diet_coke_lovers folds
UDF1 awarded 20
diet_coke_lovers awarded -20

Round #677, diet_coke_lovers (41618), UDF1 (-41618)
diet_coke_lovers posts blind: 10
UDF1 posts blind: 20
diet_coke_lovers received [6s 8d]
UDF1 received [Qc Jd]
diet_coke_lovers folds
diet_coke_lovers awarded -10
UDF1 awarded 10

Round #678, UDF1 (-41608), diet_coke_lovers (41608)
UDF1 posts blind: 10
diet_coke_lovers posts blind: 20
UDF1 received [Qs 6h]
diet_coke_lovers received [Kh 6d]
UDF1 calls
diet_coke_lovers checks
Flop [4c 5h Ad], UDF1 (20), diet_coke_lovers (20)
diet_coke_lovers bids 747
UDF1 bids 9
diet_coke_lovers won the auction and was revealed [6h]
Flop [4c 5h Ad], UDF1 (20), diet_coke_lovers (29)
diet_coke_lovers checks
UDF1 bets 2491
diet_coke_lovers folds
UDF1 awarded 29
diet_coke_lovers awarded -29

Round #679, diet_coke_lovers (41579), UDF1 (-41579)
diet_coke_lovers posts blind: 10
UDF1 posts blind: 20
diet_coke_lovers received [Tc 5c]
UDF1 received [7s 3h]
diet_coke_lovers folds
diet_coke_lovers awarded -10
UDF1 awarded 10

Round #680, UDF1 (-41569), diet_coke_lovers (41569)
UDF1 posts blind: 10
diet_coke_lovers posts blind: 20
UDF1 received [Td Jd]
diet_coke_lovers received [7s 4d]
UDF1 calls
diet_coke_lovers checks
Flop [Jh 2s 7h], UDF1 (20), diet_coke_lovers (20)
diet_coke_lovers bids 0
UDF1 bids 16
UDF1 won the auction and was revealed [4d]
Flop [Jh 2s 7h], UDF1 (20), diet_coke_lovers (20)
diet_coke_lovers checks
UDF1 bets 3242
diet_coke_lovers folds
UDF1 awarded 20
diet_coke_lovers awarded -20

Round #681, diet_coke_lovers (41549), UDF1 (-41549)
diet_coke_lovers posts blind: 10
UDF1 posts blind: 20
diet_coke_lovers received [5c Ah]
UDF1 received [Ad 8c]
diet_coke_lovers folds
diet_coke_lovers awarded -10
UDF1 awarded 10

Round #682, UDF1 (-41539), diet_coke_lovers (41539)
UDF1 posts blind: 10
diet_coke_lovers posts blind: 20
UDF1 received [5s 7c]
diet_coke_lovers received [Qd 8h]
UDF1 calls
diet_coke_lovers checks
Flop [3h 7h Kd], UDF1 (20), diet_coke_lovers (20)
diet_coke_lovers bids 0
UDF1 bids 7
UDF1 won the auction and was revealed [8h]
Flop [3h 7h Kd], UDF1 (20), diet_coke_lovers (20)
diet_coke_lovers checks
UDF1 bets 3170
diet_coke_lovers folds
UDF1 awarded 20
diet_coke_lovers awarded -20

Round #683, diet_coke_lovers (41519), UDF1 (-41519)
diet_coke_lovers posts blind: 10
UDF1 posts blind: 20
diet_coke_lovers received [Jh Qc]
UDF1 received [8d Th]
diet_coke_lovers folds
diet_coke_lovers awarded -10
UDF1 awarded 10

Round #684, UDF1 (-41509), diet_coke_lovers (41509)
UDF1 posts blind: 10
diet_coke_lovers posts blind: 20
UDF1 received [6d Ts]
diet_coke_lovers received [Kh Qh]
UDF1 folds
UDF1 awarded -10
diet_coke_lovers awarded 10

Round #685, diet_coke_lovers (41519), UDF1 (-41519)
diet_coke_lovers posts blind: 10
UDF1 posts blind: 20
diet_coke_lovers received [Kc 8c]
UDF1 received [5c 5h]
diet_coke_lovers folds
diet_coke_lovers awarded -10
UDF1 awarded 10

Round #686, UDF1 (-41509), diet_coke_lovers (41509)
UDF1 posts blind: 10
diet_coke_lovers posts blind: 20
UDF1 received [9s Jc]
diet_coke_lovers received [8h 3h]
UDF1 calls
diet_coke_lovers checks
Flop [8c 7d 6d], UDF1 (20), diet_coke_lovers (20)
diet_coke_lovers bids 0
UDF1 bids 9
UDF1 won the auction and was revealed [3h]
Flop [8c 7d 6d], UDF1 (20), diet_coke_lovers (20)
diet_coke_lovers checks
UDF1 bets 3085
diet_coke_lovers folds
UDF1 awarded 20
diet_coke_lovers awarded -20

Round #687, diet_coke_lovers (41489), UDF1 (-41489)
diet_coke_lovers posts blind: 10
UDF1 posts blind: 20
diet_coke_lovers received [Kh Js]
UDF1 received [Td 8d]
diet_coke_lovers folds
diet_coke_lovers awarded -10
UDF1 awarded 10

Round #688, UDF1 (-41479), diet_coke_lovers (41479)
UDF1 posts blind: 10
diet_coke_lovers posts blind: 20
UDF1 received [3d 7d]
diet_coke_lovers received [Kh 8d]
UDF1 raises to 1977
diet_coke_lovers folds
UDF1 awarded 20
diet_coke_lovers awarded -20

Round #689, diet_coke_lovers (41459), UDF1 (-41459)
diet_coke_lovers posts blind: 10
UDF1 posts blind: 20
diet_coke_lovers received [6s Ad]
UDF1 received [Qs 5h]
diet_coke_lovers folds
diet_coke_lovers awarded -10
UDF1 awarded 10

Round #690, UDF1 (-41449), diet_coke_lovers (41449)
UDF1 posts blind: 10
diet_coke_lovers posts blind: 20
UDF1 received [Qs Kh]
diet_coke_lovers received [4d Ks]
UDF1 raises to 4122
diet_coke_lovers folds
UDF1 awarded 20
diet_coke_lovers awarded -20

Round #691, diet_coke_lovers (41429), UDF1 (-41429)
diet_coke_lovers posts blind: 10
UDF1 posts blind: 20
diet_coke_lovers received [Jc 6h]
UDF1 received [8d Qs]
diet_coke_lovers folds
diet_coke_lovers awarded -10
UDF1 awarded 10

Round #692, UDF1 (-41419), diet_coke_lovers (41419)
UDF1 posts blind: 10
diet_coke_lovers posts blind: 20
UDF1 received [3h 8c]
diet_coke_lovers received [Qh Ah]
UDF1 raises to 1603
diet_coke_lovers folds
UDF1 awarded 20
diet_coke_lovers awarded -20

Round #693, diet_coke_lovers (41399), UDF1 (-41399)
diet_coke_lovers posts blind: 10
UDF1 posts blind: 20
diet_coke_lovers received [7d Qc]
UDF1 received [4d 7s]
diet_coke_lovers folds
diet_coke_lovers awarded -10
UDF1 awarded 10

Round #694, UDF1 (-41389), diet_coke_lovers (41389)
UDF1 posts blind: 10
diet_coke_lovers posts blind: 20
UDF1 received [7c 4d]
diet_coke_lovers received [6h Jh]
UDF1 calls
diet_coke_lovers checks
Flop [Kd Tc 6c], UDF1 (20), diet_coke_lovers (20)
diet_coke_lovers bids 0
UDF1 bids 5
UDF1 won the auction and was revealed [Jh]
Flop [Kd Tc 6c], UDF1 (20), diet_coke_lovers (20)
diet_coke_lovers checks
UDF1 bets 2467
diet_coke_lovers folds
UDF1 awarded 20
diet_coke_lovers awarded -20

Round #695, diet_coke_lovers (41369), UDF1 (-41369)
diet_coke_lovers posts blind: 10
UDF1 posts blind: 20
diet_coke_lovers received [5h Qc]
UDF1 received [Ts 6c]
diet_coke_lovers folds
diet_coke_lovers awarded -10
UDF1 awarded 10

Round #696, UDF1 (-41359), diet_coke_lovers (41359)
UDF1 posts blind: 10
diet_coke_lovers posts blind: 20
UDF1 received [Js 2d]
diet_coke_lovers received [5s Qs]
UDF1 folds
UDF1 awarded -10
diet_coke_lovers awarded 10

Round #697, diet_coke_lovers (41369), UDF1 (-41369)
diet_coke_lovers posts blind: 10
UDF1 posts blind: 20
diet_coke_lovers received [Kh Qd]
UDF1 received [Jc Kc]
diet_coke_lovers folds
diet_coke_lovers awarded -10
UDF1 awarded 10

Round #698, UDF1 (-41359), diet_coke_lovers (41359)
UDF1 posts blind: 10
diet_coke_lovers posts blind: 20
UDF1 received [5s 3s]
diet_coke_lovers received [8h 5c]
UDF1 folds
UDF1 awarded -10
diet_coke_lovers awarded 10

Round #699, diet_coke_lovers (41369), UDF1 (-41369)
diet_coke_lovers posts blind: 10
UDF1 posts blind: 20
diet_coke_lovers received [Ah 3d]
UDF1 received [4s 4h]
diet_coke_lovers folds
diet_coke_lovers awarded -10
UDF1 awarded 10

Round #700, UDF1 (-41359), diet_coke_lovers (41359)
UDF1 posts blind: 10
diet_coke_lovers posts blind: 20
UDF1 received [Th 9d]
diet_coke_lovers received [9h Kd]
UDF1 raises to 1751
diet_coke_lovers folds
UDF1 awarded 20
diet_coke_lovers awarded -20

Round #701, diet_coke_lovers (41339), UDF1 (-41339)
diet_coke_lovers posts blind: 10
UDF1 posts blind: 20
diet_coke_lovers received [2s 6s]
UDF1 received [As 5h]
diet_coke_lovers folds
diet_coke_lovers awarded -10
UDF1 awarded 10

Round #702, UDF1 (-41329), diet_coke_lovers (41329)
UDF1 posts blind: 10
diet_coke_lovers posts blind: 20
UDF1 received [4h Jc]
diet_coke_lovers received [4s 4d]
UDF1 calls
diet_coke_lovers checks
Flop [9h Js 7d], UDF1 (20), diet_coke_lovers (20)
diet_coke_lovers bids 0
UDF1 bids 16
UDF1 won the auction and was revealed [4d]
Flop [9h Js 7d], UDF1 (20), diet_coke_lovers (20)
diet_coke_lovers checks
UDF1 bets 3373
diet_coke_lovers calls
Turn [9h Js 7d As], UDF1 (3393), diet_coke_lovers (3393)
diet_coke_lovers bets 20
UDF1 raises to 1096
diet_coke_lovers calls
River [9h Js 7d As 7c], UDF1 (4489), diet_coke_lovers (4489)
diet_coke_lovers checks
UDF1 bets 338
diet_coke_lovers calls
UDF1 shows [4h Jc]
diet_coke_lovers shows [4s 4d]
UDF1 awarded 4827
diet_coke_lovers awarded -4827

Round #703, diet_coke_lovers (36502), UDF1 (-36502)
diet_coke_lovers posts blind: 10
UDF1 posts blind: 20
diet_coke_lovers received [8s 3c]
UDF1 received [Jc 9s]
diet_coke_lovers folds
diet_coke_lovers awarded -10
UDF1 awarded 10

Round #704, UDF1 (-36492), diet_coke_lovers (36492)
UDF1 posts blind: 10
diet_coke_lovers posts blind: 20
UDF1 received [3c As]
diet_coke_lovers received [Th 5h]
UDF1 raises to 1869
diet_coke_lovers folds
UDF1 awarded 20
diet_coke_lovers awarded -20

Round #705, diet_coke_lovers (36472), UDF1 (-36472)
diet_coke_lovers posts blind: 10
UDF1 posts blind: 20
diet_coke_lovers received [Kh 2s]
UDF1 received [6d Kd]
diet_coke_lovers folds
diet_coke_lovers awarded -10
UDF1 awarded 10

Round #706, UDF1 (-36462), diet_coke_lovers (36462)
UDF1 posts blind: 10
diet_coke_lovers posts blind: 20
UDF1 received [3c 5c]
diet_coke_lovers received [8h 9c]
UDF1 folds
UDF1 awarded -10
diet_coke_lovers awarded 10

Round #707, diet_coke_lovers (36472), UDF1 (-36472)
diet_coke_lovers posts blind: 10
UDF1 posts blind: 20
diet_coke_lovers received [8h Tc]
UDF1 received [Td 2c]
diet_coke_lovers folds
diet_coke_lovers awarded -10
UDF1 awarded 10

Round #708, UDF1 (-36462), diet_coke_lovers (36462)
UDF1 posts blind: 10
diet_coke_lovers posts blind: 20
UDF1 received [2c Jh]
diet_coke_lovers received [Tc Kh]
UDF1 folds
UDF1 awarded -10
diet_coke_lovers awarded 10

Round #709, diet_coke_lovers (36472), UDF1 (-36472)
diet_coke_lovers posts blind: 10
UDF1 posts blind: 20
diet_coke_lovers received [3c Jd]
UDF1 received [7c Jh]
diet_coke_lovers folds
diet_coke_lovers awarded -10
UDF1 awarded 10

Round #710, UDF1 (-36462), diet_coke_lovers (36462)
UDF1 posts blind: 10
diet_coke_lovers posts blind: 20
UDF1 received [2s 6h]
diet_coke_lovers received [2h 9d]
UDF1 calls
diet_coke_lovers checks
Flop [5c 3c Ts], UDF1 (20), diet_coke_lovers (20)
diet_coke_lovers bids 0
UDF1 bids 3
UDF1 won the auction and was revealed [2h]
Flop [5c 3c Ts], UDF1 (20), diet_coke_lovers (20)
diet_coke_lovers checks
UDF1 bets 2441
diet_coke_lovers folds
UDF1 awarded 20
diet_coke_lovers awarded -20

Round #711, diet_coke_lovers (36442), UDF1 (-36442)
diet_coke_lovers posts blind: 10
UDF1 posts blind: 20
diet_coke_lovers received [3c Th]
UDF1 received [7s Qd]
diet_coke_lovers folds
diet_coke_lovers awarded -10
UDF1 awarded 10

Round #712, UDF1 (-36432), diet_coke_lovers (36432)
UDF1 posts blind: 10
diet_coke_lovers posts blind: 20
UDF1 received [7c 9d]
diet_coke_lovers received [Qs 5h]
UDF1 calls
diet_coke_lovers checks
Flop [9c 2s 9h], UDF1 (20), diet_coke_lovers (20)
diet_coke_lovers bids 0
UDF1 bids 7
UDF1 won the auction and was revealed [Qs]
Flop [9c 2s 9h], UDF1 (20), diet_coke_lovers (20)
diet_coke_lovers checks
UDF1 bets 3331
diet_coke_lovers folds
UDF1 awarded 20
diet_coke_lovers awarded -20

Round #713, diet_coke_lovers (36412), UDF1 (-36412)
diet_coke_lovers posts blind: 10
UDF1 posts blind: 20
diet_coke_lovers received [Qh 4s]
UDF1 received [Tc 3h]
diet_coke_lovers folds
diet_coke_lovers awarded -10
UDF1 awarded 10

Round #714, UDF1 (-36402), diet_coke_lovers (36402)
UDF1 posts blind: 10
diet_coke_lovers posts blind: 20
UDF1 received [6d Ah]
diet_coke_lovers received [8s Th]
UDF1 folds
UDF1 awarded -10
diet_coke_lovers awarded 10

Round #715, diet_coke_lovers (36412), UDF1 (-36412)
diet_coke_lovers posts blind: 10
UDF1 posts blind: 20
diet_coke_lovers received [Kd 3d]
UDF1 received [9h Ah]
diet_coke_lovers folds
diet_coke_lovers awarded -10
UDF1 awarded 10

Round #716, UDF1 (-36402), diet_coke_lovers (36402)
UDF1 posts blind: 10
diet_coke_lovers posts blind: 20
UDF1 received [Ah 5c]
diet_coke_lovers received [Qd Ad]
UDF1 calls
diet_coke_lovers checks
Flop [2s 2d 8c], UDF1 (20), diet_coke_lovers (20)
diet_coke_lovers bids 747
UDF1 bids 12
diet_coke_lovers won the auction and was revealed [Ah]
Flop [2s 2d 8c], UDF1 (20), diet_coke_lovers (32)
diet_coke_lovers checks
UDF1 bets 2758
diet_coke_lovers folds
UDF1 awarded 32
diet_coke_lovers awarded -32

Round #717, diet_coke_lovers (36370), UDF1 (-36370)
diet_coke_lovers posts blind: 10
UDF1 posts blind: 20
diet_coke_lovers received [Qh 9c]
UDF1 received [Ah 4s]
diet_coke_lovers folds
diet_coke_lovers awarded -10
UDF1 awarded 10

Round #718, UDF1 (-36360), diet_coke_lovers (36360)
UDF1 posts blind: 10
diet_coke_lovers posts blind: 20
UDF1 received [7c 3d]
diet_coke_lovers received [2c 4s]
UDF1 calls
diet_coke_lovers checks
Flop [Td Kh 7s], UDF1 (20), diet_coke_lovers (20)
diet_coke_lovers bids 0
UDF1 bids 6
UDF1 won the auction and was revealed [4s]
Flop [Td Kh 7s], UDF1 (20), diet_coke_lovers (20)
diet_coke_lovers checks
UDF1 bets 3342
diet_coke_lovers folds
UDF1 awarded 20
diet_coke_lovers awarded -20

Round #719, diet_coke_lovers (36340), UDF1 (-36340)
diet_coke_lovers posts blind: 10
UDF1 posts blind: 20
diet_coke_lovers received [5h Js]
UDF1 received [6d Td]
diet_coke_lovers folds
diet_coke_lovers awarded -10
UDF1 awarded 10

Round #720, UDF1 (-36330), diet_coke_lovers (36330)
UDF1 posts blind: 10
diet_coke_lovers posts blind: 20
UDF1 received [8h 6h]
diet_coke_lovers received [Kc Jh]
UDF1 folds
UDF1 awarded -10
diet_coke_lovers awarded 10

Round #721, diet_coke_lovers (36340), UDF1 (-36340)
diet_coke_lovers posts blind: 10
UDF1 posts blind: 20
diet_coke_lovers received [8s Kd]
UDF1 received [Ts 3d]
diet_coke_lovers folds
diet_coke_lovers awarded -10
UDF1 awarded 10

Round #722, UDF1 (-36330), diet_coke_lovers (36330)
UDF1 posts blind: 10
diet_coke_lovers posts blind: 20
UDF1 received [5c 6h]
diet_coke_lovers received [9c 2h]
UDF1 calls
diet_coke_lovers checks
Flop [4c 7h Kd], UDF1 (20), diet_coke_lovers (20)
diet_coke_lovers bids 0
UDF1 bids 19
UDF1 won the auction and was revealed [9c]
Flop [4c 7h Kd], UDF1 (20), diet_coke_lovers (20)
diet_coke_lovers checks
UDF1 bets 2889
diet_coke_lovers folds
UDF1 awarded 20
diet_coke_lovers awarded -20

Round #723, diet_coke_lovers (36310), UDF1 (-36310)
diet_coke_lovers posts blind: 10
UDF1 posts blind: 20
diet_coke_lovers received [Qc Jh]
UDF1 received [2d As]
diet_coke_lovers folds
diet_coke_lovers awarded -10
UDF1 awarded 10

Round #724, UDF1 (-36300), diet_coke_lovers (36300)
UDF1 posts blind: 10
diet_coke_lovers posts blind: 20
UDF1 received [8s Jc]
diet_coke_lovers received [4h 9h]
UDF1 calls
diet_coke_lovers checks
Flop [5s Ah 2c], UDF1 (20), diet_coke_lovers (20)
diet_coke_lovers bids 0
UDF1 bids 16
UDF1 won the auction and was revealed [4h]
Flop [5s Ah 2c], UDF1 (20), diet_coke_lovers (20)
diet_coke_lovers checks
UDF1 bets 2902
diet_coke_lovers folds
UDF1 awarded 20
diet_coke_lovers awarded -20

Round #725, diet_coke_lovers (36280), UDF1 (-36280)
diet_coke_lovers posts blind: 10
UDF1 posts blind: 20
diet_coke_lovers received [6h 2c]
UDF1 received [Jd Tc]
diet_coke_lovers folds
diet_coke_lovers awarded -10
UDF1 awarded 10

Round #726, UDF1 (-36270), diet_coke_lovers (36270)
UDF1 posts blind: 10
diet_coke_lovers posts blind: 20
UDF1 received [6d Kc]
diet_coke_lovers received [5c 2d]
UDF1 folds
UDF1 awarded -10
diet_coke_lovers awarded 10

Round #727, diet_coke_lovers (36280), UDF1 (-36280)
diet_coke_lovers posts blind: 10
UDF1 posts blind: 20
diet_coke_lovers received [2c 6h]
UDF1 received [7c 2h]
diet_coke_lovers folds
diet_coke_lovers awarded -10
UDF1 awarded 10

Round #728, UDF1 (-36270), diet_coke_lovers (36270)
UDF1 posts blind: 10
diet_coke_lovers posts blind: 20
UDF1 received [5h Jc]
diet_coke_lovers received [6c 4d]
UDF1 raises to 1651
diet_coke_lovers folds
UDF1 awarded 20
diet_coke_lovers awarded -20

Round #729, diet_coke_lovers (36250), UDF1 (-36250)
diet_coke_lovers posts blind: 10
UDF1 posts blind: 20
diet_coke_lovers received [As 5d]
UDF1 received [2c 5s]
diet_coke_lovers folds
diet_coke_lovers awarded -10
UDF1 awarded 10

Round #730, UDF1 (-36240), diet_coke_lovers (36240)
UDF1 posts blind: 10
diet_coke_lovers posts blind: 20
UDF1 received [Qd 5c]
diet_coke_lovers received [2h 4s]
UDF1 folds
UDF1 awarded -10
diet_coke_lovers awarded 10

Round #731, diet_coke_lovers (36250), UDF1 (-36250)
diet_coke_lovers posts blind: 10
UDF1 posts blind: 20
diet_coke_lovers received [6c 8h]
UDF1 received [Kd 9c]
diet_coke_lovers folds
diet_coke_lovers awarded -10
UDF1 awarded 10

Round #732, UDF1 (-36240), diet_coke_lovers (36240)
UDF1 posts blind: 10
diet_coke_lovers posts blind: 20
UDF1 received [Kc 8s]
diet_coke_lovers received [2c Kh]
UDF1 calls
diet_coke_lovers checks
Flop [Tc Qc Ks], UDF1 (20), diet_coke_lovers (20)
diet_coke_lovers bids 747
UDF1 bids 15
diet_coke_lovers won the auction and was revealed [Kc]
Flop [Tc Qc Ks], UDF1 (20), diet_coke_lovers (35)
diet_coke_lovers checks
UDF1 bets 3346
diet_coke_lovers folds
UDF1 awarded 35
diet_coke_lovers awarded -35

Round #733, diet_coke_lovers (36205), UDF1 (-36205)
diet_coke_lovers posts blind: 10
UDF1 posts blind: 20
diet_coke_lovers received [8s 6d]
UDF1 received [3c 7c]
diet_coke_lovers folds
diet_coke_lovers awarded -10
UDF1 awarded 10

Round #734, UDF1 (-36195), diet_coke_lovers (36195)
UDF1 posts blind: 10
diet_coke_lovers posts blind: 20
UDF1 received [Kc Ks]
diet_coke_lovers received [2c Ad]
UDF1 raises to 4581
diet_coke_lovers folds
UDF1 awarded 20
diet_coke_lovers awarded -20

Round #735, diet_coke_lovers (36175), UDF1 (-36175)
diet_coke_lovers posts blind: 10
UDF1 posts blind: 20
diet_coke_lovers received [8c As]
UDF1 received [Js 2s]
diet_coke_lovers folds
diet_coke_lovers awarded -10
UDF1 awarded 10

Round #736, UDF1 (-36165), diet_coke_lovers (36165)
UDF1 posts blind: 10
diet_coke_lovers posts blind: 20
UDF1 received [Js 6c]
diet_coke_lovers received [Tc 9c]
UDF1 calls
diet_coke_lovers checks
Flop [Qc 5d 7c], UDF1 (20), diet_coke_lovers (20)
diet_coke_lovers bids 0
UDF1 bids 13
UDF1 won the auction and was revealed [Tc]
Flop [Qc 5d 7c], UDF1 (20), diet_coke_lovers (20)
diet_coke_lovers checks
UDF1 bets 2878
diet_coke_lovers folds
UDF1 awarded 20
diet_coke_lovers awarded -20

Round #737, diet_coke_lovers (36145), UDF1 (-36145)
diet_coke_lovers posts blind: 10
UDF1 posts blind: 20
diet_coke_lovers received [9c 2s]
UDF1 received [5d 3h]
diet_coke_lovers folds
diet_coke_lovers awarded -10
UDF1 awarded 10

Round #738, UDF1 (-36135), diet_coke_lovers (36135)
UDF1 posts blind: 10
diet_coke_lovers posts blind: 20
UDF1 received [2c 7h]
diet_coke_lovers received [6d Jc]
UDF1 calls
diet_coke_lovers checks
Flop [Qd Ts 8h], UDF1 (20), diet_coke_lovers (20)
diet_coke_lovers bids 0
UDF1 bids 0
UDF1 won the auction and was revealed [Jc]
diet_coke_lovers won the auction and was revealed [2c]
Flop [Qd Ts 8h], UDF1 (20), diet_coke_lovers (20)
diet_coke_lovers checks
UDF1 bets 2479
diet_coke_lovers folds
UDF1 awarded 20
diet_coke_lovers awarded -20

Round #739, diet_coke_lovers (36115), UDF1 (-36115)
diet_coke_lovers posts blind: 10
UDF1 posts blind: 20
diet_coke_lovers received [2c 4h]
UDF1 received [3s 5d]
diet_coke_lovers folds
diet_coke_lovers awarded -10
UDF1 awarded 10

Round #740, UDF1 (-36105), diet_coke_lovers (36105)
UDF1 posts blind: 10
diet_coke_lovers posts blind: 20
UDF1 received [Jd Th]
diet_coke_lovers received [Tc Qd]
UDF1 calls
diet_coke_lovers checks
Flop [7d 8c 3c], UDF1 (20), diet_coke_lovers (20)
diet_coke_lovers bids 0
UDF1 bids 8
UDF1 won the auction and was revealed [Tc]
Flop [7d 8c 3c], UDF1 (20), diet_coke_lovers (20)
diet_coke_lovers checks
UDF1 bets 2677
diet_coke_lovers folds
UDF1 awarded 20
diet_coke_lovers awarded -20

Round #741, diet_coke_lovers (36085), UDF1 (-36085)
diet_coke_lovers posts blind: 10
UDF1 posts blind: 20
diet_coke_lovers received [8s 3s]
UDF1 received [Qc Js]
diet_coke_lovers folds
diet_coke_lovers awarded -10
UDF1 awarded 10

Round #742, UDF1 (-36075), diet_coke_lovers (36075)
UDF1 posts blind: 10
diet_coke_lovers posts blind: 20
UDF1 received [Ad 3s]
diet_coke_lovers received [3c 7c]
UDF1 calls
diet_coke_lovers checks
Flop [5h 4d 2s], UDF1 (20), diet_coke_lovers (20)
diet_coke_lovers bids 0
UDF1 bids 6
UDF1 won the auction and was revealed [3c]
Flop [5h 4d 2s], UDF1 (20), diet_coke_lovers (20)
diet_coke_lovers checks
UDF1 bets 2869
diet_coke_lovers folds
UDF1 awarded 20
diet_coke_lovers awarded -20

Round #743, diet_coke_lovers (36055), UDF1 (-36055)
diet_coke_lovers posts blind: 10
UDF1 posts blind: 20
diet_coke_lovers received [8d 6d]
UDF1 received [5h As]
diet_coke_lovers folds
diet_coke_lovers awarded -10
UDF1 awarded 10

Round #744, UDF1 (-36045), diet_coke_lovers (36045)
UDF1 posts blind: 10
diet_coke_lovers posts blind: 20
UDF1 received [Kc 2c]
diet_coke_lovers received [8h 8s]
UDF1 calls
diet_coke_lovers checks
Flop [5c 5d 7s], UDF1 (20), diet_coke_lovers (20)
diet_coke_lovers bids 0
UDF1 bids 13
UDF1 won the auction and was revealed [8h]
Flop [5c 5d 7s], UDF1 (20), diet_coke_lovers (20)
diet_coke_lovers checks
UDF1 bets 2535
diet_coke_lovers calls
Turn [5c 5d 7s As], UDF1 (2555), diet_coke_lovers (2555)
diet_coke_lovers checks
UDF1 bets 1321
diet_coke_lovers calls
River [5c 5d 7s As 6c], UDF1 (3876), diet_coke_lovers (3876)
diet_coke_lovers checks
UDF1 bets 585
diet_coke_lovers calls
UDF1 shows [Kc 2c]
diet_coke_lovers shows [8h 8s]
UDF1 awarded -4461
diet_coke_lovers awarded 4461

Round #745, diet_coke_lovers (40506), UDF1 (-40506)
diet_coke_lovers posts blind: 10
UDF1 posts blind: 20
diet_coke_lovers received [7d 5s]
UDF1 received [Qs 2h]
diet_coke_lovers folds
diet_coke_lovers awarded -10
UDF1 awarded 10

Round #746, UDF1 (-40496), diet_coke_lovers (40496)
UDF1 posts blind: 10
diet_coke_lovers posts blind: 20
UDF1 received [3c 5d]
diet_coke_lovers received [8s 9h]
UDF1 raises to 1941
diet_coke_lovers folds
UDF1 awarded 20
diet_coke_lovers awarded -20

Round #747, diet_coke_lovers (40476), UDF1 (-40476)
diet_coke_lovers posts blind: 10
UDF1 posts blind: 20
diet_coke_lovers received [As Js]
UDF1 received [Ad Ah]
diet_coke_lovers folds
diet_coke_lovers awarded -10
UDF1 awarded 10

Round #748, UDF1 (-40466), diet_coke_lovers (40466)
UDF1 posts blind: 10
diet_coke_lovers posts blind: 20
UDF1 received [5h 9d]
diet_coke_lovers received [Ts 6d]
UDF1 folds
UDF1 awarded -10
diet_coke_lovers awarded 10

Round #749, diet_coke_lovers (40476), UDF1 (-40476)
diet_coke_lovers posts blind: 10
UDF1 posts blind: 20
diet_coke_lovers received [Td Jh]
UDF1 received [9s 8c]
diet_coke_lovers folds
diet_coke_lovers awarded -10
UDF1 awarded 10

Round #750, UDF1 (-40466), diet_coke_lovers (40466)
UDF1 posts blind: 10
diet_coke_lovers posts blind: 20
UDF1 received [3h 6s]
diet_coke_lovers received [4s 9s]
UDF1 folds
UDF1 awarded -10
diet_coke_lovers awarded 10

Round #751, diet_coke_lovers (40476), UDF1 (-40476)
diet_coke_lovers posts blind: 10
UDF1 posts blind: 20
diet_coke_lovers received [5s Ts]
UDF1 received [Th 3d]
diet_coke_lovers folds
diet_coke_lovers awarded -10
UDF1 awarded 10

Round #752, UDF1 (-40466), diet_coke_lovers (40466)
UDF1 posts blind: 10
diet_coke_lovers posts blind: 20
UDF1 received [9d 3h]
diet_coke_lovers received [Kc 5s]
UDF1 folds
UDF1 awarded -10
diet_coke_lovers awarded 10

Round #753, diet_coke_lovers (40476), UDF1 (-40476)
diet_coke_lovers posts blind: 10
UDF1 posts blind: 20
diet_coke_lovers received [6h Td]
UDF1 received [Qs 7d]
diet_coke_lovers folds
diet_coke_lovers awarded -10
UDF1 awarded 10

Round #754, UDF1 (-40466), diet_coke_lovers (40466)
UDF1 posts blind: 10
diet_coke_lovers posts blind: 20
UDF1 received [Jh 9c]
diet_coke_lovers received [7s Ts]
UDF1 raises to 1860
diet_coke_lovers folds
UDF1 awarded 20
diet_coke_lovers awarded -20

Round #755, diet_coke_lovers (40446), UDF1 (-40446)
diet_coke_lovers posts blind: 10
UDF1 posts blind: 20
diet_coke_lovers received [Jc Jd]
UDF1 received [Ad Kd]
diet_coke_lovers calls
UDF1 raises to 4789
diet_coke_lovers calls
Flop [Js Qc Tc], diet_coke_lovers (4789), UDF1 (4789)
UDF1 bids 37
diet_coke_lovers bids 73
diet_coke_lovers won the auction and was revealed [Ad]
Flop [Js Qc Tc], diet_coke_lovers (4826), UDF1 (4789)
UDF1 bets 122
diet_coke_lovers calls
Turn [Js Qc Tc As], diet_coke_lovers (4948), UDF1 (4911)
UDF1 bets 39
diet_coke_lovers calls
River [Js Qc Tc As Qd], diet_coke_lovers (4987), UDF1 (4950)
UDF1 bets 13
diet_coke_lovers calls
diet_coke_lovers shows [Jc Jd]
UDF1 shows [Ad Kd]
diet_coke_lovers awarded 4963
UDF1 awarded -4963

Round #756, UDF1 (-45409), diet_coke_lovers (45409)
UDF1 posts blind: 10
diet_coke_lovers posts blind: 20
UDF1 received [4h Jh]
diet_coke_lovers received [2h 6s]
UDF1 folds
UDF1 awarded -10
diet_coke_lovers awarded 10

Round #757, diet_coke_lovers (45419), UDF1 (-45419)
diet_coke_lovers posts blind: 10
UDF1 posts blind: 20
diet_coke_lovers received [Ad 5c]
UDF1 received [Jc Ts]
diet_coke_lovers folds
diet_coke_lovers awarded -10
UDF1 awarded 10

Round #758, UDF1 (-45409), diet_coke_lovers (45409)
UDF1 posts blind: 10
diet_coke_lovers posts blind: 20
UDF1 received [7s 5d]
diet_coke_lovers received [2s 3c]
UDF1 folds
UDF1 awarded -10
diet_coke_lovers awarded 10

Round #759, diet_coke_lovers (45419), UDF1 (-45419)
diet_coke_lovers posts blind: 10
UDF1 posts blind: 20
diet_coke_lovers received [4s Ah]
UDF1 received [2c Tc]
diet_coke_lovers folds
diet_coke_lovers awarded -10
UDF1 awarded 10

Round #760, UDF1 (-45409), diet_coke_lovers (45409)
UDF1 posts blind: 10
diet_coke_lovers posts blind: 20
UDF1 received [Ah 6d]
diet_coke_lovers received [As 7s]
UDF1 folds
UDF1 awarded -10
diet_coke_lovers awarded 10

Round #761, diet_coke_lovers (45419), UDF1 (-45419)
diet_coke_lovers posts blind: 10
UDF1 posts blind: 20
diet_coke_lovers received [4c Qs]
UDF1 received [6s 3h]
diet_coke_lovers folds
diet_coke_lovers awarded -10
UDF1 awarded 10

Round #762, UDF1 (-45409), diet_coke_lovers (45409)
UDF1 posts blind: 10
diet_coke_lovers posts blind: 20
UDF1 received [Jd 9d]
diet_coke_lovers received [Ac Kh]
UDF1 raises to 1810
diet_coke_lovers folds
UDF1 awarded 20
diet_coke_lovers awarded -20

Round #763, diet_coke_lovers (45389), UDF1 (-45389)
diet_coke_lovers posts blind: 10
UDF1 posts blind: 20
diet_coke_lovers received [Jc Ks]
UDF1 received [7d Qh]
diet_coke_lovers folds
diet_coke_lovers awarded -10
UDF1 awarded 10

Round #764, UDF1 (-45379), diet_coke_lovers (45379)
UDF1 posts blind: 10
diet_coke_lovers posts blind: 20
UDF1 received [6h 2s]
diet_coke_lovers received [Tc 9s]
UDF1 folds
UDF1 awarded -10
diet_coke_lovers awarded 10

Round #765, diet_coke_lovers (45389), UDF1 (-45389)
diet_coke_lovers posts blind: 10
UDF1 posts blind: 20
diet_coke_lovers received [Qd 6h]
UDF1 received [2d 4s]
diet_coke_lovers folds
diet_coke_lovers awarded -10
UDF1 awarded 10

Round #766, UDF1 (-45379), diet_coke_lovers (45379)
UDF1 posts blind: 10
diet_coke_lovers posts blind: 20
UDF1 received [2c 2d]
diet_coke_lovers received [6c Kd]
UDF1 calls
diet_coke_lovers checks
Flop [3d 9h 7h], UDF1 (20), diet_coke_lovers (20)
diet_coke_lovers bids 747
UDF1 bids 13
diet_coke_lovers won the auction and was revealed [2d]
Flop [3d 9h 7h], UDF1 (20), diet_coke_lovers (33)
diet_coke_lovers checks
UDF1 bets 3070
diet_coke_lovers folds
UDF1 awarded 33
diet_coke_lovers awarded -33

Round #767, diet_coke_lovers (45346), UDF1 (-45346)
diet_coke_lovers posts blind: 10
UDF1 posts blind: 20
diet_coke_lovers received [5h Ah]
UDF1 received [7c 5c]
diet_coke_lovers folds
diet_coke_lovers awarded -10
UDF1 awarded 10

Round #768, UDF1 (-45336), diet_coke_lovers (45336)
UDF1 posts blind: 10
diet_coke_lovers posts blind: 20
UDF1 received [Ts 4s]
diet_coke_lovers received [6h 8h]
UDF1 folds
UDF1 awarded -10
diet_coke_lovers awarded 10

Round #769, diet_coke_lovers (45346), UDF1 (-45346)
diet_coke_lovers posts blind: 10
UDF1 posts blind: 20
diet_coke_lovers received [5d 2d]
UDF1 received [Kd Qh]
diet_coke_lovers folds
diet_coke_lovers awarded -10
UDF1 awarded 10

Round #770, UDF1 (-45336), diet_coke_lovers (45336)
UDF1 posts blind: 10
diet_coke_lovers posts blind: 20
UDF1 received [Js Ks]
diet_coke_lovers received [2s 3s]
UDF1 raises to 4088
diet_coke_lovers folds
UDF1 awarded 20
diet_coke_lovers awarded -20

Round #771, diet_coke_lovers (45316), UDF1 (-45316)
diet_coke_lovers posts blind: 10
UDF1 posts blind: 20
diet_coke_lovers received [7d Js]
UDF1 received [9h 7h]
diet_coke_lovers folds
diet_coke_lovers awarded -10
UDF1 awarded 10

Round #772, UDF1 (-45306), diet_coke_lovers (45306)
UDF1 posts blind: 10
diet_coke_lovers posts blind: 20
UDF1 received [8h Jd]
diet_coke_lovers received [Tc 2c]
UDF1 folds
UDF1 awarded -10
diet_coke_lovers awarded 10

Round #773, diet_coke_lovers (45316), UDF1 (-45316)
diet_coke_lovers posts blind: 10
UDF1 posts blind: 20
diet_coke_lovers received [Jh Ad]
UDF1 received [As Qh]
diet_coke_lovers folds
diet_coke_lovers awarded -10
UDF1 awarded 10

Round #774, UDF1 (-45306), diet_coke_lovers (45306)
UDF1 posts blind: 10
diet_coke_lovers posts blind: 20
UDF1 received [6h 5h]
diet_coke_lovers received [Jh 5s]
UDF1 calls
diet_coke_lovers checks
Flop [3d Kc 5d], UDF1 (20), diet_coke_lovers (20)
diet_coke_lovers bids 0
UDF1 bids 9
UDF1 won the auction and was revealed [5s]
Flop [3d Kc 5d], UDF1 (20), diet_coke_lovers (20)
diet_coke_lovers checks
UDF1 bets 2433
diet_coke_lovers folds
UDF1 awarded 20
diet_coke_lovers awarded -20

Round #775, diet_coke_lovers (45286), UDF1 (-45286)
diet_coke_lovers posts blind: 10
UDF1 posts blind: 20
diet_coke_lovers received [7h 2h]
UDF1 received [5h 5d]
diet_coke_lovers folds
diet_coke_lovers awarded -10
UDF1 awarded 10

Round #776, UDF1 (-45276), diet_coke_lovers (45276)
UDF1 posts blind: 10
diet_coke_lovers posts blind: 20
UDF1 received [Qs Ah]
diet_coke_lovers received [6s 3s]
UDF1 raises to 3941
diet_coke_lovers folds
UDF1 awarded 20
diet_coke_lovers awarded -20

Round #777, diet_coke_lovers (45256), UDF1 (-45256)
diet_coke_lovers posts blind: 10
UDF1 posts blind: 20
diet_coke_lovers received [Qh Kc]
UDF1 received [5c Tc]
diet_coke_lovers folds
diet_coke_lovers awarded -10
UDF1 awarded 10

Round #778, UDF1 (-45246), diet_coke_lovers (45246)
UDF1 posts blind: 10
diet_coke_lovers posts blind: 20
UDF1 received [6d 6s]
diet_coke_lovers received [8h 7s]
UDF1 raises to 2656
diet_coke_lovers folds
UDF1 awarded 20
diet_coke_lovers awarded -20

Round #779, diet_coke_lovers (45226), UDF1 (-45226)
diet_coke_lovers posts blind: 10
UDF1 posts blind: 20
diet_coke_lovers received [Js 6c]
UDF1 received [4s 7s]
diet_coke_lovers folds
diet_coke_lovers awarded -10
UDF1 awarded 10

Round #780, UDF1 (-45216), diet_coke_lovers (45216)
UDF1 posts blind: 10
diet_coke_lovers posts blind: 20
UDF1 received [3c Ac]
diet_coke_lovers received [9s 2d]
UDF1 folds
UDF1 awarded -10
diet_coke_lovers awarded 10

Round #781, diet_coke_lovers (45226), UDF1 (-45226)
diet_coke_lovers posts blind: 10
UDF1 posts blind: 20
diet_coke_lovers received [7s 5s]
UDF1 received [Qc 4c]
diet_coke_lovers folds
diet_coke_lovers awarded -10
UDF1 awarded 10

Round #782, UDF1 (-45216), diet_coke_lovers (45216)
UDF1 posts blind: 10
diet_coke_lovers posts blind: 20
UDF1 received [7s 3d]
diet_coke_lovers received [7c Ah]
UDF1 calls
diet_coke_lovers checks
Flop [6c Kd Js], UDF1 (20), diet_coke_lovers (20)
diet_coke_lovers bids 747
UDF1 bids 10
diet_coke_lovers won the auction and was revealed [3d]
Flop [6c Kd Js], UDF1 (20), diet_coke_lovers (30)
diet_coke_lovers checks
UDF1 bets 2520
diet_coke_lovers folds
UDF1 awarded 30
diet_coke_lovers awarded -30

Round #783, diet_coke_lovers (45186), UDF1 (-45186)
diet_coke_lovers posts blind: 10
UDF1 posts blind: 20
diet_coke_lovers received [7h Qc]
UDF1 received [Js 6h]
diet_coke_lovers folds
diet_coke_lovers awarded -10
UDF1 awarded 10

Round #784, UDF1 (-45176), diet_coke_lovers (45176)
UDF1 posts blind: 10
diet_coke_lovers posts blind: 20
UDF1 received [6c Jd]
diet_coke_lovers received [Qc 9s]
UDF1 calls
diet_coke_lovers checks
Flop [Tc Qh Jh], UDF1 (20), diet_coke_lovers (20)
diet_coke_lovers bids 0
UDF1 bids 16
UDF1 won the auction and was revealed [Qc]
Flop [Tc Qh Jh], UDF1 (20), diet_coke_lovers (20)
diet_coke_lovers checks
UDF1 bets 2281
diet_coke_lovers folds
UDF1 awarded 20
diet_coke_lovers awarded -20

Round #785, diet_coke_lovers (45156), UDF1 (-45156)
diet_coke_lovers posts blind: 10
UDF1 posts blind: 20
diet_coke_lovers received [2d Ac]
UDF1 received [2s 8d]
diet_coke_lovers folds
diet_coke_lovers awarded -10
UDF1 awarded 10

Round #786, UDF1 (-45146), diet_coke_lovers (45146)
UDF1 posts blind: 10
diet_coke_lovers posts blind: 20
UDF1 received [2s Kh]
diet_coke_lovers received [3s 2d]
UDF1 raises to 1603
diet_coke_lovers folds
UDF1 awarded 20
diet_coke_lovers awarded -20

Round #787, diet_coke_lovers (45126), UDF1 (-45126)
diet_coke_lovers posts blind: 10
UDF1 posts blind: 20
diet_coke_lovers received [4d 5s]
UDF1 received [Kh 5c]
diet_coke_lovers folds
diet_coke_lovers awarded -10
UDF1 awarded 10

Round #788, UDF1 (-45116), diet_coke_lovers (45116)
UDF1 posts blind: 10
diet_coke_lovers posts blind: 20
UDF1 received [Ad 9c]
diet_coke_lovers received [Kd Th]
UDF1 calls
diet_coke_lovers checks
Flop [Kc 2s 5d], UDF1 (20), diet_coke_lovers (20)
diet_coke_lovers bids 747
UDF1 bids 0
diet_coke_lovers won the auction and was revealed [Ad]
Flop [Kc 2s 5d], UDF1 (20), diet_coke_lovers (20)
diet_coke_lovers checks
UDF1 bets 2997
diet_coke_lovers folds
UDF1 awarded 20
diet_coke_lovers awarded -20

Round #789, diet_coke_lovers (45096), UDF1 (-45096)
diet_coke_lovers posts blind: 10
UDF1 posts blind: 20
diet_coke_lovers received [Js 8d]
UDF1 received [Ts Ks]
diet_coke_lovers folds
diet_coke_lovers awarded -10
UDF1 awarded 10

Round #790, UDF1 (-45086), diet_coke_lovers (45086)
UDF1 posts blind: 10
diet_coke_lovers posts blind: 20
UDF1 received [8s 4d]
diet_coke_lovers received [2c 8h]
UDF1 calls
diet_coke_lovers checks
Flop [9c 7c Qs], UDF1 (20), diet_coke_lovers (20)
diet_coke_lovers bids 0
UDF1 bids 2
UDF1 won the auction and was revealed [2c]
Flop [9c 7c Qs], UDF1 (20), diet_coke_lovers (20)
diet_coke_lovers checks
UDF1 bets 2826
diet_coke_lovers folds
UDF1 awarded 20
diet_coke_lovers awarded -20

Round #791, diet_coke_lovers (45066), UDF1 (-45066)
diet_coke_lovers posts blind: 10
UDF1 posts blind: 20
diet_coke_lovers received [Qc Ts]
UDF1 received [Qs 2d]
diet_coke_lovers folds
diet_coke_lovers awarded -10
UDF1 awarded 10

Round #792, UDF1 (-45056), diet_coke_lovers (45056)
UDF1 posts blind: 10
diet_coke_lovers posts blind: 20
UDF1 received [Td 9c]
diet_coke_lovers received [2s 8d]
UDF1 folds
UDF1 awarded -10
diet_coke_lovers awarded 10

Round #793, diet_coke_lovers (45066), UDF1 (-45066)
diet_coke_lovers posts blind: 10
UDF1 posts blind: 20
diet_coke_lovers received [Ad 2c]
UDF1 received [4c 8c]
diet_coke_lovers folds
diet_coke_lovers awarded -10
UDF1 awarded 10

Round #794, UDF1 (-45056), diet_coke_lovers (45056)
UDF1 posts blind: 10
diet_coke_lovers posts blind: 20
UDF1 received [3h Ks]
diet_coke_lovers received [4d Jc]
UDF1 folds
UDF1 awarded -10
diet_coke_lovers awarded 10

Round #795, diet_coke_lovers (45066), UDF1 (-45066)
diet_coke_lovers posts blind: 10
UDF1 posts blind: 20
diet_coke_lovers received [3s 4h]
UDF1 received [Td 4s]
diet_coke_lovers folds
diet_coke_lovers awarded -10
UDF1 awarded 10

Round #796, UDF1 (-45056), diet_coke_lovers (45056)
UDF1 posts blind: 10
diet_coke_lovers posts blind: 20
UDF1 received [9h 5d]
diet_coke_lovers received [Ks 4h]
UDF1 raises to 1587
diet_coke_lovers folds
UDF1 awarded 20
diet_coke_lovers awarded -20

Round #797, diet_coke_lovers (45036), UDF1 (-45036)
diet_coke_lovers posts blind: 10
UDF1 posts blind: 20
diet_coke_lovers received [Jd 3c]
UDF1 received [4s 5s]
diet_coke_lovers folds
diet_coke_lovers awarded -10
UDF1 awarded 10

Round #798, UDF1 (-45026), diet_coke_lovers (45026)
UDF1 posts blind: 10
diet_coke_lovers posts blind: 20
UDF1 received [Qc 2c]
diet_coke_lovers received [9d 5h]
UDF1 folds
UDF1 awarded -10
diet_coke_lovers awarded 10

Round #799, diet_coke_lovers (45036), UDF1 (-45036)
diet_coke_lovers posts blind: 10
UDF1 posts blind: 20
diet_coke_lovers received [3d 7c]
UDF1 received [8s 9c]
diet_coke_lovers folds
diet_coke_lovers awarded -10
UDF1 awarded 10

Round #800, UDF1 (-45026), diet_coke_lovers (45026)
UDF1 posts blind: 10
diet_coke_lovers posts blind: 20
UDF1 received [Ad Qs]
diet_coke_lovers received [6d 4h]
UDF1 raises to 4096
diet_coke_lovers folds
UDF1 awarded 20
diet_coke_lovers awarded -20

Round #801, diet_coke_lovers (45006), UDF1 (-45006)
diet_coke_lovers posts blind: 10
UDF1 posts blind: 20
diet_coke_lovers received [2s 4c]
UDF1 received [3c 8d]
diet_coke_lovers folds
diet_coke_lovers awarded -10
UDF1 awarded 10

Round #802, UDF1 (-44996), diet_coke_lovers (44996)
UDF1 posts blind: 10
diet_coke_lovers posts blind: 20
UDF1 received [Kd 7d]
diet_coke_lovers received [9h Qh]
UDF1 raises to 1988
diet_coke_lovers folds
UDF1 awarded 20
diet_coke_lovers awarded -20

Round #803, diet_coke_lovers (44976), UDF1 (-44976)
diet_coke_lovers posts blind: 10
UDF1 posts blind: 20
diet_coke_lovers received [Jd 8d]
UDF1 received [Kc 6s]
diet_coke_lovers folds
diet_coke_lovers awarded -10
UDF1 awarded 10

Round #804, UDF1 (-44966), diet_coke_lovers (44966)
UDF1 posts blind: 10
diet_coke_lovers posts blind: 20
UDF1 received [Tc Ts]
diet_coke_lovers received [7d 4h]
UDF1 raises to 3972
diet_coke_lovers folds
UDF1 awarded 20
diet_coke_lovers awarded -20

Round #805, diet_coke_lovers (44946), UDF1 (-44946)
diet_coke_lovers posts blind: 10
UDF1 posts blind: 20
diet_coke_lovers received [Ts Ac]
UDF1 received [3c 4c]
diet_coke_lovers folds
diet_coke_lovers awarded -10
UDF1 awarded 10

Round #806, UDF1 (-44936), diet_coke_lovers (44936)
UDF1 posts blind: 10
diet_coke_lovers posts blind: 20
UDF1 received [5s Kd]
diet_coke_lovers received [7h 6h]
UDF1 raises to 1733
diet_coke_lovers folds
UDF1 awarded 20
diet_coke_lovers awarded -20

Round #807, diet_coke_lovers (44916), UDF1 (-44916)
diet_coke_lovers posts blind: 10
UDF1 posts blind: 20
diet_coke_lovers received [9c Js]
UDF1 received [Qs 6s]
diet_coke_lovers folds
diet_coke_lovers awarded -10
UDF1 awarded 10

Round #808, UDF1 (-44906), diet_coke_lovers (44906)
UDF1 posts blind: 10
diet_coke_lovers posts blind: 20
UDF1 received [6h 3d]
diet_coke_lovers received [As Ac]
UDF1 raises to 1936
diet_coke_lovers calls
Flop [9d 8h Qs], UDF1 (1936), diet_coke_lovers (1936)
diet_coke_lovers bids 1072
UDF1 bids 255
diet_coke_lovers won the auction and was revealed [3d]
Flop [9d 8h Qs], UDF1 (1936), diet_coke_lovers (2191)
diet_coke_lovers checks
UDF1 bets 1318
diet_coke_lovers calls
Turn [9d 8h Qs 4d], UDF1 (3254), diet_coke_lovers (3509)
diet_coke_lovers checks
UDF1 bets 753
diet_coke_lovers calls
River [9d 8h Qs 4d Th], UDF1 (4007), diet_coke_lovers (4262)
diet_coke_lovers bets 20
UDF1 folds
UDF1 awarded -4007
diet_coke_lovers awarded 4007

Round #809, diet_coke_lovers (48913), UDF1 (-48913)
diet_coke_lovers posts blind: 10
UDF1 posts blind: 20
diet_coke_lovers received [Kc 2s]
UDF1 received [9h 5d]
diet_coke_lovers folds
diet_coke_lovers awarded -10
UDF1 awarded 10

Round #810, UDF1 (-48903), diet_coke_lovers (48903)
UDF1 posts blind: 10
diet_coke_lovers posts blind: 20
UDF1 received [7s 6d]
diet_coke_lovers received [2h Qd]
UDF1 folds
UDF1 awarded -10
diet_coke_lovers awarded 10

Round #811, diet_coke_lovers (48913), UDF1 (-48913)
diet_coke_lovers posts blind: 10
UDF1 posts blind: 20
diet_coke_lovers received [Td Kd]
UDF1 received [3c 7d]
diet_coke_lovers folds
diet_coke_lovers awarded -10
UDF1 awarded 10

Round #812, UDF1 (-48903), diet_coke_lovers (48903)
UDF1 posts blind: 10
diet_coke_lovers posts blind: 20
UDF1 received [5s 7s]
diet_coke_lovers received [Ad 2d]
UDF1 raises to 1630
diet_coke_lovers folds
UDF1 awarded 20
diet_coke_lovers awarded -20

Round #813, diet_coke_lovers (48883), UDF1 (-48883)
diet_coke_lovers posts blind: 10
UDF1 posts blind: 20
diet_coke_lovers received [7h Tc]
UDF1 received [4d 8d]
diet_coke_lovers folds
diet_coke_lovers awarded -10
UDF1 awarded 10

Round #814, UDF1 (-48873), diet_coke_lovers (48873)
UDF1 posts blind: 10
diet_coke_lovers posts blind: 20
UDF1 received [Ts Th]
diet_coke_lovers received [Ac 9h]
UDF1 raises to 4160
diet_coke_lovers folds
UDF1 awarded 20
diet_coke_lovers awarded -20

Round #815, diet_coke_lovers (48853), UDF1 (-48853)
diet_coke_lovers posts blind: 10
UDF1 posts blind: 20
diet_coke_lovers received [Td As]
UDF1 received [4h 5c]
diet_coke_lovers folds
diet_coke_lovers awarded -10
UDF1 awarded 10

Round #816, UDF1 (-48843), diet_coke_lovers (48843)
UDF1 posts blind: 10
diet_coke_lovers posts blind: 20
UDF1 received [7h 8d]
diet_coke_lovers received [7d 6h]
UDF1 calls
diet_coke_lovers checks
Flop [8c 7s 6d], UDF1 (20), diet_coke_lovers (20)
diet_coke_lovers bids 0
UDF1 bids 9
UDF1 won the auction and was revealed [6h]
Flop [8c 7s 6d], UDF1 (20), diet_coke_lovers (20)
diet_coke_lovers checks
UDF1 bets 2951
diet_coke_lovers folds
UDF1 awarded 20
diet_coke_lovers awarded -20

Round #817, diet_coke_lovers (48823), UDF1 (-48823)
diet_coke_lovers posts blind: 10
UDF1 posts blind: 20
diet_coke_lovers received [9d 8h]
UDF1 received [9s Jc]
diet_coke_lovers folds
diet_coke_lovers awarded -10
UDF1 awarded 10

Round #818, UDF1 (-48813), diet_coke_lovers (48813)
UDF1 posts blind: 10
diet_coke_lovers posts blind: 20
UDF1 received [9c Ks]
diet_coke_lovers received [5d 4d]
UDF1 calls
diet_coke_lovers checks
Flop [Ac Ts Tc], UDF1 (20), diet_coke_lovers (20)
diet_coke_lovers bids 0
UDF1 bids 12
UDF1 won the auction and was revealed [4d]
Flop [Ac Ts Tc], UDF1 (20), diet_coke_lovers (20)
diet_coke_lovers checks
UDF1 bets 3030
diet_coke_lovers folds
UDF1 awarded 20
diet_coke_lovers awarded -20

Round #819, diet_coke_lovers (48793), UDF1 (-48793)
diet_coke_lovers posts blind: 10
UDF1 posts blind: 20
diet_coke_lovers received [2c 6h]
UDF1 received [7h Ac]
diet_coke_lovers folds
diet_coke_lovers awarded -10
UDF1 awarded 10

Round #820, UDF1 (-48783), diet_coke_lovers (48783)
UDF1 posts blind: 10
diet_coke_lovers posts blind: 20
UDF1 received [Jd Qh]
diet_coke_lovers received [8s 5h]
UDF1 calls
diet_coke_lovers checks
Flop [5c 9c 3s], UDF1 (20), diet_coke_lovers (20)
diet_coke_lovers bids 0
UDF1 bids 8
UDF1 won the auction and was revealed [8s]
Flop [5c 9c 3s], UDF1 (20), diet_coke_lovers (20)
diet_coke_lovers checks
UDF1 bets 2903
diet_coke_lovers folds
UDF1 awarded 20
diet_coke_lovers awarded -20

Round #821, diet_coke_lovers (48763), UDF1 (-48763)
diet_coke_lovers posts blind: 10
UDF1 posts blind: 20
diet_coke_lovers received [As 8c]
UDF1 received [Tc 8d]
diet_coke_lovers folds
diet_coke_lovers awarded -10
UDF1 awarded 10

Round #822, UDF1 (-48753), diet_coke_lovers (48753)
UDF1 posts blind: 10
diet_coke_lovers posts blind: 20
UDF1 received [Jh 3d]
diet_coke_lovers received [8h 6c]
UDF1 folds
UDF1 awarded -10
diet_coke_lovers awarded 10

Round #823, diet_coke_lovers (48763), UDF1 (-48763)
diet_coke_lovers posts blind: 10
UDF1 posts blind: 20
diet_coke_lovers received [Ac 7s]
UDF1 received [9d 9h]
diet_coke_lovers folds
diet_coke_lovers awarded -10
UDF1 awarded 10

Round #824, UDF1 (-48753), diet_coke_lovers (48753)
UDF1 posts blind: 10
diet_coke_lovers posts blind: 20
UDF1 received [6s Ah]
diet_coke_lovers received [8s 3c]
UDF1 folds
UDF1 awarded -10
diet_coke_lovers awarded 10

Round #825, diet_coke_lovers (48763), UDF1 (-48763)
diet_coke_lovers posts blind: 10
UDF1 posts blind: 20
diet_coke_lovers received [Tc 8c]
UDF1 received [Qc Ks]
diet_coke_lovers folds
diet_coke_lovers awarded -10
UDF1 awarded 10

Round #826, UDF1 (-48753), diet_coke_lovers (48753)
UDF1 posts blind: 10
diet_coke_lovers posts blind: 20
UDF1 received [Ad As]
diet_coke_lovers received [Ah 7h]
UDF1 raises to 4355
diet_coke_lovers folds
UDF1 awarded 20
diet_coke_lovers awarded -20

Round #827, diet_coke_lovers (48733), UDF1 (-48733)
diet_coke_lovers posts blind: 10
UDF1 posts blind: 20
diet_coke_lovers received [6h 4s]
UDF1 received [9c 4c]
diet_coke_lovers folds
diet_coke_lovers awarded -10
UDF1 awarded 10

Round #828, UDF1 (-48723), diet_coke_lovers (48723)
UDF1 posts blind: 10
diet_coke_lovers posts blind: 20
UDF1 received [7h 2s]
diet_coke_lovers received [6c 4h]
UDF1 raises to 1636
diet_coke_lovers folds
UDF1 awarded 20
diet_coke_lovers awarded -20

Round #829, diet_coke_lovers (48703), UDF1 (-48703)
diet_coke_lovers posts blind: 10
UDF1 posts blind: 20
diet_coke_lovers received [7d 6s]
UDF1 received [Ah 7c]
diet_coke_lovers folds
diet_coke_lovers awarded -10
UDF1 awarded 10

Round #830, UDF1 (-48693), diet_coke_lovers (48693)
UDF1 posts blind: 10
diet_coke_lovers posts blind: 20
UDF1 received [8s Tc]
diet_coke_lovers received [2c 4c]
UDF1 folds
UDF1 awarded -10
diet_coke_lovers awarded 10

Round #831, diet_coke_lovers (48703), UDF1 (-48703)
diet_coke_lovers posts blind: 10
UDF1 posts blind: 20
diet_coke_lovers received [7h Jd]
UDF1 received [8h Jc]
diet_coke_lovers folds
diet_coke_lovers awarded -10
UDF1 awarded 10

Round #832, UDF1 (-48693), diet_coke_lovers (48693)
UDF1 posts blind: 10
diet_coke_lovers posts blind: 20
UDF1 received [Th Kd]
diet_coke_lovers received [Kc 6c]
UDF1 calls
diet_coke_lovers checks
Flop [9c 9d 8h], UDF1 (20), diet_coke_lovers (20)
diet_coke_lovers bids 747
UDF1 bids 19
diet_coke_lovers won the auction and was revealed [Th]
Flop [9c 9d 8h], UDF1 (20), diet_coke_lovers (39)
diet_coke_lovers checks
UDF1 bets 2625
diet_coke_lovers folds
UDF1 awarded 39
diet_coke_lovers awarded -39

Round #833, diet_coke_lovers (48654), UDF1 (-48654)
diet_coke_lovers posts blind: 10
UDF1 posts blind: 20
diet_coke_lovers received [Th 9d]
UDF1 received [9h Ac]
diet_coke_lovers folds
diet_coke_lovers awarded -10
UDF1 awarded 10

Round #834, UDF1 (-48644), diet_coke_lovers (48644)
UDF1 posts blind: 10
diet_coke_lovers posts blind: 20
UDF1 received [8h 9d]
diet_coke_lovers received [Ac Ah]
UDF1 calls
diet_coke_lovers raises to 40
UDF1 folds
UDF1 awarded -20
diet_coke_lovers awarded 20

Round #835, diet_coke_lovers (48664), UDF1 (-48664)
diet_coke_lovers posts blind: 10
UDF1 posts blind: 20
diet_coke_lovers received [Ts Ad]
UDF1 received [7d Qc]
diet_coke_lovers folds
diet_coke_lovers awarded -10
UDF1 awarded 10

Round #836, UDF1 (-48654), diet_coke_lovers (48654)
UDF1 posts blind: 10
diet_coke_lovers posts blind: 20
UDF1 received [6s Qs]
diet_coke_lovers received [5s Ad]
UDF1 calls
diet_coke_lovers checks
Flop [Kc Jd Ah], UDF1 (20), diet_coke_lovers (20)
diet_coke_lovers bids 747
UDF1 bids 13
diet_coke_lovers won the auction and was revealed [Qs]
Flop [Kc Jd Ah], UDF1 (20), diet_coke_lovers (33)
diet_coke_lovers checks
UDF1 bets 2769
diet_coke_lovers folds
UDF1 awarded 33
diet_coke_lovers awarded -33

Round #837, diet_coke_lovers (48621), UDF1 (-48621)
diet_coke_lovers posts blind: 10
UDF1 posts blind: 20
diet_coke_lovers received [2d Js]
UDF1 received [6d 5s]
diet_coke_lovers folds
diet_coke_lovers awarded -10
UDF1 awarded 10

Round #838, UDF1 (-48611), diet_coke_lovers (48611)
UDF1 posts blind: 10
diet_coke_lovers posts blind: 20
UDF1 received [3s 9c]
diet_coke_lovers received [4d Qd]
UDF1 calls
diet_coke_lovers checks
Flop [5d 2d Kc], UDF1 (20), diet_coke_lovers (20)
diet_coke_lovers bids 0
UDF1 bids 8
UDF1 won the auction and was revealed [4d]
Flop [5d 2d Kc], UDF1 (20), diet_coke_lovers (20)
diet_coke_lovers checks
UDF1 bets 2445
diet_coke_lovers folds
UDF1 awarded 20
diet_coke_lovers awarded -20

Round #839, diet_coke_lovers (48591), UDF1 (-48591)
diet_coke_lovers posts blind: 10
UDF1 posts blind: 20
diet_coke_lovers received [6h 6d]
UDF1 received [Jd Td]
diet_coke_lovers calls
UDF1 checks
Flop [Kh 6c 7h], diet_coke_lovers (20), UDF1 (20)
UDF1 bids 13
diet_coke_lovers bids 0
UDF1 won the auction and was revealed [6d]
Flop [Kh 6c 7h], diet_coke_lovers (20), UDF1 (20)
UDF1 bets 2370
diet_coke_lovers calls
Turn [Kh 6c 7h 2h], diet_coke_lovers (2390), UDF1 (2390)
UDF1 bets 951
diet_coke_lovers calls
River [Kh 6c 7h 2h Qc], diet_coke_lovers (3341), UDF1 (3341)
UDF1 bets 651
diet_coke_lovers calls
diet_coke_lovers shows [6h 6d]
UDF1 shows [Jd Td]
diet_coke_lovers awarded 3992
UDF1 awarded -3992

Round #840, UDF1 (-52583), diet_coke_lovers (52583)
UDF1 posts blind: 10
diet_coke_lovers posts blind: 20
UDF1 received [7s 4c]
diet_coke_lovers received [3d Ah]
UDF1 folds
UDF1 awarded -10
diet_coke_lovers awarded 10

Round #841, diet_coke_lovers (52593), UDF1 (-52593)
diet_coke_lovers posts blind: 10
UDF1 posts blind: 20
diet_coke_lovers received [4c Tc]
UDF1 received [Qd 7s]
diet_coke_lovers folds
diet_coke_lovers awarded -10
UDF1 awarded 10

Round #842, UDF1 (-52583), diet_coke_lovers (52583)
UDF1 posts blind: 10
diet_coke_lovers posts blind: 20
UDF1 received [Ad 8h]
diet_coke_lovers received [Kc 2s]
UDF1 folds
UDF1 awarded -10
diet_coke_lovers awarded 10

Round #843, diet_coke_lovers (52593), UDF1 (-52593)
diet_coke_lovers posts blind: 10
UDF1 posts blind: 20
diet_coke_lovers received [Qc 3h]
UDF1 received [7s 2c]
diet_coke_lovers folds
diet_coke_lovers awarded -10
UDF1 awarded 10

Round #844, UDF1 (-52583), diet_coke_lovers (52583)
UDF1 posts blind: 10
diet_coke_lovers posts blind: 20
UDF1 received [4c 9d]
diet_coke_lovers received [9s 3c]
UDF1 raises to 1752
diet_coke_lovers folds
UDF1 awarded 20
diet_coke_lovers awarded -20

Round #845, diet_coke_lovers (52563), UDF1 (-52563)
diet_coke_lovers posts blind: 10
UDF1 posts blind: 20
diet_coke_lovers received [Qc 5d]
UDF1 received [3d 7h]
diet_coke_lovers folds
diet_coke_lovers awarded -10
UDF1 awarded 10

Round #846, UDF1 (-52553), diet_coke_lovers (52553)
UDF1 posts blind: 10
diet_coke_lovers posts blind: 20
UDF1 received [Th 3s]
diet_coke_lovers received [4c 5s]
UDF1 folds
UDF1 awarded -10
diet_coke_lovers awarded 10

Round #847, diet_coke_lovers (52563), UDF1 (-52563)
diet_coke_lovers posts blind: 10
UDF1 posts blind: 20
diet_coke_lovers received [Ks Qs]
UDF1 received [9s 5d]
diet_coke_lovers folds
diet_coke_lovers awarded -10
UDF1 awarded 10

Round #848, UDF1 (-52553), diet_coke_lovers (52553)
UDF1 posts blind: 10
diet_coke_lovers posts blind: 20
UDF1 received [9d 7c]
diet_coke_lovers received [Js 3h]
UDF1 folds
UDF1 awarded -10
diet_coke_lovers awarded 10

Round #849, diet_coke_lovers (52563), UDF1 (-52563)
diet_coke_lovers posts blind: 10
UDF1 posts blind: 20
diet_coke_lovers received [9c 6c]
UDF1 received [6d 7h]
diet_coke_lovers folds
diet_coke_lovers awarded -10
UDF1 awarded 10

Round #850, UDF1 (-52553), diet_coke_lovers (52553)
UDF1 posts blind: 10
diet_coke_lovers posts blind: 20
UDF1 received [As 5h]
diet_coke_lovers received [7c 8c]
UDF1 calls
diet_coke_lovers checks
Flop [3d 8s 2s], UDF1 (20), diet_coke_lovers (20)
diet_coke_lovers bids 0
UDF1 bids 17
UDF1 won the auction and was revealed [7c]
Flop [3d 8s 2s], UDF1 (20), diet_coke_lovers (20)
diet_coke_lovers checks
UDF1 bets 3373
diet_coke_lovers folds
UDF1 awarded 20
diet_coke_lovers awarded -20

Round #851, diet_coke_lovers (52533), UDF1 (-52533)
diet_coke_lovers posts blind: 10
UDF1 posts blind: 20
diet_coke_lovers received [Jc 7d]
UDF1 received [Qd Ks]
diet_coke_lovers folds
diet_coke_lovers awarded -10
UDF1 awarded 10

Round #852, UDF1 (-52523), diet_coke_lovers (52523)
UDF1 posts blind: 10
diet_coke_lovers posts blind: 20
UDF1 received [Qd 7h]
diet_coke_lovers received [Jc 4c]
UDF1 folds
UDF1 awarded -10
diet_coke_lovers awarded 10

Round #853, diet_coke_lovers (52533), UDF1 (-52533)
diet_coke_lovers posts blind: 10
UDF1 posts blind: 20
diet_coke_lovers received [3s 2s]
UDF1 received [Qh Js]
diet_coke_lovers folds
diet_coke_lovers awarded -10
UDF1 awarded 10

Round #854, UDF1 (-52523), diet_coke_lovers (52523)
UDF1 posts blind: 10
diet_coke_lovers posts blind: 20
UDF1 received [Ac 6h]
diet_coke_lovers received [Kh 2s]
UDF1 folds
UDF1 awarded -10
diet_coke_lovers awarded 10

Round #855, diet_coke_lovers (52533), UDF1 (-52533)
diet_coke_lovers posts blind: 10
UDF1 posts blind: 20
diet_coke_lovers received [Ac 3s]
UDF1 received [Ah Td]
diet_coke_lovers folds
diet_coke_lovers awarded -10
UDF1 awarded 10

Round #856, UDF1 (-52523), diet_coke_lovers (52523)
UDF1 posts blind: 10
diet_coke_lovers posts blind: 20
UDF1 received [2h 4d]
diet_coke_lovers received [Qs Jd]
UDF1 calls
diet_coke_lovers checks
Flop [9h 2s 6h], UDF1 (20), diet_coke_lovers (20)
diet_coke_lovers bids 0
UDF1 bids 11
UDF1 won the auction and was revealed [Jd]
Flop [9h 2s 6h], UDF1 (20), diet_coke_lovers (20)
diet_coke_lovers checks
UDF1 bets 3290
diet_coke_lovers folds
UDF1 awarded 20
diet_coke_lovers awarded -20

Round #857, diet_coke_lovers (52503), UDF1 (-52503)
diet_coke_lovers posts blind: 10
UDF1 posts blind: 20
diet_coke_lovers received [Jd 9c]
UDF1 received [6h 2s]
diet_coke_lovers folds
diet_coke_lovers awarded -10
UDF1 awarded 10

Round #858, UDF1 (-52493), diet_coke_lovers (52493)
UDF1 posts blind: 10
diet_coke_lovers posts blind: 20
UDF1 received [Ah 7d]
diet_coke_lovers received [8c Td]
UDF1 calls
diet_coke_lovers checks
Flop [Ts 2h 2c], UDF1 (20), diet_coke_lovers (20)
diet_coke_lovers bids 0
UDF1 bids 16
UDF1 won the auction and was revealed [8c]
Flop [Ts 2h 2c], UDF1 (20), diet_coke_lovers (20)
diet_coke_lovers checks
UDF1 bets 2957
diet_coke_lovers folds
UDF1 awarded 20
diet_coke_lovers awarded -20

Round #859, diet_coke_lovers (52473), UDF1 (-52473)
diet_coke_lovers posts blind: 10
UDF1 posts blind: 20
diet_coke_lovers received [Js 8d]
UDF1 received [4d 7d]
diet_coke_lovers folds
diet_coke_lovers awarded -10
UDF1 awarded 10

Round #860, UDF1 (-52463), diet_coke_lovers (52463)
UDF1 posts blind: 10
diet_coke_lovers posts blind: 20
UDF1 received [Jh Ks]
diet_coke_lovers received [8s Kh]
UDF1 calls
diet_coke_lovers checks
Flop [5h 2s 9s], UDF1 (20), diet_coke_lovers (20)
diet_coke_lovers bids 747
UDF1 bids 17
diet_coke_lovers won the auction and was revealed [Jh]
Flop [5h 2s 9s], UDF1 (20), diet_coke_lovers (37)
diet_coke_lovers checks
UDF1 bets 2892
diet_coke_lovers folds
UDF1 awarded 37
diet_coke_lovers awarded -37

Round #861, diet_coke_lovers (52426), UDF1 (-52426)
diet_coke_lovers posts blind: 10
UDF1 posts blind: 20
diet_coke_lovers received [3d Qc]
UDF1 received [9d Ad]
diet_coke_lovers folds
diet_coke_lovers awarded -10
UDF1 awarded 10

Round #862, UDF1 (-52416), diet_coke_lovers (52416)
UDF1 posts blind: 10
diet_coke_lovers posts blind: 20
UDF1 received [4s 7s]
diet_coke_lovers received [Jh 3s]
UDF1 calls
diet_coke_lovers checks
Flop [Jd 2s 7h], UDF1 (20), diet_coke_lovers (20)
diet_coke_lovers bids 0
UDF1 bids 11
UDF1 won the auction and was revealed [3s]
Flop [Jd 2s 7h], UDF1 (20), diet_coke_lovers (20)
diet_coke_lovers checks
UDF1 bets 3632
diet_coke_lovers folds
UDF1 awarded 20
diet_coke_lovers awarded -20

Round #863, diet_coke_lovers (52396), UDF1 (-52396)
diet_coke_lovers posts blind: 10
UDF1 posts blind: 20
diet_coke_lovers received [8c Jh]
UDF1 received [9c 9d]
diet_coke_lovers folds
diet_coke_lovers awarded -10
UDF1 awarded 10

Round #864, UDF1 (-52386), diet_coke_lovers (52386)
UDF1 posts blind: 10
diet_coke_lovers posts blind: 20
UDF1 received [Ad Kh]
diet_coke_lovers received [9c Ts]
UDF1 raises to 4736
diet_coke_lovers folds
UDF1 awarded 20
diet_coke_lovers awarded -20

Round #865, diet_coke_lovers (52366), UDF1 (-52366)
diet_coke_lovers posts blind: 10
UDF1 posts blind: 20
diet_coke_lovers received [5h 3h]
UDF1 received [4s Jd]
diet_coke_lovers folds
diet_coke_lovers awarded -10
UDF1 awarded 10

Round #866, UDF1 (-52356), diet_coke_lovers (52356)
UDF1 posts blind: 10
diet_coke_lovers posts blind: 20
UDF1 received [Ad 9d]
diet_coke_lovers received [2s 7c]
UDF1 raises to 2384
diet_coke_lovers folds
UDF1 awarded 20
diet_coke_lovers awarded -20

Round #867, diet_coke_lovers (52336), UDF1 (-52336)
diet_coke_lovers posts blind: 10
UDF1 posts blind: 20
diet_coke_lovers received [Qc Tc]
UDF1 received [3s Kh]
diet_coke_lovers folds
diet_coke_lovers awarded -10
UDF1 awarded 10

Round #868, UDF1 (-52326), diet_coke_lovers (52326)
UDF1 posts blind: 10
diet_coke_lovers posts blind: 20
UDF1 received [Ts As]
diet_coke_lovers received [8h 3h]
UDF1 raises to 3775
diet_coke_lovers folds
UDF1 awarded 20
diet_coke_lovers awarded -20

Round #869, diet_coke_lovers (52306), UDF1 (-52306)
diet_coke_lovers posts blind: 10
UDF1 posts blind: 20
diet_coke_lovers received [Qs 4s]
UDF1 received [Qc Kc]
diet_coke_lovers folds
diet_coke_lovers awarded -10
UDF1 awarded 10

Round #870, UDF1 (-52296), diet_coke_lovers (52296)
UDF1 posts blind: 10
diet_coke_lovers posts blind: 20
UDF1 received [9c 9h]
diet_coke_lovers received [Tc 7c]
UDF1 raises to 3902
diet_coke_lovers folds
UDF1 awarded 20
diet_coke_lovers awarded -20

Round #871, diet_coke_lovers (52276), UDF1 (-52276)
diet_coke_lovers posts blind: 10
UDF1 posts blind: 20
diet_coke_lovers received [Ts 8d]
UDF1 received [2s Td]
diet_coke_lovers folds
diet_coke_lovers awarded -10
UDF1 awarded 10

Round #872, UDF1 (-52266), diet_coke_lovers (52266)
UDF1 posts blind: 10
diet_coke_lovers posts blind: 20
UDF1 received [4c 3s]
diet_coke_lovers received [9d 6s]
UDF1 folds
UDF1 awarded -10
diet_coke_lovers awarded 10

Round #873, diet_coke_lovers (52276), UDF1 (-52276)
diet_coke_lovers posts blind: 10
UDF1 posts blind: 20
diet_coke_lovers received [3d 4s]
UDF1 received [Ac As]
diet_coke_lovers folds
diet_coke_lovers awarded -10
UDF1 awarded 10

Round #874, UDF1 (-52266), diet_coke_lovers (52266)
UDF1 posts blind: 10
diet_coke_lovers posts blind: 20
UDF1 received [7s Qc]
diet_coke_lovers received [Ks 4d]
UDF1 folds
UDF1 awarded -10
diet_coke_lovers awarded 10

Round #875, diet_coke_lovers (52276), UDF1 (-52276)
diet_coke_lovers posts blind: 10
UDF1 posts blind: 20
diet_coke_lovers received [Jc 8s]
UDF1 received [Jh 5s]
diet_coke_lovers folds
diet_coke_lovers awarded -10
UDF1 awarded 10

Round #876, UDF1 (-52266), diet_coke_lovers (52266)
UDF1 posts blind: 10
diet_coke_lovers posts blind: 20
UDF1 received [3s Js]
diet_coke_lovers received [Ah Jh]
UDF1 folds
UDF1 awarded -10
diet_coke_lovers awarded 10

Round #877, diet_coke_lovers (52276), UDF1 (-52276)
diet_coke_lovers posts blind: 10
UDF1 posts blind: 20
diet_coke_lovers received [6c 9d]
UDF1 received [2h Ad]
diet_coke_lovers folds
diet_coke_lovers awarded -10
UDF1 awarded 10

Round #878, UDF1 (-52266), diet_coke_lovers (52266)
UDF1 posts blind: 10
diet_coke_lovers posts blind: 20
UDF1 received [Ks Qd]
diet_coke_lovers received [Jh 2h]
UDF1 raises to 3969
diet_coke_lovers folds
UDF1 awarded 20
diet_coke_lovers awarded -20

Round #879, diet_coke_lovers (52246), UDF1 (-52246)
diet_coke_lovers posts blind: 10
UDF1 posts blind: 20
diet_coke_lovers received [Ad Kh]
UDF1 received [Kd 4d]
diet_coke_lovers folds
diet_coke_lovers awarded -10
UDF1 awarded 10

Round #880, UDF1 (-52236), diet_coke_lovers (52236)
UDF1 posts blind: 10
diet_coke_lovers posts blind: 20
UDF1 received [7d Jc]
diet_coke_lovers received [Kd Ks]
UDF1 calls
diet_coke_lovers checks
Flop [8c 3h Qd], UDF1 (20), diet_coke_lovers (20)
diet_coke_lovers bids 1743
UDF1 bids 15
diet_coke_lovers won the auction and was revealed [7d]
Flop [8c 3h Qd], UDF1 (20), diet_coke_lovers (35)
diet_coke_lovers checks
UDF1 bets 2628
diet_coke_lovers calls
Turn [8c 3h Qd 7c], UDF1 (2648), diet_coke_lovers (2663)
diet_coke_lovers checks
UDF1 bets 1577
diet_coke_lovers calls
River [8c 3h Qd 7c 3c], UDF1 (4225), diet_coke_lovers (4240)
diet_coke_lovers checks
UDF1 bets 377
diet_coke_lovers calls
UDF1 shows [7d Jc]
diet_coke_lovers shows [Kd Ks]
UDF1 awarded -4602
diet_coke_lovers awarded 4602

Round #881, diet_coke_lovers (56838), UDF1 (-56838)
diet_coke_lovers posts blind: 10
UDF1 posts blind: 20
diet_coke_lovers received [9d Ks]
UDF1 received [4c 2s]
diet_coke_lovers folds
diet_coke_lovers awarded -10
UDF1 awarded 10

Round #882, UDF1 (-56828), diet_coke_lovers (56828)
UDF1 posts blind: 10
diet_coke_lovers posts blind: 20
UDF1 received [7d 5d]
diet_coke_lovers received [2d 3d]
UDF1 folds
UDF1 awarded -10
diet_coke_lovers awarded 10

Round #883, diet_coke_lovers (56838), UDF1 (-56838)
diet_coke_lovers posts blind: 10
UDF1 posts blind: 20
diet_coke_lovers received [2c Qh]
UDF1 received [Ah 8h]
diet_coke_lovers folds
diet_coke_lovers awarded -10
UDF1 awarded 10

Round #884, UDF1 (-56828), diet_coke_lovers (56828)
UDF1 posts blind: 10
diet_coke_lovers posts blind: 20
UDF1 received [3h 6c]
diet_coke_lovers received [4s 3d]
UDF1 calls
diet_coke_lovers checks
Flop [9c 3c 5d], UDF1 (20), diet_coke_lovers (20)
diet_coke_lovers bids 0
UDF1 bids 9
UDF1 won the auction and was revealed [4s]
Flop [9c 3c 5d], UDF1 (20), diet_coke_lovers (20)
diet_coke_lovers checks
UDF1 bets 2725
diet_coke_lovers folds
UDF1 awarded 20
diet_coke_lovers awarded -20

Round #885, diet_coke_lovers (56808), UDF1 (-56808)
diet_coke_lovers posts blind: 10
UDF1 posts blind: 20
diet_coke_lovers received [Ac 5d]
UDF1 received [5c Js]
diet_coke_lovers folds
diet_coke_lovers awarded -10
UDF1 awarded 10

Round #886, UDF1 (-56798), diet_coke_lovers (56798)
UDF1 posts blind: 10
diet_coke_lovers posts blind: 20
UDF1 received [6h Th]
diet_coke_lovers received [7c Ks]
UDF1 folds
UDF1 awarded -10
diet_coke_lovers awarded 10

Round #887, diet_coke_lovers (56808), UDF1 (-56808)
diet_coke_lovers posts blind: 10
UDF1 posts blind: 20
diet_coke_lovers received [Js Td]
UDF1 received [Qd 4c]
diet_coke_lovers folds
diet_coke_lovers awarded -10
UDF1 awarded 10

Round #888, UDF1 (-56798), diet_coke_lovers (56798)
UDF1 posts blind: 10
diet_coke_lovers posts blind: 20
UDF1 received [4s Kc]
diet_coke_lovers received [Qc Jh]
UDF1 calls
diet_coke_lovers checks
Flop [6c Js Jd], UDF1 (20), diet_coke_lovers (20)
diet_coke_lovers bids 0
UDF1 bids 12
UDF1 won the auction and was revealed [Jh]
Flop [6c Js Jd], UDF1 (20), diet_coke_lovers (20)
diet_coke_lovers checks
UDF1 bets 1922
diet_coke_lovers folds
UDF1 awarded 20
diet_coke_lovers awarded -20

Round #889, diet_coke_lovers (56778), UDF1 (-56778)
diet_coke_lovers posts blind: 10
UDF1 posts blind: 20
diet_coke_lovers received [4s 4c]
UDF1 received [Kd Ac]
diet_coke_lovers calls
UDF1 raises to 4814
diet_coke_lovers calls
Flop [Jh 3d As], diet_coke_lovers (4814), UDF1 (4814)
UDF1 bids 31
diet_coke_lovers bids 0
UDF1 won the auction and was revealed [4s]
Flop [Jh 3d As], diet_coke_lovers (4814), UDF1 (4814)
UDF1 bets 130
diet_coke_lovers calls
Turn [Jh 3d As 5s], diet_coke_lovers (4944), UDF1 (4944)
UDF1 bets 45
diet_coke_lovers calls
River [Jh 3d As 5s 3s], diet_coke_lovers (4989), UDF1 (4989)
UDF1 bets 11
diet_coke_lovers calls
diet_coke_lovers shows [4s 4c]
UDF1 shows [Kd Ac]
diet_coke_lovers awarded -5000
UDF1 awarded 5000

Round #890, UDF1 (-51778), diet_coke_lovers (51778)
UDF1 posts blind: 10
diet_coke_lovers posts blind: 20
UDF1 received [Ks 7h]
diet_coke_lovers received [7c Th]
UDF1 folds
UDF1 awarded -10
diet_coke_lovers awarded 10

Round #891, diet_coke_lovers (51788), UDF1 (-51788)
diet_coke_lovers posts blind: 10
UDF1 posts blind: 20
diet_coke_lovers received [Qc 7c]
UDF1 received [5d 9d]
diet_coke_lovers folds
diet_coke_lovers awarded -10
UDF1 awarded 10

Round #892, UDF1 (-51778), diet_coke_lovers (51778)
UDF1 posts blind: 10
diet_coke_lovers posts blind: 20
UDF1 received [Qs Td]
diet_coke_lovers received [8s 7h]
UDF1 raises to 2013
diet_coke_lovers folds
UDF1 awarded 20
diet_coke_lovers awarded -20

Round #893, diet_coke_lovers (51758), UDF1 (-51758)
diet_coke_lovers posts blind: 10
UDF1 posts blind: 20
diet_coke_lovers received [Ac 2s]
UDF1 received [Tc 7s]
diet_coke_lovers folds
diet_coke_lovers awarded -10
UDF1 awarded 10

Round #894, UDF1 (-51748), diet_coke_lovers (51748)
UDF1 posts blind: 10
diet_coke_lovers posts blind: 20
UDF1 received [9d Ad]
diet_coke_lovers received [Js Qh]
UDF1 raises to 2405
diet_coke_lovers folds
UDF1 awarded 20
diet_coke_lovers awarded -20

Round #895, diet_coke_lovers (51728), UDF1 (-51728)
diet_coke_lovers posts blind: 10
UDF1 posts blind: 20
diet_coke_lovers received [8s Js]
UDF1 received [7s 3c]
diet_coke_lovers folds
diet_coke_lovers awarded -10
UDF1 awarded 10

Round #896, UDF1 (-51718), diet_coke_lovers (51718)
UDF1 posts blind: 10
diet_coke_lovers posts blind: 20
UDF1 received [4s 3s]
diet_coke_lovers received [4c 3h]
UDF1 folds
UDF1 awarded -10
diet_coke_lovers awarded 10

Round #897, diet_coke_lovers (51728), UDF1 (-51728)
diet_coke_lovers posts blind: 10
UDF1 posts blind: 20
diet_coke_lovers received [5h 9s]
UDF1 received [7s Th]
diet_coke_lovers folds
diet_coke_lovers awarded -10
UDF1 awarded 10

Round #898, UDF1 (-51718), diet_coke_lovers (51718)
UDF1 posts blind: 10
diet_coke_lovers posts blind: 20
UDF1 received [Jc Ah]
diet_coke_lovers received [Ac Qd]
UDF1 raises to 3875
diet_coke_lovers folds
UDF1 awarded 20
diet_coke_lovers awarded -20

Round #899, diet_coke_lovers (51698), UDF1 (-51698)
diet_coke_lovers posts blind: 10
UDF1 posts blind: 20
diet_coke_lovers received [8h 5s]
UDF1 received [Qd Kh]
diet_coke_lovers folds
diet_coke_lovers awarded -10
UDF1 awarded 10

Round #900, UDF1 (-51688), diet_coke_lovers (51688)
UDF1 posts blind: 10
diet_coke_lovers posts blind: 20
UDF1 received [Qs 3s]
diet_coke_lovers received [3c 9s]
UDF1 folds
UDF1 awarded -10
diet_coke_lovers awarded 10

Round #901, diet_coke_lovers (51698), UDF1 (-51698)
diet_coke_lovers posts blind: 10
UDF1 posts blind: 20
diet_coke_lovers received [6d Qs]
UDF1 received [Th Kd]
diet_coke_lovers folds
diet_coke_lovers awarded -10
UDF1 awarded 10

Round #902, UDF1 (-51688), diet_coke_lovers (51688)
UDF1 posts blind: 10
diet_coke_lovers posts blind: 20
UDF1 received [2c 6d]
diet_coke_lovers received [5s 5h]
UDF1 raises to 1609
diet_coke_lovers calls
Flop [9c 7c 2s], UDF1 (1609), diet_coke_lovers (1609)
diet_coke_lovers bids 0
UDF1 bids 273
UDF1 won the auction and was revealed [5s]
Flop [9c 7c 2s], UDF1 (1609), diet_coke_lovers (1609)
diet_coke_lovers checks
UDF1 bets 2207
diet_coke_lovers calls
Turn [9c 7c 2s 9d], UDF1 (3816), diet_coke_lovers (3816)
diet_coke_lovers checks
UDF1 bets 713
diet_coke_lovers calls
River [9c 7c 2s 9d 3h], UDF1 (4529), diet_coke_lovers (4529)
diet_coke_lovers checks
UDF1 bets 260
diet_coke_lovers calls
UDF1 shows [2c 6d]
diet_coke_lovers shows [5s 5h]
UDF1 awarded -4789
diet_coke_lovers awarded 4789

Round #903, diet_coke_lovers (56477), UDF1 (-56477)
diet_coke_lovers posts blind: 10
UDF1 posts blind: 20
diet_coke_lovers received [Qh Kh]
UDF1 received [6c 3d]
diet_coke_lovers folds
diet_coke_lovers awarded -10
UDF1 awarded 10

Round #904, UDF1 (-56467), diet_coke_lovers (56467)
UDF1 posts blind: 10
diet_coke_lovers posts blind: 20
UDF1 received [4h Js]
diet_coke_lovers received [6h Kd]
UDF1 folds
UDF1 awarded -10
diet_coke_lovers awarded 10

Round #905, diet_coke_lovers (56477), UDF1 (-56477)
diet_coke_lovers posts blind: 10
UDF1 posts blind: 20
diet_coke_lovers received [6s 6h]
UDF1 received [Js Kh]
diet_coke_lovers calls
UDF1 raises to 2692
diet_coke_lovers calls
Flop [Th 6c 2c], diet_coke_lovers (2692), UDF1 (2692)
UDF1 bids 202
diet_coke_lovers bids 0
UDF1 won the auction and was revealed [6s]
Flop [Th 6c 2c], diet_coke_lovers (2692), UDF1 (2692)
UDF1 bets 1142
diet_coke_lovers calls
Turn [Th 6c 2c Jd], diet_coke_lovers (3834), UDF1 (3834)
UDF1 bets 818
diet_coke_lovers calls
River [Th 6c 2c Jd 7s], diet_coke_lovers (4652), UDF1 (4652)
UDF1 bets 215
diet_coke_lovers calls
diet_coke_lovers shows [6s 6h]
UDF1 shows [Js Kh]
diet_coke_lovers awarded 4867
UDF1 awarded -4867

Round #906, UDF1 (-61344), diet_coke_lovers (61344)
UDF1 posts blind: 10
diet_coke_lovers posts blind: 20
UDF1 received [Jc 9h]
diet_coke_lovers received [As 9s]
UDF1 raises to 1749
diet_coke_lovers folds
UDF1 awarded 20
diet_coke_lovers awarded -20

Round #907, diet_coke_lovers (61324), UDF1 (-61324)
diet_coke_lovers posts blind: 10
UDF1 posts blind: 20
diet_coke_lovers received [3s 3d]
UDF1 received [Js 4h]
diet_coke_lovers calls
UDF1 checks
Flop [Jc As Qd], diet_coke_lovers (20), UDF1 (20)
UDF1 bids 11
diet_coke_lovers bids 0
UDF1 won the auction and was revealed [3d]
Flop [Jc As Qd], diet_coke_lovers (20), UDF1 (20)
UDF1 bets 3067
diet_coke_lovers calls
Turn [Jc As Qd Kd], diet_coke_lovers (3087), UDF1 (3087)
UDF1 bets 1178
diet_coke_lovers calls
River [Jc As Qd Kd Ad], diet_coke_lovers (4265), UDF1 (4265)
UDF1 bets 340
diet_coke_lovers calls
diet_coke_lovers shows [3s 3d]
UDF1 shows [Js 4h]
diet_coke_lovers awarded -4605
UDF1 awarded 4605

Round #908, UDF1 (-56719), diet_coke_lovers (56719)
UDF1 posts blind: 10
diet_coke_lovers posts blind: 20
UDF1 received [3s 7h]
diet_coke_lovers received [6s 2s]
UDF1 calls
diet_coke_lovers checks
Flop [Ad 8c Js], UDF1 (20), diet_coke_lovers (20)
diet_coke_lovers bids 0
UDF1 bids 10
UDF1 won the auction and was revealed [2s]
Flop [Ad 8c Js], UDF1 (20), diet_coke_lovers (20)
diet_coke_lovers checks
UDF1 bets 2415
diet_coke_lovers folds
UDF1 awarded 20
diet_coke_lovers awarded -20

Round #909, diet_coke_lovers (56699), UDF1 (-56699)
diet_coke_lovers posts blind: 10
UDF1 posts blind: 20
diet_coke_lovers received [9c 6d]
UDF1 received [7h 5d]
diet_coke_lovers folds
diet_coke_lovers awarded -10
UDF1 awarded 10

Round #910, UDF1 (-56689), diet_coke_lovers (56689)
UDF1 posts blind: 10
diet_coke_lovers posts blind: 20
UDF1 received [7s 7c]
diet_coke_lovers received [Th 5h]
UDF1 raises to 2433
diet_coke_lovers folds
UDF1 awarded 20
diet_coke_lovers awarded -20

Round #911, diet_coke_lovers (56669), UDF1 (-56669)
diet_coke_lovers posts blind: 10
UDF1 posts blind: 20
diet_coke_lovers received [Kd Tc]
UDF1 received [Js Kh]
diet_coke_lovers folds
diet_coke_lovers awarded -10
UDF1 awarded 10

Round #912, UDF1 (-56659), diet_coke_lovers (56659)
UDF1 posts blind: 10
diet_coke_lovers posts blind: 20
UDF1 received [Jc As]
diet_coke_lovers received [2c Tc]
UDF1 raises to 4041
diet_coke_lovers folds
UDF1 awarded 20
diet_coke_lovers awarded -20

Round #913, diet_coke_lovers (56639), UDF1 (-56639)
diet_coke_lovers posts blind: 10
UDF1 posts blind: 20
diet_coke_lovers received [4h 6h]
UDF1 received [Tc 2c]
diet_coke_lovers folds
diet_coke_lovers awarded -10
UDF1 awarded 10

Round #914, UDF1 (-56629), diet_coke_lovers (56629)
UDF1 posts blind: 10
diet_coke_lovers posts blind: 20
UDF1 received [5h 4c]
diet_coke_lovers received [4h 8h]
UDF1 folds
UDF1 awarded -10
diet_coke_lovers awarded 10

Round #915, diet_coke_lovers (56639), UDF1 (-56639)
diet_coke_lovers posts blind: 10
UDF1 posts blind: 20
diet_coke_lovers received [9h 5h]
UDF1 received [Jc 7c]
diet_coke_lovers folds
diet_coke_lovers awarded -10
UDF1 awarded 10

Round #916, UDF1 (-56629), diet_coke_lovers (56629)
UDF1 posts blind: 10
diet_coke_lovers posts blind: 20
UDF1 received [Ad 3c]
diet_coke_lovers received [As 2s]
UDF1 calls
diet_coke_lovers checks
Flop [8c 6s 4d], UDF1 (20), diet_coke_lovers (20)
diet_coke_lovers bids 747
UDF1 bids 11
diet_coke_lovers won the auction and was revealed [Ad]
Flop [8c 6s 4d], UDF1 (20), diet_coke_lovers (31)
diet_coke_lovers checks
UDF1 bets 2399
diet_coke_lovers folds
UDF1 awarded 31
diet_coke_lovers awarded -31

Round #917, diet_coke_lovers (56598), UDF1 (-56598)
diet_coke_lovers posts blind: 10
UDF1 posts blind: 20
diet_coke_lovers received [3h Ah]
UDF1 received [Ac Js]
diet_coke_lovers folds
diet_coke_lovers awarded -10
UDF1 awarded 10

Round #918, UDF1 (-56588), diet_coke_lovers (56588)
UDF1 posts blind: 10
diet_coke_lovers posts blind: 20
UDF1 received [7d 8h]
diet_coke_lovers received [Qd 6c]
UDF1 folds
UDF1 awarded -10
diet_coke_lovers awarded 10

Round #919, diet_coke_lovers (56598), UDF1 (-56598)
diet_coke_lovers posts blind: 10
UDF1 posts blind: 20
diet_coke_lovers received [Qd 2h]
UDF1 received [Ks 9c]
diet_coke_lovers folds
diet_coke_lovers awarded -10
UDF1 awarded 10

Round #920, UDF1 (-56588), diet_coke_lovers (56588)
UDF1 posts blind: 10
diet_coke_lovers posts blind: 20
UDF1 received [Qs 2s]
diet_coke_lovers received [5d 6h]
UDF1 calls
diet_coke_lovers checks
Flop [3d Ac 9s], UDF1 (20), diet_coke_lovers (20)
diet_coke_lovers bids 0
UDF1 bids 6
UDF1 won the auction and was revealed [5d]
Flop [3d Ac 9s], UDF1 (20), diet_coke_lovers (20)
diet_coke_lovers checks
UDF1 bets 2845
diet_coke_lovers folds
UDF1 awarded 20
diet_coke_lovers awarded -20

Round #921, diet_coke_lovers (56568), UDF1 (-56568)
diet_coke_lovers posts blind: 10
UDF1 posts blind: 20
diet_coke_lovers received [8d Jd]
UDF1 received [8s 3d]
diet_coke_lovers folds
diet_coke_lovers awarded -10
UDF1 awarded 10

Round #922, UDF1 (-56558), diet_coke_lovers (56558)
UDF1 posts blind: 10
diet_coke_lovers posts blind: 20
UDF1 received [4d 5s]
diet_coke_lovers received [Ac 9h]
UDF1 calls
diet_coke_lovers checks
Flop [8c 6c 6h], UDF1 (20), diet_coke_lovers (20)
diet_coke_lovers bids 747
UDF1 bids 0
diet_coke_lovers won the auction and was revealed [5s]
Flop [8c 6c 6h], UDF1 (20), diet_coke_lovers (20)
diet_coke_lovers checks
UDF1 bets 2452
diet_coke_lovers folds
UDF1 awarded 20
diet_coke_lovers awarded -20

Round #923, diet_coke_lovers (56538), UDF1 (-56538)
diet_coke_lovers posts blind: 10
UDF1 posts blind: 20
diet_coke_lovers received [Qs 5h]
UDF1 received [4d 7c]
diet_coke_lovers folds
diet_coke_lovers awarded -10
UDF1 awarded 10

Round #924, UDF1 (-56528), diet_coke_lovers (56528)
UDF1 posts blind: 10
diet_coke_lovers posts blind: 20
UDF1 received [4h 7h]
diet_coke_lovers received [Ah 2s]
UDF1 raises to 1761
diet_coke_lovers folds
UDF1 awarded 20
diet_coke_lovers awarded -20

Round #925, diet_coke_lovers (56508), UDF1 (-56508)
diet_coke_lovers posts blind: 10
UDF1 posts blind: 20
diet_coke_lovers received [4h 2d]
UDF1 received [6c 7d]
diet_coke_lovers folds
diet_coke_lovers awarded -10
UDF1 awarded 10

Round #926, UDF1 (-56498), diet_coke_lovers (56498)
UDF1 posts blind: 10
diet_coke_lovers posts blind: 20
UDF1 received [9c 3c]
diet_coke_lovers received [8c 5s]
UDF1 calls
diet_coke_lovers checks
Flop [Ks 5d 4d], UDF1 (20), diet_coke_lovers (20)
diet_coke_lovers bids 0
UDF1 bids 2
UDF1 won the auction and was revealed [8c]
Flop [Ks 5d 4d], UDF1 (20), diet_coke_lovers (20)
diet_coke_lovers checks
UDF1 bets 2529
diet_coke_lovers folds
UDF1 awarded 20
diet_coke_lovers awarded -20

Round #927, diet_coke_lovers (56478), UDF1 (-56478)
diet_coke_lovers posts blind: 10
UDF1 posts blind: 20
diet_coke_lovers received [2s Jd]
UDF1 received [Qs 4d]
diet_coke_lovers folds
diet_coke_lovers awarded -10
UDF1 awarded 10

Round #928, UDF1 (-56468), diet_coke_lovers (56468)
UDF1 posts blind: 10
diet_coke_lovers posts blind: 20
UDF1 received [Kd 5d]
diet_coke_lovers received [Th 9d]
UDF1 calls
diet_coke_lovers checks
Flop [5h Qc Qs], UDF1 (20), diet_coke_lovers (20)
diet_coke_lovers bids 0
UDF1 bids 11
UDF1 won the auction and was revealed [Th]
Flop [5h Qc Qs], UDF1 (20), diet_coke_lovers (20)
diet_coke_lovers checks
UDF1 bets 2777
diet_coke_lovers folds
UDF1 awarded 20
diet_coke_lovers awarded -20

Round #929, diet_coke_lovers (56448), UDF1 (-56448)
diet_coke_lovers posts blind: 10
UDF1 posts blind: 20
diet_coke_lovers received [8s Ad]
UDF1 received [2d 9s]
diet_coke_lovers folds
diet_coke_lovers awarded -10
UDF1 awarded 10

Round #930, UDF1 (-56438), diet_coke_lovers (56438)
UDF1 posts blind: 10
diet_coke_lovers posts blind: 20
UDF1 received [Tc 7s]
diet_coke_lovers received [Jd 9d]
UDF1 folds
UDF1 awarded -10
diet_coke_lovers awarded 10

Round #931, diet_coke_lovers (56448), UDF1 (-56448)
diet_coke_lovers posts blind: 10
UDF1 posts blind: 20
diet_coke_lovers received [7c 9c]
UDF1 received [3d Td]
diet_coke_lovers folds
diet_coke_lovers awarded -10
UDF1 awarded 10

Round #932, UDF1 (-56438), diet_coke_lovers (56438)
UDF1 posts blind: 10
diet_coke_lovers posts blind: 20
UDF1 received [Jh 8h]
diet_coke_lovers received [3d As]
UDF1 folds
UDF1 awarded -10
diet_coke_lovers awarded 10

Round #933, diet_coke_lovers (56448), UDF1 (-56448)
diet_coke_lovers posts blind: 10
UDF1 posts blind: 20
diet_coke_lovers received [7c Js]
UDF1 received [6d Kd]
diet_coke_lovers folds
diet_coke_lovers awarded -10
UDF1 awarded 10

Round #934, UDF1 (-56438), diet_coke_lovers (56438)
UDF1 posts blind: 10
diet_coke_lovers posts blind: 20
UDF1 received [Jc Th]
diet_coke_lovers received [8h 6c]
UDF1 calls
diet_coke_lovers checks
Flop [Ac 7d 3h], UDF1 (20), diet_coke_lovers (20)
diet_coke_lovers bids 0
UDF1 bids 8
UDF1 won the auction and was revealed [8h]
Flop [Ac 7d 3h], UDF1 (20), diet_coke_lovers (20)
diet_coke_lovers checks
UDF1 bets 2818
diet_coke_lovers folds
UDF1 awarded 20
diet_coke_lovers awarded -20

Round #935, diet_coke_lovers (56418), UDF1 (-56418)
diet_coke_lovers posts blind: 10
UDF1 posts blind: 20
diet_coke_lovers received [3h 3s]
UDF1 received [6d 4h]
diet_coke_lovers calls
UDF1 raises to 1830
diet_coke_lovers calls
Flop [Ad Td Qd], diet_coke_lovers (1830), UDF1 (1830)
UDF1 bids 260
diet_coke_lovers bids 0
UDF1 won the auction and was revealed [3s]
Flop [Ad Td Qd], diet_coke_lovers (1830), UDF1 (1830)
UDF1 bets 1454
diet_coke_lovers calls
Turn [Ad Td Qd Ah], diet_coke_lovers (3284), UDF1 (3284)
UDF1 bets 797
diet_coke_lovers calls
River [Ad Td Qd Ah Kd], diet_coke_lovers (4081), UDF1 (4081)
UDF1 bets 588
diet_coke_lovers calls
diet_coke_lovers shows [3h 3s]
UDF1 shows [6d 4h]
diet_coke_lovers awarded -4669
UDF1 awarded 4669

Round #936, UDF1 (-51749), diet_coke_lovers (51749)
UDF1 posts blind: 10
diet_coke_lovers posts blind: 20
UDF1 received [Jd Kd]
diet_coke_lovers received [Kh 6h]
UDF1 raises to 4240
diet_coke_lovers folds
UDF1 awarded 20
diet_coke_lovers awarded -20

Round #937, diet_coke_lovers (51729), UDF1 (-51729)
diet_coke_lovers posts blind: 10
UDF1 posts blind: 20
diet_coke_lovers received [6h 7d]
UDF1 received [Qs Js]
diet_coke_lovers folds
diet_coke_lovers awarded -10
UDF1 awarded 10

Round #938, UDF1 (-51719), diet_coke_lovers (51719)
UDF1 posts blind: 10
diet_coke_lovers posts blind: 20
UDF1 received [Ah 5c]
diet_coke_lovers received [Ts Kc]
UDF1 calls
diet_coke_lovers checks
Flop [9h 3d 7h], UDF1 (20), diet_coke_lovers (20)
diet_coke_lovers bids 747
UDF1 bids 11
diet_coke_lovers won the auction and was revealed [5c]
Flop [9h 3d 7h], UDF1 (20), diet_coke_lovers (31)
diet_coke_lovers checks
UDF1 bets 2952
diet_coke_lovers folds
UDF1 awarded 31
diet_coke_lovers awarded -31

Round #939, diet_coke_lovers (51688), UDF1 (-51688)
diet_coke_lovers posts blind: 10
UDF1 posts blind: 20
diet_coke_lovers received [Kc 3h]
UDF1 received [5c 5d]
diet_coke_lovers folds
diet_coke_lovers awarded -10
UDF1 awarded 10

Round #940, UDF1 (-51678), diet_coke_lovers (51678)
UDF1 posts blind: 10
diet_coke_lovers posts blind: 20
UDF1 received [2c 7s]
diet_coke_lovers received [Jd 9c]
UDF1 calls
diet_coke_lovers checks
Flop [Ah 4d Td], UDF1 (20), diet_coke_lovers (20)
diet_coke_lovers bids 0
UDF1 bids 6
UDF1 won the auction and was revealed [Jd]
Flop [Ah 4d Td], UDF1 (20), diet_coke_lovers (20)
diet_coke_lovers checks
UDF1 bets 2220
diet_coke_lovers folds
UDF1 awarded 20
diet_coke_lovers awarded -20

Round #941, diet_coke_lovers (51658), UDF1 (-51658)
diet_coke_lovers posts blind: 10
UDF1 posts blind: 20
diet_coke_lovers received [6c Ah]
UDF1 received [2c Qh]
diet_coke_lovers folds
diet_coke_lovers awarded -10
UDF1 awarded 10

Round #942, UDF1 (-51648), diet_coke_lovers (51648)
UDF1 posts blind: 10
diet_coke_lovers posts blind: 20
UDF1 received [2c 3c]
diet_coke_lovers received [5s 7d]
UDF1 raises to 1754
diet_coke_lovers folds
UDF1 awarded 20
diet_coke_lovers awarded -20

Round #943, diet_coke_lovers (51628), UDF1 (-51628)
diet_coke_lovers posts blind: 10
UDF1 posts blind: 20
diet_coke_lovers received [Js Ks]
UDF1 received [4s 3s]
diet_coke_lovers folds
diet_coke_lovers awarded -10
UDF1 awarded 10

Round #944, UDF1 (-51618), diet_coke_lovers (51618)
UDF1 posts blind: 10
diet_coke_lovers posts blind: 20
UDF1 received [8s 5d]
diet_coke_lovers received [Ks 6d]
UDF1 raises to 1737
diet_coke_lovers folds
UDF1 awarded 20
diet_coke_lovers awarded -20

Round #945, diet_coke_lovers (51598), UDF1 (-51598)
diet_coke_lovers posts blind: 10
UDF1 posts blind: 20
diet_coke_lovers received [4c 2c]
UDF1 received [7h 5d]
diet_coke_lovers folds
diet_coke_lovers awarded -10
UDF1 awarded 10

Round #946, UDF1 (-51588), diet_coke_lovers (51588)
UDF1 posts blind: 10
diet_coke_lovers posts blind: 20
UDF1 received [9h Jh]
diet_coke_lovers received [7s 2d]
UDF1 raises to 2019
diet_coke_lovers folds
UDF1 awarded 20
diet_coke_lovers awarded -20

Round #947, diet_coke_lovers (51568), UDF1 (-51568)
diet_coke_lovers posts blind: 10
UDF1 posts blind: 20
diet_coke_lovers received [3c Ad]
UDF1 received [3s 8d]
diet_coke_lovers folds
diet_coke_lovers awarded -10
UDF1 awarded 10

Round #948, UDF1 (-51558), diet_coke_lovers (51558)
UDF1 posts blind: 10
diet_coke_lovers posts blind: 20
UDF1 received [2s 9h]
diet_coke_lovers received [Ts 6s]
UDF1 calls
diet_coke_lovers checks
Flop [7s 3s 3c], UDF1 (20), diet_coke_lovers (20)
diet_coke_lovers bids 0
UDF1 bids 2
UDF1 won the auction and was revealed [6s]
Flop [7s 3s 3c], UDF1 (20), diet_coke_lovers (20)
diet_coke_lovers checks
UDF1 bets 2222
diet_coke_lovers folds
UDF1 awarded 20
diet_coke_lovers awarded -20

Round #949, diet_coke_lovers (51538), UDF1 (-51538)
diet_coke_lovers posts blind: 10
UDF1 posts blind: 20
diet_coke_lovers received [3h 5d]
UDF1 received [2s Ac]
diet_coke_lovers folds
diet_coke_lovers awarded -10
UDF1 awarded 10

Round #950, UDF1 (-51528), diet_coke_lovers (51528)
UDF1 posts blind: 10
diet_coke_lovers posts blind: 20
UDF1 received [7s Ah]
diet_coke_lovers received [2h 4c]
UDF1 calls
diet_coke_lovers checks
Flop [9h Kh Qc], UDF1 (20), diet_coke_lovers (20)
diet_coke_lovers bids 0
UDF1 bids 8
UDF1 won the auction and was revealed [2h]
Flop [9h Kh Qc], UDF1 (20), diet_coke_lovers (20)
diet_coke_lovers checks
UDF1 bets 3084
diet_coke_lovers folds
UDF1 awarded 20
diet_coke_lovers awarded -20

Round #951, diet_coke_lovers (51508), UDF1 (-51508)
diet_coke_lovers posts blind: 10
UDF1 posts blind: 20
diet_coke_lovers received [7s 9s]
UDF1 received [Qs Qh]
diet_coke_lovers folds
diet_coke_lovers awarded -10
UDF1 awarded 10

Round #952, UDF1 (-51498), diet_coke_lovers (51498)
UDF1 posts blind: 10
diet_coke_lovers posts blind: 20
UDF1 received [4h 4c]
diet_coke_lovers received [Qs 2c]
UDF1 calls
diet_coke_lovers checks
Flop [9c 3h 3c], UDF1 (20), diet_coke_lovers (20)
diet_coke_lovers bids 0
UDF1 bids 9
UDF1 won the auction and was revealed [2c]
Flop [9c 3h 3c], UDF1 (20), diet_coke_lovers (20)
diet_coke_lovers checks
UDF1 bets 3058
diet_coke_lovers folds
UDF1 awarded 20
diet_coke_lovers awarded -20

Round #953, diet_coke_lovers (51478), UDF1 (-51478)
diet_coke_lovers posts blind: 10
UDF1 posts blind: 20
diet_coke_lovers received [2d 6s]
UDF1 received [8h Ac]
diet_coke_lovers folds
diet_coke_lovers awarded -10
UDF1 awarded 10

Round #954, UDF1 (-51468), diet_coke_lovers (51468)
UDF1 posts blind: 10
diet_coke_lovers posts blind: 20
UDF1 received [4c 2c]
diet_coke_lovers received [Kh 6d]
UDF1 raises to 1703
diet_coke_lovers folds
UDF1 awarded 20
diet_coke_lovers awarded -20

Round #955, diet_coke_lovers (51448), UDF1 (-51448)
diet_coke_lovers posts blind: 10
UDF1 posts blind: 20
diet_coke_lovers received [Qh 9d]
UDF1 received [Ah 5c]
diet_coke_lovers folds
diet_coke_lovers awarded -10
UDF1 awarded 10

Round #956, UDF1 (-51438), diet_coke_lovers (51438)
UDF1 posts blind: 10
diet_coke_lovers posts blind: 20
UDF1 received [Th Ts]
diet_coke_lovers received [Kc 8c]
UDF1 raises to 4228
diet_coke_lovers folds
UDF1 awarded 20
diet_coke_lovers awarded -20

Round #957, diet_coke_lovers (51418), UDF1 (-51418)
diet_coke_lovers posts blind: 10
UDF1 posts blind: 20
diet_coke_lovers received [Ks 9d]
UDF1 received [Tc 4h]
diet_coke_lovers folds
diet_coke_lovers awarded -10
UDF1 awarded 10

Round #958, UDF1 (-51408), diet_coke_lovers (51408)
UDF1 posts blind: 10
diet_coke_lovers posts blind: 20
UDF1 received [2c 3h]
diet_coke_lovers received [Ac 8s]
UDF1 calls
diet_coke_lovers checks
Flop [2d As 8c], UDF1 (20), diet_coke_lovers (20)
diet_coke_lovers bids 747
UDF1 bids 16
diet_coke_lovers won the auction and was revealed [3h]
Flop [2d As 8c], UDF1 (20), diet_coke_lovers (36)
diet_coke_lovers checks
UDF1 bets 3050
diet_coke_lovers folds
UDF1 awarded 36
diet_coke_lovers awarded -36

Round #959, diet_coke_lovers (51372), UDF1 (-51372)
diet_coke_lovers posts blind: 10
UDF1 posts blind: 20
diet_coke_lovers received [6c 2h]
UDF1 received [9c Js]
diet_coke_lovers folds
diet_coke_lovers awarded -10
UDF1 awarded 10

Round #960, UDF1 (-51362), diet_coke_lovers (51362)
UDF1 posts blind: 10
diet_coke_lovers posts blind: 20
UDF1 received [3h 9s]
diet_coke_lovers received [Qc 3s]
UDF1 calls
diet_coke_lovers checks
Flop [8s Ks 8c], UDF1 (20), diet_coke_lovers (20)
diet_coke_lovers bids 0
UDF1 bids 12
UDF1 won the auction and was revealed [Qc]
Flop [8s Ks 8c], UDF1 (20), diet_coke_lovers (20)
diet_coke_lovers checks
UDF1 bets 2471
diet_coke_lovers folds
UDF1 awarded 20
diet_coke_lovers awarded -20

Round #961, diet_coke_lovers (51342), UDF1 (-51342)
diet_coke_lovers posts blind: 10
UDF1 posts blind: 20
diet_coke_lovers received [Ks Kh]
UDF1 received [Ad Th]
diet_coke_lovers calls
UDF1 checks
Flop [9c 6h 5c], diet_coke_lovers (20), UDF1 (20)
UDF1 bids 17
diet_coke_lovers bids 1743
diet_coke_lovers won the auction and was revealed [Ad]
Flop [9c 6h 5c], diet_coke_lovers (37), UDF1 (20)
UDF1 bets 2989
diet_coke_lovers calls
Turn [9c 6h 5c 4s], diet_coke_lovers (3026), UDF1 (3009)
UDF1 bets 978
diet_coke_lovers calls
River [9c 6h 5c 4s Jc], diet_coke_lovers (4004), UDF1 (3987)
UDF1 bets 436
diet_coke_lovers calls
diet_coke_lovers shows [Ks Kh]
UDF1 shows [Ad Th]
diet_coke_lovers awarded 4423
UDF1 awarded -4423

Round #962, UDF1 (-55765), diet_coke_lovers (55765)
UDF1 posts blind: 10
diet_coke_lovers posts blind: 20
UDF1 received [Ad Qd]
diet_coke_lovers received [9d 2h]
UDF1 raises to 4667
diet_coke_lovers folds
UDF1 awarded 20
diet_coke_lovers awarded -20

Round #963, diet_coke_lovers (55745), UDF1 (-55745)
diet_coke_lovers posts blind: 10
UDF1 posts blind: 20
diet_coke_lovers received [7d Ac]
UDF1 received [7c 4d]
diet_coke_lovers folds
diet_coke_lovers awarded -10
UDF1 awarded 10

Round #964, UDF1 (-55735), diet_coke_lovers (55735)
UDF1 posts blind: 10
diet_coke_lovers posts blind: 20
UDF1 received [6h 7d]
diet_coke_lovers received [4d Ad]
UDF1 calls
diet_coke_lovers checks
Flop [9s Ah Th], UDF1 (20), diet_coke_lovers (20)
diet_coke_lovers bids 747
UDF1 bids 6
diet_coke_lovers won the auction and was revealed [6h]
Flop [9s Ah Th], UDF1 (20), diet_coke_lovers (26)
diet_coke_lovers checks
UDF1 bets 2545
diet_coke_lovers folds
UDF1 awarded 26
diet_coke_lovers awarded -26

Round #965, diet_coke_lovers (55709), UDF1 (-55709)
diet_coke_lovers posts blind: 10
UDF1 posts blind: 20
diet_coke_lovers received [7s Td]
UDF1 received [6d 5h]
diet_coke_lovers folds
diet_coke_lovers awarded -10
UDF1 awarded 10

Round #966, UDF1 (-55699), diet_coke_lovers (55699)
UDF1 posts blind: 10
diet_coke_lovers posts blind: 20
UDF1 received [2s 2h]
diet_coke_lovers received [Tc 4d]
UDF1 calls
diet_coke_lovers checks
Flop [Jd Td Kh], UDF1 (20), diet_coke_lovers (20)
diet_coke_lovers bids 0
UDF1 bids 12
UDF1 won the auction and was revealed [Tc]
Flop [Jd Td Kh], UDF1 (20), diet_coke_lovers (20)
diet_coke_lovers checks
UDF1 bets 2055
diet_coke_lovers folds
UDF1 awarded 20
diet_coke_lovers awarded -20

Round #967, diet_coke_lovers (55679), UDF1 (-55679)
diet_coke_lovers posts blind: 10
UDF1 posts blind: 20
diet_coke_lovers received [7h 3d]
UDF1 received [9d 4d]
diet_coke_lovers folds
diet_coke_lovers awarded -10
UDF1 awarded 10

Round #968, UDF1 (-55669), diet_coke_lovers (55669)
UDF1 posts blind: 10
diet_coke_lovers posts blind: 20
UDF1 received [7h Ks]
diet_coke_lovers received [Qc 3s]
UDF1 calls
diet_coke_lovers checks
Flop [Js 3d 2h], UDF1 (20), diet_coke_lovers (20)
diet_coke_lovers bids 0
UDF1 bids 6
UDF1 won the auction and was revealed [Qc]
Flop [Js 3d 2h], UDF1 (20), diet_coke_lovers (20)
diet_coke_lovers checks
UDF1 bets 2966
diet_coke_lovers folds
UDF1 awarded 20
diet_coke_lovers awarded -20

Round #969, diet_coke_lovers (55649), UDF1 (-55649)
diet_coke_lovers posts blind: 10
UDF1 posts blind: 20
diet_coke_lovers received [Td Qs]
UDF1 received [Kc 4h]
diet_coke_lovers folds
diet_coke_lovers awarded -10
UDF1 awarded 10

Round #970, UDF1 (-55639), diet_coke_lovers (55639)
UDF1 posts blind: 10
diet_coke_lovers posts blind: 20
UDF1 received [Kc 7s]
diet_coke_lovers received [3s 9c]
UDF1 raises to 1786
diet_coke_lovers folds
UDF1 awarded 20
diet_coke_lovers awarded -20

Round #971, diet_coke_lovers (55619), UDF1 (-55619)
diet_coke_lovers posts blind: 10
UDF1 posts blind: 20
diet_coke_lovers received [3h Th]
UDF1 received [2s 7h]
diet_coke_lovers folds
diet_coke_lovers awarded -10
UDF1 awarded 10

Round #972, UDF1 (-55609), diet_coke_lovers (55609)
UDF1 posts blind: 10
diet_coke_lovers posts blind: 20
UDF1 received [8s 8d]
diet_coke_lovers received [Tc Kc]
UDF1 calls
diet_coke_lovers checks
Flop [Kh 2d 6h], UDF1 (20), diet_coke_lovers (20)
diet_coke_lovers bids 747
UDF1 bids 8
diet_coke_lovers won the auction and was revealed [8d]
Flop [Kh 2d 6h], UDF1 (20), diet_coke_lovers (28)
diet_coke_lovers checks
UDF1 bets 3228
diet_coke_lovers folds
UDF1 awarded 28
diet_coke_lovers awarded -28

Round #973, diet_coke_lovers (55581), UDF1 (-55581)
diet_coke_lovers posts blind: 10
UDF1 posts blind: 20
diet_coke_lovers received [3h 4d]
UDF1 received [7s 4h]
diet_coke_lovers folds
diet_coke_lovers awarded -10
UDF1 awarded 10

Round #974, UDF1 (-55571), diet_coke_lovers (55571)
UDF1 posts blind: 10
diet_coke_lovers posts blind: 20
UDF1 received [6c 9c]
diet_coke_lovers received [9s 5d]
UDF1 calls
diet_coke_lovers checks
Flop [Kd 2c 7c], UDF1 (20), diet_coke_lovers (20)
diet_coke_lovers bids 0
UDF1 bids 7
UDF1 won the auction and was revealed [5d]
Flop [Kd 2c 7c], UDF1 (20), diet_coke_lovers (20)
diet_coke_lovers checks
UDF1 bets 2978
diet_coke_lovers folds
UDF1 awarded 20
diet_coke_lovers awarded -20

Round #975, diet_coke_lovers (55551), UDF1 (-55551)
diet_coke_lovers posts blind: 10
UDF1 posts blind: 20
diet_coke_lovers received [9d 6c]
UDF1 received [Ah Kh]
diet_coke_lovers folds
diet_coke_lovers awarded -10
UDF1 awarded 10

Round #976, UDF1 (-55541), diet_coke_lovers (55541)
UDF1 posts blind: 10
diet_coke_lovers posts blind: 20
UDF1 received [9c 7d]
diet_coke_lovers received [2c Qd]
UDF1 folds
UDF1 awarded -10
diet_coke_lovers awarded 10

Round #977, diet_coke_lovers (55551), UDF1 (-55551)
diet_coke_lovers posts blind: 10
UDF1 posts blind: 20
diet_coke_lovers received [4s 9s]
UDF1 received [3s 3d]
diet_coke_lovers folds
diet_coke_lovers awarded -10
UDF1 awarded 10

Round #978, UDF1 (-55541), diet_coke_lovers (55541)
UDF1 posts blind: 10
diet_coke_lovers posts blind: 20
UDF1 received [Kc 2c]
diet_coke_lovers received [Qh 7s]
UDF1 raises to 1746
diet_coke_lovers folds
UDF1 awarded 20
diet_coke_lovers awarded -20

Round #979, diet_coke_lovers (55521), UDF1 (-55521)
diet_coke_lovers posts blind: 10
UDF1 posts blind: 20
diet_coke_lovers received [Th 3c]
UDF1 received [9c 7h]
diet_coke_lovers folds
diet_coke_lovers awarded -10
UDF1 awarded 10

Round #980, UDF1 (-55511), diet_coke_lovers (55511)
UDF1 posts blind: 10
diet_coke_lovers posts blind: 20
UDF1 received [Jd 3c]
diet_coke_lovers received [5h 7s]
UDF1 folds
UDF1 awarded -10
diet_coke_lovers awarded 10

Round #981, diet_coke_lovers (55521), UDF1 (-55521)
diet_coke_lovers posts blind: 10
UDF1 posts blind: 20
diet_coke_lovers received [Js 4d]
UDF1 received [7s 5s]
diet_coke_lovers folds
diet_coke_lovers awarded -10
UDF1 awarded 10

Round #982, UDF1 (-55511), diet_coke_lovers (55511)
UDF1 posts blind: 10
diet_coke_lovers posts blind: 20
UDF1 received [6s Ac]
diet_coke_lovers received [8s 8h]
UDF1 raises to 1669
diet_coke_lovers calls
Flop [Ks 5c As], UDF1 (1669), diet_coke_lovers (1669)
diet_coke_lovers bids 0
UDF1 bids 273
UDF1 won the auction and was revealed [8s]
Flop [Ks 5c As], UDF1 (1669), diet_coke_lovers (1669)
diet_coke_lovers bets 20
UDF1 raises to 2117
diet_coke_lovers calls
Turn [Ks 5c As 7h], UDF1 (3786), diet_coke_lovers (3786)
diet_coke_lovers bets 20
UDF1 raises to 802
diet_coke_lovers calls
River [Ks 5c As 7h 3c], UDF1 (4588), diet_coke_lovers (4588)
diet_coke_lovers checks
UDF1 bets 296
diet_coke_lovers calls
UDF1 shows [6s Ac]
diet_coke_lovers shows [8s 8h]
UDF1 awarded 4884
diet_coke_lovers awarded -4884

Round #983, diet_coke_lovers (50627), UDF1 (-50627)
diet_coke_lovers posts blind: 10
UDF1 posts blind: 20
diet_coke_lovers received [Ac 6d]
UDF1 received [5d 8s]
diet_coke_lovers folds
diet_coke_lovers awarded -10
UDF1 awarded 10

Round #984, UDF1 (-50617), diet_coke_lovers (50617)
UDF1 posts blind: 10
diet_coke_lovers posts blind: 20
UDF1 received [Th 6s]
diet_coke_lovers received [Qc 6c]
UDF1 calls
diet_coke_lovers checks
Flop [9s 5d 2h], UDF1 (20), diet_coke_lovers (20)
diet_coke_lovers bids 0
UDF1 bids 0
UDF1 won the auction and was revealed [Qc]
diet_coke_lovers won the auction and was revealed [6s]
Flop [9s 5d 2h], UDF1 (20), diet_coke_lovers (20)
diet_coke_lovers checks
UDF1 bets 2488
diet_coke_lovers folds
UDF1 awarded 20
diet_coke_lovers awarded -20

Round #985, diet_coke_lovers (50597), UDF1 (-50597)
diet_coke_lovers posts blind: 10
UDF1 posts blind: 20
diet_coke_lovers received [Js Qh]
UDF1 received [Ts 3c]
diet_coke_lovers folds
diet_coke_lovers awarded -10
UDF1 awarded 10

Round #986, UDF1 (-50587), diet_coke_lovers (50587)
UDF1 posts blind: 10
diet_coke_lovers posts blind: 20
UDF1 received [3h Js]
diet_coke_lovers received [6c 2d]
UDF1 calls
diet_coke_lovers checks
Flop [Kh 4d 6d], UDF1 (20), diet_coke_lovers (20)
diet_coke_lovers bids 0
UDF1 bids 14
UDF1 won the auction and was revealed [2d]
Flop [Kh 4d 6d], UDF1 (20), diet_coke_lovers (20)
diet_coke_lovers checks
UDF1 bets 2981
diet_coke_lovers folds
UDF1 awarded 20
diet_coke_lovers awarded -20

Round #987, diet_coke_lovers (50567), UDF1 (-50567)
diet_coke_lovers posts blind: 10
UDF1 posts blind: 20
diet_coke_lovers received [7c 4d]
UDF1 received [3h 6h]
diet_coke_lovers folds
diet_coke_lovers awarded -10
UDF1 awarded 10

Round #988, UDF1 (-50557), diet_coke_lovers (50557)
UDF1 posts blind: 10
diet_coke_lovers posts blind: 20
UDF1 received [Ks 4h]
diet_coke_lovers received [6c Ac]
UDF1 folds
UDF1 awarded -10
diet_coke_lovers awarded 10

Round #989, diet_coke_lovers (50567), UDF1 (-50567)
diet_coke_lovers posts blind: 10
UDF1 posts blind: 20
diet_coke_lovers received [Ks Kh]
UDF1 received [2s Jc]
diet_coke_lovers calls
UDF1 checks
Flop [3c 8d As], diet_coke_lovers (20), UDF1 (20)
UDF1 bids 3
diet_coke_lovers bids 1743
diet_coke_lovers won the auction and was revealed [2s]
Flop [3c 8d As], diet_coke_lovers (23), UDF1 (20)
UDF1 bets 2470
diet_coke_lovers calls
Turn [3c 8d As Jd], diet_coke_lovers (2493), UDF1 (2490)
UDF1 bets 1643
diet_coke_lovers calls
River [3c 8d As Jd Qs], diet_coke_lovers (4136), UDF1 (4133)
UDF1 bets 534
diet_coke_lovers calls
diet_coke_lovers shows [Ks Kh]
UDF1 shows [2s Jc]
diet_coke_lovers awarded 4667
UDF1 awarded -4667

Round #990, UDF1 (-55234), diet_coke_lovers (55234)
UDF1 posts blind: 10
diet_coke_lovers posts blind: 20
UDF1 received [Qh Td]
diet_coke_lovers received [Qc 7d]
UDF1 calls
diet_coke_lovers checks
Flop [7h As Ts], UDF1 (20), diet_coke_lovers (20)
diet_coke_lovers bids 0
UDF1 bids 9
UDF1 won the auction and was revealed [7d]
Flop [7h As Ts], UDF1 (20), diet_coke_lovers (20)
diet_coke_lovers checks
UDF1 bets 3332
diet_coke_lovers folds
UDF1 awarded 20
diet_coke_lovers awarded -20

Round #991, diet_coke_lovers (55214), UDF1 (-55214)
diet_coke_lovers posts blind: 10
UDF1 posts blind: 20
diet_coke_lovers received [8h 5h]
UDF1 received [Kh 7c]
diet_coke_lovers folds
diet_coke_lovers awarded -10
UDF1 awarded 10

Round #992, UDF1 (-55204), diet_coke_lovers (55204)
UDF1 posts blind: 10
diet_coke_lovers posts blind: 20
UDF1 received [Jh 9s]
diet_coke_lovers received [Ts 2h]
UDF1 calls
diet_coke_lovers checks
Flop [Kd 3h 5h], UDF1 (20), diet_coke_lovers (20)
diet_coke_lovers bids 0
UDF1 bids 13
UDF1 won the auction and was revealed [Ts]
Flop [Kd 3h 5h], UDF1 (20), diet_coke_lovers (20)
diet_coke_lovers checks
UDF1 bets 3004
diet_coke_lovers folds
UDF1 awarded 20
diet_coke_lovers awarded -20

Round #993, diet_coke_lovers (55184), UDF1 (-55184)
diet_coke_lovers posts blind: 10
UDF1 posts blind: 20
diet_coke_lovers received [Jh Js]
UDF1 received [2h 3c]
diet_coke_lovers calls
UDF1 checks
Flop [6d 7c 8c], diet_coke_lovers (20), UDF1 (20)
UDF1 bids 2
diet_coke_lovers bids 1743
diet_coke_lovers won the auction and was revealed [3c]
Flop [6d 7c 8c], diet_coke_lovers (22), UDF1 (20)
UDF1 bets 2130
diet_coke_lovers calls
Turn [6d 7c 8c 3h], diet_coke_lovers (2152), UDF1 (2150)
UDF1 bets 1516
diet_coke_lovers calls
River [6d 7c 8c 3h Kh], diet_coke_lovers (3668), UDF1 (3666)
UDF1 bets 730
diet_coke_lovers calls
diet_coke_lovers shows [Jh Js]
UDF1 shows [2h 3c]
diet_coke_lovers awarded 4396
UDF1 awarded -4396

Round #994, UDF1 (-59580), diet_coke_lovers (59580)
UDF1 posts blind: 10
diet_coke_lovers posts blind: 20
UDF1 received [6d 5d]
diet_coke_lovers received [7h 2h]
UDF1 calls
diet_coke_lovers checks
Flop [Ah Jd 5s], UDF1 (20), diet_coke_lovers (20)
diet_coke_lovers bids 0
UDF1 bids 11
UDF1 won the auction and was revealed [2h]
Flop [Ah Jd 5s], UDF1 (20), diet_coke_lovers (20)
diet_coke_lovers checks
UDF1 bets 3465
diet_coke_lovers folds
UDF1 awarded 20
diet_coke_lovers awarded -20

Round #995, diet_coke_lovers (59560), UDF1 (-59560)
diet_coke_lovers posts blind: 10
UDF1 posts blind: 20
diet_coke_lovers received [4c 5s]
UDF1 received [5d 8s]
diet_coke_lovers folds
diet_coke_lovers awarded -10
UDF1 awarded 10

Round #996, UDF1 (-59550), diet_coke_lovers (59550)
UDF1 posts blind: 10
diet_coke_lovers posts blind: 20
UDF1 received [3c 3d]
diet_coke_lovers received [5d Ac]
UDF1 raises to 2771
diet_coke_lovers folds
UDF1 awarded 20
diet_coke_lovers awarded -20

Round #997, diet_coke_lovers (59530), UDF1 (-59530)
diet_coke_lovers posts blind: 10
UDF1 posts blind: 20
diet_coke_lovers received [7h 7c]
UDF1 received [Ks 8h]
diet_coke_lovers calls
UDF1 checks
Flop [Qh 5d As], diet_coke_lovers (20), UDF1 (20)
UDF1 bids 18
diet_coke_lovers bids 0
UDF1 won the auction and was revealed [7h]
Flop [Qh 5d As], diet_coke_lovers (20), UDF1 (20)
UDF1 bets 3319
diet_coke_lovers calls
Turn [Qh 5d As Ts], diet_coke_lovers (3339), UDF1 (3339)
UDF1 bets 884
diet_coke_lovers calls
River [Qh 5d As Ts 2c], diet_coke_lovers (4223), UDF1 (4223)
UDF1 bets 403
diet_coke_lovers calls
diet_coke_lovers shows [7h 7c]
UDF1 shows [Ks 8h]
diet_coke_lovers awarded 4626
UDF1 awarded -4626

Round #998, UDF1 (-64156), diet_coke_lovers (64156)
UDF1 posts blind: 10
diet_coke_lovers posts blind: 20
UDF1 received [2h Jc]
diet_coke_lovers received [Ts 5c]
UDF1 calls
diet_coke_lovers checks
Flop [Tc Qd 4d], UDF1 (20), diet_coke_lovers (20)
diet_coke_lovers bids 0
UDF1 bids 9
UDF1 won the auction and was revealed [Ts]
Flop [Tc Qd 4d], UDF1 (20), diet_coke_lovers (20)
diet_coke_lovers checks
UDF1 bets 2571
diet_coke_lovers folds
UDF1 awarded 20
diet_coke_lovers awarded -20

Round #999, diet_coke_lovers (64136), UDF1 (-64136)
diet_coke_lovers posts blind: 10
UDF1 posts blind: 20
diet_coke_lovers received [2s 8s]
UDF1 received [Tc 5h]
diet_coke_lovers folds
diet_coke_lovers awarded -10
UDF1 awarded 10

Round #1000, UDF1 (-64126), diet_coke_lovers (64126)
UDF1 posts blind: 10
diet_coke_lovers posts blind: 20
UDF1 received [9c 8c]
diet_coke_lovers received [3c 5d]
UDF1 calls
diet_coke_lovers checks
Flop [Qd 6s 9d], UDF1 (20), diet_coke_lovers (20)
diet_coke_lovers bids 0
UDF1 bids 9
UDF1 won the auction and was revealed [3c]
Flop [Qd 6s 9d], UDF1 (20), diet_coke_lovers (20)
diet_coke_lovers checks
UDF1 bets 3690
diet_coke_lovers folds
UDF1 awarded 20
diet_coke_lovers awarded -20

Final, diet_coke_lovers (64106), UDF1 (-64106)