2026-03-01 06:36:49 Qoker vs UDF1

Round #1, Qoker (0), UDF1 (0)
Qoker posts blind: 10
UDF1 posts blind: 20
Qoker received [6d Jc]
UDF1 received [3c Td]
Qoker calls
UDF1 checks
Flop [Jh 9h 2s], Qoker (20), UDF1 (20)
UDF1 bids 10
Qoker bids 3
UDF1 won the auction and was revealed [Jc]
Flop [Jh 9h 2s], Qoker (20), UDF1 (23)
UDF1 checks
Qoker checks
Turn [Jh 9h 2s 2d], Qoker (20), UDF1 (23)
UDF1 checks
Qoker checks
River [Jh 9h 2s 2d Qc], Qoker (20), UDF1 (23)
UDF1 checks
Qoker checks
Qoker shows [6d Jc]
UDF1 shows [3c Td]
Qoker awarded 23
UDF1 awarded -23

Round #2, UDF1 (-23), Qoker (23)
UDF1 posts blind: 10
Qoker posts blind: 20
UDF1 received [4h Kc]
Qoker received [Qh 9d]
UDF1 calls
Qoker checks
Flop [Ts 5s Qc], UDF1 (20), Qoker (20)
Qoker bids 3
UDF1 bids 0
Qoker won the auction and was revealed [4h]
Flop [Ts 5s Qc], UDF1 (20), Qoker (20)
Qoker bets 30
UDF1 calls
Turn [Ts 5s Qc Th], UDF1 (50), Qoker (50)
Qoker bets 87
UDF1 calls
River [Ts 5s Qc Th Kd], UDF1 (137), Qoker (137)
Qoker bets 201
UDF1 raises to 3277
Qoker raises to 4863
UDF1 calls
UDF1 shows [4h Kc]
Qoker shows [Qh 9d]
UDF1 awarded 5000
Qoker awarded -5000

Round #3, Qoker (-4977), UDF1 (4977)
Qoker posts blind: 10
UDF1 posts blind: 20
Qoker received [9c 2s]
UDF1 received [Ac Ad]
Qoker calls
UDF1 raises to 4507
Qoker folds
Qoker awarded -20
UDF1 awarded 20

Round #4, UDF1 (4997), Qoker (-4997)
UDF1 posts blind: 10
Qoker posts blind: 20
UDF1 received [Ts 6d]
Qoker received [3h 2s]
UDF1 calls
Qoker checks
Flop [5c 6s Ad], UDF1 (20), Qoker (20)
Qoker bids 3
UDF1 bids 0
Qoker won the auction and was revealed [Ts]
Flop [5c 6s Ad], UDF1 (20), Qoker (20)
Qoker checks
UDF1 bets 2799
Qoker folds
UDF1 awarded 20
Qoker awarded -20

Round #5, Qoker (-5017), UDF1 (5017)
Qoker posts blind: 10
UDF1 posts blind: 20
Qoker received [Jd 8c]
UDF1 received [Qh 2s]
Qoker calls
UDF1 checks
Flop [6h Qs 8d], Qoker (20), UDF1 (20)
UDF1 bids 0
Qoker bids 4
Qoker won the auction and was revealed [2s]
Flop [6h Qs 8d], Qoker (20), UDF1 (20)
UDF1 bets 3059
Qoker raises to 4980
UDF1 calls
Turn [6h Qs 8d Ts], Qoker (5000), UDF1 (5000)
UDF1 checks
Qoker checks
River [6h Qs 8d Ts 2c], Qoker (5000), UDF1 (5000)
UDF1 checks
Qoker checks
Qoker shows [Jd 8c]
UDF1 shows [Qh 2s]
Qoker awarded -5000
UDF1 awarded 5000

Round #6, UDF1 (10017), Qoker (-10017)
UDF1 posts blind: 10
Qoker posts blind: 20
UDF1 received [Tc 6c]
Qoker received [5s Js]
UDF1 folds
UDF1 awarded -10
Qoker awarded 10

Round #7, Qoker (-10007), UDF1 (10007)
Qoker posts blind: 10
UDF1 posts blind: 20
Qoker received [Kc 8h]
UDF1 received [6s 8c]
Qoker calls
UDF1 raises to 337
Qoker folds
Qoker awarded -20
UDF1 awarded 20

Round #8, UDF1 (10027), Qoker (-10027)
UDF1 posts blind: 10
Qoker posts blind: 20
UDF1 received [Ts 4c]
Qoker received [2d Ah]
UDF1 folds
UDF1 awarded -10
Qoker awarded 10

Round #9, Qoker (-10017), UDF1 (10017)
Qoker posts blind: 10
UDF1 posts blind: 20
Qoker received [2h Tc]
UDF1 received [5s As]
Qoker calls
UDF1 checks
Flop [Jc 8s 5h], Qoker (20), UDF1 (20)
UDF1 bids 5
Qoker bids 0
UDF1 won the auction and was revealed [Tc]
Flop [Jc 8s 5h], Qoker (20), UDF1 (20)
UDF1 bets 3075
Qoker folds
Qoker awarded -20
UDF1 awarded 20

Round #10, UDF1 (10037), Qoker (-10037)
UDF1 posts blind: 10
Qoker posts blind: 20
UDF1 received [6h As]
Qoker received [Td 7c]
UDF1 folds
UDF1 awarded -10
Qoker awarded 10

Round #11, Qoker (-10027), UDF1 (10027)
Qoker posts blind: 10
UDF1 posts blind: 20
Qoker received [9d 3d]
UDF1 received [9h 7d]
Qoker calls
UDF1 checks
Flop [Jc 6d 5s], Qoker (20), UDF1 (20)
UDF1 bids 1
Qoker bids 0
UDF1 won the auction and was revealed [9d]
Flop [Jc 6d 5s], Qoker (20), UDF1 (20)
UDF1 checks
Qoker checks
Turn [Jc 6d 5s Ts], Qoker (20), UDF1 (20)
UDF1 checks
Qoker checks
River [Jc 6d 5s Ts Jd], Qoker (20), UDF1 (20)
UDF1 checks
Qoker checks
Qoker shows [9d 3d]
UDF1 shows [9h 7d]
Qoker awarded -20
UDF1 awarded 20

Round #12, UDF1 (10047), Qoker (-10047)
UDF1 posts blind: 10
Qoker posts blind: 20
UDF1 received [Qc Th]
Qoker received [Tc 9s]
UDF1 folds
UDF1 awarded -10
Qoker awarded 10

Round #13, Qoker (-10037), UDF1 (10037)
Qoker posts blind: 10
UDF1 posts blind: 20
Qoker received [9s Th]
UDF1 received [Ks 4c]
Qoker calls
UDF1 raises to 520
Qoker folds
Qoker awarded -20
UDF1 awarded 20

Round #14, UDF1 (10057), Qoker (-10057)
UDF1 posts blind: 10
Qoker posts blind: 20
UDF1 received [6d Qd]
Qoker received [7c 9c]
UDF1 folds
UDF1 awarded -10
Qoker awarded 10

Round #15, Qoker (-10047), UDF1 (10047)
Qoker posts blind: 10
UDF1 posts blind: 20
Qoker received [9s 6d]
UDF1 received [Ts 7c]
Qoker calls
UDF1 checks
Flop [Js Kc 7d], Qoker (20), UDF1 (20)
UDF1 bids 0
Qoker bids 0
Qoker won the auction and was revealed [Ts]
UDF1 won the auction and was revealed [9s]
Flop [Js Kc 7d], Qoker (20), UDF1 (20)
UDF1 bets 2995
Qoker folds
Qoker awarded -20
UDF1 awarded 20

Round #16, UDF1 (10067), Qoker (-10067)
UDF1 posts blind: 10
Qoker posts blind: 20
UDF1 received [Jc 7s]
Qoker received [2h 5d]
UDF1 calls
Qoker checks
Flop [3s Ah 4h], UDF1 (20), Qoker (20)
Qoker bids 1
UDF1 bids 2
UDF1 won the auction and was revealed [2h]
Flop [3s Ah 4h], UDF1 (21), Qoker (20)
Qoker bets 35
UDF1 calls
Turn [3s Ah 4h 5c], UDF1 (56), Qoker (55)
Qoker bets 90
UDF1 folds
UDF1 awarded -56
Qoker awarded 56

Round #17, Qoker (-10011), UDF1 (10011)
Qoker posts blind: 10
UDF1 posts blind: 20
Qoker received [Qc 7c]
UDF1 received [Jc 6d]
Qoker calls
UDF1 raises to 337
Qoker folds
Qoker awarded -20
UDF1 awarded 20

Round #18, UDF1 (10031), Qoker (-10031)
UDF1 posts blind: 10
Qoker posts blind: 20
UDF1 received [Qh 4c]
Qoker received [2s 8c]
UDF1 folds
UDF1 awarded -10
Qoker awarded 10

Round #19, Qoker (-10021), UDF1 (10021)
Qoker posts blind: 10
UDF1 posts blind: 20
Qoker received [Ah 7h]
UDF1 received [Jh Kd]
Qoker calls
UDF1 raises to 1595
Qoker calls
Flop [3d 5s Js], Qoker (1595), UDF1 (1595)
UDF1 bids 12
Qoker bids 356
Qoker won the auction and was revealed [Kd]
Flop [3d 5s Js], Qoker (1607), UDF1 (1595)
UDF1 bets 2105
Qoker calls
Turn [3d 5s Js Kh], Qoker (3712), UDF1 (3700)
UDF1 bets 935
Qoker calls
River [3d 5s Js Kh 7s], Qoker (4647), UDF1 (4635)
UDF1 bets 227
Qoker calls
Qoker shows [Ah 7h]
UDF1 shows [Jh Kd]
Qoker awarded -4874
UDF1 awarded 4874

Round #20, UDF1 (14895), Qoker (-14895)
UDF1 posts blind: 10
Qoker posts blind: 20
UDF1 received [3c 5s]
Qoker received [Td 5d]
UDF1 calls
Qoker checks
Flop [Kd 6c 8c], UDF1 (20), Qoker (20)
Qoker bids 0
UDF1 bids 13
UDF1 won the auction and was revealed [Td]
Flop [Kd 6c 8c], UDF1 (20), Qoker (20)
Qoker checks
UDF1 bets 2714
Qoker folds
UDF1 awarded 20
Qoker awarded -20

Round #21, Qoker (-14915), UDF1 (14915)
Qoker posts blind: 10
UDF1 posts blind: 20
Qoker received [4s 7h]
UDF1 received [9s 9h]
Qoker calls
UDF1 raises to 3743
Qoker folds
Qoker awarded -20
UDF1 awarded 20

Round #22, UDF1 (14935), Qoker (-14935)
UDF1 posts blind: 10
Qoker posts blind: 20
UDF1 received [Qh 5d]
Qoker received [Ks 6h]
UDF1 raises to 353
Qoker folds
UDF1 awarded 20
Qoker awarded -20

Round #23, Qoker (-14955), UDF1 (14955)
Qoker posts blind: 10
UDF1 posts blind: 20
Qoker received [As 6c]
UDF1 received [9d Jd]
Qoker calls
UDF1 checks
Flop [5d 9c 5h], Qoker (20), UDF1 (20)
UDF1 bids 20
Qoker bids 4
UDF1 won the auction and was revealed [6c]
Flop [5d 9c 5h], Qoker (20), UDF1 (24)
UDF1 bets 3129
Qoker calls
Turn [5d 9c 5h Td], Qoker (3149), UDF1 (3153)
UDF1 bets 1070
Qoker calls
River [5d 9c 5h Td 5c], Qoker (4219), UDF1 (4223)
UDF1 bets 502
Qoker raises to 777
UDF1 calls
Qoker shows [As 6c]
UDF1 shows [9d Jd]
Qoker awarded -4996
UDF1 awarded 4996

Round #24, UDF1 (19951), Qoker (-19951)
UDF1 posts blind: 10
Qoker posts blind: 20
UDF1 received [Kd 2h]
Qoker received [Ad Qd]
UDF1 calls
Qoker raises to 40
UDF1 raises to 689
Qoker calls
Flop [Qc 9h 9d], UDF1 (689), Qoker (689)
Qoker bids 193
UDF1 bids 0
Qoker won the auction and was revealed [Kd]
Flop [Qc 9h 9d], UDF1 (689), Qoker (689)
Qoker checks
UDF1 bets 2343
Qoker calls
Turn [Qc 9h 9d 5d], UDF1 (3032), Qoker (3032)
Qoker checks
UDF1 bets 977
Qoker calls
River [Qc 9h 9d 5d 4h], UDF1 (4009), Qoker (4009)
Qoker bets 991
UDF1 calls
UDF1 shows [Kd 2h]
Qoker shows [Ad Qd]
UDF1 awarded -5000
Qoker awarded 5000

Round #25, Qoker (-14951), UDF1 (14951)
Qoker posts blind: 10
UDF1 posts blind: 20
Qoker received [6h Ah]
UDF1 received [Jd Ts]
Qoker calls
UDF1 checks
Flop [Td 2d 7c], Qoker (20), UDF1 (20)
UDF1 bids 12
Qoker bids 4
UDF1 won the auction and was revealed [Ah]
Flop [Td 2d 7c], Qoker (20), UDF1 (24)
UDF1 bets 3253
Qoker folds
Qoker awarded -20
UDF1 awarded 20

Round #26, UDF1 (14971), Qoker (-14971)
UDF1 posts blind: 10
Qoker posts blind: 20
UDF1 received [Qh 7c]
Qoker received [3d Ks]
UDF1 calls
Qoker checks
Flop [Kd 6s 3c], UDF1 (20), Qoker (20)
Qoker bids 5
UDF1 bids 8
UDF1 won the auction and was revealed [Ks]
Flop [Kd 6s 3c], UDF1 (25), Qoker (20)
Qoker bets 27
UDF1 folds
UDF1 awarded -25
Qoker awarded 25

Round #27, Qoker (-14946), UDF1 (14946)
Qoker posts blind: 10
UDF1 posts blind: 20
Qoker received [8h 7h]
UDF1 received [4s 3s]
Qoker calls
UDF1 checks
Flop [9d 6h 9h], Qoker (20), UDF1 (20)
UDF1 bids 0
Qoker bids 4
Qoker won the auction and was revealed [3s]
Flop [9d 6h 9h], Qoker (20), UDF1 (20)
UDF1 bets 2140
Qoker raises to 4280
UDF1 folds
Qoker awarded 2160
UDF1 awarded -2160

Round #28, UDF1 (12786), Qoker (-12786)
UDF1 posts blind: 10
Qoker posts blind: 20
UDF1 received [6s Js]
Qoker received [4c 5c]
UDF1 folds
UDF1 awarded -10
Qoker awarded 10

Round #29, Qoker (-12776), UDF1 (12776)
Qoker posts blind: 10
UDF1 posts blind: 20
Qoker received [Kc 3h]
UDF1 received [Qh 9d]
Qoker calls
UDF1 raises to 606
Qoker folds
Qoker awarded -20
UDF1 awarded 20

Round #30, UDF1 (12796), Qoker (-12796)
UDF1 posts blind: 10
Qoker posts blind: 20
UDF1 received [Kc 3h]
Qoker received [Td Kh]
UDF1 calls
Qoker checks
Flop [6h 5d 2h], UDF1 (20), Qoker (20)
Qoker bids 0
UDF1 bids 18
UDF1 won the auction and was revealed [Td]
Flop [6h 5d 2h], UDF1 (20), Qoker (20)
Qoker checks
UDF1 bets 2861
Qoker folds
UDF1 awarded 20
Qoker awarded -20

Round #31, Qoker (-12816), UDF1 (12816)
Qoker posts blind: 10
UDF1 posts blind: 20
Qoker received [Ah Ad]
UDF1 received [9s Th]
Qoker raises to 40
UDF1 folds
Qoker awarded 20
UDF1 awarded -20

Round #32, UDF1 (12796), Qoker (-12796)
UDF1 posts blind: 10
Qoker posts blind: 20
UDF1 received [Ah 8s]
Qoker received [2h 6c]
UDF1 raises to 372
Qoker folds
UDF1 awarded 20
Qoker awarded -20

Round #33, Qoker (-12816), UDF1 (12816)
Qoker posts blind: 10
UDF1 posts blind: 20
Qoker received [Kc 7d]
UDF1 received [6c 3h]
Qoker calls
UDF1 checks
Flop [8s Jd Kd], Qoker (20), UDF1 (20)
UDF1 bids 13
Qoker bids 7
UDF1 won the auction and was revealed [Kc]
Flop [8s Jd Kd], Qoker (20), UDF1 (27)
UDF1 bets 2017
Qoker calls
Turn [8s Jd Kd Qh], Qoker (2037), UDF1 (2044)
UDF1 bets 1000
Qoker calls
River [8s Jd Kd Qh Jh], Qoker (3037), UDF1 (3044)
UDF1 bets 631
Qoker calls
Qoker shows [Kc 7d]
UDF1 shows [6c 3h]
Qoker awarded 3675
UDF1 awarded -3675

Round #34, UDF1 (9141), Qoker (-9141)
UDF1 posts blind: 10
Qoker posts blind: 20
UDF1 received [Qh Jh]
Qoker received [Jd 5h]
UDF1 calls
Qoker checks
Flop [8h 9s 3h], UDF1 (20), Qoker (20)
Qoker bids 0
UDF1 bids 9
UDF1 won the auction and was revealed [Jd]
Flop [8h 9s 3h], UDF1 (20), Qoker (20)
Qoker checks
UDF1 bets 3404
Qoker folds
UDF1 awarded 20
Qoker awarded -20

Round #35, Qoker (-9161), UDF1 (9161)
Qoker posts blind: 10
UDF1 posts blind: 20
Qoker received [2h 4h]
UDF1 received [2c 4s]
Qoker calls
UDF1 checks
Flop [Kc 7s 3d], Qoker (20), UDF1 (20)
UDF1 bids 12
Qoker bids 0
UDF1 won the auction and was revealed [4h]
Flop [Kc 7s 3d], Qoker (20), UDF1 (20)
UDF1 bets 2510
Qoker folds
Qoker awarded -20
UDF1 awarded 20

Round #36, UDF1 (9181), Qoker (-9181)
UDF1 posts blind: 10
Qoker posts blind: 20
UDF1 received [6h 8c]
Qoker received [Kh 2c]
UDF1 raises to 337
Qoker folds
UDF1 awarded 20
Qoker awarded -20

Round #37, Qoker (-9201), UDF1 (9201)
Qoker posts blind: 10
UDF1 posts blind: 20
Qoker received [3d 2d]
UDF1 received [8h 5s]
Qoker calls
UDF1 checks
Flop [4s 9d Qc], Qoker (20), UDF1 (20)
UDF1 bids 7
Qoker bids 0
UDF1 won the auction and was revealed [2d]
Flop [4s 9d Qc], Qoker (20), UDF1 (20)
UDF1 bets 2856
Qoker folds
Qoker awarded -20
UDF1 awarded 20

Round #38, UDF1 (9221), Qoker (-9221)
UDF1 posts blind: 10
Qoker posts blind: 20
UDF1 received [Tc 9c]
Qoker received [Td Jh]
UDF1 raises to 1732
Qoker calls
Flop [3c 7s 6s], UDF1 (1732), Qoker (1732)
Qoker bids 0
UDF1 bids 12
UDF1 won the auction and was revealed [Jh]
Flop [3c 7s 6s], UDF1 (1732), Qoker (1732)
Qoker checks
UDF1 bets 1755
Qoker calls
Turn [3c 7s 6s 7d], UDF1 (3487), Qoker (3487)
Qoker checks
UDF1 bets 578
Qoker calls
River [3c 7s 6s 7d Js], UDF1 (4065), Qoker (4065)
Qoker bets 935
UDF1 folds
UDF1 awarded -4065
Qoker awarded 4065

Round #39, Qoker (-5156), UDF1 (5156)
Qoker posts blind: 10
UDF1 posts blind: 20
Qoker received [9d 4s]
UDF1 received [Ac 6c]
Qoker calls
UDF1 checks
Flop [Js Jc Ts], Qoker (20), UDF1 (20)
UDF1 bids 9
Qoker bids 5
UDF1 won the auction and was revealed [4s]
Flop [Js Jc Ts], Qoker (20), UDF1 (25)
UDF1 bets 2613
Qoker calls
Turn [Js Jc Ts Kh], Qoker (2633), UDF1 (2638)
UDF1 bets 1272
Qoker calls
River [Js Jc Ts Kh 2s], Qoker (3905), UDF1 (3910)
UDF1 bets 568
Qoker calls
Qoker shows [9d 4s]
UDF1 shows [Ac 6c]
Qoker awarded -4473
UDF1 awarded 4473

Round #40, UDF1 (9629), Qoker (-9629)
UDF1 posts blind: 10
Qoker posts blind: 20
UDF1 received [9s 3s]
Qoker received [Qd Ah]
UDF1 calls
Qoker checks
Flop [8h 2h 4d], UDF1 (20), Qoker (20)
Qoker bids 6
UDF1 bids 11
UDF1 won the auction and was revealed [Qd]
Flop [8h 2h 4d], UDF1 (26), Qoker (20)
Qoker checks
UDF1 bets 2566
Qoker folds
UDF1 awarded 20
Qoker awarded -20

Round #41, Qoker (-9649), UDF1 (9649)
Qoker posts blind: 10
UDF1 posts blind: 20
Qoker received [Kd 2d]
UDF1 received [5s 3h]
Qoker calls
UDF1 checks
Flop [Ah 9s Jd], Qoker (20), UDF1 (20)
UDF1 bids 5
Qoker bids 1
UDF1 won the auction and was revealed [2d]
Flop [Ah 9s Jd], Qoker (20), UDF1 (21)
UDF1 bets 2493
Qoker folds
Qoker awarded -20
UDF1 awarded 20

Round #42, UDF1 (9669), Qoker (-9669)
UDF1 posts blind: 10
Qoker posts blind: 20
UDF1 received [Ks Ad]
Qoker received [4s Ac]
UDF1 raises to 4743
Qoker folds
UDF1 awarded 20
Qoker awarded -20

Round #43, Qoker (-9689), UDF1 (9689)
Qoker posts blind: 10
UDF1 posts blind: 20
Qoker received [7d 3s]
UDF1 received [2c 9s]
Qoker calls
UDF1 raises to 750
Qoker folds
Qoker awarded -20
UDF1 awarded 20

Round #44, UDF1 (9709), Qoker (-9709)
UDF1 posts blind: 10
Qoker posts blind: 20
UDF1 received [Tc Jd]
Qoker received [Ks 4h]
UDF1 calls
Qoker checks
Flop [4c Qc 5c], UDF1 (20), Qoker (20)
Qoker bids 3
UDF1 bids 15
UDF1 won the auction and was revealed [Ks]
Flop [4c Qc 5c], UDF1 (23), Qoker (20)
Qoker checks
UDF1 bets 2689
Qoker calls
Turn [4c Qc 5c 3d], UDF1 (2712), Qoker (2709)
Qoker checks
UDF1 bets 907
Qoker calls
River [4c Qc 5c 3d 8h], UDF1 (3619), Qoker (3616)
Qoker checks
UDF1 bets 551
Qoker calls
UDF1 shows [Tc Jd]
Qoker shows [Ks 4h]
UDF1 awarded -4170
Qoker awarded 4170

Round #45, Qoker (-5539), UDF1 (5539)
Qoker posts blind: 10
UDF1 posts blind: 20
Qoker received [3c Jc]
UDF1 received [Kc 9h]
Qoker calls
UDF1 checks
Flop [6c 4d 2h], Qoker (20), UDF1 (20)
UDF1 bids 0
Qoker bids 0
Qoker won the auction and was revealed [9h]
UDF1 won the auction and was revealed [3c]
Flop [6c 4d 2h], Qoker (20), UDF1 (20)
UDF1 bets 2648
Qoker folds
Qoker awarded -20
UDF1 awarded 20

Round #46, UDF1 (5559), Qoker (-5559)
UDF1 posts blind: 10
Qoker posts blind: 20
UDF1 received [8d 4d]
Qoker received [6s Jc]
UDF1 raises to 742
Qoker folds
UDF1 awarded 20
Qoker awarded -20

Round #47, Qoker (-5579), UDF1 (5579)
Qoker posts blind: 10
UDF1 posts blind: 20
Qoker received [9c 3h]
UDF1 received [4d 5s]
Qoker calls
UDF1 checks
Flop [4s 7d Tc], Qoker (20), UDF1 (20)
UDF1 bids 11
Qoker bids 0
UDF1 won the auction and was revealed [3h]
Flop [4s 7d Tc], Qoker (20), UDF1 (20)
UDF1 bets 3001
Qoker folds
Qoker awarded -20
UDF1 awarded 20

Round #48, UDF1 (5599), Qoker (-5599)
UDF1 posts blind: 10
Qoker posts blind: 20
UDF1 received [Ks Ah]
Qoker received [7d 5h]
UDF1 raises to 4429
Qoker folds
UDF1 awarded 20
Qoker awarded -20

Round #49, Qoker (-5619), UDF1 (5619)
Qoker posts blind: 10
UDF1 posts blind: 20
Qoker received [As 4c]
UDF1 received [3c 7h]
Qoker calls
UDF1 checks
Flop [Jd 4h 5s], Qoker (20), UDF1 (20)
UDF1 bids 16
Qoker bids 2
UDF1 won the auction and was revealed [4c]
Flop [Jd 4h 5s], Qoker (20), UDF1 (22)
UDF1 bets 2697
Qoker calls
Turn [Jd 4h 5s 8c], Qoker (2717), UDF1 (2719)
UDF1 bets 1115
Qoker calls
River [Jd 4h 5s 8c 9s], Qoker (3832), UDF1 (3834)
UDF1 bets 439
Qoker calls
Qoker shows [As 4c]
UDF1 shows [3c 7h]
Qoker awarded 4273
UDF1 awarded -4273

Round #50, UDF1 (1346), Qoker (-1346)
UDF1 posts blind: 10
Qoker posts blind: 20
UDF1 received [8h 6s]
Qoker received [2d 5s]
UDF1 calls
Qoker checks
Flop [7c 8c 9s], UDF1 (20), Qoker (20)
Qoker bids 0
UDF1 bids 5
UDF1 won the auction and was revealed [2d]
Flop [7c 8c 9s], UDF1 (20), Qoker (20)
Qoker checks
UDF1 bets 3007
Qoker folds
UDF1 awarded 20
Qoker awarded -20

Round #51, Qoker (-1366), UDF1 (1366)
Qoker posts blind: 10
UDF1 posts blind: 20
Qoker received [8h 5s]
UDF1 received [3s Ad]
Qoker calls
UDF1 checks
Flop [Qs 2s 5h], Qoker (20), UDF1 (20)
UDF1 bids 4
Qoker bids 3
UDF1 won the auction and was revealed [8h]
Flop [Qs 2s 5h], Qoker (20), UDF1 (23)
UDF1 bets 3204
Qoker calls
Turn [Qs 2s 5h Td], Qoker (3224), UDF1 (3227)
UDF1 bets 1048
Qoker calls
River [Qs 2s 5h Td Tc], Qoker (4272), UDF1 (4275)
UDF1 bets 360
Qoker calls
Qoker shows [8h 5s]
UDF1 shows [3s Ad]
Qoker awarded 4635
UDF1 awarded -4635

Round #52, UDF1 (-3269), Qoker (3269)
UDF1 posts blind: 10
Qoker posts blind: 20
UDF1 received [Kh 2c]
Qoker received [6s Kc]
UDF1 raises to 504
Qoker folds
UDF1 awarded 20
Qoker awarded -20

Round #53, Qoker (3249), UDF1 (-3249)
Qoker posts blind: 10
UDF1 posts blind: 20
Qoker received [9s 5h]
UDF1 received [Ac 9c]
Qoker calls
UDF1 raises to 1756
Qoker folds
Qoker awarded -20
UDF1 awarded 20

Round #54, UDF1 (-3229), Qoker (3229)
UDF1 posts blind: 10
Qoker posts blind: 20
UDF1 received [5h 7s]
Qoker received [Ks 7d]
UDF1 calls
Qoker checks
Flop [6c 7c Kc], UDF1 (20), Qoker (20)
Qoker bids 7
UDF1 bids 10
UDF1 won the auction and was revealed [Ks]
Flop [6c 7c Kc], UDF1 (27), Qoker (20)
Qoker bets 29
UDF1 folds
UDF1 awarded -27
Qoker awarded 27

Round #55, Qoker (3256), UDF1 (-3256)
Qoker posts blind: 10
UDF1 posts blind: 20
Qoker received [7c Jd]
UDF1 received [2s 2c]
Qoker calls
UDF1 checks
Flop [2d Ks 3d], Qoker (20), UDF1 (20)
UDF1 bids 8
Qoker bids 0
UDF1 won the auction and was revealed [Jd]
Flop [2d Ks 3d], Qoker (20), UDF1 (20)
UDF1 bets 3782
Qoker folds
Qoker awarded -20
UDF1 awarded 20

Round #56, UDF1 (-3236), Qoker (3236)
UDF1 posts blind: 10
Qoker posts blind: 20
UDF1 received [5d 9s]
Qoker received [Ad 9c]
UDF1 calls
Qoker checks
Flop [2h 8h Qs], UDF1 (20), Qoker (20)
Qoker bids 5
UDF1 bids 16
UDF1 won the auction and was revealed [9c]
Flop [2h 8h Qs], UDF1 (25), Qoker (20)
Qoker checks
UDF1 bets 2676
Qoker folds
UDF1 awarded 20
Qoker awarded -20

Round #57, Qoker (3216), UDF1 (-3216)
Qoker posts blind: 10
UDF1 posts blind: 20
Qoker received [2h Ts]
UDF1 received [Ac 9s]
Qoker calls
UDF1 checks
Flop [Tc Qs 3h], Qoker (20), UDF1 (20)
UDF1 bids 8
Qoker bids 5
UDF1 won the auction and was revealed [Ts]
Flop [Tc Qs 3h], Qoker (20), UDF1 (25)
UDF1 bets 2144
Qoker calls
Turn [Tc Qs 3h Kc], Qoker (2164), UDF1 (2169)
UDF1 bets 1092
Qoker calls
River [Tc Qs 3h Kc Jh], Qoker (3256), UDF1 (3261)
UDF1 bets 1290
Qoker calls
Qoker shows [2h Ts]
UDF1 shows [Ac 9s]
Qoker awarded -4546
UDF1 awarded 4546

Round #58, UDF1 (1330), Qoker (-1330)
UDF1 posts blind: 10
Qoker posts blind: 20
UDF1 received [Kc 8h]
Qoker received [Qh Td]
UDF1 calls
Qoker checks
Flop [7s 2h 4d], UDF1 (20), Qoker (20)
Qoker bids 0
UDF1 bids 9
UDF1 won the auction and was revealed [Td]
Flop [7s 2h 4d], UDF1 (20), Qoker (20)
Qoker checks
UDF1 bets 2977
Qoker folds
UDF1 awarded 20
Qoker awarded -20

Round #59, Qoker (-1350), UDF1 (1350)
Qoker posts blind: 10
UDF1 posts blind: 20
Qoker received [7h 5h]
UDF1 received [Ac 5c]
Qoker calls
UDF1 checks
Flop [6h 4h 8d], Qoker (20), UDF1 (20)
UDF1 bids 7
Qoker bids 1
UDF1 won the auction and was revealed [7h]
Flop [6h 4h 8d], Qoker (20), UDF1 (21)
UDF1 bets 2434
Qoker raises to 4868
UDF1 calls
Turn [6h 4h 8d 3h], Qoker (4888), UDF1 (4889)
UDF1 bets 59
Qoker raises to 111
UDF1 calls
River [6h 4h 8d 3h Qd], Qoker (4999), UDF1 (5000)
UDF1 checks
Qoker checks
Qoker shows [7h 5h]
UDF1 shows [Ac 5c]
Qoker awarded 5000
UDF1 awarded -5000

Round #60, UDF1 (-3650), Qoker (3650)
UDF1 posts blind: 10
Qoker posts blind: 20
UDF1 received [Ad 5c]
Qoker received [6s 2d]
UDF1 raises to 452
Qoker folds
UDF1 awarded 20
Qoker awarded -20

Round #61, Qoker (3630), UDF1 (-3630)
Qoker posts blind: 10
UDF1 posts blind: 20
Qoker received [4c 9d]
UDF1 received [5c 5d]
Qoker calls
UDF1 raises to 1724
Qoker folds
Qoker awarded -20
UDF1 awarded 20

Round #62, UDF1 (-3610), Qoker (3610)
UDF1 posts blind: 10
Qoker posts blind: 20
UDF1 received [Th 8c]
Qoker received [Jc 3c]
UDF1 folds
UDF1 awarded -10
Qoker awarded 10

Round #63, Qoker (3620), UDF1 (-3620)
Qoker posts blind: 10
UDF1 posts blind: 20
Qoker received [Ah 8c]
UDF1 received [5h 2h]
Qoker calls
UDF1 checks
Flop [8h Qs Th], Qoker (20), UDF1 (20)
UDF1 bids 12
Qoker bids 4
UDF1 won the auction and was revealed [8c]
Flop [8h Qs Th], Qoker (20), UDF1 (24)
UDF1 bets 2481
Qoker calls
Turn [8h Qs Th Jd], Qoker (2501), UDF1 (2505)
UDF1 bets 1185
Qoker calls
River [8h Qs Th Jd Ac], Qoker (3686), UDF1 (3690)
UDF1 bets 592
Qoker calls
Qoker shows [Ah 8c]
UDF1 shows [5h 2h]
Qoker awarded 4282
UDF1 awarded -4282

Round #64, UDF1 (-7902), Qoker (7902)
UDF1 posts blind: 10
Qoker posts blind: 20
UDF1 received [Kc 9c]
Qoker received [Ks 4s]
UDF1 calls
Qoker checks
Flop [5s Qd Qs], UDF1 (20), Qoker (20)
Qoker bids 4
UDF1 bids 11
UDF1 won the auction and was revealed [4s]
Flop [5s Qd Qs], UDF1 (24), Qoker (20)
Qoker checks
UDF1 bets 2539
Qoker calls
Turn [5s Qd Qs 2d], UDF1 (2563), Qoker (2559)
Qoker bets 2437
UDF1 calls
River [5s Qd Qs 2d 6c], UDF1 (5000), Qoker (4996)
Qoker checks
UDF1 checks
UDF1 shows [Kc 9c]
Qoker shows [Ks 4s]
UDF1 awarded 4996
Qoker awarded -4996

Round #65, Qoker (2906), UDF1 (-2906)
Qoker posts blind: 10
UDF1 posts blind: 20
Qoker received [Js Tc]
UDF1 received [7d 8d]
Qoker calls
UDF1 raises to 1993
Qoker calls
Flop [Qh 3d Kc], Qoker (1993), UDF1 (1993)
UDF1 bids 14
Qoker bids 528
Qoker won the auction and was revealed [8d]
Flop [Qh 3d Kc], Qoker (2007), UDF1 (1993)
UDF1 bets 1606
Qoker calls
Turn [Qh 3d Kc Jd], Qoker (3613), UDF1 (3599)
UDF1 bets 750
Qoker raises to 1387
UDF1 calls
River [Qh 3d Kc Jd 2h], Qoker (5000), UDF1 (4986)
UDF1 checks
Qoker checks
Qoker shows [Js Tc]
UDF1 shows [7d 8d]
Qoker awarded 4986
UDF1 awarded -4986

Round #66, UDF1 (-7892), Qoker (7892)
UDF1 posts blind: 10
Qoker posts blind: 20
UDF1 received [9h Qh]
Qoker received [Jc Qc]
UDF1 folds
UDF1 awarded -10
Qoker awarded 10

Round #67, Qoker (7902), UDF1 (-7902)
Qoker posts blind: 10
UDF1 posts blind: 20
Qoker received [6c 5s]
UDF1 received [4c As]
Qoker calls
UDF1 checks
Flop [Th 9d Qh], Qoker (20), UDF1 (20)
UDF1 bids 15
Qoker bids 0
UDF1 won the auction and was revealed [5s]
Flop [Th 9d Qh], Qoker (20), UDF1 (20)
UDF1 bets 2882
Qoker folds
Qoker awarded -20
UDF1 awarded 20

Round #68, UDF1 (-7882), Qoker (7882)
UDF1 posts blind: 10
Qoker posts blind: 20
UDF1 received [7s Ts]
Qoker received [8d 5d]
UDF1 calls
Qoker checks
Flop [Qs 3c 4d], UDF1 (20), Qoker (20)
Qoker bids 0
UDF1 bids 13
UDF1 won the auction and was revealed [5d]
Flop [Qs 3c 4d], UDF1 (20), Qoker (20)
Qoker checks
UDF1 bets 2921
Qoker folds
UDF1 awarded 20
Qoker awarded -20

Round #69, Qoker (7862), UDF1 (-7862)
Qoker posts blind: 10
UDF1 posts blind: 20
Qoker received [3s Js]
UDF1 received [Ks 9s]
Qoker calls
UDF1 checks
Flop [5d 6s Kd], Qoker (20), UDF1 (20)
UDF1 bids 16
Qoker bids 0
UDF1 won the auction and was revealed [3s]
Flop [5d 6s Kd], Qoker (20), UDF1 (20)
UDF1 bets 3306
Qoker folds
Qoker awarded -20
UDF1 awarded 20

Round #70, UDF1 (-7842), Qoker (7842)
UDF1 posts blind: 10
Qoker posts blind: 20
UDF1 received [3c As]
Qoker received [Td Js]
UDF1 folds
UDF1 awarded -10
Qoker awarded 10

Round #71, Qoker (7852), UDF1 (-7852)
Qoker posts blind: 10
UDF1 posts blind: 20
Qoker received [8h Kc]
UDF1 received [9c Ks]
Qoker calls
UDF1 checks
Flop [3s 9d 2d], Qoker (20), UDF1 (20)
UDF1 bids 5
Qoker bids 0
UDF1 won the auction and was revealed [Kc]
Flop [3s 9d 2d], Qoker (20), UDF1 (20)
UDF1 bets 3494
Qoker folds
Qoker awarded -20
UDF1 awarded 20

Round #72, UDF1 (-7832), Qoker (7832)
UDF1 posts blind: 10
Qoker posts blind: 20
UDF1 received [3s Ac]
Qoker received [8s 8c]
UDF1 calls
Qoker checks
Flop [6c 9h Qd], UDF1 (20), Qoker (20)
Qoker bids 2
UDF1 bids 17
UDF1 won the auction and was revealed [8s]
Flop [6c 9h Qd], UDF1 (22), Qoker (20)
Qoker checks
UDF1 bets 2834
Qoker calls
Turn [6c 9h Qd Kd], UDF1 (2856), Qoker (2854)
Qoker checks
UDF1 bets 1231
Qoker calls
River [6c 9h Qd Kd 4h], UDF1 (4087), Qoker (4085)
Qoker checks
UDF1 bets 526
Qoker calls
UDF1 shows [3s Ac]
Qoker shows [8s 8c]
UDF1 awarded -4613
Qoker awarded 4613

Round #73, Qoker (12445), UDF1 (-12445)
Qoker posts blind: 10
UDF1 posts blind: 20
Qoker received [5h Kc]
UDF1 received [2c 6c]
Qoker calls
UDF1 checks
Flop [8c 2s 6s], Qoker (20), UDF1 (20)
UDF1 bids 4
Qoker bids 0
UDF1 won the auction and was revealed [Kc]
Flop [8c 2s 6s], Qoker (20), UDF1 (20)
UDF1 bets 3647
Qoker folds
Qoker awarded -20
UDF1 awarded 20

Round #74, UDF1 (-12425), Qoker (12425)
UDF1 posts blind: 10
Qoker posts blind: 20
UDF1 received [9s 6h]
Qoker received [Qd 7c]
UDF1 raises to 394
Qoker folds
UDF1 awarded 20
Qoker awarded -20

Round #75, Qoker (12405), UDF1 (-12405)
Qoker posts blind: 10
UDF1 posts blind: 20
Qoker received [Qd 9c]
UDF1 received [Qs Kd]
Qoker calls
UDF1 raises to 3413
Qoker folds
Qoker awarded -20
UDF1 awarded 20

Round #76, UDF1 (-12385), Qoker (12385)
UDF1 posts blind: 10
Qoker posts blind: 20
UDF1 received [Ts 2h]
Qoker received [Td 8s]
UDF1 calls
Qoker checks
Flop [Qc As Ks], UDF1 (20), Qoker (20)
Qoker bids 4
UDF1 bids 6
UDF1 won the auction and was revealed [8s]
Flop [Qc As Ks], UDF1 (24), Qoker (20)
Qoker checks
UDF1 bets 2428
Qoker folds
UDF1 awarded 20
Qoker awarded -20

Round #77, Qoker (12365), UDF1 (-12365)
Qoker posts blind: 10
UDF1 posts blind: 20
Qoker received [5d Js]
UDF1 received [Ad Ac]
Qoker calls
UDF1 raises to 4498
Qoker folds
Qoker awarded -20
UDF1 awarded 20

Round #78, UDF1 (-12345), Qoker (12345)
UDF1 posts blind: 10
Qoker posts blind: 20
UDF1 received [Qh Ac]
Qoker received [Ad Kh]
UDF1 raises to 3391
Qoker calls
Flop [4c 7s 8s], UDF1 (3391), Qoker (3391)
Qoker bids 466
UDF1 bids 17
Qoker won the auction and was revealed [Qh]
Flop [4c 7s 8s], UDF1 (3391), Qoker (3408)
Qoker checks
UDF1 bets 817
Qoker calls
Turn [4c 7s 8s 8h], UDF1 (4208), Qoker (4225)
Qoker bets 775
UDF1 calls
River [4c 7s 8s 8h Qd], UDF1 (4983), Qoker (5000)
Qoker checks
UDF1 checks
UDF1 shows [Qh Ac]
Qoker shows [Ad Kh]
UDF1 awarded 5000
Qoker awarded -5000

Round #79, Qoker (7345), UDF1 (-7345)
Qoker posts blind: 10
UDF1 posts blind: 20
Qoker received [3c 9c]
UDF1 received [6c 6h]
Qoker calls
UDF1 raises to 2006
Qoker folds
Qoker awarded -20
UDF1 awarded 20

Round #80, UDF1 (-7325), Qoker (7325)
UDF1 posts blind: 10
Qoker posts blind: 20
UDF1 received [3d 5c]
Qoker received [7d 2h]
UDF1 raises to 641
Qoker folds
UDF1 awarded 20
Qoker awarded -20

Round #81, Qoker (7305), UDF1 (-7305)
Qoker posts blind: 10
UDF1 posts blind: 20
Qoker received [4d Td]
UDF1 received [9h Qc]
Qoker calls
UDF1 checks
Flop [Jc 6s 2s], Qoker (20), UDF1 (20)
UDF1 bids 15
Qoker bids 0
UDF1 won the auction and was revealed [Td]
Flop [Jc 6s 2s], Qoker (20), UDF1 (20)
UDF1 bets 3000
Qoker folds
Qoker awarded -20
UDF1 awarded 20

Round #82, UDF1 (-7285), Qoker (7285)
UDF1 posts blind: 10
Qoker posts blind: 20
UDF1 received [Kd 3s]
Qoker received [7s As]
UDF1 calls
Qoker checks
Flop [Ad 8s 6c], UDF1 (20), Qoker (20)
Qoker bids 5
UDF1 bids 0
Qoker won the auction and was revealed [3s]
Flop [Ad 8s 6c], UDF1 (20), Qoker (20)
Qoker bets 30
UDF1 calls
Turn [Ad 8s 6c Tc], UDF1 (50), Qoker (50)
Qoker bets 74
UDF1 calls
River [Ad 8s 6c Tc 5s], UDF1 (124), Qoker (124)
Qoker bets 173
UDF1 folds
UDF1 awarded -124
Qoker awarded 124

Round #83, Qoker (7409), UDF1 (-7409)
Qoker posts blind: 10
UDF1 posts blind: 20
Qoker received [5c 8c]
UDF1 received [Ac Ad]
Qoker calls
UDF1 raises to 4672
Qoker folds
Qoker awarded -20
UDF1 awarded 20

Round #84, UDF1 (-7389), Qoker (7389)
UDF1 posts blind: 10
Qoker posts blind: 20
UDF1 received [Ah Jh]
Qoker received [Qd 8d]
UDF1 calls
Qoker checks
Flop [4c Th 3d], UDF1 (20), Qoker (20)
Qoker bids 0
UDF1 bids 16
UDF1 won the auction and was revealed [8d]
Flop [4c Th 3d], UDF1 (20), Qoker (20)
Qoker checks
UDF1 bets 3323
Qoker folds
UDF1 awarded 20
Qoker awarded -20

Round #85, Qoker (7369), UDF1 (-7369)
Qoker posts blind: 10
UDF1 posts blind: 20
Qoker received [5c 3d]
UDF1 received [Qc As]
Qoker calls
UDF1 raises to 3842
Qoker folds
Qoker awarded -20
UDF1 awarded 20

Round #86, UDF1 (-7349), Qoker (7349)
UDF1 posts blind: 10
Qoker posts blind: 20
UDF1 received [Qs Td]
Qoker received [Jd 2h]
UDF1 raises to 574
Qoker folds
UDF1 awarded 20
Qoker awarded -20

Round #87, Qoker (7329), UDF1 (-7329)
Qoker posts blind: 10
UDF1 posts blind: 20
Qoker received [Kd As]
UDF1 received [2h 7s]
Qoker calls
UDF1 checks
Flop [Ad 3h 4s], Qoker (20), UDF1 (20)
UDF1 bids 12
Qoker bids 5
UDF1 won the auction and was revealed [Kd]
Flop [Ad 3h 4s], Qoker (20), UDF1 (25)
UDF1 bets 2646
Qoker calls
Turn [Ad 3h 4s 3s], Qoker (2666), UDF1 (2671)
UDF1 bets 1068
Qoker calls
River [Ad 3h 4s 3s 7d], Qoker (3734), UDF1 (3739)
UDF1 bets 795
Qoker calls
Qoker shows [Kd As]
UDF1 shows [2h 7s]
Qoker awarded 4534
UDF1 awarded -4534

Round #88, UDF1 (-11863), Qoker (11863)
UDF1 posts blind: 10
Qoker posts blind: 20
UDF1 received [Jc 9d]
Qoker received [6d Jd]
UDF1 raises to 712
Qoker folds
UDF1 awarded 20
Qoker awarded -20

Round #89, Qoker (11843), UDF1 (-11843)
Qoker posts blind: 10
UDF1 posts blind: 20
Qoker received [8h 2d]
UDF1 received [2c 8d]
Qoker calls
UDF1 checks
Flop [5c 6h 9s], Qoker (20), UDF1 (20)
UDF1 bids 13
Qoker bids 0
UDF1 won the auction and was revealed [2d]
Flop [5c 6h 9s], Qoker (20), UDF1 (20)
UDF1 bets 2937
Qoker folds
Qoker awarded -20
UDF1 awarded 20

Round #90, UDF1 (-11823), Qoker (11823)
UDF1 posts blind: 10
Qoker posts blind: 20
UDF1 received [Jd 7d]
Qoker received [Tc 2h]
UDF1 folds
UDF1 awarded -10
Qoker awarded 10

Round #91, Qoker (11833), UDF1 (-11833)
Qoker posts blind: 10
UDF1 posts blind: 20
Qoker received [Ts Td]
UDF1 received [As 9d]
Qoker raises to 40
UDF1 calls
Flop [5s Qh 6c], Qoker (40), UDF1 (40)
UDF1 bids 17
Qoker bids 13
UDF1 won the auction and was revealed [Ts]
Flop [5s Qh 6c], Qoker (40), UDF1 (53)
UDF1 bets 2631
Qoker calls
Turn [5s Qh 6c Qd], Qoker (2671), UDF1 (2684)
UDF1 bets 1193
Qoker calls
River [5s Qh 6c Qd 9h], Qoker (3864), UDF1 (3877)
UDF1 bets 745
Qoker calls
Qoker shows [Ts Td]
UDF1 shows [As 9d]
Qoker awarded 4622
UDF1 awarded -4622

Round #92, UDF1 (-16455), Qoker (16455)
UDF1 posts blind: 10
Qoker posts blind: 20
UDF1 received [Qh Js]
Qoker received [Jh 3s]
UDF1 calls
Qoker checks
Flop [Ah 3c 9c], UDF1 (20), Qoker (20)
Qoker bids 4
UDF1 bids 13
UDF1 won the auction and was revealed [Jh]
Flop [Ah 3c 9c], UDF1 (24), Qoker (20)
Qoker checks
UDF1 bets 3168
Qoker calls
Turn [Ah 3c 9c 5s], UDF1 (3192), Qoker (3188)
Qoker checks
UDF1 bets 1076
Qoker calls
River [Ah 3c 9c 5s 6c], UDF1 (4268), Qoker (4264)
Qoker checks
UDF1 bets 379
Qoker calls
UDF1 shows [Qh Js]
Qoker shows [Jh 3s]
UDF1 awarded -4647
Qoker awarded 4647

Round #93, Qoker (21102), UDF1 (-21102)
Qoker posts blind: 10
UDF1 posts blind: 20
Qoker received [Js Kc]
UDF1 received [6h Ah]
Qoker calls
UDF1 checks
Flop [3c 2h 7c], Qoker (20), UDF1 (20)
UDF1 bids 6
Qoker bids 0
UDF1 won the auction and was revealed [Kc]
Flop [3c 2h 7c], Qoker (20), UDF1 (20)
UDF1 bets 3103
Qoker folds
Qoker awarded -20
UDF1 awarded 20

Round #94, UDF1 (-21082), Qoker (21082)
UDF1 posts blind: 10
Qoker posts blind: 20
UDF1 received [Kh Qc]
Qoker received [As 5d]
UDF1 calls
Qoker checks
Flop [3s Tc 2h], UDF1 (20), Qoker (20)
Qoker bids 2
UDF1 bids 9
UDF1 won the auction and was revealed [5d]
Flop [3s Tc 2h], UDF1 (22), Qoker (20)
Qoker checks
UDF1 bets 3057
Qoker folds
UDF1 awarded 20
Qoker awarded -20

Round #95, Qoker (21062), UDF1 (-21062)
Qoker posts blind: 10
UDF1 posts blind: 20
Qoker received [Ah As]
UDF1 received [Ac Kc]
Qoker raises to 40
UDF1 raises to 4266
Qoker raises to 5000
UDF1 calls
Flop [4d 9c 2s], Qoker (5000), UDF1 (5000)
UDF1 bids 0
Qoker bids 0
Qoker won the auction and was revealed [Ac]
UDF1 won the auction and was revealed [Ah]
Flop [4d 9c 2s], Qoker (5000), UDF1 (5000)
UDF1 checks
Qoker checks
Turn [4d 9c 2s 4c], Qoker (5000), UDF1 (5000)
UDF1 checks
Qoker checks
River [4d 9c 2s 4c 6s], Qoker (5000), UDF1 (5000)
UDF1 checks
Qoker checks
Qoker shows [Ah As]
UDF1 shows [Ac Kc]
Qoker awarded 5000
UDF1 awarded -5000

Round #96, UDF1 (-26062), Qoker (26062)
UDF1 posts blind: 10
Qoker posts blind: 20
UDF1 received [Js 2s]
Qoker received [3s 7c]
UDF1 raises to 337
Qoker folds
UDF1 awarded 20
Qoker awarded -20

Round #97, Qoker (26042), UDF1 (-26042)
Qoker posts blind: 10
UDF1 posts blind: 20
Qoker received [3c 7h]
UDF1 received [9h 9d]
Qoker calls
UDF1 raises to 3414
Qoker folds
Qoker awarded -20
UDF1 awarded 20

Round #98, UDF1 (-26022), Qoker (26022)
UDF1 posts blind: 10
Qoker posts blind: 20
UDF1 received [2d Qd]
Qoker received [Kc Jh]
UDF1 folds
UDF1 awarded -10
Qoker awarded 10

Round #99, Qoker (26032), UDF1 (-26032)
Qoker posts blind: 10
UDF1 posts blind: 20
Qoker received [Kc 9d]
UDF1 received [Qc Ts]
Qoker calls
UDF1 checks
Flop [5c 3s Jh], Qoker (20), UDF1 (20)
UDF1 bids 13
Qoker bids 0
UDF1 won the auction and was revealed [9d]
Flop [5c 3s Jh], Qoker (20), UDF1 (20)
UDF1 bets 2776
Qoker folds
Qoker awarded -20
UDF1 awarded 20

Round #100, UDF1 (-26012), Qoker (26012)
UDF1 posts blind: 10
Qoker posts blind: 20
UDF1 received [6h 9h]
Qoker received [Jh 2d]
UDF1 folds
UDF1 awarded -10
Qoker awarded 10

Round #101, Qoker (26022), UDF1 (-26022)
Qoker posts blind: 10
UDF1 posts blind: 20
Qoker received [As 7c]
UDF1 received [Ac Js]
Qoker calls
UDF1 raises to 3367
Qoker folds
Qoker awarded -20
UDF1 awarded 20

Round #102, UDF1 (-26002), Qoker (26002)
UDF1 posts blind: 10
Qoker posts blind: 20
UDF1 received [Qh 8h]
Qoker received [7d 6c]
UDF1 folds
UDF1 awarded -10
Qoker awarded 10

Round #103, Qoker (26012), UDF1 (-26012)
Qoker posts blind: 10
UDF1 posts blind: 20
Qoker received [Qh 3s]
UDF1 received [2c 3h]
Qoker calls
UDF1 checks
Flop [Ac Th 4c], Qoker (20), UDF1 (20)
UDF1 bids 5
Qoker bids 5
Qoker won the auction and was revealed [2c]
UDF1 won the auction and was revealed [Qh]
Flop [Ac Th 4c], Qoker (25), UDF1 (25)
UDF1 bets 2757
Qoker folds
Qoker awarded -25
UDF1 awarded 25

Round #104, UDF1 (-25987), Qoker (25987)
UDF1 posts blind: 10
Qoker posts blind: 20
UDF1 received [2c 9c]
Qoker received [Qs 6h]
UDF1 raises to 337
Qoker folds
UDF1 awarded 20
Qoker awarded -20

Round #105, Qoker (25967), UDF1 (-25967)
Qoker posts blind: 10
UDF1 posts blind: 20
Qoker received [9s Jd]
UDF1 received [5s Qs]
Qoker calls
UDF1 checks
Flop [8s 3c 2c], Qoker (20), UDF1 (20)
UDF1 bids 13
Qoker bids 0
UDF1 won the auction and was revealed [9s]
Flop [8s 3c 2c], Qoker (20), UDF1 (20)
UDF1 bets 2938
Qoker folds
Qoker awarded -20
UDF1 awarded 20

Round #106, UDF1 (-25947), Qoker (25947)
UDF1 posts blind: 10
Qoker posts blind: 20
UDF1 received [4c 6c]
Qoker received [5d 2s]
UDF1 folds
UDF1 awarded -10
Qoker awarded 10

Round #107, Qoker (25957), UDF1 (-25957)
Qoker posts blind: 10
UDF1 posts blind: 20
Qoker received [8c Qh]
UDF1 received [3h 4h]
Qoker calls
UDF1 checks
Flop [2h 9h Qs], Qoker (20), UDF1 (20)
UDF1 bids 8
Qoker bids 6
UDF1 won the auction and was revealed [8c]
Flop [2h 9h Qs], Qoker (20), UDF1 (26)
UDF1 bets 2938
Qoker calls
Turn [2h 9h Qs 8h], Qoker (2958), UDF1 (2964)
UDF1 bets 1473
Qoker calls
River [2h 9h Qs 8h 3c], Qoker (4431), UDF1 (4437)
UDF1 bets 388
Qoker calls
Qoker shows [8c Qh]
UDF1 shows [3h 4h]
Qoker awarded -4819
UDF1 awarded 4819

Round #108, UDF1 (-21138), Qoker (21138)
UDF1 posts blind: 10
Qoker posts blind: 20
UDF1 received [2d Kc]
Qoker received [6s 9s]
UDF1 folds
UDF1 awarded -10
Qoker awarded 10

Round #109, Qoker (21148), UDF1 (-21148)
Qoker posts blind: 10
UDF1 posts blind: 20
Qoker received [4s Qc]
UDF1 received [Kd 2d]
Qoker calls
UDF1 checks
Flop [3s 4h Td], Qoker (20), UDF1 (20)
UDF1 bids 6
Qoker bids 3
UDF1 won the auction and was revealed [4s]
Flop [3s 4h Td], Qoker (20), UDF1 (23)
UDF1 bets 2542
Qoker calls
Turn [3s 4h Td 3d], Qoker (2562), UDF1 (2565)
UDF1 bets 1130
Qoker calls
River [3s 4h Td 3d 5s], Qoker (3692), UDF1 (3695)
UDF1 bets 467
Qoker calls
Qoker shows [4s Qc]
UDF1 shows [Kd 2d]
Qoker awarded 4162
UDF1 awarded -4162

Round #110, UDF1 (-25310), Qoker (25310)
UDF1 posts blind: 10
Qoker posts blind: 20
UDF1 received [8c 2d]
Qoker received [Ks 6h]
UDF1 calls
Qoker checks
Flop [2c 7c 7h], UDF1 (20), Qoker (20)
Qoker bids 5
UDF1 bids 17
UDF1 won the auction and was revealed [6h]
Flop [2c 7c 7h], UDF1 (25), Qoker (20)
Qoker checks
UDF1 bets 2973
Qoker calls
Turn [2c 7c 7h 7s], UDF1 (2998), Qoker (2993)
Qoker bets 2002
UDF1 calls
River [2c 7c 7h 7s Qd], UDF1 (5000), Qoker (4995)
Qoker checks
UDF1 checks
UDF1 shows [8c 2d]
Qoker shows [Ks 6h]
UDF1 awarded 4995
Qoker awarded -4995

Round #111, Qoker (20315), UDF1 (-20315)
Qoker posts blind: 10
UDF1 posts blind: 20
Qoker received [4d Jd]
UDF1 received [Js 4s]
Qoker calls
UDF1 checks
Flop [4c 2h 6d], Qoker (20), UDF1 (20)
UDF1 bids 8
Qoker bids 3
UDF1 won the auction and was revealed [Jd]
Flop [4c 2h 6d], Qoker (20), UDF1 (23)
UDF1 bets 2851
Qoker calls
Turn [4c 2h 6d 6c], Qoker (2871), UDF1 (2874)
UDF1 bets 1298
Qoker calls
River [4c 2h 6d 6c 5d], Qoker (4169), UDF1 (4172)
UDF1 bets 538
Qoker calls
Qoker shows [4d Jd]
UDF1 shows [Js 4s]
Qoker awarded 1
UDF1 awarded -1

Round #112, UDF1 (-20316), Qoker (20316)
UDF1 posts blind: 10
Qoker posts blind: 20
UDF1 received [6d 4c]
Qoker received [7s 4s]
UDF1 calls
Qoker checks
Flop [5c 3d 9d], UDF1 (20), Qoker (20)
Qoker bids 0
UDF1 bids 15
UDF1 won the auction and was revealed [4s]
Flop [5c 3d 9d], UDF1 (20), Qoker (20)
Qoker checks
UDF1 bets 2620
Qoker folds
UDF1 awarded 20
Qoker awarded -20

Round #113, Qoker (20296), UDF1 (-20296)
Qoker posts blind: 10
UDF1 posts blind: 20
Qoker received [6h 7s]
UDF1 received [4s Td]
Qoker calls
UDF1 checks
Flop [2h Js Jc], Qoker (20), UDF1 (20)
UDF1 bids 10
Qoker bids 4
UDF1 won the auction and was revealed [6h]
Flop [2h Js Jc], Qoker (20), UDF1 (24)
UDF1 bets 2516
Qoker calls
Turn [2h Js Jc 4d], Qoker (2536), UDF1 (2540)
UDF1 bets 1508
Qoker calls
River [2h Js Jc 4d Qs], Qoker (4044), UDF1 (4048)
UDF1 bets 603
Qoker calls
Qoker shows [6h 7s]
UDF1 shows [4s Td]
Qoker awarded -4647
UDF1 awarded 4647

Round #114, UDF1 (-15649), Qoker (15649)
UDF1 posts blind: 10
Qoker posts blind: 20
UDF1 received [Jh 5d]
Qoker received [Ac Qh]
UDF1 folds
UDF1 awarded -10
Qoker awarded 10

Round #115, Qoker (15659), UDF1 (-15659)
Qoker posts blind: 10
UDF1 posts blind: 20
Qoker received [6d 9c]
UDF1 received [Qs 4c]
Qoker calls
UDF1 checks
Flop [Jh Qd Js], Qoker (20), UDF1 (20)
UDF1 bids 5
Qoker bids 4
UDF1 won the auction and was revealed [6d]
Flop [Jh Qd Js], Qoker (20), UDF1 (24)
UDF1 bets 3160
Qoker calls
Turn [Jh Qd Js 9s], Qoker (3180), UDF1 (3184)
UDF1 bets 1115
Qoker calls
River [Jh Qd Js 9s 6s], Qoker (4295), UDF1 (4299)
UDF1 bets 390
Qoker calls
Qoker shows [6d 9c]
UDF1 shows [Qs 4c]
Qoker awarded -4685
UDF1 awarded 4685

Round #116, UDF1 (-10974), Qoker (10974)
UDF1 posts blind: 10
Qoker posts blind: 20
UDF1 received [3d 5s]
Qoker received [Jd Ts]
UDF1 calls
Qoker checks
Flop [6h 4h Kc], UDF1 (20), Qoker (20)
Qoker bids 0
UDF1 bids 16
UDF1 won the auction and was revealed [Jd]
Flop [6h 4h Kc], UDF1 (20), Qoker (20)
Qoker checks
UDF1 bets 2647
Qoker folds
UDF1 awarded 20
Qoker awarded -20

Round #117, Qoker (10954), UDF1 (-10954)
Qoker posts blind: 10
UDF1 posts blind: 20
Qoker received [5s Qh]
UDF1 received [Tc 7h]
Qoker calls
UDF1 checks
Flop [Kd 5d 2c], Qoker (20), UDF1 (20)
UDF1 bids 14
Qoker bids 3
UDF1 won the auction and was revealed [5s]
Flop [Kd 5d 2c], Qoker (20), UDF1 (23)
UDF1 bets 2321
Qoker calls
Turn [Kd 5d 2c 7d], Qoker (2341), UDF1 (2344)
UDF1 bets 1431
Qoker calls
River [Kd 5d 2c 7d 3s], Qoker (3772), UDF1 (3775)
UDF1 bets 736
Qoker calls
Qoker shows [5s Qh]
UDF1 shows [Tc 7h]
Qoker awarded -4508
UDF1 awarded 4508

Round #118, UDF1 (-6446), Qoker (6446)
UDF1 posts blind: 10
Qoker posts blind: 20
UDF1 received [2c 3s]
Qoker received [9h 4h]
UDF1 folds
UDF1 awarded -10
Qoker awarded 10

Round #119, Qoker (6456), UDF1 (-6456)
Qoker posts blind: 10
UDF1 posts blind: 20
Qoker received [9h 6c]
UDF1 received [Ad Js]
Qoker calls
UDF1 raises to 3737
Qoker folds
Qoker awarded -20
UDF1 awarded 20

Round #120, UDF1 (-6436), Qoker (6436)
UDF1 posts blind: 10
Qoker posts blind: 20
UDF1 received [Tc Kd]
Qoker received [3c 7c]
UDF1 calls
Qoker checks
Flop [4h Qc 9c], UDF1 (20), Qoker (20)
Qoker bids 5
UDF1 bids 14
UDF1 won the auction and was revealed [3c]
Flop [4h Qc 9c], UDF1 (25), Qoker (20)
Qoker checks
UDF1 bets 3145
Qoker calls
Turn [4h Qc 9c Ks], UDF1 (3170), Qoker (3165)
Qoker checks
UDF1 bets 1300
Qoker calls
River [4h Qc 9c Ks Qd], UDF1 (4470), Qoker (4465)
Qoker bets 530
UDF1 calls
UDF1 shows [Tc Kd]
Qoker shows [3c 7c]
UDF1 awarded 4995
Qoker awarded -4995

Round #121, Qoker (1441), UDF1 (-1441)
Qoker posts blind: 10
UDF1 posts blind: 20
Qoker received [9s 7s]
UDF1 received [Ad 2c]
Qoker calls
UDF1 checks
Flop [2s 2d Kd], Qoker (20), UDF1 (20)
UDF1 bids 14
Qoker bids 3
UDF1 won the auction and was revealed [9s]
Flop [2s 2d Kd], Qoker (20), UDF1 (23)
UDF1 bets 3104
Qoker calls
Turn [2s 2d Kd 4d], Qoker (3124), UDF1 (3127)
UDF1 bets 1123
Qoker calls
River [2s 2d Kd 4d Qs], Qoker (4247), UDF1 (4250)
UDF1 bets 438
Qoker calls
Qoker shows [9s 7s]
UDF1 shows [Ad 2c]
Qoker awarded -4685
UDF1 awarded 4685

Round #122, UDF1 (3244), Qoker (-3244)
UDF1 posts blind: 10
Qoker posts blind: 20
UDF1 received [Jh 5d]
Qoker received [4h 6d]
UDF1 calls
Qoker checks
Flop [9d Ts 3c], UDF1 (20), Qoker (20)
Qoker bids 0
UDF1 bids 15
UDF1 won the auction and was revealed [4h]
Flop [9d Ts 3c], UDF1 (20), Qoker (20)
Qoker checks
UDF1 bets 2676
Qoker folds
UDF1 awarded 20
Qoker awarded -20

Round #123, Qoker (-3264), UDF1 (3264)
Qoker posts blind: 10
UDF1 posts blind: 20
Qoker received [9c 2d]
UDF1 received [8h Js]
Qoker calls
UDF1 checks
Flop [Ac 4h 7c], Qoker (20), UDF1 (20)
UDF1 bids 9
Qoker bids 2
UDF1 won the auction and was revealed [9c]
Flop [Ac 4h 7c], Qoker (20), UDF1 (22)
UDF1 bets 2509
Qoker folds
Qoker awarded -20
UDF1 awarded 20

Round #124, UDF1 (3284), Qoker (-3284)
UDF1 posts blind: 10
Qoker posts blind: 20
UDF1 received [5s 9h]
Qoker received [2d 5h]
UDF1 raises to 337
Qoker folds
UDF1 awarded 20
Qoker awarded -20

Round #125, Qoker (-3304), UDF1 (3304)
Qoker posts blind: 10
UDF1 posts blind: 20
Qoker received [Jc 7d]
UDF1 received [Ah Ac]
Qoker calls
UDF1 raises to 4583
Qoker folds
Qoker awarded -20
UDF1 awarded 20

Round #126, UDF1 (3324), Qoker (-3324)
UDF1 posts blind: 10
Qoker posts blind: 20
UDF1 received [5c Js]
Qoker received [6d 2c]
UDF1 raises to 337
Qoker folds
UDF1 awarded 20
Qoker awarded -20

Round #127, Qoker (-3344), UDF1 (3344)
Qoker posts blind: 10
UDF1 posts blind: 20
Qoker received [Qd 9s]
UDF1 received [Ks Tc]
Qoker calls
UDF1 checks
Flop [5h Qh Ts], Qoker (20), UDF1 (20)
UDF1 bids 7
Qoker bids 7
Qoker won the auction and was revealed [Ks]
UDF1 won the auction and was revealed [Qd]
Flop [5h Qh Ts], Qoker (27), UDF1 (27)
UDF1 bets 2292
Qoker calls
Turn [5h Qh Ts As], Qoker (2319), UDF1 (2319)
UDF1 bets 1153
Qoker calls
River [5h Qh Ts As 2c], Qoker (3472), UDF1 (3472)
UDF1 bets 629
Qoker calls
Qoker shows [Qd 9s]
UDF1 shows [Ks Tc]
Qoker awarded 4101
UDF1 awarded -4101

Round #128, UDF1 (-757), Qoker (757)
UDF1 posts blind: 10
Qoker posts blind: 20
UDF1 received [Ks Kh]
Qoker received [9c Jd]
UDF1 raises to 4285
Qoker folds
UDF1 awarded 20
Qoker awarded -20

Round #129, Qoker (737), UDF1 (-737)
Qoker posts blind: 10
UDF1 posts blind: 20
Qoker received [7c 2h]
UDF1 received [3c 5d]
Qoker calls
UDF1 checks
Flop [4c Js 7h], Qoker (20), UDF1 (20)
UDF1 bids 13
Qoker bids 3
UDF1 won the auction and was revealed [7c]
Flop [4c Js 7h], Qoker (20), UDF1 (23)
UDF1 bets 2563
Qoker calls
Turn [4c Js 7h 6d], Qoker (2583), UDF1 (2586)
UDF1 bets 1585
Qoker calls
River [4c Js 7h 6d Ad], Qoker (4168), UDF1 (4171)
UDF1 bets 568
Qoker calls
Qoker shows [7c 2h]
UDF1 shows [3c 5d]
Qoker awarded -4736
UDF1 awarded 4736

Round #130, UDF1 (3999), Qoker (-3999)
UDF1 posts blind: 10
Qoker posts blind: 20
UDF1 received [3h 5s]
Qoker received [9s 6d]
UDF1 calls
Qoker checks
Flop [Kd As Qs], UDF1 (20), Qoker (20)
Qoker bids 2
UDF1 bids 0
Qoker won the auction and was revealed [5s]
Flop [Kd As Qs], UDF1 (20), Qoker (20)
Qoker checks
UDF1 bets 2349
Qoker folds
UDF1 awarded 20
Qoker awarded -20

Round #131, Qoker (-4019), UDF1 (4019)
Qoker posts blind: 10
UDF1 posts blind: 20
Qoker received [Jd Ac]
UDF1 received [2d 5h]
Qoker calls
UDF1 checks
Flop [2s 6h 5s], Qoker (20), UDF1 (20)
UDF1 bids 13
Qoker bids 4
UDF1 won the auction and was revealed [Jd]
Flop [2s 6h 5s], Qoker (20), UDF1 (24)
UDF1 bets 3565
Qoker folds
Qoker awarded -20
UDF1 awarded 20

Round #132, UDF1 (4039), Qoker (-4039)
UDF1 posts blind: 10
Qoker posts blind: 20
UDF1 received [7h 4c]
Qoker received [4s 5c]
UDF1 folds
UDF1 awarded -10
Qoker awarded 10

Round #133, Qoker (-4029), UDF1 (4029)
Qoker posts blind: 10
UDF1 posts blind: 20
Qoker received [3c Kh]
UDF1 received [2s 8h]
Qoker calls
UDF1 checks
Flop [Qd Jc Ac], Qoker (20), UDF1 (20)
UDF1 bids 9
Qoker bids 4
UDF1 won the auction and was revealed [Kh]
Flop [Qd Jc Ac], Qoker (20), UDF1 (24)
UDF1 bets 2038
Qoker calls
Turn [Qd Jc Ac 5c], Qoker (2058), UDF1 (2062)
UDF1 bets 923
Qoker calls
River [Qd Jc Ac 5c 4h], Qoker (2981), UDF1 (2985)
UDF1 bets 693
Qoker calls
Qoker shows [3c Kh]
UDF1 shows [2s 8h]
Qoker awarded 3678
UDF1 awarded -3678

Round #134, UDF1 (351), Qoker (-351)
UDF1 posts blind: 10
Qoker posts blind: 20
UDF1 received [Ah Jc]
Qoker received [Qs 9d]
UDF1 raises to 3731
Qoker folds
UDF1 awarded 20
Qoker awarded -20

Round #135, Qoker (-371), UDF1 (371)
Qoker posts blind: 10
UDF1 posts blind: 20
Qoker received [5c 7s]
UDF1 received [7c As]
Qoker calls
UDF1 checks
Flop [5d 2h 4c], Qoker (20), UDF1 (20)
UDF1 bids 0
Qoker bids 5
Qoker won the auction and was revealed [As]
Flop [5d 2h 4c], Qoker (20), UDF1 (20)
UDF1 bets 2977
Qoker calls
Turn [5d 2h 4c Ac], Qoker (2997), UDF1 (2997)
UDF1 bets 1249
Qoker calls
River [5d 2h 4c Ac 9s], Qoker (4246), UDF1 (4246)
UDF1 bets 446
Qoker calls
Qoker shows [5c 7s]
UDF1 shows [7c As]
Qoker awarded -4692
UDF1 awarded 4692

Round #136, UDF1 (5063), Qoker (-5063)
UDF1 posts blind: 10
Qoker posts blind: 20
UDF1 received [Qc Qs]
Qoker received [2d Ks]
UDF1 raises to 4337
Qoker folds
UDF1 awarded 20
Qoker awarded -20

Round #137, Qoker (-5083), UDF1 (5083)
Qoker posts blind: 10
UDF1 posts blind: 20
Qoker received [7c 9c]
UDF1 received [4c 2c]
Qoker calls
UDF1 checks
Flop [Qs Js Kc], Qoker (20), UDF1 (20)
UDF1 bids 6
Qoker bids 0
UDF1 won the auction and was revealed [7c]
Flop [Qs Js Kc], Qoker (20), UDF1 (20)
UDF1 bets 2363
Qoker folds
Qoker awarded -20
UDF1 awarded 20

Round #138, UDF1 (5103), Qoker (-5103)
UDF1 posts blind: 10
Qoker posts blind: 20
UDF1 received [Js Ac]
Qoker received [6h 4d]
UDF1 raises to 3572
Qoker folds
UDF1 awarded 20
Qoker awarded -20

Round #139, Qoker (-5123), UDF1 (5123)
Qoker posts blind: 10
UDF1 posts blind: 20
Qoker received [6h Ks]
UDF1 received [2c 6d]
Qoker calls
UDF1 checks
Flop [5c As 9c], Qoker (20), UDF1 (20)
UDF1 bids 6
Qoker bids 5
UDF1 won the auction and was revealed [Ks]
Flop [5c As 9c], Qoker (20), UDF1 (25)
UDF1 bets 2720
Qoker folds
Qoker awarded -20
UDF1 awarded 20

Round #140, UDF1 (5143), Qoker (-5143)
UDF1 posts blind: 10
Qoker posts blind: 20
UDF1 received [Kc 7s]
Qoker received [8c 2d]
UDF1 raises to 337
Qoker folds
UDF1 awarded 20
Qoker awarded -20

Round #141, Qoker (-5163), UDF1 (5163)
Qoker posts blind: 10
UDF1 posts blind: 20
Qoker received [3c Kh]
UDF1 received [Ks 7c]
Qoker calls
UDF1 checks
Flop [Ad 9h 3s], Qoker (20), UDF1 (20)
UDF1 bids 17
Qoker bids 2
UDF1 won the auction and was revealed [3c]
Flop [Ad 9h 3s], Qoker (20), UDF1 (22)
UDF1 bets 2674
Qoker calls
Turn [Ad 9h 3s Kd], Qoker (2694), UDF1 (2696)
UDF1 bets 1537
Qoker calls
River [Ad 9h 3s Kd Qs], Qoker (4231), UDF1 (4233)
UDF1 bets 525
Qoker calls
Qoker shows [3c Kh]
UDF1 shows [Ks 7c]
Qoker awarded 4758
UDF1 awarded -4758

Round #142, UDF1 (405), Qoker (-405)
UDF1 posts blind: 10
Qoker posts blind: 20
UDF1 received [Kd 3s]
Qoker received [2s 7c]
UDF1 calls
Qoker checks
Flop [4h 3c Ac], UDF1 (20), Qoker (20)
Qoker bids 4
UDF1 bids 18
UDF1 won the auction and was revealed [7c]
Flop [4h 3c Ac], UDF1 (24), Qoker (20)
Qoker checks
UDF1 bets 3067
Qoker folds
UDF1 awarded 20
Qoker awarded -20

Round #143, Qoker (-425), UDF1 (425)
Qoker posts blind: 10
UDF1 posts blind: 20
Qoker received [Kd 2d]
UDF1 received [4c 8d]
Qoker calls
UDF1 checks
Flop [6h Jd Kc], Qoker (20), UDF1 (20)
UDF1 bids 10
Qoker bids 7
UDF1 won the auction and was revealed [Kd]
Flop [6h Jd Kc], Qoker (20), UDF1 (27)
UDF1 bets 1959
Qoker calls
Turn [6h Jd Kc Qh], Qoker (1979), UDF1 (1986)
UDF1 bets 1280
Qoker calls
River [6h Jd Kc Qh Js], Qoker (3259), UDF1 (3266)
UDF1 bets 692
Qoker calls
Qoker shows [Kd 2d]
UDF1 shows [4c 8d]
Qoker awarded 3958
UDF1 awarded -3958

Round #144, UDF1 (-3533), Qoker (3533)
UDF1 posts blind: 10
Qoker posts blind: 20
UDF1 received [3h Kc]
Qoker received [Qd Tc]
UDF1 raises to 337
Qoker calls
Flop [6c 3d 5d], UDF1 (337), Qoker (337)
Qoker bids 0
UDF1 bids 9
UDF1 won the auction and was revealed [Tc]
Flop [6c 3d 5d], UDF1 (337), Qoker (337)
Qoker checks
UDF1 bets 2452
Qoker folds
UDF1 awarded 337
Qoker awarded -337

Round #145, Qoker (3196), UDF1 (-3196)
Qoker posts blind: 10
UDF1 posts blind: 20
Qoker received [Qh Kd]
UDF1 received [Ts 7c]
Qoker calls
UDF1 checks
Flop [2d 6c 9s], Qoker (20), UDF1 (20)
UDF1 bids 13
Qoker bids 0
UDF1 won the auction and was revealed [Qh]
Flop [2d 6c 9s], Qoker (20), UDF1 (20)
UDF1 bets 2408
Qoker folds
Qoker awarded -20
UDF1 awarded 20

Round #146, UDF1 (-3176), Qoker (3176)
UDF1 posts blind: 10
Qoker posts blind: 20
UDF1 received [7s Jd]
Qoker received [6d Th]
UDF1 calls
Qoker checks
Flop [2s Qs 2h], UDF1 (20), Qoker (20)
Qoker bids 4
UDF1 bids 16
UDF1 won the auction and was revealed [6d]
Flop [2s Qs 2h], UDF1 (24), Qoker (20)
Qoker checks
UDF1 bets 2639
Qoker calls
Turn [2s Qs 2h 4c], UDF1 (2663), Qoker (2659)
Qoker checks
UDF1 bets 1117
Qoker calls
River [2s Qs 2h 4c 3c], UDF1 (3780), Qoker (3776)
Qoker checks
UDF1 bets 554
Qoker calls
UDF1 shows [7s Jd]
Qoker shows [6d Th]
UDF1 awarded 4330
Qoker awarded -4330

Round #147, Qoker (-1154), UDF1 (1154)
Qoker posts blind: 10
UDF1 posts blind: 20
Qoker received [4c Kh]
UDF1 received [Qh 3d]
Qoker calls
UDF1 checks
Flop [8d 7s Qc], Qoker (20), UDF1 (20)
UDF1 bids 11
Qoker bids 0
UDF1 won the auction and was revealed [4c]
Flop [8d 7s Qc], Qoker (20), UDF1 (20)
UDF1 bets 3290
Qoker folds
Qoker awarded -20
UDF1 awarded 20

Round #148, UDF1 (1174), Qoker (-1174)
UDF1 posts blind: 10
Qoker posts blind: 20
UDF1 received [9h Jd]
Qoker received [Kc 6d]
UDF1 calls
Qoker checks
Flop [7d 7s 4c], UDF1 (20), Qoker (20)
Qoker bids 5
UDF1 bids 13
UDF1 won the auction and was revealed [Kc]
Flop [7d 7s 4c], UDF1 (25), Qoker (20)
Qoker checks
UDF1 bets 2125
Qoker calls
Turn [7d 7s 4c 4d], UDF1 (2150), Qoker (2145)
Qoker bets 2687
UDF1 folds
UDF1 awarded -2150
Qoker awarded 2150

Round #149, Qoker (976), UDF1 (-976)
Qoker posts blind: 10
UDF1 posts blind: 20
Qoker received [3s Kh]
UDF1 received [5d 3d]
Qoker calls
UDF1 checks
Flop [Tc 8c 6h], Qoker (20), UDF1 (20)
UDF1 bids 15
Qoker bids 0
UDF1 won the auction and was revealed [Kh]
Flop [Tc 8c 6h], Qoker (20), UDF1 (20)
UDF1 bets 2338
Qoker folds
Qoker awarded -20
UDF1 awarded 20

Round #150, UDF1 (-956), Qoker (956)
UDF1 posts blind: 10
Qoker posts blind: 20
UDF1 received [Kh 8d]
Qoker received [3h Kc]
UDF1 calls
Qoker checks
Flop [8s 4h 7s], UDF1 (20), Qoker (20)
Qoker bids 0
UDF1 bids 11
UDF1 won the auction and was revealed [Kc]
Flop [8s 4h 7s], UDF1 (20), Qoker (20)
Qoker checks
UDF1 bets 3130
Qoker folds
UDF1 awarded 20
Qoker awarded -20

Round #151, Qoker (936), UDF1 (-936)
Qoker posts blind: 10
UDF1 posts blind: 20
Qoker received [4c Td]
UDF1 received [Ad 3d]
Qoker calls
UDF1 checks
Flop [As 4h 4s], Qoker (20), UDF1 (20)
UDF1 bids 8
Qoker bids 5
UDF1 won the auction and was revealed [4c]
Flop [As 4h 4s], Qoker (20), UDF1 (25)
UDF1 bets 2008
Qoker raises to 4016
UDF1 folds
Qoker awarded 2033
UDF1 awarded -2033

Round #152, UDF1 (-2969), Qoker (2969)
UDF1 posts blind: 10
Qoker posts blind: 20
UDF1 received [5c 9s]
Qoker received [9h 2h]
UDF1 calls
Qoker checks
Flop [Jh Td 5s], UDF1 (20), Qoker (20)
Qoker bids 0
UDF1 bids 9
UDF1 won the auction and was revealed [9h]
Flop [Jh Td 5s], UDF1 (20), Qoker (20)
Qoker checks
UDF1 bets 3314
Qoker folds
UDF1 awarded 20
Qoker awarded -20

Round #153, Qoker (2949), UDF1 (-2949)
Qoker posts blind: 10
UDF1 posts blind: 20
Qoker received [2h Tc]
UDF1 received [2d Ac]
Qoker calls
UDF1 raises to 337
Qoker folds
Qoker awarded -20
UDF1 awarded 20

Round #154, UDF1 (-2929), Qoker (2929)
UDF1 posts blind: 10
Qoker posts blind: 20
UDF1 received [Js 3h]
Qoker received [Ks 9h]
UDF1 folds
UDF1 awarded -10
Qoker awarded 10

Round #155, Qoker (2939), UDF1 (-2939)
Qoker posts blind: 10
UDF1 posts blind: 20
Qoker received [8s 9s]
UDF1 received [8h Jd]
Qoker calls
UDF1 raises to 337
Qoker calls
Flop [Kc Ks 3d], Qoker (337), UDF1 (337)
UDF1 bids 7
Qoker bids 66
Qoker won the auction and was revealed [8h]
Flop [Kc Ks 3d], Qoker (344), UDF1 (337)
UDF1 bets 2156
Qoker calls
Turn [Kc Ks 3d Qh], Qoker (2500), UDF1 (2493)
UDF1 bets 1167
Qoker calls
River [Kc Ks 3d Qh As], Qoker (3667), UDF1 (3660)
UDF1 bets 685
Qoker calls
Qoker shows [8s 9s]
UDF1 shows [8h Jd]
Qoker awarded -4352
UDF1 awarded 4352

Round #156, UDF1 (1413), Qoker (-1413)
UDF1 posts blind: 10
Qoker posts blind: 20
UDF1 received [Td Qs]
Qoker received [2s Ks]
UDF1 folds
UDF1 awarded -10
Qoker awarded 10

Round #157, Qoker (-1403), UDF1 (1403)
Qoker posts blind: 10
UDF1 posts blind: 20
Qoker received [Jc 6h]
UDF1 received [8s 6c]
Qoker calls
UDF1 checks
Flop [9s 4h 9h], Qoker (20), UDF1 (20)
UDF1 bids 0
Qoker bids 4
Qoker won the auction and was revealed [6c]
Flop [9s 4h 9h], Qoker (20), UDF1 (20)
UDF1 bets 2298
Qoker calls
Turn [9s 4h 9h 6d], Qoker (2318), UDF1 (2318)
UDF1 bets 1520
Qoker calls
River [9s 4h 9h 6d 9c], Qoker (3838), UDF1 (3838)
UDF1 bets 678
Qoker raises to 1162
UDF1 calls
Qoker shows [Jc 6h]
UDF1 shows [8s 6c]
Qoker awarded 0
UDF1 awarded 0

Round #158, UDF1 (1403), Qoker (-1403)
UDF1 posts blind: 10
Qoker posts blind: 20
UDF1 received [4d 7d]
Qoker received [As Kh]
UDF1 calls
Qoker checks
Flop [2d 8h 9s], UDF1 (20), Qoker (20)
Qoker bids 3
UDF1 bids 7
UDF1 won the auction and was revealed [As]
Flop [2d 8h 9s], UDF1 (23), Qoker (20)
Qoker checks
UDF1 bets 2777
Qoker folds
UDF1 awarded 20
Qoker awarded -20

Round #159, Qoker (-1423), UDF1 (1423)
Qoker posts blind: 10
UDF1 posts blind: 20
Qoker received [4d 4s]
UDF1 received [3d Js]
Qoker calls
UDF1 raises to 337
Qoker calls
Flop [9s 2d Ts], Qoker (337), UDF1 (337)
UDF1 bids 14
Qoker bids 90
Qoker won the auction and was revealed [Js]
Flop [9s 2d Ts], Qoker (351), UDF1 (337)
UDF1 bets 2684
Qoker calls
Turn [9s 2d Ts Kc], Qoker (3035), UDF1 (3021)
UDF1 bets 986
Qoker calls
River [9s 2d Ts Kc Ad], Qoker (4021), UDF1 (4007)
UDF1 bets 492
Qoker calls
Qoker shows [4d 4s]
UDF1 shows [3d Js]
Qoker awarded 4499
UDF1 awarded -4499

Round #160, UDF1 (-3076), Qoker (3076)
UDF1 posts blind: 10
Qoker posts blind: 20
UDF1 received [4c 9c]
Qoker received [7h 8s]
UDF1 folds
UDF1 awarded -10
Qoker awarded 10

Round #161, Qoker (3086), UDF1 (-3086)
Qoker posts blind: 10
UDF1 posts blind: 20
Qoker received [5d 5c]
UDF1 received [Jd Qh]
Qoker calls
UDF1 checks
Flop [3c 7s 5h], Qoker (20), UDF1 (20)
UDF1 bids 15
Qoker bids 5
UDF1 won the auction and was revealed [5d]
Flop [3c 7s 5h], Qoker (20), UDF1 (25)
UDF1 bets 2021
Qoker raises to 4042
UDF1 folds
Qoker awarded 2046
UDF1 awarded -2046

Round #162, UDF1 (-5132), Qoker (5132)
UDF1 posts blind: 10
Qoker posts blind: 20
UDF1 received [Jh Kd]
Qoker received [2h 5h]
UDF1 calls
Qoker checks
Flop [8s Tc Qc], UDF1 (20), Qoker (20)
Qoker bids 0
UDF1 bids 12
UDF1 won the auction and was revealed [5h]
Flop [8s Tc Qc], UDF1 (20), Qoker (20)
Qoker checks
UDF1 bets 2912
Qoker folds
UDF1 awarded 20
Qoker awarded -20

Round #163, Qoker (5112), UDF1 (-5112)
Qoker posts blind: 10
UDF1 posts blind: 20
Qoker received [3c 5s]
UDF1 received [Qh Js]
Qoker calls
UDF1 raises to 1519
Qoker folds
Qoker awarded -20
UDF1 awarded 20

Round #164, UDF1 (-5092), Qoker (5092)
UDF1 posts blind: 10
Qoker posts blind: 20
UDF1 received [4d 8d]
Qoker received [8s 7c]
UDF1 raises to 337
Qoker folds
UDF1 awarded 20
Qoker awarded -20

Round #165, Qoker (5072), UDF1 (-5072)
Qoker posts blind: 10
UDF1 posts blind: 20
Qoker received [Tc 2h]
UDF1 received [9d 2s]
Qoker calls
UDF1 checks
Flop [4c 9s 5c], Qoker (20), UDF1 (20)
UDF1 bids 5
Qoker bids 0
UDF1 won the auction and was revealed [Tc]
Flop [4c 9s 5c], Qoker (20), UDF1 (20)
UDF1 bets 2914
Qoker folds
Qoker awarded -20
UDF1 awarded 20

Round #166, UDF1 (-5052), Qoker (5052)
UDF1 posts blind: 10
Qoker posts blind: 20
UDF1 received [Qc 8c]
Qoker received [Ac 7c]
UDF1 folds
UDF1 awarded -10
Qoker awarded 10

Round #167, Qoker (5062), UDF1 (-5062)
Qoker posts blind: 10
UDF1 posts blind: 20
Qoker received [Ah As]
UDF1 received [7s Ac]
Qoker raises to 40
UDF1 calls
Flop [9s Ts 6d], Qoker (40), UDF1 (40)
UDF1 bids 11
Qoker bids 12
Qoker won the auction and was revealed [7s]
Flop [9s Ts 6d], Qoker (51), UDF1 (40)
UDF1 bets 3114
Qoker raises to 4949
UDF1 calls
Turn [9s Ts 6d 3s], Qoker (5000), UDF1 (4989)
UDF1 checks
Qoker checks
River [9s Ts 6d 3s Kc], Qoker (5000), UDF1 (4989)
UDF1 checks
Qoker checks
Qoker shows [Ah As]
UDF1 shows [7s Ac]
Qoker awarded 4989
UDF1 awarded -4989

Round #168, UDF1 (-10051), Qoker (10051)
UDF1 posts blind: 10
Qoker posts blind: 20
UDF1 received [Ad Qs]
Qoker received [Ts 3d]
UDF1 raises to 3513
Qoker folds
UDF1 awarded 20
Qoker awarded -20

Round #169, Qoker (10031), UDF1 (-10031)
Qoker posts blind: 10
UDF1 posts blind: 20
Qoker received [Jd 2h]
UDF1 received [7h Ks]
Qoker calls
UDF1 checks
Flop [Qc 5d 3s], Qoker (20), UDF1 (20)
UDF1 bids 17
Qoker bids 0
UDF1 won the auction and was revealed [Jd]
Flop [Qc 5d 3s], Qoker (20), UDF1 (20)
UDF1 bets 3049
Qoker folds
Qoker awarded -20
UDF1 awarded 20

Round #170, UDF1 (-10011), Qoker (10011)
UDF1 posts blind: 10
Qoker posts blind: 20
UDF1 received [5s 9d]
Qoker received [2h Qc]
UDF1 calls
Qoker checks
Flop [4c 8d 6h], UDF1 (20), Qoker (20)
Qoker bids 0
UDF1 bids 13
UDF1 won the auction and was revealed [2h]
Flop [4c 8d 6h], UDF1 (20), Qoker (20)
Qoker checks
UDF1 bets 2413
Qoker folds
UDF1 awarded 20
Qoker awarded -20

Round #171, Qoker (9991), UDF1 (-9991)
Qoker posts blind: 10
UDF1 posts blind: 20
Qoker received [Kh Th]
UDF1 received [4s 3d]
Qoker calls
UDF1 checks
Flop [8s Jd Ts], Qoker (20), UDF1 (20)
UDF1 bids 11
Qoker bids 4
UDF1 won the auction and was revealed [Kh]
Flop [8s Jd Ts], Qoker (20), UDF1 (24)
UDF1 bets 1948
Qoker calls
Turn [8s Jd Ts 5d], Qoker (1968), UDF1 (1972)
UDF1 bets 1258
Qoker calls
River [8s Jd Ts 5d 2d], Qoker (3226), UDF1 (3230)
UDF1 bets 616
Qoker calls
Qoker shows [Kh Th]
UDF1 shows [4s 3d]
Qoker awarded 3846
UDF1 awarded -3846

Round #172, UDF1 (-13837), Qoker (13837)
UDF1 posts blind: 10
Qoker posts blind: 20
UDF1 received [3d Ac]
Qoker received [9d Kc]
UDF1 raises to 337
Qoker folds
UDF1 awarded 20
Qoker awarded -20

Round #173, Qoker (13817), UDF1 (-13817)
Qoker posts blind: 10
UDF1 posts blind: 20
Qoker received [Kc Tc]
UDF1 received [Kh 2d]
Qoker calls
UDF1 checks
Flop [Ac 5c 7h], Qoker (20), UDF1 (20)
UDF1 bids 15
Qoker bids 3
UDF1 won the auction and was revealed [Kc]
Flop [Ac 5c 7h], Qoker (20), UDF1 (23)
UDF1 bets 2402
Qoker calls
Turn [Ac 5c 7h 8h], Qoker (2422), UDF1 (2425)
UDF1 bets 1041
Qoker calls
River [Ac 5c 7h 8h 3s], Qoker (3463), UDF1 (3466)
UDF1 bets 576
Qoker calls
Qoker shows [Kc Tc]
UDF1 shows [Kh 2d]
Qoker awarded 4042
UDF1 awarded -4042

Round #174, UDF1 (-17859), Qoker (17859)
UDF1 posts blind: 10
Qoker posts blind: 20
UDF1 received [6c 9h]
Qoker received [Js Kh]
UDF1 calls
Qoker checks
Flop [Td 6s 6h], UDF1 (20), Qoker (20)
Qoker bids 5
UDF1 bids 10
UDF1 won the auction and was revealed [Js]
Flop [Td 6s 6h], UDF1 (25), Qoker (20)
Qoker checks
UDF1 bets 3248
Qoker calls
Turn [Td 6s 6h Kc], UDF1 (3273), Qoker (3268)
Qoker bets 1727
UDF1 calls
River [Td 6s 6h Kc 7h], UDF1 (5000), Qoker (4995)
Qoker checks
UDF1 checks
UDF1 shows [6c 9h]
Qoker shows [Js Kh]
UDF1 awarded 4995
Qoker awarded -4995

Round #175, Qoker (12864), UDF1 (-12864)
Qoker posts blind: 10
UDF1 posts blind: 20
Qoker received [8c 4s]
UDF1 received [9d Jd]
Qoker calls
UDF1 checks
Flop [6d 5d 3s], Qoker (20), UDF1 (20)
UDF1 bids 0
Qoker bids 3
Qoker won the auction and was revealed [9d]
Flop [6d 5d 3s], Qoker (20), UDF1 (20)
UDF1 bets 3014
Qoker folds
Qoker awarded -20
UDF1 awarded 20

Round #176, UDF1 (-12844), Qoker (12844)
UDF1 posts blind: 10
Qoker posts blind: 20
UDF1 received [Ac 6h]
Qoker received [Tc 7d]
UDF1 folds
UDF1 awarded -10
Qoker awarded 10

Round #177, Qoker (12854), UDF1 (-12854)
Qoker posts blind: 10
UDF1 posts blind: 20
Qoker received [Qh Js]
UDF1 received [7s 4s]
Qoker calls
UDF1 checks
Flop [5s 9h Qs], Qoker (20), UDF1 (20)
UDF1 bids 9
Qoker bids 6
UDF1 won the auction and was revealed [Qh]
Flop [5s 9h Qs], Qoker (20), UDF1 (26)
UDF1 bets 2568
Qoker calls
Turn [5s 9h Qs 7h], Qoker (2588), UDF1 (2594)
UDF1 bets 1249
Qoker calls
River [5s 9h Qs 7h 7c], Qoker (3837), UDF1 (3843)
UDF1 bets 803
Qoker calls
Qoker shows [Qh Js]
UDF1 shows [7s 4s]
Qoker awarded -4640
UDF1 awarded 4640

Round #178, UDF1 (-8214), Qoker (8214)
UDF1 posts blind: 10
Qoker posts blind: 20
UDF1 received [7h 3s]
Qoker received [7d Tc]
UDF1 calls
Qoker checks
Flop [8h 6c 3c], UDF1 (20), Qoker (20)
Qoker bids 0
UDF1 bids 14
UDF1 won the auction and was revealed [Tc]
Flop [8h 6c 3c], UDF1 (20), Qoker (20)
Qoker checks
UDF1 bets 2928
Qoker folds
UDF1 awarded 20
Qoker awarded -20

Round #179, Qoker (8194), UDF1 (-8194)
Qoker posts blind: 10
UDF1 posts blind: 20
Qoker received [Ad 2h]
UDF1 received [8s 7d]
Qoker calls
UDF1 checks
Flop [3d 9s 3s], Qoker (20), UDF1 (20)
UDF1 bids 14
Qoker bids 2
UDF1 won the auction and was revealed [2h]
Flop [3d 9s 3s], Qoker (20), UDF1 (22)
UDF1 bets 2720
Qoker calls
Turn [3d 9s 3s Ah], Qoker (2740), UDF1 (2742)
UDF1 bets 1082
Qoker calls
River [3d 9s 3s Ah 2s], Qoker (3822), UDF1 (3824)
UDF1 bets 412
Qoker calls
Qoker shows [Ad 2h]
UDF1 shows [8s 7d]
Qoker awarded 4236
UDF1 awarded -4236

Round #180, UDF1 (-12430), Qoker (12430)
UDF1 posts blind: 10
Qoker posts blind: 20
UDF1 received [9d 6c]
Qoker received [Jc Qc]
UDF1 calls
Qoker raises to 40
UDF1 calls
Flop [Ah Kd Kc], UDF1 (40), Qoker (40)
Qoker bids 10
UDF1 bids 15
UDF1 won the auction and was revealed [Qc]
Flop [Ah Kd Kc], UDF1 (50), Qoker (40)
Qoker bets 49
UDF1 folds
UDF1 awarded -50
Qoker awarded 50

Round #181, Qoker (12480), UDF1 (-12480)
Qoker posts blind: 10
UDF1 posts blind: 20
Qoker received [4d Js]
UDF1 received [Kd Tc]
Qoker calls
UDF1 checks
Flop [Jc Td 6d], Qoker (20), UDF1 (20)
UDF1 bids 10
Qoker bids 6
UDF1 won the auction and was revealed [4d]
Flop [Jc Td 6d], Qoker (20), UDF1 (26)
UDF1 bets 3115
Qoker calls
Turn [Jc Td 6d 3d], Qoker (3135), UDF1 (3141)
UDF1 bets 1113
Qoker calls
River [Jc Td 6d 3d Th], Qoker (4248), UDF1 (4254)
UDF1 bets 380
Qoker calls
Qoker shows [4d Js]
UDF1 shows [Kd Tc]
Qoker awarded -4628
UDF1 awarded 4628

Round #182, UDF1 (-7852), Qoker (7852)
UDF1 posts blind: 10
Qoker posts blind: 20
UDF1 received [5h Kh]
Qoker received [7s Td]
UDF1 folds
UDF1 awarded -10
Qoker awarded 10

Round #183, Qoker (7862), UDF1 (-7862)
Qoker posts blind: 10
UDF1 posts blind: 20
Qoker received [3s 2s]
UDF1 received [Jc 5s]
Qoker calls
UDF1 raises to 337
Qoker calls
Flop [4h Ks Qd], Qoker (337), UDF1 (337)
UDF1 bids 8
Qoker bids 0
UDF1 won the auction and was revealed [3s]
Flop [4h Ks Qd], Qoker (337), UDF1 (337)
UDF1 bets 2592
Qoker calls
Turn [4h Ks Qd 3c], Qoker (2929), UDF1 (2929)
UDF1 bets 881
Qoker calls
River [4h Ks Qd 3c 4c], Qoker (3810), UDF1 (3810)
UDF1 bets 393
Qoker calls
Qoker shows [3s 2s]
UDF1 shows [Jc 5s]
Qoker awarded 4203
UDF1 awarded -4203

Round #184, UDF1 (-12065), Qoker (12065)
UDF1 posts blind: 10
Qoker posts blind: 20
UDF1 received [3s 3h]
Qoker received [8s Ks]
UDF1 raises to 1494
Qoker folds
UDF1 awarded 20
Qoker awarded -20

Round #185, Qoker (12045), UDF1 (-12045)
Qoker posts blind: 10
UDF1 posts blind: 20
Qoker received [Ad 8h]
UDF1 received [Ts 5h]
Qoker calls
UDF1 checks
Flop [Ks 8d 6c], Qoker (20), UDF1 (20)
UDF1 bids 12
Qoker bids 3
UDF1 won the auction and was revealed [8h]
Flop [Ks 8d 6c], Qoker (20), UDF1 (23)
UDF1 bets 2432
Qoker calls
Turn [Ks 8d 6c 2c], Qoker (2452), UDF1 (2455)
UDF1 bets 1016
Qoker calls
River [Ks 8d 6c 2c 4c], Qoker (3468), UDF1 (3471)
UDF1 bets 599
Qoker calls
Qoker shows [Ad 8h]
UDF1 shows [Ts 5h]
Qoker awarded 4070
UDF1 awarded -4070

Round #186, UDF1 (-16115), Qoker (16115)
UDF1 posts blind: 10
Qoker posts blind: 20
UDF1 received [3d Qc]
Qoker received [9c Th]
UDF1 calls
Qoker checks
Flop [Tc Jh 7d], UDF1 (20), Qoker (20)
Qoker bids 6
UDF1 bids 0
Qoker won the auction and was revealed [Qc]
Flop [Tc Jh 7d], UDF1 (20), Qoker (20)
Qoker checks
UDF1 bets 2881
Qoker calls
Turn [Tc Jh 7d 7s], UDF1 (2901), Qoker (2901)
Qoker checks
UDF1 bets 848
Qoker calls
River [Tc Jh 7d 7s 2s], UDF1 (3749), Qoker (3749)
Qoker bets 1251
UDF1 calls
UDF1 shows [3d Qc]
Qoker shows [9c Th]
UDF1 awarded -5000
Qoker awarded 5000

Round #187, Qoker (21115), UDF1 (-21115)
Qoker posts blind: 10
UDF1 posts blind: 20
Qoker received [Kc 3h]
UDF1 received [Qc 8c]
Qoker calls
UDF1 checks
Flop [4c Kd As], Qoker (20), UDF1 (20)
UDF1 bids 14
Qoker bids 5
UDF1 won the auction and was revealed [Kc]
Flop [4c Kd As], Qoker (20), UDF1 (25)
UDF1 bets 1989
Qoker calls
Turn [4c Kd As 8d], Qoker (2009), UDF1 (2014)
UDF1 bets 1276
Qoker calls
River [4c Kd As 8d Jd], Qoker (3285), UDF1 (3290)
UDF1 bets 534
Qoker calls
Qoker shows [Kc 3h]
UDF1 shows [Qc 8c]
Qoker awarded 3824
UDF1 awarded -3824

Round #188, UDF1 (-24939), Qoker (24939)
UDF1 posts blind: 10
Qoker posts blind: 20
UDF1 received [2h Th]
Qoker received [Ah 5c]
UDF1 raises to 337
Qoker folds
UDF1 awarded 20
Qoker awarded -20

Round #189, Qoker (24919), UDF1 (-24919)
Qoker posts blind: 10
UDF1 posts blind: 20
Qoker received [7c 4h]
UDF1 received [7s 3s]
Qoker calls
UDF1 raises to 337
Qoker folds
Qoker awarded -20
UDF1 awarded 20

Round #190, UDF1 (-24899), Qoker (24899)
UDF1 posts blind: 10
Qoker posts blind: 20
UDF1 received [6h 4s]
Qoker received [3d Ah]
UDF1 folds
UDF1 awarded -10
Qoker awarded 10

Round #191, Qoker (24909), UDF1 (-24909)
Qoker posts blind: 10
UDF1 posts blind: 20
Qoker received [2c 3s]
UDF1 received [Ad 8s]
Qoker calls
UDF1 checks
Flop [5h 7s Kh], Qoker (20), UDF1 (20)
UDF1 bids 8
Qoker bids 0
UDF1 won the auction and was revealed [3s]
Flop [5h 7s Kh], Qoker (20), UDF1 (20)
UDF1 bets 3234
Qoker folds
Qoker awarded -20
UDF1 awarded 20

Round #192, UDF1 (-24889), Qoker (24889)
UDF1 posts blind: 10
Qoker posts blind: 20
UDF1 received [9h 6s]
Qoker received [Qd Qh]
UDF1 folds
UDF1 awarded -10
Qoker awarded 10

Round #193, Qoker (24899), UDF1 (-24899)
Qoker posts blind: 10
UDF1 posts blind: 20
Qoker received [Qc Tc]
UDF1 received [5d Ad]
Qoker calls
UDF1 checks
Flop [9s 8c Jd], Qoker (20), UDF1 (20)
UDF1 bids 8
Qoker bids 1
UDF1 won the auction and was revealed [Qc]
Flop [9s 8c Jd], Qoker (20), UDF1 (21)
UDF1 bets 2690
Qoker raises to 4979
UDF1 calls
Turn [9s 8c Jd Jc], Qoker (4999), UDF1 (5000)
UDF1 checks
Qoker checks
River [9s 8c Jd Jc Kh], Qoker (4999), UDF1 (5000)
UDF1 checks
Qoker checks
Qoker shows [Qc Tc]
UDF1 shows [5d Ad]
Qoker awarded 5000
UDF1 awarded -5000

Round #194, UDF1 (-29899), Qoker (29899)
UDF1 posts blind: 10
Qoker posts blind: 20
UDF1 received [8c Tc]
Qoker received [2s 5h]
UDF1 folds
UDF1 awarded -10
Qoker awarded 10

Round #195, Qoker (29909), UDF1 (-29909)
Qoker posts blind: 10
UDF1 posts blind: 20
Qoker received [4s Ad]
UDF1 received [Qd 8h]
Qoker calls
UDF1 checks
Flop [As Td 8s], Qoker (20), UDF1 (20)
UDF1 bids 14
Qoker bids 7
UDF1 won the auction and was revealed [Ad]
Flop [As Td 8s], Qoker (20), UDF1 (27)
UDF1 bets 2421
Qoker calls
Turn [As Td 8s 3c], Qoker (2441), UDF1 (2448)
UDF1 bets 1240
Qoker calls
River [As Td 8s 3c Kh], Qoker (3681), UDF1 (3688)
UDF1 bets 552
Qoker calls
Qoker shows [4s Ad]
UDF1 shows [Qd 8h]
Qoker awarded 4240
UDF1 awarded -4240

Round #196, UDF1 (-34149), Qoker (34149)
UDF1 posts blind: 10
Qoker posts blind: 20
UDF1 received [Ks 5s]
Qoker received [7h 4h]
UDF1 folds
UDF1 awarded -10
Qoker awarded 10

Round #197, Qoker (34159), UDF1 (-34159)
Qoker posts blind: 10
UDF1 posts blind: 20
Qoker received [Jd 5s]
UDF1 received [6s 8h]
Qoker calls
UDF1 raises to 337
Qoker folds
Qoker awarded -20
UDF1 awarded 20

Round #198, UDF1 (-34139), Qoker (34139)
UDF1 posts blind: 10
Qoker posts blind: 20
UDF1 received [5s 5c]
Qoker received [9c 6h]
UDF1 raises to 1178
Qoker folds
UDF1 awarded 20
Qoker awarded -20

Round #199, Qoker (34119), UDF1 (-34119)
Qoker posts blind: 10
UDF1 posts blind: 20
Qoker received [7s 4h]
UDF1 received [Ts Ac]
Qoker calls
UDF1 checks
Flop [2d 2c 7d], Qoker (20), UDF1 (20)
UDF1 bids 6
Qoker bids 4
UDF1 won the auction and was revealed [7s]
Flop [2d 2c 7d], Qoker (20), UDF1 (24)
UDF1 bets 2301
Qoker calls
Turn [2d 2c 7d Jh], Qoker (2321), UDF1 (2325)
UDF1 bets 1061
Qoker calls
River [2d 2c 7d Jh 7h], Qoker (3382), UDF1 (3386)
UDF1 bets 661
Qoker raises to 1614
UDF1 folds
Qoker awarded 4047
UDF1 awarded -4047

Round #200, UDF1 (-38166), Qoker (38166)
UDF1 posts blind: 10
Qoker posts blind: 20
UDF1 received [Ac 5c]
Qoker received [6h 3c]
UDF1 folds
UDF1 awarded -10
Qoker awarded 10

Round #201, Qoker (38176), UDF1 (-38176)
Qoker posts blind: 10
UDF1 posts blind: 20
Qoker received [Kc 7s]
UDF1 received [9c 3c]
Qoker calls
UDF1 checks
Flop [Ts 6d 2s], Qoker (20), UDF1 (20)
UDF1 bids 16
Qoker bids 0
UDF1 won the auction and was revealed [7s]
Flop [Ts 6d 2s], Qoker (20), UDF1 (20)
UDF1 bets 2642
Qoker folds
Qoker awarded -20
UDF1 awarded 20

Round #202, UDF1 (-38156), Qoker (38156)
UDF1 posts blind: 10
Qoker posts blind: 20
UDF1 received [9d 3c]
Qoker received [4d Kc]
UDF1 calls
Qoker checks
Flop [Td 5c Ah], UDF1 (20), Qoker (20)
Qoker bids 3
UDF1 bids 6
UDF1 won the auction and was revealed [Kc]
Flop [Td 5c Ah], UDF1 (23), Qoker (20)
Qoker checks
UDF1 bets 2574
Qoker folds
UDF1 awarded 20
Qoker awarded -20

Round #203, Qoker (38136), UDF1 (-38136)
Qoker posts blind: 10
UDF1 posts blind: 20
Qoker received [As Jh]
UDF1 received [6h 8c]
Qoker calls
UDF1 checks
Flop [Kd 5d 7d], Qoker (20), UDF1 (20)
UDF1 bids 10
Qoker bids 3
UDF1 won the auction and was revealed [Jh]
Flop [Kd 5d 7d], Qoker (20), UDF1 (23)
UDF1 bets 2440
Qoker folds
Qoker awarded -20
UDF1 awarded 20

Round #204, UDF1 (-38116), Qoker (38116)
UDF1 posts blind: 10
Qoker posts blind: 20
UDF1 received [Jh Ad]
Qoker received [Th 6c]
UDF1 raises to 3507
Qoker folds
UDF1 awarded 20
Qoker awarded -20

Round #205, Qoker (38096), UDF1 (-38096)
Qoker posts blind: 10
UDF1 posts blind: 20
Qoker received [Jd 7d]
UDF1 received [7h 2c]
Qoker calls
UDF1 checks
Flop [4d Qd Jc], Qoker (20), UDF1 (20)
UDF1 bids 14
Qoker bids 4
UDF1 won the auction and was revealed [7d]
Flop [4d Qd Jc], Qoker (20), UDF1 (24)
UDF1 bets 2626
Qoker calls
Turn [4d Qd Jc Th], Qoker (2646), UDF1 (2650)
UDF1 bets 1066
Qoker calls
River [4d Qd Jc Th 8s], Qoker (3712), UDF1 (3716)
UDF1 bets 645
Qoker calls
Qoker shows [Jd 7d]
UDF1 shows [7h 2c]
Qoker awarded 4361
UDF1 awarded -4361

Round #206, UDF1 (-42457), Qoker (42457)
UDF1 posts blind: 10
Qoker posts blind: 20
UDF1 received [2d 5d]
Qoker received [8d 7s]
UDF1 raises to 337
Qoker folds
UDF1 awarded 20
Qoker awarded -20

Round #207, Qoker (42437), UDF1 (-42437)
Qoker posts blind: 10
UDF1 posts blind: 20
Qoker received [6h 8h]
UDF1 received [Ac Ts]
Qoker calls
UDF1 raises to 1234
Qoker folds
Qoker awarded -20
UDF1 awarded 20

Round #208, UDF1 (-42417), Qoker (42417)
UDF1 posts blind: 10
Qoker posts blind: 20
UDF1 received [2c 6h]
Qoker received [9c Th]
UDF1 raises to 337
Qoker folds
UDF1 awarded 20
Qoker awarded -20

Round #209, Qoker (42397), UDF1 (-42397)
Qoker posts blind: 10
UDF1 posts blind: 20
Qoker received [2s Ac]
UDF1 received [Td Kh]
Qoker calls
UDF1 raises to 337
Qoker folds
Qoker awarded -20
UDF1 awarded 20

Round #210, UDF1 (-42377), Qoker (42377)
UDF1 posts blind: 10
Qoker posts blind: 20
UDF1 received [2c 7c]
Qoker received [Qh 6c]
UDF1 folds
UDF1 awarded -10
Qoker awarded 10

Round #211, Qoker (42387), UDF1 (-42387)
Qoker posts blind: 10
UDF1 posts blind: 20
Qoker received [8s Ks]
UDF1 received [Js 7s]
Qoker calls
UDF1 checks
Flop [Ts Ah Qc], Qoker (20), UDF1 (20)
UDF1 bids 11
Qoker bids 4
UDF1 won the auction and was revealed [Ks]
Flop [Ts Ah Qc], Qoker (20), UDF1 (24)
UDF1 bets 1980
Qoker folds
Qoker awarded -20
UDF1 awarded 20

Round #212, UDF1 (-42367), Qoker (42367)
UDF1 posts blind: 10
Qoker posts blind: 20
UDF1 received [Js 7h]
Qoker received [Ks 3c]
UDF1 calls
Qoker checks
Flop [Kc 9h Qd], UDF1 (20), Qoker (20)
Qoker bids 4
UDF1 bids 0
Qoker won the auction and was revealed [Js]
Flop [Kc 9h Qd], UDF1 (20), Qoker (20)
Qoker bets 27
UDF1 calls
Turn [Kc 9h Qd 8h], UDF1 (47), Qoker (47)
Qoker checks
UDF1 bets 2669
Qoker calls
River [Kc 9h Qd 8h 2h], UDF1 (2716), Qoker (2716)
Qoker checks
UDF1 bets 1091
Qoker calls
UDF1 shows [Js 7h]
Qoker shows [Ks 3c]
UDF1 awarded -3807
Qoker awarded 3807

Round #213, Qoker (46174), UDF1 (-46174)
Qoker posts blind: 10
UDF1 posts blind: 20
Qoker received [7d Tc]
UDF1 received [3h 6s]
Qoker calls
UDF1 checks
Flop [3d Qd Jh], Qoker (20), UDF1 (20)
UDF1 bids 10
Qoker bids 0
UDF1 won the auction and was revealed [7d]
Flop [3d Qd Jh], Qoker (20), UDF1 (20)
UDF1 bets 3210
Qoker folds
Qoker awarded -20
UDF1 awarded 20

Round #214, UDF1 (-46154), Qoker (46154)
UDF1 posts blind: 10
Qoker posts blind: 20
UDF1 received [Qs Qh]
Qoker received [3c 9d]
UDF1 raises to 4460
Qoker folds
UDF1 awarded 20
Qoker awarded -20

Round #215, Qoker (46134), UDF1 (-46134)
Qoker posts blind: 10
UDF1 posts blind: 20
Qoker received [7h Js]
UDF1 received [5h Kh]
Qoker calls
UDF1 checks
Flop [Qd 8d 7d], Qoker (20), UDF1 (20)
UDF1 bids 11
Qoker bids 3
UDF1 won the auction and was revealed [7h]
Flop [Qd 8d 7d], Qoker (20), UDF1 (23)
UDF1 bets 2186
Qoker calls
Turn [Qd 8d 7d 4s], Qoker (2206), UDF1 (2209)
UDF1 bets 1286
Qoker calls
River [Qd 8d 7d 4s As], Qoker (3492), UDF1 (3495)
UDF1 bets 541
Qoker calls
Qoker shows [7h Js]
UDF1 shows [5h Kh]
Qoker awarded 4036
UDF1 awarded -4036

Round #216, UDF1 (-50170), Qoker (50170)
UDF1 posts blind: 10
Qoker posts blind: 20
UDF1 received [2c 3c]
Qoker received [2d Ks]
UDF1 folds
UDF1 awarded -10
Qoker awarded 10

Round #217, Qoker (50180), UDF1 (-50180)
Qoker posts blind: 10
UDF1 posts blind: 20
Qoker received [4h Jc]
UDF1 received [Kc 7h]
Qoker calls
UDF1 checks
Flop [2s Ah Ks], Qoker (20), UDF1 (20)
UDF1 bids 0
Qoker bids 3
Qoker won the auction and was revealed [Kc]
Flop [2s Ah Ks], Qoker (20), UDF1 (20)
UDF1 bets 3543
Qoker folds
Qoker awarded -20
UDF1 awarded 20

Round #218, UDF1 (-50160), Qoker (50160)
UDF1 posts blind: 10
Qoker posts blind: 20
UDF1 received [6s Qd]
Qoker received [Kd 3d]
UDF1 folds
UDF1 awarded -10
Qoker awarded 10

Round #219, Qoker (50170), UDF1 (-50170)
Qoker posts blind: 10
UDF1 posts blind: 20
Qoker received [6s Td]
UDF1 received [Kc 8h]
Qoker calls
UDF1 raises to 337
Qoker folds
Qoker awarded -20
UDF1 awarded 20

Round #220, UDF1 (-50150), Qoker (50150)
UDF1 posts blind: 10
Qoker posts blind: 20
UDF1 received [4d 9s]
Qoker received [7c Jc]
UDF1 folds
UDF1 awarded -10
Qoker awarded 10

Round #221, Qoker (50160), UDF1 (-50160)
Qoker posts blind: 10
UDF1 posts blind: 20
Qoker received [Tc 5h]
UDF1 received [8c 2d]
Qoker calls
UDF1 checks
Flop [Kd 2c 6h], Qoker (20), UDF1 (20)
UDF1 bids 11
Qoker bids 0
UDF1 won the auction and was revealed [Tc]
Flop [Kd 2c 6h], Qoker (20), UDF1 (20)
UDF1 bets 3172
Qoker folds
Qoker awarded -20
UDF1 awarded 20

Round #222, UDF1 (-50140), Qoker (50140)
UDF1 posts blind: 10
Qoker posts blind: 20
UDF1 received [Ac Kc]
Qoker received [9c 8d]
UDF1 raises to 4261
Qoker folds
UDF1 awarded 20
Qoker awarded -20

Round #223, Qoker (50120), UDF1 (-50120)
Qoker posts blind: 10
UDF1 posts blind: 20
Qoker received [Js Ad]
UDF1 received [9s Jd]
Qoker calls
UDF1 checks
Flop [7d 7s 8c], Qoker (20), UDF1 (20)
UDF1 bids 8
Qoker bids 4
UDF1 won the auction and was revealed [Js]
Flop [7d 7s 8c], Qoker (20), UDF1 (24)
UDF1 bets 2648
Qoker calls
Turn [7d 7s 8c 9h], Qoker (2668), UDF1 (2672)
UDF1 bets 1462
Qoker calls
River [7d 7s 8c 9h 3d], Qoker (4130), UDF1 (4134)
UDF1 bets 509
Qoker calls
Qoker shows [Js Ad]
UDF1 shows [9s Jd]
Qoker awarded -4639
UDF1 awarded 4639

Round #224, UDF1 (-45481), Qoker (45481)
UDF1 posts blind: 10
Qoker posts blind: 20
UDF1 received [2c 8h]
Qoker received [Kh Qh]
UDF1 calls
Qoker checks
Flop [7s 3h 9s], UDF1 (20), Qoker (20)
Qoker bids 0
UDF1 bids 0
UDF1 won the auction and was revealed [Qh]
Qoker won the auction and was revealed [2c]
Flop [7s 3h 9s], UDF1 (20), Qoker (20)
Qoker checks
UDF1 bets 2666
Qoker folds
UDF1 awarded 20
Qoker awarded -20

Round #225, Qoker (45461), UDF1 (-45461)
Qoker posts blind: 10
UDF1 posts blind: 20
Qoker received [9c 3d]
UDF1 received [Qd Qh]
Qoker calls
UDF1 raises to 4500
Qoker folds
Qoker awarded -20
UDF1 awarded 20

Round #226, UDF1 (-45441), Qoker (45441)
UDF1 posts blind: 10
Qoker posts blind: 20
UDF1 received [6c Qd]
Qoker received [6s Th]
UDF1 folds
UDF1 awarded -10
Qoker awarded 10

Round #227, Qoker (45451), UDF1 (-45451)
Qoker posts blind: 10
UDF1 posts blind: 20
Qoker received [7d 8s]
UDF1 received [4d 2s]
Qoker calls
UDF1 checks
Flop [Td 6h 2c], Qoker (20), UDF1 (20)
UDF1 bids 7
Qoker bids 0
UDF1 won the auction and was revealed [8s]
Flop [Td 6h 2c], Qoker (20), UDF1 (20)
UDF1 bets 3265
Qoker folds
Qoker awarded -20
UDF1 awarded 20

Round #228, UDF1 (-45431), Qoker (45431)
UDF1 posts blind: 10
Qoker posts blind: 20
UDF1 received [6h 6c]
Qoker received [2h 8s]
UDF1 raises to 1533
Qoker folds
UDF1 awarded 20
Qoker awarded -20

Round #229, Qoker (45411), UDF1 (-45411)
Qoker posts blind: 10
UDF1 posts blind: 20
Qoker received [As 3s]
UDF1 received [Qd Tc]
Qoker calls
UDF1 raises to 337
Qoker calls
Flop [4c 7s Ts], Qoker (337), UDF1 (337)
UDF1 bids 12
Qoker bids 89
Qoker won the auction and was revealed [Qd]
Flop [4c 7s Ts], Qoker (349), UDF1 (337)
UDF1 bets 2761
Qoker calls
Turn [4c 7s Ts 5s], Qoker (3110), UDF1 (3098)
UDF1 bets 1159
Qoker raises to 1890
UDF1 calls
River [4c 7s Ts 5s Qs], Qoker (5000), UDF1 (4988)
UDF1 checks
Qoker checks
Qoker shows [As 3s]
UDF1 shows [Qd Tc]
Qoker awarded 4988
UDF1 awarded -4988

Round #230, UDF1 (-50399), Qoker (50399)
UDF1 posts blind: 10
Qoker posts blind: 20
UDF1 received [7s 5d]
Qoker received [4d 9s]
UDF1 folds
UDF1 awarded -10
Qoker awarded 10

Round #231, Qoker (50409), UDF1 (-50409)
Qoker posts blind: 10
UDF1 posts blind: 20
Qoker received [Ts 8h]
UDF1 received [Kd 6h]
Qoker calls
UDF1 checks
Flop [7h 7s 4c], Qoker (20), UDF1 (20)
UDF1 bids 0
Qoker bids 5
Qoker won the auction and was revealed [Kd]
Flop [7h 7s 4c], Qoker (20), UDF1 (20)
UDF1 bets 2936
Qoker calls
Turn [7h 7s 4c 2d], Qoker (2956), UDF1 (2956)
UDF1 bets 994
Qoker calls
River [7h 7s 4c 2d 8s], Qoker (3950), UDF1 (3950)
UDF1 bets 512
Qoker calls
Qoker shows [Ts 8h]
UDF1 shows [Kd 6h]
Qoker awarded 4462
UDF1 awarded -4462

Round #232, UDF1 (-54871), Qoker (54871)
UDF1 posts blind: 10
Qoker posts blind: 20
UDF1 received [Ks 9h]
Qoker received [3d 4h]
UDF1 calls
Qoker checks
Flop [2c 8c Qh], UDF1 (20), Qoker (20)
Qoker bids 0
UDF1 bids 6
UDF1 won the auction and was revealed [3d]
Flop [2c 8c Qh], UDF1 (20), Qoker (20)
Qoker checks
UDF1 bets 2888
Qoker folds
UDF1 awarded 20
Qoker awarded -20

Round #233, Qoker (54851), UDF1 (-54851)
Qoker posts blind: 10
UDF1 posts blind: 20
Qoker received [6c Qc]
UDF1 received [6d 2s]
Qoker calls
UDF1 raises to 337
Qoker folds
Qoker awarded -20
UDF1 awarded 20

Round #234, UDF1 (-54831), Qoker (54831)
UDF1 posts blind: 10
Qoker posts blind: 20
UDF1 received [2d 7c]
Qoker received [7s 4c]
UDF1 raises to 337
Qoker folds
UDF1 awarded 20
Qoker awarded -20

Round #235, Qoker (54811), UDF1 (-54811)
Qoker posts blind: 10
UDF1 posts blind: 20
Qoker received [3h 7c]
UDF1 received [Qh 8c]
Qoker calls
UDF1 checks
Flop [Td 3d Kc], Qoker (20), UDF1 (20)
UDF1 bids 14
Qoker bids 2
UDF1 won the auction and was revealed [7c]
Flop [Td 3d Kc], Qoker (20), UDF1 (22)
UDF1 bets 2703
Qoker calls
Turn [Td 3d Kc Ac], Qoker (2723), UDF1 (2725)
UDF1 bets 1478
Qoker calls
River [Td 3d Kc Ac Ad], Qoker (4201), UDF1 (4203)
UDF1 bets 379
Qoker calls
Qoker shows [3h 7c]
UDF1 shows [Qh 8c]
Qoker awarded 4582
UDF1 awarded -4582

Round #236, UDF1 (-59393), Qoker (59393)
UDF1 posts blind: 10
Qoker posts blind: 20
UDF1 received [Jd Qh]
Qoker received [Kc 6h]
UDF1 calls
Qoker checks
Flop [6c 7d 9s], UDF1 (20), Qoker (20)
Qoker bids 5
UDF1 bids 7
UDF1 won the auction and was revealed [6h]
Flop [6c 7d 9s], UDF1 (25), Qoker (20)
Qoker checks
UDF1 bets 2320
Qoker calls
Turn [6c 7d 9s Ks], UDF1 (2345), Qoker (2340)
Qoker bets 2655
UDF1 folds
UDF1 awarded -2345
Qoker awarded 2345

Round #237, Qoker (61738), UDF1 (-61738)
Qoker posts blind: 10
UDF1 posts blind: 20
Qoker received [5h 4h]
UDF1 received [3d 4c]
Qoker calls
UDF1 checks
Flop [Ac Td 4d], Qoker (20), UDF1 (20)
UDF1 bids 16
Qoker bids 4
UDF1 won the auction and was revealed [4h]
Flop [Ac Td 4d], Qoker (20), UDF1 (24)
UDF1 bets 2504
Qoker calls
Turn [Ac Td 4d Ks], Qoker (2524), UDF1 (2528)
UDF1 bets 1230
Qoker calls
River [Ac Td 4d Ks 9s], Qoker (3754), UDF1 (3758)
UDF1 bets 649
Qoker calls
Qoker shows [5h 4h]
UDF1 shows [3d 4c]
Qoker awarded 2
UDF1 awarded -2

Round #238, UDF1 (-61740), Qoker (61740)
UDF1 posts blind: 10
Qoker posts blind: 20
UDF1 received [Ks 4d]
Qoker received [8d Ah]
UDF1 folds
UDF1 awarded -10
Qoker awarded 10

Round #239, Qoker (61750), UDF1 (-61750)
Qoker posts blind: 10
UDF1 posts blind: 20
Qoker received [Ac 4h]
UDF1 received [2h 8s]
Qoker calls
UDF1 checks
Flop [Tc Qd 9s], Qoker (20), UDF1 (20)
UDF1 bids 12
Qoker bids 5
UDF1 won the auction and was revealed [4h]
Flop [Tc Qd 9s], Qoker (20), UDF1 (25)
UDF1 bets 2697
Qoker folds
Qoker awarded -20
UDF1 awarded 20

Round #240, UDF1 (-61730), Qoker (61730)
UDF1 posts blind: 10
Qoker posts blind: 20
UDF1 received [3d Qc]
Qoker received [Ks 3c]
UDF1 raises to 337
Qoker folds
UDF1 awarded 20
Qoker awarded -20

Round #241, Qoker (61710), UDF1 (-61710)
Qoker posts blind: 10
UDF1 posts blind: 20
Qoker received [Th 5h]
UDF1 received [8h Td]
Qoker calls
UDF1 checks
Flop [Qs 5c Kh], Qoker (20), UDF1 (20)
UDF1 bids 7
Qoker bids 4
UDF1 won the auction and was revealed [5h]
Flop [Qs 5c Kh], Qoker (20), UDF1 (24)
UDF1 bets 2573
Qoker calls
Turn [Qs 5c Kh 3h], Qoker (2593), UDF1 (2597)
UDF1 bets 1055
Qoker calls
River [Qs 5c Kh 3h 6d], Qoker (3648), UDF1 (3652)
UDF1 bets 522
Qoker calls
Qoker shows [Th 5h]
UDF1 shows [8h Td]
Qoker awarded 4174
UDF1 awarded -4174

Round #242, UDF1 (-65884), Qoker (65884)
UDF1 posts blind: 10
Qoker posts blind: 20
UDF1 received [8c Ad]
Qoker received [Ts Qd]
UDF1 folds
UDF1 awarded -10
Qoker awarded 10

Round #243, Qoker (65894), UDF1 (-65894)
Qoker posts blind: 10
UDF1 posts blind: 20
Qoker received [7h 9d]
UDF1 received [5c Ad]
Qoker calls
UDF1 checks
Flop [3h 3c Jh], Qoker (20), UDF1 (20)
UDF1 bids 6
Qoker bids 4
UDF1 won the auction and was revealed [7h]
Flop [3h 3c Jh], Qoker (20), UDF1 (24)
UDF1 bets 2568
Qoker calls
Turn [3h 3c Jh Ah], Qoker (2588), UDF1 (2592)
UDF1 bets 1169
Qoker calls
River [3h 3c Jh Ah 5s], Qoker (3757), UDF1 (3761)
UDF1 bets 677
Qoker calls
Qoker shows [7h 9d]
UDF1 shows [5c Ad]
Qoker awarded -4434
UDF1 awarded 4434

Round #244, UDF1 (-61460), Qoker (61460)
UDF1 posts blind: 10
Qoker posts blind: 20
UDF1 received [Ac 8s]
Qoker received [7d 2c]
UDF1 raises to 337
Qoker folds
UDF1 awarded 20
Qoker awarded -20

Round #245, Qoker (61440), UDF1 (-61440)
Qoker posts blind: 10
UDF1 posts blind: 20
Qoker received [Ad 8c]
UDF1 received [5d Ks]
Qoker calls
UDF1 checks
Flop [Ac 2c As], Qoker (20), UDF1 (20)
UDF1 bids 11
Qoker bids 4
UDF1 won the auction and was revealed [8c]
Flop [Ac 2c As], Qoker (20), UDF1 (24)
UDF1 bets 2560
Qoker raises to 4976
UDF1 calls
Turn [Ac 2c As 5c], Qoker (4996), UDF1 (5000)
UDF1 checks
Qoker checks
River [Ac 2c As 5c 4d], Qoker (4996), UDF1 (5000)
UDF1 checks
Qoker checks
Qoker shows [Ad 8c]
UDF1 shows [5d Ks]
Qoker awarded 5000
UDF1 awarded -5000

Round #246, UDF1 (-66440), Qoker (66440)
UDF1 posts blind: 10
Qoker posts blind: 20
UDF1 received [Qh 9d]
Qoker received [3d Qs]
UDF1 calls
Qoker checks
Flop [5d 8d 3c], UDF1 (20), Qoker (20)
Qoker bids 3
UDF1 bids 12
UDF1 won the auction and was revealed [Qs]
Flop [5d 8d 3c], UDF1 (23), Qoker (20)
Qoker checks
UDF1 bets 2620
Qoker calls
Turn [5d 8d 3c Kc], UDF1 (2643), Qoker (2640)
Qoker checks
UDF1 bets 1405
Qoker calls
River [5d 8d 3c Kc 4h], UDF1 (4048), Qoker (4045)
Qoker checks
UDF1 bets 507
Qoker calls
UDF1 shows [Qh 9d]
Qoker shows [3d Qs]
UDF1 awarded -4555
Qoker awarded 4555

Round #247, Qoker (70995), UDF1 (-70995)
Qoker posts blind: 10
UDF1 posts blind: 20
Qoker received [7h Qh]
UDF1 received [8h Kd]
Qoker calls
UDF1 checks
Flop [Tc As 6c], Qoker (20), UDF1 (20)
UDF1 bids 8
Qoker bids 2
UDF1 won the auction and was revealed [7h]
Flop [Tc As 6c], Qoker (20), UDF1 (22)
UDF1 bets 2950
Qoker folds
Qoker awarded -20
UDF1 awarded 20

Round #248, UDF1 (-70975), Qoker (70975)
UDF1 posts blind: 10
Qoker posts blind: 20
UDF1 received [Kh 6c]
Qoker received [5h Ts]
UDF1 calls
Qoker checks
Flop [Td 2c 9h], UDF1 (20), Qoker (20)
Qoker bids 7
UDF1 bids 16
UDF1 won the auction and was revealed [Ts]
Flop [Td 2c 9h], UDF1 (27), Qoker (20)
Qoker bets 32
UDF1 folds
UDF1 awarded -27
Qoker awarded 27

Round #249, Qoker (71002), UDF1 (-71002)
Qoker posts blind: 10
UDF1 posts blind: 20
Qoker received [5d Kd]
UDF1 received [7h 6s]
Qoker calls
UDF1 checks
Flop [2s 3c 4s], Qoker (20), UDF1 (20)
UDF1 bids 14
Qoker bids 5
UDF1 won the auction and was revealed [5d]
Flop [2s 3c 4s], Qoker (20), UDF1 (25)
UDF1 bets 2369
Qoker calls
Turn [2s 3c 4s 4h], Qoker (2389), UDF1 (2394)
UDF1 bets 959
Qoker calls
River [2s 3c 4s 4h Th], Qoker (3348), UDF1 (3353)
UDF1 bets 549
Qoker calls
Qoker shows [5d Kd]
UDF1 shows [7h 6s]
Qoker awarded 3902
UDF1 awarded -3902

Round #250, UDF1 (-74904), Qoker (74904)
UDF1 posts blind: 10
Qoker posts blind: 20
UDF1 received [7h 3d]
Qoker received [Th 9s]
UDF1 folds
UDF1 awarded -10
Qoker awarded 10

Round #251, Qoker (74914), UDF1 (-74914)
Qoker posts blind: 10
UDF1 posts blind: 20
Qoker received [2h 5h]
UDF1 received [7c 4c]
Qoker calls
UDF1 checks
Flop [6d 6s Qc], Qoker (20), UDF1 (20)
UDF1 bids 13
Qoker bids 3
UDF1 won the auction and was revealed [2h]
Flop [6d 6s Qc], Qoker (20), UDF1 (23)
UDF1 bets 2829
Qoker calls
Turn [6d 6s Qc 4h], Qoker (2849), UDF1 (2852)
UDF1 bets 1370
Qoker calls
River [6d 6s Qc 4h Kd], Qoker (4219), UDF1 (4222)
UDF1 bets 449
Qoker calls
Qoker shows [2h 5h]
UDF1 shows [7c 4c]
Qoker awarded -4668
UDF1 awarded 4668

Round #252, UDF1 (-70246), Qoker (70246)
UDF1 posts blind: 10
Qoker posts blind: 20
UDF1 received [5c 4h]
Qoker received [Th 3h]
UDF1 calls
Qoker checks
Flop [Ac 6d Ts], UDF1 (20), Qoker (20)
Qoker bids 5
UDF1 bids 15
UDF1 won the auction and was revealed [3h]
Flop [Ac 6d Ts], UDF1 (25), Qoker (20)
Qoker bets 25
UDF1 calls
Turn [Ac 6d Ts Kc], UDF1 (50), Qoker (45)
Qoker checks
UDF1 bets 2240
Qoker calls
River [Ac 6d Ts Kc Ah], UDF1 (2290), Qoker (2285)
Qoker bets 2710
UDF1 folds
UDF1 awarded -2290
Qoker awarded 2290

Round #253, Qoker (72536), UDF1 (-72536)
Qoker posts blind: 10
UDF1 posts blind: 20
Qoker received [3d As]
UDF1 received [4h 9c]
Qoker calls
UDF1 checks
Flop [Ks 6d 5s], Qoker (20), UDF1 (20)
UDF1 bids 17
Qoker bids 5
UDF1 won the auction and was revealed [3d]
Flop [Ks 6d 5s], Qoker (20), UDF1 (25)
UDF1 bets 2825
Qoker folds
Qoker awarded -20
UDF1 awarded 20

Round #254, UDF1 (-72516), Qoker (72516)
UDF1 posts blind: 10
Qoker posts blind: 20
UDF1 received [5s Jc]
Qoker received [3d 9h]
UDF1 raises to 337
Qoker folds
UDF1 awarded 20
Qoker awarded -20

Round #255, Qoker (72496), UDF1 (-72496)
Qoker posts blind: 10
UDF1 posts blind: 20
Qoker received [8s 3h]
UDF1 received [Ts 4s]
Qoker calls
UDF1 checks
Flop [Th 2c Td], Qoker (20), UDF1 (20)
UDF1 bids 6
Qoker bids 7
Qoker won the auction and was revealed [Ts]
Flop [Th 2c Td], Qoker (26), UDF1 (20)
UDF1 bets 3514
Qoker calls
Turn [Th 2c Td 9h], Qoker (3540), UDF1 (3534)
UDF1 bets 912
Qoker calls
River [Th 2c Td 9h 4h], Qoker (4452), UDF1 (4446)
UDF1 bets 365
Qoker calls
Qoker shows [8s 3h]
UDF1 shows [Ts 4s]
Qoker awarded -4817
UDF1 awarded 4817

Round #256, UDF1 (-67679), Qoker (67679)
UDF1 posts blind: 10
Qoker posts blind: 20
UDF1 received [8c 8h]
Qoker received [9d 5c]
UDF1 raises to 3726
Qoker folds
UDF1 awarded 20
Qoker awarded -20

Round #257, Qoker (67659), UDF1 (-67659)
Qoker posts blind: 10
UDF1 posts blind: 20
Qoker received [5d 5h]
UDF1 received [3d 7d]
Qoker calls
UDF1 checks
Flop [2s Ac 4c], Qoker (20), UDF1 (20)
UDF1 bids 11
Qoker bids 3
UDF1 won the auction and was revealed [5h]
Flop [2s Ac 4c], Qoker (20), UDF1 (23)
UDF1 bets 2170
Qoker calls
Turn [2s Ac 4c Tc], Qoker (2190), UDF1 (2193)
UDF1 bets 1134
Qoker calls
River [2s Ac 4c Tc 6d], Qoker (3324), UDF1 (3327)
UDF1 bets 536
Qoker calls
Qoker shows [5d 5h]
UDF1 shows [3d 7d]
Qoker awarded 3863
UDF1 awarded -3863

Round #258, UDF1 (-71522), Qoker (71522)
UDF1 posts blind: 10
Qoker posts blind: 20
UDF1 received [6c 2c]
Qoker received [6s Th]
UDF1 calls
Qoker checks
Flop [9d 7s Js], UDF1 (20), Qoker (20)
Qoker bids 0
UDF1 bids 11
UDF1 won the auction and was revealed [Th]
Flop [9d 7s Js], UDF1 (20), Qoker (20)
Qoker checks
UDF1 bets 2078
Qoker folds
UDF1 awarded 20
Qoker awarded -20

Round #259, Qoker (71502), UDF1 (-71502)
Qoker posts blind: 10
UDF1 posts blind: 20
Qoker received [Ks Th]
UDF1 received [7c Js]
Qoker calls
UDF1 checks
Flop [2d Ah 4s], Qoker (20), UDF1 (20)
UDF1 bids 11
Qoker bids 3
UDF1 won the auction and was revealed [Ks]
Flop [2d Ah 4s], Qoker (20), UDF1 (23)
UDF1 bets 2324
Qoker folds
Qoker awarded -20
UDF1 awarded 20

Round #260, UDF1 (-71482), Qoker (71482)
UDF1 posts blind: 10
Qoker posts blind: 20
UDF1 received [5c 6d]
Qoker received [Td Ac]
UDF1 folds
UDF1 awarded -10
Qoker awarded 10

Round #261, Qoker (71492), UDF1 (-71492)
Qoker posts blind: 10
UDF1 posts blind: 20
Qoker received [9c Qs]
UDF1 received [Qd Qh]
Qoker calls
UDF1 raises to 4374
Qoker folds
Qoker awarded -20
UDF1 awarded 20

Round #262, UDF1 (-71472), Qoker (71472)
UDF1 posts blind: 10
Qoker posts blind: 20
UDF1 received [7s 2c]
Qoker received [Jc Ac]
UDF1 folds
UDF1 awarded -10
Qoker awarded 10

Round #263, Qoker (71482), UDF1 (-71482)
Qoker posts blind: 10
UDF1 posts blind: 20
Qoker received [5s 6h]
UDF1 received [3h 2c]
Qoker calls
UDF1 checks
Flop [8s 7c Tc], Qoker (20), UDF1 (20)
UDF1 bids 7
Qoker bids 2
UDF1 won the auction and was revealed [6h]
Flop [8s 7c Tc], Qoker (20), UDF1 (22)
UDF1 bets 2061
Qoker calls
Turn [8s 7c Tc 7d], Qoker (2081), UDF1 (2083)
UDF1 bets 1070
Qoker calls
River [8s 7c Tc 7d Kd], Qoker (3151), UDF1 (3153)
UDF1 bets 814
Qoker calls
Qoker shows [5s 6h]
UDF1 shows [3h 2c]
Qoker awarded 1
UDF1 awarded -1

Round #264, UDF1 (-71483), Qoker (71483)
UDF1 posts blind: 10
Qoker posts blind: 20
UDF1 received [7h Qd]
Qoker received [5d 6d]
UDF1 raises to 337
Qoker calls
Flop [5c 3h 2c], UDF1 (337), Qoker (337)
Qoker bids 63
UDF1 bids 8
Qoker won the auction and was revealed [Qd]
Flop [5c 3h 2c], UDF1 (337), Qoker (345)
Qoker checks
UDF1 bets 2202
Qoker calls
Turn [5c 3h 2c 3s], UDF1 (2539), Qoker (2547)
Qoker bets 2453
UDF1 folds
UDF1 awarded -2539
Qoker awarded 2539

Round #265, Qoker (74022), UDF1 (-74022)
Qoker posts blind: 10
UDF1 posts blind: 20
Qoker received [4h 7h]
UDF1 received [9s 4s]
Qoker calls
UDF1 checks
Flop [Jc Qh Qd], Qoker (20), UDF1 (20)
UDF1 bids 10
Qoker bids 5
UDF1 won the auction and was revealed [4h]
Flop [Jc Qh Qd], Qoker (20), UDF1 (25)
UDF1 bets 2337
Qoker calls
Turn [Jc Qh Qd Jd], Qoker (2357), UDF1 (2362)
UDF1 bets 1332
Qoker calls
River [Jc Qh Qd Jd 9c], Qoker (3689), UDF1 (3694)
UDF1 bets 541
Qoker calls
Qoker shows [4h 7h]
UDF1 shows [9s 4s]
Qoker awarded 2
UDF1 awarded -2

Round #266, UDF1 (-74024), Qoker (74024)
UDF1 posts blind: 10
Qoker posts blind: 20
UDF1 received [Qc 3d]
Qoker received [Ah 4h]
UDF1 folds
UDF1 awarded -10
Qoker awarded 10

Round #267, Qoker (74034), UDF1 (-74034)
Qoker posts blind: 10
UDF1 posts blind: 20
Qoker received [7c 2h]
UDF1 received [8h 2s]
Qoker calls
UDF1 checks
Flop [3d 6s Td], Qoker (20), UDF1 (20)
UDF1 bids 11
Qoker bids 0
UDF1 won the auction and was revealed [7c]
Flop [3d 6s Td], Qoker (20), UDF1 (20)
UDF1 bets 2472
Qoker folds
Qoker awarded -20
UDF1 awarded 20

Round #268, UDF1 (-74014), Qoker (74014)
UDF1 posts blind: 10
Qoker posts blind: 20
UDF1 received [Kc 5c]
Qoker received [2h 3s]
UDF1 folds
UDF1 awarded -10
Qoker awarded 10

Round #269, Qoker (74024), UDF1 (-74024)
Qoker posts blind: 10
UDF1 posts blind: 20
Qoker received [7s Ad]
UDF1 received [5c 5h]
Qoker calls
UDF1 raises to 1567
Qoker folds
Qoker awarded -20
UDF1 awarded 20

Round #270, UDF1 (-74004), Qoker (74004)
UDF1 posts blind: 10
Qoker posts blind: 20
UDF1 received [Qh Qd]
Qoker received [9s Jd]
UDF1 raises to 4320
Qoker folds
UDF1 awarded 20
Qoker awarded -20

Round #271, Qoker (73984), UDF1 (-73984)
Qoker posts blind: 10
UDF1 posts blind: 20
Qoker received [5d 8d]
UDF1 received [Kh 7c]
Qoker calls
UDF1 checks
Flop [Th Jd 8h], Qoker (20), UDF1 (20)
UDF1 bids 16
Qoker bids 3
UDF1 won the auction and was revealed [5d]
Flop [Th Jd 8h], Qoker (20), UDF1 (23)
UDF1 bets 2888
Qoker calls
Turn [Th Jd 8h 9c], Qoker (2908), UDF1 (2911)
UDF1 bets 1363
Qoker calls
River [Th Jd 8h 9c 9h], Qoker (4271), UDF1 (4274)
UDF1 bets 464
Qoker calls
Qoker shows [5d 8d]
UDF1 shows [Kh 7c]
Qoker awarded -4735
UDF1 awarded 4735

Round #272, UDF1 (-69249), Qoker (69249)
UDF1 posts blind: 10
Qoker posts blind: 20
UDF1 received [8h 4h]
Qoker received [Kd 7c]
UDF1 folds
UDF1 awarded -10
Qoker awarded 10

Round #273, Qoker (69259), UDF1 (-69259)
Qoker posts blind: 10
UDF1 posts blind: 20
Qoker received [Td 6s]
UDF1 received [7d 4c]
Qoker calls
UDF1 checks
Flop [Th Jh Ac], Qoker (20), UDF1 (20)
UDF1 bids 15
Qoker bids 5
UDF1 won the auction and was revealed [Td]
Flop [Th Jh Ac], Qoker (20), UDF1 (25)
UDF1 bets 2350
Qoker calls
Turn [Th Jh Ac Qs], Qoker (2370), UDF1 (2375)
UDF1 bets 1220
Qoker calls
River [Th Jh Ac Qs 6h], Qoker (3590), UDF1 (3595)
UDF1 bets 564
Qoker calls
Qoker shows [Td 6s]
UDF1 shows [7d 4c]
Qoker awarded 4159
UDF1 awarded -4159

Round #274, UDF1 (-73418), Qoker (73418)
UDF1 posts blind: 10
Qoker posts blind: 20
UDF1 received [4c 5c]
Qoker received [8h Ad]
UDF1 calls
Qoker checks
Flop [7d 2s 5s], UDF1 (20), Qoker (20)
Qoker bids 5
UDF1 bids 13
UDF1 won the auction and was revealed [Ad]
Flop [7d 2s 5s], UDF1 (25), Qoker (20)
Qoker checks
UDF1 bets 2955
Qoker folds
UDF1 awarded 20
Qoker awarded -20

Round #275, Qoker (73398), UDF1 (-73398)
Qoker posts blind: 10
UDF1 posts blind: 20
Qoker received [Kh 4d]
UDF1 received [5d 3d]
Qoker calls
UDF1 checks
Flop [Qd 2s 6c], Qoker (20), UDF1 (20)
UDF1 bids 4
Qoker bids 0
UDF1 won the auction and was revealed [4d]
Flop [Qd 2s 6c], Qoker (20), UDF1 (20)
UDF1 bets 2940
Qoker folds
Qoker awarded -20
UDF1 awarded 20

Round #276, UDF1 (-73378), Qoker (73378)
UDF1 posts blind: 10
Qoker posts blind: 20
UDF1 received [7d Jc]
Qoker received [Th 9c]
UDF1 folds
UDF1 awarded -10
Qoker awarded 10

Round #277, Qoker (73388), UDF1 (-73388)
Qoker posts blind: 10
UDF1 posts blind: 20
Qoker received [Kc 4h]
UDF1 received [Td Qh]
Qoker calls
UDF1 checks
Flop [3c Jc 6s], Qoker (20), UDF1 (20)
UDF1 bids 13
Qoker bids 0
UDF1 won the auction and was revealed [Kc]
Flop [3c Jc 6s], Qoker (20), UDF1 (20)
UDF1 bets 2300
Qoker folds
Qoker awarded -20
UDF1 awarded 20

Round #278, UDF1 (-73368), Qoker (73368)
UDF1 posts blind: 10
Qoker posts blind: 20
UDF1 received [8d 4s]
Qoker received [7d 7s]
UDF1 calls
Qoker checks
Flop [Ah 9h Qd], UDF1 (20), Qoker (20)
Qoker bids 2
UDF1 bids 8
UDF1 won the auction and was revealed [7d]
Flop [Ah 9h Qd], UDF1 (22), Qoker (20)
Qoker checks
UDF1 bets 2936
Qoker calls
Turn [Ah 9h Qd Qs], UDF1 (2958), Qoker (2956)
Qoker checks
UDF1 bets 1015
Qoker calls
River [Ah 9h Qd Qs Ks], UDF1 (3973), Qoker (3971)
Qoker checks
UDF1 bets 408
Qoker calls
UDF1 shows [8d 4s]
Qoker shows [7d 7s]
UDF1 awarded -4381
Qoker awarded 4381

Round #279, Qoker (77749), UDF1 (-77749)
Qoker posts blind: 10
UDF1 posts blind: 20
Qoker received [Qc 2c]
UDF1 received [9d Ts]
Qoker calls
UDF1 raises to 337
Qoker folds
Qoker awarded -20
UDF1 awarded 20

Round #280, UDF1 (-77729), Qoker (77729)
UDF1 posts blind: 10
Qoker posts blind: 20
UDF1 received [Qc Ks]
Qoker received [2s 2h]
UDF1 raises to 3855
Qoker calls
Flop [Ah 9h 6s], UDF1 (3855), Qoker (3855)
Qoker bids 714
UDF1 bids 0
Qoker won the auction and was revealed [Ks]
Flop [Ah 9h 6s], UDF1 (3855), Qoker (3855)
Qoker checks
UDF1 bets 731
Qoker calls
Turn [Ah 9h 6s 7d], UDF1 (4586), Qoker (4586)
Qoker checks
UDF1 bets 231
Qoker calls
River [Ah 9h 6s 7d Kh], UDF1 (4817), Qoker (4817)
Qoker checks
UDF1 bets 103
Qoker calls
UDF1 shows [Qc Ks]
Qoker shows [2s 2h]
UDF1 awarded 4920
Qoker awarded -4920

Round #281, Qoker (72809), UDF1 (-72809)
Qoker posts blind: 10
UDF1 posts blind: 20
Qoker received [6d Kh]
UDF1 received [3c 9h]
Qoker calls
UDF1 checks
Flop [7h 7d Jc], Qoker (20), UDF1 (20)
UDF1 bids 16
Qoker bids 5
UDF1 won the auction and was revealed [6d]
Flop [7h 7d Jc], Qoker (20), UDF1 (25)
UDF1 bets 2274
Qoker calls
Turn [7h 7d Jc 8s], Qoker (2294), UDF1 (2299)
UDF1 bets 1376
Qoker calls
River [7h 7d Jc 8s 3d], Qoker (3670), UDF1 (3675)
UDF1 bets 673
Qoker calls
Qoker shows [6d Kh]
UDF1 shows [3c 9h]
Qoker awarded -4343
UDF1 awarded 4343

Round #282, UDF1 (-68466), Qoker (68466)
UDF1 posts blind: 10
Qoker posts blind: 20
UDF1 received [7c 8h]
Qoker received [9d 6s]
UDF1 folds
UDF1 awarded -10
Qoker awarded 10

Round #283, Qoker (68476), UDF1 (-68476)
Qoker posts blind: 10
UDF1 posts blind: 20
Qoker received [8s 2d]
UDF1 received [7d Ac]
Qoker calls
UDF1 checks
Flop [Td 5d 9c], Qoker (20), UDF1 (20)
UDF1 bids 12
Qoker bids 0
UDF1 won the auction and was revealed [2d]
Flop [Td 5d 9c], Qoker (20), UDF1 (20)
UDF1 bets 3359
Qoker folds
Qoker awarded -20
UDF1 awarded 20

Round #284, UDF1 (-68456), Qoker (68456)
UDF1 posts blind: 10
Qoker posts blind: 20
UDF1 received [2c Ks]
Qoker received [Kh 9c]
UDF1 folds
UDF1 awarded -10
Qoker awarded 10

Round #285, Qoker (68466), UDF1 (-68466)
Qoker posts blind: 10
UDF1 posts blind: 20
Qoker received [2c 3h]
UDF1 received [7s 9s]
Qoker calls
UDF1 checks
Flop [Tc 3c Qc], Qoker (20), UDF1 (20)
UDF1 bids 11
Qoker bids 2
UDF1 won the auction and was revealed [3h]
Flop [Tc 3c Qc], Qoker (20), UDF1 (22)
UDF1 bets 2100
Qoker calls
Turn [Tc 3c Qc Jh], Qoker (2120), UDF1 (2122)
UDF1 bets 1107
Qoker calls
River [Tc 3c Qc Jh Jd], Qoker (3227), UDF1 (3229)
UDF1 bets 598
Qoker calls
Qoker shows [2c 3h]
UDF1 shows [7s 9s]
Qoker awarded 3827
UDF1 awarded -3827

Round #286, UDF1 (-72293), Qoker (72293)
UDF1 posts blind: 10
Qoker posts blind: 20
UDF1 received [Jh 9d]
Qoker received [5h Qc]
UDF1 calls
Qoker checks
Flop [Ac 5c 6d], UDF1 (20), Qoker (20)
Qoker bids 3
UDF1 bids 13
UDF1 won the auction and was revealed [5h]
Flop [Ac 5c 6d], UDF1 (23), Qoker (20)
Qoker checks
UDF1 bets 2543
Qoker calls
Turn [Ac 5c 6d 3h], UDF1 (2566), Qoker (2563)
Qoker checks
UDF1 bets 1067
Qoker calls
River [Ac 5c 6d 3h Th], UDF1 (3633), Qoker (3630)
Qoker checks
UDF1 bets 595
Qoker calls
UDF1 shows [Jh 9d]
Qoker shows [5h Qc]
UDF1 awarded -4228
Qoker awarded 4228

Round #287, Qoker (76521), UDF1 (-76521)
Qoker posts blind: 10
UDF1 posts blind: 20
Qoker received [Ac Qh]
UDF1 received [9d Jh]
Qoker calls
UDF1 raises to 337
Qoker calls
Flop [7d 6d 4c], Qoker (337), UDF1 (337)
UDF1 bids 0
Qoker bids 92
Qoker won the auction and was revealed [Jh]
Flop [7d 6d 4c], Qoker (337), UDF1 (337)
UDF1 bets 2536
Qoker folds
Qoker awarded -337
UDF1 awarded 337

Round #288, UDF1 (-76184), Qoker (76184)
UDF1 posts blind: 10
Qoker posts blind: 20
UDF1 received [Js Jh]
Qoker received [4h 2c]
UDF1 raises to 4464
Qoker folds
UDF1 awarded 20
Qoker awarded -20

Round #289, Qoker (76164), UDF1 (-76164)
Qoker posts blind: 10
UDF1 posts blind: 20
Qoker received [9c Ts]
UDF1 received [6c 4d]
Qoker calls
UDF1 checks
Flop [Qc 2h 9h], Qoker (20), UDF1 (20)
UDF1 bids 6
Qoker bids 7
Qoker won the auction and was revealed [4d]
Flop [Qc 2h 9h], Qoker (26), UDF1 (20)
UDF1 bets 2287
Qoker raises to 4574
UDF1 folds
Qoker awarded 2307
UDF1 awarded -2307

Round #290, UDF1 (-78471), Qoker (78471)
UDF1 posts blind: 10
Qoker posts blind: 20
UDF1 received [Qs Td]
Qoker received [7c Jc]
UDF1 calls
Qoker checks
Flop [7d Ac 5s], UDF1 (20), Qoker (20)
Qoker bids 2
UDF1 bids 7
UDF1 won the auction and was revealed [7c]
Flop [7d Ac 5s], UDF1 (22), Qoker (20)
Qoker checks
UDF1 bets 2505
Qoker calls
Turn [7d Ac 5s 3d], UDF1 (2527), Qoker (2525)
Qoker checks
UDF1 bets 994
Qoker calls
River [7d Ac 5s 3d 7s], UDF1 (3521), Qoker (3519)
Qoker bets 1479
UDF1 folds
UDF1 awarded -3521
Qoker awarded 3521

Round #291, Qoker (81992), UDF1 (-81992)
Qoker posts blind: 10
UDF1 posts blind: 20
Qoker received [6h 9c]
UDF1 received [3s Qd]
Qoker calls
UDF1 checks
Flop [8s 7s Kh], Qoker (20), UDF1 (20)
UDF1 bids 14
Qoker bids 5
UDF1 won the auction and was revealed [9c]
Flop [8s 7s Kh], Qoker (20), UDF1 (25)
UDF1 bets 2685
Qoker calls
Turn [8s 7s Kh 8h], Qoker (2705), UDF1 (2710)
UDF1 bets 1086
Qoker calls
River [8s 7s Kh 8h 5h], Qoker (3791), UDF1 (3796)
UDF1 bets 531
Qoker raises to 1204
UDF1 calls
Qoker shows [6h 9c]
UDF1 shows [3s Qd]
Qoker awarded 5000
UDF1 awarded -5000

Round #292, UDF1 (-86992), Qoker (86992)
UDF1 posts blind: 10
Qoker posts blind: 20
UDF1 received [2h Qh]
Qoker received [6d 8c]
UDF1 calls
Qoker checks
Flop [6h 3s Ts], UDF1 (20), Qoker (20)
Qoker bids 3
UDF1 bids 11
UDF1 won the auction and was revealed [6d]
Flop [6h 3s Ts], UDF1 (23), Qoker (20)
Qoker checks
UDF1 bets 2427
Qoker calls
Turn [6h 3s Ts Ad], UDF1 (2450), Qoker (2447)
Qoker checks
UDF1 bets 1041
Qoker calls
River [6h 3s Ts Ad 5c], UDF1 (3491), Qoker (3488)
Qoker checks
UDF1 bets 679
Qoker calls
UDF1 shows [2h Qh]
Qoker shows [6d 8c]
UDF1 awarded -4170
Qoker awarded 4170

Round #293, Qoker (91162), UDF1 (-91162)
Qoker posts blind: 10
UDF1 posts blind: 20
Qoker received [9h Ts]
UDF1 received [Ad Qh]
Qoker calls
UDF1 raises to 3747
Qoker folds
Qoker awarded -20
UDF1 awarded 20

Round #294, UDF1 (-91142), Qoker (91142)
UDF1 posts blind: 10
Qoker posts blind: 20
UDF1 received [Qh Ah]
Qoker received [3d 8c]
UDF1 raises to 4413
Qoker folds
UDF1 awarded 20
Qoker awarded -20

Round #295, Qoker (91122), UDF1 (-91122)
Qoker posts blind: 10
UDF1 posts blind: 20
Qoker received [4c Ah]
UDF1 received [Jh Qd]
Qoker calls
UDF1 checks
Flop [Ts Kd 6h], Qoker (20), UDF1 (20)
UDF1 bids 13
Qoker bids 2
UDF1 won the auction and was revealed [4c]
Flop [Ts Kd 6h], Qoker (20), UDF1 (22)
UDF1 bets 2966
Qoker folds
Qoker awarded -20
UDF1 awarded 20

Round #296, UDF1 (-91102), Qoker (91102)
UDF1 posts blind: 10
Qoker posts blind: 20
UDF1 received [6h 5s]
Qoker received [2c 2s]
UDF1 calls
Qoker checks
Flop [8h 2h 5c], UDF1 (20), Qoker (20)
Qoker bids 6
UDF1 bids 15
UDF1 won the auction and was revealed [2s]
Flop [8h 2h 5c], UDF1 (26), Qoker (20)
Qoker bets 32
UDF1 raises to 3280
Qoker raises to 4974
UDF1 calls
Turn [8h 2h 5c Ks], UDF1 (5000), Qoker (4994)
Qoker checks
UDF1 checks
River [8h 2h 5c Ks 5h], UDF1 (5000), Qoker (4994)
Qoker checks
UDF1 checks
UDF1 shows [6h 5s]
Qoker shows [2c 2s]
UDF1 awarded -5000
Qoker awarded 5000

Round #297, Qoker (96102), UDF1 (-96102)
Qoker posts blind: 10
UDF1 posts blind: 20
Qoker received [7h 9s]
UDF1 received [Ks Qc]
Qoker calls
UDF1 raises to 3565
Qoker folds
Qoker awarded -20
UDF1 awarded 20

Round #298, UDF1 (-96082), Qoker (96082)
UDF1 posts blind: 10
Qoker posts blind: 20
UDF1 received [7d 2h]
Qoker received [3s As]
UDF1 raises to 337
Qoker calls
Flop [Ts Kh 2d], UDF1 (337), Qoker (337)
Qoker bids 84
UDF1 bids 11
Qoker won the auction and was revealed [7d]
Flop [Ts Kh 2d], UDF1 (337), Qoker (348)
Qoker checks
UDF1 bets 3009
Qoker folds
UDF1 awarded 348
Qoker awarded -348

Round #299, Qoker (95734), UDF1 (-95734)
Qoker posts blind: 10
UDF1 posts blind: 20
Qoker received [Qs Kd]
UDF1 received [4c 5h]
Qoker calls
UDF1 checks
Flop [Ad 2d 8d], Qoker (20), UDF1 (20)
UDF1 bids 7
Qoker bids 5
UDF1 won the auction and was revealed [Qs]
Flop [Ad 2d 8d], Qoker (20), UDF1 (25)
UDF1 bets 2622
Qoker calls
Turn [Ad 2d 8d Td], Qoker (2642), UDF1 (2647)
UDF1 bets 1069
Qoker raises to 2353
UDF1 calls
River [Ad 2d 8d Td 7d], Qoker (4995), UDF1 (5000)
UDF1 checks
Qoker checks
Qoker shows [Qs Kd]
UDF1 shows [4c 5h]
Qoker awarded 5000
UDF1 awarded -5000

Round #300, UDF1 (-100734), Qoker (100734)
UDF1 posts blind: 10
Qoker posts blind: 20
UDF1 received [3c 4d]
Qoker received [4c 5d]
UDF1 folds
UDF1 awarded -10
Qoker awarded 10

Round #301, Qoker (100744), UDF1 (-100744)
Qoker posts blind: 10
UDF1 posts blind: 20
Qoker received [7d 2d]
UDF1 received [4d 2s]
Qoker calls
UDF1 raises to 337
Qoker folds
Qoker awarded -20
UDF1 awarded 20

Round #302, UDF1 (-100724), Qoker (100724)
UDF1 posts blind: 10
Qoker posts blind: 20
UDF1 received [Qd Jd]
Qoker received [Jc Ac]
UDF1 raises to 3484
Qoker calls
Flop [5d 3h 4h], UDF1 (3484), Qoker (3484)
Qoker bids 578
UDF1 bids 11
Qoker won the auction and was revealed [Jd]
Flop [5d 3h 4h], UDF1 (3484), Qoker (3495)
Qoker checks
UDF1 bets 792
Qoker calls
Turn [5d 3h 4h 4d], UDF1 (4276), Qoker (4287)
Qoker checks
UDF1 bets 363
Qoker calls
River [5d 3h 4h 4d Jh], UDF1 (4639), Qoker (4650)
Qoker bets 350
UDF1 calls
UDF1 shows [Qd Jd]
Qoker shows [Jc Ac]
UDF1 awarded -4989
Qoker awarded 4989

Round #303, Qoker (105713), UDF1 (-105713)
Qoker posts blind: 10
UDF1 posts blind: 20
Qoker received [3c 4d]
UDF1 received [4c Th]
Qoker calls
UDF1 checks
Flop [Qd 7h 2c], Qoker (20), UDF1 (20)
UDF1 bids 7
Qoker bids 0
UDF1 won the auction and was revealed [4d]
Flop [Qd 7h 2c], Qoker (20), UDF1 (20)
UDF1 bets 2524
Qoker folds
Qoker awarded -20
UDF1 awarded 20

Round #304, UDF1 (-105693), Qoker (105693)
UDF1 posts blind: 10
Qoker posts blind: 20
UDF1 received [Tc 5h]
Qoker received [4s 6c]
UDF1 folds
UDF1 awarded -10
Qoker awarded 10

Round #305, Qoker (105703), UDF1 (-105703)
Qoker posts blind: 10
UDF1 posts blind: 20
Qoker received [6d Ah]
UDF1 received [Ac 9d]
Qoker calls
UDF1 raises to 337
Qoker folds
Qoker awarded -20
UDF1 awarded 20

Round #306, UDF1 (-105683), Qoker (105683)
UDF1 posts blind: 10
Qoker posts blind: 20
UDF1 received [2d 9d]
Qoker received [Ah 6s]
UDF1 calls
Qoker checks
Flop [As 9c Qd], UDF1 (20), Qoker (20)
Qoker bids 4
UDF1 bids 15
UDF1 won the auction and was revealed [6s]
Flop [As 9c Qd], UDF1 (24), Qoker (20)
Qoker checks
UDF1 bets 3276
Qoker calls
Turn [As 9c Qd 5h], UDF1 (3300), Qoker (3296)
Qoker checks
UDF1 bets 1135
Qoker calls
River [As 9c Qd 5h Js], UDF1 (4435), Qoker (4431)
Qoker bets 565
UDF1 calls
UDF1 shows [2d 9d]
Qoker shows [Ah 6s]
UDF1 awarded -5000
Qoker awarded 5000

Round #307, Qoker (110683), UDF1 (-110683)
Qoker posts blind: 10
UDF1 posts blind: 20
Qoker received [Kc 6s]
UDF1 received [Jh Qd]
Qoker calls
UDF1 checks
Flop [5d 2d As], Qoker (20), UDF1 (20)
UDF1 bids 14
Qoker bids 3
UDF1 won the auction and was revealed [6s]
Flop [5d 2d As], Qoker (20), UDF1 (23)
UDF1 bets 2622
Qoker folds
Qoker awarded -20
UDF1 awarded 20

Round #308, UDF1 (-110663), Qoker (110663)
UDF1 posts blind: 10
Qoker posts blind: 20
UDF1 received [8c 4h]
Qoker received [6s 4s]
UDF1 calls
Qoker checks
Flop [Qd Tc 9h], UDF1 (20), Qoker (20)
Qoker bids 0
UDF1 bids 5
UDF1 won the auction and was revealed [6s]
Flop [Qd Tc 9h], UDF1 (20), Qoker (20)
Qoker checks
UDF1 bets 2754
Qoker folds
UDF1 awarded 20
Qoker awarded -20

Round #309, Qoker (110643), UDF1 (-110643)
Qoker posts blind: 10
UDF1 posts blind: 20
Qoker received [6c Js]
UDF1 received [Ks 9h]
Qoker calls
UDF1 checks
Flop [Qd Qc Td], Qoker (20), UDF1 (20)
UDF1 bids 7
Qoker bids 5
UDF1 won the auction and was revealed [Js]
Flop [Qd Qc Td], Qoker (20), UDF1 (25)
UDF1 bets 2645
Qoker calls
Turn [Qd Qc Td Jh], Qoker (2665), UDF1 (2670)
UDF1 bets 1440
Qoker calls
River [Qd Qc Td Jh 9c], Qoker (4105), UDF1 (4110)
UDF1 bets 543
Qoker calls
Qoker shows [6c Js]
UDF1 shows [Ks 9h]
Qoker awarded -4648
UDF1 awarded 4648

Round #310, UDF1 (-105995), Qoker (105995)
UDF1 posts blind: 10
Qoker posts blind: 20
UDF1 received [8h 9h]
Qoker received [9s Qc]
UDF1 calls
Qoker checks
Flop [3d 4d Js], UDF1 (20), Qoker (20)
Qoker bids 0
UDF1 bids 8
UDF1 won the auction and was revealed [9s]
Flop [3d 4d Js], UDF1 (20), Qoker (20)
Qoker checks
UDF1 bets 2568
Qoker folds
UDF1 awarded 20
Qoker awarded -20

Round #311, Qoker (105975), UDF1 (-105975)
Qoker posts blind: 10
UDF1 posts blind: 20
Qoker received [7d 8c]
UDF1 received [5d Qd]
Qoker calls
UDF1 checks
Flop [6h 9h Kh], Qoker (20), UDF1 (20)
UDF1 bids 13
Qoker bids 5
UDF1 won the auction and was revealed [7d]
Flop [6h 9h Kh], Qoker (20), UDF1 (25)
UDF1 bets 2461
Qoker calls
Turn [6h 9h Kh Ad], Qoker (2481), UDF1 (2486)
UDF1 bets 1418
Qoker calls
River [6h 9h Kh Ad As], Qoker (3899), UDF1 (3904)
UDF1 bets 540
Qoker calls
Qoker shows [7d 8c]
UDF1 shows [5d Qd]
Qoker awarded -4439
UDF1 awarded 4439

Round #312, UDF1 (-101536), Qoker (101536)
UDF1 posts blind: 10
Qoker posts blind: 20
UDF1 received [5d 6c]
Qoker received [Qc Js]
UDF1 calls
Qoker checks
Flop [6d Td 7d], UDF1 (20), Qoker (20)
Qoker bids 0
UDF1 bids 7
UDF1 won the auction and was revealed [Qc]
Flop [6d Td 7d], UDF1 (20), Qoker (20)
Qoker checks
UDF1 bets 3127
Qoker folds
UDF1 awarded 20
Qoker awarded -20

Round #313, Qoker (101516), UDF1 (-101516)
Qoker posts blind: 10
UDF1 posts blind: 20
Qoker received [6c 4c]
UDF1 received [Ts 2s]
Qoker calls
UDF1 checks
Flop [6d 7s Ks], Qoker (20), UDF1 (20)
UDF1 bids 16
Qoker bids 5
UDF1 won the auction and was revealed [6c]
Flop [6d 7s Ks], Qoker (20), UDF1 (25)
UDF1 bets 2802
Qoker calls
Turn [6d 7s Ks 9s], Qoker (2822), UDF1 (2827)
UDF1 bets 1346
Qoker calls
River [6d 7s Ks 9s 6s], Qoker (4168), UDF1 (4173)
UDF1 bets 462
Qoker raises to 827
UDF1 calls
Qoker shows [6c 4c]
UDF1 shows [Ts 2s]
Qoker awarded -4995
UDF1 awarded 4995

Round #314, UDF1 (-96521), Qoker (96521)
UDF1 posts blind: 10
Qoker posts blind: 20
UDF1 received [4h Jd]
Qoker received [Ts 9d]
UDF1 folds
UDF1 awarded -10
Qoker awarded 10

Round #315, Qoker (96531), UDF1 (-96531)
Qoker posts blind: 10
UDF1 posts blind: 20
Qoker received [8h 4c]
UDF1 received [Ts 6d]
Qoker calls
UDF1 checks
Flop [4h 2h 9s], Qoker (20), UDF1 (20)
UDF1 bids 9
Qoker bids 5
UDF1 won the auction and was revealed [4c]
Flop [4h 2h 9s], Qoker (20), UDF1 (25)
UDF1 bets 2483
Qoker calls
Turn [4h 2h 9s Kd], Qoker (2503), UDF1 (2508)
UDF1 bets 1306
Qoker calls
River [4h 2h 9s Kd 9h], Qoker (3809), UDF1 (3814)
UDF1 bets 339
Qoker calls
Qoker shows [8h 4c]
UDF1 shows [Ts 6d]
Qoker awarded 4153
UDF1 awarded -4153

Round #316, UDF1 (-100684), Qoker (100684)
UDF1 posts blind: 10
Qoker posts blind: 20
UDF1 received [8d 2h]
Qoker received [7c 4c]
UDF1 folds
UDF1 awarded -10
Qoker awarded 10

Round #317, Qoker (100694), UDF1 (-100694)
Qoker posts blind: 10
UDF1 posts blind: 20
Qoker received [3s 9c]
UDF1 received [Kc 7c]
Qoker calls
UDF1 raises to 337
Qoker folds
Qoker awarded -20
UDF1 awarded 20

Round #318, UDF1 (-100674), Qoker (100674)
UDF1 posts blind: 10
Qoker posts blind: 20
UDF1 received [Kd 6h]
Qoker received [Js 5s]
UDF1 calls
Qoker checks
Flop [7h 8h 5d], UDF1 (20), Qoker (20)
Qoker bids 4
UDF1 bids 9
UDF1 won the auction and was revealed [Js]
Flop [7h 8h 5d], UDF1 (24), Qoker (20)
Qoker checks
UDF1 bets 3022
Qoker calls
Turn [7h 8h 5d Ts], UDF1 (3046), Qoker (3042)
Qoker checks
UDF1 bets 1132
Qoker calls
River [7h 8h 5d Ts 7c], UDF1 (4178), Qoker (4174)
Qoker checks
UDF1 bets 439
Qoker calls
UDF1 shows [Kd 6h]
Qoker shows [Js 5s]
UDF1 awarded -4617
Qoker awarded 4617

Round #319, Qoker (105291), UDF1 (-105291)
Qoker posts blind: 10
UDF1 posts blind: 20
Qoker received [Th 5h]
UDF1 received [9s 2s]
Qoker calls
UDF1 checks
Flop [Qc Ts 9d], Qoker (20), UDF1 (20)
UDF1 bids 9
Qoker bids 6
UDF1 won the auction and was revealed [5h]
Flop [Qc Ts 9d], Qoker (20), UDF1 (26)
UDF1 bets 3116
Qoker calls
Turn [Qc Ts 9d 3s], Qoker (3136), UDF1 (3142)
UDF1 bets 1065
Qoker calls
River [Qc Ts 9d 3s Tc], Qoker (4201), UDF1 (4207)
UDF1 bets 474
Qoker raises to 793
UDF1 calls
Qoker shows [Th 5h]
UDF1 shows [9s 2s]
Qoker awarded 5000
UDF1 awarded -5000

Round #320, UDF1 (-110291), Qoker (110291)
UDF1 posts blind: 10
Qoker posts blind: 20
UDF1 received [3d 5c]
Qoker received [Qh 6h]
UDF1 raises to 337
Qoker folds
UDF1 awarded 20
Qoker awarded -20

Round #321, Qoker (110271), UDF1 (-110271)
Qoker posts blind: 10
UDF1 posts blind: 20
Qoker received [Ad Td]
UDF1 received [3s 2h]
Qoker calls
UDF1 raises to 337
Qoker calls
Flop [8s 3c 7d], Qoker (337), UDF1 (337)
UDF1 bids 9
Qoker bids 48
Qoker won the auction and was revealed [2h]
Flop [8s 3c 7d], Qoker (346), UDF1 (337)
UDF1 bets 2413
Qoker calls
Turn [8s 3c 7d 7s], Qoker (2759), UDF1 (2750)
UDF1 bets 1126
Qoker raises to 2241
UDF1 calls
River [8s 3c 7d 7s 4s], Qoker (5000), UDF1 (4991)
UDF1 checks
Qoker checks
Qoker shows [Ad Td]
UDF1 shows [3s 2h]
Qoker awarded -5000
UDF1 awarded 5000

Round #322, UDF1 (-105271), Qoker (105271)
UDF1 posts blind: 10
Qoker posts blind: 20
UDF1 received [Js 7d]
Qoker received [3h Tc]
UDF1 raises to 337
Qoker folds
UDF1 awarded 20
Qoker awarded -20

Round #323, Qoker (105251), UDF1 (-105251)
Qoker posts blind: 10
UDF1 posts blind: 20
Qoker received [Qd Qh]
UDF1 received [Qs 8s]
Qoker raises to 40
UDF1 calls
Flop [Ks Ad 2d], Qoker (40), UDF1 (40)
UDF1 bids 0
Qoker bids 9
Qoker won the auction and was revealed [Qs]
Flop [Ks Ad 2d], Qoker (40), UDF1 (40)
UDF1 bets 2825
Qoker calls
Turn [Ks Ad 2d 6s], Qoker (2865), UDF1 (2865)
UDF1 bets 1240
Qoker calls
River [Ks Ad 2d 6s 7c], Qoker (4105), UDF1 (4105)
UDF1 bets 509
Qoker calls
Qoker shows [Qd Qh]
UDF1 shows [Qs 8s]
Qoker awarded 4614
UDF1 awarded -4614

Round #324, UDF1 (-109865), Qoker (109865)
UDF1 posts blind: 10
Qoker posts blind: 20
UDF1 received [Tc 3d]
Qoker received [9h Jh]
UDF1 calls
Qoker checks
Flop [Qh 9d 6s], UDF1 (20), Qoker (20)
Qoker bids 6
UDF1 bids 7
UDF1 won the auction and was revealed [Jh]
Flop [Qh 9d 6s], UDF1 (26), Qoker (20)
Qoker checks
UDF1 bets 2299
Qoker calls
Turn [Qh 9d 6s 2c], UDF1 (2325), Qoker (2319)
Qoker checks
UDF1 bets 1315
Qoker calls
River [Qh 9d 6s 2c 5d], UDF1 (3640), Qoker (3634)
Qoker bets 1360
UDF1 folds
UDF1 awarded -3640
Qoker awarded 3640

Round #325, Qoker (113505), UDF1 (-113505)
Qoker posts blind: 10
UDF1 posts blind: 20
Qoker received [4d Th]
UDF1 received [7c Kd]
Qoker calls
UDF1 checks
Flop [2h 6h Jd], Qoker (20), UDF1 (20)
UDF1 bids 12
Qoker bids 0
UDF1 won the auction and was revealed [4d]
Flop [2h 6h Jd], Qoker (20), UDF1 (20)
UDF1 bets 2797
Qoker folds
Qoker awarded -20
UDF1 awarded 20

Round #326, UDF1 (-113485), Qoker (113485)
UDF1 posts blind: 10
Qoker posts blind: 20
UDF1 received [6h 8h]
Qoker received [7c Ts]
UDF1 folds
UDF1 awarded -10
Qoker awarded 10

Round #327, Qoker (113495), UDF1 (-113495)
Qoker posts blind: 10
UDF1 posts blind: 20
Qoker received [Qh Th]
UDF1 received [6d Js]
Qoker calls
UDF1 raises to 337
Qoker calls
Flop [4d 4s Ah], Qoker (337), UDF1 (337)
UDF1 bids 7
Qoker bids 76
Qoker won the auction and was revealed [Js]
Flop [4d 4s Ah], Qoker (344), UDF1 (337)
UDF1 bets 2469
Qoker calls
Turn [4d 4s Ah 3s], Qoker (2813), UDF1 (2806)
UDF1 bets 940
Qoker calls
River [4d 4s Ah 3s 7s], Qoker (3753), UDF1 (3746)
UDF1 bets 472
Qoker calls
Qoker shows [Qh Th]
UDF1 shows [6d Js]
Qoker awarded 4218
UDF1 awarded -4218

Round #328, UDF1 (-117713), Qoker (117713)
UDF1 posts blind: 10
Qoker posts blind: 20
UDF1 received [7d Ks]
Qoker received [3s 3c]
UDF1 raises to 337
Qoker calls
Flop [Ts 8s Jd], UDF1 (337), Qoker (337)
Qoker bids 88
UDF1 bids 6
Qoker won the auction and was revealed [7d]
Flop [Ts 8s Jd], UDF1 (337), Qoker (343)
Qoker checks
UDF1 bets 2359
Qoker calls
Turn [Ts 8s Jd 5h], UDF1 (2696), Qoker (2702)
Qoker checks
UDF1 bets 1056
Qoker calls
River [Ts 8s Jd 5h 2d], UDF1 (3752), Qoker (3758)
Qoker checks
UDF1 bets 506
Qoker calls
UDF1 shows [7d Ks]
Qoker shows [3s 3c]
UDF1 awarded -4258
Qoker awarded 4258

Round #329, Qoker (121971), UDF1 (-121971)
Qoker posts blind: 10
UDF1 posts blind: 20
Qoker received [9d 5h]
UDF1 received [9h Ac]
Qoker calls
UDF1 checks
Flop [Qc 8s 4c], Qoker (20), UDF1 (20)
UDF1 bids 5
Qoker bids 0
UDF1 won the auction and was revealed [9d]
Flop [Qc 8s 4c], Qoker (20), UDF1 (20)
UDF1 bets 2969
Qoker folds
Qoker awarded -20
UDF1 awarded 20

Round #330, UDF1 (-121951), Qoker (121951)
UDF1 posts blind: 10
Qoker posts blind: 20
UDF1 received [8h Qc]
Qoker received [Tc Qh]
UDF1 raises to 337
Qoker calls
Flop [2d Td Kc], UDF1 (337), Qoker (337)
Qoker bids 126
UDF1 bids 8
Qoker won the auction and was revealed [Qc]
Flop [2d Td Kc], UDF1 (337), Qoker (345)
Qoker bets 373
UDF1 calls
Turn [2d Td Kc 6d], UDF1 (710), Qoker (718)
Qoker checks
UDF1 bets 2004
Qoker calls
River [2d Td Kc 6d 6s], UDF1 (2714), Qoker (2722)
Qoker bets 2278
UDF1 calls
UDF1 shows [8h Qc]
Qoker shows [Tc Qh]
UDF1 awarded -4992
Qoker awarded 4992

Round #331, Qoker (126943), UDF1 (-126943)
Qoker posts blind: 10
UDF1 posts blind: 20
Qoker received [7h Ad]
UDF1 received [6h 9c]
Qoker calls
UDF1 checks
Flop [5h 8s 7d], Qoker (20), UDF1 (20)
UDF1 bids 10
Qoker bids 2
UDF1 won the auction and was revealed [Ad]
Flop [5h 8s 7d], Qoker (20), UDF1 (22)
UDF1 bets 3182
Qoker calls
Turn [5h 8s 7d 7c], Qoker (3202), UDF1 (3204)
UDF1 bets 1134
Qoker raises to 1796
UDF1 calls
River [5h 8s 7d 7c 6c], Qoker (4998), UDF1 (5000)
UDF1 checks
Qoker checks
Qoker shows [7h Ad]
UDF1 shows [6h 9c]
Qoker awarded -4998
UDF1 awarded 4998

Round #332, UDF1 (-121945), Qoker (121945)
UDF1 posts blind: 10
Qoker posts blind: 20
UDF1 received [6c 8s]
Qoker received [8c 5d]
UDF1 calls
Qoker checks
Flop [Kc 5c 9c], UDF1 (20), Qoker (20)
Qoker bids 3
UDF1 bids 6
UDF1 won the auction and was revealed [5d]
Flop [Kc 5c 9c], UDF1 (23), Qoker (20)
Qoker checks
UDF1 bets 2577
Qoker calls
Turn [Kc 5c 9c Ad], UDF1 (2600), Qoker (2597)
Qoker checks
UDF1 bets 1129
Qoker calls
River [Kc 5c 9c Ad 4h], UDF1 (3729), Qoker (3726)
Qoker checks
UDF1 bets 459
Qoker calls
UDF1 shows [6c 8s]
Qoker shows [8c 5d]
UDF1 awarded -4188
Qoker awarded 4188

Round #333, Qoker (126133), UDF1 (-126133)
Qoker posts blind: 10
UDF1 posts blind: 20
Qoker received [5h 2h]
UDF1 received [Ks 5d]
Qoker calls
UDF1 raises to 337
Qoker calls
Flop [9s 4s Ad], Qoker (337), UDF1 (337)
UDF1 bids 10
Qoker bids 94
Qoker won the auction and was revealed [Ks]
Flop [9s 4s Ad], Qoker (347), UDF1 (337)
UDF1 bets 2896
Qoker folds
Qoker awarded -347
UDF1 awarded 347

Round #334, UDF1 (-125786), Qoker (125786)
UDF1 posts blind: 10
Qoker posts blind: 20
UDF1 received [Kc Kh]
Qoker received [7d 3h]
UDF1 raises to 4295
Qoker folds
UDF1 awarded 20
Qoker awarded -20

Round #335, Qoker (125766), UDF1 (-125766)
Qoker posts blind: 10
UDF1 posts blind: 20
Qoker received [2c 2s]
UDF1 received [4s 5d]
Qoker calls
UDF1 checks
Flop [Qd 3c Js], Qoker (20), UDF1 (20)
UDF1 bids 5
Qoker bids 3
UDF1 won the auction and was revealed [2s]
Flop [Qd 3c Js], Qoker (20), UDF1 (23)
UDF1 bets 2768
Qoker calls
Turn [Qd 3c Js Ah], Qoker (2788), UDF1 (2791)
UDF1 bets 959
Qoker calls
River [Qd 3c Js Ah 5c], Qoker (3747), UDF1 (3750)
UDF1 bets 766
Qoker calls
Qoker shows [2c 2s]
UDF1 shows [4s 5d]
Qoker awarded -4513
UDF1 awarded 4513

Round #336, UDF1 (-121253), Qoker (121253)
UDF1 posts blind: 10
Qoker posts blind: 20
UDF1 received [6d 4s]
Qoker received [7s 8h]
UDF1 calls
Qoker checks
Flop [2d Ts 8d], UDF1 (20), Qoker (20)
Qoker bids 2
UDF1 bids 11
UDF1 won the auction and was revealed [7s]
Flop [2d Ts 8d], UDF1 (22), Qoker (20)
Qoker checks
UDF1 bets 2678
Qoker calls
Turn [2d Ts 8d 8c], UDF1 (2700), Qoker (2698)
Qoker bets 2300
UDF1 folds
UDF1 awarded -2700
Qoker awarded 2700

Round #337, Qoker (123953), UDF1 (-123953)
Qoker posts blind: 10
UDF1 posts blind: 20
Qoker received [4s Ts]
UDF1 received [4h Th]
Qoker calls
UDF1 checks
Flop [Kc 8s 9h], Qoker (20), UDF1 (20)
UDF1 bids 0
Qoker bids 0
Qoker won the auction and was revealed [4h]
UDF1 won the auction and was revealed [4s]
Flop [Kc 8s 9h], Qoker (20), UDF1 (20)
UDF1 bets 2708
Qoker folds
Qoker awarded -20
UDF1 awarded 20

Round #338, UDF1 (-123933), Qoker (123933)
UDF1 posts blind: 10
Qoker posts blind: 20
UDF1 received [Jh Ks]
Qoker received [Kh Jd]
UDF1 calls
Qoker checks
Flop [Qc 3s Qd], UDF1 (20), Qoker (20)
Qoker bids 6
UDF1 bids 12
UDF1 won the auction and was revealed [Kh]
Flop [Qc 3s Qd], UDF1 (26), Qoker (20)
Qoker bets 27
UDF1 raises to 2692
Qoker calls
Turn [Qc 3s Qd 3c], UDF1 (2718), Qoker (2712)
Qoker bets 2282
UDF1 calls
River [Qc 3s Qd 3c 8c], UDF1 (5000), Qoker (4994)
Qoker checks
UDF1 checks
UDF1 shows [Jh Ks]
Qoker shows [Kh Jd]
UDF1 awarded -3
Qoker awarded 3

Round #339, Qoker (123936), UDF1 (-123936)
Qoker posts blind: 10
UDF1 posts blind: 20
Qoker received [3d 7h]
UDF1 received [7d 6s]
Qoker calls
UDF1 raises to 337
Qoker folds
Qoker awarded -20
UDF1 awarded 20

Round #340, UDF1 (-123916), Qoker (123916)
UDF1 posts blind: 10
Qoker posts blind: 20
UDF1 received [Qh 5h]
Qoker received [4h 2c]
UDF1 folds
UDF1 awarded -10
Qoker awarded 10

Round #341, Qoker (123926), UDF1 (-123926)
Qoker posts blind: 10
UDF1 posts blind: 20
Qoker received [5c 7h]
UDF1 received [Js 9h]
Qoker calls
UDF1 checks
Flop [7d 3h 8c], Qoker (20), UDF1 (20)
UDF1 bids 5
Qoker bids 2
UDF1 won the auction and was revealed [5c]
Flop [7d 3h 8c], Qoker (20), UDF1 (22)
UDF1 bets 2924
Qoker calls
Turn [7d 3h 8c 9s], Qoker (2944), UDF1 (2946)
UDF1 bets 1225
Qoker calls
River [7d 3h 8c 9s 4h], Qoker (4169), UDF1 (4171)
UDF1 bets 565
Qoker calls
Qoker shows [5c 7h]
UDF1 shows [Js 9h]
Qoker awarded -4734
UDF1 awarded 4734

Round #342, UDF1 (-119192), Qoker (119192)
UDF1 posts blind: 10
Qoker posts blind: 20
UDF1 received [4s 3c]
Qoker received [7d 8h]
UDF1 calls
Qoker checks
Flop [As 8c 3d], UDF1 (20), Qoker (20)
Qoker bids 4
UDF1 bids 15
UDF1 won the auction and was revealed [7d]
Flop [As 8c 3d], UDF1 (24), Qoker (20)
Qoker checks
UDF1 bets 2877
Qoker calls
Turn [As 8c 3d Tc], UDF1 (2901), Qoker (2897)
Qoker checks
UDF1 bets 1214
Qoker calls
River [As 8c 3d Tc 7c], UDF1 (4115), Qoker (4111)
Qoker bets 885
UDF1 folds
UDF1 awarded -4115
Qoker awarded 4115

Round #343, Qoker (123307), UDF1 (-123307)
Qoker posts blind: 10
UDF1 posts blind: 20
Qoker received [Kh Kc]
UDF1 received [3h As]
Qoker raises to 40
UDF1 folds
Qoker awarded 20
UDF1 awarded -20

Round #344, UDF1 (-123327), Qoker (123327)
UDF1 posts blind: 10
Qoker posts blind: 20
UDF1 received [9h Js]
Qoker received [Qc 4h]
UDF1 calls
Qoker checks
Flop [Ac 3s Jh], UDF1 (20), Qoker (20)
Qoker bids 5
UDF1 bids 6
UDF1 won the auction and was revealed [Qc]
Flop [Ac 3s Jh], UDF1 (25), Qoker (20)
Qoker checks
UDF1 bets 3200
Qoker folds
UDF1 awarded 20
Qoker awarded -20

Round #345, Qoker (123307), UDF1 (-123307)
Qoker posts blind: 10
UDF1 posts blind: 20
Qoker received [Ah Qd]
UDF1 received [4c Ks]
Qoker calls
UDF1 checks
Flop [Js 7d 4d], Qoker (20), UDF1 (20)
UDF1 bids 10
Qoker bids 6
UDF1 won the auction and was revealed [Qd]
Flop [Js 7d 4d], Qoker (20), UDF1 (26)
UDF1 bets 3296
Qoker folds
Qoker awarded -20
UDF1 awarded 20

Round #346, UDF1 (-123287), Qoker (123287)
UDF1 posts blind: 10
Qoker posts blind: 20
UDF1 received [Ts 6c]
Qoker received [3h Js]
UDF1 calls
Qoker checks
Flop [Qh Tc 8d], UDF1 (20), Qoker (20)
Qoker bids 0
UDF1 bids 12
UDF1 won the auction and was revealed [Js]
Flop [Qh Tc 8d], UDF1 (20), Qoker (20)
Qoker checks
UDF1 bets 2684
Qoker folds
UDF1 awarded 20
Qoker awarded -20

Round #347, Qoker (123267), UDF1 (-123267)
Qoker posts blind: 10
UDF1 posts blind: 20
Qoker received [8d Ts]
UDF1 received [Qs Ah]
Qoker calls
UDF1 raises to 3399
Qoker folds
Qoker awarded -20
UDF1 awarded 20

Round #348, UDF1 (-123247), Qoker (123247)
UDF1 posts blind: 10
Qoker posts blind: 20
UDF1 received [Ts 4d]
Qoker received [4h 2c]
UDF1 calls
Qoker checks
Flop [Td Ks 4s], UDF1 (20), Qoker (20)
Qoker bids 5
UDF1 bids 11
UDF1 won the auction and was revealed [4h]
Flop [Td Ks 4s], UDF1 (25), Qoker (20)
Qoker checks
UDF1 bets 3626
Qoker calls
Turn [Td Ks 4s Js], UDF1 (3651), Qoker (3646)
Qoker checks
UDF1 bets 772
Qoker calls
River [Td Ks 4s Js 9s], UDF1 (4423), Qoker (4418)
Qoker checks
UDF1 bets 372
Qoker calls
UDF1 shows [Ts 4d]
Qoker shows [4h 2c]
UDF1 awarded 4790
Qoker awarded -4790

Round #349, Qoker (118457), UDF1 (-118457)
Qoker posts blind: 10
UDF1 posts blind: 20
Qoker received [2s 5c]
UDF1 received [2c As]
Qoker calls
UDF1 raises to 337
Qoker folds
Qoker awarded -20
UDF1 awarded 20

Round #350, UDF1 (-118437), Qoker (118437)
UDF1 posts blind: 10
Qoker posts blind: 20
UDF1 received [8c 7s]
Qoker received [Qc Ts]
UDF1 folds
UDF1 awarded -10
Qoker awarded 10

Round #351, Qoker (118447), UDF1 (-118447)
Qoker posts blind: 10
UDF1 posts blind: 20
Qoker received [7h 9h]
UDF1 received [4c Ks]
Qoker calls
UDF1 checks
Flop [Qh 9c 4h], Qoker (20), UDF1 (20)
UDF1 bids 17
Qoker bids 7
UDF1 won the auction and was revealed [7h]
Flop [Qh 9c 4h], Qoker (20), UDF1 (27)
UDF1 bets 2994
Qoker calls
Turn [Qh 9c 4h Kc], Qoker (3014), UDF1 (3021)
UDF1 bets 1404
Qoker calls
River [Qh 9c 4h Kc 9d], Qoker (4418), UDF1 (4425)
UDF1 bets 386
Qoker raises to 575
UDF1 calls
Qoker shows [7h 9h]
UDF1 shows [4c Ks]
Qoker awarded 5000
UDF1 awarded -5000

Round #352, UDF1 (-123447), Qoker (123447)
UDF1 posts blind: 10
Qoker posts blind: 20
UDF1 received [6d 2c]
Qoker received [Ts 7s]
UDF1 folds
UDF1 awarded -10
Qoker awarded 10

Round #353, Qoker (123457), UDF1 (-123457)
Qoker posts blind: 10
UDF1 posts blind: 20
Qoker received [6s Jh]
UDF1 received [4c Ks]
Qoker calls
UDF1 checks
Flop [5h 4h Tc], Qoker (20), UDF1 (20)
UDF1 bids 8
Qoker bids 0
UDF1 won the auction and was revealed [6s]
Flop [5h 4h Tc], Qoker (20), UDF1 (20)
UDF1 bets 2957
Qoker folds
Qoker awarded -20
UDF1 awarded 20

Round #354, UDF1 (-123437), Qoker (123437)
UDF1 posts blind: 10
Qoker posts blind: 20
UDF1 received [Ah 9s]
Qoker received [Td 4h]
UDF1 folds
UDF1 awarded -10
Qoker awarded 10

Round #355, Qoker (123447), UDF1 (-123447)
Qoker posts blind: 10
UDF1 posts blind: 20
Qoker received [2c 6d]
UDF1 received [7s 8d]
Qoker calls
UDF1 raises to 337
Qoker folds
Qoker awarded -20
UDF1 awarded 20

Round #356, UDF1 (-123427), Qoker (123427)
UDF1 posts blind: 10
Qoker posts blind: 20
UDF1 received [Qd Tc]
Qoker received [Td 7d]
UDF1 calls
Qoker checks
Flop [9d Ah 2d], UDF1 (20), Qoker (20)
Qoker bids 2
UDF1 bids 17
UDF1 won the auction and was revealed [Td]
Flop [9d Ah 2d], UDF1 (22), Qoker (20)
Qoker checks
UDF1 bets 3005
Qoker folds
UDF1 awarded 20
Qoker awarded -20

Round #357, Qoker (123407), UDF1 (-123407)
Qoker posts blind: 10
UDF1 posts blind: 20
Qoker received [Kd 3s]
UDF1 received [9c 5d]
Qoker calls
UDF1 checks
Flop [4h As Kc], Qoker (20), UDF1 (20)
UDF1 bids 9
Qoker bids 5
UDF1 won the auction and was revealed [3s]
Flop [4h As Kc], Qoker (20), UDF1 (25)
UDF1 bets 2560
Qoker calls
Turn [4h As Kc 4d], Qoker (2580), UDF1 (2585)
UDF1 bets 1018
Qoker calls
River [4h As Kc 4d 8h], Qoker (3598), UDF1 (3603)
UDF1 bets 598
Qoker calls
Qoker shows [Kd 3s]
UDF1 shows [9c 5d]
Qoker awarded 4201
UDF1 awarded -4201

Round #358, UDF1 (-127608), Qoker (127608)
UDF1 posts blind: 10
Qoker posts blind: 20
UDF1 received [9c Qd]
Qoker received [3d 8c]
UDF1 folds
UDF1 awarded -10
Qoker awarded 10

Round #359, Qoker (127618), UDF1 (-127618)
Qoker posts blind: 10
UDF1 posts blind: 20
Qoker received [Qc 7h]
UDF1 received [5h 9s]
Qoker calls
UDF1 checks
Flop [Ts 5s Qd], Qoker (20), UDF1 (20)
UDF1 bids 0
Qoker bids 7
Qoker won the auction and was revealed [9s]
Flop [Ts 5s Qd], Qoker (20), UDF1 (20)
UDF1 bets 3346
Qoker calls
Turn [Ts 5s Qd 8s], Qoker (3366), UDF1 (3366)
UDF1 bets 909
Qoker calls
River [Ts 5s Qd 8s 6h], Qoker (4275), UDF1 (4275)
UDF1 bets 304
Qoker calls
Qoker shows [Qc 7h]
UDF1 shows [5h 9s]
Qoker awarded 4579
UDF1 awarded -4579

Round #360, UDF1 (-132197), Qoker (132197)
UDF1 posts blind: 10
Qoker posts blind: 20
UDF1 received [4h 3d]
Qoker received [7c 2s]
UDF1 calls
Qoker checks
Flop [2d 7s 9s], UDF1 (20), Qoker (20)
Qoker bids 6
UDF1 bids 6
UDF1 won the auction and was revealed [7c]
Qoker won the auction and was revealed [3d]
Flop [2d 7s 9s], UDF1 (26), Qoker (26)
Qoker bets 40
UDF1 folds
UDF1 awarded -26
Qoker awarded 26

Round #361, Qoker (132223), UDF1 (-132223)
Qoker posts blind: 10
UDF1 posts blind: 20
Qoker received [Js 7d]
UDF1 received [6c 9s]
Qoker calls
UDF1 checks
Flop [4c 8c 4d], Qoker (20), UDF1 (20)
UDF1 bids 8
Qoker bids 3
UDF1 won the auction and was revealed [Js]
Flop [4c 8c 4d], Qoker (20), UDF1 (23)
UDF1 bets 2473
Qoker calls
Turn [4c 8c 4d 9d], Qoker (2493), UDF1 (2496)
UDF1 bets 1559
Qoker calls
River [4c 8c 4d 9d Qc], Qoker (4052), UDF1 (4055)
UDF1 bets 499
Qoker calls
Qoker shows [Js 7d]
UDF1 shows [6c 9s]
Qoker awarded -4551
UDF1 awarded 4551

Round #362, UDF1 (-127672), Qoker (127672)
UDF1 posts blind: 10
Qoker posts blind: 20
UDF1 received [9s Qd]
Qoker received [Jh 9h]
UDF1 folds
UDF1 awarded -10
Qoker awarded 10

Round #363, Qoker (127682), UDF1 (-127682)
Qoker posts blind: 10
UDF1 posts blind: 20
Qoker received [Qs 3s]
UDF1 received [3c 3d]
Qoker calls
UDF1 checks
Flop [7h Kd 6c], Qoker (20), UDF1 (20)
UDF1 bids 8
Qoker bids 0
UDF1 won the auction and was revealed [Qs]
Flop [7h Kd 6c], Qoker (20), UDF1 (20)
UDF1 bets 3300
Qoker folds
Qoker awarded -20
UDF1 awarded 20

Round #364, UDF1 (-127662), Qoker (127662)
UDF1 posts blind: 10
Qoker posts blind: 20
UDF1 received [Qd Js]
Qoker received [9s 3s]
UDF1 calls
Qoker checks
Flop [4s Th Qh], UDF1 (20), Qoker (20)
Qoker bids 0
UDF1 bids 6
UDF1 won the auction and was revealed [9s]
Flop [4s Th Qh], UDF1 (20), Qoker (20)
Qoker checks
UDF1 bets 3541
Qoker folds
UDF1 awarded 20
Qoker awarded -20

Round #365, Qoker (127642), UDF1 (-127642)
Qoker posts blind: 10
UDF1 posts blind: 20
Qoker received [Ad 3s]
UDF1 received [2c 3c]
Qoker calls
UDF1 checks
Flop [As 8s Tc], Qoker (20), UDF1 (20)
UDF1 bids 6
Qoker bids 6
Qoker won the auction and was revealed [3c]
UDF1 won the auction and was revealed [Ad]
Flop [As 8s Tc], Qoker (26), UDF1 (26)
UDF1 bets 2416
Qoker calls
Turn [As 8s Tc Td], Qoker (2442), UDF1 (2442)
UDF1 bets 955
Qoker raises to 2558
UDF1 folds
Qoker awarded 3397
UDF1 awarded -3397

Round #366, UDF1 (-131039), Qoker (131039)
UDF1 posts blind: 10
Qoker posts blind: 20
UDF1 received [5c 3c]
Qoker received [3h 7s]
UDF1 raises to 337
Qoker folds
UDF1 awarded 20
Qoker awarded -20

Round #367, Qoker (131019), UDF1 (-131019)
Qoker posts blind: 10
UDF1 posts blind: 20
Qoker received [Ah 7s]
UDF1 received [7h 9h]
Qoker calls
UDF1 raises to 337
Qoker folds
Qoker awarded -20
UDF1 awarded 20

Round #368, UDF1 (-130999), Qoker (130999)
UDF1 posts blind: 10
Qoker posts blind: 20
UDF1 received [7h Ac]
Qoker received [5s 9h]
UDF1 raises to 337
Qoker folds
UDF1 awarded 20
Qoker awarded -20

Round #369, Qoker (130979), UDF1 (-130979)
Qoker posts blind: 10
UDF1 posts blind: 20
Qoker received [Th 7h]
UDF1 received [9c 3c]
Qoker calls
UDF1 checks
Flop [4d Ac 5h], Qoker (20), UDF1 (20)
UDF1 bids 7
Qoker bids 2
UDF1 won the auction and was revealed [Th]
Flop [4d Ac 5h], Qoker (20), UDF1 (22)
UDF1 bets 2567
Qoker folds
Qoker awarded -20
UDF1 awarded 20

Round #370, UDF1 (-130959), Qoker (130959)
UDF1 posts blind: 10
Qoker posts blind: 20
UDF1 received [Js 5c]
Qoker received [7s 6c]
UDF1 calls
Qoker checks
Flop [Qc 8c 3c], UDF1 (20), Qoker (20)
Qoker bids 5
UDF1 bids 17
UDF1 won the auction and was revealed [6c]
Flop [Qc 8c 3c], UDF1 (25), Qoker (20)
Qoker checks
UDF1 bets 2632
Qoker calls
Turn [Qc 8c 3c 2s], UDF1 (2657), Qoker (2652)
Qoker checks
UDF1 bets 994
Qoker calls
River [Qc 8c 3c 2s 7h], UDF1 (3651), Qoker (3646)
Qoker checks
UDF1 bets 542
Qoker calls
UDF1 shows [Js 5c]
Qoker shows [7s 6c]
UDF1 awarded -4193
Qoker awarded 4193

Round #371, Qoker (135152), UDF1 (-135152)
Qoker posts blind: 10
UDF1 posts blind: 20
Qoker received [Kc 2c]
UDF1 received [Jh 9d]
Qoker calls
UDF1 checks
Flop [4h 4c 5s], Qoker (20), UDF1 (20)
UDF1 bids 11
Qoker bids 5
UDF1 won the auction and was revealed [Kc]
Flop [4h 4c 5s], Qoker (20), UDF1 (25)
UDF1 bets 1866
Qoker calls
Turn [4h 4c 5s 6d], Qoker (1886), UDF1 (1891)
UDF1 bets 1070
Qoker calls
River [4h 4c 5s 6d Qd], Qoker (2956), UDF1 (2961)
UDF1 bets 704
Qoker calls
Qoker shows [Kc 2c]
UDF1 shows [Jh 9d]
Qoker awarded 3665
UDF1 awarded -3665

Round #372, UDF1 (-138817), Qoker (138817)
UDF1 posts blind: 10
Qoker posts blind: 20
UDF1 received [6c Jd]
Qoker received [Qd Ac]
UDF1 folds
UDF1 awarded -10
Qoker awarded 10

Round #373, Qoker (138827), UDF1 (-138827)
Qoker posts blind: 10
UDF1 posts blind: 20
Qoker received [5h 2d]
UDF1 received [9c Qc]
Qoker calls
UDF1 raises to 337
Qoker folds
Qoker awarded -20
UDF1 awarded 20

Round #374, UDF1 (-138807), Qoker (138807)
UDF1 posts blind: 10
Qoker posts blind: 20
UDF1 received [Th 5s]
Qoker received [3s Ts]
UDF1 folds
UDF1 awarded -10
Qoker awarded 10

Round #375, Qoker (138817), UDF1 (-138817)
Qoker posts blind: 10
UDF1 posts blind: 20
Qoker received [5d 9s]
UDF1 received [7h Kh]
Qoker calls
UDF1 checks
Flop [2s 5h 4s], Qoker (20), UDF1 (20)
UDF1 bids 4
Qoker bids 5
Qoker won the auction and was revealed [Kh]
Flop [2s 5h 4s], Qoker (24), UDF1 (20)
UDF1 bets 2607
Qoker calls
Turn [2s 5h 4s 4c], Qoker (2631), UDF1 (2627)
UDF1 bets 983
Qoker calls
River [2s 5h 4s 4c 7c], Qoker (3614), UDF1 (3610)
UDF1 bets 898
Qoker calls
Qoker shows [5d 9s]
UDF1 shows [7h Kh]
Qoker awarded -4512
UDF1 awarded 4512

Round #376, UDF1 (-134305), Qoker (134305)
UDF1 posts blind: 10
Qoker posts blind: 20
UDF1 received [5h Qs]
Qoker received [6s Jh]
UDF1 raises to 337
Qoker folds
UDF1 awarded 20
Qoker awarded -20

Round #377, Qoker (134285), UDF1 (-134285)
Qoker posts blind: 10
UDF1 posts blind: 20
Qoker received [5c 3d]
UDF1 received [9d 2d]
Qoker calls
UDF1 checks
Flop [7c 2h Td], Qoker (20), UDF1 (20)
UDF1 bids 14
Qoker bids 0
UDF1 won the auction and was revealed [5c]
Flop [7c 2h Td], Qoker (20), UDF1 (20)
UDF1 bets 2789
Qoker folds
Qoker awarded -20
UDF1 awarded 20

Round #378, UDF1 (-134265), Qoker (134265)
UDF1 posts blind: 10
Qoker posts blind: 20
UDF1 received [4c Ac]
Qoker received [2d 5c]
UDF1 raises to 337
Qoker folds
UDF1 awarded 20
Qoker awarded -20

Round #379, Qoker (134245), UDF1 (-134245)
Qoker posts blind: 10
UDF1 posts blind: 20
Qoker received [4s 9d]
UDF1 received [5s 9s]
Qoker calls
UDF1 checks
Flop [As 8d Kh], Qoker (20), UDF1 (20)
UDF1 bids 0
Qoker bids 5
Qoker won the auction and was revealed [5s]
Flop [As 8d Kh], Qoker (20), UDF1 (20)
UDF1 bets 2634
Qoker folds
Qoker awarded -20
UDF1 awarded 20

Round #380, UDF1 (-134225), Qoker (134225)
UDF1 posts blind: 10
Qoker posts blind: 20
UDF1 received [7c 6s]
Qoker received [4d Qc]
UDF1 calls
Qoker checks
Flop [7h 5h 5c], UDF1 (20), Qoker (20)
Qoker bids 4
UDF1 bids 8
UDF1 won the auction and was revealed [Qc]
Flop [7h 5h 5c], UDF1 (24), Qoker (20)
Qoker checks
UDF1 bets 2874
Qoker calls
Turn [7h 5h 5c Ah], UDF1 (2898), Qoker (2894)
Qoker checks
UDF1 bets 978
Qoker calls
River [7h 5h 5c Ah 2h], UDF1 (3876), Qoker (3872)
Qoker checks
UDF1 bets 557
Qoker calls
UDF1 shows [7c 6s]
Qoker shows [4d Qc]
UDF1 awarded 4429
Qoker awarded -4429

Round #381, Qoker (129796), UDF1 (-129796)
Qoker posts blind: 10
UDF1 posts blind: 20
Qoker received [Jh Jd]
UDF1 received [7h 9s]
Qoker raises to 40
UDF1 calls
Flop [6s 5c 2d], Qoker (40), UDF1 (40)
UDF1 bids 14
Qoker bids 15
Qoker won the auction and was revealed [9s]
Flop [6s 5c 2d], Qoker (54), UDF1 (40)
UDF1 bets 2641
Qoker raises to 4946
UDF1 calls
Turn [6s 5c 2d Kd], Qoker (5000), UDF1 (4986)
UDF1 checks
Qoker checks
River [6s 5c 2d Kd Ts], Qoker (5000), UDF1 (4986)
UDF1 checks
Qoker checks
Qoker shows [Jh Jd]
UDF1 shows [7h 9s]
Qoker awarded 4986
UDF1 awarded -4986

Round #382, UDF1 (-134782), Qoker (134782)
UDF1 posts blind: 10
Qoker posts blind: 20
UDF1 received [Ts Qd]
Qoker received [6d 5h]
UDF1 folds
UDF1 awarded -10
Qoker awarded 10

Round #383, Qoker (134792), UDF1 (-134792)
Qoker posts blind: 10
UDF1 posts blind: 20
Qoker received [2h Kc]
UDF1 received [Qc Kd]
Qoker calls
UDF1 raises to 3764
Qoker folds
Qoker awarded -20
UDF1 awarded 20

Round #384, UDF1 (-134772), Qoker (134772)
UDF1 posts blind: 10
Qoker posts blind: 20
UDF1 received [4c 9h]
Qoker received [Ad 9c]
UDF1 folds
UDF1 awarded -10
Qoker awarded 10

Round #385, Qoker (134782), UDF1 (-134782)
Qoker posts blind: 10
UDF1 posts blind: 20
Qoker received [Jh 6d]
UDF1 received [2c 9h]
Qoker calls
UDF1 raises to 337
Qoker folds
Qoker awarded -20
UDF1 awarded 20

Round #386, UDF1 (-134762), Qoker (134762)
UDF1 posts blind: 10
Qoker posts blind: 20
UDF1 received [Tc 6h]
Qoker received [4c 6d]
UDF1 calls
Qoker checks
Flop [9c Td Qh], UDF1 (20), Qoker (20)
Qoker bids 0
UDF1 bids 10
UDF1 won the auction and was revealed [4c]
Flop [9c Td Qh], UDF1 (20), Qoker (20)
Qoker checks
UDF1 bets 3282
Qoker folds
UDF1 awarded 20
Qoker awarded -20

Round #387, Qoker (134742), UDF1 (-134742)
Qoker posts blind: 10
UDF1 posts blind: 20
Qoker received [Qd 5s]
UDF1 received [9s Kh]
Qoker calls
UDF1 checks
Flop [6s 2c 7d], Qoker (20), UDF1 (20)
UDF1 bids 11
Qoker bids 0
UDF1 won the auction and was revealed [Qd]
Flop [6s 2c 7d], Qoker (20), UDF1 (20)
UDF1 bets 3045
Qoker folds
Qoker awarded -20
UDF1 awarded 20

Round #388, UDF1 (-134722), Qoker (134722)
UDF1 posts blind: 10
Qoker posts blind: 20
UDF1 received [6d 6h]
Qoker received [9c 3c]
UDF1 calls
Qoker checks
Flop [8s 5c Tc], UDF1 (20), Qoker (20)
Qoker bids 2
UDF1 bids 17
UDF1 won the auction and was revealed [3c]
Flop [8s 5c Tc], UDF1 (22), Qoker (20)
Qoker checks
UDF1 bets 3482
Qoker folds
UDF1 awarded 20
Qoker awarded -20

Round #389, Qoker (134702), UDF1 (-134702)
Qoker posts blind: 10
UDF1 posts blind: 20
Qoker received [Qd Js]
UDF1 received [3s 5c]
Qoker calls
UDF1 checks
Flop [6h 4s 8d], Qoker (20), UDF1 (20)
UDF1 bids 4
Qoker bids 0
UDF1 won the auction and was revealed [Js]
Flop [6h 4s 8d], Qoker (20), UDF1 (20)
UDF1 bets 2445
Qoker folds
Qoker awarded -20
UDF1 awarded 20

Round #390, UDF1 (-134682), Qoker (134682)
UDF1 posts blind: 10
Qoker posts blind: 20
UDF1 received [4c 4s]
Qoker received [Ks 9s]
UDF1 raises to 1143
Qoker folds
UDF1 awarded 20
Qoker awarded -20

Round #391, Qoker (134662), UDF1 (-134662)
Qoker posts blind: 10
UDF1 posts blind: 20
Qoker received [9h Js]
UDF1 received [8c Kc]
Qoker calls
UDF1 checks
Flop [Ts 5s Jh], Qoker (20), UDF1 (20)
UDF1 bids 0
Qoker bids 6
Qoker won the auction and was revealed [8c]
Flop [Ts 5s Jh], Qoker (20), UDF1 (20)
UDF1 bets 2593
Qoker raises to 4980
UDF1 calls
Turn [Ts 5s Jh 4s], Qoker (5000), UDF1 (5000)
UDF1 checks
Qoker checks
River [Ts 5s Jh 4s 5h], Qoker (5000), UDF1 (5000)
UDF1 checks
Qoker checks
Qoker shows [9h Js]
UDF1 shows [8c Kc]
Qoker awarded 5000
UDF1 awarded -5000

Round #392, UDF1 (-139662), Qoker (139662)
UDF1 posts blind: 10
Qoker posts blind: 20
UDF1 received [4h 8c]
Qoker received [Js 5s]
UDF1 folds
UDF1 awarded -10
Qoker awarded 10

Round #393, Qoker (139672), UDF1 (-139672)
Qoker posts blind: 10
UDF1 posts blind: 20
Qoker received [8s 9d]
UDF1 received [5s As]
Qoker calls
UDF1 checks
Flop [2s Ah 5h], Qoker (20), UDF1 (20)
UDF1 bids 4
Qoker bids 5
Qoker won the auction and was revealed [As]
Flop [2s Ah 5h], Qoker (24), UDF1 (20)
UDF1 bets 3293
Qoker folds
Qoker awarded -24
UDF1 awarded 24

Round #394, UDF1 (-139648), Qoker (139648)
UDF1 posts blind: 10
Qoker posts blind: 20
UDF1 received [Td 8s]
Qoker received [5d 4s]
UDF1 calls
Qoker checks
Flop [3d 6s Jd], UDF1 (20), Qoker (20)
Qoker bids 4
UDF1 bids 5
UDF1 won the auction and was revealed [4s]
Flop [3d 6s Jd], UDF1 (24), Qoker (20)
Qoker checks
UDF1 bets 2684
Qoker calls
Turn [3d 6s Jd Js], UDF1 (2708), Qoker (2704)
Qoker bets 2292
UDF1 calls
River [3d 6s Jd Js Ad], UDF1 (5000), Qoker (4996)
Qoker checks
UDF1 checks
UDF1 shows [Td 8s]
Qoker shows [5d 4s]
UDF1 awarded 4996
Qoker awarded -4996

Round #395, Qoker (134652), UDF1 (-134652)
Qoker posts blind: 10
UDF1 posts blind: 20
Qoker received [2s 9d]
UDF1 received [Qd 6c]
Qoker calls
UDF1 checks
Flop [Kc 5c 2c], Qoker (20), UDF1 (20)
UDF1 bids 7
Qoker bids 5
UDF1 won the auction and was revealed [9d]
Flop [Kc 5c 2c], Qoker (20), UDF1 (25)
UDF1 bets 2750
Qoker calls
Turn [Kc 5c 2c Td], Qoker (2770), UDF1 (2775)
UDF1 bets 1289
Qoker calls
River [Kc 5c 2c Td Jh], Qoker (4059), UDF1 (4064)
UDF1 bets 496
Qoker calls
Qoker shows [2s 9d]
UDF1 shows [Qd 6c]
Qoker awarded 4560
UDF1 awarded -4560

Round #396, UDF1 (-139212), Qoker (139212)
UDF1 posts blind: 10
Qoker posts blind: 20
UDF1 received [7s Tc]
Qoker received [3d 2d]
UDF1 calls
Qoker checks
Flop [Ah 9h Ac], UDF1 (20), Qoker (20)
Qoker bids 6
UDF1 bids 14
UDF1 won the auction and was revealed [2d]
Flop [Ah 9h Ac], UDF1 (26), Qoker (20)
Qoker checks
UDF1 bets 2700
Qoker calls
Turn [Ah 9h Ac Js], UDF1 (2726), Qoker (2720)
Qoker bets 2274
UDF1 calls
River [Ah 9h Ac Js 4s], UDF1 (5000), Qoker (4994)
Qoker checks
UDF1 checks
UDF1 shows [7s Tc]
Qoker shows [3d 2d]
UDF1 awarded 4994
Qoker awarded -4994

Round #397, Qoker (134218), UDF1 (-134218)
Qoker posts blind: 10
UDF1 posts blind: 20
Qoker received [Kc 5c]
UDF1 received [8s 6h]
Qoker calls
UDF1 checks
Flop [Ts 4s 5s], Qoker (20), UDF1 (20)
UDF1 bids 10
Qoker bids 3
UDF1 won the auction and was revealed [Kc]
Flop [Ts 4s 5s], Qoker (20), UDF1 (23)
UDF1 bets 2894
Qoker calls
Turn [Ts 4s 5s 3s], Qoker (2914), UDF1 (2917)
UDF1 bets 1375
Qoker calls
River [Ts 4s 5s 3s 6s], Qoker (4289), UDF1 (4292)
UDF1 bets 425
Qoker raises to 708
UDF1 calls
Qoker shows [Kc 5c]
UDF1 shows [8s 6h]
Qoker awarded -4997
UDF1 awarded 4997

Round #398, UDF1 (-129221), Qoker (129221)
UDF1 posts blind: 10
Qoker posts blind: 20
UDF1 received [8d 6h]
Qoker received [As 8h]
UDF1 raises to 337
Qoker folds
UDF1 awarded 20
Qoker awarded -20

Round #399, Qoker (129201), UDF1 (-129201)
Qoker posts blind: 10
UDF1 posts blind: 20
Qoker received [Tc Th]
UDF1 received [8c 5d]
Qoker raises to 40
UDF1 folds
Qoker awarded 20
UDF1 awarded -20

Round #400, UDF1 (-129221), Qoker (129221)
UDF1 posts blind: 10
Qoker posts blind: 20
UDF1 received [5c Kd]
Qoker received [4s 8s]
UDF1 calls
Qoker checks
Flop [3d Ts Kc], UDF1 (20), Qoker (20)
Qoker bids 0
UDF1 bids 6
UDF1 won the auction and was revealed [4s]
Flop [3d Ts Kc], UDF1 (20), Qoker (20)
Qoker checks
UDF1 bets 3609
Qoker folds
UDF1 awarded 20
Qoker awarded -20

Round #401, Qoker (129201), UDF1 (-129201)
Qoker posts blind: 10
UDF1 posts blind: 20
Qoker received [2h 3s]
UDF1 received [Jc 9c]
Qoker calls
UDF1 checks
Flop [Jh 9d Qh], Qoker (20), UDF1 (20)
UDF1 bids 9
Qoker bids 0
UDF1 won the auction and was revealed [3s]
Flop [Jh 9d Qh], Qoker (20), UDF1 (20)
UDF1 bets 3185
Qoker folds
Qoker awarded -20
UDF1 awarded 20

Round #402, UDF1 (-129181), Qoker (129181)
UDF1 posts blind: 10
Qoker posts blind: 20
UDF1 received [Kc 2h]
Qoker received [6s Ah]
UDF1 folds
UDF1 awarded -10
Qoker awarded 10

Round #403, Qoker (129191), UDF1 (-129191)
Qoker posts blind: 10
UDF1 posts blind: 20
Qoker received [Kh 4h]
UDF1 received [8h Tc]
Qoker calls
UDF1 raises to 337
Qoker folds
Qoker awarded -20
UDF1 awarded 20

Round #404, UDF1 (-129171), Qoker (129171)
UDF1 posts blind: 10
Qoker posts blind: 20
UDF1 received [8c As]
Qoker received [4c 7h]
UDF1 folds
UDF1 awarded -10
Qoker awarded 10

Round #405, Qoker (129181), UDF1 (-129181)
Qoker posts blind: 10
UDF1 posts blind: 20
Qoker received [Ah 2c]
UDF1 received [8h 5s]
Qoker calls
UDF1 checks
Flop [6h 5d Ts], Qoker (20), UDF1 (20)
UDF1 bids 5
Qoker bids 4
UDF1 won the auction and was revealed [2c]
Flop [6h 5d Ts], Qoker (20), UDF1 (24)
UDF1 bets 3377
Qoker folds
Qoker awarded -20
UDF1 awarded 20

Round #406, UDF1 (-129161), Qoker (129161)
UDF1 posts blind: 10
Qoker posts blind: 20
UDF1 received [Ks 7c]
Qoker received [3c 2h]
UDF1 calls
Qoker checks
Flop [3d 2c Qd], UDF1 (20), Qoker (20)
Qoker bids 5
UDF1 bids 0
Qoker won the auction and was revealed [Ks]
Flop [3d 2c Qd], UDF1 (20), Qoker (20)
Qoker checks
UDF1 bets 2625
Qoker calls
Turn [3d 2c Qd 5h], UDF1 (2645), Qoker (2645)
Qoker bets 2355
UDF1 calls
River [3d 2c Qd 5h Qh], UDF1 (5000), Qoker (5000)
Qoker checks
UDF1 checks
UDF1 shows [Ks 7c]
Qoker shows [3c 2h]
UDF1 awarded -5000
Qoker awarded 5000

Round #407, Qoker (134161), UDF1 (-134161)
Qoker posts blind: 10
UDF1 posts blind: 20
Qoker received [Td 3s]
UDF1 received [3h 5h]
Qoker calls
UDF1 checks
Flop [Ts 4c Tc], Qoker (20), UDF1 (20)
UDF1 bids 15
Qoker bids 7
UDF1 won the auction and was revealed [3s]
Flop [Ts 4c Tc], Qoker (20), UDF1 (27)
UDF1 bets 2168
Qoker raises to 4336
UDF1 folds
Qoker awarded 2195
UDF1 awarded -2195

Round #408, UDF1 (-136356), Qoker (136356)
UDF1 posts blind: 10
Qoker posts blind: 20
UDF1 received [4d 6d]
Qoker received [Ah 5s]
UDF1 calls
Qoker checks
Flop [Ks Qc Jh], UDF1 (20), Qoker (20)
Qoker bids 5
UDF1 bids 5
UDF1 won the auction and was revealed [Ah]
Qoker won the auction and was revealed [6d]
Flop [Ks Qc Jh], UDF1 (25), Qoker (25)
Qoker checks
UDF1 bets 1975
Qoker calls
Turn [Ks Qc Jh Tc], UDF1 (2000), Qoker (2000)
Qoker bets 3000
UDF1 folds
UDF1 awarded -2000
Qoker awarded 2000

Round #409, Qoker (138356), UDF1 (-138356)
Qoker posts blind: 10
UDF1 posts blind: 20
Qoker received [2d Ac]
UDF1 received [Ts Qd]
Qoker calls
UDF1 raises to 337
Qoker folds
Qoker awarded -20
UDF1 awarded 20

Round #410, UDF1 (-138336), Qoker (138336)
UDF1 posts blind: 10
Qoker posts blind: 20
UDF1 received [Jc 4d]
Qoker received [8c Jd]
UDF1 folds
UDF1 awarded -10
Qoker awarded 10

Round #411, Qoker (138346), UDF1 (-138346)
Qoker posts blind: 10
UDF1 posts blind: 20
Qoker received [Jc As]
UDF1 received [8s Ah]
Qoker calls
UDF1 checks
Flop [Js 2s Jh], Qoker (20), UDF1 (20)
UDF1 bids 11
Qoker bids 4
UDF1 won the auction and was revealed [As]
Flop [Js 2s Jh], Qoker (20), UDF1 (24)
UDF1 bets 2628
Qoker raises to 4976
UDF1 calls
Turn [Js 2s Jh Qs], Qoker (4996), UDF1 (5000)
UDF1 checks
Qoker checks
River [Js 2s Jh Qs 3s], Qoker (4996), UDF1 (5000)
UDF1 checks
Qoker checks
Qoker shows [Jc As]
UDF1 shows [8s Ah]
Qoker awarded 5000
UDF1 awarded -5000

Round #412, UDF1 (-143346), Qoker (143346)
UDF1 posts blind: 10
Qoker posts blind: 20
UDF1 received [5d 3h]
Qoker received [2s 9s]
UDF1 folds
UDF1 awarded -10
Qoker awarded 10

Round #413, Qoker (143356), UDF1 (-143356)
Qoker posts blind: 10
UDF1 posts blind: 20
Qoker received [Js Ac]
UDF1 received [9c 8c]
Qoker calls
UDF1 checks
Flop [7s 6c 5s], Qoker (20), UDF1 (20)
UDF1 bids 10
Qoker bids 2
UDF1 won the auction and was revealed [Ac]
Flop [7s 6c 5s], Qoker (20), UDF1 (22)
UDF1 bets 3277
Qoker folds
Qoker awarded -20
UDF1 awarded 20

Round #414, UDF1 (-143336), Qoker (143336)
UDF1 posts blind: 10
Qoker posts blind: 20
UDF1 received [4d Th]
Qoker received [7s 7c]
UDF1 calls
Qoker checks
Flop [3h Ks 5h], UDF1 (20), Qoker (20)
Qoker bids 2
UDF1 bids 8
UDF1 won the auction and was revealed [7s]
Flop [3h Ks 5h], UDF1 (22), Qoker (20)
Qoker checks
UDF1 bets 2567
Qoker calls
Turn [3h Ks 5h 9d], UDF1 (2589), Qoker (2587)
Qoker checks
UDF1 bets 1300
Qoker calls
River [3h Ks 5h 9d 8c], UDF1 (3889), Qoker (3887)
Qoker checks
UDF1 bets 506
Qoker calls
UDF1 shows [4d Th]
Qoker shows [7s 7c]
UDF1 awarded -4395
Qoker awarded 4395

Round #415, Qoker (147731), UDF1 (-147731)
Qoker posts blind: 10
UDF1 posts blind: 20
Qoker received [3d 7h]
UDF1 received [Ks Ac]
Qoker calls
UDF1 raises to 4541
Qoker folds
Qoker awarded -20
UDF1 awarded 20

Round #416, UDF1 (-147711), Qoker (147711)
UDF1 posts blind: 10
Qoker posts blind: 20
UDF1 received [Kd 4h]
Qoker received [5s 5h]
UDF1 calls
Qoker checks
Flop [7d 3d 2h], UDF1 (20), Qoker (20)
Qoker bids 4
UDF1 bids 17
UDF1 won the auction and was revealed [5s]
Flop [7d 3d 2h], UDF1 (24), Qoker (20)
Qoker checks
UDF1 bets 2744
Qoker calls
Turn [7d 3d 2h Th], UDF1 (2768), Qoker (2764)
Qoker checks
UDF1 bets 1195
Qoker calls
River [7d 3d 2h Th 8s], UDF1 (3963), Qoker (3959)
Qoker checks
UDF1 bets 482
Qoker calls
UDF1 shows [Kd 4h]
Qoker shows [5s 5h]
UDF1 awarded -4445
Qoker awarded 4445

Round #417, Qoker (152156), UDF1 (-152156)
Qoker posts blind: 10
UDF1 posts blind: 20
Qoker received [6s 5c]
UDF1 received [Td Qd]
Qoker calls
UDF1 checks
Flop [5d 7d 7c], Qoker (20), UDF1 (20)
UDF1 bids 10
Qoker bids 5
UDF1 won the auction and was revealed [6s]
Flop [5d 7d 7c], Qoker (20), UDF1 (25)
UDF1 bets 3051
Qoker calls
Turn [5d 7d 7c Jc], Qoker (3071), UDF1 (3076)
UDF1 bets 909
Qoker calls
River [5d 7d 7c Jc Tc], Qoker (3980), UDF1 (3985)
UDF1 bets 607
Qoker calls
Qoker shows [6s 5c]
UDF1 shows [Td Qd]
Qoker awarded -4587
UDF1 awarded 4587

Round #418, UDF1 (-147569), Qoker (147569)
UDF1 posts blind: 10
Qoker posts blind: 20
UDF1 received [9d Jh]
Qoker received [8c 7c]
UDF1 raises to 337
Qoker calls
Flop [Kc Qc Td], UDF1 (337), Qoker (337)
Qoker bids 89
UDF1 bids 5
Qoker won the auction and was revealed [9d]
Flop [Kc Qc Td], UDF1 (337), Qoker (342)
Qoker checks
UDF1 bets 3229
Qoker calls
Turn [Kc Qc Td Kh], UDF1 (3566), Qoker (3571)
Qoker checks
UDF1 bets 868
Qoker calls
River [Kc Qc Td Kh 3s], UDF1 (4434), Qoker (4439)
Qoker checks
UDF1 bets 337
Qoker calls
UDF1 shows [9d Jh]
Qoker shows [8c 7c]
UDF1 awarded 4776
Qoker awarded -4776

Round #419, Qoker (142793), UDF1 (-142793)
Qoker posts blind: 10
UDF1 posts blind: 20
Qoker received [2s Ts]
UDF1 received [As Qd]
Qoker calls
UDF1 raises to 3414
Qoker folds
Qoker awarded -20
UDF1 awarded 20

Round #420, UDF1 (-142773), Qoker (142773)
UDF1 posts blind: 10
Qoker posts blind: 20
UDF1 received [4d Ad]
Qoker received [2d Kc]
UDF1 raises to 337
Qoker folds
UDF1 awarded 20
Qoker awarded -20

Round #421, Qoker (142753), UDF1 (-142753)
Qoker posts blind: 10
UDF1 posts blind: 20
Qoker received [6d 7c]
UDF1 received [Jc 3h]
Qoker calls
UDF1 raises to 337
Qoker folds
Qoker awarded -20
UDF1 awarded 20

Round #422, UDF1 (-142733), Qoker (142733)
UDF1 posts blind: 10
Qoker posts blind: 20
UDF1 received [9d Ts]
Qoker received [3s 3d]
UDF1 raises to 337
Qoker calls
Flop [5h Kd 8s], UDF1 (337), Qoker (337)
Qoker bids 98
UDF1 bids 5
Qoker won the auction and was revealed [9d]
Flop [5h Kd 8s], UDF1 (337), Qoker (342)
Qoker checks
UDF1 bets 2284
Qoker calls
Turn [5h Kd 8s 2d], UDF1 (2621), Qoker (2626)
Qoker checks
UDF1 bets 1096
Qoker calls
River [5h Kd 8s 2d 7h], UDF1 (3717), Qoker (3722)
Qoker checks
UDF1 bets 578
Qoker calls
UDF1 shows [9d Ts]
Qoker shows [3s 3d]
UDF1 awarded -4295
Qoker awarded 4295

Round #423, Qoker (147028), UDF1 (-147028)
Qoker posts blind: 10
UDF1 posts blind: 20
Qoker received [5h 9c]
UDF1 received [Qd 3h]
Qoker calls
UDF1 checks
Flop [6c Kh 7c], Qoker (20), UDF1 (20)
UDF1 bids 13
Qoker bids 0
UDF1 won the auction and was revealed [9c]
Flop [6c Kh 7c], Qoker (20), UDF1 (20)
UDF1 bets 2965
Qoker folds
Qoker awarded -20
UDF1 awarded 20

Round #424, UDF1 (-147008), Qoker (147008)
UDF1 posts blind: 10
Qoker posts blind: 20
UDF1 received [8s 7h]
Qoker received [Jc 9h]
UDF1 raises to 337
Qoker folds
UDF1 awarded 20
Qoker awarded -20

Round #425, Qoker (146988), UDF1 (-146988)
Qoker posts blind: 10
UDF1 posts blind: 20
Qoker received [Ad As]
UDF1 received [6d 4h]
Qoker raises to 40
UDF1 calls
Flop [2h 3d 4d], Qoker (40), UDF1 (40)
UDF1 bids 10
Qoker bids 10
Qoker won the auction and was revealed [6d]
UDF1 won the auction and was revealed [Ad]
Flop [2h 3d 4d], Qoker (50), UDF1 (50)
UDF1 bets 3075
Qoker raises to 4950
UDF1 calls
Turn [2h 3d 4d Th], Qoker (5000), UDF1 (5000)
UDF1 checks
Qoker checks
River [2h 3d 4d Th 3c], Qoker (5000), UDF1 (5000)
UDF1 checks
Qoker checks
Qoker shows [Ad As]
UDF1 shows [6d 4h]
Qoker awarded 5000
UDF1 awarded -5000

Round #426, UDF1 (-151988), Qoker (151988)
UDF1 posts blind: 10
Qoker posts blind: 20
UDF1 received [Qd 9c]
Qoker received [3c 2h]
UDF1 folds
UDF1 awarded -10
Qoker awarded 10

Round #427, Qoker (151998), UDF1 (-151998)
Qoker posts blind: 10
UDF1 posts blind: 20
Qoker received [9d 8d]
UDF1 received [5s As]
Qoker calls
UDF1 raises to 337
Qoker calls
Flop [3h Qd 7c], Qoker (337), UDF1 (337)
UDF1 bids 9
Qoker bids 0
UDF1 won the auction and was revealed [8d]
Flop [3h Qd 7c], Qoker (337), UDF1 (337)
UDF1 bets 2889
Qoker folds
Qoker awarded -337
UDF1 awarded 337

Round #428, UDF1 (-151661), Qoker (151661)
UDF1 posts blind: 10
Qoker posts blind: 20
UDF1 received [2d 4d]
Qoker received [2c 9d]
UDF1 calls
Qoker checks
Flop [Ts Js 9s], UDF1 (20), Qoker (20)
Qoker bids 4
UDF1 bids 13
UDF1 won the auction and was revealed [2c]
Flop [Ts Js 9s], UDF1 (24), Qoker (20)
Qoker checks
UDF1 bets 2083
Qoker calls
Turn [Ts Js 9s 4s], UDF1 (2107), Qoker (2103)
Qoker bets 2431
UDF1 calls
River [Ts Js 9s 4s 3d], UDF1 (4538), Qoker (4534)
Qoker bets 462
UDF1 calls
UDF1 shows [2d 4d]
Qoker shows [2c 9d]
UDF1 awarded -5000
Qoker awarded 5000

Round #429, Qoker (156661), UDF1 (-156661)
Qoker posts blind: 10
UDF1 posts blind: 20
Qoker received [Ks 6s]
UDF1 received [Ts 4h]
Qoker calls
UDF1 checks
Flop [Kh 9c 3c], Qoker (20), UDF1 (20)
UDF1 bids 12
Qoker bids 6
UDF1 won the auction and was revealed [6s]
Flop [Kh 9c 3c], Qoker (20), UDF1 (26)
UDF1 bets 3069
Qoker calls
Turn [Kh 9c 3c 9h], Qoker (3089), UDF1 (3095)
UDF1 bets 961
Qoker calls
River [Kh 9c 3c 9h 5s], Qoker (4050), UDF1 (4056)
UDF1 bets 466
Qoker calls
Qoker shows [Ks 6s]
UDF1 shows [Ts 4h]
Qoker awarded 4522
UDF1 awarded -4522

Round #430, UDF1 (-161183), Qoker (161183)
UDF1 posts blind: 10
Qoker posts blind: 20
UDF1 received [5s 2d]
Qoker received [3h 3s]
UDF1 calls
Qoker checks
Flop [8c Ac 5d], UDF1 (20), Qoker (20)
Qoker bids 4
UDF1 bids 13
UDF1 won the auction and was revealed [3h]
Flop [8c Ac 5d], UDF1 (24), Qoker (20)
Qoker checks
UDF1 bets 2988
Qoker calls
Turn [8c Ac 5d Ks], UDF1 (3012), Qoker (3008)
Qoker checks
UDF1 bets 1172
Qoker calls
River [8c Ac 5d Ks Qh], UDF1 (4184), Qoker (4180)
Qoker checks
UDF1 bets 468
Qoker calls
UDF1 shows [5s 2d]
Qoker shows [3h 3s]
UDF1 awarded 4648
Qoker awarded -4648

Round #431, Qoker (156535), UDF1 (-156535)
Qoker posts blind: 10
UDF1 posts blind: 20
Qoker received [2s Js]
UDF1 received [Qd Qs]
Qoker calls
UDF1 raises to 4669
Qoker folds
Qoker awarded -20
UDF1 awarded 20

Round #432, UDF1 (-156515), Qoker (156515)
UDF1 posts blind: 10
Qoker posts blind: 20
UDF1 received [Td 7d]
Qoker received [Ad 4s]
UDF1 calls
Qoker checks
Flop [9d 7c Qc], UDF1 (20), Qoker (20)
Qoker bids 2
UDF1 bids 17
UDF1 won the auction and was revealed [4s]
Flop [9d 7c Qc], UDF1 (22), Qoker (20)
Qoker checks
UDF1 bets 3592
Qoker folds
UDF1 awarded 20
Qoker awarded -20

Round #433, Qoker (156495), UDF1 (-156495)
Qoker posts blind: 10
UDF1 posts blind: 20
Qoker received [Qc 9c]
UDF1 received [5h 4c]
Qoker calls
UDF1 checks
Flop [3s 8d Tc], Qoker (20), UDF1 (20)
UDF1 bids 9
Qoker bids 0
UDF1 won the auction and was revealed [Qc]
Flop [3s 8d Tc], Qoker (20), UDF1 (20)
UDF1 bets 2266
Qoker folds
Qoker awarded -20
UDF1 awarded 20

Round #434, UDF1 (-156475), Qoker (156475)
UDF1 posts blind: 10
Qoker posts blind: 20
UDF1 received [9d 6h]
Qoker received [2c Ad]
UDF1 calls
Qoker checks
Flop [4d 2s Qc], UDF1 (20), Qoker (20)
Qoker bids 5
UDF1 bids 6
UDF1 won the auction and was revealed [2c]
Flop [4d 2s Qc], UDF1 (25), Qoker (20)
Qoker checks
UDF1 bets 2345
Qoker calls
Turn [4d 2s Qc 4c], UDF1 (2370), Qoker (2365)
Qoker checks
UDF1 bets 1110
Qoker calls
River [4d 2s Qc 4c Js], UDF1 (3480), Qoker (3475)
Qoker bets 1520
UDF1 folds
UDF1 awarded -3480
Qoker awarded 3480

Round #435, Qoker (159955), UDF1 (-159955)
Qoker posts blind: 10
UDF1 posts blind: 20
Qoker received [Jh 3c]
UDF1 received [Ad 9s]
Qoker calls
UDF1 raises to 337
Qoker folds
Qoker awarded -20
UDF1 awarded 20

Round #436, UDF1 (-159935), Qoker (159935)
UDF1 posts blind: 10
Qoker posts blind: 20
UDF1 received [5s 7d]
Qoker received [4s Kc]
UDF1 folds
UDF1 awarded -10
Qoker awarded 10

Round #437, Qoker (159945), UDF1 (-159945)
Qoker posts blind: 10
UDF1 posts blind: 20
Qoker received [Jc 5c]
UDF1 received [2h 6d]
Qoker calls
UDF1 checks
Flop [9c Tc 7s], Qoker (20), UDF1 (20)
UDF1 bids 0
Qoker bids 3
Qoker won the auction and was revealed [6d]
Flop [9c Tc 7s], Qoker (20), UDF1 (20)
UDF1 bets 2576
Qoker calls
Turn [9c Tc 7s 3d], Qoker (2596), UDF1 (2596)
UDF1 bets 1174
Qoker calls
River [9c Tc 7s 3d 4c], Qoker (3770), UDF1 (3770)
UDF1 bets 440
Qoker raises to 1230
UDF1 folds
Qoker awarded 4210
UDF1 awarded -4210

Round #438, UDF1 (-164155), Qoker (164155)
UDF1 posts blind: 10
Qoker posts blind: 20
UDF1 received [Th 6d]
Qoker received [6c Qh]
UDF1 calls
Qoker checks
Flop [4d Ks 7h], UDF1 (20), Qoker (20)
Qoker bids 0
UDF1 bids 6
UDF1 won the auction and was revealed [6c]
Flop [4d Ks 7h], UDF1 (20), Qoker (20)
Qoker checks
UDF1 bets 2941
Qoker folds
UDF1 awarded 20
Qoker awarded -20

Round #439, Qoker (164135), UDF1 (-164135)
Qoker posts blind: 10
UDF1 posts blind: 20
Qoker received [3d 4h]
UDF1 received [5d 3c]
Qoker calls
UDF1 checks
Flop [6c 7h Ac], Qoker (20), UDF1 (20)
UDF1 bids 4
Qoker bids 4
Qoker won the auction and was revealed [3c]
UDF1 won the auction and was revealed [3d]
Flop [6c 7h Ac], Qoker (24), UDF1 (24)
UDF1 bets 2758
Qoker folds
Qoker awarded -24
UDF1 awarded 24

Round #440, UDF1 (-164111), Qoker (164111)
UDF1 posts blind: 10
Qoker posts blind: 20
UDF1 received [6c 7h]
Qoker received [6h 3h]
UDF1 calls
Qoker checks
Flop [Ah Jc 3c], UDF1 (20), Qoker (20)
Qoker bids 2
UDF1 bids 8
UDF1 won the auction and was revealed [3h]
Flop [Ah Jc 3c], UDF1 (22), Qoker (20)
Qoker checks
UDF1 bets 2362
Qoker calls
Turn [Ah Jc 3c Kc], UDF1 (2384), Qoker (2382)
Qoker checks
UDF1 bets 1160
Qoker calls
River [Ah Jc 3c Kc 9s], UDF1 (3544), Qoker (3542)
Qoker checks
UDF1 bets 490
Qoker calls
UDF1 shows [6c 7h]
Qoker shows [6h 3h]
UDF1 awarded -4034
Qoker awarded 4034

Round #441, Qoker (168145), UDF1 (-168145)
Qoker posts blind: 10
UDF1 posts blind: 20
Qoker received [Ks 2d]
UDF1 received [8s 7s]
Qoker calls
UDF1 checks
Flop [7h 6h 7d], Qoker (20), UDF1 (20)
UDF1 bids 6
Qoker bids 4
UDF1 won the auction and was revealed [2d]
Flop [7h 6h 7d], Qoker (20), UDF1 (24)
UDF1 bets 3437
Qoker calls
Turn [7h 6h 7d 7c], Qoker (3457), UDF1 (3461)
UDF1 bets 1038
Qoker raises to 1539
UDF1 calls
River [7h 6h 7d 7c Jh], Qoker (4996), UDF1 (5000)
UDF1 checks
Qoker checks
Qoker shows [Ks 2d]
UDF1 shows [8s 7s]
Qoker awarded -4996
UDF1 awarded 4996

Round #442, UDF1 (-163149), Qoker (163149)
UDF1 posts blind: 10
Qoker posts blind: 20
UDF1 received [6h Qh]
Qoker received [Tc 8d]
UDF1 folds
UDF1 awarded -10
Qoker awarded 10

Round #443, Qoker (163159), UDF1 (-163159)
Qoker posts blind: 10
UDF1 posts blind: 20
Qoker received [9c Kc]
UDF1 received [Qh 2c]
Qoker calls
UDF1 checks
Flop [6d 9h 4c], Qoker (20), UDF1 (20)
UDF1 bids 11
Qoker bids 7
UDF1 won the auction and was revealed [9c]
Flop [6d 9h 4c], Qoker (20), UDF1 (27)
UDF1 bets 2537
Qoker calls
Turn [6d 9h 4c 4h], Qoker (2557), UDF1 (2564)
UDF1 bets 1012
Qoker calls
River [6d 9h 4c 4h 8s], Qoker (3569), UDF1 (3576)
UDF1 bets 430
Qoker calls
Qoker shows [9c Kc]
UDF1 shows [Qh 2c]
Qoker awarded 4006
UDF1 awarded -4006

Round #444, UDF1 (-167165), Qoker (167165)
UDF1 posts blind: 10
Qoker posts blind: 20
UDF1 received [2d Ks]
Qoker received [8d 2c]
UDF1 calls
Qoker checks
Flop [7d As Jh], UDF1 (20), Qoker (20)
Qoker bids 5
UDF1 bids 10
UDF1 won the auction and was revealed [2c]
Flop [7d As Jh], UDF1 (25), Qoker (20)
Qoker checks
UDF1 bets 3029
Qoker folds
UDF1 awarded 20
Qoker awarded -20

Round #445, Qoker (167145), UDF1 (-167145)
Qoker posts blind: 10
UDF1 posts blind: 20
Qoker received [Kc 6d]
UDF1 received [Kd 8h]
Qoker calls
UDF1 checks
Flop [6h 4s Ad], Qoker (20), UDF1 (20)
UDF1 bids 15
Qoker bids 2
UDF1 won the auction and was revealed [6d]
Flop [6h 4s Ad], Qoker (20), UDF1 (22)
UDF1 bets 2193
Qoker calls
Turn [6h 4s Ad 8s], Qoker (2213), UDF1 (2215)
UDF1 bets 1721
Qoker calls
River [6h 4s Ad 8s Ac], Qoker (3934), UDF1 (3936)
UDF1 bets 732
Qoker calls
Qoker shows [Kc 6d]
UDF1 shows [Kd 8h]
Qoker awarded -4666
UDF1 awarded 4666

Round #446, UDF1 (-162479), Qoker (162479)
UDF1 posts blind: 10
Qoker posts blind: 20
UDF1 received [Ad 2c]
Qoker received [Th 3s]
UDF1 calls
Qoker checks
Flop [4h 5d Js], UDF1 (20), Qoker (20)
Qoker bids 0
UDF1 bids 9
UDF1 won the auction and was revealed [Th]
Flop [4h 5d Js], UDF1 (20), Qoker (20)
Qoker checks
UDF1 bets 3159
Qoker folds
UDF1 awarded 20
Qoker awarded -20

Round #447, Qoker (162459), UDF1 (-162459)
Qoker posts blind: 10
UDF1 posts blind: 20
Qoker received [4d 6d]
UDF1 received [3s As]
Qoker calls
UDF1 checks
Flop [8d Kc 3h], Qoker (20), UDF1 (20)
UDF1 bids 10
Qoker bids 0
UDF1 won the auction and was revealed [6d]
Flop [8d Kc 3h], Qoker (20), UDF1 (20)
UDF1 bets 3362
Qoker folds
Qoker awarded -20
UDF1 awarded 20

Round #448, UDF1 (-162439), Qoker (162439)
UDF1 posts blind: 10
Qoker posts blind: 20
UDF1 received [5c 9h]
Qoker received [5s 9c]
UDF1 folds
UDF1 awarded -10
Qoker awarded 10

Round #449, Qoker (162449), UDF1 (-162449)
Qoker posts blind: 10
UDF1 posts blind: 20
Qoker received [6c Qd]
UDF1 received [Ts Jd]
Qoker calls
UDF1 checks
Flop [4h As 8s], Qoker (20), UDF1 (20)
UDF1 bids 11
Qoker bids 3
UDF1 won the auction and was revealed [Qd]
Flop [4h As 8s], Qoker (20), UDF1 (23)
UDF1 bets 2773
Qoker folds
Qoker awarded -20
UDF1 awarded 20

Round #450, UDF1 (-162429), Qoker (162429)
UDF1 posts blind: 10
Qoker posts blind: 20
UDF1 received [3d Jc]
Qoker received [Kc Tc]
UDF1 calls
Qoker raises to 40
UDF1 calls
Flop [7s 2c 7d], UDF1 (40), Qoker (40)
Qoker bids 11
UDF1 bids 6
Qoker won the auction and was revealed [3d]
Flop [7s 2c 7d], UDF1 (40), Qoker (46)
Qoker bets 65
UDF1 calls
Turn [7s 2c 7d 7h], UDF1 (105), Qoker (111)
Qoker bets 142
UDF1 calls
River [7s 2c 7d 7h 5s], UDF1 (247), Qoker (253)
Qoker bets 428
UDF1 folds
UDF1 awarded -247
Qoker awarded 247

Round #451, Qoker (162676), UDF1 (-162676)
Qoker posts blind: 10
UDF1 posts blind: 20
Qoker received [9c 7d]
UDF1 received [Ac 5d]
Qoker calls
UDF1 checks
Flop [Js 3c Tc], Qoker (20), UDF1 (20)
UDF1 bids 14
Qoker bids 0
UDF1 won the auction and was revealed [9c]
Flop [Js 3c Tc], Qoker (20), UDF1 (20)
UDF1 bets 3168
Qoker folds
Qoker awarded -20
UDF1 awarded 20

Round #452, UDF1 (-162656), Qoker (162656)
UDF1 posts blind: 10
Qoker posts blind: 20
UDF1 received [2h Kc]
Qoker received [3s Ks]
UDF1 raises to 337
Qoker folds
UDF1 awarded 20
Qoker awarded -20

Round #453, Qoker (162636), UDF1 (-162636)
Qoker posts blind: 10
UDF1 posts blind: 20
Qoker received [5s 2d]
UDF1 received [8h Tc]
Qoker calls
UDF1 checks
Flop [Kh Ac Jh], Qoker (20), UDF1 (20)
UDF1 bids 13
Qoker bids 4
UDF1 won the auction and was revealed [5s]
Flop [Kh Ac Jh], Qoker (20), UDF1 (24)
UDF1 bets 2636
Qoker folds
Qoker awarded -20
UDF1 awarded 20

Round #454, UDF1 (-162616), Qoker (162616)
UDF1 posts blind: 10
Qoker posts blind: 20
UDF1 received [Jd Qs]
Qoker received [8c 6d]
UDF1 raises to 1486
Qoker folds
UDF1 awarded 20
Qoker awarded -20

Round #455, Qoker (162596), UDF1 (-162596)
Qoker posts blind: 10
UDF1 posts blind: 20
Qoker received [4d Js]
UDF1 received [4s Ts]
Qoker calls
UDF1 checks
Flop [8h 2h As], Qoker (20), UDF1 (20)
UDF1 bids 0
Qoker bids 2
Qoker won the auction and was revealed [Ts]
Flop [8h 2h As], Qoker (20), UDF1 (20)
UDF1 bets 2705
Qoker folds
Qoker awarded -20
UDF1 awarded 20

Round #456, UDF1 (-162576), Qoker (162576)
UDF1 posts blind: 10
Qoker posts blind: 20
UDF1 received [7h 6d]
Qoker received [2d Qh]
UDF1 raises to 337
Qoker folds
UDF1 awarded 20
Qoker awarded -20

Round #457, Qoker (162556), UDF1 (-162556)
Qoker posts blind: 10
UDF1 posts blind: 20
Qoker received [8c Kh]
UDF1 received [2c Kc]
Qoker calls
UDF1 checks
Flop [Ac 6c 8s], Qoker (20), UDF1 (20)
UDF1 bids 11
Qoker bids 4
UDF1 won the auction and was revealed [Kh]
Flop [Ac 6c 8s], Qoker (20), UDF1 (24)
UDF1 bets 2685
Qoker calls
Turn [Ac 6c 8s 5s], Qoker (2705), UDF1 (2709)
UDF1 bets 1125
Qoker calls
River [Ac 6c 8s 5s Qh], Qoker (3830), UDF1 (3834)
UDF1 bets 511
Qoker calls
Qoker shows [8c Kh]
UDF1 shows [2c Kc]
Qoker awarded 4345
UDF1 awarded -4345

Round #458, UDF1 (-166901), Qoker (166901)
UDF1 posts blind: 10
Qoker posts blind: 20
UDF1 received [Ts Ac]
Qoker received [2c Ks]
UDF1 calls
Qoker checks
Flop [5d 3s 2h], UDF1 (20), Qoker (20)
Qoker bids 3
UDF1 bids 17
UDF1 won the auction and was revealed [2c]
Flop [5d 3s 2h], UDF1 (23), Qoker (20)
Qoker checks
UDF1 bets 2640
Qoker calls
Turn [5d 3s 2h Js], UDF1 (2663), Qoker (2660)
Qoker checks
UDF1 bets 896
Qoker calls
River [5d 3s 2h Js 4c], UDF1 (3559), Qoker (3556)
Qoker checks
UDF1 bets 886
Qoker calls
UDF1 shows [Ts Ac]
Qoker shows [2c Ks]
UDF1 awarded 4442
Qoker awarded -4442

Round #459, Qoker (162459), UDF1 (-162459)
Qoker posts blind: 10
UDF1 posts blind: 20
Qoker received [8h 3c]
UDF1 received [2c Jc]
Qoker calls
UDF1 checks
Flop [6s 2s 6d], Qoker (20), UDF1 (20)
UDF1 bids 13
Qoker bids 2
UDF1 won the auction and was revealed [8h]
Flop [6s 2s 6d], Qoker (20), UDF1 (22)
UDF1 bets 3071
Qoker calls
Turn [6s 2s 6d 9s], Qoker (3091), UDF1 (3093)
UDF1 bets 1127
Qoker calls
River [6s 2s 6d 9s Kc], Qoker (4218), UDF1 (4220)
UDF1 bets 406
Qoker calls
Qoker shows [8h 3c]
UDF1 shows [2c Jc]
Qoker awarded -4624
UDF1 awarded 4624

Round #460, UDF1 (-157835), Qoker (157835)
UDF1 posts blind: 10
Qoker posts blind: 20
UDF1 received [8s 7d]
Qoker received [Jc 2h]
UDF1 calls
Qoker checks
Flop [5h Th Qh], UDF1 (20), Qoker (20)
Qoker bids 6
UDF1 bids 4
Qoker won the auction and was revealed [7d]
Flop [5h Th Qh], UDF1 (20), Qoker (24)
Qoker checks
UDF1 bets 2143
Qoker calls
Turn [5h Th Qh 7h], UDF1 (2163), Qoker (2167)
Qoker bets 2303
UDF1 calls
River [5h Th Qh 7h 9d], UDF1 (4466), Qoker (4470)
Qoker bets 530
UDF1 calls
UDF1 shows [8s 7d]
Qoker shows [Jc 2h]
UDF1 awarded -4996
Qoker awarded 4996

Round #461, Qoker (162831), UDF1 (-162831)
Qoker posts blind: 10
UDF1 posts blind: 20
Qoker received [Js Kd]
UDF1 received [Kh 5d]
Qoker calls
UDF1 checks
Flop [Qc 8h Tc], Qoker (20), UDF1 (20)
UDF1 bids 4
Qoker bids 4
Qoker won the auction and was revealed [Kh]
UDF1 won the auction and was revealed [Js]
Flop [Qc 8h Tc], Qoker (24), UDF1 (24)
UDF1 bets 2564
Qoker calls
Turn [Qc 8h Tc 8s], Qoker (2588), UDF1 (2588)
UDF1 bets 1024
Qoker calls
River [Qc 8h Tc 8s 6s], Qoker (3612), UDF1 (3612)
UDF1 bets 641
Qoker calls
Qoker shows [Js Kd]
UDF1 shows [Kh 5d]
Qoker awarded 4253
UDF1 awarded -4253

Round #462, UDF1 (-167084), Qoker (167084)
UDF1 posts blind: 10
Qoker posts blind: 20
UDF1 received [Qc As]
Qoker received [5s 2c]
UDF1 raises to 3470
Qoker folds
UDF1 awarded 20
Qoker awarded -20

Round #463, Qoker (167064), UDF1 (-167064)
Qoker posts blind: 10
UDF1 posts blind: 20
Qoker received [4s 7s]
UDF1 received [8c Jh]
Qoker calls
UDF1 checks
Flop [Td 5s Th], Qoker (20), UDF1 (20)
UDF1 bids 4
Qoker bids 6
Qoker won the auction and was revealed [8c]
Flop [Td 5s Th], Qoker (24), UDF1 (20)
UDF1 bets 2635
Qoker calls
Turn [Td 5s Th As], Qoker (2659), UDF1 (2655)
UDF1 bets 1085
Qoker calls
River [Td 5s Th As 8d], Qoker (3744), UDF1 (3740)
UDF1 bets 763
Qoker calls
Qoker shows [4s 7s]
UDF1 shows [8c Jh]
Qoker awarded -4507
UDF1 awarded 4507

Round #464, UDF1 (-162557), Qoker (162557)
UDF1 posts blind: 10
Qoker posts blind: 20
UDF1 received [Jc 8h]
Qoker received [9h 6h]
UDF1 calls
Qoker checks
Flop [Ad Tc Ah], UDF1 (20), Qoker (20)
Qoker bids 6
UDF1 bids 11
UDF1 won the auction and was revealed [6h]
Flop [Ad Tc Ah], UDF1 (26), Qoker (20)
Qoker checks
UDF1 bets 3109
Qoker calls
Turn [Ad Tc Ah Ac], UDF1 (3135), Qoker (3129)
Qoker bets 1865
UDF1 calls
River [Ad Tc Ah Ac Qs], UDF1 (5000), Qoker (4994)
Qoker checks
UDF1 checks
UDF1 shows [Jc 8h]
Qoker shows [9h 6h]
UDF1 awarded 4994
Qoker awarded -4994

Round #465, Qoker (157563), UDF1 (-157563)
Qoker posts blind: 10
UDF1 posts blind: 20
Qoker received [Qc Kc]
UDF1 received [9h 5d]
Qoker calls
UDF1 raises to 337
Qoker calls
Flop [7d Kd 6s], Qoker (337), UDF1 (337)
UDF1 bids 12
Qoker bids 69
Qoker won the auction and was revealed [5d]
Flop [7d Kd 6s], Qoker (349), UDF1 (337)
UDF1 bets 2609
Qoker raises to 4651
UDF1 calls
Turn [7d Kd 6s Ac], Qoker (5000), UDF1 (4988)
UDF1 checks
Qoker checks
River [7d Kd 6s Ac Kh], Qoker (5000), UDF1 (4988)
UDF1 checks
Qoker checks
Qoker shows [Qc Kc]
UDF1 shows [9h 5d]
Qoker awarded 4988
UDF1 awarded -4988

Round #466, UDF1 (-162551), Qoker (162551)
UDF1 posts blind: 10
Qoker posts blind: 20
UDF1 received [As 9s]
Qoker received [Jh 6c]
UDF1 raises to 1284
Qoker folds
UDF1 awarded 20
Qoker awarded -20

Round #467, Qoker (162531), UDF1 (-162531)
Qoker posts blind: 10
UDF1 posts blind: 20
Qoker received [5d Jd]
UDF1 received [Qh 8s]
Qoker calls
UDF1 checks
Flop [7h 8h 9h], Qoker (20), UDF1 (20)
UDF1 bids 13
Qoker bids 0
UDF1 won the auction and was revealed [Jd]
Flop [7h 8h 9h], Qoker (20), UDF1 (20)
UDF1 bets 2681
Qoker folds
Qoker awarded -20
UDF1 awarded 20

Round #468, UDF1 (-162511), Qoker (162511)
UDF1 posts blind: 10
Qoker posts blind: 20
UDF1 received [9s Tc]
Qoker received [7d 7h]
UDF1 folds
UDF1 awarded -10
Qoker awarded 10

Round #469, Qoker (162521), UDF1 (-162521)
Qoker posts blind: 10
UDF1 posts blind: 20
Qoker received [4h Qh]
UDF1 received [Kh Tc]
Qoker calls
UDF1 checks
Flop [9h 7d 9d], Qoker (20), UDF1 (20)
UDF1 bids 11
Qoker bids 6
UDF1 won the auction and was revealed [Qh]
Flop [9h 7d 9d], Qoker (20), UDF1 (26)
UDF1 bets 2813
Qoker calls
Turn [9h 7d 9d 9c], Qoker (2833), UDF1 (2839)
UDF1 bets 1038
Qoker raises to 2161
UDF1 calls
River [9h 7d 9d 9c 8h], Qoker (4994), UDF1 (5000)
UDF1 checks
Qoker checks
Qoker shows [4h Qh]
UDF1 shows [Kh Tc]
Qoker awarded -4994
UDF1 awarded 4994

Round #470, UDF1 (-157527), Qoker (157527)
UDF1 posts blind: 10
Qoker posts blind: 20
UDF1 received [2s 5c]
Qoker received [6c 5s]
UDF1 calls
Qoker checks
Flop [Kh 4s 7d], UDF1 (20), Qoker (20)
Qoker bids 2
UDF1 bids 15
UDF1 won the auction and was revealed [6c]
Flop [Kh 4s 7d], UDF1 (22), Qoker (20)
Qoker checks
UDF1 bets 2262
Qoker calls
Turn [Kh 4s 7d 8h], UDF1 (2284), Qoker (2282)
Qoker bets 2716
UDF1 folds
UDF1 awarded -2284
Qoker awarded 2284

Round #471, Qoker (159811), UDF1 (-159811)
Qoker posts blind: 10
UDF1 posts blind: 20
Qoker received [5d Qh]
UDF1 received [8h 5c]
Qoker calls
UDF1 checks
Flop [2d Jc Kc], Qoker (20), UDF1 (20)
UDF1 bids 9
Qoker bids 0
UDF1 won the auction and was revealed [Qh]
Flop [2d Jc Kc], Qoker (20), UDF1 (20)
UDF1 bets 2575
Qoker folds
Qoker awarded -20
UDF1 awarded 20

Round #472, UDF1 (-159791), Qoker (159791)
UDF1 posts blind: 10
Qoker posts blind: 20
UDF1 received [Kc 7c]
Qoker received [4d Qh]
UDF1 raises to 337
Qoker folds
UDF1 awarded 20
Qoker awarded -20

Round #473, Qoker (159771), UDF1 (-159771)
Qoker posts blind: 10
UDF1 posts blind: 20
Qoker received [8h Td]
UDF1 received [6c Qs]
Qoker calls
UDF1 checks
Flop [Qc 6h Ts], Qoker (20), UDF1 (20)
UDF1 bids 9
Qoker bids 8
UDF1 won the auction and was revealed [Td]
Flop [Qc 6h Ts], Qoker (20), UDF1 (28)
UDF1 bets 3366
Qoker calls
Turn [Qc 6h Ts 2c], Qoker (3386), UDF1 (3394)
UDF1 bets 1113
Qoker calls
River [Qc 6h Ts 2c 5h], Qoker (4499), UDF1 (4507)
UDF1 bets 345
Qoker calls
Qoker shows [8h Td]
UDF1 shows [6c Qs]
Qoker awarded -4844
UDF1 awarded 4844

Round #474, UDF1 (-154927), Qoker (154927)
UDF1 posts blind: 10
Qoker posts blind: 20
UDF1 received [2d Ah]
Qoker received [Ad 5h]
UDF1 folds
UDF1 awarded -10
Qoker awarded 10

Round #475, Qoker (154937), UDF1 (-154937)
Qoker posts blind: 10
UDF1 posts blind: 20
Qoker received [Kc 9h]
UDF1 received [6h Qc]
Qoker calls
UDF1 checks
Flop [Th Kd 7d], Qoker (20), UDF1 (20)
UDF1 bids 5
Qoker bids 6
Qoker won the auction and was revealed [6h]
Flop [Th Kd 7d], Qoker (25), UDF1 (20)
UDF1 bets 2901
Qoker raises to 4975
UDF1 calls
Turn [Th Kd 7d 7s], Qoker (5000), UDF1 (4995)
UDF1 checks
Qoker checks
River [Th Kd 7d 7s Kh], Qoker (5000), UDF1 (4995)
UDF1 checks
Qoker checks
Qoker shows [Kc 9h]
UDF1 shows [6h Qc]
Qoker awarded 4995
UDF1 awarded -4995

Round #476, UDF1 (-159932), Qoker (159932)
UDF1 posts blind: 10
Qoker posts blind: 20
UDF1 received [9h 7h]
Qoker received [7c 6d]
UDF1 folds
UDF1 awarded -10
Qoker awarded 10

Round #477, Qoker (159942), UDF1 (-159942)
Qoker posts blind: 10
UDF1 posts blind: 20
Qoker received [Qc Td]
UDF1 received [5s 3h]
Qoker calls
UDF1 checks
Flop [Kh 3s Th], Qoker (20), UDF1 (20)
UDF1 bids 6
Qoker bids 5
UDF1 won the auction and was revealed [Td]
Flop [Kh 3s Th], Qoker (20), UDF1 (25)
UDF1 bets 2166
Qoker calls
Turn [Kh 3s Th 7c], Qoker (2186), UDF1 (2191)
UDF1 bets 1376
Qoker calls
River [Kh 3s Th 7c Qd], Qoker (3562), UDF1 (3567)
UDF1 bets 567
Qoker calls
Qoker shows [Qc Td]
UDF1 shows [5s 3h]
Qoker awarded 4134
UDF1 awarded -4134

Round #478, UDF1 (-164076), Qoker (164076)
UDF1 posts blind: 10
Qoker posts blind: 20
UDF1 received [Qs 5s]
Qoker received [9h 6h]
UDF1 calls
Qoker checks
Flop [4d Tc 3c], UDF1 (20), Qoker (20)
Qoker bids 0
UDF1 bids 10
UDF1 won the auction and was revealed [6h]
Flop [4d Tc 3c], UDF1 (20), Qoker (20)
Qoker checks
UDF1 bets 2715
Qoker folds
UDF1 awarded 20
Qoker awarded -20

Round #479, Qoker (164056), UDF1 (-164056)
Qoker posts blind: 10
UDF1 posts blind: 20
Qoker received [6d 8c]
UDF1 received [2h 5s]
Qoker calls
UDF1 checks
Flop [Ah Jc 2c], Qoker (20), UDF1 (20)
UDF1 bids 16
Qoker bids 2
UDF1 won the auction and was revealed [6d]
Flop [Ah Jc 2c], Qoker (20), UDF1 (22)
UDF1 bets 2954
Qoker folds
Qoker awarded -20
UDF1 awarded 20

Round #480, UDF1 (-164036), Qoker (164036)
UDF1 posts blind: 10
Qoker posts blind: 20
UDF1 received [3c 4s]
Qoker received [9c Kc]
UDF1 calls
Qoker checks
Flop [Kh 9s 7s], UDF1 (20), Qoker (20)
Qoker bids 8
UDF1 bids 0
Qoker won the auction and was revealed [3c]
Flop [Kh 9s 7s], UDF1 (20), Qoker (20)
Qoker bets 33
UDF1 folds
UDF1 awarded -20
Qoker awarded 20

Round #481, Qoker (164056), UDF1 (-164056)
Qoker posts blind: 10
UDF1 posts blind: 20
Qoker received [Th 4h]
UDF1 received [Qs 9d]
Qoker calls
UDF1 raises to 337
Qoker folds
Qoker awarded -20
UDF1 awarded 20

Round #482, UDF1 (-164036), Qoker (164036)
UDF1 posts blind: 10
Qoker posts blind: 20
UDF1 received [7s Kd]
Qoker received [Ks Th]
UDF1 folds
UDF1 awarded -10
Qoker awarded 10

Round #483, Qoker (164046), UDF1 (-164046)
Qoker posts blind: 10
UDF1 posts blind: 20
Qoker received [7c 3s]
UDF1 received [4d 2s]
Qoker calls
UDF1 checks
Flop [4h 2h 2d], Qoker (20), UDF1 (20)
UDF1 bids 12
Qoker bids 2
UDF1 won the auction and was revealed [7c]
Flop [4h 2h 2d], Qoker (20), UDF1 (22)
UDF1 bets 3345
Qoker calls
Turn [4h 2h 2d As], Qoker (3365), UDF1 (3367)
UDF1 bets 1127
Qoker calls
River [4h 2h 2d As Th], Qoker (4492), UDF1 (4494)
UDF1 bets 343
Qoker calls
Qoker shows [7c 3s]
UDF1 shows [4d 2s]
Qoker awarded -4835
UDF1 awarded 4835

Round #484, UDF1 (-159211), Qoker (159211)
UDF1 posts blind: 10
Qoker posts blind: 20
UDF1 received [3h 4s]
Qoker received [Kd Qd]
UDF1 calls
Qoker raises to 40
UDF1 raises to 356
Qoker calls
Flop [5h 9s 2s], UDF1 (356), Qoker (356)
Qoker bids 0
UDF1 bids 8
UDF1 won the auction and was revealed [Qd]
Flop [5h 9s 2s], UDF1 (356), Qoker (356)
Qoker checks
UDF1 bets 2520
Qoker calls
Turn [5h 9s 2s Jc], UDF1 (2876), Qoker (2876)
Qoker checks
UDF1 bets 1241
Qoker calls
River [5h 9s 2s Jc 2c], UDF1 (4117), Qoker (4117)
Qoker checks
UDF1 bets 323
Qoker calls
UDF1 shows [3h 4s]
Qoker shows [Kd Qd]
UDF1 awarded -4440
Qoker awarded 4440

Round #485, Qoker (163651), UDF1 (-163651)
Qoker posts blind: 10
UDF1 posts blind: 20
Qoker received [Jc Qd]
UDF1 received [9h 3d]
Qoker calls
UDF1 checks
Flop [6c 4d 6d], Qoker (20), UDF1 (20)
UDF1 bids 6
Qoker bids 4
UDF1 won the auction and was revealed [Qd]
Flop [6c 4d 6d], Qoker (20), UDF1 (24)
UDF1 bets 2147
Qoker calls
Turn [6c 4d 6d 9s], Qoker (2167), UDF1 (2171)
UDF1 bets 1472
Qoker calls
River [6c 4d 6d 9s 7d], Qoker (3639), UDF1 (3643)
UDF1 bets 731
Qoker calls
Qoker shows [Jc Qd]
UDF1 shows [9h 3d]
Qoker awarded -4370
UDF1 awarded 4370

Round #486, UDF1 (-159281), Qoker (159281)
UDF1 posts blind: 10
Qoker posts blind: 20
UDF1 received [Js 7d]
Qoker received [7h 5c]
UDF1 calls
Qoker checks
Flop [Jh Ah Ad], UDF1 (20), Qoker (20)
Qoker bids 7
UDF1 bids 15
UDF1 won the auction and was revealed [7h]
Flop [Jh Ah Ad], UDF1 (27), Qoker (20)
Qoker checks
UDF1 bets 2902
Qoker calls
Turn [Jh Ah Ad 6h], UDF1 (2929), Qoker (2922)
Qoker checks
UDF1 bets 1006
Qoker calls
River [Jh Ah Ad 6h Jc], UDF1 (3935), Qoker (3928)
Qoker checks
UDF1 bets 604
Qoker calls
UDF1 shows [Js 7d]
Qoker shows [7h 5c]
UDF1 awarded 4532
Qoker awarded -4532

Round #487, Qoker (154749), UDF1 (-154749)
Qoker posts blind: 10
UDF1 posts blind: 20
Qoker received [2h 2d]
UDF1 received [5c 4d]
Qoker calls
UDF1 checks
Flop [9h 3s Qd], Qoker (20), UDF1 (20)
UDF1 bids 9
Qoker bids 4
UDF1 won the auction and was revealed [2d]
Flop [9h 3s Qd], Qoker (20), UDF1 (24)
UDF1 bets 2377
Qoker calls
Turn [9h 3s Qd Kh], Qoker (2397), UDF1 (2401)
UDF1 bets 1347
Qoker calls
River [9h 3s Qd Kh Ac], Qoker (3744), UDF1 (3748)
UDF1 bets 475
Qoker calls
Qoker shows [2h 2d]
UDF1 shows [5c 4d]
Qoker awarded 4223
UDF1 awarded -4223

Round #488, UDF1 (-158972), Qoker (158972)
UDF1 posts blind: 10
Qoker posts blind: 20
UDF1 received [4h Ah]
Qoker received [6h Qc]
UDF1 calls
Qoker checks
Flop [Ad 4s Tc], UDF1 (20), Qoker (20)
Qoker bids 4
UDF1 bids 14
UDF1 won the auction and was revealed [6h]
Flop [Ad 4s Tc], UDF1 (24), Qoker (20)
Qoker checks
UDF1 bets 3740
Qoker folds
UDF1 awarded 20
Qoker awarded -20

Round #489, Qoker (158952), UDF1 (-158952)
Qoker posts blind: 10
UDF1 posts blind: 20
Qoker received [Jc Ks]
UDF1 received [5h 2h]
Qoker calls
UDF1 checks
Flop [9d 7d Js], Qoker (20), UDF1 (20)
UDF1 bids 9
Qoker bids 7
UDF1 won the auction and was revealed [Jc]
Flop [9d 7d Js], Qoker (20), UDF1 (27)
UDF1 bets 1817
Qoker calls
Turn [9d 7d Js 2c], Qoker (1837), UDF1 (1844)
UDF1 bets 1157
Qoker calls
River [9d 7d Js 2c 3c], Qoker (2994), UDF1 (3001)
UDF1 bets 897
Qoker calls
Qoker shows [Jc Ks]
UDF1 shows [5h 2h]
Qoker awarded 3898
UDF1 awarded -3898

Round #490, UDF1 (-162850), Qoker (162850)
UDF1 posts blind: 10
Qoker posts blind: 20
UDF1 received [4c 2d]
Qoker received [As 9h]
UDF1 calls
Qoker checks
Flop [Jh 8c 4s], UDF1 (20), Qoker (20)
Qoker bids 3
UDF1 bids 12
UDF1 won the auction and was revealed [As]
Flop [Jh 8c 4s], UDF1 (23), Qoker (20)
Qoker checks
UDF1 bets 2962
Qoker folds
UDF1 awarded 20
Qoker awarded -20

Round #491, Qoker (162830), UDF1 (-162830)
Qoker posts blind: 10
UDF1 posts blind: 20
Qoker received [Th 5d]
UDF1 received [8h 5c]
Qoker calls
UDF1 raises to 337
Qoker folds
Qoker awarded -20
UDF1 awarded 20

Round #492, UDF1 (-162810), Qoker (162810)
UDF1 posts blind: 10
Qoker posts blind: 20
UDF1 received [9s 5d]
Qoker received [Jh 9h]
UDF1 folds
UDF1 awarded -10
Qoker awarded 10

Round #493, Qoker (162820), UDF1 (-162820)
Qoker posts blind: 10
UDF1 posts blind: 20
Qoker received [5d Qd]
UDF1 received [Qc Kc]
Qoker calls
UDF1 raises to 3702
Qoker folds
Qoker awarded -20
UDF1 awarded 20

Round #494, UDF1 (-162800), Qoker (162800)
UDF1 posts blind: 10
Qoker posts blind: 20
UDF1 received [5s Qs]
Qoker received [8s 8d]
UDF1 raises to 337
Qoker calls
Flop [Th Jd Td], UDF1 (337), Qoker (337)
Qoker bids 87
UDF1 bids 11
Qoker won the auction and was revealed [5s]
Flop [Th Jd Td], UDF1 (337), Qoker (348)
Qoker bets 507
UDF1 calls
Turn [Th Jd Td 6s], UDF1 (844), Qoker (855)
Qoker bets 1350
UDF1 calls
River [Th Jd Td 6s 9h], UDF1 (2194), Qoker (2205)
Qoker bets 2795
UDF1 folds
UDF1 awarded -2194
Qoker awarded 2194

Round #495, Qoker (164994), UDF1 (-164994)
Qoker posts blind: 10
UDF1 posts blind: 20
Qoker received [4d Td]
UDF1 received [Kc 9c]
Qoker calls
UDF1 checks
Flop [Ac 6h 3s], Qoker (20), UDF1 (20)
UDF1 bids 11
Qoker bids 3
UDF1 won the auction and was revealed [Td]
Flop [Ac 6h 3s], Qoker (20), UDF1 (23)
UDF1 bets 3268
Qoker folds
Qoker awarded -20
UDF1 awarded 20

Round #496, UDF1 (-164974), Qoker (164974)
UDF1 posts blind: 10
Qoker posts blind: 20
UDF1 received [4h Jd]
Qoker received [6c 4s]
UDF1 calls
Qoker checks
Flop [Ah As 5c], UDF1 (20), Qoker (20)
Qoker bids 7
UDF1 bids 12
UDF1 won the auction and was revealed [6c]
Flop [Ah As 5c], UDF1 (27), Qoker (20)
Qoker checks
UDF1 bets 2953
Qoker calls
Turn [Ah As 5c 8c], UDF1 (2980), Qoker (2973)
Qoker checks
UDF1 bets 1175
Qoker calls
River [Ah As 5c 8c 7d], UDF1 (4155), Qoker (4148)
Qoker bets 845
UDF1 calls
UDF1 shows [4h Jd]
Qoker shows [6c 4s]
UDF1 awarded -5000
Qoker awarded 5000

Round #497, Qoker (169974), UDF1 (-169974)
Qoker posts blind: 10
UDF1 posts blind: 20
Qoker received [9h As]
UDF1 received [6s Ac]
Qoker calls
UDF1 checks
Flop [5h 5s Kc], Qoker (20), UDF1 (20)
UDF1 bids 8
Qoker bids 5
UDF1 won the auction and was revealed [9h]
Flop [5h 5s Kc], Qoker (20), UDF1 (25)
UDF1 bets 3135
Qoker calls
Turn [5h 5s Kc Qs], Qoker (3155), UDF1 (3160)
UDF1 bets 1048
Qoker calls
River [5h 5s Kc Qs 9c], Qoker (4203), UDF1 (4208)
UDF1 bets 307
Qoker calls
Qoker shows [9h As]
UDF1 shows [6s Ac]
Qoker awarded 4515
UDF1 awarded -4515

Round #498, UDF1 (-174489), Qoker (174489)
UDF1 posts blind: 10
Qoker posts blind: 20
UDF1 received [3c 8s]
Qoker received [4c Ac]
UDF1 calls
Qoker checks
Flop [7s 2s 8d], UDF1 (20), Qoker (20)
Qoker bids 4
UDF1 bids 13
UDF1 won the auction and was revealed [Ac]
Flop [7s 2s 8d], UDF1 (24), Qoker (20)
Qoker checks
UDF1 bets 3261
Qoker folds
UDF1 awarded 20
Qoker awarded -20

Round #499, Qoker (174469), UDF1 (-174469)
Qoker posts blind: 10
UDF1 posts blind: 20
Qoker received [Kh Qc]
UDF1 received [4d 2d]
Qoker calls
UDF1 checks
Flop [3c 3s Qd], Qoker (20), UDF1 (20)
UDF1 bids 10
Qoker bids 8
UDF1 won the auction and was revealed [Kh]
Flop [3c 3s Qd], Qoker (20), UDF1 (28)
UDF1 bets 2570
Qoker calls
Turn [3c 3s Qd Ts], Qoker (2590), UDF1 (2598)
UDF1 bets 974
Qoker calls
River [3c 3s Qd Ts 3h], Qoker (3564), UDF1 (3572)
UDF1 bets 448
Qoker raises to 1428
UDF1 folds
Qoker awarded 4020
UDF1 awarded -4020

Round #500, UDF1 (-178489), Qoker (178489)
UDF1 posts blind: 10
Qoker posts blind: 20
UDF1 received [3c 2d]
Qoker received [8h 3s]
UDF1 folds
UDF1 awarded -10
Qoker awarded 10

Round #501, Qoker (178499), UDF1 (-178499)
Qoker posts blind: 10
UDF1 posts blind: 20
Qoker received [9d 7c]
UDF1 received [3h 5d]
Qoker calls
UDF1 checks
Flop [2d Qh As], Qoker (20), UDF1 (20)
UDF1 bids 9
Qoker bids 7
UDF1 won the auction and was revealed [9d]
Flop [2d Qh As], Qoker (20), UDF1 (27)
UDF1 bets 2811
Qoker folds
Qoker awarded -20
UDF1 awarded 20

Round #502, UDF1 (-178479), Qoker (178479)
UDF1 posts blind: 10
Qoker posts blind: 20
UDF1 received [Jc Kc]
Qoker received [5d Ad]
UDF1 raises to 3859
Qoker folds
UDF1 awarded 20
Qoker awarded -20

Round #503, Qoker (178459), UDF1 (-178459)
Qoker posts blind: 10
UDF1 posts blind: 20
Qoker received [As 6c]
UDF1 received [Kc Td]
Qoker calls
UDF1 checks
Flop [4d Qs 6d], Qoker (20), UDF1 (20)
UDF1 bids 14
Qoker bids 5
UDF1 won the auction and was revealed [6c]
Flop [4d Qs 6d], Qoker (20), UDF1 (25)
UDF1 bets 2558
Qoker calls
Turn [4d Qs 6d 8s], Qoker (2578), UDF1 (2583)
UDF1 bets 1159
Qoker calls
River [4d Qs 6d 8s 3h], Qoker (3737), UDF1 (3742)
UDF1 bets 437
Qoker calls
Qoker shows [As 6c]
UDF1 shows [Kc Td]
Qoker awarded 4179
UDF1 awarded -4179

Round #504, UDF1 (-182638), Qoker (182638)
UDF1 posts blind: 10
Qoker posts blind: 20
UDF1 received [Jh 8d]
Qoker received [4h 6h]
UDF1 folds
UDF1 awarded -10
Qoker awarded 10

Round #505, Qoker (182648), UDF1 (-182648)
Qoker posts blind: 10
UDF1 posts blind: 20
Qoker received [As 4d]
UDF1 received [8h 8s]
Qoker calls
UDF1 raises to 3398
Qoker folds
Qoker awarded -20
UDF1 awarded 20

Round #506, UDF1 (-182628), Qoker (182628)
UDF1 posts blind: 10
Qoker posts blind: 20
UDF1 received [Kc 3s]
Qoker received [Jd Qs]
UDF1 folds
UDF1 awarded -10
Qoker awarded 10

Round #507, Qoker (182638), UDF1 (-182638)
Qoker posts blind: 10
UDF1 posts blind: 20
Qoker received [Th 7d]
UDF1 received [5s 8s]
Qoker calls
UDF1 checks
Flop [5c Qd Ks], Qoker (20), UDF1 (20)
UDF1 bids 14
Qoker bids 0
UDF1 won the auction and was revealed [Th]
Flop [5c Qd Ks], Qoker (20), UDF1 (20)
UDF1 bets 3289
Qoker folds
Qoker awarded -20
UDF1 awarded 20

Round #508, UDF1 (-182618), Qoker (182618)
UDF1 posts blind: 10
Qoker posts blind: 20
UDF1 received [9d Ah]
Qoker received [4d Jh]
UDF1 calls
Qoker checks
Flop [Qc 6s Qs], UDF1 (20), Qoker (20)
Qoker bids 7
UDF1 bids 13
UDF1 won the auction and was revealed [4d]
Flop [Qc 6s Qs], UDF1 (27), Qoker (20)
Qoker checks
UDF1 bets 3157
Qoker calls
Turn [Qc 6s Qs Ad], UDF1 (3184), Qoker (3177)
Qoker bets 1816
UDF1 calls
River [Qc 6s Qs Ad Ts], UDF1 (5000), Qoker (4993)
Qoker checks
UDF1 checks
UDF1 shows [9d Ah]
Qoker shows [4d Jh]
UDF1 awarded 4993
Qoker awarded -4993

Round #509, Qoker (177625), UDF1 (-177625)
Qoker posts blind: 10
UDF1 posts blind: 20
Qoker received [7c Qh]
UDF1 received [Td Th]
Qoker calls
UDF1 raises to 3491
Qoker folds
Qoker awarded -20
UDF1 awarded 20

Round #510, UDF1 (-177605), Qoker (177605)
UDF1 posts blind: 10
Qoker posts blind: 20
UDF1 received [Js 3c]
Qoker received [7d Tc]
UDF1 folds
UDF1 awarded -10
Qoker awarded 10

Round #511, Qoker (177615), UDF1 (-177615)
Qoker posts blind: 10
UDF1 posts blind: 20
Qoker received [5d Kh]
UDF1 received [2c Kc]
Qoker calls
UDF1 checks
Flop [3s 2s Qd], Qoker (20), UDF1 (20)
UDF1 bids 0
Qoker bids 0
Qoker won the auction and was revealed [Kc]
UDF1 won the auction and was revealed [5d]
Flop [3s 2s Qd], Qoker (20), UDF1 (20)
UDF1 bets 3178
Qoker folds
Qoker awarded -20
UDF1 awarded 20

Round #512, UDF1 (-177595), Qoker (177595)
UDF1 posts blind: 10
Qoker posts blind: 20
UDF1 received [4h Qh]
Qoker received [Ks Th]
UDF1 folds
UDF1 awarded -10
Qoker awarded 10

Round #513, Qoker (177605), UDF1 (-177605)
Qoker posts blind: 10
UDF1 posts blind: 20
Qoker received [Ts Kd]
UDF1 received [3c 2c]
Qoker calls
UDF1 checks
Flop [Jh 6c 5d], Qoker (20), UDF1 (20)
UDF1 bids 0
Qoker bids 0
Qoker won the auction and was revealed [2c]
UDF1 won the auction and was revealed [Ts]
Flop [Jh 6c 5d], Qoker (20), UDF1 (20)
UDF1 bets 2429
Qoker folds
Qoker awarded -20
UDF1 awarded 20

Round #514, UDF1 (-177585), Qoker (177585)
UDF1 posts blind: 10
Qoker posts blind: 20
UDF1 received [2d Kh]
Qoker received [8s 8c]
UDF1 folds
UDF1 awarded -10
Qoker awarded 10

Round #515, Qoker (177595), UDF1 (-177595)
Qoker posts blind: 10
UDF1 posts blind: 20
Qoker received [9c 6h]
UDF1 received [7c 8c]
Qoker calls
UDF1 checks
Flop [6s 5s 9d], Qoker (20), UDF1 (20)
UDF1 bids 9
Qoker bids 8
UDF1 won the auction and was revealed [6h]
Flop [6s 5s 9d], Qoker (20), UDF1 (28)
UDF1 bets 3337
Qoker calls
Turn [6s 5s 9d 9s], Qoker (3357), UDF1 (3365)
UDF1 bets 809
Qoker raises to 1635
UDF1 calls
River [6s 5s 9d 9s 8s], Qoker (4992), UDF1 (5000)
UDF1 checks
Qoker checks
Qoker shows [9c 6h]
UDF1 shows [7c 8c]
Qoker awarded 5000
UDF1 awarded -5000

Round #516, UDF1 (-182595), Qoker (182595)
UDF1 posts blind: 10
Qoker posts blind: 20
UDF1 received [8s 9d]
Qoker received [3h 3s]
UDF1 raises to 337
Qoker calls
Flop [Jd 4h 4c], UDF1 (337), Qoker (337)
Qoker bids 97
UDF1 bids 7
Qoker won the auction and was revealed [9d]
Flop [Jd 4h 4c], UDF1 (337), Qoker (344)
Qoker checks
UDF1 bets 2538
Qoker calls
Turn [Jd 4h 4c 6s], UDF1 (2875), Qoker (2882)
Qoker checks
UDF1 bets 950
Qoker calls
River [Jd 4h 4c 6s 2d], UDF1 (3825), Qoker (3832)
Qoker checks
UDF1 bets 488
Qoker calls
UDF1 shows [8s 9d]
Qoker shows [3h 3s]
UDF1 awarded -4313
Qoker awarded 4313

Round #517, Qoker (186908), UDF1 (-186908)
Qoker posts blind: 10
UDF1 posts blind: 20
Qoker received [3d 2s]
UDF1 received [7d 7s]
Qoker calls
UDF1 raises to 1484
Qoker folds
Qoker awarded -20
UDF1 awarded 20

Round #518, UDF1 (-186888), Qoker (186888)
UDF1 posts blind: 10
Qoker posts blind: 20
UDF1 received [7s 2s]
Qoker received [2c 8c]
UDF1 calls
Qoker checks
Flop [Td 9d Ah], UDF1 (20), Qoker (20)
Qoker bids 5
UDF1 bids 15
UDF1 won the auction and was revealed [8c]
Flop [Td 9d Ah], UDF1 (25), Qoker (20)
Qoker checks
UDF1 bets 2542
Qoker folds
UDF1 awarded 20
Qoker awarded -20

Round #519, Qoker (186868), UDF1 (-186868)
Qoker posts blind: 10
UDF1 posts blind: 20
Qoker received [7s 3d]
UDF1 received [Kh 2c]
Qoker calls
UDF1 checks
Flop [9s Kc Th], Qoker (20), UDF1 (20)
UDF1 bids 12
Qoker bids 0
UDF1 won the auction and was revealed [7s]
Flop [9s Kc Th], Qoker (20), UDF1 (20)
UDF1 bets 3128
Qoker folds
Qoker awarded -20
UDF1 awarded 20

Round #520, UDF1 (-186848), Qoker (186848)
UDF1 posts blind: 10
Qoker posts blind: 20
UDF1 received [Qc 2h]
Qoker received [Qh 7d]
UDF1 calls
Qoker checks
Flop [Jd 6c 5s], UDF1 (20), Qoker (20)
Qoker bids 0
UDF1 bids 11
UDF1 won the auction and was revealed [7d]
Flop [Jd 6c 5s], UDF1 (20), Qoker (20)
Qoker checks
UDF1 bets 2883
Qoker folds
UDF1 awarded 20
Qoker awarded -20

Round #521, Qoker (186828), UDF1 (-186828)
Qoker posts blind: 10
UDF1 posts blind: 20
Qoker received [5s Ad]
UDF1 received [7s 7h]
Qoker calls
UDF1 checks
Flop [2h 3h Td], Qoker (20), UDF1 (20)
UDF1 bids 6
Qoker bids 5
UDF1 won the auction and was revealed [5s]
Flop [2h 3h Td], Qoker (20), UDF1 (25)
UDF1 bets 3327
Qoker folds
Qoker awarded -20
UDF1 awarded 20

Round #522, UDF1 (-186808), Qoker (186808)
UDF1 posts blind: 10
Qoker posts blind: 20
UDF1 received [Ad 7d]
Qoker received [2h 8h]
UDF1 calls
Qoker checks
Flop [Ah 5c Qs], UDF1 (20), Qoker (20)
Qoker bids 5
UDF1 bids 15
UDF1 won the auction and was revealed [8h]
Flop [Ah 5c Qs], UDF1 (25), Qoker (20)
Qoker checks
UDF1 bets 3511
Qoker folds
UDF1 awarded 20
Qoker awarded -20

Round #523, Qoker (186788), UDF1 (-186788)
Qoker posts blind: 10
UDF1 posts blind: 20
Qoker received [4h 7c]
UDF1 received [5s 9d]
Qoker calls
UDF1 checks
Flop [8h Qs Jd], Qoker (20), UDF1 (20)
UDF1 bids 13
Qoker bids 0
UDF1 won the auction and was revealed [4h]
Flop [8h Qs Jd], Qoker (20), UDF1 (20)
UDF1 bets 2783
Qoker folds
Qoker awarded -20
UDF1 awarded 20

Round #524, UDF1 (-186768), Qoker (186768)
UDF1 posts blind: 10
Qoker posts blind: 20
UDF1 received [Ac 9s]
Qoker received [9c 9d]
UDF1 calls
Qoker raises to 40
UDF1 calls
Flop [7c Qs 8c], UDF1 (40), Qoker (40)
Qoker bids 15
UDF1 bids 8
Qoker won the auction and was revealed [Ac]
Flop [7c Qs 8c], UDF1 (40), Qoker (48)
Qoker checks
UDF1 bets 3056
Qoker calls
Turn [7c Qs 8c Jh], UDF1 (3096), Qoker (3104)
Qoker checks
UDF1 bets 943
Qoker calls
River [7c Qs 8c Jh Qh], UDF1 (4039), Qoker (4047)
Qoker checks
UDF1 bets 448
Qoker calls
UDF1 shows [Ac 9s]
Qoker shows [9c 9d]
UDF1 awarded -4487
Qoker awarded 4487

Round #525, Qoker (191255), UDF1 (-191255)
Qoker posts blind: 10
UDF1 posts blind: 20
Qoker received [Th 9h]
UDF1 received [4c 8s]
Qoker calls
UDF1 checks
Flop [4d 9c Js], Qoker (20), UDF1 (20)
UDF1 bids 0
Qoker bids 7
Qoker won the auction and was revealed [8s]
Flop [4d 9c Js], Qoker (20), UDF1 (20)
UDF1 bets 3271
Qoker raises to 4980
UDF1 calls
Turn [4d 9c Js 4h], Qoker (5000), UDF1 (5000)
UDF1 checks
Qoker checks
River [4d 9c Js 4h 7d], Qoker (5000), UDF1 (5000)
UDF1 checks
Qoker checks
Qoker shows [Th 9h]
UDF1 shows [4c 8s]
Qoker awarded -5000
UDF1 awarded 5000

Round #526, UDF1 (-186255), Qoker (186255)
UDF1 posts blind: 10
Qoker posts blind: 20
UDF1 received [7h 7c]
Qoker received [9s 5h]
UDF1 raises to 1263
Qoker folds
UDF1 awarded 20
Qoker awarded -20

Round #527, Qoker (186235), UDF1 (-186235)
Qoker posts blind: 10
UDF1 posts blind: 20
Qoker received [Td Kc]
UDF1 received [Qc As]
Qoker calls
UDF1 raises to 3836
Qoker calls
Flop [9d 6c 7d], Qoker (3836), UDF1 (3836)
UDF1 bids 5
Qoker bids 0
UDF1 won the auction and was revealed [Td]
Flop [9d 6c 7d], Qoker (3836), UDF1 (3836)
UDF1 bets 652
Qoker calls
Turn [9d 6c 7d 7h], Qoker (4488), UDF1 (4488)
UDF1 bets 277
Qoker calls
River [9d 6c 7d 7h 8s], Qoker (4765), UDF1 (4765)
UDF1 bets 88
Qoker raises to 235
UDF1 folds
Qoker awarded 4853
UDF1 awarded -4853

Round #528, UDF1 (-191088), Qoker (191088)
UDF1 posts blind: 10
Qoker posts blind: 20
UDF1 received [Ah 6h]
Qoker received [7h Qs]
UDF1 folds
UDF1 awarded -10
Qoker awarded 10

Round #529, Qoker (191098), UDF1 (-191098)
Qoker posts blind: 10
UDF1 posts blind: 20
Qoker received [Jh Qc]
UDF1 received [Qs 6c]
Qoker calls
UDF1 checks
Flop [As 3s Tc], Qoker (20), UDF1 (20)
UDF1 bids 6
Qoker bids 3
UDF1 won the auction and was revealed [Qc]
Flop [As 3s Tc], Qoker (20), UDF1 (23)
UDF1 bets 2367
Qoker folds
Qoker awarded -20
UDF1 awarded 20

Round #530, UDF1 (-191078), Qoker (191078)
UDF1 posts blind: 10
Qoker posts blind: 20
UDF1 received [8s 8c]
Qoker received [Kd Tc]
UDF1 raises to 3381
Qoker calls
Flop [Qc 6h 9h], UDF1 (3381), Qoker (3381)
Qoker bids 0
UDF1 bids 8
UDF1 won the auction and was revealed [Kd]
Flop [Qc 6h 9h], UDF1 (3381), Qoker (3381)
Qoker checks
UDF1 bets 1044
Qoker calls
Turn [Qc 6h 9h 2d], UDF1 (4425), Qoker (4425)
Qoker checks
UDF1 bets 393
Qoker calls
River [Qc 6h 9h 2d Kc], UDF1 (4818), Qoker (4818)
Qoker checks
UDF1 bets 92
Qoker calls
UDF1 shows [8s 8c]
Qoker shows [Kd Tc]
UDF1 awarded -4910
Qoker awarded 4910

Round #531, Qoker (195988), UDF1 (-195988)
Qoker posts blind: 10
UDF1 posts blind: 20
Qoker received [4h 3s]
UDF1 received [9h 6c]
Qoker calls
UDF1 raises to 337
Qoker folds
Qoker awarded -20
UDF1 awarded 20

Round #532, UDF1 (-195968), Qoker (195968)
UDF1 posts blind: 10
Qoker posts blind: 20
UDF1 received [6h As]
Qoker received [7s Ac]
UDF1 raises to 337
Qoker folds
UDF1 awarded 20
Qoker awarded -20

Round #533, Qoker (195948), UDF1 (-195948)
Qoker posts blind: 10
UDF1 posts blind: 20
Qoker received [9d 3h]
UDF1 received [Ks 6s]
Qoker calls
UDF1 checks
Flop [5h 5c 2c], Qoker (20), UDF1 (20)
UDF1 bids 12
Qoker bids 3
UDF1 won the auction and was revealed [9d]
Flop [5h 5c 2c], Qoker (20), UDF1 (23)
UDF1 bets 2969
Qoker calls
Turn [5h 5c 2c 7c], Qoker (2989), UDF1 (2992)
UDF1 bets 1057
Qoker calls
River [5h 5c 2c 7c Ts], Qoker (4046), UDF1 (4049)
UDF1 bets 459
Qoker calls
Qoker shows [9d 3h]
UDF1 shows [Ks 6s]
Qoker awarded -4505
UDF1 awarded 4505

Round #534, UDF1 (-191443), Qoker (191443)
UDF1 posts blind: 10
Qoker posts blind: 20
UDF1 received [Jc As]
Qoker received [8h 2c]
UDF1 raises to 3455
Qoker folds
UDF1 awarded 20
Qoker awarded -20

Round #535, Qoker (191423), UDF1 (-191423)
Qoker posts blind: 10
UDF1 posts blind: 20
Qoker received [Jc Kd]
UDF1 received [Qh Kc]
Qoker calls
UDF1 raises to 3747
Qoker calls
Flop [Ks 8d 8s], Qoker (3747), UDF1 (3747)
UDF1 bids 5
Qoker bids 1253
Qoker won the auction and was revealed [Qh]
Flop [Ks 8d 8s], Qoker (3752), UDF1 (3747)
UDF1 bets 802
Qoker calls
Turn [Ks 8d 8s 5c], Qoker (4554), UDF1 (4549)
UDF1 bets 306
Qoker calls
River [Ks 8d 8s 5c 7c], Qoker (4860), UDF1 (4855)
UDF1 bets 91
Qoker calls
Qoker shows [Jc Kd]
UDF1 shows [Qh Kc]
Qoker awarded -4951
UDF1 awarded 4951

Round #536, UDF1 (-186472), Qoker (186472)
UDF1 posts blind: 10
Qoker posts blind: 20
UDF1 received [4c 7d]
Qoker received [Td As]
UDF1 calls
Qoker checks
Flop [Ac Js Qd], UDF1 (20), Qoker (20)
Qoker bids 4
UDF1 bids 16
UDF1 won the auction and was revealed [Td]
Flop [Ac Js Qd], UDF1 (24), Qoker (20)
Qoker bets 29
UDF1 folds
UDF1 awarded -24
Qoker awarded 24

Round #537, Qoker (186496), UDF1 (-186496)
Qoker posts blind: 10
UDF1 posts blind: 20
Qoker received [4h Ts]
UDF1 received [8d 5s]
Qoker calls
UDF1 raises to 337
Qoker folds
Qoker awarded -20
UDF1 awarded 20

Round #538, UDF1 (-186476), Qoker (186476)
UDF1 posts blind: 10
Qoker posts blind: 20
UDF1 received [Ks 7d]
Qoker received [8s Qd]
UDF1 folds
UDF1 awarded -10
Qoker awarded 10

Round #539, Qoker (186486), UDF1 (-186486)
Qoker posts blind: 10
UDF1 posts blind: 20
Qoker received [Qd 5c]
UDF1 received [Kh 7s]
Qoker calls
UDF1 checks
Flop [Ts Qs 4c], Qoker (20), UDF1 (20)
UDF1 bids 5
Qoker bids 7
Qoker won the auction and was revealed [7s]
Flop [Ts Qs 4c], Qoker (25), UDF1 (20)
UDF1 bets 2861
Qoker calls
Turn [Ts Qs 4c 4d], Qoker (2886), UDF1 (2881)
UDF1 bets 1109
Qoker calls
River [Ts Qs 4c 4d 8s], Qoker (3995), UDF1 (3990)
UDF1 bets 386
Qoker calls
Qoker shows [Qd 5c]
UDF1 shows [Kh 7s]
Qoker awarded 4376
UDF1 awarded -4376

Round #540, UDF1 (-190862), Qoker (190862)
UDF1 posts blind: 10
Qoker posts blind: 20
UDF1 received [6h Ad]
Qoker received [4c 9s]
UDF1 calls
Qoker checks
Flop [4d 9h Jc], UDF1 (20), Qoker (20)
Qoker bids 6
UDF1 bids 7
UDF1 won the auction and was revealed [9s]
Flop [4d 9h Jc], UDF1 (26), Qoker (20)
Qoker bets 29
UDF1 folds
UDF1 awarded -26
Qoker awarded 26

Round #541, Qoker (190888), UDF1 (-190888)
Qoker posts blind: 10
UDF1 posts blind: 20
Qoker received [7h 6s]
UDF1 received [2s 7s]
Qoker calls
UDF1 checks
Flop [9d Ah 8c], Qoker (20), UDF1 (20)
UDF1 bids 4
Qoker bids 4
Qoker won the auction and was revealed [2s]
UDF1 won the auction and was revealed [7h]
Flop [9d Ah 8c], Qoker (24), UDF1 (24)
UDF1 bets 2258
Qoker calls
Turn [9d Ah 8c 4d], Qoker (2282), UDF1 (2282)
UDF1 bets 1223
Qoker calls
River [9d Ah 8c 4d 3s], Qoker (3505), UDF1 (3505)
UDF1 bets 574
Qoker calls
Qoker shows [7h 6s]
UDF1 shows [2s 7s]
Qoker awarded 4079
UDF1 awarded -4079

Round #542, UDF1 (-194967), Qoker (194967)
UDF1 posts blind: 10
Qoker posts blind: 20
UDF1 received [5h Ah]
Qoker received [7s 8s]
UDF1 folds
UDF1 awarded -10
Qoker awarded 10

Round #543, Qoker (194977), UDF1 (-194977)
Qoker posts blind: 10
UDF1 posts blind: 20
Qoker received [8s Jh]
UDF1 received [8d Qs]
Qoker calls
UDF1 checks
Flop [9c 3h Td], Qoker (20), UDF1 (20)
UDF1 bids 9
Qoker bids 5
UDF1 won the auction and was revealed [8s]
Flop [9c 3h Td], Qoker (20), UDF1 (25)
UDF1 bets 2902
Qoker folds
Qoker awarded -20
UDF1 awarded 20

Round #544, UDF1 (-194957), Qoker (194957)
UDF1 posts blind: 10
Qoker posts blind: 20
UDF1 received [3s 2h]
Qoker received [Ts Kc]
UDF1 calls
Qoker checks
Flop [8c Td 8s], UDF1 (20), Qoker (20)
Qoker bids 5
UDF1 bids 13
UDF1 won the auction and was revealed [Ts]
Flop [8c Td 8s], UDF1 (25), Qoker (20)
Qoker bets 23
UDF1 folds
UDF1 awarded -25
Qoker awarded 25

Round #545, Qoker (194982), UDF1 (-194982)
Qoker posts blind: 10
UDF1 posts blind: 20
Qoker received [7h 8s]
UDF1 received [9h Js]
Qoker calls
UDF1 checks
Flop [Th As 3h], Qoker (20), UDF1 (20)
UDF1 bids 11
Qoker bids 5
UDF1 won the auction and was revealed [8s]
Flop [Th As 3h], Qoker (20), UDF1 (25)
UDF1 bets 2758
Qoker folds
Qoker awarded -20
UDF1 awarded 20

Round #546, UDF1 (-194962), Qoker (194962)
UDF1 posts blind: 10
Qoker posts blind: 20
UDF1 received [4d Tc]
Qoker received [As Kc]
UDF1 calls
Qoker checks
Flop [Ac 2d 8c], UDF1 (20), Qoker (20)
Qoker bids 5
UDF1 bids 12
UDF1 won the auction and was revealed [As]
Flop [Ac 2d 8c], UDF1 (25), Qoker (20)
Qoker bets 27
UDF1 folds
UDF1 awarded -25
Qoker awarded 25

Round #547, Qoker (194987), UDF1 (-194987)
Qoker posts blind: 10
UDF1 posts blind: 20
Qoker received [As 6h]
UDF1 received [6s Js]
Qoker calls
UDF1 checks
Flop [Kh 9c 4d], Qoker (20), UDF1 (20)
UDF1 bids 11
Qoker bids 3
UDF1 won the auction and was revealed [6h]
Flop [Kh 9c 4d], Qoker (20), UDF1 (23)
UDF1 bets 3028
Qoker folds
Qoker awarded -20
UDF1 awarded 20

Round #548, UDF1 (-194967), Qoker (194967)
UDF1 posts blind: 10
Qoker posts blind: 20
UDF1 received [9h 7h]
Qoker received [7c Qd]
UDF1 raises to 337
Qoker folds
UDF1 awarded 20
Qoker awarded -20

Round #549, Qoker (194947), UDF1 (-194947)
Qoker posts blind: 10
UDF1 posts blind: 20
Qoker received [Qs 7s]
UDF1 received [3h 8s]
Qoker calls
UDF1 checks
Flop [5h 7c 6c], Qoker (20), UDF1 (20)
UDF1 bids 14
Qoker bids 4
UDF1 won the auction and was revealed [7s]
Flop [5h 7c 6c], Qoker (20), UDF1 (24)
UDF1 bets 2499
Qoker calls
Turn [5h 7c 6c 9h], Qoker (2519), UDF1 (2523)
UDF1 bets 1706
Qoker calls
River [5h 7c 6c 9h Jh], Qoker (4225), UDF1 (4229)
UDF1 bets 466
Qoker calls
Qoker shows [Qs 7s]
UDF1 shows [3h 8s]
Qoker awarded -4691
UDF1 awarded 4691

Round #550, UDF1 (-190256), Qoker (190256)
UDF1 posts blind: 10
Qoker posts blind: 20
UDF1 received [3h Kd]
Qoker received [Kh 5d]
UDF1 calls
Qoker checks
Flop [Th 6d Jh], UDF1 (20), Qoker (20)
Qoker bids 0
UDF1 bids 7
UDF1 won the auction and was revealed [5d]
Flop [Th 6d Jh], UDF1 (20), Qoker (20)
Qoker checks
UDF1 bets 2995
Qoker folds
UDF1 awarded 20
Qoker awarded -20

Round #551, Qoker (190236), UDF1 (-190236)
Qoker posts blind: 10
UDF1 posts blind: 20
Qoker received [2d 2h]
UDF1 received [6c Kd]
Qoker calls
UDF1 raises to 337
Qoker calls
Flop [Qd Tc Ad], Qoker (337), UDF1 (337)
UDF1 bids 14
Qoker bids 80
Qoker won the auction and was revealed [6c]
Flop [Qd Tc Ad], Qoker (351), UDF1 (337)
UDF1 bets 2726
Qoker calls
Turn [Qd Tc Ad 7c], Qoker (3077), UDF1 (3063)
UDF1 bets 981
Qoker calls
River [Qd Tc Ad 7c Ts], Qoker (4058), UDF1 (4044)
UDF1 bets 519
Qoker raises to 942
UDF1 calls
Qoker shows [2d 2h]
UDF1 shows [6c Kd]
Qoker awarded 4986
UDF1 awarded -4986

Round #552, UDF1 (-195222), Qoker (195222)
UDF1 posts blind: 10
Qoker posts blind: 20
UDF1 received [Kd Tc]
Qoker received [8h Kh]
UDF1 calls
Qoker checks
Flop [Qh 2c Kc], UDF1 (20), Qoker (20)
Qoker bids 5
UDF1 bids 16
UDF1 won the auction and was revealed [Kh]
Flop [Qh 2c Kc], UDF1 (25), Qoker (20)
Qoker checks
UDF1 bets 3271
Qoker calls
Turn [Qh 2c Kc 9h], UDF1 (3296), Qoker (3291)
Qoker checks
UDF1 bets 1063
Qoker calls
River [Qh 2c Kc 9h 2h], UDF1 (4359), Qoker (4354)
Qoker bets 641
UDF1 calls
UDF1 shows [Kd Tc]
Qoker shows [8h Kh]
UDF1 awarded -5000
Qoker awarded 5000

Round #553, Qoker (200222), UDF1 (-200222)
Qoker posts blind: 10
UDF1 posts blind: 20
Qoker received [2s 5c]
UDF1 received [9d 9c]
Qoker calls
UDF1 raises to 3754
Qoker folds
Qoker awarded -20
UDF1 awarded 20

Round #554, UDF1 (-200202), Qoker (200202)
UDF1 posts blind: 10
Qoker posts blind: 20
UDF1 received [6h 8s]
Qoker received [Ts Qh]
UDF1 folds
UDF1 awarded -10
Qoker awarded 10

Round #555, Qoker (200212), UDF1 (-200212)
Qoker posts blind: 10
UDF1 posts blind: 20
Qoker received [7c Qh]
UDF1 received [Kh 9d]
Qoker calls
UDF1 raises to 337
Qoker folds
Qoker awarded -20
UDF1 awarded 20

Round #556, UDF1 (-200192), Qoker (200192)
UDF1 posts blind: 10
Qoker posts blind: 20
UDF1 received [4h Jd]
Qoker received [5d 5s]
UDF1 calls
Qoker checks
Flop [7h 3d 7d], UDF1 (20), Qoker (20)
Qoker bids 5
UDF1 bids 10
UDF1 won the auction and was revealed [5d]
Flop [7h 3d 7d], UDF1 (25), Qoker (20)
Qoker bets 23
UDF1 calls
Turn [7h 3d 7d Th], UDF1 (48), Qoker (43)
Qoker bets 50
UDF1 calls
River [7h 3d 7d Th 3c], UDF1 (98), Qoker (93)
Qoker bets 131
UDF1 calls
UDF1 shows [4h Jd]
Qoker shows [5d 5s]
UDF1 awarded -229
Qoker awarded 229

Round #557, Qoker (200421), UDF1 (-200421)
Qoker posts blind: 10
UDF1 posts blind: 20
Qoker received [Kc Ah]
UDF1 received [3d Tc]
Qoker calls
UDF1 checks
Flop [Qc 4h 7h], Qoker (20), UDF1 (20)
UDF1 bids 16
Qoker bids 2
UDF1 won the auction and was revealed [Ah]
Flop [Qc 4h 7h], Qoker (20), UDF1 (22)
UDF1 bets 2065
Qoker folds
Qoker awarded -20
UDF1 awarded 20

Round #558, UDF1 (-200401), Qoker (200401)
UDF1 posts blind: 10
Qoker posts blind: 20
UDF1 received [5h 9c]
Qoker received [3h 4h]
UDF1 folds
UDF1 awarded -10
Qoker awarded 10

Round #559, Qoker (200411), UDF1 (-200411)
Qoker posts blind: 10
UDF1 posts blind: 20
Qoker received [8h Qc]
UDF1 received [Ks As]
Qoker calls
UDF1 raises to 4500
Qoker folds
Qoker awarded -20
UDF1 awarded 20

Round #560, UDF1 (-200391), Qoker (200391)
UDF1 posts blind: 10
Qoker posts blind: 20
UDF1 received [8s 2s]
Qoker received [Kd 9d]
UDF1 calls
Qoker checks
Flop [9s Jd 9h], UDF1 (20), Qoker (20)
Qoker bids 4
UDF1 bids 0
Qoker won the auction and was revealed [8s]
Flop [9s Jd 9h], UDF1 (20), Qoker (20)
Qoker bets 33
UDF1 folds
UDF1 awarded -20
Qoker awarded 20

Round #561, Qoker (200411), UDF1 (-200411)
Qoker posts blind: 10
UDF1 posts blind: 20
Qoker received [4c 9s]
UDF1 received [Ac 6d]
Qoker calls
UDF1 raises to 337
Qoker folds
Qoker awarded -20
UDF1 awarded 20

Round #562, UDF1 (-200391), Qoker (200391)
UDF1 posts blind: 10
Qoker posts blind: 20
UDF1 received [2h Tc]
Qoker received [Jd 4c]
UDF1 folds
UDF1 awarded -10
Qoker awarded 10

Round #563, Qoker (200401), UDF1 (-200401)
Qoker posts blind: 10
UDF1 posts blind: 20
Qoker received [6c Qc]
UDF1 received [9h Td]
Qoker calls
UDF1 checks
Flop [Jc 3d 7s], Qoker (20), UDF1 (20)
UDF1 bids 14
Qoker bids 0
UDF1 won the auction and was revealed [Qc]
Flop [Jc 3d 7s], Qoker (20), UDF1 (20)
UDF1 bets 2421
Qoker folds
Qoker awarded -20
UDF1 awarded 20

Round #564, UDF1 (-200381), Qoker (200381)
UDF1 posts blind: 10
Qoker posts blind: 20
UDF1 received [Kh 9s]
Qoker received [Kc Ah]
UDF1 folds
UDF1 awarded -10
Qoker awarded 10

Round #565, Qoker (200391), UDF1 (-200391)
Qoker posts blind: 10
UDF1 posts blind: 20
Qoker received [5d Qh]
UDF1 received [2s Kd]
Qoker calls
UDF1 raises to 337
Qoker folds
Qoker awarded -20
UDF1 awarded 20

Round #566, UDF1 (-200371), Qoker (200371)
UDF1 posts blind: 10
Qoker posts blind: 20
UDF1 received [6h Tc]
Qoker received [5d Td]
UDF1 folds
UDF1 awarded -10
Qoker awarded 10

Round #567, Qoker (200381), UDF1 (-200381)
Qoker posts blind: 10
UDF1 posts blind: 20
Qoker received [5h Qh]
UDF1 received [9d Th]
Qoker calls
UDF1 checks
Flop [Ks 7c Ac], Qoker (20), UDF1 (20)
UDF1 bids 15
Qoker bids 4
UDF1 won the auction and was revealed [Qh]
Flop [Ks 7c Ac], Qoker (20), UDF1 (24)
UDF1 bets 2487
Qoker folds
Qoker awarded -20
UDF1 awarded 20

Round #568, UDF1 (-200361), Qoker (200361)
UDF1 posts blind: 10
Qoker posts blind: 20
UDF1 received [Kc 5h]
Qoker received [5d 9c]
UDF1 folds
UDF1 awarded -10
Qoker awarded 10

Round #569, Qoker (200371), UDF1 (-200371)
Qoker posts blind: 10
UDF1 posts blind: 20
Qoker received [Kh Qs]
UDF1 received [5h Jh]
Qoker calls
UDF1 checks
Flop [As 9s 9h], Qoker (20), UDF1 (20)
UDF1 bids 16
Qoker bids 7
UDF1 won the auction and was revealed [Qs]
Flop [As 9s 9h], Qoker (20), UDF1 (27)
UDF1 bets 2082
Qoker calls
Turn [As 9s 9h 8d], Qoker (2102), UDF1 (2109)
UDF1 bets 1166
Qoker calls
River [As 9s 9h 8d 2d], Qoker (3268), UDF1 (3275)
UDF1 bets 631
Qoker calls
Qoker shows [Kh Qs]
UDF1 shows [5h Jh]
Qoker awarded 3906
UDF1 awarded -3906

Round #570, UDF1 (-204277), Qoker (204277)
UDF1 posts blind: 10
Qoker posts blind: 20
UDF1 received [Jc 3c]
Qoker received [6h Td]
UDF1 calls
Qoker checks
Flop [4d 5d 6s], UDF1 (20), Qoker (20)
Qoker bids 3
UDF1 bids 9
UDF1 won the auction and was revealed [6h]
Flop [4d 5d 6s], UDF1 (23), Qoker (20)
Qoker checks
UDF1 bets 2645
Qoker calls
Turn [4d 5d 6s 5c], UDF1 (2668), Qoker (2665)
Qoker bets 2332
UDF1 folds
UDF1 awarded -2668
Qoker awarded 2668

Round #571, Qoker (206945), UDF1 (-206945)
Qoker posts blind: 10
UDF1 posts blind: 20
Qoker received [4d Jh]
UDF1 received [Ts 4h]
Qoker calls
UDF1 checks
Flop [Kd Qc 8d], Qoker (20), UDF1 (20)
UDF1 bids 7
Qoker bids 0
UDF1 won the auction and was revealed [4d]
Flop [Kd Qc 8d], Qoker (20), UDF1 (20)
UDF1 bets 3086
Qoker folds
Qoker awarded -20
UDF1 awarded 20

Round #572, UDF1 (-206925), Qoker (206925)
UDF1 posts blind: 10
Qoker posts blind: 20
UDF1 received [Ts 8d]
Qoker received [Qh 3s]
UDF1 calls
Qoker checks
Flop [7h 2d 7s], UDF1 (20), Qoker (20)
Qoker bids 2
UDF1 bids 8
UDF1 won the auction and was revealed [Qh]
Flop [7h 2d 7s], UDF1 (22), Qoker (20)
Qoker checks
UDF1 bets 2456
Qoker calls
Turn [7h 2d 7s 9s], UDF1 (2478), Qoker (2476)
Qoker checks
UDF1 bets 1234
Qoker calls
River [7h 2d 7s 9s 8s], UDF1 (3712), Qoker (3710)
Qoker checks
UDF1 bets 640
Qoker calls
UDF1 shows [Ts 8d]
Qoker shows [Qh 3s]
UDF1 awarded 4350
Qoker awarded -4350

Round #573, Qoker (202575), UDF1 (-202575)
Qoker posts blind: 10
UDF1 posts blind: 20
Qoker received [3h 4s]
UDF1 received [3c 6h]
Qoker calls
UDF1 raises to 337
Qoker folds
Qoker awarded -20
UDF1 awarded 20

Round #574, UDF1 (-202555), Qoker (202555)
UDF1 posts blind: 10
Qoker posts blind: 20
UDF1 received [3d 8c]
Qoker received [Qh 9h]
UDF1 raises to 337
Qoker calls
Flop [Ac Jc 4d], UDF1 (337), Qoker (337)
Qoker bids 67
UDF1 bids 9
Qoker won the auction and was revealed [3d]
Flop [Ac Jc 4d], UDF1 (337), Qoker (346)
Qoker bets 376
UDF1 folds
UDF1 awarded -337
Qoker awarded 337

Round #575, Qoker (202892), UDF1 (-202892)
Qoker posts blind: 10
UDF1 posts blind: 20
Qoker received [4d Kd]
UDF1 received [2d Ad]
Qoker calls
UDF1 checks
Flop [8d 2s Kh], Qoker (20), UDF1 (20)
UDF1 bids 15
Qoker bids 7
UDF1 won the auction and was revealed [Kd]
Flop [8d 2s Kh], Qoker (20), UDF1 (27)
UDF1 bets 2471
Qoker calls
Turn [8d 2s Kh 4h], Qoker (2491), UDF1 (2498)
UDF1 bets 1274
Qoker calls
River [8d 2s Kh 4h Kc], Qoker (3765), UDF1 (3772)
UDF1 bets 504
Qoker raises to 1228
UDF1 folds
Qoker awarded 4276
UDF1 awarded -4276

Round #576, UDF1 (-207168), Qoker (207168)
UDF1 posts blind: 10
Qoker posts blind: 20
UDF1 received [Ah 9h]
Qoker received [8c 6c]
UDF1 calls
Qoker checks
Flop [4d Jh Js], UDF1 (20), Qoker (20)
Qoker bids 5
UDF1 bids 7
UDF1 won the auction and was revealed [8c]
Flop [4d Jh Js], UDF1 (25), Qoker (20)
Qoker bets 29
UDF1 raises to 3065
Qoker calls
Turn [4d Jh Js 8d], UDF1 (3090), Qoker (3085)
Qoker bets 1910
UDF1 folds
UDF1 awarded -3090
Qoker awarded 3090

Round #577, Qoker (210258), UDF1 (-210258)
Qoker posts blind: 10
UDF1 posts blind: 20
Qoker received [7s Jd]
UDF1 received [Ks Qs]
Qoker calls
UDF1 raises to 3554
Qoker folds
Qoker awarded -20
UDF1 awarded 20

Round #578, UDF1 (-210238), Qoker (210238)
UDF1 posts blind: 10
Qoker posts blind: 20
UDF1 received [8h 8d]
Qoker received [9h 6d]
UDF1 raises to 3772
Qoker folds
UDF1 awarded 20
Qoker awarded -20

Round #579, Qoker (210218), UDF1 (-210218)
Qoker posts blind: 10
UDF1 posts blind: 20
Qoker received [8h 2s]
UDF1 received [8c 6h]
Qoker calls
UDF1 checks
Flop [Kh 7s 7h], Qoker (20), UDF1 (20)
UDF1 bids 14
Qoker bids 5
UDF1 won the auction and was revealed [8h]
Flop [Kh 7s 7h], Qoker (20), UDF1 (25)
UDF1 bets 2574
Qoker calls
Turn [Kh 7s 7h 7c], Qoker (2594), UDF1 (2599)
UDF1 bets 1207
Qoker raises to 2401
UDF1 calls
River [Kh 7s 7h 7c 9s], Qoker (4995), UDF1 (5000)
UDF1 checks
Qoker checks
Qoker shows [8h 2s]
UDF1 shows [8c 6h]
Qoker awarded 2
UDF1 awarded -2

Round #580, UDF1 (-210220), Qoker (210220)
UDF1 posts blind: 10
Qoker posts blind: 20
UDF1 received [5s 9h]
Qoker received [Ts Qc]
UDF1 calls
Qoker checks
Flop [Ad Kh Kd], UDF1 (20), Qoker (20)
Qoker bids 4
UDF1 bids 15
UDF1 won the auction and was revealed [Qc]
Flop [Ad Kh Kd], UDF1 (24), Qoker (20)
Qoker bets 25
UDF1 folds
UDF1 awarded -24
Qoker awarded 24

Round #581, Qoker (210244), UDF1 (-210244)
Qoker posts blind: 10
UDF1 posts blind: 20
Qoker received [Kh 6c]
UDF1 received [Ac 3c]
Qoker calls
UDF1 checks
Flop [Jd Ah 8s], Qoker (20), UDF1 (20)
UDF1 bids 10
Qoker bids 2
UDF1 won the auction and was revealed [6c]
Flop [Jd Ah 8s], Qoker (20), UDF1 (22)
UDF1 bets 3656
Qoker folds
Qoker awarded -20
UDF1 awarded 20

Round #582, UDF1 (-210224), Qoker (210224)
UDF1 posts blind: 10
Qoker posts blind: 20
UDF1 received [Jd Ks]
Qoker received [3s 6s]
UDF1 raises to 1471
Qoker folds
UDF1 awarded 20
Qoker awarded -20

Round #583, Qoker (210204), UDF1 (-210204)
Qoker posts blind: 10
UDF1 posts blind: 20
Qoker received [Js Kc]
UDF1 received [Qd 4c]
Qoker calls
UDF1 checks
Flop [6s 4s 8h], Qoker (20), UDF1 (20)
UDF1 bids 9
Qoker bids 0
UDF1 won the auction and was revealed [Js]
Flop [6s 4s 8h], Qoker (20), UDF1 (20)
UDF1 bets 2577
Qoker folds
Qoker awarded -20
UDF1 awarded 20

Round #584, UDF1 (-210184), Qoker (210184)
UDF1 posts blind: 10
Qoker posts blind: 20
UDF1 received [3h 8d]
Qoker received [8h 8s]
UDF1 folds
UDF1 awarded -10
Qoker awarded 10

Round #585, Qoker (210194), UDF1 (-210194)
Qoker posts blind: 10
UDF1 posts blind: 20
Qoker received [3d 4c]
UDF1 received [6s Jh]
Qoker calls
UDF1 raises to 337
Qoker folds
Qoker awarded -20
UDF1 awarded 20

Round #586, UDF1 (-210174), Qoker (210174)
UDF1 posts blind: 10
Qoker posts blind: 20
UDF1 received [6h Js]
Qoker received [2s 8h]
UDF1 folds
UDF1 awarded -10
Qoker awarded 10

Round #587, Qoker (210184), UDF1 (-210184)
Qoker posts blind: 10
UDF1 posts blind: 20
Qoker received [3d 7h]
UDF1 received [3h 7d]
Qoker calls
UDF1 raises to 337
Qoker folds
Qoker awarded -20
UDF1 awarded 20

Round #588, UDF1 (-210164), Qoker (210164)
UDF1 posts blind: 10
Qoker posts blind: 20
UDF1 received [Jh 5c]
Qoker received [2s 3c]
UDF1 calls
Qoker checks
Flop [4c 6h 9d], UDF1 (20), Qoker (20)
Qoker bids 0
UDF1 bids 8
UDF1 won the auction and was revealed [2s]
Flop [4c 6h 9d], UDF1 (20), Qoker (20)
Qoker checks
UDF1 bets 3050
Qoker folds
UDF1 awarded 20
Qoker awarded -20

Round #589, Qoker (210144), UDF1 (-210144)
Qoker posts blind: 10
UDF1 posts blind: 20
Qoker received [Kd 3d]
UDF1 received [7s Jd]
Qoker calls
UDF1 checks
Flop [8c Kc Js], Qoker (20), UDF1 (20)
UDF1 bids 15
Qoker bids 4
UDF1 won the auction and was revealed [3d]
Flop [8c Kc Js], Qoker (20), UDF1 (24)
UDF1 bets 3129
Qoker calls
Turn [8c Kc Js 4d], Qoker (3149), UDF1 (3153)
UDF1 bets 1295
Qoker calls
River [8c Kc Js 4d 7d], Qoker (4444), UDF1 (4448)
UDF1 bets 397
Qoker calls
Qoker shows [Kd 3d]
UDF1 shows [7s Jd]
Qoker awarded -4841
UDF1 awarded 4841

Round #590, UDF1 (-205303), Qoker (205303)
UDF1 posts blind: 10
Qoker posts blind: 20
UDF1 received [Ts 3c]
Qoker received [Jc Ad]
UDF1 raises to 337
Qoker calls
Flop [8d Jd 7h], UDF1 (337), Qoker (337)
Qoker bids 97
UDF1 bids 8
Qoker won the auction and was revealed [Ts]
Flop [8d Jd 7h], UDF1 (337), Qoker (345)
Qoker bets 608
UDF1 folds
UDF1 awarded -337
Qoker awarded 337

Round #591, Qoker (205640), UDF1 (-205640)
Qoker posts blind: 10
UDF1 posts blind: 20
Qoker received [9d 2d]
UDF1 received [9s 2s]
Qoker calls
UDF1 checks
Flop [8d 9c 4h], Qoker (20), UDF1 (20)
UDF1 bids 13
Qoker bids 6
UDF1 won the auction and was revealed [9d]
Flop [8d 9c 4h], Qoker (20), UDF1 (26)
UDF1 bets 2699
Qoker calls
Turn [8d 9c 4h 4s], Qoker (2719), UDF1 (2725)
UDF1 bets 1100
Qoker calls
River [8d 9c 4h 4s Js], Qoker (3819), UDF1 (3825)
UDF1 bets 515
Qoker calls
Qoker shows [9d 2d]
UDF1 shows [9s 2s]
Qoker awarded 3
UDF1 awarded -3

Round #592, UDF1 (-205643), Qoker (205643)
UDF1 posts blind: 10
Qoker posts blind: 20
UDF1 received [Qh 2h]
Qoker received [3c Qc]
UDF1 folds
UDF1 awarded -10
Qoker awarded 10

Round #593, Qoker (205653), UDF1 (-205653)
Qoker posts blind: 10
UDF1 posts blind: 20
Qoker received [Js 7h]
UDF1 received [8d Tc]
Qoker calls
UDF1 checks
Flop [4d 6s 5c], Qoker (20), UDF1 (20)
UDF1 bids 11
Qoker bids 5
UDF1 won the auction and was revealed [7h]
Flop [4d 6s 5c], Qoker (20), UDF1 (25)
UDF1 bets 2396
Qoker calls
Turn [4d 6s 5c Jd], Qoker (2416), UDF1 (2421)
UDF1 bets 1389
Qoker calls
River [4d 6s 5c Jd 2h], Qoker (3805), UDF1 (3810)
UDF1 bets 549
Qoker calls
Qoker shows [Js 7h]
UDF1 shows [8d Tc]
Qoker awarded 4359
UDF1 awarded -4359

Round #594, UDF1 (-210012), Qoker (210012)
UDF1 posts blind: 10
Qoker posts blind: 20
UDF1 received [Qs 9d]
Qoker received [Td 5h]
UDF1 folds
UDF1 awarded -10
Qoker awarded 10

Round #595, Qoker (210022), UDF1 (-210022)
Qoker posts blind: 10
UDF1 posts blind: 20
Qoker received [7s 4c]
UDF1 received [7h Jd]
Qoker calls
UDF1 checks
Flop [Th 6d 4s], Qoker (20), UDF1 (20)
UDF1 bids 6
Qoker bids 5
UDF1 won the auction and was revealed [7s]
Flop [Th 6d 4s], Qoker (20), UDF1 (25)
UDF1 bets 2951
Qoker calls
Turn [Th 6d 4s 2d], Qoker (2971), UDF1 (2976)
UDF1 bets 1026
Qoker calls
River [Th 6d 4s 2d Ac], Qoker (3997), UDF1 (4002)
UDF1 bets 567
Qoker calls
Qoker shows [7s 4c]
UDF1 shows [7h Jd]
Qoker awarded 4569
UDF1 awarded -4569

Round #596, UDF1 (-214591), Qoker (214591)
UDF1 posts blind: 10
Qoker posts blind: 20
UDF1 received [6s 2h]
Qoker received [9c 6c]
UDF1 folds
UDF1 awarded -10
Qoker awarded 10

Round #597, Qoker (214601), UDF1 (-214601)
Qoker posts blind: 10
UDF1 posts blind: 20
Qoker received [9h Qs]
UDF1 received [Kd Ts]
Qoker calls
UDF1 checks
Flop [Tc Ac 9d], Qoker (20), UDF1 (20)
UDF1 bids 15
Qoker bids 5
UDF1 won the auction and was revealed [Qs]
Flop [Tc Ac 9d], Qoker (20), UDF1 (25)
UDF1 bets 3387
Qoker calls
Turn [Tc Ac 9d 9s], Qoker (3407), UDF1 (3412)
UDF1 bets 827
Qoker raises to 1588
UDF1 calls
River [Tc Ac 9d 9s Th], Qoker (4995), UDF1 (5000)
UDF1 checks
Qoker checks
Qoker shows [9h Qs]
UDF1 shows [Kd Ts]
Qoker awarded -4995
UDF1 awarded 4995

Round #598, UDF1 (-209606), Qoker (209606)
UDF1 posts blind: 10
Qoker posts blind: 20
UDF1 received [Qh Tc]
Qoker received [3s 5c]
UDF1 calls
Qoker checks
Flop [6h 8c Qc], UDF1 (20), Qoker (20)
Qoker bids 0
UDF1 bids 6
UDF1 won the auction and was revealed [3s]
Flop [6h 8c Qc], UDF1 (20), Qoker (20)
Qoker checks
UDF1 bets 3670
Qoker folds
UDF1 awarded 20
Qoker awarded -20

Round #599, Qoker (209586), UDF1 (-209586)
Qoker posts blind: 10
UDF1 posts blind: 20
Qoker received [7s 6h]
UDF1 received [5d Qc]
Qoker calls
UDF1 raises to 337
Qoker folds
Qoker awarded -20
UDF1 awarded 20

Round #600, UDF1 (-209566), Qoker (209566)
UDF1 posts blind: 10
Qoker posts blind: 20
UDF1 received [Tc 2s]
Qoker received [4d Js]
UDF1 calls
Qoker checks
Flop [6c Jc Kd], UDF1 (20), Qoker (20)
Qoker bids 9
UDF1 bids 10
UDF1 won the auction and was revealed [Js]
Flop [6c Jc Kd], UDF1 (29), Qoker (20)
Qoker checks
UDF1 bets 2335
Qoker calls
Turn [6c Jc Kd 3h], UDF1 (2364), Qoker (2355)
Qoker bets 2636
UDF1 folds
UDF1 awarded -2364
Qoker awarded 2364

Round #601, Qoker (211930), UDF1 (-211930)
Qoker posts blind: 10
UDF1 posts blind: 20
Qoker received [9c 8d]
UDF1 received [Kh Kc]
Qoker calls
UDF1 raises to 4746
Qoker folds
Qoker awarded -20
UDF1 awarded 20

Round #602, UDF1 (-211910), Qoker (211910)
UDF1 posts blind: 10
Qoker posts blind: 20
UDF1 received [5c 2d]
Qoker received [3s 9h]
UDF1 folds
UDF1 awarded -10
Qoker awarded 10

Round #603, Qoker (211920), UDF1 (-211920)
Qoker posts blind: 10
UDF1 posts blind: 20
Qoker received [8s 4c]
UDF1 received [As Qh]
Qoker calls
UDF1 raises to 3611
Qoker folds
Qoker awarded -20
UDF1 awarded 20

Round #604, UDF1 (-211900), Qoker (211900)
UDF1 posts blind: 10
Qoker posts blind: 20
UDF1 received [4d 5h]
Qoker received [8s Jc]
UDF1 calls
Qoker checks
Flop [2c Ad 5s], UDF1 (20), Qoker (20)
Qoker bids 2
UDF1 bids 8
UDF1 won the auction and was revealed [Jc]
Flop [2c Ad 5s], UDF1 (22), Qoker (20)
Qoker checks
UDF1 bets 3340
Qoker folds
UDF1 awarded 20
Qoker awarded -20

Round #605, Qoker (211880), UDF1 (-211880)
Qoker posts blind: 10
UDF1 posts blind: 20
Qoker received [Kd 8c]
UDF1 received [4c Ah]
Qoker calls
UDF1 raises to 337
Qoker folds
Qoker awarded -20
UDF1 awarded 20

Round #606, UDF1 (-211860), Qoker (211860)
UDF1 posts blind: 10
Qoker posts blind: 20
UDF1 received [6s 8h]
Qoker received [2h Ah]
UDF1 folds
UDF1 awarded -10
Qoker awarded 10

Round #607, Qoker (211870), UDF1 (-211870)
Qoker posts blind: 10
UDF1 posts blind: 20
Qoker received [Ad Js]
UDF1 received [Th 2h]
Qoker calls
UDF1 checks
Flop [9d Jh 9c], Qoker (20), UDF1 (20)
UDF1 bids 15
Qoker bids 7
UDF1 won the auction and was revealed [Ad]
Flop [9d Jh 9c], Qoker (20), UDF1 (27)
UDF1 bets 2174
Qoker calls
Turn [9d Jh 9c Td], Qoker (2194), UDF1 (2201)
UDF1 bets 1532
Qoker calls
River [9d Jh 9c Td 6h], Qoker (3726), UDF1 (3733)
UDF1 bets 750
Qoker calls
Qoker shows [Ad Js]
UDF1 shows [Th 2h]
Qoker awarded 4483
UDF1 awarded -4483

Round #608, UDF1 (-216353), Qoker (216353)
UDF1 posts blind: 10
Qoker posts blind: 20
UDF1 received [7d 2h]
Qoker received [3s 6h]
UDF1 calls
Qoker checks
Flop [6c 7c Td], UDF1 (20), Qoker (20)
Qoker bids 4
UDF1 bids 15
UDF1 won the auction and was revealed [6h]
Flop [6c 7c Td], UDF1 (24), Qoker (20)
Qoker checks
UDF1 bets 3256
Qoker calls
Turn [6c 7c Td Kc], UDF1 (3280), Qoker (3276)
Qoker checks
UDF1 bets 965
Qoker calls
River [6c 7c Td Kc 7s], UDF1 (4245), Qoker (4241)
Qoker bets 755
UDF1 calls
UDF1 shows [7d 2h]
Qoker shows [3s 6h]
UDF1 awarded 4996
Qoker awarded -4996

Round #609, Qoker (211357), UDF1 (-211357)
Qoker posts blind: 10
UDF1 posts blind: 20
Qoker received [5c Jd]
UDF1 received [9h 5h]
Qoker calls
UDF1 raises to 337
Qoker folds
Qoker awarded -20
UDF1 awarded 20

Round #610, UDF1 (-211337), Qoker (211337)
UDF1 posts blind: 10
Qoker posts blind: 20
UDF1 received [Kd 2h]
Qoker received [6c Jh]
UDF1 calls
Qoker checks
Flop [4d 5s Tc], UDF1 (20), Qoker (20)
Qoker bids 0
UDF1 bids 13
UDF1 won the auction and was revealed [Jh]
Flop [4d 5s Tc], UDF1 (20), Qoker (20)
Qoker checks
UDF1 bets 2816
Qoker folds
UDF1 awarded 20
Qoker awarded -20

Round #611, Qoker (211317), UDF1 (-211317)
Qoker posts blind: 10
UDF1 posts blind: 20
Qoker received [9d Qs]
UDF1 received [3c Qd]
Qoker calls
UDF1 raises to 337
Qoker folds
Qoker awarded -20
UDF1 awarded 20

Round #612, UDF1 (-211297), Qoker (211297)
UDF1 posts blind: 10
Qoker posts blind: 20
UDF1 received [2h 8d]
Qoker received [Ac 3s]
UDF1 calls
Qoker checks
Flop [As Th 9h], UDF1 (20), Qoker (20)
Qoker bids 6
UDF1 bids 8
UDF1 won the auction and was revealed [3s]
Flop [As Th 9h], UDF1 (26), Qoker (20)
Qoker bets 29
UDF1 calls
Turn [As Th 9h Ts], UDF1 (55), Qoker (49)
Qoker checks
UDF1 bets 2134
Qoker calls
River [As Th 9h Ts Kc], UDF1 (2189), Qoker (2183)
Qoker bets 2779
UDF1 folds
UDF1 awarded -2189
Qoker awarded 2189

Round #613, Qoker (213486), UDF1 (-213486)
Qoker posts blind: 10
UDF1 posts blind: 20
Qoker received [6s Qd]
UDF1 received [4h 4s]
Qoker calls
UDF1 checks
Flop [9h Kh Kd], Qoker (20), UDF1 (20)
UDF1 bids 9
Qoker bids 8
UDF1 won the auction and was revealed [6s]
Flop [9h Kh Kd], Qoker (20), UDF1 (28)
UDF1 bets 2628
Qoker calls
Turn [9h Kh Kd 6h], Qoker (2648), UDF1 (2656)
UDF1 bets 886
Qoker calls
River [9h Kh Kd 6h 5c], Qoker (3534), UDF1 (3542)
UDF1 bets 505
Qoker calls
Qoker shows [6s Qd]
UDF1 shows [4h 4s]
Qoker awarded 4047
UDF1 awarded -4047

Round #614, UDF1 (-217533), Qoker (217533)
UDF1 posts blind: 10
Qoker posts blind: 20
UDF1 received [5s Ac]
Qoker received [Ts 5h]
UDF1 folds
UDF1 awarded -10
Qoker awarded 10

Round #615, Qoker (217543), UDF1 (-217543)
Qoker posts blind: 10
UDF1 posts blind: 20
Qoker received [4c Tc]
UDF1 received [Ah Kc]
Qoker calls
UDF1 raises to 4541
Qoker folds
Qoker awarded -20
UDF1 awarded 20

Round #616, UDF1 (-217523), Qoker (217523)
UDF1 posts blind: 10
Qoker posts blind: 20
UDF1 received [Qs 8d]
Qoker received [6c Ad]
UDF1 raises to 337
Qoker folds
UDF1 awarded 20
Qoker awarded -20

Round #617, Qoker (217503), UDF1 (-217503)
Qoker posts blind: 10
UDF1 posts blind: 20
Qoker received [8c 8d]
UDF1 received [4d 3d]
Qoker calls
UDF1 checks
Flop [Kd Qd 9s], Qoker (20), UDF1 (20)
UDF1 bids 3
Qoker bids 5
Qoker won the auction and was revealed [3d]
Flop [Kd Qd 9s], Qoker (23), UDF1 (20)
UDF1 bets 2765
Qoker raises to 4977
UDF1 calls
Turn [Kd Qd 9s 8s], Qoker (5000), UDF1 (4997)
UDF1 checks
Qoker checks
River [Kd Qd 9s 8s 3s], Qoker (5000), UDF1 (4997)
UDF1 checks
Qoker checks
Qoker shows [8c 8d]
UDF1 shows [4d 3d]
Qoker awarded 4997
UDF1 awarded -4997

Round #618, UDF1 (-222500), Qoker (222500)
UDF1 posts blind: 10
Qoker posts blind: 20
UDF1 received [7d Ks]
Qoker received [Kh 2c]
UDF1 raises to 337
Qoker folds
UDF1 awarded 20
Qoker awarded -20

Round #619, Qoker (222480), UDF1 (-222480)
Qoker posts blind: 10
UDF1 posts blind: 20
Qoker received [4h 6c]
UDF1 received [Ts Qd]
Qoker calls
UDF1 checks
Flop [Td 9h 7h], Qoker (20), UDF1 (20)
UDF1 bids 11
Qoker bids 0
UDF1 won the auction and was revealed [6c]
Flop [Td 9h 7h], Qoker (20), UDF1 (20)
UDF1 bets 2926
Qoker folds
Qoker awarded -20
UDF1 awarded 20

Round #620, UDF1 (-222460), Qoker (222460)
UDF1 posts blind: 10
Qoker posts blind: 20
UDF1 received [2c 7c]
Qoker received [4s 3d]
UDF1 folds
UDF1 awarded -10
Qoker awarded 10

Round #621, Qoker (222470), UDF1 (-222470)
Qoker posts blind: 10
UDF1 posts blind: 20
Qoker received [8s 9h]
UDF1 received [4h 3c]
Qoker calls
UDF1 raises to 337
Qoker folds
Qoker awarded -20
UDF1 awarded 20

Round #622, UDF1 (-222450), Qoker (222450)
UDF1 posts blind: 10
Qoker posts blind: 20
UDF1 received [9d 8s]
Qoker received [Ks 2d]
UDF1 folds
UDF1 awarded -10
Qoker awarded 10

Round #623, Qoker (222460), UDF1 (-222460)
Qoker posts blind: 10
UDF1 posts blind: 20
Qoker received [7c Js]
UDF1 received [Tc Td]
Qoker calls
UDF1 raises to 3617
Qoker folds
Qoker awarded -20
UDF1 awarded 20

Round #624, UDF1 (-222440), Qoker (222440)
UDF1 posts blind: 10
Qoker posts blind: 20
UDF1 received [Qd 6d]
Qoker received [3d 5c]
UDF1 calls
Qoker checks
Flop [3h 7c 5d], UDF1 (20), Qoker (20)
Qoker bids 8
UDF1 bids 7
Qoker won the auction and was revealed [6d]
Flop [3h 7c 5d], UDF1 (20), Qoker (27)
Qoker bets 31
UDF1 calls
Turn [3h 7c 5d 3c], UDF1 (51), Qoker (58)
Qoker bets 81
UDF1 folds
UDF1 awarded -51
Qoker awarded 51

Round #625, Qoker (222491), UDF1 (-222491)
Qoker posts blind: 10
UDF1 posts blind: 20
Qoker received [Th Jc]
UDF1 received [9d 4d]
Qoker calls
UDF1 checks
Flop [2d 5d 5s], Qoker (20), UDF1 (20)
UDF1 bids 14
Qoker bids 5
UDF1 won the auction and was revealed [Th]
Flop [2d 5d 5s], Qoker (20), UDF1 (25)
UDF1 bets 2491
Qoker calls
Turn [2d 5d 5s Ac], Qoker (2511), UDF1 (2516)
UDF1 bets 1240
Qoker calls
River [2d 5d 5s Ac 8c], Qoker (3751), UDF1 (3756)
UDF1 bets 568
Qoker calls
Qoker shows [Th Jc]
UDF1 shows [9d 4d]
Qoker awarded 4324
UDF1 awarded -4324

Round #626, UDF1 (-226815), Qoker (226815)
UDF1 posts blind: 10
Qoker posts blind: 20
UDF1 received [Kd 7d]
Qoker received [3d 7s]
UDF1 calls
Qoker checks
Flop [2s Qs Qh], UDF1 (20), Qoker (20)
Qoker bids 8
UDF1 bids 11
UDF1 won the auction and was revealed [7s]
Flop [2s Qs Qh], UDF1 (28), Qoker (20)
Qoker checks
UDF1 bets 2663
Qoker calls
Turn [2s Qs Qh Kc], UDF1 (2691), Qoker (2683)
Qoker bets 2309
UDF1 calls
River [2s Qs Qh Kc Ac], UDF1 (5000), Qoker (4992)
Qoker checks
UDF1 checks
UDF1 shows [Kd 7d]
Qoker shows [3d 7s]
UDF1 awarded 4992
Qoker awarded -4992

Round #627, Qoker (221823), UDF1 (-221823)
Qoker posts blind: 10
UDF1 posts blind: 20
Qoker received [4h 8s]
UDF1 received [3d Tc]
Qoker calls
UDF1 checks
Flop [Ad Qh 2h], Qoker (20), UDF1 (20)
UDF1 bids 8
Qoker bids 5
UDF1 won the auction and was revealed [4h]
Flop [Ad Qh 2h], Qoker (20), UDF1 (25)
UDF1 bets 2956
Qoker folds
Qoker awarded -20
UDF1 awarded 20

Round #628, UDF1 (-221803), Qoker (221803)
UDF1 posts blind: 10
Qoker posts blind: 20
UDF1 received [5d Ad]
Qoker received [9c Kc]
UDF1 calls
Qoker checks
Flop [5c 5h Ac], UDF1 (20), Qoker (20)
Qoker bids 3
UDF1 bids 14
UDF1 won the auction and was revealed [9c]
Flop [5c 5h Ac], UDF1 (23), Qoker (20)
Qoker checks
UDF1 bets 3481
Qoker calls
Turn [5c 5h Ac Js], UDF1 (3504), Qoker (3501)
Qoker checks
UDF1 bets 1083
Qoker calls
River [5c 5h Ac Js 8c], UDF1 (4587), Qoker (4584)
Qoker bets 413
UDF1 calls
UDF1 shows [5d Ad]
Qoker shows [9c Kc]
UDF1 awarded 4997
Qoker awarded -4997

Round #629, Qoker (216806), UDF1 (-216806)
Qoker posts blind: 10
UDF1 posts blind: 20
Qoker received [Td 8c]
UDF1 received [4c Ts]
Qoker calls
UDF1 checks
Flop [9h 6d 3h], Qoker (20), UDF1 (20)
UDF1 bids 4
Qoker bids 0
UDF1 won the auction and was revealed [8c]
Flop [9h 6d 3h], Qoker (20), UDF1 (20)
UDF1 bets 2654
Qoker folds
Qoker awarded -20
UDF1 awarded 20

Round #630, UDF1 (-216786), Qoker (216786)
UDF1 posts blind: 10
Qoker posts blind: 20
UDF1 received [9c 6s]
Qoker received [4s Kc]
UDF1 calls
Qoker checks
Flop [4d Qc 4c], UDF1 (20), Qoker (20)
Qoker bids 8
UDF1 bids 4
Qoker won the auction and was revealed [6s]
Flop [4d Qc 4c], UDF1 (20), Qoker (24)
Qoker bets 33
UDF1 folds
UDF1 awarded -20
Qoker awarded 20

Round #631, Qoker (216806), UDF1 (-216806)
Qoker posts blind: 10
UDF1 posts blind: 20
Qoker received [Tc Jc]
UDF1 received [9s 6c]
Qoker calls
UDF1 checks
Flop [Kd Js 2c], Qoker (20), UDF1 (20)
UDF1 bids 12
Qoker bids 7
UDF1 won the auction and was revealed [Jc]
Flop [Kd Js 2c], Qoker (20), UDF1 (27)
UDF1 bets 2080
Qoker calls
Turn [Kd Js 2c 8h], Qoker (2100), UDF1 (2107)
UDF1 bets 1176
Qoker calls
River [Kd Js 2c 8h 3c], Qoker (3276), UDF1 (3283)
UDF1 bets 662
Qoker calls
Qoker shows [Tc Jc]
UDF1 shows [9s 6c]
Qoker awarded 3945
UDF1 awarded -3945

Round #632, UDF1 (-220751), Qoker (220751)
UDF1 posts blind: 10
Qoker posts blind: 20
UDF1 received [4h Kh]
Qoker received [4s 9s]
UDF1 folds
UDF1 awarded -10
Qoker awarded 10

Round #633, Qoker (220761), UDF1 (-220761)
Qoker posts blind: 10
UDF1 posts blind: 20
Qoker received [4d Ah]
UDF1 received [8h 7d]
Qoker calls
UDF1 checks
Flop [Qd 8s 4s], Qoker (20), UDF1 (20)
UDF1 bids 4
Qoker bids 4
Qoker won the auction and was revealed [8h]
UDF1 won the auction and was revealed [4d]
Flop [Qd 8s 4s], Qoker (24), UDF1 (24)
UDF1 bets 3118
Qoker calls
Turn [Qd 8s 4s Jc], Qoker (3142), UDF1 (3142)
UDF1 bets 1268
Qoker calls
River [Qd 8s 4s Jc Ad], Qoker (4410), UDF1 (4410)
UDF1 bets 341
Qoker calls
Qoker shows [4d Ah]
UDF1 shows [8h 7d]
Qoker awarded 4751
UDF1 awarded -4751

Round #634, UDF1 (-225512), Qoker (225512)
UDF1 posts blind: 10
Qoker posts blind: 20
UDF1 received [3d 9d]
Qoker received [6s Th]
UDF1 folds
UDF1 awarded -10
Qoker awarded 10

Round #635, Qoker (225522), UDF1 (-225522)
Qoker posts blind: 10
UDF1 posts blind: 20
Qoker received [6s Th]
UDF1 received [Qd Td]
Qoker calls
UDF1 checks
Flop [9c Kd 6h], Qoker (20), UDF1 (20)
UDF1 bids 8
Qoker bids 5
UDF1 won the auction and was revealed [Th]
Flop [9c Kd 6h], Qoker (20), UDF1 (25)
UDF1 bets 2893
Qoker calls
Turn [9c Kd 6h 7c], Qoker (2913), UDF1 (2918)
UDF1 bets 1040
Qoker calls
River [9c Kd 6h 7c 7s], Qoker (3953), UDF1 (3958)
UDF1 bets 583
Qoker calls
Qoker shows [6s Th]
UDF1 shows [Qd Td]
Qoker awarded 4541
UDF1 awarded -4541

Round #636, UDF1 (-230063), Qoker (230063)
UDF1 posts blind: 10
Qoker posts blind: 20
UDF1 received [4h 7d]
Qoker received [Jd 6d]
UDF1 raises to 337
Qoker folds
UDF1 awarded 20
Qoker awarded -20

Round #637, Qoker (230043), UDF1 (-230043)
Qoker posts blind: 10
UDF1 posts blind: 20
Qoker received [5h As]
UDF1 received [3h 6h]
Qoker calls
UDF1 checks
Flop [7s 4h Ad], Qoker (20), UDF1 (20)
UDF1 bids 7
Qoker bids 7
Qoker won the auction and was revealed [3h]
UDF1 won the auction and was revealed [As]
Flop [7s 4h Ad], Qoker (27), UDF1 (27)
UDF1 bets 2477
Qoker raises to 4954
UDF1 folds
Qoker awarded 2504
UDF1 awarded -2504

Round #638, UDF1 (-232547), Qoker (232547)
UDF1 posts blind: 10
Qoker posts blind: 20
UDF1 received [8c 3h]
Qoker received [9d 4h]
UDF1 folds
UDF1 awarded -10
Qoker awarded 10

Round #639, Qoker (232557), UDF1 (-232557)
Qoker posts blind: 10
UDF1 posts blind: 20
Qoker received [4c Qc]
UDF1 received [9d 4d]
Qoker calls
UDF1 checks
Flop [2d Jc 6c], Qoker (20), UDF1 (20)
UDF1 bids 0
Qoker bids 5
Qoker won the auction and was revealed [4d]
Flop [2d Jc 6c], Qoker (20), UDF1 (20)
UDF1 bets 2631
Qoker calls
Turn [2d Jc 6c 2h], Qoker (2651), UDF1 (2651)
UDF1 bets 1122
Qoker calls
River [2d Jc 6c 2h Qs], Qoker (3773), UDF1 (3773)
UDF1 bets 453
Qoker raises to 1227
UDF1 calls
Qoker shows [4c Qc]
UDF1 shows [9d 4d]
Qoker awarded 5000
UDF1 awarded -5000

Round #640, UDF1 (-237557), Qoker (237557)
UDF1 posts blind: 10
Qoker posts blind: 20
UDF1 received [Qd 2d]
Qoker received [Ks Qh]
UDF1 folds
UDF1 awarded -10
Qoker awarded 10

Round #641, Qoker (237567), UDF1 (-237567)
Qoker posts blind: 10
UDF1 posts blind: 20
Qoker received [Tc 8s]
UDF1 received [Ac 2d]
Qoker calls
UDF1 checks
Flop [Jc 2s Kh], Qoker (20), UDF1 (20)
UDF1 bids 6
Qoker bids 0
UDF1 won the auction and was revealed [8s]
Flop [Jc 2s Kh], Qoker (20), UDF1 (20)
UDF1 bets 3446
Qoker folds
Qoker awarded -20
UDF1 awarded 20

Round #642, UDF1 (-237547), Qoker (237547)
UDF1 posts blind: 10
Qoker posts blind: 20
UDF1 received [6h Jh]
Qoker received [3d Ac]
UDF1 calls
Qoker checks
Flop [Jc 2h 8s], UDF1 (20), Qoker (20)
Qoker bids 4
UDF1 bids 5
UDF1 won the auction and was revealed [3d]
Flop [Jc 2h 8s], UDF1 (24), Qoker (20)
Qoker checks
UDF1 bets 3515
Qoker folds
UDF1 awarded 20
Qoker awarded -20

Round #643, Qoker (237527), UDF1 (-237527)
Qoker posts blind: 10
UDF1 posts blind: 20
Qoker received [Ac 8d]
UDF1 received [9s 4s]
Qoker calls
UDF1 checks
Flop [3d 8s 6h], Qoker (20), UDF1 (20)
UDF1 bids 12
Qoker bids 7
UDF1 won the auction and was revealed [8d]
Flop [3d 8s 6h], Qoker (20), UDF1 (27)
UDF1 bets 2315
Qoker calls
Turn [3d 8s 6h 6d], Qoker (2335), UDF1 (2342)
UDF1 bets 1079
Qoker calls
River [3d 8s 6h 6d Td], Qoker (3414), UDF1 (3421)
UDF1 bets 419
Qoker calls
Qoker shows [Ac 8d]
UDF1 shows [9s 4s]
Qoker awarded 3840
UDF1 awarded -3840

Round #644, UDF1 (-241367), Qoker (241367)
UDF1 posts blind: 10
Qoker posts blind: 20
UDF1 received [Kc 8c]
Qoker received [6d 4h]
UDF1 calls
Qoker checks
Flop [7h Qd 4s], UDF1 (20), Qoker (20)
Qoker bids 7
UDF1 bids 15
UDF1 won the auction and was revealed [6d]
Flop [7h Qd 4s], UDF1 (27), Qoker (20)
Qoker checks
UDF1 bets 3137
Qoker calls
Turn [7h Qd 4s Td], UDF1 (3164), Qoker (3157)
Qoker checks
UDF1 bets 1121
Qoker calls
River [7h Qd 4s Td 4d], UDF1 (4285), Qoker (4278)
Qoker bets 715
UDF1 calls
UDF1 shows [Kc 8c]
Qoker shows [6d 4h]
UDF1 awarded -5000
Qoker awarded 5000

Round #645, Qoker (246367), UDF1 (-246367)
Qoker posts blind: 10
UDF1 posts blind: 20
Qoker received [8h Js]
UDF1 received [Kd 2d]
Qoker calls
UDF1 raises to 337
Qoker folds
Qoker awarded -20
UDF1 awarded 20

Round #646, UDF1 (-246347), Qoker (246347)
UDF1 posts blind: 10
Qoker posts blind: 20
UDF1 received [7h Qs]
Qoker received [3d 6h]
UDF1 raises to 337
Qoker folds
UDF1 awarded 20
Qoker awarded -20

Round #647, Qoker (246327), UDF1 (-246327)
Qoker posts blind: 10
UDF1 posts blind: 20
Qoker received [2h 3h]
UDF1 received [Jd Ad]
Qoker calls
UDF1 checks
Flop [4h 7h Qc], Qoker (20), UDF1 (20)
UDF1 bids 9
Qoker bids 2
UDF1 won the auction and was revealed [2h]
Flop [4h 7h Qc], Qoker (20), UDF1 (22)
UDF1 bets 3032
Qoker folds
Qoker awarded -20
UDF1 awarded 20

Round #648, UDF1 (-246307), Qoker (246307)
UDF1 posts blind: 10
Qoker posts blind: 20
UDF1 received [2d 5c]
Qoker received [Qd Ts]
UDF1 folds
UDF1 awarded -10
Qoker awarded 10

Round #649, Qoker (246317), UDF1 (-246317)
Qoker posts blind: 10
UDF1 posts blind: 20
Qoker received [9d 5d]
UDF1 received [5h 3s]
Qoker calls
UDF1 checks
Flop [6s 8d 2s], Qoker (20), UDF1 (20)
UDF1 bids 6
Qoker bids 0
UDF1 won the auction and was revealed [5d]
Flop [6s 8d 2s], Qoker (20), UDF1 (20)
UDF1 bets 2848
Qoker folds
Qoker awarded -20
UDF1 awarded 20

Round #650, UDF1 (-246297), Qoker (246297)
UDF1 posts blind: 10
Qoker posts blind: 20
UDF1 received [Jc 7s]
Qoker received [5d Qh]
UDF1 folds
UDF1 awarded -10
Qoker awarded 10

Round #651, Qoker (246307), UDF1 (-246307)
Qoker posts blind: 10
UDF1 posts blind: 20
Qoker received [6c Jd]
UDF1 received [Qc 3c]
Qoker calls
UDF1 raises to 337
Qoker folds
Qoker awarded -20
UDF1 awarded 20

Round #652, UDF1 (-246287), Qoker (246287)
UDF1 posts blind: 10
Qoker posts blind: 20
UDF1 received [7s 2h]
Qoker received [Qs As]
UDF1 raises to 337
Qoker calls
Flop [5c Kh 7c], UDF1 (337), Qoker (337)
Qoker bids 59
UDF1 bids 6
Qoker won the auction and was revealed [2h]
Flop [5c Kh 7c], UDF1 (337), Qoker (343)
Qoker bets 404
UDF1 raises to 3381
Qoker calls
Turn [5c Kh 7c 5s], UDF1 (3718), Qoker (3724)
Qoker bets 1276
UDF1 calls
River [5c Kh 7c 5s 4c], UDF1 (4994), Qoker (5000)
Qoker checks
UDF1 checks
UDF1 shows [7s 2h]
Qoker shows [Qs As]
UDF1 awarded 5000
Qoker awarded -5000

Round #653, Qoker (241287), UDF1 (-241287)
Qoker posts blind: 10
UDF1 posts blind: 20
Qoker received [5d 7d]
UDF1 received [3c 3h]
Qoker calls
UDF1 checks
Flop [4h Ad Kd], Qoker (20), UDF1 (20)
UDF1 bids 5
Qoker bids 4
UDF1 won the auction and was revealed [5d]
Flop [4h Ad Kd], Qoker (20), UDF1 (24)
UDF1 bets 2982
Qoker folds
Qoker awarded -20
UDF1 awarded 20

Round #654, UDF1 (-241267), Qoker (241267)
UDF1 posts blind: 10
Qoker posts blind: 20
UDF1 received [6d 5d]
Qoker received [7c Js]
UDF1 folds
UDF1 awarded -10
Qoker awarded 10

Round #655, Qoker (241277), UDF1 (-241277)
Qoker posts blind: 10
UDF1 posts blind: 20
Qoker received [8h 4c]
UDF1 received [6c 6d]
Qoker calls
UDF1 checks
Flop [Qd Ks 2s], Qoker (20), UDF1 (20)
UDF1 bids 12
Qoker bids 0
UDF1 won the auction and was revealed [8h]
Flop [Qd Ks 2s], Qoker (20), UDF1 (20)
UDF1 bets 3037
Qoker folds
Qoker awarded -20
UDF1 awarded 20

Round #656, UDF1 (-241257), Qoker (241257)
UDF1 posts blind: 10
Qoker posts blind: 20
UDF1 received [9d 4h]
Qoker received [Jd Th]
UDF1 folds
UDF1 awarded -10
Qoker awarded 10

Round #657, Qoker (241267), UDF1 (-241267)
Qoker posts blind: 10
UDF1 posts blind: 20
Qoker received [9d 3c]
UDF1 received [Ts 5s]
Qoker calls
UDF1 checks
Flop [7d Qd Ah], Qoker (20), UDF1 (20)
UDF1 bids 3
Qoker bids 5
Qoker won the auction and was revealed [5s]
Flop [7d Qd Ah], Qoker (23), UDF1 (20)
UDF1 bets 2736
Qoker folds
Qoker awarded -23
UDF1 awarded 23

Round #658, UDF1 (-241244), Qoker (241244)
UDF1 posts blind: 10
Qoker posts blind: 20
UDF1 received [Kh 7s]
Qoker received [9h 3c]
UDF1 calls
Qoker checks
Flop [8d 8s 6h], UDF1 (20), Qoker (20)
Qoker bids 2
UDF1 bids 11
UDF1 won the auction and was revealed [9h]
Flop [8d 8s 6h], UDF1 (22), Qoker (20)
Qoker checks
UDF1 bets 2448
Qoker calls
Turn [8d 8s 6h 4c], UDF1 (2470), Qoker (2468)
Qoker checks
UDF1 bets 1302
Qoker calls
River [8d 8s 6h 4c 9c], UDF1 (3772), Qoker (3770)
Qoker bets 1228
UDF1 folds
UDF1 awarded -3772
Qoker awarded 3772

Round #659, Qoker (245016), UDF1 (-245016)
Qoker posts blind: 10
UDF1 posts blind: 20
Qoker received [3h 4c]
UDF1 received [Qd 8c]
Qoker calls
UDF1 checks
Flop [4h 2d 6s], Qoker (20), UDF1 (20)
UDF1 bids 7
Qoker bids 5
UDF1 won the auction and was revealed [4c]
Flop [4h 2d 6s], Qoker (20), UDF1 (25)
UDF1 bets 2019
Qoker calls
Turn [4h 2d 6s 9h], Qoker (2039), UDF1 (2044)
UDF1 bets 1394
Qoker calls
River [4h 2d 6s 9h Qh], Qoker (3433), UDF1 (3438)
UDF1 bets 979
Qoker calls
Qoker shows [3h 4c]
UDF1 shows [Qd 8c]
Qoker awarded -4412
UDF1 awarded 4412

Round #660, UDF1 (-240604), Qoker (240604)
UDF1 posts blind: 10
Qoker posts blind: 20
UDF1 received [4s 9c]
Qoker received [Kh Tc]
UDF1 folds
UDF1 awarded -10
Qoker awarded 10

Round #661, Qoker (240614), UDF1 (-240614)
Qoker posts blind: 10
UDF1 posts blind: 20
Qoker received [6d 9h]
UDF1 received [3d 7s]
Qoker calls
UDF1 checks
Flop [Js Jd 2c], Qoker (20), UDF1 (20)
UDF1 bids 6
Qoker bids 6
Qoker won the auction and was revealed [3d]
UDF1 won the auction and was revealed [9h]
Flop [Js Jd 2c], Qoker (26), UDF1 (26)
UDF1 bets 2125
Qoker raises to 4250
UDF1 folds
Qoker awarded 2151
UDF1 awarded -2151

Round #662, UDF1 (-242765), Qoker (242765)
UDF1 posts blind: 10
Qoker posts blind: 20
UDF1 received [Qc 5c]
Qoker received [3d Qh]
UDF1 calls
Qoker checks
Flop [Ac As 7h], UDF1 (20), Qoker (20)
Qoker bids 6
UDF1 bids 10
UDF1 won the auction and was revealed [Qh]
Flop [Ac As 7h], UDF1 (26), Qoker (20)
Qoker bets 23
UDF1 calls
Turn [Ac As 7h 2d], UDF1 (49), Qoker (43)
Qoker checks
UDF1 bets 2132
Qoker calls
River [Ac As 7h 2d 5d], UDF1 (2181), Qoker (2175)
Qoker checks
UDF1 bets 1813
Qoker calls
UDF1 shows [Qc 5c]
Qoker shows [3d Qh]
UDF1 awarded 3988
Qoker awarded -3988

Round #663, Qoker (238777), UDF1 (-238777)
Qoker posts blind: 10
UDF1 posts blind: 20
Qoker received [2c Jh]
UDF1 received [7h Ks]
Qoker calls
UDF1 checks
Flop [5h 8s 4d], Qoker (20), UDF1 (20)
UDF1 bids 14
Qoker bids 0
UDF1 won the auction and was revealed [Jh]
Flop [5h 8s 4d], Qoker (20), UDF1 (20)
UDF1 bets 2799
Qoker folds
Qoker awarded -20
UDF1 awarded 20

Round #664, UDF1 (-238757), Qoker (238757)
UDF1 posts blind: 10
Qoker posts blind: 20
UDF1 received [As 8d]
Qoker received [7s 9d]
UDF1 folds
UDF1 awarded -10
Qoker awarded 10

Round #665, Qoker (238767), UDF1 (-238767)
Qoker posts blind: 10
UDF1 posts blind: 20
Qoker received [Qc 4d]
UDF1 received [Ts 5s]
Qoker calls
UDF1 checks
Flop [9s 7h Kc], Qoker (20), UDF1 (20)
UDF1 bids 8
Qoker bids 0
UDF1 won the auction and was revealed [Qc]
Flop [9s 7h Kc], Qoker (20), UDF1 (20)
UDF1 bets 2479
Qoker folds
Qoker awarded -20
UDF1 awarded 20

Round #666, UDF1 (-238747), Qoker (238747)
UDF1 posts blind: 10
Qoker posts blind: 20
UDF1 received [Qh 4c]
Qoker received [4s 3h]
UDF1 calls
Qoker checks
Flop [Jc 8d 4h], UDF1 (20), Qoker (20)
Qoker bids 5
UDF1 bids 13
UDF1 won the auction and was revealed [4s]
Flop [Jc 8d 4h], UDF1 (25), Qoker (20)
Qoker checks
UDF1 bets 2979
Qoker calls
Turn [Jc 8d 4h 9s], UDF1 (3004), Qoker (2999)
Qoker checks
UDF1 bets 1231
Qoker calls
River [Jc 8d 4h 9s 3d], UDF1 (4235), Qoker (4230)
Qoker bets 765
UDF1 calls
UDF1 shows [Qh 4c]
Qoker shows [4s 3h]
UDF1 awarded -5000
Qoker awarded 5000

Round #667, Qoker (243747), UDF1 (-243747)
Qoker posts blind: 10
UDF1 posts blind: 20
Qoker received [3d Ad]
UDF1 received [Ah 7c]
Qoker calls
UDF1 raises to 337
Qoker calls
Flop [2c Ac Qd], Qoker (337), UDF1 (337)
UDF1 bids 0
Qoker bids 76
Qoker won the auction and was revealed [Ah]
Flop [2c Ac Qd], Qoker (337), UDF1 (337)
UDF1 bets 3111
Qoker calls
Turn [2c Ac Qd 5c], Qoker (3448), UDF1 (3448)
UDF1 bets 1014
Qoker calls
River [2c Ac Qd 5c 4d], Qoker (4462), UDF1 (4462)
UDF1 bets 287
Qoker calls
Qoker shows [3d Ad]
UDF1 shows [Ah 7c]
Qoker awarded 4749
UDF1 awarded -4749

Round #668, UDF1 (-248496), Qoker (248496)
UDF1 posts blind: 10
Qoker posts blind: 20
UDF1 received [2c 6d]
Qoker received [8c 3h]
UDF1 calls
Qoker checks
Flop [Qs 5s 5h], UDF1 (20), Qoker (20)
Qoker bids 4
UDF1 bids 13
UDF1 won the auction and was revealed [8c]
Flop [Qs 5s 5h], UDF1 (24), Qoker (20)
Qoker checks
UDF1 bets 2327
Qoker calls
Turn [Qs 5s 5h 6s], UDF1 (2351), Qoker (2347)
Qoker checks
UDF1 bets 1267
Qoker calls
River [Qs 5s 5h 6s 2d], UDF1 (3618), Qoker (3614)
Qoker checks
UDF1 bets 808
Qoker calls
UDF1 shows [2c 6d]
Qoker shows [8c 3h]
UDF1 awarded 4422
Qoker awarded -4422

Round #669, Qoker (244074), UDF1 (-244074)
Qoker posts blind: 10
UDF1 posts blind: 20
Qoker received [6c Js]
UDF1 received [Ad Ac]
Qoker calls
UDF1 raises to 4734
Qoker folds
Qoker awarded -20
UDF1 awarded 20

Round #670, UDF1 (-244054), Qoker (244054)
UDF1 posts blind: 10
Qoker posts blind: 20
UDF1 received [5d Ac]
Qoker received [5h 6c]
UDF1 calls
Qoker checks
Flop [3s 8d 9s], UDF1 (20), Qoker (20)
Qoker bids 0
UDF1 bids 3
UDF1 won the auction and was revealed [6c]
Flop [3s 8d 9s], UDF1 (20), Qoker (20)
Qoker checks
UDF1 bets 2935
Qoker folds
UDF1 awarded 20
Qoker awarded -20

Round #671, Qoker (244034), UDF1 (-244034)
Qoker posts blind: 10
UDF1 posts blind: 20
Qoker received [8d 2d]
UDF1 received [Qd Ac]
Qoker calls
UDF1 raises to 3482
Qoker folds
Qoker awarded -20
UDF1 awarded 20

Round #672, UDF1 (-244014), Qoker (244014)
UDF1 posts blind: 10
Qoker posts blind: 20
UDF1 received [Kc 9h]
Qoker received [9c Jc]
UDF1 calls
Qoker checks
Flop [7h 5h 3c], UDF1 (20), Qoker (20)
Qoker bids 0
UDF1 bids 15
UDF1 won the auction and was revealed [9c]
Flop [7h 5h 3c], UDF1 (20), Qoker (20)
Qoker checks
UDF1 bets 2632
Qoker folds
UDF1 awarded 20
Qoker awarded -20

Round #673, Qoker (243994), UDF1 (-243994)
Qoker posts blind: 10
UDF1 posts blind: 20
Qoker received [9c 2c]
UDF1 received [4d 8d]
Qoker calls
UDF1 checks
Flop [Kd Td 9h], Qoker (20), UDF1 (20)
UDF1 bids 7
Qoker bids 7
Qoker won the auction and was revealed [8d]
UDF1 won the auction and was revealed [9c]
Flop [Kd Td 9h], Qoker (27), UDF1 (27)
UDF1 bets 2634
Qoker calls
Turn [Kd Td 9h 6c], Qoker (2661), UDF1 (2661)
UDF1 bets 1234
Qoker calls
River [Kd Td 9h 6c Jc], Qoker (3895), UDF1 (3895)
UDF1 bets 476
Qoker calls
Qoker shows [9c 2c]
UDF1 shows [4d 8d]
Qoker awarded 4371
UDF1 awarded -4371

Round #674, UDF1 (-248365), Qoker (248365)
UDF1 posts blind: 10
Qoker posts blind: 20
UDF1 received [Ad 6c]
Qoker received [Ts 9h]
UDF1 folds
UDF1 awarded -10
Qoker awarded 10

Round #675, Qoker (248375), UDF1 (-248375)
Qoker posts blind: 10
UDF1 posts blind: 20
Qoker received [Ts 7s]
UDF1 received [Kh 6s]
Qoker calls
UDF1 checks
Flop [Qd 4h 8d], Qoker (20), UDF1 (20)
UDF1 bids 6
Qoker bids 0
UDF1 won the auction and was revealed [Ts]
Flop [Qd 4h 8d], Qoker (20), UDF1 (20)
UDF1 bets 3054
Qoker folds
Qoker awarded -20
UDF1 awarded 20

Round #676, UDF1 (-248355), Qoker (248355)
UDF1 posts blind: 10
Qoker posts blind: 20
UDF1 received [Kc Qs]
Qoker received [Js Jd]
UDF1 raises to 3650
Qoker raises to 5000
UDF1 calls
Flop [6d 5h As], UDF1 (5000), Qoker (5000)
Qoker bids 0
UDF1 bids 0
UDF1 won the auction and was revealed [Js]
Qoker won the auction and was revealed [Qs]
Flop [6d 5h As], UDF1 (5000), Qoker (5000)
Qoker checks
UDF1 checks
Turn [6d 5h As 7d], UDF1 (5000), Qoker (5000)
Qoker checks
UDF1 checks
River [6d 5h As 7d 9d], UDF1 (5000), Qoker (5000)
Qoker checks
UDF1 checks
UDF1 shows [Kc Qs]
Qoker shows [Js Jd]
UDF1 awarded -5000
Qoker awarded 5000

Round #677, Qoker (253355), UDF1 (-253355)
Qoker posts blind: 10
UDF1 posts blind: 20
Qoker received [7h Kd]
UDF1 received [Ks 3s]
Qoker calls
UDF1 checks
Flop [6d Qs 8d], Qoker (20), UDF1 (20)
UDF1 bids 10
Qoker bids 0
UDF1 won the auction and was revealed [Kd]
Flop [6d Qs 8d], Qoker (20), UDF1 (20)
UDF1 bets 2326
Qoker folds
Qoker awarded -20
UDF1 awarded 20

Round #678, UDF1 (-253335), Qoker (253335)
UDF1 posts blind: 10
Qoker posts blind: 20
UDF1 received [Jh 7h]
Qoker received [6h Tc]
UDF1 folds
UDF1 awarded -10
Qoker awarded 10

Round #679, Qoker (253345), UDF1 (-253345)
Qoker posts blind: 10
UDF1 posts blind: 20
Qoker received [3s 5c]
UDF1 received [9c 2d]
Qoker calls
UDF1 raises to 337
Qoker folds
Qoker awarded -20
UDF1 awarded 20

Round #680, UDF1 (-253325), Qoker (253325)
UDF1 posts blind: 10
Qoker posts blind: 20
UDF1 received [4c 3d]
Qoker received [Jd 5s]
UDF1 calls
Qoker checks
Flop [4h 6d Qc], UDF1 (20), Qoker (20)
Qoker bids 0
UDF1 bids 16
UDF1 won the auction and was revealed [Jd]
Flop [4h 6d Qc], UDF1 (20), Qoker (20)
Qoker checks
UDF1 bets 2760
Qoker folds
UDF1 awarded 20
Qoker awarded -20

Round #681, Qoker (253305), UDF1 (-253305)
Qoker posts blind: 10
UDF1 posts blind: 20
Qoker received [Jd Ts]
UDF1 received [8h Qh]
Qoker calls
UDF1 raises to 337
Qoker calls
Flop [2h 5d Th], Qoker (337), UDF1 (337)
UDF1 bids 0
Qoker bids 140
Qoker won the auction and was revealed [Qh]
Flop [2h 5d Th], Qoker (337), UDF1 (337)
UDF1 bets 3053
Qoker calls
Turn [2h 5d Th 3h], Qoker (3390), UDF1 (3390)
UDF1 bets 948
Qoker calls
River [2h 5d Th 3h Tc], Qoker (4338), UDF1 (4338)
UDF1 bets 377
Qoker raises to 662
UDF1 calls
Qoker shows [Jd Ts]
UDF1 shows [8h Qh]
Qoker awarded -5000
UDF1 awarded 5000

Round #682, UDF1 (-248305), Qoker (248305)
UDF1 posts blind: 10
Qoker posts blind: 20
UDF1 received [6s 2c]
Qoker received [2d Js]
UDF1 folds
UDF1 awarded -10
Qoker awarded 10

Round #683, Qoker (248315), UDF1 (-248315)
Qoker posts blind: 10
UDF1 posts blind: 20
Qoker received [3c 7d]
UDF1 received [Tc Ks]
Qoker calls
UDF1 checks
Flop [Kc Kh 5s], Qoker (20), UDF1 (20)
UDF1 bids 12
Qoker bids 6
UDF1 won the auction and was revealed [3c]
Flop [Kc Kh 5s], Qoker (20), UDF1 (26)
UDF1 bets 3532
Qoker calls
Turn [Kc Kh 5s 8c], Qoker (3552), UDF1 (3558)
UDF1 bets 933
Qoker calls
River [Kc Kh 5s 8c 2d], Qoker (4485), UDF1 (4491)
UDF1 bets 355
Qoker calls
Qoker shows [3c 7d]
UDF1 shows [Tc Ks]
Qoker awarded -4840
UDF1 awarded 4840

Round #684, UDF1 (-243475), Qoker (243475)
UDF1 posts blind: 10
Qoker posts blind: 20
UDF1 received [Ac Qd]
Qoker received [7h 2s]
UDF1 raises to 3774
Qoker folds
UDF1 awarded 20
Qoker awarded -20

Round #685, Qoker (243455), UDF1 (-243455)
Qoker posts blind: 10
UDF1 posts blind: 20
Qoker received [Kh 8s]
UDF1 received [5s 3c]
Qoker calls
UDF1 checks
Flop [4h Qs Kc], Qoker (20), UDF1 (20)
UDF1 bids 7
Qoker bids 7
Qoker won the auction and was revealed [5s]
UDF1 won the auction and was revealed [Kh]
Flop [4h Qs Kc], Qoker (27), UDF1 (27)
UDF1 bets 2513
Qoker raises to 4973
UDF1 folds
Qoker awarded 2540
UDF1 awarded -2540

Round #686, UDF1 (-245995), Qoker (245995)
UDF1 posts blind: 10
Qoker posts blind: 20
UDF1 received [Ah 5h]
Qoker received [6c 8c]
UDF1 calls
Qoker checks
Flop [Js 5d 9s], UDF1 (20), Qoker (20)
Qoker bids 0
UDF1 bids 6
UDF1 won the auction and was revealed [6c]
Flop [Js 5d 9s], UDF1 (20), Qoker (20)
Qoker checks
UDF1 bets 3207
Qoker folds
UDF1 awarded 20
Qoker awarded -20

Round #687, Qoker (245975), UDF1 (-245975)
Qoker posts blind: 10
UDF1 posts blind: 20
Qoker received [2h 3c]
UDF1 received [6s 6c]
Qoker calls
UDF1 raises to 1555
Qoker folds
Qoker awarded -20
UDF1 awarded 20

Round #688, UDF1 (-245955), Qoker (245955)
UDF1 posts blind: 10
Qoker posts blind: 20
UDF1 received [Ad Ah]
Qoker received [6h Td]
UDF1 raises to 4655
Qoker folds
UDF1 awarded 20
Qoker awarded -20

Round #689, Qoker (245935), UDF1 (-245935)
Qoker posts blind: 10
UDF1 posts blind: 20
Qoker received [Qh 6s]
UDF1 received [2c 9s]
Qoker calls
UDF1 checks
Flop [Ad As 6h], Qoker (20), UDF1 (20)
UDF1 bids 6
Qoker bids 9
Qoker won the auction and was revealed [9s]
Flop [Ad As 6h], Qoker (26), UDF1 (20)
UDF1 bets 2494
Qoker calls
Turn [Ad As 6h 8h], Qoker (2520), UDF1 (2514)
UDF1 bets 905
Qoker calls
River [Ad As 6h 8h 7c], Qoker (3425), UDF1 (3419)
UDF1 bets 534
Qoker calls
Qoker shows [Qh 6s]
UDF1 shows [2c 9s]
Qoker awarded 3953
UDF1 awarded -3953

Round #690, UDF1 (-249888), Qoker (249888)
UDF1 posts blind: 10
Qoker posts blind: 20
UDF1 received [8d 2c]
Qoker received [3s 9d]
UDF1 calls
Qoker checks
Flop [6c 7s 7c], UDF1 (20), Qoker (20)
Qoker bids 7
UDF1 bids 10
UDF1 won the auction and was revealed [3s]
Flop [6c 7s 7c], UDF1 (27), Qoker (20)
Qoker checks
UDF1 bets 2544
Qoker calls
Turn [6c 7s 7c 9h], UDF1 (2571), Qoker (2564)
Qoker bets 2429
UDF1 calls
River [6c 7s 7c 9h 6h], UDF1 (5000), Qoker (4993)
Qoker checks
UDF1 checks
UDF1 shows [8d 2c]
Qoker shows [3s 9d]
UDF1 awarded -5000
Qoker awarded 5000

Round #691, Qoker (254888), UDF1 (-254888)
Qoker posts blind: 10
UDF1 posts blind: 20
Qoker received [9c 7s]
UDF1 received [9s Ks]
Qoker calls
UDF1 checks
Flop [Qs Jc Kh], Qoker (20), UDF1 (20)
UDF1 bids 12
Qoker bids 0
UDF1 won the auction and was revealed [9c]
Flop [Qs Jc Kh], Qoker (20), UDF1 (20)
UDF1 bets 3134
Qoker folds
Qoker awarded -20
UDF1 awarded 20

Round #692, UDF1 (-254868), Qoker (254868)
UDF1 posts blind: 10
Qoker posts blind: 20
UDF1 received [9s 5s]
Qoker received [5c 3d]
UDF1 raises to 337
Qoker folds
UDF1 awarded 20
Qoker awarded -20

Round #693, Qoker (254848), UDF1 (-254848)
Qoker posts blind: 10
UDF1 posts blind: 20
Qoker received [9d 7d]
UDF1 received [8h 7s]
Qoker calls
UDF1 checks
Flop [4s 6s Jd], Qoker (20), UDF1 (20)
UDF1 bids 7
Qoker bids 0
UDF1 won the auction and was revealed [7d]
Flop [4s 6s Jd], Qoker (20), UDF1 (20)
UDF1 bets 2730
Qoker folds
Qoker awarded -20
UDF1 awarded 20

Round #694, UDF1 (-254828), Qoker (254828)
UDF1 posts blind: 10
Qoker posts blind: 20
UDF1 received [5d 5c]
Qoker received [6h 8d]
UDF1 calls
Qoker checks
Flop [4c 3c 2d], UDF1 (20), Qoker (20)
Qoker bids 0
UDF1 bids 4
UDF1 won the auction and was revealed [8d]
Flop [4c 3c 2d], UDF1 (20), Qoker (20)
Qoker checks
UDF1 bets 3049
Qoker folds
UDF1 awarded 20
Qoker awarded -20

Round #695, Qoker (254808), UDF1 (-254808)
Qoker posts blind: 10
UDF1 posts blind: 20
Qoker received [3c 5d]
UDF1 received [5c Ad]
Qoker calls
UDF1 checks
Flop [4s Ts 2h], Qoker (20), UDF1 (20)
UDF1 bids 11
Qoker bids 5
UDF1 won the auction and was revealed [3c]
Flop [4s Ts 2h], Qoker (20), UDF1 (25)
UDF1 bets 3469
Qoker folds
Qoker awarded -20
UDF1 awarded 20

Round #696, UDF1 (-254788), Qoker (254788)
UDF1 posts blind: 10
Qoker posts blind: 20
UDF1 received [9h Jc]
Qoker received [2h Ah]
UDF1 folds
UDF1 awarded -10
Qoker awarded 10

Round #697, Qoker (254798), UDF1 (-254798)
Qoker posts blind: 10
UDF1 posts blind: 20
Qoker received [2s Ad]
UDF1 received [4d 8s]
Qoker calls
UDF1 raises to 337
Qoker folds
Qoker awarded -20
UDF1 awarded 20

Round #698, UDF1 (-254778), Qoker (254778)
UDF1 posts blind: 10
Qoker posts blind: 20
UDF1 received [Ad Ah]
Qoker received [9c Kc]
UDF1 raises to 4468
Qoker folds
UDF1 awarded 20
Qoker awarded -20

Round #699, Qoker (254758), UDF1 (-254758)
Qoker posts blind: 10
UDF1 posts blind: 20
Qoker received [4c 9c]
UDF1 received [Qh 8c]
Qoker calls
UDF1 raises to 337
Qoker folds
Qoker awarded -20
UDF1 awarded 20

Round #700, UDF1 (-254738), Qoker (254738)
UDF1 posts blind: 10
Qoker posts blind: 20
UDF1 received [3c Js]
Qoker received [Td Ah]
UDF1 calls
Qoker checks
Flop [3d Ts 7s], UDF1 (20), Qoker (20)
Qoker bids 6
UDF1 bids 5
Qoker won the auction and was revealed [3c]
Flop [3d Ts 7s], UDF1 (20), Qoker (25)
Qoker checks
UDF1 bets 3018
Qoker calls
Turn [3d Ts 7s 5c], UDF1 (3038), Qoker (3043)
Qoker checks
UDF1 bets 1135
Qoker calls
River [3d Ts 7s 5c Th], UDF1 (4173), Qoker (4178)
Qoker bets 822
UDF1 calls
UDF1 shows [3c Js]
Qoker shows [Td Ah]
UDF1 awarded -4995
Qoker awarded 4995

Round #701, Qoker (259733), UDF1 (-259733)
Qoker posts blind: 10
UDF1 posts blind: 20
Qoker received [4d 2h]
UDF1 received [3s Jc]
Qoker calls
UDF1 checks
Flop [Jh 7h 8c], Qoker (20), UDF1 (20)
UDF1 bids 13
Qoker bids 0
UDF1 won the auction and was revealed [4d]
Flop [Jh 7h 8c], Qoker (20), UDF1 (20)
UDF1 bets 3127
Qoker folds
Qoker awarded -20
UDF1 awarded 20

Round #702, UDF1 (-259713), Qoker (259713)
UDF1 posts blind: 10
Qoker posts blind: 20
UDF1 received [2c 3s]
Qoker received [Qh 5h]
UDF1 calls
Qoker checks
Flop [Qd 6c 4c], UDF1 (20), Qoker (20)
Qoker bids 8
UDF1 bids 15
UDF1 won the auction and was revealed [Qh]
Flop [Qd 6c 4c], UDF1 (28), Qoker (20)
Qoker checks
UDF1 bets 2617
Qoker calls
Turn [Qd 6c 4c 9h], UDF1 (2645), Qoker (2637)
Qoker checks
UDF1 bets 1117
Qoker calls
River [Qd 6c 4c 9h 4d], UDF1 (3762), Qoker (3754)
Qoker bets 1238
UDF1 folds
UDF1 awarded -3762
Qoker awarded 3762

Round #703, Qoker (263475), UDF1 (-263475)
Qoker posts blind: 10
UDF1 posts blind: 20
Qoker received [7d 6s]
UDF1 received [5d 2h]
Qoker calls
UDF1 checks
Flop [Jh 3d Kc], Qoker (20), UDF1 (20)
UDF1 bids 11
Qoker bids 0
UDF1 won the auction and was revealed [7d]
Flop [Jh 3d Kc], Qoker (20), UDF1 (20)
UDF1 bets 2298
Qoker folds
Qoker awarded -20
UDF1 awarded 20

Round #704, UDF1 (-263455), Qoker (263455)
UDF1 posts blind: 10
Qoker posts blind: 20
UDF1 received [3d 9d]
Qoker received [Jd Kh]
UDF1 raises to 337
Qoker calls
Flop [3s Jc Qc], UDF1 (337), Qoker (337)
Qoker bids 102
UDF1 bids 9
Qoker won the auction and was revealed [9d]
Flop [3s Jc Qc], UDF1 (337), Qoker (346)
Qoker bets 497
UDF1 calls
Turn [3s Jc Qc Kd], UDF1 (834), Qoker (843)
Qoker bets 1389
UDF1 calls
River [3s Jc Qc Kd 2c], UDF1 (2223), Qoker (2232)
Qoker bets 2768
UDF1 calls
UDF1 shows [3d 9d]
Qoker shows [Jd Kh]
UDF1 awarded -4991
Qoker awarded 4991

Round #705, Qoker (268446), UDF1 (-268446)
Qoker posts blind: 10
UDF1 posts blind: 20
Qoker received [Jh 7h]
UDF1 received [Ah Ks]
Qoker calls
UDF1 raises to 4452
Qoker folds
Qoker awarded -20
UDF1 awarded 20

Round #706, UDF1 (-268426), Qoker (268426)
UDF1 posts blind: 10
Qoker posts blind: 20
UDF1 received [8s 7c]
Qoker received [2d Ac]
UDF1 folds
UDF1 awarded -10
Qoker awarded 10

Round #707, Qoker (268436), UDF1 (-268436)
Qoker posts blind: 10
UDF1 posts blind: 20
Qoker received [Qc 7s]
UDF1 received [Kc Ks]
Qoker calls
UDF1 raises to 4475
Qoker folds
Qoker awarded -20
UDF1 awarded 20

Round #708, UDF1 (-268416), Qoker (268416)
UDF1 posts blind: 10
Qoker posts blind: 20
UDF1 received [Jc 7c]
Qoker received [9c 9d]
UDF1 folds
UDF1 awarded -10
Qoker awarded 10

Round #709, Qoker (268426), UDF1 (-268426)
Qoker posts blind: 10
UDF1 posts blind: 20
Qoker received [2h 2s]
UDF1 received [7s Jh]
Qoker calls
UDF1 raises to 337
Qoker calls
Flop [5h Td Kc], Qoker (337), UDF1 (337)
UDF1 bids 13
Qoker bids 55
Qoker won the auction and was revealed [7s]
Flop [5h Td Kc], Qoker (350), UDF1 (337)
UDF1 bets 2834
Qoker calls
Turn [5h Td Kc Ac], Qoker (3184), UDF1 (3171)
UDF1 bets 969
Qoker calls
River [5h Td Kc Ac 4c], Qoker (4153), UDF1 (4140)
UDF1 bets 330
Qoker calls
Qoker shows [2h 2s]
UDF1 shows [7s Jh]
Qoker awarded 4470
UDF1 awarded -4470

Round #710, UDF1 (-272896), Qoker (272896)
UDF1 posts blind: 10
Qoker posts blind: 20
UDF1 received [7c Th]
Qoker received [Ks 3d]
UDF1 calls
Qoker checks
Flop [9h 2c Qc], UDF1 (20), Qoker (20)
Qoker bids 0
UDF1 bids 3
UDF1 won the auction and was revealed [Ks]
Flop [9h 2c Qc], UDF1 (20), Qoker (20)
Qoker checks
UDF1 bets 2289
Qoker folds
UDF1 awarded 20
Qoker awarded -20

Round #711, Qoker (272876), UDF1 (-272876)
Qoker posts blind: 10
UDF1 posts blind: 20
Qoker received [6s 8d]
UDF1 received [8c 2c]
Qoker calls
UDF1 checks
Flop [7c 8h As], Qoker (20), UDF1 (20)
UDF1 bids 3
Qoker bids 7
Qoker won the auction and was revealed [8c]
Flop [7c 8h As], Qoker (23), UDF1 (20)
UDF1 bets 3000
Qoker calls
Turn [7c 8h As 5s], Qoker (3023), UDF1 (3020)
UDF1 bets 1117
Qoker calls
River [7c 8h As 5s 7s], Qoker (4140), UDF1 (4137)
UDF1 bets 475
Qoker calls
Qoker shows [6s 8d]
UDF1 shows [8c 2c]
Qoker awarded -2
UDF1 awarded 2

Round #712, UDF1 (-272874), Qoker (272874)
UDF1 posts blind: 10
Qoker posts blind: 20
UDF1 received [7s Qd]
Qoker received [9d 5h]
UDF1 folds
UDF1 awarded -10
Qoker awarded 10

Round #713, Qoker (272884), UDF1 (-272884)
Qoker posts blind: 10
UDF1 posts blind: 20
Qoker received [6c Kd]
UDF1 received [6s 7s]
Qoker calls
UDF1 checks
Flop [2h 3h 7c], Qoker (20), UDF1 (20)
UDF1 bids 2
Qoker bids 0
UDF1 won the auction and was revealed [Kd]
Flop [2h 3h 7c], Qoker (20), UDF1 (20)
UDF1 bets 2997
Qoker folds
Qoker awarded -20
UDF1 awarded 20

Round #714, UDF1 (-272864), Qoker (272864)
UDF1 posts blind: 10
Qoker posts blind: 20
UDF1 received [9s 8c]
Qoker received [6s 2d]
UDF1 folds
UDF1 awarded -10
Qoker awarded 10

Round #715, Qoker (272874), UDF1 (-272874)
Qoker posts blind: 10
UDF1 posts blind: 20
Qoker received [Ac 7c]
UDF1 received [Ts 3h]
Qoker calls
UDF1 checks
Flop [2s 9c 8d], Qoker (20), UDF1 (20)
UDF1 bids 8
Qoker bids 6
UDF1 won the auction and was revealed [Ac]
Flop [2s 9c 8d], Qoker (20), UDF1 (26)
UDF1 bets 2764
Qoker folds
Qoker awarded -20
UDF1 awarded 20

Round #716, UDF1 (-272854), Qoker (272854)
UDF1 posts blind: 10
Qoker posts blind: 20
UDF1 received [6h Kh]
Qoker received [Kd 8d]
UDF1 calls
Qoker checks
Flop [Jd 9s 7c], UDF1 (20), Qoker (20)
Qoker bids 0
UDF1 bids 8
UDF1 won the auction and was revealed [Kd]
Flop [Jd 9s 7c], UDF1 (20), Qoker (20)
Qoker checks
UDF1 bets 2283
Qoker folds
UDF1 awarded 20
Qoker awarded -20

Round #717, Qoker (272834), UDF1 (-272834)
Qoker posts blind: 10
UDF1 posts blind: 20
Qoker received [Ah Ts]
UDF1 received [8c 5h]
Qoker calls
UDF1 checks
Flop [7c Jd 3s], Qoker (20), UDF1 (20)
UDF1 bids 7
Qoker bids 4
UDF1 won the auction and was revealed [Ah]
Flop [7c Jd 3s], Qoker (20), UDF1 (24)
UDF1 bets 2631
Qoker folds
Qoker awarded -20
UDF1 awarded 20

Round #718, UDF1 (-272814), Qoker (272814)
UDF1 posts blind: 10
Qoker posts blind: 20
UDF1 received [Kh 8h]
Qoker received [9d 5h]
UDF1 calls
Qoker checks
Flop [6h Qd Qc], UDF1 (20), Qoker (20)
Qoker bids 8
UDF1 bids 4
Qoker won the auction and was revealed [Kh]
Flop [6h Qd Qc], UDF1 (20), Qoker (24)
Qoker checks
UDF1 bets 3124
Qoker calls
Turn [6h Qd Qc 6s], UDF1 (3144), Qoker (3148)
Qoker checks
UDF1 bets 1041
Qoker calls
River [6h Qd Qc 6s 9s], UDF1 (4185), Qoker (4189)
Qoker bets 811
UDF1 calls
UDF1 shows [Kh 8h]
Qoker shows [9d 5h]
UDF1 awarded -4996
Qoker awarded 4996

Round #719, Qoker (277810), UDF1 (-277810)
Qoker posts blind: 10
UDF1 posts blind: 20
Qoker received [9s 8c]
UDF1 received [6d 5c]
Qoker calls
UDF1 checks
Flop [2s 7h Ks], Qoker (20), UDF1 (20)
UDF1 bids 15
Qoker bids 0
UDF1 won the auction and was revealed [8c]
Flop [2s 7h Ks], Qoker (20), UDF1 (20)
UDF1 bets 2121
Qoker folds
Qoker awarded -20
UDF1 awarded 20

Round #720, UDF1 (-277790), Qoker (277790)
UDF1 posts blind: 10
Qoker posts blind: 20
UDF1 received [Ts As]
Qoker received [6s 7c]
UDF1 raises to 3373
Qoker folds
UDF1 awarded 20
Qoker awarded -20

Round #721, Qoker (277770), UDF1 (-277770)
Qoker posts blind: 10
UDF1 posts blind: 20
Qoker received [3s 8s]
UDF1 received [4d 2s]
Qoker calls
UDF1 checks
Flop [Jc As Jd], Qoker (20), UDF1 (20)
UDF1 bids 12
Qoker bids 7
UDF1 won the auction and was revealed [3s]
Flop [Jc As Jd], Qoker (20), UDF1 (27)
UDF1 bets 2258
Qoker calls
Turn [Jc As Jd 6s], Qoker (2278), UDF1 (2285)
UDF1 bets 1233
Qoker calls
River [Jc As Jd 6s 3c], Qoker (3511), UDF1 (3518)
UDF1 bets 652
Qoker calls
Qoker shows [3s 8s]
UDF1 shows [4d 2s]
Qoker awarded 4170
UDF1 awarded -4170

Round #722, UDF1 (-281940), Qoker (281940)
UDF1 posts blind: 10
Qoker posts blind: 20
UDF1 received [8c Qh]
Qoker received [Js 7h]
UDF1 calls
Qoker checks
Flop [4d Qc Kc], UDF1 (20), Qoker (20)
Qoker bids 0
UDF1 bids 14
UDF1 won the auction and was revealed [Js]
Flop [4d Qc Kc], UDF1 (20), Qoker (20)
Qoker checks
UDF1 bets 3433
Qoker folds
UDF1 awarded 20
Qoker awarded -20

Round #723, Qoker (281920), UDF1 (-281920)
Qoker posts blind: 10
UDF1 posts blind: 20
Qoker received [5c 3h]
UDF1 received [2s Th]
Qoker calls
UDF1 checks
Flop [Ks 4d 2c], Qoker (20), UDF1 (20)
UDF1 bids 15
Qoker bids 7
UDF1 won the auction and was revealed [5c]
Flop [Ks 4d 2c], Qoker (20), UDF1 (27)
UDF1 bets 2830
Qoker calls
Turn [Ks 4d 2c 7c], Qoker (2850), UDF1 (2857)
UDF1 bets 1315
Qoker calls
River [Ks 4d 2c 7c Qs], Qoker (4165), UDF1 (4172)
UDF1 bets 452
Qoker calls
Qoker shows [5c 3h]
UDF1 shows [2s Th]
Qoker awarded -4617
UDF1 awarded 4617

Round #724, UDF1 (-277303), Qoker (277303)
UDF1 posts blind: 10
Qoker posts blind: 20
UDF1 received [Js 7d]
Qoker received [5h Qh]
UDF1 folds
UDF1 awarded -10
Qoker awarded 10

Round #725, Qoker (277313), UDF1 (-277313)
Qoker posts blind: 10
UDF1 posts blind: 20
Qoker received [Jd 2c]
UDF1 received [Kc 9d]
Qoker calls
UDF1 checks
Flop [Ah Js 3h], Qoker (20), UDF1 (20)
UDF1 bids 7
Qoker bids 5
UDF1 won the auction and was revealed [Jd]
Flop [Ah Js 3h], Qoker (20), UDF1 (25)
UDF1 bets 2501
Qoker calls
Turn [Ah Js 3h 8c], Qoker (2521), UDF1 (2526)
UDF1 bets 1121
Qoker calls
River [Ah Js 3h 8c 8h], Qoker (3642), UDF1 (3647)
UDF1 bets 533
Qoker calls
Qoker shows [Jd 2c]
UDF1 shows [Kc 9d]
Qoker awarded 4180
UDF1 awarded -4180

Round #726, UDF1 (-281493), Qoker (281493)
UDF1 posts blind: 10
Qoker posts blind: 20
UDF1 received [2d Th]
Qoker received [3s 4c]
UDF1 folds
UDF1 awarded -10
Qoker awarded 10

Round #727, Qoker (281503), UDF1 (-281503)
Qoker posts blind: 10
UDF1 posts blind: 20
Qoker received [3h 3s]
UDF1 received [4h 6c]
Qoker calls
UDF1 checks
Flop [9h Jc 7c], Qoker (20), UDF1 (20)
UDF1 bids 6
Qoker bids 4
UDF1 won the auction and was revealed [3s]
Flop [9h Jc 7c], Qoker (20), UDF1 (24)
UDF1 bets 2414
Qoker calls
Turn [9h Jc 7c Ks], Qoker (2434), UDF1 (2438)
UDF1 bets 1088
Qoker calls
River [9h Jc 7c Ks 2d], Qoker (3522), UDF1 (3526)
UDF1 bets 619
Qoker calls
Qoker shows [3h 3s]
UDF1 shows [4h 6c]
Qoker awarded 4145
UDF1 awarded -4145

Round #728, UDF1 (-285648), Qoker (285648)
UDF1 posts blind: 10
Qoker posts blind: 20
UDF1 received [2c Jc]
Qoker received [8c 6c]
UDF1 raises to 337
Qoker calls
Flop [Th 6s Ac], UDF1 (337), Qoker (337)
Qoker bids 123
UDF1 bids 3
Qoker won the auction and was revealed [Jc]
Flop [Th 6s Ac], UDF1 (337), Qoker (340)
Qoker checks
UDF1 bets 2450
Qoker calls
Turn [Th 6s Ac 4d], UDF1 (2787), Qoker (2790)
Qoker checks
UDF1 bets 1100
Qoker calls
River [Th 6s Ac 4d Kd], UDF1 (3887), Qoker (3890)
Qoker checks
UDF1 bets 573
Qoker calls
UDF1 shows [2c Jc]
Qoker shows [8c 6c]
UDF1 awarded -4460
Qoker awarded 4460

Round #729, Qoker (290108), UDF1 (-290108)
Qoker posts blind: 10
UDF1 posts blind: 20
Qoker received [2h 7h]
UDF1 received [9h 3c]
Qoker calls
UDF1 checks
Flop [Ac Ts Qs], Qoker (20), UDF1 (20)
UDF1 bids 9
Qoker bids 6
UDF1 won the auction and was revealed [2h]
Flop [Ac Ts Qs], Qoker (20), UDF1 (26)
UDF1 bets 2548
Qoker folds
Qoker awarded -20
UDF1 awarded 20

Round #730, UDF1 (-290088), Qoker (290088)
UDF1 posts blind: 10
Qoker posts blind: 20
UDF1 received [9c Qh]
Qoker received [Ac 5c]
UDF1 folds
UDF1 awarded -10
Qoker awarded 10

Round #731, Qoker (290098), UDF1 (-290098)
Qoker posts blind: 10
UDF1 posts blind: 20
Qoker received [6c 8c]
UDF1 received [3h 6s]
Qoker calls
UDF1 checks
Flop [Ad Jh 7h], Qoker (20), UDF1 (20)
UDF1 bids 0
Qoker bids 5
Qoker won the auction and was revealed [3h]
Flop [Ad Jh 7h], Qoker (20), UDF1 (20)
UDF1 bets 2266
Qoker folds
Qoker awarded -20
UDF1 awarded 20

Round #732, UDF1 (-290078), Qoker (290078)
UDF1 posts blind: 10
Qoker posts blind: 20
UDF1 received [Th Qs]
Qoker received [Jc Td]
UDF1 calls
Qoker checks
Flop [9d 8c Ts], UDF1 (20), Qoker (20)
Qoker bids 4
UDF1 bids 13
UDF1 won the auction and was revealed [Jc]
Flop [9d 8c Ts], UDF1 (24), Qoker (20)
Qoker bets 22
UDF1 calls
Turn [9d 8c Ts Ah], UDF1 (46), Qoker (42)
Qoker bets 47
UDF1 calls
River [9d 8c Ts Ah 3c], UDF1 (93), Qoker (89)
Qoker bets 118
UDF1 raises to 2806
Qoker calls
UDF1 shows [Th Qs]
Qoker shows [Jc Td]
UDF1 awarded 2895
Qoker awarded -2895

Round #733, Qoker (287183), UDF1 (-287183)
Qoker posts blind: 10
UDF1 posts blind: 20
Qoker received [Qd Kc]
UDF1 received [2c Qh]
Qoker calls
UDF1 raises to 337
Qoker calls
Flop [Ks 5c 4s], Qoker (337), UDF1 (337)
UDF1 bids 10
Qoker bids 73
Qoker won the auction and was revealed [Qh]
Flop [Ks 5c 4s], Qoker (347), UDF1 (337)
UDF1 bets 2786
Qoker calls
Turn [Ks 5c 4s 3c], Qoker (3133), UDF1 (3123)
UDF1 bets 901
Qoker calls
River [Ks 5c 4s 3c 3d], Qoker (4034), UDF1 (4024)
UDF1 bets 422
Qoker calls
Qoker shows [Qd Kc]
UDF1 shows [2c Qh]
Qoker awarded 4446
UDF1 awarded -4446

Round #734, UDF1 (-291629), Qoker (291629)
UDF1 posts blind: 10
Qoker posts blind: 20
UDF1 received [6c Ks]
Qoker received [Jc 3s]
UDF1 raises to 337
Qoker folds
UDF1 awarded 20
Qoker awarded -20

Round #735, Qoker (291609), UDF1 (-291609)
Qoker posts blind: 10
UDF1 posts blind: 20
Qoker received [6h 8s]
UDF1 received [8h 6s]
Qoker calls
UDF1 checks
Flop [9c 2h Ah], Qoker (20), UDF1 (20)
UDF1 bids 6
Qoker bids 5
UDF1 won the auction and was revealed [6h]
Flop [9c 2h Ah], Qoker (20), UDF1 (25)
UDF1 bets 2637
Qoker folds
Qoker awarded -20
UDF1 awarded 20

Round #736, UDF1 (-291589), Qoker (291589)
UDF1 posts blind: 10
Qoker posts blind: 20
UDF1 received [6h Jd]
Qoker received [Jh 2s]
UDF1 calls
Qoker checks
Flop [Qs Qc 4h], UDF1 (20), Qoker (20)
Qoker bids 6
UDF1 bids 11
UDF1 won the auction and was revealed [2s]
Flop [Qs Qc 4h], UDF1 (26), Qoker (20)
Qoker bets 28
UDF1 raises to 2949
Qoker calls
Turn [Qs Qc 4h Ah], UDF1 (2975), Qoker (2969)
Qoker bets 2025
UDF1 calls
River [Qs Qc 4h Ah 8d], UDF1 (5000), Qoker (4994)
Qoker checks
UDF1 checks
UDF1 shows [6h Jd]
Qoker shows [Jh 2s]
UDF1 awarded -3
Qoker awarded 3

Round #737, Qoker (291592), UDF1 (-291592)
Qoker posts blind: 10
UDF1 posts blind: 20
Qoker received [Ts Js]
UDF1 received [3h 5s]
Qoker calls
UDF1 checks
Flop [Qc 7s 2d], Qoker (20), UDF1 (20)
UDF1 bids 15
Qoker bids 0
UDF1 won the auction and was revealed [Js]
Flop [Qc 7s 2d], Qoker (20), UDF1 (20)
UDF1 bets 2679
Qoker folds
Qoker awarded -20
UDF1 awarded 20

Round #738, UDF1 (-291572), Qoker (291572)
UDF1 posts blind: 10
Qoker posts blind: 20
UDF1 received [3d 9d]
Qoker received [As 8d]
UDF1 calls
Qoker checks
Flop [Th 3c Jh], UDF1 (20), Qoker (20)
Qoker bids 4
UDF1 bids 0
Qoker won the auction and was revealed [9d]
Flop [Th 3c Jh], UDF1 (20), Qoker (20)
Qoker checks
UDF1 bets 3125
Qoker folds
UDF1 awarded 20
Qoker awarded -20

Round #739, Qoker (291552), UDF1 (-291552)
Qoker posts blind: 10
UDF1 posts blind: 20
Qoker received [5c 4d]
UDF1 received [2h 3h]
Qoker calls
UDF1 checks
Flop [9c 6c 5d], Qoker (20), UDF1 (20)
UDF1 bids 9
Qoker bids 5
UDF1 won the auction and was revealed [4d]
Flop [9c 6c 5d], Qoker (20), UDF1 (25)
UDF1 bets 2546
Qoker calls
Turn [9c 6c 5d Qh], Qoker (2566), UDF1 (2571)
UDF1 bets 1278
Qoker calls
River [9c 6c 5d Qh 2s], Qoker (3844), UDF1 (3849)
UDF1 bets 748
Qoker calls
Qoker shows [5c 4d]
UDF1 shows [2h 3h]
Qoker awarded 4597
UDF1 awarded -4597

Round #740, UDF1 (-296149), Qoker (296149)
UDF1 posts blind: 10
Qoker posts blind: 20
UDF1 received [3s 6s]
Qoker received [Ac Jd]
UDF1 calls
Qoker checks
Flop [Qc Kd 3d], UDF1 (20), Qoker (20)
Qoker bids 5
UDF1 bids 8
UDF1 won the auction and was revealed [Ac]
Flop [Qc Kd 3d], UDF1 (25), Qoker (20)
Qoker checks
UDF1 bets 2837
Qoker calls
Turn [Qc Kd 3d Ad], UDF1 (2862), Qoker (2857)
Qoker checks
UDF1 bets 824
Qoker calls
River [Qc Kd 3d Ad Th], UDF1 (3686), Qoker (3681)
Qoker bets 1314
UDF1 folds
UDF1 awarded -3686
Qoker awarded 3686

Round #741, Qoker (299835), UDF1 (-299835)
Qoker posts blind: 10
UDF1 posts blind: 20
Qoker received [8s Js]
UDF1 received [7d Kh]
Qoker calls
UDF1 checks
Flop [Jc 6d 7c], Qoker (20), UDF1 (20)
UDF1 bids 7
Qoker bids 5
UDF1 won the auction and was revealed [Js]
Flop [Jc 6d 7c], Qoker (20), UDF1 (25)
UDF1 bets 2588
Qoker calls
Turn [Jc 6d 7c 8d], Qoker (2608), UDF1 (2613)
UDF1 bets 913
Qoker calls
River [Jc 6d 7c 8d Ah], Qoker (3521), UDF1 (3526)
UDF1 bets 591
Qoker calls
Qoker shows [8s Js]
UDF1 shows [7d Kh]
Qoker awarded 4117
UDF1 awarded -4117

Round #742, UDF1 (-303952), Qoker (303952)
UDF1 posts blind: 10
Qoker posts blind: 20
UDF1 received [3h 9c]
Qoker received [6h Qh]
UDF1 calls
Qoker checks
Flop [3d As Th], UDF1 (20), Qoker (20)
Qoker bids 4
UDF1 bids 5
UDF1 won the auction and was revealed [Qh]
Flop [3d As Th], UDF1 (24), Qoker (20)
Qoker checks
UDF1 bets 2869
Qoker folds
UDF1 awarded 20
Qoker awarded -20

Round #743, Qoker (303932), UDF1 (-303932)
Qoker posts blind: 10
UDF1 posts blind: 20
Qoker received [2s Jd]
UDF1 received [2d Td]
Qoker calls
UDF1 checks
Flop [Kd Jh 9h], Qoker (20), UDF1 (20)
UDF1 bids 7
Qoker bids 6
UDF1 won the auction and was revealed [2s]
Flop [Kd Jh 9h], Qoker (20), UDF1 (26)
UDF1 bets 2904
Qoker calls
Turn [Kd Jh 9h 7c], Qoker (2924), UDF1 (2930)
UDF1 bets 1061
Qoker calls
River [Kd Jh 9h 7c 7h], Qoker (3985), UDF1 (3991)
UDF1 bets 450
Qoker calls
Qoker shows [2s Jd]
UDF1 shows [2d Td]
Qoker awarded 4441
UDF1 awarded -4441

Round #744, UDF1 (-308373), Qoker (308373)
UDF1 posts blind: 10
Qoker posts blind: 20
UDF1 received [4d Tc]
Qoker received [6c 3d]
UDF1 calls
Qoker checks
Flop [8c 8d 3c], UDF1 (20), Qoker (20)
Qoker bids 5
UDF1 bids 8
UDF1 won the auction and was revealed [3d]
Flop [8c 8d 3c], UDF1 (25), Qoker (20)
Qoker checks
UDF1 bets 2415
Qoker calls
Turn [8c 8d 3c Ad], UDF1 (2440), Qoker (2435)
Qoker checks
UDF1 bets 1143
Qoker calls
River [8c 8d 3c Ad 4s], UDF1 (3583), Qoker (3578)
Qoker checks
UDF1 bets 906
Qoker calls
UDF1 shows [4d Tc]
Qoker shows [6c 3d]
UDF1 awarded 4484
Qoker awarded -4484

Round #745, Qoker (303889), UDF1 (-303889)
Qoker posts blind: 10
UDF1 posts blind: 20
Qoker received [Ts 4c]
UDF1 received [4d 8h]
Qoker calls
UDF1 checks
Flop [3h 3d Jc], Qoker (20), UDF1 (20)
UDF1 bids 9
Qoker bids 4
UDF1 won the auction and was revealed [Ts]
Flop [3h 3d Jc], Qoker (20), UDF1 (24)
UDF1 bets 2169
Qoker calls
Turn [3h 3d Jc 9h], Qoker (2189), UDF1 (2193)
UDF1 bets 939
Qoker calls
River [3h 3d Jc 9h 9d], Qoker (3128), UDF1 (3132)
UDF1 bets 840
Qoker calls
Qoker shows [Ts 4c]
UDF1 shows [4d 8h]
Qoker awarded 2
UDF1 awarded -2

Round #746, UDF1 (-303891), Qoker (303891)
UDF1 posts blind: 10
Qoker posts blind: 20
UDF1 received [7h Jc]
Qoker received [Tc 7d]
UDF1 raises to 337
Qoker folds
UDF1 awarded 20
Qoker awarded -20

Round #747, Qoker (303871), UDF1 (-303871)
Qoker posts blind: 10
UDF1 posts blind: 20
Qoker received [4d 8d]
UDF1 received [Kc 8c]
Qoker calls
UDF1 checks
Flop [9c 4s 3s], Qoker (20), UDF1 (20)
UDF1 bids 0
Qoker bids 4
Qoker won the auction and was revealed [Kc]
Flop [9c 4s 3s], Qoker (20), UDF1 (20)
UDF1 bets 3233
Qoker calls
Turn [9c 4s 3s Jd], Qoker (3253), UDF1 (3253)
UDF1 bets 817
Qoker calls
River [9c 4s 3s Jd 9h], Qoker (4070), UDF1 (4070)
UDF1 bets 470
Qoker calls
Qoker shows [4d 8d]
UDF1 shows [Kc 8c]
Qoker awarded 4540
UDF1 awarded -4540

Round #748, UDF1 (-308411), Qoker (308411)
UDF1 posts blind: 10
Qoker posts blind: 20
UDF1 received [6h 4c]
Qoker received [Jh 2d]
UDF1 folds
UDF1 awarded -10
Qoker awarded 10

Round #749, Qoker (308421), UDF1 (-308421)
Qoker posts blind: 10
UDF1 posts blind: 20
Qoker received [Jh 5h]
UDF1 received [6d 4d]
Qoker calls
UDF1 raises to 337
Qoker folds
Qoker awarded -20
UDF1 awarded 20

Round #750, UDF1 (-308401), Qoker (308401)
UDF1 posts blind: 10
Qoker posts blind: 20
UDF1 received [2s Qc]
Qoker received [As 6h]
UDF1 folds
UDF1 awarded -10
Qoker awarded 10

Round #751, Qoker (308411), UDF1 (-308411)
Qoker posts blind: 10
UDF1 posts blind: 20
Qoker received [Qc Kd]
UDF1 received [3d Th]
Qoker calls
UDF1 checks
Flop [6d 7c 2c], Qoker (20), UDF1 (20)
UDF1 bids 13
Qoker bids 0
UDF1 won the auction and was revealed [Qc]
Flop [6d 7c 2c], Qoker (20), UDF1 (20)
UDF1 bets 2176
Qoker folds
Qoker awarded -20
UDF1 awarded 20

Round #752, UDF1 (-308391), Qoker (308391)
UDF1 posts blind: 10
Qoker posts blind: 20
UDF1 received [7d 4s]
Qoker received [2d 3s]
UDF1 folds
UDF1 awarded -10
Qoker awarded 10

Round #753, Qoker (308401), UDF1 (-308401)
Qoker posts blind: 10
UDF1 posts blind: 20
Qoker received [3h 6s]
UDF1 received [As 3s]
Qoker calls
UDF1 checks
Flop [2d Ad 5s], Qoker (20), UDF1 (20)
UDF1 bids 3
Qoker bids 5
Qoker won the auction and was revealed [3s]
Flop [2d Ad 5s], Qoker (23), UDF1 (20)
UDF1 bets 3143
Qoker folds
Qoker awarded -23
UDF1 awarded 23

Round #754, UDF1 (-308378), Qoker (308378)
UDF1 posts blind: 10
Qoker posts blind: 20
UDF1 received [Qs 9h]
Qoker received [8s 5h]
UDF1 calls
Qoker checks
Flop [6c As Ah], UDF1 (20), Qoker (20)
Qoker bids 6
UDF1 bids 3
Qoker won the auction and was revealed [Qs]
Flop [6c As Ah], UDF1 (20), Qoker (23)
Qoker checks
UDF1 bets 2682
Qoker calls
Turn [6c As Ah 2d], UDF1 (2702), Qoker (2705)
Qoker checks
UDF1 bets 1098
Qoker calls
River [6c As Ah 2d Qh], UDF1 (3800), Qoker (3803)
Qoker checks
UDF1 bets 687
Qoker calls
UDF1 shows [Qs 9h]
Qoker shows [8s 5h]
UDF1 awarded 4490
Qoker awarded -4490

Round #755, Qoker (303888), UDF1 (-303888)
Qoker posts blind: 10
UDF1 posts blind: 20
Qoker received [4h 6h]
UDF1 received [Qs Ac]
Qoker calls
UDF1 raises to 3797
Qoker folds
Qoker awarded -20
UDF1 awarded 20

Round #756, UDF1 (-303868), Qoker (303868)
UDF1 posts blind: 10
Qoker posts blind: 20
UDF1 received [9s Kd]
Qoker received [6c 5d]
UDF1 folds
UDF1 awarded -10
Qoker awarded 10

Round #757, Qoker (303878), UDF1 (-303878)
Qoker posts blind: 10
UDF1 posts blind: 20
Qoker received [Td 2d]
UDF1 received [Js Qd]
Qoker calls
UDF1 raises to 1520
Qoker folds
Qoker awarded -20
UDF1 awarded 20

Round #758, UDF1 (-303858), Qoker (303858)
UDF1 posts blind: 10
Qoker posts blind: 20
UDF1 received [Ad 7h]
Qoker received [7c Jh]
UDF1 folds
UDF1 awarded -10
Qoker awarded 10

Round #759, Qoker (303868), UDF1 (-303868)
Qoker posts blind: 10
UDF1 posts blind: 20
Qoker received [2s 7c]
UDF1 received [8s Jd]
Qoker calls
UDF1 checks
Flop [3h 5d 8c], Qoker (20), UDF1 (20)
UDF1 bids 8
Qoker bids 0
UDF1 won the auction and was revealed [7c]
Flop [3h 5d 8c], Qoker (20), UDF1 (20)
UDF1 bets 3538
Qoker folds
Qoker awarded -20
UDF1 awarded 20

Round #760, UDF1 (-303848), Qoker (303848)
UDF1 posts blind: 10
Qoker posts blind: 20
UDF1 received [5s 8h]
Qoker received [Js 8s]
UDF1 folds
UDF1 awarded -10
Qoker awarded 10

Round #761, Qoker (303858), UDF1 (-303858)
Qoker posts blind: 10
UDF1 posts blind: 20
Qoker received [6h Ac]
UDF1 received [9h 4d]
Qoker calls
UDF1 checks
Flop [3d Ah 3c], Qoker (20), UDF1 (20)
UDF1 bids 11
Qoker bids 4
UDF1 won the auction and was revealed [6h]
Flop [3d Ah 3c], Qoker (20), UDF1 (24)
UDF1 bets 2586
Qoker calls
Turn [3d Ah 3c 2h], Qoker (2606), UDF1 (2610)
UDF1 bets 1191
Qoker calls
River [3d Ah 3c 2h 4c], Qoker (3797), UDF1 (3801)
UDF1 bets 727
Qoker calls
Qoker shows [6h Ac]
UDF1 shows [9h 4d]
Qoker awarded 4528
UDF1 awarded -4528

Round #762, UDF1 (-308386), Qoker (308386)
UDF1 posts blind: 10
Qoker posts blind: 20
UDF1 received [8d 2h]
Qoker received [7c Ah]
UDF1 calls
Qoker checks
Flop [8s Qc 5h], UDF1 (20), Qoker (20)
Qoker bids 4
UDF1 bids 6
UDF1 won the auction and was revealed [Ah]
Flop [8s Qc 5h], UDF1 (24), Qoker (20)
Qoker checks
UDF1 bets 3158
Qoker folds
UDF1 awarded 20
Qoker awarded -20

Round #763, Qoker (308366), UDF1 (-308366)
Qoker posts blind: 10
UDF1 posts blind: 20
Qoker received [9h 2h]
UDF1 received [Ac As]
Qoker calls
UDF1 raises to 4645
Qoker folds
Qoker awarded -20
UDF1 awarded 20

Round #764, UDF1 (-308346), Qoker (308346)
UDF1 posts blind: 10
Qoker posts blind: 20
UDF1 received [7h 2c]
Qoker received [Qh 9c]
UDF1 folds
UDF1 awarded -10
Qoker awarded 10

Round #765, Qoker (308356), UDF1 (-308356)
Qoker posts blind: 10
UDF1 posts blind: 20
Qoker received [Kh 2s]
UDF1 received [4s 6d]
Qoker calls
UDF1 checks
Flop [Kd 7h Js], Qoker (20), UDF1 (20)
UDF1 bids 13
Qoker bids 4
UDF1 won the auction and was revealed [2s]
Flop [Kd 7h Js], Qoker (20), UDF1 (24)
UDF1 bets 2583
Qoker calls
Turn [Kd 7h Js Qc], Qoker (2603), UDF1 (2607)
UDF1 bets 992
Qoker calls
River [Kd 7h Js Qc Jh], Qoker (3595), UDF1 (3599)
UDF1 bets 589
Qoker calls
Qoker shows [Kh 2s]
UDF1 shows [4s 6d]
Qoker awarded 4188
UDF1 awarded -4188

Round #766, UDF1 (-312544), Qoker (312544)
UDF1 posts blind: 10
Qoker posts blind: 20
UDF1 received [6s 6d]
Qoker received [6c Qs]
UDF1 calls
Qoker checks
Flop [4s 5c Jc], UDF1 (20), Qoker (20)
Qoker bids 0
UDF1 bids 12
UDF1 won the auction and was revealed [Qs]
Flop [4s 5c Jc], UDF1 (20), Qoker (20)
Qoker checks
UDF1 bets 2888
Qoker folds
UDF1 awarded 20
Qoker awarded -20

Round #767, Qoker (312524), UDF1 (-312524)
Qoker posts blind: 10
UDF1 posts blind: 20
Qoker received [3c Ah]
UDF1 received [Ks 8d]
Qoker calls
UDF1 checks
Flop [4d Ts 2h], Qoker (20), UDF1 (20)
UDF1 bids 4
Qoker bids 3
UDF1 won the auction and was revealed [Ah]
Flop [4d Ts 2h], Qoker (20), UDF1 (23)
UDF1 bets 2197
Qoker folds
Qoker awarded -20
UDF1 awarded 20

Round #768, UDF1 (-312504), Qoker (312504)
UDF1 posts blind: 10
Qoker posts blind: 20
UDF1 received [Th 7h]
Qoker received [6d Ad]
UDF1 folds
UDF1 awarded -10
Qoker awarded 10

Round #769, Qoker (312514), UDF1 (-312514)
Qoker posts blind: 10
UDF1 posts blind: 20
Qoker received [7c Ac]
UDF1 received [Qd Kc]
Qoker calls
UDF1 raises to 3815
Qoker folds
Qoker awarded -20
UDF1 awarded 20

Round #770, UDF1 (-312494), Qoker (312494)
UDF1 posts blind: 10
Qoker posts blind: 20
UDF1 received [9d 2d]
Qoker received [7c Jd]
UDF1 calls
Qoker checks
Flop [Qd Jc Qs], UDF1 (20), Qoker (20)
Qoker bids 4
UDF1 bids 8
UDF1 won the auction and was revealed [7c]
Flop [Qd Jc Qs], UDF1 (24), Qoker (20)
Qoker checks
UDF1 bets 2558
Qoker calls
Turn [Qd Jc Qs 3h], UDF1 (2582), Qoker (2578)
Qoker checks
UDF1 bets 1202
Qoker calls
River [Qd Jc Qs 3h Js], UDF1 (3784), Qoker (3780)
Qoker bets 1216
UDF1 calls
UDF1 shows [9d 2d]
Qoker shows [7c Jd]
UDF1 awarded -5000
Qoker awarded 5000

Round #771, Qoker (317494), UDF1 (-317494)
Qoker posts blind: 10
UDF1 posts blind: 20
Qoker received [6h Jh]
UDF1 received [3c Jd]
Qoker calls
UDF1 checks
Flop [3h Kc 4s], Qoker (20), UDF1 (20)
UDF1 bids 3
Qoker bids 0
UDF1 won the auction and was revealed [Jh]
Flop [3h Kc 4s], Qoker (20), UDF1 (20)
UDF1 bets 3137
Qoker folds
Qoker awarded -20
UDF1 awarded 20

Round #772, UDF1 (-317474), Qoker (317474)
UDF1 posts blind: 10
Qoker posts blind: 20
UDF1 received [Qd 8h]
Qoker received [9c Ks]
UDF1 folds
UDF1 awarded -10
Qoker awarded 10

Round #773, Qoker (317484), UDF1 (-317484)
Qoker posts blind: 10
UDF1 posts blind: 20
Qoker received [Js 3s]
UDF1 received [2c 4d]
Qoker calls
UDF1 checks
Flop [5h 4h Jc], Qoker (20), UDF1 (20)
UDF1 bids 7
Qoker bids 4
UDF1 won the auction and was revealed [Js]
Flop [5h 4h Jc], Qoker (20), UDF1 (24)
UDF1 bets 2740
Qoker calls
Turn [5h 4h Jc 9h], Qoker (2760), UDF1 (2764)
UDF1 bets 987
Qoker calls
River [5h 4h Jc 9h Ts], Qoker (3747), UDF1 (3751)
UDF1 bets 468
Qoker calls
Qoker shows [Js 3s]
UDF1 shows [2c 4d]
Qoker awarded 4219
UDF1 awarded -4219

Round #774, UDF1 (-321703), Qoker (321703)
UDF1 posts blind: 10
Qoker posts blind: 20
UDF1 received [3d 8c]
Qoker received [5s Kh]
UDF1 folds
UDF1 awarded -10
Qoker awarded 10

Round #775, Qoker (321713), UDF1 (-321713)
Qoker posts blind: 10
UDF1 posts blind: 20
Qoker received [Th 6c]
UDF1 received [Jh 7h]
Qoker calls
UDF1 checks
Flop [4h 4s Tc], Qoker (20), UDF1 (20)
UDF1 bids 8
Qoker bids 7
UDF1 won the auction and was revealed [6c]
Flop [4h 4s Tc], Qoker (20), UDF1 (27)
UDF1 bets 2738
Qoker calls
Turn [4h 4s Tc Ks], Qoker (2758), UDF1 (2765)
UDF1 bets 1268
Qoker calls
River [4h 4s Tc Ks Ac], Qoker (4026), UDF1 (4033)
UDF1 bets 556
Qoker calls
Qoker shows [Th 6c]
UDF1 shows [Jh 7h]
Qoker awarded 4589
UDF1 awarded -4589

Round #776, UDF1 (-326302), Qoker (326302)
UDF1 posts blind: 10
Qoker posts blind: 20
UDF1 received [3s 5s]
Qoker received [2h Qd]
UDF1 calls
Qoker checks
Flop [8c 2c Jh], UDF1 (20), Qoker (20)
Qoker bids 3
UDF1 bids 0
Qoker won the auction and was revealed [5s]
Flop [8c 2c Jh], UDF1 (20), Qoker (20)
Qoker checks
UDF1 bets 2529
Qoker calls
Turn [8c 2c Jh Qs], UDF1 (2549), Qoker (2549)
Qoker bets 2451
UDF1 folds
UDF1 awarded -2549
Qoker awarded 2549

Round #777, Qoker (328851), UDF1 (-328851)
Qoker posts blind: 10
UDF1 posts blind: 20
Qoker received [Kd 5h]
UDF1 received [Kc 7d]
Qoker calls
UDF1 checks
Flop [6h Jc 8d], Qoker (20), UDF1 (20)
UDF1 bids 10
Qoker bids 0
UDF1 won the auction and was revealed [5h]
Flop [6h Jc 8d], Qoker (20), UDF1 (20)
UDF1 bets 3124
Qoker folds
Qoker awarded -20
UDF1 awarded 20

Round #778, UDF1 (-328831), Qoker (328831)
UDF1 posts blind: 10
Qoker posts blind: 20
UDF1 received [Qh 5h]
Qoker received [3s 9c]
UDF1 calls
Qoker checks
Flop [4d Kd Kh], UDF1 (20), Qoker (20)
Qoker bids 4
UDF1 bids 6
UDF1 won the auction and was revealed [3s]
Flop [4d Kd Kh], UDF1 (24), Qoker (20)
Qoker checks
UDF1 bets 2640
Qoker calls
Turn [4d Kd Kh 2s], UDF1 (2664), Qoker (2660)
Qoker checks
UDF1 bets 1263
Qoker calls
River [4d Kd Kh 2s 5c], UDF1 (3927), Qoker (3923)
Qoker checks
UDF1 bets 641
Qoker calls
UDF1 shows [Qh 5h]
Qoker shows [3s 9c]
UDF1 awarded 4564
Qoker awarded -4564

Round #779, Qoker (324267), UDF1 (-324267)
Qoker posts blind: 10
UDF1 posts blind: 20
Qoker received [8h 7c]
UDF1 received [4c 5h]
Qoker calls
UDF1 checks
Flop [Jd 5d Qc], Qoker (20), UDF1 (20)
UDF1 bids 15
Qoker bids 0
UDF1 won the auction and was revealed [8h]
Flop [Jd 5d Qc], Qoker (20), UDF1 (20)
UDF1 bets 3161
Qoker folds
Qoker awarded -20
UDF1 awarded 20

Round #780, UDF1 (-324247), Qoker (324247)
UDF1 posts blind: 10
Qoker posts blind: 20
UDF1 received [5s 8s]
Qoker received [Ad Jc]
UDF1 folds
UDF1 awarded -10
Qoker awarded 10

Round #781, Qoker (324257), UDF1 (-324257)
Qoker posts blind: 10
UDF1 posts blind: 20
Qoker received [8h 4d]
UDF1 received [Ah 9d]
Qoker calls
UDF1 checks
Flop [Jh 5d 5h], Qoker (20), UDF1 (20)
UDF1 bids 4
Qoker bids 3
UDF1 won the auction and was revealed [4d]
Flop [Jh 5d 5h], Qoker (20), UDF1 (23)
UDF1 bets 3120
Qoker calls
Turn [Jh 5d 5h Kc], Qoker (3140), UDF1 (3143)
UDF1 bets 940
Qoker calls
River [Jh 5d 5h Kc Ac], Qoker (4080), UDF1 (4083)
UDF1 bets 565
Qoker calls
Qoker shows [8h 4d]
UDF1 shows [Ah 9d]
Qoker awarded -4645
UDF1 awarded 4645

Round #782, UDF1 (-319612), Qoker (319612)
UDF1 posts blind: 10
Qoker posts blind: 20
UDF1 received [8d Ks]
Qoker received [8c 3c]
UDF1 calls
Qoker checks
Flop [Kh Qc As], UDF1 (20), Qoker (20)
Qoker bids 3
UDF1 bids 10
UDF1 won the auction and was revealed [3c]
Flop [Kh Qc As], UDF1 (23), Qoker (20)
Qoker checks
UDF1 bets 3413
Qoker folds
UDF1 awarded 20
Qoker awarded -20

Round #783, Qoker (319592), UDF1 (-319592)
Qoker posts blind: 10
UDF1 posts blind: 20
Qoker received [Ts 8d]
UDF1 received [Jd Kd]
Qoker calls
UDF1 raises to 3464
Qoker folds
Qoker awarded -20
UDF1 awarded 20

Round #784, UDF1 (-319572), Qoker (319572)
UDF1 posts blind: 10
Qoker posts blind: 20
UDF1 received [3d Th]
Qoker received [Ah 4d]
UDF1 calls
Qoker checks
Flop [Tc 6h Td], UDF1 (20), Qoker (20)
Qoker bids 6
UDF1 bids 13
UDF1 won the auction and was revealed [4d]
Flop [Tc 6h Td], UDF1 (26), Qoker (20)
Qoker checks
UDF1 bets 3438
Qoker calls
Turn [Tc 6h Td Kc], UDF1 (3464), Qoker (3458)
Qoker bets 1536
UDF1 calls
River [Tc 6h Td Kc Ks], UDF1 (5000), Qoker (4994)
Qoker checks
UDF1 checks
UDF1 shows [3d Th]
Qoker shows [Ah 4d]
UDF1 awarded 4994
Qoker awarded -4994

Round #785, Qoker (314578), UDF1 (-314578)
Qoker posts blind: 10
UDF1 posts blind: 20
Qoker received [7h 3h]
UDF1 received [2d 2s]
Qoker calls
UDF1 raises to 1227
Qoker folds
Qoker awarded -20
UDF1 awarded 20

Round #786, UDF1 (-314558), Qoker (314558)
UDF1 posts blind: 10
Qoker posts blind: 20
UDF1 received [2d Kd]
Qoker received [7d 8c]
UDF1 calls
Qoker checks
Flop [7c Kh As], UDF1 (20), Qoker (20)
Qoker bids 5
UDF1 bids 8
UDF1 won the auction and was revealed [8c]
Flop [7c Kh As], UDF1 (25), Qoker (20)
Qoker checks
UDF1 bets 3186
Qoker calls
Turn [7c Kh As Qd], UDF1 (3211), Qoker (3206)
Qoker checks
UDF1 bets 1235
Qoker calls
River [7c Kh As Qd 6d], UDF1 (4446), Qoker (4441)
Qoker checks
UDF1 bets 397
Qoker calls
UDF1 shows [2d Kd]
Qoker shows [7d 8c]
UDF1 awarded 4838
Qoker awarded -4838

Round #787, Qoker (309720), UDF1 (-309720)
Qoker posts blind: 10
UDF1 posts blind: 20
Qoker received [6d Kh]
UDF1 received [8h 4c]
Qoker calls
UDF1 checks
Flop [3h 5c 2s], Qoker (20), UDF1 (20)
UDF1 bids 4
Qoker bids 0
UDF1 won the auction and was revealed [Kh]
Flop [3h 5c 2s], Qoker (20), UDF1 (20)
UDF1 bets 2414
Qoker folds
Qoker awarded -20
UDF1 awarded 20

Round #788, UDF1 (-309700), Qoker (309700)
UDF1 posts blind: 10
Qoker posts blind: 20
UDF1 received [4s 4c]
Qoker received [7h 9h]
UDF1 calls
Qoker checks
Flop [2d Qh 7s], UDF1 (20), Qoker (20)
Qoker bids 2
UDF1 bids 0
Qoker won the auction and was revealed [4c]
Flop [2d Qh 7s], UDF1 (20), Qoker (20)
Qoker bets 31
UDF1 calls
Turn [2d Qh 7s 5h], UDF1 (51), Qoker (51)
Qoker bets 87
UDF1 calls
River [2d Qh 7s 5h 8c], UDF1 (138), Qoker (138)
Qoker bets 226
UDF1 calls
UDF1 shows [4s 4c]
Qoker shows [7h 9h]
UDF1 awarded -364
Qoker awarded 364

Round #789, Qoker (310064), UDF1 (-310064)
Qoker posts blind: 10
UDF1 posts blind: 20
Qoker received [Jd As]
UDF1 received [7h 9h]
Qoker calls
UDF1 checks
Flop [7c Qh Qs], Qoker (20), UDF1 (20)
UDF1 bids 12
Qoker bids 5
UDF1 won the auction and was revealed [Jd]
Flop [7c Qh Qs], Qoker (20), UDF1 (25)
UDF1 bets 3232
Qoker calls
Turn [7c Qh Qs 2c], Qoker (3252), UDF1 (3257)
UDF1 bets 1012
Qoker calls
River [7c Qh Qs 2c Ts], Qoker (4264), UDF1 (4269)
UDF1 bets 473
Qoker calls
Qoker shows [Jd As]
UDF1 shows [7h 9h]
Qoker awarded -4737
UDF1 awarded 4737

Round #790, UDF1 (-305327), Qoker (305327)
UDF1 posts blind: 10
Qoker posts blind: 20
UDF1 received [4c Qd]
Qoker received [6h Jc]
UDF1 calls
Qoker checks
Flop [2s 6s 9h], UDF1 (20), Qoker (20)
Qoker bids 3
UDF1 bids 3
UDF1 won the auction and was revealed [Jc]
Qoker won the auction and was revealed [4c]
Flop [2s 6s 9h], UDF1 (23), Qoker (23)
Qoker bets 34
UDF1 calls
Turn [2s 6s 9h Kd], UDF1 (57), Qoker (57)
Qoker bets 80
UDF1 calls
River [2s 6s 9h Kd Kc], UDF1 (137), Qoker (137)
Qoker bets 244
UDF1 calls
UDF1 shows [4c Qd]
Qoker shows [6h Jc]
UDF1 awarded -381
Qoker awarded 381

Round #791, Qoker (305708), UDF1 (-305708)
Qoker posts blind: 10
UDF1 posts blind: 20
Qoker received [6c Jh]
UDF1 received [9h Tc]
Qoker calls
UDF1 checks
Flop [As 2d 7s], Qoker (20), UDF1 (20)
UDF1 bids 12
Qoker bids 2
UDF1 won the auction and was revealed [Jh]
Flop [As 2d 7s], Qoker (20), UDF1 (22)
UDF1 bets 2463
Qoker folds
Qoker awarded -20
UDF1 awarded 20

Round #792, UDF1 (-305688), Qoker (305688)
UDF1 posts blind: 10
Qoker posts blind: 20
UDF1 received [7c Th]
Qoker received [7d Ts]
UDF1 folds
UDF1 awarded -10
Qoker awarded 10

Round #793, Qoker (305698), UDF1 (-305698)
Qoker posts blind: 10
UDF1 posts blind: 20
Qoker received [9d 8h]
UDF1 received [5d 5s]
Qoker calls
UDF1 checks
Flop [3h Ah 2h], Qoker (20), UDF1 (20)
UDF1 bids 3
Qoker bids 3
Qoker won the auction and was revealed [5s]
UDF1 won the auction and was revealed [9d]
Flop [3h Ah 2h], Qoker (23), UDF1 (23)
UDF1 bets 2906
Qoker calls
Turn [3h Ah 2h 2s], Qoker (2929), UDF1 (2929)
UDF1 bets 955
Qoker raises to 2071
UDF1 calls
River [3h Ah 2h 2s Kd], Qoker (5000), UDF1 (5000)
UDF1 checks
Qoker checks
Qoker shows [9d 8h]
UDF1 shows [5d 5s]
Qoker awarded -5000
UDF1 awarded 5000

Round #794, UDF1 (-300698), Qoker (300698)
UDF1 posts blind: 10
Qoker posts blind: 20
UDF1 received [Ac 5d]
Qoker received [Tc 7d]
UDF1 folds
UDF1 awarded -10
Qoker awarded 10

Round #795, Qoker (300708), UDF1 (-300708)
Qoker posts blind: 10
UDF1 posts blind: 20
Qoker received [Ts 7d]
UDF1 received [4s 8h]
Qoker calls
UDF1 checks
Flop [Qc 3s 7s], Qoker (20), UDF1 (20)
UDF1 bids 15
Qoker bids 5
UDF1 won the auction and was revealed [7d]
Flop [Qc 3s 7s], Qoker (20), UDF1 (25)
UDF1 bets 2093
Qoker calls
Turn [Qc 3s 7s 3h], Qoker (2113), UDF1 (2118)
UDF1 bets 1246
Qoker calls
River [Qc 3s 7s 3h 8d], Qoker (3359), UDF1 (3364)
UDF1 bets 937
Qoker calls
Qoker shows [Ts 7d]
UDF1 shows [4s 8h]
Qoker awarded -4296
UDF1 awarded 4296

Round #796, UDF1 (-296412), Qoker (296412)
UDF1 posts blind: 10
Qoker posts blind: 20
UDF1 received [Kc 8s]
Qoker received [3h 7h]
UDF1 calls
Qoker checks
Flop [Qs 6d Kd], UDF1 (20), Qoker (20)
Qoker bids 0
UDF1 bids 7
UDF1 won the auction and was revealed [7h]
Flop [Qs 6d Kd], UDF1 (20), Qoker (20)
Qoker checks
UDF1 bets 3440
Qoker folds
UDF1 awarded 20
Qoker awarded -20

Round #797, Qoker (296392), UDF1 (-296392)
Qoker posts blind: 10
UDF1 posts blind: 20
Qoker received [2h 3c]
UDF1 received [8s Th]
Qoker calls
UDF1 checks
Flop [5h 5s Jc], Qoker (20), UDF1 (20)
UDF1 bids 15
Qoker bids 4
UDF1 won the auction and was revealed [3c]
Flop [5h 5s Jc], Qoker (20), UDF1 (24)
UDF1 bets 2507
Qoker calls
Turn [5h 5s Jc 7s], Qoker (2527), UDF1 (2531)
UDF1 bets 1354
Qoker calls
River [5h 5s Jc 7s 6c], Qoker (3881), UDF1 (3885)
UDF1 bets 521
Qoker calls
Qoker shows [2h 3c]
UDF1 shows [8s Th]
Qoker awarded -4402
UDF1 awarded 4402

Round #798, UDF1 (-291990), Qoker (291990)
UDF1 posts blind: 10
Qoker posts blind: 20
UDF1 received [6h 8h]
Qoker received [Qc Qd]
UDF1 folds
UDF1 awarded -10
Qoker awarded 10

Round #799, Qoker (292000), UDF1 (-292000)
Qoker posts blind: 10
UDF1 posts blind: 20
Qoker received [Td Kd]
UDF1 received [9h As]
Qoker calls
UDF1 checks
Flop [Js 6d Jh], Qoker (20), UDF1 (20)
UDF1 bids 5
Qoker bids 7
Qoker won the auction and was revealed [As]
Flop [Js 6d Jh], Qoker (25), UDF1 (20)
UDF1 bets 3059
Qoker calls
Turn [Js 6d Jh 6s], Qoker (3084), UDF1 (3079)
UDF1 bets 981
Qoker calls
River [Js 6d Jh 6s 2s], Qoker (4065), UDF1 (4060)
UDF1 bets 490
Qoker calls
Qoker shows [Td Kd]
UDF1 shows [9h As]
Qoker awarded -4555
UDF1 awarded 4555

Round #800, UDF1 (-287445), Qoker (287445)
UDF1 posts blind: 10
Qoker posts blind: 20
UDF1 received [3d 3c]
Qoker received [6s 5d]
UDF1 raises to 1418
Qoker folds
UDF1 awarded 20
Qoker awarded -20

Round #801, Qoker (287425), UDF1 (-287425)
Qoker posts blind: 10
UDF1 posts blind: 20
Qoker received [Th 8h]
UDF1 received [5d 8c]
Qoker calls
UDF1 raises to 337
Qoker calls
Flop [6s 5s 9h], Qoker (337), UDF1 (337)
UDF1 bids 9
Qoker bids 0
UDF1 won the auction and was revealed [8h]
Flop [6s 5s 9h], Qoker (337), UDF1 (337)
UDF1 bets 2642
Qoker folds
Qoker awarded -337
UDF1 awarded 337

Round #802, UDF1 (-287088), Qoker (287088)
UDF1 posts blind: 10
Qoker posts blind: 20
UDF1 received [Jh 7s]
Qoker received [Kc Ah]
UDF1 raises to 337
Qoker calls
Flop [As 5h 5s], UDF1 (337), Qoker (337)
Qoker bids 80
UDF1 bids 7
Qoker won the auction and was revealed [Jh]
Flop [As 5h 5s], UDF1 (337), Qoker (344)
Qoker bets 451
UDF1 calls
Turn [As 5h 5s 2h], UDF1 (788), Qoker (795)
Qoker bets 1243
UDF1 folds
UDF1 awarded -788
Qoker awarded 788

Round #803, Qoker (287876), UDF1 (-287876)
Qoker posts blind: 10
UDF1 posts blind: 20
Qoker received [2h 3s]
UDF1 received [Tc Js]
Qoker calls
UDF1 checks
Flop [9c Kd 9s], Qoker (20), UDF1 (20)
UDF1 bids 12
Qoker bids 6
UDF1 won the auction and was revealed [3s]
Flop [9c Kd 9s], Qoker (20), UDF1 (26)
UDF1 bets 2829
Qoker calls
Turn [9c Kd 9s 7d], Qoker (2849), UDF1 (2855)
UDF1 bets 1121
Qoker calls
River [9c Kd 9s 7d Th], Qoker (3970), UDF1 (3976)
UDF1 bets 672
Qoker calls
Qoker shows [2h 3s]
UDF1 shows [Tc Js]
Qoker awarded -4642
UDF1 awarded 4642

Round #804, UDF1 (-283234), Qoker (283234)
UDF1 posts blind: 10
Qoker posts blind: 20
UDF1 received [Td Kc]
Qoker received [8s 9s]
UDF1 raises to 337
Qoker calls
Flop [8c 4s 5d], UDF1 (337), Qoker (337)
Qoker bids 38
UDF1 bids 13
Qoker won the auction and was revealed [Kc]
Flop [8c 4s 5d], UDF1 (337), Qoker (350)
Qoker checks
UDF1 bets 2570
Qoker calls
Turn [8c 4s 5d Qc], UDF1 (2907), Qoker (2920)
Qoker checks
UDF1 bets 1118
Qoker calls
River [8c 4s 5d Qc Ts], UDF1 (4025), Qoker (4038)
Qoker checks
UDF1 bets 619
Qoker calls
UDF1 shows [Td Kc]
Qoker shows [8s 9s]
UDF1 awarded 4657
Qoker awarded -4657

Round #805, Qoker (278577), UDF1 (-278577)
Qoker posts blind: 10
UDF1 posts blind: 20
Qoker received [5c Jh]
UDF1 received [Ad 2c]
Qoker calls
UDF1 checks
Flop [8c Th Kd], Qoker (20), UDF1 (20)
UDF1 bids 3
Qoker bids 0
UDF1 won the auction and was revealed [5c]
Flop [8c Th Kd], Qoker (20), UDF1 (20)
UDF1 bets 3040
Qoker folds
Qoker awarded -20
UDF1 awarded 20

Round #806, UDF1 (-278557), Qoker (278557)
UDF1 posts blind: 10
Qoker posts blind: 20
UDF1 received [3s 5d]
Qoker received [9d 8h]
UDF1 raises to 337
Qoker folds
UDF1 awarded 20
Qoker awarded -20

Round #807, Qoker (278537), UDF1 (-278537)
Qoker posts blind: 10
UDF1 posts blind: 20
Qoker received [3s 9s]
UDF1 received [8s 6h]
Qoker calls
UDF1 checks
Flop [3d 2d 5d], Qoker (20), UDF1 (20)
UDF1 bids 5
Qoker bids 3
UDF1 won the auction and was revealed [3s]
Flop [3d 2d 5d], Qoker (20), UDF1 (23)
UDF1 bets 2004
Qoker calls
Turn [3d 2d 5d 7c], Qoker (2024), UDF1 (2027)
UDF1 bets 1117
Qoker calls
River [3d 2d 5d 7c 3h], Qoker (3141), UDF1 (3144)
UDF1 bets 616
Qoker raises to 1856
UDF1 folds
Qoker awarded 3760
UDF1 awarded -3760

Round #808, UDF1 (-282297), Qoker (282297)
UDF1 posts blind: 10
Qoker posts blind: 20
UDF1 received [3h 7h]
Qoker received [3d Qd]
UDF1 calls
Qoker checks
Flop [6h Ad Jh], UDF1 (20), Qoker (20)
Qoker bids 2
UDF1 bids 14
UDF1 won the auction and was revealed [Qd]
Flop [6h Ad Jh], UDF1 (22), Qoker (20)
Qoker checks
UDF1 bets 2663
Qoker folds
UDF1 awarded 20
Qoker awarded -20

Round #809, Qoker (282277), UDF1 (-282277)
Qoker posts blind: 10
UDF1 posts blind: 20
Qoker received [Jc 8d]
UDF1 received [2h 5c]
Qoker calls
UDF1 checks
Flop [Ts 7s Ad], Qoker (20), UDF1 (20)
UDF1 bids 12
Qoker bids 3
UDF1 won the auction and was revealed [8d]
Flop [Ts 7s Ad], Qoker (20), UDF1 (23)
UDF1 bets 2254
Qoker folds
Qoker awarded -20
UDF1 awarded 20

Round #810, UDF1 (-282257), Qoker (282257)
UDF1 posts blind: 10
Qoker posts blind: 20
UDF1 received [4h 6c]
Qoker received [5h Ad]
UDF1 folds
UDF1 awarded -10
Qoker awarded 10

Round #811, Qoker (282267), UDF1 (-282267)
Qoker posts blind: 10
UDF1 posts blind: 20
Qoker received [8c 4h]
UDF1 received [7s Th]
Qoker calls
UDF1 raises to 337
Qoker folds
Qoker awarded -20
UDF1 awarded 20

Round #812, UDF1 (-282247), Qoker (282247)
UDF1 posts blind: 10
Qoker posts blind: 20
UDF1 received [Qc 2d]
Qoker received [7h 6s]
UDF1 calls
Qoker checks
Flop [7c 3c 8s], UDF1 (20), Qoker (20)
Qoker bids 5
UDF1 bids 6
UDF1 won the auction and was revealed [7h]
Flop [7c 3c 8s], UDF1 (25), Qoker (20)
Qoker checks
UDF1 bets 2460
Qoker calls
Turn [7c 3c 8s 8c], UDF1 (2485), Qoker (2480)
Qoker bets 2515
UDF1 folds
UDF1 awarded -2485
Qoker awarded 2485

Round #813, Qoker (284732), UDF1 (-284732)
Qoker posts blind: 10
UDF1 posts blind: 20
Qoker received [4d 3d]
UDF1 received [9h Kh]
Qoker calls
UDF1 checks
Flop [2s 6d 5c], Qoker (20), UDF1 (20)
UDF1 bids 14
Qoker bids 0
UDF1 won the auction and was revealed [3d]
Flop [2s 6d 5c], Qoker (20), UDF1 (20)
UDF1 bets 2616
Qoker raises to 4980
UDF1 calls
Turn [2s 6d 5c Qh], Qoker (5000), UDF1 (5000)
UDF1 checks
Qoker checks
River [2s 6d 5c Qh Js], Qoker (5000), UDF1 (5000)
UDF1 checks
Qoker checks
Qoker shows [4d 3d]
UDF1 shows [9h Kh]
Qoker awarded 5000
UDF1 awarded -5000

Round #814, UDF1 (-289732), Qoker (289732)
UDF1 posts blind: 10
Qoker posts blind: 20
UDF1 received [5d Qh]
Qoker received [5h 3h]
UDF1 raises to 337
Qoker calls
Flop [6s Jh 9s], UDF1 (337), Qoker (337)
Qoker bids 0
UDF1 bids 6
UDF1 won the auction and was revealed [5h]
Flop [6s Jh 9s], UDF1 (337), Qoker (337)
Qoker checks
UDF1 bets 2596
Qoker folds
UDF1 awarded 337
Qoker awarded -337

Round #815, Qoker (289395), UDF1 (-289395)
Qoker posts blind: 10
UDF1 posts blind: 20
Qoker received [6d 8s]
UDF1 received [7d 8d]
Qoker calls
UDF1 checks
Flop [5c Jh 6c], Qoker (20), UDF1 (20)
UDF1 bids 0
Qoker bids 3
Qoker won the auction and was revealed [8d]
Flop [5c Jh 6c], Qoker (20), UDF1 (20)
UDF1 bets 3133
Qoker calls
Turn [5c Jh 6c Kd], Qoker (3153), UDF1 (3153)
UDF1 bets 840
Qoker calls
River [5c Jh 6c Kd Jc], Qoker (3993), UDF1 (3993)
UDF1 bets 379
Qoker calls
Qoker shows [6d 8s]
UDF1 shows [7d 8d]
Qoker awarded 4372
UDF1 awarded -4372

Round #816, UDF1 (-293767), Qoker (293767)
UDF1 posts blind: 10
Qoker posts blind: 20
UDF1 received [4d 9s]
Qoker received [2d 6h]
UDF1 calls
Qoker checks
Flop [8s Ad 8c], UDF1 (20), Qoker (20)
Qoker bids 3
UDF1 bids 8
UDF1 won the auction and was revealed [2d]
Flop [8s Ad 8c], UDF1 (23), Qoker (20)
Qoker checks
UDF1 bets 2467
Qoker calls
Turn [8s Ad 8c 5c], UDF1 (2490), Qoker (2487)
Qoker checks
UDF1 bets 1386
Qoker calls
River [8s Ad 8c 5c 3c], UDF1 (3876), Qoker (3873)
Qoker checks
UDF1 bets 473
Qoker calls
UDF1 shows [4d 9s]
Qoker shows [2d 6h]
UDF1 awarded 4346
Qoker awarded -4346

Round #817, Qoker (289421), UDF1 (-289421)
Qoker posts blind: 10
UDF1 posts blind: 20
Qoker received [Kc 7s]
UDF1 received [As Td]
Qoker calls
UDF1 raises to 1174
Qoker folds
Qoker awarded -20
UDF1 awarded 20

Round #818, UDF1 (-289401), Qoker (289401)
UDF1 posts blind: 10
Qoker posts blind: 20
UDF1 received [2d 2c]
Qoker received [Qh Qd]
UDF1 calls
Qoker raises to 40
UDF1 calls
Flop [8d 6h 7s], UDF1 (40), Qoker (40)
Qoker bids 9
UDF1 bids 4
Qoker won the auction and was revealed [2d]
Flop [8d 6h 7s], UDF1 (40), Qoker (44)
Qoker bets 70
UDF1 calls
Turn [8d 6h 7s 5s], UDF1 (110), Qoker (114)
Qoker bets 188
UDF1 folds
UDF1 awarded -110
Qoker awarded 110

Round #819, Qoker (289511), UDF1 (-289511)
Qoker posts blind: 10
UDF1 posts blind: 20
Qoker received [2c 4s]
UDF1 received [Jd 6h]
Qoker calls
UDF1 checks
Flop [2s 5d 8c], Qoker (20), UDF1 (20)
UDF1 bids 13
Qoker bids 4
UDF1 won the auction and was revealed [2c]
Flop [2s 5d 8c], Qoker (20), UDF1 (24)
UDF1 bets 2647
Qoker calls
Turn [2s 5d 8c 5s], Qoker (2667), UDF1 (2671)
UDF1 bets 1164
Qoker calls
River [2s 5d 8c 5s 7h], Qoker (3831), UDF1 (3835)
UDF1 bets 487
Qoker calls
Qoker shows [2c 4s]
UDF1 shows [Jd 6h]
Qoker awarded 4322
UDF1 awarded -4322

Round #820, UDF1 (-293833), Qoker (293833)
UDF1 posts blind: 10
Qoker posts blind: 20
UDF1 received [Kc As]
Qoker received [Jh Qs]
UDF1 raises to 4653
Qoker calls
Flop [Js 7c 5c], UDF1 (4653), Qoker (4653)
Qoker bids 347
UDF1 bids 6
Qoker won the auction and was revealed [As]
Flop [Js 7c 5c], UDF1 (4653), Qoker (4659)
Qoker checks
UDF1 bets 223
Qoker calls
Turn [Js 7c 5c Jc], UDF1 (4876), Qoker (4882)
Qoker bets 118
UDF1 calls
River [Js 7c 5c Jc 7h], UDF1 (4994), Qoker (5000)
Qoker checks
UDF1 checks
UDF1 shows [Kc As]
Qoker shows [Jh Qs]
UDF1 awarded -4994
Qoker awarded 4994

Round #821, Qoker (298827), UDF1 (-298827)
Qoker posts blind: 10
UDF1 posts blind: 20
Qoker received [Qh Kc]
UDF1 received [Qc 9s]
Qoker calls
UDF1 checks
Flop [6c 6h Th], Qoker (20), UDF1 (20)
UDF1 bids 6
Qoker bids 5
UDF1 won the auction and was revealed [Qh]
Flop [6c 6h Th], Qoker (20), UDF1 (25)
UDF1 bets 2746
Qoker calls
Turn [6c 6h Th Ac], Qoker (2766), UDF1 (2771)
UDF1 bets 1134
Qoker calls
River [6c 6h Th Ac Tc], Qoker (3900), UDF1 (3905)
UDF1 bets 461
Qoker calls
Qoker shows [Qh Kc]
UDF1 shows [Qc 9s]
Qoker awarded 2
UDF1 awarded -2

Round #822, UDF1 (-298829), Qoker (298829)
UDF1 posts blind: 10
Qoker posts blind: 20
UDF1 received [Ks 9c]
Qoker received [4d Ac]
UDF1 folds
UDF1 awarded -10
Qoker awarded 10

Round #823, Qoker (298839), UDF1 (-298839)
Qoker posts blind: 10
UDF1 posts blind: 20
Qoker received [Jc 2h]
UDF1 received [5h 6h]
Qoker calls
UDF1 raises to 337
Qoker folds
Qoker awarded -20
UDF1 awarded 20

Round #824, UDF1 (-298819), Qoker (298819)
UDF1 posts blind: 10
Qoker posts blind: 20
UDF1 received [4d 5h]
Qoker received [4c 3c]
UDF1 folds
UDF1 awarded -10
Qoker awarded 10

Round #825, Qoker (298829), UDF1 (-298829)
Qoker posts blind: 10
UDF1 posts blind: 20
Qoker received [Kh 2c]
UDF1 received [7d 9s]
Qoker calls
UDF1 checks
Flop [Kd 6c Kc], Qoker (20), UDF1 (20)
UDF1 bids 10
Qoker bids 7
UDF1 won the auction and was revealed [2c]
Flop [Kd 6c Kc], Qoker (20), UDF1 (27)
UDF1 bets 2568
Qoker raises to 4973
UDF1 calls
Turn [Kd 6c Kc 7h], Qoker (4993), UDF1 (5000)
UDF1 checks
Qoker checks
River [Kd 6c Kc 7h 8c], Qoker (4993), UDF1 (5000)
UDF1 checks
Qoker checks
Qoker shows [Kh 2c]
UDF1 shows [7d 9s]
Qoker awarded 5000
UDF1 awarded -5000

Round #826, UDF1 (-303829), Qoker (303829)
UDF1 posts blind: 10
Qoker posts blind: 20
UDF1 received [Ah 2d]
Qoker received [4s 6c]
UDF1 calls
Qoker checks
Flop [Jd Ac 4d], UDF1 (20), Qoker (20)
Qoker bids 4
UDF1 bids 0
Qoker won the auction and was revealed [Ah]
Flop [Jd Ac 4d], UDF1 (20), Qoker (20)
Qoker checks
UDF1 bets 3239
Qoker calls
Turn [Jd Ac 4d Kd], UDF1 (3259), Qoker (3259)
Qoker checks
UDF1 bets 1113
Qoker calls
River [Jd Ac 4d Kd 6h], UDF1 (4372), Qoker (4372)
Qoker checks
UDF1 bets 376
Qoker calls
UDF1 shows [Ah 2d]
Qoker shows [4s 6c]
UDF1 awarded -4748
Qoker awarded 4748

Round #827, Qoker (308577), UDF1 (-308577)
Qoker posts blind: 10
UDF1 posts blind: 20
Qoker received [As 4s]
UDF1 received [Tc Jh]
Qoker calls
UDF1 checks
Flop [6c 5s 9c], Qoker (20), UDF1 (20)
UDF1 bids 9
Qoker bids 2
UDF1 won the auction and was revealed [4s]
Flop [6c 5s 9c], Qoker (20), UDF1 (22)
UDF1 bets 3000
Qoker folds
Qoker awarded -20
UDF1 awarded 20

Round #828, UDF1 (-308557), Qoker (308557)
UDF1 posts blind: 10
Qoker posts blind: 20
UDF1 received [2s Ad]
Qoker received [4h Th]
UDF1 raises to 337
Qoker folds
UDF1 awarded 20
Qoker awarded -20

Round #829, Qoker (308537), UDF1 (-308537)
Qoker posts blind: 10
UDF1 posts blind: 20
Qoker received [2h 6h]
UDF1 received [Ks 8h]
Qoker calls
UDF1 checks
Flop [7h Qh 4h], Qoker (20), UDF1 (20)
UDF1 bids 0
Qoker bids 1
Qoker won the auction and was revealed [Ks]
Flop [7h Qh 4h], Qoker (20), UDF1 (20)
UDF1 bets 2944
Qoker raises to 4980
UDF1 calls
Turn [7h Qh 4h Td], Qoker (5000), UDF1 (5000)
UDF1 checks
Qoker checks
River [7h Qh 4h Td 3d], Qoker (5000), UDF1 (5000)
UDF1 checks
Qoker checks
Qoker shows [2h 6h]
UDF1 shows [Ks 8h]
Qoker awarded 5000
UDF1 awarded -5000

Round #830, UDF1 (-313537), Qoker (313537)
UDF1 posts blind: 10
Qoker posts blind: 20
UDF1 received [7c Qc]
Qoker received [4d 8h]
UDF1 folds
UDF1 awarded -10
Qoker awarded 10

Round #831, Qoker (313547), UDF1 (-313547)
Qoker posts blind: 10
UDF1 posts blind: 20
Qoker received [3c 9c]
UDF1 received [As 3s]
Qoker calls
UDF1 checks
Flop [7c 2h 6h], Qoker (20), UDF1 (20)
UDF1 bids 13
Qoker bids 0
UDF1 won the auction and was revealed [9c]
Flop [7c 2h 6h], Qoker (20), UDF1 (20)
UDF1 bets 2951
Qoker folds
Qoker awarded -20
UDF1 awarded 20

Round #832, UDF1 (-313527), Qoker (313527)
UDF1 posts blind: 10
Qoker posts blind: 20
UDF1 received [Qh 2c]
Qoker received [Jd Kc]
UDF1 folds
UDF1 awarded -10
Qoker awarded 10

Round #833, Qoker (313537), UDF1 (-313537)
Qoker posts blind: 10
UDF1 posts blind: 20
Qoker received [7c Jh]
UDF1 received [4d Th]
Qoker calls
UDF1 checks
Flop [9d 3c Ac], Qoker (20), UDF1 (20)
UDF1 bids 10
Qoker bids 2
UDF1 won the auction and was revealed [Jh]
Flop [9d 3c Ac], Qoker (20), UDF1 (22)
UDF1 bets 2447
Qoker folds
Qoker awarded -20
UDF1 awarded 20

Round #834, UDF1 (-313517), Qoker (313517)
UDF1 posts blind: 10
Qoker posts blind: 20
UDF1 received [Ad 3h]
Qoker received [9h Js]
UDF1 calls
Qoker checks
Flop [Th 6s 3c], UDF1 (20), Qoker (20)
Qoker bids 0
UDF1 bids 12
UDF1 won the auction and was revealed [Js]
Flop [Th 6s 3c], UDF1 (20), Qoker (20)
Qoker checks
UDF1 bets 3121
Qoker folds
UDF1 awarded 20
Qoker awarded -20

Round #835, Qoker (313497), UDF1 (-313497)
Qoker posts blind: 10
UDF1 posts blind: 20
Qoker received [Tc 6h]
UDF1 received [9c 2s]
Qoker calls
UDF1 raises to 337
Qoker folds
Qoker awarded -20
UDF1 awarded 20

Round #836, UDF1 (-313477), Qoker (313477)
UDF1 posts blind: 10
Qoker posts blind: 20
UDF1 received [7s 7c]
Qoker received [Ad 7d]
UDF1 calls
Qoker checks
Flop [Td Tc 7h], UDF1 (20), Qoker (20)
Qoker bids 5
UDF1 bids 8
UDF1 won the auction and was revealed [7d]
Flop [Td Tc 7h], UDF1 (25), Qoker (20)
Qoker checks
UDF1 bets 3382
Qoker calls
Turn [Td Tc 7h Qh], UDF1 (3407), Qoker (3402)
Qoker bets 1593
UDF1 calls
River [Td Tc 7h Qh Ks], UDF1 (5000), Qoker (4995)
Qoker checks
UDF1 checks
UDF1 shows [7s 7c]
Qoker shows [Ad 7d]
UDF1 awarded 4995
Qoker awarded -4995

Round #837, Qoker (308482), UDF1 (-308482)
Qoker posts blind: 10
UDF1 posts blind: 20
Qoker received [2s 2d]
UDF1 received [Ad Qs]
Qoker calls
UDF1 raises to 3553
Qoker calls
Flop [9c 9s 6h], Qoker (3553), UDF1 (3553)
UDF1 bids 9
Qoker bids 1378
Qoker won the auction and was revealed [Ad]
Flop [9c 9s 6h], Qoker (3562), UDF1 (3553)
UDF1 bets 829
Qoker calls
Turn [9c 9s 6h 8h], Qoker (4391), UDF1 (4382)
UDF1 bets 340
Qoker calls
River [9c 9s 6h 8h 7c], Qoker (4731), UDF1 (4722)
UDF1 bets 116
Qoker calls
Qoker shows [2s 2d]
UDF1 shows [Ad Qs]
Qoker awarded 4838
UDF1 awarded -4838

Round #838, UDF1 (-313320), Qoker (313320)
UDF1 posts blind: 10
Qoker posts blind: 20
UDF1 received [4c Th]
Qoker received [Ts 9c]
UDF1 calls
Qoker checks
Flop [As 5c 7d], UDF1 (20), Qoker (20)
Qoker bids 4
UDF1 bids 8
UDF1 won the auction and was revealed [9c]
Flop [As 5c 7d], UDF1 (24), Qoker (20)
Qoker checks
UDF1 bets 2555
Qoker folds
UDF1 awarded 20
Qoker awarded -20

Round #839, Qoker (313300), UDF1 (-313300)
Qoker posts blind: 10
UDF1 posts blind: 20
Qoker received [7s Ah]
UDF1 received [Ks 4c]
Qoker calls
UDF1 checks
Flop [6c 9d 4h], Qoker (20), UDF1 (20)
UDF1 bids 12
Qoker bids 4
UDF1 won the auction and was revealed [Ah]
Flop [6c 9d 4h], Qoker (20), UDF1 (24)
UDF1 bets 2927
Qoker folds
Qoker awarded -20
UDF1 awarded 20

Round #840, UDF1 (-313280), Qoker (313280)
UDF1 posts blind: 10
Qoker posts blind: 20
UDF1 received [2d 6d]
Qoker received [2c Js]
UDF1 folds
UDF1 awarded -10
Qoker awarded 10

Round #841, Qoker (313290), UDF1 (-313290)
Qoker posts blind: 10
UDF1 posts blind: 20
Qoker received [6h 6c]
UDF1 received [7d Kh]
Qoker calls
UDF1 raises to 337
Qoker calls
Flop [5d Kd 2s], Qoker (337), UDF1 (337)
UDF1 bids 2
Qoker bids 73
Qoker won the auction and was revealed [7d]
Flop [5d Kd 2s], Qoker (339), UDF1 (337)
UDF1 bets 3127
Qoker calls
Turn [5d Kd 2s 8d], Qoker (3466), UDF1 (3464)
UDF1 bets 970
Qoker calls
River [5d Kd 2s 8d Qs], Qoker (4436), UDF1 (4434)
UDF1 bets 382
Qoker calls
Qoker shows [6h 6c]
UDF1 shows [7d Kh]
Qoker awarded -4818
UDF1 awarded 4818

Round #842, UDF1 (-308472), Qoker (308472)
UDF1 posts blind: 10
Qoker posts blind: 20
UDF1 received [Qc 6s]
Qoker received [3c Jc]
UDF1 folds
UDF1 awarded -10
Qoker awarded 10

Round #843, Qoker (308482), UDF1 (-308482)
Qoker posts blind: 10
UDF1 posts blind: 20
Qoker received [Qd Qh]
UDF1 received [3s 2d]
Qoker raises to 40
UDF1 calls
Flop [5s As 7c], Qoker (40), UDF1 (40)
UDF1 bids 8
Qoker bids 12
Qoker won the auction and was revealed [2d]
Flop [5s As 7c], Qoker (48), UDF1 (40)
UDF1 bets 2611
Qoker raises to 4952
UDF1 calls
Turn [5s As 7c 2s], Qoker (5000), UDF1 (4992)
UDF1 checks
Qoker checks
River [5s As 7c 2s 8s], Qoker (5000), UDF1 (4992)
UDF1 checks
Qoker checks
Qoker shows [Qd Qh]
UDF1 shows [3s 2d]
Qoker awarded -5000
UDF1 awarded 5000

Round #844, UDF1 (-303482), Qoker (303482)
UDF1 posts blind: 10
Qoker posts blind: 20
UDF1 received [3h 9h]
Qoker received [6s Td]
UDF1 raises to 337
Qoker folds
UDF1 awarded 20
Qoker awarded -20

Round #845, Qoker (303462), UDF1 (-303462)
Qoker posts blind: 10
UDF1 posts blind: 20
Qoker received [8d 5d]
UDF1 received [2d Qd]
Qoker calls
UDF1 raises to 337
Qoker calls
Flop [Qc As Td], Qoker (337), UDF1 (337)
UDF1 bids 11
Qoker bids 43
Qoker won the auction and was revealed [2d]
Flop [Qc As Td], Qoker (348), UDF1 (337)
UDF1 bets 2746
Qoker calls
Turn [Qc As Td Jc], Qoker (3094), UDF1 (3083)
UDF1 bets 1049
Qoker calls
River [Qc As Td Jc 7d], Qoker (4143), UDF1 (4132)
UDF1 bets 490
Qoker calls
Qoker shows [8d 5d]
UDF1 shows [2d Qd]
Qoker awarded -4633
UDF1 awarded 4633

Round #846, UDF1 (-298829), Qoker (298829)
UDF1 posts blind: 10
Qoker posts blind: 20
UDF1 received [9s Ad]
Qoker received [6d Qh]
UDF1 folds
UDF1 awarded -10
Qoker awarded 10

Round #847, Qoker (298839), UDF1 (-298839)
Qoker posts blind: 10
UDF1 posts blind: 20
Qoker received [Jd 4h]
UDF1 received [4d 4s]
Qoker calls
UDF1 checks
Flop [6c 6h 2h], Qoker (20), UDF1 (20)
UDF1 bids 12
Qoker bids 4
UDF1 won the auction and was revealed [4h]
Flop [6c 6h 2h], Qoker (20), UDF1 (24)
UDF1 bets 2927
Qoker calls
Turn [6c 6h 2h 8c], Qoker (2947), UDF1 (2951)
UDF1 bets 1077
Qoker calls
River [6c 6h 2h 8c Ac], Qoker (4024), UDF1 (4028)
UDF1 bets 513
Qoker calls
Qoker shows [Jd 4h]
UDF1 shows [4d 4s]
Qoker awarded -4537
UDF1 awarded 4537

Round #848, UDF1 (-294302), Qoker (294302)
UDF1 posts blind: 10
Qoker posts blind: 20
UDF1 received [5h 4h]
Qoker received [3s Jd]
UDF1 folds
UDF1 awarded -10
Qoker awarded 10

Round #849, Qoker (294312), UDF1 (-294312)
Qoker posts blind: 10
UDF1 posts blind: 20
Qoker received [5s Ad]
UDF1 received [Jh Qs]
Qoker calls
UDF1 checks
Flop [Td 5c As], Qoker (20), UDF1 (20)
UDF1 bids 11
Qoker bids 5
UDF1 won the auction and was revealed [Ad]
Flop [Td 5c As], Qoker (20), UDF1 (25)
UDF1 bets 2427
Qoker calls
Turn [Td 5c As 7c], Qoker (2447), UDF1 (2452)
UDF1 bets 1125
Qoker calls
River [Td 5c As 7c 5h], Qoker (3572), UDF1 (3577)
UDF1 bets 461
Qoker raises to 1423
UDF1 folds
Qoker awarded 4038
UDF1 awarded -4038

Round #850, UDF1 (-298350), Qoker (298350)
UDF1 posts blind: 10
Qoker posts blind: 20
UDF1 received [3h Jh]
Qoker received [3c 6c]
UDF1 calls
Qoker checks
Flop [9h Td Th], UDF1 (20), Qoker (20)
Qoker bids 7
UDF1 bids 13
UDF1 won the auction and was revealed [6c]
Flop [9h Td Th], UDF1 (27), Qoker (20)
Qoker checks
UDF1 bets 3005
Qoker calls
Turn [9h Td Th Qc], UDF1 (3032), Qoker (3025)
Qoker checks
UDF1 bets 940
Qoker calls
River [9h Td Th Qc 6d], UDF1 (3972), Qoker (3965)
Qoker checks
UDF1 bets 352
Qoker calls
UDF1 shows [3h Jh]
Qoker shows [3c 6c]
UDF1 awarded -4324
Qoker awarded 4324

Round #851, Qoker (302674), UDF1 (-302674)
Qoker posts blind: 10
UDF1 posts blind: 20
Qoker received [Qd 5s]
UDF1 received [Ad 4h]
Qoker calls
UDF1 raises to 337
Qoker folds
Qoker awarded -20
UDF1 awarded 20

Round #852, UDF1 (-302654), Qoker (302654)
UDF1 posts blind: 10
Qoker posts blind: 20
UDF1 received [2s Ah]
Qoker received [Qc Jc]
UDF1 folds
UDF1 awarded -10
Qoker awarded 10

Round #853, Qoker (302664), UDF1 (-302664)
Qoker posts blind: 10
UDF1 posts blind: 20
Qoker received [Ad 8d]
UDF1 received [Th Qs]
Qoker calls
UDF1 checks
Flop [6s 6c Qc], Qoker (20), UDF1 (20)
UDF1 bids 5
Qoker bids 3
UDF1 won the auction and was revealed [8d]
Flop [6s 6c Qc], Qoker (20), UDF1 (23)
UDF1 bets 3443
Qoker calls
Turn [6s 6c Qc 9h], Qoker (3463), UDF1 (3466)
UDF1 bets 953
Qoker calls
River [6s 6c Qc 9h 5d], Qoker (4416), UDF1 (4419)
UDF1 bets 367
Qoker calls
Qoker shows [Ad 8d]
UDF1 shows [Th Qs]
Qoker awarded -4783
UDF1 awarded 4783

Round #854, UDF1 (-297881), Qoker (297881)
UDF1 posts blind: 10
Qoker posts blind: 20
UDF1 received [2d Th]
Qoker received [5s 3d]
UDF1 folds
UDF1 awarded -10
Qoker awarded 10

Round #855, Qoker (297891), UDF1 (-297891)
Qoker posts blind: 10
UDF1 posts blind: 20
Qoker received [As 5c]
UDF1 received [Td 8h]
Qoker calls
UDF1 checks
Flop [9h 4s 2d], Qoker (20), UDF1 (20)
UDF1 bids 13
Qoker bids 5
UDF1 won the auction and was revealed [As]
Flop [9h 4s 2d], Qoker (20), UDF1 (25)
UDF1 bets 2646
Qoker folds
Qoker awarded -20
UDF1 awarded 20

Round #856, UDF1 (-297871), Qoker (297871)
UDF1 posts blind: 10
Qoker posts blind: 20
UDF1 received [Td 5c]
Qoker received [2s 8d]
UDF1 calls
Qoker checks
Flop [Js Kd 6d], UDF1 (20), Qoker (20)
Qoker bids 0
UDF1 bids 7
UDF1 won the auction and was revealed [2s]
Flop [Js Kd 6d], UDF1 (20), Qoker (20)
Qoker checks
UDF1 bets 3065
Qoker folds
UDF1 awarded 20
Qoker awarded -20

Round #857, Qoker (297851), UDF1 (-297851)
Qoker posts blind: 10
UDF1 posts blind: 20
Qoker received [Qh 8d]
UDF1 received [9d Qc]
Qoker calls
UDF1 checks
Flop [6c 6d 2s], Qoker (20), UDF1 (20)
UDF1 bids 7
Qoker bids 2
UDF1 won the auction and was revealed [8d]
Flop [6c 6d 2s], Qoker (20), UDF1 (22)
UDF1 bets 2611
Qoker calls
Turn [6c 6d 2s Ad], Qoker (2631), UDF1 (2633)
UDF1 bets 1200
Qoker calls
River [6c 6d 2s Ad Kc], Qoker (3831), UDF1 (3833)
UDF1 bets 658
Qoker calls
Qoker shows [Qh 8d]
UDF1 shows [9d Qc]
Qoker awarded 1
UDF1 awarded -1

Round #858, UDF1 (-297852), Qoker (297852)
UDF1 posts blind: 10
Qoker posts blind: 20
UDF1 received [Ad 5s]
Qoker received [Qd Kd]
UDF1 folds
UDF1 awarded -10
Qoker awarded 10

Round #859, Qoker (297862), UDF1 (-297862)
Qoker posts blind: 10
UDF1 posts blind: 20
Qoker received [3h Ts]
UDF1 received [6c Qs]
Qoker calls
UDF1 checks
Flop [8c Kc 9d], Qoker (20), UDF1 (20)
UDF1 bids 3
Qoker bids 0
UDF1 won the auction and was revealed [3h]
Flop [8c Kc 9d], Qoker (20), UDF1 (20)
UDF1 bets 3098
Qoker folds
Qoker awarded -20
UDF1 awarded 20

Round #860, UDF1 (-297842), Qoker (297842)
UDF1 posts blind: 10
Qoker posts blind: 20
UDF1 received [Qs 5h]
Qoker received [Jd Td]
UDF1 folds
UDF1 awarded -10
Qoker awarded 10

Round #861, Qoker (297852), UDF1 (-297852)
Qoker posts blind: 10
UDF1 posts blind: 20
Qoker received [8s Jd]
UDF1 received [9c 3s]
Qoker calls
UDF1 raises to 337
Qoker folds
Qoker awarded -20
UDF1 awarded 20

Round #862, UDF1 (-297832), Qoker (297832)
UDF1 posts blind: 10
Qoker posts blind: 20
UDF1 received [Qs 9c]
Qoker received [8s Js]
UDF1 calls
Qoker checks
Flop [3d 2d 6d], UDF1 (20), Qoker (20)
Qoker bids 0
UDF1 bids 9
UDF1 won the auction and was revealed [8s]
Flop [3d 2d 6d], UDF1 (20), Qoker (20)
Qoker checks
UDF1 bets 2926
Qoker folds
UDF1 awarded 20
Qoker awarded -20

Round #863, Qoker (297812), UDF1 (-297812)
Qoker posts blind: 10
UDF1 posts blind: 20
Qoker received [9d 4d]
UDF1 received [5c 2c]
Qoker calls
UDF1 checks
Flop [5d 8d 8h], Qoker (20), UDF1 (20)
UDF1 bids 9
Qoker bids 5
UDF1 won the auction and was revealed [9d]
Flop [5d 8d 8h], Qoker (20), UDF1 (25)
UDF1 bets 2669
Qoker calls
Turn [5d 8d 8h Th], Qoker (2689), UDF1 (2694)
UDF1 bets 1186
Qoker calls
River [5d 8d 8h Th 7h], Qoker (3875), UDF1 (3880)
UDF1 bets 524
Qoker calls
Qoker shows [9d 4d]
UDF1 shows [5c 2c]
Qoker awarded -4399
UDF1 awarded 4399

Round #864, UDF1 (-293413), Qoker (293413)
UDF1 posts blind: 10
Qoker posts blind: 20
UDF1 received [7h 2h]
Qoker received [Ac 4d]
UDF1 calls
Qoker checks
Flop [9d 5s Kh], UDF1 (20), Qoker (20)
Qoker bids 5
UDF1 bids 5
UDF1 won the auction and was revealed [4d]
Qoker won the auction and was revealed [7h]
Flop [9d 5s Kh], UDF1 (25), Qoker (25)
Qoker checks
UDF1 bets 2379
Qoker folds
UDF1 awarded 25
Qoker awarded -25

Round #865, Qoker (293388), UDF1 (-293388)
Qoker posts blind: 10
UDF1 posts blind: 20
Qoker received [9h 8c]
UDF1 received [Qd 6c]
Qoker calls
UDF1 checks
Flop [Jh Ac 2s], Qoker (20), UDF1 (20)
UDF1 bids 11
Qoker bids 4
UDF1 won the auction and was revealed [9h]
Flop [Jh Ac 2s], Qoker (20), UDF1 (24)
UDF1 bets 3116
Qoker folds
Qoker awarded -20
UDF1 awarded 20

Round #866, UDF1 (-293368), Qoker (293368)
UDF1 posts blind: 10
Qoker posts blind: 20
UDF1 received [Jc Jd]
Qoker received [6c Ks]
UDF1 raises to 4318
Qoker folds
UDF1 awarded 20
Qoker awarded -20

Round #867, Qoker (293348), UDF1 (-293348)
Qoker posts blind: 10
UDF1 posts blind: 20
Qoker received [2d 7c]
UDF1 received [Th Qs]
Qoker calls
UDF1 checks
Flop [8d 9h 2s], Qoker (20), UDF1 (20)
UDF1 bids 0
Qoker bids 2
Qoker won the auction and was revealed [Qs]
Flop [8d 9h 2s], Qoker (20), UDF1 (20)
UDF1 bets 3002
Qoker calls
Turn [8d 9h 2s Js], Qoker (3022), UDF1 (3022)
UDF1 bets 1308
Qoker calls
River [8d 9h 2s Js 6d], Qoker (4330), UDF1 (4330)
UDF1 bets 446
Qoker calls
Qoker shows [2d 7c]
UDF1 shows [Th Qs]
Qoker awarded -4776
UDF1 awarded 4776

Round #868, UDF1 (-288572), Qoker (288572)
UDF1 posts blind: 10
Qoker posts blind: 20
UDF1 received [4s Td]
Qoker received [3s Ac]
UDF1 calls
Qoker checks
Flop [Qd Ks 5s], UDF1 (20), Qoker (20)
Qoker bids 3
UDF1 bids 14
UDF1 won the auction and was revealed [3s]
Flop [Qd Ks 5s], UDF1 (23), Qoker (20)
Qoker checks
UDF1 bets 2685
Qoker folds
UDF1 awarded 20
Qoker awarded -20

Round #869, Qoker (288552), UDF1 (-288552)
Qoker posts blind: 10
UDF1 posts blind: 20
Qoker received [Kh 2s]
UDF1 received [Ac Ah]
Qoker calls
UDF1 raises to 4600
Qoker folds
Qoker awarded -20
UDF1 awarded 20

Round #870, UDF1 (-288532), Qoker (288532)
UDF1 posts blind: 10
Qoker posts blind: 20
UDF1 received [2d 7h]
Qoker received [6s 4s]
UDF1 calls
Qoker checks
Flop [Qh 5h 3h], UDF1 (20), Qoker (20)
Qoker bids 4
UDF1 bids 9
UDF1 won the auction and was revealed [6s]
Flop [Qh 5h 3h], UDF1 (24), Qoker (20)
Qoker checks
UDF1 bets 2465
Qoker calls
Turn [Qh 5h 3h 3s], UDF1 (2489), Qoker (2485)
Qoker checks
UDF1 bets 985
Qoker calls
River [Qh 5h 3h 3s 3d], UDF1 (3474), Qoker (3470)
Qoker bets 1526
UDF1 calls
UDF1 shows [2d 7h]
Qoker shows [6s 4s]
UDF1 awarded 4996
Qoker awarded -4996

Round #871, Qoker (283536), UDF1 (-283536)
Qoker posts blind: 10
UDF1 posts blind: 20
Qoker received [4d Ts]
UDF1 received [Qc Ac]
Qoker calls
UDF1 raises to 4668
Qoker folds
Qoker awarded -20
UDF1 awarded 20

Round #872, UDF1 (-283516), Qoker (283516)
UDF1 posts blind: 10
Qoker posts blind: 20
UDF1 received [4s 5d]
Qoker received [8d 8c]
UDF1 folds
UDF1 awarded -10
Qoker awarded 10

Round #873, Qoker (283526), UDF1 (-283526)
Qoker posts blind: 10
UDF1 posts blind: 20
Qoker received [3s 2c]
UDF1 received [Td 3d]
Qoker calls
UDF1 checks
Flop [Th Jh 9c], Qoker (20), UDF1 (20)
UDF1 bids 4
Qoker bids 0
UDF1 won the auction and was revealed [3s]
Flop [Th Jh 9c], Qoker (20), UDF1 (20)
UDF1 bets 3017
Qoker folds
Qoker awarded -20
UDF1 awarded 20

Round #874, UDF1 (-283506), Qoker (283506)
UDF1 posts blind: 10
Qoker posts blind: 20
UDF1 received [Qd Jh]
Qoker received [9h 5c]
UDF1 calls
Qoker checks
Flop [6s 3d 9s], UDF1 (20), Qoker (20)
Qoker bids 8
UDF1 bids 6
Qoker won the auction and was revealed [Qd]
Flop [6s 3d 9s], UDF1 (20), Qoker (26)
Qoker checks
UDF1 bets 2654
Qoker calls
Turn [6s 3d 9s 2s], UDF1 (2674), Qoker (2680)
Qoker checks
UDF1 bets 1056
Qoker calls
River [6s 3d 9s 2s 2h], UDF1 (3730), Qoker (3736)
Qoker checks
UDF1 bets 512
Qoker calls
UDF1 shows [Qd Jh]
Qoker shows [9h 5c]
UDF1 awarded -4242
Qoker awarded 4242

Round #875, Qoker (287748), UDF1 (-287748)
Qoker posts blind: 10
UDF1 posts blind: 20
Qoker received [8s Ac]
UDF1 received [Jd Qh]
Qoker calls
UDF1 checks
Flop [3h 3s Kh], Qoker (20), UDF1 (20)
UDF1 bids 0
Qoker bids 3
Qoker won the auction and was revealed [Jd]
Flop [3h 3s Kh], Qoker (20), UDF1 (20)
UDF1 bets 2933
Qoker calls
Turn [3h 3s Kh 8h], Qoker (2953), UDF1 (2953)
UDF1 bets 1125
Qoker calls
River [3h 3s Kh 8h Ks], Qoker (4078), UDF1 (4078)
UDF1 bets 461
Qoker calls
Qoker shows [8s Ac]
UDF1 shows [Jd Qh]
Qoker awarded 4539
UDF1 awarded -4539

Round #876, UDF1 (-292287), Qoker (292287)
UDF1 posts blind: 10
Qoker posts blind: 20
UDF1 received [Tc Jd]
Qoker received [Js 6h]
UDF1 folds
UDF1 awarded -10
Qoker awarded 10

Round #877, Qoker (292297), UDF1 (-292297)
Qoker posts blind: 10
UDF1 posts blind: 20
Qoker received [Ad 9s]
UDF1 received [4s 4h]
Qoker calls
UDF1 checks
Flop [Qd 8h 2s], Qoker (20), UDF1 (20)
UDF1 bids 16
Qoker bids 5
UDF1 won the auction and was revealed [9s]
Flop [Qd 8h 2s], Qoker (20), UDF1 (25)
UDF1 bets 2791
Qoker folds
Qoker awarded -20
UDF1 awarded 20

Round #878, UDF1 (-292277), Qoker (292277)
UDF1 posts blind: 10
Qoker posts blind: 20
UDF1 received [7d 7s]
Qoker received [2c 8d]
UDF1 calls
Qoker checks
Flop [Qs 3d Kc], UDF1 (20), Qoker (20)
Qoker bids 0
UDF1 bids 11
UDF1 won the auction and was revealed [2c]
Flop [Qs 3d Kc], UDF1 (20), Qoker (20)
Qoker checks
UDF1 bets 3153
Qoker folds
UDF1 awarded 20
Qoker awarded -20

Round #879, Qoker (292257), UDF1 (-292257)
Qoker posts blind: 10
UDF1 posts blind: 20
Qoker received [Ah Ts]
UDF1 received [7s As]
Qoker calls
UDF1 checks
Flop [9d Qd Jc], Qoker (20), UDF1 (20)
UDF1 bids 6
Qoker bids 7
Qoker won the auction and was revealed [As]
Flop [9d Qd Jc], Qoker (26), UDF1 (20)
UDF1 bets 2503
Qoker calls
Turn [9d Qd Jc 3d], Qoker (2529), UDF1 (2523)
UDF1 bets 1167
Qoker calls
River [9d Qd Jc 3d 4h], Qoker (3696), UDF1 (3690)
UDF1 bets 646
Qoker calls
Qoker shows [Ah Ts]
UDF1 shows [7s As]
Qoker awarded 4336
UDF1 awarded -4336

Round #880, UDF1 (-296593), Qoker (296593)
UDF1 posts blind: 10
Qoker posts blind: 20
UDF1 received [Kc 4h]
Qoker received [Js Ts]
UDF1 calls
Qoker raises to 40
UDF1 folds
UDF1 awarded -20
Qoker awarded 20

Round #881, Qoker (296613), UDF1 (-296613)
Qoker posts blind: 10
UDF1 posts blind: 20
Qoker received [9s 5h]
UDF1 received [Tc Ah]
Qoker calls
UDF1 raises to 1506
Qoker folds
Qoker awarded -20
UDF1 awarded 20

Round #882, UDF1 (-296593), Qoker (296593)
UDF1 posts blind: 10
Qoker posts blind: 20
UDF1 received [7c Ts]
Qoker received [6h 9c]
UDF1 folds
UDF1 awarded -10
Qoker awarded 10

Round #883, Qoker (296603), UDF1 (-296603)
Qoker posts blind: 10
UDF1 posts blind: 20
Qoker received [5c Jh]
UDF1 received [Qh 9h]
Qoker calls
UDF1 checks
Flop [Qs 8c Th], Qoker (20), UDF1 (20)
UDF1 bids 5
Qoker bids 0
UDF1 won the auction and was revealed [Jh]
Flop [Qs 8c Th], Qoker (20), UDF1 (20)
UDF1 bets 2967
Qoker folds
Qoker awarded -20
UDF1 awarded 20

Round #884, UDF1 (-296583), Qoker (296583)
UDF1 posts blind: 10
Qoker posts blind: 20
UDF1 received [2c 4h]
Qoker received [Ts 2d]
UDF1 calls
Qoker checks
Flop [Qh Jh Ah], UDF1 (20), Qoker (20)
Qoker bids 5
UDF1 bids 6
UDF1 won the auction and was revealed [Ts]
Flop [Qh Jh Ah], UDF1 (25), Qoker (20)
Qoker checks
UDF1 bets 2137
Qoker folds
UDF1 awarded 20
Qoker awarded -20

Round #885, Qoker (296563), UDF1 (-296563)
Qoker posts blind: 10
UDF1 posts blind: 20
Qoker received [2s 5s]
UDF1 received [7c 8h]
Qoker calls
UDF1 checks
Flop [3s 2c Td], Qoker (20), UDF1 (20)
UDF1 bids 10
Qoker bids 6
UDF1 won the auction and was revealed [2s]
Flop [3s 2c Td], Qoker (20), UDF1 (26)
UDF1 bets 2491
Qoker calls
Turn [3s 2c Td 8c], Qoker (2511), UDF1 (2517)
UDF1 bets 1540
Qoker calls
River [3s 2c Td 8c Tc], Qoker (4051), UDF1 (4057)
UDF1 bets 499
Qoker calls
Qoker shows [2s 5s]
UDF1 shows [7c 8h]
Qoker awarded -4550
UDF1 awarded 4550

Round #886, UDF1 (-292013), Qoker (292013)
UDF1 posts blind: 10
Qoker posts blind: 20
UDF1 received [3c 7d]
Qoker received [5c Kh]
UDF1 folds
UDF1 awarded -10
Qoker awarded 10

Round #887, Qoker (292023), UDF1 (-292023)
Qoker posts blind: 10
UDF1 posts blind: 20
Qoker received [3d Qs]
UDF1 received [6s 6h]
Qoker calls
UDF1 checks
Flop [Qc Kd Jc], Qoker (20), UDF1 (20)
UDF1 bids 0
Qoker bids 7
Qoker won the auction and was revealed [6s]
Flop [Qc Kd Jc], Qoker (20), UDF1 (20)
UDF1 bets 2834
Qoker calls
Turn [Qc Kd Jc 8h], Qoker (2854), UDF1 (2854)
UDF1 bets 1009
Qoker calls
River [Qc Kd Jc 8h Kh], Qoker (3863), UDF1 (3863)
UDF1 bets 546
Qoker raises to 1137
UDF1 calls
Qoker shows [3d Qs]
UDF1 shows [6s 6h]
Qoker awarded 5000
UDF1 awarded -5000

Round #888, UDF1 (-297023), Qoker (297023)
UDF1 posts blind: 10
Qoker posts blind: 20
UDF1 received [Ac Js]
Qoker received [7c 9c]
UDF1 raises to 3573
Qoker folds
UDF1 awarded 20
Qoker awarded -20

Round #889, Qoker (297003), UDF1 (-297003)
Qoker posts blind: 10
UDF1 posts blind: 20
Qoker received [Ah Tc]
UDF1 received [Jc 5h]
Qoker calls
UDF1 raises to 337
Qoker calls
Flop [Kd Ts 3c], Qoker (337), UDF1 (337)
UDF1 bids 7
Qoker bids 136
Qoker won the auction and was revealed [Jc]
Flop [Kd Ts 3c], Qoker (344), UDF1 (337)
UDF1 bets 2247
Qoker calls
Turn [Kd Ts 3c 8h], Qoker (2591), UDF1 (2584)
UDF1 bets 1313
Qoker calls
River [Kd Ts 3c 8h 7c], Qoker (3904), UDF1 (3897)
UDF1 bets 485
Qoker calls
Qoker shows [Ah Tc]
UDF1 shows [Jc 5h]
Qoker awarded 4382
UDF1 awarded -4382

Round #890, UDF1 (-301385), Qoker (301385)
UDF1 posts blind: 10
Qoker posts blind: 20
UDF1 received [7s 7h]
Qoker received [6h Jd]
UDF1 calls
Qoker checks
Flop [Qc 6d Kh], UDF1 (20), Qoker (20)
Qoker bids 2
UDF1 bids 4
UDF1 won the auction and was revealed [6h]
Flop [Qc 6d Kh], UDF1 (22), Qoker (20)
Qoker checks
UDF1 bets 2984
Qoker calls
Turn [Qc 6d Kh As], UDF1 (3006), Qoker (3004)
Qoker checks
UDF1 bets 1114
Qoker calls
River [Qc 6d Kh As 8c], UDF1 (4120), Qoker (4118)
Qoker checks
UDF1 bets 527
Qoker calls
UDF1 shows [7s 7h]
Qoker shows [6h Jd]
UDF1 awarded 4645
Qoker awarded -4645

Round #891, Qoker (296740), UDF1 (-296740)
Qoker posts blind: 10
UDF1 posts blind: 20
Qoker received [Ad Qs]
UDF1 received [7c 4c]
Qoker calls
UDF1 raises to 337
Qoker calls
Flop [Tc 4d 5d], Qoker (337), UDF1 (337)
UDF1 bids 10
Qoker bids 92
Qoker won the auction and was revealed [4c]
Flop [Tc 4d 5d], Qoker (347), UDF1 (337)
UDF1 bets 2708
Qoker calls
Turn [Tc 4d 5d 7d], Qoker (3055), UDF1 (3045)
UDF1 bets 1125
Qoker calls
River [Tc 4d 5d 7d 7h], Qoker (4180), UDF1 (4170)
UDF1 bets 538
Qoker calls
Qoker shows [Ad Qs]
UDF1 shows [7c 4c]
Qoker awarded -4718
UDF1 awarded 4718

Round #892, UDF1 (-292022), Qoker (292022)
UDF1 posts blind: 10
Qoker posts blind: 20
UDF1 received [Qs Qh]
Qoker received [4s 2c]
UDF1 raises to 4691
Qoker folds
UDF1 awarded 20
Qoker awarded -20

Round #893, Qoker (292002), UDF1 (-292002)
Qoker posts blind: 10
UDF1 posts blind: 20
Qoker received [As 8h]
UDF1 received [5s Jc]
Qoker calls
UDF1 checks
Flop [7s 6h Ah], Qoker (20), UDF1 (20)
UDF1 bids 11
Qoker bids 6
UDF1 won the auction and was revealed [8h]
Flop [7s 6h Ah], Qoker (20), UDF1 (26)
UDF1 bets 2376
Qoker calls
Turn [7s 6h Ah 8c], Qoker (2396), UDF1 (2402)
UDF1 bets 1219
Qoker calls
River [7s 6h Ah 8c Kc], Qoker (3615), UDF1 (3621)
UDF1 bets 474
Qoker calls
Qoker shows [As 8h]
UDF1 shows [5s Jc]
Qoker awarded 4095
UDF1 awarded -4095

Round #894, UDF1 (-296097), Qoker (296097)
UDF1 posts blind: 10
Qoker posts blind: 20
UDF1 received [9d 7c]
Qoker received [As Tc]
UDF1 calls
Qoker checks
Flop [Ts 8s Jd], UDF1 (20), Qoker (20)
Qoker bids 7
UDF1 bids 9
UDF1 won the auction and was revealed [Tc]
Flop [Ts 8s Jd], UDF1 (27), Qoker (20)
Qoker checks
UDF1 bets 3150
Qoker calls
Turn [Ts 8s Jd Qd], UDF1 (3177), Qoker (3170)
Qoker checks
UDF1 bets 1206
Qoker calls
River [Ts 8s Jd Qd 2s], UDF1 (4383), Qoker (4376)
Qoker checks
UDF1 bets 423
Qoker calls
UDF1 shows [9d 7c]
Qoker shows [As Tc]
UDF1 awarded 4799
Qoker awarded -4799

Round #895, Qoker (291298), UDF1 (-291298)
Qoker posts blind: 10
UDF1 posts blind: 20
Qoker received [7s 8d]
UDF1 received [Jd 5d]
Qoker calls
UDF1 checks
Flop [Qs 3c Qd], Qoker (20), UDF1 (20)
UDF1 bids 7
Qoker bids 9
Qoker won the auction and was revealed [Jd]
Flop [Qs 3c Qd], Qoker (27), UDF1 (20)
UDF1 bets 2413
Qoker calls
Turn [Qs 3c Qd Kh], Qoker (2440), UDF1 (2433)
UDF1 bets 1161
Qoker calls
River [Qs 3c Qd Kh 7d], Qoker (3601), UDF1 (3594)
UDF1 bets 705
Qoker calls
Qoker shows [7s 8d]
UDF1 shows [Jd 5d]
Qoker awarded 4299
UDF1 awarded -4299

Round #896, UDF1 (-295597), Qoker (295597)
UDF1 posts blind: 10
Qoker posts blind: 20
UDF1 received [6h 5h]
Qoker received [7h 2d]
UDF1 folds
UDF1 awarded -10
Qoker awarded 10

Round #897, Qoker (295607), UDF1 (-295607)
Qoker posts blind: 10
UDF1 posts blind: 20
Qoker received [Ks As]
UDF1 received [5s 7h]
Qoker calls
UDF1 raises to 337
Qoker calls
Flop [Kd Ah 6c], Qoker (337), UDF1 (337)
UDF1 bids 6
Qoker bids 153
Qoker won the auction and was revealed [5s]
Flop [Kd Ah 6c], Qoker (343), UDF1 (337)
UDF1 bets 2373
Qoker raises to 4657
UDF1 folds
Qoker awarded 2710
UDF1 awarded -2710

Round #898, UDF1 (-298317), Qoker (298317)
UDF1 posts blind: 10
Qoker posts blind: 20
UDF1 received [Qc Ts]
Qoker received [As 7d]
UDF1 folds
UDF1 awarded -10
Qoker awarded 10

Round #899, Qoker (298327), UDF1 (-298327)
Qoker posts blind: 10
UDF1 posts blind: 20
Qoker received [7d Qs]
UDF1 received [8s 6d]
Qoker calls
UDF1 raises to 337
Qoker folds
Qoker awarded -20
UDF1 awarded 20

Round #900, UDF1 (-298307), Qoker (298307)
UDF1 posts blind: 10
Qoker posts blind: 20
UDF1 received [Td 8d]
Qoker received [5d 6s]
UDF1 folds
UDF1 awarded -10
Qoker awarded 10

Round #901, Qoker (298317), UDF1 (-298317)
Qoker posts blind: 10
UDF1 posts blind: 20
Qoker received [8s 7d]
UDF1 received [6s 3s]
Qoker calls
UDF1 checks
Flop [5d 6d Ah], Qoker (20), UDF1 (20)
UDF1 bids 13
Qoker bids 3
UDF1 won the auction and was revealed [7d]
Flop [5d 6d Ah], Qoker (20), UDF1 (23)
UDF1 bets 3044
Qoker folds
Qoker awarded -20
UDF1 awarded 20

Round #902, UDF1 (-298297), Qoker (298297)
UDF1 posts blind: 10
Qoker posts blind: 20
UDF1 received [2d 8h]
Qoker received [7h Ah]
UDF1 calls
Qoker checks
Flop [9h Ad 6h], UDF1 (20), Qoker (20)
Qoker bids 6
UDF1 bids 11
UDF1 won the auction and was revealed [7h]
Flop [9h Ad 6h], UDF1 (26), Qoker (20)
Qoker checks
UDF1 bets 2828
Qoker calls
Turn [9h Ad 6h 7d], UDF1 (2854), Qoker (2848)
Qoker bets 2146
UDF1 folds
UDF1 awarded -2854
Qoker awarded 2854

Round #903, Qoker (301151), UDF1 (-301151)
Qoker posts blind: 10
UDF1 posts blind: 20
Qoker received [Tc 9h]
UDF1 received [9s Qc]
Qoker calls
UDF1 checks
Flop [3s Ts 2d], Qoker (20), UDF1 (20)
UDF1 bids 4
Qoker bids 8
Qoker won the auction and was revealed [Qc]
Flop [3s Ts 2d], Qoker (24), UDF1 (20)
UDF1 bets 2718
Qoker calls
Turn [3s Ts 2d 4c], Qoker (2742), UDF1 (2738)
UDF1 bets 1189
Qoker calls
River [3s Ts 2d 4c 2c], Qoker (3931), UDF1 (3927)
UDF1 bets 480
Qoker calls
Qoker shows [Tc 9h]
UDF1 shows [9s Qc]
Qoker awarded 4407
UDF1 awarded -4407

Round #904, UDF1 (-305558), Qoker (305558)
UDF1 posts blind: 10
Qoker posts blind: 20
UDF1 received [Qd Ac]
Qoker received [Qc 8d]
UDF1 raises to 3650
Qoker folds
UDF1 awarded 20
Qoker awarded -20

Round #905, Qoker (305538), UDF1 (-305538)
Qoker posts blind: 10
UDF1 posts blind: 20
Qoker received [Qh 5s]
UDF1 received [Qs 9s]
Qoker calls
UDF1 checks
Flop [Tc 8c 2c], Qoker (20), UDF1 (20)
UDF1 bids 13
Qoker bids 0
UDF1 won the auction and was revealed [Qh]
Flop [Tc 8c 2c], Qoker (20), UDF1 (20)
UDF1 bets 2632
Qoker folds
Qoker awarded -20
UDF1 awarded 20

Round #906, UDF1 (-305518), Qoker (305518)
UDF1 posts blind: 10
Qoker posts blind: 20
UDF1 received [Jh Qd]
Qoker received [Js Jd]
UDF1 raises to 1253
Qoker raises to 2486
UDF1 folds
UDF1 awarded -1253
Qoker awarded 1253

Round #907, Qoker (306771), UDF1 (-306771)
Qoker posts blind: 10
UDF1 posts blind: 20
Qoker received [4c Jc]
UDF1 received [6d 3h]
Qoker calls
UDF1 checks
Flop [2d 5c 9s], Qoker (20), UDF1 (20)
UDF1 bids 9
Qoker bids 0
UDF1 won the auction and was revealed [4c]
Flop [2d 5c 9s], Qoker (20), UDF1 (20)
UDF1 bets 2644
Qoker folds
Qoker awarded -20
UDF1 awarded 20

Round #908, UDF1 (-306751), Qoker (306751)
UDF1 posts blind: 10
Qoker posts blind: 20
UDF1 received [Qs Jc]
Qoker received [Qc 5d]
UDF1 calls
Qoker checks
Flop [Qh Ah 6d], UDF1 (20), Qoker (20)
Qoker bids 6
UDF1 bids 10
UDF1 won the auction and was revealed [Qc]
Flop [Qh Ah 6d], UDF1 (26), Qoker (20)
Qoker bets 31
UDF1 raises to 2877
Qoker calls
Turn [Qh Ah 6d 8h], UDF1 (2903), Qoker (2897)
Qoker checks
UDF1 bets 1280
Qoker calls
River [Qh Ah 6d 8h Jh], UDF1 (4183), Qoker (4177)
Qoker checks
UDF1 bets 463
Qoker calls
UDF1 shows [Qs Jc]
Qoker shows [Qc 5d]
UDF1 awarded 4640
Qoker awarded -4640

Round #909, Qoker (302111), UDF1 (-302111)
Qoker posts blind: 10
UDF1 posts blind: 20
Qoker received [2s 6h]
UDF1 received [7s 6c]
Qoker calls
UDF1 raises to 337
Qoker folds
Qoker awarded -20
UDF1 awarded 20

Round #910, UDF1 (-302091), Qoker (302091)
UDF1 posts blind: 10
Qoker posts blind: 20
UDF1 received [Th 9h]
Qoker received [Ac Kc]
UDF1 raises to 1193
Qoker calls
Flop [3s 7h 6c], UDF1 (1193), Qoker (1193)
Qoker bids 278
UDF1 bids 7
Qoker won the auction and was revealed [Th]
Flop [3s 7h 6c], UDF1 (1193), Qoker (1200)
Qoker checks
UDF1 bets 1928
Qoker calls
Turn [3s 7h 6c 2h], UDF1 (3121), Qoker (3128)
Qoker checks
UDF1 bets 928
Qoker calls
River [3s 7h 6c 2h 8c], UDF1 (4049), Qoker (4056)
Qoker checks
UDF1 bets 637
Qoker calls
UDF1 shows [Th 9h]
Qoker shows [Ac Kc]
UDF1 awarded 4693
Qoker awarded -4693

Round #911, Qoker (297398), UDF1 (-297398)
Qoker posts blind: 10
UDF1 posts blind: 20
Qoker received [Kc 8s]
UDF1 received [5d 5h]
Qoker calls
UDF1 checks
Flop [Ks Ts 3d], Qoker (20), UDF1 (20)
UDF1 bids 14
Qoker bids 5
UDF1 won the auction and was revealed [Kc]
Flop [Ks Ts 3d], Qoker (20), UDF1 (25)
UDF1 bets 2551
Qoker calls
Turn [Ks Ts 3d Ah], Qoker (2571), UDF1 (2576)
UDF1 bets 1107
Qoker calls
River [Ks Ts 3d Ah 9d], Qoker (3678), UDF1 (3683)
UDF1 bets 481
Qoker calls
Qoker shows [Kc 8s]
UDF1 shows [5d 5h]
Qoker awarded 4164
UDF1 awarded -4164

Round #912, UDF1 (-301562), Qoker (301562)
UDF1 posts blind: 10
Qoker posts blind: 20
UDF1 received [5d 2c]
Qoker received [8d 4h]
UDF1 folds
UDF1 awarded -10
Qoker awarded 10

Round #913, Qoker (301572), UDF1 (-301572)
Qoker posts blind: 10
UDF1 posts blind: 20
Qoker received [7h Td]
UDF1 received [2s 4h]
Qoker calls
UDF1 checks
Flop [9d Ac 8d], Qoker (20), UDF1 (20)
UDF1 bids 6
Qoker bids 6
Qoker won the auction and was revealed [4h]
UDF1 won the auction and was revealed [7h]
Flop [9d Ac 8d], Qoker (26), UDF1 (26)
UDF1 bets 2343
Qoker calls
Turn [9d Ac 8d 6h], Qoker (2369), UDF1 (2369)
UDF1 bets 1120
Qoker raises to 2631
UDF1 folds
Qoker awarded 3489
UDF1 awarded -3489

Round #914, UDF1 (-305061), Qoker (305061)
UDF1 posts blind: 10
Qoker posts blind: 20
UDF1 received [6d 7s]
Qoker received [9d 2s]
UDF1 folds
UDF1 awarded -10
Qoker awarded 10

Round #915, Qoker (305071), UDF1 (-305071)
Qoker posts blind: 10
UDF1 posts blind: 20
Qoker received [Jd 3s]
UDF1 received [2h 5s]
Qoker calls
UDF1 checks
Flop [Qd 6d Tc], Qoker (20), UDF1 (20)
UDF1 bids 14
Qoker bids 0
UDF1 won the auction and was revealed [Jd]
Flop [Qd 6d Tc], Qoker (20), UDF1 (20)
UDF1 bets 2642
Qoker folds
Qoker awarded -20
UDF1 awarded 20

Round #916, UDF1 (-305051), Qoker (305051)
UDF1 posts blind: 10
Qoker posts blind: 20
UDF1 received [As Js]
Qoker received [2h 5h]
UDF1 raises to 3673
Qoker folds
UDF1 awarded 20
Qoker awarded -20

Round #917, Qoker (305031), UDF1 (-305031)
Qoker posts blind: 10
UDF1 posts blind: 20
Qoker received [Ad Qh]
UDF1 received [Js 7s]
Qoker calls
UDF1 checks
Flop [Td Jh Ac], Qoker (20), UDF1 (20)
UDF1 bids 9
Qoker bids 8
UDF1 won the auction and was revealed [Qh]
Flop [Td Jh Ac], Qoker (20), UDF1 (28)
UDF1 bets 3126
Qoker calls
Turn [Td Jh Ac 7h], Qoker (3146), UDF1 (3154)
UDF1 bets 1205
Qoker calls
River [Td Jh Ac 7h 6h], Qoker (4351), UDF1 (4359)
UDF1 bets 347
Qoker calls
Qoker shows [Ad Qh]
UDF1 shows [Js 7s]
Qoker awarded -4698
UDF1 awarded 4698

Round #918, UDF1 (-300333), Qoker (300333)
UDF1 posts blind: 10
Qoker posts blind: 20
UDF1 received [Ac Qc]
Qoker received [7c Ad]
UDF1 raises to 4331
Qoker folds
UDF1 awarded 20
Qoker awarded -20

Round #919, Qoker (300313), UDF1 (-300313)
Qoker posts blind: 10
UDF1 posts blind: 20
Qoker received [3c 6h]
UDF1 received [Th 3s]
Qoker calls
UDF1 raises to 337
Qoker folds
Qoker awarded -20
UDF1 awarded 20

Round #920, UDF1 (-300293), Qoker (300293)
UDF1 posts blind: 10
Qoker posts blind: 20
UDF1 received [9s 6c]
Qoker received [8s 8d]
UDF1 calls
Qoker raises to 40
UDF1 folds
UDF1 awarded -20
Qoker awarded 20

Round #921, Qoker (300313), UDF1 (-300313)
Qoker posts blind: 10
UDF1 posts blind: 20
Qoker received [Td Jc]
UDF1 received [Th 8d]
Qoker calls
UDF1 checks
Flop [4d 7s 8s], Qoker (20), UDF1 (20)
UDF1 bids 6
Qoker bids 0
UDF1 won the auction and was revealed [Td]
Flop [4d 7s 8s], Qoker (20), UDF1 (20)
UDF1 bets 3293
Qoker folds
Qoker awarded -20
UDF1 awarded 20

Round #922, UDF1 (-300293), Qoker (300293)
UDF1 posts blind: 10
Qoker posts blind: 20
UDF1 received [7h Kc]
Qoker received [Kd 7s]
UDF1 calls
Qoker checks
Flop [Jh 6s 2s], UDF1 (20), Qoker (20)
Qoker bids 0
UDF1 bids 0
UDF1 won the auction and was revealed [7s]
Qoker won the auction and was revealed [Kc]
Flop [Jh 6s 2s], UDF1 (20), Qoker (20)
Qoker checks
UDF1 bets 3224
Qoker folds
UDF1 awarded 20
Qoker awarded -20

Round #923, Qoker (300273), UDF1 (-300273)
Qoker posts blind: 10
UDF1 posts blind: 20
Qoker received [6c Jd]
UDF1 received [Qd 2s]
Qoker calls
UDF1 raises to 337
Qoker folds
Qoker awarded -20
UDF1 awarded 20

Round #924, UDF1 (-300253), Qoker (300253)
UDF1 posts blind: 10
Qoker posts blind: 20
UDF1 received [Js 8d]
Qoker received [6c Ah]
UDF1 calls
Qoker checks
Flop [6d Qc 4h], UDF1 (20), Qoker (20)
Qoker bids 4
UDF1 bids 0
Qoker won the auction and was revealed [Js]
Flop [6d Qc 4h], UDF1 (20), Qoker (20)
Qoker checks
UDF1 bets 2476
Qoker calls
Turn [6d Qc 4h 4s], UDF1 (2496), Qoker (2496)
Qoker bets 2504
UDF1 calls
River [6d Qc 4h 4s 8c], UDF1 (5000), Qoker (5000)
Qoker checks
UDF1 checks
UDF1 shows [Js 8d]
Qoker shows [6c Ah]
UDF1 awarded 5000
Qoker awarded -5000

Round #925, Qoker (295253), UDF1 (-295253)
Qoker posts blind: 10
UDF1 posts blind: 20
Qoker received [4h 7h]
UDF1 received [Td Ac]
Qoker calls
UDF1 checks
Flop [Qh 3d Th], Qoker (20), UDF1 (20)
UDF1 bids 14
Qoker bids 5
UDF1 won the auction and was revealed [4h]
Flop [Qh 3d Th], Qoker (20), UDF1 (25)
UDF1 bets 3012
Qoker folds
Qoker awarded -20
UDF1 awarded 20

Round #926, UDF1 (-295233), Qoker (295233)
UDF1 posts blind: 10
Qoker posts blind: 20
UDF1 received [Js Qs]
Qoker received [3h Tc]
UDF1 raises to 3840
Qoker folds
UDF1 awarded 20
Qoker awarded -20

Round #927, Qoker (295213), UDF1 (-295213)
Qoker posts blind: 10
UDF1 posts blind: 20
Qoker received [4c 7h]
UDF1 received [6s 8d]
Qoker calls
UDF1 checks
Flop [4h 3h Jc], Qoker (20), UDF1 (20)
UDF1 bids 9
Qoker bids 6
UDF1 won the auction and was revealed [7h]
Flop [4h 3h Jc], Qoker (20), UDF1 (26)
UDF1 bets 2546
Qoker calls
Turn [4h 3h Jc 6c], Qoker (2566), UDF1 (2572)
UDF1 bets 1340
Qoker calls
River [4h 3h Jc 6c As], Qoker (3906), UDF1 (3912)
UDF1 bets 604
Qoker calls
Qoker shows [4c 7h]
UDF1 shows [6s 8d]
Qoker awarded -4510
UDF1 awarded 4510

Round #928, UDF1 (-290703), Qoker (290703)
UDF1 posts blind: 10
Qoker posts blind: 20
UDF1 received [7s 4c]
Qoker received [Ts 8h]
UDF1 calls
Qoker checks
Flop [5s Ah Qc], UDF1 (20), Qoker (20)
Qoker bids 6
UDF1 bids 12
UDF1 won the auction and was revealed [Ts]
Flop [5s Ah Qc], UDF1 (26), Qoker (20)
Qoker checks
UDF1 bets 2305
Qoker folds
UDF1 awarded 20
Qoker awarded -20

Round #929, Qoker (290683), UDF1 (-290683)
Qoker posts blind: 10
UDF1 posts blind: 20
Qoker received [3c 7d]
UDF1 received [Ks 2s]
Qoker calls
UDF1 raises to 337
Qoker folds
Qoker awarded -20
UDF1 awarded 20

Round #930, UDF1 (-290663), Qoker (290663)
UDF1 posts blind: 10
Qoker posts blind: 20
UDF1 received [7d Qs]
Qoker received [Jc 5s]
UDF1 folds
UDF1 awarded -10
Qoker awarded 10

Round #931, Qoker (290673), UDF1 (-290673)
Qoker posts blind: 10
UDF1 posts blind: 20
Qoker received [3d 8d]
UDF1 received [4c 3s]
Qoker calls
UDF1 checks
Flop [7s 9h Ks], Qoker (20), UDF1 (20)
UDF1 bids 12
Qoker bids 0
UDF1 won the auction and was revealed [3d]
Flop [7s 9h Ks], Qoker (20), UDF1 (20)
UDF1 bets 2533
Qoker folds
Qoker awarded -20
UDF1 awarded 20

Round #932, UDF1 (-290653), Qoker (290653)
UDF1 posts blind: 10
Qoker posts blind: 20
UDF1 received [9h 7c]
Qoker received [8c Ah]
UDF1 folds
UDF1 awarded -10
Qoker awarded 10

Round #933, Qoker (290663), UDF1 (-290663)
Qoker posts blind: 10
UDF1 posts blind: 20
Qoker received [As 2d]
UDF1 received [7c Ts]
Qoker calls
UDF1 checks
Flop [Td 3d 8d], Qoker (20), UDF1 (20)
UDF1 bids 8
Qoker bids 2
UDF1 won the auction and was revealed [2d]
Flop [Td 3d 8d], Qoker (20), UDF1 (22)
UDF1 bets 2845
Qoker folds
Qoker awarded -20
UDF1 awarded 20

Round #934, UDF1 (-290643), Qoker (290643)
UDF1 posts blind: 10
Qoker posts blind: 20
UDF1 received [9h Kd]
Qoker received [2h Qh]
UDF1 calls
Qoker checks
Flop [Qs 5c 8c], UDF1 (20), Qoker (20)
Qoker bids 8
UDF1 bids 5
Qoker won the auction and was revealed [Kd]
Flop [Qs 5c 8c], UDF1 (20), Qoker (25)
Qoker checks
UDF1 bets 2667
Qoker calls
Turn [Qs 5c 8c 7h], UDF1 (2687), Qoker (2692)
Qoker checks
UDF1 bets 1132
Qoker calls
River [Qs 5c 8c 7h Ks], UDF1 (3819), Qoker (3824)
Qoker checks
UDF1 bets 743
Qoker calls
UDF1 shows [9h Kd]
Qoker shows [2h Qh]
UDF1 awarded 4567
Qoker awarded -4567

Round #935, Qoker (286076), UDF1 (-286076)
Qoker posts blind: 10
UDF1 posts blind: 20
Qoker received [3d 9c]
UDF1 received [Ac Kd]
Qoker calls
UDF1 raises to 4508
Qoker folds
Qoker awarded -20
UDF1 awarded 20

Round #936, UDF1 (-286056), Qoker (286056)
UDF1 posts blind: 10
Qoker posts blind: 20
UDF1 received [2c 4d]
Qoker received [9h 4s]
UDF1 calls
Qoker checks
Flop [5h Qc 9s], UDF1 (20), Qoker (20)
Qoker bids 8
UDF1 bids 8
UDF1 won the auction and was revealed [9h]
Qoker won the auction and was revealed [2c]
Flop [5h Qc 9s], UDF1 (28), Qoker (28)
Qoker bets 39
UDF1 folds
UDF1 awarded -28
Qoker awarded 28

Round #937, Qoker (286084), UDF1 (-286084)
Qoker posts blind: 10
UDF1 posts blind: 20
Qoker received [Qs 5h]
UDF1 received [Td 7h]
Qoker calls
UDF1 checks
Flop [9s Jd 3s], Qoker (20), UDF1 (20)
UDF1 bids 11
Qoker bids 0
UDF1 won the auction and was revealed [Qs]
Flop [9s Jd 3s], Qoker (20), UDF1 (20)
UDF1 bets 2717
Qoker folds
Qoker awarded -20
UDF1 awarded 20

Round #938, UDF1 (-286064), Qoker (286064)
UDF1 posts blind: 10
Qoker posts blind: 20
UDF1 received [Jc 3d]
Qoker received [2c 4c]
UDF1 calls
Qoker checks
Flop [8d Kc Jh], UDF1 (20), Qoker (20)
Qoker bids 0
UDF1 bids 6
UDF1 won the auction and was revealed [4c]
Flop [8d Kc Jh], UDF1 (20), Qoker (20)
Qoker checks
UDF1 bets 3452
Qoker folds
UDF1 awarded 20
Qoker awarded -20

Round #939, Qoker (286044), UDF1 (-286044)
Qoker posts blind: 10
UDF1 posts blind: 20
Qoker received [9d 4c]
UDF1 received [Qs 8s]
Qoker calls
UDF1 checks
Flop [Qc 9h 2s], Qoker (20), UDF1 (20)
UDF1 bids 12
Qoker bids 8
UDF1 won the auction and was revealed [4c]
Flop [Qc 9h 2s], Qoker (20), UDF1 (28)
UDF1 bets 3491
Qoker calls
Turn [Qc 9h 2s 3s], Qoker (3511), UDF1 (3519)
UDF1 bets 1115
Qoker calls
River [Qc 9h 2s 3s 7d], Qoker (4626), UDF1 (4634)
UDF1 bets 247
Qoker calls
Qoker shows [9d 4c]
UDF1 shows [Qs 8s]
Qoker awarded -4873
UDF1 awarded 4873

Round #940, UDF1 (-281171), Qoker (281171)
UDF1 posts blind: 10
Qoker posts blind: 20
UDF1 received [Td 3c]
Qoker received [6h 2c]
UDF1 folds
UDF1 awarded -10
Qoker awarded 10

Round #941, Qoker (281181), UDF1 (-281181)
Qoker posts blind: 10
UDF1 posts blind: 20
Qoker received [7h 5d]
UDF1 received [6h Qh]
Qoker calls
UDF1 checks
Flop [Ts 6s Jc], Qoker (20), UDF1 (20)
UDF1 bids 9
Qoker bids 0
UDF1 won the auction and was revealed [7h]
Flop [Ts 6s Jc], Qoker (20), UDF1 (20)
UDF1 bets 3380
Qoker folds
Qoker awarded -20
UDF1 awarded 20

Round #942, UDF1 (-281161), Qoker (281161)
UDF1 posts blind: 10
Qoker posts blind: 20
UDF1 received [2c 4h]
Qoker received [Kh 2d]
UDF1 raises to 337
Qoker folds
UDF1 awarded 20
Qoker awarded -20

Round #943, Qoker (281141), UDF1 (-281141)
Qoker posts blind: 10
UDF1 posts blind: 20
Qoker received [As Td]
UDF1 received [2h 4s]
Qoker calls
UDF1 checks
Flop [4h 9d 9h], Qoker (20), UDF1 (20)
UDF1 bids 8
Qoker bids 7
UDF1 won the auction and was revealed [As]
Flop [4h 9d 9h], Qoker (20), UDF1 (27)
UDF1 bets 3169
Qoker calls
Turn [4h 9d 9h 7c], Qoker (3189), UDF1 (3196)
UDF1 bets 1049
Qoker calls
River [4h 9d 9h 7c Kd], Qoker (4238), UDF1 (4245)
UDF1 bets 455
Qoker calls
Qoker shows [As Td]
UDF1 shows [2h 4s]
Qoker awarded -4693
UDF1 awarded 4693

Round #944, UDF1 (-276448), Qoker (276448)
UDF1 posts blind: 10
Qoker posts blind: 20
UDF1 received [2c 5d]
Qoker received [8d Qc]
UDF1 raises to 337
Qoker folds
UDF1 awarded 20
Qoker awarded -20

Round #945, Qoker (276428), UDF1 (-276428)
Qoker posts blind: 10
UDF1 posts blind: 20
Qoker received [Jd Qh]
UDF1 received [3c As]
Qoker calls
UDF1 raises to 337
Qoker calls
Flop [6h 4d 5h], Qoker (337), UDF1 (337)
UDF1 bids 9
Qoker bids 0
UDF1 won the auction and was revealed [Qh]
Flop [6h 4d 5h], Qoker (337), UDF1 (337)
UDF1 bets 2461
Qoker folds
Qoker awarded -337
UDF1 awarded 337

Round #946, UDF1 (-276091), Qoker (276091)
UDF1 posts blind: 10
Qoker posts blind: 20
UDF1 received [Js 4h]
Qoker received [5d 9d]
UDF1 raises to 337
Qoker folds
UDF1 awarded 20
Qoker awarded -20

Round #947, Qoker (276071), UDF1 (-276071)
Qoker posts blind: 10
UDF1 posts blind: 20
Qoker received [5h Qc]
UDF1 received [6h 6c]
Qoker calls
UDF1 checks
Flop [7c 8h 5d], Qoker (20), UDF1 (20)
UDF1 bids 0
Qoker bids 4
Qoker won the auction and was revealed [6h]
Flop [7c 8h 5d], Qoker (20), UDF1 (20)
UDF1 bets 2957
Qoker calls
Turn [7c 8h 5d 2h], Qoker (2977), UDF1 (2977)
UDF1 bets 1289
Qoker calls
River [7c 8h 5d 2h Kh], Qoker (4266), UDF1 (4266)
UDF1 bets 371
Qoker calls
Qoker shows [5h Qc]
UDF1 shows [6h 6c]
Qoker awarded -4637
UDF1 awarded 4637

Round #948, UDF1 (-271434), Qoker (271434)
UDF1 posts blind: 10
Qoker posts blind: 20
UDF1 received [5c Tc]
Qoker received [Qc Jh]
UDF1 calls
Qoker checks
Flop [4c 2h Kh], UDF1 (20), Qoker (20)
Qoker bids 0
UDF1 bids 3
UDF1 won the auction and was revealed [Jh]
Flop [4c 2h Kh], UDF1 (20), Qoker (20)
Qoker checks
UDF1 bets 2276
Qoker folds
UDF1 awarded 20
Qoker awarded -20

Round #949, Qoker (271414), UDF1 (-271414)
Qoker posts blind: 10
UDF1 posts blind: 20
Qoker received [Jh Js]
UDF1 received [Jd Qs]
Qoker raises to 40
UDF1 calls
Flop [5c 2s 3s], Qoker (40), UDF1 (40)
UDF1 bids 15
Qoker bids 11
UDF1 won the auction and was revealed [Js]
Flop [5c 2s 3s], Qoker (40), UDF1 (51)
UDF1 bets 2753
Qoker calls
Turn [5c 2s 3s 7c], Qoker (2793), UDF1 (2804)
UDF1 bets 1244
Qoker calls
River [5c 2s 3s 7c Th], Qoker (4037), UDF1 (4048)
UDF1 bets 474
Qoker calls
Qoker shows [Jh Js]
UDF1 shows [Jd Qs]
Qoker awarded 4522
UDF1 awarded -4522

Round #950, UDF1 (-275936), Qoker (275936)
UDF1 posts blind: 10
Qoker posts blind: 20
UDF1 received [4h 2d]
Qoker received [2s Qd]
UDF1 folds
UDF1 awarded -10
Qoker awarded 10

Round #951, Qoker (275946), UDF1 (-275946)
Qoker posts blind: 10
UDF1 posts blind: 20
Qoker received [7s Qs]
UDF1 received [3c Js]
Qoker calls
UDF1 checks
Flop [7d 4h 8d], Qoker (20), UDF1 (20)
UDF1 bids 9
Qoker bids 6
UDF1 won the auction and was revealed [7s]
Flop [7d 4h 8d], Qoker (20), UDF1 (26)
UDF1 bets 2136
Qoker calls
Turn [7d 4h 8d Ks], Qoker (2156), UDF1 (2162)
UDF1 bets 1398
Qoker calls
River [7d 4h 8d Ks 8c], Qoker (3554), UDF1 (3560)
UDF1 bets 524
Qoker calls
Qoker shows [7s Qs]
UDF1 shows [3c Js]
Qoker awarded 4084
UDF1 awarded -4084

Round #952, UDF1 (-280030), Qoker (280030)
UDF1 posts blind: 10
Qoker posts blind: 20
UDF1 received [Ks 2c]
Qoker received [Qh 4h]
UDF1 folds
UDF1 awarded -10
Qoker awarded 10

Round #953, Qoker (280040), UDF1 (-280040)
Qoker posts blind: 10
UDF1 posts blind: 20
Qoker received [Qd 3s]
UDF1 received [Ac 4c]
Qoker calls
UDF1 checks
Flop [7d Kc 8h], Qoker (20), UDF1 (20)
UDF1 bids 10
Qoker bids 0
UDF1 won the auction and was revealed [3s]
Flop [7d Kc 8h], Qoker (20), UDF1 (20)
UDF1 bets 3191
Qoker folds
Qoker awarded -20
UDF1 awarded 20

Round #954, UDF1 (-280020), Qoker (280020)
UDF1 posts blind: 10
Qoker posts blind: 20
UDF1 received [6c 4c]
Qoker received [9h 8d]
UDF1 calls
Qoker checks
Flop [9c Th 7c], UDF1 (20), Qoker (20)
Qoker bids 6
UDF1 bids 4
Qoker won the auction and was revealed [6c]
Flop [9c Th 7c], UDF1 (20), Qoker (24)
Qoker bets 34
UDF1 calls
Turn [9c Th 7c 2d], UDF1 (54), Qoker (58)
Qoker bets 85
UDF1 folds
UDF1 awarded -54
Qoker awarded 54

Round #955, Qoker (280074), UDF1 (-280074)
Qoker posts blind: 10
UDF1 posts blind: 20
Qoker received [8d Js]
UDF1 received [8s 8h]
Qoker calls
UDF1 raises to 3620
Qoker folds
Qoker awarded -20
UDF1 awarded 20

Round #956, UDF1 (-280054), Qoker (280054)
UDF1 posts blind: 10
Qoker posts blind: 20
UDF1 received [Ts Jh]
Qoker received [Qh 2s]
UDF1 calls
Qoker checks
Flop [Jd Th 9h], UDF1 (20), Qoker (20)
Qoker bids 4
UDF1 bids 0
Qoker won the auction and was revealed [Ts]
Flop [Jd Th 9h], UDF1 (20), Qoker (20)
Qoker checks
UDF1 bets 3087
Qoker calls
Turn [Jd Th 9h 4s], UDF1 (3107), Qoker (3107)
Qoker checks
UDF1 bets 1244
Qoker calls
River [Jd Th 9h 4s Qc], UDF1 (4351), Qoker (4351)
Qoker checks
UDF1 bets 383
Qoker calls
UDF1 shows [Ts Jh]
Qoker shows [Qh 2s]
UDF1 awarded 4734
Qoker awarded -4734

Round #957, Qoker (275320), UDF1 (-275320)
Qoker posts blind: 10
UDF1 posts blind: 20
Qoker received [7c 6s]
UDF1 received [4h 2c]
Qoker calls
UDF1 checks
Flop [Td Qs 9s], Qoker (20), UDF1 (20)
UDF1 bids 15
Qoker bids 0
UDF1 won the auction and was revealed [6s]
Flop [Td Qs 9s], Qoker (20), UDF1 (20)
UDF1 bets 2078
Qoker folds
Qoker awarded -20
UDF1 awarded 20

Round #958, UDF1 (-275300), Qoker (275300)
UDF1 posts blind: 10
Qoker posts blind: 20
UDF1 received [Tc Qc]
Qoker received [Qh Js]
UDF1 calls
Qoker checks
Flop [Ts 2s Ad], UDF1 (20), Qoker (20)
Qoker bids 3
UDF1 bids 11
UDF1 won the auction and was revealed [Qh]
Flop [Ts 2s Ad], UDF1 (23), Qoker (20)
Qoker checks
UDF1 bets 2988
Qoker folds
UDF1 awarded 20
Qoker awarded -20

Round #959, Qoker (275280), UDF1 (-275280)
Qoker posts blind: 10
UDF1 posts blind: 20
Qoker received [Js 3s]
UDF1 received [Ts 2d]
Qoker calls
UDF1 raises to 337
Qoker folds
Qoker awarded -20
UDF1 awarded 20

Round #960, UDF1 (-275260), Qoker (275260)
UDF1 posts blind: 10
Qoker posts blind: 20
UDF1 received [Jd 4c]
Qoker received [Js 4s]
UDF1 calls
Qoker checks
Flop [7h 3d Qc], UDF1 (20), Qoker (20)
Qoker bids 0
UDF1 bids 13
UDF1 won the auction and was revealed [Js]
Flop [7h 3d Qc], UDF1 (20), Qoker (20)
Qoker checks
UDF1 bets 2637
Qoker folds
UDF1 awarded 20
Qoker awarded -20

Round #961, Qoker (275240), UDF1 (-275240)
Qoker posts blind: 10
UDF1 posts blind: 20
Qoker received [3h Kh]
UDF1 received [2d 2s]
Qoker calls
UDF1 checks
Flop [Th 4s 6h], Qoker (20), UDF1 (20)
UDF1 bids 13
Qoker bids 4
UDF1 won the auction and was revealed [Kh]
Flop [Th 4s 6h], Qoker (20), UDF1 (24)
UDF1 bets 3042
Qoker folds
Qoker awarded -20
UDF1 awarded 20

Round #962, UDF1 (-275220), Qoker (275220)
UDF1 posts blind: 10
Qoker posts blind: 20
UDF1 received [As Js]
Qoker received [Ac 3d]
UDF1 raises to 3675
Qoker folds
UDF1 awarded 20
Qoker awarded -20

Round #963, Qoker (275200), UDF1 (-275200)
Qoker posts blind: 10
UDF1 posts blind: 20
Qoker received [Js 2c]
UDF1 received [8s As]
Qoker calls
UDF1 checks
Flop [Tc 7s Qc], Qoker (20), UDF1 (20)
UDF1 bids 14
Qoker bids 0
UDF1 won the auction and was revealed [Js]
Flop [Tc 7s Qc], Qoker (20), UDF1 (20)
UDF1 bets 2835
Qoker folds
Qoker awarded -20
UDF1 awarded 20

Round #964, UDF1 (-275180), Qoker (275180)
UDF1 posts blind: 10
Qoker posts blind: 20
UDF1 received [Js Qc]
Qoker received [7d Kh]
UDF1 raises to 1091
Qoker folds
UDF1 awarded 20
Qoker awarded -20

Round #965, Qoker (275160), UDF1 (-275160)
Qoker posts blind: 10
UDF1 posts blind: 20
Qoker received [Kc 2d]
UDF1 received [9c 3s]
Qoker calls
UDF1 checks
Flop [Js Ad Th], Qoker (20), UDF1 (20)
UDF1 bids 14
Qoker bids 5
UDF1 won the auction and was revealed [Kc]
Flop [Js Ad Th], Qoker (20), UDF1 (25)
UDF1 bets 2255
Qoker folds
Qoker awarded -20
UDF1 awarded 20

Round #966, UDF1 (-275140), Qoker (275140)
UDF1 posts blind: 10
Qoker posts blind: 20
UDF1 received [5s Ts]
Qoker received [2d Jh]
UDF1 calls
Qoker checks
Flop [5h 2h As], UDF1 (20), Qoker (20)
Qoker bids 3
UDF1 bids 10
UDF1 won the auction and was revealed [2d]
Flop [5h 2h As], UDF1 (23), Qoker (20)
Qoker checks
UDF1 bets 3282
Qoker calls
Turn [5h 2h As 9c], UDF1 (3305), Qoker (3302)
Qoker checks
UDF1 bets 1116
Qoker calls
River [5h 2h As 9c Kc], UDF1 (4421), Qoker (4418)
Qoker checks
UDF1 bets 403
Qoker calls
UDF1 shows [5s Ts]
Qoker shows [2d Jh]
UDF1 awarded 4821
Qoker awarded -4821

Round #967, Qoker (270319), UDF1 (-270319)
Qoker posts blind: 10
UDF1 posts blind: 20
Qoker received [5d Qd]
UDF1 received [As 7s]
Qoker calls
UDF1 checks
Flop [5c 8d 8c], Qoker (20), UDF1 (20)
UDF1 bids 10
Qoker bids 6
UDF1 won the auction and was revealed [5d]
Flop [5c 8d 8c], Qoker (20), UDF1 (26)
UDF1 bets 2184
Qoker calls
Turn [5c 8d 8c 2h], Qoker (2204), UDF1 (2210)
UDF1 bets 1278
Qoker calls
River [5c 8d 8c 2h 3s], Qoker (3482), UDF1 (3488)
UDF1 bets 546
Qoker calls
Qoker shows [5d Qd]
UDF1 shows [As 7s]
Qoker awarded 4034
UDF1 awarded -4034

Round #968, UDF1 (-274353), Qoker (274353)
UDF1 posts blind: 10
Qoker posts blind: 20
UDF1 received [Kh Jc]
Qoker received [As 3c]
UDF1 calls
Qoker checks
Flop [7h 3h Js], UDF1 (20), Qoker (20)
Qoker bids 5
UDF1 bids 2
Qoker won the auction and was revealed [Kh]
Flop [7h 3h Js], UDF1 (20), Qoker (22)
Qoker checks
UDF1 bets 3554
Qoker calls
Turn [7h 3h Js Ad], UDF1 (3574), Qoker (3576)
Qoker bets 1424
UDF1 calls
River [7h 3h Js Ad Ac], UDF1 (4998), Qoker (5000)
Qoker checks
UDF1 checks
UDF1 shows [Kh Jc]
Qoker shows [As 3c]
UDF1 awarded -4998
Qoker awarded 4998

Round #969, Qoker (279351), UDF1 (-279351)
Qoker posts blind: 10
UDF1 posts blind: 20
Qoker received [2s 5c]
UDF1 received [Jc 7d]
Qoker calls
UDF1 raises to 337
Qoker folds
Qoker awarded -20
UDF1 awarded 20

Round #970, UDF1 (-279331), Qoker (279331)
UDF1 posts blind: 10
Qoker posts blind: 20
UDF1 received [4d 5h]
Qoker received [6s 4c]
UDF1 raises to 337
Qoker folds
UDF1 awarded 20
Qoker awarded -20

Round #971, Qoker (279311), UDF1 (-279311)
Qoker posts blind: 10
UDF1 posts blind: 20
Qoker received [5c 8c]
UDF1 received [Ad 3h]
Qoker calls
UDF1 checks
Flop [9s Td 7s], Qoker (20), UDF1 (20)
UDF1 bids 14
Qoker bids 5
UDF1 won the auction and was revealed [5c]
Flop [9s Td 7s], Qoker (20), UDF1 (25)
UDF1 bets 2969
Qoker folds
Qoker awarded -20
UDF1 awarded 20

Round #972, UDF1 (-279291), Qoker (279291)
UDF1 posts blind: 10
Qoker posts blind: 20
UDF1 received [3d 5h]
Qoker received [3h 4s]
UDF1 folds
UDF1 awarded -10
Qoker awarded 10

Round #973, Qoker (279301), UDF1 (-279301)
Qoker posts blind: 10
UDF1 posts blind: 20
Qoker received [Qs 3s]
UDF1 received [2c 7d]
Qoker calls
UDF1 checks
Flop [Js Ac 5d], Qoker (20), UDF1 (20)
UDF1 bids 12
Qoker bids 7
UDF1 won the auction and was revealed [3s]
Flop [Js Ac 5d], Qoker (20), UDF1 (27)
UDF1 bets 2433
Qoker folds
Qoker awarded -20
UDF1 awarded 20

Round #974, UDF1 (-279281), Qoker (279281)
UDF1 posts blind: 10
Qoker posts blind: 20
UDF1 received [3c 7s]
Qoker received [3h Ah]
UDF1 folds
UDF1 awarded -10
Qoker awarded 10

Round #975, Qoker (279291), UDF1 (-279291)
Qoker posts blind: 10
UDF1 posts blind: 20
Qoker received [Qc 6d]
UDF1 received [7h Jc]
Qoker calls
UDF1 checks
Flop [3h 9c 6h], Qoker (20), UDF1 (20)
UDF1 bids 9
Qoker bids 4
UDF1 won the auction and was revealed [Qc]
Flop [3h 9c 6h], Qoker (20), UDF1 (24)
UDF1 bets 2723
Qoker calls
Turn [3h 9c 6h As], Qoker (2743), UDF1 (2747)
UDF1 bets 924
Qoker calls
River [3h 9c 6h As Kc], Qoker (3667), UDF1 (3671)
UDF1 bets 604
Qoker calls
Qoker shows [Qc 6d]
UDF1 shows [7h Jc]
Qoker awarded 4275
UDF1 awarded -4275

Round #976, UDF1 (-283566), Qoker (283566)
UDF1 posts blind: 10
Qoker posts blind: 20
UDF1 received [Kd 8h]
Qoker received [7s 7d]
UDF1 folds
UDF1 awarded -10
Qoker awarded 10

Round #977, Qoker (283576), UDF1 (-283576)
Qoker posts blind: 10
UDF1 posts blind: 20
Qoker received [7d 2d]
UDF1 received [Qd 9h]
Qoker calls
UDF1 checks
Flop [Th 8c 3h], Qoker (20), UDF1 (20)
UDF1 bids 9
Qoker bids 0
UDF1 won the auction and was revealed [2d]
Flop [Th 8c 3h], Qoker (20), UDF1 (20)
UDF1 bets 2950
Qoker folds
Qoker awarded -20
UDF1 awarded 20

Round #978, UDF1 (-283556), Qoker (283556)
UDF1 posts blind: 10
Qoker posts blind: 20
UDF1 received [4h 2d]
Qoker received [2c Ks]
UDF1 calls
Qoker checks
Flop [Jd Qc 9c], UDF1 (20), Qoker (20)
Qoker bids 0
UDF1 bids 15
UDF1 won the auction and was revealed [Ks]
Flop [Jd Qc 9c], UDF1 (20), Qoker (20)
Qoker checks
UDF1 bets 2340
Qoker folds
UDF1 awarded 20
Qoker awarded -20

Round #979, Qoker (283536), UDF1 (-283536)
Qoker posts blind: 10
UDF1 posts blind: 20
Qoker received [2s 8s]
UDF1 received [4s 9d]
Qoker calls
UDF1 checks
Flop [Qs Kd Qd], Qoker (20), UDF1 (20)
UDF1 bids 11
Qoker bids 9
UDF1 won the auction and was revealed [2s]
Flop [Qs Kd Qd], Qoker (20), UDF1 (29)
UDF1 bets 2620
Qoker calls
Turn [Qs Kd Qd Qh], Qoker (2640), UDF1 (2649)
UDF1 bets 1099
Qoker raises to 2351
UDF1 calls
River [Qs Kd Qd Qh 7h], Qoker (4991), UDF1 (5000)
UDF1 checks
Qoker checks
Qoker shows [2s 8s]
UDF1 shows [4s 9d]
Qoker awarded -4991
UDF1 awarded 4991

Round #980, UDF1 (-278545), Qoker (278545)
UDF1 posts blind: 10
Qoker posts blind: 20
UDF1 received [2d Ks]
Qoker received [Qc Jh]
UDF1 folds
UDF1 awarded -10
Qoker awarded 10

Round #981, Qoker (278555), UDF1 (-278555)
Qoker posts blind: 10
UDF1 posts blind: 20
Qoker received [8s 5c]
UDF1 received [5d 2h]
Qoker calls
UDF1 checks
Flop [7s 7c Kc], Qoker (20), UDF1 (20)
UDF1 bids 3
Qoker bids 4
Qoker won the auction and was revealed [2h]
Flop [7s 7c Kc], Qoker (23), UDF1 (20)
UDF1 bets 2304
Qoker raises to 4608
UDF1 folds
Qoker awarded 2324
UDF1 awarded -2324

Round #982, UDF1 (-280879), Qoker (280879)
UDF1 posts blind: 10
Qoker posts blind: 20
UDF1 received [9c Kc]
Qoker received [As Kd]
UDF1 raises to 337
Qoker calls
Flop [2s 9h 3c], UDF1 (337), Qoker (337)
Qoker bids 56
UDF1 bids 2
Qoker won the auction and was revealed [Kc]
Flop [2s 9h 3c], UDF1 (337), Qoker (339)
Qoker checks
UDF1 bets 3184
Qoker folds
UDF1 awarded 339
Qoker awarded -339

Round #983, Qoker (280540), UDF1 (-280540)
Qoker posts blind: 10
UDF1 posts blind: 20
Qoker received [Tc 9d]
UDF1 received [8s 4s]
Qoker calls
UDF1 checks
Flop [2h Qc 9h], Qoker (20), UDF1 (20)
UDF1 bids 5
Qoker bids 4
UDF1 won the auction and was revealed [Tc]
Flop [2h Qc 9h], Qoker (20), UDF1 (24)
UDF1 bets 2415
Qoker calls
Turn [2h Qc 9h Ks], Qoker (2435), UDF1 (2439)
UDF1 bets 1129
Qoker calls
River [2h Qc 9h Ks Js], Qoker (3564), UDF1 (3568)
UDF1 bets 594
Qoker raises to 1432
UDF1 folds
Qoker awarded 4162
UDF1 awarded -4162

Round #984, UDF1 (-284702), Qoker (284702)
UDF1 posts blind: 10
Qoker posts blind: 20
UDF1 received [8d 7c]
Qoker received [6d Kc]
UDF1 calls
Qoker checks
Flop [9s 3s Qd], UDF1 (20), Qoker (20)
Qoker bids 0
UDF1 bids 0
UDF1 won the auction and was revealed [6d]
Qoker won the auction and was revealed [7c]
Flop [9s 3s Qd], UDF1 (20), Qoker (20)
Qoker checks
UDF1 bets 2898
Qoker folds
UDF1 awarded 20
Qoker awarded -20

Round #985, Qoker (284682), UDF1 (-284682)
Qoker posts blind: 10
UDF1 posts blind: 20
Qoker received [2h 5c]
UDF1 received [5h 6h]
Qoker calls
UDF1 checks
Flop [4d 6c Jh], Qoker (20), UDF1 (20)
UDF1 bids 14
Qoker bids 0
UDF1 won the auction and was revealed [5c]
Flop [4d 6c Jh], Qoker (20), UDF1 (20)
UDF1 bets 3196
Qoker folds
Qoker awarded -20
UDF1 awarded 20

Round #986, UDF1 (-284662), Qoker (284662)
UDF1 posts blind: 10
Qoker posts blind: 20
UDF1 received [Jh 3s]
Qoker received [3h 2d]
UDF1 calls
Qoker checks
Flop [2s 5s Th], UDF1 (20), Qoker (20)
Qoker bids 3
UDF1 bids 15
UDF1 won the auction and was revealed [3h]
Flop [2s 5s Th], UDF1 (23), Qoker (20)
Qoker checks
UDF1 bets 2979
Qoker calls
Turn [2s 5s Th Qs], UDF1 (3002), Qoker (2999)
Qoker checks
UDF1 bets 1079
Qoker calls
River [2s 5s Th Qs 9c], UDF1 (4081), Qoker (4078)
Qoker checks
UDF1 bets 464
Qoker calls
UDF1 shows [Jh 3s]
Qoker shows [3h 2d]
UDF1 awarded -4545
Qoker awarded 4545

Round #987, Qoker (289207), UDF1 (-289207)
Qoker posts blind: 10
UDF1 posts blind: 20
Qoker received [7s Qs]
UDF1 received [6c Jh]
Qoker calls
UDF1 checks
Flop [4c Jd Kc], Qoker (20), UDF1 (20)
UDF1 bids 11
Qoker bids 0
UDF1 won the auction and was revealed [7s]
Flop [4c Jd Kc], Qoker (20), UDF1 (20)
UDF1 bets 3308
Qoker folds
Qoker awarded -20
UDF1 awarded 20

Round #988, UDF1 (-289187), Qoker (289187)
UDF1 posts blind: 10
Qoker posts blind: 20
UDF1 received [Kh 2c]
Qoker received [Kc Jd]
UDF1 folds
UDF1 awarded -10
Qoker awarded 10

Round #989, Qoker (289197), UDF1 (-289197)
Qoker posts blind: 10
UDF1 posts blind: 20
Qoker received [Jh 2c]
UDF1 received [9c 3s]
Qoker calls
UDF1 checks
Flop [8c 8h 5h], Qoker (20), UDF1 (20)
UDF1 bids 4
Qoker bids 2
UDF1 won the auction and was revealed [Jh]
Flop [8c 8h 5h], Qoker (20), UDF1 (22)
UDF1 bets 2228
Qoker calls
Turn [8c 8h 5h 7s], Qoker (2248), UDF1 (2250)
UDF1 bets 1193
Qoker calls
River [8c 8h 5h 7s 8s], Qoker (3441), UDF1 (3443)
UDF1 bets 578
Qoker raises to 1557
UDF1 folds
Qoker awarded 4021
UDF1 awarded -4021

Round #990, UDF1 (-293218), Qoker (293218)
UDF1 posts blind: 10
Qoker posts blind: 20
UDF1 received [7h Qh]
Qoker received [4d 5h]
UDF1 calls
Qoker checks
Flop [3d Qs Jc], UDF1 (20), Qoker (20)
Qoker bids 0
UDF1 bids 9
UDF1 won the auction and was revealed [5h]
Flop [3d Qs Jc], UDF1 (20), Qoker (20)
Qoker checks
UDF1 bets 3659
Qoker folds
UDF1 awarded 20
Qoker awarded -20

Round #991, Qoker (293198), UDF1 (-293198)
Qoker posts blind: 10
UDF1 posts blind: 20
Qoker received [7c Jh]
UDF1 received [Qc Kh]
Qoker calls
UDF1 raises to 3561
Qoker folds
Qoker awarded -20
UDF1 awarded 20

Round #992, UDF1 (-293178), Qoker (293178)
UDF1 posts blind: 10
Qoker posts blind: 20
UDF1 received [2h 5d]
Qoker received [Qc Kc]
UDF1 calls
Qoker checks
Flop [2s 9h 4c], UDF1 (20), Qoker (20)
Qoker bids 0
UDF1 bids 11
UDF1 won the auction and was revealed [Kc]
Flop [2s 9h 4c], UDF1 (20), Qoker (20)
Qoker checks
UDF1 bets 3164
Qoker folds
UDF1 awarded 20
Qoker awarded -20

Round #993, Qoker (293158), UDF1 (-293158)
Qoker posts blind: 10
UDF1 posts blind: 20
Qoker received [Tc Qs]
UDF1 received [6s Qc]
Qoker calls
UDF1 checks
Flop [Qh 8h Qd], Qoker (20), UDF1 (20)
UDF1 bids 2
Qoker bids 6
Qoker won the auction and was revealed [Qc]
Flop [Qh 8h Qd], Qoker (22), UDF1 (20)
UDF1 bets 3175
Qoker calls
Turn [Qh 8h Qd Td], Qoker (3197), UDF1 (3195)
UDF1 bets 1122
Qoker raises to 1803
UDF1 calls
River [Qh 8h Qd Td Jd], Qoker (5000), UDF1 (4998)
UDF1 checks
Qoker checks
Qoker shows [Tc Qs]
UDF1 shows [6s Qc]
Qoker awarded 4998
UDF1 awarded -4998

Round #994, UDF1 (-298156), Qoker (298156)
UDF1 posts blind: 10
Qoker posts blind: 20
UDF1 received [Th 3s]
Qoker received [4h 8h]
UDF1 calls
Qoker checks
Flop [6d 5d 7d], UDF1 (20), Qoker (20)
Qoker bids 0
UDF1 bids 10
UDF1 won the auction and was revealed [4h]
Flop [6d 5d 7d], UDF1 (20), Qoker (20)
Qoker bets 32
UDF1 folds
UDF1 awarded -20
Qoker awarded 20

Round #995, Qoker (298176), UDF1 (-298176)
Qoker posts blind: 10
UDF1 posts blind: 20
Qoker received [Jd 3c]
UDF1 received [2d 7d]
Qoker calls
UDF1 checks
Flop [Kh 8d 2s], Qoker (20), UDF1 (20)
UDF1 bids 11
Qoker bids 0
UDF1 won the auction and was revealed [3c]
Flop [Kh 8d 2s], Qoker (20), UDF1 (20)
UDF1 bets 3006
Qoker folds
Qoker awarded -20
UDF1 awarded 20

Round #996, UDF1 (-298156), Qoker (298156)
UDF1 posts blind: 10
Qoker posts blind: 20
UDF1 received [9d 5s]
Qoker received [9c Ts]
UDF1 calls
Qoker checks
Flop [Qh 2s Qd], UDF1 (20), Qoker (20)
Qoker bids 6
UDF1 bids 0
Qoker won the auction and was revealed [9d]
Flop [Qh 2s Qd], UDF1 (20), Qoker (20)
Qoker bets 24
UDF1 calls
Turn [Qh 2s Qd Jh], UDF1 (44), Qoker (44)
Qoker checks
UDF1 bets 2378
Qoker calls
River [Qh 2s Qd Jh As], UDF1 (2422), Qoker (2422)
Qoker checks
UDF1 bets 1172
Qoker calls
UDF1 shows [9d 5s]
Qoker shows [9c Ts]
UDF1 awarded -3594
Qoker awarded 3594

Round #997, Qoker (301750), UDF1 (-301750)
Qoker posts blind: 10
UDF1 posts blind: 20
Qoker received [6h Jh]
UDF1 received [5h As]
Qoker calls
UDF1 checks
Flop [9d Ac 5c], Qoker (20), UDF1 (20)
UDF1 bids 13
Qoker bids 2
UDF1 won the auction and was revealed [6h]
Flop [9d Ac 5c], Qoker (20), UDF1 (22)
UDF1 bets 3767
Qoker folds
Qoker awarded -20
UDF1 awarded 20

Round #998, UDF1 (-301730), Qoker (301730)
UDF1 posts blind: 10
Qoker posts blind: 20
UDF1 received [4c Jh]
Qoker received [3c 2d]
UDF1 calls
Qoker checks
Flop [8c 7d Kh], UDF1 (20), Qoker (20)
Qoker bids 0
UDF1 bids 7
UDF1 won the auction and was revealed [2d]
Flop [8c 7d Kh], UDF1 (20), Qoker (20)
Qoker checks
UDF1 bets 3174
Qoker folds
UDF1 awarded 20
Qoker awarded -20

Round #999, Qoker (301710), UDF1 (-301710)
Qoker posts blind: 10
UDF1 posts blind: 20
Qoker received [2s 9h]
UDF1 received [Ah 6d]
Qoker calls
UDF1 raises to 337
Qoker folds
Qoker awarded -20
UDF1 awarded 20

Round #1000, UDF1 (-301690), Qoker (301690)
UDF1 posts blind: 10
Qoker posts blind: 20
UDF1 received [7d 4s]
Qoker received [9c 5d]
UDF1 folds
UDF1 awarded -10
Qoker awarded 10

Final, Qoker (301700), UDF1 (-301700)