2026-03-01 01:56:52 UDF1 vs Qoker

Round #1, UDF1 (0), Qoker (0)
UDF1 posts blind: 10
Qoker posts blind: 20
UDF1 received [Ts 7c]
Qoker received [9s Qh]
UDF1 calls
Qoker checks
Flop [8h 3s 5h], UDF1 (20), Qoker (20)
Qoker bids 0
UDF1 bids 0
UDF1 won the auction and was revealed [Qh]
Qoker won the auction and was revealed [Ts]
Flop [8h 3s 5h], UDF1 (20), Qoker (20)
Qoker checks
UDF1 checks
Turn [8h 3s 5h 6c], UDF1 (20), Qoker (20)
Qoker checks
UDF1 checks
River [8h 3s 5h 6c Tc], UDF1 (20), Qoker (20)
Qoker checks
UDF1 bets 3244
Qoker folds
UDF1 awarded 20
Qoker awarded -20

Round #2, Qoker (-20), UDF1 (20)
Qoker posts blind: 10
UDF1 posts blind: 20
Qoker received [3c 9h]
UDF1 received [Js 2h]
Qoker calls
UDF1 checks
Flop [Ks Jh 5c], Qoker (20), UDF1 (20)
UDF1 bids 8
Qoker bids 0
UDF1 won the auction and was revealed [9h]
Flop [Ks Jh 5c], Qoker (20), UDF1 (20)
UDF1 bets 3388
Qoker folds
Qoker awarded -20
UDF1 awarded 20

Round #3, UDF1 (40), Qoker (-40)
UDF1 posts blind: 10
Qoker posts blind: 20
UDF1 received [As Jh]
Qoker received [5h 3d]
UDF1 raises to 3789
Qoker folds
UDF1 awarded 20
Qoker awarded -20

Round #4, Qoker (-60), UDF1 (60)
Qoker posts blind: 10
UDF1 posts blind: 20
Qoker received [7c 6d]
UDF1 received [Jd 9d]
Qoker calls
UDF1 checks
Flop [3c 5d 6s], Qoker (20), UDF1 (20)
UDF1 bids 7
Qoker bids 3
UDF1 won the auction and was revealed [7c]
Flop [3c 5d 6s], Qoker (20), UDF1 (23)
UDF1 checks
Qoker checks
Turn [3c 5d 6s Ac], Qoker (20), UDF1 (23)
UDF1 checks
Qoker checks
River [3c 5d 6s Ac Ah], Qoker (20), UDF1 (23)
UDF1 checks
Qoker checks
Qoker shows [7c 6d]
UDF1 shows [Jd 9d]
Qoker awarded 23
UDF1 awarded -23

Round #5, UDF1 (37), Qoker (-37)
UDF1 posts blind: 10
Qoker posts blind: 20
UDF1 received [6c 6s]
Qoker received [Qs Td]
UDF1 raises to 1620
Qoker calls
Flop [8h 6d 9h], UDF1 (1620), Qoker (1620)
Qoker bids 0
UDF1 bids 1
UDF1 won the auction and was revealed [Td]
Flop [8h 6d 9h], UDF1 (1620), Qoker (1620)
Qoker checks
UDF1 bets 2233
Qoker calls
Turn [8h 6d 9h Jc], UDF1 (3853), Qoker (3853)
Qoker bets 1147
UDF1 calls
River [8h 6d 9h Jc As], UDF1 (5000), Qoker (5000)
Qoker checks
UDF1 checks
UDF1 shows [6c 6s]
Qoker shows [Qs Td]
UDF1 awarded -5000
Qoker awarded 5000

Round #6, Qoker (4963), UDF1 (-4963)
Qoker posts blind: 10
UDF1 posts blind: 20
Qoker received [3h 7h]
UDF1 received [Ah Ad]
Qoker calls
UDF1 raises to 4642
Qoker folds
Qoker awarded -20
UDF1 awarded 20

Round #7, UDF1 (-4943), Qoker (4943)
UDF1 posts blind: 10
Qoker posts blind: 20
UDF1 received [4s Jh]
Qoker received [As Ac]
UDF1 folds
UDF1 awarded -10
Qoker awarded 10

Round #8, Qoker (4953), UDF1 (-4953)
Qoker posts blind: 10
UDF1 posts blind: 20
Qoker received [Td 3d]
UDF1 received [Qd 9d]
Qoker calls
UDF1 raises to 472
Qoker folds
Qoker awarded -20
UDF1 awarded 20

Round #9, UDF1 (-4933), Qoker (4933)
UDF1 posts blind: 10
Qoker posts blind: 20
UDF1 received [4d Qc]
Qoker received [8s 5s]
UDF1 calls
Qoker checks
Flop [Ks Jc Ts], UDF1 (20), Qoker (20)
Qoker bids 2
UDF1 bids 0
Qoker won the auction and was revealed [Qc]
Flop [Ks Jc Ts], UDF1 (20), Qoker (20)
Qoker checks
UDF1 checks
Turn [Ks Jc Ts As], UDF1 (20), Qoker (20)
Qoker bets 33
UDF1 raises to 2795
Qoker raises to 4980
UDF1 calls
River [Ks Jc Ts As 4h], UDF1 (5000), Qoker (5000)
Qoker checks
UDF1 checks
UDF1 shows [4d Qc]
Qoker shows [8s 5s]
UDF1 awarded -5000
Qoker awarded 5000

Round #10, Qoker (9933), UDF1 (-9933)
Qoker posts blind: 10
UDF1 posts blind: 20
Qoker received [Th 9s]
UDF1 received [Ah Ad]
Qoker calls
UDF1 raises to 4751
Qoker folds
Qoker awarded -20
UDF1 awarded 20

Round #11, UDF1 (-9913), Qoker (9913)
UDF1 posts blind: 10
Qoker posts blind: 20
UDF1 received [Jd 5c]
Qoker received [4h 3s]
UDF1 raises to 407
Qoker folds
UDF1 awarded 20
Qoker awarded -20

Round #12, Qoker (9893), UDF1 (-9893)
Qoker posts blind: 10
UDF1 posts blind: 20
Qoker received [Th 3d]
UDF1 received [Jh Jc]
Qoker calls
UDF1 raises to 4477
Qoker folds
Qoker awarded -20
UDF1 awarded 20

Round #13, UDF1 (-9873), Qoker (9873)
UDF1 posts blind: 10
Qoker posts blind: 20
UDF1 received [7c 8s]
Qoker received [3d 8h]
UDF1 raises to 406
Qoker folds
UDF1 awarded 20
Qoker awarded -20

Round #14, Qoker (9853), UDF1 (-9853)
Qoker posts blind: 10
UDF1 posts blind: 20
Qoker received [6c 4c]
UDF1 received [8c Qs]
Qoker calls
UDF1 raises to 351
Qoker calls
Flop [2s Kc Tc], Qoker (351), UDF1 (351)
UDF1 bids 0
Qoker bids 90
Qoker won the auction and was revealed [8c]
Flop [2s Kc Tc], Qoker (351), UDF1 (351)
UDF1 bets 2467
Qoker calls
Turn [2s Kc Tc As], Qoker (2818), UDF1 (2818)
UDF1 bets 1324
Qoker calls
River [2s Kc Tc As Ts], Qoker (4142), UDF1 (4142)
UDF1 bets 334
Qoker calls
Qoker shows [6c 4c]
UDF1 shows [8c Qs]
Qoker awarded -4476
UDF1 awarded 4476

Round #15, UDF1 (-5377), Qoker (5377)
UDF1 posts blind: 10
Qoker posts blind: 20
UDF1 received [5h 4h]
Qoker received [Th As]
UDF1 calls
Qoker checks
Flop [9h 6s 3c], UDF1 (20), Qoker (20)
Qoker bids 3
UDF1 bids 6
UDF1 won the auction and was revealed [Th]
Flop [9h 6s 3c], UDF1 (23), Qoker (20)
Qoker checks
UDF1 bets 2683
Qoker folds
UDF1 awarded 20
Qoker awarded -20

Round #16, Qoker (5357), UDF1 (-5357)
Qoker posts blind: 10
UDF1 posts blind: 20
Qoker received [Td Ah]
UDF1 received [7s 2c]
Qoker calls
UDF1 checks
Flop [2d 3d 2s], Qoker (20), UDF1 (20)
UDF1 bids 8
Qoker bids 5
UDF1 won the auction and was revealed [Ah]
Flop [2d 3d 2s], Qoker (20), UDF1 (25)
UDF1 bets 3340
Qoker calls
Turn [2d 3d 2s Kc], Qoker (3360), UDF1 (3365)
UDF1 bets 996
Qoker calls
River [2d 3d 2s Kc 4c], Qoker (4356), UDF1 (4361)
UDF1 bets 424
Qoker calls
Qoker shows [Td Ah]
UDF1 shows [7s 2c]
Qoker awarded -4780
UDF1 awarded 4780

Round #17, UDF1 (-577), Qoker (577)
UDF1 posts blind: 10
Qoker posts blind: 20
UDF1 received [5d Kd]
Qoker received [5c 6h]
UDF1 folds
UDF1 awarded -10
Qoker awarded 10

Round #18, Qoker (587), UDF1 (-587)
Qoker posts blind: 10
UDF1 posts blind: 20
Qoker received [Kc Kd]
UDF1 received [9s 5s]
Qoker raises to 40
UDF1 calls
Flop [6h Ac 2d], Qoker (40), UDF1 (40)
UDF1 bids 0
Qoker bids 13
Qoker won the auction and was revealed [5s]
Flop [6h Ac 2d], Qoker (40), UDF1 (40)
UDF1 bets 2685
Qoker raises to 4960
UDF1 calls
Turn [6h Ac 2d Ks], Qoker (5000), UDF1 (5000)
UDF1 checks
Qoker checks
River [6h Ac 2d Ks 7d], Qoker (5000), UDF1 (5000)
UDF1 checks
Qoker checks
Qoker shows [Kc Kd]
UDF1 shows [9s 5s]
Qoker awarded 5000
UDF1 awarded -5000

Round #19, UDF1 (-5587), Qoker (5587)
UDF1 posts blind: 10
Qoker posts blind: 20
UDF1 received [7d Th]
Qoker received [7s 7c]
UDF1 raises to 489
Qoker calls
Flop [5c Ad 9h], UDF1 (489), Qoker (489)
Qoker bids 100
UDF1 bids 6
Qoker won the auction and was revealed [7d]
Flop [5c Ad 9h], UDF1 (489), Qoker (495)
Qoker checks
UDF1 bets 2078
Qoker calls
Turn [5c Ad 9h 9s], UDF1 (2567), Qoker (2573)
Qoker bets 2427
UDF1 folds
UDF1 awarded -2567
Qoker awarded 2567

Round #20, Qoker (8154), UDF1 (-8154)
Qoker posts blind: 10
UDF1 posts blind: 20
Qoker received [9d Qh]
UDF1 received [Ac Jd]
Qoker calls
UDF1 raises to 3726
Qoker folds
Qoker awarded -20
UDF1 awarded 20

Round #21, UDF1 (-8134), Qoker (8134)
UDF1 posts blind: 10
Qoker posts blind: 20
UDF1 received [2c Jc]
Qoker received [2d Jd]
UDF1 raises to 627
Qoker folds
UDF1 awarded 20
Qoker awarded -20

Round #22, Qoker (8114), UDF1 (-8114)
Qoker posts blind: 10
UDF1 posts blind: 20
Qoker received [5h 2d]
UDF1 received [9c Qs]
Qoker calls
UDF1 checks
Flop [Kc 6h Ac], Qoker (20), UDF1 (20)
UDF1 bids 13
Qoker bids 2
UDF1 won the auction and was revealed [2d]
Flop [Kc 6h Ac], Qoker (20), UDF1 (22)
UDF1 bets 3223
Qoker folds
Qoker awarded -20
UDF1 awarded 20

Round #23, UDF1 (-8094), Qoker (8094)
UDF1 posts blind: 10
Qoker posts blind: 20
UDF1 received [As Ac]
Qoker received [4d 2c]
UDF1 raises to 4676
Qoker folds
UDF1 awarded 20
Qoker awarded -20

Round #24, Qoker (8074), UDF1 (-8074)
Qoker posts blind: 10
UDF1 posts blind: 20
Qoker received [9h 5d]
UDF1 received [5s Td]
Qoker calls
UDF1 raises to 719
Qoker folds
Qoker awarded -20
UDF1 awarded 20

Round #25, UDF1 (-8054), Qoker (8054)
UDF1 posts blind: 10
Qoker posts blind: 20
UDF1 received [Kd Js]
Qoker received [7h 9d]
UDF1 raises to 1685
Qoker folds
UDF1 awarded 20
Qoker awarded -20

Round #26, Qoker (8034), UDF1 (-8034)
Qoker posts blind: 10
UDF1 posts blind: 20
Qoker received [Jd 8c]
UDF1 received [4s Ks]
Qoker calls
UDF1 checks
Flop [4h 5h 5c], Qoker (20), UDF1 (20)
UDF1 bids 11
Qoker bids 4
UDF1 won the auction and was revealed [8c]
Flop [4h 5h 5c], Qoker (20), UDF1 (24)
UDF1 bets 2848
Qoker calls
Turn [4h 5h 5c Qd], Qoker (2868), UDF1 (2872)
UDF1 bets 1133
Qoker calls
River [4h 5h 5c Qd 4d], Qoker (4001), UDF1 (4005)
UDF1 bets 656
Qoker calls
Qoker shows [Jd 8c]
UDF1 shows [4s Ks]
Qoker awarded -4657
UDF1 awarded 4657

Round #27, UDF1 (-3377), Qoker (3377)
UDF1 posts blind: 10
Qoker posts blind: 20
UDF1 received [Tc 7s]
Qoker received [4s 6d]
UDF1 raises to 593
Qoker folds
UDF1 awarded 20
Qoker awarded -20

Round #28, Qoker (3357), UDF1 (-3357)
Qoker posts blind: 10
UDF1 posts blind: 20
Qoker received [8d 5c]
UDF1 received [Qs 3h]
Qoker calls
UDF1 checks
Flop [8h Jh Ts], Qoker (20), UDF1 (20)
UDF1 bids 3
Qoker bids 5
Qoker won the auction and was revealed [3h]
Flop [8h Jh Ts], Qoker (23), UDF1 (20)
UDF1 bets 2294
Qoker raises to 4588
UDF1 calls
Turn [8h Jh Ts 7c], Qoker (4611), UDF1 (4608)
UDF1 bets 215
Qoker raises to 389
UDF1 calls
River [8h Jh Ts 7c Tc], Qoker (5000), UDF1 (4997)
UDF1 checks
Qoker checks
Qoker shows [8d 5c]
UDF1 shows [Qs 3h]
Qoker awarded 4997
UDF1 awarded -4997

Round #29, UDF1 (-8354), Qoker (8354)
UDF1 posts blind: 10
Qoker posts blind: 20
UDF1 received [3d 5c]
Qoker received [6s Kd]
UDF1 calls
Qoker checks
Flop [Kh Ks 9d], UDF1 (20), Qoker (20)
Qoker bids 5
UDF1 bids 6
UDF1 won the auction and was revealed [Kd]
Flop [Kh Ks 9d], UDF1 (25), Qoker (20)
Qoker bets 40
UDF1 folds
UDF1 awarded -25
Qoker awarded 25

Round #30, Qoker (8379), UDF1 (-8379)
Qoker posts blind: 10
UDF1 posts blind: 20
Qoker received [4d 2d]
UDF1 received [6s 9c]
Qoker calls
UDF1 checks
Flop [9d 7d Qc], Qoker (20), UDF1 (20)
UDF1 bids 16
Qoker bids 2
UDF1 won the auction and was revealed [2d]
Flop [9d 7d Qc], Qoker (20), UDF1 (22)
UDF1 bets 3371
Qoker calls
Turn [9d 7d Qc 4s], Qoker (3391), UDF1 (3393)
UDF1 bets 1148
Qoker calls
River [9d 7d Qc 4s Js], Qoker (4539), UDF1 (4541)
UDF1 bets 290
Qoker calls
Qoker shows [4d 2d]
UDF1 shows [6s 9c]
Qoker awarded -4829
UDF1 awarded 4829

Round #31, UDF1 (-3550), Qoker (3550)
UDF1 posts blind: 10
Qoker posts blind: 20
UDF1 received [Jh 5h]
Qoker received [6c 3s]
UDF1 folds
UDF1 awarded -10
Qoker awarded 10

Round #32, Qoker (3560), UDF1 (-3560)
Qoker posts blind: 10
UDF1 posts blind: 20
Qoker received [Jc Ah]
UDF1 received [2s Kc]
Qoker calls
UDF1 raises to 337
Qoker calls
Flop [9d Kd 3c], Qoker (337), UDF1 (337)
UDF1 bids 0
Qoker bids 85
Qoker won the auction and was revealed [2s]
Flop [9d Kd 3c], Qoker (337), UDF1 (337)
UDF1 bets 2993
Qoker calls
Turn [9d Kd 3c 2d], Qoker (3330), UDF1 (3330)
UDF1 bets 1088
Qoker calls
River [9d Kd 3c 2d 5d], Qoker (4418), UDF1 (4418)
UDF1 bets 285
Qoker calls
Qoker shows [Jc Ah]
UDF1 shows [2s Kc]
Qoker awarded -4703
UDF1 awarded 4703

Round #33, UDF1 (1143), Qoker (-1143)
UDF1 posts blind: 10
Qoker posts blind: 20
UDF1 received [4s 4h]
Qoker received [8d 2c]
UDF1 raises to 1621
Qoker folds
UDF1 awarded 20
Qoker awarded -20

Round #34, Qoker (-1163), UDF1 (1163)
Qoker posts blind: 10
UDF1 posts blind: 20
Qoker received [Qs 4s]
UDF1 received [5d Kd]
Qoker calls
UDF1 raises to 337
Qoker folds
Qoker awarded -20
UDF1 awarded 20

Round #35, UDF1 (1183), Qoker (-1183)
UDF1 posts blind: 10
Qoker posts blind: 20
UDF1 received [7s 8s]
Qoker received [6d 8h]
UDF1 calls
Qoker checks
Flop [Ac Td 5s], UDF1 (20), Qoker (20)
Qoker bids 5
UDF1 bids 2
Qoker won the auction and was revealed [8s]
Flop [Ac Td 5s], UDF1 (20), Qoker (22)
Qoker checks
UDF1 bets 2825
Qoker folds
UDF1 awarded 22
Qoker awarded -22

Round #36, Qoker (-1205), UDF1 (1205)
Qoker posts blind: 10
UDF1 posts blind: 20
Qoker received [4d 8d]
UDF1 received [Ks 9h]
Qoker calls
UDF1 raises to 422
Qoker folds
Qoker awarded -20
UDF1 awarded 20

Round #37, UDF1 (1225), Qoker (-1225)
UDF1 posts blind: 10
Qoker posts blind: 20
UDF1 received [7h 8s]
Qoker received [3h Td]
UDF1 calls
Qoker checks
Flop [7s 8h 5d], UDF1 (20), Qoker (20)
Qoker bids 0
UDF1 bids 4
UDF1 won the auction and was revealed [3h]
Flop [7s 8h 5d], UDF1 (20), Qoker (20)
Qoker checks
UDF1 bets 3053
Qoker folds
UDF1 awarded 20
Qoker awarded -20

Round #38, Qoker (-1245), UDF1 (1245)
Qoker posts blind: 10
UDF1 posts blind: 20
Qoker received [Ks Qc]
UDF1 received [4d 6d]
Qoker calls
UDF1 checks
Flop [8h 4h Qd], Qoker (20), UDF1 (20)
UDF1 bids 0
Qoker bids 4
Qoker won the auction and was revealed [4d]
Flop [8h 4h Qd], Qoker (20), UDF1 (20)
UDF1 bets 3003
Qoker calls
Turn [8h 4h Qd 5h], Qoker (3023), UDF1 (3023)
UDF1 bets 1051
Qoker calls
River [8h 4h Qd 5h 7d], Qoker (4074), UDF1 (4074)
UDF1 bets 540
Qoker calls
Qoker shows [Ks Qc]
UDF1 shows [4d 6d]
Qoker awarded -4614
UDF1 awarded 4614

Round #39, UDF1 (5859), Qoker (-5859)
UDF1 posts blind: 10
Qoker posts blind: 20
UDF1 received [5c 9c]
Qoker received [7h 5d]
UDF1 folds
UDF1 awarded -10
Qoker awarded 10

Round #40, Qoker (-5849), UDF1 (5849)
Qoker posts blind: 10
UDF1 posts blind: 20
Qoker received [2h 9h]
UDF1 received [As 2s]
Qoker calls
UDF1 checks
Flop [6d Qd Qc], Qoker (20), UDF1 (20)
UDF1 bids 13
Qoker bids 6
UDF1 won the auction and was revealed [9h]
Flop [6d Qd Qc], Qoker (20), UDF1 (26)
UDF1 bets 2891
Qoker calls
Turn [6d Qd Qc 4d], Qoker (2911), UDF1 (2917)
UDF1 bets 1073
Qoker calls
River [6d Qd Qc 4d Tc], Qoker (3984), UDF1 (3990)
UDF1 bets 585
Qoker calls
Qoker shows [2h 9h]
UDF1 shows [As 2s]
Qoker awarded -4569
UDF1 awarded 4569

Round #41, UDF1 (10418), Qoker (-10418)
UDF1 posts blind: 10
Qoker posts blind: 20
UDF1 received [Kc 9d]
Qoker received [9s Td]
UDF1 folds
UDF1 awarded -10
Qoker awarded 10

Round #42, Qoker (-10408), UDF1 (10408)
Qoker posts blind: 10
UDF1 posts blind: 20
Qoker received [8c 2s]
UDF1 received [Ks 5h]
Qoker calls
UDF1 checks
Flop [9d Td 2h], Qoker (20), UDF1 (20)
UDF1 bids 4
Qoker bids 2
UDF1 won the auction and was revealed [2s]
Flop [9d Td 2h], Qoker (20), UDF1 (22)
UDF1 bets 2181
Qoker calls
Turn [9d Td 2h 3d], Qoker (2201), UDF1 (2203)
UDF1 bets 990
Qoker calls
River [9d Td 2h 3d 6s], Qoker (3191), UDF1 (3193)
UDF1 bets 557
Qoker calls
Qoker shows [8c 2s]
UDF1 shows [Ks 5h]
Qoker awarded 3750
UDF1 awarded -3750

Round #43, UDF1 (6658), Qoker (-6658)
UDF1 posts blind: 10
Qoker posts blind: 20
UDF1 received [Jh 9h]
Qoker received [5c 7d]
UDF1 calls
Qoker checks
Flop [Tc 2h Kh], UDF1 (20), Qoker (20)
Qoker bids 0
UDF1 bids 8
UDF1 won the auction and was revealed [7d]
Flop [Tc 2h Kh], UDF1 (20), Qoker (20)
Qoker checks
UDF1 bets 2936
Qoker folds
UDF1 awarded 20
Qoker awarded -20

Round #44, Qoker (-6678), UDF1 (6678)
Qoker posts blind: 10
UDF1 posts blind: 20
Qoker received [5h 9s]
UDF1 received [Ks Tc]
Qoker calls
UDF1 checks
Flop [Kc 4h 2h], Qoker (20), UDF1 (20)
UDF1 bids 4
Qoker bids 0
UDF1 won the auction and was revealed [5h]
Flop [Kc 4h 2h], Qoker (20), UDF1 (20)
UDF1 bets 3432
Qoker folds
Qoker awarded -20
UDF1 awarded 20

Round #45, UDF1 (6698), Qoker (-6698)
UDF1 posts blind: 10
Qoker posts blind: 20
UDF1 received [5c 5h]
Qoker received [Td Qd]
UDF1 raises to 2048
Qoker calls
Flop [9c 3d 6s], UDF1 (2048), Qoker (2048)
Qoker bids 0
UDF1 bids 9
UDF1 won the auction and was revealed [Td]
Flop [9c 3d 6s], UDF1 (2048), Qoker (2048)
Qoker checks
UDF1 bets 1816
Qoker calls
Turn [9c 3d 6s 7s], UDF1 (3864), Qoker (3864)
Qoker checks
UDF1 bets 597
Qoker calls
River [9c 3d 6s 7s 3c], UDF1 (4461), Qoker (4461)
Qoker checks
UDF1 bets 306
Qoker calls
UDF1 shows [5c 5h]
Qoker shows [Td Qd]
UDF1 awarded 4767
Qoker awarded -4767

Round #46, Qoker (-11465), UDF1 (11465)
Qoker posts blind: 10
UDF1 posts blind: 20
Qoker received [6s Td]
UDF1 received [8s Kh]
Qoker calls
UDF1 checks
Flop [4c 7d 3d], Qoker (20), UDF1 (20)
UDF1 bids 13
Qoker bids 0
UDF1 won the auction and was revealed [6s]
Flop [4c 7d 3d], Qoker (20), UDF1 (20)
UDF1 bets 2973
Qoker folds
Qoker awarded -20
UDF1 awarded 20

Round #47, UDF1 (11485), Qoker (-11485)
UDF1 posts blind: 10
Qoker posts blind: 20
UDF1 received [7d 5h]
Qoker received [4h 9h]
UDF1 raises to 575
Qoker folds
UDF1 awarded 20
Qoker awarded -20

Round #48, Qoker (-11505), UDF1 (11505)
Qoker posts blind: 10
UDF1 posts blind: 20
Qoker received [5s 4d]
UDF1 received [As 2h]
Qoker calls
UDF1 checks
Flop [Qh Ac 5d], Qoker (20), UDF1 (20)
UDF1 bids 5
Qoker bids 4
UDF1 won the auction and was revealed [5s]
Flop [Qh Ac 5d], Qoker (20), UDF1 (24)
UDF1 bets 3103
Qoker calls
Turn [Qh Ac 5d 8s], Qoker (3123), UDF1 (3127)
UDF1 bets 1317
Qoker calls
River [Qh Ac 5d 8s 6d], Qoker (4440), UDF1 (4444)
UDF1 bets 334
Qoker calls
Qoker shows [5s 4d]
UDF1 shows [As 2h]
Qoker awarded -4774
UDF1 awarded 4774

Round #49, UDF1 (16279), Qoker (-16279)
UDF1 posts blind: 10
Qoker posts blind: 20
UDF1 received [9c 8c]
Qoker received [7c 3d]
UDF1 raises to 2008
Qoker folds
UDF1 awarded 20
Qoker awarded -20

Round #50, Qoker (-16299), UDF1 (16299)
Qoker posts blind: 10
UDF1 posts blind: 20
Qoker received [8h Ah]
UDF1 received [7h Qs]
Qoker calls
UDF1 checks
Flop [Th 3d Td], Qoker (20), UDF1 (20)
UDF1 bids 8
Qoker bids 5
UDF1 won the auction and was revealed [8h]
Flop [Th 3d Td], Qoker (20), UDF1 (25)
UDF1 bets 2570
Qoker calls
Turn [Th 3d Td Jd], Qoker (2590), UDF1 (2595)
UDF1 bets 944
Qoker calls
River [Th 3d Td Jd 6d], Qoker (3534), UDF1 (3539)
UDF1 bets 539
Qoker calls
Qoker shows [8h Ah]
UDF1 shows [7h Qs]
Qoker awarded 4078
UDF1 awarded -4078

Round #51, UDF1 (12221), Qoker (-12221)
UDF1 posts blind: 10
Qoker posts blind: 20
UDF1 received [2h Ks]
Qoker received [5s 5d]
UDF1 folds
UDF1 awarded -10
Qoker awarded 10

Round #52, Qoker (-12211), UDF1 (12211)
Qoker posts blind: 10
UDF1 posts blind: 20
Qoker received [4d Kd]
UDF1 received [3c Qh]
Qoker calls
UDF1 checks
Flop [Ks 5s 2c], Qoker (20), UDF1 (20)
UDF1 bids 7
Qoker bids 7
Qoker won the auction and was revealed [3c]
UDF1 won the auction and was revealed [Kd]
Flop [Ks 5s 2c], Qoker (27), UDF1 (27)
UDF1 bets 2067
Qoker raises to 4134
UDF1 folds
Qoker awarded 2094
UDF1 awarded -2094

Round #53, UDF1 (10117), Qoker (-10117)
UDF1 posts blind: 10
Qoker posts blind: 20
UDF1 received [5h Kh]
Qoker received [7s Js]
UDF1 calls
Qoker checks
Flop [4d Th Ks], UDF1 (20), Qoker (20)
Qoker bids 0
UDF1 bids 12
UDF1 won the auction and was revealed [7s]
Flop [4d Th Ks], UDF1 (20), Qoker (20)
Qoker checks
UDF1 bets 3682
Qoker folds
UDF1 awarded 20
Qoker awarded -20

Round #54, Qoker (-10137), UDF1 (10137)
Qoker posts blind: 10
UDF1 posts blind: 20
Qoker received [8h 5c]
UDF1 received [Kd Qs]
Qoker calls
UDF1 raises to 3795
Qoker folds
Qoker awarded -20
UDF1 awarded 20

Round #55, UDF1 (10157), Qoker (-10157)
UDF1 posts blind: 10
Qoker posts blind: 20
UDF1 received [9c Th]
Qoker received [8h Qd]
UDF1 calls
Qoker checks
Flop [Jc 7c 9s], UDF1 (20), Qoker (20)
Qoker bids 0
UDF1 bids 12
UDF1 won the auction and was revealed [Qd]
Flop [Jc 7c 9s], UDF1 (20), Qoker (20)
Qoker checks
UDF1 bets 3293
Qoker folds
UDF1 awarded 20
Qoker awarded -20

Round #56, Qoker (-10177), UDF1 (10177)
Qoker posts blind: 10
UDF1 posts blind: 20
Qoker received [3c 2c]
UDF1 received [Ks 5d]
Qoker calls
UDF1 checks
Flop [9c Tc Qs], Qoker (20), UDF1 (20)
UDF1 bids 10
Qoker bids 2
UDF1 won the auction and was revealed [2c]
Flop [9c Tc Qs], Qoker (20), UDF1 (22)
UDF1 bets 2723
Qoker calls
Turn [9c Tc Qs Ad], Qoker (2743), UDF1 (2745)
UDF1 bets 1131
Qoker calls
River [9c Tc Qs Ad Qc], Qoker (3874), UDF1 (3876)
UDF1 bets 570
Qoker raises to 1124
UDF1 calls
Qoker shows [3c 2c]
UDF1 shows [Ks 5d]
Qoker awarded 5000
UDF1 awarded -5000

Round #57, UDF1 (5177), Qoker (-5177)
UDF1 posts blind: 10
Qoker posts blind: 20
UDF1 received [5s 2c]
Qoker received [Kc Jh]
UDF1 folds
UDF1 awarded -10
Qoker awarded 10

Round #58, Qoker (-5167), UDF1 (5167)
Qoker posts blind: 10
UDF1 posts blind: 20
Qoker received [Kc As]
UDF1 received [3h 9s]
Qoker calls
UDF1 checks
Flop [Ks 2s 8h], Qoker (20), UDF1 (20)
UDF1 bids 6
Qoker bids 6
Qoker won the auction and was revealed [3h]
UDF1 won the auction and was revealed [Kc]
Flop [Ks 2s 8h], Qoker (26), UDF1 (26)
UDF1 bets 2217
Qoker raises to 4434
UDF1 folds
Qoker awarded 2243
UDF1 awarded -2243

Round #59, UDF1 (2924), Qoker (-2924)
UDF1 posts blind: 10
Qoker posts blind: 20
UDF1 received [3d 7h]
Qoker received [Qh 3c]
UDF1 calls
Qoker checks
Flop [5d 9c Ts], UDF1 (20), Qoker (20)
Qoker bids 0
UDF1 bids 4
UDF1 won the auction and was revealed [3c]
Flop [5d 9c Ts], UDF1 (20), Qoker (20)
Qoker checks
UDF1 bets 2852
Qoker folds
UDF1 awarded 20
Qoker awarded -20

Round #60, Qoker (-2944), UDF1 (2944)
Qoker posts blind: 10
UDF1 posts blind: 20
Qoker received [Kh 2s]
UDF1 received [5s 2c]
Qoker calls
UDF1 raises to 559
Qoker folds
Qoker awarded -20
UDF1 awarded 20

Round #61, UDF1 (2964), Qoker (-2964)
UDF1 posts blind: 10
Qoker posts blind: 20
UDF1 received [Qc 5c]
Qoker received [Js 8h]
UDF1 raises to 337
Qoker folds
UDF1 awarded 20
Qoker awarded -20

Round #62, Qoker (-2984), UDF1 (2984)
Qoker posts blind: 10
UDF1 posts blind: 20
Qoker received [Kh Ad]
UDF1 received [2h Kc]
Qoker calls
UDF1 raises to 564
Qoker calls
Flop [4d 3c Kd], Qoker (564), UDF1 (564)
UDF1 bids 10
Qoker bids 202
Qoker won the auction and was revealed [Kc]
Flop [4d 3c Kd], Qoker (574), UDF1 (564)
UDF1 bets 2756
Qoker calls
Turn [4d 3c Kd 5d], Qoker (3330), UDF1 (3320)
UDF1 bets 880
Qoker calls
River [4d 3c Kd 5d 6c], Qoker (4210), UDF1 (4200)
UDF1 bets 421
Qoker calls
Qoker shows [Kh Ad]
UDF1 shows [2h Kc]
Qoker awarded -4631
UDF1 awarded 4631

Round #63, UDF1 (7615), Qoker (-7615)
UDF1 posts blind: 10
Qoker posts blind: 20
UDF1 received [Js 6s]
Qoker received [As Kd]
UDF1 folds
UDF1 awarded -10
Qoker awarded 10

Round #64, Qoker (-7605), UDF1 (7605)
Qoker posts blind: 10
UDF1 posts blind: 20
Qoker received [9h Qs]
UDF1 received [Jd Kh]
Qoker calls
UDF1 raises to 1916
Qoker folds
Qoker awarded -20
UDF1 awarded 20

Round #65, UDF1 (7625), Qoker (-7625)
UDF1 posts blind: 10
Qoker posts blind: 20
UDF1 received [9h 8d]
Qoker received [6h 5c]
UDF1 raises to 698
Qoker folds
UDF1 awarded 20
Qoker awarded -20

Round #66, Qoker (-7645), UDF1 (7645)
Qoker posts blind: 10
UDF1 posts blind: 20
Qoker received [8s As]
UDF1 received [Tc 5c]
Qoker calls
UDF1 checks
Flop [7h 3s Ah], Qoker (20), UDF1 (20)
UDF1 bids 5
Qoker bids 6
Qoker won the auction and was revealed [Tc]
Flop [7h 3s Ah], Qoker (25), UDF1 (20)
UDF1 bets 2427
Qoker calls
Turn [7h 3s Ah 9h], Qoker (2452), UDF1 (2447)
UDF1 bets 1035
Qoker calls
River [7h 3s Ah 9h 3h], Qoker (3487), UDF1 (3482)
UDF1 bets 564
Qoker calls
Qoker shows [8s As]
UDF1 shows [Tc 5c]
Qoker awarded 4046
UDF1 awarded -4046

Round #67, UDF1 (3599), Qoker (-3599)
UDF1 posts blind: 10
Qoker posts blind: 20
UDF1 received [5c Ah]
Qoker received [Tc Jc]
UDF1 calls
Qoker checks
Flop [Qs Th 9c], UDF1 (20), Qoker (20)
Qoker bids 4
UDF1 bids 10
UDF1 won the auction and was revealed [Jc]
Flop [Qs Th 9c], UDF1 (24), Qoker (20)
Qoker checks
UDF1 bets 2366
Qoker calls
Turn [Qs Th 9c 6c], UDF1 (2390), Qoker (2386)
Qoker checks
UDF1 bets 1196
Qoker calls
River [Qs Th 9c 6c 8d], UDF1 (3586), Qoker (3582)
Qoker bets 1414
UDF1 folds
UDF1 awarded -3586
Qoker awarded 3586

Round #68, Qoker (-13), UDF1 (13)
Qoker posts blind: 10
UDF1 posts blind: 20
Qoker received [2c Jd]
UDF1 received [9d 4d]
Qoker calls
UDF1 checks
Flop [Ac Qh 2h], Qoker (20), UDF1 (20)
UDF1 bids 3
Qoker bids 2
UDF1 won the auction and was revealed [2c]
Flop [Ac Qh 2h], Qoker (20), UDF1 (22)
UDF1 bets 2198
Qoker calls
Turn [Ac Qh 2h As], Qoker (2218), UDF1 (2220)
UDF1 bets 1042
Qoker calls
River [Ac Qh 2h As Ts], Qoker (3260), UDF1 (3262)
UDF1 bets 623
Qoker calls
Qoker shows [2c Jd]
UDF1 shows [9d 4d]
Qoker awarded 3885
UDF1 awarded -3885

Round #69, UDF1 (-3872), Qoker (3872)
UDF1 posts blind: 10
Qoker posts blind: 20
UDF1 received [3h 6s]
Qoker received [6d 5d]
UDF1 calls
Qoker checks
Flop [8h Ah Qh], UDF1 (20), Qoker (20)
Qoker bids 2
UDF1 bids 4
UDF1 won the auction and was revealed [6d]
Flop [8h Ah Qh], UDF1 (22), Qoker (20)
Qoker checks
UDF1 bets 2794
Qoker folds
UDF1 awarded 20
Qoker awarded -20

Round #70, Qoker (3852), UDF1 (-3852)
Qoker posts blind: 10
UDF1 posts blind: 20
Qoker received [4c 7d]
UDF1 received [7c 2c]
Qoker calls
UDF1 checks
Flop [Kc Kh Jh], Qoker (20), UDF1 (20)
UDF1 bids 7
Qoker bids 4
UDF1 won the auction and was revealed [7d]
Flop [Kc Kh Jh], Qoker (20), UDF1 (24)
UDF1 bets 2439
Qoker calls
Turn [Kc Kh Jh 9c], Qoker (2459), UDF1 (2463)
UDF1 bets 1322
Qoker calls
River [Kc Kh Jh 9c As], Qoker (3781), UDF1 (3785)
UDF1 bets 512
Qoker calls
Qoker shows [4c 7d]
UDF1 shows [7c 2c]
Qoker awarded 2
UDF1 awarded -2

Round #71, UDF1 (-3854), Qoker (3854)
UDF1 posts blind: 10
Qoker posts blind: 20
UDF1 received [2d 3h]
Qoker received [6h 5c]
UDF1 raises to 337
Qoker folds
UDF1 awarded 20
Qoker awarded -20

Round #72, Qoker (3834), UDF1 (-3834)
Qoker posts blind: 10
UDF1 posts blind: 20
Qoker received [Qs Ah]
UDF1 received [Kh Td]
Qoker calls
UDF1 checks
Flop [7s Jd 2c], Qoker (20), UDF1 (20)
UDF1 bids 4
Qoker bids 4
Qoker won the auction and was revealed [Kh]
UDF1 won the auction and was revealed [Ah]
Flop [7s Jd 2c], Qoker (24), UDF1 (24)
UDF1 bets 2487
Qoker folds
Qoker awarded -24
UDF1 awarded 24

Round #73, UDF1 (-3810), Qoker (3810)
UDF1 posts blind: 10
Qoker posts blind: 20
UDF1 received [3d 2c]
Qoker received [5c 8s]
UDF1 folds
UDF1 awarded -10
Qoker awarded 10

Round #74, Qoker (3820), UDF1 (-3820)
Qoker posts blind: 10
UDF1 posts blind: 20
Qoker received [6c 6h]
UDF1 received [Kh 8c]
Qoker calls
UDF1 checks
Flop [Ah Js 7h], Qoker (20), UDF1 (20)
UDF1 bids 7
Qoker bids 4
UDF1 won the auction and was revealed [6c]
Flop [Ah Js 7h], Qoker (20), UDF1 (24)
UDF1 bets 3341
Qoker calls
Turn [Ah Js 7h Kc], Qoker (3361), UDF1 (3365)
UDF1 bets 1070
Qoker calls
River [Ah Js 7h Kc 4c], Qoker (4431), UDF1 (4435)
UDF1 bets 418
Qoker calls
Qoker shows [6c 6h]
UDF1 shows [Kh 8c]
Qoker awarded -4849
UDF1 awarded 4849

Round #75, UDF1 (1029), Qoker (-1029)
UDF1 posts blind: 10
Qoker posts blind: 20
UDF1 received [4c Jh]
Qoker received [7c 9h]
UDF1 calls
Qoker checks
Flop [As 3s Ts], UDF1 (20), Qoker (20)
Qoker bids 2
UDF1 bids 13
UDF1 won the auction and was revealed [7c]
Flop [As 3s Ts], UDF1 (22), Qoker (20)
Qoker checks
UDF1 bets 2584
Qoker folds
UDF1 awarded 20
Qoker awarded -20

Round #76, Qoker (-1049), UDF1 (1049)
Qoker posts blind: 10
UDF1 posts blind: 20
Qoker received [8c 5c]
UDF1 received [3h Js]
Qoker calls
UDF1 raises to 748
Qoker folds
Qoker awarded -20
UDF1 awarded 20

Round #77, UDF1 (1069), Qoker (-1069)
UDF1 posts blind: 10
Qoker posts blind: 20
UDF1 received [4h Qh]
Qoker received [Ts 9c]
UDF1 calls
Qoker checks
Flop [2s 3s Td], UDF1 (20), Qoker (20)
Qoker bids 4
UDF1 bids 4
UDF1 won the auction and was revealed [9c]
Qoker won the auction and was revealed [Qh]
Flop [2s 3s Td], UDF1 (24), Qoker (24)
Qoker checks
UDF1 bets 3121
Qoker calls
Turn [2s 3s Td Ks], UDF1 (3145), Qoker (3145)
Qoker checks
UDF1 bets 892
Qoker calls
River [2s 3s Td Ks 3h], UDF1 (4037), Qoker (4037)
Qoker bets 963
UDF1 calls
UDF1 shows [4h Qh]
Qoker shows [Ts 9c]
UDF1 awarded -5000
Qoker awarded 5000

Round #78, Qoker (3931), UDF1 (-3931)
Qoker posts blind: 10
UDF1 posts blind: 20
Qoker received [7s 2h]
UDF1 received [2d 6s]
Qoker calls
UDF1 raises to 349
Qoker folds
Qoker awarded -20
UDF1 awarded 20

Round #79, UDF1 (-3911), Qoker (3911)
UDF1 posts blind: 10
Qoker posts blind: 20
UDF1 received [Jd 3h]
Qoker received [Tc Qc]
UDF1 folds
UDF1 awarded -10
Qoker awarded 10

Round #80, Qoker (3921), UDF1 (-3921)
Qoker posts blind: 10
UDF1 posts blind: 20
Qoker received [6h 4h]
UDF1 received [8s 7c]
Qoker calls
UDF1 checks
Flop [As Qd 8c], Qoker (20), UDF1 (20)
UDF1 bids 6
Qoker bids 5
UDF1 won the auction and was revealed [6h]
Flop [As Qd 8c], Qoker (20), UDF1 (25)
UDF1 bets 3348
Qoker folds
Qoker awarded -20
UDF1 awarded 20

Round #81, UDF1 (-3901), Qoker (3901)
UDF1 posts blind: 10
Qoker posts blind: 20
UDF1 received [Ad 8h]
Qoker received [9h 2s]
UDF1 calls
Qoker checks
Flop [3c Th 8s], UDF1 (20), Qoker (20)
Qoker bids 0
UDF1 bids 9
UDF1 won the auction and was revealed [2s]
Flop [3c Th 8s], UDF1 (20), Qoker (20)
Qoker checks
UDF1 bets 3527
Qoker folds
UDF1 awarded 20
Qoker awarded -20

Round #82, Qoker (3881), UDF1 (-3881)
Qoker posts blind: 10
UDF1 posts blind: 20
Qoker received [Qd 3d]
UDF1 received [3s 6h]
Qoker calls
UDF1 checks
Flop [5d Tc Jh], Qoker (20), UDF1 (20)
UDF1 bids 11
Qoker bids 0
UDF1 won the auction and was revealed [3d]
Flop [5d Tc Jh], Qoker (20), UDF1 (20)
UDF1 bets 2610
Qoker folds
Qoker awarded -20
UDF1 awarded 20

Round #83, UDF1 (-3861), Qoker (3861)
UDF1 posts blind: 10
Qoker posts blind: 20
UDF1 received [8c 8s]
Qoker received [6d 9c]
UDF1 raises to 3752
Qoker folds
UDF1 awarded 20
Qoker awarded -20

Round #84, Qoker (3841), UDF1 (-3841)
Qoker posts blind: 10
UDF1 posts blind: 20
Qoker received [2c 6s]
UDF1 received [Kc Jd]
Qoker calls
UDF1 checks
Flop [8d 4c 7s], Qoker (20), UDF1 (20)
UDF1 bids 9
Qoker bids 0
UDF1 won the auction and was revealed [2c]
Flop [8d 4c 7s], Qoker (20), UDF1 (20)
UDF1 bets 2941
Qoker folds
Qoker awarded -20
UDF1 awarded 20

Round #85, UDF1 (-3821), Qoker (3821)
UDF1 posts blind: 10
Qoker posts blind: 20
UDF1 received [6s 9h]
Qoker received [6h 2c]
UDF1 folds
UDF1 awarded -10
Qoker awarded 10

Round #86, Qoker (3831), UDF1 (-3831)
Qoker posts blind: 10
UDF1 posts blind: 20
Qoker received [8h 5h]
UDF1 received [5c 3d]
Qoker calls
UDF1 checks
Flop [Tc 6c 2s], Qoker (20), UDF1 (20)
UDF1 bids 12
Qoker bids 0
UDF1 won the auction and was revealed [5h]
Flop [Tc 6c 2s], Qoker (20), UDF1 (20)
UDF1 bets 2509
Qoker folds
Qoker awarded -20
UDF1 awarded 20

Round #87, UDF1 (-3811), Qoker (3811)
UDF1 posts blind: 10
Qoker posts blind: 20
UDF1 received [7s Qs]
Qoker received [9h 6s]
UDF1 calls
Qoker checks
Flop [6c 2c 4c], UDF1 (20), Qoker (20)
Qoker bids 4
UDF1 bids 12
UDF1 won the auction and was revealed [6s]
Flop [6c 2c 4c], UDF1 (24), Qoker (20)
Qoker checks
UDF1 bets 2103
Qoker calls
Turn [6c 2c 4c Th], UDF1 (2127), Qoker (2123)
Qoker checks
UDF1 bets 1091
Qoker calls
River [6c 2c 4c Th 4d], UDF1 (3218), Qoker (3214)
Qoker bets 1782
UDF1 folds
UDF1 awarded -3218
Qoker awarded 3218

Round #88, Qoker (7029), UDF1 (-7029)
Qoker posts blind: 10
UDF1 posts blind: 20
Qoker received [3h Jd]
UDF1 received [Jh 2h]
Qoker calls
UDF1 checks
Flop [4d Th 5d], Qoker (20), UDF1 (20)
UDF1 bids 1
Qoker bids 0
UDF1 won the auction and was revealed [3h]
Flop [4d Th 5d], Qoker (20), UDF1 (20)
UDF1 bets 2631
Qoker folds
Qoker awarded -20
UDF1 awarded 20

Round #89, UDF1 (-7009), Qoker (7009)
UDF1 posts blind: 10
Qoker posts blind: 20
UDF1 received [6d Jh]
Qoker received [Jc Tc]
UDF1 folds
UDF1 awarded -10
Qoker awarded 10

Round #90, Qoker (7019), UDF1 (-7019)
Qoker posts blind: 10
UDF1 posts blind: 20
Qoker received [5d 8d]
UDF1 received [5c 7s]
Qoker calls
UDF1 checks
Flop [7c Tc Kc], Qoker (20), UDF1 (20)
UDF1 bids 6
Qoker bids 0
UDF1 won the auction and was revealed [5d]
Flop [7c Tc Kc], Qoker (20), UDF1 (20)
UDF1 bets 3109
Qoker folds
Qoker awarded -20
UDF1 awarded 20

Round #91, UDF1 (-6999), Qoker (6999)
UDF1 posts blind: 10
Qoker posts blind: 20
UDF1 received [Jc 7s]
Qoker received [Qd 4c]
UDF1 calls
Qoker checks
Flop [2h 5h As], UDF1 (20), Qoker (20)
Qoker bids 3
UDF1 bids 13
UDF1 won the auction and was revealed [4c]
Flop [2h 5h As], UDF1 (23), Qoker (20)
Qoker checks
UDF1 bets 2819
Qoker folds
UDF1 awarded 20
Qoker awarded -20

Round #92, Qoker (6979), UDF1 (-6979)
Qoker posts blind: 10
UDF1 posts blind: 20
Qoker received [Qs 8s]
UDF1 received [Qd 6c]
Qoker calls
UDF1 checks
Flop [3s 6d 3d], Qoker (20), UDF1 (20)
UDF1 bids 6
Qoker bids 3
UDF1 won the auction and was revealed [Qs]
Flop [3s 6d 3d], Qoker (20), UDF1 (23)
UDF1 bets 2871
Qoker calls
Turn [3s 6d 3d 9h], Qoker (2891), UDF1 (2894)
UDF1 bets 1299
Qoker calls
River [3s 6d 3d 9h 5d], Qoker (4190), UDF1 (4193)
UDF1 bets 430
Qoker calls
Qoker shows [Qs 8s]
UDF1 shows [Qd 6c]
Qoker awarded -4620
UDF1 awarded 4620

Round #93, UDF1 (-2359), Qoker (2359)
UDF1 posts blind: 10
Qoker posts blind: 20
UDF1 received [4s Ts]
Qoker received [3h Th]
UDF1 raises to 548
Qoker folds
UDF1 awarded 20
Qoker awarded -20

Round #94, Qoker (2339), UDF1 (-2339)
Qoker posts blind: 10
UDF1 posts blind: 20
Qoker received [Tc Jc]
UDF1 received [5s 2d]
Qoker calls
UDF1 checks
Flop [9h Kc 9d], Qoker (20), UDF1 (20)
UDF1 bids 7
Qoker bids 4
UDF1 won the auction and was revealed [Tc]
Flop [9h Kc 9d], Qoker (20), UDF1 (24)
UDF1 bets 2188
Qoker calls
Turn [9h Kc 9d Js], Qoker (2208), UDF1 (2212)
UDF1 bets 1209
Qoker calls
River [9h Kc 9d Js 2h], Qoker (3417), UDF1 (3421)
UDF1 bets 906
Qoker calls
Qoker shows [Tc Jc]
UDF1 shows [5s 2d]
Qoker awarded 4327
UDF1 awarded -4327

Round #95, UDF1 (-6666), Qoker (6666)
UDF1 posts blind: 10
Qoker posts blind: 20
UDF1 received [4s 9d]
Qoker received [8h 5h]
UDF1 calls
Qoker checks
Flop [Qc Kd Ad], UDF1 (20), Qoker (20)
Qoker bids 5
UDF1 bids 11
UDF1 won the auction and was revealed [5h]
Flop [Qc Kd Ad], UDF1 (25), Qoker (20)
Qoker checks
UDF1 bets 2820
Qoker folds
UDF1 awarded 20
Qoker awarded -20

Round #96, Qoker (6646), UDF1 (-6646)
Qoker posts blind: 10
UDF1 posts blind: 20
Qoker received [4d Qs]
UDF1 received [Jc Ah]
Qoker calls
UDF1 raises to 3593
Qoker folds
Qoker awarded -20
UDF1 awarded 20

Round #97, UDF1 (-6626), Qoker (6626)
UDF1 posts blind: 10
Qoker posts blind: 20
UDF1 received [6c Td]
Qoker received [Qc 8h]
UDF1 raises to 539
Qoker folds
UDF1 awarded 20
Qoker awarded -20

Round #98, Qoker (6606), UDF1 (-6606)
Qoker posts blind: 10
UDF1 posts blind: 20
Qoker received [Qs 8h]
UDF1 received [Ts Ac]
Qoker calls
UDF1 checks
Flop [6s 9c 3d], Qoker (20), UDF1 (20)
UDF1 bids 12
Qoker bids 0
UDF1 won the auction and was revealed [8h]
Flop [6s 9c 3d], Qoker (20), UDF1 (20)
UDF1 bets 3087
Qoker folds
Qoker awarded -20
UDF1 awarded 20

Round #99, UDF1 (-6586), Qoker (6586)
UDF1 posts blind: 10
Qoker posts blind: 20
UDF1 received [Tc 4h]
Qoker received [Kc 4d]
UDF1 raises to 358
Qoker folds
UDF1 awarded 20
Qoker awarded -20

Round #100, Qoker (6566), UDF1 (-6566)
Qoker posts blind: 10
UDF1 posts blind: 20
Qoker received [2h Qd]
UDF1 received [7c 5h]
Qoker calls
UDF1 checks
Flop [5d Td 5c], Qoker (20), UDF1 (20)
UDF1 bids 3
Qoker bids 4
Qoker won the auction and was revealed [7c]
Flop [5d Td 5c], Qoker (23), UDF1 (20)
UDF1 bets 3516
Qoker calls
Turn [5d Td 5c Ac], Qoker (3539), UDF1 (3536)
UDF1 bets 970
Qoker calls
River [5d Td 5c Ac Kh], Qoker (4509), UDF1 (4506)
UDF1 bets 315
Qoker calls
Qoker shows [2h Qd]
UDF1 shows [7c 5h]
Qoker awarded -4824
UDF1 awarded 4824

Round #101, UDF1 (-1742), Qoker (1742)
UDF1 posts blind: 10
Qoker posts blind: 20
UDF1 received [Ah 4s]
Qoker received [Th 6s]
UDF1 folds
UDF1 awarded -10
Qoker awarded 10

Round #102, Qoker (1752), UDF1 (-1752)
Qoker posts blind: 10
UDF1 posts blind: 20
Qoker received [7h 2h]
UDF1 received [Th 6c]
Qoker calls
UDF1 raises to 673
Qoker folds
Qoker awarded -20
UDF1 awarded 20

Round #103, UDF1 (-1732), Qoker (1732)
UDF1 posts blind: 10
Qoker posts blind: 20
UDF1 received [2d Kd]
Qoker received [8s 3h]
UDF1 folds
UDF1 awarded -10
Qoker awarded 10

Round #104, Qoker (1742), UDF1 (-1742)
Qoker posts blind: 10
UDF1 posts blind: 20
Qoker received [2s Jd]
UDF1 received [6c Js]
Qoker calls
UDF1 checks
Flop [7c 9h 6d], Qoker (20), UDF1 (20)
UDF1 bids 7
Qoker bids 0
UDF1 won the auction and was revealed [Jd]
Flop [7c 9h 6d], Qoker (20), UDF1 (20)
UDF1 bets 3208
Qoker folds
Qoker awarded -20
UDF1 awarded 20

Round #105, UDF1 (-1722), Qoker (1722)
UDF1 posts blind: 10
Qoker posts blind: 20
UDF1 received [Ac 9c]
Qoker received [8d Ah]
UDF1 raises to 1981
Qoker folds
UDF1 awarded 20
Qoker awarded -20

Round #106, Qoker (1702), UDF1 (-1702)
Qoker posts blind: 10
UDF1 posts blind: 20
Qoker received [Jd 8h]
UDF1 received [4s 5h]
Qoker calls
UDF1 raises to 621
Qoker folds
Qoker awarded -20
UDF1 awarded 20

Round #107, UDF1 (-1682), Qoker (1682)
UDF1 posts blind: 10
Qoker posts blind: 20
UDF1 received [Jd 8c]
Qoker received [Kh 7h]
UDF1 folds
UDF1 awarded -10
Qoker awarded 10

Round #108, Qoker (1692), UDF1 (-1692)
Qoker posts blind: 10
UDF1 posts blind: 20
Qoker received [Jc 8d]
UDF1 received [7c 5s]
Qoker calls
UDF1 checks
Flop [8h 4h Ks], Qoker (20), UDF1 (20)
UDF1 bids 1
Qoker bids 2
Qoker won the auction and was revealed [7c]
Flop [8h 4h Ks], Qoker (21), UDF1 (20)
UDF1 bets 2701
Qoker raises to 4979
UDF1 calls
Turn [8h 4h Ks Tc], Qoker (5000), UDF1 (4999)
UDF1 checks
Qoker checks
River [8h 4h Ks Tc Td], Qoker (5000), UDF1 (4999)
UDF1 checks
Qoker checks
Qoker shows [Jc 8d]
UDF1 shows [7c 5s]
Qoker awarded 4999
UDF1 awarded -4999

Round #109, UDF1 (-6691), Qoker (6691)
UDF1 posts blind: 10
Qoker posts blind: 20
UDF1 received [2d Ks]
Qoker received [4d 3c]
UDF1 calls
Qoker checks
Flop [Kd 9h Kc], UDF1 (20), Qoker (20)
Qoker bids 7
UDF1 bids 0
Qoker won the auction and was revealed [2d]
Flop [Kd 9h Kc], UDF1 (20), Qoker (20)
Qoker bets 34
UDF1 raises to 3227
Qoker raises to 4980
UDF1 calls
Turn [Kd 9h Kc Ts], UDF1 (5000), Qoker (5000)
Qoker checks
UDF1 checks
River [Kd 9h Kc Ts Qc], UDF1 (5000), Qoker (5000)
Qoker checks
UDF1 checks
UDF1 shows [2d Ks]
Qoker shows [4d 3c]
UDF1 awarded 5000
Qoker awarded -5000

Round #110, Qoker (1691), UDF1 (-1691)
Qoker posts blind: 10
UDF1 posts blind: 20
Qoker received [5c 4h]
UDF1 received [Jd Ac]
Qoker calls
UDF1 raises to 3544
Qoker folds
Qoker awarded -20
UDF1 awarded 20

Round #111, UDF1 (-1671), Qoker (1671)
UDF1 posts blind: 10
Qoker posts blind: 20
UDF1 received [Qd 4s]
Qoker received [6h Kd]
UDF1 folds
UDF1 awarded -10
Qoker awarded 10

Round #112, Qoker (1681), UDF1 (-1681)
Qoker posts blind: 10
UDF1 posts blind: 20
Qoker received [2h 5d]
UDF1 received [8s 5c]
Qoker calls
UDF1 checks
Flop [7s Qc Jc], Qoker (20), UDF1 (20)
UDF1 bids 8
Qoker bids 0
UDF1 won the auction and was revealed [5d]
Flop [7s Qc Jc], Qoker (20), UDF1 (20)
UDF1 bets 2739
Qoker folds
Qoker awarded -20
UDF1 awarded 20

Round #113, UDF1 (-1661), Qoker (1661)
UDF1 posts blind: 10
Qoker posts blind: 20
UDF1 received [7d Jh]
Qoker received [Jc 7s]
UDF1 raises to 713
Qoker folds
UDF1 awarded 20
Qoker awarded -20

Round #114, Qoker (1641), UDF1 (-1641)
Qoker posts blind: 10
UDF1 posts blind: 20
Qoker received [5h 2s]
UDF1 received [7h 7d]
Qoker calls
UDF1 raises to 1825
Qoker folds
Qoker awarded -20
UDF1 awarded 20

Round #115, UDF1 (-1621), Qoker (1621)
UDF1 posts blind: 10
Qoker posts blind: 20
UDF1 received [8d 7d]
Qoker received [5s Jc]
UDF1 calls
Qoker checks
Flop [7c 2s Td], UDF1 (20), Qoker (20)
Qoker bids 0
UDF1 bids 0
UDF1 won the auction and was revealed [5s]
Qoker won the auction and was revealed [7d]
Flop [7c 2s Td], UDF1 (20), Qoker (20)
Qoker checks
UDF1 bets 3540
Qoker folds
UDF1 awarded 20
Qoker awarded -20

Round #116, Qoker (1601), UDF1 (-1601)
Qoker posts blind: 10
UDF1 posts blind: 20
Qoker received [Th 6h]
UDF1 received [9s Jh]
Qoker calls
UDF1 raises to 343
Qoker folds
Qoker awarded -20
UDF1 awarded 20

Round #117, UDF1 (-1581), Qoker (1581)
UDF1 posts blind: 10
Qoker posts blind: 20
UDF1 received [9c 8s]
Qoker received [5d 5c]
UDF1 folds
UDF1 awarded -10
Qoker awarded 10

Round #118, Qoker (1591), UDF1 (-1591)
Qoker posts blind: 10
UDF1 posts blind: 20
Qoker received [9h Th]
UDF1 received [4h 6c]
Qoker calls
UDF1 checks
Flop [6d 5d 2c], Qoker (20), UDF1 (20)
UDF1 bids 5
Qoker bids 0
UDF1 won the auction and was revealed [Th]
Flop [6d 5d 2c], Qoker (20), UDF1 (20)
UDF1 bets 3104
Qoker folds
Qoker awarded -20
UDF1 awarded 20

Round #119, UDF1 (-1571), Qoker (1571)
UDF1 posts blind: 10
Qoker posts blind: 20
UDF1 received [9d 3h]
Qoker received [Ts 7d]
UDF1 folds
UDF1 awarded -10
Qoker awarded 10

Round #120, Qoker (1581), UDF1 (-1581)
Qoker posts blind: 10
UDF1 posts blind: 20
Qoker received [2s 7c]
UDF1 received [7s Ad]
Qoker calls
UDF1 checks
Flop [3s Ts Jc], Qoker (20), UDF1 (20)
UDF1 bids 0
Qoker bids 0
Qoker won the auction and was revealed [Ad]
UDF1 won the auction and was revealed [2s]
Flop [3s Ts Jc], Qoker (20), UDF1 (20)
UDF1 bets 2780
Qoker folds
Qoker awarded -20
UDF1 awarded 20

Round #121, UDF1 (-1561), Qoker (1561)
UDF1 posts blind: 10
Qoker posts blind: 20
UDF1 received [5d Jh]
Qoker received [7h 7s]
UDF1 folds
UDF1 awarded -10
Qoker awarded 10

Round #122, Qoker (1571), UDF1 (-1571)
Qoker posts blind: 10
UDF1 posts blind: 20
Qoker received [6c 8h]
UDF1 received [Jd As]
Qoker calls
UDF1 raises to 3620
Qoker folds
Qoker awarded -20
UDF1 awarded 20

Round #123, UDF1 (-1551), Qoker (1551)
UDF1 posts blind: 10
Qoker posts blind: 20
UDF1 received [6c 2h]
Qoker received [Ac 9s]
UDF1 raises to 653
Qoker folds
UDF1 awarded 20
Qoker awarded -20

Round #124, Qoker (1531), UDF1 (-1531)
Qoker posts blind: 10
UDF1 posts blind: 20
Qoker received [4c 6d]
UDF1 received [Jd Qc]
Qoker calls
UDF1 checks
Flop [3d 5d 2c], Qoker (20), UDF1 (20)
UDF1 bids 1
Qoker bids 1
Qoker won the auction and was revealed [Jd]
UDF1 won the auction and was revealed [4c]
Flop [3d 5d 2c], Qoker (21), UDF1 (21)
UDF1 bets 2776
Qoker raises to 4979
UDF1 calls
Turn [3d 5d 2c 4h], Qoker (5000), UDF1 (5000)
UDF1 checks
Qoker checks
River [3d 5d 2c 4h Kd], Qoker (5000), UDF1 (5000)
UDF1 checks
Qoker checks
Qoker shows [4c 6d]
UDF1 shows [Jd Qc]
Qoker awarded 5000
UDF1 awarded -5000

Round #125, UDF1 (-6531), Qoker (6531)
UDF1 posts blind: 10
Qoker posts blind: 20
UDF1 received [Qd 2h]
Qoker received [7s 5h]
UDF1 folds
UDF1 awarded -10
Qoker awarded 10

Round #126, Qoker (6541), UDF1 (-6541)
Qoker posts blind: 10
UDF1 posts blind: 20
Qoker received [9s Jd]
UDF1 received [6d 9d]
Qoker calls
UDF1 checks
Flop [8s Kh 4c], Qoker (20), UDF1 (20)
UDF1 bids 2
Qoker bids 0
UDF1 won the auction and was revealed [Jd]
Flop [8s Kh 4c], Qoker (20), UDF1 (20)
UDF1 bets 2223
Qoker folds
Qoker awarded -20
UDF1 awarded 20

Round #127, UDF1 (-6521), Qoker (6521)
UDF1 posts blind: 10
Qoker posts blind: 20
UDF1 received [8s 7s]
Qoker received [7h 4h]
UDF1 raises to 1942
Qoker folds
UDF1 awarded 20
Qoker awarded -20

Round #128, Qoker (6501), UDF1 (-6501)
Qoker posts blind: 10
UDF1 posts blind: 20
Qoker received [9s 6c]
UDF1 received [Jd 8d]
Qoker calls
UDF1 checks
Flop [7d 5c Ah], Qoker (20), UDF1 (20)
UDF1 bids 0
Qoker bids 5
Qoker won the auction and was revealed [8d]
Flop [7d 5c Ah], Qoker (20), UDF1 (20)
UDF1 bets 2638
Qoker folds
Qoker awarded -20
UDF1 awarded 20

Round #129, UDF1 (-6481), Qoker (6481)
UDF1 posts blind: 10
Qoker posts blind: 20
UDF1 received [5h Ah]
Qoker received [Kc 5d]
UDF1 folds
UDF1 awarded -10
Qoker awarded 10

Round #130, Qoker (6491), UDF1 (-6491)
Qoker posts blind: 10
UDF1 posts blind: 20
Qoker received [5s Td]
UDF1 received [As 8d]
Qoker calls
UDF1 checks
Flop [2d 2s Ad], Qoker (20), UDF1 (20)
UDF1 bids 10
Qoker bids 1
UDF1 won the auction and was revealed [Td]
Flop [2d 2s Ad], Qoker (20), UDF1 (21)
UDF1 bets 3022
Qoker calls
Turn [2d 2s Ad 7h], Qoker (3042), UDF1 (3043)
UDF1 bets 1225
Qoker calls
River [2d 2s Ad 7h Jh], Qoker (4267), UDF1 (4268)
UDF1 bets 486
Qoker calls
Qoker shows [5s Td]
UDF1 shows [As 8d]
Qoker awarded -4753
UDF1 awarded 4753

Round #131, UDF1 (-1738), Qoker (1738)
UDF1 posts blind: 10
Qoker posts blind: 20
UDF1 received [Qc Ad]
Qoker received [4d 3h]
UDF1 raises to 3696
Qoker folds
UDF1 awarded 20
Qoker awarded -20

Round #132, Qoker (1718), UDF1 (-1718)
Qoker posts blind: 10
UDF1 posts blind: 20
Qoker received [8c 3h]
UDF1 received [2c Ah]
Qoker calls
UDF1 checks
Flop [2d 6h 8s], Qoker (20), UDF1 (20)
UDF1 bids 10
Qoker bids 2
UDF1 won the auction and was revealed [8c]
Flop [2d 6h 8s], Qoker (20), UDF1 (22)
UDF1 bets 2701
Qoker calls
Turn [2d 6h 8s 4s], Qoker (2721), UDF1 (2723)
UDF1 bets 902
Qoker calls
River [2d 6h 8s 4s Ks], Qoker (3623), UDF1 (3625)
UDF1 bets 438
Qoker calls
Qoker shows [8c 3h]
UDF1 shows [2c Ah]
Qoker awarded 4063
UDF1 awarded -4063

Round #133, UDF1 (-5781), Qoker (5781)
UDF1 posts blind: 10
Qoker posts blind: 20
UDF1 received [2h 8d]
Qoker received [Qc 5d]
UDF1 calls
Qoker checks
Flop [8c 9h 3d], UDF1 (20), Qoker (20)
Qoker bids 0
UDF1 bids 0
UDF1 won the auction and was revealed [5d]
Qoker won the auction and was revealed [8d]
Flop [8c 9h 3d], UDF1 (20), Qoker (20)
Qoker checks
UDF1 bets 3468
Qoker folds
UDF1 awarded 20
Qoker awarded -20

Round #134, Qoker (5761), UDF1 (-5761)
Qoker posts blind: 10
UDF1 posts blind: 20
Qoker received [5d Kc]
UDF1 received [9d 7c]
Qoker calls
UDF1 checks
Flop [6d 5c Jd], Qoker (20), UDF1 (20)
UDF1 bids 11
Qoker bids 4
UDF1 won the auction and was revealed [5d]
Flop [6d 5c Jd], Qoker (20), UDF1 (24)
UDF1 bets 2428
Qoker calls
Turn [6d 5c Jd Th], Qoker (2448), UDF1 (2452)
UDF1 bets 1006
Qoker calls
River [6d 5c Jd Th 2d], Qoker (3454), UDF1 (3458)
UDF1 bets 519
Qoker calls
Qoker shows [5d Kc]
UDF1 shows [9d 7c]
Qoker awarded 3977
UDF1 awarded -3977

Round #135, UDF1 (-9738), Qoker (9738)
UDF1 posts blind: 10
Qoker posts blind: 20
UDF1 received [Qc 7s]
Qoker received [6c 6s]
UDF1 folds
UDF1 awarded -10
Qoker awarded 10

Round #136, Qoker (9748), UDF1 (-9748)
Qoker posts blind: 10
UDF1 posts blind: 20
Qoker received [2d 4s]
UDF1 received [Th 8c]
Qoker calls
UDF1 checks
Flop [8h Ad Js], Qoker (20), UDF1 (20)
UDF1 bids 10
Qoker bids 5
UDF1 won the auction and was revealed [4s]
Flop [8h Ad Js], Qoker (20), UDF1 (25)
UDF1 bets 3283
Qoker folds
Qoker awarded -20
UDF1 awarded 20

Round #137, UDF1 (-9728), Qoker (9728)
UDF1 posts blind: 10
Qoker posts blind: 20
UDF1 received [Ad Qs]
Qoker received [3h Jd]
UDF1 raises to 3826
Qoker folds
UDF1 awarded 20
Qoker awarded -20

Round #138, Qoker (9708), UDF1 (-9708)
Qoker posts blind: 10
UDF1 posts blind: 20
Qoker received [Qc 9s]
UDF1 received [Ah 6d]
Qoker calls
UDF1 raises to 337
Qoker folds
Qoker awarded -20
UDF1 awarded 20

Round #139, UDF1 (-9688), Qoker (9688)
UDF1 posts blind: 10
Qoker posts blind: 20
UDF1 received [6c 3c]
Qoker received [8c Kh]
UDF1 folds
UDF1 awarded -10
Qoker awarded 10

Round #140, Qoker (9698), UDF1 (-9698)
Qoker posts blind: 10
UDF1 posts blind: 20
Qoker received [4d 6c]
UDF1 received [8s 5d]
Qoker calls
UDF1 checks
Flop [Kd 6d 7h], Qoker (20), UDF1 (20)
UDF1 bids 4
Qoker bids 3
UDF1 won the auction and was revealed [4d]
Flop [Kd 6d 7h], Qoker (20), UDF1 (23)
UDF1 bets 2927
Qoker calls
Turn [Kd 6d 7h 2d], Qoker (2947), UDF1 (2950)
UDF1 bets 1141
Qoker calls
River [Kd 6d 7h 2d 9s], Qoker (4088), UDF1 (4091)
UDF1 bets 533
Qoker calls
Qoker shows [4d 6c]
UDF1 shows [8s 5d]
Qoker awarded -4621
UDF1 awarded 4621

Round #141, UDF1 (-5077), Qoker (5077)
UDF1 posts blind: 10
Qoker posts blind: 20
UDF1 received [6c 9s]
Qoker received [Jd 8d]
UDF1 folds
UDF1 awarded -10
Qoker awarded 10

Round #142, Qoker (5087), UDF1 (-5087)
Qoker posts blind: 10
UDF1 posts blind: 20
Qoker received [9d 9c]
UDF1 received [8d Js]
Qoker raises to 40
UDF1 raises to 697
Qoker raises to 1354
UDF1 folds
Qoker awarded 697
UDF1 awarded -697

Round #143, UDF1 (-5784), Qoker (5784)
UDF1 posts blind: 10
Qoker posts blind: 20
UDF1 received [3s 7d]
Qoker received [2h 4h]
UDF1 folds
UDF1 awarded -10
Qoker awarded 10

Round #144, Qoker (5794), UDF1 (-5794)
Qoker posts blind: 10
UDF1 posts blind: 20
Qoker received [2s 6h]
UDF1 received [Qs Ad]
Qoker calls
UDF1 raises to 3628
Qoker folds
Qoker awarded -20
UDF1 awarded 20

Round #145, UDF1 (-5774), Qoker (5774)
UDF1 posts blind: 10
Qoker posts blind: 20
UDF1 received [9s 4s]
Qoker received [Th 8c]
UDF1 folds
UDF1 awarded -10
Qoker awarded 10

Round #146, Qoker (5784), UDF1 (-5784)
Qoker posts blind: 10
UDF1 posts blind: 20
Qoker received [As 5d]
UDF1 received [Qh 2d]
Qoker calls
UDF1 checks
Flop [6h 7h Jd], Qoker (20), UDF1 (20)
UDF1 bids 1
Qoker bids 2
Qoker won the auction and was revealed [Qh]
Flop [6h 7h Jd], Qoker (21), UDF1 (20)
UDF1 bets 2577
Qoker folds
Qoker awarded -21
UDF1 awarded 21

Round #147, UDF1 (-5763), Qoker (5763)
UDF1 posts blind: 10
Qoker posts blind: 20
UDF1 received [9s Qc]
Qoker received [7s 4d]
UDF1 folds
UDF1 awarded -10
Qoker awarded 10

Round #148, Qoker (5773), UDF1 (-5773)
Qoker posts blind: 10
UDF1 posts blind: 20
Qoker received [9c As]
UDF1 received [Kc Kh]
Qoker calls
UDF1 raises to 4533
Qoker folds
Qoker awarded -20
UDF1 awarded 20

Round #149, UDF1 (-5753), Qoker (5753)
UDF1 posts blind: 10
Qoker posts blind: 20
UDF1 received [Ah 3h]
Qoker received [Js 5s]
UDF1 folds
UDF1 awarded -10
Qoker awarded 10

Round #150, Qoker (5763), UDF1 (-5763)
Qoker posts blind: 10
UDF1 posts blind: 20
Qoker received [8s Th]
UDF1 received [8d 5c]
Qoker calls
UDF1 checks
Flop [Ah 9d 9s], Qoker (20), UDF1 (20)
UDF1 bids 11
Qoker bids 4
UDF1 won the auction and was revealed [Th]
Flop [Ah 9d 9s], Qoker (20), UDF1 (24)
UDF1 bets 2412
Qoker calls
Turn [Ah 9d 9s 6h], Qoker (2432), UDF1 (2436)
UDF1 bets 1176
Qoker calls
River [Ah 9d 9s 6h 7c], Qoker (3608), UDF1 (3612)
UDF1 bets 849
Qoker raises to 1388
UDF1 calls
Qoker shows [8s Th]
UDF1 shows [8d 5c]
Qoker awarded 5000
UDF1 awarded -5000

Round #151, UDF1 (-10763), Qoker (10763)
UDF1 posts blind: 10
Qoker posts blind: 20
UDF1 received [Kd 6d]
Qoker received [8h 7h]
UDF1 calls
Qoker checks
Flop [4s 7c 8s], UDF1 (20), Qoker (20)
Qoker bids 4
UDF1 bids 12
UDF1 won the auction and was revealed [7h]
Flop [4s 7c 8s], UDF1 (24), Qoker (20)
Qoker bets 27
UDF1 folds
UDF1 awarded -24
Qoker awarded 24

Round #152, Qoker (10787), UDF1 (-10787)
Qoker posts blind: 10
UDF1 posts blind: 20
Qoker received [2c Kh]
UDF1 received [8c 7s]
Qoker calls
UDF1 raises to 337
Qoker folds
Qoker awarded -20
UDF1 awarded 20

Round #153, UDF1 (-10767), Qoker (10767)
UDF1 posts blind: 10
Qoker posts blind: 20
UDF1 received [Js Ts]
Qoker received [Qd 9d]
UDF1 calls
Qoker checks
Flop [6d 8d 2d], UDF1 (20), Qoker (20)
Qoker bids 1
UDF1 bids 0
Qoker won the auction and was revealed [Ts]
Flop [6d 8d 2d], UDF1 (20), Qoker (20)
Qoker bets 26
UDF1 folds
UDF1 awarded -20
Qoker awarded 20

Round #154, Qoker (10787), UDF1 (-10787)
Qoker posts blind: 10
UDF1 posts blind: 20
Qoker received [2d 2h]
UDF1 received [6s 4h]
Qoker calls
UDF1 raises to 337
Qoker calls
Flop [Ac 7s 3c], Qoker (337), UDF1 (337)
UDF1 bids 11
Qoker bids 94
Qoker won the auction and was revealed [4h]
Flop [Ac 7s 3c], Qoker (348), UDF1 (337)
UDF1 bets 2234
Qoker calls
Turn [Ac 7s 3c 4s], Qoker (2582), UDF1 (2571)
UDF1 bets 1396
Qoker calls
River [Ac 7s 3c 4s Jc], Qoker (3978), UDF1 (3967)
UDF1 bets 571
Qoker calls
Qoker shows [2d 2h]
UDF1 shows [6s 4h]
Qoker awarded -4549
UDF1 awarded 4549

Round #155, UDF1 (-6238), Qoker (6238)
UDF1 posts blind: 10
Qoker posts blind: 20
UDF1 received [7c 3d]
Qoker received [2h 7h]
UDF1 calls
Qoker checks
Flop [Js 3c Kd], UDF1 (20), Qoker (20)
Qoker bids 0
UDF1 bids 11
UDF1 won the auction and was revealed [7h]
Flop [Js 3c Kd], UDF1 (20), Qoker (20)
Qoker checks
UDF1 bets 2889
Qoker folds
UDF1 awarded 20
Qoker awarded -20

Round #156, Qoker (6218), UDF1 (-6218)
Qoker posts blind: 10
UDF1 posts blind: 20
Qoker received [4h 6d]
UDF1 received [4s 2h]
Qoker calls
UDF1 checks
Flop [2d 8d 2c], Qoker (20), UDF1 (20)
UDF1 bids 0
Qoker bids 2
Qoker won the auction and was revealed [2h]
Flop [2d 8d 2c], Qoker (20), UDF1 (20)
UDF1 bets 3522
Qoker calls
Turn [2d 8d 2c 9d], Qoker (3542), UDF1 (3542)
UDF1 bets 842
Qoker calls
River [2d 8d 2c 9d 5c], Qoker (4384), UDF1 (4384)
UDF1 bets 348
Qoker calls
Qoker shows [4h 6d]
UDF1 shows [4s 2h]
Qoker awarded -4732
UDF1 awarded 4732

Round #157, UDF1 (-1486), Qoker (1486)
UDF1 posts blind: 10
Qoker posts blind: 20
UDF1 received [4s Ad]
Qoker received [Ac Kc]
UDF1 calls
Qoker checks
Flop [Jc 9s 2s], UDF1 (20), Qoker (20)
Qoker bids 5
UDF1 bids 5
UDF1 won the auction and was revealed [Kc]
Qoker won the auction and was revealed [Ad]
Flop [Jc 9s 2s], UDF1 (25), Qoker (25)
Qoker checks
UDF1 bets 2695
Qoker folds
UDF1 awarded 25
Qoker awarded -25

Round #158, Qoker (1461), UDF1 (-1461)
Qoker posts blind: 10
UDF1 posts blind: 20
Qoker received [Ts 2h]
UDF1 received [8h 6h]
Qoker calls
UDF1 raises to 337
Qoker folds
Qoker awarded -20
UDF1 awarded 20

Round #159, UDF1 (-1441), Qoker (1441)
UDF1 posts blind: 10
Qoker posts blind: 20
UDF1 received [7h Kc]
Qoker received [Kd 6s]
UDF1 folds
UDF1 awarded -10
Qoker awarded 10

Round #160, Qoker (1451), UDF1 (-1451)
Qoker posts blind: 10
UDF1 posts blind: 20
Qoker received [Ad 3s]
UDF1 received [5d 5c]
Qoker calls
UDF1 checks
Flop [Jd 2s 2h], Qoker (20), UDF1 (20)
UDF1 bids 0
Qoker bids 2
Qoker won the auction and was revealed [5c]
Flop [Jd 2s 2h], Qoker (20), UDF1 (20)
UDF1 bets 2685
Qoker calls
Turn [Jd 2s 2h 9c], Qoker (2705), UDF1 (2705)
UDF1 bets 1178
Qoker calls
River [Jd 2s 2h 9c Kd], Qoker (3883), UDF1 (3883)
UDF1 bets 560
Qoker calls
Qoker shows [Ad 3s]
UDF1 shows [5d 5c]
Qoker awarded -4443
UDF1 awarded 4443

Round #161, UDF1 (2992), Qoker (-2992)
UDF1 posts blind: 10
Qoker posts blind: 20
UDF1 received [2s Ac]
Qoker received [4c 8h]
UDF1 calls
Qoker checks
Flop [Td 5s 9h], UDF1 (20), Qoker (20)
Qoker bids 0
UDF1 bids 2
UDF1 won the auction and was revealed [8h]
Flop [Td 5s 9h], UDF1 (20), Qoker (20)
Qoker checks
UDF1 bets 2737
Qoker folds
UDF1 awarded 20
Qoker awarded -20

Round #162, Qoker (-3012), UDF1 (3012)
Qoker posts blind: 10
UDF1 posts blind: 20
Qoker received [5h Jc]
UDF1 received [6d 8c]
Qoker calls
UDF1 checks
Flop [9d Qs 2d], Qoker (20), UDF1 (20)
UDF1 bids 12
Qoker bids 0
UDF1 won the auction and was revealed [5h]
Flop [9d Qs 2d], Qoker (20), UDF1 (20)
UDF1 bets 2944
Qoker folds
Qoker awarded -20
UDF1 awarded 20

Round #163, UDF1 (3032), Qoker (-3032)
UDF1 posts blind: 10
Qoker posts blind: 20
UDF1 received [Ac 6d]
Qoker received [Kc Qh]
UDF1 folds
UDF1 awarded -10
Qoker awarded 10

Round #164, Qoker (-3022), UDF1 (3022)
Qoker posts blind: 10
UDF1 posts blind: 20
Qoker received [6s 4d]
UDF1 received [4s 2s]
Qoker calls
UDF1 raises to 337
Qoker folds
Qoker awarded -20
UDF1 awarded 20

Round #165, UDF1 (3042), Qoker (-3042)
UDF1 posts blind: 10
Qoker posts blind: 20
UDF1 received [Td As]
Qoker received [9h 6h]
UDF1 calls
Qoker checks
Flop [Ad 4h Ac], UDF1 (20), Qoker (20)
Qoker bids 8
UDF1 bids 4
Qoker won the auction and was revealed [Td]
Flop [Ad 4h Ac], UDF1 (20), Qoker (24)
Qoker bets 24
UDF1 raises to 3098
Qoker calls
Turn [Ad 4h Ac 6c], UDF1 (3118), Qoker (3122)
Qoker bets 1878
UDF1 calls
River [Ad 4h Ac 6c 3c], UDF1 (4996), Qoker (5000)
Qoker checks
UDF1 checks
UDF1 shows [Td As]
Qoker shows [9h 6h]
UDF1 awarded 5000
Qoker awarded -5000

Round #166, Qoker (-8042), UDF1 (8042)
Qoker posts blind: 10
UDF1 posts blind: 20
Qoker received [9c 3s]
UDF1 received [6d Kd]
Qoker calls
UDF1 checks
Flop [4h 8s 8d], Qoker (20), UDF1 (20)
UDF1 bids 11
Qoker bids 5
UDF1 won the auction and was revealed [9c]
Flop [4h 8s 8d], Qoker (20), UDF1 (25)
UDF1 bets 2993
Qoker calls
Turn [4h 8s 8d 3c], Qoker (3013), UDF1 (3018)
UDF1 bets 1022
Qoker calls
River [4h 8s 8d 3c Ah], Qoker (4035), UDF1 (4040)
UDF1 bets 553
Qoker calls
Qoker shows [9c 3s]
UDF1 shows [6d Kd]
Qoker awarded 4593
UDF1 awarded -4593

Round #167, UDF1 (3449), Qoker (-3449)
UDF1 posts blind: 10
Qoker posts blind: 20
UDF1 received [Td 6c]
Qoker received [5c 3s]
UDF1 raises to 337
Qoker folds
UDF1 awarded 20
Qoker awarded -20

Round #168, Qoker (-3469), UDF1 (3469)
Qoker posts blind: 10
UDF1 posts blind: 20
Qoker received [9c Ad]
UDF1 received [Qh 2s]
Qoker calls
UDF1 checks
Flop [5d 8d Js], Qoker (20), UDF1 (20)
UDF1 bids 3
Qoker bids 6
Qoker won the auction and was revealed [2s]
Flop [5d 8d Js], Qoker (23), UDF1 (20)
UDF1 bets 2746
Qoker folds
Qoker awarded -23
UDF1 awarded 23

Round #169, UDF1 (3492), Qoker (-3492)
UDF1 posts blind: 10
Qoker posts blind: 20
UDF1 received [6s Ks]
Qoker received [7d 8d]
UDF1 calls
Qoker checks
Flop [4c 4h Qh], UDF1 (20), Qoker (20)
Qoker bids 2
UDF1 bids 7
UDF1 won the auction and was revealed [8d]
Flop [4c 4h Qh], UDF1 (22), Qoker (20)
Qoker checks
UDF1 bets 2754
Qoker calls
Turn [4c 4h Qh 8c], UDF1 (2776), Qoker (2774)
Qoker bets 2224
UDF1 folds
UDF1 awarded -2776
Qoker awarded 2776

Round #170, Qoker (-716), UDF1 (716)
Qoker posts blind: 10
UDF1 posts blind: 20
Qoker received [Td As]
UDF1 received [7h 7s]
Qoker calls
UDF1 raises to 1238
Qoker calls
Flop [8h 6h 8s], Qoker (1238), UDF1 (1238)
UDF1 bids 7
Qoker bids 164
Qoker won the auction and was revealed [7s]
Flop [8h 6h 8s], Qoker (1245), UDF1 (1238)
UDF1 bets 2191
Qoker raises to 3755
UDF1 calls
Turn [8h 6h 8s Kh], Qoker (5000), UDF1 (4993)
UDF1 checks
Qoker checks
River [8h 6h 8s Kh Ad], Qoker (5000), UDF1 (4993)
UDF1 checks
Qoker checks
Qoker shows [Td As]
UDF1 shows [7h 7s]
Qoker awarded 4993
UDF1 awarded -4993

Round #171, UDF1 (-4277), Qoker (4277)
UDF1 posts blind: 10
Qoker posts blind: 20
UDF1 received [5h 7d]
Qoker received [Th 3h]
UDF1 folds
UDF1 awarded -10
Qoker awarded 10

Round #172, Qoker (4287), UDF1 (-4287)
Qoker posts blind: 10
UDF1 posts blind: 20
Qoker received [Qh Ad]
UDF1 received [8s 7h]
Qoker calls
UDF1 checks
Flop [9h 8d 4d], Qoker (20), UDF1 (20)
UDF1 bids 13
Qoker bids 3
UDF1 won the auction and was revealed [Ad]
Flop [9h 8d 4d], Qoker (20), UDF1 (23)
UDF1 bets 2874
Qoker folds
Qoker awarded -20
UDF1 awarded 20

Round #173, UDF1 (-4267), Qoker (4267)
UDF1 posts blind: 10
Qoker posts blind: 20
UDF1 received [3d Jc]
Qoker received [Jd 8h]
UDF1 calls
Qoker checks
Flop [Td 8c Qd], UDF1 (20), Qoker (20)
Qoker bids 6
UDF1 bids 5
Qoker won the auction and was revealed [Jc]
Flop [Td 8c Qd], UDF1 (20), Qoker (25)
Qoker checks
UDF1 bets 2828
Qoker calls
Turn [Td 8c Qd Ah], UDF1 (2848), Qoker (2853)
Qoker checks
UDF1 bets 1044
Qoker calls
River [Td 8c Qd Ah 4h], UDF1 (3892), Qoker (3897)
Qoker checks
UDF1 bets 560
Qoker calls
UDF1 shows [3d Jc]
Qoker shows [Jd 8h]
UDF1 awarded -4452
Qoker awarded 4452

Round #174, Qoker (8719), UDF1 (-8719)
Qoker posts blind: 10
UDF1 posts blind: 20
Qoker received [6c 2h]
UDF1 received [5s 4s]
Qoker calls
UDF1 checks
Flop [5h Ac 3h], Qoker (20), UDF1 (20)
UDF1 bids 1
Qoker bids 5
Qoker won the auction and was revealed [4s]
Flop [5h Ac 3h], Qoker (21), UDF1 (20)
UDF1 bets 3387
Qoker folds
Qoker awarded -21
UDF1 awarded 21

Round #175, UDF1 (-8698), Qoker (8698)
UDF1 posts blind: 10
Qoker posts blind: 20
UDF1 received [Qc Tc]
Qoker received [7h Ad]
UDF1 raises to 1449
Qoker folds
UDF1 awarded 20
Qoker awarded -20

Round #176, Qoker (8678), UDF1 (-8678)
Qoker posts blind: 10
UDF1 posts blind: 20
Qoker received [2h 6s]
UDF1 received [Ks Td]
Qoker calls
UDF1 raises to 337
Qoker folds
Qoker awarded -20
UDF1 awarded 20

Round #177, UDF1 (-8658), Qoker (8658)
UDF1 posts blind: 10
Qoker posts blind: 20
UDF1 received [Qh 5h]
Qoker received [Td 3d]
UDF1 folds
UDF1 awarded -10
Qoker awarded 10

Round #178, Qoker (8668), UDF1 (-8668)
Qoker posts blind: 10
UDF1 posts blind: 20
Qoker received [Qc Js]
UDF1 received [2d 9s]
Qoker calls
UDF1 checks
Flop [Ad Qd 3d], Qoker (20), UDF1 (20)
UDF1 bids 8
Qoker bids 4
UDF1 won the auction and was revealed [Js]
Flop [Ad Qd 3d], Qoker (20), UDF1 (24)
UDF1 bets 2648
Qoker calls
Turn [Ad Qd 3d 5c], Qoker (2668), UDF1 (2672)
UDF1 bets 1069
Qoker calls
River [Ad Qd 3d 5c 2c], Qoker (3737), UDF1 (3741)
UDF1 bets 614
Qoker calls
Qoker shows [Qc Js]
UDF1 shows [2d 9s]
Qoker awarded 4355
UDF1 awarded -4355

Round #179, UDF1 (-13023), Qoker (13023)
UDF1 posts blind: 10
Qoker posts blind: 20
UDF1 received [9s Ks]
Qoker received [6d 4s]
UDF1 calls
Qoker checks
Flop [Kd 7s 2s], UDF1 (20), Qoker (20)
Qoker bids 0
UDF1 bids 10
UDF1 won the auction and was revealed [6d]
Flop [Kd 7s 2s], UDF1 (20), Qoker (20)
Qoker checks
UDF1 bets 3327
Qoker folds
UDF1 awarded 20
Qoker awarded -20

Round #180, Qoker (13003), UDF1 (-13003)
Qoker posts blind: 10
UDF1 posts blind: 20
Qoker received [8s 2s]
UDF1 received [7s 4c]
Qoker calls
UDF1 checks
Flop [As Qd 4h], Qoker (20), UDF1 (20)
UDF1 bids 3
Qoker bids 2
UDF1 won the auction and was revealed [2s]
Flop [As Qd 4h], Qoker (20), UDF1 (22)
UDF1 bets 2957
Qoker folds
Qoker awarded -20
UDF1 awarded 20

Round #181, UDF1 (-12983), Qoker (12983)
UDF1 posts blind: 10
Qoker posts blind: 20
UDF1 received [Ac 4h]
Qoker received [Kd Jc]
UDF1 raises to 337
Qoker calls
Flop [9h As 3h], UDF1 (337), Qoker (337)
Qoker bids 86
UDF1 bids 1
Qoker won the auction and was revealed [Ac]
Flop [9h As 3h], UDF1 (337), Qoker (338)
Qoker checks
UDF1 bets 3142
Qoker calls
Turn [9h As 3h 6s], UDF1 (3479), Qoker (3480)
Qoker checks
UDF1 bets 1036
Qoker calls
River [9h As 3h 6s 7s], UDF1 (4515), Qoker (4516)
Qoker checks
UDF1 bets 297
Qoker calls
UDF1 shows [Ac 4h]
Qoker shows [Kd Jc]
UDF1 awarded 4813
Qoker awarded -4813

Round #182, Qoker (8170), UDF1 (-8170)
Qoker posts blind: 10
UDF1 posts blind: 20
Qoker received [Qc Js]
UDF1 received [9c 6d]
Qoker calls
UDF1 raises to 337
Qoker calls
Flop [2s 9s Td], Qoker (337), UDF1 (337)
UDF1 bids 7
Qoker bids 76
Qoker won the auction and was revealed [9c]
Flop [2s 9s Td], Qoker (344), UDF1 (337)
UDF1 bets 3150
Qoker calls
Turn [2s 9s Td Kd], Qoker (3494), UDF1 (3487)
UDF1 bets 877
Qoker raises to 1506
UDF1 calls
River [2s 9s Td Kd 2h], Qoker (5000), UDF1 (4993)
UDF1 checks
Qoker checks
Qoker shows [Qc Js]
UDF1 shows [9c 6d]
Qoker awarded 4993
UDF1 awarded -4993

Round #183, UDF1 (-13163), Qoker (13163)
UDF1 posts blind: 10
Qoker posts blind: 20
UDF1 received [Kd 3d]
Qoker received [9s 3s]
UDF1 calls
Qoker checks
Flop [2s 6c Ac], UDF1 (20), Qoker (20)
Qoker bids 4
UDF1 bids 7
UDF1 won the auction and was revealed [9s]
Flop [2s 6c Ac], UDF1 (24), Qoker (20)
Qoker checks
UDF1 bets 2869
Qoker folds
UDF1 awarded 20
Qoker awarded -20

Round #184, Qoker (13143), UDF1 (-13143)
Qoker posts blind: 10
UDF1 posts blind: 20
Qoker received [8d 4h]
UDF1 received [Jh 8h]
Qoker calls
UDF1 checks
Flop [9h Kh 3s], Qoker (20), UDF1 (20)
UDF1 bids 7
Qoker bids 0
UDF1 won the auction and was revealed [8d]
Flop [9h Kh 3s], Qoker (20), UDF1 (20)
UDF1 bets 3254
Qoker folds
Qoker awarded -20
UDF1 awarded 20

Round #185, UDF1 (-13123), Qoker (13123)
UDF1 posts blind: 10
Qoker posts blind: 20
UDF1 received [9s 3c]
Qoker received [4s 3d]
UDF1 calls
Qoker checks
Flop [7h 3h 6c], UDF1 (20), Qoker (20)
Qoker bids 3
UDF1 bids 6
UDF1 won the auction and was revealed [3d]
Flop [7h 3h 6c], UDF1 (23), Qoker (20)
Qoker checks
UDF1 bets 2558
Qoker calls
Turn [7h 3h 6c 9h], UDF1 (2581), Qoker (2578)
Qoker checks
UDF1 bets 1426
Qoker calls
River [7h 3h 6c 9h Ah], UDF1 (4007), Qoker (4004)
Qoker checks
UDF1 bets 524
Qoker calls
UDF1 shows [9s 3c]
Qoker shows [4s 3d]
UDF1 awarded 4528
Qoker awarded -4528

Round #186, Qoker (8595), UDF1 (-8595)
Qoker posts blind: 10
UDF1 posts blind: 20
Qoker received [Th Td]
UDF1 received [4s Jd]
Qoker raises to 40
UDF1 calls
Flop [3c Ah Kh], Qoker (40), UDF1 (40)
UDF1 bids 0
Qoker bids 14
Qoker won the auction and was revealed [4s]
Flop [3c Ah Kh], Qoker (40), UDF1 (40)
UDF1 bets 2679
Qoker raises to 4960
UDF1 calls
Turn [3c Ah Kh 3s], Qoker (5000), UDF1 (5000)
UDF1 checks
Qoker checks
River [3c Ah Kh 3s Ts], Qoker (5000), UDF1 (5000)
UDF1 checks
Qoker checks
Qoker shows [Th Td]
UDF1 shows [4s Jd]
Qoker awarded 5000
UDF1 awarded -5000

Round #187, UDF1 (-13595), Qoker (13595)
UDF1 posts blind: 10
Qoker posts blind: 20
UDF1 received [Ad 6c]
Qoker received [7c 5s]
UDF1 raises to 337
Qoker folds
UDF1 awarded 20
Qoker awarded -20

Round #188, Qoker (13575), UDF1 (-13575)
Qoker posts blind: 10
UDF1 posts blind: 20
Qoker received [Ts 7d]
UDF1 received [As 2s]
Qoker calls
UDF1 checks
Flop [Ac 8h 9h], Qoker (20), UDF1 (20)
UDF1 bids 5
Qoker bids 4
UDF1 won the auction and was revealed [7d]
Flop [Ac 8h 9h], Qoker (20), UDF1 (24)
UDF1 bets 3349
Qoker calls
Turn [Ac 8h 9h Kh], Qoker (3369), UDF1 (3373)
UDF1 bets 926
Qoker calls
River [Ac 8h 9h Kh Td], Qoker (4295), UDF1 (4299)
UDF1 bets 437
Qoker calls
Qoker shows [Ts 7d]
UDF1 shows [As 2s]
Qoker awarded -4732
UDF1 awarded 4732

Round #189, UDF1 (-8843), Qoker (8843)
UDF1 posts blind: 10
Qoker posts blind: 20
UDF1 received [6h Qh]
Qoker received [Js 3c]
UDF1 folds
UDF1 awarded -10
Qoker awarded 10

Round #190, Qoker (8853), UDF1 (-8853)
Qoker posts blind: 10
UDF1 posts blind: 20
Qoker received [5h 9d]
UDF1 received [Jh 4d]
Qoker calls
UDF1 checks
Flop [9s 2h 4c], Qoker (20), UDF1 (20)
UDF1 bids 8
Qoker bids 7
UDF1 won the auction and was revealed [5h]
Flop [9s 2h 4c], Qoker (20), UDF1 (27)
UDF1 bets 2874
Qoker calls
Turn [9s 2h 4c 7c], Qoker (2894), UDF1 (2901)
UDF1 bets 1169
Qoker calls
River [9s 2h 4c 7c Ks], Qoker (4063), UDF1 (4070)
UDF1 bets 543
Qoker calls
Qoker shows [5h 9d]
UDF1 shows [Jh 4d]
Qoker awarded 4613
UDF1 awarded -4613

Round #191, UDF1 (-13466), Qoker (13466)
UDF1 posts blind: 10
Qoker posts blind: 20
UDF1 received [9d 6d]
Qoker received [7s 2h]
UDF1 raises to 337
Qoker folds
UDF1 awarded 20
Qoker awarded -20

Round #192, Qoker (13446), UDF1 (-13446)
Qoker posts blind: 10
UDF1 posts blind: 20
Qoker received [7h 3s]
UDF1 received [2c Qc]
Qoker calls
UDF1 checks
Flop [Jd 4h Ts], Qoker (20), UDF1 (20)
UDF1 bids 4
Qoker bids 0
UDF1 won the auction and was revealed [3s]
Flop [Jd 4h Ts], Qoker (20), UDF1 (20)
UDF1 bets 3169
Qoker folds
Qoker awarded -20
UDF1 awarded 20

Round #193, UDF1 (-13426), Qoker (13426)
UDF1 posts blind: 10
Qoker posts blind: 20
UDF1 received [Kh 6d]
Qoker received [As Ad]
UDF1 calls
Qoker raises to 40
UDF1 calls
Flop [Ts 6c 4c], UDF1 (40), Qoker (40)
Qoker bids 13
UDF1 bids 9
Qoker won the auction and was revealed [6d]
Flop [Ts 6c 4c], UDF1 (40), Qoker (49)
Qoker bets 57
UDF1 raises to 3296
Qoker calls
Turn [Ts 6c 4c Qd], UDF1 (3336), Qoker (3345)
Qoker checks
UDF1 bets 1007
Qoker calls
River [Ts 6c 4c Qd Th], UDF1 (4343), Qoker (4352)
Qoker bets 648
UDF1 calls
UDF1 shows [Kh 6d]
Qoker shows [As Ad]
UDF1 awarded -4991
Qoker awarded 4991

Round #194, Qoker (18417), UDF1 (-18417)
Qoker posts blind: 10
UDF1 posts blind: 20
Qoker received [Qh Js]
UDF1 received [2h 2d]
Qoker calls
UDF1 raises to 1502
Qoker calls
Flop [Jd 4h Qc], Qoker (1502), UDF1 (1502)
UDF1 bids 5
Qoker bids 401
Qoker won the auction and was revealed [2h]
Flop [Jd 4h Qc], Qoker (1507), UDF1 (1502)
UDF1 bets 1817
Qoker raises to 3493
UDF1 calls
Turn [Jd 4h Qc 3h], Qoker (5000), UDF1 (4995)
UDF1 checks
Qoker checks
River [Jd 4h Qc 3h 3s], Qoker (5000), UDF1 (4995)
UDF1 checks
Qoker checks
Qoker shows [Qh Js]
UDF1 shows [2h 2d]
Qoker awarded 4995
UDF1 awarded -4995

Round #195, UDF1 (-23412), Qoker (23412)
UDF1 posts blind: 10
Qoker posts blind: 20
UDF1 received [6d Qc]
Qoker received [4c Jc]
UDF1 calls
Qoker checks
Flop [7c Ks 9s], UDF1 (20), Qoker (20)
Qoker bids 0
UDF1 bids 9
UDF1 won the auction and was revealed [4c]
Flop [7c Ks 9s], UDF1 (20), Qoker (20)
Qoker checks
UDF1 bets 3085
Qoker folds
UDF1 awarded 20
Qoker awarded -20

Round #196, Qoker (23392), UDF1 (-23392)
Qoker posts blind: 10
UDF1 posts blind: 20
Qoker received [4c 7d]
UDF1 received [As 5h]
Qoker calls
UDF1 raises to 337
Qoker folds
Qoker awarded -20
UDF1 awarded 20

Round #197, UDF1 (-23372), Qoker (23372)
UDF1 posts blind: 10
Qoker posts blind: 20
UDF1 received [2s 4c]
Qoker received [5s 2d]
UDF1 raises to 337
Qoker folds
UDF1 awarded 20
Qoker awarded -20

Round #198, Qoker (23352), UDF1 (-23352)
Qoker posts blind: 10
UDF1 posts blind: 20
Qoker received [Ks Jc]
UDF1 received [8c Qh]
Qoker calls
UDF1 checks
Flop [6d As 5s], Qoker (20), UDF1 (20)
UDF1 bids 10
Qoker bids 6
UDF1 won the auction and was revealed [Jc]
Flop [6d As 5s], Qoker (20), UDF1 (26)
UDF1 bets 2948
Qoker folds
Qoker awarded -20
UDF1 awarded 20

Round #199, UDF1 (-23332), Qoker (23332)
UDF1 posts blind: 10
Qoker posts blind: 20
UDF1 received [Kd 4s]
Qoker received [Ah Js]
UDF1 calls
Qoker checks
Flop [9s Ac 8s], UDF1 (20), Qoker (20)
Qoker bids 4
UDF1 bids 11
UDF1 won the auction and was revealed [Js]
Flop [9s Ac 8s], UDF1 (24), Qoker (20)
Qoker bets 23
UDF1 calls
Turn [9s Ac 8s 8d], UDF1 (47), Qoker (43)
Qoker bets 59
UDF1 calls
River [9s Ac 8s 8d 4c], UDF1 (106), Qoker (102)
Qoker checks
UDF1 bets 2974
Qoker calls
UDF1 shows [Kd 4s]
Qoker shows [Ah Js]
UDF1 awarded -3080
Qoker awarded 3080

Round #200, Qoker (26412), UDF1 (-26412)
Qoker posts blind: 10
UDF1 posts blind: 20
Qoker received [4s 6s]
UDF1 received [Th 4d]
Qoker calls
UDF1 checks
Flop [7h Jd Ts], Qoker (20), UDF1 (20)
UDF1 bids 4
Qoker bids 0
UDF1 won the auction and was revealed [6s]
Flop [7h Jd Ts], Qoker (20), UDF1 (20)
UDF1 bets 3359
Qoker folds
Qoker awarded -20
UDF1 awarded 20

Round #201, UDF1 (-26392), Qoker (26392)
UDF1 posts blind: 10
Qoker posts blind: 20
UDF1 received [4s 7s]
Qoker received [6c Ac]
UDF1 folds
UDF1 awarded -10
Qoker awarded 10

Round #202, Qoker (26402), UDF1 (-26402)
Qoker posts blind: 10
UDF1 posts blind: 20
Qoker received [8s Th]
UDF1 received [2s Ac]
Qoker calls
UDF1 checks
Flop [Td 3s Qs], Qoker (20), UDF1 (20)
UDF1 bids 11
Qoker bids 4
UDF1 won the auction and was revealed [8s]
Flop [Td 3s Qs], Qoker (20), UDF1 (24)
UDF1 bets 2629
Qoker calls
Turn [Td 3s Qs 5d], Qoker (2649), UDF1 (2653)
UDF1 bets 1204
Qoker calls
River [Td 3s Qs 5d 3c], Qoker (3853), UDF1 (3857)
UDF1 bets 615
Qoker calls
Qoker shows [8s Th]
UDF1 shows [2s Ac]
Qoker awarded 4472
UDF1 awarded -4472

Round #203, UDF1 (-30874), Qoker (30874)
UDF1 posts blind: 10
Qoker posts blind: 20
UDF1 received [Qh 7d]
Qoker received [3c Qc]
UDF1 calls
Qoker checks
Flop [5h 6c 9s], UDF1 (20), Qoker (20)
Qoker bids 0
UDF1 bids 4
UDF1 won the auction and was revealed [Qc]
Flop [5h 6c 9s], UDF1 (20), Qoker (20)
Qoker checks
UDF1 bets 3048
Qoker folds
UDF1 awarded 20
Qoker awarded -20

Round #204, Qoker (30854), UDF1 (-30854)
Qoker posts blind: 10
UDF1 posts blind: 20
Qoker received [Ks 5s]
UDF1 received [4s Qd]
Qoker calls
UDF1 checks
Flop [Ts 9c 5d], Qoker (20), UDF1 (20)
UDF1 bids 12
Qoker bids 2
UDF1 won the auction and was revealed [Ks]
Flop [Ts 9c 5d], Qoker (20), UDF1 (22)
UDF1 bets 2445
Qoker calls
Turn [Ts 9c 5d Js], Qoker (2465), UDF1 (2467)
UDF1 bets 1017
Qoker calls
River [Ts 9c 5d Js 3c], Qoker (3482), UDF1 (3484)
UDF1 bets 522
Qoker calls
Qoker shows [Ks 5s]
UDF1 shows [4s Qd]
Qoker awarded 4006
UDF1 awarded -4006

Round #205, UDF1 (-34860), Qoker (34860)
UDF1 posts blind: 10
Qoker posts blind: 20
UDF1 received [3s 6s]
Qoker received [3c Ac]
UDF1 calls
Qoker checks
Flop [Jc Jh 4h], UDF1 (20), Qoker (20)
Qoker bids 5
UDF1 bids 11
UDF1 won the auction and was revealed [Ac]
Flop [Jc Jh 4h], UDF1 (25), Qoker (20)
Qoker checks
UDF1 bets 2164
Qoker calls
Turn [Jc Jh 4h As], UDF1 (2189), Qoker (2184)
Qoker checks
UDF1 bets 1086
Qoker calls
River [Jc Jh 4h As Ks], UDF1 (3275), Qoker (3270)
Qoker checks
UDF1 bets 549
Qoker calls
UDF1 shows [3s 6s]
Qoker shows [3c Ac]
UDF1 awarded -3824
Qoker awarded 3824

Round #206, Qoker (38684), UDF1 (-38684)
Qoker posts blind: 10
UDF1 posts blind: 20
Qoker received [8s 5c]
UDF1 received [Qs 4c]
Qoker calls
UDF1 checks
Flop [6d 8d 3d], Qoker (20), UDF1 (20)
UDF1 bids 3
Qoker bids 6
Qoker won the auction and was revealed [4c]
Flop [6d 8d 3d], Qoker (23), UDF1 (20)
UDF1 bets 2403
Qoker raises to 4806
UDF1 calls
Turn [6d 8d 3d Jh], Qoker (4829), UDF1 (4826)
UDF1 bets 94
Qoker raises to 171
UDF1 calls
River [6d 8d 3d Jh Tc], Qoker (5000), UDF1 (4997)
UDF1 checks
Qoker checks
Qoker shows [8s 5c]
UDF1 shows [Qs 4c]
Qoker awarded 4997
UDF1 awarded -4997

Round #207, UDF1 (-43681), Qoker (43681)
UDF1 posts blind: 10
Qoker posts blind: 20
UDF1 received [8c Qs]
Qoker received [8s Ad]
UDF1 raises to 337
Qoker folds
UDF1 awarded 20
Qoker awarded -20

Round #208, Qoker (43661), UDF1 (-43661)
Qoker posts blind: 10
UDF1 posts blind: 20
Qoker received [5s Qs]
UDF1 received [6h Js]
Qoker calls
UDF1 raises to 337
Qoker folds
Qoker awarded -20
UDF1 awarded 20

Round #209, UDF1 (-43641), Qoker (43641)
UDF1 posts blind: 10
Qoker posts blind: 20
UDF1 received [Js Kd]
Qoker received [6c Ac]
UDF1 calls
Qoker checks
Flop [8s 6s 3d], UDF1 (20), Qoker (20)
Qoker bids 5
UDF1 bids 6
UDF1 won the auction and was revealed [6c]
Flop [8s 6s 3d], UDF1 (25), Qoker (20)
Qoker checks
UDF1 bets 2646
Qoker calls
Turn [8s 6s 3d 4h], UDF1 (2671), Qoker (2666)
Qoker checks
UDF1 bets 900
Qoker calls
River [8s 6s 3d 4h Kc], UDF1 (3571), Qoker (3566)
Qoker checks
UDF1 bets 922
Qoker calls
UDF1 shows [Js Kd]
Qoker shows [6c Ac]
UDF1 awarded 4488
Qoker awarded -4488

Round #210, Qoker (39153), UDF1 (-39153)
Qoker posts blind: 10
UDF1 posts blind: 20
Qoker received [5h 3d]
UDF1 received [9d 7c]
Qoker calls
UDF1 checks
Flop [Ac 3h 2h], Qoker (20), UDF1 (20)
UDF1 bids 1
Qoker bids 2
Qoker won the auction and was revealed [7c]
Flop [Ac 3h 2h], Qoker (21), UDF1 (20)
UDF1 bets 2553
Qoker calls
Turn [Ac 3h 2h 6d], Qoker (2574), UDF1 (2573)
UDF1 bets 1230
Qoker calls
River [Ac 3h 2h 6d 4s], Qoker (3804), UDF1 (3803)
UDF1 bets 451
Qoker raises to 1196
UDF1 folds
Qoker awarded 4254
UDF1 awarded -4254

Round #211, UDF1 (-43407), Qoker (43407)
UDF1 posts blind: 10
Qoker posts blind: 20
UDF1 received [3d 2s]
Qoker received [Qh 6d]
UDF1 folds
UDF1 awarded -10
Qoker awarded 10

Round #212, Qoker (43417), UDF1 (-43417)
Qoker posts blind: 10
UDF1 posts blind: 20
Qoker received [9c 4s]
UDF1 received [5s Tc]
Qoker calls
UDF1 checks
Flop [Ks 3s 4d], Qoker (20), UDF1 (20)
UDF1 bids 7
Qoker bids 3
UDF1 won the auction and was revealed [9c]
Flop [Ks 3s 4d], Qoker (20), UDF1 (23)
UDF1 bets 2602
Qoker calls
Turn [Ks 3s 4d Ac], Qoker (2622), UDF1 (2625)
UDF1 bets 1331
Qoker calls
River [Ks 3s 4d Ac 7s], Qoker (3953), UDF1 (3956)
UDF1 bets 484
Qoker calls
Qoker shows [9c 4s]
UDF1 shows [5s Tc]
Qoker awarded 4440
UDF1 awarded -4440

Round #213, UDF1 (-47857), Qoker (47857)
UDF1 posts blind: 10
Qoker posts blind: 20
UDF1 received [2d 3s]
Qoker received [7s 9s]
UDF1 calls
Qoker checks
Flop [Tc As Ac], UDF1 (20), Qoker (20)
Qoker bids 4
UDF1 bids 3
Qoker won the auction and was revealed [2d]
Flop [Tc As Ac], UDF1 (20), Qoker (23)
Qoker bets 32
UDF1 folds
UDF1 awarded -20
Qoker awarded 20

Round #214, Qoker (47877), UDF1 (-47877)
Qoker posts blind: 10
UDF1 posts blind: 20
Qoker received [4d 3c]
UDF1 received [9d Td]
Qoker calls
UDF1 checks
Flop [5c Qc 6d], Qoker (20), UDF1 (20)
UDF1 bids 10
Qoker bids 5
UDF1 won the auction and was revealed [4d]
Flop [5c Qc 6d], Qoker (20), UDF1 (25)
UDF1 bets 2583
Qoker calls
Turn [5c Qc 6d 6h], Qoker (2603), UDF1 (2608)
UDF1 bets 1078
Qoker calls
River [5c Qc 6d 6h Qd], Qoker (3681), UDF1 (3686)
UDF1 bets 686
Qoker calls
Qoker shows [4d 3c]
UDF1 shows [9d Td]
Qoker awarded -4367
UDF1 awarded 4367

Round #215, UDF1 (-43510), Qoker (43510)
UDF1 posts blind: 10
Qoker posts blind: 20
UDF1 received [As 6d]
Qoker received [6s Qd]
UDF1 calls
Qoker checks
Flop [3s 5c 5d], UDF1 (20), Qoker (20)
Qoker bids 1
UDF1 bids 11
UDF1 won the auction and was revealed [6s]
Flop [3s 5c 5d], UDF1 (21), Qoker (20)
Qoker checks
UDF1 bets 2728
Qoker calls
Turn [3s 5c 5d 9h], UDF1 (2749), Qoker (2748)
Qoker checks
UDF1 bets 1399
Qoker calls
River [3s 5c 5d 9h 8d], UDF1 (4148), Qoker (4147)
Qoker checks
UDF1 bets 457
Qoker calls
UDF1 shows [As 6d]
Qoker shows [6s Qd]
UDF1 awarded 4604
Qoker awarded -4604

Round #216, Qoker (38906), UDF1 (-38906)
Qoker posts blind: 10
UDF1 posts blind: 20
Qoker received [3d 2s]
UDF1 received [7d 8c]
Qoker calls
UDF1 raises to 337
Qoker folds
Qoker awarded -20
UDF1 awarded 20

Round #217, UDF1 (-38886), Qoker (38886)
UDF1 posts blind: 10
Qoker posts blind: 20
UDF1 received [3h Jh]
Qoker received [5h Ks]
UDF1 folds
UDF1 awarded -10
Qoker awarded 10

Round #218, Qoker (38896), UDF1 (-38896)
Qoker posts blind: 10
UDF1 posts blind: 20
Qoker received [Th Tc]
UDF1 received [3c 3s]
Qoker raises to 40
UDF1 raises to 1115
Qoker raises to 2190
UDF1 folds
Qoker awarded 1115
UDF1 awarded -1115

Round #219, UDF1 (-40011), Qoker (40011)
UDF1 posts blind: 10
Qoker posts blind: 20
UDF1 received [5d 8c]
Qoker received [Ac Kd]
UDF1 folds
UDF1 awarded -10
Qoker awarded 10

Round #220, Qoker (40021), UDF1 (-40021)
Qoker posts blind: 10
UDF1 posts blind: 20
Qoker received [9h 8c]
UDF1 received [7c 5h]
Qoker calls
UDF1 checks
Flop [4h Th 6d], Qoker (20), UDF1 (20)
UDF1 bids 6
Qoker bids 0
UDF1 won the auction and was revealed [9h]
Flop [4h Th 6d], Qoker (20), UDF1 (20)
UDF1 bets 2682
Qoker folds
Qoker awarded -20
UDF1 awarded 20

Round #221, UDF1 (-40001), Qoker (40001)
UDF1 posts blind: 10
Qoker posts blind: 20
UDF1 received [3d 4s]
Qoker received [4c Jc]
UDF1 folds
UDF1 awarded -10
Qoker awarded 10

Round #222, Qoker (40011), UDF1 (-40011)
Qoker posts blind: 10
UDF1 posts blind: 20
Qoker received [2h 4h]
UDF1 received [Jd Ts]
Qoker calls
UDF1 checks
Flop [Ah 2s 8s], Qoker (20), UDF1 (20)
UDF1 bids 1
Qoker bids 5
Qoker won the auction and was revealed [Jd]
Flop [Ah 2s 8s], Qoker (21), UDF1 (20)
UDF1 bets 2576
Qoker calls
Turn [Ah 2s 8s Tc], Qoker (2597), UDF1 (2596)
UDF1 bets 1474
Qoker calls
River [Ah 2s 8s Tc 9d], Qoker (4071), UDF1 (4070)
UDF1 bets 590
Qoker calls
Qoker shows [2h 4h]
UDF1 shows [Jd Ts]
Qoker awarded -4661
UDF1 awarded 4661

Round #223, UDF1 (-35350), Qoker (35350)
UDF1 posts blind: 10
Qoker posts blind: 20
UDF1 received [Qh 6d]
Qoker received [Tc Ad]
UDF1 folds
UDF1 awarded -10
Qoker awarded 10

Round #224, Qoker (35360), UDF1 (-35360)
Qoker posts blind: 10
UDF1 posts blind: 20
Qoker received [7c 5d]
UDF1 received [Tc 9d]
Qoker calls
UDF1 checks
Flop [Qd 7s Kc], Qoker (20), UDF1 (20)
UDF1 bids 2
Qoker bids 4
Qoker won the auction and was revealed [9d]
Flop [Qd 7s Kc], Qoker (22), UDF1 (20)
UDF1 bets 3005
Qoker calls
Turn [Qd 7s Kc 6d], Qoker (3027), UDF1 (3025)
UDF1 bets 1059
Qoker calls
River [Qd 7s Kc 6d 2c], Qoker (4086), UDF1 (4084)
UDF1 bets 402
Qoker calls
Qoker shows [7c 5d]
UDF1 shows [Tc 9d]
Qoker awarded 4486
UDF1 awarded -4486

Round #225, UDF1 (-39846), Qoker (39846)
UDF1 posts blind: 10
Qoker posts blind: 20
UDF1 received [Qc Qh]
Qoker received [Kh 7h]
UDF1 raises to 4355
Qoker folds
UDF1 awarded 20
Qoker awarded -20

Round #226, Qoker (39826), UDF1 (-39826)
Qoker posts blind: 10
UDF1 posts blind: 20
Qoker received [8s 2h]
UDF1 received [6s Ad]
Qoker calls
UDF1 checks
Flop [Kc 4h 6c], Qoker (20), UDF1 (20)
UDF1 bids 8
Qoker bids 0
UDF1 won the auction and was revealed [2h]
Flop [Kc 4h 6c], Qoker (20), UDF1 (20)
UDF1 bets 3107
Qoker folds
Qoker awarded -20
UDF1 awarded 20

Round #227, UDF1 (-39806), Qoker (39806)
UDF1 posts blind: 10
Qoker posts blind: 20
UDF1 received [6h 3s]
Qoker received [Td Tc]
UDF1 calls
Qoker raises to 40
UDF1 calls
Flop [Qc Ad Ah], UDF1 (40), Qoker (40)
Qoker bids 12
UDF1 bids 7
Qoker won the auction and was revealed [6h]
Flop [Qc Ad Ah], UDF1 (40), Qoker (47)
Qoker bets 60
UDF1 folds
UDF1 awarded -40
Qoker awarded 40

Round #228, Qoker (39846), UDF1 (-39846)
Qoker posts blind: 10
UDF1 posts blind: 20
Qoker received [Kd As]
UDF1 received [2c 6h]
Qoker calls
UDF1 checks
Flop [8c 4c 5h], Qoker (20), UDF1 (20)
UDF1 bids 1
Qoker bids 4
Qoker won the auction and was revealed [6h]
Flop [8c 4c 5h], Qoker (21), UDF1 (20)
UDF1 bets 2850
Qoker folds
Qoker awarded -21
UDF1 awarded 21

Round #229, UDF1 (-39825), Qoker (39825)
UDF1 posts blind: 10
Qoker posts blind: 20
UDF1 received [Kd Jc]
Qoker received [4s 2c]
UDF1 calls
Qoker checks
Flop [9h 3d Kc], UDF1 (20), Qoker (20)
Qoker bids 0
UDF1 bids 10
UDF1 won the auction and was revealed [2c]
Flop [9h 3d Kc], UDF1 (20), Qoker (20)
Qoker checks
UDF1 bets 3727
Qoker folds
UDF1 awarded 20
Qoker awarded -20

Round #230, Qoker (39805), UDF1 (-39805)
Qoker posts blind: 10
UDF1 posts blind: 20
Qoker received [4h 8d]
UDF1 received [Ah Kc]
Qoker calls
UDF1 raises to 4717
Qoker folds
Qoker awarded -20
UDF1 awarded 20

Round #231, UDF1 (-39785), Qoker (39785)
UDF1 posts blind: 10
Qoker posts blind: 20
UDF1 received [Qs Td]
Qoker received [2c Jd]
UDF1 folds
UDF1 awarded -10
Qoker awarded 10

Round #232, Qoker (39795), UDF1 (-39795)
Qoker posts blind: 10
UDF1 posts blind: 20
Qoker received [2c 6h]
UDF1 received [3c Tc]
Qoker calls
UDF1 checks
Flop [Ks Jh 2d], Qoker (20), UDF1 (20)
UDF1 bids 9
Qoker bids 4
UDF1 won the auction and was revealed [2c]
Flop [Ks Jh 2d], Qoker (20), UDF1 (24)
UDF1 bets 2233
Qoker calls
Turn [Ks Jh 2d 5h], Qoker (2253), UDF1 (2257)
UDF1 bets 1367
Qoker calls
River [Ks Jh 2d 5h 3h], Qoker (3620), UDF1 (3624)
UDF1 bets 795
Qoker calls
Qoker shows [2c 6h]
UDF1 shows [3c Tc]
Qoker awarded -4415
UDF1 awarded 4415

Round #233, UDF1 (-35380), Qoker (35380)
UDF1 posts blind: 10
Qoker posts blind: 20
UDF1 received [Ac Th]
Qoker received [2s Jc]
UDF1 calls
Qoker checks
Flop [7h 7d 9c], UDF1 (20), Qoker (20)
Qoker bids 3
UDF1 bids 0
Qoker won the auction and was revealed [Th]
Flop [7h 7d 9c], UDF1 (20), Qoker (20)
Qoker checks
UDF1 bets 2351
Qoker calls
Turn [7h 7d 9c Ah], UDF1 (2371), Qoker (2371)
Qoker checks
UDF1 bets 1647
Qoker calls
River [7h 7d 9c Ah 8d], UDF1 (4018), Qoker (4018)
Qoker checks
UDF1 bets 553
Qoker calls
UDF1 shows [Ac Th]
Qoker shows [2s Jc]
UDF1 awarded 4571
Qoker awarded -4571

Round #234, Qoker (30809), UDF1 (-30809)
Qoker posts blind: 10
UDF1 posts blind: 20
Qoker received [Th 2c]
UDF1 received [5d Qh]
Qoker calls
UDF1 checks
Flop [8s 3c Jh], Qoker (20), UDF1 (20)
UDF1 bids 1
Qoker bids 0
UDF1 won the auction and was revealed [2c]
Flop [8s 3c Jh], Qoker (20), UDF1 (20)
UDF1 bets 2760
Qoker folds
Qoker awarded -20
UDF1 awarded 20

Round #235, UDF1 (-30789), Qoker (30789)
UDF1 posts blind: 10
Qoker posts blind: 20
UDF1 received [Ks 6h]
Qoker received [9s Kd]
UDF1 folds
UDF1 awarded -10
Qoker awarded 10

Round #236, Qoker (30799), UDF1 (-30799)
Qoker posts blind: 10
UDF1 posts blind: 20
Qoker received [8s Qh]
UDF1 received [6h Ts]
Qoker calls
UDF1 checks
Flop [Qc Td 5h], Qoker (20), UDF1 (20)
UDF1 bids 5
Qoker bids 7
Qoker won the auction and was revealed [6h]
Flop [Qc Td 5h], Qoker (25), UDF1 (20)
UDF1 bets 3375
Qoker raises to 4975
UDF1 calls
Turn [Qc Td 5h 8h], Qoker (5000), UDF1 (4995)
UDF1 checks
Qoker checks
River [Qc Td 5h 8h Ac], Qoker (5000), UDF1 (4995)
UDF1 checks
Qoker checks
Qoker shows [8s Qh]
UDF1 shows [6h Ts]
Qoker awarded 4995
UDF1 awarded -4995

Round #237, UDF1 (-35794), Qoker (35794)
UDF1 posts blind: 10
Qoker posts blind: 20
UDF1 received [6c 8d]
Qoker received [4s 8h]
UDF1 raises to 337
Qoker folds
UDF1 awarded 20
Qoker awarded -20

Round #238, Qoker (35774), UDF1 (-35774)
Qoker posts blind: 10
UDF1 posts blind: 20
Qoker received [Qh 5h]
UDF1 received [2c Qd]
Qoker calls
UDF1 checks
Flop [Kc Tc 7c], Qoker (20), UDF1 (20)
UDF1 bids 3
Qoker bids 0
UDF1 won the auction and was revealed [5h]
Flop [Kc Tc 7c], Qoker (20), UDF1 (20)
UDF1 bets 2900
Qoker folds
Qoker awarded -20
UDF1 awarded 20

Round #239, UDF1 (-35754), Qoker (35754)
UDF1 posts blind: 10
Qoker posts blind: 20
UDF1 received [Qh 8d]
Qoker received [As Td]
UDF1 calls
Qoker checks
Flop [Kh 8h 6h], UDF1 (20), Qoker (20)
Qoker bids 2
UDF1 bids 0
Qoker won the auction and was revealed [Qh]
Flop [Kh 8h 6h], UDF1 (20), Qoker (20)
Qoker checks
UDF1 bets 2922
Qoker folds
UDF1 awarded 20
Qoker awarded -20

Round #240, Qoker (35734), UDF1 (-35734)
Qoker posts blind: 10
UDF1 posts blind: 20
Qoker received [Qd 5h]
UDF1 received [3d 2c]
Qoker calls
UDF1 checks
Flop [4h 7c Kc], Qoker (20), UDF1 (20)
UDF1 bids 3
Qoker bids 0
UDF1 won the auction and was revealed [5h]
Flop [4h 7c Kc], Qoker (20), UDF1 (20)
UDF1 bets 2204
Qoker folds
Qoker awarded -20
UDF1 awarded 20

Round #241, UDF1 (-35714), Qoker (35714)
UDF1 posts blind: 10
Qoker posts blind: 20
UDF1 received [Kh 5c]
Qoker received [9d 7d]
UDF1 folds
UDF1 awarded -10
Qoker awarded 10

Round #242, Qoker (35724), UDF1 (-35724)
Qoker posts blind: 10
UDF1 posts blind: 20
Qoker received [Jd 6s]
UDF1 received [4s 8s]
Qoker calls
UDF1 checks
Flop [Qs Kd 8c], Qoker (20), UDF1 (20)
UDF1 bids 0
Qoker bids 0
Qoker won the auction and was revealed [8s]
UDF1 won the auction and was revealed [Jd]
Flop [Qs Kd 8c], Qoker (20), UDF1 (20)
UDF1 bets 3016
Qoker folds
Qoker awarded -20
UDF1 awarded 20

Round #243, UDF1 (-35704), Qoker (35704)
UDF1 posts blind: 10
Qoker posts blind: 20
UDF1 received [Ah Jh]
Qoker received [9s Qc]
UDF1 raises to 3792
Qoker folds
UDF1 awarded 20
Qoker awarded -20

Round #244, Qoker (35684), UDF1 (-35684)
Qoker posts blind: 10
UDF1 posts blind: 20
Qoker received [Kc Th]
UDF1 received [7s Jh]
Qoker calls
UDF1 checks
Flop [7h 7d 2h], Qoker (20), UDF1 (20)
UDF1 bids 6
Qoker bids 3
UDF1 won the auction and was revealed [Kc]
Flop [7h 7d 2h], Qoker (20), UDF1 (23)
UDF1 bets 3310
Qoker calls
Turn [7h 7d 2h Qd], Qoker (3330), UDF1 (3333)
UDF1 bets 1097
Qoker calls
River [7h 7d 2h Qd 4d], Qoker (4427), UDF1 (4430)
UDF1 bets 359
Qoker calls
Qoker shows [Kc Th]
UDF1 shows [7s Jh]
Qoker awarded -4786
UDF1 awarded 4786

Round #245, UDF1 (-30898), Qoker (30898)
UDF1 posts blind: 10
Qoker posts blind: 20
UDF1 received [Th 2s]
Qoker received [4c Qd]
UDF1 raises to 337
Qoker folds
UDF1 awarded 20
Qoker awarded -20

Round #246, Qoker (30878), UDF1 (-30878)
Qoker posts blind: 10
UDF1 posts blind: 20
Qoker received [6h Ah]
UDF1 received [9h 5s]
Qoker calls
UDF1 checks
Flop [6c 7d 5c], Qoker (20), UDF1 (20)
UDF1 bids 9
Qoker bids 3
UDF1 won the auction and was revealed [Ah]
Flop [6c 7d 5c], Qoker (20), UDF1 (23)
UDF1 bets 2779
Qoker calls
Turn [6c 7d 5c Ks], Qoker (2799), UDF1 (2802)
UDF1 bets 1349
Qoker calls
River [6c 7d 5c Ks Kd], Qoker (4148), UDF1 (4151)
UDF1 bets 463
Qoker calls
Qoker shows [6h Ah]
UDF1 shows [9h 5s]
Qoker awarded 4614
UDF1 awarded -4614

Round #247, UDF1 (-35492), Qoker (35492)
UDF1 posts blind: 10
Qoker posts blind: 20
UDF1 received [6c As]
Qoker received [Td 4d]
UDF1 calls
Qoker checks
Flop [3d Ks Jd], UDF1 (20), Qoker (20)
Qoker bids 3
UDF1 bids 0
Qoker won the auction and was revealed [As]
Flop [3d Ks Jd], UDF1 (20), Qoker (20)
Qoker checks
UDF1 bets 2967
Qoker folds
UDF1 awarded 20
Qoker awarded -20

Round #248, Qoker (35472), UDF1 (-35472)
Qoker posts blind: 10
UDF1 posts blind: 20
Qoker received [Qd Js]
UDF1 received [7s 2s]
Qoker calls
UDF1 raises to 337
Qoker calls
Flop [2h Jd 4c], Qoker (337), UDF1 (337)
UDF1 bids 4
Qoker bids 120
Qoker won the auction and was revealed [2s]
Flop [2h Jd 4c], Qoker (341), UDF1 (337)
UDF1 bets 3031
Qoker calls
Turn [2h Jd 4c 9d], Qoker (3372), UDF1 (3368)
UDF1 bets 943
Qoker calls
River [2h Jd 4c 9d Td], Qoker (4315), UDF1 (4311)
UDF1 bets 302
Qoker calls
Qoker shows [Qd Js]
UDF1 shows [7s 2s]
Qoker awarded 4613
UDF1 awarded -4613

Round #249, UDF1 (-40085), Qoker (40085)
UDF1 posts blind: 10
Qoker posts blind: 20
UDF1 received [9d 2h]
Qoker received [Ks Kd]
UDF1 folds
UDF1 awarded -10
Qoker awarded 10

Round #250, Qoker (40095), UDF1 (-40095)
Qoker posts blind: 10
UDF1 posts blind: 20
Qoker received [5s 3d]
UDF1 received [Kh 3s]
Qoker calls
UDF1 checks
Flop [2h Qs As], Qoker (20), UDF1 (20)
UDF1 bids 4
Qoker bids 4
Qoker won the auction and was revealed [3s]
UDF1 won the auction and was revealed [5s]
Flop [2h Qs As], Qoker (24), UDF1 (24)
UDF1 bets 2968
Qoker folds
Qoker awarded -24
UDF1 awarded 24

Round #251, UDF1 (-40071), Qoker (40071)
UDF1 posts blind: 10
Qoker posts blind: 20
UDF1 received [4c 9h]
Qoker received [Js 2s]
UDF1 folds
UDF1 awarded -10
Qoker awarded 10

Round #252, Qoker (40081), UDF1 (-40081)
Qoker posts blind: 10
UDF1 posts blind: 20
Qoker received [Tc Th]
UDF1 received [6c 9c]
Qoker raises to 40
UDF1 raises to 356
Qoker raises to 672
UDF1 folds
Qoker awarded 356
UDF1 awarded -356

Round #253, UDF1 (-40437), Qoker (40437)
UDF1 posts blind: 10
Qoker posts blind: 20
UDF1 received [3d 7d]
Qoker received [5d Ks]
UDF1 folds
UDF1 awarded -10
Qoker awarded 10

Round #254, Qoker (40447), UDF1 (-40447)
Qoker posts blind: 10
UDF1 posts blind: 20
Qoker received [Th Kc]
UDF1 received [6c 2s]
Qoker calls
UDF1 raises to 337
Qoker calls
Flop [4h 9h 5c], Qoker (337), UDF1 (337)
UDF1 bids 1
Qoker bids 0
UDF1 won the auction and was revealed [Kc]
Flop [4h 9h 5c], Qoker (337), UDF1 (337)
UDF1 bets 2553
Qoker calls
Turn [4h 9h 5c 9d], Qoker (2890), UDF1 (2890)
UDF1 bets 772
Qoker calls
River [4h 9h 5c 9d 3h], Qoker (3662), UDF1 (3662)
UDF1 bets 745
Qoker calls
Qoker shows [Th Kc]
UDF1 shows [6c 2s]
Qoker awarded -4407
UDF1 awarded 4407

Round #255, UDF1 (-36040), Qoker (36040)
UDF1 posts blind: 10
Qoker posts blind: 20
UDF1 received [Jc 7c]
Qoker received [Ad Ks]
UDF1 raises to 337
Qoker calls
Flop [Ah 5s 6d], UDF1 (337), Qoker (337)
Qoker bids 79
UDF1 bids 7
Qoker won the auction and was revealed [7c]
Flop [Ah 5s 6d], UDF1 (337), Qoker (344)
Qoker bets 463
UDF1 calls
Turn [Ah 5s 6d Ac], UDF1 (800), Qoker (807)
Qoker bets 1338
UDF1 folds
UDF1 awarded -800
Qoker awarded 800

Round #256, Qoker (36840), UDF1 (-36840)
Qoker posts blind: 10
UDF1 posts blind: 20
Qoker received [Qd 4d]
UDF1 received [Jd 6c]
Qoker calls
UDF1 checks
Flop [Qs 8c 3d], Qoker (20), UDF1 (20)
UDF1 bids 0
Qoker bids 8
Qoker won the auction and was revealed [Jd]
Flop [Qs 8c 3d], Qoker (20), UDF1 (20)
UDF1 bets 2402
Qoker calls
Turn [Qs 8c 3d 7s], Qoker (2422), UDF1 (2422)
UDF1 bets 1401
Qoker calls
River [Qs 8c 3d 7s 2d], Qoker (3823), UDF1 (3823)
UDF1 bets 478
Qoker calls
Qoker shows [Qd 4d]
UDF1 shows [Jd 6c]
Qoker awarded 4301
UDF1 awarded -4301

Round #257, UDF1 (-41141), Qoker (41141)
UDF1 posts blind: 10
Qoker posts blind: 20
UDF1 received [2s As]
Qoker received [Kh 4h]
UDF1 folds
UDF1 awarded -10
Qoker awarded 10

Round #258, Qoker (41151), UDF1 (-41151)
Qoker posts blind: 10
UDF1 posts blind: 20
Qoker received [Ac Kc]
UDF1 received [9c Ks]
Qoker calls
UDF1 checks
Flop [Qs 9h 4s], Qoker (20), UDF1 (20)
UDF1 bids 11
Qoker bids 4
UDF1 won the auction and was revealed [Kc]
Flop [Qs 9h 4s], Qoker (20), UDF1 (24)
UDF1 bets 3158
Qoker folds
Qoker awarded -20
UDF1 awarded 20

Round #259, UDF1 (-41131), Qoker (41131)
UDF1 posts blind: 10
Qoker posts blind: 20
UDF1 received [9c 9s]
Qoker received [Ac 9h]
UDF1 raises to 3653
Qoker folds
UDF1 awarded 20
Qoker awarded -20

Round #260, Qoker (41111), UDF1 (-41111)
Qoker posts blind: 10
UDF1 posts blind: 20
Qoker received [4c Kh]
UDF1 received [Td Tc]
Qoker calls
UDF1 raises to 3656
Qoker folds
Qoker awarded -20
UDF1 awarded 20

Round #261, UDF1 (-41091), Qoker (41091)
UDF1 posts blind: 10
Qoker posts blind: 20
UDF1 received [5d Kh]
Qoker received [2c 9c]
UDF1 calls
Qoker checks
Flop [4h 9h 8s], UDF1 (20), Qoker (20)
Qoker bids 5
UDF1 bids 3
Qoker won the auction and was revealed [5d]
Flop [4h 9h 8s], UDF1 (20), Qoker (23)
Qoker bets 29
UDF1 calls
Turn [4h 9h 8s 9s], UDF1 (49), Qoker (52)
Qoker bets 79
UDF1 calls
River [4h 9h 8s 9s 8h], UDF1 (128), Qoker (131)
Qoker bets 208
UDF1 calls
UDF1 shows [5d Kh]
Qoker shows [2c 9c]
UDF1 awarded -336
Qoker awarded 336

Round #262, Qoker (41427), UDF1 (-41427)
Qoker posts blind: 10
UDF1 posts blind: 20
Qoker received [Ks 6s]
UDF1 received [Kc 8d]
Qoker calls
UDF1 checks
Flop [9c 4s 2d], Qoker (20), UDF1 (20)
UDF1 bids 5
Qoker bids 0
UDF1 won the auction and was revealed [Ks]
Flop [9c 4s 2d], Qoker (20), UDF1 (20)
UDF1 bets 2353
Qoker folds
Qoker awarded -20
UDF1 awarded 20

Round #263, UDF1 (-41407), Qoker (41407)
UDF1 posts blind: 10
Qoker posts blind: 20
UDF1 received [6s Kc]
Qoker received [Kh 5s]
UDF1 folds
UDF1 awarded -10
Qoker awarded 10

Round #264, Qoker (41417), UDF1 (-41417)
Qoker posts blind: 10
UDF1 posts blind: 20
Qoker received [8s 8d]
UDF1 received [8h 4h]
Qoker calls
UDF1 checks
Flop [Kh 2c 2s], Qoker (20), UDF1 (20)
UDF1 bids 3
Qoker bids 7
Qoker won the auction and was revealed [8h]
Flop [Kh 2c 2s], Qoker (23), UDF1 (20)
UDF1 bets 2564
Qoker calls
Turn [Kh 2c 2s 5s], Qoker (2587), UDF1 (2584)
UDF1 bets 1183
Qoker calls
River [Kh 2c 2s 5s 4s], Qoker (3770), UDF1 (3767)
UDF1 bets 528
Qoker calls
Qoker shows [8s 8d]
UDF1 shows [8h 4h]
Qoker awarded 4295
UDF1 awarded -4295

Round #265, UDF1 (-45712), Qoker (45712)
UDF1 posts blind: 10
Qoker posts blind: 20
UDF1 received [7s 9h]
Qoker received [4c Ts]
UDF1 folds
UDF1 awarded -10
Qoker awarded 10

Round #266, Qoker (45722), UDF1 (-45722)
Qoker posts blind: 10
UDF1 posts blind: 20
Qoker received [Qs 9s]
UDF1 received [4s Jc]
Qoker calls
UDF1 checks
Flop [7d 5s 6s], Qoker (20), UDF1 (20)
UDF1 bids 1
Qoker bids 5
Qoker won the auction and was revealed [Jc]
Flop [7d 5s 6s], Qoker (21), UDF1 (20)
UDF1 bets 2357
Qoker calls
Turn [7d 5s 6s Ts], Qoker (2378), UDF1 (2377)
UDF1 bets 1254
Qoker raises to 2622
UDF1 calls
River [7d 5s 6s Ts 2s], Qoker (5000), UDF1 (4999)
UDF1 checks
Qoker checks
Qoker shows [Qs 9s]
UDF1 shows [4s Jc]
Qoker awarded 4999
UDF1 awarded -4999

Round #267, UDF1 (-50721), Qoker (50721)
UDF1 posts blind: 10
Qoker posts blind: 20
UDF1 received [4c Jd]
Qoker received [Td 3h]
UDF1 folds
UDF1 awarded -10
Qoker awarded 10

Round #268, Qoker (50731), UDF1 (-50731)
Qoker posts blind: 10
UDF1 posts blind: 20
Qoker received [2s Tc]
UDF1 received [9d 5c]
Qoker calls
UDF1 checks
Flop [Td 9s Qh], Qoker (20), UDF1 (20)
UDF1 bids 2
Qoker bids 5
Qoker won the auction and was revealed [5c]
Flop [Td 9s Qh], Qoker (22), UDF1 (20)
UDF1 bets 2749
Qoker calls
Turn [Td 9s Qh Kh], Qoker (2771), UDF1 (2769)
UDF1 bets 1199
Qoker calls
River [Td 9s Qh Kh 7c], Qoker (3970), UDF1 (3968)
UDF1 bets 492
Qoker calls
Qoker shows [2s Tc]
UDF1 shows [9d 5c]
Qoker awarded 4460
UDF1 awarded -4460

Round #269, UDF1 (-55191), Qoker (55191)
UDF1 posts blind: 10
Qoker posts blind: 20
UDF1 received [3h Js]
Qoker received [8h Jd]
UDF1 folds
UDF1 awarded -10
Qoker awarded 10

Round #270, Qoker (55201), UDF1 (-55201)
Qoker posts blind: 10
UDF1 posts blind: 20
Qoker received [3s 2d]
UDF1 received [Qh Ah]
Qoker calls
UDF1 raises to 4592
Qoker folds
Qoker awarded -20
UDF1 awarded 20

Round #271, UDF1 (-55181), Qoker (55181)
UDF1 posts blind: 10
Qoker posts blind: 20
UDF1 received [6c Ks]
Qoker received [7d Kc]
UDF1 folds
UDF1 awarded -10
Qoker awarded 10

Round #272, Qoker (55191), UDF1 (-55191)
Qoker posts blind: 10
UDF1 posts blind: 20
Qoker received [4d Qc]
UDF1 received [7h 9s]
Qoker calls
UDF1 checks
Flop [8c 5s Ad], Qoker (20), UDF1 (20)
UDF1 bids 0
Qoker bids 2
Qoker won the auction and was revealed [9s]
Flop [8c 5s Ad], Qoker (20), UDF1 (20)
UDF1 bets 2884
Qoker folds
Qoker awarded -20
UDF1 awarded 20

Round #273, UDF1 (-55171), Qoker (55171)
UDF1 posts blind: 10
Qoker posts blind: 20
UDF1 received [2d 3c]
Qoker received [4c Tc]
UDF1 folds
UDF1 awarded -10
Qoker awarded 10

Round #274, Qoker (55181), UDF1 (-55181)
Qoker posts blind: 10
UDF1 posts blind: 20
Qoker received [As 8d]
UDF1 received [Ks 8h]
Qoker calls
UDF1 checks
Flop [Jc 2h 6c], Qoker (20), UDF1 (20)
UDF1 bids 12
Qoker bids 5
UDF1 won the auction and was revealed [8d]
Flop [Jc 2h 6c], Qoker (20), UDF1 (25)
UDF1 bets 3073
Qoker folds
Qoker awarded -20
UDF1 awarded 20

Round #275, UDF1 (-55161), Qoker (55161)
UDF1 posts blind: 10
Qoker posts blind: 20
UDF1 received [8s 4c]
Qoker received [Tc 9d]
UDF1 folds
UDF1 awarded -10
Qoker awarded 10

Round #276, Qoker (55171), UDF1 (-55171)
Qoker posts blind: 10
UDF1 posts blind: 20
Qoker received [Td Jh]
UDF1 received [Qs 3c]
Qoker calls
UDF1 raises to 337
Qoker calls
Flop [Kh Qh 2h], Qoker (337), UDF1 (337)
UDF1 bids 4
Qoker bids 58
Qoker won the auction and was revealed [Qs]
Flop [Kh Qh 2h], Qoker (341), UDF1 (337)
UDF1 bets 2536
Qoker calls
Turn [Kh Qh 2h 4d], Qoker (2877), UDF1 (2873)
UDF1 bets 1225
Qoker calls
River [Kh Qh 2h 4d 8s], Qoker (4102), UDF1 (4098)
UDF1 bets 545
Qoker calls
Qoker shows [Td Jh]
UDF1 shows [Qs 3c]
Qoker awarded -4647
UDF1 awarded 4647

Round #277, UDF1 (-50524), Qoker (50524)
UDF1 posts blind: 10
Qoker posts blind: 20
UDF1 received [7h Js]
Qoker received [6s Kd]
UDF1 calls
Qoker checks
Flop [4s 3c 5h], UDF1 (20), Qoker (20)
Qoker bids 2
UDF1 bids 0
Qoker won the auction and was revealed [Js]
Flop [4s 3c 5h], UDF1 (20), Qoker (20)
Qoker checks
UDF1 bets 2505
Qoker calls
Turn [4s 3c 5h 3h], UDF1 (2525), Qoker (2525)
Qoker checks
UDF1 bets 1243
Qoker calls
River [4s 3c 5h 3h Qd], UDF1 (3768), Qoker (3768)
Qoker checks
UDF1 bets 488
Qoker calls
UDF1 shows [7h Js]
Qoker shows [6s Kd]
UDF1 awarded -4256
Qoker awarded 4256

Round #278, Qoker (54780), UDF1 (-54780)
Qoker posts blind: 10
UDF1 posts blind: 20
Qoker received [8h Ac]
UDF1 received [5c Qd]
Qoker calls
UDF1 checks
Flop [7c 4h 2s], Qoker (20), UDF1 (20)
UDF1 bids 11
Qoker bids 2
UDF1 won the auction and was revealed [8h]
Flop [7c 4h 2s], Qoker (20), UDF1 (22)
UDF1 bets 2996
Qoker folds
Qoker awarded -20
UDF1 awarded 20

Round #279, UDF1 (-54760), Qoker (54760)
UDF1 posts blind: 10
Qoker posts blind: 20
UDF1 received [5c 8s]
Qoker received [7d Qs]
UDF1 calls
Qoker checks
Flop [5s 7s Qc], UDF1 (20), Qoker (20)
Qoker bids 5
UDF1 bids 2
Qoker won the auction and was revealed [5c]
Flop [5s 7s Qc], UDF1 (20), Qoker (22)
Qoker bets 29
UDF1 raises to 3262
Qoker raises to 4978
UDF1 calls
Turn [5s 7s Qc 9h], UDF1 (4998), Qoker (5000)
Qoker checks
UDF1 checks
River [5s 7s Qc 9h 4d], UDF1 (4998), Qoker (5000)
Qoker checks
UDF1 checks
UDF1 shows [5c 8s]
Qoker shows [7d Qs]
UDF1 awarded -4998
Qoker awarded 4998

Round #280, Qoker (59758), UDF1 (-59758)
Qoker posts blind: 10
UDF1 posts blind: 20
Qoker received [Kh Qs]
UDF1 received [2d 4d]
Qoker calls
UDF1 checks
Flop [8s 5c 5h], Qoker (20), UDF1 (20)
UDF1 bids 7
Qoker bids 5
UDF1 won the auction and was revealed [Kh]
Flop [8s 5c 5h], Qoker (20), UDF1 (25)
UDF1 bets 2256
Qoker calls
Turn [8s 5c 5h 6h], Qoker (2276), UDF1 (2281)
UDF1 bets 1137
Qoker calls
River [8s 5c 5h 6h Ad], Qoker (3413), UDF1 (3418)
UDF1 bets 558
Qoker calls
Qoker shows [Kh Qs]
UDF1 shows [2d 4d]
Qoker awarded 3976
UDF1 awarded -3976

Round #281, UDF1 (-63734), Qoker (63734)
UDF1 posts blind: 10
Qoker posts blind: 20
UDF1 received [5h 9d]
Qoker received [Qs 2s]
UDF1 raises to 337
Qoker folds
UDF1 awarded 20
Qoker awarded -20

Round #282, Qoker (63714), UDF1 (-63714)
Qoker posts blind: 10
UDF1 posts blind: 20
Qoker received [Jh 6h]
UDF1 received [Ah 4h]
Qoker calls
UDF1 checks
Flop [Kd Ad Jc], Qoker (20), UDF1 (20)
UDF1 bids 3
Qoker bids 4
Qoker won the auction and was revealed [Ah]
Flop [Kd Ad Jc], Qoker (23), UDF1 (20)
UDF1 bets 3321
Qoker calls
Turn [Kd Ad Jc 3s], Qoker (3344), UDF1 (3341)
UDF1 bets 1121
Qoker calls
River [Kd Ad Jc 3s Js], Qoker (4465), UDF1 (4462)
UDF1 bets 322
Qoker calls
Qoker shows [Jh 6h]
UDF1 shows [Ah 4h]
Qoker awarded 4784
UDF1 awarded -4784

Round #283, UDF1 (-68498), Qoker (68498)
UDF1 posts blind: 10
Qoker posts blind: 20
UDF1 received [8c 7c]
Qoker received [9c 9d]
UDF1 calls
Qoker raises to 40
UDF1 raises to 1120
Qoker raises to 2200
UDF1 folds
UDF1 awarded -1120
Qoker awarded 1120

Round #284, Qoker (69618), UDF1 (-69618)
Qoker posts blind: 10
UDF1 posts blind: 20
Qoker received [Jc 2h]
UDF1 received [5d As]
Qoker calls
UDF1 checks
Flop [Ac Tc Kd], Qoker (20), UDF1 (20)
UDF1 bids 1
Qoker bids 2
Qoker won the auction and was revealed [5d]
Flop [Ac Tc Kd], Qoker (21), UDF1 (20)
UDF1 bets 3302
Qoker folds
Qoker awarded -21
UDF1 awarded 21

Round #285, UDF1 (-69597), Qoker (69597)
UDF1 posts blind: 10
Qoker posts blind: 20
UDF1 received [9d Ac]
Qoker received [6d 5c]
UDF1 folds
UDF1 awarded -10
Qoker awarded 10

Round #286, Qoker (69607), UDF1 (-69607)
Qoker posts blind: 10
UDF1 posts blind: 20
Qoker received [7s 9h]
UDF1 received [8h Qc]
Qoker calls
UDF1 checks
Flop [6c 2d Th], Qoker (20), UDF1 (20)
UDF1 bids 10
Qoker bids 0
UDF1 won the auction and was revealed [9h]
Flop [6c 2d Th], Qoker (20), UDF1 (20)
UDF1 bets 2701
Qoker folds
Qoker awarded -20
UDF1 awarded 20

Round #287, UDF1 (-69587), Qoker (69587)
UDF1 posts blind: 10
Qoker posts blind: 20
UDF1 received [Ts 5c]
Qoker received [7d 5d]
UDF1 folds
UDF1 awarded -10
Qoker awarded 10

Round #288, Qoker (69597), UDF1 (-69597)
Qoker posts blind: 10
UDF1 posts blind: 20
Qoker received [8c Qc]
UDF1 received [Ts 9h]
Qoker calls
UDF1 checks
Flop [As 2c Jh], Qoker (20), UDF1 (20)
UDF1 bids 1
Qoker bids 4
Qoker won the auction and was revealed [Ts]
Flop [As 2c Jh], Qoker (21), UDF1 (20)
UDF1 bets 2600
Qoker folds
Qoker awarded -21
UDF1 awarded 21

Round #289, UDF1 (-69576), Qoker (69576)
UDF1 posts blind: 10
Qoker posts blind: 20
UDF1 received [8d Kc]
Qoker received [6c 7h]
UDF1 calls
Qoker checks
Flop [2d Ts 9c], UDF1 (20), Qoker (20)
Qoker bids 0
UDF1 bids 12
UDF1 won the auction and was revealed [7h]
Flop [2d Ts 9c], UDF1 (20), Qoker (20)
Qoker checks
UDF1 bets 2949
Qoker folds
UDF1 awarded 20
Qoker awarded -20

Round #290, Qoker (69556), UDF1 (-69556)
Qoker posts blind: 10
UDF1 posts blind: 20
Qoker received [4d 2s]
UDF1 received [Tc 7h]
Qoker calls
UDF1 checks
Flop [6d 2h 9s], Qoker (20), UDF1 (20)
UDF1 bids 8
Qoker bids 4
UDF1 won the auction and was revealed [4d]
Flop [6d 2h 9s], Qoker (20), UDF1 (24)
UDF1 bets 3145
Qoker calls
Turn [6d 2h 9s 7s], Qoker (3165), UDF1 (3169)
UDF1 bets 1232
Qoker calls
River [6d 2h 9s 7s Qd], Qoker (4397), UDF1 (4401)
UDF1 bets 392
Qoker calls
Qoker shows [4d 2s]
UDF1 shows [Tc 7h]
Qoker awarded -4789
UDF1 awarded 4789

Round #291, UDF1 (-64767), Qoker (64767)
UDF1 posts blind: 10
Qoker posts blind: 20
UDF1 received [8s 5s]
Qoker received [8c 7s]
UDF1 calls
Qoker checks
Flop [4c Td Ks], UDF1 (20), Qoker (20)
Qoker bids 0
UDF1 bids 5
UDF1 won the auction and was revealed [7s]
Flop [4c Td Ks], UDF1 (20), Qoker (20)
Qoker checks
UDF1 bets 2568
Qoker folds
UDF1 awarded 20
Qoker awarded -20

Round #292, Qoker (64747), UDF1 (-64747)
Qoker posts blind: 10
UDF1 posts blind: 20
Qoker received [Jd 3s]
UDF1 received [Th Kc]
Qoker calls
UDF1 checks
Flop [Qd 8c 9s], Qoker (20), UDF1 (20)
UDF1 bids 1
Qoker bids 0
UDF1 won the auction and was revealed [Jd]
Flop [Qd 8c 9s], Qoker (20), UDF1 (20)
UDF1 bets 2693
Qoker folds
Qoker awarded -20
UDF1 awarded 20

Round #293, UDF1 (-64727), Qoker (64727)
UDF1 posts blind: 10
Qoker posts blind: 20
UDF1 received [9s 2h]
Qoker received [5s 8c]
UDF1 calls
Qoker checks
Flop [9c Ts 6d], UDF1 (20), Qoker (20)
Qoker bids 0
UDF1 bids 4
UDF1 won the auction and was revealed [5s]
Flop [9c Ts 6d], UDF1 (20), Qoker (20)
Qoker checks
UDF1 bets 3384
Qoker folds
UDF1 awarded 20
Qoker awarded -20

Round #294, Qoker (64707), UDF1 (-64707)
Qoker posts blind: 10
UDF1 posts blind: 20
Qoker received [6s 9h]
UDF1 received [5h 2c]
Qoker calls
UDF1 checks
Flop [Ks Jd 2h], Qoker (20), UDF1 (20)
UDF1 bids 11
Qoker bids 0
UDF1 won the auction and was revealed [6s]
Flop [Ks Jd 2h], Qoker (20), UDF1 (20)
UDF1 bets 3233
Qoker folds
Qoker awarded -20
UDF1 awarded 20

Round #295, UDF1 (-64687), Qoker (64687)
UDF1 posts blind: 10
Qoker posts blind: 20
UDF1 received [Ah 6h]
Qoker received [6c 7h]
UDF1 folds
UDF1 awarded -10
Qoker awarded 10

Round #296, Qoker (64697), UDF1 (-64697)
Qoker posts blind: 10
UDF1 posts blind: 20
Qoker received [Qh 7h]
UDF1 received [2c 8s]
Qoker calls
UDF1 checks
Flop [Ks Js 6s], Qoker (20), UDF1 (20)
UDF1 bids 8
Qoker bids 0
UDF1 won the auction and was revealed [Qh]
Flop [Ks Js 6s], Qoker (20), UDF1 (20)
UDF1 bets 2332
Qoker folds
Qoker awarded -20
UDF1 awarded 20

Round #297, UDF1 (-64677), Qoker (64677)
UDF1 posts blind: 10
Qoker posts blind: 20
UDF1 received [8c 3s]
Qoker received [8s 7d]
UDF1 folds
UDF1 awarded -10
Qoker awarded 10

Round #298, Qoker (64687), UDF1 (-64687)
Qoker posts blind: 10
UDF1 posts blind: 20
Qoker received [Ts 9s]
UDF1 received [Kd Js]
Qoker calls
UDF1 checks
Flop [Kh 8c Qd], Qoker (20), UDF1 (20)
UDF1 bids 0
Qoker bids 0
Qoker won the auction and was revealed [Kd]
UDF1 won the auction and was revealed [Ts]
Flop [Kh 8c Qd], Qoker (20), UDF1 (20)
UDF1 bets 3735
Qoker folds
Qoker awarded -20
UDF1 awarded 20

Round #299, UDF1 (-64667), Qoker (64667)
UDF1 posts blind: 10
Qoker posts blind: 20
UDF1 received [6s 6d]
Qoker received [Qh 7d]
UDF1 raises to 1240
Qoker folds
UDF1 awarded 20
Qoker awarded -20

Round #300, Qoker (64647), UDF1 (-64647)
Qoker posts blind: 10
UDF1 posts blind: 20
Qoker received [5d Kd]
UDF1 received [3h 2c]
Qoker calls
UDF1 checks
Flop [7s Js Jh], Qoker (20), UDF1 (20)
UDF1 bids 8
Qoker bids 8
Qoker won the auction and was revealed [3h]
UDF1 won the auction and was revealed [5d]
Flop [7s Js Jh], Qoker (28), UDF1 (28)
UDF1 bets 2411
Qoker raises to 4822
UDF1 folds
Qoker awarded 2439
UDF1 awarded -2439

Round #301, UDF1 (-67086), Qoker (67086)
UDF1 posts blind: 10
Qoker posts blind: 20
UDF1 received [Kh 7h]
Qoker received [Jh 2s]
UDF1 calls
Qoker checks
Flop [Qd 6s Kc], UDF1 (20), Qoker (20)
Qoker bids 0
UDF1 bids 5
UDF1 won the auction and was revealed [Jh]
Flop [Qd 6s Kc], UDF1 (20), Qoker (20)
Qoker checks
UDF1 bets 3574
Qoker folds
UDF1 awarded 20
Qoker awarded -20

Round #302, Qoker (67066), UDF1 (-67066)
Qoker posts blind: 10
UDF1 posts blind: 20
Qoker received [8h 6h]
UDF1 received [6c Js]
Qoker calls
UDF1 checks
Flop [6s Qs Ts], Qoker (20), UDF1 (20)
UDF1 bids 3
Qoker bids 2
UDF1 won the auction and was revealed [6h]
Flop [6s Qs Ts], Qoker (20), UDF1 (22)
UDF1 bets 2991
Qoker calls
Turn [6s Qs Ts Qd], Qoker (3011), UDF1 (3013)
UDF1 bets 1122
Qoker calls
River [6s Qs Ts Qd Ad], Qoker (4133), UDF1 (4135)
UDF1 bets 389
Qoker calls
Qoker shows [8h 6h]
UDF1 shows [6c Js]
Qoker awarded 1
UDF1 awarded -1

Round #303, UDF1 (-67067), Qoker (67067)
UDF1 posts blind: 10
Qoker posts blind: 20
UDF1 received [Qc 7c]
Qoker received [3d 8s]
UDF1 folds
UDF1 awarded -10
Qoker awarded 10

Round #304, Qoker (67077), UDF1 (-67077)
Qoker posts blind: 10
UDF1 posts blind: 20
Qoker received [9h Ks]
UDF1 received [Jh Ts]
Qoker calls
UDF1 checks
Flop [7c Th 5c], Qoker (20), UDF1 (20)
UDF1 bids 7
Qoker bids 0
UDF1 won the auction and was revealed [Ks]
Flop [7c Th 5c], Qoker (20), UDF1 (20)
UDF1 bets 3398
Qoker folds
Qoker awarded -20
UDF1 awarded 20

Round #305, UDF1 (-67057), Qoker (67057)
UDF1 posts blind: 10
Qoker posts blind: 20
UDF1 received [Kh 8c]
Qoker received [9d 2c]
UDF1 folds
UDF1 awarded -10
Qoker awarded 10

Round #306, Qoker (67067), UDF1 (-67067)
Qoker posts blind: 10
UDF1 posts blind: 20
Qoker received [5s As]
UDF1 received [2c Qh]
Qoker calls
UDF1 checks
Flop [6s Jh Tc], Qoker (20), UDF1 (20)
UDF1 bids 2
Qoker bids 4
Qoker won the auction and was revealed [2c]
Flop [6s Jh Tc], Qoker (22), UDF1 (20)
UDF1 bets 2616
Qoker folds
Qoker awarded -22
UDF1 awarded 22

Round #307, UDF1 (-67045), Qoker (67045)
UDF1 posts blind: 10
Qoker posts blind: 20
UDF1 received [Ac 6s]
Qoker received [2c 9h]
UDF1 raises to 337
Qoker folds
UDF1 awarded 20
Qoker awarded -20

Round #308, Qoker (67025), UDF1 (-67025)
Qoker posts blind: 10
UDF1 posts blind: 20
Qoker received [2s 7d]
UDF1 received [2c 8c]
Qoker calls
UDF1 checks
Flop [5c 9s Jc], Qoker (20), UDF1 (20)
UDF1 bids 10
Qoker bids 0
UDF1 won the auction and was revealed [2s]
Flop [5c 9s Jc], Qoker (20), UDF1 (20)
UDF1 bets 2846
Qoker folds
Qoker awarded -20
UDF1 awarded 20

Round #309, UDF1 (-67005), Qoker (67005)
UDF1 posts blind: 10
Qoker posts blind: 20
UDF1 received [3s Th]
Qoker received [5h 7s]
UDF1 calls
Qoker checks
Flop [Kh Ts 7c], UDF1 (20), Qoker (20)
Qoker bids 4
UDF1 bids 9
UDF1 won the auction and was revealed [5h]
Flop [Kh Ts 7c], UDF1 (24), Qoker (20)
Qoker checks
UDF1 bets 3598
Qoker calls
Turn [Kh Ts 7c 7h], UDF1 (3622), Qoker (3618)
Qoker bets 1378
UDF1 calls
River [Kh Ts 7c 7h Jh], UDF1 (5000), Qoker (4996)
Qoker checks
UDF1 checks
UDF1 shows [3s Th]
Qoker shows [5h 7s]
UDF1 awarded -5000
Qoker awarded 5000

Round #310, Qoker (72005), UDF1 (-72005)
Qoker posts blind: 10
UDF1 posts blind: 20
Qoker received [Jc 3s]
UDF1 received [Ac 7h]
Qoker calls
UDF1 checks
Flop [4s 5s 2h], Qoker (20), UDF1 (20)
UDF1 bids 7
Qoker bids 3
UDF1 won the auction and was revealed [3s]
Flop [4s 5s 2h], Qoker (20), UDF1 (23)
UDF1 bets 2492
Qoker calls
Turn [4s 5s 2h 7d], Qoker (2512), UDF1 (2515)
UDF1 bets 1316
Qoker calls
River [4s 5s 2h 7d 8d], Qoker (3828), UDF1 (3831)
UDF1 bets 772
Qoker calls
Qoker shows [Jc 3s]
UDF1 shows [Ac 7h]
Qoker awarded -4600
UDF1 awarded 4600

Round #311, UDF1 (-67405), Qoker (67405)
UDF1 posts blind: 10
Qoker posts blind: 20
UDF1 received [Ac 3s]
Qoker received [Kd Ah]
UDF1 folds
UDF1 awarded -10
Qoker awarded 10

Round #312, Qoker (67415), UDF1 (-67415)
Qoker posts blind: 10
UDF1 posts blind: 20
Qoker received [Jh Qs]
UDF1 received [7s 3s]
Qoker calls
UDF1 checks
Flop [5s 9s Ks], Qoker (20), UDF1 (20)
UDF1 bids 2
Qoker bids 5
Qoker won the auction and was revealed [7s]
Flop [5s 9s Ks], Qoker (22), UDF1 (20)
UDF1 bets 3076
Qoker calls
Turn [5s 9s Ks 6c], Qoker (3098), UDF1 (3096)
UDF1 bets 1383
Qoker calls
River [5s 9s Ks 6c 2d], Qoker (4481), UDF1 (4479)
UDF1 bets 359
Qoker calls
Qoker shows [Jh Qs]
UDF1 shows [7s 3s]
Qoker awarded -4840
UDF1 awarded 4840

Round #313, UDF1 (-62575), Qoker (62575)
UDF1 posts blind: 10
Qoker posts blind: 20
UDF1 received [5c Ah]
Qoker received [Jc 6d]
UDF1 folds
UDF1 awarded -10
Qoker awarded 10

Round #314, Qoker (62585), UDF1 (-62585)
Qoker posts blind: 10
UDF1 posts blind: 20
Qoker received [6d Td]
UDF1 received [9h 4d]
Qoker calls
UDF1 checks
Flop [8s 5d 4c], Qoker (20), UDF1 (20)
UDF1 bids 11
Qoker bids 0
UDF1 won the auction and was revealed [6d]
Flop [8s 5d 4c], Qoker (20), UDF1 (20)
UDF1 bets 2714
Qoker folds
Qoker awarded -20
UDF1 awarded 20

Round #315, UDF1 (-62565), Qoker (62565)
UDF1 posts blind: 10
Qoker posts blind: 20
UDF1 received [Jc 6c]
Qoker received [Ad Kc]
UDF1 raises to 337
Qoker calls
Flop [2c 3d Ks], UDF1 (337), Qoker (337)
Qoker bids 68
UDF1 bids 6
Qoker won the auction and was revealed [Jc]
Flop [2c 3d Ks], UDF1 (337), Qoker (343)
Qoker bets 494
UDF1 calls
Turn [2c 3d Ks 9d], UDF1 (831), Qoker (837)
Qoker bets 1195
UDF1 folds
UDF1 awarded -831
Qoker awarded 831

Round #316, Qoker (63396), UDF1 (-63396)
Qoker posts blind: 10
UDF1 posts blind: 20
Qoker received [8s 3h]
UDF1 received [7c Ad]
Qoker calls
UDF1 checks
Flop [4c 9h Kh], Qoker (20), UDF1 (20)
UDF1 bids 12
Qoker bids 0
UDF1 won the auction and was revealed [8s]
Flop [4c 9h Kh], Qoker (20), UDF1 (20)
UDF1 bets 2901
Qoker folds
Qoker awarded -20
UDF1 awarded 20

Round #317, UDF1 (-63376), Qoker (63376)
UDF1 posts blind: 10
Qoker posts blind: 20
UDF1 received [Ah Qc]
Qoker received [4h Jh]
UDF1 raises to 3475
Qoker folds
UDF1 awarded 20
Qoker awarded -20

Round #318, Qoker (63356), UDF1 (-63356)
Qoker posts blind: 10
UDF1 posts blind: 20
Qoker received [2c Qh]
UDF1 received [3s Tc]
Qoker calls
UDF1 checks
Flop [9d Kh 9h], Qoker (20), UDF1 (20)
UDF1 bids 6
Qoker bids 6
Qoker won the auction and was revealed [3s]
UDF1 won the auction and was revealed [Qh]
Flop [9d Kh 9h], Qoker (26), UDF1 (26)
UDF1 bets 1998
Qoker calls
Turn [9d Kh 9h 9c], Qoker (2024), UDF1 (2024)
UDF1 bets 1309
Qoker raises to 2976
UDF1 folds
Qoker awarded 3333
UDF1 awarded -3333

Round #319, UDF1 (-66689), Qoker (66689)
UDF1 posts blind: 10
Qoker posts blind: 20
UDF1 received [As 7s]
Qoker received [Kc 2s]
UDF1 calls
Qoker checks
Flop [Jd 8c Kh], UDF1 (20), Qoker (20)
Qoker bids 7
UDF1 bids 11
UDF1 won the auction and was revealed [Kc]
Flop [Jd 8c Kh], UDF1 (27), Qoker (20)
Qoker bets 28
UDF1 folds
UDF1 awarded -27
Qoker awarded 27

Round #320, Qoker (66716), UDF1 (-66716)
Qoker posts blind: 10
UDF1 posts blind: 20
Qoker received [3d 9s]
UDF1 received [Ks 9d]
Qoker calls
UDF1 checks
Flop [Ts Jd Js], Qoker (20), UDF1 (20)
UDF1 bids 9
Qoker bids 5
UDF1 won the auction and was revealed [9s]
Flop [Ts Jd Js], Qoker (20), UDF1 (25)
UDF1 bets 2699
Qoker calls
Turn [Ts Jd Js 8d], Qoker (2719), UDF1 (2724)
UDF1 bets 1157
Qoker calls
River [Ts Jd Js 8d Qd], Qoker (3876), UDF1 (3881)
UDF1 bets 619
Qoker raises to 1119
UDF1 calls
Qoker shows [3d 9s]
UDF1 shows [Ks 9d]
Qoker awarded -4995
UDF1 awarded 4995

Round #321, UDF1 (-61721), Qoker (61721)
UDF1 posts blind: 10
Qoker posts blind: 20
UDF1 received [Ac 3d]
Qoker received [8c Qd]
UDF1 calls
Qoker checks
Flop [Ts Js Ad], UDF1 (20), Qoker (20)
Qoker bids 4
UDF1 bids 11
UDF1 won the auction and was revealed [8c]
Flop [Ts Js Ad], UDF1 (24), Qoker (20)
Qoker checks
UDF1 bets 3612
Qoker folds
UDF1 awarded 20
Qoker awarded -20

Round #322, Qoker (61701), UDF1 (-61701)
Qoker posts blind: 10
UDF1 posts blind: 20
Qoker received [Td 7d]
UDF1 received [6c Ad]
Qoker calls
UDF1 checks
Flop [Ks Qd 9s], Qoker (20), UDF1 (20)
UDF1 bids 7
Qoker bids 0
UDF1 won the auction and was revealed [Td]
Flop [Ks Qd 9s], Qoker (20), UDF1 (20)
UDF1 bets 2717
Qoker folds
Qoker awarded -20
UDF1 awarded 20

Round #323, UDF1 (-61681), Qoker (61681)
UDF1 posts blind: 10
Qoker posts blind: 20
UDF1 received [Th 3d]
Qoker received [Qd 9d]
UDF1 raises to 337
Qoker calls
Flop [8d 5s 8h], UDF1 (337), Qoker (337)
Qoker bids 96
UDF1 bids 2
Qoker won the auction and was revealed [3d]
Flop [8d 5s 8h], UDF1 (337), Qoker (339)
Qoker bets 541
UDF1 folds
UDF1 awarded -337
Qoker awarded 337

Round #324, Qoker (62018), UDF1 (-62018)
Qoker posts blind: 10
UDF1 posts blind: 20
Qoker received [8s 7c]
UDF1 received [2h Kc]
Qoker calls
UDF1 checks
Flop [Kd 6s Ad], Qoker (20), UDF1 (20)
UDF1 bids 10
Qoker bids 4
UDF1 won the auction and was revealed [8s]
Flop [Kd 6s Ad], Qoker (20), UDF1 (24)
UDF1 bets 3625
Qoker folds
Qoker awarded -20
UDF1 awarded 20

Round #325, UDF1 (-61998), Qoker (61998)
UDF1 posts blind: 10
Qoker posts blind: 20
UDF1 received [9s 4d]
Qoker received [7c 7h]
UDF1 folds
UDF1 awarded -10
Qoker awarded 10

Round #326, Qoker (62008), UDF1 (-62008)
Qoker posts blind: 10
UDF1 posts blind: 20
Qoker received [4h 8d]
UDF1 received [8s Ts]
Qoker calls
UDF1 checks
Flop [8c Qs Qc], Qoker (20), UDF1 (20)
UDF1 bids 9
Qoker bids 6
UDF1 won the auction and was revealed [8d]
Flop [8c Qs Qc], Qoker (20), UDF1 (26)
UDF1 bets 3026
Qoker calls
Turn [8c Qs Qc Ah], Qoker (3046), UDF1 (3052)
UDF1 bets 892
Qoker calls
River [8c Qs Qc Ah 9h], Qoker (3938), UDF1 (3944)
UDF1 bets 476
Qoker calls
Qoker shows [4h 8d]
UDF1 shows [8s Ts]
Qoker awarded 3
UDF1 awarded -3

Round #327, UDF1 (-62011), Qoker (62011)
UDF1 posts blind: 10
Qoker posts blind: 20
UDF1 received [4d 9c]
Qoker received [Kd 7h]
UDF1 raises to 337
Qoker folds
UDF1 awarded 20
Qoker awarded -20

Round #328, Qoker (61991), UDF1 (-61991)
Qoker posts blind: 10
UDF1 posts blind: 20
Qoker received [Ts Kh]
UDF1 received [Qs 6s]
Qoker calls
UDF1 checks
Flop [8c Jc 2s], Qoker (20), UDF1 (20)
UDF1 bids 6
Qoker bids 0
UDF1 won the auction and was revealed [Kh]
Flop [8c Jc 2s], Qoker (20), UDF1 (20)
UDF1 bets 2664
Qoker folds
Qoker awarded -20
UDF1 awarded 20

Round #329, UDF1 (-61971), Qoker (61971)
UDF1 posts blind: 10
Qoker posts blind: 20
UDF1 received [7s Ah]
Qoker received [Ac 6h]
UDF1 calls
Qoker checks
Flop [Qs Tc 8d], UDF1 (20), Qoker (20)
Qoker bids 2
UDF1 bids 2
UDF1 won the auction and was revealed [6h]
Qoker won the auction and was revealed [Ah]
Flop [Qs Tc 8d], UDF1 (22), Qoker (22)
Qoker checks
UDF1 bets 2665
Qoker folds
UDF1 awarded 22
Qoker awarded -22

Round #330, Qoker (61949), UDF1 (-61949)
Qoker posts blind: 10
UDF1 posts blind: 20
Qoker received [9d 2s]
UDF1 received [3d 7c]
Qoker calls
UDF1 checks
Flop [8h 9c 7s], Qoker (20), UDF1 (20)
UDF1 bids 8
Qoker bids 4
UDF1 won the auction and was revealed [2s]
Flop [8h 9c 7s], Qoker (20), UDF1 (24)
UDF1 bets 3219
Qoker calls
Turn [8h 9c 7s Td], Qoker (3239), UDF1 (3243)
UDF1 bets 943
Qoker calls
River [8h 9c 7s Td 5d], Qoker (4182), UDF1 (4186)
UDF1 bets 452
Qoker calls
Qoker shows [9d 2s]
UDF1 shows [3d 7c]
Qoker awarded 4638
UDF1 awarded -4638

Round #331, UDF1 (-66587), Qoker (66587)
UDF1 posts blind: 10
Qoker posts blind: 20
UDF1 received [6d 7s]
Qoker received [5s 4c]
UDF1 calls
Qoker checks
Flop [9s 2c Tc], UDF1 (20), Qoker (20)
Qoker bids 0
UDF1 bids 8
UDF1 won the auction and was revealed [4c]
Flop [9s 2c Tc], UDF1 (20), Qoker (20)
Qoker checks
UDF1 bets 2688
Qoker folds
UDF1 awarded 20
Qoker awarded -20

Round #332, Qoker (66567), UDF1 (-66567)
Qoker posts blind: 10
UDF1 posts blind: 20
Qoker received [2s 7s]
UDF1 received [6s 9s]
Qoker calls
UDF1 raises to 337
Qoker folds
Qoker awarded -20
UDF1 awarded 20

Round #333, UDF1 (-66547), Qoker (66547)
UDF1 posts blind: 10
Qoker posts blind: 20
UDF1 received [8h 8d]
Qoker received [Tc Th]
UDF1 raises to 3525
Qoker raises to 5000
UDF1 calls
Flop [3h 4d Qd], UDF1 (5000), Qoker (5000)
Qoker bids 0
UDF1 bids 0
UDF1 won the auction and was revealed [Tc]
Qoker won the auction and was revealed [8d]
Flop [3h 4d Qd], UDF1 (5000), Qoker (5000)
Qoker checks
UDF1 checks
Turn [3h 4d Qd 8s], UDF1 (5000), Qoker (5000)
Qoker checks
UDF1 checks
River [3h 4d Qd 8s 5d], UDF1 (5000), Qoker (5000)
Qoker checks
UDF1 checks
UDF1 shows [8h 8d]
Qoker shows [Tc Th]
UDF1 awarded 5000
Qoker awarded -5000

Round #334, Qoker (61547), UDF1 (-61547)
Qoker posts blind: 10
UDF1 posts blind: 20
Qoker received [4c Jh]
UDF1 received [Jc 2d]
Qoker calls
UDF1 checks
Flop [Ad Kd 3d], Qoker (20), UDF1 (20)
UDF1 bids 5
Qoker bids 2
UDF1 won the auction and was revealed [Jh]
Flop [Ad Kd 3d], Qoker (20), UDF1 (22)
UDF1 bets 2746
Qoker folds
Qoker awarded -20
UDF1 awarded 20

Round #335, UDF1 (-61527), Qoker (61527)
UDF1 posts blind: 10
Qoker posts blind: 20
UDF1 received [6h Js]
Qoker received [3d 3s]
UDF1 calls
Qoker checks
Flop [9c Qs 2c], UDF1 (20), Qoker (20)
Qoker bids 3
UDF1 bids 7
UDF1 won the auction and was revealed [3s]
Flop [9c Qs 2c], UDF1 (23), Qoker (20)
Qoker checks
UDF1 bets 2657
Qoker calls
Turn [9c Qs 2c 2s], UDF1 (2680), Qoker (2677)
Qoker bets 2320
UDF1 calls
River [9c Qs 2c 2s Ah], UDF1 (5000), Qoker (4997)
Qoker checks
UDF1 checks
UDF1 shows [6h Js]
Qoker shows [3d 3s]
UDF1 awarded -5000
Qoker awarded 5000

Round #336, Qoker (66527), UDF1 (-66527)
Qoker posts blind: 10
UDF1 posts blind: 20
Qoker received [Tc Ad]
UDF1 received [As 2c]
Qoker calls
UDF1 raises to 337
Qoker calls
Flop [7h Th Ks], Qoker (337), UDF1 (337)
UDF1 bids 6
Qoker bids 121
Qoker won the auction and was revealed [As]
Flop [7h Th Ks], Qoker (343), UDF1 (337)
UDF1 bets 2410
Qoker calls
Turn [7h Th Ks 8s], Qoker (2753), UDF1 (2747)
UDF1 bets 996
Qoker calls
River [7h Th Ks 8s 6s], Qoker (3749), UDF1 (3743)
UDF1 bets 587
Qoker calls
Qoker shows [Tc Ad]
UDF1 shows [As 2c]
Qoker awarded 4330
UDF1 awarded -4330

Round #337, UDF1 (-70857), Qoker (70857)
UDF1 posts blind: 10
Qoker posts blind: 20
UDF1 received [As Ac]
Qoker received [4s Kd]
UDF1 raises to 4645
Qoker folds
UDF1 awarded 20
Qoker awarded -20

Round #338, Qoker (70837), UDF1 (-70837)
Qoker posts blind: 10
UDF1 posts blind: 20
Qoker received [Ad 9d]
UDF1 received [6d 2s]
Qoker calls
UDF1 checks
Flop [8s 8c Td], Qoker (20), UDF1 (20)
UDF1 bids 12
Qoker bids 2
UDF1 won the auction and was revealed [9d]
Flop [8s 8c Td], Qoker (20), UDF1 (22)
UDF1 bets 2327
Qoker calls
Turn [8s 8c Td 5c], Qoker (2347), UDF1 (2349)
UDF1 bets 1080
Qoker calls
River [8s 8c Td 5c Ah], Qoker (3427), UDF1 (3429)
UDF1 bets 560
Qoker calls
Qoker shows [Ad 9d]
UDF1 shows [6d 2s]
Qoker awarded 3989
UDF1 awarded -3989

Round #339, UDF1 (-74826), Qoker (74826)
UDF1 posts blind: 10
Qoker posts blind: 20
UDF1 received [Qd 9s]
Qoker received [3s 6c]
UDF1 raises to 337
Qoker folds
UDF1 awarded 20
Qoker awarded -20

Round #340, Qoker (74806), UDF1 (-74806)
Qoker posts blind: 10
UDF1 posts blind: 20
Qoker received [Ac Kc]
UDF1 received [2c 6h]
Qoker calls
UDF1 raises to 337
Qoker calls
Flop [4s Js Jd], Qoker (337), UDF1 (337)
UDF1 bids 11
Qoker bids 97
Qoker won the auction and was revealed [2c]
Flop [4s Js Jd], Qoker (348), UDF1 (337)
UDF1 bets 2358
Qoker raises to 4652
UDF1 folds
Qoker awarded 2695
UDF1 awarded -2695

Round #341, UDF1 (-77501), Qoker (77501)
UDF1 posts blind: 10
Qoker posts blind: 20
UDF1 received [3h Ts]
Qoker received [5s Jc]
UDF1 calls
Qoker checks
Flop [Ac 6c 4c], UDF1 (20), Qoker (20)
Qoker bids 4
UDF1 bids 11
UDF1 won the auction and was revealed [Jc]
Flop [Ac 6c 4c], UDF1 (24), Qoker (20)
Qoker checks
UDF1 bets 1785
Qoker calls
Turn [Ac 6c 4c 3s], UDF1 (1809), Qoker (1805)
Qoker checks
UDF1 bets 1342
Qoker calls
River [Ac 6c 4c 3s 2d], UDF1 (3151), Qoker (3147)
Qoker bets 1849
UDF1 calls
UDF1 shows [3h Ts]
Qoker shows [5s Jc]
UDF1 awarded -5000
Qoker awarded 5000

Round #342, Qoker (82501), UDF1 (-82501)
Qoker posts blind: 10
UDF1 posts blind: 20
Qoker received [Ts Ac]
UDF1 received [Kh 3h]
Qoker calls
UDF1 checks
Flop [Js Ks 6h], Qoker (20), UDF1 (20)
UDF1 bids 1
Qoker bids 4
Qoker won the auction and was revealed [3h]
Flop [Js Ks 6h], Qoker (21), UDF1 (20)
UDF1 bets 3067
Qoker folds
Qoker awarded -21
UDF1 awarded 21

Round #343, UDF1 (-82480), Qoker (82480)
UDF1 posts blind: 10
Qoker posts blind: 20
UDF1 received [Js Jh]
Qoker received [7h 2c]
UDF1 raises to 4576
Qoker folds
UDF1 awarded 20
Qoker awarded -20

Round #344, Qoker (82460), UDF1 (-82460)
Qoker posts blind: 10
UDF1 posts blind: 20
Qoker received [7s 6s]
UDF1 received [Jh Qs]
Qoker calls
UDF1 raises to 1393
Qoker calls
Flop [6d 9d Qc], Qoker (1393), UDF1 (1393)
UDF1 bids 0
Qoker bids 299
Qoker won the auction and was revealed [Qs]
Flop [6d 9d Qc], Qoker (1393), UDF1 (1393)
UDF1 bets 2663
Qoker calls
Turn [6d 9d Qc 3c], Qoker (4056), UDF1 (4056)
UDF1 bets 680
Qoker calls
River [6d 9d Qc 3c Kc], Qoker (4736), UDF1 (4736)
UDF1 bets 184
Qoker calls
Qoker shows [7s 6s]
UDF1 shows [Jh Qs]
Qoker awarded -4920
UDF1 awarded 4920

Round #345, UDF1 (-77540), Qoker (77540)
UDF1 posts blind: 10
Qoker posts blind: 20
UDF1 received [3s Ad]
Qoker received [Jh Kc]
UDF1 raises to 337
Qoker calls
Flop [4h 8d 4s], UDF1 (337), Qoker (337)
Qoker bids 90
UDF1 bids 0
Qoker won the auction and was revealed [3s]
Flop [4h 8d 4s], UDF1 (337), Qoker (337)
Qoker bets 585
UDF1 calls
Turn [4h 8d 4s 6h], UDF1 (922), Qoker (922)
Qoker bets 1224
UDF1 calls
River [4h 8d 4s 6h 2s], UDF1 (2146), Qoker (2146)
Qoker bets 2854
UDF1 calls
UDF1 shows [3s Ad]
Qoker shows [Jh Kc]
UDF1 awarded 5000
Qoker awarded -5000

Round #346, Qoker (72540), UDF1 (-72540)
Qoker posts blind: 10
UDF1 posts blind: 20
Qoker received [Kc 6s]
UDF1 received [9d Ah]
Qoker calls
UDF1 checks
Flop [5d Ks Th], Qoker (20), UDF1 (20)
UDF1 bids 4
Qoker bids 5
Qoker won the auction and was revealed [Ah]
Flop [5d Ks Th], Qoker (24), UDF1 (20)
UDF1 bets 2953
Qoker calls
Turn [5d Ks Th Qs], Qoker (2977), UDF1 (2973)
UDF1 bets 992
Qoker calls
River [5d Ks Th Qs Qd], Qoker (3969), UDF1 (3965)
UDF1 bets 498
Qoker calls
Qoker shows [Kc 6s]
UDF1 shows [9d Ah]
Qoker awarded 4463
UDF1 awarded -4463

Round #347, UDF1 (-77003), Qoker (77003)
UDF1 posts blind: 10
Qoker posts blind: 20
UDF1 received [5h 6d]
Qoker received [Ac Qs]
UDF1 folds
UDF1 awarded -10
Qoker awarded 10

Round #348, Qoker (77013), UDF1 (-77013)
Qoker posts blind: 10
UDF1 posts blind: 20
Qoker received [Js 5h]
UDF1 received [5c 4h]
Qoker calls
UDF1 checks
Flop [6c Kh 7c], Qoker (20), UDF1 (20)
UDF1 bids 5
Qoker bids 0
UDF1 won the auction and was revealed [5h]
Flop [6c Kh 7c], Qoker (20), UDF1 (20)
UDF1 bets 2550
Qoker folds
Qoker awarded -20
UDF1 awarded 20

Round #349, UDF1 (-76993), Qoker (76993)
UDF1 posts blind: 10
Qoker posts blind: 20
UDF1 received [8h Tc]
Qoker received [Ac 3c]
UDF1 raises to 337
Qoker calls
Flop [Ah 6s Th], UDF1 (337), Qoker (337)
Qoker bids 82
UDF1 bids 6
Qoker won the auction and was revealed [Tc]
Flop [Ah 6s Th], UDF1 (337), Qoker (343)
Qoker checks
UDF1 bets 3192
Qoker calls
Turn [Ah 6s Th 9d], UDF1 (3529), Qoker (3535)
Qoker checks
UDF1 bets 966
Qoker calls
River [Ah 6s Th 9d 5s], UDF1 (4495), Qoker (4501)
Qoker checks
UDF1 bets 288
Qoker calls
UDF1 shows [8h Tc]
Qoker shows [Ac 3c]
UDF1 awarded -4783
Qoker awarded 4783

Round #350, Qoker (81776), UDF1 (-81776)
Qoker posts blind: 10
UDF1 posts blind: 20
Qoker received [6h 2s]
UDF1 received [Ac 9c]
Qoker calls
UDF1 raises to 1282
Qoker folds
Qoker awarded -20
UDF1 awarded 20

Round #351, UDF1 (-81756), Qoker (81756)
UDF1 posts blind: 10
Qoker posts blind: 20
UDF1 received [Js 7s]
Qoker received [Ks 9c]
UDF1 folds
UDF1 awarded -10
Qoker awarded 10

Round #352, Qoker (81766), UDF1 (-81766)
Qoker posts blind: 10
UDF1 posts blind: 20
Qoker received [6d Ah]
UDF1 received [7h Ts]
Qoker calls
UDF1 raises to 337
Qoker folds
Qoker awarded -20
UDF1 awarded 20

Round #353, UDF1 (-81746), Qoker (81746)
UDF1 posts blind: 10
Qoker posts blind: 20
UDF1 received [Kd 4h]
Qoker received [5h Jd]
UDF1 calls
Qoker checks
Flop [Td Ah 2c], UDF1 (20), Qoker (20)
Qoker bids 3
UDF1 bids 7
UDF1 won the auction and was revealed [Jd]
Flop [Td Ah 2c], UDF1 (23), Qoker (20)
Qoker checks
UDF1 bets 2868
Qoker folds
UDF1 awarded 20
Qoker awarded -20

Round #354, Qoker (81726), UDF1 (-81726)
Qoker posts blind: 10
UDF1 posts blind: 20
Qoker received [6s 3d]
UDF1 received [5s Jh]
Qoker calls
UDF1 raises to 337
Qoker folds
Qoker awarded -20
UDF1 awarded 20

Round #355, UDF1 (-81706), Qoker (81706)
UDF1 posts blind: 10
Qoker posts blind: 20
UDF1 received [5d Ah]
Qoker received [6c 9s]
UDF1 raises to 337
Qoker folds
UDF1 awarded 20
Qoker awarded -20

Round #356, Qoker (81686), UDF1 (-81686)
Qoker posts blind: 10
UDF1 posts blind: 20
Qoker received [5c 2s]
UDF1 received [Qh 4s]
Qoker calls
UDF1 checks
Flop [Th 6h Kh], Qoker (20), UDF1 (20)
UDF1 bids 0
Qoker bids 0
Qoker won the auction and was revealed [4s]
UDF1 won the auction and was revealed [5c]
Flop [Th 6h Kh], Qoker (20), UDF1 (20)
UDF1 bets 3038
Qoker folds
Qoker awarded -20
UDF1 awarded 20

Round #357, UDF1 (-81666), Qoker (81666)
UDF1 posts blind: 10
Qoker posts blind: 20
UDF1 received [4s 6h]
Qoker received [Ah 2h]
UDF1 folds
UDF1 awarded -10
Qoker awarded 10

Round #358, Qoker (81676), UDF1 (-81676)
Qoker posts blind: 10
UDF1 posts blind: 20
Qoker received [7s Kh]
UDF1 received [Ts 3s]
Qoker calls
UDF1 checks
Flop [9c 4d 7d], Qoker (20), UDF1 (20)
UDF1 bids 8
Qoker bids 3
UDF1 won the auction and was revealed [7s]
Flop [9c 4d 7d], Qoker (20), UDF1 (23)
UDF1 bets 2328
Qoker calls
Turn [9c 4d 7d Td], Qoker (2348), UDF1 (2351)
UDF1 bets 1565
Qoker calls
River [9c 4d 7d Td 9h], Qoker (3913), UDF1 (3916)
UDF1 bets 631
Qoker calls
Qoker shows [7s Kh]
UDF1 shows [Ts 3s]
Qoker awarded -4544
UDF1 awarded 4544

Round #359, UDF1 (-77132), Qoker (77132)
UDF1 posts blind: 10
Qoker posts blind: 20
UDF1 received [6s Th]
Qoker received [4d 8c]
UDF1 calls
Qoker checks
Flop [5c Td 9d], UDF1 (20), Qoker (20)
Qoker bids 0
UDF1 bids 0
UDF1 won the auction and was revealed [4d]
Qoker won the auction and was revealed [6s]
Flop [5c Td 9d], UDF1 (20), Qoker (20)
Qoker checks
UDF1 bets 3590
Qoker folds
UDF1 awarded 20
Qoker awarded -20

Round #360, Qoker (77112), UDF1 (-77112)
Qoker posts blind: 10
UDF1 posts blind: 20
Qoker received [8s Qs]
UDF1 received [2s Td]
Qoker calls
UDF1 checks
Flop [Ks 7c 9h], Qoker (20), UDF1 (20)
UDF1 bids 7
Qoker bids 0
UDF1 won the auction and was revealed [8s]
Flop [Ks 7c 9h], Qoker (20), UDF1 (20)
UDF1 bets 2892
Qoker folds
Qoker awarded -20
UDF1 awarded 20

Round #361, UDF1 (-77092), Qoker (77092)
UDF1 posts blind: 10
Qoker posts blind: 20
UDF1 received [Js 3c]
Qoker received [6c 9h]
UDF1 calls
Qoker checks
Flop [Jh 5h 8d], UDF1 (20), Qoker (20)
Qoker bids 0
UDF1 bids 8
UDF1 won the auction and was revealed [6c]
Flop [Jh 5h 8d], UDF1 (20), Qoker (20)
Qoker checks
UDF1 bets 3618
Qoker folds
UDF1 awarded 20
Qoker awarded -20

Round #362, Qoker (77072), UDF1 (-77072)
Qoker posts blind: 10
UDF1 posts blind: 20
Qoker received [2c Ad]
UDF1 received [4s 9h]
Qoker calls
UDF1 checks
Flop [4h 4c 9s], Qoker (20), UDF1 (20)
UDF1 bids 11
Qoker bids 2
UDF1 won the auction and was revealed [2c]
Flop [4h 4c 9s], Qoker (20), UDF1 (22)
UDF1 bets 3629
Qoker calls
Turn [4h 4c 9s Qs], Qoker (3649), UDF1 (3651)
UDF1 bets 925
Qoker calls
River [4h 4c 9s Qs Th], Qoker (4574), UDF1 (4576)
UDF1 bets 265
Qoker calls
Qoker shows [2c Ad]
UDF1 shows [4s 9h]
Qoker awarded -4839
UDF1 awarded 4839

Round #363, UDF1 (-72233), Qoker (72233)
UDF1 posts blind: 10
Qoker posts blind: 20
UDF1 received [3c 3d]
Qoker received [Qc 4d]
UDF1 calls
Qoker checks
Flop [7h 2s 4c], UDF1 (20), Qoker (20)
Qoker bids 4
UDF1 bids 0
Qoker won the auction and was revealed [3c]
Flop [7h 2s 4c], UDF1 (20), Qoker (20)
Qoker bets 35
UDF1 calls
Turn [7h 2s 4c 7d], UDF1 (55), Qoker (55)
Qoker bets 98
UDF1 calls
River [7h 2s 4c 7d Td], UDF1 (153), Qoker (153)
Qoker bets 214
UDF1 calls
UDF1 shows [3c 3d]
Qoker shows [Qc 4d]
UDF1 awarded -367
Qoker awarded 367

Round #364, Qoker (72600), UDF1 (-72600)
Qoker posts blind: 10
UDF1 posts blind: 20
Qoker received [7c Js]
UDF1 received [8h Jh]
Qoker calls
UDF1 checks
Flop [2d 3d Ks], Qoker (20), UDF1 (20)
UDF1 bids 9
Qoker bids 0
UDF1 won the auction and was revealed [7c]
Flop [2d 3d Ks], Qoker (20), UDF1 (20)
UDF1 bets 3109
Qoker folds
Qoker awarded -20
UDF1 awarded 20

Round #365, UDF1 (-72580), Qoker (72580)
UDF1 posts blind: 10
Qoker posts blind: 20
UDF1 received [Qc 2h]
Qoker received [2s 5d]
UDF1 folds
UDF1 awarded -10
Qoker awarded 10

Round #366, Qoker (72590), UDF1 (-72590)
Qoker posts blind: 10
UDF1 posts blind: 20
Qoker received [3s Jh]
UDF1 received [6c Qd]
Qoker calls
UDF1 raises to 337
Qoker folds
Qoker awarded -20
UDF1 awarded 20

Round #367, UDF1 (-72570), Qoker (72570)
UDF1 posts blind: 10
Qoker posts blind: 20
UDF1 received [3d Td]
Qoker received [Kc 6h]
UDF1 calls
Qoker checks
Flop [8d 3s Kd], UDF1 (20), Qoker (20)
Qoker bids 4
UDF1 bids 11
UDF1 won the auction and was revealed [Kc]
Flop [8d 3s Kd], UDF1 (24), Qoker (20)
Qoker bets 24
UDF1 calls
Turn [8d 3s Kd Jd], UDF1 (48), Qoker (44)
Qoker bets 55
UDF1 raises to 3381
Qoker calls
River [8d 3s Kd Jd Jh], UDF1 (3429), Qoker (3425)
Qoker bets 1571
UDF1 calls
UDF1 shows [3d Td]
Qoker shows [Kc 6h]
UDF1 awarded 4996
Qoker awarded -4996

Round #368, Qoker (67574), UDF1 (-67574)
Qoker posts blind: 10
UDF1 posts blind: 20
Qoker received [Ah 4d]
UDF1 received [6d 7s]
Qoker calls
UDF1 checks
Flop [7c Kc 5h], Qoker (20), UDF1 (20)
UDF1 bids 8
Qoker bids 5
UDF1 won the auction and was revealed [4d]
Flop [7c Kc 5h], Qoker (20), UDF1 (25)
UDF1 bets 3054
Qoker folds
Qoker awarded -20
UDF1 awarded 20

Round #369, UDF1 (-67554), Qoker (67554)
UDF1 posts blind: 10
Qoker posts blind: 20
UDF1 received [9c 8d]
Qoker received [Kd 7d]
UDF1 folds
UDF1 awarded -10
Qoker awarded 10

Round #370, Qoker (67564), UDF1 (-67564)
Qoker posts blind: 10
UDF1 posts blind: 20
Qoker received [Jd 9s]
UDF1 received [Qd Kh]
Qoker calls
UDF1 raises to 3644
Qoker folds
Qoker awarded -20
UDF1 awarded 20

Round #371, UDF1 (-67544), Qoker (67544)
UDF1 posts blind: 10
Qoker posts blind: 20
UDF1 received [Td Ks]
Qoker received [9h 8d]
UDF1 folds
UDF1 awarded -10
Qoker awarded 10

Round #372, Qoker (67554), UDF1 (-67554)
Qoker posts blind: 10
UDF1 posts blind: 20
Qoker received [8h Kc]
UDF1 received [7d Th]
Qoker calls
UDF1 raises to 337
Qoker folds
Qoker awarded -20
UDF1 awarded 20

Round #373, UDF1 (-67534), Qoker (67534)
UDF1 posts blind: 10
Qoker posts blind: 20
UDF1 received [7d Kc]
Qoker received [7c 6h]
UDF1 raises to 337
Qoker folds
UDF1 awarded 20
Qoker awarded -20

Round #374, Qoker (67514), UDF1 (-67514)
Qoker posts blind: 10
UDF1 posts blind: 20
Qoker received [9d 9h]
UDF1 received [Qc 6c]
Qoker raises to 40
UDF1 calls
Flop [6h 9c Ah], Qoker (40), UDF1 (40)
UDF1 bids 8
Qoker bids 8
Qoker won the auction and was revealed [Qc]
UDF1 won the auction and was revealed [9d]
Flop [6h 9c Ah], Qoker (48), UDF1 (48)
UDF1 bets 2389
Qoker raises to 4778
UDF1 folds
Qoker awarded 2437
UDF1 awarded -2437

Round #375, UDF1 (-69951), Qoker (69951)
UDF1 posts blind: 10
Qoker posts blind: 20
UDF1 received [7s Js]
Qoker received [7d 8c]
UDF1 folds
UDF1 awarded -10
Qoker awarded 10

Round #376, Qoker (69961), UDF1 (-69961)
Qoker posts blind: 10
UDF1 posts blind: 20
Qoker received [Ad 6c]
UDF1 received [5c Jc]
Qoker calls
UDF1 checks
Flop [9c 3c Qd], Qoker (20), UDF1 (20)
UDF1 bids 1
Qoker bids 5
Qoker won the auction and was revealed [5c]
Flop [9c 3c Qd], Qoker (21), UDF1 (20)
UDF1 bets 2971
Qoker folds
Qoker awarded -21
UDF1 awarded 21

Round #377, UDF1 (-69940), Qoker (69940)
UDF1 posts blind: 10
Qoker posts blind: 20
UDF1 received [3d 2h]
Qoker received [Kc Ks]
UDF1 folds
UDF1 awarded -10
Qoker awarded 10

Round #378, Qoker (69950), UDF1 (-69950)
Qoker posts blind: 10
UDF1 posts blind: 20
Qoker received [6d 7s]
UDF1 received [Ad 3s]
Qoker calls
UDF1 checks
Flop [Qd Jh 8s], Qoker (20), UDF1 (20)
UDF1 bids 2
Qoker bids 0
UDF1 won the auction and was revealed [7s]
Flop [Qd Jh 8s], Qoker (20), UDF1 (20)
UDF1 bets 2721
Qoker folds
Qoker awarded -20
UDF1 awarded 20

Round #379, UDF1 (-69930), Qoker (69930)
UDF1 posts blind: 10
Qoker posts blind: 20
UDF1 received [Kd Jc]
Qoker received [8d 4h]
UDF1 calls
Qoker checks
Flop [Qs 5s 7s], UDF1 (20), Qoker (20)
Qoker bids 0
UDF1 bids 1
UDF1 won the auction and was revealed [8d]
Flop [Qs 5s 7s], UDF1 (20), Qoker (20)
Qoker checks
UDF1 bets 2838
Qoker folds
UDF1 awarded 20
Qoker awarded -20

Round #380, Qoker (69910), UDF1 (-69910)
Qoker posts blind: 10
UDF1 posts blind: 20
Qoker received [Kc 8s]
UDF1 received [3c Jh]
Qoker calls
UDF1 checks
Flop [6h Kh Jc], Qoker (20), UDF1 (20)
UDF1 bids 7
Qoker bids 7
Qoker won the auction and was revealed [Jh]
UDF1 won the auction and was revealed [8s]
Flop [6h Kh Jc], Qoker (27), UDF1 (27)
UDF1 bets 3220
Qoker calls
Turn [6h Kh Jc 7d], Qoker (3247), UDF1 (3247)
UDF1 bets 1047
Qoker calls
River [6h Kh Jc 7d 6c], Qoker (4294), UDF1 (4294)
UDF1 bets 451
Qoker calls
Qoker shows [Kc 8s]
UDF1 shows [3c Jh]
Qoker awarded 4745
UDF1 awarded -4745

Round #381, UDF1 (-74655), Qoker (74655)
UDF1 posts blind: 10
Qoker posts blind: 20
UDF1 received [Ac Tc]
Qoker received [5d 6d]
UDF1 calls
Qoker checks
Flop [2s 4c 8s], UDF1 (20), Qoker (20)
Qoker bids 0
UDF1 bids 12
UDF1 won the auction and was revealed [5d]
Flop [2s 4c 8s], UDF1 (20), Qoker (20)
Qoker checks
UDF1 bets 3208
Qoker folds
UDF1 awarded 20
Qoker awarded -20

Round #382, Qoker (74635), UDF1 (-74635)
Qoker posts blind: 10
UDF1 posts blind: 20
Qoker received [5h Jh]
UDF1 received [Jd 3s]
Qoker calls
UDF1 raises to 337
Qoker folds
Qoker awarded -20
UDF1 awarded 20

Round #383, UDF1 (-74615), Qoker (74615)
UDF1 posts blind: 10
Qoker posts blind: 20
UDF1 received [Jd 2s]
Qoker received [6s Td]
UDF1 raises to 337
Qoker folds
UDF1 awarded 20
Qoker awarded -20

Round #384, Qoker (74595), UDF1 (-74595)
Qoker posts blind: 10
UDF1 posts blind: 20
Qoker received [4d Qc]
UDF1 received [8d Qs]
Qoker calls
UDF1 checks
Flop [Ks Jh 3h], Qoker (20), UDF1 (20)
UDF1 bids 4
Qoker bids 0
UDF1 won the auction and was revealed [4d]
Flop [Ks Jh 3h], Qoker (20), UDF1 (20)
UDF1 bets 2756
Qoker folds
Qoker awarded -20
UDF1 awarded 20

Round #385, UDF1 (-74575), Qoker (74575)
UDF1 posts blind: 10
Qoker posts blind: 20
UDF1 received [Ad 7h]
Qoker received [Jd 6d]
UDF1 raises to 337
Qoker folds
UDF1 awarded 20
Qoker awarded -20

Round #386, Qoker (74555), UDF1 (-74555)
Qoker posts blind: 10
UDF1 posts blind: 20
Qoker received [5d 2h]
UDF1 received [3h 8s]
Qoker calls
UDF1 raises to 337
Qoker folds
Qoker awarded -20
UDF1 awarded 20

Round #387, UDF1 (-74535), Qoker (74535)
UDF1 posts blind: 10
Qoker posts blind: 20
UDF1 received [5h 2c]
Qoker received [9s 5c]
UDF1 calls
Qoker checks
Flop [2d 4d 7d], UDF1 (20), Qoker (20)
Qoker bids 0
UDF1 bids 10
UDF1 won the auction and was revealed [9s]
Flop [2d 4d 7d], UDF1 (20), Qoker (20)
Qoker checks
UDF1 bets 3048
Qoker folds
UDF1 awarded 20
Qoker awarded -20

Round #388, Qoker (74515), UDF1 (-74515)
Qoker posts blind: 10
UDF1 posts blind: 20
Qoker received [Th As]
UDF1 received [5s 8c]
Qoker calls
UDF1 checks
Flop [2h 8d 9s], Qoker (20), UDF1 (20)
UDF1 bids 5
Qoker bids 4
UDF1 won the auction and was revealed [As]
Flop [2h 8d 9s], Qoker (20), UDF1 (24)
UDF1 bets 3232
Qoker folds
Qoker awarded -20
UDF1 awarded 20

Round #389, UDF1 (-74495), Qoker (74495)
UDF1 posts blind: 10
Qoker posts blind: 20
UDF1 received [Ad Kc]
Qoker received [Qd 2h]
UDF1 raises to 4448
Qoker folds
UDF1 awarded 20
Qoker awarded -20

Round #390, Qoker (74475), UDF1 (-74475)
Qoker posts blind: 10
UDF1 posts blind: 20
Qoker received [7h Jc]
UDF1 received [7c 6c]
Qoker calls
UDF1 checks
Flop [9c Ks Ac], Qoker (20), UDF1 (20)
UDF1 bids 11
Qoker bids 3
UDF1 won the auction and was revealed [Jc]
Flop [9c Ks Ac], Qoker (20), UDF1 (23)
UDF1 bets 2920
Qoker folds
Qoker awarded -20
UDF1 awarded 20

Round #391, UDF1 (-74455), Qoker (74455)
UDF1 posts blind: 10
Qoker posts blind: 20
UDF1 received [Kd Th]
Qoker received [9s Ts]
UDF1 calls
Qoker checks
Flop [6h 2c Qs], UDF1 (20), Qoker (20)
Qoker bids 0
UDF1 bids 4
UDF1 won the auction and was revealed [9s]
Flop [6h 2c Qs], UDF1 (20), Qoker (20)
Qoker checks
UDF1 bets 3067
Qoker folds
UDF1 awarded 20
Qoker awarded -20

Round #392, Qoker (74435), UDF1 (-74435)
Qoker posts blind: 10
UDF1 posts blind: 20
Qoker received [Ad 4h]
UDF1 received [As 9s]
Qoker calls
UDF1 raises to 1225
Qoker folds
Qoker awarded -20
UDF1 awarded 20

Round #393, UDF1 (-74415), Qoker (74415)
UDF1 posts blind: 10
Qoker posts blind: 20
UDF1 received [Qh 5h]
Qoker received [Kh Th]
UDF1 raises to 337
Qoker calls
Flop [2c 9c 7s], UDF1 (337), Qoker (337)
Qoker bids 0
UDF1 bids 12
UDF1 won the auction and was revealed [Th]
Flop [2c 9c 7s], UDF1 (337), Qoker (337)
Qoker checks
UDF1 bets 2420
Qoker calls
Turn [2c 9c 7s 7h], UDF1 (2757), Qoker (2757)
Qoker checks
UDF1 bets 1075
Qoker calls
River [2c 9c 7s 7h 7d], UDF1 (3832), Qoker (3832)
Qoker bets 1168
UDF1 calls
UDF1 shows [Qh 5h]
Qoker shows [Kh Th]
UDF1 awarded -5000
Qoker awarded 5000

Round #394, Qoker (79415), UDF1 (-79415)
Qoker posts blind: 10
UDF1 posts blind: 20
Qoker received [Jh 9d]
UDF1 received [Jc 5h]
Qoker calls
UDF1 checks
Flop [5s 9c Td], Qoker (20), UDF1 (20)
UDF1 bids 2
Qoker bids 5
Qoker won the auction and was revealed [Jc]
Flop [5s 9c Td], Qoker (22), UDF1 (20)
UDF1 bets 3253
Qoker calls
Turn [5s 9c Td Js], Qoker (3275), UDF1 (3273)
UDF1 bets 1021
Qoker calls
River [5s 9c Td Js 7s], Qoker (4296), UDF1 (4294)
UDF1 bets 388
Qoker calls
Qoker shows [Jh 9d]
UDF1 shows [Jc 5h]
Qoker awarded 4682
UDF1 awarded -4682

Round #395, UDF1 (-84097), Qoker (84097)
UDF1 posts blind: 10
Qoker posts blind: 20
UDF1 received [3s 9h]
Qoker received [Js 6c]
UDF1 raises to 337
Qoker folds
UDF1 awarded 20
Qoker awarded -20

Round #396, Qoker (84077), UDF1 (-84077)
Qoker posts blind: 10
UDF1 posts blind: 20
Qoker received [As 7h]
UDF1 received [5s 7d]
Qoker calls
UDF1 checks
Flop [3h Tc 4c], Qoker (20), UDF1 (20)
UDF1 bids 0
Qoker bids 2
Qoker won the auction and was revealed [7d]
Flop [3h Tc 4c], Qoker (20), UDF1 (20)
UDF1 bets 2769
Qoker folds
Qoker awarded -20
UDF1 awarded 20

Round #397, UDF1 (-84057), Qoker (84057)
UDF1 posts blind: 10
Qoker posts blind: 20
UDF1 received [8s 4c]
Qoker received [9d Kd]
UDF1 calls
Qoker checks
Flop [7h Qs 5c], UDF1 (20), Qoker (20)
Qoker bids 0
UDF1 bids 4
UDF1 won the auction and was revealed [9d]
Flop [7h Qs 5c], UDF1 (20), Qoker (20)
Qoker checks
UDF1 bets 2388
Qoker folds
UDF1 awarded 20
Qoker awarded -20

Round #398, Qoker (84037), UDF1 (-84037)
Qoker posts blind: 10
UDF1 posts blind: 20
Qoker received [Td Ah]
UDF1 received [Jh 2c]
Qoker calls
UDF1 raises to 337
Qoker calls
Flop [4s 5c 4h], Qoker (337), UDF1 (337)
UDF1 bids 5
Qoker bids 79
Qoker won the auction and was revealed [2c]
Flop [4s 5c 4h], Qoker (342), UDF1 (337)
UDF1 bets 1879
Qoker raises to 3758
UDF1 calls
Turn [4s 5c 4h 3c], Qoker (4100), UDF1 (4095)
UDF1 bets 419
Qoker raises to 900
UDF1 calls
River [4s 5c 4h 3c 6s], Qoker (5000), UDF1 (4995)
UDF1 checks
Qoker checks
Qoker shows [Td Ah]
UDF1 shows [Jh 2c]
Qoker awarded -5000
UDF1 awarded 5000

Round #399, UDF1 (-79037), Qoker (79037)
UDF1 posts blind: 10
Qoker posts blind: 20
UDF1 received [6c Jh]
Qoker received [7c Ts]
UDF1 raises to 337
Qoker folds
UDF1 awarded 20
Qoker awarded -20

Round #400, Qoker (79017), UDF1 (-79017)
Qoker posts blind: 10
UDF1 posts blind: 20
Qoker received [7d Jc]
UDF1 received [Qd 6c]
Qoker calls
UDF1 checks
Flop [3c 9c 2d], Qoker (20), UDF1 (20)
UDF1 bids 0
Qoker bids 0
Qoker won the auction and was revealed [6c]
UDF1 won the auction and was revealed [7d]
Flop [3c 9c 2d], Qoker (20), UDF1 (20)
UDF1 bets 2911
Qoker folds
Qoker awarded -20
UDF1 awarded 20

Round #401, UDF1 (-78997), Qoker (78997)
UDF1 posts blind: 10
Qoker posts blind: 20
UDF1 received [8c Jh]
Qoker received [6c 9s]
UDF1 folds
UDF1 awarded -10
Qoker awarded 10

Round #402, Qoker (79007), UDF1 (-79007)
Qoker posts blind: 10
UDF1 posts blind: 20
Qoker received [8c 7c]
UDF1 received [5s Jc]
Qoker calls
UDF1 checks
Flop [2d Qs 7d], Qoker (20), UDF1 (20)
UDF1 bids 6
Qoker bids 4
UDF1 won the auction and was revealed [8c]
Flop [2d Qs 7d], Qoker (20), UDF1 (24)
UDF1 bets 3119
Qoker calls
Turn [2d Qs 7d 9c], Qoker (3139), UDF1 (3143)
UDF1 bets 979
Qoker calls
River [2d Qs 7d 9c Ks], Qoker (4118), UDF1 (4122)
UDF1 bets 448
Qoker calls
Qoker shows [8c 7c]
UDF1 shows [5s Jc]
Qoker awarded 4570
UDF1 awarded -4570

Round #403, UDF1 (-83577), Qoker (83577)
UDF1 posts blind: 10
Qoker posts blind: 20
UDF1 received [2h 8s]
Qoker received [Qc Ts]
UDF1 raises to 337
Qoker calls
Flop [5h Jh Th], UDF1 (337), Qoker (337)
Qoker bids 114
UDF1 bids 3
Qoker won the auction and was revealed [8s]
Flop [5h Jh Th], UDF1 (337), Qoker (340)
Qoker bets 497
UDF1 calls
Turn [5h Jh Th Qd], UDF1 (834), Qoker (837)
Qoker bets 1455
UDF1 calls
River [5h Jh Th Qd Ad], UDF1 (2289), Qoker (2292)
Qoker bets 2708
UDF1 folds
UDF1 awarded -2289
Qoker awarded 2289

Round #404, Qoker (85866), UDF1 (-85866)
Qoker posts blind: 10
UDF1 posts blind: 20
Qoker received [3c 6h]
UDF1 received [5d 2c]
Qoker calls
UDF1 checks
Flop [Js 6c Ts], Qoker (20), UDF1 (20)
UDF1 bids 0
Qoker bids 5
Qoker won the auction and was revealed [2c]
Flop [Js 6c Ts], Qoker (20), UDF1 (20)
UDF1 bets 2542
Qoker raises to 4980
UDF1 folds
Qoker awarded 2562
UDF1 awarded -2562

Round #405, UDF1 (-88428), Qoker (88428)
UDF1 posts blind: 10
Qoker posts blind: 20
UDF1 received [6d 2c]
Qoker received [Qd 8s]
UDF1 calls
Qoker checks
Flop [Jh 5d 6h], UDF1 (20), Qoker (20)
Qoker bids 0
UDF1 bids 9
UDF1 won the auction and was revealed [8s]
Flop [Jh 5d 6h], UDF1 (20), Qoker (20)
Qoker checks
UDF1 bets 3148
Qoker folds
UDF1 awarded 20
Qoker awarded -20

Round #406, Qoker (88408), UDF1 (-88408)
Qoker posts blind: 10
UDF1 posts blind: 20
Qoker received [8d 9c]
UDF1 received [7d 4c]
Qoker calls
UDF1 checks
Flop [2d 6s 3d], Qoker (20), UDF1 (20)
UDF1 bids 5
Qoker bids 0
UDF1 won the auction and was revealed [8d]
Flop [2d 6s 3d], Qoker (20), UDF1 (20)
UDF1 bets 2304
Qoker folds
Qoker awarded -20
UDF1 awarded 20

Round #407, UDF1 (-88388), Qoker (88388)
UDF1 posts blind: 10
Qoker posts blind: 20
UDF1 received [6h 4d]
Qoker received [Th 3h]
UDF1 calls
Qoker checks
Flop [4h Td Kd], UDF1 (20), Qoker (20)
Qoker bids 4
UDF1 bids 4
UDF1 won the auction and was revealed [3h]
Qoker won the auction and was revealed [4d]
Flop [4h Td Kd], UDF1 (24), Qoker (24)
Qoker checks
UDF1 bets 3237
Qoker calls
Turn [4h Td Kd 3s], UDF1 (3261), Qoker (3261)
Qoker checks
UDF1 bets 1081
Qoker calls
River [4h Td Kd 3s 8s], UDF1 (4342), Qoker (4342)
Qoker bets 658
UDF1 calls
UDF1 shows [6h 4d]
Qoker shows [Th 3h]
UDF1 awarded -5000
Qoker awarded 5000

Round #408, Qoker (93388), UDF1 (-93388)
Qoker posts blind: 10
UDF1 posts blind: 20
Qoker received [Qs 8h]
UDF1 received [Js Ad]
Qoker calls
UDF1 checks
Flop [8c 2c 3h], Qoker (20), UDF1 (20)
UDF1 bids 7
Qoker bids 2
UDF1 won the auction and was revealed [Qs]
Flop [8c 2c 3h], Qoker (20), UDF1 (22)
UDF1 bets 2877
Qoker calls
Turn [8c 2c 3h Jc], Qoker (2897), UDF1 (2899)
UDF1 bets 1296
Qoker calls
River [8c 2c 3h Jc Tc], Qoker (4193), UDF1 (4195)
UDF1 bets 478
Qoker calls
Qoker shows [Qs 8h]
UDF1 shows [Js Ad]
Qoker awarded -4671
UDF1 awarded 4671

Round #409, UDF1 (-88717), Qoker (88717)
UDF1 posts blind: 10
Qoker posts blind: 20
UDF1 received [Jh 3s]
Qoker received [6h Kh]
UDF1 folds
UDF1 awarded -10
Qoker awarded 10

Round #410, Qoker (88727), UDF1 (-88727)
Qoker posts blind: 10
UDF1 posts blind: 20
Qoker received [Jd 9d]
UDF1 received [8h 2d]
Qoker calls
UDF1 checks
Flop [6d Qh 7c], Qoker (20), UDF1 (20)
UDF1 bids 7
Qoker bids 0
UDF1 won the auction and was revealed [9d]
Flop [6d Qh 7c], Qoker (20), UDF1 (20)
UDF1 bets 2436
Qoker folds
Qoker awarded -20
UDF1 awarded 20

Round #411, UDF1 (-88707), Qoker (88707)
UDF1 posts blind: 10
Qoker posts blind: 20
UDF1 received [6c 2d]
Qoker received [Jd Td]
UDF1 folds
UDF1 awarded -10
Qoker awarded 10

Round #412, Qoker (88717), UDF1 (-88717)
Qoker posts blind: 10
UDF1 posts blind: 20
Qoker received [Ks 5h]
UDF1 received [6c 6d]
Qoker calls
UDF1 raises to 1505
Qoker folds
Qoker awarded -20
UDF1 awarded 20

Round #413, UDF1 (-88697), Qoker (88697)
UDF1 posts blind: 10
Qoker posts blind: 20
UDF1 received [Qc 6h]
Qoker received [9d Kd]
UDF1 raises to 337
Qoker folds
UDF1 awarded 20
Qoker awarded -20

Round #414, Qoker (88677), UDF1 (-88677)
Qoker posts blind: 10
UDF1 posts blind: 20
Qoker received [Tc 5h]
UDF1 received [Ac Kh]
Qoker calls
UDF1 raises to 4551
Qoker folds
Qoker awarded -20
UDF1 awarded 20

Round #415, UDF1 (-88657), Qoker (88657)
UDF1 posts blind: 10
Qoker posts blind: 20
UDF1 received [Qc 4c]
Qoker received [Ad 7c]
UDF1 folds
UDF1 awarded -10
Qoker awarded 10

Round #416, Qoker (88667), UDF1 (-88667)
Qoker posts blind: 10
UDF1 posts blind: 20
Qoker received [Th 2h]
UDF1 received [3h 4s]
Qoker calls
UDF1 checks
Flop [Qc 8s 5c], Qoker (20), UDF1 (20)
UDF1 bids 0
Qoker bids 0
Qoker won the auction and was revealed [4s]
UDF1 won the auction and was revealed [Th]
Flop [Qc 8s 5c], Qoker (20), UDF1 (20)
UDF1 bets 2274
Qoker folds
Qoker awarded -20
UDF1 awarded 20

Round #417, UDF1 (-88647), Qoker (88647)
UDF1 posts blind: 10
Qoker posts blind: 20
UDF1 received [6h Ad]
Qoker received [9h 9d]
UDF1 raises to 337
Qoker raises to 654
UDF1 folds
UDF1 awarded -337
Qoker awarded 337

Round #418, Qoker (88984), UDF1 (-88984)
Qoker posts blind: 10
UDF1 posts blind: 20
Qoker received [Kh Tc]
UDF1 received [4s Ts]
Qoker calls
UDF1 checks
Flop [Qc Js 8c], Qoker (20), UDF1 (20)
UDF1 bids 5
Qoker bids 6
Qoker won the auction and was revealed [4s]
Flop [Qc Js 8c], Qoker (25), UDF1 (20)
UDF1 bets 3185
Qoker calls
Turn [Qc Js 8c Ac], Qoker (3210), UDF1 (3205)
UDF1 bets 892
Qoker raises to 1790
UDF1 calls
River [Qc Js 8c Ac 4h], Qoker (5000), UDF1 (4995)
UDF1 checks
Qoker checks
Qoker shows [Kh Tc]
UDF1 shows [4s Ts]
Qoker awarded 4995
UDF1 awarded -4995

Round #419, UDF1 (-93979), Qoker (93979)
UDF1 posts blind: 10
Qoker posts blind: 20
UDF1 received [8c 6d]
Qoker received [4h As]
UDF1 calls
Qoker checks
Flop [3h Jd 5h], UDF1 (20), Qoker (20)
Qoker bids 2
UDF1 bids 5
UDF1 won the auction and was revealed [4h]
Flop [3h Jd 5h], UDF1 (22), Qoker (20)
Qoker checks
UDF1 bets 2581
Qoker folds
UDF1 awarded 20
Qoker awarded -20

Round #420, Qoker (93959), UDF1 (-93959)
Qoker posts blind: 10
UDF1 posts blind: 20
Qoker received [Ac 2c]
UDF1 received [6s 8s]
Qoker calls
UDF1 checks
Flop [Kd Jc Ah], Qoker (20), UDF1 (20)
UDF1 bids 6
Qoker bids 4
UDF1 won the auction and was revealed [2c]
Flop [Kd Jc Ah], Qoker (20), UDF1 (24)
UDF1 bets 2339
Qoker calls
Turn [Kd Jc Ah 2s], Qoker (2359), UDF1 (2363)
UDF1 bets 1221
Qoker calls
River [Kd Jc Ah 2s 9c], Qoker (3580), UDF1 (3584)
UDF1 bets 503
Qoker calls
Qoker shows [Ac 2c]
UDF1 shows [6s 8s]
Qoker awarded 4087
UDF1 awarded -4087

Round #421, UDF1 (-98046), Qoker (98046)
UDF1 posts blind: 10
Qoker posts blind: 20
UDF1 received [Ks 8s]
Qoker received [3c 7s]
UDF1 calls
Qoker checks
Flop [As 5d 7c], UDF1 (20), Qoker (20)
Qoker bids 4
UDF1 bids 0
Qoker won the auction and was revealed [8s]
Flop [As 5d 7c], UDF1 (20), Qoker (20)
Qoker checks
UDF1 bets 2934
Qoker calls
Turn [As 5d 7c 2s], UDF1 (2954), Qoker (2954)
Qoker checks
UDF1 bets 1216
Qoker calls
River [As 5d 7c 2s 6d], UDF1 (4170), Qoker (4170)
Qoker checks
UDF1 bets 427
Qoker calls
UDF1 shows [Ks 8s]
Qoker shows [3c 7s]
UDF1 awarded -4597
Qoker awarded 4597

Round #422, Qoker (102643), UDF1 (-102643)
Qoker posts blind: 10
UDF1 posts blind: 20
Qoker received [Kd Ad]
UDF1 received [6h 2s]
Qoker calls
UDF1 checks
Flop [8h 3s 7c], Qoker (20), UDF1 (20)
UDF1 bids 4
Qoker bids 3
UDF1 won the auction and was revealed [Ad]
Flop [8h 3s 7c], Qoker (20), UDF1 (23)
UDF1 bets 2484
Qoker folds
Qoker awarded -20
UDF1 awarded 20

Round #423, UDF1 (-102623), Qoker (102623)
UDF1 posts blind: 10
Qoker posts blind: 20
UDF1 received [2h Qc]
Qoker received [6s 7d]
UDF1 calls
Qoker checks
Flop [2s Jd 3h], UDF1 (20), Qoker (20)
Qoker bids 0
UDF1 bids 1
UDF1 won the auction and was revealed [7d]
Flop [2s Jd 3h], UDF1 (20), Qoker (20)
Qoker checks
UDF1 bets 3282
Qoker folds
UDF1 awarded 20
Qoker awarded -20

Round #424, Qoker (102603), UDF1 (-102603)
Qoker posts blind: 10
UDF1 posts blind: 20
Qoker received [Ac 7h]
UDF1 received [6d 8d]
Qoker calls
UDF1 raises to 337
Qoker folds
Qoker awarded -20
UDF1 awarded 20

Round #425, UDF1 (-102583), Qoker (102583)
UDF1 posts blind: 10
Qoker posts blind: 20
UDF1 received [7c 8s]
Qoker received [9c 7d]
UDF1 calls
Qoker checks
Flop [Tc Kh Ks], UDF1 (20), Qoker (20)
Qoker bids 8
UDF1 bids 9
UDF1 won the auction and was revealed [9c]
Flop [Tc Kh Ks], UDF1 (28), Qoker (20)
Qoker bets 29
UDF1 folds
UDF1 awarded -28
Qoker awarded 28

Round #426, Qoker (102611), UDF1 (-102611)
Qoker posts blind: 10
UDF1 posts blind: 20
Qoker received [7d Th]
UDF1 received [9c As]
Qoker calls
UDF1 raises to 337
Qoker folds
Qoker awarded -20
UDF1 awarded 20

Round #427, UDF1 (-102591), Qoker (102591)
UDF1 posts blind: 10
Qoker posts blind: 20
UDF1 received [6h 2h]
Qoker received [4s 5h]
UDF1 folds
UDF1 awarded -10
Qoker awarded 10

Round #428, Qoker (102601), UDF1 (-102601)
Qoker posts blind: 10
UDF1 posts blind: 20
Qoker received [Qc 9c]
UDF1 received [2h 8d]
Qoker calls
UDF1 raises to 337
Qoker calls
Flop [3d 5d Jc], Qoker (337), UDF1 (337)
UDF1 bids 7
Qoker bids 0
UDF1 won the auction and was revealed [9c]
Flop [3d 5d Jc], Qoker (337), UDF1 (337)
UDF1 bets 2152
Qoker folds
Qoker awarded -337
UDF1 awarded 337

Round #429, UDF1 (-102264), Qoker (102264)
UDF1 posts blind: 10
Qoker posts blind: 20
UDF1 received [As Js]
Qoker received [6d Qd]
UDF1 raises to 3634
Qoker folds
UDF1 awarded 20
Qoker awarded -20

Round #430, Qoker (102244), UDF1 (-102244)
Qoker posts blind: 10
UDF1 posts blind: 20
Qoker received [9c Kc]
UDF1 received [Kh Ah]
Qoker calls
UDF1 raises to 4404
Qoker folds
Qoker awarded -20
UDF1 awarded 20

Round #431, UDF1 (-102224), Qoker (102224)
UDF1 posts blind: 10
Qoker posts blind: 20
UDF1 received [4s Td]
Qoker received [Kc 4h]
UDF1 calls
Qoker checks
Flop [As 3c 6c], UDF1 (20), Qoker (20)
Qoker bids 3
UDF1 bids 4
UDF1 won the auction and was revealed [4h]
Flop [As 3c 6c], UDF1 (23), Qoker (20)
Qoker checks
UDF1 bets 2605
Qoker folds
UDF1 awarded 20
Qoker awarded -20

Round #432, Qoker (102204), UDF1 (-102204)
Qoker posts blind: 10
UDF1 posts blind: 20
Qoker received [Th 4d]
UDF1 received [Kh 9d]
Qoker calls
UDF1 checks
Flop [As 9s 2c], Qoker (20), UDF1 (20)
UDF1 bids 0
Qoker bids 2
Qoker won the auction and was revealed [9d]
Flop [As 9s 2c], Qoker (20), UDF1 (20)
UDF1 bets 3142
Qoker folds
Qoker awarded -20
UDF1 awarded 20

Round #433, UDF1 (-102184), Qoker (102184)
UDF1 posts blind: 10
Qoker posts blind: 20
UDF1 received [6s 5h]
Qoker received [3s Qs]
UDF1 folds
UDF1 awarded -10
Qoker awarded 10

Round #434, Qoker (102194), UDF1 (-102194)
Qoker posts blind: 10
UDF1 posts blind: 20
Qoker received [3s 9s]
UDF1 received [4c 6c]
Qoker calls
UDF1 checks
Flop [4h Jh Qd], Qoker (20), UDF1 (20)
UDF1 bids 11
Qoker bids 0
UDF1 won the auction and was revealed [3s]
Flop [4h Jh Qd], Qoker (20), UDF1 (20)
UDF1 bets 3227
Qoker folds
Qoker awarded -20
UDF1 awarded 20

Round #435, UDF1 (-102174), Qoker (102174)
UDF1 posts blind: 10
Qoker posts blind: 20
UDF1 received [Jd Kh]
Qoker received [As 9s]
UDF1 calls
Qoker checks
Flop [3c 6d 5c], UDF1 (20), Qoker (20)
Qoker bids 2
UDF1 bids 7
UDF1 won the auction and was revealed [9s]
Flop [3c 6d 5c], UDF1 (22), Qoker (20)
Qoker checks
UDF1 bets 2587
Qoker folds
UDF1 awarded 20
Qoker awarded -20

Round #436, Qoker (102154), UDF1 (-102154)
Qoker posts blind: 10
UDF1 posts blind: 20
Qoker received [Th 3s]
UDF1 received [Kc 8h]
Qoker calls
UDF1 checks
Flop [6s Jc 2c], Qoker (20), UDF1 (20)
UDF1 bids 0
Qoker bids 0
Qoker won the auction and was revealed [8h]
UDF1 won the auction and was revealed [Th]
Flop [6s Jc 2c], Qoker (20), UDF1 (20)
UDF1 bets 3036
Qoker folds
Qoker awarded -20
UDF1 awarded 20

Round #437, UDF1 (-102134), Qoker (102134)
UDF1 posts blind: 10
Qoker posts blind: 20
UDF1 received [3d 4d]
Qoker received [4c 3c]
UDF1 folds
UDF1 awarded -10
Qoker awarded 10

Round #438, Qoker (102144), UDF1 (-102144)
Qoker posts blind: 10
UDF1 posts blind: 20
Qoker received [4d 9d]
UDF1 received [8c Ac]
Qoker calls
UDF1 checks
Flop [7h 8d 2d], Qoker (20), UDF1 (20)
UDF1 bids 0
Qoker bids 3
Qoker won the auction and was revealed [8c]
Flop [7h 8d 2d], Qoker (20), UDF1 (20)
UDF1 bets 3406
Qoker calls
Turn [7h 8d 2d 5s], Qoker (3426), UDF1 (3426)
UDF1 bets 1051
Qoker calls
River [7h 8d 2d 5s 8h], Qoker (4477), UDF1 (4477)
UDF1 bets 349
Qoker calls
Qoker shows [4d 9d]
UDF1 shows [8c Ac]
Qoker awarded -4826
UDF1 awarded 4826

Round #439, UDF1 (-97318), Qoker (97318)
UDF1 posts blind: 10
Qoker posts blind: 20
UDF1 received [7h 8d]
Qoker received [Ad Ts]
UDF1 folds
UDF1 awarded -10
Qoker awarded 10

Round #440, Qoker (97328), UDF1 (-97328)
Qoker posts blind: 10
UDF1 posts blind: 20
Qoker received [Tc Qd]
UDF1 received [5c 2d]
Qoker calls
UDF1 checks
Flop [Kh 5s 8c], Qoker (20), UDF1 (20)
UDF1 bids 0
Qoker bids 0
Qoker won the auction and was revealed [2d]
UDF1 won the auction and was revealed [Qd]
Flop [Kh 5s 8c], Qoker (20), UDF1 (20)
UDF1 bets 3348
Qoker folds
Qoker awarded -20
UDF1 awarded 20

Round #441, UDF1 (-97308), Qoker (97308)
UDF1 posts blind: 10
Qoker posts blind: 20
UDF1 received [9c 9d]
Qoker received [8d 2s]
UDF1 raises to 3855
Qoker folds
UDF1 awarded 20
Qoker awarded -20

Round #442, Qoker (97288), UDF1 (-97288)
Qoker posts blind: 10
UDF1 posts blind: 20
Qoker received [3d 9h]
UDF1 received [9d Jd]
Qoker calls
UDF1 checks
Flop [Ad 5h 3c], Qoker (20), UDF1 (20)
UDF1 bids 4
Qoker bids 5
Qoker won the auction and was revealed [9d]
Flop [Ad 5h 3c], Qoker (24), UDF1 (20)
UDF1 bets 2481
Qoker calls
Turn [Ad 5h 3c Ts], Qoker (2505), UDF1 (2501)
UDF1 bets 1242
Qoker calls
River [Ad 5h 3c Ts 7c], Qoker (3747), UDF1 (3743)
UDF1 bets 500
Qoker calls
Qoker shows [3d 9h]
UDF1 shows [9d Jd]
Qoker awarded 4243
UDF1 awarded -4243

Round #443, UDF1 (-101531), Qoker (101531)
UDF1 posts blind: 10
Qoker posts blind: 20
UDF1 received [7d Qh]
Qoker received [Js 9h]
UDF1 folds
UDF1 awarded -10
Qoker awarded 10

Round #444, Qoker (101541), UDF1 (-101541)
Qoker posts blind: 10
UDF1 posts blind: 20
Qoker received [Ks Jc]
UDF1 received [6c 5d]
Qoker calls
UDF1 checks
Flop [Ts Ad 8d], Qoker (20), UDF1 (20)
UDF1 bids 1
Qoker bids 5
Qoker won the auction and was revealed [6c]
Flop [Ts Ad 8d], Qoker (21), UDF1 (20)
UDF1 bets 2160
Qoker folds
Qoker awarded -21
UDF1 awarded 21

Round #445, UDF1 (-101520), Qoker (101520)
UDF1 posts blind: 10
Qoker posts blind: 20
UDF1 received [4d Td]
Qoker received [Kh 2c]
UDF1 folds
UDF1 awarded -10
Qoker awarded 10

Round #446, Qoker (101530), UDF1 (-101530)
Qoker posts blind: 10
UDF1 posts blind: 20
Qoker received [8h 4h]
UDF1 received [Kd Js]
Qoker calls
UDF1 checks
Flop [Th Td Tc], Qoker (20), UDF1 (20)
UDF1 bids 12
Qoker bids 6
UDF1 won the auction and was revealed [4h]
Flop [Th Td Tc], Qoker (20), UDF1 (26)
UDF1 bets 2466
Qoker raises to 4932
UDF1 calls
Turn [Th Td Tc 5d], Qoker (4952), UDF1 (4958)
UDF1 bets 30
Qoker raises to 42
UDF1 calls
River [Th Td Tc 5d 4d], Qoker (4994), UDF1 (5000)
UDF1 checks
Qoker checks
Qoker shows [8h 4h]
UDF1 shows [Kd Js]
Qoker awarded 5000
UDF1 awarded -5000

Round #447, UDF1 (-106530), Qoker (106530)
UDF1 posts blind: 10
Qoker posts blind: 20
UDF1 received [Qh 3s]
Qoker received [Ah 5s]
UDF1 calls
Qoker checks
Flop [7d 3h Js], UDF1 (20), Qoker (20)
Qoker bids 5
UDF1 bids 8
UDF1 won the auction and was revealed [Ah]
Flop [7d 3h Js], UDF1 (25), Qoker (20)
Qoker checks
UDF1 bets 3279
Qoker folds
UDF1 awarded 20
Qoker awarded -20

Round #448, Qoker (106510), UDF1 (-106510)
Qoker posts blind: 10
UDF1 posts blind: 20
Qoker received [5d Td]
UDF1 received [Jd 3s]
Qoker calls
UDF1 raises to 337
Qoker folds
Qoker awarded -20
UDF1 awarded 20

Round #449, UDF1 (-106490), Qoker (106490)
UDF1 posts blind: 10
Qoker posts blind: 20
UDF1 received [7s 6c]
Qoker received [Ts 9c]
UDF1 folds
UDF1 awarded -10
Qoker awarded 10

Round #450, Qoker (106500), UDF1 (-106500)
Qoker posts blind: 10
UDF1 posts blind: 20
Qoker received [Qh 7h]
UDF1 received [2d 8d]
Qoker calls
UDF1 checks
Flop [3h Jd 6c], Qoker (20), UDF1 (20)
UDF1 bids 10
Qoker bids 0
UDF1 won the auction and was revealed [7h]
Flop [3h Jd 6c], Qoker (20), UDF1 (20)
UDF1 bets 2519
Qoker folds
Qoker awarded -20
UDF1 awarded 20

Round #451, UDF1 (-106480), Qoker (106480)
UDF1 posts blind: 10
Qoker posts blind: 20
UDF1 received [2d 6c]
Qoker received [Qh 8s]
UDF1 calls
Qoker checks
Flop [Ks 2c 7h], UDF1 (20), Qoker (20)
Qoker bids 0
UDF1 bids 8
UDF1 won the auction and was revealed [8s]
Flop [Ks 2c 7h], UDF1 (20), Qoker (20)
Qoker checks
UDF1 bets 2943
Qoker folds
UDF1 awarded 20
Qoker awarded -20

Round #452, Qoker (106460), UDF1 (-106460)
Qoker posts blind: 10
UDF1 posts blind: 20
Qoker received [4s 6h]
UDF1 received [7d 9c]
Qoker calls
UDF1 raises to 337
Qoker folds
Qoker awarded -20
UDF1 awarded 20

Round #453, UDF1 (-106440), Qoker (106440)
UDF1 posts blind: 10
Qoker posts blind: 20
UDF1 received [Th 4h]
Qoker received [2s 5d]
UDF1 raises to 337
Qoker folds
UDF1 awarded 20
Qoker awarded -20

Round #454, Qoker (106420), UDF1 (-106420)
Qoker posts blind: 10
UDF1 posts blind: 20
Qoker received [Td 6h]
UDF1 received [2s Kc]
Qoker calls
UDF1 checks
Flop [7h As 6c], Qoker (20), UDF1 (20)
UDF1 bids 6
Qoker bids 6
Qoker won the auction and was revealed [Kc]
UDF1 won the auction and was revealed [6h]
Flop [7h As 6c], Qoker (26), UDF1 (26)
UDF1 bets 2085
Qoker calls
Turn [7h As 6c Jh], Qoker (2111), UDF1 (2111)
UDF1 bets 1185
Qoker calls
River [7h As 6c Jh 9h], Qoker (3296), UDF1 (3296)
UDF1 bets 592
Qoker calls
Qoker shows [Td 6h]
UDF1 shows [2s Kc]
Qoker awarded 3888
UDF1 awarded -3888

Round #455, UDF1 (-110308), Qoker (110308)
UDF1 posts blind: 10
Qoker posts blind: 20
UDF1 received [Jh Tc]
Qoker received [7c 5c]
UDF1 calls
Qoker checks
Flop [3c Qh 5h], UDF1 (20), Qoker (20)
Qoker bids 2
UDF1 bids 0
Qoker won the auction and was revealed [Tc]
Flop [3c Qh 5h], UDF1 (20), Qoker (20)
Qoker checks
UDF1 bets 2468
Qoker calls
Turn [3c Qh 5h 5s], UDF1 (2488), Qoker (2488)
Qoker bets 2512
UDF1 calls
River [3c Qh 5h 5s Ts], UDF1 (5000), Qoker (5000)
Qoker checks
UDF1 checks
UDF1 shows [Jh Tc]
Qoker shows [7c 5c]
UDF1 awarded -5000
Qoker awarded 5000

Round #456, Qoker (115308), UDF1 (-115308)
Qoker posts blind: 10
UDF1 posts blind: 20
Qoker received [Tc Th]
UDF1 received [3d Jc]
Qoker raises to 40
UDF1 calls
Flop [4d 6s 9s], Qoker (40), UDF1 (40)
UDF1 bids 9
Qoker bids 15
Qoker won the auction and was revealed [Jc]
Flop [4d 6s 9s], Qoker (49), UDF1 (40)
UDF1 bets 2880
Qoker calls
Turn [4d 6s 9s 8s], Qoker (2929), UDF1 (2920)
UDF1 bets 836
Qoker calls
River [4d 6s 9s 8s Jh], Qoker (3765), UDF1 (3756)
UDF1 bets 749
Qoker calls
Qoker shows [Tc Th]
UDF1 shows [3d Jc]
Qoker awarded -4514
UDF1 awarded 4514

Round #457, UDF1 (-110794), Qoker (110794)
UDF1 posts blind: 10
Qoker posts blind: 20
UDF1 received [6h 8s]
Qoker received [9s 5d]
UDF1 calls
Qoker checks
Flop [3d 2d 2s], UDF1 (20), Qoker (20)
Qoker bids 3
UDF1 bids 2
Qoker won the auction and was revealed [6h]
Flop [3d 2d 2s], UDF1 (20), Qoker (22)
Qoker checks
UDF1 bets 1925
Qoker calls
Turn [3d 2d 2s 4d], UDF1 (1945), Qoker (1947)
Qoker checks
UDF1 bets 1188
Qoker calls
River [3d 2d 2s 4d 2c], UDF1 (3133), Qoker (3135)
Qoker bets 1865
UDF1 folds
UDF1 awarded -3133
Qoker awarded 3133

Round #458, Qoker (113927), UDF1 (-113927)
Qoker posts blind: 10
UDF1 posts blind: 20
Qoker received [Ts 4c]
UDF1 received [7d 4d]
Qoker calls
UDF1 checks
Flop [9h Ah 2s], Qoker (20), UDF1 (20)
UDF1 bids 1
Qoker bids 3
Qoker won the auction and was revealed [4d]
Flop [9h Ah 2s], Qoker (21), UDF1 (20)
UDF1 bets 2281
Qoker folds
Qoker awarded -21
UDF1 awarded 21

Round #459, UDF1 (-113906), Qoker (113906)
UDF1 posts blind: 10
Qoker posts blind: 20
UDF1 received [7d Qd]
Qoker received [2d Td]
UDF1 raises to 337
Qoker folds
UDF1 awarded 20
Qoker awarded -20

Round #460, Qoker (113886), UDF1 (-113886)
Qoker posts blind: 10
UDF1 posts blind: 20
Qoker received [Td 5d]
UDF1 received [Js Qc]
Qoker calls
UDF1 checks
Flop [4h 7d Ah], Qoker (20), UDF1 (20)
UDF1 bids 2
Qoker bids 4
Qoker won the auction and was revealed [Qc]
Flop [4h 7d Ah], Qoker (22), UDF1 (20)
UDF1 bets 2921
Qoker folds
Qoker awarded -22
UDF1 awarded 22

Round #461, UDF1 (-113864), Qoker (113864)
UDF1 posts blind: 10
Qoker posts blind: 20
UDF1 received [Kc Kd]
Qoker received [4d 6s]
UDF1 raises to 4636
Qoker folds
UDF1 awarded 20
Qoker awarded -20

Round #462, Qoker (113844), UDF1 (-113844)
Qoker posts blind: 10
UDF1 posts blind: 20
Qoker received [Kd 8s]
UDF1 received [Kc 2c]
Qoker calls
UDF1 checks
Flop [8h 9c 7s], Qoker (20), UDF1 (20)
UDF1 bids 11
Qoker bids 4
UDF1 won the auction and was revealed [8s]
Flop [8h 9c 7s], Qoker (20), UDF1 (24)
UDF1 bets 2036
Qoker calls
Turn [8h 9c 7s 2d], Qoker (2056), UDF1 (2060)
UDF1 bets 1312
Qoker calls
River [8h 9c 7s 2d 4d], Qoker (3368), UDF1 (3372)
UDF1 bets 682
Qoker calls
Qoker shows [Kd 8s]
UDF1 shows [Kc 2c]
Qoker awarded 4054
UDF1 awarded -4054

Round #463, UDF1 (-117898), Qoker (117898)
UDF1 posts blind: 10
Qoker posts blind: 20
UDF1 received [As Ac]
Qoker received [2c Qd]
UDF1 raises to 4432
Qoker folds
UDF1 awarded 20
Qoker awarded -20

Round #464, Qoker (117878), UDF1 (-117878)
Qoker posts blind: 10
UDF1 posts blind: 20
Qoker received [Kh Jd]
UDF1 received [3h Ad]
Qoker calls
UDF1 checks
Flop [6s 7s 6d], Qoker (20), UDF1 (20)
UDF1 bids 5
Qoker bids 3
UDF1 won the auction and was revealed [Jd]
Flop [6s 7s 6d], Qoker (20), UDF1 (23)
UDF1 bets 2360
Qoker calls
Turn [6s 7s 6d 3c], Qoker (2380), UDF1 (2383)
UDF1 bets 1372
Qoker calls
River [6s 7s 6d 3c Qh], Qoker (3752), UDF1 (3755)
UDF1 bets 744
Qoker calls
Qoker shows [Kh Jd]
UDF1 shows [3h Ad]
Qoker awarded -4496
UDF1 awarded 4496

Round #465, UDF1 (-113382), Qoker (113382)
UDF1 posts blind: 10
Qoker posts blind: 20
UDF1 received [Ts Td]
Qoker received [7d 7s]
UDF1 raises to 3697
Qoker calls
Flop [2s 6s Qc], UDF1 (3697), Qoker (3697)
Qoker bids 1120
UDF1 bids 2
Qoker won the auction and was revealed [Ts]
Flop [2s 6s Qc], UDF1 (3697), Qoker (3699)
Qoker checks
UDF1 bets 882
Qoker calls
Turn [2s 6s Qc 9d], UDF1 (4579), Qoker (4581)
Qoker checks
UDF1 bets 302
Qoker calls
River [2s 6s Qc 9d Tc], UDF1 (4881), Qoker (4883)
Qoker checks
UDF1 bets 90
Qoker calls
UDF1 shows [Ts Td]
Qoker shows [7d 7s]
UDF1 awarded 4973
Qoker awarded -4973

Round #466, Qoker (108409), UDF1 (-108409)
Qoker posts blind: 10
UDF1 posts blind: 20
Qoker received [2h 5d]
UDF1 received [5c 6s]
Qoker calls
UDF1 checks
Flop [3c Qs 6h], Qoker (20), UDF1 (20)
UDF1 bids 4
Qoker bids 0
UDF1 won the auction and was revealed [5d]
Flop [3c Qs 6h], Qoker (20), UDF1 (20)
UDF1 bets 3177
Qoker folds
Qoker awarded -20
UDF1 awarded 20

Round #467, UDF1 (-108389), Qoker (108389)
UDF1 posts blind: 10
Qoker posts blind: 20
UDF1 received [Ad 2h]
Qoker received [9d 4h]
UDF1 calls
Qoker checks
Flop [Ah 9s 3d], UDF1 (20), Qoker (20)
Qoker bids 7
UDF1 bids 11
UDF1 won the auction and was revealed [9d]
Flop [Ah 9s 3d], UDF1 (27), Qoker (20)
Qoker bets 31
UDF1 raises to 3173
Qoker calls
Turn [Ah 9s 3d Jc], UDF1 (3200), Qoker (3193)
Qoker checks
UDF1 bets 1187
Qoker calls
River [Ah 9s 3d Jc Ts], UDF1 (4387), Qoker (4380)
Qoker bets 613
UDF1 calls
UDF1 shows [Ad 2h]
Qoker shows [9d 4h]
UDF1 awarded 4993
Qoker awarded -4993

Round #468, Qoker (103396), UDF1 (-103396)
Qoker posts blind: 10
UDF1 posts blind: 20
Qoker received [7c 8c]
UDF1 received [Td 8h]
Qoker calls
UDF1 checks
Flop [6d 4c 2d], Qoker (20), UDF1 (20)
UDF1 bids 11
Qoker bids 0
UDF1 won the auction and was revealed [7c]
Flop [6d 4c 2d], Qoker (20), UDF1 (20)
UDF1 bets 2802
Qoker folds
Qoker awarded -20
UDF1 awarded 20

Round #469, UDF1 (-103376), Qoker (103376)
UDF1 posts blind: 10
Qoker posts blind: 20
UDF1 received [9s 5c]
Qoker received [5s 2d]
UDF1 calls
Qoker checks
Flop [Qc 6h Ad], UDF1 (20), Qoker (20)
Qoker bids 4
UDF1 bids 1
Qoker won the auction and was revealed [9s]
Flop [Qc 6h Ad], UDF1 (20), Qoker (21)
Qoker checks
UDF1 bets 2769
Qoker folds
UDF1 awarded 21
Qoker awarded -21

Round #470, Qoker (103355), UDF1 (-103355)
Qoker posts blind: 10
UDF1 posts blind: 20
Qoker received [As Qs]
UDF1 received [3s Tc]
Qoker calls
UDF1 checks
Flop [Ts 4c Js], Qoker (20), UDF1 (20)
UDF1 bids 7
Qoker bids 1
UDF1 won the auction and was revealed [As]
Flop [Ts 4c Js], Qoker (20), UDF1 (21)
UDF1 bets 3047
Qoker calls
Turn [Ts 4c Js 9c], Qoker (3067), UDF1 (3068)
UDF1 bets 1124
Qoker calls
River [Ts 4c Js 9c Td], Qoker (4191), UDF1 (4192)
UDF1 bets 521
Qoker calls
Qoker shows [As Qs]
UDF1 shows [3s Tc]
Qoker awarded -4712
UDF1 awarded 4712

Round #471, UDF1 (-98643), Qoker (98643)
UDF1 posts blind: 10
Qoker posts blind: 20
UDF1 received [3d Tc]
Qoker received [2s 5d]
UDF1 folds
UDF1 awarded -10
Qoker awarded 10

Round #472, Qoker (98653), UDF1 (-98653)
Qoker posts blind: 10
UDF1 posts blind: 20
Qoker received [6s 6d]
UDF1 received [Qc Ad]
Qoker calls
UDF1 raises to 3535
Qoker calls
Flop [8c As Js], Qoker (3535), UDF1 (3535)
UDF1 bids 1
Qoker bids 441
Qoker won the auction and was revealed [Qc]
Flop [8c As Js], Qoker (3536), UDF1 (3535)
UDF1 bets 1046
Qoker calls
Turn [8c As Js Th], Qoker (4582), UDF1 (4581)
UDF1 bets 293
Qoker calls
River [8c As Js Th Kc], Qoker (4875), UDF1 (4874)
UDF1 bets 96
Qoker calls
Qoker shows [6s 6d]
UDF1 shows [Qc Ad]
Qoker awarded -4971
UDF1 awarded 4971

Round #473, UDF1 (-93682), Qoker (93682)
UDF1 posts blind: 10
Qoker posts blind: 20
UDF1 received [2d 3s]
Qoker received [Qs 6h]
UDF1 folds
UDF1 awarded -10
Qoker awarded 10

Round #474, Qoker (93692), UDF1 (-93692)
Qoker posts blind: 10
UDF1 posts blind: 20
Qoker received [8c 3d]
UDF1 received [6s 8s]
Qoker calls
UDF1 checks
Flop [Kh 3s 2s], Qoker (20), UDF1 (20)
UDF1 bids 2
Qoker bids 3
Qoker won the auction and was revealed [8s]
Flop [Kh 3s 2s], Qoker (22), UDF1 (20)
UDF1 bets 3101
Qoker calls
Turn [Kh 3s 2s Kd], Qoker (3123), UDF1 (3121)
UDF1 bets 837
Qoker calls
River [Kh 3s 2s Kd 5s], Qoker (3960), UDF1 (3958)
UDF1 bets 573
Qoker calls
Qoker shows [8c 3d]
UDF1 shows [6s 8s]
Qoker awarded -4533
UDF1 awarded 4533

Round #475, UDF1 (-89159), Qoker (89159)
UDF1 posts blind: 10
Qoker posts blind: 20
UDF1 received [Jc Qc]
Qoker received [4c 2c]
UDF1 raises to 3759
Qoker folds
UDF1 awarded 20
Qoker awarded -20

Round #476, Qoker (89139), UDF1 (-89139)
Qoker posts blind: 10
UDF1 posts blind: 20
Qoker received [2d 7d]
UDF1 received [4h Qh]
Qoker calls
UDF1 raises to 337
Qoker folds
Qoker awarded -20
UDF1 awarded 20

Round #477, UDF1 (-89119), Qoker (89119)
UDF1 posts blind: 10
Qoker posts blind: 20
UDF1 received [Js 7c]
Qoker received [8c 2d]
UDF1 raises to 337
Qoker folds
UDF1 awarded 20
Qoker awarded -20

Round #478, Qoker (89099), UDF1 (-89099)
Qoker posts blind: 10
UDF1 posts blind: 20
Qoker received [3s 2c]
UDF1 received [9s 2s]
Qoker calls
UDF1 checks
Flop [Ks 4s Td], Qoker (20), UDF1 (20)
UDF1 bids 3
Qoker bids 0
UDF1 won the auction and was revealed [3s]
Flop [Ks 4s Td], Qoker (20), UDF1 (20)
UDF1 bets 2848
Qoker folds
Qoker awarded -20
UDF1 awarded 20

Round #479, UDF1 (-89079), Qoker (89079)
UDF1 posts blind: 10
Qoker posts blind: 20
UDF1 received [5s 2s]
Qoker received [Tc Ad]
UDF1 calls
Qoker checks
Flop [5h 8h Ac], UDF1 (20), Qoker (20)
Qoker bids 5
UDF1 bids 2
Qoker won the auction and was revealed [5s]
Flop [5h 8h Ac], UDF1 (20), Qoker (22)
Qoker bets 24
UDF1 raises to 2847
Qoker calls
Turn [5h 8h Ac 6h], UDF1 (2867), Qoker (2869)
Qoker checks
UDF1 bets 998
Qoker calls
River [5h 8h Ac 6h 8d], UDF1 (3865), Qoker (3867)
Qoker bets 1133
UDF1 calls
UDF1 shows [5s 2s]
Qoker shows [Tc Ad]
UDF1 awarded -4998
Qoker awarded 4998

Round #480, Qoker (94077), UDF1 (-94077)
Qoker posts blind: 10
UDF1 posts blind: 20
Qoker received [Kc 3s]
UDF1 received [8h 5s]
Qoker calls
UDF1 checks
Flop [7c Tc 4h], Qoker (20), UDF1 (20)
UDF1 bids 5
Qoker bids 0
UDF1 won the auction and was revealed [Kc]
Flop [7c Tc 4h], Qoker (20), UDF1 (20)
UDF1 bets 2692
Qoker folds
Qoker awarded -20
UDF1 awarded 20

Round #481, UDF1 (-94057), Qoker (94057)
UDF1 posts blind: 10
Qoker posts blind: 20
UDF1 received [Kd 7d]
Qoker received [2h 6s]
UDF1 folds
UDF1 awarded -10
Qoker awarded 10

Round #482, Qoker (94067), UDF1 (-94067)
Qoker posts blind: 10
UDF1 posts blind: 20
Qoker received [2d Ah]
UDF1 received [7s 6h]
Qoker calls
UDF1 checks
Flop [8h 5s Qd], Qoker (20), UDF1 (20)
UDF1 bids 5
Qoker bids 4
UDF1 won the auction and was revealed [Ah]
Flop [8h 5s Qd], Qoker (20), UDF1 (24)
UDF1 bets 2515
Qoker folds
Qoker awarded -20
UDF1 awarded 20

Round #483, UDF1 (-94047), Qoker (94047)
UDF1 posts blind: 10
Qoker posts blind: 20
UDF1 received [7c Kh]
Qoker received [3s Qc]
UDF1 calls
Qoker checks
Flop [Ts Kd Qd], UDF1 (20), Qoker (20)
Qoker bids 7
UDF1 bids 9
UDF1 won the auction and was revealed [Qc]
Flop [Ts Kd Qd], UDF1 (27), Qoker (20)
Qoker bets 31
UDF1 raises to 3080
Qoker calls
Turn [Ts Kd Qd 5d], UDF1 (3107), Qoker (3100)
Qoker checks
UDF1 bets 1106
Qoker calls
River [Ts Kd Qd 5d 5c], UDF1 (4213), Qoker (4206)
Qoker checks
UDF1 bets 421
Qoker calls
UDF1 shows [7c Kh]
Qoker shows [3s Qc]
UDF1 awarded 4627
Qoker awarded -4627

Round #484, Qoker (89420), UDF1 (-89420)
Qoker posts blind: 10
UDF1 posts blind: 20
Qoker received [5h Jc]
UDF1 received [5c 7h]
Qoker calls
UDF1 checks
Flop [4c 3s 6d], Qoker (20), UDF1 (20)
UDF1 bids 0
Qoker bids 2
Qoker won the auction and was revealed [5c]
Flop [4c 3s 6d], Qoker (20), UDF1 (20)
UDF1 bets 3669
Qoker calls
Turn [4c 3s 6d Ks], Qoker (3689), UDF1 (3689)
UDF1 bets 869
Qoker calls
River [4c 3s 6d Ks 6h], Qoker (4558), UDF1 (4558)
UDF1 bets 283
Qoker calls
Qoker shows [5h Jc]
UDF1 shows [5c 7h]
Qoker awarded -4841
UDF1 awarded 4841

Round #485, UDF1 (-84579), Qoker (84579)
UDF1 posts blind: 10
Qoker posts blind: 20
UDF1 received [5c Ts]
Qoker received [Qh Qc]
UDF1 folds
UDF1 awarded -10
Qoker awarded 10

Round #486, Qoker (84589), UDF1 (-84589)
Qoker posts blind: 10
UDF1 posts blind: 20
Qoker received [Ad 6c]
UDF1 received [2h Ts]
Qoker calls
UDF1 checks
Flop [3s Kh 6d], Qoker (20), UDF1 (20)
UDF1 bids 10
Qoker bids 5
UDF1 won the auction and was revealed [Ad]
Flop [3s Kh 6d], Qoker (20), UDF1 (25)
UDF1 bets 2234
Qoker calls
Turn [3s Kh 6d 3c], Qoker (2254), UDF1 (2259)
UDF1 bets 1182
Qoker calls
River [3s Kh 6d 3c 2d], Qoker (3436), UDF1 (3441)
UDF1 bets 971
Qoker calls
Qoker shows [Ad 6c]
UDF1 shows [2h Ts]
Qoker awarded 4412
UDF1 awarded -4412

Round #487, UDF1 (-89001), Qoker (89001)
UDF1 posts blind: 10
Qoker posts blind: 20
UDF1 received [7h 4s]
Qoker received [Ks 3h]
UDF1 calls
Qoker checks
Flop [7d Jc 5c], UDF1 (20), Qoker (20)
Qoker bids 0
UDF1 bids 8
UDF1 won the auction and was revealed [3h]
Flop [7d Jc 5c], UDF1 (20), Qoker (20)
Qoker checks
UDF1 bets 3085
Qoker folds
UDF1 awarded 20
Qoker awarded -20

Round #488, Qoker (88981), UDF1 (-88981)
Qoker posts blind: 10
UDF1 posts blind: 20
Qoker received [4d 7c]
UDF1 received [2s 5s]
Qoker calls
UDF1 checks
Flop [6s Jh 5d], Qoker (20), UDF1 (20)
UDF1 bids 0
Qoker bids 3
Qoker won the auction and was revealed [5s]
Flop [6s Jh 5d], Qoker (20), UDF1 (20)
UDF1 bets 3025
Qoker calls
Turn [6s Jh 5d 8s], Qoker (3045), UDF1 (3045)
UDF1 bets 1070
Qoker raises to 1955
UDF1 calls
River [6s Jh 5d 8s Ah], Qoker (5000), UDF1 (5000)
UDF1 checks
Qoker checks
Qoker shows [4d 7c]
UDF1 shows [2s 5s]
Qoker awarded 5000
UDF1 awarded -5000

Round #489, UDF1 (-93981), Qoker (93981)
UDF1 posts blind: 10
Qoker posts blind: 20
UDF1 received [Qc 4d]
Qoker received [4c 7h]
UDF1 raises to 337
Qoker folds
UDF1 awarded 20
Qoker awarded -20

Round #490, Qoker (93961), UDF1 (-93961)
Qoker posts blind: 10
UDF1 posts blind: 20
Qoker received [9h 3s]
UDF1 received [6s Qs]
Qoker calls
UDF1 raises to 337
Qoker folds
Qoker awarded -20
UDF1 awarded 20

Round #491, UDF1 (-93941), Qoker (93941)
UDF1 posts blind: 10
Qoker posts blind: 20
UDF1 received [8c 3c]
Qoker received [4s Td]
UDF1 folds
UDF1 awarded -10
Qoker awarded 10

Round #492, Qoker (93951), UDF1 (-93951)
Qoker posts blind: 10
UDF1 posts blind: 20
Qoker received [5d Js]
UDF1 received [9c Td]
Qoker calls
UDF1 checks
Flop [Qs 6s 3s], Qoker (20), UDF1 (20)
UDF1 bids 3
Qoker bids 2
UDF1 won the auction and was revealed [5d]
Flop [Qs 6s 3s], Qoker (20), UDF1 (22)
UDF1 bets 2541
Qoker calls
Turn [Qs 6s 3s 2d], Qoker (2561), UDF1 (2563)
UDF1 bets 1166
Qoker calls
River [Qs 6s 3s 2d 2c], Qoker (3727), UDF1 (3729)
UDF1 bets 575
Qoker calls
Qoker shows [5d Js]
UDF1 shows [9c Td]
Qoker awarded 4304
UDF1 awarded -4304

Round #493, UDF1 (-98255), Qoker (98255)
UDF1 posts blind: 10
Qoker posts blind: 20
UDF1 received [Jc 7c]
Qoker received [Jd 5h]
UDF1 folds
UDF1 awarded -10
Qoker awarded 10

Round #494, Qoker (98265), UDF1 (-98265)
Qoker posts blind: 10
UDF1 posts blind: 20
Qoker received [Kd 6c]
UDF1 received [Ad 2h]
Qoker calls
UDF1 checks
Flop [4c 9d Kh], Qoker (20), UDF1 (20)
UDF1 bids 12
Qoker bids 4
UDF1 won the auction and was revealed [Kd]
Flop [4c 9d Kh], Qoker (20), UDF1 (24)
UDF1 bets 2151
Qoker calls
Turn [4c 9d Kh 8c], Qoker (2171), UDF1 (2175)
UDF1 bets 1147
Qoker calls
River [4c 9d Kh 8c 2c], Qoker (3318), UDF1 (3322)
UDF1 bets 632
Qoker calls
Qoker shows [Kd 6c]
UDF1 shows [Ad 2h]
Qoker awarded 3954
UDF1 awarded -3954

Round #495, UDF1 (-102219), Qoker (102219)
UDF1 posts blind: 10
Qoker posts blind: 20
UDF1 received [9s 4c]
Qoker received [Td 3c]
UDF1 folds
UDF1 awarded -10
Qoker awarded 10

Round #496, Qoker (102229), UDF1 (-102229)
Qoker posts blind: 10
UDF1 posts blind: 20
Qoker received [8s 2h]
UDF1 received [5c Tc]
Qoker calls
UDF1 checks
Flop [8d 5s Jh], Qoker (20), UDF1 (20)
UDF1 bids 2
Qoker bids 3
Qoker won the auction and was revealed [Tc]
Flop [8d 5s Jh], Qoker (22), UDF1 (20)
UDF1 bets 3091
Qoker calls
Turn [8d 5s Jh 8c], Qoker (3113), UDF1 (3111)
UDF1 bets 1089
Qoker raises to 1887
UDF1 calls
River [8d 5s Jh 8c 6c], Qoker (5000), UDF1 (4998)
UDF1 checks
Qoker checks
Qoker shows [8s 2h]
UDF1 shows [5c Tc]
Qoker awarded 4998
UDF1 awarded -4998

Round #497, UDF1 (-107227), Qoker (107227)
UDF1 posts blind: 10
Qoker posts blind: 20
UDF1 received [3h Kd]
Qoker received [4c 6h]
UDF1 calls
Qoker checks
Flop [As 4d 7c], UDF1 (20), Qoker (20)
Qoker bids 2
UDF1 bids 5
UDF1 won the auction and was revealed [6h]
Flop [As 4d 7c], UDF1 (22), Qoker (20)
Qoker checks
UDF1 bets 2860
Qoker calls
Turn [As 4d 7c Ac], UDF1 (2882), Qoker (2880)
Qoker checks
UDF1 bets 1139
Qoker calls
River [As 4d 7c Ac Jd], UDF1 (4021), Qoker (4019)
Qoker bets 979
UDF1 calls
UDF1 shows [3h Kd]
Qoker shows [4c 6h]
UDF1 awarded -5000
Qoker awarded 5000

Round #498, Qoker (112227), UDF1 (-112227)
Qoker posts blind: 10
UDF1 posts blind: 20
Qoker received [Ks 8d]
UDF1 received [3s 9h]
Qoker calls
UDF1 checks
Flop [Ac 7d 5d], Qoker (20), UDF1 (20)
UDF1 bids 6
Qoker bids 2
UDF1 won the auction and was revealed [Ks]
Flop [Ac 7d 5d], Qoker (20), UDF1 (22)
UDF1 bets 2516
Qoker folds
Qoker awarded -20
UDF1 awarded 20

Round #499, UDF1 (-112207), Qoker (112207)
UDF1 posts blind: 10
Qoker posts blind: 20
UDF1 received [7d Qc]
Qoker received [9h Kd]
UDF1 folds
UDF1 awarded -10
Qoker awarded 10

Round #500, Qoker (112217), UDF1 (-112217)
Qoker posts blind: 10
UDF1 posts blind: 20
Qoker received [6d 8h]
UDF1 received [4d 5d]
Qoker calls
UDF1 raises to 337
Qoker folds
Qoker awarded -20
UDF1 awarded 20

Round #501, UDF1 (-112197), Qoker (112197)
UDF1 posts blind: 10
Qoker posts blind: 20
UDF1 received [2c Qh]
Qoker received [5h Qc]
UDF1 folds
UDF1 awarded -10
Qoker awarded 10

Round #502, Qoker (112207), UDF1 (-112207)
Qoker posts blind: 10
UDF1 posts blind: 20
Qoker received [6s Td]
UDF1 received [Jh Qh]
Qoker calls
UDF1 raises to 3586
Qoker folds
Qoker awarded -20
UDF1 awarded 20

Round #503, UDF1 (-112187), Qoker (112187)
UDF1 posts blind: 10
Qoker posts blind: 20
UDF1 received [6c 5c]
Qoker received [8c 9s]
UDF1 calls
Qoker checks
Flop [Kc Tc 9h], UDF1 (20), Qoker (20)
Qoker bids 5
UDF1 bids 12
UDF1 won the auction and was revealed [9s]
Flop [Kc Tc 9h], UDF1 (25), Qoker (20)
Qoker bets 31
UDF1 calls
Turn [Kc Tc 9h Jh], UDF1 (56), Qoker (51)
Qoker bets 61
UDF1 folds
UDF1 awarded -56
Qoker awarded 56

Round #504, Qoker (112243), UDF1 (-112243)
Qoker posts blind: 10
UDF1 posts blind: 20
Qoker received [2h Qh]
UDF1 received [9d 6h]
Qoker calls
UDF1 raises to 337
Qoker folds
Qoker awarded -20
UDF1 awarded 20

Round #505, UDF1 (-112223), Qoker (112223)
UDF1 posts blind: 10
Qoker posts blind: 20
UDF1 received [7h Qs]
Qoker received [7d 9c]
UDF1 calls
Qoker checks
Flop [8h 4h Td], UDF1 (20), Qoker (20)
Qoker bids 4
UDF1 bids 0
Qoker won the auction and was revealed [7h]
Flop [8h 4h Td], UDF1 (20), Qoker (20)
Qoker checks
UDF1 bets 2875
Qoker calls
Turn [8h 4h Td 5s], UDF1 (2895), Qoker (2895)
Qoker checks
UDF1 bets 1023
Qoker calls
River [8h 4h Td 5s 6c], UDF1 (3918), Qoker (3918)
Qoker bets 1082
UDF1 calls
UDF1 shows [7h Qs]
Qoker shows [7d 9c]
UDF1 awarded -5000
Qoker awarded 5000

Round #506, Qoker (117223), UDF1 (-117223)
Qoker posts blind: 10
UDF1 posts blind: 20
Qoker received [Jd 5h]
UDF1 received [5s 3s]
Qoker calls
UDF1 checks
Flop [8c 6d Ad], Qoker (20), UDF1 (20)
UDF1 bids 11
Qoker bids 3
UDF1 won the auction and was revealed [Jd]
Flop [8c 6d Ad], Qoker (20), UDF1 (23)
UDF1 bets 2398
Qoker folds
Qoker awarded -20
UDF1 awarded 20

Round #507, UDF1 (-117203), Qoker (117203)
UDF1 posts blind: 10
Qoker posts blind: 20
UDF1 received [3s 7s]
Qoker received [2d Kh]
UDF1 folds
UDF1 awarded -10
Qoker awarded 10

Round #508, Qoker (117213), UDF1 (-117213)
Qoker posts blind: 10
UDF1 posts blind: 20
Qoker received [Qs Kc]
UDF1 received [Ts 2s]
Qoker calls
UDF1 checks
Flop [As 6d Kh], Qoker (20), UDF1 (20)
UDF1 bids 4
Qoker bids 5
Qoker won the auction and was revealed [2s]
Flop [As 6d Kh], Qoker (24), UDF1 (20)
UDF1 bets 2955
Qoker raises to 4976
UDF1 calls
Turn [As 6d Kh 2c], Qoker (5000), UDF1 (4996)
UDF1 checks
Qoker checks
River [As 6d Kh 2c Ks], Qoker (5000), UDF1 (4996)
UDF1 checks
Qoker checks
Qoker shows [Qs Kc]
UDF1 shows [Ts 2s]
Qoker awarded 4996
UDF1 awarded -4996

Round #509, UDF1 (-122209), Qoker (122209)
UDF1 posts blind: 10
Qoker posts blind: 20
UDF1 received [3d 6d]
Qoker received [5c Ah]
UDF1 raises to 337
Qoker folds
UDF1 awarded 20
Qoker awarded -20

Round #510, Qoker (122189), UDF1 (-122189)
Qoker posts blind: 10
UDF1 posts blind: 20
Qoker received [6s Kd]
UDF1 received [Ah 9d]
Qoker calls
UDF1 raises to 337
Qoker folds
Qoker awarded -20
UDF1 awarded 20

Round #511, UDF1 (-122169), Qoker (122169)
UDF1 posts blind: 10
Qoker posts blind: 20
UDF1 received [5h Qc]
Qoker received [8d 6d]
UDF1 folds
UDF1 awarded -10
Qoker awarded 10

Round #512, Qoker (122179), UDF1 (-122179)
Qoker posts blind: 10
UDF1 posts blind: 20
Qoker received [Qc Kd]
UDF1 received [5s 8c]
Qoker calls
UDF1 checks
Flop [Kh Tc 2d], Qoker (20), UDF1 (20)
UDF1 bids 0
Qoker bids 4
Qoker won the auction and was revealed [8c]
Flop [Kh Tc 2d], Qoker (20), UDF1 (20)
UDF1 bets 2296
Qoker raises to 4592
UDF1 folds
Qoker awarded 2316
UDF1 awarded -2316

Round #513, UDF1 (-124495), Qoker (124495)
UDF1 posts blind: 10
Qoker posts blind: 20
UDF1 received [8s Jc]
Qoker received [6c 4c]
UDF1 raises to 337
Qoker calls
Flop [9s Th 2s], UDF1 (337), Qoker (337)
Qoker bids 0
UDF1 bids 4
UDF1 won the auction and was revealed [4c]
Flop [9s Th 2s], UDF1 (337), Qoker (337)
Qoker checks
UDF1 bets 3027
Qoker folds
UDF1 awarded 337
Qoker awarded -337

Round #514, Qoker (124158), UDF1 (-124158)
Qoker posts blind: 10
UDF1 posts blind: 20
Qoker received [6h 9c]
UDF1 received [2s Ts]
Qoker calls
UDF1 checks
Flop [9d 6s 4c], Qoker (20), UDF1 (20)
UDF1 bids 7
Qoker bids 6
UDF1 won the auction and was revealed [6h]
Flop [9d 6s 4c], Qoker (20), UDF1 (26)
UDF1 bets 2154
Qoker calls
Turn [9d 6s 4c 4s], Qoker (2174), UDF1 (2180)
UDF1 bets 1191
Qoker calls
River [9d 6s 4c 4s 5s], Qoker (3365), UDF1 (3371)
UDF1 bets 904
Qoker calls
Qoker shows [6h 9c]
UDF1 shows [2s Ts]
Qoker awarded -4269
UDF1 awarded 4269

Round #515, UDF1 (-119889), Qoker (119889)
UDF1 posts blind: 10
Qoker posts blind: 20
UDF1 received [6s 2d]
Qoker received [Kc 9s]
UDF1 calls
Qoker checks
Flop [Ac 4d Jc], UDF1 (20), Qoker (20)
Qoker bids 5
UDF1 bids 1
Qoker won the auction and was revealed [2d]
Flop [Ac 4d Jc], UDF1 (20), Qoker (21)
Qoker bets 21
UDF1 folds
UDF1 awarded -20
Qoker awarded 20

Round #516, Qoker (119909), UDF1 (-119909)
Qoker posts blind: 10
UDF1 posts blind: 20
Qoker received [Ad 3s]
UDF1 received [3c 9d]
Qoker calls
UDF1 checks
Flop [Kh 4d 4h], Qoker (20), UDF1 (20)
UDF1 bids 2
Qoker bids 2
Qoker won the auction and was revealed [9d]
UDF1 won the auction and was revealed [Ad]
Flop [Kh 4d 4h], Qoker (22), UDF1 (22)
UDF1 bets 2360
Qoker calls
Turn [Kh 4d 4h Th], Qoker (2382), UDF1 (2382)
UDF1 bets 905
Qoker calls
River [Kh 4d 4h Th Kd], Qoker (3287), UDF1 (3287)
UDF1 bets 491
Qoker calls
Qoker shows [Ad 3s]
UDF1 shows [3c 9d]
Qoker awarded 3778
UDF1 awarded -3778

Round #517, UDF1 (-123687), Qoker (123687)
UDF1 posts blind: 10
Qoker posts blind: 20
UDF1 received [9c Th]
Qoker received [3h 3s]
UDF1 raises to 337
Qoker calls
Flop [Jc 3d Tc], UDF1 (337), Qoker (337)
Qoker bids 133
UDF1 bids 1
Qoker won the auction and was revealed [Th]
Flop [Jc 3d Tc], UDF1 (337), Qoker (338)
Qoker bets 429
UDF1 raises to 3311
Qoker calls
Turn [Jc 3d Tc Qs], UDF1 (3648), Qoker (3649)
Qoker checks
UDF1 bets 876
Qoker calls
River [Jc 3d Tc Qs 6d], UDF1 (4524), Qoker (4525)
Qoker bets 475
UDF1 calls
UDF1 shows [9c Th]
Qoker shows [3h 3s]
UDF1 awarded -4999
Qoker awarded 4999

Round #518, Qoker (128686), UDF1 (-128686)
Qoker posts blind: 10
UDF1 posts blind: 20
Qoker received [4s Jc]
UDF1 received [5d 4h]
Qoker calls
UDF1 checks
Flop [5h Td 6s], Qoker (20), UDF1 (20)
UDF1 bids 9
Qoker bids 0
UDF1 won the auction and was revealed [4s]
Flop [5h Td 6s], Qoker (20), UDF1 (20)
UDF1 bets 3111
Qoker folds
Qoker awarded -20
UDF1 awarded 20

Round #519, UDF1 (-128666), Qoker (128666)
UDF1 posts blind: 10
Qoker posts blind: 20
UDF1 received [7c 6h]
Qoker received [3d 4d]
UDF1 calls
Qoker checks
Flop [Ts Qd 6d], UDF1 (20), Qoker (20)
Qoker bids 3
UDF1 bids 5
UDF1 won the auction and was revealed [4d]
Flop [Ts Qd 6d], UDF1 (23), Qoker (20)
Qoker checks
UDF1 bets 3147
Qoker calls
Turn [Ts Qd 6d Jd], UDF1 (3170), Qoker (3167)
Qoker bets 1830
UDF1 calls
River [Ts Qd 6d Jd 5s], UDF1 (5000), Qoker (4997)
Qoker checks
UDF1 checks
UDF1 shows [7c 6h]
Qoker shows [3d 4d]
UDF1 awarded -5000
Qoker awarded 5000

Round #520, Qoker (133666), UDF1 (-133666)
Qoker posts blind: 10
UDF1 posts blind: 20
Qoker received [3d 3s]
UDF1 received [8s 9s]
Qoker calls
UDF1 checks
Flop [Td As Ts], Qoker (20), UDF1 (20)
UDF1 bids 3
Qoker bids 5
Qoker won the auction and was revealed [9s]
Flop [Td As Ts], Qoker (23), UDF1 (20)
UDF1 bets 3193
Qoker calls
Turn [Td As Ts 7d], Qoker (3216), UDF1 (3213)
UDF1 bets 906
Qoker calls
River [Td As Ts 7d Tc], Qoker (4122), UDF1 (4119)
UDF1 bets 425
Qoker raises to 878
UDF1 calls
Qoker shows [3d 3s]
UDF1 shows [8s 9s]
Qoker awarded 4997
UDF1 awarded -4997

Round #521, UDF1 (-138663), Qoker (138663)
UDF1 posts blind: 10
Qoker posts blind: 20
UDF1 received [Ad Ks]
Qoker received [3d 7s]
UDF1 raises to 4362
Qoker folds
UDF1 awarded 20
Qoker awarded -20

Round #522, Qoker (138643), UDF1 (-138643)
Qoker posts blind: 10
UDF1 posts blind: 20
Qoker received [5c Kc]
UDF1 received [6c 9h]
Qoker calls
UDF1 checks
Flop [5h 4c 6d], Qoker (20), UDF1 (20)
UDF1 bids 11
Qoker bids 2
UDF1 won the auction and was revealed [5c]
Flop [5h 4c 6d], Qoker (20), UDF1 (22)
UDF1 bets 3070
Qoker calls
Turn [5h 4c 6d 8d], Qoker (3090), UDF1 (3092)
UDF1 bets 1198
Qoker calls
River [5h 4c 6d 8d Js], Qoker (4288), UDF1 (4290)
UDF1 bets 437
Qoker calls
Qoker shows [5c Kc]
UDF1 shows [6c 9h]
Qoker awarded -4725
UDF1 awarded 4725

Round #523, UDF1 (-133918), Qoker (133918)
UDF1 posts blind: 10
Qoker posts blind: 20
UDF1 received [2d 3h]
Qoker received [3c 9d]
UDF1 raises to 337
Qoker folds
UDF1 awarded 20
Qoker awarded -20

Round #524, Qoker (133898), UDF1 (-133898)
Qoker posts blind: 10
UDF1 posts blind: 20
Qoker received [5c 4s]
UDF1 received [Js 7c]
Qoker calls
UDF1 raises to 337
Qoker folds
Qoker awarded -20
UDF1 awarded 20

Round #525, UDF1 (-133878), Qoker (133878)
UDF1 posts blind: 10
Qoker posts blind: 20
UDF1 received [Qh 4c]
Qoker received [7c 6s]
UDF1 calls
Qoker checks
Flop [Qd Th Ad], UDF1 (20), Qoker (20)
Qoker bids 5
UDF1 bids 11
UDF1 won the auction and was revealed [7c]
Flop [Qd Th Ad], UDF1 (25), Qoker (20)
Qoker checks
UDF1 bets 3312
Qoker folds
UDF1 awarded 20
Qoker awarded -20

Round #526, Qoker (133858), UDF1 (-133858)
Qoker posts blind: 10
UDF1 posts blind: 20
Qoker received [5h 7s]
UDF1 received [5s Kh]
Qoker calls
UDF1 checks
Flop [4h Tc 9c], Qoker (20), UDF1 (20)
UDF1 bids 2
Qoker bids 0
UDF1 won the auction and was revealed [7s]
Flop [4h Tc 9c], Qoker (20), UDF1 (20)
UDF1 bets 2843
Qoker folds
Qoker awarded -20
UDF1 awarded 20

Round #527, UDF1 (-133838), Qoker (133838)
UDF1 posts blind: 10
Qoker posts blind: 20
UDF1 received [2c Td]
Qoker received [6c Kd]
UDF1 folds
UDF1 awarded -10
Qoker awarded 10

Round #528, Qoker (133848), UDF1 (-133848)
Qoker posts blind: 10
UDF1 posts blind: 20
Qoker received [Jc 7s]
UDF1 received [As 7h]
Qoker calls
UDF1 checks
Flop [4d Js 2h], Qoker (20), UDF1 (20)
UDF1 bids 6
Qoker bids 5
UDF1 won the auction and was revealed [7s]
Flop [4d Js 2h], Qoker (20), UDF1 (25)
UDF1 bets 3464
Qoker calls
Turn [4d Js 2h Th], Qoker (3484), UDF1 (3489)
UDF1 bets 857
Qoker calls
River [4d Js 2h Th 7c], Qoker (4341), UDF1 (4346)
UDF1 bets 377
Qoker calls
Qoker shows [Jc 7s]
UDF1 shows [As 7h]
Qoker awarded 4723
UDF1 awarded -4723

Round #529, UDF1 (-138571), Qoker (138571)
UDF1 posts blind: 10
Qoker posts blind: 20
UDF1 received [4c Kh]
Qoker received [Ks 7s]
UDF1 raises to 337
Qoker folds
UDF1 awarded 20
Qoker awarded -20

Round #530, Qoker (138551), UDF1 (-138551)
Qoker posts blind: 10
UDF1 posts blind: 20
Qoker received [Kh 8s]
UDF1 received [3d 7s]
Qoker calls
UDF1 checks
Flop [6h 6s Jd], Qoker (20), UDF1 (20)
UDF1 bids 12
Qoker bids 3
UDF1 won the auction and was revealed [8s]
Flop [6h 6s Jd], Qoker (20), UDF1 (23)
UDF1 bets 2699
Qoker calls
Turn [6h 6s Jd Jh], Qoker (2719), UDF1 (2722)
UDF1 bets 852
Qoker calls
River [6h 6s Jd Jh 7c], Qoker (3571), UDF1 (3574)
UDF1 bets 766
Qoker calls
Qoker shows [Kh 8s]
UDF1 shows [3d 7s]
Qoker awarded -4337
UDF1 awarded 4337

Round #531, UDF1 (-134214), Qoker (134214)
UDF1 posts blind: 10
Qoker posts blind: 20
UDF1 received [Tc 9c]
Qoker received [Jd 6h]
UDF1 calls
Qoker checks
Flop [3h 5h Kc], UDF1 (20), Qoker (20)
Qoker bids 0
UDF1 bids 4
UDF1 won the auction and was revealed [Jd]
Flop [3h 5h Kc], UDF1 (20), Qoker (20)
Qoker checks
UDF1 bets 2776
Qoker folds
UDF1 awarded 20
Qoker awarded -20

Round #532, Qoker (134194), UDF1 (-134194)
Qoker posts blind: 10
UDF1 posts blind: 20
Qoker received [Ad Qs]
UDF1 received [9s 8h]
Qoker calls
UDF1 checks
Flop [Js Tc 3c], Qoker (20), UDF1 (20)
UDF1 bids 3
Qoker bids 3
Qoker won the auction and was revealed [8h]
UDF1 won the auction and was revealed [Qs]
Flop [Js Tc 3c], Qoker (23), UDF1 (23)
UDF1 bets 2584
Qoker folds
Qoker awarded -23
UDF1 awarded 23

Round #533, UDF1 (-134171), Qoker (134171)
UDF1 posts blind: 10
Qoker posts blind: 20
UDF1 received [9d 5d]
Qoker received [Ah 2c]
UDF1 calls
Qoker checks
Flop [9s Js Ts], UDF1 (20), Qoker (20)
Qoker bids 2
UDF1 bids 10
UDF1 won the auction and was revealed [2c]
Flop [9s Js Ts], UDF1 (22), Qoker (20)
Qoker checks
UDF1 bets 2794
Qoker folds
UDF1 awarded 20
Qoker awarded -20

Round #534, Qoker (134151), UDF1 (-134151)
Qoker posts blind: 10
UDF1 posts blind: 20
Qoker received [Js 4d]
UDF1 received [Qd Td]
Qoker calls
UDF1 checks
Flop [6h 3h Qc], Qoker (20), UDF1 (20)
UDF1 bids 0
Qoker bids 0
Qoker won the auction and was revealed [Qd]
UDF1 won the auction and was revealed [4d]
Flop [6h 3h Qc], Qoker (20), UDF1 (20)
UDF1 bets 3416
Qoker folds
Qoker awarded -20
UDF1 awarded 20

Round #535, UDF1 (-134131), Qoker (134131)
UDF1 posts blind: 10
Qoker posts blind: 20
UDF1 received [3h 9h]
Qoker received [Js Ts]
UDF1 calls
Qoker checks
Flop [9c Ac 5c], UDF1 (20), Qoker (20)
Qoker bids 3
UDF1 bids 3
UDF1 won the auction and was revealed [Ts]
Qoker won the auction and was revealed [9h]
Flop [9c Ac 5c], UDF1 (23), Qoker (23)
Qoker checks
UDF1 bets 2693
Qoker folds
UDF1 awarded 23
Qoker awarded -23

Round #536, Qoker (134108), UDF1 (-134108)
Qoker posts blind: 10
UDF1 posts blind: 20
Qoker received [Jd Qh]
UDF1 received [3c Qd]
Qoker calls
UDF1 checks
Flop [6d 8d Ts], Qoker (20), UDF1 (20)
UDF1 bids 4
Qoker bids 0
UDF1 won the auction and was revealed [Qh]
Flop [6d 8d Ts], Qoker (20), UDF1 (20)
UDF1 bets 2043
Qoker folds
Qoker awarded -20
UDF1 awarded 20

Round #537, UDF1 (-134088), Qoker (134088)
UDF1 posts blind: 10
Qoker posts blind: 20
UDF1 received [Th 5c]
Qoker received [2s 9s]
UDF1 calls
Qoker checks
Flop [9h 8d 2c], UDF1 (20), Qoker (20)
Qoker bids 8
UDF1 bids 0
Qoker won the auction and was revealed [5c]
Flop [9h 8d 2c], UDF1 (20), Qoker (20)
Qoker bets 30
UDF1 folds
UDF1 awarded -20
Qoker awarded 20

Round #538, Qoker (134108), UDF1 (-134108)
Qoker posts blind: 10
UDF1 posts blind: 20
Qoker received [7c 9d]
UDF1 received [Qs 8c]
Qoker calls
UDF1 raises to 337
Qoker folds
Qoker awarded -20
UDF1 awarded 20

Round #539, UDF1 (-134088), Qoker (134088)
UDF1 posts blind: 10
Qoker posts blind: 20
UDF1 received [9h Kc]
Qoker received [3c 4h]
UDF1 folds
UDF1 awarded -10
Qoker awarded 10

Round #540, Qoker (134098), UDF1 (-134098)
Qoker posts blind: 10
UDF1 posts blind: 20
Qoker received [6d Qc]
UDF1 received [5c Ac]
Qoker calls
UDF1 raises to 337
Qoker folds
Qoker awarded -20
UDF1 awarded 20

Round #541, UDF1 (-134078), Qoker (134078)
UDF1 posts blind: 10
Qoker posts blind: 20
UDF1 received [Ah Qc]
Qoker received [7s Kh]
UDF1 raises to 3634
Qoker folds
UDF1 awarded 20
Qoker awarded -20

Round #542, Qoker (134058), UDF1 (-134058)
Qoker posts blind: 10
UDF1 posts blind: 20
Qoker received [Kd Qd]
UDF1 received [2s 7c]
Qoker calls
UDF1 checks
Flop [Qh Qc 6d], Qoker (20), UDF1 (20)
UDF1 bids 2
Qoker bids 8
Qoker won the auction and was revealed [2s]
Flop [Qh Qc 6d], Qoker (22), UDF1 (20)
UDF1 bets 2203
Qoker raises to 4406
UDF1 folds
Qoker awarded 2223
UDF1 awarded -2223

Round #543, UDF1 (-136281), Qoker (136281)
UDF1 posts blind: 10
Qoker posts blind: 20
UDF1 received [Kd 5h]
Qoker received [8h 8c]
UDF1 calls
Qoker checks
Flop [Th 9h Ac], UDF1 (20), Qoker (20)
Qoker bids 1
UDF1 bids 0
Qoker won the auction and was revealed [5h]
Flop [Th 9h Ac], UDF1 (20), Qoker (20)
Qoker bets 33
UDF1 calls
Turn [Th 9h Ac 4d], UDF1 (53), Qoker (53)
Qoker bets 82
UDF1 calls
River [Th 9h Ac 4d 6s], UDF1 (135), Qoker (135)
Qoker bets 184
UDF1 folds
UDF1 awarded -135
Qoker awarded 135

Round #544, Qoker (136416), UDF1 (-136416)
Qoker posts blind: 10
UDF1 posts blind: 20
Qoker received [5c 3s]
UDF1 received [7c 4s]
Qoker calls
UDF1 checks
Flop [3h 2s 9d], Qoker (20), UDF1 (20)
UDF1 bids 3
Qoker bids 3
Qoker won the auction and was revealed [4s]
UDF1 won the auction and was revealed [5c]
Flop [3h 2s 9d], Qoker (23), UDF1 (23)
UDF1 bets 2475
Qoker calls
Turn [3h 2s 9d 7s], Qoker (2498), UDF1 (2498)
UDF1 bets 1507
Qoker calls
River [3h 2s 9d 7s Kc], Qoker (4005), UDF1 (4005)
UDF1 bets 614
Qoker calls
Qoker shows [5c 3s]
UDF1 shows [7c 4s]
Qoker awarded -4619
UDF1 awarded 4619

Round #545, UDF1 (-131797), Qoker (131797)
UDF1 posts blind: 10
Qoker posts blind: 20
UDF1 received [Kh 2s]
Qoker received [6s 8c]
UDF1 calls
Qoker checks
Flop [5d 5h 8h], UDF1 (20), Qoker (20)
Qoker bids 4
UDF1 bids 5
UDF1 won the auction and was revealed [6s]
Flop [5d 5h 8h], UDF1 (24), Qoker (20)
Qoker checks
UDF1 bets 2673
Qoker calls
Turn [5d 5h 8h 9c], UDF1 (2697), Qoker (2693)
Qoker bets 2303
UDF1 calls
River [5d 5h 8h 9c 4c], UDF1 (5000), Qoker (4996)
Qoker checks
UDF1 checks
UDF1 shows [Kh 2s]
Qoker shows [6s 8c]
UDF1 awarded -5000
Qoker awarded 5000

Round #546, Qoker (136797), UDF1 (-136797)
Qoker posts blind: 10
UDF1 posts blind: 20
Qoker received [9c 8s]
UDF1 received [7h Tc]
Qoker calls
UDF1 checks
Flop [5c 2c 9d], Qoker (20), UDF1 (20)
UDF1 bids 4
Qoker bids 5
Qoker won the auction and was revealed [7h]
Flop [5c 2c 9d], Qoker (24), UDF1 (20)
UDF1 bets 2614
Qoker raises to 4976
UDF1 calls
Turn [5c 2c 9d 9h], Qoker (5000), UDF1 (4996)
UDF1 checks
Qoker checks
River [5c 2c 9d 9h 2d], Qoker (5000), UDF1 (4996)
UDF1 checks
Qoker checks
Qoker shows [9c 8s]
UDF1 shows [7h Tc]
Qoker awarded 4996
UDF1 awarded -4996

Round #547, UDF1 (-141793), Qoker (141793)
UDF1 posts blind: 10
Qoker posts blind: 20
UDF1 received [Tc 9h]
Qoker received [4h Kd]
UDF1 raises to 337
Qoker folds
UDF1 awarded 20
Qoker awarded -20

Round #548, Qoker (141773), UDF1 (-141773)
Qoker posts blind: 10
UDF1 posts blind: 20
Qoker received [6s 7d]
UDF1 received [Ah Tc]
Qoker calls
UDF1 checks
Flop [3h Jh Ac], Qoker (20), UDF1 (20)
UDF1 bids 7
Qoker bids 2
UDF1 won the auction and was revealed [6s]
Flop [3h Jh Ac], Qoker (20), UDF1 (22)
UDF1 bets 3639
Qoker folds
Qoker awarded -20
UDF1 awarded 20

Round #549, UDF1 (-141753), Qoker (141753)
UDF1 posts blind: 10
Qoker posts blind: 20
UDF1 received [8c Jc]
Qoker received [Jd 9c]
UDF1 raises to 337
Qoker folds
UDF1 awarded 20
Qoker awarded -20

Round #550, Qoker (141733), UDF1 (-141733)
Qoker posts blind: 10
UDF1 posts blind: 20
Qoker received [Ac 4c]
UDF1 received [4s Qd]
Qoker calls
UDF1 checks
Flop [9d 6s Th], Qoker (20), UDF1 (20)
UDF1 bids 8
Qoker bids 2
UDF1 won the auction and was revealed [Ac]
Flop [9d 6s Th], Qoker (20), UDF1 (22)
UDF1 bets 2685
Qoker folds
Qoker awarded -20
UDF1 awarded 20

Round #551, UDF1 (-141713), Qoker (141713)
UDF1 posts blind: 10
Qoker posts blind: 20
UDF1 received [8c 5s]
Qoker received [Kh 2d]
UDF1 calls
Qoker checks
Flop [3d Kc 5h], UDF1 (20), Qoker (20)
Qoker bids 4
UDF1 bids 5
UDF1 won the auction and was revealed [Kh]
Flop [3d Kc 5h], UDF1 (24), Qoker (20)
Qoker bets 24
UDF1 folds
UDF1 awarded -24
Qoker awarded 24

Round #552, Qoker (141737), UDF1 (-141737)
Qoker posts blind: 10
UDF1 posts blind: 20
Qoker received [4c Jd]
UDF1 received [7d Ah]
Qoker calls
UDF1 raises to 337
Qoker folds
Qoker awarded -20
UDF1 awarded 20

Round #553, UDF1 (-141717), Qoker (141717)
UDF1 posts blind: 10
Qoker posts blind: 20
UDF1 received [2h 8c]
Qoker received [Th 6s]
UDF1 folds
UDF1 awarded -10
Qoker awarded 10

Round #554, Qoker (141727), UDF1 (-141727)
Qoker posts blind: 10
UDF1 posts blind: 20
Qoker received [6d 3d]
UDF1 received [Jc 2s]
Qoker calls
UDF1 checks
Flop [As 8s 4d], Qoker (20), UDF1 (20)
UDF1 bids 1
Qoker bids 4
Qoker won the auction and was revealed [Jc]
Flop [As 8s 4d], Qoker (21), UDF1 (20)
UDF1 bets 2468
Qoker folds
Qoker awarded -21
UDF1 awarded 21

Round #555, UDF1 (-141706), Qoker (141706)
UDF1 posts blind: 10
Qoker posts blind: 20
UDF1 received [9c 8d]
Qoker received [3d 6d]
UDF1 raises to 337
Qoker calls
Flop [8h Ks 5d], UDF1 (337), Qoker (337)
Qoker bids 0
UDF1 bids 9
UDF1 won the auction and was revealed [6d]
Flop [8h Ks 5d], UDF1 (337), Qoker (337)
Qoker checks
UDF1 bets 3312
Qoker folds
UDF1 awarded 337
Qoker awarded -337

Round #556, Qoker (141369), UDF1 (-141369)
Qoker posts blind: 10
UDF1 posts blind: 20
Qoker received [7h 5s]
UDF1 received [3c 7s]
Qoker calls
UDF1 checks
Flop [Ac 5d Jd], Qoker (20), UDF1 (20)
UDF1 bids 9
Qoker bids 5
UDF1 won the auction and was revealed [5s]
Flop [Ac 5d Jd], Qoker (20), UDF1 (25)
UDF1 bets 2504
Qoker calls
Turn [Ac 5d Jd Th], Qoker (2524), UDF1 (2529)
UDF1 bets 1031
Qoker calls
River [Ac 5d Jd Th 3d], Qoker (3555), UDF1 (3560)
UDF1 bets 530
Qoker calls
Qoker shows [7h 5s]
UDF1 shows [3c 7s]
Qoker awarded 4090
UDF1 awarded -4090

Round #557, UDF1 (-145459), Qoker (145459)
UDF1 posts blind: 10
Qoker posts blind: 20
UDF1 received [Jd Qd]
Qoker received [Kd Ac]
UDF1 raises to 3613
Qoker calls
Flop [9h 6c Th], UDF1 (3613), Qoker (3613)
Qoker bids 624
UDF1 bids 3
Qoker won the auction and was revealed [Jd]
Flop [9h 6c Th], UDF1 (3613), Qoker (3616)
Qoker checks
UDF1 bets 787
Qoker calls
Turn [9h 6c Th Kh], UDF1 (4400), Qoker (4403)
Qoker bets 597
UDF1 calls
River [9h 6c Th Kh 9d], UDF1 (4997), Qoker (5000)
Qoker checks
UDF1 checks
UDF1 shows [Jd Qd]
Qoker shows [Kd Ac]
UDF1 awarded 5000
Qoker awarded -5000

Round #558, Qoker (140459), UDF1 (-140459)
Qoker posts blind: 10
UDF1 posts blind: 20
Qoker received [7s 6d]
UDF1 received [2d Ac]
Qoker calls
UDF1 checks
Flop [Js 5s 7c], Qoker (20), UDF1 (20)
UDF1 bids 5
Qoker bids 2
UDF1 won the auction and was revealed [6d]
Flop [Js 5s 7c], Qoker (20), UDF1 (22)
UDF1 bets 3088
Qoker calls
Turn [Js 5s 7c 5h], Qoker (3108), UDF1 (3110)
UDF1 bets 939
Qoker calls
River [Js 5s 7c 5h As], Qoker (4047), UDF1 (4049)
UDF1 bets 530
Qoker calls
Qoker shows [7s 6d]
UDF1 shows [2d Ac]
Qoker awarded -4577
UDF1 awarded 4577

Round #559, UDF1 (-135882), Qoker (135882)
UDF1 posts blind: 10
Qoker posts blind: 20
UDF1 received [7c Jc]
Qoker received [8s Js]
UDF1 raises to 337
Qoker calls
Flop [Ts 8d As], UDF1 (337), Qoker (337)
Qoker bids 87
UDF1 bids 0
Qoker won the auction and was revealed [Jc]
Flop [Ts 8d As], UDF1 (337), Qoker (337)
Qoker checks
UDF1 bets 2515
Qoker calls
Turn [Ts 8d As 7d], UDF1 (2852), Qoker (2852)
Qoker checks
UDF1 bets 1251
Qoker calls
River [Ts 8d As 7d 6h], UDF1 (4103), Qoker (4103)
Qoker checks
UDF1 bets 510
Qoker calls
UDF1 shows [7c Jc]
Qoker shows [8s Js]
UDF1 awarded -4613
Qoker awarded 4613

Round #560, Qoker (140495), UDF1 (-140495)
Qoker posts blind: 10
UDF1 posts blind: 20
Qoker received [Kd 6d]
UDF1 received [Tc 4s]
Qoker calls
UDF1 checks
Flop [Qh Ts Th], Qoker (20), UDF1 (20)
UDF1 bids 0
Qoker bids 4
Qoker won the auction and was revealed [Tc]
Flop [Qh Ts Th], Qoker (20), UDF1 (20)
UDF1 bets 3077
Qoker calls
Turn [Qh Ts Th Qd], Qoker (3097), UDF1 (3097)
UDF1 bets 1230
Qoker calls
River [Qh Ts Th Qd Js], Qoker (4327), UDF1 (4327)
UDF1 bets 404
Qoker calls
Qoker shows [Kd 6d]
UDF1 shows [Tc 4s]
Qoker awarded -4731
UDF1 awarded 4731

Round #561, UDF1 (-135764), Qoker (135764)
UDF1 posts blind: 10
Qoker posts blind: 20
UDF1 received [2s 2c]
Qoker received [4h 8c]
UDF1 calls
Qoker checks
Flop [4c Jh 4d], UDF1 (20), Qoker (20)
Qoker bids 5
UDF1 bids 12
UDF1 won the auction and was revealed [4h]
Flop [4c Jh 4d], UDF1 (25), Qoker (20)
Qoker bets 37
UDF1 folds
UDF1 awarded -25
Qoker awarded 25

Round #562, Qoker (135789), UDF1 (-135789)
Qoker posts blind: 10
UDF1 posts blind: 20
Qoker received [Ad 3h]
UDF1 received [8h 3s]
Qoker calls
UDF1 checks
Flop [8s 6d Jh], Qoker (20), UDF1 (20)
UDF1 bids 10
Qoker bids 3
UDF1 won the auction and was revealed [3h]
Flop [8s 6d Jh], Qoker (20), UDF1 (23)
UDF1 bets 3481
Qoker folds
Qoker awarded -20
UDF1 awarded 20

Round #563, UDF1 (-135769), Qoker (135769)
UDF1 posts blind: 10
Qoker posts blind: 20
UDF1 received [Ks 5s]
Qoker received [2h Qc]
UDF1 calls
Qoker checks
Flop [8s Tc 6h], UDF1 (20), Qoker (20)
Qoker bids 0
UDF1 bids 2
UDF1 won the auction and was revealed [2h]
Flop [8s Tc 6h], UDF1 (20), Qoker (20)
Qoker checks
UDF1 bets 2986
Qoker folds
UDF1 awarded 20
Qoker awarded -20

Round #564, Qoker (135749), UDF1 (-135749)
Qoker posts blind: 10
UDF1 posts blind: 20
Qoker received [Jd 5h]
UDF1 received [9d 5d]
Qoker calls
UDF1 checks
Flop [4c Kc Ts], Qoker (20), UDF1 (20)
UDF1 bids 11
Qoker bids 0
UDF1 won the auction and was revealed [5h]
Flop [4c Kc Ts], Qoker (20), UDF1 (20)
UDF1 bets 3015
Qoker folds
Qoker awarded -20
UDF1 awarded 20

Round #565, UDF1 (-135729), Qoker (135729)
UDF1 posts blind: 10
Qoker posts blind: 20
UDF1 received [4d 4s]
Qoker received [3s 9c]
UDF1 calls
Qoker checks
Flop [7c 6h Ks], UDF1 (20), Qoker (20)
Qoker bids 0
UDF1 bids 0
UDF1 won the auction and was revealed [9c]
Qoker won the auction and was revealed [4s]
Flop [7c 6h Ks], UDF1 (20), Qoker (20)
Qoker checks
UDF1 bets 3168
Qoker folds
UDF1 awarded 20
Qoker awarded -20

Round #566, Qoker (135709), UDF1 (-135709)
Qoker posts blind: 10
UDF1 posts blind: 20
Qoker received [7c Kc]
UDF1 received [Qd Ks]
Qoker calls
UDF1 raises to 3423
Qoker folds
Qoker awarded -20
UDF1 awarded 20

Round #567, UDF1 (-135689), Qoker (135689)
UDF1 posts blind: 10
Qoker posts blind: 20
UDF1 received [Qh 7s]
Qoker received [Qc 2d]
UDF1 raises to 337
Qoker folds
UDF1 awarded 20
Qoker awarded -20

Round #568, Qoker (135669), UDF1 (-135669)
Qoker posts blind: 10
UDF1 posts blind: 20
Qoker received [8h 2h]
UDF1 received [Ah Ks]
Qoker calls
UDF1 raises to 4499
Qoker folds
Qoker awarded -20
UDF1 awarded 20

Round #569, UDF1 (-135649), Qoker (135649)
UDF1 posts blind: 10
Qoker posts blind: 20
UDF1 received [2c 7c]
Qoker received [6c 6s]
UDF1 calls
Qoker raises to 40
UDF1 calls
Flop [7h 3d 9c], UDF1 (40), Qoker (40)
Qoker bids 4
UDF1 bids 11
UDF1 won the auction and was revealed [6c]
Flop [7h 3d 9c], UDF1 (44), Qoker (40)
Qoker checks
UDF1 bets 3374
Qoker calls
Turn [7h 3d 9c As], UDF1 (3418), Qoker (3414)
Qoker checks
UDF1 bets 1030
Qoker calls
River [7h 3d 9c As Td], UDF1 (4448), Qoker (4444)
Qoker checks
UDF1 bets 330
Qoker calls
UDF1 shows [2c 7c]
Qoker shows [6c 6s]
UDF1 awarded 4774
Qoker awarded -4774

Round #570, Qoker (130875), UDF1 (-130875)
Qoker posts blind: 10
UDF1 posts blind: 20
Qoker received [As 4h]
UDF1 received [Kh Td]
Qoker calls
UDF1 checks
Flop [Jd Ts 7h], Qoker (20), UDF1 (20)
UDF1 bids 6
Qoker bids 5
UDF1 won the auction and was revealed [4h]
Flop [Jd Ts 7h], Qoker (20), UDF1 (25)
UDF1 bets 3580
Qoker folds
Qoker awarded -20
UDF1 awarded 20

Round #571, UDF1 (-130855), Qoker (130855)
UDF1 posts blind: 10
Qoker posts blind: 20
UDF1 received [9d 4d]
Qoker received [9c 9h]
UDF1 calls
Qoker raises to 40
UDF1 folds
UDF1 awarded -20
Qoker awarded 20

Round #572, Qoker (130875), UDF1 (-130875)
Qoker posts blind: 10
UDF1 posts blind: 20
Qoker received [Kh Qc]
UDF1 received [7c 4d]
Qoker calls
UDF1 checks
Flop [2h 5h 8d], Qoker (20), UDF1 (20)
UDF1 bids 7
Qoker bids 0
UDF1 won the auction and was revealed [Qc]
Flop [2h 5h 8d], Qoker (20), UDF1 (20)
UDF1 bets 2804
Qoker folds
Qoker awarded -20
UDF1 awarded 20

Round #573, UDF1 (-130855), Qoker (130855)
UDF1 posts blind: 10
Qoker posts blind: 20
UDF1 received [6d 5d]
Qoker received [2c Jd]
UDF1 folds
UDF1 awarded -10
Qoker awarded 10

Round #574, Qoker (130865), UDF1 (-130865)
Qoker posts blind: 10
UDF1 posts blind: 20
Qoker received [8s 6s]
UDF1 received [2d 2h]
Qoker calls
UDF1 raises to 1494
Qoker folds
Qoker awarded -20
UDF1 awarded 20

Round #575, UDF1 (-130845), Qoker (130845)
UDF1 posts blind: 10
Qoker posts blind: 20
UDF1 received [Ac Ts]
Qoker received [2h 5h]
UDF1 calls
Qoker checks
Flop [9h 2s 8h], UDF1 (20), Qoker (20)
Qoker bids 5
UDF1 bids 0
Qoker won the auction and was revealed [Ts]
Flop [9h 2s 8h], UDF1 (20), Qoker (20)
Qoker checks
UDF1 bets 2979
Qoker calls
Turn [9h 2s 8h 8c], UDF1 (2999), Qoker (2999)
Qoker checks
UDF1 bets 988
Qoker calls
River [9h 2s 8h 8c Kc], UDF1 (3987), Qoker (3987)
Qoker bets 1013
UDF1 calls
UDF1 shows [Ac Ts]
Qoker shows [2h 5h]
UDF1 awarded -5000
Qoker awarded 5000

Round #576, Qoker (135845), UDF1 (-135845)
Qoker posts blind: 10
UDF1 posts blind: 20
Qoker received [Ks 3s]
UDF1 received [6c Jc]
Qoker calls
UDF1 checks
Flop [Qs 4s 8c], Qoker (20), UDF1 (20)
UDF1 bids 7
Qoker bids 4
UDF1 won the auction and was revealed [3s]
Flop [Qs 4s 8c], Qoker (20), UDF1 (24)
UDF1 bets 2609
Qoker calls
Turn [Qs 4s 8c 7d], Qoker (2629), UDF1 (2633)
UDF1 bets 1326
Qoker calls
River [Qs 4s 8c 7d 3c], Qoker (3955), UDF1 (3959)
UDF1 bets 429
Qoker calls
Qoker shows [Ks 3s]
UDF1 shows [6c Jc]
Qoker awarded 4388
UDF1 awarded -4388

Round #577, UDF1 (-140233), Qoker (140233)
UDF1 posts blind: 10
Qoker posts blind: 20
UDF1 received [4h Qh]
Qoker received [2h Qs]
UDF1 folds
UDF1 awarded -10
Qoker awarded 10

Round #578, Qoker (140243), UDF1 (-140243)
Qoker posts blind: 10
UDF1 posts blind: 20
Qoker received [7d 8c]
UDF1 received [Qs Jc]
Qoker calls
UDF1 checks
Flop [7h Th 3d], Qoker (20), UDF1 (20)
UDF1 bids 5
Qoker bids 3
UDF1 won the auction and was revealed [8c]
Flop [7h Th 3d], Qoker (20), UDF1 (23)
UDF1 bets 2859
Qoker calls
Turn [7h Th 3d 8h], Qoker (2879), UDF1 (2882)
UDF1 bets 1004
Qoker calls
River [7h Th 3d 8h Jh], Qoker (3883), UDF1 (3886)
UDF1 bets 519
Qoker calls
Qoker shows [7d 8c]
UDF1 shows [Qs Jc]
Qoker awarded 4405
UDF1 awarded -4405

Round #579, UDF1 (-144648), Qoker (144648)
UDF1 posts blind: 10
Qoker posts blind: 20
UDF1 received [7d Jd]
Qoker received [Tc 7s]
UDF1 calls
Qoker checks
Flop [Jh 5c Ks], UDF1 (20), Qoker (20)
Qoker bids 0
UDF1 bids 11
UDF1 won the auction and was revealed [7s]
Flop [Jh 5c Ks], UDF1 (20), Qoker (20)
Qoker checks
UDF1 bets 3610
Qoker folds
UDF1 awarded 20
Qoker awarded -20

Round #580, Qoker (144628), UDF1 (-144628)
Qoker posts blind: 10
UDF1 posts blind: 20
Qoker received [2d 4d]
UDF1 received [Th 7s]
Qoker calls
UDF1 checks
Flop [Ts 2s 6s], Qoker (20), UDF1 (20)
UDF1 bids 11
Qoker bids 2
UDF1 won the auction and was revealed [4d]
Flop [Ts 2s 6s], Qoker (20), UDF1 (22)
UDF1 bets 3011
Qoker calls
Turn [Ts 2s 6s Ad], Qoker (3031), UDF1 (3033)
UDF1 bets 1343
Qoker calls
River [Ts 2s 6s Ad 4h], Qoker (4374), UDF1 (4376)
UDF1 bets 390
Qoker calls
Qoker shows [2d 4d]
UDF1 shows [Th 7s]
Qoker awarded 4766
UDF1 awarded -4766

Round #581, UDF1 (-149394), Qoker (149394)
UDF1 posts blind: 10
Qoker posts blind: 20
UDF1 received [Qd 2c]
Qoker received [Jc Ad]
UDF1 raises to 337
Qoker calls
Flop [Tc 6d 3h], UDF1 (337), Qoker (337)
Qoker bids 43
UDF1 bids 1
Qoker won the auction and was revealed [Qd]
Flop [Tc 6d 3h], UDF1 (337), Qoker (338)
Qoker checks
UDF1 bets 2263
Qoker calls
Turn [Tc 6d 3h 4s], UDF1 (2600), Qoker (2601)
Qoker checks
UDF1 bets 1028
Qoker calls
River [Tc 6d 3h 4s 6c], UDF1 (3628), Qoker (3629)
Qoker checks
UDF1 bets 583
Qoker calls
UDF1 shows [Qd 2c]
Qoker shows [Jc Ad]
UDF1 awarded -4211
Qoker awarded 4211

Round #582, Qoker (153605), UDF1 (-153605)
Qoker posts blind: 10
UDF1 posts blind: 20
Qoker received [4s 6s]
UDF1 received [Tc Qc]
Qoker calls
UDF1 checks
Flop [Kc Ah 7d], Qoker (20), UDF1 (20)
UDF1 bids 3
Qoker bids 5
Qoker won the auction and was revealed [Tc]
Flop [Kc Ah 7d], Qoker (23), UDF1 (20)
UDF1 bets 3014
Qoker folds
Qoker awarded -23
UDF1 awarded 23

Round #583, UDF1 (-153582), Qoker (153582)
UDF1 posts blind: 10
Qoker posts blind: 20
UDF1 received [As 5s]
Qoker received [7c Jd]
UDF1 folds
UDF1 awarded -10
Qoker awarded 10

Round #584, Qoker (153592), UDF1 (-153592)
Qoker posts blind: 10
UDF1 posts blind: 20
Qoker received [Tc Qs]
UDF1 received [2h Js]
Qoker calls
UDF1 raises to 337
Qoker calls
Flop [6c Ah 4c], Qoker (337), UDF1 (337)
UDF1 bids 8
Qoker bids 91
Qoker won the auction and was revealed [2h]
Flop [6c Ah 4c], Qoker (345), UDF1 (337)
UDF1 bets 2456
Qoker calls
Turn [6c Ah 4c Td], Qoker (2801), UDF1 (2793)
UDF1 bets 1260
Qoker raises to 2199
UDF1 calls
River [6c Ah 4c Td Qd], Qoker (5000), UDF1 (4992)
UDF1 checks
Qoker checks
Qoker shows [Tc Qs]
UDF1 shows [2h Js]
Qoker awarded 4992
UDF1 awarded -4992

Round #585, UDF1 (-158584), Qoker (158584)
UDF1 posts blind: 10
Qoker posts blind: 20
UDF1 received [Tc 4d]
Qoker received [As Qd]
UDF1 folds
UDF1 awarded -10
Qoker awarded 10

Round #586, Qoker (158594), UDF1 (-158594)
Qoker posts blind: 10
UDF1 posts blind: 20
Qoker received [Qc 3h]
UDF1 received [Jd Ah]
Qoker calls
UDF1 raises to 3609
Qoker folds
Qoker awarded -20
UDF1 awarded 20

Round #587, UDF1 (-158574), Qoker (158574)
UDF1 posts blind: 10
Qoker posts blind: 20
UDF1 received [Qd Jd]
Qoker received [Qs 2h]
UDF1 raises to 3478
Qoker folds
UDF1 awarded 20
Qoker awarded -20

Round #588, Qoker (158554), UDF1 (-158554)
Qoker posts blind: 10
UDF1 posts blind: 20
Qoker received [5s 3s]
UDF1 received [Qd 9h]
Qoker calls
UDF1 checks
Flop [3h 6d 3d], Qoker (20), UDF1 (20)
UDF1 bids 7
Qoker bids 7
Qoker won the auction and was revealed [9h]
UDF1 won the auction and was revealed [3s]
Flop [3h 6d 3d], Qoker (27), UDF1 (27)
UDF1 bets 2260
Qoker raises to 4520
UDF1 folds
Qoker awarded 2287
UDF1 awarded -2287

Round #589, UDF1 (-160841), Qoker (160841)
UDF1 posts blind: 10
Qoker posts blind: 20
UDF1 received [Td Jh]
Qoker received [Ah 5c]
UDF1 folds
UDF1 awarded -10
Qoker awarded 10

Round #590, Qoker (160851), UDF1 (-160851)
Qoker posts blind: 10
UDF1 posts blind: 20
Qoker received [Ad Tc]
UDF1 received [6d Jh]
Qoker calls
UDF1 raises to 337
Qoker calls
Flop [8d 9c 7s], Qoker (337), UDF1 (337)
UDF1 bids 12
Qoker bids 72
Qoker won the auction and was revealed [Jh]
Flop [8d 9c 7s], Qoker (349), UDF1 (337)
UDF1 bets 2273
Qoker calls
Turn [8d 9c 7s 8s], Qoker (2622), UDF1 (2610)
UDF1 bets 1072
Qoker calls
River [8d 9c 7s 8s Kh], Qoker (3694), UDF1 (3682)
UDF1 bets 539
Qoker calls
Qoker shows [Ad Tc]
UDF1 shows [6d Jh]
Qoker awarded 4221
UDF1 awarded -4221

Round #591, UDF1 (-165072), Qoker (165072)
UDF1 posts blind: 10
Qoker posts blind: 20
UDF1 received [Jd 2c]
Qoker received [Kd Ac]
UDF1 folds
UDF1 awarded -10
Qoker awarded 10

Round #592, Qoker (165082), UDF1 (-165082)
Qoker posts blind: 10
UDF1 posts blind: 20
Qoker received [Ac 3d]
UDF1 received [6h Kc]
Qoker calls
UDF1 checks
Flop [7h 5s 8s], Qoker (20), UDF1 (20)
UDF1 bids 3
Qoker bids 5
Qoker won the auction and was revealed [Kc]
Flop [7h 5s 8s], Qoker (23), UDF1 (20)
UDF1 bets 2677
Qoker folds
Qoker awarded -23
UDF1 awarded 23

Round #593, UDF1 (-165059), Qoker (165059)
UDF1 posts blind: 10
Qoker posts blind: 20
UDF1 received [9h Kc]
Qoker received [3h 7h]
UDF1 folds
UDF1 awarded -10
Qoker awarded 10

Round #594, Qoker (165069), UDF1 (-165069)
Qoker posts blind: 10
UDF1 posts blind: 20
Qoker received [5h Kh]
UDF1 received [2d 6d]
Qoker calls
UDF1 raises to 337
Qoker folds
Qoker awarded -20
UDF1 awarded 20

Round #595, UDF1 (-165049), Qoker (165049)
UDF1 posts blind: 10
Qoker posts blind: 20
UDF1 received [5h Jd]
Qoker received [4d Td]
UDF1 calls
Qoker checks
Flop [9c 2s 7h], UDF1 (20), Qoker (20)
Qoker bids 0
UDF1 bids 0
UDF1 won the auction and was revealed [4d]
Qoker won the auction and was revealed [Jd]
Flop [9c 2s 7h], UDF1 (20), Qoker (20)
Qoker checks
UDF1 bets 3071
Qoker folds
UDF1 awarded 20
Qoker awarded -20

Round #596, Qoker (165029), UDF1 (-165029)
Qoker posts blind: 10
UDF1 posts blind: 20
Qoker received [Qc Tc]
UDF1 received [Jh Jc]
Qoker calls
UDF1 raises to 4709
Qoker calls
Flop [Qs Ad 3s], Qoker (4709), UDF1 (4709)
UDF1 bids 7
Qoker bids 291
Qoker won the auction and was revealed [Jc]
Flop [Qs Ad 3s], Qoker (4716), UDF1 (4709)
UDF1 bets 195
Qoker calls
Turn [Qs Ad 3s Kh], Qoker (4911), UDF1 (4904)
UDF1 bets 57
Qoker calls
River [Qs Ad 3s Kh 6s], Qoker (4968), UDF1 (4961)
UDF1 bets 26
Qoker calls
Qoker shows [Qc Tc]
UDF1 shows [Jh Jc]
Qoker awarded 4987
UDF1 awarded -4987

Round #597, UDF1 (-170016), Qoker (170016)
UDF1 posts blind: 10
Qoker posts blind: 20
UDF1 received [Tc 2h]
Qoker received [6c Ts]
UDF1 folds
UDF1 awarded -10
Qoker awarded 10

Round #598, Qoker (170026), UDF1 (-170026)
Qoker posts blind: 10
UDF1 posts blind: 20
Qoker received [8s 5c]
UDF1 received [Td 2c]
Qoker calls
UDF1 checks
Flop [7d Tc 6d], Qoker (20), UDF1 (20)
UDF1 bids 8
Qoker bids 4
UDF1 won the auction and was revealed [8s]
Flop [7d Tc 6d], Qoker (20), UDF1 (24)
UDF1 bets 3385
Qoker calls
Turn [7d Tc 6d 7h], Qoker (3405), UDF1 (3409)
UDF1 bets 891
Qoker calls
River [7d Tc 6d 7h 5d], Qoker (4296), UDF1 (4300)
UDF1 bets 353
Qoker calls
Qoker shows [8s 5c]
UDF1 shows [Td 2c]
Qoker awarded -4649
UDF1 awarded 4649

Round #599, UDF1 (-165377), Qoker (165377)
UDF1 posts blind: 10
Qoker posts blind: 20
UDF1 received [Qh 5d]
Qoker received [Qd Js]
UDF1 calls
Qoker checks
Flop [Qc Kd 4d], UDF1 (20), Qoker (20)
Qoker bids 5
UDF1 bids 11
UDF1 won the auction and was revealed [Qd]
Flop [Qc Kd 4d], UDF1 (25), Qoker (20)
Qoker bets 25
UDF1 folds
UDF1 awarded -25
Qoker awarded 25

Round #600, Qoker (165402), UDF1 (-165402)
Qoker posts blind: 10
UDF1 posts blind: 20
Qoker received [8h 3c]
UDF1 received [Ah Kc]
Qoker calls
UDF1 raises to 4596
Qoker folds
Qoker awarded -20
UDF1 awarded 20

Round #601, UDF1 (-165382), Qoker (165382)
UDF1 posts blind: 10
Qoker posts blind: 20
UDF1 received [Ac Js]
Qoker received [7d 3c]
UDF1 calls
Qoker checks
Flop [4s 5s 3s], UDF1 (20), Qoker (20)
Qoker bids 5
UDF1 bids 8
UDF1 won the auction and was revealed [3c]
Flop [4s 5s 3s], UDF1 (25), Qoker (20)
Qoker checks
UDF1 bets 2450
Qoker calls
Turn [4s 5s 3s Jd], UDF1 (2475), Qoker (2470)
Qoker checks
UDF1 bets 1527
Qoker calls
River [4s 5s 3s Jd 7c], UDF1 (4002), Qoker (3997)
Qoker checks
UDF1 bets 557
Qoker calls
UDF1 shows [Ac Js]
Qoker shows [7d 3c]
UDF1 awarded -4559
Qoker awarded 4559

Round #602, Qoker (169941), UDF1 (-169941)
Qoker posts blind: 10
UDF1 posts blind: 20
Qoker received [Ah Tc]
UDF1 received [2s Kd]
Qoker calls
UDF1 checks
Flop [6h 2d 6s], Qoker (20), UDF1 (20)
UDF1 bids 8
Qoker bids 2
UDF1 won the auction and was revealed [Tc]
Flop [6h 2d 6s], Qoker (20), UDF1 (22)
UDF1 bets 2821
Qoker calls
Turn [6h 2d 6s 6c], Qoker (2841), UDF1 (2843)
UDF1 bets 1287
Qoker raises to 2157
UDF1 calls
River [6h 2d 6s 6c Kc], Qoker (4998), UDF1 (5000)
UDF1 checks
Qoker checks
Qoker shows [Ah Tc]
UDF1 shows [2s Kd]
Qoker awarded -4998
UDF1 awarded 4998

Round #603, UDF1 (-164943), Qoker (164943)
UDF1 posts blind: 10
Qoker posts blind: 20
UDF1 received [4d Td]
Qoker received [6s 8d]
UDF1 calls
Qoker checks
Flop [4c 7s 8c], UDF1 (20), Qoker (20)
Qoker bids 3
UDF1 bids 5
UDF1 won the auction and was revealed [8d]
Flop [4c 7s 8c], UDF1 (23), Qoker (20)
Qoker checks
UDF1 bets 2481
Qoker calls
Turn [4c 7s 8c 2s], UDF1 (2504), Qoker (2501)
Qoker checks
UDF1 bets 1082
Qoker calls
River [4c 7s 8c 2s 6h], UDF1 (3586), Qoker (3583)
Qoker bets 1414
UDF1 folds
UDF1 awarded -3586
Qoker awarded 3586

Round #604, Qoker (168529), UDF1 (-168529)
Qoker posts blind: 10
UDF1 posts blind: 20
Qoker received [5s 3s]
UDF1 received [5h 6s]
Qoker calls
UDF1 checks
Flop [5d 7s Ks], Qoker (20), UDF1 (20)
UDF1 bids 0
Qoker bids 3
Qoker won the auction and was revealed [5h]
Flop [5d 7s Ks], Qoker (20), UDF1 (20)
UDF1 bets 2910
Qoker calls
Turn [5d 7s Ks Qs], Qoker (2930), UDF1 (2930)
UDF1 bets 1168
Qoker raises to 2070
UDF1 calls
River [5d 7s Ks Qs 8s], Qoker (5000), UDF1 (5000)
UDF1 checks
Qoker checks
Qoker shows [5s 3s]
UDF1 shows [5h 6s]
Qoker awarded -5000
UDF1 awarded 5000

Round #605, UDF1 (-163529), Qoker (163529)
UDF1 posts blind: 10
Qoker posts blind: 20
UDF1 received [Ac 3d]
Qoker received [As 5h]
UDF1 calls
Qoker checks
Flop [9s 2h Kh], UDF1 (20), Qoker (20)
Qoker bids 3
UDF1 bids 1
Qoker won the auction and was revealed [Ac]
Flop [9s 2h Kh], UDF1 (20), Qoker (21)
Qoker checks
UDF1 bets 2716
Qoker folds
UDF1 awarded 21
Qoker awarded -21

Round #606, Qoker (163508), UDF1 (-163508)
Qoker posts blind: 10
UDF1 posts blind: 20
Qoker received [2h 9d]
UDF1 received [9c 2s]
Qoker calls
UDF1 raises to 337
Qoker folds
Qoker awarded -20
UDF1 awarded 20

Round #607, UDF1 (-163488), Qoker (163488)
UDF1 posts blind: 10
Qoker posts blind: 20
UDF1 received [7s 6c]
Qoker received [Tc 7d]
UDF1 folds
UDF1 awarded -10
Qoker awarded 10

Round #608, Qoker (163498), UDF1 (-163498)
Qoker posts blind: 10
UDF1 posts blind: 20
Qoker received [6h Kh]
UDF1 received [5d 3h]
Qoker calls
UDF1 raises to 337
Qoker folds
Qoker awarded -20
UDF1 awarded 20

Round #609, UDF1 (-163478), Qoker (163478)
UDF1 posts blind: 10
Qoker posts blind: 20
UDF1 received [As 9c]
Qoker received [4c Jc]
UDF1 folds
UDF1 awarded -10
Qoker awarded 10

Round #610, Qoker (163488), UDF1 (-163488)
Qoker posts blind: 10
UDF1 posts blind: 20
Qoker received [Qd 4d]
UDF1 received [Td 8s]
Qoker calls
UDF1 checks
Flop [Jh 2s Qh], Qoker (20), UDF1 (20)
UDF1 bids 0
Qoker bids 4
Qoker won the auction and was revealed [8s]
Flop [Jh 2s Qh], Qoker (20), UDF1 (20)
UDF1 bets 2822
Qoker calls
Turn [Jh 2s Qh 7d], Qoker (2842), UDF1 (2842)
UDF1 bets 1257
Qoker calls
River [Jh 2s Qh 7d 9h], Qoker (4099), UDF1 (4099)
UDF1 bets 590
Qoker calls
Qoker shows [Qd 4d]
UDF1 shows [Td 8s]
Qoker awarded -4689
UDF1 awarded 4689

Round #611, UDF1 (-158799), Qoker (158799)
UDF1 posts blind: 10
Qoker posts blind: 20
UDF1 received [6h 8c]
Qoker received [7d 8s]
UDF1 calls
Qoker checks
Flop [Qd 8d 7s], UDF1 (20), Qoker (20)
Qoker bids 7
UDF1 bids 0
Qoker won the auction and was revealed [6h]
Flop [Qd 8d 7s], UDF1 (20), Qoker (20)
Qoker bets 29
UDF1 raises to 3324
Qoker raises to 4980
UDF1 calls
Turn [Qd 8d 7s 4s], UDF1 (5000), Qoker (5000)
Qoker checks
UDF1 checks
River [Qd 8d 7s 4s 9d], UDF1 (5000), Qoker (5000)
Qoker checks
UDF1 checks
UDF1 shows [6h 8c]
Qoker shows [7d 8s]
UDF1 awarded -5000
Qoker awarded 5000

Round #612, Qoker (163799), UDF1 (-163799)
Qoker posts blind: 10
UDF1 posts blind: 20
Qoker received [Qc 8c]
UDF1 received [6d 2s]
Qoker calls
UDF1 checks
Flop [Ts 3s 3d], Qoker (20), UDF1 (20)
UDF1 bids 12
Qoker bids 3
UDF1 won the auction and was revealed [8c]
Flop [Ts 3s 3d], Qoker (20), UDF1 (23)
UDF1 bets 2492
Qoker calls
Turn [Ts 3s 3d 5d], Qoker (2512), UDF1 (2515)
UDF1 bets 1185
Qoker calls
River [Ts 3s 3d 5d 7d], Qoker (3697), UDF1 (3700)
UDF1 bets 463
Qoker calls
Qoker shows [Qc 8c]
UDF1 shows [6d 2s]
Qoker awarded 4163
UDF1 awarded -4163

Round #613, UDF1 (-167962), Qoker (167962)
UDF1 posts blind: 10
Qoker posts blind: 20
UDF1 received [7h 8h]
Qoker received [Jd 2c]
UDF1 calls
Qoker checks
Flop [9c Kd 4h], UDF1 (20), Qoker (20)
Qoker bids 0
UDF1 bids 6
UDF1 won the auction and was revealed [Jd]
Flop [9c Kd 4h], UDF1 (20), Qoker (20)
Qoker checks
UDF1 bets 2675
Qoker folds
UDF1 awarded 20
Qoker awarded -20

Round #614, Qoker (167942), UDF1 (-167942)
Qoker posts blind: 10
UDF1 posts blind: 20
Qoker received [6s 7h]
UDF1 received [5s 5c]
Qoker calls
UDF1 checks
Flop [Qh 5h 3s], Qoker (20), UDF1 (20)
UDF1 bids 5
Qoker bids 0
UDF1 won the auction and was revealed [7h]
Flop [Qh 5h 3s], Qoker (20), UDF1 (20)
UDF1 bets 3139
Qoker folds
Qoker awarded -20
UDF1 awarded 20

Round #615, UDF1 (-167922), Qoker (167922)
UDF1 posts blind: 10
Qoker posts blind: 20
UDF1 received [2h 4h]
Qoker received [Jc Kc]
UDF1 raises to 337
Qoker calls
Flop [Td 3c Kd], UDF1 (337), Qoker (337)
Qoker bids 93
UDF1 bids 11
Qoker won the auction and was revealed [2h]
Flop [Td 3c Kd], UDF1 (337), Qoker (348)
Qoker bets 463
UDF1 folds
UDF1 awarded -337
Qoker awarded 337

Round #616, Qoker (168259), UDF1 (-168259)
Qoker posts blind: 10
UDF1 posts blind: 20
Qoker received [9h 5s]
UDF1 received [9c 3d]
Qoker calls
UDF1 checks
Flop [Qs 6d 4s], Qoker (20), UDF1 (20)
UDF1 bids 0
Qoker bids 0
Qoker won the auction and was revealed [9c]
UDF1 won the auction and was revealed [9h]
Flop [Qs 6d 4s], Qoker (20), UDF1 (20)
UDF1 bets 2721
Qoker folds
Qoker awarded -20
UDF1 awarded 20

Round #617, UDF1 (-168239), Qoker (168239)
UDF1 posts blind: 10
Qoker posts blind: 20
UDF1 received [Kh 5d]
Qoker received [9h 4h]
UDF1 calls
Qoker checks
Flop [Qc 4s Js], UDF1 (20), Qoker (20)
Qoker bids 4
UDF1 bids 12
UDF1 won the auction and was revealed [9h]
Flop [Qc 4s Js], UDF1 (24), Qoker (20)
Qoker checks
UDF1 bets 2592
Qoker calls
Turn [Qc 4s Js 8h], UDF1 (2616), Qoker (2612)
Qoker checks
UDF1 bets 1204
Qoker calls
River [Qc 4s Js 8h Ks], UDF1 (3820), Qoker (3816)
Qoker checks
UDF1 bets 738
Qoker calls
UDF1 shows [Kh 5d]
Qoker shows [9h 4h]
UDF1 awarded 4554
Qoker awarded -4554

Round #618, Qoker (163685), UDF1 (-163685)
Qoker posts blind: 10
UDF1 posts blind: 20
Qoker received [8s Kd]
UDF1 received [7s Ad]
Qoker calls
UDF1 checks
Flop [6c Ah Qs], Qoker (20), UDF1 (20)
UDF1 bids 9
Qoker bids 4
UDF1 won the auction and was revealed [8s]
Flop [6c Ah Qs], Qoker (20), UDF1 (24)
UDF1 bets 3206
Qoker folds
Qoker awarded -20
UDF1 awarded 20

Round #619, UDF1 (-163665), Qoker (163665)
UDF1 posts blind: 10
Qoker posts blind: 20
UDF1 received [Qc 8h]
Qoker received [2h 5c]
UDF1 calls
Qoker checks
Flop [Kh 9c Jc], UDF1 (20), Qoker (20)
Qoker bids 0
UDF1 bids 10
UDF1 won the auction and was revealed [2h]
Flop [Kh 9c Jc], UDF1 (20), Qoker (20)
Qoker checks
UDF1 bets 3143
Qoker folds
UDF1 awarded 20
Qoker awarded -20

Round #620, Qoker (163645), UDF1 (-163645)
Qoker posts blind: 10
UDF1 posts blind: 20
Qoker received [Qh As]
UDF1 received [3h Js]
Qoker calls
UDF1 checks
Flop [3d 9c 9h], Qoker (20), UDF1 (20)
UDF1 bids 12
Qoker bids 7
UDF1 won the auction and was revealed [Qh]
Flop [3d 9c 9h], Qoker (20), UDF1 (27)
UDF1 bets 2701
Qoker calls
Turn [3d 9c 9h Ts], Qoker (2721), UDF1 (2728)
UDF1 bets 1129
Qoker calls
River [3d 9c 9h Ts Qd], Qoker (3850), UDF1 (3857)
UDF1 bets 432
Qoker calls
Qoker shows [Qh As]
UDF1 shows [3h Js]
Qoker awarded 4289
UDF1 awarded -4289

Round #621, UDF1 (-167934), Qoker (167934)
UDF1 posts blind: 10
Qoker posts blind: 20
UDF1 received [8d 9c]
Qoker received [3h 2d]
UDF1 folds
UDF1 awarded -10
Qoker awarded 10

Round #622, Qoker (167944), UDF1 (-167944)
Qoker posts blind: 10
UDF1 posts blind: 20
Qoker received [Tc 6s]
UDF1 received [9d Ks]
Qoker calls
UDF1 checks
Flop [4d 8h Kh], Qoker (20), UDF1 (20)
UDF1 bids 11
Qoker bids 0
UDF1 won the auction and was revealed [Tc]
Flop [4d 8h Kh], Qoker (20), UDF1 (20)
UDF1 bets 3574
Qoker folds
Qoker awarded -20
UDF1 awarded 20

Round #623, UDF1 (-167924), Qoker (167924)
UDF1 posts blind: 10
Qoker posts blind: 20
UDF1 received [2c 9s]
Qoker received [9c Kh]
UDF1 raises to 337
Qoker folds
UDF1 awarded 20
Qoker awarded -20

Round #624, Qoker (167904), UDF1 (-167904)
Qoker posts blind: 10
UDF1 posts blind: 20
Qoker received [Ks Ts]
UDF1 received [Qh Jc]
Qoker calls
UDF1 checks
Flop [5c 7h Jd], Qoker (20), UDF1 (20)
UDF1 bids 2
Qoker bids 0
UDF1 won the auction and was revealed [Ks]
Flop [5c 7h Jd], Qoker (20), UDF1 (20)
UDF1 bets 2963
Qoker folds
Qoker awarded -20
UDF1 awarded 20

Round #625, UDF1 (-167884), Qoker (167884)
UDF1 posts blind: 10
Qoker posts blind: 20
UDF1 received [Ac 9h]
Qoker received [4d 4c]
UDF1 calls
Qoker checks
Flop [9c Js Jc], UDF1 (20), Qoker (20)
Qoker bids 4
UDF1 bids 2
Qoker won the auction and was revealed [9h]
Flop [9c Js Jc], UDF1 (20), Qoker (22)
Qoker bets 24
UDF1 raises to 3244
Qoker calls
Turn [9c Js Jc Qh], UDF1 (3264), Qoker (3266)
Qoker checks
UDF1 bets 980
Qoker calls
River [9c Js Jc Qh 8d], UDF1 (4244), Qoker (4246)
Qoker checks
UDF1 bets 414
Qoker calls
UDF1 shows [Ac 9h]
Qoker shows [4d 4c]
UDF1 awarded 4660
Qoker awarded -4660

Round #626, Qoker (163224), UDF1 (-163224)
Qoker posts blind: 10
UDF1 posts blind: 20
Qoker received [7h 6c]
UDF1 received [5d Jc]
Qoker calls
UDF1 checks
Flop [Qh Ks 6d], Qoker (20), UDF1 (20)
UDF1 bids 8
Qoker bids 3
UDF1 won the auction and was revealed [7h]
Flop [Qh Ks 6d], Qoker (20), UDF1 (23)
UDF1 bets 2640
Qoker calls
Turn [Qh Ks 6d 7d], Qoker (2660), UDF1 (2663)
UDF1 bets 985
Qoker calls
River [Qh Ks 6d 7d Js], Qoker (3645), UDF1 (3648)
UDF1 bets 797
Qoker calls
Qoker shows [7h 6c]
UDF1 shows [5d Jc]
Qoker awarded 4445
UDF1 awarded -4445

Round #627, UDF1 (-167669), Qoker (167669)
UDF1 posts blind: 10
Qoker posts blind: 20
UDF1 received [Jd 3s]
Qoker received [Qc Kc]
UDF1 calls
Qoker raises to 40
UDF1 calls
Flop [4s 9c Kh], UDF1 (40), Qoker (40)
Qoker bids 12
UDF1 bids 11
Qoker won the auction and was revealed [Jd]
Flop [4s 9c Kh], UDF1 (40), Qoker (51)
Qoker bets 77
UDF1 calls
Turn [4s 9c Kh 2h], UDF1 (117), Qoker (128)
Qoker bets 212
UDF1 folds
UDF1 awarded -117
Qoker awarded 117

Round #628, Qoker (167786), UDF1 (-167786)
Qoker posts blind: 10
UDF1 posts blind: 20
Qoker received [Qc 2h]
UDF1 received [Td Th]
Qoker calls
UDF1 raises to 3636
Qoker folds
Qoker awarded -20
UDF1 awarded 20

Round #629, UDF1 (-167766), Qoker (167766)
UDF1 posts blind: 10
Qoker posts blind: 20
UDF1 received [Jc 6c]
Qoker received [Js Ad]
UDF1 calls
Qoker checks
Flop [Kc 4s Ks], UDF1 (20), Qoker (20)
Qoker bids 6
UDF1 bids 9
UDF1 won the auction and was revealed [Js]
Flop [Kc 4s Ks], UDF1 (26), Qoker (20)
Qoker checks
UDF1 bets 2642
Qoker calls
Turn [Kc 4s Ks 4h], UDF1 (2668), Qoker (2662)
Qoker checks
UDF1 bets 1130
Qoker calls
River [Kc 4s Ks 4h 6s], UDF1 (3798), Qoker (3792)
Qoker bets 1202
UDF1 calls
UDF1 shows [Jc 6c]
Qoker shows [Js Ad]
UDF1 awarded 4994
Qoker awarded -4994

Round #630, Qoker (162772), UDF1 (-162772)
Qoker posts blind: 10
UDF1 posts blind: 20
Qoker received [Tc 7s]
UDF1 received [8h 2s]
Qoker calls
UDF1 checks
Flop [Qs Ah 7d], Qoker (20), UDF1 (20)
UDF1 bids 7
Qoker bids 3
UDF1 won the auction and was revealed [Tc]
Flop [Qs Ah 7d], Qoker (20), UDF1 (23)
UDF1 bets 2652
Qoker calls
Turn [Qs Ah 7d Ts], Qoker (2672), UDF1 (2675)
UDF1 bets 786
Qoker calls
River [Qs Ah 7d Ts 3s], Qoker (3458), UDF1 (3461)
UDF1 bets 607
Qoker calls
Qoker shows [Tc 7s]
UDF1 shows [8h 2s]
Qoker awarded 4068
UDF1 awarded -4068

Round #631, UDF1 (-166840), Qoker (166840)
UDF1 posts blind: 10
Qoker posts blind: 20
UDF1 received [8d 3d]
Qoker received [Qh 2h]
UDF1 folds
UDF1 awarded -10
Qoker awarded 10

Round #632, Qoker (166850), UDF1 (-166850)
Qoker posts blind: 10
UDF1 posts blind: 20
Qoker received [Tc 2h]
UDF1 received [Qc 3c]
Qoker calls
UDF1 raises to 337
Qoker folds
Qoker awarded -20
UDF1 awarded 20

Round #633, UDF1 (-166830), Qoker (166830)
UDF1 posts blind: 10
Qoker posts blind: 20
UDF1 received [7h 4h]
Qoker received [7c Ks]
UDF1 calls
Qoker checks
Flop [Tc 5h Jc], UDF1 (20), Qoker (20)
Qoker bids 0
UDF1 bids 0
UDF1 won the auction and was revealed [7c]
Qoker won the auction and was revealed [4h]
Flop [Tc 5h Jc], UDF1 (20), Qoker (20)
Qoker checks
UDF1 bets 2759
Qoker folds
UDF1 awarded 20
Qoker awarded -20

Round #634, Qoker (166810), UDF1 (-166810)
Qoker posts blind: 10
UDF1 posts blind: 20
Qoker received [5s 6s]
UDF1 received [3d Qc]
Qoker calls
UDF1 checks
Flop [6c 4h Js], Qoker (20), UDF1 (20)
UDF1 bids 9
Qoker bids 5
UDF1 won the auction and was revealed [6s]
Flop [6c 4h Js], Qoker (20), UDF1 (25)
UDF1 bets 2163
Qoker calls
Turn [6c 4h Js Ad], Qoker (2183), UDF1 (2188)
UDF1 bets 1091
Qoker calls
River [6c 4h Js Ad 8s], Qoker (3274), UDF1 (3279)
UDF1 bets 739
Qoker calls
Qoker shows [5s 6s]
UDF1 shows [3d Qc]
Qoker awarded 4018
UDF1 awarded -4018

Round #635, UDF1 (-170828), Qoker (170828)
UDF1 posts blind: 10
Qoker posts blind: 20
UDF1 received [Qs 7d]
Qoker received [4d 7c]
UDF1 folds
UDF1 awarded -10
Qoker awarded 10

Round #636, Qoker (170838), UDF1 (-170838)
Qoker posts blind: 10
UDF1 posts blind: 20
Qoker received [4c 4d]
UDF1 received [9s 2h]
Qoker calls
UDF1 checks
Flop [Kh 3h Kd], Qoker (20), UDF1 (20)
UDF1 bids 6
Qoker bids 4
UDF1 won the auction and was revealed [4d]
Flop [Kh 3h Kd], Qoker (20), UDF1 (24)
UDF1 bets 2417
Qoker calls
Turn [Kh 3h Kd Jh], Qoker (2437), UDF1 (2441)
UDF1 bets 1269
Qoker calls
River [Kh 3h Kd Jh Ts], Qoker (3706), UDF1 (3710)
UDF1 bets 552
Qoker calls
Qoker shows [4c 4d]
UDF1 shows [9s 2h]
Qoker awarded 4262
UDF1 awarded -4262

Round #637, UDF1 (-175100), Qoker (175100)
UDF1 posts blind: 10
Qoker posts blind: 20
UDF1 received [Tc Qd]
Qoker received [4h 8h]
UDF1 raises to 337
Qoker folds
UDF1 awarded 20
Qoker awarded -20

Round #638, Qoker (175080), UDF1 (-175080)
Qoker posts blind: 10
UDF1 posts blind: 20
Qoker received [2d Kd]
UDF1 received [Qs 2h]
Qoker calls
UDF1 checks
Flop [Td 4c Qc], Qoker (20), UDF1 (20)
UDF1 bids 1
Qoker bids 0
UDF1 won the auction and was revealed [2d]
Flop [Td 4c Qc], Qoker (20), UDF1 (20)
UDF1 bets 3239
Qoker folds
Qoker awarded -20
UDF1 awarded 20

Round #639, UDF1 (-175060), Qoker (175060)
UDF1 posts blind: 10
Qoker posts blind: 20
UDF1 received [8s 9h]
Qoker received [Ks 2c]
UDF1 folds
UDF1 awarded -10
Qoker awarded 10

Round #640, Qoker (175070), UDF1 (-175070)
Qoker posts blind: 10
UDF1 posts blind: 20
Qoker received [Ad 9d]
UDF1 received [6h Ah]
Qoker calls
UDF1 checks
Flop [Jh Qc Th], Qoker (20), UDF1 (20)
UDF1 bids 10
Qoker bids 5
UDF1 won the auction and was revealed [9d]
Flop [Jh Qc Th], Qoker (20), UDF1 (25)
UDF1 bets 2886
Qoker calls
Turn [Jh Qc Th Qd], Qoker (2906), UDF1 (2911)
UDF1 bets 1182
Qoker calls
River [Jh Qc Th Qd 8d], Qoker (4088), UDF1 (4093)
UDF1 bets 309
Qoker raises to 907
UDF1 folds
Qoker awarded 4402
UDF1 awarded -4402

Round #641, UDF1 (-179472), Qoker (179472)
UDF1 posts blind: 10
Qoker posts blind: 20
UDF1 received [Ks 8h]
Qoker received [Tc 8s]
UDF1 folds
UDF1 awarded -10
Qoker awarded 10

Round #642, Qoker (179482), UDF1 (-179482)
Qoker posts blind: 10
UDF1 posts blind: 20
Qoker received [2c 2h]
UDF1 received [5d Jd]
Qoker calls
UDF1 checks
Flop [4d 7h 2d], Qoker (20), UDF1 (20)
UDF1 bids 1
Qoker bids 6
Qoker won the auction and was revealed [Jd]
Flop [4d 7h 2d], Qoker (21), UDF1 (20)
UDF1 bets 3058
Qoker raises to 4979
UDF1 calls
Turn [4d 7h 2d Th], Qoker (5000), UDF1 (4999)
UDF1 checks
Qoker checks
River [4d 7h 2d Th 7d], Qoker (5000), UDF1 (4999)
UDF1 checks
Qoker checks
Qoker shows [2c 2h]
UDF1 shows [5d Jd]
Qoker awarded 4999
UDF1 awarded -4999

Round #643, UDF1 (-184481), Qoker (184481)
UDF1 posts blind: 10
Qoker posts blind: 20
UDF1 received [Jh 6d]
Qoker received [Ks Th]
UDF1 calls
Qoker checks
Flop [6s Qc Js], UDF1 (20), Qoker (20)
Qoker bids 2
UDF1 bids 9
UDF1 won the auction and was revealed [Ks]
Flop [6s Qc Js], UDF1 (22), Qoker (20)
Qoker checks
UDF1 bets 3165
Qoker calls
Turn [6s Qc Js 4d], UDF1 (3187), Qoker (3185)
Qoker checks
UDF1 bets 1274
Qoker calls
River [6s Qc Js 4d Ts], UDF1 (4461), Qoker (4459)
Qoker checks
UDF1 bets 322
Qoker calls
UDF1 shows [Jh 6d]
Qoker shows [Ks Th]
UDF1 awarded 4781
Qoker awarded -4781

Round #644, Qoker (179700), UDF1 (-179700)
Qoker posts blind: 10
UDF1 posts blind: 20
Qoker received [Ah 8c]
UDF1 received [Tc Td]
Qoker calls
UDF1 raises to 3451
Qoker folds
Qoker awarded -20
UDF1 awarded 20

Round #645, UDF1 (-179680), Qoker (179680)
UDF1 posts blind: 10
Qoker posts blind: 20
UDF1 received [7h 6s]
Qoker received [2c 4h]
UDF1 folds
UDF1 awarded -10
Qoker awarded 10

Round #646, Qoker (179690), UDF1 (-179690)
Qoker posts blind: 10
UDF1 posts blind: 20
Qoker received [Kc Qd]
UDF1 received [5s 4c]
Qoker calls
UDF1 checks
Flop [5c Qh Kd], Qoker (20), UDF1 (20)
UDF1 bids 10
Qoker bids 7
UDF1 won the auction and was revealed [Kc]
Flop [5c Qh Kd], Qoker (20), UDF1 (27)
UDF1 bets 2543
Qoker calls
Turn [5c Qh Kd Tc], Qoker (2563), UDF1 (2570)
UDF1 bets 1089
Qoker calls
River [5c Qh Kd Tc 8d], Qoker (3652), UDF1 (3659)
UDF1 bets 459
Qoker calls
Qoker shows [Kc Qd]
UDF1 shows [5s 4c]
Qoker awarded 4118
UDF1 awarded -4118

Round #647, UDF1 (-183808), Qoker (183808)
UDF1 posts blind: 10
Qoker posts blind: 20
UDF1 received [Qc 4d]
Qoker received [Js Qh]
UDF1 raises to 337
Qoker calls
Flop [Jc 6s Kc], UDF1 (337), Qoker (337)
Qoker bids 116
UDF1 bids 12
Qoker won the auction and was revealed [4d]
Flop [Jc 6s Kc], UDF1 (337), Qoker (349)
Qoker bets 563
UDF1 calls
Turn [Jc 6s Kc Tc], UDF1 (900), Qoker (912)
Qoker bets 1309
UDF1 calls
River [Jc 6s Kc Tc 6c], UDF1 (2209), Qoker (2221)
Qoker bets 2779
UDF1 calls
UDF1 shows [Qc 4d]
Qoker shows [Js Qh]
UDF1 awarded 5000
Qoker awarded -5000

Round #648, Qoker (178808), UDF1 (-178808)
Qoker posts blind: 10
UDF1 posts blind: 20
Qoker received [Kc 8d]
UDF1 received [Ts Td]
Qoker calls
UDF1 raises to 3670
Qoker folds
Qoker awarded -20
UDF1 awarded 20

Round #649, UDF1 (-178788), Qoker (178788)
UDF1 posts blind: 10
Qoker posts blind: 20
UDF1 received [9d 6s]
Qoker received [2s 8d]
UDF1 folds
UDF1 awarded -10
Qoker awarded 10

Round #650, Qoker (178798), UDF1 (-178798)
Qoker posts blind: 10
UDF1 posts blind: 20
Qoker received [4c 4h]
UDF1 received [Ac 8c]
Qoker calls
UDF1 checks
Flop [7s Kh 7h], Qoker (20), UDF1 (20)
UDF1 bids 11
Qoker bids 6
UDF1 won the auction and was revealed [4c]
Flop [7s Kh 7h], Qoker (20), UDF1 (26)
UDF1 bets 2889
Qoker calls
Turn [7s Kh 7h 9s], Qoker (2909), UDF1 (2915)
UDF1 bets 1070
Qoker calls
River [7s Kh 7h 9s Qd], Qoker (3979), UDF1 (3985)
UDF1 bets 571
Qoker calls
Qoker shows [4c 4h]
UDF1 shows [Ac 8c]
Qoker awarded 4556
UDF1 awarded -4556

Round #651, UDF1 (-183354), Qoker (183354)
UDF1 posts blind: 10
Qoker posts blind: 20
UDF1 received [5s 3c]
Qoker received [5h Qc]
UDF1 folds
UDF1 awarded -10
Qoker awarded 10

Round #652, Qoker (183364), UDF1 (-183364)
Qoker posts blind: 10
UDF1 posts blind: 20
Qoker received [7c Kd]
UDF1 received [2d 4s]
Qoker calls
UDF1 checks
Flop [Qs Ts 3d], Qoker (20), UDF1 (20)
UDF1 bids 4
Qoker bids 0
UDF1 won the auction and was revealed [Kd]
Flop [Qs Ts 3d], Qoker (20), UDF1 (20)
UDF1 bets 2572
Qoker folds
Qoker awarded -20
UDF1 awarded 20

Round #653, UDF1 (-183344), Qoker (183344)
UDF1 posts blind: 10
Qoker posts blind: 20
UDF1 received [Th Ts]
Qoker received [Ac 2s]
UDF1 calls
Qoker checks
Flop [6s 4d Qc], UDF1 (20), Qoker (20)
Qoker bids 5
UDF1 bids 0
Qoker won the auction and was revealed [Th]
Flop [6s 4d Qc], UDF1 (20), Qoker (20)
Qoker checks
UDF1 bets 3440
Qoker folds
UDF1 awarded 20
Qoker awarded -20

Round #654, Qoker (183324), UDF1 (-183324)
Qoker posts blind: 10
UDF1 posts blind: 20
Qoker received [2d As]
UDF1 received [7s 3h]
Qoker calls
UDF1 checks
Flop [Ad 8h Jc], Qoker (20), UDF1 (20)
UDF1 bids 0
Qoker bids 5
Qoker won the auction and was revealed [3h]
Flop [Ad 8h Jc], Qoker (20), UDF1 (20)
UDF1 bets 2625
Qoker calls
Turn [Ad 8h Jc 5c], Qoker (2645), UDF1 (2645)
UDF1 bets 993
Qoker calls
River [Ad 8h Jc 5c 9c], Qoker (3638), UDF1 (3638)
UDF1 bets 547
Qoker calls
Qoker shows [2d As]
UDF1 shows [7s 3h]
Qoker awarded 4185
UDF1 awarded -4185

Round #655, UDF1 (-187509), Qoker (187509)
UDF1 posts blind: 10
Qoker posts blind: 20
UDF1 received [8s 3h]
Qoker received [Kc Ad]
UDF1 folds
UDF1 awarded -10
Qoker awarded 10

Round #656, Qoker (187519), UDF1 (-187519)
Qoker posts blind: 10
UDF1 posts blind: 20
Qoker received [5s Qs]
UDF1 received [Kh 6h]
Qoker calls
UDF1 raises to 337
Qoker folds
Qoker awarded -20
UDF1 awarded 20

Round #657, UDF1 (-187499), Qoker (187499)
UDF1 posts blind: 10
Qoker posts blind: 20
UDF1 received [6c 7c]
Qoker received [Ts 5h]
UDF1 folds
UDF1 awarded -10
Qoker awarded 10

Round #658, Qoker (187509), UDF1 (-187509)
Qoker posts blind: 10
UDF1 posts blind: 20
Qoker received [2s 8h]
UDF1 received [9h 4d]
Qoker calls
UDF1 checks
Flop [7d Jh 2d], Qoker (20), UDF1 (20)
UDF1 bids 9
Qoker bids 3
UDF1 won the auction and was revealed [2s]
Flop [7d Jh 2d], Qoker (20), UDF1 (23)
UDF1 bets 2624
Qoker calls
Turn [7d Jh 2d 9s], Qoker (2644), UDF1 (2647)
UDF1 bets 1454
Qoker calls
River [7d Jh 2d 9s 3c], Qoker (4098), UDF1 (4101)
UDF1 bets 596
Qoker calls
Qoker shows [2s 8h]
UDF1 shows [9h 4d]
Qoker awarded -4694
UDF1 awarded 4694

Round #659, UDF1 (-182815), Qoker (182815)
UDF1 posts blind: 10
Qoker posts blind: 20
UDF1 received [Jh Th]
Qoker received [5c Qh]
UDF1 calls
Qoker checks
Flop [2h 6d Tc], UDF1 (20), Qoker (20)
Qoker bids 0
UDF1 bids 5
UDF1 won the auction and was revealed [5c]
Flop [2h 6d Tc], UDF1 (20), Qoker (20)
Qoker checks
UDF1 bets 3664
Qoker folds
UDF1 awarded 20
Qoker awarded -20

Round #660, Qoker (182795), UDF1 (-182795)
Qoker posts blind: 10
UDF1 posts blind: 20
Qoker received [5s Js]
UDF1 received [2d Kh]
Qoker calls
UDF1 checks
Flop [4c Ts 8d], Qoker (20), UDF1 (20)
UDF1 bids 9
Qoker bids 0
UDF1 won the auction and was revealed [Js]
Flop [4c Ts 8d], Qoker (20), UDF1 (20)
UDF1 bets 2991
Qoker folds
Qoker awarded -20
UDF1 awarded 20

Round #661, UDF1 (-182775), Qoker (182775)
UDF1 posts blind: 10
Qoker posts blind: 20
UDF1 received [9h 4d]
Qoker received [Kd 2c]
UDF1 calls
Qoker checks
Flop [6d 5h 8s], UDF1 (20), Qoker (20)
Qoker bids 0
UDF1 bids 6
UDF1 won the auction and was revealed [Kd]
Flop [6d 5h 8s], UDF1 (20), Qoker (20)
Qoker checks
UDF1 bets 2425
Qoker folds
UDF1 awarded 20
Qoker awarded -20

Round #662, Qoker (182755), UDF1 (-182755)
Qoker posts blind: 10
UDF1 posts blind: 20
Qoker received [Tc 3d]
UDF1 received [6h 9d]
Qoker calls
UDF1 checks
Flop [5d 6s 4d], Qoker (20), UDF1 (20)
UDF1 bids 0
Qoker bids 3
Qoker won the auction and was revealed [6h]
Flop [5d 6s 4d], Qoker (20), UDF1 (20)
UDF1 bets 3121
Qoker calls
Turn [5d 6s 4d Js], Qoker (3141), UDF1 (3141)
UDF1 bets 976
Qoker calls
River [5d 6s 4d Js As], Qoker (4117), UDF1 (4117)
UDF1 bets 444
Qoker calls
Qoker shows [Tc 3d]
UDF1 shows [6h 9d]
Qoker awarded -4561
UDF1 awarded 4561

Round #663, UDF1 (-178194), Qoker (178194)
UDF1 posts blind: 10
Qoker posts blind: 20
UDF1 received [Qs 9d]
Qoker received [3c Js]
UDF1 raises to 337
Qoker folds
UDF1 awarded 20
Qoker awarded -20

Round #664, Qoker (178174), UDF1 (-178174)
Qoker posts blind: 10
UDF1 posts blind: 20
Qoker received [6h 3h]
UDF1 received [2d 2c]
Qoker calls
UDF1 checks
Flop [Jd 5h 3s], Qoker (20), UDF1 (20)
UDF1 bids 10
Qoker bids 3
UDF1 won the auction and was revealed [3h]
Flop [Jd 5h 3s], Qoker (20), UDF1 (23)
UDF1 bets 2572
Qoker calls
Turn [Jd 5h 3s 4c], Qoker (2592), UDF1 (2595)
UDF1 bets 1110
Qoker calls
River [Jd 5h 3s 4c Ad], Qoker (3702), UDF1 (3705)
UDF1 bets 938
Qoker calls
Qoker shows [6h 3h]
UDF1 shows [2d 2c]
Qoker awarded -4640
UDF1 awarded 4640

Round #665, UDF1 (-173534), Qoker (173534)
UDF1 posts blind: 10
Qoker posts blind: 20
UDF1 received [8d 4d]
Qoker received [Tc 3s]
UDF1 calls
Qoker checks
Flop [5h 7h Jd], UDF1 (20), Qoker (20)
Qoker bids 0
UDF1 bids 0
UDF1 won the auction and was revealed [3s]
Qoker won the auction and was revealed [4d]
Flop [5h 7h Jd], UDF1 (20), Qoker (20)
Qoker checks
UDF1 bets 2688
Qoker folds
UDF1 awarded 20
Qoker awarded -20

Round #666, Qoker (173514), UDF1 (-173514)
Qoker posts blind: 10
UDF1 posts blind: 20
Qoker received [Tc Kh]
UDF1 received [Qh 6d]
Qoker calls
UDF1 checks
Flop [8c Qs 4c], Qoker (20), UDF1 (20)
UDF1 bids 7
Qoker bids 0
UDF1 won the auction and was revealed [Kh]
Flop [8c Qs 4c], Qoker (20), UDF1 (20)
UDF1 bets 3182
Qoker folds
Qoker awarded -20
UDF1 awarded 20

Round #667, UDF1 (-173494), Qoker (173494)
UDF1 posts blind: 10
Qoker posts blind: 20
UDF1 received [4d Js]
Qoker received [9c 2d]
UDF1 calls
Qoker checks
Flop [Ts 6s Ks], UDF1 (20), Qoker (20)
Qoker bids 0
UDF1 bids 6
UDF1 won the auction and was revealed [2d]
Flop [Ts 6s Ks], UDF1 (20), Qoker (20)
Qoker checks
UDF1 bets 2865
Qoker folds
UDF1 awarded 20
Qoker awarded -20

Round #668, Qoker (173474), UDF1 (-173474)
Qoker posts blind: 10
UDF1 posts blind: 20
Qoker received [Qd Td]
UDF1 received [6c 9c]
Qoker calls
UDF1 checks
Flop [5h 4s 5s], Qoker (20), UDF1 (20)
UDF1 bids 6
Qoker bids 5
UDF1 won the auction and was revealed [Td]
Flop [5h 4s 5s], Qoker (20), UDF1 (25)
UDF1 bets 1967
Qoker calls
Turn [5h 4s 5s 2c], Qoker (1987), UDF1 (1992)
UDF1 bets 1092
Qoker calls
River [5h 4s 5s 2c Jd], Qoker (3079), UDF1 (3084)
UDF1 bets 617
Qoker calls
Qoker shows [Qd Td]
UDF1 shows [6c 9c]
Qoker awarded 3701
UDF1 awarded -3701

Round #669, UDF1 (-177175), Qoker (177175)
UDF1 posts blind: 10
Qoker posts blind: 20
UDF1 received [4h 2c]
Qoker received [7d Ts]
UDF1 calls
Qoker checks
Flop [5c Qd 7h], UDF1 (20), Qoker (20)
Qoker bids 4
UDF1 bids 6
UDF1 won the auction and was revealed [Ts]
Flop [5c Qd 7h], UDF1 (24), Qoker (20)
Qoker checks
UDF1 bets 2180
Qoker calls
Turn [5c Qd 7h Qh], UDF1 (2204), Qoker (2200)
Qoker checks
UDF1 bets 1033
Qoker calls
River [5c Qd 7h Qh Ac], UDF1 (3237), Qoker (3233)
Qoker checks
UDF1 bets 652
Qoker calls
UDF1 shows [4h 2c]
Qoker shows [7d Ts]
UDF1 awarded -3889
Qoker awarded 3889

Round #670, Qoker (181064), UDF1 (-181064)
Qoker posts blind: 10
UDF1 posts blind: 20
Qoker received [Js Jd]
UDF1 received [2s 6d]
Qoker raises to 40
UDF1 raises to 356
Qoker raises to 672
UDF1 calls
Flop [6s 5h Th], Qoker (672), UDF1 (672)
UDF1 bids 2
Qoker bids 165
Qoker won the auction and was revealed [6d]
Flop [6s 5h Th], Qoker (674), UDF1 (672)
UDF1 bets 2634
Qoker calls
Turn [6s 5h Th Ah], Qoker (3308), UDF1 (3306)
UDF1 bets 926
Qoker calls
River [6s 5h Th Ah Qs], Qoker (4234), UDF1 (4232)
UDF1 bets 349
Qoker calls
Qoker shows [Js Jd]
UDF1 shows [2s 6d]
Qoker awarded 4581
UDF1 awarded -4581

Round #671, UDF1 (-185645), Qoker (185645)
UDF1 posts blind: 10
Qoker posts blind: 20
UDF1 received [2h 4s]
Qoker received [2s Js]
UDF1 raises to 337
Qoker folds
UDF1 awarded 20
Qoker awarded -20

Round #672, Qoker (185625), UDF1 (-185625)
Qoker posts blind: 10
UDF1 posts blind: 20
Qoker received [8d 9h]
UDF1 received [Qd 7d]
Qoker calls
UDF1 checks
Flop [9s Kh 6h], Qoker (20), UDF1 (20)
UDF1 bids 12
Qoker bids 6
UDF1 won the auction and was revealed [9h]
Flop [9s Kh 6h], Qoker (20), UDF1 (26)
UDF1 bets 2396
Qoker calls
Turn [9s Kh 6h 8s], Qoker (2416), UDF1 (2422)
UDF1 bets 1142
Qoker calls
River [9s Kh 6h 8s 5d], Qoker (3558), UDF1 (3564)
UDF1 bets 929
Qoker calls
Qoker shows [8d 9h]
UDF1 shows [Qd 7d]
Qoker awarded -4487
UDF1 awarded 4487

Round #673, UDF1 (-181138), Qoker (181138)
UDF1 posts blind: 10
Qoker posts blind: 20
UDF1 received [5h Kh]
Qoker received [9c 3s]
UDF1 raises to 337
Qoker folds
UDF1 awarded 20
Qoker awarded -20

Round #674, Qoker (181118), UDF1 (-181118)
Qoker posts blind: 10
UDF1 posts blind: 20
Qoker received [Qd Tc]
UDF1 received [5d 3s]
Qoker calls
UDF1 raises to 337
Qoker calls
Flop [5c Ts 2s], Qoker (337), UDF1 (337)
UDF1 bids 5
Qoker bids 122
Qoker won the auction and was revealed [5d]
Flop [5c Ts 2s], Qoker (342), UDF1 (337)
UDF1 bets 2943
Qoker calls
Turn [5c Ts 2s 3c], Qoker (3285), UDF1 (3280)
UDF1 bets 1043
Qoker calls
River [5c Ts 2s 3c Ac], Qoker (4328), UDF1 (4323)
UDF1 bets 410
Qoker calls
Qoker shows [Qd Tc]
UDF1 shows [5d 3s]
Qoker awarded -4738
UDF1 awarded 4738

Round #675, UDF1 (-176380), Qoker (176380)
UDF1 posts blind: 10
Qoker posts blind: 20
UDF1 received [Th Jd]
Qoker received [8h 5h]
UDF1 calls
Qoker checks
Flop [Ks 6d 3s], UDF1 (20), Qoker (20)
Qoker bids 0
UDF1 bids 6
UDF1 won the auction and was revealed [5h]
Flop [Ks 6d 3s], UDF1 (20), Qoker (20)
Qoker checks
UDF1 bets 2693
Qoker folds
UDF1 awarded 20
Qoker awarded -20

Round #676, Qoker (176360), UDF1 (-176360)
Qoker posts blind: 10
UDF1 posts blind: 20
Qoker received [2s Qs]
UDF1 received [4h Jd]
Qoker calls
UDF1 checks
Flop [Qc Kh Js], Qoker (20), UDF1 (20)
UDF1 bids 3
Qoker bids 5
Qoker won the auction and was revealed [Jd]
Flop [Qc Kh Js], Qoker (23), UDF1 (20)
UDF1 bets 2633
Qoker calls
Turn [Qc Kh Js Ad], Qoker (2656), UDF1 (2653)
UDF1 bets 1229
Qoker calls
River [Qc Kh Js Ad 6d], Qoker (3885), UDF1 (3882)
UDF1 bets 562
Qoker calls
Qoker shows [2s Qs]
UDF1 shows [4h Jd]
Qoker awarded 4444
UDF1 awarded -4444

Round #677, UDF1 (-180804), Qoker (180804)
UDF1 posts blind: 10
Qoker posts blind: 20
UDF1 received [Tc Kc]
Qoker received [6h 2h]
UDF1 raises to 1136
Qoker folds
UDF1 awarded 20
Qoker awarded -20

Round #678, Qoker (180784), UDF1 (-180784)
Qoker posts blind: 10
UDF1 posts blind: 20
Qoker received [4s 6h]
UDF1 received [Th Jc]
Qoker calls
UDF1 checks
Flop [Ts Kc Jh], Qoker (20), UDF1 (20)
UDF1 bids 6
Qoker bids 0
UDF1 won the auction and was revealed [4s]
Flop [Ts Kc Jh], Qoker (20), UDF1 (20)
UDF1 bets 3431
Qoker folds
Qoker awarded -20
UDF1 awarded 20

Round #679, UDF1 (-180764), Qoker (180764)
UDF1 posts blind: 10
Qoker posts blind: 20
UDF1 received [7s 6s]
Qoker received [Ah 9s]
UDF1 raises to 337
Qoker folds
UDF1 awarded 20
Qoker awarded -20

Round #680, Qoker (180744), UDF1 (-180744)
Qoker posts blind: 10
UDF1 posts blind: 20
Qoker received [Th 6c]
UDF1 received [3h Kh]
Qoker calls
UDF1 checks
Flop [4c Td 3s], Qoker (20), UDF1 (20)
UDF1 bids 1
Qoker bids 4
Qoker won the auction and was revealed [Kh]
Flop [4c Td 3s], Qoker (21), UDF1 (20)
UDF1 bets 2998
Qoker calls
Turn [4c Td 3s 7h], Qoker (3019), UDF1 (3018)
UDF1 bets 1255
Qoker calls
River [4c Td 3s 7h 6s], Qoker (4274), UDF1 (4273)
UDF1 bets 383
Qoker calls
Qoker shows [Th 6c]
UDF1 shows [3h Kh]
Qoker awarded 4656
UDF1 awarded -4656

Round #681, UDF1 (-185400), Qoker (185400)
UDF1 posts blind: 10
Qoker posts blind: 20
UDF1 received [Ac 6d]
Qoker received [3c 2d]
UDF1 calls
Qoker checks
Flop [Th Qc Jh], UDF1 (20), Qoker (20)
Qoker bids 0
UDF1 bids 5
UDF1 won the auction and was revealed [3c]
Flop [Th Qc Jh], UDF1 (20), Qoker (20)
Qoker checks
UDF1 bets 2792
Qoker folds
UDF1 awarded 20
Qoker awarded -20

Round #682, Qoker (185380), UDF1 (-185380)
Qoker posts blind: 10
UDF1 posts blind: 20
Qoker received [5s 9s]
UDF1 received [2d Ks]
Qoker calls
UDF1 checks
Flop [3c 5c 4s], Qoker (20), UDF1 (20)
UDF1 bids 12
Qoker bids 3
UDF1 won the auction and was revealed [9s]
Flop [3c 5c 4s], Qoker (20), UDF1 (23)
UDF1 bets 2976
Qoker calls
Turn [3c 5c 4s 6h], Qoker (2996), UDF1 (2999)
UDF1 bets 1237
Qoker calls
River [3c 5c 4s 6h 2c], Qoker (4233), UDF1 (4236)
UDF1 bets 376
Qoker raises to 764
UDF1 calls
Qoker shows [5s 9s]
UDF1 shows [2d Ks]
Qoker awarded 1
UDF1 awarded -1

Round #683, UDF1 (-185381), Qoker (185381)
UDF1 posts blind: 10
Qoker posts blind: 20
UDF1 received [8s 9c]
Qoker received [2s 6c]
UDF1 folds
UDF1 awarded -10
Qoker awarded 10

Round #684, Qoker (185391), UDF1 (-185391)
Qoker posts blind: 10
UDF1 posts blind: 20
Qoker received [5d 6d]
UDF1 received [6s Tc]
Qoker calls
UDF1 raises to 337
Qoker calls
Flop [4h Ts 4d], Qoker (337), UDF1 (337)
UDF1 bids 8
Qoker bids 33
Qoker won the auction and was revealed [6s]
Flop [4h Ts 4d], Qoker (345), UDF1 (337)
UDF1 bets 2714
Qoker calls
Turn [4h Ts 4d Td], Qoker (3059), UDF1 (3051)
UDF1 bets 1154
Qoker raises to 1941
UDF1 calls
River [4h Ts 4d Td 9c], Qoker (5000), UDF1 (4992)
UDF1 checks
Qoker checks
Qoker shows [5d 6d]
UDF1 shows [6s Tc]
Qoker awarded -5000
UDF1 awarded 5000

Round #685, UDF1 (-180391), Qoker (180391)
UDF1 posts blind: 10
Qoker posts blind: 20
UDF1 received [7d Ks]
Qoker received [Qc Qs]
UDF1 calls
Qoker raises to 40
UDF1 folds
UDF1 awarded -20
Qoker awarded 20

Round #686, Qoker (180411), UDF1 (-180411)
Qoker posts blind: 10
UDF1 posts blind: 20
Qoker received [As 9d]
UDF1 received [Qh 6c]
Qoker calls
UDF1 checks
Flop [3s 6d 7h], Qoker (20), UDF1 (20)
UDF1 bids 3
Qoker bids 2
UDF1 won the auction and was revealed [9d]
Flop [3s 6d 7h], Qoker (20), UDF1 (22)
UDF1 bets 2962
Qoker folds
Qoker awarded -20
UDF1 awarded 20

Round #687, UDF1 (-180391), Qoker (180391)
UDF1 posts blind: 10
Qoker posts blind: 20
UDF1 received [Ts 3d]
Qoker received [5h Td]
UDF1 folds
UDF1 awarded -10
Qoker awarded 10

Round #688, Qoker (180401), UDF1 (-180401)
Qoker posts blind: 10
UDF1 posts blind: 20
Qoker received [Qh 3d]
UDF1 received [Kh 2s]
Qoker calls
UDF1 checks
Flop [2c 6s Kc], Qoker (20), UDF1 (20)
UDF1 bids 7
Qoker bids 0
UDF1 won the auction and was revealed [3d]
Flop [2c 6s Kc], Qoker (20), UDF1 (20)
UDF1 bets 3662
Qoker folds
Qoker awarded -20
UDF1 awarded 20

Round #689, UDF1 (-180381), Qoker (180381)
UDF1 posts blind: 10
Qoker posts blind: 20
UDF1 received [5h Ad]
Qoker received [7c 9s]
UDF1 folds
UDF1 awarded -10
Qoker awarded 10

Round #690, Qoker (180391), UDF1 (-180391)
Qoker posts blind: 10
UDF1 posts blind: 20
Qoker received [Ks 3s]
UDF1 received [9s Ac]
Qoker calls
UDF1 checks
Flop [9d 8s 5d], Qoker (20), UDF1 (20)
UDF1 bids 11
Qoker bids 0
UDF1 won the auction and was revealed [3s]
Flop [9d 8s 5d], Qoker (20), UDF1 (20)
UDF1 bets 3191
Qoker folds
Qoker awarded -20
UDF1 awarded 20

Round #691, UDF1 (-180371), Qoker (180371)
UDF1 posts blind: 10
Qoker posts blind: 20
UDF1 received [4c 3h]
Qoker received [Jh 6s]
UDF1 folds
UDF1 awarded -10
Qoker awarded 10

Round #692, Qoker (180381), UDF1 (-180381)
Qoker posts blind: 10
UDF1 posts blind: 20
Qoker received [Td Jd]
UDF1 received [4s 8d]
Qoker calls
UDF1 checks
Flop [Kc 8h Ad], Qoker (20), UDF1 (20)
UDF1 bids 9
Qoker bids 5
UDF1 won the auction and was revealed [Jd]
Flop [Kc 8h Ad], Qoker (20), UDF1 (25)
UDF1 bets 3428
Qoker folds
Qoker awarded -20
UDF1 awarded 20

Round #693, UDF1 (-180361), Qoker (180361)
UDF1 posts blind: 10
Qoker posts blind: 20
UDF1 received [7s Jc]
Qoker received [6s Ts]
UDF1 raises to 337
Qoker folds
UDF1 awarded 20
Qoker awarded -20

Round #694, Qoker (180341), UDF1 (-180341)
Qoker posts blind: 10
UDF1 posts blind: 20
Qoker received [5d 2s]
UDF1 received [Tc Js]
Qoker calls
UDF1 checks
Flop [6c 3d 5c], Qoker (20), UDF1 (20)
UDF1 bids 8
Qoker bids 5
UDF1 won the auction and was revealed [2s]
Flop [6c 3d 5c], Qoker (20), UDF1 (25)
UDF1 bets 2545
Qoker calls
Turn [6c 3d 5c 6d], Qoker (2565), UDF1 (2570)
UDF1 bets 1072
Qoker calls
River [6c 3d 5c 6d Ks], Qoker (3637), UDF1 (3642)
UDF1 bets 653
Qoker calls
Qoker shows [5d 2s]
UDF1 shows [Tc Js]
Qoker awarded 4295
UDF1 awarded -4295

Round #695, UDF1 (-184636), Qoker (184636)
UDF1 posts blind: 10
Qoker posts blind: 20
UDF1 received [2s 5d]
Qoker received [As 4h]
UDF1 calls
Qoker checks
Flop [Tc 3s 7d], UDF1 (20), Qoker (20)
Qoker bids 2
UDF1 bids 0
Qoker won the auction and was revealed [2s]
Flop [Tc 3s 7d], UDF1 (20), Qoker (20)
Qoker checks
UDF1 bets 2284
Qoker folds
UDF1 awarded 20
Qoker awarded -20

Round #696, Qoker (184616), UDF1 (-184616)
Qoker posts blind: 10
UDF1 posts blind: 20
Qoker received [9c 7d]
UDF1 received [Qs 6c]
Qoker calls
UDF1 checks
Flop [4c Kd Ac], Qoker (20), UDF1 (20)
UDF1 bids 2
Qoker bids 2
Qoker won the auction and was revealed [6c]
UDF1 won the auction and was revealed [9c]
Flop [4c Kd Ac], Qoker (22), UDF1 (22)
UDF1 bets 3154
Qoker folds
Qoker awarded -22
UDF1 awarded 22

Round #697, UDF1 (-184594), Qoker (184594)
UDF1 posts blind: 10
Qoker posts blind: 20
UDF1 received [9d 5s]
Qoker received [2h 8c]
UDF1 calls
Qoker checks
Flop [Ts Js 9c], UDF1 (20), Qoker (20)
Qoker bids 3
UDF1 bids 7
UDF1 won the auction and was revealed [2h]
Flop [Ts Js 9c], UDF1 (23), Qoker (20)
Qoker checks
UDF1 bets 2819
Qoker calls
Turn [Ts Js 9c 7d], UDF1 (2842), Qoker (2839)
Qoker bets 2158
UDF1 calls
River [Ts Js 9c 7d 4d], UDF1 (5000), Qoker (4997)
Qoker checks
UDF1 checks
UDF1 shows [9d 5s]
Qoker shows [2h 8c]
UDF1 awarded -5000
Qoker awarded 5000

Round #698, Qoker (189594), UDF1 (-189594)
Qoker posts blind: 10
UDF1 posts blind: 20
Qoker received [4s 4h]
UDF1 received [7d 3h]
Qoker calls
UDF1 checks
Flop [2h 4c 8d], Qoker (20), UDF1 (20)
UDF1 bids 3
Qoker bids 4
Qoker won the auction and was revealed [3h]
Flop [2h 4c 8d], Qoker (23), UDF1 (20)
UDF1 bets 2258
Qoker raises to 4516
UDF1 folds
Qoker awarded 2278
UDF1 awarded -2278

Round #699, UDF1 (-191872), Qoker (191872)
UDF1 posts blind: 10
Qoker posts blind: 20
UDF1 received [Ad Kd]
Qoker received [5d Qs]
UDF1 raises to 4652
Qoker folds
UDF1 awarded 20
Qoker awarded -20

Round #700, Qoker (191852), UDF1 (-191852)
Qoker posts blind: 10
UDF1 posts blind: 20
Qoker received [4h 2h]
UDF1 received [5c 5d]
Qoker calls
UDF1 checks
Flop [Ac 7h 3s], Qoker (20), UDF1 (20)
UDF1 bids 10
Qoker bids 4
UDF1 won the auction and was revealed [4h]
Flop [Ac 7h 3s], Qoker (20), UDF1 (24)
UDF1 bets 3124
Qoker folds
Qoker awarded -20
UDF1 awarded 20

Round #701, UDF1 (-191832), Qoker (191832)
UDF1 posts blind: 10
Qoker posts blind: 20
UDF1 received [7s Tc]
Qoker received [Kd 4d]
UDF1 calls
Qoker checks
Flop [7d 6s Ah], UDF1 (20), Qoker (20)
Qoker bids 2
UDF1 bids 3
UDF1 won the auction and was revealed [4d]
Flop [7d 6s Ah], UDF1 (22), Qoker (20)
Qoker checks
UDF1 bets 3110
Qoker folds
UDF1 awarded 20
Qoker awarded -20

Round #702, Qoker (191812), UDF1 (-191812)
Qoker posts blind: 10
UDF1 posts blind: 20
Qoker received [Ac Qd]
UDF1 received [5c Kd]
Qoker calls
UDF1 checks
Flop [5h 7c 2d], Qoker (20), UDF1 (20)
UDF1 bids 8
Qoker bids 2
UDF1 won the auction and was revealed [Qd]
Flop [5h 7c 2d], Qoker (20), UDF1 (22)
UDF1 bets 3423
Qoker folds
Qoker awarded -20
UDF1 awarded 20

Round #703, UDF1 (-191792), Qoker (191792)
UDF1 posts blind: 10
Qoker posts blind: 20
UDF1 received [7d 5s]
Qoker received [Jh 7h]
UDF1 calls
Qoker checks
Flop [Kc 9s 4c], UDF1 (20), Qoker (20)
Qoker bids 0
UDF1 bids 2
UDF1 won the auction and was revealed [7h]
Flop [Kc 9s 4c], UDF1 (20), Qoker (20)
Qoker checks
UDF1 bets 2763
Qoker folds
UDF1 awarded 20
Qoker awarded -20

Round #704, Qoker (191772), UDF1 (-191772)
Qoker posts blind: 10
UDF1 posts blind: 20
Qoker received [7h Jh]
UDF1 received [4h Td]
Qoker calls
UDF1 checks
Flop [3c 8c Qc], Qoker (20), UDF1 (20)
UDF1 bids 8
Qoker bids 0
UDF1 won the auction and was revealed [Jh]
Flop [3c 8c Qc], Qoker (20), UDF1 (20)
UDF1 bets 2284
Qoker folds
Qoker awarded -20
UDF1 awarded 20

Round #705, UDF1 (-191752), Qoker (191752)
UDF1 posts blind: 10
Qoker posts blind: 20
UDF1 received [6s Ad]
Qoker received [6c 5s]
UDF1 raises to 337
Qoker folds
UDF1 awarded 20
Qoker awarded -20

Round #706, Qoker (191732), UDF1 (-191732)
Qoker posts blind: 10
UDF1 posts blind: 20
Qoker received [4h Qd]
UDF1 received [3h Th]
Qoker calls
UDF1 checks
Flop [7s 8s 7d], Qoker (20), UDF1 (20)
UDF1 bids 12
Qoker bids 2
UDF1 won the auction and was revealed [Qd]
Flop [7s 8s 7d], Qoker (20), UDF1 (22)
UDF1 bets 2107
Qoker calls
Turn [7s 8s 7d 2c], Qoker (2127), UDF1 (2129)
UDF1 bets 1116
Qoker calls
River [7s 8s 7d 2c Ad], Qoker (3243), UDF1 (3245)
UDF1 bets 584
Qoker calls
Qoker shows [4h Qd]
UDF1 shows [3h Th]
Qoker awarded 3829
UDF1 awarded -3829

Round #707, UDF1 (-195561), Qoker (195561)
UDF1 posts blind: 10
Qoker posts blind: 20
UDF1 received [Js Td]
Qoker received [Qh Jc]
UDF1 calls
Qoker checks
Flop [3d 6s 2d], UDF1 (20), Qoker (20)
Qoker bids 0
UDF1 bids 4
UDF1 won the auction and was revealed [Qh]
Flop [3d 6s 2d], UDF1 (20), Qoker (20)
Qoker checks
UDF1 bets 2318
Qoker folds
UDF1 awarded 20
Qoker awarded -20

Round #708, Qoker (195541), UDF1 (-195541)
Qoker posts blind: 10
UDF1 posts blind: 20
Qoker received [9s 9d]
UDF1 received [6c Tc]
Qoker raises to 40
UDF1 calls
Flop [6d 2s 3s], Qoker (40), UDF1 (40)
UDF1 bids 0
Qoker bids 8
Qoker won the auction and was revealed [Tc]
Flop [6d 2s 3s], Qoker (40), UDF1 (40)
UDF1 bets 3304
Qoker calls
Turn [6d 2s 3s Qd], Qoker (3344), UDF1 (3344)
UDF1 bets 1064
Qoker calls
River [6d 2s 3s Qd Kd], Qoker (4408), UDF1 (4408)
UDF1 bets 315
Qoker calls
Qoker shows [9s 9d]
UDF1 shows [6c Tc]
Qoker awarded 4723
UDF1 awarded -4723

Round #709, UDF1 (-200264), Qoker (200264)
UDF1 posts blind: 10
Qoker posts blind: 20
UDF1 received [Ad 7h]
Qoker received [Kc 7c]
UDF1 calls
Qoker checks
Flop [4s 3c Td], UDF1 (20), Qoker (20)
Qoker bids 0
UDF1 bids 12
UDF1 won the auction and was revealed [7c]
Flop [4s 3c Td], UDF1 (20), Qoker (20)
Qoker checks
UDF1 bets 3061
Qoker folds
UDF1 awarded 20
Qoker awarded -20

Round #710, Qoker (200244), UDF1 (-200244)
Qoker posts blind: 10
UDF1 posts blind: 20
Qoker received [Jd Qd]
UDF1 received [9s 8s]
Qoker calls
UDF1 checks
Flop [8d Jh 2c], Qoker (20), UDF1 (20)
UDF1 bids 2
Qoker bids 5
Qoker won the auction and was revealed [9s]
Flop [8d Jh 2c], Qoker (22), UDF1 (20)
UDF1 bets 3193
Qoker raises to 4978
UDF1 calls
Turn [8d Jh 2c Qc], Qoker (5000), UDF1 (4998)
UDF1 checks
Qoker checks
River [8d Jh 2c Qc Ad], Qoker (5000), UDF1 (4998)
UDF1 checks
Qoker checks
Qoker shows [Jd Qd]
UDF1 shows [9s 8s]
Qoker awarded 4998
UDF1 awarded -4998

Round #711, UDF1 (-205242), Qoker (205242)
UDF1 posts blind: 10
Qoker posts blind: 20
UDF1 received [7h 3s]
Qoker received [2s 5c]
UDF1 folds
UDF1 awarded -10
Qoker awarded 10

Round #712, Qoker (205252), UDF1 (-205252)
Qoker posts blind: 10
UDF1 posts blind: 20
Qoker received [6h 3s]
UDF1 received [2s 7d]
Qoker calls
UDF1 checks
Flop [Tc 9s 3d], Qoker (20), UDF1 (20)
UDF1 bids 10
Qoker bids 4
UDF1 won the auction and was revealed [6h]
Flop [Tc 9s 3d], Qoker (20), UDF1 (24)
UDF1 bets 2430
Qoker calls
Turn [Tc 9s 3d Td], Qoker (2450), UDF1 (2454)
UDF1 bets 1051
Qoker calls
River [Tc 9s 3d Td Kh], Qoker (3501), UDF1 (3505)
UDF1 bets 668
Qoker calls
Qoker shows [6h 3s]
UDF1 shows [2s 7d]
Qoker awarded 4173
UDF1 awarded -4173

Round #713, UDF1 (-209425), Qoker (209425)
UDF1 posts blind: 10
Qoker posts blind: 20
UDF1 received [7h 5s]
Qoker received [4h 8d]
UDF1 folds
UDF1 awarded -10
Qoker awarded 10

Round #714, Qoker (209435), UDF1 (-209435)
Qoker posts blind: 10
UDF1 posts blind: 20
Qoker received [3h Js]
UDF1 received [8c Ts]
Qoker calls
UDF1 checks
Flop [9d 4c 4h], Qoker (20), UDF1 (20)
UDF1 bids 11
Qoker bids 5
UDF1 won the auction and was revealed [Js]
Flop [9d 4c 4h], Qoker (20), UDF1 (25)
UDF1 bets 2208
Qoker calls
Turn [9d 4c 4h Qh], Qoker (2228), UDF1 (2233)
UDF1 bets 1257
Qoker calls
River [9d 4c 4h Qh Jc], Qoker (3485), UDF1 (3490)
UDF1 bets 998
Qoker calls
Qoker shows [3h Js]
UDF1 shows [8c Ts]
Qoker awarded -4483
UDF1 awarded 4483

Round #715, UDF1 (-204952), Qoker (204952)
UDF1 posts blind: 10
Qoker posts blind: 20
UDF1 received [7c 6c]
Qoker received [5d 8s]
UDF1 calls
Qoker checks
Flop [Kh 2h 9d], UDF1 (20), Qoker (20)
Qoker bids 0
UDF1 bids 9
UDF1 won the auction and was revealed [8s]
Flop [Kh 2h 9d], UDF1 (20), Qoker (20)
Qoker checks
UDF1 bets 2434
Qoker folds
UDF1 awarded 20
Qoker awarded -20

Round #716, Qoker (204932), UDF1 (-204932)
Qoker posts blind: 10
UDF1 posts blind: 20
Qoker received [Qc 7s]
UDF1 received [6s 6c]
Qoker calls
UDF1 raises to 1100
Qoker folds
Qoker awarded -20
UDF1 awarded 20

Round #717, UDF1 (-204912), Qoker (204912)
UDF1 posts blind: 10
Qoker posts blind: 20
UDF1 received [Kc Kd]
Qoker received [8d 3h]
UDF1 raises to 4455
Qoker folds
UDF1 awarded 20
Qoker awarded -20

Round #718, Qoker (204892), UDF1 (-204892)
Qoker posts blind: 10
UDF1 posts blind: 20
Qoker received [Ts 2c]
UDF1 received [Qs 9s]
Qoker calls
UDF1 checks
Flop [9d Qc 7d], Qoker (20), UDF1 (20)
UDF1 bids 4
Qoker bids 0
UDF1 won the auction and was revealed [Ts]
Flop [9d Qc 7d], Qoker (20), UDF1 (20)
UDF1 bets 3758
Qoker folds
Qoker awarded -20
UDF1 awarded 20

Round #719, UDF1 (-204872), Qoker (204872)
UDF1 posts blind: 10
Qoker posts blind: 20
UDF1 received [6s 9c]
Qoker received [Js 6d]
UDF1 calls
Qoker checks
Flop [Qs 6c 5s], UDF1 (20), Qoker (20)
Qoker bids 5
UDF1 bids 4
Qoker won the auction and was revealed [6s]
Flop [Qs 6c 5s], UDF1 (20), Qoker (24)
Qoker checks
UDF1 bets 2882
Qoker calls
Turn [Qs 6c 5s Ac], UDF1 (2902), Qoker (2906)
Qoker checks
UDF1 bets 1372
Qoker calls
River [Qs 6c 5s Ac Kh], UDF1 (4274), Qoker (4278)
Qoker checks
UDF1 bets 437
Qoker calls
UDF1 shows [6s 9c]
Qoker shows [Js 6d]
UDF1 awarded 2
Qoker awarded -2

Round #720, Qoker (204870), UDF1 (-204870)
Qoker posts blind: 10
UDF1 posts blind: 20
Qoker received [Ad Qd]
UDF1 received [7s Jd]
Qoker calls
UDF1 checks
Flop [3d 8d Td], Qoker (20), UDF1 (20)
UDF1 bids 11
Qoker bids 1
UDF1 won the auction and was revealed [Ad]
Flop [3d 8d Td], Qoker (20), UDF1 (21)
UDF1 bets 2428
Qoker raises to 4856
UDF1 folds
Qoker awarded 2449
UDF1 awarded -2449

Round #721, UDF1 (-207319), Qoker (207319)
UDF1 posts blind: 10
Qoker posts blind: 20
UDF1 received [Ts Qd]
Qoker received [8d 4c]
UDF1 raises to 337
Qoker folds
UDF1 awarded 20
Qoker awarded -20

Round #722, Qoker (207299), UDF1 (-207299)
Qoker posts blind: 10
UDF1 posts blind: 20
Qoker received [6d 7c]
UDF1 received [Tc 7s]
Qoker calls
UDF1 raises to 337
Qoker folds
Qoker awarded -20
UDF1 awarded 20

Round #723, UDF1 (-207279), Qoker (207279)
UDF1 posts blind: 10
Qoker posts blind: 20
UDF1 received [2d Qd]
Qoker received [9c Ks]
UDF1 folds
UDF1 awarded -10
Qoker awarded 10

Round #724, Qoker (207289), UDF1 (-207289)
Qoker posts blind: 10
UDF1 posts blind: 20
Qoker received [3h Jd]
UDF1 received [As Js]
Qoker calls
UDF1 raises to 3704
Qoker folds
Qoker awarded -20
UDF1 awarded 20

Round #725, UDF1 (-207269), Qoker (207269)
UDF1 posts blind: 10
Qoker posts blind: 20
UDF1 received [Kc As]
Qoker received [Ac 6h]
UDF1 raises to 4445
Qoker folds
UDF1 awarded 20
Qoker awarded -20

Round #726, Qoker (207249), UDF1 (-207249)
Qoker posts blind: 10
UDF1 posts blind: 20
Qoker received [5d 8h]
UDF1 received [9h 2s]
Qoker calls
UDF1 checks
Flop [Qd 5c 7d], Qoker (20), UDF1 (20)
UDF1 bids 5
Qoker bids 4
UDF1 won the auction and was revealed [5d]
Flop [Qd 5c 7d], Qoker (20), UDF1 (24)
UDF1 bets 2391
Qoker calls
Turn [Qd 5c 7d Th], Qoker (2411), UDF1 (2415)
UDF1 bets 914
Qoker calls
River [Qd 5c 7d Th 2c], Qoker (3325), UDF1 (3329)
UDF1 bets 676
Qoker calls
Qoker shows [5d 8h]
UDF1 shows [9h 2s]
Qoker awarded 4005
UDF1 awarded -4005

Round #727, UDF1 (-211254), Qoker (211254)
UDF1 posts blind: 10
Qoker posts blind: 20
UDF1 received [Ts Qh]
Qoker received [Js 8s]
UDF1 raises to 337
Qoker calls
Flop [2d 3h Ah], UDF1 (337), Qoker (337)
Qoker bids 58
UDF1 bids 7
Qoker won the auction and was revealed [Ts]
Flop [2d 3h Ah], UDF1 (337), Qoker (344)
Qoker checks
UDF1 bets 2386
Qoker calls
Turn [2d 3h Ah 7c], UDF1 (2723), Qoker (2730)
Qoker checks
UDF1 bets 1234
Qoker calls
River [2d 3h Ah 7c 8c], UDF1 (3957), Qoker (3964)
Qoker checks
UDF1 bets 538
Qoker calls
UDF1 shows [Ts Qh]
Qoker shows [Js 8s]
UDF1 awarded -4495
Qoker awarded 4495

Round #728, Qoker (215749), UDF1 (-215749)
Qoker posts blind: 10
UDF1 posts blind: 20
Qoker received [4d Jc]
UDF1 received [Kc 2h]
Qoker calls
UDF1 raises to 337
Qoker folds
Qoker awarded -20
UDF1 awarded 20

Round #729, UDF1 (-215729), Qoker (215729)
UDF1 posts blind: 10
Qoker posts blind: 20
UDF1 received [2h Ks]
Qoker received [Ts 4c]
UDF1 calls
Qoker checks
Flop [4d 8h Kc], UDF1 (20), Qoker (20)
Qoker bids 4
UDF1 bids 11
UDF1 won the auction and was revealed [4c]
Flop [4d 8h Kc], UDF1 (24), Qoker (20)
Qoker checks
UDF1 bets 3448
Qoker calls
Turn [4d 8h Kc 8c], UDF1 (3472), Qoker (3468)
Qoker bets 1528
UDF1 calls
River [4d 8h Kc 8c Jd], UDF1 (5000), Qoker (4996)
Qoker checks
UDF1 checks
UDF1 shows [2h Ks]
Qoker shows [Ts 4c]
UDF1 awarded 4996
Qoker awarded -4996

Round #730, Qoker (210733), UDF1 (-210733)
Qoker posts blind: 10
UDF1 posts blind: 20
Qoker received [3c 2d]
UDF1 received [Kd 5s]
Qoker calls
UDF1 checks
Flop [7d 7s 6c], Qoker (20), UDF1 (20)
UDF1 bids 8
Qoker bids 2
UDF1 won the auction and was revealed [3c]
Flop [7d 7s 6c], Qoker (20), UDF1 (22)
UDF1 bets 2491
Qoker calls
Turn [7d 7s 6c 5c], Qoker (2511), UDF1 (2513)
UDF1 bets 1270
Qoker calls
River [7d 7s 6c 5c 4d], Qoker (3781), UDF1 (3783)
UDF1 bets 411
Qoker raises to 1217
UDF1 folds
Qoker awarded 4194
UDF1 awarded -4194

Round #731, UDF1 (-214927), Qoker (214927)
UDF1 posts blind: 10
Qoker posts blind: 20
UDF1 received [Td 4h]
Qoker received [6c As]
UDF1 calls
Qoker checks
Flop [8s 3h Kh], UDF1 (20), Qoker (20)
Qoker bids 3
UDF1 bids 4
UDF1 won the auction and was revealed [6c]
Flop [8s 3h Kh], UDF1 (23), Qoker (20)
Qoker checks
UDF1 bets 2967
Qoker folds
UDF1 awarded 20
Qoker awarded -20

Round #732, Qoker (214907), UDF1 (-214907)
Qoker posts blind: 10
UDF1 posts blind: 20
Qoker received [6s 4c]
UDF1 received [3d As]
Qoker calls
UDF1 checks
Flop [5h 9c 7c], Qoker (20), UDF1 (20)
UDF1 bids 8
Qoker bids 4
UDF1 won the auction and was revealed [6s]
Flop [5h 9c 7c], Qoker (20), UDF1 (24)
UDF1 bets 2536
Qoker calls
Turn [5h 9c 7c 4d], Qoker (2556), UDF1 (2560)
UDF1 bets 1139
Qoker calls
River [5h 9c 7c 4d Tc], Qoker (3695), UDF1 (3699)
UDF1 bets 579
Qoker calls
Qoker shows [6s 4c]
UDF1 shows [3d As]
Qoker awarded 4278
UDF1 awarded -4278

Round #733, UDF1 (-219185), Qoker (219185)
UDF1 posts blind: 10
Qoker posts blind: 20
UDF1 received [4d 3h]
Qoker received [As 7c]
UDF1 folds
UDF1 awarded -10
Qoker awarded 10

Round #734, Qoker (219195), UDF1 (-219195)
Qoker posts blind: 10
UDF1 posts blind: 20
Qoker received [5h 9c]
UDF1 received [Ks Ah]
Qoker calls
UDF1 raises to 4665
Qoker folds
Qoker awarded -20
UDF1 awarded 20

Round #735, UDF1 (-219175), Qoker (219175)
UDF1 posts blind: 10
Qoker posts blind: 20
UDF1 received [8s 5s]
Qoker received [Qc 6h]
UDF1 calls
Qoker checks
Flop [Kd 4s 4h], UDF1 (20), Qoker (20)
Qoker bids 6
UDF1 bids 9
UDF1 won the auction and was revealed [Qc]
Flop [Kd 4s 4h], UDF1 (26), Qoker (20)
Qoker checks
UDF1 bets 2511
Qoker calls
Turn [Kd 4s 4h Ad], UDF1 (2537), Qoker (2531)
Qoker checks
UDF1 bets 1008
Qoker calls
River [Kd 4s 4h Ad 9s], UDF1 (3545), Qoker (3539)
Qoker checks
UDF1 bets 570
Qoker calls
UDF1 shows [8s 5s]
Qoker shows [Qc 6h]
UDF1 awarded -4115
Qoker awarded 4115

Round #736, Qoker (223290), UDF1 (-223290)
Qoker posts blind: 10
UDF1 posts blind: 20
Qoker received [2s 8c]
UDF1 received [9d 7h]
Qoker calls
UDF1 checks
Flop [Th Kc 4c], Qoker (20), UDF1 (20)
UDF1 bids 12
Qoker bids 0
UDF1 won the auction and was revealed [8c]
Flop [Th Kc 4c], Qoker (20), UDF1 (20)
UDF1 bets 2855
Qoker folds
Qoker awarded -20
UDF1 awarded 20

Round #737, UDF1 (-223270), Qoker (223270)
UDF1 posts blind: 10
Qoker posts blind: 20
UDF1 received [8c Kc]
Qoker received [Qh 3h]
UDF1 raises to 337
Qoker folds
UDF1 awarded 20
Qoker awarded -20

Round #738, Qoker (223250), UDF1 (-223250)
Qoker posts blind: 10
UDF1 posts blind: 20
Qoker received [8s Td]
UDF1 received [Ad 9h]
Qoker calls
UDF1 raises to 337
Qoker folds
Qoker awarded -20
UDF1 awarded 20

Round #739, UDF1 (-223230), Qoker (223230)
UDF1 posts blind: 10
Qoker posts blind: 20
UDF1 received [Jh Ts]
Qoker received [Qc 5c]
UDF1 calls
Qoker checks
Flop [6d 8s 4s], UDF1 (20), Qoker (20)
Qoker bids 0
UDF1 bids 4
UDF1 won the auction and was revealed [Qc]
Flop [6d 8s 4s], UDF1 (20), Qoker (20)
Qoker checks
UDF1 bets 2218
Qoker folds
UDF1 awarded 20
Qoker awarded -20

Round #740, Qoker (223210), UDF1 (-223210)
Qoker posts blind: 10
UDF1 posts blind: 20
Qoker received [2h 9d]
UDF1 received [8h Qh]
Qoker calls
UDF1 checks
Flop [As 6d Kd], Qoker (20), UDF1 (20)
UDF1 bids 4
Qoker bids 3
UDF1 won the auction and was revealed [2h]
Flop [As 6d Kd], Qoker (20), UDF1 (23)
UDF1 bets 3070
Qoker folds
Qoker awarded -20
UDF1 awarded 20

Round #741, UDF1 (-223190), Qoker (223190)
UDF1 posts blind: 10
Qoker posts blind: 20
UDF1 received [9d Jd]
Qoker received [Ad 2c]
UDF1 raises to 337
Qoker folds
UDF1 awarded 20
Qoker awarded -20

Round #742, Qoker (223170), UDF1 (-223170)
Qoker posts blind: 10
UDF1 posts blind: 20
Qoker received [5h Jh]
UDF1 received [Qh 7c]
Qoker calls
UDF1 checks
Flop [2d 6d Ts], Qoker (20), UDF1 (20)
UDF1 bids 4
Qoker bids 0
UDF1 won the auction and was revealed [Jh]
Flop [2d 6d Ts], Qoker (20), UDF1 (20)
UDF1 bets 3219
Qoker folds
Qoker awarded -20
UDF1 awarded 20

Round #743, UDF1 (-223150), Qoker (223150)
UDF1 posts blind: 10
Qoker posts blind: 20
UDF1 received [6c 7s]
Qoker received [Js 5c]
UDF1 folds
UDF1 awarded -10
Qoker awarded 10

Round #744, Qoker (223160), UDF1 (-223160)
Qoker posts blind: 10
UDF1 posts blind: 20
Qoker received [Th 6h]
UDF1 received [As 5c]
Qoker calls
UDF1 raises to 337
Qoker folds
Qoker awarded -20
UDF1 awarded 20

Round #745, UDF1 (-223140), Qoker (223140)
UDF1 posts blind: 10
Qoker posts blind: 20
UDF1 received [5c Ah]
Qoker received [5h 3c]
UDF1 calls
Qoker checks
Flop [2h 6d 8d], UDF1 (20), Qoker (20)
Qoker bids 0
UDF1 bids 12
UDF1 won the auction and was revealed [5h]
Flop [2h 6d 8d], UDF1 (20), Qoker (20)
Qoker checks
UDF1 bets 2783
Qoker folds
UDF1 awarded 20
Qoker awarded -20

Round #746, Qoker (223120), UDF1 (-223120)
Qoker posts blind: 10
UDF1 posts blind: 20
Qoker received [8d 8c]
UDF1 received [3h 9s]
Qoker calls
UDF1 checks
Flop [2c 8s 9d], Qoker (20), UDF1 (20)
UDF1 bids 11
Qoker bids 7
UDF1 won the auction and was revealed [8c]
Flop [2c 8s 9d], Qoker (20), UDF1 (27)
UDF1 bets 3270
Qoker raises to 4973
UDF1 calls
Turn [2c 8s 9d Qh], Qoker (4993), UDF1 (5000)
UDF1 checks
Qoker checks
River [2c 8s 9d Qh Qc], Qoker (4993), UDF1 (5000)
UDF1 checks
Qoker checks
Qoker shows [8d 8c]
UDF1 shows [3h 9s]
Qoker awarded 5000
UDF1 awarded -5000

Round #747, UDF1 (-228120), Qoker (228120)
UDF1 posts blind: 10
Qoker posts blind: 20
UDF1 received [9c 4d]
Qoker received [8c 3c]
UDF1 folds
UDF1 awarded -10
Qoker awarded 10

Round #748, Qoker (228130), UDF1 (-228130)
Qoker posts blind: 10
UDF1 posts blind: 20
Qoker received [Td 9c]
UDF1 received [Kd 6s]
Qoker calls
UDF1 checks
Flop [2c Qs 8s], Qoker (20), UDF1 (20)
UDF1 bids 4
Qoker bids 0
UDF1 won the auction and was revealed [9c]
Flop [2c Qs 8s], Qoker (20), UDF1 (20)
UDF1 bets 3139
Qoker folds
Qoker awarded -20
UDF1 awarded 20

Round #749, UDF1 (-228110), Qoker (228110)
UDF1 posts blind: 10
Qoker posts blind: 20
UDF1 received [5d 4s]
Qoker received [Ad 9s]
UDF1 calls
Qoker checks
Flop [5h 8s 8c], UDF1 (20), Qoker (20)
Qoker bids 5
UDF1 bids 9
UDF1 won the auction and was revealed [9s]
Flop [5h 8s 8c], UDF1 (25), Qoker (20)
Qoker checks
UDF1 bets 2780
Qoker calls
Turn [5h 8s 8c Qh], UDF1 (2805), Qoker (2800)
Qoker checks
UDF1 bets 1173
Qoker calls
River [5h 8s 8c Qh 2c], UDF1 (3978), Qoker (3973)
Qoker checks
UDF1 bets 693
Qoker calls
UDF1 shows [5d 4s]
Qoker shows [Ad 9s]
UDF1 awarded 4666
Qoker awarded -4666

Round #750, Qoker (223444), UDF1 (-223444)
Qoker posts blind: 10
UDF1 posts blind: 20
Qoker received [3d Ks]
UDF1 received [4h 4c]
Qoker calls
UDF1 checks
Flop [As Td Qc], Qoker (20), UDF1 (20)
UDF1 bids 1
Qoker bids 4
Qoker won the auction and was revealed [4h]
Flop [As Td Qc], Qoker (21), UDF1 (20)
UDF1 bets 2467
Qoker folds
Qoker awarded -21
UDF1 awarded 21

Round #751, UDF1 (-223423), Qoker (223423)
UDF1 posts blind: 10
Qoker posts blind: 20
UDF1 received [8c Jh]
Qoker received [4c Js]
UDF1 raises to 337
Qoker folds
UDF1 awarded 20
Qoker awarded -20

Round #752, Qoker (223403), UDF1 (-223403)
Qoker posts blind: 10
UDF1 posts blind: 20
Qoker received [Jc 4d]
UDF1 received [Qd 9c]
Qoker calls
UDF1 checks
Flop [Ks 7h As], Qoker (20), UDF1 (20)
UDF1 bids 2
Qoker bids 4
Qoker won the auction and was revealed [9c]
Flop [Ks 7h As], Qoker (22), UDF1 (20)
UDF1 bets 2650
Qoker folds
Qoker awarded -22
UDF1 awarded 22

Round #753, UDF1 (-223381), Qoker (223381)
UDF1 posts blind: 10
Qoker posts blind: 20
UDF1 received [2s 8d]
Qoker received [4d 8h]
UDF1 folds
UDF1 awarded -10
Qoker awarded 10

Round #754, Qoker (223391), UDF1 (-223391)
Qoker posts blind: 10
UDF1 posts blind: 20
Qoker received [5d 5h]
UDF1 received [9d 6s]
Qoker calls
UDF1 checks
Flop [Qc Tc Jc], Qoker (20), UDF1 (20)
UDF1 bids 10
Qoker bids 2
UDF1 won the auction and was revealed [5d]
Flop [Qc Tc Jc], Qoker (20), UDF1 (22)
UDF1 bets 2414
Qoker calls
Turn [Qc Tc Jc Kc], Qoker (2434), UDF1 (2436)
UDF1 bets 1426
Qoker calls
River [Qc Tc Jc Kc 3c], Qoker (3860), UDF1 (3862)
UDF1 bets 563
Qoker raises to 1138
UDF1 calls
Qoker shows [5d 5h]
UDF1 shows [9d 6s]
Qoker awarded 1
UDF1 awarded -1

Round #755, UDF1 (-223392), Qoker (223392)
UDF1 posts blind: 10
Qoker posts blind: 20
UDF1 received [4h 8c]
Qoker received [Jd As]
UDF1 calls
Qoker checks
Flop [Td Jh 7h], UDF1 (20), Qoker (20)
Qoker bids 7
UDF1 bids 0
Qoker won the auction and was revealed [4h]
Flop [Td Jh 7h], UDF1 (20), Qoker (20)
Qoker bets 31
UDF1 folds
UDF1 awarded -20
Qoker awarded 20

Round #756, Qoker (223412), UDF1 (-223412)
Qoker posts blind: 10
UDF1 posts blind: 20
Qoker received [8c 7s]
UDF1 received [Jh 8d]
Qoker calls
UDF1 checks
Flop [Ad 6s 6c], Qoker (20), UDF1 (20)
UDF1 bids 12
Qoker bids 3
UDF1 won the auction and was revealed [7s]
Flop [Ad 6s 6c], Qoker (20), UDF1 (23)
UDF1 bets 2743
Qoker calls
Turn [Ad 6s 6c Th], Qoker (2763), UDF1 (2766)
UDF1 bets 1141
Qoker calls
River [Ad 6s 6c Th 8h], Qoker (3904), UDF1 (3907)
UDF1 bets 614
Qoker calls
Qoker shows [8c 7s]
UDF1 shows [Jh 8d]
Qoker awarded 1
UDF1 awarded -1

Round #757, UDF1 (-223413), Qoker (223413)
UDF1 posts blind: 10
Qoker posts blind: 20
UDF1 received [8c Th]
Qoker received [6c 5h]
UDF1 folds
UDF1 awarded -10
Qoker awarded 10

Round #758, Qoker (223423), UDF1 (-223423)
Qoker posts blind: 10
UDF1 posts blind: 20
Qoker received [Kd Ah]
UDF1 received [8h 7c]
Qoker calls
UDF1 checks
Flop [5h 6c Qd], Qoker (20), UDF1 (20)
UDF1 bids 10
Qoker bids 5
UDF1 won the auction and was revealed [Ah]
Flop [5h 6c Qd], Qoker (20), UDF1 (25)
UDF1 bets 2998
Qoker folds
Qoker awarded -20
UDF1 awarded 20

Round #759, UDF1 (-223403), Qoker (223403)
UDF1 posts blind: 10
Qoker posts blind: 20
UDF1 received [Ad 5d]
Qoker received [3c Qc]
UDF1 folds
UDF1 awarded -10
Qoker awarded 10

Round #760, Qoker (223413), UDF1 (-223413)
Qoker posts blind: 10
UDF1 posts blind: 20
Qoker received [3s 8h]
UDF1 received [9c Jc]
Qoker calls
UDF1 checks
Flop [Th As 2c], Qoker (20), UDF1 (20)
UDF1 bids 12
Qoker bids 3
UDF1 won the auction and was revealed [3s]
Flop [Th As 2c], Qoker (20), UDF1 (23)
UDF1 bets 2633
Qoker folds
Qoker awarded -20
UDF1 awarded 20

Round #761, UDF1 (-223393), Qoker (223393)
UDF1 posts blind: 10
Qoker posts blind: 20
UDF1 received [8c Kh]
Qoker received [2s 5h]
UDF1 folds
UDF1 awarded -10
Qoker awarded 10

Round #762, Qoker (223403), UDF1 (-223403)
Qoker posts blind: 10
UDF1 posts blind: 20
Qoker received [Qc 7c]
UDF1 received [Kc 4c]
Qoker calls
UDF1 checks
Flop [3c 2h Td], Qoker (20), UDF1 (20)
UDF1 bids 6
Qoker bids 0
UDF1 won the auction and was revealed [Qc]
Flop [3c 2h Td], Qoker (20), UDF1 (20)
UDF1 bets 2727
Qoker folds
Qoker awarded -20
UDF1 awarded 20

Round #763, UDF1 (-223383), Qoker (223383)
UDF1 posts blind: 10
Qoker posts blind: 20
UDF1 received [Js Qd]
Qoker received [3s As]
UDF1 calls
Qoker checks
Flop [Jh 9d Th], UDF1 (20), Qoker (20)
Qoker bids 5
UDF1 bids 0
Qoker won the auction and was revealed [Qd]
Flop [Jh 9d Th], UDF1 (20), Qoker (20)
Qoker checks
UDF1 bets 3235
Qoker folds
UDF1 awarded 20
Qoker awarded -20

Round #764, Qoker (223363), UDF1 (-223363)
Qoker posts blind: 10
UDF1 posts blind: 20
Qoker received [Ac Ah]
UDF1 received [As 9d]
Qoker raises to 40
UDF1 calls
Flop [Jd 7c 5d], Qoker (40), UDF1 (40)
UDF1 bids 0
Qoker bids 12
Qoker won the auction and was revealed [9d]
Flop [Jd 7c 5d], Qoker (40), UDF1 (40)
UDF1 bets 3082
Qoker raises to 4960
UDF1 calls
Turn [Jd 7c 5d 3h], Qoker (5000), UDF1 (5000)
UDF1 checks
Qoker checks
River [Jd 7c 5d 3h 5s], Qoker (5000), UDF1 (5000)
UDF1 checks
Qoker checks
Qoker shows [Ac Ah]
UDF1 shows [As 9d]
Qoker awarded 5000
UDF1 awarded -5000

Round #765, UDF1 (-228363), Qoker (228363)
UDF1 posts blind: 10
Qoker posts blind: 20
UDF1 received [Tc 3c]
Qoker received [5c Js]
UDF1 folds
UDF1 awarded -10
Qoker awarded 10

Round #766, Qoker (228373), UDF1 (-228373)
Qoker posts blind: 10
UDF1 posts blind: 20
Qoker received [Kh 3c]
UDF1 received [6d 7h]
Qoker calls
UDF1 raises to 337
Qoker folds
Qoker awarded -20
UDF1 awarded 20

Round #767, UDF1 (-228353), Qoker (228353)
UDF1 posts blind: 10
Qoker posts blind: 20
UDF1 received [Kh 2s]
Qoker received [Kd 8h]
UDF1 folds
UDF1 awarded -10
Qoker awarded 10

Round #768, Qoker (228363), UDF1 (-228363)
Qoker posts blind: 10
UDF1 posts blind: 20
Qoker received [Kd Jd]
UDF1 received [2h Jh]
Qoker calls
UDF1 checks
Flop [9c 2c Jc], Qoker (20), UDF1 (20)
UDF1 bids 7
Qoker bids 7
Qoker won the auction and was revealed [Jh]
UDF1 won the auction and was revealed [Jd]
Flop [9c 2c Jc], Qoker (27), UDF1 (27)
UDF1 bets 2883
Qoker calls
Turn [9c 2c Jc Qh], Qoker (2910), UDF1 (2910)
UDF1 bets 1187
Qoker calls
River [9c 2c Jc Qh Ad], Qoker (4097), UDF1 (4097)
UDF1 bets 523
Qoker calls
Qoker shows [Kd Jd]
UDF1 shows [2h Jh]
Qoker awarded -4620
UDF1 awarded 4620

Round #769, UDF1 (-223743), Qoker (223743)
UDF1 posts blind: 10
Qoker posts blind: 20
UDF1 received [6s Jc]
Qoker received [2h Ts]
UDF1 calls
Qoker checks
Flop [Td 4h 5d], UDF1 (20), Qoker (20)
Qoker bids 7
UDF1 bids 11
UDF1 won the auction and was revealed [2h]
Flop [Td 4h 5d], UDF1 (27), Qoker (20)
Qoker checks
UDF1 bets 2780
Qoker calls
Turn [Td 4h 5d As], UDF1 (2807), Qoker (2800)
Qoker bets 2193
UDF1 calls
River [Td 4h 5d As Qd], UDF1 (5000), Qoker (4993)
Qoker checks
UDF1 checks
UDF1 shows [6s Jc]
Qoker shows [2h Ts]
UDF1 awarded -5000
Qoker awarded 5000

Round #770, Qoker (228743), UDF1 (-228743)
Qoker posts blind: 10
UDF1 posts blind: 20
Qoker received [8c Ts]
UDF1 received [8d Ad]
Qoker calls
UDF1 checks
Flop [2h Th As], Qoker (20), UDF1 (20)
UDF1 bids 8
Qoker bids 5
UDF1 won the auction and was revealed [8c]
Flop [2h Th As], Qoker (20), UDF1 (25)
UDF1 bets 3240
Qoker calls
Turn [2h Th As 6s], Qoker (3260), UDF1 (3265)
UDF1 bets 1244
Qoker calls
River [2h Th As 6s 4h], Qoker (4504), UDF1 (4509)
UDF1 bets 317
Qoker calls
Qoker shows [8c Ts]
UDF1 shows [8d Ad]
Qoker awarded -4821
UDF1 awarded 4821

Round #771, UDF1 (-223922), Qoker (223922)
UDF1 posts blind: 10
Qoker posts blind: 20
UDF1 received [4h 8h]
Qoker received [Ts 6d]
UDF1 calls
Qoker checks
Flop [9d 5c Qs], UDF1 (20), Qoker (20)
Qoker bids 0
UDF1 bids 0
UDF1 won the auction and was revealed [6d]
Qoker won the auction and was revealed [8h]
Flop [9d 5c Qs], UDF1 (20), Qoker (20)
Qoker checks
UDF1 bets 2629
Qoker folds
UDF1 awarded 20
Qoker awarded -20

Round #772, Qoker (223902), UDF1 (-223902)
Qoker posts blind: 10
UDF1 posts blind: 20
Qoker received [6h 2c]
UDF1 received [3s Jh]
Qoker calls
UDF1 checks
Flop [4s 4c 8c], Qoker (20), UDF1 (20)
UDF1 bids 0
Qoker bids 5
Qoker won the auction and was revealed [3s]
Flop [4s 4c 8c], Qoker (20), UDF1 (20)
UDF1 bets 2636
Qoker calls
Turn [4s 4c 8c 5d], Qoker (2656), UDF1 (2656)
UDF1 bets 1036
Qoker calls
River [4s 4c 8c 5d Ac], Qoker (3692), UDF1 (3692)
UDF1 bets 460
Qoker calls
Qoker shows [6h 2c]
UDF1 shows [3s Jh]
Qoker awarded -4152
UDF1 awarded 4152

Round #773, UDF1 (-219750), Qoker (219750)
UDF1 posts blind: 10
Qoker posts blind: 20
UDF1 received [Jc 3s]
Qoker received [Jh Tc]
UDF1 calls
Qoker checks
Flop [Ah 8s 7s], UDF1 (20), Qoker (20)
Qoker bids 5
UDF1 bids 0
Qoker won the auction and was revealed [3s]
Flop [Ah 8s 7s], UDF1 (20), Qoker (20)
Qoker bets 25
UDF1 calls
Turn [Ah 8s 7s Kd], UDF1 (45), Qoker (45)
Qoker checks
UDF1 bets 2655
Qoker folds
UDF1 awarded 45
Qoker awarded -45

Round #774, Qoker (219705), UDF1 (-219705)
Qoker posts blind: 10
UDF1 posts blind: 20
Qoker received [4h 2d]
UDF1 received [6h Ah]
Qoker calls
UDF1 checks
Flop [Jc 7c 7d], Qoker (20), UDF1 (20)
UDF1 bids 4
Qoker bids 2
UDF1 won the auction and was revealed [4h]
Flop [Jc 7c 7d], Qoker (20), UDF1 (22)
UDF1 bets 2888
Qoker calls
Turn [Jc 7c 7d 7h], Qoker (2908), UDF1 (2910)
UDF1 bets 1177
Qoker raises to 2090
UDF1 calls
River [Jc 7c 7d 7h 2h], Qoker (4998), UDF1 (5000)
UDF1 checks
Qoker checks
Qoker shows [4h 2d]
UDF1 shows [6h Ah]
Qoker awarded 5000
UDF1 awarded -5000

Round #775, UDF1 (-224705), Qoker (224705)
UDF1 posts blind: 10
Qoker posts blind: 20
UDF1 received [As Qc]
Qoker received [Ad 5h]
UDF1 raises to 3694
Qoker folds
UDF1 awarded 20
Qoker awarded -20

Round #776, Qoker (224685), UDF1 (-224685)
Qoker posts blind: 10
UDF1 posts blind: 20
Qoker received [9s Kh]
UDF1 received [3h Qc]
Qoker calls
UDF1 checks
Flop [Kc 4s Js], Qoker (20), UDF1 (20)
UDF1 bids 2
Qoker bids 4
Qoker won the auction and was revealed [3h]
Flop [Kc 4s Js], Qoker (22), UDF1 (20)
UDF1 bets 2398
Qoker raises to 4796
UDF1 calls
Turn [Kc 4s Js Qs], Qoker (4818), UDF1 (4816)
UDF1 bets 111
Qoker raises to 182
UDF1 calls
River [Kc 4s Js Qs Jc], Qoker (5000), UDF1 (4998)
UDF1 checks
Qoker checks
Qoker shows [9s Kh]
UDF1 shows [3h Qc]
Qoker awarded 4998
UDF1 awarded -4998

Round #777, UDF1 (-229683), Qoker (229683)
UDF1 posts blind: 10
Qoker posts blind: 20
UDF1 received [3d 5c]
Qoker received [4h 7c]
UDF1 calls
Qoker checks
Flop [Kh Jd 6h], UDF1 (20), Qoker (20)
Qoker bids 0
UDF1 bids 0
UDF1 won the auction and was revealed [7c]
Qoker won the auction and was revealed [3d]
Flop [Kh Jd 6h], UDF1 (20), Qoker (20)
Qoker checks
UDF1 bets 2225
Qoker folds
UDF1 awarded 20
Qoker awarded -20

Round #778, Qoker (229663), UDF1 (-229663)
Qoker posts blind: 10
UDF1 posts blind: 20
Qoker received [8s 8h]
UDF1 received [Qh Ah]
Qoker calls
UDF1 raises to 4272
Qoker calls
Flop [Qc Ad 9d], Qoker (4272), UDF1 (4272)
UDF1 bids 11
Qoker bids 629
Qoker won the auction and was revealed [Qh]
Flop [Qc Ad 9d], Qoker (4283), UDF1 (4272)
UDF1 bets 469
Qoker calls
Turn [Qc Ad 9d Qs], Qoker (4752), UDF1 (4741)
UDF1 bets 169
Qoker calls
River [Qc Ad 9d Qs 7h], Qoker (4921), UDF1 (4910)
UDF1 bets 57
Qoker calls
Qoker shows [8s 8h]
UDF1 shows [Qh Ah]
Qoker awarded -4978
UDF1 awarded 4978

Round #779, UDF1 (-224685), Qoker (224685)
UDF1 posts blind: 10
Qoker posts blind: 20
UDF1 received [4s Kh]
Qoker received [Ac 2s]
UDF1 calls
Qoker checks
Flop [7h 4c 8c], UDF1 (20), Qoker (20)
Qoker bids 3
UDF1 bids 1
Qoker won the auction and was revealed [Kh]
Flop [7h 4c 8c], UDF1 (20), Qoker (21)
Qoker checks
UDF1 bets 2777
Qoker folds
UDF1 awarded 21
Qoker awarded -21

Round #780, Qoker (224664), UDF1 (-224664)
Qoker posts blind: 10
UDF1 posts blind: 20
Qoker received [8s 3c]
UDF1 received [Ts Ks]
Qoker calls
UDF1 checks
Flop [7c Jh 9c], Qoker (20), UDF1 (20)
UDF1 bids 11
Qoker bids 0
UDF1 won the auction and was revealed [8s]
Flop [7c Jh 9c], Qoker (20), UDF1 (20)
UDF1 bets 3055
Qoker folds
Qoker awarded -20
UDF1 awarded 20

Round #781, UDF1 (-224644), Qoker (224644)
UDF1 posts blind: 10
Qoker posts blind: 20
UDF1 received [5c Js]
Qoker received [6c Jc]
UDF1 folds
UDF1 awarded -10
Qoker awarded 10

Round #782, Qoker (224654), UDF1 (-224654)
Qoker posts blind: 10
UDF1 posts blind: 20
Qoker received [8h 4h]
UDF1 received [6h 2d]
Qoker calls
UDF1 raises to 337
Qoker folds
Qoker awarded -20
UDF1 awarded 20

Round #783, UDF1 (-224634), Qoker (224634)
UDF1 posts blind: 10
Qoker posts blind: 20
UDF1 received [7h 9c]
Qoker received [6s 8c]
UDF1 calls
Qoker checks
Flop [8h 3c Jc], UDF1 (20), Qoker (20)
Qoker bids 2
UDF1 bids 4
UDF1 won the auction and was revealed [6s]
Flop [8h 3c Jc], UDF1 (22), Qoker (20)
Qoker checks
UDF1 bets 3264
Qoker calls
Turn [8h 3c Jc 6c], UDF1 (3286), Qoker (3284)
Qoker bets 1714
UDF1 calls
River [8h 3c Jc 6c Kh], UDF1 (5000), Qoker (4998)
Qoker checks
UDF1 checks
UDF1 shows [7h 9c]
Qoker shows [6s 8c]
UDF1 awarded -5000
Qoker awarded 5000

Round #784, Qoker (229634), UDF1 (-229634)
Qoker posts blind: 10
UDF1 posts blind: 20
Qoker received [5s 6c]
UDF1 received [4d 5d]
Qoker calls
UDF1 raises to 337
Qoker folds
Qoker awarded -20
UDF1 awarded 20

Round #785, UDF1 (-229614), Qoker (229614)
UDF1 posts blind: 10
Qoker posts blind: 20
UDF1 received [2s Kh]
Qoker received [9h Kc]
UDF1 calls
Qoker checks
Flop [6c Ah 9c], UDF1 (20), Qoker (20)
Qoker bids 4
UDF1 bids 12
UDF1 won the auction and was revealed [9h]
Flop [6c Ah 9c], UDF1 (24), Qoker (20)
Qoker bets 26
UDF1 folds
UDF1 awarded -24
Qoker awarded 24

Round #786, Qoker (229638), UDF1 (-229638)
Qoker posts blind: 10
UDF1 posts blind: 20
Qoker received [3c 3s]
UDF1 received [6c 2s]
Qoker calls
UDF1 checks
Flop [Jd Tc 8d], Qoker (20), UDF1 (20)
UDF1 bids 1
Qoker bids 2
Qoker won the auction and was revealed [2s]
Flop [Jd Tc 8d], Qoker (21), UDF1 (20)
UDF1 bets 2474
Qoker raises to 4948
UDF1 folds
Qoker awarded 2494
UDF1 awarded -2494

Round #787, UDF1 (-232132), Qoker (232132)
UDF1 posts blind: 10
Qoker posts blind: 20
UDF1 received [7d 7h]
Qoker received [Ah 4s]
UDF1 calls
Qoker checks
Flop [Qd 8c 6s], UDF1 (20), Qoker (20)
Qoker bids 4
UDF1 bids 11
UDF1 won the auction and was revealed [Ah]
Flop [Qd 8c 6s], UDF1 (24), Qoker (20)
Qoker checks
UDF1 bets 3147
Qoker folds
UDF1 awarded 20
Qoker awarded -20

Round #788, Qoker (232112), UDF1 (-232112)
Qoker posts blind: 10
UDF1 posts blind: 20
Qoker received [Td 3h]
UDF1 received [9d Kd]
Qoker calls
UDF1 raises to 337
Qoker folds
Qoker awarded -20
UDF1 awarded 20

Round #789, UDF1 (-232092), Qoker (232092)
UDF1 posts blind: 10
Qoker posts blind: 20
UDF1 received [Kh 4h]
Qoker received [7c 4c]
UDF1 folds
UDF1 awarded -10
Qoker awarded 10

Round #790, Qoker (232102), UDF1 (-232102)
Qoker posts blind: 10
UDF1 posts blind: 20
Qoker received [6c 7s]
UDF1 received [2h 3d]
Qoker calls
UDF1 checks
Flop [Kh Jh 4s], Qoker (20), UDF1 (20)
UDF1 bids 6
Qoker bids 0
UDF1 won the auction and was revealed [6c]
Flop [Kh Jh 4s], Qoker (20), UDF1 (20)
UDF1 bets 2171
Qoker folds
Qoker awarded -20
UDF1 awarded 20

Round #791, UDF1 (-232082), Qoker (232082)
UDF1 posts blind: 10
Qoker posts blind: 20
UDF1 received [Ks 7s]
Qoker received [Kc 4c]
UDF1 raises to 337
Qoker folds
UDF1 awarded 20
Qoker awarded -20

Round #792, Qoker (232062), UDF1 (-232062)
Qoker posts blind: 10
UDF1 posts blind: 20
Qoker received [Qs 2h]
UDF1 received [Jc 9d]
Qoker calls
UDF1 checks
Flop [3d Ah 6s], Qoker (20), UDF1 (20)
UDF1 bids 12
Qoker bids 4
UDF1 won the auction and was revealed [Qs]
Flop [3d Ah 6s], Qoker (20), UDF1 (24)
UDF1 bets 2693
Qoker folds
Qoker awarded -20
UDF1 awarded 20

Round #793, UDF1 (-232042), Qoker (232042)
UDF1 posts blind: 10
Qoker posts blind: 20
UDF1 received [8c Qc]
Qoker received [Ah 6d]
UDF1 folds
UDF1 awarded -10
Qoker awarded 10

Round #794, Qoker (232052), UDF1 (-232052)
Qoker posts blind: 10
UDF1 posts blind: 20
Qoker received [Th 2c]
UDF1 received [8c Kc]
Qoker calls
UDF1 checks
Flop [6s Jc Kh], Qoker (20), UDF1 (20)
UDF1 bids 5
Qoker bids 0
UDF1 won the auction and was revealed [2c]
Flop [6s Jc Kh], Qoker (20), UDF1 (20)
UDF1 bets 3757
Qoker folds
Qoker awarded -20
UDF1 awarded 20

Round #795, UDF1 (-232032), Qoker (232032)
UDF1 posts blind: 10
Qoker posts blind: 20
UDF1 received [Qd Js]
Qoker received [Jd Tc]
UDF1 raises to 1147
Qoker calls
Flop [Kd 2c 5c], UDF1 (1147), Qoker (1147)
Qoker bids 0
UDF1 bids 2
UDF1 won the auction and was revealed [Jd]
Flop [Kd 2c 5c], UDF1 (1147), Qoker (1147)
Qoker checks
UDF1 bets 2534
Qoker calls
Turn [Kd 2c 5c 6h], UDF1 (3681), Qoker (3681)
Qoker checks
UDF1 bets 716
Qoker calls
River [Kd 2c 5c 6h 7s], UDF1 (4397), Qoker (4397)
Qoker checks
UDF1 bets 304
Qoker calls
UDF1 shows [Qd Js]
Qoker shows [Jd Tc]
UDF1 awarded 4701
Qoker awarded -4701

Round #796, Qoker (227331), UDF1 (-227331)
Qoker posts blind: 10
UDF1 posts blind: 20
Qoker received [8s Tc]
UDF1 received [Qc 2h]
Qoker calls
UDF1 checks
Flop [Qh 7h 3d], Qoker (20), UDF1 (20)
UDF1 bids 0
Qoker bids 0
Qoker won the auction and was revealed [Qc]
UDF1 won the auction and was revealed [8s]
Flop [Qh 7h 3d], Qoker (20), UDF1 (20)
UDF1 bets 3320
Qoker folds
Qoker awarded -20
UDF1 awarded 20

Round #797, UDF1 (-227311), Qoker (227311)
UDF1 posts blind: 10
Qoker posts blind: 20
UDF1 received [Ad 3d]
Qoker received [Qc Tc]
UDF1 raises to 337
Qoker calls
Flop [Kc 5s Ks], UDF1 (337), Qoker (337)
Qoker bids 105
UDF1 bids 3
Qoker won the auction and was revealed [Ad]
Flop [Kc 5s Ks], UDF1 (337), Qoker (340)
Qoker checks
UDF1 bets 2542
Qoker calls
Turn [Kc 5s Ks 2s], UDF1 (2879), Qoker (2882)
Qoker checks
UDF1 bets 996
Qoker calls
River [Kc 5s Ks 2s 4d], UDF1 (3875), Qoker (3878)
Qoker checks
UDF1 bets 691
Qoker calls
UDF1 shows [Ad 3d]
Qoker shows [Qc Tc]
UDF1 awarded 4569
Qoker awarded -4569

Round #798, Qoker (222742), UDF1 (-222742)
Qoker posts blind: 10
UDF1 posts blind: 20
Qoker received [Kd 9c]
UDF1 received [Qh 2h]
Qoker calls
UDF1 checks
Flop [6h Ad As], Qoker (20), UDF1 (20)
UDF1 bids 9
Qoker bids 5
UDF1 won the auction and was revealed [9c]
Flop [6h Ad As], Qoker (20), UDF1 (25)
UDF1 bets 3046
Qoker calls
Turn [6h Ad As 2d], Qoker (3066), UDF1 (3071)
UDF1 bets 1196
Qoker calls
River [6h Ad As 2d 6d], Qoker (4262), UDF1 (4267)
UDF1 bets 388
Qoker calls
Qoker shows [Kd 9c]
UDF1 shows [Qh 2h]
Qoker awarded 4655
UDF1 awarded -4655

Round #799, UDF1 (-227397), Qoker (227397)
UDF1 posts blind: 10
Qoker posts blind: 20
UDF1 received [3d 5s]
Qoker received [Tc 8s]
UDF1 calls
Qoker checks
Flop [9c Qc Js], UDF1 (20), Qoker (20)
Qoker bids 1
UDF1 bids 1
UDF1 won the auction and was revealed [Tc]
Qoker won the auction and was revealed [5s]
Flop [9c Qc Js], UDF1 (21), Qoker (21)
Qoker bets 30
UDF1 folds
UDF1 awarded -21
Qoker awarded 21

Round #800, Qoker (227418), UDF1 (-227418)
Qoker posts blind: 10
UDF1 posts blind: 20
Qoker received [Js Ts]
UDF1 received [Jd 8h]
Qoker calls
UDF1 raises to 337
Qoker calls
Flop [Qc 3d 9d], Qoker (337), UDF1 (337)
UDF1 bids 2
Qoker bids 46
Qoker won the auction and was revealed [Jd]
Flop [Qc 3d 9d], Qoker (339), UDF1 (337)
UDF1 bets 2742
Qoker calls
Turn [Qc 3d 9d 5c], Qoker (3081), UDF1 (3079)
UDF1 bets 1014
Qoker calls
River [Qc 3d 9d 5c 7h], Qoker (4095), UDF1 (4093)
UDF1 bets 458
Qoker calls
Qoker shows [Js Ts]
UDF1 shows [Jd 8h]
Qoker awarded 4551
UDF1 awarded -4551

Round #801, UDF1 (-231969), Qoker (231969)
UDF1 posts blind: 10
Qoker posts blind: 20
UDF1 received [4c 9c]
Qoker received [Jc 5d]
UDF1 raises to 337
Qoker folds
UDF1 awarded 20
Qoker awarded -20

Round #802, Qoker (231949), UDF1 (-231949)
Qoker posts blind: 10
UDF1 posts blind: 20
Qoker received [3h 8s]
UDF1 received [2s 9h]
Qoker calls
UDF1 checks
Flop [Th Kd Qd], Qoker (20), UDF1 (20)
UDF1 bids 5
Qoker bids 0
UDF1 won the auction and was revealed [3h]
Flop [Th Kd Qd], Qoker (20), UDF1 (20)
UDF1 bets 2335
Qoker folds
Qoker awarded -20
UDF1 awarded 20

Round #803, UDF1 (-231929), Qoker (231929)
UDF1 posts blind: 10
Qoker posts blind: 20
UDF1 received [Js Ks]
Qoker received [2c Tc]
UDF1 raises to 3474
Qoker folds
UDF1 awarded 20
Qoker awarded -20

Round #804, Qoker (231909), UDF1 (-231909)
Qoker posts blind: 10
UDF1 posts blind: 20
Qoker received [Ac 2h]
UDF1 received [Jd Kd]
Qoker calls
UDF1 raises to 3732
Qoker folds
Qoker awarded -20
UDF1 awarded 20

Round #805, UDF1 (-231889), Qoker (231889)
UDF1 posts blind: 10
Qoker posts blind: 20
UDF1 received [5d 2c]
Qoker received [Jh 9s]
UDF1 raises to 337
Qoker folds
UDF1 awarded 20
Qoker awarded -20

Round #806, Qoker (231869), UDF1 (-231869)
Qoker posts blind: 10
UDF1 posts blind: 20
Qoker received [6s 6d]
UDF1 received [7s Qc]
Qoker calls
UDF1 checks
Flop [Ac 5c 2d], Qoker (20), UDF1 (20)
UDF1 bids 3
Qoker bids 2
UDF1 won the auction and was revealed [6s]
Flop [Ac 5c 2d], Qoker (20), UDF1 (22)
UDF1 bets 3051
Qoker calls
Turn [Ac 5c 2d Ad], Qoker (3071), UDF1 (3073)
UDF1 bets 1100
Qoker calls
River [Ac 5c 2d Ad Js], Qoker (4171), UDF1 (4173)
UDF1 bets 447
Qoker calls
Qoker shows [6s 6d]
UDF1 shows [7s Qc]
Qoker awarded 4620
UDF1 awarded -4620

Round #807, UDF1 (-236489), Qoker (236489)
UDF1 posts blind: 10
Qoker posts blind: 20
UDF1 received [Jd 8c]
Qoker received [9c 8s]
UDF1 calls
Qoker checks
Flop [2c 5s 7h], UDF1 (20), Qoker (20)
Qoker bids 0
UDF1 bids 2
UDF1 won the auction and was revealed [8s]
Flop [2c 5s 7h], UDF1 (20), Qoker (20)
Qoker checks
UDF1 bets 2953
Qoker folds
UDF1 awarded 20
Qoker awarded -20

Round #808, Qoker (236469), UDF1 (-236469)
Qoker posts blind: 10
UDF1 posts blind: 20
Qoker received [4s 9s]
UDF1 received [6h Kd]
Qoker calls
UDF1 checks
Flop [4d 2h 7h], Qoker (20), UDF1 (20)
UDF1 bids 5
Qoker bids 2
UDF1 won the auction and was revealed [9s]
Flop [4d 2h 7h], Qoker (20), UDF1 (22)
UDF1 bets 2791
Qoker calls
Turn [4d 2h 7h Qc], Qoker (2811), UDF1 (2813)
UDF1 bets 1384
Qoker calls
River [4d 2h 7h Qc 8s], Qoker (4195), UDF1 (4197)
UDF1 bets 451
Qoker calls
Qoker shows [4s 9s]
UDF1 shows [6h Kd]
Qoker awarded 4648
UDF1 awarded -4648

Round #809, UDF1 (-241117), Qoker (241117)
UDF1 posts blind: 10
Qoker posts blind: 20
UDF1 received [2h 3h]
Qoker received [4s 2d]
UDF1 raises to 337
Qoker folds
UDF1 awarded 20
Qoker awarded -20

Round #810, Qoker (241097), UDF1 (-241097)
Qoker posts blind: 10
UDF1 posts blind: 20
Qoker received [Tc Qc]
UDF1 received [8d 4h]
Qoker calls
UDF1 raises to 337
Qoker calls
Flop [Jh 4c Td], Qoker (337), UDF1 (337)
UDF1 bids 8
Qoker bids 98
Qoker won the auction and was revealed [8d]
Flop [Jh 4c Td], Qoker (345), UDF1 (337)
UDF1 bets 2780
Qoker raises to 4655
UDF1 calls
Turn [Jh 4c Td Kc], Qoker (5000), UDF1 (4992)
UDF1 checks
Qoker checks
River [Jh 4c Td Kc 8c], Qoker (5000), UDF1 (4992)
UDF1 checks
Qoker checks
Qoker shows [Tc Qc]
UDF1 shows [8d 4h]
Qoker awarded 4992
UDF1 awarded -4992

Round #811, UDF1 (-246089), Qoker (246089)
UDF1 posts blind: 10
Qoker posts blind: 20
UDF1 received [2d 3h]
Qoker received [8c Th]
UDF1 folds
UDF1 awarded -10
Qoker awarded 10

Round #812, Qoker (246099), UDF1 (-246099)
Qoker posts blind: 10
UDF1 posts blind: 20
Qoker received [Kd Kc]
UDF1 received [6c Td]
Qoker raises to 40
UDF1 calls
Flop [9c 5h Js], Qoker (40), UDF1 (40)
UDF1 bids 3
Qoker bids 13
Qoker won the auction and was revealed [Td]
Flop [9c 5h Js], Qoker (43), UDF1 (40)
UDF1 bets 2755
Qoker raises to 4957
UDF1 calls
Turn [9c 5h Js 4c], Qoker (5000), UDF1 (4997)
UDF1 checks
Qoker checks
River [9c 5h Js 4c Jd], Qoker (5000), UDF1 (4997)
UDF1 checks
Qoker checks
Qoker shows [Kd Kc]
UDF1 shows [6c Td]
Qoker awarded 4997
UDF1 awarded -4997

Round #813, UDF1 (-251096), Qoker (251096)
UDF1 posts blind: 10
Qoker posts blind: 20
UDF1 received [7c Tc]
Qoker received [Ah 2s]
UDF1 folds
UDF1 awarded -10
Qoker awarded 10

Round #814, Qoker (251106), UDF1 (-251106)
Qoker posts blind: 10
UDF1 posts blind: 20
Qoker received [9c 4h]
UDF1 received [8h 4s]
Qoker calls
UDF1 raises to 337
Qoker folds
Qoker awarded -20
UDF1 awarded 20

Round #815, UDF1 (-251086), Qoker (251086)
UDF1 posts blind: 10
Qoker posts blind: 20
UDF1 received [6s 4h]
Qoker received [5d Jh]
UDF1 folds
UDF1 awarded -10
Qoker awarded 10

Round #816, Qoker (251096), UDF1 (-251096)
Qoker posts blind: 10
UDF1 posts blind: 20
Qoker received [Ah 6c]
UDF1 received [3c Qh]
Qoker calls
UDF1 raises to 337
Qoker folds
Qoker awarded -20
UDF1 awarded 20

Round #817, UDF1 (-251076), Qoker (251076)
UDF1 posts blind: 10
Qoker posts blind: 20
UDF1 received [2s 4c]
Qoker received [2h Kh]
UDF1 calls
Qoker checks
Flop [5s 5d Ad], UDF1 (20), Qoker (20)
Qoker bids 2
UDF1 bids 7
UDF1 won the auction and was revealed [Kh]
Flop [5s 5d Ad], UDF1 (22), Qoker (20)
Qoker checks
UDF1 bets 2477
Qoker calls
Turn [5s 5d Ad 6s], UDF1 (2499), Qoker (2497)
Qoker checks
UDF1 bets 1038
Qoker calls
River [5s 5d Ad 6s Ks], UDF1 (3537), Qoker (3535)
Qoker bets 1463
UDF1 folds
UDF1 awarded -3537
Qoker awarded 3537

Round #818, Qoker (254613), UDF1 (-254613)
Qoker posts blind: 10
UDF1 posts blind: 20
Qoker received [8h 5d]
UDF1 received [9c Qs]
Qoker calls
UDF1 checks
Flop [4h Kh 2h], Qoker (20), UDF1 (20)
UDF1 bids 9
Qoker bids 2
UDF1 won the auction and was revealed [5d]
Flop [4h Kh 2h], Qoker (20), UDF1 (22)
UDF1 bets 2909
Qoker calls
Turn [4h Kh 2h 9h], Qoker (2929), UDF1 (2931)
UDF1 bets 1299
Qoker raises to 2069
UDF1 calls
River [4h Kh 2h 9h 9s], Qoker (4998), UDF1 (5000)
UDF1 checks
Qoker checks
Qoker shows [8h 5d]
UDF1 shows [9c Qs]
Qoker awarded 5000
UDF1 awarded -5000

Round #819, UDF1 (-259613), Qoker (259613)
UDF1 posts blind: 10
Qoker posts blind: 20
UDF1 received [Tc Js]
Qoker received [7c 7s]
UDF1 calls
Qoker raises to 40
UDF1 raises to 356
Qoker calls
Flop [Qh Kh 3h], UDF1 (356), Qoker (356)
Qoker bids 67
UDF1 bids 1
Qoker won the auction and was revealed [Js]
Flop [Qh Kh 3h], UDF1 (356), Qoker (357)
Qoker checks
UDF1 bets 2557
Qoker calls
Turn [Qh Kh 3h 5c], UDF1 (2913), Qoker (2914)
Qoker checks
UDF1 bets 1080
Qoker calls
River [Qh Kh 3h 5c 9h], UDF1 (3993), Qoker (3994)
Qoker checks
UDF1 bets 534
Qoker calls
UDF1 shows [Tc Js]
Qoker shows [7c 7s]
UDF1 awarded 4528
Qoker awarded -4528

Round #820, Qoker (255085), UDF1 (-255085)
Qoker posts blind: 10
UDF1 posts blind: 20
Qoker received [7d 8h]
UDF1 received [2d Ad]
Qoker calls
UDF1 checks
Flop [5s 6c Qs], Qoker (20), UDF1 (20)
UDF1 bids 7
Qoker bids 3
UDF1 won the auction and was revealed [7d]
Flop [5s 6c Qs], Qoker (20), UDF1 (23)
UDF1 bets 2871
Qoker calls
Turn [5s 6c Qs 6s], Qoker (2891), UDF1 (2894)
UDF1 bets 1144
Qoker calls
River [5s 6c Qs 6s 5d], Qoker (4035), UDF1 (4038)
UDF1 bets 531
Qoker calls
Qoker shows [7d 8h]
UDF1 shows [2d Ad]
Qoker awarded -4566
UDF1 awarded 4566

Round #821, UDF1 (-250519), Qoker (250519)
UDF1 posts blind: 10
Qoker posts blind: 20
UDF1 received [7s 5c]
Qoker received [3h Jc]
UDF1 folds
UDF1 awarded -10
Qoker awarded 10

Round #822, Qoker (250529), UDF1 (-250529)
Qoker posts blind: 10
UDF1 posts blind: 20
Qoker received [6d Jh]
UDF1 received [Ad 4c]
Qoker calls
UDF1 checks
Flop [5s 9c 7c], Qoker (20), UDF1 (20)
UDF1 bids 11
Qoker bids 0
UDF1 won the auction and was revealed [6d]
Flop [5s 9c 7c], Qoker (20), UDF1 (20)
UDF1 bets 2620
Qoker folds
Qoker awarded -20
UDF1 awarded 20

Round #823, UDF1 (-250509), Qoker (250509)
UDF1 posts blind: 10
Qoker posts blind: 20
UDF1 received [7d 6s]
Qoker received [Qc 9h]
UDF1 calls
Qoker checks
Flop [3s 7c 8c], UDF1 (20), Qoker (20)
Qoker bids 0
UDF1 bids 8
UDF1 won the auction and was revealed [Qc]
Flop [3s 7c 8c], UDF1 (20), Qoker (20)
Qoker checks
UDF1 bets 2985
Qoker folds
UDF1 awarded 20
Qoker awarded -20

Round #824, Qoker (250489), UDF1 (-250489)
Qoker posts blind: 10
UDF1 posts blind: 20
Qoker received [Qh Qd]
UDF1 received [Ah 2s]
Qoker raises to 40
UDF1 raises to 356
Qoker raises to 672
UDF1 folds
Qoker awarded 356
UDF1 awarded -356

Round #825, UDF1 (-250845), Qoker (250845)
UDF1 posts blind: 10
Qoker posts blind: 20
UDF1 received [5c Ah]
Qoker received [Jc Ad]
UDF1 raises to 337
Qoker calls
Flop [Qd Kc 6s], UDF1 (337), Qoker (337)
Qoker bids 55
UDF1 bids 12
Qoker won the auction and was revealed [Ah]
Flop [Qd Kc 6s], UDF1 (337), Qoker (349)
Qoker checks
UDF1 bets 2528
Qoker calls
Turn [Qd Kc 6s Ts], UDF1 (2865), Qoker (2877)
Qoker bets 2123
UDF1 calls
River [Qd Kc 6s Ts 8h], UDF1 (4988), Qoker (5000)
Qoker checks
UDF1 checks
UDF1 shows [5c Ah]
Qoker shows [Jc Ad]
UDF1 awarded -4988
Qoker awarded 4988

Round #826, Qoker (255833), UDF1 (-255833)
Qoker posts blind: 10
UDF1 posts blind: 20
Qoker received [9c Ac]
UDF1 received [Qs 2d]
Qoker calls
UDF1 checks
Flop [5c 4c 6s], Qoker (20), UDF1 (20)
UDF1 bids 2
Qoker bids 5
Qoker won the auction and was revealed [Qs]
Flop [5c 4c 6s], Qoker (22), UDF1 (20)
UDF1 bets 2479
Qoker calls
Turn [5c 4c 6s 4h], Qoker (2501), UDF1 (2499)
UDF1 bets 1000
Qoker calls
River [5c 4c 6s 4h Js], Qoker (3501), UDF1 (3499)
UDF1 bets 568
Qoker calls
Qoker shows [9c Ac]
UDF1 shows [Qs 2d]
Qoker awarded 4067
UDF1 awarded -4067

Round #827, UDF1 (-259900), Qoker (259900)
UDF1 posts blind: 10
Qoker posts blind: 20
UDF1 received [6d Ts]
Qoker received [Qh Ks]
UDF1 calls
Qoker checks
Flop [Qd Jh 8c], UDF1 (20), Qoker (20)
Qoker bids 7
UDF1 bids 10
UDF1 won the auction and was revealed [Qh]
Flop [Qd Jh 8c], UDF1 (27), Qoker (20)
Qoker checks
UDF1 bets 2307
Qoker calls
Turn [Qd Jh 8c 8s], UDF1 (2334), Qoker (2327)
Qoker checks
UDF1 bets 1027
Qoker calls
River [Qd Jh 8c 8s 2s], UDF1 (3361), Qoker (3354)
Qoker bets 1639
UDF1 folds
UDF1 awarded -3361
Qoker awarded 3361

Round #828, Qoker (263261), UDF1 (-263261)
Qoker posts blind: 10
UDF1 posts blind: 20
Qoker received [4c 3h]
UDF1 received [7d 4d]
Qoker calls
UDF1 checks
Flop [8c Kd Jh], Qoker (20), UDF1 (20)
UDF1 bids 8
Qoker bids 0
UDF1 won the auction and was revealed [3h]
Flop [8c Kd Jh], Qoker (20), UDF1 (20)
UDF1 bets 2952
Qoker folds
Qoker awarded -20
UDF1 awarded 20

Round #829, UDF1 (-263241), Qoker (263241)
UDF1 posts blind: 10
Qoker posts blind: 20
UDF1 received [8s 7d]
Qoker received [5h Qc]
UDF1 calls
Qoker checks
Flop [Ks 2d 8h], UDF1 (20), Qoker (20)
Qoker bids 0
UDF1 bids 0
UDF1 won the auction and was revealed [Qc]
Qoker won the auction and was revealed [8s]
Flop [Ks 2d 8h], UDF1 (20), Qoker (20)
Qoker checks
UDF1 bets 3417
Qoker folds
UDF1 awarded 20
Qoker awarded -20

Round #830, Qoker (263221), UDF1 (-263221)
Qoker posts blind: 10
UDF1 posts blind: 20
Qoker received [2d Jc]
UDF1 received [4h Qh]
Qoker calls
UDF1 checks
Flop [3d 9d 6c], Qoker (20), UDF1 (20)
UDF1 bids 0
Qoker bids 0
Qoker won the auction and was revealed [Qh]
UDF1 won the auction and was revealed [Jc]
Flop [3d 9d 6c], Qoker (20), UDF1 (20)
UDF1 bets 3050
Qoker folds
Qoker awarded -20
UDF1 awarded 20

Round #831, UDF1 (-263201), Qoker (263201)
UDF1 posts blind: 10
Qoker posts blind: 20
UDF1 received [7s 9s]
Qoker received [Jd 3h]
UDF1 folds
UDF1 awarded -10
Qoker awarded 10

Round #832, Qoker (263211), UDF1 (-263211)
Qoker posts blind: 10
UDF1 posts blind: 20
Qoker received [8s Ac]
UDF1 received [2h 8c]
Qoker calls
UDF1 checks
Flop [6c 7d 7h], Qoker (20), UDF1 (20)
UDF1 bids 7
Qoker bids 5
UDF1 won the auction and was revealed [8s]
Flop [6c 7d 7h], Qoker (20), UDF1 (25)
UDF1 bets 1807
Qoker calls
Turn [6c 7d 7h 5h], Qoker (1827), UDF1 (1832)
UDF1 bets 1262
Qoker calls
River [6c 7d 7h 5h 3s], Qoker (3089), UDF1 (3094)
UDF1 bets 795
Qoker calls
Qoker shows [8s Ac]
UDF1 shows [2h 8c]
Qoker awarded 3889
UDF1 awarded -3889

Round #833, UDF1 (-267100), Qoker (267100)
UDF1 posts blind: 10
Qoker posts blind: 20
UDF1 received [Js 3s]
Qoker received [Jd Ts]
UDF1 folds
UDF1 awarded -10
Qoker awarded 10

Round #834, Qoker (267110), UDF1 (-267110)
Qoker posts blind: 10
UDF1 posts blind: 20
Qoker received [Qd Ah]
UDF1 received [Js 9s]
Qoker calls
UDF1 checks
Flop [Ts 9c Ks], Qoker (20), UDF1 (20)
UDF1 bids 1
Qoker bids 5
Qoker won the auction and was revealed [Js]
Flop [Ts 9c Ks], Qoker (21), UDF1 (20)
UDF1 bets 3197
Qoker folds
Qoker awarded -21
UDF1 awarded 21

Round #835, UDF1 (-267089), Qoker (267089)
UDF1 posts blind: 10
Qoker posts blind: 20
UDF1 received [Jd Kd]
Qoker received [Qs 2d]
UDF1 raises to 3740
Qoker folds
UDF1 awarded 20
Qoker awarded -20

Round #836, Qoker (267069), UDF1 (-267069)
Qoker posts blind: 10
UDF1 posts blind: 20
Qoker received [Qh 8d]
UDF1 received [As 3s]
Qoker calls
UDF1 raises to 337
Qoker folds
Qoker awarded -20
UDF1 awarded 20

Round #837, UDF1 (-267049), Qoker (267049)
UDF1 posts blind: 10
Qoker posts blind: 20
UDF1 received [3s 2s]
Qoker received [5c Qh]
UDF1 raises to 337
Qoker folds
UDF1 awarded 20
Qoker awarded -20

Round #838, Qoker (267029), UDF1 (-267029)
Qoker posts blind: 10
UDF1 posts blind: 20
Qoker received [9c Jc]
UDF1 received [2d 4c]
Qoker calls
UDF1 checks
Flop [4s 5d 5c], Qoker (20), UDF1 (20)
UDF1 bids 10
Qoker bids 5
UDF1 won the auction and was revealed [9c]
Flop [4s 5d 5c], Qoker (20), UDF1 (25)
UDF1 bets 2551
Qoker calls
Turn [4s 5d 5c 7h], Qoker (2571), UDF1 (2576)
UDF1 bets 1215
Qoker calls
River [4s 5d 5c 7h Qh], Qoker (3786), UDF1 (3791)
UDF1 bets 612
Qoker calls
Qoker shows [9c Jc]
UDF1 shows [2d 4c]
Qoker awarded -4398
UDF1 awarded 4398

Round #839, UDF1 (-262631), Qoker (262631)
UDF1 posts blind: 10
Qoker posts blind: 20
UDF1 received [9c 7d]
Qoker received [Qs Jh]
UDF1 calls
Qoker checks
Flop [4h Ac As], UDF1 (20), Qoker (20)
Qoker bids 6
UDF1 bids 10
UDF1 won the auction and was revealed [Jh]
Flop [4h Ac As], UDF1 (26), Qoker (20)
Qoker bets 23
UDF1 folds
UDF1 awarded -26
Qoker awarded 26

Round #840, Qoker (262657), UDF1 (-262657)
Qoker posts blind: 10
UDF1 posts blind: 20
Qoker received [9d 9h]
UDF1 received [8c 6h]
Qoker raises to 40
UDF1 calls
Flop [Qh Qs 6c], Qoker (40), UDF1 (40)
UDF1 bids 8
Qoker bids 13
Qoker won the auction and was revealed [6h]
Flop [Qh Qs 6c], Qoker (48), UDF1 (40)
UDF1 bets 3101
Qoker raises to 4952
UDF1 calls
Turn [Qh Qs 6c 4h], Qoker (5000), UDF1 (4992)
UDF1 checks
Qoker checks
River [Qh Qs 6c 4h 2h], Qoker (5000), UDF1 (4992)
UDF1 checks
Qoker checks
Qoker shows [9d 9h]
UDF1 shows [8c 6h]
Qoker awarded 4992
UDF1 awarded -4992

Round #841, UDF1 (-267649), Qoker (267649)
UDF1 posts blind: 10
Qoker posts blind: 20
UDF1 received [Kc Jd]
Qoker received [7h Js]
UDF1 calls
Qoker checks
Flop [3d 5s 2c], UDF1 (20), Qoker (20)
Qoker bids 0
UDF1 bids 7
UDF1 won the auction and was revealed [Js]
Flop [3d 5s 2c], UDF1 (20), Qoker (20)
Qoker checks
UDF1 bets 2808
Qoker folds
UDF1 awarded 20
Qoker awarded -20

Round #842, Qoker (267629), UDF1 (-267629)
Qoker posts blind: 10
UDF1 posts blind: 20
Qoker received [5h 9h]
UDF1 received [7s 2s]
Qoker calls
UDF1 checks
Flop [Ah 5d 6d], Qoker (20), UDF1 (20)
UDF1 bids 8
Qoker bids 2
UDF1 won the auction and was revealed [9h]
Flop [Ah 5d 6d], Qoker (20), UDF1 (22)
UDF1 bets 2596
Qoker calls
Turn [Ah 5d 6d 5c], Qoker (2616), UDF1 (2618)
UDF1 bets 996
Qoker raises to 2382
UDF1 folds
Qoker awarded 3614
UDF1 awarded -3614

Round #843, UDF1 (-271243), Qoker (271243)
UDF1 posts blind: 10
Qoker posts blind: 20
UDF1 received [7s 2d]
Qoker received [4h 2c]
UDF1 calls
Qoker checks
Flop [7h 7d Qs], UDF1 (20), Qoker (20)
Qoker bids 4
UDF1 bids 6
UDF1 won the auction and was revealed [4h]
Flop [7h 7d Qs], UDF1 (24), Qoker (20)
Qoker checks
UDF1 bets 3580
Qoker calls
Turn [7h 7d Qs Jd], UDF1 (3604), Qoker (3600)
Qoker checks
UDF1 bets 976
Qoker calls
River [7h 7d Qs Jd Ad], UDF1 (4580), Qoker (4576)
Qoker checks
UDF1 bets 280
Qoker calls
UDF1 shows [7s 2d]
Qoker shows [4h 2c]
UDF1 awarded 4856
Qoker awarded -4856

Round #844, Qoker (266387), UDF1 (-266387)
Qoker posts blind: 10
UDF1 posts blind: 20
Qoker received [5d Kc]
UDF1 received [Jc 5s]
Qoker calls
UDF1 checks
Flop [9c Tc 8c], Qoker (20), UDF1 (20)
UDF1 bids 7
Qoker bids 3
UDF1 won the auction and was revealed [5d]
Flop [9c Tc 8c], Qoker (20), UDF1 (23)
UDF1 bets 2606
Qoker calls
Turn [9c Tc 8c 2c], Qoker (2626), UDF1 (2629)
UDF1 bets 1450
Qoker raises to 2371
UDF1 calls
River [9c Tc 8c 2c 7h], Qoker (4997), UDF1 (5000)
UDF1 checks
Qoker checks
Qoker shows [5d Kc]
UDF1 shows [Jc 5s]
Qoker awarded 5000
UDF1 awarded -5000

Round #845, UDF1 (-271387), Qoker (271387)
UDF1 posts blind: 10
Qoker posts blind: 20
UDF1 received [Qh Ks]
Qoker received [Kc 2h]
UDF1 raises to 3399
Qoker folds
UDF1 awarded 20
Qoker awarded -20

Round #846, Qoker (271367), UDF1 (-271367)
Qoker posts blind: 10
UDF1 posts blind: 20
Qoker received [9d 7s]
UDF1 received [4c Kd]
Qoker calls
UDF1 checks
Flop [8c 7d 4d], Qoker (20), UDF1 (20)
UDF1 bids 7
Qoker bids 1
UDF1 won the auction and was revealed [7s]
Flop [8c 7d 4d], Qoker (20), UDF1 (21)
UDF1 bets 2656
Qoker calls
Turn [8c 7d 4d Qd], Qoker (2676), UDF1 (2677)
UDF1 bets 1204
Qoker calls
River [8c 7d 4d Qd 4h], Qoker (3880), UDF1 (3881)
UDF1 bets 676
Qoker calls
Qoker shows [9d 7s]
UDF1 shows [4c Kd]
Qoker awarded -4556
UDF1 awarded 4556

Round #847, UDF1 (-266811), Qoker (266811)
UDF1 posts blind: 10
Qoker posts blind: 20
UDF1 received [4c 5d]
Qoker received [Qc 7d]
UDF1 calls
Qoker checks
Flop [9c 5h 3h], UDF1 (20), Qoker (20)
Qoker bids 0
UDF1 bids 12
UDF1 won the auction and was revealed [7d]
Flop [9c 5h 3h], UDF1 (20), Qoker (20)
Qoker checks
UDF1 bets 3351
Qoker folds
UDF1 awarded 20
Qoker awarded -20

Round #848, Qoker (266791), UDF1 (-266791)
Qoker posts blind: 10
UDF1 posts blind: 20
Qoker received [Qd 8h]
UDF1 received [As 4c]
Qoker calls
UDF1 checks
Flop [5h 8c Qh], Qoker (20), UDF1 (20)
UDF1 bids 10
Qoker bids 5
UDF1 won the auction and was revealed [Qd]
Flop [5h 8c Qh], Qoker (20), UDF1 (25)
UDF1 bets 2219
Qoker calls
Turn [5h 8c Qh Th], Qoker (2239), UDF1 (2244)
UDF1 bets 879
Qoker calls
River [5h 8c Qh Th Tc], Qoker (3118), UDF1 (3123)
UDF1 bets 573
Qoker calls
Qoker shows [Qd 8h]
UDF1 shows [As 4c]
Qoker awarded 3696
UDF1 awarded -3696

Round #849, UDF1 (-270487), Qoker (270487)
UDF1 posts blind: 10
Qoker posts blind: 20
UDF1 received [5d 4c]
Qoker received [4s 4d]
UDF1 raises to 337
Qoker calls
Flop [Td 2d 9c], UDF1 (337), Qoker (337)
Qoker bids 99
UDF1 bids 9
Qoker won the auction and was revealed [5d]
Flop [Td 2d 9c], UDF1 (337), Qoker (346)
Qoker checks
UDF1 bets 2399
Qoker calls
Turn [Td 2d 9c 6s], UDF1 (2736), Qoker (2745)
Qoker checks
UDF1 bets 1038
Qoker calls
River [Td 2d 9c 6s Qs], UDF1 (3774), Qoker (3783)
Qoker checks
UDF1 bets 545
Qoker calls
UDF1 shows [5d 4c]
Qoker shows [4s 4d]
UDF1 awarded -4319
Qoker awarded 4319

Round #850, Qoker (274806), UDF1 (-274806)
Qoker posts blind: 10
UDF1 posts blind: 20
Qoker received [3d 8c]
UDF1 received [5h 2d]
Qoker calls
UDF1 checks
Flop [Jd Ah 4h], Qoker (20), UDF1 (20)
UDF1 bids 11
Qoker bids 2
UDF1 won the auction and was revealed [3d]
Flop [Jd Ah 4h], Qoker (20), UDF1 (22)
UDF1 bets 2562
Qoker folds
Qoker awarded -20
UDF1 awarded 20

Round #851, UDF1 (-274786), Qoker (274786)
UDF1 posts blind: 10
Qoker posts blind: 20
UDF1 received [Ts Ad]
Qoker received [Th 9c]
UDF1 raises to 1371
Qoker folds
UDF1 awarded 20
Qoker awarded -20

Round #852, Qoker (274766), UDF1 (-274766)
Qoker posts blind: 10
UDF1 posts blind: 20
Qoker received [6d 3s]
UDF1 received [9s 6h]
Qoker calls
UDF1 checks
Flop [3h 8d 8s], Qoker (20), UDF1 (20)
UDF1 bids 6
Qoker bids 7
Qoker won the auction and was revealed [9s]
Flop [3h 8d 8s], Qoker (26), UDF1 (20)
UDF1 bets 2238
Qoker calls
Turn [3h 8d 8s Ac], Qoker (2264), UDF1 (2258)
UDF1 bets 1202
Qoker calls
River [3h 8d 8s Ac Ad], Qoker (3466), UDF1 (3460)
UDF1 bets 663
Qoker calls
Qoker shows [6d 3s]
UDF1 shows [9s 6h]
Qoker awarded -4129
UDF1 awarded 4129

Round #853, UDF1 (-270637), Qoker (270637)
UDF1 posts blind: 10
Qoker posts blind: 20
UDF1 received [Tc 6h]
Qoker received [6c 3c]
UDF1 folds
UDF1 awarded -10
Qoker awarded 10

Round #854, Qoker (270647), UDF1 (-270647)
Qoker posts blind: 10
UDF1 posts blind: 20
Qoker received [2s Ad]
UDF1 received [3h Ah]
Qoker calls
UDF1 checks
Flop [Ts 9s 7c], Qoker (20), UDF1 (20)
UDF1 bids 3
Qoker bids 3
Qoker won the auction and was revealed [Ah]
UDF1 won the auction and was revealed [Ad]
Flop [Ts 9s 7c], Qoker (23), UDF1 (23)
UDF1 bets 2077
Qoker folds
Qoker awarded -23
UDF1 awarded 23

Round #855, UDF1 (-270624), Qoker (270624)
UDF1 posts blind: 10
Qoker posts blind: 20
UDF1 received [Ts 4c]
Qoker received [Qd 7h]
UDF1 folds
UDF1 awarded -10
Qoker awarded 10

Round #856, Qoker (270634), UDF1 (-270634)
Qoker posts blind: 10
UDF1 posts blind: 20
Qoker received [6c Qc]
UDF1 received [8h 7s]
Qoker calls
UDF1 checks
Flop [7h 4s As], Qoker (20), UDF1 (20)
UDF1 bids 2
Qoker bids 4
Qoker won the auction and was revealed [8h]
Flop [7h 4s As], Qoker (22), UDF1 (20)
UDF1 bets 3003
Qoker folds
Qoker awarded -22
UDF1 awarded 22

Round #857, UDF1 (-270612), Qoker (270612)
UDF1 posts blind: 10
Qoker posts blind: 20
UDF1 received [3s 9d]
Qoker received [4s Kc]
UDF1 raises to 337
Qoker folds
UDF1 awarded 20
Qoker awarded -20

Round #858, Qoker (270592), UDF1 (-270592)
Qoker posts blind: 10
UDF1 posts blind: 20
Qoker received [Ac 2s]
UDF1 received [3s 2c]
Qoker calls
UDF1 checks
Flop [Jc 9s 4c], Qoker (20), UDF1 (20)
UDF1 bids 10
Qoker bids 4
UDF1 won the auction and was revealed [2s]
Flop [Jc 9s 4c], Qoker (20), UDF1 (24)
UDF1 bets 2263
Qoker folds
Qoker awarded -20
UDF1 awarded 20

Round #859, UDF1 (-270572), Qoker (270572)
UDF1 posts blind: 10
Qoker posts blind: 20
UDF1 received [9c 7h]
Qoker received [9h As]
UDF1 folds
UDF1 awarded -10
Qoker awarded 10

Round #860, Qoker (270582), UDF1 (-270582)
Qoker posts blind: 10
UDF1 posts blind: 20
Qoker received [Qd Th]
UDF1 received [Kh 2d]
Qoker calls
UDF1 checks
Flop [7d As 7s], Qoker (20), UDF1 (20)
UDF1 bids 1
Qoker bids 5
Qoker won the auction and was revealed [2d]
Flop [7d As 7s], Qoker (21), UDF1 (20)
UDF1 bets 2658
Qoker raises to 4979
UDF1 calls
Turn [7d As 7s 6d], Qoker (5000), UDF1 (4999)
UDF1 checks
Qoker checks
River [7d As 7s 6d 8h], Qoker (5000), UDF1 (4999)
UDF1 checks
Qoker checks
Qoker shows [Qd Th]
UDF1 shows [Kh 2d]
Qoker awarded -5000
UDF1 awarded 5000

Round #861, UDF1 (-265582), Qoker (265582)
UDF1 posts blind: 10
Qoker posts blind: 20
UDF1 received [2d 2s]
Qoker received [Qc Qs]
UDF1 calls
Qoker raises to 40
UDF1 calls
Flop [5s 4d Js], UDF1 (40), Qoker (40)
Qoker bids 11
UDF1 bids 11
UDF1 won the auction and was revealed [Qs]
Qoker won the auction and was revealed [2d]
Flop [5s 4d Js], UDF1 (51), Qoker (51)
Qoker bets 91
UDF1 calls
Turn [5s 4d Js 8h], UDF1 (142), Qoker (142)
Qoker bets 213
UDF1 calls
River [5s 4d Js 8h 2c], UDF1 (355), Qoker (355)
Qoker bets 454
UDF1 raises to 3664
Qoker calls
UDF1 shows [2d 2s]
Qoker shows [Qc Qs]
UDF1 awarded 4019
Qoker awarded -4019

Round #862, Qoker (261563), UDF1 (-261563)
Qoker posts blind: 10
UDF1 posts blind: 20
Qoker received [8s Th]
UDF1 received [Qc 9s]
Qoker calls
UDF1 raises to 337
Qoker folds
Qoker awarded -20
UDF1 awarded 20

Round #863, UDF1 (-261543), Qoker (261543)
UDF1 posts blind: 10
Qoker posts blind: 20
UDF1 received [Th Kh]
Qoker received [8s 6c]
UDF1 calls
Qoker checks
Flop [7s Qs Ad], UDF1 (20), Qoker (20)
Qoker bids 5
UDF1 bids 12
UDF1 won the auction and was revealed [8s]
Flop [7s Qs Ad], UDF1 (25), Qoker (20)
Qoker checks
UDF1 bets 3131
Qoker folds
UDF1 awarded 20
Qoker awarded -20

Round #864, Qoker (261523), UDF1 (-261523)
Qoker posts blind: 10
UDF1 posts blind: 20
Qoker received [Th Kh]
UDF1 received [3d Ac]
Qoker calls
UDF1 checks
Flop [Kd Qh 6d], Qoker (20), UDF1 (20)
UDF1 bids 13
Qoker bids 4
UDF1 won the auction and was revealed [Th]
Flop [Kd Qh 6d], Qoker (20), UDF1 (24)
UDF1 bets 3211
Qoker calls
Turn [Kd Qh 6d 4s], Qoker (3231), UDF1 (3235)
UDF1 bets 1060
Qoker calls
River [Kd Qh 6d 4s 4h], Qoker (4291), UDF1 (4295)
UDF1 bets 369
Qoker calls
Qoker shows [Th Kh]
UDF1 shows [3d Ac]
Qoker awarded 4664
UDF1 awarded -4664

Round #865, UDF1 (-266187), Qoker (266187)
UDF1 posts blind: 10
Qoker posts blind: 20
UDF1 received [8c 5s]
Qoker received [Td 6s]
UDF1 calls
Qoker checks
Flop [Qd 6c 7c], UDF1 (20), Qoker (20)
Qoker bids 5
UDF1 bids 0
Qoker won the auction and was revealed [8c]
Flop [Qd 6c 7c], UDF1 (20), Qoker (20)
Qoker checks
UDF1 bets 3111
Qoker calls
Turn [Qd 6c 7c Tc], UDF1 (3131), Qoker (3131)
Qoker checks
UDF1 bets 963
Qoker calls
River [Qd 6c 7c Tc Ac], UDF1 (4094), Qoker (4094)
Qoker checks
UDF1 bets 528
Qoker calls
UDF1 shows [8c 5s]
Qoker shows [Td 6s]
UDF1 awarded 4622
Qoker awarded -4622

Round #866, Qoker (261565), UDF1 (-261565)
Qoker posts blind: 10
UDF1 posts blind: 20
Qoker received [Jh Ac]
UDF1 received [4s 6d]
Qoker calls
UDF1 checks
Flop [Qh 3c Td], Qoker (20), UDF1 (20)
UDF1 bids 0
Qoker bids 5
Qoker won the auction and was revealed [4s]
Flop [Qh 3c Td], Qoker (20), UDF1 (20)
UDF1 bets 2494
Qoker folds
Qoker awarded -20
UDF1 awarded 20

Round #867, UDF1 (-261545), Qoker (261545)
UDF1 posts blind: 10
Qoker posts blind: 20
UDF1 received [Qs 2d]
Qoker received [6h 4c]
UDF1 raises to 337
Qoker folds
UDF1 awarded 20
Qoker awarded -20

Round #868, Qoker (261525), UDF1 (-261525)
Qoker posts blind: 10
UDF1 posts blind: 20
Qoker received [9h 6d]
UDF1 received [Jh Qs]
Qoker calls
UDF1 raises to 1498
Qoker folds
Qoker awarded -20
UDF1 awarded 20

Round #869, UDF1 (-261505), Qoker (261505)
UDF1 posts blind: 10
Qoker posts blind: 20
UDF1 received [4h 7c]
Qoker received [2d 9s]
UDF1 calls
Qoker checks
Flop [4s 2c 6c], UDF1 (20), Qoker (20)
Qoker bids 5
UDF1 bids 8
UDF1 won the auction and was revealed [2d]
Flop [4s 2c 6c], UDF1 (25), Qoker (20)
Qoker checks
UDF1 bets 3133
Qoker calls
Turn [4s 2c 6c Jd], UDF1 (3158), Qoker (3153)
Qoker checks
UDF1 bets 1159
Qoker calls
River [4s 2c 6c Jd Jc], UDF1 (4317), Qoker (4312)
Qoker bets 683
UDF1 calls
UDF1 shows [4h 7c]
Qoker shows [2d 9s]
UDF1 awarded 4995
Qoker awarded -4995

Round #870, Qoker (256510), UDF1 (-256510)
Qoker posts blind: 10
UDF1 posts blind: 20
Qoker received [5c 6d]
UDF1 received [Jc 2h]
Qoker calls
UDF1 checks
Flop [5s Tc 5h], Qoker (20), UDF1 (20)
UDF1 bids 3
Qoker bids 5
Qoker won the auction and was revealed [Jc]
Flop [5s Tc 5h], Qoker (23), UDF1 (20)
UDF1 bets 2459
Qoker raises to 4918
UDF1 calls
Turn [5s Tc 5h Qd], Qoker (4941), UDF1 (4938)
UDF1 bets 35
Qoker raises to 59
UDF1 calls
River [5s Tc 5h Qd Ac], Qoker (5000), UDF1 (4997)
UDF1 checks
Qoker checks
Qoker shows [5c 6d]
UDF1 shows [Jc 2h]
Qoker awarded 4997
UDF1 awarded -4997

Round #871, UDF1 (-261507), Qoker (261507)
UDF1 posts blind: 10
Qoker posts blind: 20
UDF1 received [6s 6d]
Qoker received [2d Ac]
UDF1 calls
Qoker checks
Flop [As 6c Tc], UDF1 (20), Qoker (20)
Qoker bids 7
UDF1 bids 5
Qoker won the auction and was revealed [6s]
Flop [As 6c Tc], UDF1 (20), Qoker (25)
Qoker checks
UDF1 bets 3346
Qoker calls
Turn [As 6c Tc 6h], UDF1 (3366), Qoker (3371)
Qoker bets 1629
UDF1 calls
River [As 6c Tc 6h 3s], UDF1 (4995), Qoker (5000)
Qoker checks
UDF1 checks
UDF1 shows [6s 6d]
Qoker shows [2d Ac]
UDF1 awarded 5000
Qoker awarded -5000

Round #872, Qoker (256507), UDF1 (-256507)
Qoker posts blind: 10
UDF1 posts blind: 20
Qoker received [Ks Qd]
UDF1 received [Kc 2s]
Qoker calls
UDF1 checks
Flop [8d 7s Qh], Qoker (20), UDF1 (20)
UDF1 bids 12
Qoker bids 4
UDF1 won the auction and was revealed [Ks]
Flop [8d 7s Qh], Qoker (20), UDF1 (24)
UDF1 bets 2411
Qoker calls
Turn [8d 7s Qh 4d], Qoker (2431), UDF1 (2435)
UDF1 bets 1288
Qoker calls
River [8d 7s Qh 4d 7d], Qoker (3719), UDF1 (3723)
UDF1 bets 521
Qoker calls
Qoker shows [Ks Qd]
UDF1 shows [Kc 2s]
Qoker awarded 4244
UDF1 awarded -4244

Round #873, UDF1 (-260751), Qoker (260751)
UDF1 posts blind: 10
Qoker posts blind: 20
UDF1 received [Jh Jd]
Qoker received [As Ac]
UDF1 raises to 4439
Qoker raises to 5000
UDF1 calls
Flop [Ad 3c 4s], UDF1 (5000), Qoker (5000)
Qoker bids 0
UDF1 bids 0
UDF1 won the auction and was revealed [Ac]
Qoker won the auction and was revealed [Jh]
Flop [Ad 3c 4s], UDF1 (5000), Qoker (5000)
Qoker checks
UDF1 checks
Turn [Ad 3c 4s 2h], UDF1 (5000), Qoker (5000)
Qoker checks
UDF1 checks
River [Ad 3c 4s 2h 7h], UDF1 (5000), Qoker (5000)
Qoker checks
UDF1 checks
UDF1 shows [Jh Jd]
Qoker shows [As Ac]
UDF1 awarded -5000
Qoker awarded 5000

Round #874, Qoker (265751), UDF1 (-265751)
Qoker posts blind: 10
UDF1 posts blind: 20
Qoker received [Qs Jh]
UDF1 received [6h Ks]
Qoker calls
UDF1 checks
Flop [4d 7d 9c], Qoker (20), UDF1 (20)
UDF1 bids 8
Qoker bids 0
UDF1 won the auction and was revealed [Jh]
Flop [4d 7d 9c], Qoker (20), UDF1 (20)
UDF1 bets 3156
Qoker folds
Qoker awarded -20
UDF1 awarded 20

Round #875, UDF1 (-265731), Qoker (265731)
UDF1 posts blind: 10
Qoker posts blind: 20
UDF1 received [6h 3s]
Qoker received [7s 5h]
UDF1 calls
Qoker checks
Flop [8h Kh 3c], UDF1 (20), Qoker (20)
Qoker bids 0
UDF1 bids 0
UDF1 won the auction and was revealed [5h]
Qoker won the auction and was revealed [3s]
Flop [8h Kh 3c], UDF1 (20), Qoker (20)
Qoker checks
UDF1 bets 2868
Qoker folds
UDF1 awarded 20
Qoker awarded -20

Round #876, Qoker (265711), UDF1 (-265711)
Qoker posts blind: 10
UDF1 posts blind: 20
Qoker received [4s 5d]
UDF1 received [4c 6d]
Qoker calls
UDF1 checks
Flop [6h Qs Ad], Qoker (20), UDF1 (20)
UDF1 bids 4
Qoker bids 2
UDF1 won the auction and was revealed [5d]
Flop [6h Qs Ad], Qoker (20), UDF1 (22)
UDF1 bets 3321
Qoker folds
Qoker awarded -20
UDF1 awarded 20

Round #877, UDF1 (-265691), Qoker (265691)
UDF1 posts blind: 10
Qoker posts blind: 20
UDF1 received [9d Jc]
Qoker received [Jd 2h]
UDF1 folds
UDF1 awarded -10
Qoker awarded 10

Round #878, Qoker (265701), UDF1 (-265701)
Qoker posts blind: 10
UDF1 posts blind: 20
Qoker received [9h 2c]
UDF1 received [8h Jd]
Qoker calls
UDF1 checks
Flop [Jh 3d 6s], Qoker (20), UDF1 (20)
UDF1 bids 11
Qoker bids 0
UDF1 won the auction and was revealed [2c]
Flop [Jh 3d 6s], Qoker (20), UDF1 (20)
UDF1 bets 3658
Qoker folds
Qoker awarded -20
UDF1 awarded 20

Round #879, UDF1 (-265681), Qoker (265681)
UDF1 posts blind: 10
Qoker posts blind: 20
UDF1 received [5c 8s]
Qoker received [Tc 3c]
UDF1 calls
Qoker checks
Flop [6d Kc Ks], UDF1 (20), Qoker (20)
Qoker bids 5
UDF1 bids 7
UDF1 won the auction and was revealed [3c]
Flop [6d Kc Ks], UDF1 (25), Qoker (20)
Qoker checks
UDF1 bets 2690
Qoker calls
Turn [6d Kc Ks Jc], UDF1 (2715), Qoker (2710)
Qoker bets 2285
UDF1 calls
River [6d Kc Ks Jc 2c], UDF1 (5000), Qoker (4995)
Qoker checks
UDF1 checks
UDF1 shows [5c 8s]
Qoker shows [Tc 3c]
UDF1 awarded -5000
Qoker awarded 5000

Round #880, Qoker (270681), UDF1 (-270681)
Qoker posts blind: 10
UDF1 posts blind: 20
Qoker received [7c 5s]
UDF1 received [Jd 6s]
Qoker calls
UDF1 checks
Flop [3s 7h 2c], Qoker (20), UDF1 (20)
UDF1 bids 4
Qoker bids 5
Qoker won the auction and was revealed [6s]
Flop [3s 7h 2c], Qoker (24), UDF1 (20)
UDF1 bets 2990
Qoker calls
Turn [3s 7h 2c 4d], Qoker (3014), UDF1 (3010)
UDF1 bets 834
Qoker calls
River [3s 7h 2c 4d 9s], Qoker (3848), UDF1 (3844)
UDF1 bets 453
Qoker calls
Qoker shows [7c 5s]
UDF1 shows [Jd 6s]
Qoker awarded 4297
UDF1 awarded -4297

Round #881, UDF1 (-274978), Qoker (274978)
UDF1 posts blind: 10
Qoker posts blind: 20
UDF1 received [Js Td]
Qoker received [2s Qd]
UDF1 calls
Qoker checks
Flop [4d Qc 7d], UDF1 (20), Qoker (20)
Qoker bids 4
UDF1 bids 7
UDF1 won the auction and was revealed [Qd]
Flop [4d Qc 7d], UDF1 (24), Qoker (20)
Qoker checks
UDF1 bets 2379
Qoker calls
Turn [4d Qc 7d Ad], UDF1 (2403), Qoker (2399)
Qoker checks
UDF1 bets 1028
Qoker calls
River [4d Qc 7d Ad 9h], UDF1 (3431), Qoker (3427)
Qoker checks
UDF1 bets 589
Qoker calls
UDF1 shows [Js Td]
Qoker shows [2s Qd]
UDF1 awarded -4020
Qoker awarded 4020

Round #882, Qoker (278998), UDF1 (-278998)
Qoker posts blind: 10
UDF1 posts blind: 20
Qoker received [Jh 3s]
UDF1 received [8h Ad]
Qoker calls
UDF1 checks
Flop [2d 7h 5c], Qoker (20), UDF1 (20)
UDF1 bids 4
Qoker bids 0
UDF1 won the auction and was revealed [3s]
Flop [2d 7h 5c], Qoker (20), UDF1 (20)
UDF1 bets 3243
Qoker folds
Qoker awarded -20
UDF1 awarded 20

Round #883, UDF1 (-278978), Qoker (278978)
UDF1 posts blind: 10
Qoker posts blind: 20
UDF1 received [2s 9h]
Qoker received [Qd 8d]
UDF1 calls
Qoker checks
Flop [3h Qh Jd], UDF1 (20), Qoker (20)
Qoker bids 7
UDF1 bids 9
UDF1 won the auction and was revealed [Qd]
Flop [3h Qh Jd], UDF1 (27), Qoker (20)
Qoker bets 27
UDF1 folds
UDF1 awarded -27
Qoker awarded 27

Round #884, Qoker (279005), UDF1 (-279005)
Qoker posts blind: 10
UDF1 posts blind: 20
Qoker received [Qh Ks]
UDF1 received [Qc As]
Qoker calls
UDF1 checks
Flop [Ac Kh Ts], Qoker (20), UDF1 (20)
UDF1 bids 0
Qoker bids 7
Qoker won the auction and was revealed [Qc]
Flop [Ac Kh Ts], Qoker (20), UDF1 (20)
UDF1 bets 3505
Qoker calls
Turn [Ac Kh Ts 9d], Qoker (3525), UDF1 (3525)
UDF1 bets 897
Qoker calls
River [Ac Kh Ts 9d Js], Qoker (4422), UDF1 (4422)
UDF1 bets 367
Qoker raises to 578
UDF1 calls
Qoker shows [Qh Ks]
UDF1 shows [Qc As]
Qoker awarded 0
UDF1 awarded 0

Round #885, UDF1 (-279005), Qoker (279005)
UDF1 posts blind: 10
Qoker posts blind: 20
UDF1 received [Jh 9d]
Qoker received [Qc Tc]
UDF1 folds
UDF1 awarded -10
Qoker awarded 10

Round #886, Qoker (279015), UDF1 (-279015)
Qoker posts blind: 10
UDF1 posts blind: 20
Qoker received [Kh Th]
UDF1 received [3h 8c]
Qoker calls
UDF1 checks
Flop [Ac 3s 5c], Qoker (20), UDF1 (20)
UDF1 bids 2
Qoker bids 5
Qoker won the auction and was revealed [8c]
Flop [Ac 3s 5c], Qoker (22), UDF1 (20)
UDF1 bets 3193
Qoker folds
Qoker awarded -22
UDF1 awarded 22

Round #887, UDF1 (-278993), Qoker (278993)
UDF1 posts blind: 10
Qoker posts blind: 20
UDF1 received [6c Ac]
Qoker received [Td 2d]
UDF1 folds
UDF1 awarded -10
Qoker awarded 10

Round #888, Qoker (279003), UDF1 (-279003)
Qoker posts blind: 10
UDF1 posts blind: 20
Qoker received [5s Tc]
UDF1 received [4d 2h]
Qoker calls
UDF1 checks
Flop [7c 9c 7s], Qoker (20), UDF1 (20)
UDF1 bids 10
Qoker bids 4
UDF1 won the auction and was revealed [Tc]
Flop [7c 9c 7s], Qoker (20), UDF1 (24)
UDF1 bets 2081
Qoker calls
Turn [7c 9c 7s 9s], Qoker (2101), UDF1 (2105)
UDF1 bets 1205
Qoker calls
River [7c 9c 7s 9s 5d], Qoker (3306), UDF1 (3310)
UDF1 bets 583
Qoker calls
Qoker shows [5s Tc]
UDF1 shows [4d 2h]
Qoker awarded 3893
UDF1 awarded -3893

Round #889, UDF1 (-282896), Qoker (282896)
UDF1 posts blind: 10
Qoker posts blind: 20
UDF1 received [5c Kc]
Qoker received [Jc 8c]
UDF1 raises to 337
Qoker calls
Flop [2s 8h 4d], UDF1 (337), Qoker (337)
Qoker bids 76
UDF1 bids 2
Qoker won the auction and was revealed [5c]
Flop [2s 8h 4d], UDF1 (337), Qoker (339)
Qoker bets 531
UDF1 calls
Turn [2s 8h 4d 3s], UDF1 (868), Qoker (870)
Qoker bets 1390
UDF1 calls
River [2s 8h 4d 3s 4c], UDF1 (2258), Qoker (2260)
Qoker bets 2740
UDF1 calls
UDF1 shows [5c Kc]
Qoker shows [Jc 8c]
UDF1 awarded -4998
Qoker awarded 4998

Round #890, Qoker (287894), UDF1 (-287894)
Qoker posts blind: 10
UDF1 posts blind: 20
Qoker received [Tc Kc]
UDF1 received [9h 7h]
Qoker calls
UDF1 checks
Flop [8d 8s Kh], Qoker (20), UDF1 (20)
UDF1 bids 0
Qoker bids 8
Qoker won the auction and was revealed [7h]
Flop [8d 8s Kh], Qoker (20), UDF1 (20)
UDF1 bets 2611
Qoker raises to 4980
UDF1 calls
Turn [8d 8s Kh 3d], Qoker (5000), UDF1 (5000)
UDF1 checks
Qoker checks
River [8d 8s Kh 3d Jh], Qoker (5000), UDF1 (5000)
UDF1 checks
Qoker checks
Qoker shows [Tc Kc]
UDF1 shows [9h 7h]
Qoker awarded 5000
UDF1 awarded -5000

Round #891, UDF1 (-292894), Qoker (292894)
UDF1 posts blind: 10
Qoker posts blind: 20
UDF1 received [8c 5d]
Qoker received [9h Jd]
UDF1 folds
UDF1 awarded -10
Qoker awarded 10

Round #892, Qoker (292904), UDF1 (-292904)
Qoker posts blind: 10
UDF1 posts blind: 20
Qoker received [2s Ts]
UDF1 received [Qc 5c]
Qoker calls
UDF1 checks
Flop [5d Td Ac], Qoker (20), UDF1 (20)
UDF1 bids 11
Qoker bids 6
UDF1 won the auction and was revealed [2s]
Flop [5d Td Ac], Qoker (20), UDF1 (26)
UDF1 bets 2938
Qoker calls
Turn [5d Td Ac 4h], Qoker (2958), UDF1 (2964)
UDF1 bets 1416
Qoker calls
River [5d Td Ac 4h 2h], Qoker (4374), UDF1 (4380)
UDF1 bets 334
Qoker calls
Qoker shows [2s Ts]
UDF1 shows [Qc 5c]
Qoker awarded 4714
UDF1 awarded -4714

Round #893, UDF1 (-297618), Qoker (297618)
UDF1 posts blind: 10
Qoker posts blind: 20
UDF1 received [Kh 7s]
Qoker received [Kc 8h]
UDF1 raises to 337
Qoker folds
UDF1 awarded 20
Qoker awarded -20

Round #894, Qoker (297598), UDF1 (-297598)
Qoker posts blind: 10
UDF1 posts blind: 20
Qoker received [8d 8c]
UDF1 received [Qs 2d]
Qoker calls
UDF1 checks
Flop [7s 2s 9d], Qoker (20), UDF1 (20)
UDF1 bids 13
Qoker bids 2
UDF1 won the auction and was revealed [8d]
Flop [7s 2s 9d], Qoker (20), UDF1 (22)
UDF1 bets 3152
Qoker calls
Turn [7s 2s 9d Tc], Qoker (3172), UDF1 (3174)
UDF1 bets 885
Qoker calls
River [7s 2s 9d Tc 5d], Qoker (4057), UDF1 (4059)
UDF1 bets 490
Qoker calls
Qoker shows [8d 8c]
UDF1 shows [Qs 2d]
Qoker awarded 4549
UDF1 awarded -4549

Round #895, UDF1 (-302147), Qoker (302147)
UDF1 posts blind: 10
Qoker posts blind: 20
UDF1 received [2s 7c]
Qoker received [Qc 3s]
UDF1 folds
UDF1 awarded -10
Qoker awarded 10

Round #896, Qoker (302157), UDF1 (-302157)
Qoker posts blind: 10
UDF1 posts blind: 20
Qoker received [Kc As]
UDF1 received [7s 2s]
Qoker calls
UDF1 checks
Flop [9c 7c 7d], Qoker (20), UDF1 (20)
UDF1 bids 12
Qoker bids 2
UDF1 won the auction and was revealed [Kc]
Flop [9c 7c 7d], Qoker (20), UDF1 (22)
UDF1 bets 3158
Qoker calls
Turn [9c 7c 7d Js], Qoker (3178), UDF1 (3180)
UDF1 bets 1214
Qoker calls
River [9c 7c 7d Js 9h], Qoker (4392), UDF1 (4394)
UDF1 bets 420
Qoker calls
Qoker shows [Kc As]
UDF1 shows [7s 2s]
Qoker awarded -4812
UDF1 awarded 4812

Round #897, UDF1 (-297345), Qoker (297345)
UDF1 posts blind: 10
Qoker posts blind: 20
UDF1 received [As 9h]
Qoker received [Ah 8s]
UDF1 folds
UDF1 awarded -10
Qoker awarded 10

Round #898, Qoker (297355), UDF1 (-297355)
Qoker posts blind: 10
UDF1 posts blind: 20
Qoker received [2s 3h]
UDF1 received [Ts 6s]
Qoker calls
UDF1 checks
Flop [5d 8s 6c], Qoker (20), UDF1 (20)
UDF1 bids 9
Qoker bids 0
UDF1 won the auction and was revealed [3h]
Flop [5d 8s 6c], Qoker (20), UDF1 (20)
UDF1 bets 3292
Qoker folds
Qoker awarded -20
UDF1 awarded 20

Round #899, UDF1 (-297335), Qoker (297335)
UDF1 posts blind: 10
Qoker posts blind: 20
UDF1 received [Jh Td]
Qoker received [2d 5c]
UDF1 calls
Qoker checks
Flop [Qd 9s 8c], UDF1 (20), Qoker (20)
Qoker bids 0
UDF1 bids 0
UDF1 won the auction and was revealed [5c]
Qoker won the auction and was revealed [Td]
Flop [Qd 9s 8c], UDF1 (20), Qoker (20)
Qoker checks
UDF1 bets 3653
Qoker folds
UDF1 awarded 20
Qoker awarded -20

Round #900, Qoker (297315), UDF1 (-297315)
Qoker posts blind: 10
UDF1 posts blind: 20
Qoker received [Kh 4c]
UDF1 received [4d Jd]
Qoker calls
UDF1 checks
Flop [9s 6c 2s], Qoker (20), UDF1 (20)
UDF1 bids 7
Qoker bids 0
UDF1 won the auction and was revealed [4c]
Flop [9s 6c 2s], Qoker (20), UDF1 (20)
UDF1 bets 2611
Qoker folds
Qoker awarded -20
UDF1 awarded 20

Round #901, UDF1 (-297295), Qoker (297295)
UDF1 posts blind: 10
Qoker posts blind: 20
UDF1 received [7s 8d]
Qoker received [4c Kc]
UDF1 folds
UDF1 awarded -10
Qoker awarded 10

Round #902, Qoker (297305), UDF1 (-297305)
Qoker posts blind: 10
UDF1 posts blind: 20
Qoker received [Ks 6c]
UDF1 received [2c 5c]
Qoker calls
UDF1 raises to 337
Qoker folds
Qoker awarded -20
UDF1 awarded 20

Round #903, UDF1 (-297285), Qoker (297285)
UDF1 posts blind: 10
Qoker posts blind: 20
UDF1 received [9s Ah]
Qoker received [Qs Qh]
UDF1 calls
Qoker raises to 40
UDF1 folds
UDF1 awarded -20
Qoker awarded 20

Round #904, Qoker (297305), UDF1 (-297305)
Qoker posts blind: 10
UDF1 posts blind: 20
Qoker received [Ah 8s]
UDF1 received [2s 4d]
Qoker calls
UDF1 checks
Flop [8d 9c 5h], Qoker (20), UDF1 (20)
UDF1 bids 2
Qoker bids 4
Qoker won the auction and was revealed [2s]
Flop [8d 9c 5h], Qoker (22), UDF1 (20)
UDF1 bets 2155
Qoker raises to 4310
UDF1 folds
Qoker awarded 2175
UDF1 awarded -2175

Round #905, UDF1 (-299480), Qoker (299480)
UDF1 posts blind: 10
Qoker posts blind: 20
UDF1 received [9c 7h]
Qoker received [4h 7c]
UDF1 raises to 337
Qoker folds
UDF1 awarded 20
Qoker awarded -20

Round #906, Qoker (299460), UDF1 (-299460)
Qoker posts blind: 10
UDF1 posts blind: 20
Qoker received [Jd Ts]
UDF1 received [8c 8s]
Qoker calls
UDF1 raises to 3632
Qoker calls
Flop [Jh Ks Kh], Qoker (3632), UDF1 (3632)
UDF1 bids 7
Qoker bids 1101
Qoker won the auction and was revealed [8c]
Flop [Jh Ks Kh], Qoker (3639), UDF1 (3632)
UDF1 bets 701
Qoker raises to 1361
UDF1 calls
Turn [Jh Ks Kh 7d], Qoker (5000), UDF1 (4993)
UDF1 checks
Qoker checks
River [Jh Ks Kh 7d 6c], Qoker (5000), UDF1 (4993)
UDF1 checks
Qoker checks
Qoker shows [Jd Ts]
UDF1 shows [8c 8s]
Qoker awarded 4993
UDF1 awarded -4993

Round #907, UDF1 (-304453), Qoker (304453)
UDF1 posts blind: 10
Qoker posts blind: 20
UDF1 received [4s Js]
Qoker received [6c 2s]
UDF1 folds
UDF1 awarded -10
Qoker awarded 10

Round #908, Qoker (304463), UDF1 (-304463)
Qoker posts blind: 10
UDF1 posts blind: 20
Qoker received [Td Ad]
UDF1 received [Jh 4h]
Qoker calls
UDF1 checks
Flop [7d 9h Kc], Qoker (20), UDF1 (20)
UDF1 bids 6
Qoker bids 5
UDF1 won the auction and was revealed [Ad]
Flop [7d 9h Kc], Qoker (20), UDF1 (25)
UDF1 bets 2394
Qoker folds
Qoker awarded -20
UDF1 awarded 20

Round #909, UDF1 (-304443), Qoker (304443)
UDF1 posts blind: 10
Qoker posts blind: 20
UDF1 received [3s Tc]
Qoker received [Qh 8h]
UDF1 calls
Qoker checks
Flop [Qd 2c Kd], UDF1 (20), Qoker (20)
Qoker bids 5
UDF1 bids 8
UDF1 won the auction and was revealed [Qh]
Flop [Qd 2c Kd], UDF1 (25), Qoker (20)
Qoker checks
UDF1 bets 1930
Qoker calls
Turn [Qd 2c Kd 3d], UDF1 (1955), Qoker (1950)
Qoker bets 2706
UDF1 folds
UDF1 awarded -1955
Qoker awarded 1955

Round #910, Qoker (306398), UDF1 (-306398)
Qoker posts blind: 10
UDF1 posts blind: 20
Qoker received [5h Ad]
UDF1 received [Ah 5d]
Qoker calls
UDF1 checks
Flop [5c 3d As], Qoker (20), UDF1 (20)
UDF1 bids 0
Qoker bids 5
Qoker won the auction and was revealed [Ah]
Flop [5c 3d As], Qoker (20), UDF1 (20)
UDF1 bets 3617
Qoker calls
Turn [5c 3d As 2s], Qoker (3637), UDF1 (3637)
UDF1 bets 837
Qoker calls
River [5c 3d As 2s Qs], Qoker (4474), UDF1 (4474)
UDF1 bets 350
Qoker calls
Qoker shows [5h Ad]
UDF1 shows [Ah 5d]
Qoker awarded 0
UDF1 awarded 0

Round #911, UDF1 (-306398), Qoker (306398)
UDF1 posts blind: 10
Qoker posts blind: 20
UDF1 received [Kd Tc]
Qoker received [7h 7s]
UDF1 calls
Qoker raises to 40
UDF1 folds
UDF1 awarded -20
Qoker awarded 20

Round #912, Qoker (306418), UDF1 (-306418)
Qoker posts blind: 10
UDF1 posts blind: 20
Qoker received [7c 2h]
UDF1 received [Th 3s]
Qoker calls
UDF1 checks
Flop [Jh 4s 7d], Qoker (20), UDF1 (20)
UDF1 bids 11
Qoker bids 4
UDF1 won the auction and was revealed [7c]
Flop [Jh 4s 7d], Qoker (20), UDF1 (24)
UDF1 bets 2414
Qoker calls
Turn [Jh 4s 7d Jc], Qoker (2434), UDF1 (2438)
UDF1 bets 1092
Qoker calls
River [Jh 4s 7d Jc 3c], Qoker (3526), UDF1 (3530)
UDF1 bets 451
Qoker calls
Qoker shows [7c 2h]
UDF1 shows [Th 3s]
Qoker awarded 3981
UDF1 awarded -3981

Round #913, UDF1 (-310399), Qoker (310399)
UDF1 posts blind: 10
Qoker posts blind: 20
UDF1 received [2d 7s]
Qoker received [6s Qc]
UDF1 folds
UDF1 awarded -10
Qoker awarded 10

Round #914, Qoker (310409), UDF1 (-310409)
Qoker posts blind: 10
UDF1 posts blind: 20
Qoker received [9s Ah]
UDF1 received [5d 2h]
Qoker calls
UDF1 checks
Flop [5c Qs Js], Qoker (20), UDF1 (20)
UDF1 bids 9
Qoker bids 3
UDF1 won the auction and was revealed [Ah]
Flop [5c Qs Js], Qoker (20), UDF1 (23)
UDF1 bets 3279
Qoker folds
Qoker awarded -20
UDF1 awarded 20

Round #915, UDF1 (-310389), Qoker (310389)
UDF1 posts blind: 10
Qoker posts blind: 20
UDF1 received [2c Th]
Qoker received [5d 5s]
UDF1 calls
Qoker checks
Flop [Qd 9h Jd], UDF1 (20), Qoker (20)
Qoker bids 6
UDF1 bids 5
Qoker won the auction and was revealed [Th]
Flop [Qd 9h Jd], UDF1 (20), Qoker (25)
Qoker checks
UDF1 bets 2667
Qoker calls
Turn [Qd 9h Jd 5c], UDF1 (2687), Qoker (2692)
Qoker bets 2308
UDF1 calls
River [Qd 9h Jd 5c Kc], UDF1 (4995), Qoker (5000)
Qoker checks
UDF1 checks
UDF1 shows [2c Th]
Qoker shows [5d 5s]
UDF1 awarded 5000
Qoker awarded -5000

Round #916, Qoker (305389), UDF1 (-305389)
Qoker posts blind: 10
UDF1 posts blind: 20
Qoker received [3s 6s]
UDF1 received [8d Ad]
Qoker calls
UDF1 checks
Flop [7c 5c 7h], Qoker (20), UDF1 (20)
UDF1 bids 4
Qoker bids 2
UDF1 won the auction and was revealed [3s]
Flop [7c 5c 7h], Qoker (20), UDF1 (22)
UDF1 bets 2600
Qoker calls
Turn [7c 5c 7h 2h], Qoker (2620), UDF1 (2622)
UDF1 bets 1319
Qoker calls
River [7c 5c 7h 2h Qh], Qoker (3939), UDF1 (3941)
UDF1 bets 543
Qoker calls
Qoker shows [3s 6s]
UDF1 shows [8d Ad]
Qoker awarded -4482
UDF1 awarded 4482

Round #917, UDF1 (-300907), Qoker (300907)
UDF1 posts blind: 10
Qoker posts blind: 20
UDF1 received [6d 7d]
Qoker received [Js Qd]
UDF1 calls
Qoker checks
Flop [Ah Kc 5h], UDF1 (20), Qoker (20)
Qoker bids 4
UDF1 bids 7
UDF1 won the auction and was revealed [Js]
Flop [Ah Kc 5h], UDF1 (24), Qoker (20)
Qoker checks
UDF1 bets 2736
Qoker calls
Turn [Ah Kc 5h Ks], UDF1 (2760), Qoker (2756)
Qoker checks
UDF1 bets 747
Qoker calls
River [Ah Kc 5h Ks 8s], UDF1 (3507), Qoker (3503)
Qoker bets 1493
UDF1 folds
UDF1 awarded -3507
Qoker awarded 3507

Round #918, Qoker (304414), UDF1 (-304414)
Qoker posts blind: 10
UDF1 posts blind: 20
Qoker received [8s Qc]
UDF1 received [Qs Th]
Qoker calls
UDF1 checks
Flop [4s Qd As], Qoker (20), UDF1 (20)
UDF1 bids 7
Qoker bids 3
UDF1 won the auction and was revealed [Qc]
Flop [4s Qd As], Qoker (20), UDF1 (23)
UDF1 bets 2998
Qoker calls
Turn [4s Qd As 9h], Qoker (3018), UDF1 (3021)
UDF1 bets 1117
Qoker calls
River [4s Qd As 9h 5c], Qoker (4135), UDF1 (4138)
UDF1 bets 524
Qoker calls
Qoker shows [8s Qc]
UDF1 shows [Qs Th]
Qoker awarded -4659
UDF1 awarded 4659

Round #919, UDF1 (-299755), Qoker (299755)
UDF1 posts blind: 10
Qoker posts blind: 20
UDF1 received [Qc Tc]
Qoker received [5c 3d]
UDF1 calls
Qoker checks
Flop [6s 4d Jd], UDF1 (20), Qoker (20)
Qoker bids 4
UDF1 bids 4
UDF1 won the auction and was revealed [3d]
Qoker won the auction and was revealed [Qc]
Flop [6s 4d Jd], UDF1 (24), Qoker (24)
Qoker checks
UDF1 bets 2617
Qoker folds
UDF1 awarded 24
Qoker awarded -24

Round #920, Qoker (299731), UDF1 (-299731)
Qoker posts blind: 10
UDF1 posts blind: 20
Qoker received [8c 5d]
UDF1 received [4h Ac]
Qoker calls
UDF1 checks
Flop [6c 7h 4c], Qoker (20), UDF1 (20)
UDF1 bids 7
Qoker bids 1
UDF1 won the auction and was revealed [5d]
Flop [6c 7h 4c], Qoker (20), UDF1 (21)
UDF1 bets 2662
Qoker raises to 4979
UDF1 calls
Turn [6c 7h 4c Kc], Qoker (4999), UDF1 (5000)
UDF1 checks
Qoker checks
River [6c 7h 4c Kc Ad], Qoker (4999), UDF1 (5000)
UDF1 checks
Qoker checks
Qoker shows [8c 5d]
UDF1 shows [4h Ac]
Qoker awarded 5000
UDF1 awarded -5000

Round #921, UDF1 (-304731), Qoker (304731)
UDF1 posts blind: 10
Qoker posts blind: 20
UDF1 received [8s 9d]
Qoker received [7c 6s]
UDF1 calls
Qoker checks
Flop [2s 4c 5s], UDF1 (20), Qoker (20)
Qoker bids 5
UDF1 bids 10
UDF1 won the auction and was revealed [6s]
Flop [2s 4c 5s], UDF1 (25), Qoker (20)
Qoker checks
UDF1 bets 2334
Qoker calls
Turn [2s 4c 5s 4d], UDF1 (2359), Qoker (2354)
Qoker checks
UDF1 bets 1115
Qoker calls
River [2s 4c 5s 4d Th], UDF1 (3474), Qoker (3469)
Qoker checks
UDF1 bets 599
Qoker calls
UDF1 shows [8s 9d]
Qoker shows [7c 6s]
UDF1 awarded 4068
Qoker awarded -4068

Round #922, Qoker (300663), UDF1 (-300663)
Qoker posts blind: 10
UDF1 posts blind: 20
Qoker received [Qs 8s]
UDF1 received [3s Kc]
Qoker calls
UDF1 checks
Flop [Jc 6c 3d], Qoker (20), UDF1 (20)
UDF1 bids 3
Qoker bids 0
UDF1 won the auction and was revealed [8s]
Flop [Jc 6c 3d], Qoker (20), UDF1 (20)
UDF1 bets 3012
Qoker folds
Qoker awarded -20
UDF1 awarded 20

Round #923, UDF1 (-300643), Qoker (300643)
UDF1 posts blind: 10
Qoker posts blind: 20
UDF1 received [4s 4c]
Qoker received [Kd 4h]
UDF1 calls
Qoker checks
Flop [Ah 9h Ac], UDF1 (20), Qoker (20)
Qoker bids 4
UDF1 bids 3
Qoker won the auction and was revealed [4c]
Flop [Ah 9h Ac], UDF1 (20), Qoker (23)
Qoker checks
UDF1 bets 2779
Qoker calls
Turn [Ah 9h Ac 7c], UDF1 (2799), Qoker (2802)
Qoker checks
UDF1 bets 976
Qoker calls
River [Ah 9h Ac 7c 2d], UDF1 (3775), Qoker (3778)
Qoker checks
UDF1 bets 696
Qoker calls
UDF1 shows [4s 4c]
Qoker shows [Kd 4h]
UDF1 awarded 4474
Qoker awarded -4474

Round #924, Qoker (296169), UDF1 (-296169)
Qoker posts blind: 10
UDF1 posts blind: 20
Qoker received [4c Ac]
UDF1 received [4h Kc]
Qoker calls
UDF1 checks
Flop [8d 9h Qd], Qoker (20), UDF1 (20)
UDF1 bids 13
Qoker bids 3
UDF1 won the auction and was revealed [Ac]
Flop [8d 9h Qd], Qoker (20), UDF1 (23)
UDF1 bets 2696
Qoker folds
Qoker awarded -20
UDF1 awarded 20

Round #925, UDF1 (-296149), Qoker (296149)
UDF1 posts blind: 10
Qoker posts blind: 20
UDF1 received [Ac 2d]
Qoker received [7h Jh]
UDF1 folds
UDF1 awarded -10
Qoker awarded 10

Round #926, Qoker (296159), UDF1 (-296159)
Qoker posts blind: 10
UDF1 posts blind: 20
Qoker received [Ks 9s]
UDF1 received [3s 5c]
Qoker calls
UDF1 checks
Flop [Jc 2d Qs], Qoker (20), UDF1 (20)
UDF1 bids 10
Qoker bids 0
UDF1 won the auction and was revealed [Ks]
Flop [Jc 2d Qs], Qoker (20), UDF1 (20)
UDF1 bets 2180
Qoker folds
Qoker awarded -20
UDF1 awarded 20

Round #927, UDF1 (-296139), Qoker (296139)
UDF1 posts blind: 10
Qoker posts blind: 20
UDF1 received [5d Kh]
Qoker received [Qs Qd]
UDF1 raises to 337
Qoker raises to 654
UDF1 folds
UDF1 awarded -337
Qoker awarded 337

Round #928, Qoker (296476), UDF1 (-296476)
Qoker posts blind: 10
UDF1 posts blind: 20
Qoker received [4s 5h]
UDF1 received [3d 3s]
Qoker calls
UDF1 checks
Flop [4c Kd Qh], Qoker (20), UDF1 (20)
UDF1 bids 2
Qoker bids 2
Qoker won the auction and was revealed [3s]
UDF1 won the auction and was revealed [4s]
Flop [4c Kd Qh], Qoker (22), UDF1 (22)
UDF1 bets 2045
Qoker raises to 4090
UDF1 folds
Qoker awarded 2067
UDF1 awarded -2067

Round #929, UDF1 (-298543), Qoker (298543)
UDF1 posts blind: 10
Qoker posts blind: 20
UDF1 received [Tc 9c]
Qoker received [Ah Js]
UDF1 raises to 1451
Qoker calls
Flop [Jd 9s 6h], UDF1 (1451), Qoker (1451)
Qoker bids 503
UDF1 bids 7
Qoker won the auction and was revealed [9c]
Flop [Jd 9s 6h], UDF1 (1451), Qoker (1458)
Qoker bets 1993
UDF1 raises to 3542
Qoker calls
Turn [Jd 9s 6h 5d], UDF1 (4993), Qoker (5000)
Qoker checks
UDF1 checks
River [Jd 9s 6h 5d Kc], UDF1 (4993), Qoker (5000)
Qoker checks
UDF1 checks
UDF1 shows [Tc 9c]
Qoker shows [Ah Js]
UDF1 awarded -4993
Qoker awarded 4993

Round #930, Qoker (303536), UDF1 (-303536)
Qoker posts blind: 10
UDF1 posts blind: 20
Qoker received [As 7d]
UDF1 received [Kc 8d]
Qoker calls
UDF1 checks
Flop [4h 4d 5c], Qoker (20), UDF1 (20)
UDF1 bids 5
Qoker bids 4
UDF1 won the auction and was revealed [7d]
Flop [4h 4d 5c], Qoker (20), UDF1 (24)
UDF1 bets 2540
Qoker calls
Turn [4h 4d 5c Jd], Qoker (2560), UDF1 (2564)
UDF1 bets 1188
Qoker calls
River [4h 4d 5c Jd Ac], Qoker (3748), UDF1 (3752)
UDF1 bets 654
Qoker calls
Qoker shows [As 7d]
UDF1 shows [Kc 8d]
Qoker awarded 4406
UDF1 awarded -4406

Round #931, UDF1 (-307942), Qoker (307942)
UDF1 posts blind: 10
Qoker posts blind: 20
UDF1 received [2s 5d]
Qoker received [3s Kd]
UDF1 folds
UDF1 awarded -10
Qoker awarded 10

Round #932, Qoker (307952), UDF1 (-307952)
Qoker posts blind: 10
UDF1 posts blind: 20
Qoker received [Ad Ah]
UDF1 received [7c Kd]
Qoker raises to 40
UDF1 calls
Flop [2h 9s Js], Qoker (40), UDF1 (40)
UDF1 bids 5
Qoker bids 12
Qoker won the auction and was revealed [7c]
Flop [2h 9s Js], Qoker (45), UDF1 (40)
UDF1 bets 2776
Qoker raises to 4955
UDF1 calls
Turn [2h 9s Js Qc], Qoker (5000), UDF1 (4995)
UDF1 checks
Qoker checks
River [2h 9s Js Qc Th], Qoker (5000), UDF1 (4995)
UDF1 checks
Qoker checks
Qoker shows [Ad Ah]
UDF1 shows [7c Kd]
Qoker awarded -5000
UDF1 awarded 5000

Round #933, UDF1 (-302952), Qoker (302952)
UDF1 posts blind: 10
Qoker posts blind: 20
UDF1 received [4c 5h]
Qoker received [6s 2h]
UDF1 raises to 337
Qoker folds
UDF1 awarded 20
Qoker awarded -20

Round #934, Qoker (302932), UDF1 (-302932)
Qoker posts blind: 10
UDF1 posts blind: 20
Qoker received [9s Kd]
UDF1 received [6d 2s]
Qoker calls
UDF1 checks
Flop [8s 8c 5c], Qoker (20), UDF1 (20)
UDF1 bids 1
Qoker bids 3
Qoker won the auction and was revealed [2s]
Flop [8s 8c 5c], Qoker (21), UDF1 (20)
UDF1 bets 2259
Qoker raises to 4518
UDF1 folds
Qoker awarded 2279
UDF1 awarded -2279

Round #935, UDF1 (-305211), Qoker (305211)
UDF1 posts blind: 10
Qoker posts blind: 20
UDF1 received [Kh Qs]
Qoker received [6d Kc]
UDF1 calls
Qoker checks
Flop [4s 6c 4d], UDF1 (20), Qoker (20)
Qoker bids 6
UDF1 bids 10
UDF1 won the auction and was revealed [Kc]
Flop [4s 6c 4d], UDF1 (26), Qoker (20)
Qoker checks
UDF1 bets 2869
Qoker calls
Turn [4s 6c 4d 2s], UDF1 (2895), Qoker (2889)
Qoker bets 2105
UDF1 calls
River [4s 6c 4d 2s 8c], UDF1 (5000), Qoker (4994)
Qoker checks
UDF1 checks
UDF1 shows [Kh Qs]
Qoker shows [6d Kc]
UDF1 awarded -5000
Qoker awarded 5000

Round #936, Qoker (310211), UDF1 (-310211)
Qoker posts blind: 10
UDF1 posts blind: 20
Qoker received [8d 2c]
UDF1 received [7s 3h]
Qoker calls
UDF1 checks
Flop [Qc Ac As], Qoker (20), UDF1 (20)
UDF1 bids 3
Qoker bids 5
Qoker won the auction and was revealed [3h]
Flop [Qc Ac As], Qoker (23), UDF1 (20)
UDF1 bets 1990
Qoker calls
Turn [Qc Ac As Qs], Qoker (2013), UDF1 (2010)
UDF1 bets 1152
Qoker raises to 2987
UDF1 calls
River [Qc Ac As Qs 3d], Qoker (5000), UDF1 (4997)
UDF1 checks
Qoker checks
Qoker shows [8d 2c]
UDF1 shows [7s 3h]
Qoker awarded 4997
UDF1 awarded -4997

Round #937, UDF1 (-315208), Qoker (315208)
UDF1 posts blind: 10
Qoker posts blind: 20
UDF1 received [Qc 5h]
Qoker received [2d 2h]
UDF1 folds
UDF1 awarded -10
Qoker awarded 10

Round #938, Qoker (315218), UDF1 (-315218)
Qoker posts blind: 10
UDF1 posts blind: 20
Qoker received [Ah Qd]
UDF1 received [Th 5s]
Qoker calls
UDF1 checks
Flop [2s Tc 6h], Qoker (20), UDF1 (20)
UDF1 bids 2
Qoker bids 2
Qoker won the auction and was revealed [Th]
UDF1 won the auction and was revealed [Qd]
Flop [2s Tc 6h], Qoker (22), UDF1 (22)
UDF1 bets 3080
Qoker folds
Qoker awarded -22
UDF1 awarded 22

Round #939, UDF1 (-315196), Qoker (315196)
UDF1 posts blind: 10
Qoker posts blind: 20
UDF1 received [Kh 9s]
Qoker received [7h Th]
UDF1 calls
Qoker checks
Flop [4h 9h Qd], UDF1 (20), Qoker (20)
Qoker bids 4
UDF1 bids 10
UDF1 won the auction and was revealed [7h]
Flop [4h 9h Qd], UDF1 (24), Qoker (20)
Qoker checks
UDF1 bets 3103
Qoker calls
Turn [4h 9h Qd 5s], UDF1 (3127), Qoker (3123)
Qoker checks
UDF1 bets 1234
Qoker calls
River [4h 9h Qd 5s 8d], UDF1 (4361), Qoker (4357)
Qoker checks
UDF1 bets 404
Qoker calls
UDF1 shows [Kh 9s]
Qoker shows [7h Th]
UDF1 awarded 4761
Qoker awarded -4761

Round #940, Qoker (310435), UDF1 (-310435)
Qoker posts blind: 10
UDF1 posts blind: 20
Qoker received [2c 8c]
UDF1 received [Th Ks]
Qoker calls
UDF1 raises to 337
Qoker folds
Qoker awarded -20
UDF1 awarded 20

Round #941, UDF1 (-310415), Qoker (310415)
UDF1 posts blind: 10
Qoker posts blind: 20
UDF1 received [2h 7d]
Qoker received [8h Qh]
UDF1 calls
Qoker checks
Flop [8c 9d Kc], UDF1 (20), Qoker (20)
Qoker bids 2
UDF1 bids 1
Qoker won the auction and was revealed [2h]
Flop [8c 9d Kc], UDF1 (20), Qoker (21)
Qoker bets 32
UDF1 folds
UDF1 awarded -20
Qoker awarded 20

Round #942, Qoker (310435), UDF1 (-310435)
Qoker posts blind: 10
UDF1 posts blind: 20
Qoker received [8d 5d]
UDF1 received [7s Th]
Qoker calls
UDF1 checks
Flop [2s 2d Qd], Qoker (20), UDF1 (20)
UDF1 bids 12
Qoker bids 4
UDF1 won the auction and was revealed [8d]
Flop [2s 2d Qd], Qoker (20), UDF1 (24)
UDF1 bets 2324
Qoker calls
Turn [2s 2d Qd 9d], Qoker (2344), UDF1 (2348)
UDF1 bets 990
Qoker raises to 2652
UDF1 calls
River [2s 2d Qd 9d Qs], Qoker (4996), UDF1 (5000)
UDF1 checks
Qoker checks
Qoker shows [8d 5d]
UDF1 shows [7s Th]
Qoker awarded 5000
UDF1 awarded -5000

Round #943, UDF1 (-315435), Qoker (315435)
UDF1 posts blind: 10
Qoker posts blind: 20
UDF1 received [Ad 2s]
Qoker received [9h 9d]
UDF1 folds
UDF1 awarded -10
Qoker awarded 10

Round #944, Qoker (315445), UDF1 (-315445)
Qoker posts blind: 10
UDF1 posts blind: 20
Qoker received [8s 5s]
UDF1 received [7h 7d]
Qoker calls
UDF1 checks
Flop [7c Qh 3s], Qoker (20), UDF1 (20)
UDF1 bids 2
Qoker bids 0
UDF1 won the auction and was revealed [8s]
Flop [7c Qh 3s], Qoker (20), UDF1 (20)
UDF1 bets 3328
Qoker folds
Qoker awarded -20
UDF1 awarded 20

Round #945, UDF1 (-315425), Qoker (315425)
UDF1 posts blind: 10
Qoker posts blind: 20
UDF1 received [3c 6h]
Qoker received [9s Ks]
UDF1 folds
UDF1 awarded -10
Qoker awarded 10

Round #946, Qoker (315435), UDF1 (-315435)
Qoker posts blind: 10
UDF1 posts blind: 20
Qoker received [5c Ts]
UDF1 received [2s Js]
Qoker calls
UDF1 checks
Flop [2h 3h Jd], Qoker (20), UDF1 (20)
UDF1 bids 2
Qoker bids 0
UDF1 won the auction and was revealed [Ts]
Flop [2h 3h Jd], Qoker (20), UDF1 (20)
UDF1 bets 3790
Qoker folds
Qoker awarded -20
UDF1 awarded 20

Round #947, UDF1 (-315415), Qoker (315415)
UDF1 posts blind: 10
Qoker posts blind: 20
UDF1 received [Qh 2d]
Qoker received [Ts 4s]
UDF1 calls
Qoker checks
Flop [2c 8d 9s], UDF1 (20), Qoker (20)
Qoker bids 0
UDF1 bids 5
UDF1 won the auction and was revealed [Ts]
Flop [2c 8d 9s], UDF1 (20), Qoker (20)
Qoker checks
UDF1 bets 2851
Qoker folds
UDF1 awarded 20
Qoker awarded -20

Round #948, Qoker (315395), UDF1 (-315395)
Qoker posts blind: 10
UDF1 posts blind: 20
Qoker received [3s Qs]
UDF1 received [9h 8h]
Qoker calls
UDF1 checks
Flop [4d 6h 5c], Qoker (20), UDF1 (20)
UDF1 bids 9
Qoker bids 5
UDF1 won the auction and was revealed [Qs]
Flop [4d 6h 5c], Qoker (20), UDF1 (25)
UDF1 bets 2192
Qoker calls
Turn [4d 6h 5c Kh], Qoker (2212), UDF1 (2217)
UDF1 bets 1291
Qoker calls
River [4d 6h 5c Kh 4c], Qoker (3503), UDF1 (3508)
UDF1 bets 496
Qoker calls
Qoker shows [3s Qs]
UDF1 shows [9h 8h]
Qoker awarded 4004
UDF1 awarded -4004

Round #949, UDF1 (-319399), Qoker (319399)
UDF1 posts blind: 10
Qoker posts blind: 20
UDF1 received [Ad Jd]
Qoker received [Ah 4c]
UDF1 raises to 3688
Qoker folds
UDF1 awarded 20
Qoker awarded -20

Round #950, Qoker (319379), UDF1 (-319379)
Qoker posts blind: 10
UDF1 posts blind: 20
Qoker received [7c 6h]
UDF1 received [7h Qc]
Qoker calls
UDF1 raises to 337
Qoker folds
Qoker awarded -20
UDF1 awarded 20

Round #951, UDF1 (-319359), Qoker (319359)
UDF1 posts blind: 10
Qoker posts blind: 20
UDF1 received [8h 4h]
Qoker received [Ah 4s]
UDF1 calls
Qoker checks
Flop [2h 5d Kd], UDF1 (20), Qoker (20)
Qoker bids 3
UDF1 bids 2
Qoker won the auction and was revealed [8h]
Flop [2h 5d Kd], UDF1 (20), Qoker (22)
Qoker checks
UDF1 bets 2290
Qoker folds
UDF1 awarded 22
Qoker awarded -22

Round #952, Qoker (319337), UDF1 (-319337)
Qoker posts blind: 10
UDF1 posts blind: 20
Qoker received [4c Qc]
UDF1 received [4h 8c]
Qoker calls
UDF1 checks
Flop [Ac 6d Jh], Qoker (20), UDF1 (20)
UDF1 bids 2
Qoker bids 4
Qoker won the auction and was revealed [8c]
Flop [Ac 6d Jh], Qoker (22), UDF1 (20)
UDF1 bets 2208
Qoker folds
Qoker awarded -22
UDF1 awarded 22

Round #953, UDF1 (-319315), Qoker (319315)
UDF1 posts blind: 10
Qoker posts blind: 20
UDF1 received [2c 9s]
Qoker received [Tc Qd]
UDF1 raises to 337
Qoker calls
Flop [Js Kc Qc], UDF1 (337), Qoker (337)
Qoker bids 91
UDF1 bids 8
Qoker won the auction and was revealed [2c]
Flop [Js Kc Qc], UDF1 (337), Qoker (345)
Qoker bets 594
UDF1 calls
Turn [Js Kc Qc Jc], UDF1 (931), Qoker (939)
Qoker bets 1368
UDF1 calls
River [Js Kc Qc Jc Td], UDF1 (2299), Qoker (2307)
Qoker bets 2693
UDF1 calls
UDF1 shows [2c 9s]
Qoker shows [Tc Qd]
UDF1 awarded 5000
Qoker awarded -5000

Round #954, Qoker (314315), UDF1 (-314315)
Qoker posts blind: 10
UDF1 posts blind: 20
Qoker received [Kd 6s]
UDF1 received [Td Qd]
Qoker calls
UDF1 checks
Flop [3h 8h Ts], Qoker (20), UDF1 (20)
UDF1 bids 1
Qoker bids 0
UDF1 won the auction and was revealed [Kd]
Flop [3h 8h Ts], Qoker (20), UDF1 (20)
UDF1 bets 3481
Qoker folds
Qoker awarded -20
UDF1 awarded 20

Round #955, UDF1 (-314295), Qoker (314295)
UDF1 posts blind: 10
Qoker posts blind: 20
UDF1 received [9c Kh]
Qoker received [Qs Qh]
UDF1 calls
Qoker raises to 40
UDF1 calls
Flop [Td 7d 4h], UDF1 (40), Qoker (40)
Qoker bids 14
UDF1 bids 1
Qoker won the auction and was revealed [9c]
Flop [Td 7d 4h], UDF1 (40), Qoker (41)
Qoker bets 72
UDF1 calls
Turn [Td 7d 4h 7s], UDF1 (112), Qoker (113)
Qoker bets 156
UDF1 calls
River [Td 7d 4h 7s 8h], UDF1 (268), Qoker (269)
Qoker bets 386
UDF1 calls
UDF1 shows [9c Kh]
Qoker shows [Qs Qh]
UDF1 awarded -654
Qoker awarded 654

Round #956, Qoker (314949), UDF1 (-314949)
Qoker posts blind: 10
UDF1 posts blind: 20
Qoker received [Th 6d]
UDF1 received [Qs Ts]
Qoker calls
UDF1 checks
Flop [9d Kc 8c], Qoker (20), UDF1 (20)
UDF1 bids 7
Qoker bids 0
UDF1 won the auction and was revealed [6d]
Flop [9d Kc 8c], Qoker (20), UDF1 (20)
UDF1 bets 3168
Qoker folds
Qoker awarded -20
UDF1 awarded 20

Round #957, UDF1 (-314929), Qoker (314929)
UDF1 posts blind: 10
Qoker posts blind: 20
UDF1 received [Ad Ks]
Qoker received [Kd Th]
UDF1 raises to 4740
Qoker calls
Flop [3h 7s Ac], UDF1 (4740), Qoker (4740)
Qoker bids 260
UDF1 bids 9
Qoker won the auction and was revealed [Ad]
Flop [3h 7s Ac], UDF1 (4740), Qoker (4749)
Qoker checks
UDF1 bets 175
Qoker calls
Turn [3h 7s Ac Js], UDF1 (4915), Qoker (4924)
Qoker checks
UDF1 bets 55
Qoker calls
River [3h 7s Ac Js 6c], UDF1 (4970), Qoker (4979)
Qoker checks
UDF1 bets 20
Qoker calls
UDF1 shows [Ad Ks]
Qoker shows [Kd Th]
UDF1 awarded 4999
Qoker awarded -4999

Round #958, Qoker (309930), UDF1 (-309930)
Qoker posts blind: 10
UDF1 posts blind: 20
Qoker received [Qh Kh]
UDF1 received [Td Ac]
Qoker calls
UDF1 raises to 1218
Qoker calls
Flop [4c 8c 7h], Qoker (1218), UDF1 (1218)
UDF1 bids 0
Qoker bids 0
Qoker won the auction and was revealed [Td]
UDF1 won the auction and was revealed [Qh]
Flop [4c 8c 7h], Qoker (1218), UDF1 (1218)
UDF1 bets 2161
Qoker calls
Turn [4c 8c 7h 5s], Qoker (3379), UDF1 (3379)
UDF1 bets 842
Qoker calls
River [4c 8c 7h 5s 4s], Qoker (4221), UDF1 (4221)
UDF1 bets 390
Qoker raises to 779
UDF1 calls
Qoker shows [Qh Kh]
UDF1 shows [Td Ac]
Qoker awarded -5000
UDF1 awarded 5000

Round #959, UDF1 (-304930), Qoker (304930)
UDF1 posts blind: 10
Qoker posts blind: 20
UDF1 received [8s 7c]
Qoker received [3h 6h]
UDF1 calls
Qoker checks
Flop [9h Qd 7d], UDF1 (20), Qoker (20)
Qoker bids 0
UDF1 bids 10
UDF1 won the auction and was revealed [3h]
Flop [9h Qd 7d], UDF1 (20), Qoker (20)
Qoker checks
UDF1 bets 3196
Qoker folds
UDF1 awarded 20
Qoker awarded -20

Round #960, Qoker (304910), UDF1 (-304910)
Qoker posts blind: 10
UDF1 posts blind: 20
Qoker received [8c As]
UDF1 received [6s Kh]
Qoker calls
UDF1 checks
Flop [5s Ts Kd], Qoker (20), UDF1 (20)
UDF1 bids 7
Qoker bids 4
UDF1 won the auction and was revealed [As]
Flop [5s Ts Kd], Qoker (20), UDF1 (24)
UDF1 bets 3292
Qoker folds
Qoker awarded -20
UDF1 awarded 20

Round #961, UDF1 (-304890), Qoker (304890)
UDF1 posts blind: 10
Qoker posts blind: 20
UDF1 received [9h 3c]
Qoker received [Td 9c]
UDF1 calls
Qoker checks
Flop [7d Ts Jd], UDF1 (20), Qoker (20)
Qoker bids 5
UDF1 bids 11
UDF1 won the auction and was revealed [9c]
Flop [7d Ts Jd], UDF1 (25), Qoker (20)
Qoker checks
UDF1 bets 2745
Qoker calls
Turn [7d Ts Jd 4c], UDF1 (2770), Qoker (2765)
Qoker bets 2230
UDF1 folds
UDF1 awarded -2770
Qoker awarded 2770

Round #962, Qoker (307660), UDF1 (-307660)
Qoker posts blind: 10
UDF1 posts blind: 20
Qoker received [Ts Js]
UDF1 received [9d 7c]
Qoker calls
UDF1 checks
Flop [Td Qs 9s], Qoker (20), UDF1 (20)
UDF1 bids 1
Qoker bids 7
Qoker won the auction and was revealed [9d]
Flop [Td Qs 9s], Qoker (21), UDF1 (20)
UDF1 bets 3043
Qoker calls
Turn [Td Qs 9s Ah], Qoker (3064), UDF1 (3063)
UDF1 bets 1114
Qoker calls
River [Td Qs 9s Ah 2s], Qoker (4178), UDF1 (4177)
UDF1 bets 417
Qoker raises to 822
UDF1 calls
Qoker shows [Ts Js]
UDF1 shows [9d 7c]
Qoker awarded 4999
UDF1 awarded -4999

Round #963, UDF1 (-312659), Qoker (312659)
UDF1 posts blind: 10
Qoker posts blind: 20
UDF1 received [6s 4h]
Qoker received [8s 9c]
UDF1 calls
Qoker checks
Flop [7d Jc 4c], UDF1 (20), Qoker (20)
Qoker bids 0
UDF1 bids 4
UDF1 won the auction and was revealed [9c]
Flop [7d Jc 4c], UDF1 (20), Qoker (20)
Qoker checks
UDF1 bets 2991
Qoker folds
UDF1 awarded 20
Qoker awarded -20

Round #964, Qoker (312639), UDF1 (-312639)
Qoker posts blind: 10
UDF1 posts blind: 20
Qoker received [Qd 3c]
UDF1 received [Td 3h]
Qoker calls
UDF1 checks
Flop [3d 6s 6d], Qoker (20), UDF1 (20)
UDF1 bids 1
Qoker bids 5
Qoker won the auction and was revealed [Td]
Flop [3d 6s 6d], Qoker (21), UDF1 (20)
UDF1 bets 3143
Qoker calls
Turn [3d 6s 6d 8h], Qoker (3164), UDF1 (3163)
UDF1 bets 948
Qoker calls
River [3d 6s 6d 8h Jc], Qoker (4112), UDF1 (4111)
UDF1 bets 443
Qoker calls
Qoker shows [Qd 3c]
UDF1 shows [Td 3h]
Qoker awarded 4554
UDF1 awarded -4554

Round #965, UDF1 (-317193), Qoker (317193)
UDF1 posts blind: 10
Qoker posts blind: 20
UDF1 received [6d Tc]
Qoker received [9c 5c]
UDF1 folds
UDF1 awarded -10
Qoker awarded 10

Round #966, Qoker (317203), UDF1 (-317203)
Qoker posts blind: 10
UDF1 posts blind: 20
Qoker received [9s Kc]
UDF1 received [6c 4c]
Qoker calls
UDF1 checks
Flop [2d 8s Jh], Qoker (20), UDF1 (20)
UDF1 bids 2
Qoker bids 0
UDF1 won the auction and was revealed [Kc]
Flop [2d 8s Jh], Qoker (20), UDF1 (20)
UDF1 bets 2715
Qoker folds
Qoker awarded -20
UDF1 awarded 20

Round #967, UDF1 (-317183), Qoker (317183)
UDF1 posts blind: 10
Qoker posts blind: 20
UDF1 received [Th 5d]
Qoker received [9d 3h]
UDF1 raises to 337
Qoker folds
UDF1 awarded 20
Qoker awarded -20

Round #968, Qoker (317163), UDF1 (-317163)
Qoker posts blind: 10
UDF1 posts blind: 20
Qoker received [5s Ad]
UDF1 received [4d 6c]
Qoker calls
UDF1 checks
Flop [3s Qd Th], Qoker (20), UDF1 (20)
UDF1 bids 12
Qoker bids 2
UDF1 won the auction and was revealed [5s]
Flop [3s Qd Th], Qoker (20), UDF1 (22)
UDF1 bets 2752
Qoker folds
Qoker awarded -20
UDF1 awarded 20

Round #969, UDF1 (-317143), Qoker (317143)
UDF1 posts blind: 10
Qoker posts blind: 20
UDF1 received [3s Tc]
Qoker received [5h Js]
UDF1 calls
Qoker checks
Flop [Ah 4c 2c], UDF1 (20), Qoker (20)
Qoker bids 3
UDF1 bids 2
Qoker won the auction and was revealed [3s]
Flop [Ah 4c 2c], UDF1 (20), Qoker (22)
Qoker bets 27
UDF1 calls
Turn [Ah 4c 2c Kc], UDF1 (47), Qoker (49)
Qoker checks
UDF1 bets 2312
Qoker folds
UDF1 awarded 49
Qoker awarded -49

Round #970, Qoker (317094), UDF1 (-317094)
Qoker posts blind: 10
UDF1 posts blind: 20
Qoker received [Ad 6d]
UDF1 received [Kc Kd]
Qoker calls
UDF1 raises to 4601
Qoker folds
Qoker awarded -20
UDF1 awarded 20

Round #971, UDF1 (-317074), Qoker (317074)
UDF1 posts blind: 10
Qoker posts blind: 20
UDF1 received [9d 4s]
Qoker received [5c 3c]
UDF1 calls
Qoker checks
Flop [3d 5s 2c], UDF1 (20), Qoker (20)
Qoker bids 6
UDF1 bids 3
Qoker won the auction and was revealed [9d]
Flop [3d 5s 2c], UDF1 (20), Qoker (23)
Qoker bets 29
UDF1 calls
Turn [3d 5s 2c 9h], UDF1 (49), Qoker (52)
Qoker checks
UDF1 bets 3178
Qoker calls
River [3d 5s 2c 9h 4h], UDF1 (3227), Qoker (3230)
Qoker checks
UDF1 bets 1041
Qoker calls
UDF1 shows [9d 4s]
Qoker shows [5c 3c]
UDF1 awarded 4271
Qoker awarded -4271

Round #972, Qoker (312803), UDF1 (-312803)
Qoker posts blind: 10
UDF1 posts blind: 20
Qoker received [Jh Kh]
UDF1 received [Qh Ks]
Qoker calls
UDF1 raises to 3643
Qoker calls
Flop [Qd 9c 5s], Qoker (3643), UDF1 (3643)
UDF1 bids 11
Qoker bids 0
UDF1 won the auction and was revealed [Jh]
Flop [Qd 9c 5s], Qoker (3643), UDF1 (3643)
UDF1 bets 1025
Qoker calls
Turn [Qd 9c 5s Td], Qoker (4668), UDF1 (4668)
UDF1 bets 210
Qoker raises to 332
UDF1 calls
River [Qd 9c 5s Td 3c], Qoker (5000), UDF1 (5000)
UDF1 checks
Qoker checks
Qoker shows [Jh Kh]
UDF1 shows [Qh Ks]
Qoker awarded 5000
UDF1 awarded -5000

Round #973, UDF1 (-317803), Qoker (317803)
UDF1 posts blind: 10
Qoker posts blind: 20
UDF1 received [8s Qd]
Qoker received [7d Ac]
UDF1 calls
Qoker checks
Flop [4c Ah Js], UDF1 (20), Qoker (20)
Qoker bids 7
UDF1 bids 1
Qoker won the auction and was revealed [8s]
Flop [4c Ah Js], UDF1 (20), Qoker (21)
Qoker checks
UDF1 bets 2987
Qoker calls
Turn [4c Ah Js 3c], UDF1 (3007), Qoker (3008)
Qoker checks
UDF1 bets 1095
Qoker calls
River [4c Ah Js 3c 6h], UDF1 (4102), Qoker (4103)
Qoker bets 897
UDF1 calls
UDF1 shows [8s Qd]
Qoker shows [7d Ac]
UDF1 awarded -4999
Qoker awarded 4999

Round #974, Qoker (322802), UDF1 (-322802)
Qoker posts blind: 10
UDF1 posts blind: 20
Qoker received [5d Jd]
UDF1 received [3c 2c]
Qoker calls
UDF1 checks
Flop [Tc 4h Qc], Qoker (20), UDF1 (20)
UDF1 bids 6
Qoker bids 0
UDF1 won the auction and was revealed [5d]
Flop [Tc 4h Qc], Qoker (20), UDF1 (20)
UDF1 bets 2729
Qoker folds
Qoker awarded -20
UDF1 awarded 20

Round #975, UDF1 (-322782), Qoker (322782)
UDF1 posts blind: 10
Qoker posts blind: 20
UDF1 received [6d Qc]
Qoker received [8c 6c]
UDF1 folds
UDF1 awarded -10
Qoker awarded 10

Round #976, Qoker (322792), UDF1 (-322792)
Qoker posts blind: 10
UDF1 posts blind: 20
Qoker received [Jd Tc]
UDF1 received [Jh 4s]
Qoker calls
UDF1 checks
Flop [Ah 9s Qd], Qoker (20), UDF1 (20)
UDF1 bids 6
Qoker bids 2
UDF1 won the auction and was revealed [Tc]
Flop [Ah 9s Qd], Qoker (20), UDF1 (22)
UDF1 bets 2955
Qoker calls
Turn [Ah 9s Qd 2h], Qoker (2975), UDF1 (2977)
UDF1 bets 1209
Qoker calls
River [Ah 9s Qd 2h Kd], Qoker (4184), UDF1 (4186)
UDF1 bets 439
Qoker raises to 814
UDF1 calls
Qoker shows [Jd Tc]
UDF1 shows [Jh 4s]
Qoker awarded 5000
UDF1 awarded -5000

Round #977, UDF1 (-327792), Qoker (327792)
UDF1 posts blind: 10
Qoker posts blind: 20
UDF1 received [As 5s]
Qoker received [3d Qs]
UDF1 raises to 337
Qoker folds
UDF1 awarded 20
Qoker awarded -20

Round #978, Qoker (327772), UDF1 (-327772)
Qoker posts blind: 10
UDF1 posts blind: 20
Qoker received [2s 8s]
UDF1 received [5d 7s]
Qoker calls
UDF1 checks
Flop [6c 4d Jd], Qoker (20), UDF1 (20)
UDF1 bids 3
Qoker bids 0
UDF1 won the auction and was revealed [2s]
Flop [6c 4d Jd], Qoker (20), UDF1 (20)
UDF1 bets 2714
Qoker folds
Qoker awarded -20
UDF1 awarded 20

Round #979, UDF1 (-327752), Qoker (327752)
UDF1 posts blind: 10
Qoker posts blind: 20
UDF1 received [Kc 3d]
Qoker received [Qs 9h]
UDF1 calls
Qoker checks
Flop [8d 6h 8h], UDF1 (20), Qoker (20)
Qoker bids 4
UDF1 bids 9
UDF1 won the auction and was revealed [9h]
Flop [8d 6h 8h], UDF1 (24), Qoker (20)
Qoker checks
UDF1 bets 2685
Qoker calls
Turn [8d 6h 8h Qc], UDF1 (2709), Qoker (2705)
Qoker bets 2291
UDF1 calls
River [8d 6h 8h Qc As], UDF1 (5000), Qoker (4996)
Qoker checks
UDF1 checks
UDF1 shows [Kc 3d]
Qoker shows [Qs 9h]
UDF1 awarded -5000
Qoker awarded 5000

Round #980, Qoker (332752), UDF1 (-332752)
Qoker posts blind: 10
UDF1 posts blind: 20
Qoker received [7d 5h]
UDF1 received [4c 9h]
Qoker calls
UDF1 checks
Flop [9c 2h Td], Qoker (20), UDF1 (20)
UDF1 bids 6
Qoker bids 0
UDF1 won the auction and was revealed [5h]
Flop [9c 2h Td], Qoker (20), UDF1 (20)
UDF1 bets 3236
Qoker folds
Qoker awarded -20
UDF1 awarded 20

Round #981, UDF1 (-332732), Qoker (332732)
UDF1 posts blind: 10
Qoker posts blind: 20
UDF1 received [5d 5s]
Qoker received [2s Jd]
UDF1 calls
Qoker checks
Flop [Th Tc 9h], UDF1 (20), Qoker (20)
Qoker bids 5
UDF1 bids 8
UDF1 won the auction and was revealed [Jd]
Flop [Th Tc 9h], UDF1 (25), Qoker (20)
Qoker checks
UDF1 bets 2264
Qoker calls
Turn [Th Tc 9h Kd], UDF1 (2289), Qoker (2284)
Qoker bets 2649
UDF1 calls
River [Th Tc 9h Kd 7c], UDF1 (4938), Qoker (4933)
Qoker bets 62
UDF1 calls
UDF1 shows [5d 5s]
Qoker shows [2s Jd]
UDF1 awarded 4995
Qoker awarded -4995

Round #982, Qoker (327737), UDF1 (-327737)
Qoker posts blind: 10
UDF1 posts blind: 20
Qoker received [8c Td]
UDF1 received [9c 6h]
Qoker calls
UDF1 checks
Flop [Jh 6s 2c], Qoker (20), UDF1 (20)
UDF1 bids 10
Qoker bids 0
UDF1 won the auction and was revealed [Td]
Flop [Jh 6s 2c], Qoker (20), UDF1 (20)
UDF1 bets 2902
Qoker folds
Qoker awarded -20
UDF1 awarded 20

Round #983, UDF1 (-327717), Qoker (327717)
UDF1 posts blind: 10
Qoker posts blind: 20
UDF1 received [Js 6h]
Qoker received [3c 4h]
UDF1 folds
UDF1 awarded -10
Qoker awarded 10

Round #984, Qoker (327727), UDF1 (-327727)
Qoker posts blind: 10
UDF1 posts blind: 20
Qoker received [Kc 4s]
UDF1 received [5s Jc]
Qoker calls
UDF1 checks
Flop [3d 7h Ad], Qoker (20), UDF1 (20)
UDF1 bids 8
Qoker bids 4
UDF1 won the auction and was revealed [Kc]
Flop [3d 7h Ad], Qoker (20), UDF1 (24)
UDF1 bets 2403
Qoker folds
Qoker awarded -20
UDF1 awarded 20

Round #985, UDF1 (-327707), Qoker (327707)
UDF1 posts blind: 10
Qoker posts blind: 20
UDF1 received [9c Qs]
Qoker received [Qh 7h]
UDF1 raises to 337
Qoker folds
UDF1 awarded 20
Qoker awarded -20

Round #986, Qoker (327687), UDF1 (-327687)
Qoker posts blind: 10
UDF1 posts blind: 20
Qoker received [Td Kh]
UDF1 received [5s Qc]
Qoker calls
UDF1 checks
Flop [Th Kd 3s], Qoker (20), UDF1 (20)
UDF1 bids 9
Qoker bids 5
UDF1 won the auction and was revealed [Td]
Flop [Th Kd 3s], Qoker (20), UDF1 (25)
UDF1 bets 2054
Qoker calls
Turn [Th Kd 3s 4d], Qoker (2074), UDF1 (2079)
UDF1 bets 1297
Qoker calls
River [Th Kd 3s 4d 6d], Qoker (3371), UDF1 (3376)
UDF1 bets 598
Qoker calls
Qoker shows [Td Kh]
UDF1 shows [5s Qc]
Qoker awarded 3974
UDF1 awarded -3974

Round #987, UDF1 (-331661), Qoker (331661)
UDF1 posts blind: 10
Qoker posts blind: 20
UDF1 received [2h 7c]
Qoker received [Kc 5h]
UDF1 folds
UDF1 awarded -10
Qoker awarded 10

Round #988, Qoker (331671), UDF1 (-331671)
Qoker posts blind: 10
UDF1 posts blind: 20
Qoker received [Qh 9c]
UDF1 received [8c 7c]
Qoker calls
UDF1 raises to 1467
Qoker folds
Qoker awarded -20
UDF1 awarded 20

Round #989, UDF1 (-331651), Qoker (331651)
UDF1 posts blind: 10
Qoker posts blind: 20
UDF1 received [3s 6s]
Qoker received [3c Jc]
UDF1 raises to 337
Qoker folds
UDF1 awarded 20
Qoker awarded -20

Round #990, Qoker (331631), UDF1 (-331631)
Qoker posts blind: 10
UDF1 posts blind: 20
Qoker received [Ah 5h]
UDF1 received [2s 4s]
Qoker calls
UDF1 checks
Flop [8s Ac 7s], Qoker (20), UDF1 (20)
UDF1 bids 7
Qoker bids 7
Qoker won the auction and was revealed [2s]
UDF1 won the auction and was revealed [5h]
Flop [8s Ac 7s], Qoker (27), UDF1 (27)
UDF1 bets 3045
Qoker raises to 4973
UDF1 calls
Turn [8s Ac 7s 6s], Qoker (5000), UDF1 (5000)
UDF1 checks
Qoker checks
River [8s Ac 7s 6s Js], Qoker (5000), UDF1 (5000)
UDF1 checks
Qoker checks
Qoker shows [Ah 5h]
UDF1 shows [2s 4s]
Qoker awarded -5000
UDF1 awarded 5000

Round #991, UDF1 (-326631), Qoker (326631)
UDF1 posts blind: 10
Qoker posts blind: 20
UDF1 received [As 9d]
Qoker received [3s 5h]
UDF1 calls
Qoker checks
Flop [7h 6c 2h], UDF1 (20), Qoker (20)
Qoker bids 0
UDF1 bids 2
UDF1 won the auction and was revealed [5h]
Flop [7h 6c 2h], UDF1 (20), Qoker (20)
Qoker checks
UDF1 bets 2783
Qoker folds
UDF1 awarded 20
Qoker awarded -20

Round #992, Qoker (326611), UDF1 (-326611)
Qoker posts blind: 10
UDF1 posts blind: 20
Qoker received [6c Th]
UDF1 received [5h Qd]
Qoker calls
UDF1 checks
Flop [As 3d 6d], Qoker (20), UDF1 (20)
UDF1 bids 10
Qoker bids 2
UDF1 won the auction and was revealed [6c]
Flop [As 3d 6d], Qoker (20), UDF1 (22)
UDF1 bets 2420
Qoker calls
Turn [As 3d 6d Tc], Qoker (2440), UDF1 (2442)
UDF1 bets 1267
Qoker calls
River [As 3d 6d Tc 4d], Qoker (3707), UDF1 (3709)
UDF1 bets 388
Qoker calls
Qoker shows [6c Th]
UDF1 shows [5h Qd]
Qoker awarded 4097
UDF1 awarded -4097

Round #993, UDF1 (-330708), Qoker (330708)
UDF1 posts blind: 10
Qoker posts blind: 20
UDF1 received [Td 7c]
Qoker received [Qh 9d]
UDF1 folds
UDF1 awarded -10
Qoker awarded 10

Round #994, Qoker (330718), UDF1 (-330718)
Qoker posts blind: 10
UDF1 posts blind: 20
Qoker received [Jc Ah]
UDF1 received [Jd Qd]
Qoker calls
UDF1 raises to 3484
Qoker calls
Flop [6c 5d Ad], Qoker (3484), UDF1 (3484)
UDF1 bids 0
Qoker bids 1126
Qoker won the auction and was revealed [Qd]
Flop [6c 5d Ad], Qoker (3484), UDF1 (3484)
UDF1 bets 927
Qoker calls
Turn [6c 5d Ad 3d], Qoker (4411), UDF1 (4411)
UDF1 bets 353
Qoker calls
River [6c 5d Ad 3d Kd], Qoker (4764), UDF1 (4764)
UDF1 bets 153
Qoker calls
Qoker shows [Jc Ah]
UDF1 shows [Jd Qd]
Qoker awarded -4917
UDF1 awarded 4917

Round #995, UDF1 (-325801), Qoker (325801)
UDF1 posts blind: 10
Qoker posts blind: 20
UDF1 received [3h 4c]
Qoker received [3c Ts]
UDF1 folds
UDF1 awarded -10
Qoker awarded 10

Round #996, Qoker (325811), UDF1 (-325811)
Qoker posts blind: 10
UDF1 posts blind: 20
Qoker received [4d 9s]
UDF1 received [7h Kc]
Qoker calls
UDF1 checks
Flop [2h Jd 2s], Qoker (20), UDF1 (20)
UDF1 bids 11
Qoker bids 3
UDF1 won the auction and was revealed [4d]
Flop [2h Jd 2s], Qoker (20), UDF1 (23)
UDF1 bets 2910
Qoker calls
Turn [2h Jd 2s 3s], Qoker (2930), UDF1 (2933)
UDF1 bets 1093
Qoker calls
River [2h Jd 2s 3s 9d], Qoker (4023), UDF1 (4026)
UDF1 bets 555
Qoker calls
Qoker shows [4d 9s]
UDF1 shows [7h Kc]
Qoker awarded 4581
UDF1 awarded -4581

Round #997, UDF1 (-330392), Qoker (330392)
UDF1 posts blind: 10
Qoker posts blind: 20
UDF1 received [5c 4s]
Qoker received [4d 7h]
UDF1 calls
Qoker checks
Flop [5d 6h Ks], UDF1 (20), Qoker (20)
Qoker bids 5
UDF1 bids 0
Qoker won the auction and was revealed [5c]
Flop [5d 6h Ks], UDF1 (20), Qoker (20)
Qoker checks
UDF1 bets 2813
Qoker calls
Turn [5d 6h Ks 8s], UDF1 (2833), Qoker (2833)
Qoker bets 2167
UDF1 calls
River [5d 6h Ks 8s 4c], UDF1 (5000), Qoker (5000)
Qoker checks
UDF1 checks
UDF1 shows [5c 4s]
Qoker shows [4d 7h]
UDF1 awarded -5000
Qoker awarded 5000

Round #998, Qoker (335392), UDF1 (-335392)
Qoker posts blind: 10
UDF1 posts blind: 20
Qoker received [Kd 7d]
UDF1 received [3d Ad]
Qoker calls
UDF1 checks
Flop [5c 9c Th], Qoker (20), UDF1 (20)
UDF1 bids 0
Qoker bids 0
Qoker won the auction and was revealed [3d]
UDF1 won the auction and was revealed [7d]
Flop [5c 9c Th], Qoker (20), UDF1 (20)
UDF1 bets 2889
Qoker folds
Qoker awarded -20
UDF1 awarded 20

Round #999, UDF1 (-335372), Qoker (335372)
UDF1 posts blind: 10
Qoker posts blind: 20
UDF1 received [2c 7d]
Qoker received [Td Kc]
UDF1 calls
Qoker checks
Flop [9h Qs Kh], UDF1 (20), Qoker (20)
Qoker bids 7
UDF1 bids 7
UDF1 won the auction and was revealed [Kc]
Qoker won the auction and was revealed [2c]
Flop [9h Qs Kh], UDF1 (27), Qoker (27)
Qoker bets 40
UDF1 folds
UDF1 awarded -27
Qoker awarded 27

Round #1000, Qoker (335399), UDF1 (-335399)
Qoker posts blind: 10
UDF1 posts blind: 20
Qoker received [3s 6d]
UDF1 received [8h 7c]
Qoker calls
UDF1 checks
Flop [Kh Jc 6s], Qoker (20), UDF1 (20)
UDF1 bids 6
Qoker bids 2
UDF1 won the auction and was revealed [3s]
Flop [Kh Jc 6s], Qoker (20), UDF1 (22)
UDF1 bets 2981
Qoker calls
Turn [Kh Jc 6s 2d], Qoker (3001), UDF1 (3003)
UDF1 bets 1133
Qoker calls
River [Kh Jc 6s 2d 6c], Qoker (4134), UDF1 (4136)
UDF1 bets 442
Qoker raises to 864
UDF1 calls
Qoker shows [3s 6d]
UDF1 shows [8h 7c]
Qoker awarded 5000
UDF1 awarded -5000

Final, UDF1 (-340399), Qoker (340399)