2026-03-01 05:52:44 UDF1 vs Gambler_s_Ruin

Round #1, UDF1 (0), Gambler_s_Ruin (0)
UDF1 posts blind: 10
Gambler_s_Ruin posts blind: 20
UDF1 received [Qc 9s]
Gambler_s_Ruin received [5s 6h]
UDF1 calls
Gambler_s_Ruin checks
Flop [2c Kh 2s], UDF1 (20), Gambler_s_Ruin (20)
Gambler_s_Ruin bids 350
UDF1 bids 0
Gambler_s_Ruin won the auction and was revealed [9s]
Flop [2c Kh 2s], UDF1 (20), Gambler_s_Ruin (20)
Gambler_s_Ruin checks
UDF1 checks
Turn [2c Kh 2s 8d], UDF1 (20), Gambler_s_Ruin (20)
Gambler_s_Ruin checks
UDF1 checks
River [2c Kh 2s 8d Th], UDF1 (20), Gambler_s_Ruin (20)
Gambler_s_Ruin checks
UDF1 checks
UDF1 shows [Qc 9s]
Gambler_s_Ruin shows [5s 6h]
UDF1 awarded 20
Gambler_s_Ruin awarded -20

Round #2, Gambler_s_Ruin (-20), UDF1 (20)
Gambler_s_Ruin posts blind: 10
UDF1 posts blind: 20
Gambler_s_Ruin received [Qc Qh]
UDF1 received [3h 5c]
Gambler_s_Ruin raises to 60
UDF1 calls
Flop [8c 4s 9c], Gambler_s_Ruin (60), UDF1 (60)
UDF1 bids 9
Gambler_s_Ruin bids 1027
Gambler_s_Ruin won the auction and was revealed [5c]
Flop [8c 4s 9c], Gambler_s_Ruin (69), UDF1 (60)
UDF1 checks
Gambler_s_Ruin bets 134
UDF1 folds
Gambler_s_Ruin awarded 60
UDF1 awarded -60

Round #3, UDF1 (-40), Gambler_s_Ruin (40)
UDF1 posts blind: 10
Gambler_s_Ruin posts blind: 20
UDF1 received [7c 3s]
Gambler_s_Ruin received [Ah 7h]
UDF1 calls
Gambler_s_Ruin raises to 80
UDF1 folds
UDF1 awarded -20
Gambler_s_Ruin awarded 20

Round #4, Gambler_s_Ruin (60), UDF1 (-60)
Gambler_s_Ruin posts blind: 10
UDF1 posts blind: 20
Gambler_s_Ruin received [8d 8s]
UDF1 received [Ks 5d]
Gambler_s_Ruin raises to 60
UDF1 folds
Gambler_s_Ruin awarded 20
UDF1 awarded -20

Round #5, UDF1 (-80), Gambler_s_Ruin (80)
UDF1 posts blind: 10
Gambler_s_Ruin posts blind: 20
UDF1 received [Qh 7h]
Gambler_s_Ruin received [8s Kd]
UDF1 raises to 337
Gambler_s_Ruin attempted illegal ActionRaise with amount 634
Gambler_s_Ruin folds
UDF1 awarded 20
Gambler_s_Ruin awarded -20

Round #6, Gambler_s_Ruin (60), UDF1 (-60)
Gambler_s_Ruin posts blind: 10
UDF1 posts blind: 20
Gambler_s_Ruin received [Qc Tc]
UDF1 received [7c 4h]
Gambler_s_Ruin calls
UDF1 checks
Flop [Ad Jc Js], Gambler_s_Ruin (20), UDF1 (20)
UDF1 bids 16
Gambler_s_Ruin bids 1320
Gambler_s_Ruin won the auction and was revealed [7c]
Flop [Ad Jc Js], Gambler_s_Ruin (36), UDF1 (20)
UDF1 checks
Gambler_s_Ruin bets 52
UDF1 folds
Gambler_s_Ruin awarded 20
UDF1 awarded -20

Round #7, UDF1 (-80), Gambler_s_Ruin (80)
UDF1 posts blind: 10
Gambler_s_Ruin posts blind: 20
UDF1 received [2c Kc]
Gambler_s_Ruin received [Qd Ks]
UDF1 folds
UDF1 awarded -10
Gambler_s_Ruin awarded 10

Round #8, Gambler_s_Ruin (90), UDF1 (-90)
Gambler_s_Ruin posts blind: 10
UDF1 posts blind: 20
Gambler_s_Ruin received [5c 7d]
UDF1 received [As 6c]
Gambler_s_Ruin folds
Gambler_s_Ruin awarded -10
UDF1 awarded 10

Round #9, UDF1 (-80), Gambler_s_Ruin (80)
UDF1 posts blind: 10
Gambler_s_Ruin posts blind: 20
UDF1 received [9s 4s]
Gambler_s_Ruin received [8s Ac]
UDF1 calls
Gambler_s_Ruin raises to 80
UDF1 calls
Flop [Ah Qc 3h], UDF1 (80), Gambler_s_Ruin (80)
Gambler_s_Ruin bids 1025
UDF1 bids 2
Gambler_s_Ruin won the auction and was revealed [9s]
Flop [Ah Qc 3h], UDF1 (80), Gambler_s_Ruin (82)
Gambler_s_Ruin bets 137
UDF1 folds
UDF1 awarded -80
Gambler_s_Ruin awarded 80

Round #10, Gambler_s_Ruin (160), UDF1 (-160)
Gambler_s_Ruin posts blind: 10
UDF1 posts blind: 20
Gambler_s_Ruin received [4c 6d]
UDF1 received [As Kh]
Gambler_s_Ruin folds
Gambler_s_Ruin awarded -10
UDF1 awarded 10

Round #11, UDF1 (-150), Gambler_s_Ruin (150)
UDF1 posts blind: 10
Gambler_s_Ruin posts blind: 20
UDF1 received [4s 7d]
Gambler_s_Ruin received [8h 3c]
UDF1 raises to 407
Gambler_s_Ruin folds
UDF1 awarded 20
Gambler_s_Ruin awarded -20

Round #12, Gambler_s_Ruin (130), UDF1 (-130)
Gambler_s_Ruin posts blind: 10
UDF1 posts blind: 20
Gambler_s_Ruin received [6c 7s]
UDF1 received [Qd 2h]
Gambler_s_Ruin calls
UDF1 checks
Flop [Jh 2s Jc], Gambler_s_Ruin (20), UDF1 (20)
UDF1 bids 8
Gambler_s_Ruin bids 476
Gambler_s_Ruin won the auction and was revealed [2h]
Flop [Jh 2s Jc], Gambler_s_Ruin (28), UDF1 (20)
UDF1 bets 3156
Gambler_s_Ruin folds
Gambler_s_Ruin awarded -28
UDF1 awarded 28

Round #13, UDF1 (-102), Gambler_s_Ruin (102)
UDF1 posts blind: 10
Gambler_s_Ruin posts blind: 20
UDF1 received [4h 7d]
Gambler_s_Ruin received [Kh 9c]
UDF1 calls
Gambler_s_Ruin raises to 80
UDF1 calls
Flop [Qc 4s Ad], UDF1 (80), Gambler_s_Ruin (80)
Gambler_s_Ruin bids 1376
UDF1 bids 17
Gambler_s_Ruin won the auction and was revealed [7d]
Flop [Qc 4s Ad], UDF1 (80), Gambler_s_Ruin (97)
Gambler_s_Ruin bets 167
UDF1 calls
Turn [Qc 4s Ad 5c], UDF1 (247), Gambler_s_Ruin (264)
Gambler_s_Ruin bets 482
UDF1 calls
River [Qc 4s Ad 5c 2c], UDF1 (729), Gambler_s_Ruin (746)
Gambler_s_Ruin bets 1392
UDF1 calls
UDF1 shows [4h 7d]
Gambler_s_Ruin shows [Kh 9c]
UDF1 awarded 2138
Gambler_s_Ruin awarded -2138

Round #14, Gambler_s_Ruin (-2036), UDF1 (2036)
Gambler_s_Ruin posts blind: 10
UDF1 posts blind: 20
Gambler_s_Ruin received [3s Ah]
UDF1 received [5c Ts]
Gambler_s_Ruin calls
UDF1 raises to 351
Gambler_s_Ruin attempted illegal ActionRaise with amount 662
Gambler_s_Ruin folds
Gambler_s_Ruin awarded -20
UDF1 awarded 20

Round #15, UDF1 (2056), Gambler_s_Ruin (-2056)
UDF1 posts blind: 10
Gambler_s_Ruin posts blind: 20
UDF1 received [5c 9d]
Gambler_s_Ruin received [6c Qh]
UDF1 calls
Gambler_s_Ruin checks
Flop [8c 6s Ah], UDF1 (20), Gambler_s_Ruin (20)
Gambler_s_Ruin bids 1304
UDF1 bids 14
Gambler_s_Ruin won the auction and was revealed [9d]
Flop [8c 6s Ah], UDF1 (20), Gambler_s_Ruin (34)
Gambler_s_Ruin bets 45
UDF1 folds
UDF1 awarded -20
Gambler_s_Ruin awarded 20

Round #16, Gambler_s_Ruin (-2036), UDF1 (2036)
Gambler_s_Ruin posts blind: 10
UDF1 posts blind: 20
Gambler_s_Ruin received [Ah 9s]
UDF1 received [9c 5d]
Gambler_s_Ruin raises to 60
UDF1 calls
Flop [5h 3h Th], Gambler_s_Ruin (60), UDF1 (60)
UDF1 bids 23
Gambler_s_Ruin bids 1287
Gambler_s_Ruin won the auction and was revealed [9c]
Flop [5h 3h Th], Gambler_s_Ruin (83), UDF1 (60)
UDF1 bets 2670
Gambler_s_Ruin raises to 4917
UDF1 calls
Turn [5h 3h Th 5s], Gambler_s_Ruin (5000), UDF1 (4977)
UDF1 checks
Gambler_s_Ruin checks
River [5h 3h Th 5s Kh], Gambler_s_Ruin (5000), UDF1 (4977)
UDF1 checks
Gambler_s_Ruin checks
Gambler_s_Ruin shows [Ah 9s]
UDF1 shows [9c 5d]
Gambler_s_Ruin awarded 4977
UDF1 awarded -4977

Round #17, UDF1 (-2941), Gambler_s_Ruin (2941)
UDF1 posts blind: 10
Gambler_s_Ruin posts blind: 20
UDF1 received [2d 4h]
Gambler_s_Ruin received [9s Ks]
UDF1 folds
UDF1 awarded -10
Gambler_s_Ruin awarded 10

Round #18, Gambler_s_Ruin (2951), UDF1 (-2951)
Gambler_s_Ruin posts blind: 10
UDF1 posts blind: 20
Gambler_s_Ruin received [9h 6c]
UDF1 received [2s Tc]
Gambler_s_Ruin calls
UDF1 checks
Flop [7d 9s Ks], Gambler_s_Ruin (20), UDF1 (20)
UDF1 bids 0
Gambler_s_Ruin bids 1132
Gambler_s_Ruin won the auction and was revealed [2s]
Flop [7d 9s Ks], Gambler_s_Ruin (20), UDF1 (20)
UDF1 checks
Gambler_s_Ruin bets 47
UDF1 folds
Gambler_s_Ruin awarded 20
UDF1 awarded -20

Round #19, UDF1 (-2971), Gambler_s_Ruin (2971)
UDF1 posts blind: 10
Gambler_s_Ruin posts blind: 20
UDF1 received [Qc 3d]
Gambler_s_Ruin received [2d 8h]
UDF1 raises to 489
Gambler_s_Ruin folds
UDF1 awarded 20
Gambler_s_Ruin awarded -20

Round #20, Gambler_s_Ruin (2951), UDF1 (-2951)
Gambler_s_Ruin posts blind: 10
UDF1 posts blind: 20
Gambler_s_Ruin received [Qc 6d]
UDF1 received [3c 6c]
Gambler_s_Ruin calls
UDF1 checks
Flop [Td 6s Qs], Gambler_s_Ruin (20), UDF1 (20)
UDF1 bids 5
Gambler_s_Ruin bids 1150
Gambler_s_Ruin won the auction and was revealed [6c]
Flop [Td 6s Qs], Gambler_s_Ruin (25), UDF1 (20)
UDF1 checks
Gambler_s_Ruin bets 44
UDF1 calls
Turn [Td 6s Qs Jh], Gambler_s_Ruin (69), UDF1 (64)
UDF1 checks
Gambler_s_Ruin bets 131
UDF1 calls
River [Td 6s Qs Jh 3h], Gambler_s_Ruin (200), UDF1 (195)
UDF1 bets 2896
Gambler_s_Ruin raises to 4800
UDF1 calls
Gambler_s_Ruin shows [Qc 6d]
UDF1 shows [3c 6c]
Gambler_s_Ruin awarded 4995
UDF1 awarded -4995

Round #21, UDF1 (-7946), Gambler_s_Ruin (7946)
UDF1 posts blind: 10
Gambler_s_Ruin posts blind: 20
UDF1 received [5s Js]
Gambler_s_Ruin received [2d Ac]
UDF1 raises to 627
Gambler_s_Ruin attempted illegal ActionRaise with amount 1214
Gambler_s_Ruin folds
UDF1 awarded 20
Gambler_s_Ruin awarded -20

Round #22, Gambler_s_Ruin (7926), UDF1 (-7926)
Gambler_s_Ruin posts blind: 10
UDF1 posts blind: 20
Gambler_s_Ruin received [6s 5s]
UDF1 received [Jd 4s]
Gambler_s_Ruin calls
UDF1 checks
Flop [8h 3h 2d], Gambler_s_Ruin (20), UDF1 (20)
UDF1 bids 17
Gambler_s_Ruin bids 520
Gambler_s_Ruin won the auction and was revealed [Jd]
Flop [8h 3h 2d], Gambler_s_Ruin (37), UDF1 (20)
UDF1 bets 2300
Gambler_s_Ruin folds
Gambler_s_Ruin awarded -37
UDF1 awarded 37

Round #23, UDF1 (-7889), Gambler_s_Ruin (7889)
UDF1 posts blind: 10
Gambler_s_Ruin posts blind: 20
UDF1 received [Qc Jd]
Gambler_s_Ruin received [7s 4c]
UDF1 raises to 1998
Gambler_s_Ruin folds
UDF1 awarded 20
Gambler_s_Ruin awarded -20

Round #24, Gambler_s_Ruin (7869), UDF1 (-7869)
Gambler_s_Ruin posts blind: 10
UDF1 posts blind: 20
Gambler_s_Ruin received [Kh 2h]
UDF1 received [Th Ac]
Gambler_s_Ruin calls
UDF1 raises to 2009
Gambler_s_Ruin attempted illegal ActionRaise with amount 3978
Gambler_s_Ruin folds
Gambler_s_Ruin awarded -20
UDF1 awarded 20

Round #25, UDF1 (-7849), Gambler_s_Ruin (7849)
UDF1 posts blind: 10
Gambler_s_Ruin posts blind: 20
UDF1 received [4s 7h]
Gambler_s_Ruin received [8d 9s]
UDF1 raises to 395
Gambler_s_Ruin folds
UDF1 awarded 20
Gambler_s_Ruin awarded -20

Round #26, Gambler_s_Ruin (7829), UDF1 (-7829)
Gambler_s_Ruin posts blind: 10
UDF1 posts blind: 20
Gambler_s_Ruin received [Kh Td]
UDF1 received [Th 9s]
Gambler_s_Ruin raises to 60
UDF1 calls
Flop [3d Ad 7s], Gambler_s_Ruin (60), UDF1 (60)
UDF1 bids 25
Gambler_s_Ruin bids 1366
Gambler_s_Ruin won the auction and was revealed [Th]
Flop [3d Ad 7s], Gambler_s_Ruin (85), UDF1 (60)
UDF1 bets 2489
Gambler_s_Ruin calls
Turn [3d Ad 7s 4h], Gambler_s_Ruin (2574), UDF1 (2549)
UDF1 bets 1093
Gambler_s_Ruin calls
River [3d Ad 7s 4h Kd], Gambler_s_Ruin (3667), UDF1 (3642)
UDF1 bets 609
Gambler_s_Ruin raises to 1333
UDF1 calls
Gambler_s_Ruin shows [Kh Td]
UDF1 shows [Th 9s]
Gambler_s_Ruin awarded 4975
UDF1 awarded -4975

Round #27, UDF1 (-12804), Gambler_s_Ruin (12804)
UDF1 posts blind: 10
Gambler_s_Ruin posts blind: 20
UDF1 received [Kc 8c]
Gambler_s_Ruin received [4d 6d]
UDF1 raises to 593
Gambler_s_Ruin folds
UDF1 awarded 20
Gambler_s_Ruin awarded -20

Round #28, Gambler_s_Ruin (12784), UDF1 (-12784)
Gambler_s_Ruin posts blind: 10
UDF1 posts blind: 20
Gambler_s_Ruin received [5c 7c]
UDF1 received [4s 4c]
Gambler_s_Ruin calls
UDF1 raises to 1753
Gambler_s_Ruin folds
Gambler_s_Ruin awarded -20
UDF1 awarded 20

Round #29, UDF1 (-12764), Gambler_s_Ruin (12764)
UDF1 posts blind: 10
Gambler_s_Ruin posts blind: 20
UDF1 received [Qd Jh]
Gambler_s_Ruin received [8s Ts]
UDF1 raises to 1817
Gambler_s_Ruin attempted illegal ActionRaise with amount 3594
Gambler_s_Ruin folds
UDF1 awarded 20
Gambler_s_Ruin awarded -20

Round #30, Gambler_s_Ruin (12744), UDF1 (-12744)
Gambler_s_Ruin posts blind: 10
UDF1 posts blind: 20
Gambler_s_Ruin received [9d Qs]
UDF1 received [Ad Jh]
Gambler_s_Ruin calls
UDF1 checks
Flop [8h 8c Qh], Gambler_s_Ruin (20), UDF1 (20)
UDF1 bids 20
Gambler_s_Ruin bids 1220
Gambler_s_Ruin won the auction and was revealed [Ad]
Flop [8h 8c Qh], Gambler_s_Ruin (40), UDF1 (20)
UDF1 bets 2722
Gambler_s_Ruin raises to 4960
UDF1 calls
Turn [8h 8c Qh 6d], Gambler_s_Ruin (5000), UDF1 (4980)
UDF1 checks
Gambler_s_Ruin checks
River [8h 8c Qh 6d 4d], Gambler_s_Ruin (5000), UDF1 (4980)
UDF1 checks
Gambler_s_Ruin checks
Gambler_s_Ruin shows [9d Qs]
UDF1 shows [Ad Jh]
Gambler_s_Ruin awarded 4980
UDF1 awarded -4980

Round #31, UDF1 (-17724), Gambler_s_Ruin (17724)
UDF1 posts blind: 10
Gambler_s_Ruin posts blind: 20
UDF1 received [Jd Qh]
Gambler_s_Ruin received [Tc Ts]
UDF1 calls
Gambler_s_Ruin raises to 60
UDF1 raises to 1699
Gambler_s_Ruin raises to 4917
UDF1 folds
UDF1 awarded -1699
Gambler_s_Ruin awarded 1699

Round #32, Gambler_s_Ruin (19423), UDF1 (-19423)
Gambler_s_Ruin posts blind: 10
UDF1 posts blind: 20
Gambler_s_Ruin received [Qc 4s]
UDF1 received [7s Kd]
Gambler_s_Ruin calls
UDF1 raises to 337
Gambler_s_Ruin folds
Gambler_s_Ruin awarded -20
UDF1 awarded 20

Round #33, UDF1 (-19403), Gambler_s_Ruin (19403)
UDF1 posts blind: 10
Gambler_s_Ruin posts blind: 20
UDF1 received [2d 9s]
Gambler_s_Ruin received [9h Tc]
UDF1 calls
Gambler_s_Ruin raises to 80
UDF1 raises to 431
Gambler_s_Ruin attempted illegal ActionRaise with amount 702
Gambler_s_Ruin folds
UDF1 awarded 80
Gambler_s_Ruin awarded -80

Round #34, Gambler_s_Ruin (19323), UDF1 (-19323)
Gambler_s_Ruin posts blind: 10
UDF1 posts blind: 20
Gambler_s_Ruin received [Qs 9c]
UDF1 received [6s 9d]
Gambler_s_Ruin calls
UDF1 raises to 337
Gambler_s_Ruin attempted illegal ActionRaise with amount 634
Gambler_s_Ruin folds
Gambler_s_Ruin awarded -20
UDF1 awarded 20

Round #35, UDF1 (-19303), Gambler_s_Ruin (19303)
UDF1 posts blind: 10
Gambler_s_Ruin posts blind: 20
UDF1 received [7h Js]
Gambler_s_Ruin received [7c 5c]
UDF1 folds
UDF1 awarded -10
Gambler_s_Ruin awarded 10

Round #36, Gambler_s_Ruin (19313), UDF1 (-19313)
Gambler_s_Ruin posts blind: 10
UDF1 posts blind: 20
Gambler_s_Ruin received [4s 3d]
UDF1 received [Qh Td]
Gambler_s_Ruin folds
Gambler_s_Ruin awarded -10
UDF1 awarded 10

Round #37, UDF1 (-19303), Gambler_s_Ruin (19303)
UDF1 posts blind: 10
Gambler_s_Ruin posts blind: 20
UDF1 received [8c 9s]
Gambler_s_Ruin received [5c 3h]
UDF1 folds
UDF1 awarded -10
Gambler_s_Ruin awarded 10

Round #38, Gambler_s_Ruin (19313), UDF1 (-19313)
Gambler_s_Ruin posts blind: 10
UDF1 posts blind: 20
Gambler_s_Ruin received [2d 3d]
UDF1 received [7h Ah]
Gambler_s_Ruin calls
UDF1 checks
Flop [Jc 8d 9s], Gambler_s_Ruin (20), UDF1 (20)
UDF1 bids 0
Gambler_s_Ruin bids 564
Gambler_s_Ruin won the auction and was revealed [7h]
Flop [Jc 8d 9s], Gambler_s_Ruin (20), UDF1 (20)
UDF1 bets 2591
Gambler_s_Ruin folds
Gambler_s_Ruin awarded -20
UDF1 awarded 20

Round #39, UDF1 (-19293), Gambler_s_Ruin (19293)
UDF1 posts blind: 10
Gambler_s_Ruin posts blind: 20
UDF1 received [9h Ac]
Gambler_s_Ruin received [9d 6c]
UDF1 folds
UDF1 awarded -10
Gambler_s_Ruin awarded 10

Round #40, Gambler_s_Ruin (19303), UDF1 (-19303)
Gambler_s_Ruin posts blind: 10
UDF1 posts blind: 20
Gambler_s_Ruin received [6d Qd]
UDF1 received [Tc 5s]
Gambler_s_Ruin calls
UDF1 checks
Flop [8d 8h 5c], Gambler_s_Ruin (20), UDF1 (20)
UDF1 bids 19
Gambler_s_Ruin bids 1353
Gambler_s_Ruin won the auction and was revealed [Tc]
Flop [8d 8h 5c], Gambler_s_Ruin (39), UDF1 (20)
UDF1 bets 2663
Gambler_s_Ruin folds
Gambler_s_Ruin awarded -39
UDF1 awarded 39

Round #41, UDF1 (-19264), Gambler_s_Ruin (19264)
UDF1 posts blind: 10
Gambler_s_Ruin posts blind: 20
UDF1 received [Ts Qd]
Gambler_s_Ruin received [6d Kh]
UDF1 folds
UDF1 awarded -10
Gambler_s_Ruin awarded 10

Round #42, Gambler_s_Ruin (19274), UDF1 (-19274)
Gambler_s_Ruin posts blind: 10
UDF1 posts blind: 20
Gambler_s_Ruin received [8c Jh]
UDF1 received [Jc 3d]
Gambler_s_Ruin calls
UDF1 checks
Flop [5c Kd Qc], Gambler_s_Ruin (20), UDF1 (20)
UDF1 bids 16
Gambler_s_Ruin bids 1335
Gambler_s_Ruin won the auction and was revealed [Jc]
Flop [5c Kd Qc], Gambler_s_Ruin (36), UDF1 (20)
UDF1 bets 2935
Gambler_s_Ruin folds
Gambler_s_Ruin awarded -36
UDF1 awarded 36

Round #43, UDF1 (-19238), Gambler_s_Ruin (19238)
UDF1 posts blind: 10
Gambler_s_Ruin posts blind: 20
UDF1 received [Kc 3s]
Gambler_s_Ruin received [8h 6c]
UDF1 calls
Gambler_s_Ruin checks
Flop [5h 3c Ad], UDF1 (20), Gambler_s_Ruin (20)
Gambler_s_Ruin bids 574
UDF1 bids 16
Gambler_s_Ruin won the auction and was revealed [Kc]
Flop [5h 3c Ad], UDF1 (20), Gambler_s_Ruin (36)
Gambler_s_Ruin checks
UDF1 bets 2885
Gambler_s_Ruin folds
UDF1 awarded 36
Gambler_s_Ruin awarded -36

Round #44, Gambler_s_Ruin (19202), UDF1 (-19202)
Gambler_s_Ruin posts blind: 10
UDF1 posts blind: 20
Gambler_s_Ruin received [5s 6h]
UDF1 received [7d Ks]
Gambler_s_Ruin folds
Gambler_s_Ruin awarded -10
UDF1 awarded 10

Round #45, UDF1 (-19192), Gambler_s_Ruin (19192)
UDF1 posts blind: 10
Gambler_s_Ruin posts blind: 20
UDF1 received [Qd 8s]
Gambler_s_Ruin received [7c 6c]
UDF1 calls
Gambler_s_Ruin checks
Flop [Jc Js 7s], UDF1 (20), Gambler_s_Ruin (20)
Gambler_s_Ruin bids 1295
UDF1 bids 17
Gambler_s_Ruin won the auction and was revealed [Qd]
Flop [Jc Js 7s], UDF1 (20), Gambler_s_Ruin (37)
Gambler_s_Ruin bets 37
UDF1 calls
Turn [Jc Js 7s Ad], UDF1 (57), Gambler_s_Ruin (74)
Gambler_s_Ruin bets 85
UDF1 calls
River [Jc Js 7s Ad Ts], UDF1 (142), Gambler_s_Ruin (159)
Gambler_s_Ruin bets 195
UDF1 folds
UDF1 awarded -142
Gambler_s_Ruin awarded 142

Round #46, Gambler_s_Ruin (19334), UDF1 (-19334)
Gambler_s_Ruin posts blind: 10
UDF1 posts blind: 20
Gambler_s_Ruin received [Kh 6d]
UDF1 received [Tc 6h]
Gambler_s_Ruin calls
UDF1 checks
Flop [Th 7h Ks], Gambler_s_Ruin (20), UDF1 (20)
UDF1 bids 21
Gambler_s_Ruin bids 1299
Gambler_s_Ruin won the auction and was revealed [Tc]
Flop [Th 7h Ks], Gambler_s_Ruin (41), UDF1 (20)
UDF1 bets 3138
Gambler_s_Ruin raises to 4959
UDF1 calls
Turn [Th 7h Ks 4c], Gambler_s_Ruin (5000), UDF1 (4979)
UDF1 checks
Gambler_s_Ruin checks
River [Th 7h Ks 4c 6s], Gambler_s_Ruin (5000), UDF1 (4979)
UDF1 checks
Gambler_s_Ruin checks
Gambler_s_Ruin shows [Kh 6d]
UDF1 shows [Tc 6h]
Gambler_s_Ruin awarded 4979
UDF1 awarded -4979

Round #47, UDF1 (-24313), Gambler_s_Ruin (24313)
UDF1 posts blind: 10
Gambler_s_Ruin posts blind: 20
UDF1 received [7s 4h]
Gambler_s_Ruin received [Td 5c]
UDF1 calls
Gambler_s_Ruin checks
Flop [9h 3s 4c], UDF1 (20), Gambler_s_Ruin (20)
Gambler_s_Ruin bids 582
UDF1 bids 18
Gambler_s_Ruin won the auction and was revealed [7s]
Flop [9h 3s 4c], UDF1 (20), Gambler_s_Ruin (38)
Gambler_s_Ruin checks
UDF1 bets 3228
Gambler_s_Ruin folds
UDF1 awarded 38
Gambler_s_Ruin awarded -38

Round #48, Gambler_s_Ruin (24275), UDF1 (-24275)
Gambler_s_Ruin posts blind: 10
UDF1 posts blind: 20
Gambler_s_Ruin received [7d 5h]
UDF1 received [6s 4d]
Gambler_s_Ruin folds
Gambler_s_Ruin awarded -10
UDF1 awarded 10

Round #49, UDF1 (-24265), Gambler_s_Ruin (24265)
UDF1 posts blind: 10
Gambler_s_Ruin posts blind: 20
UDF1 received [8s 9h]
Gambler_s_Ruin received [5c Kd]
UDF1 calls
Gambler_s_Ruin checks
Flop [7s 5h 2h], UDF1 (20), Gambler_s_Ruin (20)
Gambler_s_Ruin bids 1312
UDF1 bids 16
Gambler_s_Ruin won the auction and was revealed [8s]
Flop [7s 5h 2h], UDF1 (20), Gambler_s_Ruin (36)
Gambler_s_Ruin bets 50
UDF1 folds
UDF1 awarded -20
Gambler_s_Ruin awarded 20

Round #50, Gambler_s_Ruin (24285), UDF1 (-24285)
Gambler_s_Ruin posts blind: 10
UDF1 posts blind: 20
Gambler_s_Ruin received [4c 5s]
UDF1 received [6s Ts]
Gambler_s_Ruin folds
Gambler_s_Ruin awarded -10
UDF1 awarded 10

Round #51, UDF1 (-24275), Gambler_s_Ruin (24275)
UDF1 posts blind: 10
Gambler_s_Ruin posts blind: 20
UDF1 received [4h Td]
Gambler_s_Ruin received [Jc 5s]
UDF1 folds
UDF1 awarded -10
Gambler_s_Ruin awarded 10

Round #52, Gambler_s_Ruin (24285), UDF1 (-24285)
Gambler_s_Ruin posts blind: 10
UDF1 posts blind: 20
Gambler_s_Ruin received [7s 3s]
UDF1 received [6h Jc]
Gambler_s_Ruin calls
UDF1 checks
Flop [3h 5h Js], Gambler_s_Ruin (20), UDF1 (20)
UDF1 bids 16
Gambler_s_Ruin bids 1367
Gambler_s_Ruin won the auction and was revealed [Jc]
Flop [3h 5h Js], Gambler_s_Ruin (36), UDF1 (20)
UDF1 bets 3289
Gambler_s_Ruin folds
Gambler_s_Ruin awarded -36
UDF1 awarded 36

Round #53, UDF1 (-24249), Gambler_s_Ruin (24249)
UDF1 posts blind: 10
Gambler_s_Ruin posts blind: 20
UDF1 received [4h 6s]
Gambler_s_Ruin received [6c Td]
UDF1 calls
Gambler_s_Ruin checks
Flop [4c 2d As], UDF1 (20), Gambler_s_Ruin (20)
Gambler_s_Ruin bids 592
UDF1 bids 21
Gambler_s_Ruin won the auction and was revealed [4h]
Flop [4c 2d As], UDF1 (20), Gambler_s_Ruin (41)
Gambler_s_Ruin checks
UDF1 bets 3199
Gambler_s_Ruin folds
UDF1 awarded 41
Gambler_s_Ruin awarded -41

Round #54, Gambler_s_Ruin (24208), UDF1 (-24208)
Gambler_s_Ruin posts blind: 10
UDF1 posts blind: 20
Gambler_s_Ruin received [6d 6s]
UDF1 received [9s Jd]
Gambler_s_Ruin calls
UDF1 checks
Flop [Tc Qd 9h], Gambler_s_Ruin (20), UDF1 (20)
UDF1 bids 16
Gambler_s_Ruin bids 1377
Gambler_s_Ruin won the auction and was revealed [Jd]
Flop [Tc Qd 9h], Gambler_s_Ruin (36), UDF1 (20)
UDF1 bets 2865
Gambler_s_Ruin folds
Gambler_s_Ruin awarded -36
UDF1 awarded 36

Round #55, UDF1 (-24172), Gambler_s_Ruin (24172)
UDF1 posts blind: 10
Gambler_s_Ruin posts blind: 20
UDF1 received [Jc Td]
Gambler_s_Ruin received [4h 7d]
UDF1 calls
Gambler_s_Ruin checks
Flop [Qd As Jd], UDF1 (20), Gambler_s_Ruin (20)
Gambler_s_Ruin bids 595
UDF1 bids 21
Gambler_s_Ruin won the auction and was revealed [Jc]
Flop [Qd As Jd], UDF1 (20), Gambler_s_Ruin (41)
Gambler_s_Ruin checks
UDF1 bets 3183
Gambler_s_Ruin folds
UDF1 awarded 41
Gambler_s_Ruin awarded -41

Round #56, Gambler_s_Ruin (24131), UDF1 (-24131)
Gambler_s_Ruin posts blind: 10
UDF1 posts blind: 20
Gambler_s_Ruin received [9d Kd]
UDF1 received [5h Ac]
Gambler_s_Ruin calls
UDF1 checks
Flop [4h 5c Jc], Gambler_s_Ruin (20), UDF1 (20)
UDF1 bids 18
Gambler_s_Ruin bids 1338
Gambler_s_Ruin won the auction and was revealed [Ac]
Flop [4h 5c Jc], Gambler_s_Ruin (38), UDF1 (20)
UDF1 bets 3207
Gambler_s_Ruin folds
Gambler_s_Ruin awarded -38
UDF1 awarded 38

Round #57, UDF1 (-24093), Gambler_s_Ruin (24093)
UDF1 posts blind: 10
Gambler_s_Ruin posts blind: 20
UDF1 received [7c Ts]
Gambler_s_Ruin received [Jd Kd]
UDF1 folds
UDF1 awarded -10
Gambler_s_Ruin awarded 10

Round #58, Gambler_s_Ruin (24103), UDF1 (-24103)
Gambler_s_Ruin posts blind: 10
UDF1 posts blind: 20
Gambler_s_Ruin received [Tc 2c]
UDF1 received [5h 3c]
Gambler_s_Ruin calls
UDF1 checks
Flop [Qd 3d 5c], Gambler_s_Ruin (20), UDF1 (20)
UDF1 bids 16
Gambler_s_Ruin bids 600
Gambler_s_Ruin won the auction and was revealed [3c]
Flop [Qd 3d 5c], Gambler_s_Ruin (36), UDF1 (20)
UDF1 bets 3092
Gambler_s_Ruin folds
Gambler_s_Ruin awarded -36
UDF1 awarded 36

Round #59, UDF1 (-24067), Gambler_s_Ruin (24067)
UDF1 posts blind: 10
Gambler_s_Ruin posts blind: 20
UDF1 received [Kd 6c]
Gambler_s_Ruin received [2c 3d]
UDF1 calls
Gambler_s_Ruin checks
Flop [7h 5d 2d], UDF1 (20), Gambler_s_Ruin (20)
Gambler_s_Ruin bids 1354
UDF1 bids 16
Gambler_s_Ruin won the auction and was revealed [Kd]
Flop [7h 5d 2d], UDF1 (20), Gambler_s_Ruin (36)
Gambler_s_Ruin checks
UDF1 bets 2693
Gambler_s_Ruin folds
UDF1 awarded 36
Gambler_s_Ruin awarded -36

Round #60, Gambler_s_Ruin (24031), UDF1 (-24031)
Gambler_s_Ruin posts blind: 10
UDF1 posts blind: 20
Gambler_s_Ruin received [9h 9c]
UDF1 received [Qc Ah]
Gambler_s_Ruin raises to 60
UDF1 raises to 3651
Gambler_s_Ruin raises to 5000
UDF1 calls
Flop [8s Jd 6h], Gambler_s_Ruin (5000), UDF1 (5000)
UDF1 bids 0
Gambler_s_Ruin bids 0
Gambler_s_Ruin won the auction and was revealed [Ah]
UDF1 won the auction and was revealed [9h]
Flop [8s Jd 6h], Gambler_s_Ruin (5000), UDF1 (5000)
UDF1 checks
Gambler_s_Ruin checks
Turn [8s Jd 6h Ad], Gambler_s_Ruin (5000), UDF1 (5000)
UDF1 checks
Gambler_s_Ruin checks
River [8s Jd 6h Ad 3c], Gambler_s_Ruin (5000), UDF1 (5000)
UDF1 checks
Gambler_s_Ruin checks
Gambler_s_Ruin shows [9h 9c]
UDF1 shows [Qc Ah]
Gambler_s_Ruin awarded -5000
UDF1 awarded 5000

Round #61, UDF1 (-19031), Gambler_s_Ruin (19031)
UDF1 posts blind: 10
Gambler_s_Ruin posts blind: 20
UDF1 received [5d 4h]
Gambler_s_Ruin received [Td 5c]
UDF1 raises to 337
Gambler_s_Ruin folds
UDF1 awarded 20
Gambler_s_Ruin awarded -20

Round #62, Gambler_s_Ruin (19011), UDF1 (-19011)
Gambler_s_Ruin posts blind: 10
UDF1 posts blind: 20
Gambler_s_Ruin received [5d 9s]
UDF1 received [7s Js]
Gambler_s_Ruin calls
UDF1 raises to 337
Gambler_s_Ruin folds
Gambler_s_Ruin awarded -20
UDF1 awarded 20

Round #63, UDF1 (-18991), Gambler_s_Ruin (18991)
UDF1 posts blind: 10
Gambler_s_Ruin posts blind: 20
UDF1 received [Qd 4h]
Gambler_s_Ruin received [9d 5d]
UDF1 folds
UDF1 awarded -10
Gambler_s_Ruin awarded 10

Round #64, Gambler_s_Ruin (19001), UDF1 (-19001)
Gambler_s_Ruin posts blind: 10
UDF1 posts blind: 20
Gambler_s_Ruin received [2s Td]
UDF1 received [8d Tc]
Gambler_s_Ruin calls
UDF1 checks
Flop [4d 3d 9h], Gambler_s_Ruin (20), UDF1 (20)
UDF1 bids 16
Gambler_s_Ruin bids 609
Gambler_s_Ruin won the auction and was revealed [Tc]
Flop [4d 3d 9h], Gambler_s_Ruin (36), UDF1 (20)
UDF1 bets 2632
Gambler_s_Ruin folds
Gambler_s_Ruin awarded -36
UDF1 awarded 36

Round #65, UDF1 (-18965), Gambler_s_Ruin (18965)
UDF1 posts blind: 10
Gambler_s_Ruin posts blind: 20
UDF1 received [2s Qd]
Gambler_s_Ruin received [Kc 6s]
UDF1 raises to 337
Gambler_s_Ruin folds
UDF1 awarded 20
Gambler_s_Ruin awarded -20

Round #66, Gambler_s_Ruin (18945), UDF1 (-18945)
Gambler_s_Ruin posts blind: 10
UDF1 posts blind: 20
Gambler_s_Ruin received [Jd Qs]
UDF1 received [5h 9h]
Gambler_s_Ruin calls
UDF1 checks
Flop [3d Jh 6d], Gambler_s_Ruin (20), UDF1 (20)
UDF1 bids 16
Gambler_s_Ruin bids 1371
Gambler_s_Ruin won the auction and was revealed [5h]
Flop [3d Jh 6d], Gambler_s_Ruin (36), UDF1 (20)
UDF1 bets 2497
Gambler_s_Ruin raises to 4964
UDF1 calls
Turn [3d Jh 6d Ad], Gambler_s_Ruin (5000), UDF1 (4984)
UDF1 checks
Gambler_s_Ruin checks
River [3d Jh 6d Ad 7h], Gambler_s_Ruin (5000), UDF1 (4984)
UDF1 checks
Gambler_s_Ruin checks
Gambler_s_Ruin shows [Jd Qs]
UDF1 shows [5h 9h]
Gambler_s_Ruin awarded 4984
UDF1 awarded -4984

Round #67, UDF1 (-23929), Gambler_s_Ruin (23929)
UDF1 posts blind: 10
Gambler_s_Ruin posts blind: 20
UDF1 received [Js 6s]
Gambler_s_Ruin received [7s 9h]
UDF1 calls
Gambler_s_Ruin checks
Flop [2h Ac Ad], UDF1 (20), Gambler_s_Ruin (20)
Gambler_s_Ruin bids 613
UDF1 bids 17
Gambler_s_Ruin won the auction and was revealed [6s]
Flop [2h Ac Ad], UDF1 (20), Gambler_s_Ruin (37)
Gambler_s_Ruin bets 56
UDF1 calls
Turn [2h Ac Ad 4d], UDF1 (76), Gambler_s_Ruin (93)
Gambler_s_Ruin checks
UDF1 bets 1997
Gambler_s_Ruin folds
UDF1 awarded 93
Gambler_s_Ruin awarded -93

Round #68, Gambler_s_Ruin (23836), UDF1 (-23836)
Gambler_s_Ruin posts blind: 10
UDF1 posts blind: 20
Gambler_s_Ruin received [2c 2h]
UDF1 received [2d Tc]
Gambler_s_Ruin calls
UDF1 checks
Flop [Jd 3s Kh], Gambler_s_Ruin (20), UDF1 (20)
UDF1 bids 16
Gambler_s_Ruin bids 1391
Gambler_s_Ruin won the auction and was revealed [2d]
Flop [Jd 3s Kh], Gambler_s_Ruin (36), UDF1 (20)
UDF1 bets 2818
Gambler_s_Ruin raises to 4964
UDF1 calls
Turn [Jd 3s Kh Qd], Gambler_s_Ruin (5000), UDF1 (4984)
UDF1 checks
Gambler_s_Ruin checks
River [Jd 3s Kh Qd 4d], Gambler_s_Ruin (5000), UDF1 (4984)
UDF1 checks
Gambler_s_Ruin checks
Gambler_s_Ruin shows [2c 2h]
UDF1 shows [2d Tc]
Gambler_s_Ruin awarded 4984
UDF1 awarded -4984

Round #69, UDF1 (-28820), Gambler_s_Ruin (28820)
UDF1 posts blind: 10
Gambler_s_Ruin posts blind: 20
UDF1 received [Ad 2h]
Gambler_s_Ruin received [4c 4s]
UDF1 calls
Gambler_s_Ruin raises to 80
UDF1 calls
Flop [Ah Js 7c], UDF1 (80), Gambler_s_Ruin (80)
Gambler_s_Ruin bids 1380
UDF1 bids 32
Gambler_s_Ruin won the auction and was revealed [Ad]
Flop [Ah Js 7c], UDF1 (80), Gambler_s_Ruin (112)
Gambler_s_Ruin checks
UDF1 bets 3081
Gambler_s_Ruin folds
UDF1 awarded 112
Gambler_s_Ruin awarded -112

Round #70, Gambler_s_Ruin (28708), UDF1 (-28708)
Gambler_s_Ruin posts blind: 10
UDF1 posts blind: 20
Gambler_s_Ruin received [Jc 6s]
UDF1 received [3d Qs]
Gambler_s_Ruin calls
UDF1 checks
Flop [7s Qc 4c], Gambler_s_Ruin (20), UDF1 (20)
UDF1 bids 16
Gambler_s_Ruin bids 617
Gambler_s_Ruin won the auction and was revealed [Qs]
Flop [7s Qc 4c], Gambler_s_Ruin (36), UDF1 (20)
UDF1 bets 3163
Gambler_s_Ruin folds
Gambler_s_Ruin awarded -36
UDF1 awarded 36

Round #71, UDF1 (-28672), Gambler_s_Ruin (28672)
UDF1 posts blind: 10
Gambler_s_Ruin posts blind: 20
UDF1 received [As 2h]
Gambler_s_Ruin received [2s Kd]
UDF1 raises to 337
Gambler_s_Ruin folds
UDF1 awarded 20
Gambler_s_Ruin awarded -20

Round #72, Gambler_s_Ruin (28652), UDF1 (-28652)
Gambler_s_Ruin posts blind: 10
UDF1 posts blind: 20
Gambler_s_Ruin received [3c 5c]
UDF1 received [7c Qh]
Gambler_s_Ruin calls
UDF1 checks
Flop [4d Qd 6s], Gambler_s_Ruin (20), UDF1 (20)
UDF1 bids 16
Gambler_s_Ruin bids 1389
Gambler_s_Ruin won the auction and was revealed [7c]
Flop [4d Qd 6s], Gambler_s_Ruin (36), UDF1 (20)
UDF1 bets 3585
Gambler_s_Ruin folds
Gambler_s_Ruin awarded -36
UDF1 awarded 36

Round #73, UDF1 (-28616), Gambler_s_Ruin (28616)
UDF1 posts blind: 10
Gambler_s_Ruin posts blind: 20
UDF1 received [Kc 7c]
Gambler_s_Ruin received [Ah Qd]
UDF1 folds
UDF1 awarded -10
Gambler_s_Ruin awarded 10

Round #74, Gambler_s_Ruin (28626), UDF1 (-28626)
Gambler_s_Ruin posts blind: 10
UDF1 posts blind: 20
Gambler_s_Ruin received [7s Tc]
UDF1 received [2d 8s]
Gambler_s_Ruin calls
UDF1 checks
Flop [8h Js Qc], Gambler_s_Ruin (20), UDF1 (20)
UDF1 bids 16
Gambler_s_Ruin bids 1395
Gambler_s_Ruin won the auction and was revealed [2d]
Flop [8h Js Qc], Gambler_s_Ruin (36), UDF1 (20)
UDF1 bets 2984
Gambler_s_Ruin raises to 4964
UDF1 calls
Turn [8h Js Qc 6h], Gambler_s_Ruin (5000), UDF1 (4984)
UDF1 checks
Gambler_s_Ruin checks
River [8h Js Qc 6h 5d], Gambler_s_Ruin (5000), UDF1 (4984)
UDF1 checks
Gambler_s_Ruin checks
Gambler_s_Ruin shows [7s Tc]
UDF1 shows [2d 8s]
Gambler_s_Ruin awarded -5000
UDF1 awarded 5000

Round #75, UDF1 (-23626), Gambler_s_Ruin (23626)
UDF1 posts blind: 10
Gambler_s_Ruin posts blind: 20
UDF1 received [Kd Tc]
Gambler_s_Ruin received [9h 2s]
UDF1 calls
Gambler_s_Ruin checks
Flop [3s 9c Jc], UDF1 (20), Gambler_s_Ruin (20)
Gambler_s_Ruin bids 1397
UDF1 bids 21
Gambler_s_Ruin won the auction and was revealed [Kd]
Flop [3s 9c Jc], UDF1 (20), Gambler_s_Ruin (41)
Gambler_s_Ruin bets 39
UDF1 calls
Turn [3s 9c Jc 7c], UDF1 (59), Gambler_s_Ruin (80)
Gambler_s_Ruin bets 90
UDF1 calls
River [3s 9c Jc 7c 4d], UDF1 (149), Gambler_s_Ruin (170)
Gambler_s_Ruin bets 207
UDF1 folds
UDF1 awarded -149
Gambler_s_Ruin awarded 149

Round #76, Gambler_s_Ruin (23775), UDF1 (-23775)
Gambler_s_Ruin posts blind: 10
UDF1 posts blind: 20
Gambler_s_Ruin received [4d Qs]
UDF1 received [Kd Jc]
Gambler_s_Ruin calls
UDF1 raises to 1541
Gambler_s_Ruin folds
Gambler_s_Ruin awarded -20
UDF1 awarded 20

Round #77, UDF1 (-23755), Gambler_s_Ruin (23755)
UDF1 posts blind: 10
Gambler_s_Ruin posts blind: 20
UDF1 received [As Kh]
Gambler_s_Ruin received [7c 5d]
UDF1 raises to 4490
Gambler_s_Ruin folds
UDF1 awarded 20
Gambler_s_Ruin awarded -20

Round #78, Gambler_s_Ruin (23735), UDF1 (-23735)
Gambler_s_Ruin posts blind: 10
UDF1 posts blind: 20
Gambler_s_Ruin received [5s Ac]
UDF1 received [8h Ad]
Gambler_s_Ruin calls
UDF1 checks
Flop [6s Jh 3s], Gambler_s_Ruin (20), UDF1 (20)
UDF1 bids 16
Gambler_s_Ruin bids 1406
Gambler_s_Ruin won the auction and was revealed [8h]
Flop [6s Jh 3s], Gambler_s_Ruin (36), UDF1 (20)
UDF1 bets 2874
Gambler_s_Ruin raises to 4964
UDF1 calls
Turn [6s Jh 3s 5c], Gambler_s_Ruin (5000), UDF1 (4984)
UDF1 checks
Gambler_s_Ruin checks
River [6s Jh 3s 5c Jd], Gambler_s_Ruin (5000), UDF1 (4984)
UDF1 checks
Gambler_s_Ruin checks
Gambler_s_Ruin shows [5s Ac]
UDF1 shows [8h Ad]
Gambler_s_Ruin awarded 4984
UDF1 awarded -4984

Round #79, UDF1 (-28719), Gambler_s_Ruin (28719)
UDF1 posts blind: 10
Gambler_s_Ruin posts blind: 20
UDF1 received [Kh 3s]
Gambler_s_Ruin received [9s 6d]
UDF1 folds
UDF1 awarded -10
Gambler_s_Ruin awarded 10

Round #80, Gambler_s_Ruin (28729), UDF1 (-28729)
Gambler_s_Ruin posts blind: 10
UDF1 posts blind: 20
Gambler_s_Ruin received [Jd 6h]
UDF1 received [Qh Kc]
Gambler_s_Ruin calls
UDF1 checks
Flop [Ks 9s Ah], Gambler_s_Ruin (20), UDF1 (20)
UDF1 bids 16
Gambler_s_Ruin bids 630
Gambler_s_Ruin won the auction and was revealed [Kc]
Flop [Ks 9s Ah], Gambler_s_Ruin (36), UDF1 (20)
UDF1 bets 3468
Gambler_s_Ruin folds
Gambler_s_Ruin awarded -36
UDF1 awarded 36

Round #81, UDF1 (-28693), Gambler_s_Ruin (28693)
UDF1 posts blind: 10
Gambler_s_Ruin posts blind: 20
UDF1 received [7d 8d]
Gambler_s_Ruin received [Ah Ac]
UDF1 calls
Gambler_s_Ruin raises to 60
UDF1 calls
Flop [Ks Qc 9c], UDF1 (60), Gambler_s_Ruin (60)
Gambler_s_Ruin bids 1421
UDF1 bids 28
Gambler_s_Ruin won the auction and was revealed [8d]
Flop [Ks Qc 9c], UDF1 (60), Gambler_s_Ruin (88)
Gambler_s_Ruin bets 132
UDF1 folds
UDF1 awarded -60
Gambler_s_Ruin awarded 60

Round #82, Gambler_s_Ruin (28753), UDF1 (-28753)
Gambler_s_Ruin posts blind: 10
UDF1 posts blind: 20
Gambler_s_Ruin received [Th 5s]
UDF1 received [9d 4h]
Gambler_s_Ruin calls
UDF1 checks
Flop [Ks 5d 8c], Gambler_s_Ruin (20), UDF1 (20)
UDF1 bids 19
Gambler_s_Ruin bids 1431
Gambler_s_Ruin won the auction and was revealed [9d]
Flop [Ks 5d 8c], Gambler_s_Ruin (39), UDF1 (20)
UDF1 bets 2600
Gambler_s_Ruin raises to 4961
UDF1 folds
Gambler_s_Ruin awarded 2620
UDF1 awarded -2620

Round #83, UDF1 (-31373), Gambler_s_Ruin (31373)
UDF1 posts blind: 10
Gambler_s_Ruin posts blind: 20
UDF1 received [Kd 7h]
Gambler_s_Ruin received [6h Kh]
UDF1 calls
Gambler_s_Ruin raises to 80
UDF1 folds
UDF1 awarded -20
Gambler_s_Ruin awarded 20

Round #84, Gambler_s_Ruin (31393), UDF1 (-31393)
Gambler_s_Ruin posts blind: 10
UDF1 posts blind: 20
Gambler_s_Ruin received [Td 6c]
UDF1 received [3h Ks]
Gambler_s_Ruin calls
UDF1 checks
Flop [3d Th 6h], Gambler_s_Ruin (20), UDF1 (20)
UDF1 bids 17
Gambler_s_Ruin bids 1447
Gambler_s_Ruin won the auction and was revealed [Ks]
Flop [3d Th 6h], Gambler_s_Ruin (37), UDF1 (20)
UDF1 bets 2731
Gambler_s_Ruin raises to 4963
UDF1 calls
Turn [3d Th 6h Jc], Gambler_s_Ruin (5000), UDF1 (4983)
UDF1 checks
Gambler_s_Ruin checks
River [3d Th 6h Jc 4d], Gambler_s_Ruin (5000), UDF1 (4983)
UDF1 checks
Gambler_s_Ruin checks
Gambler_s_Ruin shows [Td 6c]
UDF1 shows [3h Ks]
Gambler_s_Ruin awarded 4983
UDF1 awarded -4983

Round #85, UDF1 (-36376), Gambler_s_Ruin (36376)
UDF1 posts blind: 10
Gambler_s_Ruin posts blind: 20
UDF1 received [Kc As]
Gambler_s_Ruin received [Qd 6d]
UDF1 raises to 4569
Gambler_s_Ruin folds
UDF1 awarded 20
Gambler_s_Ruin awarded -20

Round #86, Gambler_s_Ruin (36356), UDF1 (-36356)
Gambler_s_Ruin posts blind: 10
UDF1 posts blind: 20
Gambler_s_Ruin received [Kh Ks]
UDF1 received [Th 9h]
Gambler_s_Ruin raises to 60
UDF1 raises to 1431
Gambler_s_Ruin raises to 4113
UDF1 folds
Gambler_s_Ruin awarded 1431
UDF1 awarded -1431

Round #87, UDF1 (-37787), Gambler_s_Ruin (37787)
UDF1 posts blind: 10
Gambler_s_Ruin posts blind: 20
UDF1 received [Js 8s]
Gambler_s_Ruin received [9c Th]
UDF1 calls
Gambler_s_Ruin raises to 80
UDF1 folds
UDF1 awarded -20
Gambler_s_Ruin awarded 20

Round #88, Gambler_s_Ruin (37807), UDF1 (-37807)
Gambler_s_Ruin posts blind: 10
UDF1 posts blind: 20
Gambler_s_Ruin received [7s Js]
UDF1 received [Jd 8d]
Gambler_s_Ruin calls
UDF1 checks
Flop [Qs 4h 2c], Gambler_s_Ruin (20), UDF1 (20)
UDF1 bids 16
Gambler_s_Ruin bids 1286
Gambler_s_Ruin won the auction and was revealed [8d]
Flop [Qs 4h 2c], Gambler_s_Ruin (36), UDF1 (20)
UDF1 bets 2474
Gambler_s_Ruin raises to 4948
UDF1 calls
Turn [Qs 4h 2c Qh], Gambler_s_Ruin (4984), UDF1 (4968)
UDF1 bets 16
Gambler_s_Ruin calls
River [Qs 4h 2c Qh Tc], Gambler_s_Ruin (5000), UDF1 (4984)
UDF1 checks
Gambler_s_Ruin checks
Gambler_s_Ruin shows [7s Js]
UDF1 shows [Jd 8d]
Gambler_s_Ruin awarded -5000
UDF1 awarded 5000

Round #89, UDF1 (-32807), Gambler_s_Ruin (32807)
UDF1 posts blind: 10
Gambler_s_Ruin posts blind: 20
UDF1 received [4c 6d]
Gambler_s_Ruin received [Ad Jd]
UDF1 folds
UDF1 awarded -10
Gambler_s_Ruin awarded 10

Round #90, Gambler_s_Ruin (32817), UDF1 (-32817)
Gambler_s_Ruin posts blind: 10
UDF1 posts blind: 20
Gambler_s_Ruin received [8s 4c]
UDF1 received [Ad 3s]
Gambler_s_Ruin calls
UDF1 checks
Flop [Ac 8h 6h], Gambler_s_Ruin (20), UDF1 (20)
UDF1 bids 16
Gambler_s_Ruin bids 1489
Gambler_s_Ruin won the auction and was revealed [3s]
Flop [Ac 8h 6h], Gambler_s_Ruin (36), UDF1 (20)
UDF1 bets 3015
Gambler_s_Ruin raises to 4964
UDF1 calls
Turn [Ac 8h 6h Ks], Gambler_s_Ruin (5000), UDF1 (4984)
UDF1 checks
Gambler_s_Ruin checks
River [Ac 8h 6h Ks 4h], Gambler_s_Ruin (5000), UDF1 (4984)
UDF1 checks
Gambler_s_Ruin checks
Gambler_s_Ruin shows [8s 4c]
UDF1 shows [Ad 3s]
Gambler_s_Ruin awarded 4984
UDF1 awarded -4984

Round #91, UDF1 (-37801), Gambler_s_Ruin (37801)
UDF1 posts blind: 10
Gambler_s_Ruin posts blind: 20
UDF1 received [3d Kc]
Gambler_s_Ruin received [3h Qh]
UDF1 calls
Gambler_s_Ruin raises to 80
UDF1 folds
UDF1 awarded -20
Gambler_s_Ruin awarded 20

Round #92, Gambler_s_Ruin (37821), UDF1 (-37821)
Gambler_s_Ruin posts blind: 10
UDF1 posts blind: 20
Gambler_s_Ruin received [Ac 2d]
UDF1 received [7c 4s]
Gambler_s_Ruin calls
UDF1 checks
Flop [Ad Qd 4h], Gambler_s_Ruin (20), UDF1 (20)
UDF1 bids 16
Gambler_s_Ruin bids 1502
Gambler_s_Ruin won the auction and was revealed [4s]
Flop [Ad Qd 4h], Gambler_s_Ruin (36), UDF1 (20)
UDF1 bets 3153
Gambler_s_Ruin raises to 4964
UDF1 calls
Turn [Ad Qd 4h Td], Gambler_s_Ruin (5000), UDF1 (4984)
UDF1 checks
Gambler_s_Ruin checks
River [Ad Qd 4h Td Qs], Gambler_s_Ruin (5000), UDF1 (4984)
UDF1 checks
Gambler_s_Ruin checks
Gambler_s_Ruin shows [Ac 2d]
UDF1 shows [7c 4s]
Gambler_s_Ruin awarded 4984
UDF1 awarded -4984

Round #93, UDF1 (-42805), Gambler_s_Ruin (42805)
UDF1 posts blind: 10
Gambler_s_Ruin posts blind: 20
UDF1 received [Kd Qh]
Gambler_s_Ruin received [2d 9d]
UDF1 raises to 3623
Gambler_s_Ruin folds
UDF1 awarded 20
Gambler_s_Ruin awarded -20

Round #94, Gambler_s_Ruin (42785), UDF1 (-42785)
Gambler_s_Ruin posts blind: 10
UDF1 posts blind: 20
Gambler_s_Ruin received [7d Ad]
UDF1 received [Ac Td]
Gambler_s_Ruin calls
UDF1 checks
Flop [3c 9h 6s], Gambler_s_Ruin (20), UDF1 (20)
UDF1 bids 16
Gambler_s_Ruin bids 1514
Gambler_s_Ruin won the auction and was revealed [Td]
Flop [3c 9h 6s], Gambler_s_Ruin (36), UDF1 (20)
UDF1 bets 2735
Gambler_s_Ruin folds
Gambler_s_Ruin awarded -36
UDF1 awarded 36

Round #95, UDF1 (-42749), Gambler_s_Ruin (42749)
UDF1 posts blind: 10
Gambler_s_Ruin posts blind: 20
UDF1 received [Ad Qh]
Gambler_s_Ruin received [Ts Jc]
UDF1 raises to 3791
Gambler_s_Ruin folds
UDF1 awarded 20
Gambler_s_Ruin awarded -20

Round #96, Gambler_s_Ruin (42729), UDF1 (-42729)
Gambler_s_Ruin posts blind: 10
UDF1 posts blind: 20
Gambler_s_Ruin received [4s Tc]
UDF1 received [Qh Ac]
Gambler_s_Ruin calls
UDF1 raises to 3593
Gambler_s_Ruin folds
Gambler_s_Ruin awarded -20
UDF1 awarded 20

Round #97, UDF1 (-42709), Gambler_s_Ruin (42709)
UDF1 posts blind: 10
Gambler_s_Ruin posts blind: 20
UDF1 received [4d Jc]
Gambler_s_Ruin received [7d 8h]
UDF1 raises to 337
Gambler_s_Ruin folds
UDF1 awarded 20
Gambler_s_Ruin awarded -20

Round #98, Gambler_s_Ruin (42689), UDF1 (-42689)
Gambler_s_Ruin posts blind: 10
UDF1 posts blind: 20
Gambler_s_Ruin received [7h 4s]
UDF1 received [4d Tc]
Gambler_s_Ruin folds
Gambler_s_Ruin awarded -10
UDF1 awarded 10

Round #99, UDF1 (-42679), Gambler_s_Ruin (42679)
UDF1 posts blind: 10
Gambler_s_Ruin posts blind: 20
UDF1 received [Kd 5d]
Gambler_s_Ruin received [5h 4h]
UDF1 raises to 337
Gambler_s_Ruin folds
UDF1 awarded 20
Gambler_s_Ruin awarded -20

Round #100, Gambler_s_Ruin (42659), UDF1 (-42659)
Gambler_s_Ruin posts blind: 10
UDF1 posts blind: 20
Gambler_s_Ruin received [Jd Ts]
UDF1 received [4s 6h]
Gambler_s_Ruin calls
UDF1 checks
Flop [6c Kc Kd], Gambler_s_Ruin (20), UDF1 (20)
UDF1 bids 16
Gambler_s_Ruin bids 1550
Gambler_s_Ruin won the auction and was revealed [4s]
Flop [6c Kc Kd], Gambler_s_Ruin (36), UDF1 (20)
UDF1 bets 3004
Gambler_s_Ruin raises to 4964
UDF1 calls
Turn [6c Kc Kd Ad], Gambler_s_Ruin (5000), UDF1 (4984)
UDF1 checks
Gambler_s_Ruin checks
River [6c Kc Kd Ad 6s], Gambler_s_Ruin (5000), UDF1 (4984)
UDF1 checks
Gambler_s_Ruin checks
Gambler_s_Ruin shows [Jd Ts]
UDF1 shows [4s 6h]
Gambler_s_Ruin awarded -5000
UDF1 awarded 5000

Round #101, UDF1 (-37659), Gambler_s_Ruin (37659)
UDF1 posts blind: 10
Gambler_s_Ruin posts blind: 20
UDF1 received [Qs 6c]
Gambler_s_Ruin received [Ad Ts]
UDF1 folds
UDF1 awarded -10
Gambler_s_Ruin awarded 10

Round #102, Gambler_s_Ruin (37669), UDF1 (-37669)
Gambler_s_Ruin posts blind: 10
UDF1 posts blind: 20
Gambler_s_Ruin received [5h 7h]
UDF1 received [3c Tc]
Gambler_s_Ruin calls
UDF1 raises to 337
Gambler_s_Ruin folds
Gambler_s_Ruin awarded -20
UDF1 awarded 20

Round #103, UDF1 (-37649), Gambler_s_Ruin (37649)
UDF1 posts blind: 10
Gambler_s_Ruin posts blind: 20
UDF1 received [Jh Th]
Gambler_s_Ruin received [8h 4d]
UDF1 calls
Gambler_s_Ruin checks
Flop [7s Ac 2h], UDF1 (20), Gambler_s_Ruin (20)
Gambler_s_Ruin bids 699
UDF1 bids 16
Gambler_s_Ruin won the auction and was revealed [Jh]
Flop [7s Ac 2h], UDF1 (20), Gambler_s_Ruin (36)
Gambler_s_Ruin checks
UDF1 bets 2667
Gambler_s_Ruin folds
UDF1 awarded 36
Gambler_s_Ruin awarded -36

Round #104, Gambler_s_Ruin (37613), UDF1 (-37613)
Gambler_s_Ruin posts blind: 10
UDF1 posts blind: 20
Gambler_s_Ruin received [7h Kh]
UDF1 received [Qd Qs]
Gambler_s_Ruin calls
UDF1 raises to 4691
Gambler_s_Ruin folds
Gambler_s_Ruin awarded -20
UDF1 awarded 20

Round #105, UDF1 (-37593), Gambler_s_Ruin (37593)
UDF1 posts blind: 10
Gambler_s_Ruin posts blind: 20
UDF1 received [Jc 5s]
Gambler_s_Ruin received [9d Kh]
UDF1 calls
Gambler_s_Ruin raises to 80
UDF1 folds
UDF1 awarded -20
Gambler_s_Ruin awarded 20

Round #106, Gambler_s_Ruin (37613), UDF1 (-37613)
Gambler_s_Ruin posts blind: 10
UDF1 posts blind: 20
Gambler_s_Ruin received [6d 6c]
UDF1 received [8d Ac]
Gambler_s_Ruin calls
UDF1 raises to 337
Gambler_s_Ruin attempted illegal ActionRaise with amount 634
Gambler_s_Ruin folds
Gambler_s_Ruin awarded -20
UDF1 awarded 20

Round #107, UDF1 (-37593), Gambler_s_Ruin (37593)
UDF1 posts blind: 10
Gambler_s_Ruin posts blind: 20
UDF1 received [Qs 3s]
Gambler_s_Ruin received [Qc Ad]
UDF1 folds
UDF1 awarded -10
Gambler_s_Ruin awarded 10

Round #108, Gambler_s_Ruin (37603), UDF1 (-37603)
Gambler_s_Ruin posts blind: 10
UDF1 posts blind: 20
Gambler_s_Ruin received [6d 6c]
UDF1 received [Th 4c]
Gambler_s_Ruin calls
UDF1 checks
Flop [9d 3d Jc], Gambler_s_Ruin (20), UDF1 (20)
UDF1 bids 16
Gambler_s_Ruin bids 1595
Gambler_s_Ruin won the auction and was revealed [Th]
Flop [9d 3d Jc], Gambler_s_Ruin (36), UDF1 (20)
UDF1 bets 2581
Gambler_s_Ruin folds
Gambler_s_Ruin awarded -36
UDF1 awarded 36

Round #109, UDF1 (-37567), Gambler_s_Ruin (37567)
UDF1 posts blind: 10
Gambler_s_Ruin posts blind: 20
UDF1 received [Kc 6h]
Gambler_s_Ruin received [5s 8s]
UDF1 calls
Gambler_s_Ruin checks
Flop [4s 2c 8c], UDF1 (20), Gambler_s_Ruin (20)
Gambler_s_Ruin bids 1601
UDF1 bids 16
Gambler_s_Ruin won the auction and was revealed [Kc]
Flop [4s 2c 8c], UDF1 (20), Gambler_s_Ruin (36)
Gambler_s_Ruin bets 36
UDF1 calls
Turn [4s 2c 8c 9h], UDF1 (56), Gambler_s_Ruin (72)
Gambler_s_Ruin bets 83
UDF1 folds
UDF1 awarded -56
Gambler_s_Ruin awarded 56

Round #110, Gambler_s_Ruin (37623), UDF1 (-37623)
Gambler_s_Ruin posts blind: 10
UDF1 posts blind: 20
Gambler_s_Ruin received [Ks Kc]
UDF1 received [3d Ad]
Gambler_s_Ruin raises to 60
UDF1 folds
Gambler_s_Ruin awarded 20
UDF1 awarded -20

Round #111, UDF1 (-37643), Gambler_s_Ruin (37643)
UDF1 posts blind: 10
Gambler_s_Ruin posts blind: 20
UDF1 received [5d 5c]
Gambler_s_Ruin received [Jc 3h]
UDF1 calls
Gambler_s_Ruin checks
Flop [8h Ad Jh], UDF1 (20), Gambler_s_Ruin (20)
Gambler_s_Ruin bids 1612
UDF1 bids 18
Gambler_s_Ruin won the auction and was revealed [5c]
Flop [8h Ad Jh], UDF1 (20), Gambler_s_Ruin (38)
Gambler_s_Ruin bets 60
UDF1 calls
Turn [8h Ad Jh 6s], UDF1 (80), Gambler_s_Ruin (98)
Gambler_s_Ruin bets 185
UDF1 calls
River [8h Ad Jh 6s As], UDF1 (265), Gambler_s_Ruin (283)
Gambler_s_Ruin bets 569
UDF1 raises to 3015
Gambler_s_Ruin raises to 4717
UDF1 calls
UDF1 shows [5d 5c]
Gambler_s_Ruin shows [Jc 3h]
UDF1 awarded -4982
Gambler_s_Ruin awarded 4982

Round #112, Gambler_s_Ruin (42625), UDF1 (-42625)
Gambler_s_Ruin posts blind: 10
UDF1 posts blind: 20
Gambler_s_Ruin received [5c Qc]
UDF1 received [Qd 9d]
Gambler_s_Ruin calls
UDF1 checks
Flop [Th Jc 7s], Gambler_s_Ruin (20), UDF1 (20)
UDF1 bids 17
Gambler_s_Ruin bids 722
Gambler_s_Ruin won the auction and was revealed [Qd]
Flop [Th Jc 7s], Gambler_s_Ruin (37), UDF1 (20)
UDF1 bets 2951
Gambler_s_Ruin folds
Gambler_s_Ruin awarded -37
UDF1 awarded 37

Round #113, UDF1 (-42588), Gambler_s_Ruin (42588)
UDF1 posts blind: 10
Gambler_s_Ruin posts blind: 20
UDF1 received [8h Td]
Gambler_s_Ruin received [4h 7d]
UDF1 raises to 337
Gambler_s_Ruin folds
UDF1 awarded 20
Gambler_s_Ruin awarded -20

Round #114, Gambler_s_Ruin (42568), UDF1 (-42568)
Gambler_s_Ruin posts blind: 10
UDF1 posts blind: 20
Gambler_s_Ruin received [4s 6d]
UDF1 received [4h 9d]
Gambler_s_Ruin folds
Gambler_s_Ruin awarded -10
UDF1 awarded 10

Round #115, UDF1 (-42558), Gambler_s_Ruin (42558)
UDF1 posts blind: 10
Gambler_s_Ruin posts blind: 20
UDF1 received [As 4c]
Gambler_s_Ruin received [2s 7s]
UDF1 calls
Gambler_s_Ruin checks
Flop [Jc 7c Qc], UDF1 (20), Gambler_s_Ruin (20)
Gambler_s_Ruin bids 1634
UDF1 bids 16
Gambler_s_Ruin won the auction and was revealed [4c]
Flop [Jc 7c Qc], UDF1 (20), Gambler_s_Ruin (36)
Gambler_s_Ruin bets 60
UDF1 calls
Turn [Jc 7c Qc Qs], UDF1 (80), Gambler_s_Ruin (96)
Gambler_s_Ruin bets 191
UDF1 raises to 2744
Gambler_s_Ruin raises to 4904
UDF1 calls
River [Jc 7c Qc Qs Kh], UDF1 (4984), Gambler_s_Ruin (5000)
Gambler_s_Ruin checks
UDF1 checks
UDF1 shows [As 4c]
Gambler_s_Ruin shows [2s 7s]
UDF1 awarded -4984
Gambler_s_Ruin awarded 4984

Round #116, Gambler_s_Ruin (47542), UDF1 (-47542)
Gambler_s_Ruin posts blind: 10
UDF1 posts blind: 20
Gambler_s_Ruin received [Jc 2s]
UDF1 received [3s 7d]
Gambler_s_Ruin calls
UDF1 raises to 337
Gambler_s_Ruin folds
Gambler_s_Ruin awarded -20
UDF1 awarded 20

Round #117, UDF1 (-47522), Gambler_s_Ruin (47522)
UDF1 posts blind: 10
Gambler_s_Ruin posts blind: 20
UDF1 received [Ks 8c]
Gambler_s_Ruin received [6d Ad]
UDF1 folds
UDF1 awarded -10
Gambler_s_Ruin awarded 10

Round #118, Gambler_s_Ruin (47532), UDF1 (-47532)
Gambler_s_Ruin posts blind: 10
UDF1 posts blind: 20
Gambler_s_Ruin received [5d 6d]
UDF1 received [2c Th]
Gambler_s_Ruin calls
UDF1 checks
Flop [Qd 3d 3h], Gambler_s_Ruin (20), UDF1 (20)
UDF1 bids 16
Gambler_s_Ruin bids 1651
Gambler_s_Ruin won the auction and was revealed [Th]
Flop [Qd 3d 3h], Gambler_s_Ruin (36), UDF1 (20)
UDF1 bets 2604
Gambler_s_Ruin folds
Gambler_s_Ruin awarded -36
UDF1 awarded 36

Round #119, UDF1 (-47496), Gambler_s_Ruin (47496)
UDF1 posts blind: 10
Gambler_s_Ruin posts blind: 20
UDF1 received [2s 4s]
Gambler_s_Ruin received [9d Kc]
UDF1 folds
UDF1 awarded -10
Gambler_s_Ruin awarded 10

Round #120, Gambler_s_Ruin (47506), UDF1 (-47506)
Gambler_s_Ruin posts blind: 10
UDF1 posts blind: 20
Gambler_s_Ruin received [5d 7s]
UDF1 received [4c Qh]
Gambler_s_Ruin folds
Gambler_s_Ruin awarded -10
UDF1 awarded 10

Round #121, UDF1 (-47496), Gambler_s_Ruin (47496)
UDF1 posts blind: 10
Gambler_s_Ruin posts blind: 20
UDF1 received [Kh 2s]
Gambler_s_Ruin received [Ks 9h]
UDF1 folds
UDF1 awarded -10
Gambler_s_Ruin awarded 10

Round #122, Gambler_s_Ruin (47506), UDF1 (-47506)
Gambler_s_Ruin posts blind: 10
UDF1 posts blind: 20
Gambler_s_Ruin received [7s Qh]
UDF1 received [9c Qd]
Gambler_s_Ruin calls
UDF1 checks
Flop [6d 9h Jd], Gambler_s_Ruin (20), UDF1 (20)
UDF1 bids 16
Gambler_s_Ruin bids 747
Gambler_s_Ruin won the auction and was revealed [Qd]
Flop [6d 9h Jd], Gambler_s_Ruin (36), UDF1 (20)
UDF1 bets 3451
Gambler_s_Ruin folds
Gambler_s_Ruin awarded -36
UDF1 awarded 36

Round #123, UDF1 (-47470), Gambler_s_Ruin (47470)
UDF1 posts blind: 10
Gambler_s_Ruin posts blind: 20
UDF1 received [Ad Jd]
Gambler_s_Ruin received [Ts 6c]
UDF1 raises to 3728
Gambler_s_Ruin folds
UDF1 awarded 20
Gambler_s_Ruin awarded -20

Round #124, Gambler_s_Ruin (47450), UDF1 (-47450)
Gambler_s_Ruin posts blind: 10
UDF1 posts blind: 20
Gambler_s_Ruin received [Td 9h]
UDF1 received [7d 8s]
Gambler_s_Ruin calls
UDF1 checks
Flop [Qc 5s 5h], Gambler_s_Ruin (20), UDF1 (20)
UDF1 bids 16
Gambler_s_Ruin bids 1296
Gambler_s_Ruin won the auction and was revealed [7d]
Flop [Qc 5s 5h], Gambler_s_Ruin (36), UDF1 (20)
UDF1 bets 2313
Gambler_s_Ruin folds
Gambler_s_Ruin awarded -36
UDF1 awarded 36

Round #125, UDF1 (-47414), Gambler_s_Ruin (47414)
UDF1 posts blind: 10
Gambler_s_Ruin posts blind: 20
UDF1 received [Jh 7d]
Gambler_s_Ruin received [2h Ad]
UDF1 folds
UDF1 awarded -10
Gambler_s_Ruin awarded 10

Round #126, Gambler_s_Ruin (47424), UDF1 (-47424)
Gambler_s_Ruin posts blind: 10
UDF1 posts blind: 20
Gambler_s_Ruin received [Ad 7s]
UDF1 received [6c 8d]
Gambler_s_Ruin calls
UDF1 checks
Flop [9s Td 2d], Gambler_s_Ruin (20), UDF1 (20)
UDF1 bids 16
Gambler_s_Ruin bids 1696
Gambler_s_Ruin won the auction and was revealed [8d]
Flop [9s Td 2d], Gambler_s_Ruin (36), UDF1 (20)
UDF1 bets 2949
Gambler_s_Ruin raises to 4964
UDF1 calls
Turn [9s Td 2d 8h], Gambler_s_Ruin (5000), UDF1 (4984)
UDF1 checks
Gambler_s_Ruin checks
River [9s Td 2d 8h Kd], Gambler_s_Ruin (5000), UDF1 (4984)
UDF1 checks
Gambler_s_Ruin checks
Gambler_s_Ruin shows [Ad 7s]
UDF1 shows [6c 8d]
Gambler_s_Ruin awarded -5000
UDF1 awarded 5000

Round #127, UDF1 (-42424), Gambler_s_Ruin (42424)
UDF1 posts blind: 10
Gambler_s_Ruin posts blind: 20
UDF1 received [9s 9h]
Gambler_s_Ruin received [5c Ad]
UDF1 raises to 3728
Gambler_s_Ruin folds
UDF1 awarded 20
Gambler_s_Ruin awarded -20

Round #128, Gambler_s_Ruin (42404), UDF1 (-42404)
Gambler_s_Ruin posts blind: 10
UDF1 posts blind: 20
Gambler_s_Ruin received [4s 4d]
UDF1 received [7s Jh]
Gambler_s_Ruin calls
UDF1 checks
Flop [2c Kh 3d], Gambler_s_Ruin (20), UDF1 (20)
UDF1 bids 0
Gambler_s_Ruin bids 1707
Gambler_s_Ruin won the auction and was revealed [7s]
Flop [2c Kh 3d], Gambler_s_Ruin (20), UDF1 (20)
UDF1 bets 2475
Gambler_s_Ruin raises to 4950
UDF1 calls
Turn [2c Kh 3d 6s], Gambler_s_Ruin (4970), UDF1 (4970)
UDF1 bets 25
Gambler_s_Ruin raises to 30
UDF1 calls
River [2c Kh 3d 6s 3c], Gambler_s_Ruin (5000), UDF1 (5000)
UDF1 checks
Gambler_s_Ruin checks
Gambler_s_Ruin shows [4s 4d]
UDF1 shows [7s Jh]
Gambler_s_Ruin awarded 5000
UDF1 awarded -5000

Round #129, UDF1 (-47404), Gambler_s_Ruin (47404)
UDF1 posts blind: 10
Gambler_s_Ruin posts blind: 20
UDF1 received [2c 3h]
Gambler_s_Ruin received [7c 9d]
UDF1 folds
UDF1 awarded -10
Gambler_s_Ruin awarded 10

Round #130, Gambler_s_Ruin (47414), UDF1 (-47414)
Gambler_s_Ruin posts blind: 10
UDF1 posts blind: 20
Gambler_s_Ruin received [Ks 7d]
UDF1 received [2d 3d]
Gambler_s_Ruin calls
UDF1 checks
Flop [3c 3s 2h], Gambler_s_Ruin (20), UDF1 (20)
UDF1 bids 20
Gambler_s_Ruin bids 1719
Gambler_s_Ruin won the auction and was revealed [3d]
Flop [3c 3s 2h], Gambler_s_Ruin (40), UDF1 (20)
UDF1 bets 3369
Gambler_s_Ruin folds
Gambler_s_Ruin awarded -40
UDF1 awarded 40

Round #131, UDF1 (-47374), Gambler_s_Ruin (47374)
UDF1 posts blind: 10
Gambler_s_Ruin posts blind: 20
UDF1 received [2d As]
Gambler_s_Ruin received [7h 5h]
UDF1 calls
Gambler_s_Ruin checks
Flop [Ac 9s Qs], UDF1 (20), Gambler_s_Ruin (20)
Gambler_s_Ruin bids 770
UDF1 bids 16
Gambler_s_Ruin won the auction and was revealed [2d]
Flop [Ac 9s Qs], UDF1 (20), Gambler_s_Ruin (36)
Gambler_s_Ruin checks
UDF1 bets 3238
Gambler_s_Ruin folds
UDF1 awarded 36
Gambler_s_Ruin awarded -36

Round #132, Gambler_s_Ruin (47338), UDF1 (-47338)
Gambler_s_Ruin posts blind: 10
UDF1 posts blind: 20
Gambler_s_Ruin received [6s 5d]
UDF1 received [8h 9s]
Gambler_s_Ruin folds
Gambler_s_Ruin awarded -10
UDF1 awarded 10

Round #133, UDF1 (-47328), Gambler_s_Ruin (47328)
UDF1 posts blind: 10
Gambler_s_Ruin posts blind: 20
UDF1 received [6s Ts]
Gambler_s_Ruin received [3c 4h]
UDF1 calls
Gambler_s_Ruin checks
Flop [9h Jc 6h], UDF1 (20), Gambler_s_Ruin (20)
Gambler_s_Ruin bids 775
UDF1 bids 16
Gambler_s_Ruin won the auction and was revealed [Ts]
Flop [9h Jc 6h], UDF1 (20), Gambler_s_Ruin (36)
Gambler_s_Ruin checks
UDF1 bets 3302
Gambler_s_Ruin folds
UDF1 awarded 36
Gambler_s_Ruin awarded -36

Round #134, Gambler_s_Ruin (47292), UDF1 (-47292)
Gambler_s_Ruin posts blind: 10
UDF1 posts blind: 20
Gambler_s_Ruin received [Ah 9s]
UDF1 received [5s Kd]
Gambler_s_Ruin raises to 60
UDF1 folds
Gambler_s_Ruin awarded 20
UDF1 awarded -20

Round #135, UDF1 (-47312), Gambler_s_Ruin (47312)
UDF1 posts blind: 10
Gambler_s_Ruin posts blind: 20
UDF1 received [4h Ac]
Gambler_s_Ruin received [5s 2h]
UDF1 folds
UDF1 awarded -10
Gambler_s_Ruin awarded 10

Round #136, Gambler_s_Ruin (47322), UDF1 (-47322)
Gambler_s_Ruin posts blind: 10
UDF1 posts blind: 20
Gambler_s_Ruin received [5d 6c]
UDF1 received [2s 9c]
Gambler_s_Ruin folds
Gambler_s_Ruin awarded -10
UDF1 awarded 10

Round #137, UDF1 (-47312), Gambler_s_Ruin (47312)
UDF1 posts blind: 10
Gambler_s_Ruin posts blind: 20
UDF1 received [8d 2h]
Gambler_s_Ruin received [Ac As]
UDF1 calls
Gambler_s_Ruin raises to 60
UDF1 folds
UDF1 awarded -20
Gambler_s_Ruin awarded 20

Round #138, Gambler_s_Ruin (47332), UDF1 (-47332)
Gambler_s_Ruin posts blind: 10
UDF1 posts blind: 20
Gambler_s_Ruin received [7c 9d]
UDF1 received [7d 6c]
Gambler_s_Ruin calls
UDF1 raises to 337
Gambler_s_Ruin folds
Gambler_s_Ruin awarded -20
UDF1 awarded 20

Round #139, UDF1 (-47312), Gambler_s_Ruin (47312)
UDF1 posts blind: 10
Gambler_s_Ruin posts blind: 20
UDF1 received [9d 4c]
Gambler_s_Ruin received [Ac 2h]
UDF1 folds
UDF1 awarded -10
Gambler_s_Ruin awarded 10

Round #140, Gambler_s_Ruin (47322), UDF1 (-47322)
Gambler_s_Ruin posts blind: 10
UDF1 posts blind: 20
Gambler_s_Ruin received [8c Qc]
UDF1 received [8h 7c]
Gambler_s_Ruin calls
UDF1 checks
Flop [6d Kh As], Gambler_s_Ruin (20), UDF1 (20)
UDF1 bids 16
Gambler_s_Ruin bids 1778
Gambler_s_Ruin won the auction and was revealed [8h]
Flop [6d Kh As], Gambler_s_Ruin (36), UDF1 (20)
UDF1 bets 2532
Gambler_s_Ruin raises to 4964
UDF1 calls
Turn [6d Kh As 8d], Gambler_s_Ruin (5000), UDF1 (4984)
UDF1 checks
Gambler_s_Ruin checks
River [6d Kh As 8d 2h], Gambler_s_Ruin (5000), UDF1 (4984)
UDF1 checks
Gambler_s_Ruin checks
Gambler_s_Ruin shows [8c Qc]
UDF1 shows [8h 7c]
Gambler_s_Ruin awarded 4984
UDF1 awarded -4984

Round #141, UDF1 (-52306), Gambler_s_Ruin (52306)
UDF1 posts blind: 10
Gambler_s_Ruin posts blind: 20
UDF1 received [4d 8d]
Gambler_s_Ruin received [7d Kh]
UDF1 folds
UDF1 awarded -10
Gambler_s_Ruin awarded 10

Round #142, Gambler_s_Ruin (52316), UDF1 (-52316)
Gambler_s_Ruin posts blind: 10
UDF1 posts blind: 20
Gambler_s_Ruin received [Kh 5s]
UDF1 received [Ah 9c]
Gambler_s_Ruin calls
UDF1 checks
Flop [8s Ks 2s], Gambler_s_Ruin (20), UDF1 (20)
UDF1 bids 16
Gambler_s_Ruin bids 1790
Gambler_s_Ruin won the auction and was revealed [9c]
Flop [8s Ks 2s], Gambler_s_Ruin (36), UDF1 (20)
UDF1 bets 2403
Gambler_s_Ruin raises to 4806
UDF1 calls
Turn [8s Ks 2s 4d], Gambler_s_Ruin (4842), UDF1 (4826)
UDF1 bets 88
Gambler_s_Ruin raises to 158
UDF1 calls
River [8s Ks 2s 4d 5h], Gambler_s_Ruin (5000), UDF1 (4984)
UDF1 checks
Gambler_s_Ruin checks
Gambler_s_Ruin shows [Kh 5s]
UDF1 shows [Ah 9c]
Gambler_s_Ruin awarded 4984
UDF1 awarded -4984

Round #143, UDF1 (-57300), Gambler_s_Ruin (57300)
UDF1 posts blind: 10
Gambler_s_Ruin posts blind: 20
UDF1 received [Td As]
Gambler_s_Ruin received [Jc 3d]
UDF1 calls
Gambler_s_Ruin checks
Flop [8c Tc 8d], UDF1 (20), Gambler_s_Ruin (20)
Gambler_s_Ruin bids 1796
UDF1 bids 16
Gambler_s_Ruin won the auction and was revealed [Td]
Flop [8c Tc 8d], UDF1 (20), Gambler_s_Ruin (36)
Gambler_s_Ruin checks
UDF1 bets 2680
Gambler_s_Ruin folds
UDF1 awarded 36
Gambler_s_Ruin awarded -36

Round #144, Gambler_s_Ruin (57264), UDF1 (-57264)
Gambler_s_Ruin posts blind: 10
UDF1 posts blind: 20
Gambler_s_Ruin received [6c Jh]
UDF1 received [3s 9s]
Gambler_s_Ruin calls
UDF1 checks
Flop [2c 5s 3d], Gambler_s_Ruin (20), UDF1 (20)
UDF1 bids 16
Gambler_s_Ruin bids 1803
Gambler_s_Ruin won the auction and was revealed [3s]
Flop [2c 5s 3d], Gambler_s_Ruin (36), UDF1 (20)
UDF1 bets 2674
Gambler_s_Ruin folds
Gambler_s_Ruin awarded -36
UDF1 awarded 36

Round #145, UDF1 (-57228), Gambler_s_Ruin (57228)
UDF1 posts blind: 10
Gambler_s_Ruin posts blind: 20
UDF1 received [Ac 9s]
Gambler_s_Ruin received [Ad Kd]
UDF1 folds
UDF1 awarded -10
Gambler_s_Ruin awarded 10

Round #146, Gambler_s_Ruin (57238), UDF1 (-57238)
Gambler_s_Ruin posts blind: 10
UDF1 posts blind: 20
Gambler_s_Ruin received [6s 4s]
UDF1 received [5c Tc]
Gambler_s_Ruin calls
UDF1 checks
Flop [Jc 9h 8h], Gambler_s_Ruin (20), UDF1 (20)
UDF1 bids 16
Gambler_s_Ruin bids 810
Gambler_s_Ruin won the auction and was revealed [5c]
Flop [Jc 9h 8h], Gambler_s_Ruin (36), UDF1 (20)
UDF1 bets 2545
Gambler_s_Ruin folds
Gambler_s_Ruin awarded -36
UDF1 awarded 36

Round #147, UDF1 (-57202), Gambler_s_Ruin (57202)
UDF1 posts blind: 10
Gambler_s_Ruin posts blind: 20
UDF1 received [9c As]
Gambler_s_Ruin received [Js 5d]
UDF1 folds
UDF1 awarded -10
Gambler_s_Ruin awarded 10

Round #148, Gambler_s_Ruin (57212), UDF1 (-57212)
Gambler_s_Ruin posts blind: 10
UDF1 posts blind: 20
Gambler_s_Ruin received [Th 8d]
UDF1 received [7s 8s]
Gambler_s_Ruin calls
UDF1 raises to 1359
Gambler_s_Ruin attempted illegal ActionRaise with amount 2678
Gambler_s_Ruin folds
Gambler_s_Ruin awarded -20
UDF1 awarded 20

Round #149, UDF1 (-57192), Gambler_s_Ruin (57192)
UDF1 posts blind: 10
Gambler_s_Ruin posts blind: 20
UDF1 received [4d Qs]
Gambler_s_Ruin received [Ac 3c]
UDF1 folds
UDF1 awarded -10
Gambler_s_Ruin awarded 10

Round #150, Gambler_s_Ruin (57202), UDF1 (-57202)
Gambler_s_Ruin posts blind: 10
UDF1 posts blind: 20
Gambler_s_Ruin received [Ac Ks]
UDF1 received [Ad 4s]
Gambler_s_Ruin raises to 60
UDF1 folds
Gambler_s_Ruin awarded 20
UDF1 awarded -20

Round #151, UDF1 (-57222), Gambler_s_Ruin (57222)
UDF1 posts blind: 10
Gambler_s_Ruin posts blind: 20
UDF1 received [4d Kc]
Gambler_s_Ruin received [2h 2s]
UDF1 calls
Gambler_s_Ruin raises to 80
UDF1 raises to 431
Gambler_s_Ruin attempted illegal ActionRaise with amount 702
Gambler_s_Ruin folds
UDF1 awarded 80
Gambler_s_Ruin awarded -80

Round #152, Gambler_s_Ruin (57142), UDF1 (-57142)
Gambler_s_Ruin posts blind: 10
UDF1 posts blind: 20
Gambler_s_Ruin received [2h 7c]
UDF1 received [6h 3s]
Gambler_s_Ruin folds
Gambler_s_Ruin awarded -10
UDF1 awarded 10

Round #153, UDF1 (-57132), Gambler_s_Ruin (57132)
UDF1 posts blind: 10
Gambler_s_Ruin posts blind: 20
UDF1 received [4d Jd]
Gambler_s_Ruin received [7d 2s]
UDF1 folds
UDF1 awarded -10
Gambler_s_Ruin awarded 10

Round #154, Gambler_s_Ruin (57142), UDF1 (-57142)
Gambler_s_Ruin posts blind: 10
UDF1 posts blind: 20
Gambler_s_Ruin received [Ad 5c]
UDF1 received [6s Kd]
Gambler_s_Ruin calls
UDF1 raises to 337
Gambler_s_Ruin attempted illegal ActionRaise with amount 634
Gambler_s_Ruin folds
Gambler_s_Ruin awarded -20
UDF1 awarded 20

Round #155, UDF1 (-57122), Gambler_s_Ruin (57122)
UDF1 posts blind: 10
Gambler_s_Ruin posts blind: 20
UDF1 received [6d Kd]
Gambler_s_Ruin received [Kc Tc]
UDF1 calls
Gambler_s_Ruin raises to 60
UDF1 folds
UDF1 awarded -20
Gambler_s_Ruin awarded 20

Round #156, Gambler_s_Ruin (57142), UDF1 (-57142)
Gambler_s_Ruin posts blind: 10
UDF1 posts blind: 20
Gambler_s_Ruin received [3c Tc]
UDF1 received [5h 5c]
Gambler_s_Ruin calls
UDF1 checks
Flop [Jd 8d 6h], Gambler_s_Ruin (20), UDF1 (20)
UDF1 bids 16
Gambler_s_Ruin bids 840
Gambler_s_Ruin won the auction and was revealed [5c]
Flop [Jd 8d 6h], Gambler_s_Ruin (36), UDF1 (20)
UDF1 bets 3126
Gambler_s_Ruin folds
Gambler_s_Ruin awarded -36
UDF1 awarded 36

Round #157, UDF1 (-57106), Gambler_s_Ruin (57106)
UDF1 posts blind: 10
Gambler_s_Ruin posts blind: 20
UDF1 received [7d Qs]
Gambler_s_Ruin received [5d 8d]
UDF1 calls
Gambler_s_Ruin checks
Flop [9h Js 6s], UDF1 (20), Gambler_s_Ruin (20)
Gambler_s_Ruin bids 843
UDF1 bids 16
Gambler_s_Ruin won the auction and was revealed [Qs]
Flop [9h Js 6s], UDF1 (20), Gambler_s_Ruin (36)
Gambler_s_Ruin checks
UDF1 bets 2463
Gambler_s_Ruin folds
UDF1 awarded 36
Gambler_s_Ruin awarded -36

Round #158, Gambler_s_Ruin (57070), UDF1 (-57070)
Gambler_s_Ruin posts blind: 10
UDF1 posts blind: 20
Gambler_s_Ruin received [8d Js]
UDF1 received [4s 5c]
Gambler_s_Ruin calls
UDF1 raises to 337
Gambler_s_Ruin folds
Gambler_s_Ruin awarded -20
UDF1 awarded 20

Round #159, UDF1 (-57050), Gambler_s_Ruin (57050)
UDF1 posts blind: 10
Gambler_s_Ruin posts blind: 20
UDF1 received [Th 4h]
Gambler_s_Ruin received [Qc 3c]
UDF1 folds
UDF1 awarded -10
Gambler_s_Ruin awarded 10

Round #160, Gambler_s_Ruin (57060), UDF1 (-57060)
Gambler_s_Ruin posts blind: 10
UDF1 posts blind: 20
Gambler_s_Ruin received [Jh 8h]
UDF1 received [8s 7d]
Gambler_s_Ruin calls
UDF1 checks
Flop [Kh Js 4c], Gambler_s_Ruin (20), UDF1 (20)
UDF1 bids 0
Gambler_s_Ruin bids 1892
Gambler_s_Ruin won the auction and was revealed [7d]
Flop [Kh Js 4c], Gambler_s_Ruin (20), UDF1 (20)
UDF1 bets 2419
Gambler_s_Ruin raises to 4838
UDF1 folds
Gambler_s_Ruin awarded 2439
UDF1 awarded -2439

Round #161, UDF1 (-59499), Gambler_s_Ruin (59499)
UDF1 posts blind: 10
Gambler_s_Ruin posts blind: 20
UDF1 received [4h Kd]
Gambler_s_Ruin received [Th 9d]
UDF1 calls
Gambler_s_Ruin raises to 80
UDF1 folds
UDF1 awarded -20
Gambler_s_Ruin awarded 20

Round #162, Gambler_s_Ruin (59519), UDF1 (-59519)
Gambler_s_Ruin posts blind: 10
UDF1 posts blind: 20
Gambler_s_Ruin received [5s Td]
UDF1 received [Ts 7h]
Gambler_s_Ruin calls
UDF1 checks
Flop [9d 7d Kc], Gambler_s_Ruin (20), UDF1 (20)
UDF1 bids 21
Gambler_s_Ruin bids 859
Gambler_s_Ruin won the auction and was revealed [Ts]
Flop [9d 7d Kc], Gambler_s_Ruin (41), UDF1 (20)
UDF1 bets 2918
Gambler_s_Ruin folds
Gambler_s_Ruin awarded -41
UDF1 awarded 41

Round #163, UDF1 (-59478), Gambler_s_Ruin (59478)
UDF1 posts blind: 10
Gambler_s_Ruin posts blind: 20
UDF1 received [Tc Kh]
Gambler_s_Ruin received [4s Kd]
UDF1 folds
UDF1 awarded -10
Gambler_s_Ruin awarded 10

Round #164, Gambler_s_Ruin (59488), UDF1 (-59488)
Gambler_s_Ruin posts blind: 10
UDF1 posts blind: 20
Gambler_s_Ruin received [4d 2h]
UDF1 received [3h Js]
Gambler_s_Ruin folds
Gambler_s_Ruin awarded -10
UDF1 awarded 10

Round #165, UDF1 (-59478), Gambler_s_Ruin (59478)
UDF1 posts blind: 10
Gambler_s_Ruin posts blind: 20
UDF1 received [3h 5c]
Gambler_s_Ruin received [3c 5s]
UDF1 folds
UDF1 awarded -10
Gambler_s_Ruin awarded 10

Round #166, Gambler_s_Ruin (59488), UDF1 (-59488)
Gambler_s_Ruin posts blind: 10
UDF1 posts blind: 20
Gambler_s_Ruin received [3d Js]
UDF1 received [6h Qh]
Gambler_s_Ruin calls
UDF1 checks
Flop [Jh 2c Ad], Gambler_s_Ruin (20), UDF1 (20)
UDF1 bids 20
Gambler_s_Ruin bids 1892
Gambler_s_Ruin won the auction and was revealed [Qh]
Flop [Jh 2c Ad], Gambler_s_Ruin (40), UDF1 (20)
UDF1 bets 3022
Gambler_s_Ruin calls
Turn [Jh 2c Ad 2d], Gambler_s_Ruin (3062), UDF1 (3042)
UDF1 bets 1027
Gambler_s_Ruin raises to 1938
UDF1 calls
River [Jh 2c Ad 2d 9d], Gambler_s_Ruin (5000), UDF1 (4980)
UDF1 checks
Gambler_s_Ruin checks
Gambler_s_Ruin shows [3d Js]
UDF1 shows [6h Qh]
Gambler_s_Ruin awarded 4980
UDF1 awarded -4980

Round #167, UDF1 (-64468), Gambler_s_Ruin (64468)
UDF1 posts blind: 10
Gambler_s_Ruin posts blind: 20
UDF1 received [Js 4s]
Gambler_s_Ruin received [4d As]
UDF1 raises to 337
Gambler_s_Ruin attempted illegal ActionRaise with amount 634
Gambler_s_Ruin folds
UDF1 awarded 20
Gambler_s_Ruin awarded -20

Round #168, Gambler_s_Ruin (64448), UDF1 (-64448)
Gambler_s_Ruin posts blind: 10
UDF1 posts blind: 20
Gambler_s_Ruin received [Qs 6c]
UDF1 received [4d 7d]
Gambler_s_Ruin calls
UDF1 checks
Flop [Th 7s 7c], Gambler_s_Ruin (20), UDF1 (20)
UDF1 bids 16
Gambler_s_Ruin bids 1892
Gambler_s_Ruin won the auction and was revealed [7d]
Flop [Th 7s 7c], Gambler_s_Ruin (36), UDF1 (20)
UDF1 bets 3402
Gambler_s_Ruin folds
Gambler_s_Ruin awarded -36
UDF1 awarded 36

Round #169, UDF1 (-64412), Gambler_s_Ruin (64412)
UDF1 posts blind: 10
Gambler_s_Ruin posts blind: 20
UDF1 received [Jh 4h]
Gambler_s_Ruin received [9s As]
UDF1 calls
Gambler_s_Ruin raises to 60
UDF1 folds
UDF1 awarded -20
Gambler_s_Ruin awarded 20

Round #170, Gambler_s_Ruin (64432), UDF1 (-64432)
Gambler_s_Ruin posts blind: 10
UDF1 posts blind: 20
Gambler_s_Ruin received [7h 7s]
UDF1 received [6d Qs]
Gambler_s_Ruin calls
UDF1 raises to 337
Gambler_s_Ruin attempted illegal ActionRaise with amount 634
Gambler_s_Ruin folds
Gambler_s_Ruin awarded -20
UDF1 awarded 20

Round #171, UDF1 (-64412), Gambler_s_Ruin (64412)
UDF1 posts blind: 10
Gambler_s_Ruin posts blind: 20
UDF1 received [Qs 7c]
Gambler_s_Ruin received [3c 4s]
UDF1 folds
UDF1 awarded -10
Gambler_s_Ruin awarded 10

Round #172, Gambler_s_Ruin (64422), UDF1 (-64422)
Gambler_s_Ruin posts blind: 10
UDF1 posts blind: 20
Gambler_s_Ruin received [8s Tc]
UDF1 received [6h 3c]
Gambler_s_Ruin calls
UDF1 checks
Flop [Jd 5c Ah], Gambler_s_Ruin (20), UDF1 (20)
UDF1 bids 21
Gambler_s_Ruin bids 890
Gambler_s_Ruin won the auction and was revealed [3c]
Flop [Jd 5c Ah], Gambler_s_Ruin (41), UDF1 (20)
UDF1 bets 2718
Gambler_s_Ruin raises to 4959
UDF1 folds
Gambler_s_Ruin awarded 2738
UDF1 awarded -2738

Round #173, UDF1 (-67160), Gambler_s_Ruin (67160)
UDF1 posts blind: 10
Gambler_s_Ruin posts blind: 20
UDF1 received [7h 3c]
Gambler_s_Ruin received [6c Qs]
UDF1 calls
Gambler_s_Ruin checks
Flop [2s 7s 5c], UDF1 (20), Gambler_s_Ruin (20)
Gambler_s_Ruin bids 1892
UDF1 bids 16
Gambler_s_Ruin won the auction and was revealed [3c]
Flop [2s 7s 5c], UDF1 (20), Gambler_s_Ruin (36)
Gambler_s_Ruin bets 63
UDF1 raises to 3421
Gambler_s_Ruin raises to 4964
UDF1 calls
Turn [2s 7s 5c Kc], UDF1 (4984), Gambler_s_Ruin (5000)
Gambler_s_Ruin checks
UDF1 checks
River [2s 7s 5c Kc Th], UDF1 (4984), Gambler_s_Ruin (5000)
Gambler_s_Ruin checks
UDF1 checks
UDF1 shows [7h 3c]
Gambler_s_Ruin shows [6c Qs]
UDF1 awarded 5000
Gambler_s_Ruin awarded -5000

Round #174, Gambler_s_Ruin (62160), UDF1 (-62160)
Gambler_s_Ruin posts blind: 10
UDF1 posts blind: 20
Gambler_s_Ruin received [6d Jc]
UDF1 received [2c Qc]
Gambler_s_Ruin calls
UDF1 checks
Flop [Tc 8h 3s], Gambler_s_Ruin (20), UDF1 (20)
UDF1 bids 16
Gambler_s_Ruin bids 896
Gambler_s_Ruin won the auction and was revealed [Qc]
Flop [Tc 8h 3s], Gambler_s_Ruin (36), UDF1 (20)
UDF1 bets 2765
Gambler_s_Ruin folds
Gambler_s_Ruin awarded -36
UDF1 awarded 36

Round #175, UDF1 (-62124), Gambler_s_Ruin (62124)
UDF1 posts blind: 10
Gambler_s_Ruin posts blind: 20
UDF1 received [7d 2s]
Gambler_s_Ruin received [8h 9c]
UDF1 raises to 337
Gambler_s_Ruin folds
UDF1 awarded 20
Gambler_s_Ruin awarded -20

Round #176, Gambler_s_Ruin (62104), UDF1 (-62104)
Gambler_s_Ruin posts blind: 10
UDF1 posts blind: 20
Gambler_s_Ruin received [Ad 9h]
UDF1 received [7s 3h]
Gambler_s_Ruin raises to 60
UDF1 raises to 394
Gambler_s_Ruin raises to 1002
UDF1 folds
Gambler_s_Ruin awarded 394
UDF1 awarded -394

Round #177, UDF1 (-62498), Gambler_s_Ruin (62498)
UDF1 posts blind: 10
Gambler_s_Ruin posts blind: 20
UDF1 received [Th Ac]
Gambler_s_Ruin received [Qs 4d]
UDF1 calls
Gambler_s_Ruin checks
Flop [3c Js 9c], UDF1 (20), Gambler_s_Ruin (20)
Gambler_s_Ruin bids 1281
UDF1 bids 16
Gambler_s_Ruin won the auction and was revealed [Ac]
Flop [3c Js 9c], UDF1 (20), Gambler_s_Ruin (36)
Gambler_s_Ruin checks
UDF1 bets 3279
Gambler_s_Ruin folds
UDF1 awarded 36
Gambler_s_Ruin awarded -36

Round #178, Gambler_s_Ruin (62462), UDF1 (-62462)
Gambler_s_Ruin posts blind: 10
UDF1 posts blind: 20
Gambler_s_Ruin received [Js Qs]
UDF1 received [7s 3d]
Gambler_s_Ruin calls
UDF1 checks
Flop [6s Kh Td], Gambler_s_Ruin (20), UDF1 (20)
UDF1 bids 17
Gambler_s_Ruin bids 1892
Gambler_s_Ruin won the auction and was revealed [7s]
Flop [6s Kh Td], Gambler_s_Ruin (37), UDF1 (20)
UDF1 bets 2464
Gambler_s_Ruin raises to 4928
UDF1 folds
Gambler_s_Ruin awarded 2484
UDF1 awarded -2484

Round #179, UDF1 (-64946), Gambler_s_Ruin (64946)
UDF1 posts blind: 10
Gambler_s_Ruin posts blind: 20
UDF1 received [8c 4h]
Gambler_s_Ruin received [Tc Jh]
UDF1 calls
Gambler_s_Ruin raises to 80
UDF1 folds
UDF1 awarded -20
Gambler_s_Ruin awarded 20

Round #180, Gambler_s_Ruin (64966), UDF1 (-64966)
Gambler_s_Ruin posts blind: 10
UDF1 posts blind: 20
Gambler_s_Ruin received [5c Ad]
UDF1 received [4c 9d]
Gambler_s_Ruin calls
UDF1 checks
Flop [6s 5h Qs], Gambler_s_Ruin (20), UDF1 (20)
UDF1 bids 16
Gambler_s_Ruin bids 1892
Gambler_s_Ruin won the auction and was revealed [4c]
Flop [6s 5h Qs], Gambler_s_Ruin (36), UDF1 (20)
UDF1 bets 2383
Gambler_s_Ruin raises to 4766
UDF1 folds
Gambler_s_Ruin awarded 2403
UDF1 awarded -2403

Round #181, UDF1 (-67369), Gambler_s_Ruin (67369)
UDF1 posts blind: 10
Gambler_s_Ruin posts blind: 20
UDF1 received [6d 6s]
Gambler_s_Ruin received [6c Jd]
UDF1 raises to 1367
Gambler_s_Ruin folds
UDF1 awarded 20
Gambler_s_Ruin awarded -20

Round #182, Gambler_s_Ruin (67349), UDF1 (-67349)
Gambler_s_Ruin posts blind: 10
UDF1 posts blind: 20
Gambler_s_Ruin received [Ts Ad]
UDF1 received [8d 3h]
Gambler_s_Ruin raises to 60
UDF1 raises to 394
Gambler_s_Ruin folds
Gambler_s_Ruin awarded -60
UDF1 awarded 60

Round #183, UDF1 (-67289), Gambler_s_Ruin (67289)
UDF1 posts blind: 10
Gambler_s_Ruin posts blind: 20
UDF1 received [2s 7s]
Gambler_s_Ruin received [5d Kc]
UDF1 calls
Gambler_s_Ruin checks
Flop [5s Jc Ac], UDF1 (20), Gambler_s_Ruin (20)
Gambler_s_Ruin bids 1892
UDF1 bids 16
Gambler_s_Ruin won the auction and was revealed [2s]
Flop [5s Jc Ac], UDF1 (20), Gambler_s_Ruin (36)
Gambler_s_Ruin bets 66
UDF1 folds
UDF1 awarded -20
Gambler_s_Ruin awarded 20

Round #184, Gambler_s_Ruin (67309), UDF1 (-67309)
Gambler_s_Ruin posts blind: 10
UDF1 posts blind: 20
Gambler_s_Ruin received [8s Qh]
UDF1 received [Jh 8c]
Gambler_s_Ruin calls
UDF1 checks
Flop [9s As 3s], Gambler_s_Ruin (20), UDF1 (20)
UDF1 bids 16
Gambler_s_Ruin bids 1892
Gambler_s_Ruin won the auction and was revealed [Jh]
Flop [9s As 3s], Gambler_s_Ruin (36), UDF1 (20)
UDF1 bets 2542
Gambler_s_Ruin calls
Turn [9s As 3s 3d], Gambler_s_Ruin (2578), UDF1 (2562)
UDF1 bets 972
Gambler_s_Ruin calls
River [9s As 3s 3d 2d], Gambler_s_Ruin (3550), UDF1 (3534)
UDF1 bets 522
Gambler_s_Ruin calls
Gambler_s_Ruin shows [8s Qh]
UDF1 shows [Jh 8c]
Gambler_s_Ruin awarded 4056
UDF1 awarded -4056

Round #185, UDF1 (-71365), Gambler_s_Ruin (71365)
UDF1 posts blind: 10
Gambler_s_Ruin posts blind: 20
UDF1 received [3h 4s]
Gambler_s_Ruin received [7s 4d]
UDF1 calls
Gambler_s_Ruin checks
Flop [Ts Kc Qc], UDF1 (20), Gambler_s_Ruin (20)
Gambler_s_Ruin bids 932
UDF1 bids 16
Gambler_s_Ruin won the auction and was revealed [4s]
Flop [Ts Kc Qc], UDF1 (20), Gambler_s_Ruin (36)
Gambler_s_Ruin checks
UDF1 bets 2220
Gambler_s_Ruin folds
UDF1 awarded 36
Gambler_s_Ruin awarded -36

Round #186, Gambler_s_Ruin (71329), UDF1 (-71329)
Gambler_s_Ruin posts blind: 10
UDF1 posts blind: 20
Gambler_s_Ruin received [4c 3d]
UDF1 received [Ts 3c]
Gambler_s_Ruin folds
Gambler_s_Ruin awarded -10
UDF1 awarded 10

Round #187, UDF1 (-71319), Gambler_s_Ruin (71319)
UDF1 posts blind: 10
Gambler_s_Ruin posts blind: 20
UDF1 received [7s 7d]
Gambler_s_Ruin received [4d 5h]
UDF1 raises to 1554
Gambler_s_Ruin folds
UDF1 awarded 20
Gambler_s_Ruin awarded -20

Round #188, Gambler_s_Ruin (71299), UDF1 (-71299)
Gambler_s_Ruin posts blind: 10
UDF1 posts blind: 20
Gambler_s_Ruin received [9c 4s]
UDF1 received [7h 7s]
Gambler_s_Ruin calls
UDF1 checks
Flop [3s 6h 8c], Gambler_s_Ruin (20), UDF1 (20)
UDF1 bids 16
Gambler_s_Ruin bids 942
Gambler_s_Ruin won the auction and was revealed [7s]
Flop [3s 6h 8c], Gambler_s_Ruin (36), UDF1 (20)
UDF1 bets 3375
Gambler_s_Ruin folds
Gambler_s_Ruin awarded -36
UDF1 awarded 36

Round #189, UDF1 (-71263), Gambler_s_Ruin (71263)
UDF1 posts blind: 10
Gambler_s_Ruin posts blind: 20
UDF1 received [3s 6d]
Gambler_s_Ruin received [Ad 6h]
UDF1 folds
UDF1 awarded -10
Gambler_s_Ruin awarded 10

Round #190, Gambler_s_Ruin (71273), UDF1 (-71273)
Gambler_s_Ruin posts blind: 10
UDF1 posts blind: 20
Gambler_s_Ruin received [5s 3h]
UDF1 received [2h Tc]
Gambler_s_Ruin folds
Gambler_s_Ruin awarded -10
UDF1 awarded 10

Round #191, UDF1 (-71263), Gambler_s_Ruin (71263)
UDF1 posts blind: 10
Gambler_s_Ruin posts blind: 20
UDF1 received [Js 2c]
Gambler_s_Ruin received [5d 6s]
UDF1 raises to 337
Gambler_s_Ruin folds
UDF1 awarded 20
Gambler_s_Ruin awarded -20

Round #192, Gambler_s_Ruin (71243), UDF1 (-71243)
Gambler_s_Ruin posts blind: 10
UDF1 posts blind: 20
Gambler_s_Ruin received [8d 7s]
UDF1 received [6s 3d]
Gambler_s_Ruin calls
UDF1 checks
Flop [7c 3c Kc], Gambler_s_Ruin (20), UDF1 (20)
UDF1 bids 16
Gambler_s_Ruin bids 1892
Gambler_s_Ruin won the auction and was revealed [6s]
Flop [7c 3c Kc], Gambler_s_Ruin (36), UDF1 (20)
UDF1 bets 2672
Gambler_s_Ruin raises to 4964
UDF1 calls
Turn [7c 3c Kc Ac], Gambler_s_Ruin (5000), UDF1 (4984)
UDF1 checks
Gambler_s_Ruin checks
River [7c 3c Kc Ac 2c], Gambler_s_Ruin (5000), UDF1 (4984)
UDF1 checks
Gambler_s_Ruin checks
Gambler_s_Ruin shows [8d 7s]
UDF1 shows [6s 3d]
Gambler_s_Ruin awarded -8
UDF1 awarded 8

Round #193, UDF1 (-71235), Gambler_s_Ruin (71235)
UDF1 posts blind: 10
Gambler_s_Ruin posts blind: 20
UDF1 received [9d Qc]
Gambler_s_Ruin received [Qh 3s]
UDF1 calls
Gambler_s_Ruin checks
Flop [Qd 8s 3c], UDF1 (20), Gambler_s_Ruin (20)
Gambler_s_Ruin bids 1892
UDF1 bids 19
Gambler_s_Ruin won the auction and was revealed [9d]
Flop [Qd 8s 3c], UDF1 (20), Gambler_s_Ruin (39)
Gambler_s_Ruin bets 50
UDF1 raises to 3714
Gambler_s_Ruin raises to 4961
UDF1 calls
Turn [Qd 8s 3c 4c], UDF1 (4981), Gambler_s_Ruin (5000)
Gambler_s_Ruin checks
UDF1 checks
River [Qd 8s 3c 4c 5s], UDF1 (4981), Gambler_s_Ruin (5000)
Gambler_s_Ruin checks
UDF1 checks
UDF1 shows [9d Qc]
Gambler_s_Ruin shows [Qh 3s]
UDF1 awarded -4981
Gambler_s_Ruin awarded 4981

Round #194, Gambler_s_Ruin (76216), UDF1 (-76216)
Gambler_s_Ruin posts blind: 10
UDF1 posts blind: 20
Gambler_s_Ruin received [Qh Ad]
UDF1 received [Ks Js]
Gambler_s_Ruin raises to 60
UDF1 raises to 3799
Gambler_s_Ruin folds
Gambler_s_Ruin awarded -60
UDF1 awarded 60

Round #195, UDF1 (-76156), Gambler_s_Ruin (76156)
UDF1 posts blind: 10
Gambler_s_Ruin posts blind: 20
UDF1 received [Qc 6s]
Gambler_s_Ruin received [6h Ac]
UDF1 calls
Gambler_s_Ruin raises to 80
UDF1 calls
Flop [2c Jc 2d], UDF1 (80), Gambler_s_Ruin (80)
Gambler_s_Ruin bids 1869
UDF1 bids 34
Gambler_s_Ruin won the auction and was revealed [Qc]
Flop [2c Jc 2d], UDF1 (80), Gambler_s_Ruin (114)
Gambler_s_Ruin checks
UDF1 bets 2474
Gambler_s_Ruin folds
UDF1 awarded 114
Gambler_s_Ruin awarded -114

Round #196, Gambler_s_Ruin (76042), UDF1 (-76042)
Gambler_s_Ruin posts blind: 10
UDF1 posts blind: 20
Gambler_s_Ruin received [5h 5s]
UDF1 received [9c 7d]
Gambler_s_Ruin calls
UDF1 raises to 337
Gambler_s_Ruin attempted illegal ActionRaise with amount 634
Gambler_s_Ruin folds
Gambler_s_Ruin awarded -20
UDF1 awarded 20

Round #197, UDF1 (-76022), Gambler_s_Ruin (76022)
UDF1 posts blind: 10
Gambler_s_Ruin posts blind: 20
UDF1 received [Js Qh]
Gambler_s_Ruin received [Kc 6c]
UDF1 raises to 1092
Gambler_s_Ruin folds
UDF1 awarded 20
Gambler_s_Ruin awarded -20

Round #198, Gambler_s_Ruin (76002), UDF1 (-76002)
Gambler_s_Ruin posts blind: 10
UDF1 posts blind: 20
Gambler_s_Ruin received [3c 4d]
UDF1 received [Td 5h]
Gambler_s_Ruin folds
Gambler_s_Ruin awarded -10
UDF1 awarded 10

Round #199, UDF1 (-75992), Gambler_s_Ruin (75992)
UDF1 posts blind: 10
Gambler_s_Ruin posts blind: 20
UDF1 received [8s 3s]
Gambler_s_Ruin received [Js Ts]
UDF1 calls
Gambler_s_Ruin raises to 80
UDF1 calls
Flop [Kh 2h Tc], UDF1 (80), Gambler_s_Ruin (80)
Gambler_s_Ruin bids 1869
UDF1 bids 34
Gambler_s_Ruin won the auction and was revealed [8s]
Flop [Kh 2h Tc], UDF1 (80), Gambler_s_Ruin (114)
Gambler_s_Ruin bets 173
UDF1 folds
UDF1 awarded -80
Gambler_s_Ruin awarded 80

Round #200, Gambler_s_Ruin (76072), UDF1 (-76072)
Gambler_s_Ruin posts blind: 10
UDF1 posts blind: 20
Gambler_s_Ruin received [3s 6s]
UDF1 received [Qd 7h]
Gambler_s_Ruin calls
UDF1 checks
Flop [3c Td 8h], Gambler_s_Ruin (20), UDF1 (20)
UDF1 bids 16
Gambler_s_Ruin bids 1892
Gambler_s_Ruin won the auction and was revealed [7h]
Flop [3c Td 8h], Gambler_s_Ruin (36), UDF1 (20)
UDF1 bets 2684
Gambler_s_Ruin raises to 4964
UDF1 calls
Turn [3c Td 8h 6c], Gambler_s_Ruin (5000), UDF1 (4984)
UDF1 checks
Gambler_s_Ruin checks
River [3c Td 8h 6c 5h], Gambler_s_Ruin (5000), UDF1 (4984)
UDF1 checks
Gambler_s_Ruin checks
Gambler_s_Ruin shows [3s 6s]
UDF1 shows [Qd 7h]
Gambler_s_Ruin awarded 4984
UDF1 awarded -4984

Round #201, UDF1 (-81056), Gambler_s_Ruin (81056)
UDF1 posts blind: 10
Gambler_s_Ruin posts blind: 20
UDF1 received [9c 2c]
Gambler_s_Ruin received [7h Ks]
UDF1 folds
UDF1 awarded -10
Gambler_s_Ruin awarded 10

Round #202, Gambler_s_Ruin (81066), UDF1 (-81066)
Gambler_s_Ruin posts blind: 10
UDF1 posts blind: 20
Gambler_s_Ruin received [3s 6c]
UDF1 received [5d Qh]
Gambler_s_Ruin folds
Gambler_s_Ruin awarded -10
UDF1 awarded 10

Round #203, UDF1 (-81056), Gambler_s_Ruin (81056)
UDF1 posts blind: 10
Gambler_s_Ruin posts blind: 20
UDF1 received [Qc 3c]
Gambler_s_Ruin received [Tc 9h]
UDF1 calls
Gambler_s_Ruin raises to 80
UDF1 calls
Flop [3h 9s As], UDF1 (80), Gambler_s_Ruin (80)
Gambler_s_Ruin bids 1869
UDF1 bids 28
Gambler_s_Ruin won the auction and was revealed [Qc]
Flop [3h 9s As], UDF1 (80), Gambler_s_Ruin (108)
Gambler_s_Ruin bets 122
UDF1 calls
Turn [3h 9s As 5c], UDF1 (202), Gambler_s_Ruin (230)
Gambler_s_Ruin bets 280
UDF1 calls
River [3h 9s As 5c 9c], UDF1 (482), Gambler_s_Ruin (510)
Gambler_s_Ruin bets 644
UDF1 calls
UDF1 shows [Qc 3c]
Gambler_s_Ruin shows [Tc 9h]
UDF1 awarded -1126
Gambler_s_Ruin awarded 1126

Round #204, Gambler_s_Ruin (82182), UDF1 (-82182)
Gambler_s_Ruin posts blind: 10
UDF1 posts blind: 20
Gambler_s_Ruin received [Td 8c]
UDF1 received [2s 7s]
Gambler_s_Ruin calls
UDF1 checks
Flop [Js 5d Th], Gambler_s_Ruin (20), UDF1 (20)
UDF1 bids 21
Gambler_s_Ruin bids 1892
Gambler_s_Ruin won the auction and was revealed [7s]
Flop [Js 5d Th], Gambler_s_Ruin (41), UDF1 (20)
UDF1 bets 2248
Gambler_s_Ruin raises to 4496
UDF1 folds
Gambler_s_Ruin awarded 2268
UDF1 awarded -2268

Round #205, UDF1 (-84450), Gambler_s_Ruin (84450)
UDF1 posts blind: 10
Gambler_s_Ruin posts blind: 20
UDF1 received [Kc 2d]
Gambler_s_Ruin received [Qd 2c]
UDF1 calls
Gambler_s_Ruin checks
Flop [2h Kd 6s], UDF1 (20), Gambler_s_Ruin (20)
Gambler_s_Ruin bids 1892
UDF1 bids 20
Gambler_s_Ruin won the auction and was revealed [Kc]
Flop [2h Kd 6s], UDF1 (20), Gambler_s_Ruin (40)
Gambler_s_Ruin checks
UDF1 bets 3712
Gambler_s_Ruin folds
UDF1 awarded 40
Gambler_s_Ruin awarded -40

Round #206, Gambler_s_Ruin (84410), UDF1 (-84410)
Gambler_s_Ruin posts blind: 10
UDF1 posts blind: 20
Gambler_s_Ruin received [6h Td]
UDF1 received [5h Th]
Gambler_s_Ruin calls
UDF1 checks
Flop [Jh 5d 2s], Gambler_s_Ruin (20), UDF1 (20)
UDF1 bids 16
Gambler_s_Ruin bids 1003
Gambler_s_Ruin won the auction and was revealed [5h]
Flop [Jh 5d 2s], Gambler_s_Ruin (36), UDF1 (20)
UDF1 bets 3115
Gambler_s_Ruin folds
Gambler_s_Ruin awarded -36
UDF1 awarded 36

Round #207, UDF1 (-84374), Gambler_s_Ruin (84374)
UDF1 posts blind: 10
Gambler_s_Ruin posts blind: 20
UDF1 received [5s 5d]
Gambler_s_Ruin received [3c 7d]
UDF1 raises to 1574
Gambler_s_Ruin folds
UDF1 awarded 20
Gambler_s_Ruin awarded -20

Round #208, Gambler_s_Ruin (84354), UDF1 (-84354)
Gambler_s_Ruin posts blind: 10
UDF1 posts blind: 20
Gambler_s_Ruin received [Jd 6c]
UDF1 received [3h 7c]
Gambler_s_Ruin calls
UDF1 raises to 337
Gambler_s_Ruin folds
Gambler_s_Ruin awarded -20
UDF1 awarded 20

Round #209, UDF1 (-84334), Gambler_s_Ruin (84334)
UDF1 posts blind: 10
Gambler_s_Ruin posts blind: 20
UDF1 received [Jd Kc]
Gambler_s_Ruin received [Kh 2c]
UDF1 calls
Gambler_s_Ruin checks
Flop [3c 2d 6d], UDF1 (20), Gambler_s_Ruin (20)
Gambler_s_Ruin bids 1892
UDF1 bids 16
Gambler_s_Ruin won the auction and was revealed [Kc]
Flop [3c 2d 6d], UDF1 (20), Gambler_s_Ruin (36)
Gambler_s_Ruin bets 36
UDF1 calls
Turn [3c 2d 6d 2h], UDF1 (56), Gambler_s_Ruin (72)
Gambler_s_Ruin bets 83
UDF1 calls
River [3c 2d 6d 2h 6s], UDF1 (139), Gambler_s_Ruin (155)
Gambler_s_Ruin bets 191
UDF1 calls
UDF1 shows [Jd Kc]
Gambler_s_Ruin shows [Kh 2c]
UDF1 awarded -330
Gambler_s_Ruin awarded 330

Round #210, Gambler_s_Ruin (84664), UDF1 (-84664)
Gambler_s_Ruin posts blind: 10
UDF1 posts blind: 20
Gambler_s_Ruin received [4c Jh]
UDF1 received [Kd Jd]
Gambler_s_Ruin calls
UDF1 raises to 3668
Gambler_s_Ruin folds
Gambler_s_Ruin awarded -20
UDF1 awarded 20

Round #211, UDF1 (-84644), Gambler_s_Ruin (84644)
UDF1 posts blind: 10
Gambler_s_Ruin posts blind: 20
UDF1 received [Qh 3d]
Gambler_s_Ruin received [As 4d]
UDF1 folds
UDF1 awarded -10
Gambler_s_Ruin awarded 10

Round #212, Gambler_s_Ruin (84654), UDF1 (-84654)
Gambler_s_Ruin posts blind: 10
UDF1 posts blind: 20
Gambler_s_Ruin received [2h 5h]
UDF1 received [6s 4s]
Gambler_s_Ruin calls
UDF1 checks
Flop [8c 6h As], Gambler_s_Ruin (20), UDF1 (20)
UDF1 bids 16
Gambler_s_Ruin bids 1024
Gambler_s_Ruin won the auction and was revealed [6s]
Flop [8c 6h As], Gambler_s_Ruin (36), UDF1 (20)
UDF1 bets 3249
Gambler_s_Ruin folds
Gambler_s_Ruin awarded -36
UDF1 awarded 36

Round #213, UDF1 (-84618), Gambler_s_Ruin (84618)
UDF1 posts blind: 10
Gambler_s_Ruin posts blind: 20
UDF1 received [Td Kh]
Gambler_s_Ruin received [Qs 4s]
UDF1 calls
Gambler_s_Ruin raises to 80
UDF1 calls
Flop [4c 5s Ad], UDF1 (80), Gambler_s_Ruin (80)
Gambler_s_Ruin bids 1869
UDF1 bids 27
Gambler_s_Ruin won the auction and was revealed [Kh]
Flop [4c 5s Ad], UDF1 (80), Gambler_s_Ruin (107)
Gambler_s_Ruin checks
UDF1 bets 2831
Gambler_s_Ruin calls
Turn [4c 5s Ad 5d], UDF1 (2911), Gambler_s_Ruin (2938)
Gambler_s_Ruin bets 2062
UDF1 calls
River [4c 5s Ad 5d Tc], UDF1 (4973), Gambler_s_Ruin (5000)
Gambler_s_Ruin checks
UDF1 checks
UDF1 shows [Td Kh]
Gambler_s_Ruin shows [Qs 4s]
UDF1 awarded 5000
Gambler_s_Ruin awarded -5000

Round #214, Gambler_s_Ruin (79618), UDF1 (-79618)
Gambler_s_Ruin posts blind: 10
UDF1 posts blind: 20
Gambler_s_Ruin received [8h Kc]
UDF1 received [2h Kh]
Gambler_s_Ruin calls
UDF1 checks
Flop [7c 9h 4c], Gambler_s_Ruin (20), UDF1 (20)
UDF1 bids 19
Gambler_s_Ruin bids 1892
Gambler_s_Ruin won the auction and was revealed [Kh]
Flop [7c 9h 4c], Gambler_s_Ruin (39), UDF1 (20)
UDF1 bets 2458
Gambler_s_Ruin folds
Gambler_s_Ruin awarded -39
UDF1 awarded 39

Round #215, UDF1 (-79579), Gambler_s_Ruin (79579)
UDF1 posts blind: 10
Gambler_s_Ruin posts blind: 20
UDF1 received [2d Ts]
Gambler_s_Ruin received [8c 8s]
UDF1 calls
Gambler_s_Ruin raises to 60
UDF1 folds
UDF1 awarded -20
Gambler_s_Ruin awarded 20

Round #216, Gambler_s_Ruin (79599), UDF1 (-79599)
Gambler_s_Ruin posts blind: 10
UDF1 posts blind: 20
Gambler_s_Ruin received [7s 3d]
UDF1 received [Ac 6h]
Gambler_s_Ruin folds
Gambler_s_Ruin awarded -10
UDF1 awarded 10

Round #217, UDF1 (-79589), Gambler_s_Ruin (79589)
UDF1 posts blind: 10
Gambler_s_Ruin posts blind: 20
UDF1 received [7h 7s]
Gambler_s_Ruin received [5h 6h]
UDF1 calls
Gambler_s_Ruin checks
Flop [Qh 3h 8d], UDF1 (20), Gambler_s_Ruin (20)
Gambler_s_Ruin bids 1892
UDF1 bids 16
Gambler_s_Ruin won the auction and was revealed [7h]
Flop [Qh 3h 8d], UDF1 (20), Gambler_s_Ruin (36)
Gambler_s_Ruin checks
UDF1 bets 3275
Gambler_s_Ruin folds
UDF1 awarded 36
Gambler_s_Ruin awarded -36

Round #218, Gambler_s_Ruin (79553), UDF1 (-79553)
Gambler_s_Ruin posts blind: 10
UDF1 posts blind: 20
Gambler_s_Ruin received [8s Jd]
UDF1 received [Jh Tc]
Gambler_s_Ruin calls
UDF1 checks
Flop [Kc Qs Ts], Gambler_s_Ruin (20), UDF1 (20)
UDF1 bids 0
Gambler_s_Ruin bids 1892
Gambler_s_Ruin won the auction and was revealed [Jh]
Flop [Kc Qs Ts], Gambler_s_Ruin (20), UDF1 (20)
UDF1 bets 2939
Gambler_s_Ruin folds
Gambler_s_Ruin awarded -20
UDF1 awarded 20

Round #219, UDF1 (-79533), Gambler_s_Ruin (79533)
UDF1 posts blind: 10
Gambler_s_Ruin posts blind: 20
UDF1 received [Kh 8h]
Gambler_s_Ruin received [3h 6c]
UDF1 folds
UDF1 awarded -10
Gambler_s_Ruin awarded 10

Round #220, Gambler_s_Ruin (79543), UDF1 (-79543)
Gambler_s_Ruin posts blind: 10
UDF1 posts blind: 20
Gambler_s_Ruin received [Qd 4c]
UDF1 received [Ad 5s]
Gambler_s_Ruin calls
UDF1 checks
Flop [5h 7c Ac], Gambler_s_Ruin (20), UDF1 (20)
UDF1 bids 16
Gambler_s_Ruin bids 1892
Gambler_s_Ruin won the auction and was revealed [Ad]
Flop [5h 7c Ac], Gambler_s_Ruin (36), UDF1 (20)
UDF1 bets 3682
Gambler_s_Ruin folds
Gambler_s_Ruin awarded -36
UDF1 awarded 36

Round #221, UDF1 (-79507), Gambler_s_Ruin (79507)
UDF1 posts blind: 10
Gambler_s_Ruin posts blind: 20
UDF1 received [8h Js]
Gambler_s_Ruin received [Jc 4h]
UDF1 folds
UDF1 awarded -10
Gambler_s_Ruin awarded 10

Round #222, Gambler_s_Ruin (79517), UDF1 (-79517)
Gambler_s_Ruin posts blind: 10
UDF1 posts blind: 20
Gambler_s_Ruin received [8d 3s]
UDF1 received [Ac 6h]
Gambler_s_Ruin calls
UDF1 checks
Flop [5c 4h Qc], Gambler_s_Ruin (20), UDF1 (20)
UDF1 bids 16
Gambler_s_Ruin bids 1061
Gambler_s_Ruin won the auction and was revealed [Ac]
Flop [5c 4h Qc], Gambler_s_Ruin (36), UDF1 (20)
UDF1 bets 2659
Gambler_s_Ruin folds
Gambler_s_Ruin awarded -36
UDF1 awarded 36

Round #223, UDF1 (-79481), Gambler_s_Ruin (79481)
UDF1 posts blind: 10
Gambler_s_Ruin posts blind: 20
UDF1 received [4c Qc]
Gambler_s_Ruin received [Kc 3s]
UDF1 folds
UDF1 awarded -10
Gambler_s_Ruin awarded 10

Round #224, Gambler_s_Ruin (79491), UDF1 (-79491)
Gambler_s_Ruin posts blind: 10
UDF1 posts blind: 20
Gambler_s_Ruin received [Ks 3s]
UDF1 received [4h Js]
Gambler_s_Ruin calls
UDF1 checks
Flop [Qd Ts 3c], Gambler_s_Ruin (20), UDF1 (20)
UDF1 bids 16
Gambler_s_Ruin bids 1892
Gambler_s_Ruin won the auction and was revealed [Js]
Flop [Qd Ts 3c], Gambler_s_Ruin (36), UDF1 (20)
UDF1 bets 2830
Gambler_s_Ruin calls
Turn [Qd Ts 3c Kc], Gambler_s_Ruin (2866), UDF1 (2850)
UDF1 bets 1176
Gambler_s_Ruin calls
River [Qd Ts 3c Kc 9h], Gambler_s_Ruin (4042), UDF1 (4026)
UDF1 bets 646
Gambler_s_Ruin folds
Gambler_s_Ruin awarded -4042
UDF1 awarded 4042

Round #225, UDF1 (-75449), Gambler_s_Ruin (75449)
UDF1 posts blind: 10
Gambler_s_Ruin posts blind: 20
UDF1 received [6d Kh]
Gambler_s_Ruin received [4c Kc]
UDF1 folds
UDF1 awarded -10
Gambler_s_Ruin awarded 10

Round #226, Gambler_s_Ruin (75459), UDF1 (-75459)
Gambler_s_Ruin posts blind: 10
UDF1 posts blind: 20
Gambler_s_Ruin received [4c 5c]
UDF1 received [9s Qs]
Gambler_s_Ruin calls
UDF1 checks
Flop [6d Jd 8c], Gambler_s_Ruin (20), UDF1 (20)
UDF1 bids 18
Gambler_s_Ruin bids 1076
Gambler_s_Ruin won the auction and was revealed [Qs]
Flop [6d Jd 8c], Gambler_s_Ruin (38), UDF1 (20)
UDF1 bets 2775
Gambler_s_Ruin folds
Gambler_s_Ruin awarded -38
UDF1 awarded 38

Round #227, UDF1 (-75421), Gambler_s_Ruin (75421)
UDF1 posts blind: 10
Gambler_s_Ruin posts blind: 20
UDF1 received [2d 6h]
Gambler_s_Ruin received [Ad 4h]
UDF1 calls
Gambler_s_Ruin raises to 80
UDF1 calls
Flop [Ac 8s Ah], UDF1 (80), Gambler_s_Ruin (80)
Gambler_s_Ruin bids 1869
UDF1 bids 31
Gambler_s_Ruin won the auction and was revealed [6h]
Flop [Ac 8s Ah], UDF1 (80), Gambler_s_Ruin (111)
Gambler_s_Ruin bets 189
UDF1 folds
UDF1 awarded -80
Gambler_s_Ruin awarded 80

Round #228, Gambler_s_Ruin (75501), UDF1 (-75501)
Gambler_s_Ruin posts blind: 10
UDF1 posts blind: 20
Gambler_s_Ruin received [Qc Kh]
UDF1 received [3d Qd]
Gambler_s_Ruin raises to 60
UDF1 calls
Flop [6d 2c 4d], Gambler_s_Ruin (60), UDF1 (60)
UDF1 bids 21
Gambler_s_Ruin bids 1877
Gambler_s_Ruin won the auction and was revealed [Qd]
Flop [6d 2c 4d], Gambler_s_Ruin (81), UDF1 (60)
UDF1 bets 2828
Gambler_s_Ruin folds
Gambler_s_Ruin awarded -81
UDF1 awarded 81

Round #229, UDF1 (-75420), Gambler_s_Ruin (75420)
UDF1 posts blind: 10
Gambler_s_Ruin posts blind: 20
UDF1 received [6d Kh]
Gambler_s_Ruin received [Qh Kc]
UDF1 folds
UDF1 awarded -10
Gambler_s_Ruin awarded 10

Round #230, Gambler_s_Ruin (75430), UDF1 (-75430)
Gambler_s_Ruin posts blind: 10
UDF1 posts blind: 20
Gambler_s_Ruin received [Qc 9s]
UDF1 received [5d Qs]
Gambler_s_Ruin calls
UDF1 checks
Flop [2d 3c 6s], Gambler_s_Ruin (20), UDF1 (20)
UDF1 bids 18
Gambler_s_Ruin bids 1892
Gambler_s_Ruin won the auction and was revealed [5d]
Flop [2d 3c 6s], Gambler_s_Ruin (38), UDF1 (20)
UDF1 bets 2623
Gambler_s_Ruin folds
Gambler_s_Ruin awarded -38
UDF1 awarded 38

Round #231, UDF1 (-75392), Gambler_s_Ruin (75392)
UDF1 posts blind: 10
Gambler_s_Ruin posts blind: 20
UDF1 received [8h 4s]
Gambler_s_Ruin received [4d Ah]
UDF1 folds
UDF1 awarded -10
Gambler_s_Ruin awarded 10

Round #232, Gambler_s_Ruin (75402), UDF1 (-75402)
Gambler_s_Ruin posts blind: 10
UDF1 posts blind: 20
Gambler_s_Ruin received [7h Jd]
UDF1 received [Ts 4s]
Gambler_s_Ruin calls
UDF1 checks
Flop [Qc 5h 2h], Gambler_s_Ruin (20), UDF1 (20)
UDF1 bids 19
Gambler_s_Ruin bids 1292
Gambler_s_Ruin won the auction and was revealed [4s]
Flop [Qc 5h 2h], Gambler_s_Ruin (39), UDF1 (20)
UDF1 bets 2529
Gambler_s_Ruin raises to 4961
UDF1 calls
Turn [Qc 5h 2h Ad], Gambler_s_Ruin (5000), UDF1 (4981)
UDF1 checks
Gambler_s_Ruin checks
River [Qc 5h 2h Ad 6s], Gambler_s_Ruin (5000), UDF1 (4981)
UDF1 checks
Gambler_s_Ruin checks
Gambler_s_Ruin shows [7h Jd]
UDF1 shows [Ts 4s]
Gambler_s_Ruin awarded 4981
UDF1 awarded -4981

Round #233, UDF1 (-80383), Gambler_s_Ruin (80383)
UDF1 posts blind: 10
Gambler_s_Ruin posts blind: 20
UDF1 received [Ts 9s]
Gambler_s_Ruin received [7h 3s]
UDF1 calls
Gambler_s_Ruin checks
Flop [Jd Ac Ah], UDF1 (20), Gambler_s_Ruin (20)
Gambler_s_Ruin bids 1104
UDF1 bids 16
Gambler_s_Ruin won the auction and was revealed [Ts]
Flop [Jd Ac Ah], UDF1 (20), Gambler_s_Ruin (36)
Gambler_s_Ruin checks
UDF1 bets 2415
Gambler_s_Ruin folds
UDF1 awarded 36
Gambler_s_Ruin awarded -36

Round #234, Gambler_s_Ruin (80347), UDF1 (-80347)
Gambler_s_Ruin posts blind: 10
UDF1 posts blind: 20
Gambler_s_Ruin received [Kh 7s]
UDF1 received [3d 7d]
Gambler_s_Ruin calls
UDF1 checks
Flop [Qs Qh Ts], Gambler_s_Ruin (20), UDF1 (20)
UDF1 bids 16
Gambler_s_Ruin bids 1892
Gambler_s_Ruin won the auction and was revealed [3d]
Flop [Qs Qh Ts], Gambler_s_Ruin (36), UDF1 (20)
UDF1 bets 1973
Gambler_s_Ruin raises to 3946
UDF1 folds
Gambler_s_Ruin awarded 1993
UDF1 awarded -1993

Round #235, UDF1 (-82340), Gambler_s_Ruin (82340)
UDF1 posts blind: 10
Gambler_s_Ruin posts blind: 20
UDF1 received [7h 9h]
Gambler_s_Ruin received [8s Jd]
UDF1 folds
UDF1 awarded -10
Gambler_s_Ruin awarded 10

Round #236, Gambler_s_Ruin (82350), UDF1 (-82350)
Gambler_s_Ruin posts blind: 10
UDF1 posts blind: 20
Gambler_s_Ruin received [7s Qd]
UDF1 received [Tc 5d]
Gambler_s_Ruin calls
UDF1 checks
Flop [Kc 2d 6h], Gambler_s_Ruin (20), UDF1 (20)
UDF1 bids 16
Gambler_s_Ruin bids 1297
Gambler_s_Ruin won the auction and was revealed [Tc]
Flop [Kc 2d 6h], Gambler_s_Ruin (36), UDF1 (20)
UDF1 bets 2716
Gambler_s_Ruin folds
Gambler_s_Ruin awarded -36
UDF1 awarded 36

Round #237, UDF1 (-82314), Gambler_s_Ruin (82314)
UDF1 posts blind: 10
Gambler_s_Ruin posts blind: 20
UDF1 received [Kh 2c]
Gambler_s_Ruin received [2s 7s]
UDF1 raises to 337
Gambler_s_Ruin folds
UDF1 awarded 20
Gambler_s_Ruin awarded -20

Round #238, Gambler_s_Ruin (82294), UDF1 (-82294)
Gambler_s_Ruin posts blind: 10
UDF1 posts blind: 20
Gambler_s_Ruin received [Qd 5s]
UDF1 received [4h Td]
Gambler_s_Ruin calls
UDF1 checks
Flop [6c 4c Kd], Gambler_s_Ruin (20), UDF1 (20)
UDF1 bids 16
Gambler_s_Ruin bids 1892
Gambler_s_Ruin won the auction and was revealed [4h]
Flop [6c 4c Kd], Gambler_s_Ruin (36), UDF1 (20)
UDF1 bets 2777
Gambler_s_Ruin folds
Gambler_s_Ruin awarded -36
UDF1 awarded 36

Round #239, UDF1 (-82258), Gambler_s_Ruin (82258)
UDF1 posts blind: 10
Gambler_s_Ruin posts blind: 20
UDF1 received [6c Jh]
Gambler_s_Ruin received [9d 2s]
UDF1 calls
Gambler_s_Ruin checks
Flop [2h Qd 9c], UDF1 (20), Gambler_s_Ruin (20)
Gambler_s_Ruin bids 1892
UDF1 bids 16
Gambler_s_Ruin won the auction and was revealed [Jh]
Flop [2h Qd 9c], UDF1 (20), Gambler_s_Ruin (36)
Gambler_s_Ruin bets 36
UDF1 calls
Turn [2h Qd 9c 6h], UDF1 (56), Gambler_s_Ruin (72)
Gambler_s_Ruin bets 83
UDF1 raises to 3207
Gambler_s_Ruin raises to 4928
UDF1 calls
River [2h Qd 9c 6h Jc], UDF1 (4984), Gambler_s_Ruin (5000)
Gambler_s_Ruin checks
UDF1 checks
UDF1 shows [6c Jh]
Gambler_s_Ruin shows [9d 2s]
UDF1 awarded 5000
Gambler_s_Ruin awarded -5000

Round #240, Gambler_s_Ruin (77258), UDF1 (-77258)
Gambler_s_Ruin posts blind: 10
UDF1 posts blind: 20
Gambler_s_Ruin received [2s 5d]
UDF1 received [7s Tc]
Gambler_s_Ruin folds
Gambler_s_Ruin awarded -10
UDF1 awarded 10

Round #241, UDF1 (-77248), Gambler_s_Ruin (77248)
UDF1 posts blind: 10
Gambler_s_Ruin posts blind: 20
UDF1 received [7d 8s]
Gambler_s_Ruin received [Qh Jh]
UDF1 folds
UDF1 awarded -10
Gambler_s_Ruin awarded 10

Round #242, Gambler_s_Ruin (77258), UDF1 (-77258)
Gambler_s_Ruin posts blind: 10
UDF1 posts blind: 20
Gambler_s_Ruin received [6c 4s]
UDF1 received [Js 6d]
Gambler_s_Ruin folds
Gambler_s_Ruin awarded -10
UDF1 awarded 10

Round #243, UDF1 (-77248), Gambler_s_Ruin (77248)
UDF1 posts blind: 10
Gambler_s_Ruin posts blind: 20
UDF1 received [7d 4h]
Gambler_s_Ruin received [Qs 2d]
UDF1 folds
UDF1 awarded -10
Gambler_s_Ruin awarded 10

Round #244, Gambler_s_Ruin (77258), UDF1 (-77258)
Gambler_s_Ruin posts blind: 10
UDF1 posts blind: 20
Gambler_s_Ruin received [Th 5c]
UDF1 received [3c 8s]
Gambler_s_Ruin calls
UDF1 checks
Flop [Js Qs 2h], Gambler_s_Ruin (20), UDF1 (20)
UDF1 bids 17
Gambler_s_Ruin bids 1278
Gambler_s_Ruin won the auction and was revealed [8s]
Flop [Js Qs 2h], Gambler_s_Ruin (37), UDF1 (20)
UDF1 bets 2327
Gambler_s_Ruin folds
Gambler_s_Ruin awarded -37
UDF1 awarded 37

Round #245, UDF1 (-77221), Gambler_s_Ruin (77221)
UDF1 posts blind: 10
Gambler_s_Ruin posts blind: 20
UDF1 received [3d 7s]
Gambler_s_Ruin received [8c Ac]
UDF1 raises to 337
Gambler_s_Ruin folds
UDF1 awarded 20
Gambler_s_Ruin awarded -20

Round #246, Gambler_s_Ruin (77201), UDF1 (-77201)
Gambler_s_Ruin posts blind: 10
UDF1 posts blind: 20
Gambler_s_Ruin received [Kh Ks]
UDF1 received [Qc 3d]
Gambler_s_Ruin raises to 60
UDF1 calls
Flop [7h 9d As], Gambler_s_Ruin (60), UDF1 (60)
UDF1 bids 29
Gambler_s_Ruin bids 1877
Gambler_s_Ruin won the auction and was revealed [Qc]
Flop [7h 9d As], Gambler_s_Ruin (89), UDF1 (60)
UDF1 bets 2924
Gambler_s_Ruin raises to 4911
UDF1 calls
Turn [7h 9d As 5h], Gambler_s_Ruin (5000), UDF1 (4971)
UDF1 checks
Gambler_s_Ruin checks
River [7h 9d As 5h 2c], Gambler_s_Ruin (5000), UDF1 (4971)
UDF1 checks
Gambler_s_Ruin checks
Gambler_s_Ruin shows [Kh Ks]
UDF1 shows [Qc 3d]
Gambler_s_Ruin awarded 4971
UDF1 awarded -4971

Round #247, UDF1 (-82172), Gambler_s_Ruin (82172)
UDF1 posts blind: 10
Gambler_s_Ruin posts blind: 20
UDF1 received [3h 5s]
Gambler_s_Ruin received [Ac Ad]
UDF1 calls
Gambler_s_Ruin raises to 60
UDF1 folds
UDF1 awarded -20
Gambler_s_Ruin awarded 20

Round #248, Gambler_s_Ruin (82192), UDF1 (-82192)
Gambler_s_Ruin posts blind: 10
UDF1 posts blind: 20
Gambler_s_Ruin received [Ad Js]
UDF1 received [2h 4d]
Gambler_s_Ruin raises to 60
UDF1 raises to 394
Gambler_s_Ruin raises to 1002
UDF1 folds
Gambler_s_Ruin awarded 394
UDF1 awarded -394

Round #249, UDF1 (-82586), Gambler_s_Ruin (82586)
UDF1 posts blind: 10
Gambler_s_Ruin posts blind: 20
UDF1 received [3c 3h]
Gambler_s_Ruin received [8h 3s]
UDF1 calls
Gambler_s_Ruin checks
Flop [5d Td 9c], UDF1 (20), Gambler_s_Ruin (20)
Gambler_s_Ruin bids 1168
UDF1 bids 16
Gambler_s_Ruin won the auction and was revealed [3c]
Flop [5d Td 9c], UDF1 (20), Gambler_s_Ruin (36)
Gambler_s_Ruin checks
UDF1 bets 2698
Gambler_s_Ruin folds
UDF1 awarded 36
Gambler_s_Ruin awarded -36

Round #250, Gambler_s_Ruin (82550), UDF1 (-82550)
Gambler_s_Ruin posts blind: 10
UDF1 posts blind: 20
Gambler_s_Ruin received [Ah 8s]
UDF1 received [9h 8h]
Gambler_s_Ruin calls
UDF1 raises to 1285
Gambler_s_Ruin attempted illegal ActionRaise with amount 2530
Gambler_s_Ruin folds
Gambler_s_Ruin awarded -20
UDF1 awarded 20

Round #251, UDF1 (-82530), Gambler_s_Ruin (82530)
UDF1 posts blind: 10
Gambler_s_Ruin posts blind: 20
UDF1 received [2c 9d]
Gambler_s_Ruin received [8c Ks]
UDF1 folds
UDF1 awarded -10
Gambler_s_Ruin awarded 10

Round #252, Gambler_s_Ruin (82540), UDF1 (-82540)
Gambler_s_Ruin posts blind: 10
UDF1 posts blind: 20
Gambler_s_Ruin received [Ac 9c]
UDF1 received [8h 8c]
Gambler_s_Ruin raises to 60
UDF1 raises to 3602
Gambler_s_Ruin raises to 5000
UDF1 calls
Flop [Ad 3c As], Gambler_s_Ruin (5000), UDF1 (5000)
UDF1 bids 0
Gambler_s_Ruin bids 0
Gambler_s_Ruin won the auction and was revealed [8h]
UDF1 won the auction and was revealed [9c]
Flop [Ad 3c As], Gambler_s_Ruin (5000), UDF1 (5000)
UDF1 checks
Gambler_s_Ruin checks
Turn [Ad 3c As 9h], Gambler_s_Ruin (5000), UDF1 (5000)
UDF1 checks
Gambler_s_Ruin checks
River [Ad 3c As 9h 2c], Gambler_s_Ruin (5000), UDF1 (5000)
UDF1 checks
Gambler_s_Ruin checks
Gambler_s_Ruin shows [Ac 9c]
UDF1 shows [8h 8c]
Gambler_s_Ruin awarded 5000
UDF1 awarded -5000

Round #253, UDF1 (-87540), Gambler_s_Ruin (87540)
UDF1 posts blind: 10
Gambler_s_Ruin posts blind: 20
UDF1 received [9c 6s]
Gambler_s_Ruin received [7d Qc]
UDF1 folds
UDF1 awarded -10
Gambler_s_Ruin awarded 10

Round #254, Gambler_s_Ruin (87550), UDF1 (-87550)
Gambler_s_Ruin posts blind: 10
UDF1 posts blind: 20
Gambler_s_Ruin received [7d 5c]
UDF1 received [Qh Jc]
Gambler_s_Ruin folds
Gambler_s_Ruin awarded -10
UDF1 awarded 10

Round #255, UDF1 (-87540), Gambler_s_Ruin (87540)
UDF1 posts blind: 10
Gambler_s_Ruin posts blind: 20
UDF1 received [Ts 9h]
Gambler_s_Ruin received [6d 4s]
UDF1 raises to 337
Gambler_s_Ruin folds
UDF1 awarded 20
Gambler_s_Ruin awarded -20

Round #256, Gambler_s_Ruin (87520), UDF1 (-87520)
Gambler_s_Ruin posts blind: 10
UDF1 posts blind: 20
Gambler_s_Ruin received [5c 2s]
UDF1 received [8d Ts]
Gambler_s_Ruin folds
Gambler_s_Ruin awarded -10
UDF1 awarded 10

Round #257, UDF1 (-87510), Gambler_s_Ruin (87510)
UDF1 posts blind: 10
Gambler_s_Ruin posts blind: 20
UDF1 received [Qd 3d]
Gambler_s_Ruin received [5s Js]
UDF1 folds
UDF1 awarded -10
Gambler_s_Ruin awarded 10

Round #258, Gambler_s_Ruin (87520), UDF1 (-87520)
Gambler_s_Ruin posts blind: 10
UDF1 posts blind: 20
Gambler_s_Ruin received [Qh 3d]
UDF1 received [2d Qd]
Gambler_s_Ruin calls
UDF1 checks
Flop [Tc Kc 4d], Gambler_s_Ruin (20), UDF1 (20)
UDF1 bids 22
Gambler_s_Ruin bids 1297
Gambler_s_Ruin won the auction and was revealed [Qd]
Flop [Tc Kc 4d], Gambler_s_Ruin (42), UDF1 (20)
UDF1 bets 2801
Gambler_s_Ruin folds
Gambler_s_Ruin awarded -42
UDF1 awarded 42

Round #259, UDF1 (-87478), Gambler_s_Ruin (87478)
UDF1 posts blind: 10
Gambler_s_Ruin posts blind: 20
UDF1 received [Qd 3c]
Gambler_s_Ruin received [6s 2s]
UDF1 folds
UDF1 awarded -10
Gambler_s_Ruin awarded 10

Round #260, Gambler_s_Ruin (87488), UDF1 (-87488)
Gambler_s_Ruin posts blind: 10
UDF1 posts blind: 20
Gambler_s_Ruin received [Qc 3h]
UDF1 received [2d 6c]
Gambler_s_Ruin calls
UDF1 checks
Flop [Qs Kd Tc], Gambler_s_Ruin (20), UDF1 (20)
UDF1 bids 16
Gambler_s_Ruin bids 1892
Gambler_s_Ruin won the auction and was revealed [6c]
Flop [Qs Kd Tc], Gambler_s_Ruin (36), UDF1 (20)
UDF1 bets 2421
Gambler_s_Ruin raises to 4842
UDF1 folds
Gambler_s_Ruin awarded 2441
UDF1 awarded -2441

Round #261, UDF1 (-89929), Gambler_s_Ruin (89929)
UDF1 posts blind: 10
Gambler_s_Ruin posts blind: 20
UDF1 received [Ad 5h]
Gambler_s_Ruin received [5c 3d]
UDF1 calls
Gambler_s_Ruin checks
Flop [6h 5s 3s], UDF1 (20), Gambler_s_Ruin (20)
Gambler_s_Ruin bids 1892
UDF1 bids 16
Gambler_s_Ruin won the auction and was revealed [Ad]
Flop [6h 5s 3s], UDF1 (20), Gambler_s_Ruin (36)
Gambler_s_Ruin bets 36
UDF1 calls
Turn [6h 5s 3s 2c], UDF1 (56), Gambler_s_Ruin (72)
Gambler_s_Ruin bets 83
UDF1 calls
River [6h 5s 3s 2c 5d], UDF1 (139), Gambler_s_Ruin (155)
Gambler_s_Ruin bets 191
UDF1 raises to 2903
Gambler_s_Ruin raises to 4845
UDF1 calls
UDF1 shows [Ad 5h]
Gambler_s_Ruin shows [5c 3d]
UDF1 awarded -4984
Gambler_s_Ruin awarded 4984

Round #262, Gambler_s_Ruin (94913), UDF1 (-94913)
Gambler_s_Ruin posts blind: 10
UDF1 posts blind: 20
Gambler_s_Ruin received [2c Ks]
UDF1 received [Td Kc]
Gambler_s_Ruin calls
UDF1 checks
Flop [3h Ts 5d], Gambler_s_Ruin (20), UDF1 (20)
UDF1 bids 16
Gambler_s_Ruin bids 1892
Gambler_s_Ruin won the auction and was revealed [Kc]
Flop [3h Ts 5d], Gambler_s_Ruin (36), UDF1 (20)
UDF1 bets 3399
Gambler_s_Ruin folds
Gambler_s_Ruin awarded -36
UDF1 awarded 36

Round #263, UDF1 (-94877), Gambler_s_Ruin (94877)
UDF1 posts blind: 10
Gambler_s_Ruin posts blind: 20
UDF1 received [9d 2c]
Gambler_s_Ruin received [7s 8s]
UDF1 folds
UDF1 awarded -10
Gambler_s_Ruin awarded 10

Round #264, Gambler_s_Ruin (94887), UDF1 (-94887)
Gambler_s_Ruin posts blind: 10
UDF1 posts blind: 20
Gambler_s_Ruin received [9d Js]
UDF1 received [7d Td]
Gambler_s_Ruin calls
UDF1 checks
Flop [6s 3c Qd], Gambler_s_Ruin (20), UDF1 (20)
UDF1 bids 16
Gambler_s_Ruin bids 1892
Gambler_s_Ruin won the auction and was revealed [Td]
Flop [6s 3c Qd], Gambler_s_Ruin (36), UDF1 (20)
UDF1 bets 2784
Gambler_s_Ruin folds
Gambler_s_Ruin awarded -36
UDF1 awarded 36

Round #265, UDF1 (-94851), Gambler_s_Ruin (94851)
UDF1 posts blind: 10
Gambler_s_Ruin posts blind: 20
UDF1 received [3h 7d]
Gambler_s_Ruin received [Qh 4h]
UDF1 folds
UDF1 awarded -10
Gambler_s_Ruin awarded 10

Round #266, Gambler_s_Ruin (94861), UDF1 (-94861)
Gambler_s_Ruin posts blind: 10
UDF1 posts blind: 20
Gambler_s_Ruin received [6c 4h]
UDF1 received [6d 3d]
Gambler_s_Ruin folds
Gambler_s_Ruin awarded -10
UDF1 awarded 10

Round #267, UDF1 (-94851), Gambler_s_Ruin (94851)
UDF1 posts blind: 10
Gambler_s_Ruin posts blind: 20
UDF1 received [As Ks]
Gambler_s_Ruin received [7c Qh]
UDF1 raises to 4490
Gambler_s_Ruin folds
UDF1 awarded 20
Gambler_s_Ruin awarded -20

Round #268, Gambler_s_Ruin (94831), UDF1 (-94831)
Gambler_s_Ruin posts blind: 10
UDF1 posts blind: 20
Gambler_s_Ruin received [7d 7h]
UDF1 received [9h Js]
Gambler_s_Ruin calls
UDF1 checks
Flop [Ad Jd Qd], Gambler_s_Ruin (20), UDF1 (20)
UDF1 bids 16
Gambler_s_Ruin bids 1892
Gambler_s_Ruin won the auction and was revealed [9h]
Flop [Ad Jd Qd], Gambler_s_Ruin (36), UDF1 (20)
UDF1 bets 2478
Gambler_s_Ruin raises to 4956
UDF1 calls
Turn [Ad Jd Qd 5c], Gambler_s_Ruin (4992), UDF1 (4976)
UDF1 bets 8
Gambler_s_Ruin calls
River [Ad Jd Qd 5c 7s], Gambler_s_Ruin (5000), UDF1 (4984)
UDF1 checks
Gambler_s_Ruin checks
Gambler_s_Ruin shows [7d 7h]
UDF1 shows [9h Js]
Gambler_s_Ruin awarded 4984
UDF1 awarded -4984

Round #269, UDF1 (-99815), Gambler_s_Ruin (99815)
UDF1 posts blind: 10
Gambler_s_Ruin posts blind: 20
UDF1 received [4h 6d]
Gambler_s_Ruin received [Jd 4c]
UDF1 folds
UDF1 awarded -10
Gambler_s_Ruin awarded 10

Round #270, Gambler_s_Ruin (99825), UDF1 (-99825)
Gambler_s_Ruin posts blind: 10
UDF1 posts blind: 20
Gambler_s_Ruin received [Qs 4s]
UDF1 received [8s 2s]
Gambler_s_Ruin calls
UDF1 checks
Flop [Kh 4d 2c], Gambler_s_Ruin (20), UDF1 (20)
UDF1 bids 0
Gambler_s_Ruin bids 1892
Gambler_s_Ruin won the auction and was revealed [8s]
Flop [Kh 4d 2c], Gambler_s_Ruin (20), UDF1 (20)
UDF1 bets 2773
Gambler_s_Ruin raises to 4980
UDF1 calls
Turn [Kh 4d 2c Qc], Gambler_s_Ruin (5000), UDF1 (5000)
UDF1 checks
Gambler_s_Ruin checks
River [Kh 4d 2c Qc 6s], Gambler_s_Ruin (5000), UDF1 (5000)
UDF1 checks
Gambler_s_Ruin checks
Gambler_s_Ruin shows [Qs 4s]
UDF1 shows [8s 2s]
Gambler_s_Ruin awarded 5000
UDF1 awarded -5000

Round #271, UDF1 (-104825), Gambler_s_Ruin (104825)
UDF1 posts blind: 10
Gambler_s_Ruin posts blind: 20
UDF1 received [5c 8d]
Gambler_s_Ruin received [8h 7s]
UDF1 folds
UDF1 awarded -10
Gambler_s_Ruin awarded 10

Round #272, Gambler_s_Ruin (104835), UDF1 (-104835)
Gambler_s_Ruin posts blind: 10
UDF1 posts blind: 20
Gambler_s_Ruin received [Kh Jh]
UDF1 received [5d Ts]
Gambler_s_Ruin raises to 60
UDF1 folds
Gambler_s_Ruin awarded 20
UDF1 awarded -20

Round #273, UDF1 (-104855), Gambler_s_Ruin (104855)
UDF1 posts blind: 10
Gambler_s_Ruin posts blind: 20
UDF1 received [3d Th]
Gambler_s_Ruin received [Jc 7d]
UDF1 folds
UDF1 awarded -10
Gambler_s_Ruin awarded 10

Round #274, Gambler_s_Ruin (104865), UDF1 (-104865)
Gambler_s_Ruin posts blind: 10
UDF1 posts blind: 20
Gambler_s_Ruin received [Ks Kc]
UDF1 received [Ac 9c]
Gambler_s_Ruin raises to 60
UDF1 calls
Flop [8h 6s 2s], Gambler_s_Ruin (60), UDF1 (60)
UDF1 bids 32
Gambler_s_Ruin bids 1877
Gambler_s_Ruin won the auction and was revealed [9c]
Flop [8h 6s 2s], Gambler_s_Ruin (92), UDF1 (60)
UDF1 bets 2834
Gambler_s_Ruin raises to 4908
UDF1 calls
Turn [8h 6s 2s 9h], Gambler_s_Ruin (5000), UDF1 (4968)
UDF1 checks
Gambler_s_Ruin checks
River [8h 6s 2s 9h Jc], Gambler_s_Ruin (5000), UDF1 (4968)
UDF1 checks
Gambler_s_Ruin checks
Gambler_s_Ruin shows [Ks Kc]
UDF1 shows [Ac 9c]
Gambler_s_Ruin awarded 4968
UDF1 awarded -4968

Round #275, UDF1 (-109833), Gambler_s_Ruin (109833)
UDF1 posts blind: 10
Gambler_s_Ruin posts blind: 20
UDF1 received [8c 9c]
Gambler_s_Ruin received [3c 2s]
UDF1 calls
Gambler_s_Ruin checks
Flop [7s 6h 7c], UDF1 (20), Gambler_s_Ruin (20)
Gambler_s_Ruin bids 1280
UDF1 bids 16
Gambler_s_Ruin won the auction and was revealed [8c]
Flop [7s 6h 7c], UDF1 (20), Gambler_s_Ruin (36)
Gambler_s_Ruin checks
UDF1 bets 2413
Gambler_s_Ruin folds
UDF1 awarded 36
Gambler_s_Ruin awarded -36

Round #276, Gambler_s_Ruin (109797), UDF1 (-109797)
Gambler_s_Ruin posts blind: 10
UDF1 posts blind: 20
Gambler_s_Ruin received [Ah Tc]
UDF1 received [7d 2s]
Gambler_s_Ruin raises to 60
UDF1 raises to 394
Gambler_s_Ruin raises to 1002
UDF1 folds
Gambler_s_Ruin awarded 394
UDF1 awarded -394

Round #277, UDF1 (-110191), Gambler_s_Ruin (110191)
UDF1 posts blind: 10
Gambler_s_Ruin posts blind: 20
UDF1 received [Jc 6d]
Gambler_s_Ruin received [9c 4d]
UDF1 calls
Gambler_s_Ruin checks
Flop [Qd Qs 6h], UDF1 (20), Gambler_s_Ruin (20)
Gambler_s_Ruin bids 1289
UDF1 bids 16
Gambler_s_Ruin won the auction and was revealed [Jc]
Flop [Qd Qs 6h], UDF1 (20), Gambler_s_Ruin (36)
Gambler_s_Ruin checks
UDF1 bets 2953
Gambler_s_Ruin folds
UDF1 awarded 36
Gambler_s_Ruin awarded -36

Round #278, Gambler_s_Ruin (110155), UDF1 (-110155)
Gambler_s_Ruin posts blind: 10
UDF1 posts blind: 20
Gambler_s_Ruin received [7s 6h]
UDF1 received [8d 7h]
Gambler_s_Ruin calls
UDF1 checks
Flop [2d 6s 4d], Gambler_s_Ruin (20), UDF1 (20)
UDF1 bids 21
Gambler_s_Ruin bids 1892
Gambler_s_Ruin won the auction and was revealed [7h]
Flop [2d 6s 4d], Gambler_s_Ruin (41), UDF1 (20)
UDF1 bets 2612
Gambler_s_Ruin raises to 4959
UDF1 calls
Turn [2d 6s 4d 5s], Gambler_s_Ruin (5000), UDF1 (4979)
UDF1 checks
Gambler_s_Ruin checks
River [2d 6s 4d 5s Js], Gambler_s_Ruin (5000), UDF1 (4979)
UDF1 checks
Gambler_s_Ruin checks
Gambler_s_Ruin shows [7s 6h]
UDF1 shows [8d 7h]
Gambler_s_Ruin awarded -5000
UDF1 awarded 5000

Round #279, UDF1 (-105155), Gambler_s_Ruin (105155)
UDF1 posts blind: 10
Gambler_s_Ruin posts blind: 20
UDF1 received [7h 8c]
Gambler_s_Ruin received [4d Ts]
UDF1 calls
Gambler_s_Ruin checks
Flop [Ah Jd Ac], UDF1 (20), Gambler_s_Ruin (20)
Gambler_s_Ruin bids 1298
UDF1 bids 16
Gambler_s_Ruin won the auction and was revealed [8c]
Flop [Ah Jd Ac], UDF1 (20), Gambler_s_Ruin (36)
Gambler_s_Ruin bets 50
UDF1 folds
UDF1 awarded -20
Gambler_s_Ruin awarded 20

Round #280, Gambler_s_Ruin (105175), UDF1 (-105175)
Gambler_s_Ruin posts blind: 10
UDF1 posts blind: 20
Gambler_s_Ruin received [Jh 5h]
UDF1 received [8d 7c]
Gambler_s_Ruin calls
UDF1 checks
Flop [Js Kc Tc], Gambler_s_Ruin (20), UDF1 (20)
UDF1 bids 17
Gambler_s_Ruin bids 1892
Gambler_s_Ruin won the auction and was revealed [8d]
Flop [Js Kc Tc], Gambler_s_Ruin (37), UDF1 (20)
UDF1 bets 2699
Gambler_s_Ruin raises to 4963
UDF1 calls
Turn [Js Kc Tc Kd], Gambler_s_Ruin (5000), UDF1 (4983)
UDF1 checks
Gambler_s_Ruin checks
River [Js Kc Tc Kd 4s], Gambler_s_Ruin (5000), UDF1 (4983)
UDF1 checks
Gambler_s_Ruin checks
Gambler_s_Ruin shows [Jh 5h]
UDF1 shows [8d 7c]
Gambler_s_Ruin awarded 4983
UDF1 awarded -4983

Round #281, UDF1 (-110158), Gambler_s_Ruin (110158)
UDF1 posts blind: 10
Gambler_s_Ruin posts blind: 20
UDF1 received [2h Ad]
Gambler_s_Ruin received [Js 4d]
UDF1 raises to 337
Gambler_s_Ruin folds
UDF1 awarded 20
Gambler_s_Ruin awarded -20

Round #282, Gambler_s_Ruin (110138), UDF1 (-110138)
Gambler_s_Ruin posts blind: 10
UDF1 posts blind: 20
Gambler_s_Ruin received [9s Td]
UDF1 received [6s Th]
Gambler_s_Ruin calls
UDF1 checks
Flop [Qs 9h 9c], Gambler_s_Ruin (20), UDF1 (20)
UDF1 bids 16
Gambler_s_Ruin bids 1892
Gambler_s_Ruin won the auction and was revealed [6s]
Flop [Qs 9h 9c], Gambler_s_Ruin (36), UDF1 (20)
UDF1 bets 2604
Gambler_s_Ruin raises to 4964
UDF1 calls
Turn [Qs 9h 9c 8c], Gambler_s_Ruin (5000), UDF1 (4984)
UDF1 checks
Gambler_s_Ruin checks
River [Qs 9h 9c 8c 6h], Gambler_s_Ruin (5000), UDF1 (4984)
UDF1 checks
Gambler_s_Ruin checks
Gambler_s_Ruin shows [9s Td]
UDF1 shows [6s Th]
Gambler_s_Ruin awarded 4984
UDF1 awarded -4984

Round #283, UDF1 (-115122), Gambler_s_Ruin (115122)
UDF1 posts blind: 10
Gambler_s_Ruin posts blind: 20
UDF1 received [Tc Kc]
Gambler_s_Ruin received [Ah 5d]
UDF1 calls
Gambler_s_Ruin raises to 80
UDF1 raises to 1183
Gambler_s_Ruin attempted illegal ActionRaise with amount 2206
Gambler_s_Ruin folds
UDF1 awarded 80
Gambler_s_Ruin awarded -80

Round #284, Gambler_s_Ruin (115042), UDF1 (-115042)
Gambler_s_Ruin posts blind: 10
UDF1 posts blind: 20
Gambler_s_Ruin received [6s 7d]
UDF1 received [5d 9h]
Gambler_s_Ruin calls
UDF1 checks
Flop [Jh 4c Jc], Gambler_s_Ruin (20), UDF1 (20)
UDF1 bids 16
Gambler_s_Ruin bids 1321
Gambler_s_Ruin won the auction and was revealed [5d]
Flop [Jh 4c Jc], Gambler_s_Ruin (36), UDF1 (20)
UDF1 bets 2421
Gambler_s_Ruin folds
Gambler_s_Ruin awarded -36
UDF1 awarded 36

Round #285, UDF1 (-115006), Gambler_s_Ruin (115006)
UDF1 posts blind: 10
Gambler_s_Ruin posts blind: 20
UDF1 received [Kd Qc]
Gambler_s_Ruin received [7d 8d]
UDF1 calls
Gambler_s_Ruin checks
Flop [Kh 2d 4s], UDF1 (20), Gambler_s_Ruin (20)
Gambler_s_Ruin bids 1326
UDF1 bids 18
Gambler_s_Ruin won the auction and was revealed [Kd]
Flop [Kh 2d 4s], UDF1 (20), Gambler_s_Ruin (38)
Gambler_s_Ruin checks
UDF1 bets 3596
Gambler_s_Ruin folds
UDF1 awarded 38
Gambler_s_Ruin awarded -38

Round #286, Gambler_s_Ruin (114968), UDF1 (-114968)
Gambler_s_Ruin posts blind: 10
UDF1 posts blind: 20
Gambler_s_Ruin received [9h 8c]
UDF1 received [Ah 7h]
Gambler_s_Ruin calls
UDF1 checks
Flop [6d 6c Jc], Gambler_s_Ruin (20), UDF1 (20)
UDF1 bids 20
Gambler_s_Ruin bids 1331
Gambler_s_Ruin won the auction and was revealed [7h]
Flop [6d 6c Jc], Gambler_s_Ruin (40), UDF1 (20)
UDF1 bets 3053
Gambler_s_Ruin raises to 4960
UDF1 calls
Turn [6d 6c Jc Ks], Gambler_s_Ruin (5000), UDF1 (4980)
UDF1 checks
Gambler_s_Ruin checks
River [6d 6c Jc Ks Th], Gambler_s_Ruin (5000), UDF1 (4980)
UDF1 checks
Gambler_s_Ruin checks
Gambler_s_Ruin shows [9h 8c]
UDF1 shows [Ah 7h]
Gambler_s_Ruin awarded -5000
UDF1 awarded 5000

Round #287, UDF1 (-109968), Gambler_s_Ruin (109968)
UDF1 posts blind: 10
Gambler_s_Ruin posts blind: 20
UDF1 received [3h Ad]
Gambler_s_Ruin received [Js Qc]
UDF1 folds
UDF1 awarded -10
Gambler_s_Ruin awarded 10

Round #288, Gambler_s_Ruin (109978), UDF1 (-109978)
Gambler_s_Ruin posts blind: 10
UDF1 posts blind: 20
Gambler_s_Ruin received [4d 9h]
UDF1 received [7h Qd]
Gambler_s_Ruin calls
UDF1 checks
Flop [8s 2c Td], Gambler_s_Ruin (20), UDF1 (20)
UDF1 bids 16
Gambler_s_Ruin bids 1340
Gambler_s_Ruin won the auction and was revealed [Qd]
Flop [8s 2c Td], Gambler_s_Ruin (36), UDF1 (20)
UDF1 bets 2523
Gambler_s_Ruin folds
Gambler_s_Ruin awarded -36
UDF1 awarded 36

Round #289, UDF1 (-109942), Gambler_s_Ruin (109942)
UDF1 posts blind: 10
Gambler_s_Ruin posts blind: 20
UDF1 received [As 5s]
Gambler_s_Ruin received [8c Qd]
UDF1 calls
Gambler_s_Ruin raises to 80
UDF1 calls
Flop [Js 6c 5h], UDF1 (80), Gambler_s_Ruin (80)
Gambler_s_Ruin bids 1869
UDF1 bids 37
Gambler_s_Ruin won the auction and was revealed [5s]
Flop [Js 6c 5h], UDF1 (80), Gambler_s_Ruin (117)
Gambler_s_Ruin checks
UDF1 bets 2921
Gambler_s_Ruin folds
UDF1 awarded 117
Gambler_s_Ruin awarded -117

Round #290, Gambler_s_Ruin (109825), UDF1 (-109825)
Gambler_s_Ruin posts blind: 10
UDF1 posts blind: 20
Gambler_s_Ruin received [Ac Ks]
UDF1 received [4h 2s]
Gambler_s_Ruin raises to 60
UDF1 calls
Flop [7d 8c Ad], Gambler_s_Ruin (60), UDF1 (60)
UDF1 bids 28
Gambler_s_Ruin bids 1877
Gambler_s_Ruin won the auction and was revealed [2s]
Flop [7d 8c Ad], Gambler_s_Ruin (88), UDF1 (60)
UDF1 bets 2163
Gambler_s_Ruin raises to 4326
UDF1 folds
Gambler_s_Ruin awarded 2223
UDF1 awarded -2223

Round #291, UDF1 (-112048), Gambler_s_Ruin (112048)
UDF1 posts blind: 10
Gambler_s_Ruin posts blind: 20
UDF1 received [Th Kc]
Gambler_s_Ruin received [Jh Td]
UDF1 calls
Gambler_s_Ruin raises to 80
UDF1 folds
UDF1 awarded -20
Gambler_s_Ruin awarded 20

Round #292, Gambler_s_Ruin (112068), UDF1 (-112068)
Gambler_s_Ruin posts blind: 10
UDF1 posts blind: 20
Gambler_s_Ruin received [2s 7h]
UDF1 received [5h 8s]
Gambler_s_Ruin folds
Gambler_s_Ruin awarded -10
UDF1 awarded 10

Round #293, UDF1 (-112058), Gambler_s_Ruin (112058)
UDF1 posts blind: 10
Gambler_s_Ruin posts blind: 20
UDF1 received [Ts 9h]
Gambler_s_Ruin received [8h 3h]
UDF1 calls
Gambler_s_Ruin checks
Flop [9c Qs 7s], UDF1 (20), Gambler_s_Ruin (20)
Gambler_s_Ruin bids 1364
UDF1 bids 16
Gambler_s_Ruin won the auction and was revealed [9h]
Flop [9c Qs 7s], UDF1 (20), Gambler_s_Ruin (36)
Gambler_s_Ruin checks
UDF1 bets 3283
Gambler_s_Ruin folds
UDF1 awarded 36
Gambler_s_Ruin awarded -36

Round #294, Gambler_s_Ruin (112022), UDF1 (-112022)
Gambler_s_Ruin posts blind: 10
UDF1 posts blind: 20
Gambler_s_Ruin received [4d 4c]
UDF1 received [7h Ad]
Gambler_s_Ruin calls
UDF1 checks
Flop [2s 6d 7c], Gambler_s_Ruin (20), UDF1 (20)
UDF1 bids 21
Gambler_s_Ruin bids 1892
Gambler_s_Ruin won the auction and was revealed [7h]
Flop [2s 6d 7c], Gambler_s_Ruin (41), UDF1 (20)
UDF1 bets 3126
Gambler_s_Ruin folds
Gambler_s_Ruin awarded -41
UDF1 awarded 41

Round #295, UDF1 (-111981), Gambler_s_Ruin (111981)
UDF1 posts blind: 10
Gambler_s_Ruin posts blind: 20
UDF1 received [2c Td]
Gambler_s_Ruin received [6h 4h]
UDF1 folds
UDF1 awarded -10
Gambler_s_Ruin awarded 10

Round #296, Gambler_s_Ruin (111991), UDF1 (-111991)
Gambler_s_Ruin posts blind: 10
UDF1 posts blind: 20
Gambler_s_Ruin received [Ks 3s]
UDF1 received [Jh 9h]
Gambler_s_Ruin calls
UDF1 checks
Flop [6s Qs Kh], Gambler_s_Ruin (20), UDF1 (20)
UDF1 bids 18
Gambler_s_Ruin bids 1892
Gambler_s_Ruin won the auction and was revealed [9h]
Flop [6s Qs Kh], Gambler_s_Ruin (38), UDF1 (20)
UDF1 bets 3009
Gambler_s_Ruin raises to 4962
UDF1 calls
Turn [6s Qs Kh 8c], Gambler_s_Ruin (5000), UDF1 (4982)
UDF1 checks
Gambler_s_Ruin checks
River [6s Qs Kh 8c Ah], Gambler_s_Ruin (5000), UDF1 (4982)
UDF1 checks
Gambler_s_Ruin checks
Gambler_s_Ruin shows [Ks 3s]
UDF1 shows [Jh 9h]
Gambler_s_Ruin awarded 4982
UDF1 awarded -4982

Round #297, UDF1 (-116973), Gambler_s_Ruin (116973)
UDF1 posts blind: 10
Gambler_s_Ruin posts blind: 20
UDF1 received [Jh 7c]
Gambler_s_Ruin received [2c Ah]
UDF1 folds
UDF1 awarded -10
Gambler_s_Ruin awarded 10

Round #298, Gambler_s_Ruin (116983), UDF1 (-116983)
Gambler_s_Ruin posts blind: 10
UDF1 posts blind: 20
Gambler_s_Ruin received [Ah 4s]
UDF1 received [Jc 8c]
Gambler_s_Ruin calls
UDF1 checks
Flop [4h Qh 3s], Gambler_s_Ruin (20), UDF1 (20)
UDF1 bids 16
Gambler_s_Ruin bids 1892
Gambler_s_Ruin won the auction and was revealed [Jc]
Flop [4h Qh 3s], Gambler_s_Ruin (36), UDF1 (20)
UDF1 bets 2922
Gambler_s_Ruin raises to 4964
UDF1 calls
Turn [4h Qh 3s Kh], Gambler_s_Ruin (5000), UDF1 (4984)
UDF1 checks
Gambler_s_Ruin checks
River [4h Qh 3s Kh Js], Gambler_s_Ruin (5000), UDF1 (4984)
UDF1 checks
Gambler_s_Ruin checks
Gambler_s_Ruin shows [Ah 4s]
UDF1 shows [Jc 8c]
Gambler_s_Ruin awarded -5000
UDF1 awarded 5000

Round #299, UDF1 (-111983), Gambler_s_Ruin (111983)
UDF1 posts blind: 10
Gambler_s_Ruin posts blind: 20
UDF1 received [7d 5c]
Gambler_s_Ruin received [9s Th]
UDF1 raises to 337
Gambler_s_Ruin folds
UDF1 awarded 20
Gambler_s_Ruin awarded -20

Round #300, Gambler_s_Ruin (111963), UDF1 (-111963)
Gambler_s_Ruin posts blind: 10
UDF1 posts blind: 20
Gambler_s_Ruin received [Js 8d]
UDF1 received [8h Ac]
Gambler_s_Ruin calls
UDF1 checks
Flop [6s Ks 4h], Gambler_s_Ruin (20), UDF1 (20)
UDF1 bids 18
Gambler_s_Ruin bids 1892
Gambler_s_Ruin won the auction and was revealed [8h]
Flop [6s Ks 4h], Gambler_s_Ruin (38), UDF1 (20)
UDF1 bets 2746
Gambler_s_Ruin raises to 4962
UDF1 calls
Turn [6s Ks 4h Th], Gambler_s_Ruin (5000), UDF1 (4982)
UDF1 checks
Gambler_s_Ruin checks
River [6s Ks 4h Th As], Gambler_s_Ruin (5000), UDF1 (4982)
UDF1 checks
Gambler_s_Ruin checks
Gambler_s_Ruin shows [Js 8d]
UDF1 shows [8h Ac]
Gambler_s_Ruin awarded -5000
UDF1 awarded 5000

Round #301, UDF1 (-106963), Gambler_s_Ruin (106963)
UDF1 posts blind: 10
Gambler_s_Ruin posts blind: 20
UDF1 received [7c 6d]
Gambler_s_Ruin received [Kd Js]
UDF1 calls
Gambler_s_Ruin raises to 60
UDF1 raises to 394
Gambler_s_Ruin raises to 1002
UDF1 folds
UDF1 awarded -394
Gambler_s_Ruin awarded 394

Round #302, Gambler_s_Ruin (107357), UDF1 (-107357)
Gambler_s_Ruin posts blind: 10
UDF1 posts blind: 20
Gambler_s_Ruin received [6c Kh]
UDF1 received [Kd 2d]
Gambler_s_Ruin calls
UDF1 checks
Flop [Qh 3c 2c], Gambler_s_Ruin (20), UDF1 (20)
UDF1 bids 16
Gambler_s_Ruin bids 1892
Gambler_s_Ruin won the auction and was revealed [2d]
Flop [Qh 3c 2c], Gambler_s_Ruin (36), UDF1 (20)
UDF1 bets 3098
Gambler_s_Ruin folds
Gambler_s_Ruin awarded -36
UDF1 awarded 36

Round #303, UDF1 (-107321), Gambler_s_Ruin (107321)
UDF1 posts blind: 10
Gambler_s_Ruin posts blind: 20
UDF1 received [As 6s]
Gambler_s_Ruin received [9s Qh]
UDF1 folds
UDF1 awarded -10
Gambler_s_Ruin awarded 10

Round #304, Gambler_s_Ruin (107331), UDF1 (-107331)
Gambler_s_Ruin posts blind: 10
UDF1 posts blind: 20
Gambler_s_Ruin received [Th 4c]
UDF1 received [Jh 4s]
Gambler_s_Ruin calls
UDF1 checks
Flop [8c 7s 8d], Gambler_s_Ruin (20), UDF1 (20)
UDF1 bids 18
Gambler_s_Ruin bids 1418
Gambler_s_Ruin won the auction and was revealed [Jh]
Flop [8c 7s 8d], Gambler_s_Ruin (38), UDF1 (20)
UDF1 bets 2561
Gambler_s_Ruin folds
Gambler_s_Ruin awarded -38
UDF1 awarded 38

Round #305, UDF1 (-107293), Gambler_s_Ruin (107293)
UDF1 posts blind: 10
Gambler_s_Ruin posts blind: 20
UDF1 received [3s Ad]
Gambler_s_Ruin received [5d 5h]
UDF1 folds
UDF1 awarded -10
Gambler_s_Ruin awarded 10

Round #306, Gambler_s_Ruin (107303), UDF1 (-107303)
Gambler_s_Ruin posts blind: 10
UDF1 posts blind: 20
Gambler_s_Ruin received [Jc 4d]
UDF1 received [4h 9d]
Gambler_s_Ruin calls
UDF1 checks
Flop [Tc 6h 5d], Gambler_s_Ruin (20), UDF1 (20)
UDF1 bids 16
Gambler_s_Ruin bids 1428
Gambler_s_Ruin won the auction and was revealed [4h]
Flop [Tc 6h 5d], Gambler_s_Ruin (36), UDF1 (20)
UDF1 bets 2377
Gambler_s_Ruin folds
Gambler_s_Ruin awarded -36
UDF1 awarded 36

Round #307, UDF1 (-107267), Gambler_s_Ruin (107267)
UDF1 posts blind: 10
Gambler_s_Ruin posts blind: 20
UDF1 received [Ac Qd]
Gambler_s_Ruin received [2c Qh]
UDF1 raises to 3523
Gambler_s_Ruin folds
UDF1 awarded 20
Gambler_s_Ruin awarded -20

Round #308, Gambler_s_Ruin (107247), UDF1 (-107247)
Gambler_s_Ruin posts blind: 10
UDF1 posts blind: 20
Gambler_s_Ruin received [9h 2s]
UDF1 received [Ts 6h]
Gambler_s_Ruin calls
UDF1 checks
Flop [2c 7c 6s], Gambler_s_Ruin (20), UDF1 (20)
UDF1 bids 20
Gambler_s_Ruin bids 1892
Gambler_s_Ruin won the auction and was revealed [6h]
Flop [2c 7c 6s], Gambler_s_Ruin (40), UDF1 (20)
UDF1 bets 2999
Gambler_s_Ruin folds
Gambler_s_Ruin awarded -40
UDF1 awarded 40

Round #309, UDF1 (-107207), Gambler_s_Ruin (107207)
UDF1 posts blind: 10
Gambler_s_Ruin posts blind: 20
UDF1 received [4h 9h]
Gambler_s_Ruin received [Js Ts]
UDF1 calls
Gambler_s_Ruin raises to 80
UDF1 calls
Flop [Ad 8h 2c], UDF1 (80), Gambler_s_Ruin (80)
Gambler_s_Ruin bids 1869
UDF1 bids 34
Gambler_s_Ruin won the auction and was revealed [9h]
Flop [Ad 8h 2c], UDF1 (80), Gambler_s_Ruin (114)
Gambler_s_Ruin bets 164
UDF1 folds
UDF1 awarded -80
Gambler_s_Ruin awarded 80

Round #310, Gambler_s_Ruin (107287), UDF1 (-107287)
Gambler_s_Ruin posts blind: 10
UDF1 posts blind: 20
Gambler_s_Ruin received [8d Qh]
UDF1 received [9s Ah]
Gambler_s_Ruin calls
UDF1 checks
Flop [Ad 7c Ac], Gambler_s_Ruin (20), UDF1 (20)
UDF1 bids 17
Gambler_s_Ruin bids 1892
Gambler_s_Ruin won the auction and was revealed [9s]
Flop [Ad 7c Ac], Gambler_s_Ruin (37), UDF1 (20)
UDF1 bets 3597
Gambler_s_Ruin raises to 4963
UDF1 calls
Turn [Ad 7c Ac 6d], Gambler_s_Ruin (5000), UDF1 (4983)
UDF1 checks
Gambler_s_Ruin checks
River [Ad 7c Ac 6d 9d], Gambler_s_Ruin (5000), UDF1 (4983)
UDF1 checks
Gambler_s_Ruin checks
Gambler_s_Ruin shows [8d Qh]
UDF1 shows [9s Ah]
Gambler_s_Ruin awarded -5000
UDF1 awarded 5000

Round #311, UDF1 (-102287), Gambler_s_Ruin (102287)
UDF1 posts blind: 10
Gambler_s_Ruin posts blind: 20
UDF1 received [7c 8s]
Gambler_s_Ruin received [Tc Ad]
UDF1 folds
UDF1 awarded -10
Gambler_s_Ruin awarded 10

Round #312, Gambler_s_Ruin (102297), UDF1 (-102297)
Gambler_s_Ruin posts blind: 10
UDF1 posts blind: 20
Gambler_s_Ruin received [4c 9d]
UDF1 received [Tc Qd]
Gambler_s_Ruin calls
UDF1 checks
Flop [5c 9s Ts], Gambler_s_Ruin (20), UDF1 (20)
UDF1 bids 16
Gambler_s_Ruin bids 1892
Gambler_s_Ruin won the auction and was revealed [Tc]
Flop [5c 9s Ts], Gambler_s_Ruin (36), UDF1 (20)
UDF1 bets 3109
Gambler_s_Ruin folds
Gambler_s_Ruin awarded -36
UDF1 awarded 36

Round #313, UDF1 (-102261), Gambler_s_Ruin (102261)
UDF1 posts blind: 10
Gambler_s_Ruin posts blind: 20
UDF1 received [Tc Ts]
Gambler_s_Ruin received [3d 4s]
UDF1 raises to 3796
Gambler_s_Ruin folds
UDF1 awarded 20
Gambler_s_Ruin awarded -20

Round #314, Gambler_s_Ruin (102241), UDF1 (-102241)
Gambler_s_Ruin posts blind: 10
UDF1 posts blind: 20
Gambler_s_Ruin received [Ac 6d]
UDF1 received [Qd 7s]
Gambler_s_Ruin calls
UDF1 checks
Flop [Tc 2d 4s], Gambler_s_Ruin (20), UDF1 (20)
UDF1 bids 21
Gambler_s_Ruin bids 1892
Gambler_s_Ruin won the auction and was revealed [Qd]
Flop [Tc 2d 4s], Gambler_s_Ruin (41), UDF1 (20)
UDF1 bets 2890
Gambler_s_Ruin folds
Gambler_s_Ruin awarded -41
UDF1 awarded 41

Round #315, UDF1 (-102200), Gambler_s_Ruin (102200)
UDF1 posts blind: 10
Gambler_s_Ruin posts blind: 20
UDF1 received [9s As]
Gambler_s_Ruin received [Qh 6h]
UDF1 raises to 1320
Gambler_s_Ruin folds
UDF1 awarded 20
Gambler_s_Ruin awarded -20

Round #316, Gambler_s_Ruin (102180), UDF1 (-102180)
Gambler_s_Ruin posts blind: 10
UDF1 posts blind: 20
Gambler_s_Ruin received [7h Ts]
UDF1 received [7c 5c]
Gambler_s_Ruin calls
UDF1 checks
Flop [Qs Kh 9s], Gambler_s_Ruin (20), UDF1 (20)
UDF1 bids 22
Gambler_s_Ruin bids 1892
Gambler_s_Ruin won the auction and was revealed [7c]
Flop [Qs Kh 9s], Gambler_s_Ruin (42), UDF1 (20)
UDF1 bets 2460
Gambler_s_Ruin raises to 4920
UDF1 folds
Gambler_s_Ruin awarded 2480
UDF1 awarded -2480

Round #317, UDF1 (-104660), Gambler_s_Ruin (104660)
UDF1 posts blind: 10
Gambler_s_Ruin posts blind: 20
UDF1 received [4h 6d]
Gambler_s_Ruin received [6c Ac]
UDF1 calls
Gambler_s_Ruin raises to 80
UDF1 calls
Flop [Qh Kh 8s], UDF1 (80), Gambler_s_Ruin (80)
Gambler_s_Ruin bids 1869
UDF1 bids 33
Gambler_s_Ruin won the auction and was revealed [6d]
Flop [Qh Kh 8s], UDF1 (80), Gambler_s_Ruin (113)
Gambler_s_Ruin bets 191
UDF1 folds
UDF1 awarded -80
Gambler_s_Ruin awarded 80

Round #318, Gambler_s_Ruin (104740), UDF1 (-104740)
Gambler_s_Ruin posts blind: 10
UDF1 posts blind: 20
Gambler_s_Ruin received [7s 9c]
UDF1 received [Jd 3h]
Gambler_s_Ruin calls
UDF1 checks
Flop [As Jc 8c], Gambler_s_Ruin (20), UDF1 (20)
UDF1 bids 16
Gambler_s_Ruin bids 1892
Gambler_s_Ruin won the auction and was revealed [Jd]
Flop [As Jc 8c], Gambler_s_Ruin (36), UDF1 (20)
UDF1 bets 3173
Gambler_s_Ruin folds
Gambler_s_Ruin awarded -36
UDF1 awarded 36

Round #319, UDF1 (-104704), Gambler_s_Ruin (104704)
UDF1 posts blind: 10
Gambler_s_Ruin posts blind: 20
UDF1 received [Qs 6c]
Gambler_s_Ruin received [9s 6h]
UDF1 calls
Gambler_s_Ruin checks
Flop [4s 6s 5s], UDF1 (20), Gambler_s_Ruin (20)
Gambler_s_Ruin bids 1892
UDF1 bids 21
Gambler_s_Ruin won the auction and was revealed [6c]
Flop [4s 6s 5s], UDF1 (20), Gambler_s_Ruin (41)
Gambler_s_Ruin bets 60
UDF1 raises to 2977
Gambler_s_Ruin raises to 4959
UDF1 calls
Turn [4s 6s 5s 5d], UDF1 (4979), Gambler_s_Ruin (5000)
Gambler_s_Ruin checks
UDF1 checks
River [4s 6s 5s 5d 9h], UDF1 (4979), Gambler_s_Ruin (5000)
Gambler_s_Ruin checks
UDF1 checks
UDF1 shows [Qs 6c]
Gambler_s_Ruin shows [9s 6h]
UDF1 awarded -4979
Gambler_s_Ruin awarded 4979

Round #320, Gambler_s_Ruin (109683), UDF1 (-109683)
Gambler_s_Ruin posts blind: 10
UDF1 posts blind: 20
Gambler_s_Ruin received [8h Ah]
UDF1 received [7c Ad]
Gambler_s_Ruin calls
UDF1 checks
Flop [9h Qh 4d], Gambler_s_Ruin (20), UDF1 (20)
UDF1 bids 19
Gambler_s_Ruin bids 1892
Gambler_s_Ruin won the auction and was revealed [7c]
Flop [9h Qh 4d], Gambler_s_Ruin (39), UDF1 (20)
UDF1 bets 2820
Gambler_s_Ruin raises to 4961
UDF1 calls
Turn [9h Qh 4d 4s], Gambler_s_Ruin (5000), UDF1 (4981)
UDF1 checks
Gambler_s_Ruin checks
River [9h Qh 4d 4s Tc], Gambler_s_Ruin (5000), UDF1 (4981)
UDF1 checks
Gambler_s_Ruin checks
Gambler_s_Ruin shows [8h Ah]
UDF1 shows [7c Ad]
Gambler_s_Ruin awarded -10
UDF1 awarded 10

Round #321, UDF1 (-109673), Gambler_s_Ruin (109673)
UDF1 posts blind: 10
Gambler_s_Ruin posts blind: 20
UDF1 received [Kh 5d]
Gambler_s_Ruin received [5s 3c]
UDF1 calls
Gambler_s_Ruin checks
Flop [Ks 4d 6c], UDF1 (20), Gambler_s_Ruin (20)
Gambler_s_Ruin bids 1892
UDF1 bids 22
Gambler_s_Ruin won the auction and was revealed [5d]
Flop [Ks 4d 6c], UDF1 (20), Gambler_s_Ruin (42)
Gambler_s_Ruin checks
UDF1 bets 3362
Gambler_s_Ruin folds
UDF1 awarded 42
Gambler_s_Ruin awarded -42

Round #322, Gambler_s_Ruin (109631), UDF1 (-109631)
Gambler_s_Ruin posts blind: 10
UDF1 posts blind: 20
Gambler_s_Ruin received [3d 6s]
UDF1 received [5h 9d]
Gambler_s_Ruin folds
Gambler_s_Ruin awarded -10
UDF1 awarded 10

Round #323, UDF1 (-109621), Gambler_s_Ruin (109621)
UDF1 posts blind: 10
Gambler_s_Ruin posts blind: 20
UDF1 received [Js Kh]
Gambler_s_Ruin received [3s 6c]
UDF1 raises to 1101
Gambler_s_Ruin folds
UDF1 awarded 20
Gambler_s_Ruin awarded -20

Round #324, Gambler_s_Ruin (109601), UDF1 (-109601)
Gambler_s_Ruin posts blind: 10
UDF1 posts blind: 20
Gambler_s_Ruin received [6c Kh]
UDF1 received [3s 4d]
Gambler_s_Ruin calls
UDF1 checks
Flop [8c Jh 8s], Gambler_s_Ruin (20), UDF1 (20)
UDF1 bids 21
Gambler_s_Ruin bids 1892
Gambler_s_Ruin won the auction and was revealed [4d]
Flop [8c Jh 8s], Gambler_s_Ruin (41), UDF1 (20)
UDF1 bets 1960
Gambler_s_Ruin raises to 3920
UDF1 folds
Gambler_s_Ruin awarded 1980
UDF1 awarded -1980

Round #325, UDF1 (-111581), Gambler_s_Ruin (111581)
UDF1 posts blind: 10
Gambler_s_Ruin posts blind: 20
UDF1 received [2h 3d]
Gambler_s_Ruin received [4h 3s]
UDF1 folds
UDF1 awarded -10
Gambler_s_Ruin awarded 10

Round #326, Gambler_s_Ruin (111591), UDF1 (-111591)
Gambler_s_Ruin posts blind: 10
UDF1 posts blind: 20
Gambler_s_Ruin received [9h 4h]
UDF1 received [6h 6d]
Gambler_s_Ruin calls
UDF1 raises to 1275
Gambler_s_Ruin folds
Gambler_s_Ruin awarded -20
UDF1 awarded 20

Round #327, UDF1 (-111571), Gambler_s_Ruin (111571)
UDF1 posts blind: 10
Gambler_s_Ruin posts blind: 20
UDF1 received [2s 2h]
Gambler_s_Ruin received [4c Qh]
UDF1 raises to 1119
Gambler_s_Ruin folds
UDF1 awarded 20
Gambler_s_Ruin awarded -20

Round #328, Gambler_s_Ruin (111551), UDF1 (-111551)
Gambler_s_Ruin posts blind: 10
UDF1 posts blind: 20
Gambler_s_Ruin received [2c 3c]
UDF1 received [2h 6h]
Gambler_s_Ruin calls
UDF1 checks
Flop [7s Kc 6c], Gambler_s_Ruin (20), UDF1 (20)
UDF1 bids 16
Gambler_s_Ruin bids 1892
Gambler_s_Ruin won the auction and was revealed [2h]
Flop [7s Kc 6c], Gambler_s_Ruin (36), UDF1 (20)
UDF1 bets 3060
Gambler_s_Ruin raises to 4964
UDF1 calls
Turn [7s Kc 6c Jc], Gambler_s_Ruin (5000), UDF1 (4984)
UDF1 checks
Gambler_s_Ruin checks
River [7s Kc 6c Jc Ac], Gambler_s_Ruin (5000), UDF1 (4984)
UDF1 checks
Gambler_s_Ruin checks
Gambler_s_Ruin shows [2c 3c]
UDF1 shows [2h 6h]
Gambler_s_Ruin awarded 4984
UDF1 awarded -4984

Round #329, UDF1 (-116535), Gambler_s_Ruin (116535)
UDF1 posts blind: 10
Gambler_s_Ruin posts blind: 20
UDF1 received [9d Tc]
Gambler_s_Ruin received [8s 6c]
UDF1 calls
Gambler_s_Ruin checks
Flop [9c 8c Qc], UDF1 (20), Gambler_s_Ruin (20)
Gambler_s_Ruin bids 1892
UDF1 bids 16
Gambler_s_Ruin won the auction and was revealed [Tc]
Flop [9c 8c Qc], UDF1 (20), Gambler_s_Ruin (36)
Gambler_s_Ruin checks
UDF1 bets 3086
Gambler_s_Ruin folds
UDF1 awarded 36
Gambler_s_Ruin awarded -36

Round #330, Gambler_s_Ruin (116499), UDF1 (-116499)
Gambler_s_Ruin posts blind: 10
UDF1 posts blind: 20
Gambler_s_Ruin received [3c 4h]
UDF1 received [Ts 6c]
Gambler_s_Ruin folds
Gambler_s_Ruin awarded -10
UDF1 awarded 10

Round #331, UDF1 (-116489), Gambler_s_Ruin (116489)
UDF1 posts blind: 10
Gambler_s_Ruin posts blind: 20
UDF1 received [6c 7d]
Gambler_s_Ruin received [4c 2s]
UDF1 calls
Gambler_s_Ruin checks
Flop [Ac 5c 9s], UDF1 (20), Gambler_s_Ruin (20)
Gambler_s_Ruin bids 1560
UDF1 bids 18
Gambler_s_Ruin won the auction and was revealed [7d]
Flop [Ac 5c 9s], UDF1 (20), Gambler_s_Ruin (38)
Gambler_s_Ruin checks
UDF1 bets 2903
Gambler_s_Ruin folds
UDF1 awarded 38
Gambler_s_Ruin awarded -38

Round #332, Gambler_s_Ruin (116451), UDF1 (-116451)
Gambler_s_Ruin posts blind: 10
UDF1 posts blind: 20
Gambler_s_Ruin received [5s 7c]
UDF1 received [Kd Js]
Gambler_s_Ruin folds
Gambler_s_Ruin awarded -10
UDF1 awarded 10

Round #333, UDF1 (-116441), Gambler_s_Ruin (116441)
UDF1 posts blind: 10
Gambler_s_Ruin posts blind: 20
UDF1 received [Td 7d]
Gambler_s_Ruin received [Kh 4s]
UDF1 folds
UDF1 awarded -10
Gambler_s_Ruin awarded 10

Round #334, Gambler_s_Ruin (116451), UDF1 (-116451)
Gambler_s_Ruin posts blind: 10
UDF1 posts blind: 20
Gambler_s_Ruin received [5h Ts]
UDF1 received [Tc 3c]
Gambler_s_Ruin calls
UDF1 checks
Flop [8d 2d 2h], Gambler_s_Ruin (20), UDF1 (20)
UDF1 bids 16
Gambler_s_Ruin bids 1577
Gambler_s_Ruin won the auction and was revealed [Tc]
Flop [8d 2d 2h], Gambler_s_Ruin (36), UDF1 (20)
UDF1 bets 2363
Gambler_s_Ruin folds
Gambler_s_Ruin awarded -36
UDF1 awarded 36

Round #335, UDF1 (-116415), Gambler_s_Ruin (116415)
UDF1 posts blind: 10
Gambler_s_Ruin posts blind: 20
UDF1 received [9d 7s]
Gambler_s_Ruin received [6c 5h]
UDF1 calls
Gambler_s_Ruin checks
Flop [8d Ah 8c], UDF1 (20), Gambler_s_Ruin (20)
Gambler_s_Ruin bids 1583
UDF1 bids 17
Gambler_s_Ruin won the auction and was revealed [9d]
Flop [8d Ah 8c], UDF1 (20), Gambler_s_Ruin (37)
Gambler_s_Ruin checks
UDF1 bets 2565
Gambler_s_Ruin folds
UDF1 awarded 37
Gambler_s_Ruin awarded -37

Round #336, Gambler_s_Ruin (116378), UDF1 (-116378)
Gambler_s_Ruin posts blind: 10
UDF1 posts blind: 20
Gambler_s_Ruin received [9c 2d]
UDF1 received [6h Qh]
Gambler_s_Ruin calls
UDF1 raises to 337
Gambler_s_Ruin folds
Gambler_s_Ruin awarded -20
UDF1 awarded 20

Round #337, UDF1 (-116358), Gambler_s_Ruin (116358)
UDF1 posts blind: 10
Gambler_s_Ruin posts blind: 20
UDF1 received [3s 3d]
Gambler_s_Ruin received [Th 4s]
UDF1 raises to 1471
Gambler_s_Ruin folds
UDF1 awarded 20
Gambler_s_Ruin awarded -20

Round #338, Gambler_s_Ruin (116338), UDF1 (-116338)
Gambler_s_Ruin posts blind: 10
UDF1 posts blind: 20
Gambler_s_Ruin received [7s 4s]
UDF1 received [9c 6s]
Gambler_s_Ruin calls
UDF1 checks
Flop [Qd 3c Ts], Gambler_s_Ruin (20), UDF1 (20)
UDF1 bids 22
Gambler_s_Ruin bids 1599
Gambler_s_Ruin won the auction and was revealed [6s]
Flop [Qd 3c Ts], Gambler_s_Ruin (42), UDF1 (20)
UDF1 bets 2386
Gambler_s_Ruin folds
Gambler_s_Ruin awarded -42
UDF1 awarded 42

Round #339, UDF1 (-116296), Gambler_s_Ruin (116296)
UDF1 posts blind: 10
Gambler_s_Ruin posts blind: 20
UDF1 received [6h 3s]
Gambler_s_Ruin received [9s Qd]
UDF1 raises to 337
Gambler_s_Ruin folds
UDF1 awarded 20
Gambler_s_Ruin awarded -20

Round #340, Gambler_s_Ruin (116276), UDF1 (-116276)
Gambler_s_Ruin posts blind: 10
UDF1 posts blind: 20
Gambler_s_Ruin received [Qs 6d]
UDF1 received [Ts 7c]
Gambler_s_Ruin calls
UDF1 raises to 337
Gambler_s_Ruin folds
Gambler_s_Ruin awarded -20
UDF1 awarded 20

Round #341, UDF1 (-116256), Gambler_s_Ruin (116256)
UDF1 posts blind: 10
Gambler_s_Ruin posts blind: 20
UDF1 received [8h Ks]
Gambler_s_Ruin received [7h 2s]
UDF1 calls
Gambler_s_Ruin checks
Flop [8s 4d 6d], UDF1 (20), Gambler_s_Ruin (20)
Gambler_s_Ruin bids 1616
UDF1 bids 21
Gambler_s_Ruin won the auction and was revealed [Ks]
Flop [8s 4d 6d], UDF1 (20), Gambler_s_Ruin (41)
Gambler_s_Ruin checks
UDF1 bets 2977
Gambler_s_Ruin folds
UDF1 awarded 41
Gambler_s_Ruin awarded -41

Round #342, Gambler_s_Ruin (116215), UDF1 (-116215)
Gambler_s_Ruin posts blind: 10
UDF1 posts blind: 20
Gambler_s_Ruin received [6h 9c]
UDF1 received [3d 5c]
Gambler_s_Ruin calls
UDF1 checks
Flop [5d Qc 8c], Gambler_s_Ruin (20), UDF1 (20)
UDF1 bids 16
Gambler_s_Ruin bids 1892
Gambler_s_Ruin won the auction and was revealed [3d]
Flop [5d Qc 8c], Gambler_s_Ruin (36), UDF1 (20)
UDF1 bets 2678
Gambler_s_Ruin raises to 4964
UDF1 calls
Turn [5d Qc 8c 5s], Gambler_s_Ruin (5000), UDF1 (4984)
UDF1 checks
Gambler_s_Ruin checks
River [5d Qc 8c 5s 7h], Gambler_s_Ruin (5000), UDF1 (4984)
UDF1 checks
Gambler_s_Ruin checks
Gambler_s_Ruin shows [6h 9c]
UDF1 shows [3d 5c]
Gambler_s_Ruin awarded 4984
UDF1 awarded -4984

Round #343, UDF1 (-121199), Gambler_s_Ruin (121199)
UDF1 posts blind: 10
Gambler_s_Ruin posts blind: 20
UDF1 received [6s 6h]
Gambler_s_Ruin received [Ah Kd]
UDF1 raises to 1401
Gambler_s_Ruin raises to 4143
UDF1 folds
UDF1 awarded -1401
Gambler_s_Ruin awarded 1401

Round #344, Gambler_s_Ruin (122600), UDF1 (-122600)
Gambler_s_Ruin posts blind: 10
UDF1 posts blind: 20
Gambler_s_Ruin received [Ad 6d]
UDF1 received [4d Ks]
Gambler_s_Ruin calls
UDF1 checks
Flop [Js 8c 2s], Gambler_s_Ruin (20), UDF1 (20)
UDF1 bids 16
Gambler_s_Ruin bids 1892
Gambler_s_Ruin won the auction and was revealed [4d]
Flop [Js 8c 2s], Gambler_s_Ruin (36), UDF1 (20)
UDF1 bets 3084
Gambler_s_Ruin raises to 4964
UDF1 calls
Turn [Js 8c 2s 5d], Gambler_s_Ruin (5000), UDF1 (4984)
UDF1 checks
Gambler_s_Ruin checks
River [Js 8c 2s 5d Tc], Gambler_s_Ruin (5000), UDF1 (4984)
UDF1 checks
Gambler_s_Ruin checks
Gambler_s_Ruin shows [Ad 6d]
UDF1 shows [4d Ks]
Gambler_s_Ruin awarded 4984
UDF1 awarded -4984

Round #345, UDF1 (-127584), Gambler_s_Ruin (127584)
UDF1 posts blind: 10
Gambler_s_Ruin posts blind: 20
UDF1 received [Qc 8h]
Gambler_s_Ruin received [Qs 6d]
UDF1 raises to 337
Gambler_s_Ruin folds
UDF1 awarded 20
Gambler_s_Ruin awarded -20

Round #346, Gambler_s_Ruin (127564), UDF1 (-127564)
Gambler_s_Ruin posts blind: 10
UDF1 posts blind: 20
Gambler_s_Ruin received [8c Tc]
UDF1 received [2c Td]
Gambler_s_Ruin calls
UDF1 checks
Flop [Qh 3h 5c], Gambler_s_Ruin (20), UDF1 (20)
UDF1 bids 16
Gambler_s_Ruin bids 1645
Gambler_s_Ruin won the auction and was revealed [2c]
Flop [Qh 3h 5c], Gambler_s_Ruin (36), UDF1 (20)
UDF1 bets 2649
Gambler_s_Ruin folds
Gambler_s_Ruin awarded -36
UDF1 awarded 36

Round #347, UDF1 (-127528), Gambler_s_Ruin (127528)
UDF1 posts blind: 10
Gambler_s_Ruin posts blind: 20
UDF1 received [8h 2h]
Gambler_s_Ruin received [Kh 7c]
UDF1 folds
UDF1 awarded -10
Gambler_s_Ruin awarded 10

Round #348, Gambler_s_Ruin (127538), UDF1 (-127538)
Gambler_s_Ruin posts blind: 10
UDF1 posts blind: 20
Gambler_s_Ruin received [Kc 2d]
UDF1 received [Ah Th]
Gambler_s_Ruin calls
UDF1 raises to 3681
Gambler_s_Ruin folds
Gambler_s_Ruin awarded -20
UDF1 awarded 20

Round #349, UDF1 (-127518), Gambler_s_Ruin (127518)
UDF1 posts blind: 10
Gambler_s_Ruin posts blind: 20
UDF1 received [2c 3s]
Gambler_s_Ruin received [9c 2h]
UDF1 raises to 337
Gambler_s_Ruin folds
UDF1 awarded 20
Gambler_s_Ruin awarded -20

Round #350, Gambler_s_Ruin (127498), UDF1 (-127498)
Gambler_s_Ruin posts blind: 10
UDF1 posts blind: 20
Gambler_s_Ruin received [7c Ac]
UDF1 received [8c Ad]
Gambler_s_Ruin calls
UDF1 checks
Flop [Qs 5s 5h], Gambler_s_Ruin (20), UDF1 (20)
UDF1 bids 22
Gambler_s_Ruin bids 1892
Gambler_s_Ruin won the auction and was revealed [Ad]
Flop [Qs 5s 5h], Gambler_s_Ruin (42), UDF1 (20)
UDF1 bets 2647
Gambler_s_Ruin folds
Gambler_s_Ruin awarded -42
UDF1 awarded 42

Round #351, UDF1 (-127456), Gambler_s_Ruin (127456)
UDF1 posts blind: 10
Gambler_s_Ruin posts blind: 20
UDF1 received [Js Kh]
Gambler_s_Ruin received [8d 2h]
UDF1 calls
Gambler_s_Ruin checks
Flop [3s 7d 3h], UDF1 (20), Gambler_s_Ruin (20)
Gambler_s_Ruin bids 1675
UDF1 bids 16
Gambler_s_Ruin won the auction and was revealed [Kh]
Flop [3s 7d 3h], UDF1 (20), Gambler_s_Ruin (36)
Gambler_s_Ruin checks
UDF1 bets 2774
Gambler_s_Ruin folds
UDF1 awarded 36
Gambler_s_Ruin awarded -36

Round #352, Gambler_s_Ruin (127420), UDF1 (-127420)
Gambler_s_Ruin posts blind: 10
UDF1 posts blind: 20
Gambler_s_Ruin received [Jc 6d]
UDF1 received [Ks Kh]
Gambler_s_Ruin calls
UDF1 raises to 4525
Gambler_s_Ruin folds
Gambler_s_Ruin awarded -20
UDF1 awarded 20

Round #353, UDF1 (-127400), Gambler_s_Ruin (127400)
UDF1 posts blind: 10
Gambler_s_Ruin posts blind: 20
UDF1 received [6d Td]
Gambler_s_Ruin received [Th 3d]
UDF1 calls
Gambler_s_Ruin checks
Flop [Qc 8d 9s], UDF1 (20), Gambler_s_Ruin (20)
Gambler_s_Ruin bids 1892
UDF1 bids 17
Gambler_s_Ruin won the auction and was revealed [Td]
Flop [Qc 8d 9s], UDF1 (20), Gambler_s_Ruin (37)
Gambler_s_Ruin checks
UDF1 bets 3045
Gambler_s_Ruin folds
UDF1 awarded 37
Gambler_s_Ruin awarded -37

Round #354, Gambler_s_Ruin (127363), UDF1 (-127363)
Gambler_s_Ruin posts blind: 10
UDF1 posts blind: 20
Gambler_s_Ruin received [8d Kc]
UDF1 received [6h Ts]
Gambler_s_Ruin calls
UDF1 raises to 337
Gambler_s_Ruin folds
Gambler_s_Ruin awarded -20
UDF1 awarded 20

Round #355, UDF1 (-127343), Gambler_s_Ruin (127343)
UDF1 posts blind: 10
Gambler_s_Ruin posts blind: 20
UDF1 received [Ts 7c]
Gambler_s_Ruin received [6h 9d]
UDF1 raises to 337
Gambler_s_Ruin folds
UDF1 awarded 20
Gambler_s_Ruin awarded -20

Round #356, Gambler_s_Ruin (127323), UDF1 (-127323)
Gambler_s_Ruin posts blind: 10
UDF1 posts blind: 20
Gambler_s_Ruin received [7d 6d]
UDF1 received [Qc Ah]
Gambler_s_Ruin calls
UDF1 raises to 3496
Gambler_s_Ruin folds
Gambler_s_Ruin awarded -20
UDF1 awarded 20

Round #357, UDF1 (-127303), Gambler_s_Ruin (127303)
UDF1 posts blind: 10
Gambler_s_Ruin posts blind: 20
UDF1 received [Ks Kh]
Gambler_s_Ruin received [Jh 8c]
UDF1 raises to 4561
Gambler_s_Ruin folds
UDF1 awarded 20
Gambler_s_Ruin awarded -20

Round #358, Gambler_s_Ruin (127283), UDF1 (-127283)
Gambler_s_Ruin posts blind: 10
UDF1 posts blind: 20
Gambler_s_Ruin received [As 9d]
UDF1 received [8d Jd]
Gambler_s_Ruin raises to 60
UDF1 calls
Flop [Kh 2h 9h], Gambler_s_Ruin (60), UDF1 (60)
UDF1 bids 28
Gambler_s_Ruin bids 1877
Gambler_s_Ruin won the auction and was revealed [8d]
Flop [Kh 2h 9h], Gambler_s_Ruin (88), UDF1 (60)
UDF1 bets 2311
Gambler_s_Ruin raises to 4622
UDF1 calls
Turn [Kh 2h 9h 4d], Gambler_s_Ruin (4710), UDF1 (4682)
UDF1 bets 141
Gambler_s_Ruin raises to 290
UDF1 calls
River [Kh 2h 9h 4d 6c], Gambler_s_Ruin (5000), UDF1 (4972)
UDF1 checks
Gambler_s_Ruin checks
Gambler_s_Ruin shows [As 9d]
UDF1 shows [8d Jd]
Gambler_s_Ruin awarded 4972
UDF1 awarded -4972

Round #359, UDF1 (-132255), Gambler_s_Ruin (132255)
UDF1 posts blind: 10
Gambler_s_Ruin posts blind: 20
UDF1 received [Jh 3c]
Gambler_s_Ruin received [Ac 8c]
UDF1 calls
Gambler_s_Ruin raises to 80
UDF1 folds
UDF1 awarded -20
Gambler_s_Ruin awarded 20

Round #360, Gambler_s_Ruin (132275), UDF1 (-132275)
Gambler_s_Ruin posts blind: 10
UDF1 posts blind: 20
Gambler_s_Ruin received [As 3s]
UDF1 received [8s 8c]
Gambler_s_Ruin calls
UDF1 raises to 3732
Gambler_s_Ruin raises to 5000
UDF1 calls
Flop [9h 6s Ks], Gambler_s_Ruin (5000), UDF1 (5000)
UDF1 bids 0
Gambler_s_Ruin bids 0
Gambler_s_Ruin won the auction and was revealed [8s]
UDF1 won the auction and was revealed [3s]
Flop [9h 6s Ks], Gambler_s_Ruin (5000), UDF1 (5000)
UDF1 checks
Gambler_s_Ruin checks
Turn [9h 6s Ks 3d], Gambler_s_Ruin (5000), UDF1 (5000)
UDF1 checks
Gambler_s_Ruin checks
River [9h 6s Ks 3d Jd], Gambler_s_Ruin (5000), UDF1 (5000)
UDF1 checks
Gambler_s_Ruin checks
Gambler_s_Ruin shows [As 3s]
UDF1 shows [8s 8c]
Gambler_s_Ruin awarded -5000
UDF1 awarded 5000

Round #361, UDF1 (-127275), Gambler_s_Ruin (127275)
UDF1 posts blind: 10
Gambler_s_Ruin posts blind: 20
UDF1 received [8c 8s]
Gambler_s_Ruin received [6c 2d]
UDF1 raises to 3653
Gambler_s_Ruin folds
UDF1 awarded 20
Gambler_s_Ruin awarded -20

Round #362, Gambler_s_Ruin (127255), UDF1 (-127255)
Gambler_s_Ruin posts blind: 10
UDF1 posts blind: 20
Gambler_s_Ruin received [3d 9h]
UDF1 received [6d 4h]
Gambler_s_Ruin calls
UDF1 checks
Flop [Ks Qs 3c], Gambler_s_Ruin (20), UDF1 (20)
UDF1 bids 23
Gambler_s_Ruin bids 1892
Gambler_s_Ruin won the auction and was revealed [4h]
Flop [Ks Qs 3c], Gambler_s_Ruin (43), UDF1 (20)
UDF1 bets 2328
Gambler_s_Ruin raises to 4656
UDF1 folds
Gambler_s_Ruin awarded 2348
UDF1 awarded -2348

Round #363, UDF1 (-129603), Gambler_s_Ruin (129603)
UDF1 posts blind: 10
Gambler_s_Ruin posts blind: 20
UDF1 received [8s Td]
Gambler_s_Ruin received [7s 2s]
UDF1 folds
UDF1 awarded -10
Gambler_s_Ruin awarded 10

Round #364, Gambler_s_Ruin (129613), UDF1 (-129613)
Gambler_s_Ruin posts blind: 10
UDF1 posts blind: 20
Gambler_s_Ruin received [6c 4s]
UDF1 received [6d Jd]
Gambler_s_Ruin folds
Gambler_s_Ruin awarded -10
UDF1 awarded 10

Round #365, UDF1 (-129603), Gambler_s_Ruin (129603)
UDF1 posts blind: 10
Gambler_s_Ruin posts blind: 20
UDF1 received [Kd Ah]
Gambler_s_Ruin received [7c 6s]
UDF1 raises to 4567
Gambler_s_Ruin folds
UDF1 awarded 20
Gambler_s_Ruin awarded -20

Round #366, Gambler_s_Ruin (129583), UDF1 (-129583)
Gambler_s_Ruin posts blind: 10
UDF1 posts blind: 20
Gambler_s_Ruin received [3h 7c]
UDF1 received [Qs Ts]
Gambler_s_Ruin folds
Gambler_s_Ruin awarded -10
UDF1 awarded 10

Round #367, UDF1 (-129573), Gambler_s_Ruin (129573)
UDF1 posts blind: 10
Gambler_s_Ruin posts blind: 20
UDF1 received [Kh 3c]
Gambler_s_Ruin received [Js 4c]
UDF1 calls
Gambler_s_Ruin checks
Flop [2s 4h Ks], UDF1 (20), Gambler_s_Ruin (20)
Gambler_s_Ruin bids 1892
UDF1 bids 23
Gambler_s_Ruin won the auction and was revealed [3c]
Flop [2s 4h Ks], UDF1 (20), Gambler_s_Ruin (43)
Gambler_s_Ruin bets 71
UDF1 raises to 3513
Gambler_s_Ruin raises to 4957
UDF1 calls
Turn [2s 4h Ks 8s], UDF1 (4977), Gambler_s_Ruin (5000)
Gambler_s_Ruin checks
UDF1 checks
River [2s 4h Ks 8s 7c], UDF1 (4977), Gambler_s_Ruin (5000)
Gambler_s_Ruin checks
UDF1 checks
UDF1 shows [Kh 3c]
Gambler_s_Ruin shows [Js 4c]
UDF1 awarded 5000
Gambler_s_Ruin awarded -5000

Round #368, Gambler_s_Ruin (124573), UDF1 (-124573)
Gambler_s_Ruin posts blind: 10
UDF1 posts blind: 20
Gambler_s_Ruin received [2h 4d]
UDF1 received [Qd As]
Gambler_s_Ruin folds
Gambler_s_Ruin awarded -10
UDF1 awarded 10

Round #369, UDF1 (-124563), Gambler_s_Ruin (124563)
UDF1 posts blind: 10
Gambler_s_Ruin posts blind: 20
UDF1 received [5d Jc]
Gambler_s_Ruin received [8s Th]
UDF1 folds
UDF1 awarded -10
Gambler_s_Ruin awarded 10

Round #370, Gambler_s_Ruin (124573), UDF1 (-124573)
Gambler_s_Ruin posts blind: 10
UDF1 posts blind: 20
Gambler_s_Ruin received [Tc 6h]
UDF1 received [8d 6c]
Gambler_s_Ruin calls
UDF1 checks
Flop [8s Jc As], Gambler_s_Ruin (20), UDF1 (20)
UDF1 bids 22
Gambler_s_Ruin bids 1791
Gambler_s_Ruin won the auction and was revealed [6c]
Flop [8s Jc As], Gambler_s_Ruin (42), UDF1 (20)
UDF1 bets 3211
Gambler_s_Ruin raises to 4958
UDF1 calls
Turn [8s Jc As 5h], Gambler_s_Ruin (5000), UDF1 (4978)
UDF1 checks
Gambler_s_Ruin checks
River [8s Jc As 5h 6d], Gambler_s_Ruin (5000), UDF1 (4978)
UDF1 checks
Gambler_s_Ruin checks
Gambler_s_Ruin shows [Tc 6h]
UDF1 shows [8d 6c]
Gambler_s_Ruin awarded -5000
UDF1 awarded 5000

Round #371, UDF1 (-119573), Gambler_s_Ruin (119573)
UDF1 posts blind: 10
Gambler_s_Ruin posts blind: 20
UDF1 received [8s 9s]
Gambler_s_Ruin received [Th 4c]
UDF1 calls
Gambler_s_Ruin checks
Flop [8c 5d 7d], UDF1 (20), Gambler_s_Ruin (20)
Gambler_s_Ruin bids 1797
UDF1 bids 17
Gambler_s_Ruin won the auction and was revealed [9s]
Flop [8c 5d 7d], UDF1 (20), Gambler_s_Ruin (37)
Gambler_s_Ruin checks
UDF1 bets 2750
Gambler_s_Ruin folds
UDF1 awarded 37
Gambler_s_Ruin awarded -37

Round #372, Gambler_s_Ruin (119536), UDF1 (-119536)
Gambler_s_Ruin posts blind: 10
UDF1 posts blind: 20
Gambler_s_Ruin received [4d 4c]
UDF1 received [Ah 3s]
Gambler_s_Ruin calls
UDF1 raises to 337
Gambler_s_Ruin attempted illegal ActionRaise with amount 634
Gambler_s_Ruin folds
Gambler_s_Ruin awarded -20
UDF1 awarded 20

Round #373, UDF1 (-119516), Gambler_s_Ruin (119516)
UDF1 posts blind: 10
Gambler_s_Ruin posts blind: 20
UDF1 received [2h 9s]
Gambler_s_Ruin received [7h 8c]
UDF1 raises to 337
Gambler_s_Ruin folds
UDF1 awarded 20
Gambler_s_Ruin awarded -20

Round #374, Gambler_s_Ruin (119496), UDF1 (-119496)
Gambler_s_Ruin posts blind: 10
UDF1 posts blind: 20
Gambler_s_Ruin received [Td 5h]
UDF1 received [8d 9h]
Gambler_s_Ruin calls
UDF1 checks
Flop [5c 9c 3h], Gambler_s_Ruin (20), UDF1 (20)
UDF1 bids 19
Gambler_s_Ruin bids 1892
Gambler_s_Ruin won the auction and was revealed [9h]
Flop [5c 9c 3h], Gambler_s_Ruin (39), UDF1 (20)
UDF1 bets 3375
Gambler_s_Ruin folds
Gambler_s_Ruin awarded -39
UDF1 awarded 39

Round #375, UDF1 (-119457), Gambler_s_Ruin (119457)
UDF1 posts blind: 10
Gambler_s_Ruin posts blind: 20
UDF1 received [Kh 6d]
Gambler_s_Ruin received [Kc 4d]
UDF1 folds
UDF1 awarded -10
Gambler_s_Ruin awarded 10

Round #376, Gambler_s_Ruin (119467), UDF1 (-119467)
Gambler_s_Ruin posts blind: 10
UDF1 posts blind: 20
Gambler_s_Ruin received [Jc 3h]
UDF1 received [2h Qd]
Gambler_s_Ruin calls
UDF1 checks
Flop [9c 3c 6c], Gambler_s_Ruin (20), UDF1 (20)
UDF1 bids 16
Gambler_s_Ruin bids 1892
Gambler_s_Ruin won the auction and was revealed [Qd]
Flop [9c 3c 6c], Gambler_s_Ruin (36), UDF1 (20)
UDF1 bets 2389
Gambler_s_Ruin raises to 4778
UDF1 calls
Turn [9c 3c 6c Ts], Gambler_s_Ruin (4814), UDF1 (4798)
UDF1 bets 82
Gambler_s_Ruin calls
River [9c 3c 6c Ts Kc], Gambler_s_Ruin (4896), UDF1 (4880)
UDF1 bets 54
Gambler_s_Ruin raises to 104
UDF1 calls
Gambler_s_Ruin shows [Jc 3h]
UDF1 shows [2h Qd]
Gambler_s_Ruin awarded 4984
UDF1 awarded -4984

Round #377, UDF1 (-124451), Gambler_s_Ruin (124451)
UDF1 posts blind: 10
Gambler_s_Ruin posts blind: 20
UDF1 received [Tc 6h]
Gambler_s_Ruin received [9s Kc]
UDF1 folds
UDF1 awarded -10
Gambler_s_Ruin awarded 10

Round #378, Gambler_s_Ruin (124461), UDF1 (-124461)
Gambler_s_Ruin posts blind: 10
UDF1 posts blind: 20
Gambler_s_Ruin received [7s 2s]
UDF1 received [9d Kc]
Gambler_s_Ruin calls
UDF1 checks
Flop [2c Qs 4h], Gambler_s_Ruin (20), UDF1 (20)
UDF1 bids 16
Gambler_s_Ruin bids 1892
Gambler_s_Ruin won the auction and was revealed [Kc]
Flop [2c Qs 4h], Gambler_s_Ruin (36), UDF1 (20)
UDF1 bets 2898
Gambler_s_Ruin calls
Turn [2c Qs 4h Ah], Gambler_s_Ruin (2934), UDF1 (2918)
UDF1 bets 1005
Gambler_s_Ruin calls
River [2c Qs 4h Ah 6c], Gambler_s_Ruin (3939), UDF1 (3923)
UDF1 bets 533
Gambler_s_Ruin calls
Gambler_s_Ruin shows [7s 2s]
UDF1 shows [9d Kc]
Gambler_s_Ruin awarded 4456
UDF1 awarded -4456

Round #379, UDF1 (-128917), Gambler_s_Ruin (128917)
UDF1 posts blind: 10
Gambler_s_Ruin posts blind: 20
UDF1 received [3h 4c]
Gambler_s_Ruin received [Kd Ts]
UDF1 calls
Gambler_s_Ruin raises to 60
UDF1 calls
Flop [Qd Ks 4h], UDF1 (60), Gambler_s_Ruin (60)
Gambler_s_Ruin bids 1877
UDF1 bids 21
Gambler_s_Ruin won the auction and was revealed [4c]
Flop [Qd Ks 4h], UDF1 (60), Gambler_s_Ruin (81)
Gambler_s_Ruin bets 153
UDF1 calls
Turn [Qd Ks 4h Jh], UDF1 (213), Gambler_s_Ruin (234)
Gambler_s_Ruin bets 486
UDF1 calls
River [Qd Ks 4h Jh 7c], UDF1 (699), Gambler_s_Ruin (720)
Gambler_s_Ruin bets 1543
UDF1 calls
UDF1 shows [3h 4c]
Gambler_s_Ruin shows [Kd Ts]
UDF1 awarded -2242
Gambler_s_Ruin awarded 2242

Round #380, Gambler_s_Ruin (131159), UDF1 (-131159)
Gambler_s_Ruin posts blind: 10
UDF1 posts blind: 20
Gambler_s_Ruin received [4h 7d]
UDF1 received [2c 4c]
Gambler_s_Ruin folds
Gambler_s_Ruin awarded -10
UDF1 awarded 10

Round #381, UDF1 (-131149), Gambler_s_Ruin (131149)
UDF1 posts blind: 10
Gambler_s_Ruin posts blind: 20
UDF1 received [5s 5h]
Gambler_s_Ruin received [4s 6h]
UDF1 calls
Gambler_s_Ruin checks
Flop [Jh Ks 2s], UDF1 (20), Gambler_s_Ruin (20)
Gambler_s_Ruin bids 1862
UDF1 bids 23
Gambler_s_Ruin won the auction and was revealed [5s]
Flop [Jh Ks 2s], UDF1 (20), Gambler_s_Ruin (43)
Gambler_s_Ruin checks
UDF1 bets 2974
Gambler_s_Ruin folds
UDF1 awarded 43
Gambler_s_Ruin awarded -43

Round #382, Gambler_s_Ruin (131106), UDF1 (-131106)
Gambler_s_Ruin posts blind: 10
UDF1 posts blind: 20
Gambler_s_Ruin received [9c Ah]
UDF1 received [Ts 8s]
Gambler_s_Ruin raises to 60
UDF1 raises to 394
Gambler_s_Ruin raises to 1002
UDF1 folds
Gambler_s_Ruin awarded 394
UDF1 awarded -394

Round #383, UDF1 (-131500), Gambler_s_Ruin (131500)
UDF1 posts blind: 10
Gambler_s_Ruin posts blind: 20
UDF1 received [Ah 2h]
Gambler_s_Ruin received [5h Kh]
UDF1 raises to 337
Gambler_s_Ruin attempted illegal ActionRaise with amount 634
Gambler_s_Ruin folds
UDF1 awarded 20
Gambler_s_Ruin awarded -20

Round #384, Gambler_s_Ruin (131480), UDF1 (-131480)
Gambler_s_Ruin posts blind: 10
UDF1 posts blind: 20
Gambler_s_Ruin received [Ts 7d]
UDF1 received [4s 4d]
Gambler_s_Ruin calls
UDF1 checks
Flop [8s Kd 4h], Gambler_s_Ruin (20), UDF1 (20)
UDF1 bids 16
Gambler_s_Ruin bids 1882
Gambler_s_Ruin won the auction and was revealed [4s]
Flop [8s Kd 4h], Gambler_s_Ruin (36), UDF1 (20)
UDF1 bets 3854
Gambler_s_Ruin folds
Gambler_s_Ruin awarded -36
UDF1 awarded 36

Round #385, UDF1 (-131444), Gambler_s_Ruin (131444)
UDF1 posts blind: 10
Gambler_s_Ruin posts blind: 20
UDF1 received [6d Ah]
Gambler_s_Ruin received [Td 6s]
UDF1 raises to 337
Gambler_s_Ruin folds
UDF1 awarded 20
Gambler_s_Ruin awarded -20

Round #386, Gambler_s_Ruin (131424), UDF1 (-131424)
Gambler_s_Ruin posts blind: 10
UDF1 posts blind: 20
Gambler_s_Ruin received [Qs Ad]
UDF1 received [Kh Qh]
Gambler_s_Ruin raises to 60
UDF1 raises to 3633
Gambler_s_Ruin raises to 5000
UDF1 calls
Flop [4c Kd 2s], Gambler_s_Ruin (5000), UDF1 (5000)
UDF1 bids 0
Gambler_s_Ruin bids 0
Gambler_s_Ruin won the auction and was revealed [Qh]
UDF1 won the auction and was revealed [Qs]
Flop [4c Kd 2s], Gambler_s_Ruin (5000), UDF1 (5000)
UDF1 checks
Gambler_s_Ruin checks
Turn [4c Kd 2s 5d], Gambler_s_Ruin (5000), UDF1 (5000)
UDF1 checks
Gambler_s_Ruin checks
River [4c Kd 2s 5d 8s], Gambler_s_Ruin (5000), UDF1 (5000)
UDF1 checks
Gambler_s_Ruin checks
Gambler_s_Ruin shows [Qs Ad]
UDF1 shows [Kh Qh]
Gambler_s_Ruin awarded -5000
UDF1 awarded 5000

Round #387, UDF1 (-126424), Gambler_s_Ruin (126424)
UDF1 posts blind: 10
Gambler_s_Ruin posts blind: 20
UDF1 received [Jd 3h]
Gambler_s_Ruin received [7h Ad]
UDF1 calls
Gambler_s_Ruin raises to 80
UDF1 folds
UDF1 awarded -20
Gambler_s_Ruin awarded 20

Round #388, Gambler_s_Ruin (126444), UDF1 (-126444)
Gambler_s_Ruin posts blind: 10
UDF1 posts blind: 20
Gambler_s_Ruin received [Jd 6d]
UDF1 received [2s Qs]
Gambler_s_Ruin calls
UDF1 checks
Flop [Kd 6h 3d], Gambler_s_Ruin (20), UDF1 (20)
UDF1 bids 16
Gambler_s_Ruin bids 1892
Gambler_s_Ruin won the auction and was revealed [2s]
Flop [Kd 6h 3d], Gambler_s_Ruin (36), UDF1 (20)
UDF1 bets 2864
Gambler_s_Ruin raises to 4964
UDF1 calls
Turn [Kd 6h 3d 8d], Gambler_s_Ruin (5000), UDF1 (4984)
UDF1 checks
Gambler_s_Ruin checks
River [Kd 6h 3d 8d 9s], Gambler_s_Ruin (5000), UDF1 (4984)
UDF1 checks
Gambler_s_Ruin checks
Gambler_s_Ruin shows [Jd 6d]
UDF1 shows [2s Qs]
Gambler_s_Ruin awarded 4984
UDF1 awarded -4984

Round #389, UDF1 (-131428), Gambler_s_Ruin (131428)
UDF1 posts blind: 10
Gambler_s_Ruin posts blind: 20
UDF1 received [6h Ah]
Gambler_s_Ruin received [Qc Qs]
UDF1 calls
Gambler_s_Ruin raises to 60
UDF1 calls
Flop [Th 4d 5s], UDF1 (60), Gambler_s_Ruin (60)
Gambler_s_Ruin bids 1877
UDF1 bids 26
Gambler_s_Ruin won the auction and was revealed [Ah]
Flop [Th 4d 5s], UDF1 (60), Gambler_s_Ruin (86)
Gambler_s_Ruin bets 94
UDF1 calls
Turn [Th 4d 5s Jh], UDF1 (154), Gambler_s_Ruin (180)
Gambler_s_Ruin bets 217
UDF1 calls
River [Th 4d 5s Jh 4h], UDF1 (371), Gambler_s_Ruin (397)
Gambler_s_Ruin bets 499
UDF1 raises to 3212
Gambler_s_Ruin calls
UDF1 shows [6h Ah]
Gambler_s_Ruin shows [Qc Qs]
UDF1 awarded 3609
Gambler_s_Ruin awarded -3609

Round #390, Gambler_s_Ruin (127819), UDF1 (-127819)
Gambler_s_Ruin posts blind: 10
UDF1 posts blind: 20
Gambler_s_Ruin received [5s 3c]
UDF1 received [4s Th]
Gambler_s_Ruin folds
Gambler_s_Ruin awarded -10
UDF1 awarded 10

Round #391, UDF1 (-127809), Gambler_s_Ruin (127809)
UDF1 posts blind: 10
Gambler_s_Ruin posts blind: 20
UDF1 received [4h 3d]
Gambler_s_Ruin received [Qh 4s]
UDF1 calls
Gambler_s_Ruin checks
Flop [9h 5s Qs], UDF1 (20), Gambler_s_Ruin (20)
Gambler_s_Ruin bids 1892
UDF1 bids 16
Gambler_s_Ruin won the auction and was revealed [4h]
Flop [9h 5s Qs], UDF1 (20), Gambler_s_Ruin (36)
Gambler_s_Ruin bets 60
UDF1 folds
UDF1 awarded -20
Gambler_s_Ruin awarded 20

Round #392, Gambler_s_Ruin (127829), UDF1 (-127829)
Gambler_s_Ruin posts blind: 10
UDF1 posts blind: 20
Gambler_s_Ruin received [8s 8c]
UDF1 received [Qd Ac]
Gambler_s_Ruin raises to 60
UDF1 raises to 3525
Gambler_s_Ruin raises to 5000
UDF1 calls
Flop [4s 5s 3c], Gambler_s_Ruin (5000), UDF1 (5000)
UDF1 bids 0
Gambler_s_Ruin bids 0
Gambler_s_Ruin won the auction and was revealed [Ac]
UDF1 won the auction and was revealed [8c]
Flop [4s 5s 3c], Gambler_s_Ruin (5000), UDF1 (5000)
UDF1 checks
Gambler_s_Ruin checks
Turn [4s 5s 3c 9c], Gambler_s_Ruin (5000), UDF1 (5000)
UDF1 checks
Gambler_s_Ruin checks
River [4s 5s 3c 9c 3s], Gambler_s_Ruin (5000), UDF1 (5000)
UDF1 checks
Gambler_s_Ruin checks
Gambler_s_Ruin shows [8s 8c]
UDF1 shows [Qd Ac]
Gambler_s_Ruin awarded 5000
UDF1 awarded -5000

Round #393, UDF1 (-132829), Gambler_s_Ruin (132829)
UDF1 posts blind: 10
Gambler_s_Ruin posts blind: 20
UDF1 received [Ac Qs]
Gambler_s_Ruin received [Ks Ts]
UDF1 raises to 3432
Gambler_s_Ruin raises to 5000
UDF1 calls
Flop [7h Qd 7c], UDF1 (5000), Gambler_s_Ruin (5000)
Gambler_s_Ruin bids 0
UDF1 bids 0
UDF1 won the auction and was revealed [Ks]
Gambler_s_Ruin won the auction and was revealed [Ac]
Flop [7h Qd 7c], UDF1 (5000), Gambler_s_Ruin (5000)
Gambler_s_Ruin checks
UDF1 checks
Turn [7h Qd 7c 5s], UDF1 (5000), Gambler_s_Ruin (5000)
Gambler_s_Ruin checks
UDF1 checks
River [7h Qd 7c 5s Qh], UDF1 (5000), Gambler_s_Ruin (5000)
Gambler_s_Ruin checks
UDF1 checks
UDF1 shows [Ac Qs]
Gambler_s_Ruin shows [Ks Ts]
UDF1 awarded 5000
Gambler_s_Ruin awarded -5000

Round #394, Gambler_s_Ruin (127829), UDF1 (-127829)
Gambler_s_Ruin posts blind: 10
UDF1 posts blind: 20
Gambler_s_Ruin received [6d Jc]
UDF1 received [3s Qh]
Gambler_s_Ruin calls
UDF1 checks
Flop [9d Qs 2s], Gambler_s_Ruin (20), UDF1 (20)
UDF1 bids 16
Gambler_s_Ruin bids 1892
Gambler_s_Ruin won the auction and was revealed [3s]
Flop [9d Qs 2s], Gambler_s_Ruin (36), UDF1 (20)
UDF1 bets 3403
Gambler_s_Ruin raises to 4964
UDF1 calls
Turn [9d Qs 2s 5d], Gambler_s_Ruin (5000), UDF1 (4984)
UDF1 checks
Gambler_s_Ruin checks
River [9d Qs 2s 5d Qc], Gambler_s_Ruin (5000), UDF1 (4984)
UDF1 checks
Gambler_s_Ruin checks
Gambler_s_Ruin shows [6d Jc]
UDF1 shows [3s Qh]
Gambler_s_Ruin awarded -5000
UDF1 awarded 5000

Round #395, UDF1 (-122829), Gambler_s_Ruin (122829)
UDF1 posts blind: 10
Gambler_s_Ruin posts blind: 20
UDF1 received [Kd 8h]
Gambler_s_Ruin received [9s 6s]
UDF1 raises to 337
Gambler_s_Ruin attempted illegal ActionRaise with amount 634
Gambler_s_Ruin folds
UDF1 awarded 20
Gambler_s_Ruin awarded -20

Round #396, Gambler_s_Ruin (122809), UDF1 (-122809)
Gambler_s_Ruin posts blind: 10
UDF1 posts blind: 20
Gambler_s_Ruin received [6h 5d]
UDF1 received [2c 2h]
Gambler_s_Ruin folds
Gambler_s_Ruin awarded -10
UDF1 awarded 10

Round #397, UDF1 (-122799), Gambler_s_Ruin (122799)
UDF1 posts blind: 10
Gambler_s_Ruin posts blind: 20
UDF1 received [9s 8h]
Gambler_s_Ruin received [3s 6h]
UDF1 calls
Gambler_s_Ruin checks
Flop [Qc 4s 2h], UDF1 (20), Gambler_s_Ruin (20)
Gambler_s_Ruin bids 1892
UDF1 bids 16
Gambler_s_Ruin won the auction and was revealed [9s]
Flop [Qc 4s 2h], UDF1 (20), Gambler_s_Ruin (36)
Gambler_s_Ruin checks
UDF1 bets 2547
Gambler_s_Ruin folds
UDF1 awarded 36
Gambler_s_Ruin awarded -36

Round #398, Gambler_s_Ruin (122763), UDF1 (-122763)
Gambler_s_Ruin posts blind: 10
UDF1 posts blind: 20
Gambler_s_Ruin received [Js 2s]
UDF1 received [5s 8s]
Gambler_s_Ruin calls
UDF1 raises to 337
Gambler_s_Ruin attempted illegal ActionRaise with amount 634
Gambler_s_Ruin folds
Gambler_s_Ruin awarded -20
UDF1 awarded 20

Round #399, UDF1 (-122743), Gambler_s_Ruin (122743)
UDF1 posts blind: 10
Gambler_s_Ruin posts blind: 20
UDF1 received [8s 8c]
Gambler_s_Ruin received [4s Kh]
UDF1 raises to 3853
Gambler_s_Ruin folds
UDF1 awarded 20
Gambler_s_Ruin awarded -20

Round #400, Gambler_s_Ruin (122723), UDF1 (-122723)
Gambler_s_Ruin posts blind: 10
UDF1 posts blind: 20
Gambler_s_Ruin received [9c 3h]
UDF1 received [Ah Kh]
Gambler_s_Ruin calls
UDF1 raises to 4393
Gambler_s_Ruin folds
Gambler_s_Ruin awarded -20
UDF1 awarded 20

Round #401, UDF1 (-122703), Gambler_s_Ruin (122703)
UDF1 posts blind: 10
Gambler_s_Ruin posts blind: 20
UDF1 received [5c 6c]
Gambler_s_Ruin received [Js Ts]
UDF1 folds
UDF1 awarded -10
Gambler_s_Ruin awarded 10

Round #402, Gambler_s_Ruin (122713), UDF1 (-122713)
Gambler_s_Ruin posts blind: 10
UDF1 posts blind: 20
Gambler_s_Ruin received [8s Tc]
UDF1 received [3s 5s]
Gambler_s_Ruin calls
UDF1 checks
Flop [5c 2d 4d], Gambler_s_Ruin (20), UDF1 (20)
UDF1 bids 17
Gambler_s_Ruin bids 1892
Gambler_s_Ruin won the auction and was revealed [5s]
Flop [5c 2d 4d], Gambler_s_Ruin (37), UDF1 (20)
UDF1 bets 3140
Gambler_s_Ruin folds
Gambler_s_Ruin awarded -37
UDF1 awarded 37

Round #403, UDF1 (-122676), Gambler_s_Ruin (122676)
UDF1 posts blind: 10
Gambler_s_Ruin posts blind: 20
UDF1 received [6c 2c]
Gambler_s_Ruin received [7s Qd]
UDF1 raises to 337
Gambler_s_Ruin attempted illegal ActionRaise with amount 634
Gambler_s_Ruin folds
UDF1 awarded 20
Gambler_s_Ruin awarded -20

Round #404, Gambler_s_Ruin (122656), UDF1 (-122656)
Gambler_s_Ruin posts blind: 10
UDF1 posts blind: 20
Gambler_s_Ruin received [Kd Js]
UDF1 received [8d 5c]
Gambler_s_Ruin raises to 60
UDF1 calls
Flop [Ks 6s 2c], Gambler_s_Ruin (60), UDF1 (60)
UDF1 bids 20
Gambler_s_Ruin bids 1877
Gambler_s_Ruin won the auction and was revealed [5c]
Flop [Ks 6s 2c], Gambler_s_Ruin (80), UDF1 (60)
UDF1 bets 2572
Gambler_s_Ruin raises to 4920
UDF1 folds
Gambler_s_Ruin awarded 2632
UDF1 awarded -2632

Round #405, UDF1 (-125288), Gambler_s_Ruin (125288)
UDF1 posts blind: 10
Gambler_s_Ruin posts blind: 20
UDF1 received [Qs Jc]
Gambler_s_Ruin received [Th 4c]
UDF1 calls
Gambler_s_Ruin checks
Flop [9d Jh 2d], UDF1 (20), Gambler_s_Ruin (20)
Gambler_s_Ruin bids 1892
UDF1 bids 20
Gambler_s_Ruin won the auction and was revealed [Jc]
Flop [9d Jh 2d], UDF1 (20), Gambler_s_Ruin (40)
Gambler_s_Ruin checks
UDF1 bets 3180
Gambler_s_Ruin folds
UDF1 awarded 40
Gambler_s_Ruin awarded -40

Round #406, Gambler_s_Ruin (125248), UDF1 (-125248)
Gambler_s_Ruin posts blind: 10
UDF1 posts blind: 20
Gambler_s_Ruin received [Ts 2c]
UDF1 received [Js 3c]
Gambler_s_Ruin calls
UDF1 checks
Flop [Kh Kd 9h], Gambler_s_Ruin (20), UDF1 (20)
UDF1 bids 16
Gambler_s_Ruin bids 1892
Gambler_s_Ruin won the auction and was revealed [3c]
Flop [Kh Kd 9h], Gambler_s_Ruin (36), UDF1 (20)
UDF1 bets 2332
Gambler_s_Ruin raises to 4664
UDF1 calls
Turn [Kh Kd 9h Qh], Gambler_s_Ruin (4700), UDF1 (4684)
UDF1 bets 150
Gambler_s_Ruin raises to 300
UDF1 calls
River [Kh Kd 9h Qh Jh], Gambler_s_Ruin (5000), UDF1 (4984)
UDF1 checks
Gambler_s_Ruin checks
Gambler_s_Ruin shows [Ts 2c]
UDF1 shows [Js 3c]
Gambler_s_Ruin awarded 4984
UDF1 awarded -4984

Round #407, UDF1 (-130232), Gambler_s_Ruin (130232)
UDF1 posts blind: 10
Gambler_s_Ruin posts blind: 20
UDF1 received [7c 7h]
Gambler_s_Ruin received [Jc Ts]
UDF1 calls
Gambler_s_Ruin raises to 80
UDF1 calls
Flop [4d 3s Ad], UDF1 (80), Gambler_s_Ruin (80)
Gambler_s_Ruin bids 1869
UDF1 bids 31
Gambler_s_Ruin won the auction and was revealed [7c]
Flop [4d 3s Ad], UDF1 (80), Gambler_s_Ruin (111)
Gambler_s_Ruin bets 180
UDF1 raises to 2918
Gambler_s_Ruin raises to 4889
UDF1 calls
Turn [4d 3s Ad Jh], UDF1 (4969), Gambler_s_Ruin (5000)
Gambler_s_Ruin checks
UDF1 checks
River [4d 3s Ad Jh 6h], UDF1 (4969), Gambler_s_Ruin (5000)
Gambler_s_Ruin checks
UDF1 checks
UDF1 shows [7c 7h]
Gambler_s_Ruin shows [Jc Ts]
UDF1 awarded -4969
Gambler_s_Ruin awarded 4969

Round #408, Gambler_s_Ruin (135201), UDF1 (-135201)
Gambler_s_Ruin posts blind: 10
UDF1 posts blind: 20
Gambler_s_Ruin received [3s 7h]
UDF1 received [As Th]
Gambler_s_Ruin folds
Gambler_s_Ruin awarded -10
UDF1 awarded 10

Round #409, UDF1 (-135191), Gambler_s_Ruin (135191)
UDF1 posts blind: 10
Gambler_s_Ruin posts blind: 20
UDF1 received [8s 2h]
Gambler_s_Ruin received [As Ad]
UDF1 folds
UDF1 awarded -10
Gambler_s_Ruin awarded 10

Round #410, Gambler_s_Ruin (135201), UDF1 (-135201)
Gambler_s_Ruin posts blind: 10
UDF1 posts blind: 20
Gambler_s_Ruin received [9s 5s]
UDF1 received [9c Qd]
Gambler_s_Ruin calls
UDF1 checks
Flop [4c Qh 7s], Gambler_s_Ruin (20), UDF1 (20)
UDF1 bids 18
Gambler_s_Ruin bids 1892
Gambler_s_Ruin won the auction and was revealed [9c]
Flop [4c Qh 7s], Gambler_s_Ruin (38), UDF1 (20)
UDF1 bets 3268
Gambler_s_Ruin folds
Gambler_s_Ruin awarded -38
UDF1 awarded 38

Round #411, UDF1 (-135163), Gambler_s_Ruin (135163)
UDF1 posts blind: 10
Gambler_s_Ruin posts blind: 20
UDF1 received [2h Ah]
Gambler_s_Ruin received [9s 6c]
UDF1 folds
UDF1 awarded -10
Gambler_s_Ruin awarded 10

Round #412, Gambler_s_Ruin (135173), UDF1 (-135173)
Gambler_s_Ruin posts blind: 10
UDF1 posts blind: 20
Gambler_s_Ruin received [9h Ad]
UDF1 received [4d 8s]
Gambler_s_Ruin raises to 60
UDF1 raises to 394
Gambler_s_Ruin raises to 1002
UDF1 folds
Gambler_s_Ruin awarded 394
UDF1 awarded -394

Round #413, UDF1 (-135567), Gambler_s_Ruin (135567)
UDF1 posts blind: 10
Gambler_s_Ruin posts blind: 20
UDF1 received [Kd 3d]
Gambler_s_Ruin received [5d 4c]
UDF1 raises to 337
Gambler_s_Ruin folds
UDF1 awarded 20
Gambler_s_Ruin awarded -20

Round #414, Gambler_s_Ruin (135547), UDF1 (-135547)
Gambler_s_Ruin posts blind: 10
UDF1 posts blind: 20
Gambler_s_Ruin received [2d Td]
UDF1 received [6d 9s]
Gambler_s_Ruin calls
UDF1 raises to 337
Gambler_s_Ruin attempted illegal ActionRaise with amount 634
Gambler_s_Ruin folds
Gambler_s_Ruin awarded -20
UDF1 awarded 20

Round #415, UDF1 (-135527), Gambler_s_Ruin (135527)
UDF1 posts blind: 10
Gambler_s_Ruin posts blind: 20
UDF1 received [7s Jc]
Gambler_s_Ruin received [Ac Ah]
UDF1 folds
UDF1 awarded -10
Gambler_s_Ruin awarded 10

Round #416, Gambler_s_Ruin (135537), UDF1 (-135537)
Gambler_s_Ruin posts blind: 10
UDF1 posts blind: 20
Gambler_s_Ruin received [2s Js]
UDF1 received [6s 7h]
Gambler_s_Ruin calls
UDF1 checks
Flop [5d Qc 4s], Gambler_s_Ruin (20), UDF1 (20)
UDF1 bids 0
Gambler_s_Ruin bids 1892
Gambler_s_Ruin won the auction and was revealed [7h]
Flop [5d Qc 4s], Gambler_s_Ruin (20), UDF1 (20)
UDF1 bets 2800
Gambler_s_Ruin folds
Gambler_s_Ruin awarded -20
UDF1 awarded 20

Round #417, UDF1 (-135517), Gambler_s_Ruin (135517)
UDF1 posts blind: 10
Gambler_s_Ruin posts blind: 20
UDF1 received [8s Jd]
Gambler_s_Ruin received [6d Tc]
UDF1 raises to 337
Gambler_s_Ruin folds
UDF1 awarded 20
Gambler_s_Ruin awarded -20

Round #418, Gambler_s_Ruin (135497), UDF1 (-135497)
Gambler_s_Ruin posts blind: 10
UDF1 posts blind: 20
Gambler_s_Ruin received [Ac 4d]
UDF1 received [9c 9d]
Gambler_s_Ruin calls
UDF1 raises to 3616
Gambler_s_Ruin raises to 5000
UDF1 calls
Flop [2s 6h 9s], Gambler_s_Ruin (5000), UDF1 (5000)
UDF1 bids 0
Gambler_s_Ruin bids 0
Gambler_s_Ruin won the auction and was revealed [9c]
UDF1 won the auction and was revealed [4d]
Flop [2s 6h 9s], Gambler_s_Ruin (5000), UDF1 (5000)
UDF1 checks
Gambler_s_Ruin checks
Turn [2s 6h 9s Kd], Gambler_s_Ruin (5000), UDF1 (5000)
UDF1 checks
Gambler_s_Ruin checks
River [2s 6h 9s Kd Tc], Gambler_s_Ruin (5000), UDF1 (5000)
UDF1 checks
Gambler_s_Ruin checks
Gambler_s_Ruin shows [Ac 4d]
UDF1 shows [9c 9d]
Gambler_s_Ruin awarded -5000
UDF1 awarded 5000

Round #419, UDF1 (-130497), Gambler_s_Ruin (130497)
UDF1 posts blind: 10
Gambler_s_Ruin posts blind: 20
UDF1 received [2d 8s]
Gambler_s_Ruin received [Jd Qs]
UDF1 calls
Gambler_s_Ruin raises to 80
UDF1 folds
UDF1 awarded -20
Gambler_s_Ruin awarded 20

Round #420, Gambler_s_Ruin (130517), UDF1 (-130517)
Gambler_s_Ruin posts blind: 10
UDF1 posts blind: 20
Gambler_s_Ruin received [9h 9c]
UDF1 received [Js 8d]
Gambler_s_Ruin raises to 60
UDF1 folds
Gambler_s_Ruin awarded 20
UDF1 awarded -20

Round #421, UDF1 (-130537), Gambler_s_Ruin (130537)
UDF1 posts blind: 10
Gambler_s_Ruin posts blind: 20
UDF1 received [7c As]
Gambler_s_Ruin received [4s 5h]
UDF1 calls
Gambler_s_Ruin checks
Flop [Tc 2s Ks], UDF1 (20), Gambler_s_Ruin (20)
Gambler_s_Ruin bids 1892
UDF1 bids 16
Gambler_s_Ruin won the auction and was revealed [7c]
Flop [Tc 2s Ks], UDF1 (20), Gambler_s_Ruin (36)
Gambler_s_Ruin checks
UDF1 bets 2813
Gambler_s_Ruin folds
UDF1 awarded 36
Gambler_s_Ruin awarded -36

Round #422, Gambler_s_Ruin (130501), UDF1 (-130501)
Gambler_s_Ruin posts blind: 10
UDF1 posts blind: 20
Gambler_s_Ruin received [Qd Jc]
UDF1 received [6c Kh]
Gambler_s_Ruin calls
UDF1 checks
Flop [3c 7c 7d], Gambler_s_Ruin (20), UDF1 (20)
UDF1 bids 16
Gambler_s_Ruin bids 1892
Gambler_s_Ruin won the auction and was revealed [Kh]
Flop [3c 7c 7d], Gambler_s_Ruin (36), UDF1 (20)
UDF1 bets 2693
Gambler_s_Ruin folds
Gambler_s_Ruin awarded -36
UDF1 awarded 36

Round #423, UDF1 (-130465), Gambler_s_Ruin (130465)
UDF1 posts blind: 10
Gambler_s_Ruin posts blind: 20
UDF1 received [4d 4s]
Gambler_s_Ruin received [6c 3s]
UDF1 calls
Gambler_s_Ruin checks
Flop [2s Td 8d], UDF1 (20), Gambler_s_Ruin (20)
Gambler_s_Ruin bids 1892
UDF1 bids 16
Gambler_s_Ruin won the auction and was revealed [4d]
Flop [2s Td 8d], UDF1 (20), Gambler_s_Ruin (36)
Gambler_s_Ruin checks
UDF1 bets 3205
Gambler_s_Ruin folds
UDF1 awarded 36
Gambler_s_Ruin awarded -36

Round #424, Gambler_s_Ruin (130429), UDF1 (-130429)
Gambler_s_Ruin posts blind: 10
UDF1 posts blind: 20
Gambler_s_Ruin received [Jc 9d]
UDF1 received [2h Ac]
Gambler_s_Ruin calls
UDF1 raises to 337
Gambler_s_Ruin folds
Gambler_s_Ruin awarded -20
UDF1 awarded 20

Round #425, UDF1 (-130409), Gambler_s_Ruin (130409)
UDF1 posts blind: 10
Gambler_s_Ruin posts blind: 20
UDF1 received [Kh 3d]
Gambler_s_Ruin received [Th 2d]
UDF1 calls
Gambler_s_Ruin checks
Flop [9d 4h 6d], UDF1 (20), Gambler_s_Ruin (20)
Gambler_s_Ruin bids 1892
UDF1 bids 20
Gambler_s_Ruin won the auction and was revealed [Kh]
Flop [9d 4h 6d], UDF1 (20), Gambler_s_Ruin (40)
Gambler_s_Ruin checks
UDF1 bets 2923
Gambler_s_Ruin folds
UDF1 awarded 40
Gambler_s_Ruin awarded -40

Round #426, Gambler_s_Ruin (130369), UDF1 (-130369)
Gambler_s_Ruin posts blind: 10
UDF1 posts blind: 20
Gambler_s_Ruin received [Ks 4h]
UDF1 received [3h 4c]
Gambler_s_Ruin calls
UDF1 raises to 337
Gambler_s_Ruin folds
Gambler_s_Ruin awarded -20
UDF1 awarded 20

Round #427, UDF1 (-130349), Gambler_s_Ruin (130349)
UDF1 posts blind: 10
Gambler_s_Ruin posts blind: 20
UDF1 received [4c Jd]
Gambler_s_Ruin received [7d Ah]
UDF1 folds
UDF1 awarded -10
Gambler_s_Ruin awarded 10

Round #428, Gambler_s_Ruin (130359), UDF1 (-130359)
Gambler_s_Ruin posts blind: 10
UDF1 posts blind: 20
Gambler_s_Ruin received [3s 6d]
UDF1 received [5c 4h]
Gambler_s_Ruin folds
Gambler_s_Ruin awarded -10
UDF1 awarded 10

Round #429, UDF1 (-130349), Gambler_s_Ruin (130349)
UDF1 posts blind: 10
Gambler_s_Ruin posts blind: 20
UDF1 received [3d 2d]
Gambler_s_Ruin received [3c Ks]
UDF1 calls
Gambler_s_Ruin checks
Flop [Kh 4s 9d], UDF1 (20), Gambler_s_Ruin (20)
Gambler_s_Ruin bids 1892
UDF1 bids 22
Gambler_s_Ruin won the auction and was revealed [3d]
Flop [Kh 4s 9d], UDF1 (20), Gambler_s_Ruin (42)
Gambler_s_Ruin bets 70
UDF1 folds
UDF1 awarded -20
Gambler_s_Ruin awarded 20

Round #430, Gambler_s_Ruin (130369), UDF1 (-130369)
Gambler_s_Ruin posts blind: 10
UDF1 posts blind: 20
Gambler_s_Ruin received [Kh 7s]
UDF1 received [Ah 8d]
Gambler_s_Ruin calls
UDF1 checks
Flop [7h Jc 7d], Gambler_s_Ruin (20), UDF1 (20)
UDF1 bids 20
Gambler_s_Ruin bids 1892
Gambler_s_Ruin won the auction and was revealed [Ah]
Flop [7h Jc 7d], Gambler_s_Ruin (40), UDF1 (20)
UDF1 bets 2538
Gambler_s_Ruin raises to 4960
UDF1 calls
Turn [7h Jc 7d Tc], Gambler_s_Ruin (5000), UDF1 (4980)
UDF1 checks
Gambler_s_Ruin checks
River [7h Jc 7d Tc 9h], Gambler_s_Ruin (5000), UDF1 (4980)
UDF1 checks
Gambler_s_Ruin checks
Gambler_s_Ruin shows [Kh 7s]
UDF1 shows [Ah 8d]
Gambler_s_Ruin awarded -5000
UDF1 awarded 5000

Round #431, UDF1 (-125369), Gambler_s_Ruin (125369)
UDF1 posts blind: 10
Gambler_s_Ruin posts blind: 20
UDF1 received [4d 9d]
Gambler_s_Ruin received [Kd 4h]
UDF1 calls
Gambler_s_Ruin checks
Flop [7c 9h 6s], UDF1 (20), Gambler_s_Ruin (20)
Gambler_s_Ruin bids 1892
UDF1 bids 16
Gambler_s_Ruin won the auction and was revealed [9d]
Flop [7c 9h 6s], UDF1 (20), Gambler_s_Ruin (36)
Gambler_s_Ruin checks
UDF1 bets 2645
Gambler_s_Ruin folds
UDF1 awarded 36
Gambler_s_Ruin awarded -36

Round #432, Gambler_s_Ruin (125333), UDF1 (-125333)
Gambler_s_Ruin posts blind: 10
UDF1 posts blind: 20
Gambler_s_Ruin received [3h Qd]
UDF1 received [7d Ad]
Gambler_s_Ruin calls
UDF1 checks
Flop [6s 2c 6h], Gambler_s_Ruin (20), UDF1 (20)
UDF1 bids 0
Gambler_s_Ruin bids 1892
Gambler_s_Ruin won the auction and was revealed [7d]
Flop [6s 2c 6h], Gambler_s_Ruin (20), UDF1 (20)
UDF1 bets 2606
Gambler_s_Ruin raises to 4980
UDF1 calls
Turn [6s 2c 6h 9s], Gambler_s_Ruin (5000), UDF1 (5000)
UDF1 checks
Gambler_s_Ruin checks
River [6s 2c 6h 9s Jh], Gambler_s_Ruin (5000), UDF1 (5000)
UDF1 checks
Gambler_s_Ruin checks
Gambler_s_Ruin shows [3h Qd]
UDF1 shows [7d Ad]
Gambler_s_Ruin awarded -5000
UDF1 awarded 5000

Round #433, UDF1 (-120333), Gambler_s_Ruin (120333)
UDF1 posts blind: 10
Gambler_s_Ruin posts blind: 20
UDF1 received [7s 9d]
Gambler_s_Ruin received [Jh 2d]
UDF1 folds
UDF1 awarded -10
Gambler_s_Ruin awarded 10

Round #434, Gambler_s_Ruin (120343), UDF1 (-120343)
Gambler_s_Ruin posts blind: 10
UDF1 posts blind: 20
Gambler_s_Ruin received [6h 8s]
UDF1 received [2s 4s]
Gambler_s_Ruin calls
UDF1 checks
Flop [3c Jc 7d], Gambler_s_Ruin (20), UDF1 (20)
UDF1 bids 22
Gambler_s_Ruin bids 1892
Gambler_s_Ruin won the auction and was revealed [2s]
Flop [3c Jc 7d], Gambler_s_Ruin (42), UDF1 (20)
UDF1 bets 2373
Gambler_s_Ruin folds
Gambler_s_Ruin awarded -42
UDF1 awarded 42

Round #435, UDF1 (-120301), Gambler_s_Ruin (120301)
UDF1 posts blind: 10
Gambler_s_Ruin posts blind: 20
UDF1 received [5s Ah]
Gambler_s_Ruin received [4c Qs]
UDF1 folds
UDF1 awarded -10
Gambler_s_Ruin awarded 10

Round #436, Gambler_s_Ruin (120311), UDF1 (-120311)
Gambler_s_Ruin posts blind: 10
UDF1 posts blind: 20
Gambler_s_Ruin received [4d Tc]
UDF1 received [Qs 3s]
Gambler_s_Ruin calls
UDF1 checks
Flop [Kh 7s 3h], Gambler_s_Ruin (20), UDF1 (20)
UDF1 bids 16
Gambler_s_Ruin bids 1892
Gambler_s_Ruin won the auction and was revealed [Qs]
Flop [Kh 7s 3h], Gambler_s_Ruin (36), UDF1 (20)
UDF1 bets 3137
Gambler_s_Ruin folds
Gambler_s_Ruin awarded -36
UDF1 awarded 36

Round #437, UDF1 (-120275), Gambler_s_Ruin (120275)
UDF1 posts blind: 10
Gambler_s_Ruin posts blind: 20
UDF1 received [8d 7d]
Gambler_s_Ruin received [4d Ah]
UDF1 calls
Gambler_s_Ruin raises to 80
UDF1 calls
Flop [9s 3d Js], UDF1 (80), Gambler_s_Ruin (80)
Gambler_s_Ruin bids 1869
UDF1 bids 35
Gambler_s_Ruin won the auction and was revealed [8d]
Flop [9s 3d Js], UDF1 (80), Gambler_s_Ruin (115)
Gambler_s_Ruin bets 174
UDF1 folds
UDF1 awarded -80
Gambler_s_Ruin awarded 80

Round #438, Gambler_s_Ruin (120355), UDF1 (-120355)
Gambler_s_Ruin posts blind: 10
UDF1 posts blind: 20
Gambler_s_Ruin received [Jh 3s]
UDF1 received [6c 7d]
Gambler_s_Ruin calls
UDF1 checks
Flop [3d 2s 3c], Gambler_s_Ruin (20), UDF1 (20)
UDF1 bids 16
Gambler_s_Ruin bids 1892
Gambler_s_Ruin won the auction and was revealed [6c]
Flop [3d 2s 3c], Gambler_s_Ruin (36), UDF1 (20)
UDF1 bets 2266
Gambler_s_Ruin raises to 4532
UDF1 folds
Gambler_s_Ruin awarded 2286
UDF1 awarded -2286

Round #439, UDF1 (-122641), Gambler_s_Ruin (122641)
UDF1 posts blind: 10
Gambler_s_Ruin posts blind: 20
UDF1 received [6s 9h]
Gambler_s_Ruin received [6h Ks]
UDF1 folds
UDF1 awarded -10
Gambler_s_Ruin awarded 10

Round #440, Gambler_s_Ruin (122651), UDF1 (-122651)
Gambler_s_Ruin posts blind: 10
UDF1 posts blind: 20
Gambler_s_Ruin received [3h Qc]
UDF1 received [Jh 6d]
Gambler_s_Ruin calls
UDF1 checks
Flop [2h Qd 5c], Gambler_s_Ruin (20), UDF1 (20)
UDF1 bids 16
Gambler_s_Ruin bids 1892
Gambler_s_Ruin won the auction and was revealed [Jh]
Flop [2h Qd 5c], Gambler_s_Ruin (36), UDF1 (20)
UDF1 bets 2568
Gambler_s_Ruin raises to 4964
UDF1 calls
Turn [2h Qd 5c Ad], Gambler_s_Ruin (5000), UDF1 (4984)
UDF1 checks
Gambler_s_Ruin checks
River [2h Qd 5c Ad 2d], Gambler_s_Ruin (5000), UDF1 (4984)
UDF1 checks
Gambler_s_Ruin checks
Gambler_s_Ruin shows [3h Qc]
UDF1 shows [Jh 6d]
Gambler_s_Ruin awarded 4984
UDF1 awarded -4984

Round #441, UDF1 (-127635), Gambler_s_Ruin (127635)
UDF1 posts blind: 10
Gambler_s_Ruin posts blind: 20
UDF1 received [4d Qh]
Gambler_s_Ruin received [9h 8c]
UDF1 calls
Gambler_s_Ruin checks
Flop [4c 6d Ts], UDF1 (20), Gambler_s_Ruin (20)
Gambler_s_Ruin bids 1892
UDF1 bids 20
Gambler_s_Ruin won the auction and was revealed [Qh]
Flop [4c 6d Ts], UDF1 (20), Gambler_s_Ruin (40)
Gambler_s_Ruin checks
UDF1 bets 2755
Gambler_s_Ruin folds
UDF1 awarded 40
Gambler_s_Ruin awarded -40

Round #442, Gambler_s_Ruin (127595), UDF1 (-127595)
Gambler_s_Ruin posts blind: 10
UDF1 posts blind: 20
Gambler_s_Ruin received [9h As]
UDF1 received [5c Kc]
Gambler_s_Ruin raises to 60
UDF1 folds
Gambler_s_Ruin awarded 20
UDF1 awarded -20

Round #443, UDF1 (-127615), Gambler_s_Ruin (127615)
UDF1 posts blind: 10
Gambler_s_Ruin posts blind: 20
UDF1 received [Jd 3d]
Gambler_s_Ruin received [4s Ad]
UDF1 folds
UDF1 awarded -10
Gambler_s_Ruin awarded 10

Round #444, Gambler_s_Ruin (127625), UDF1 (-127625)
Gambler_s_Ruin posts blind: 10
UDF1 posts blind: 20
Gambler_s_Ruin received [Qc 5s]
UDF1 received [9d Tc]
Gambler_s_Ruin calls
UDF1 checks
Flop [Ts 4s 7h], Gambler_s_Ruin (20), UDF1 (20)
UDF1 bids 16
Gambler_s_Ruin bids 1892
Gambler_s_Ruin won the auction and was revealed [Tc]
Flop [Ts 4s 7h], Gambler_s_Ruin (36), UDF1 (20)
UDF1 bets 2920
Gambler_s_Ruin folds
Gambler_s_Ruin awarded -36
UDF1 awarded 36

Round #445, UDF1 (-127589), Gambler_s_Ruin (127589)
UDF1 posts blind: 10
Gambler_s_Ruin posts blind: 20
UDF1 received [6h 9d]
Gambler_s_Ruin received [7c 5h]
UDF1 folds
UDF1 awarded -10
Gambler_s_Ruin awarded 10

Round #446, Gambler_s_Ruin (127599), UDF1 (-127599)
Gambler_s_Ruin posts blind: 10
UDF1 posts blind: 20
Gambler_s_Ruin received [Jd 7h]
UDF1 received [9d Qs]
Gambler_s_Ruin calls
UDF1 checks
Flop [8c 3h Qh], Gambler_s_Ruin (20), UDF1 (20)
UDF1 bids 23
Gambler_s_Ruin bids 1892
Gambler_s_Ruin won the auction and was revealed [9d]
Flop [8c 3h Qh], Gambler_s_Ruin (43), UDF1 (20)
UDF1 bets 3452
Gambler_s_Ruin raises to 4957
UDF1 calls
Turn [8c 3h Qh Js], Gambler_s_Ruin (5000), UDF1 (4977)
UDF1 checks
Gambler_s_Ruin checks
River [8c 3h Qh Js 4d], Gambler_s_Ruin (5000), UDF1 (4977)
UDF1 checks
Gambler_s_Ruin checks
Gambler_s_Ruin shows [Jd 7h]
UDF1 shows [9d Qs]
Gambler_s_Ruin awarded -5000
UDF1 awarded 5000

Round #447, UDF1 (-122599), Gambler_s_Ruin (122599)
UDF1 posts blind: 10
Gambler_s_Ruin posts blind: 20
UDF1 received [2s Kc]
Gambler_s_Ruin received [3s 9s]
UDF1 calls
Gambler_s_Ruin raises to 80
UDF1 folds
UDF1 awarded -20
Gambler_s_Ruin awarded 20

Round #448, Gambler_s_Ruin (122619), UDF1 (-122619)
Gambler_s_Ruin posts blind: 10
UDF1 posts blind: 20
Gambler_s_Ruin received [5h Jc]
UDF1 received [5s Kh]
Gambler_s_Ruin calls
UDF1 raises to 337
Gambler_s_Ruin folds
Gambler_s_Ruin awarded -20
UDF1 awarded 20

Round #449, UDF1 (-122599), Gambler_s_Ruin (122599)
UDF1 posts blind: 10
Gambler_s_Ruin posts blind: 20
UDF1 received [Qd 3h]
Gambler_s_Ruin received [Kc 8c]
UDF1 folds
UDF1 awarded -10
Gambler_s_Ruin awarded 10

Round #450, Gambler_s_Ruin (122609), UDF1 (-122609)
Gambler_s_Ruin posts blind: 10
UDF1 posts blind: 20
Gambler_s_Ruin received [Kh 9h]
UDF1 received [Tc Jd]
Gambler_s_Ruin calls
UDF1 checks
Flop [Ks 5s Qc], Gambler_s_Ruin (20), UDF1 (20)
UDF1 bids 21
Gambler_s_Ruin bids 1892
Gambler_s_Ruin won the auction and was revealed [Jd]
Flop [Ks 5s Qc], Gambler_s_Ruin (41), UDF1 (20)
UDF1 bets 2815
Gambler_s_Ruin raises to 4959
UDF1 calls
Turn [Ks 5s Qc 9d], Gambler_s_Ruin (5000), UDF1 (4979)
UDF1 checks
Gambler_s_Ruin checks
River [Ks 5s Qc 9d 3d], Gambler_s_Ruin (5000), UDF1 (4979)
UDF1 checks
Gambler_s_Ruin checks
Gambler_s_Ruin shows [Kh 9h]
UDF1 shows [Tc Jd]
Gambler_s_Ruin awarded -5000
UDF1 awarded 5000

Round #451, UDF1 (-117609), Gambler_s_Ruin (117609)
UDF1 posts blind: 10
Gambler_s_Ruin posts blind: 20
UDF1 received [3d 6d]
Gambler_s_Ruin received [7s 9h]
UDF1 calls
Gambler_s_Ruin checks
Flop [Tc Th 8d], UDF1 (20), Gambler_s_Ruin (20)
Gambler_s_Ruin bids 1892
UDF1 bids 19
Gambler_s_Ruin won the auction and was revealed [3d]
Flop [Tc Th 8d], UDF1 (20), Gambler_s_Ruin (39)
Gambler_s_Ruin bets 67
UDF1 folds
UDF1 awarded -20
Gambler_s_Ruin awarded 20

Round #452, Gambler_s_Ruin (117629), UDF1 (-117629)
Gambler_s_Ruin posts blind: 10
UDF1 posts blind: 20
Gambler_s_Ruin received [Jd 7c]
UDF1 received [Ts 8d]
Gambler_s_Ruin calls
UDF1 raises to 337
Gambler_s_Ruin folds
Gambler_s_Ruin awarded -20
UDF1 awarded 20

Round #453, UDF1 (-117609), Gambler_s_Ruin (117609)
UDF1 posts blind: 10
Gambler_s_Ruin posts blind: 20
UDF1 received [Ac 6d]
Gambler_s_Ruin received [Ks 8h]
UDF1 raises to 337
Gambler_s_Ruin attempted illegal ActionRaise with amount 634
Gambler_s_Ruin folds
UDF1 awarded 20
Gambler_s_Ruin awarded -20

Round #454, Gambler_s_Ruin (117589), UDF1 (-117589)
Gambler_s_Ruin posts blind: 10
UDF1 posts blind: 20
Gambler_s_Ruin received [Jc 4d]
UDF1 received [2c 7d]
Gambler_s_Ruin calls
UDF1 checks
Flop [7h 3h 3d], Gambler_s_Ruin (20), UDF1 (20)
UDF1 bids 17
Gambler_s_Ruin bids 1892
Gambler_s_Ruin won the auction and was revealed [2c]
Flop [7h 3h 3d], Gambler_s_Ruin (37), UDF1 (20)
UDF1 bets 2677
Gambler_s_Ruin raises to 4963
UDF1 calls
Turn [7h 3h 3d Ad], Gambler_s_Ruin (5000), UDF1 (4983)
UDF1 checks
Gambler_s_Ruin checks
River [7h 3h 3d Ad 5s], Gambler_s_Ruin (5000), UDF1 (4983)
UDF1 checks
Gambler_s_Ruin checks
Gambler_s_Ruin shows [Jc 4d]
UDF1 shows [2c 7d]
Gambler_s_Ruin awarded -5000
UDF1 awarded 5000

Round #455, UDF1 (-112589), Gambler_s_Ruin (112589)
UDF1 posts blind: 10
Gambler_s_Ruin posts blind: 20
UDF1 received [Ad 4h]
Gambler_s_Ruin received [Tc As]
UDF1 calls
Gambler_s_Ruin raises to 60
UDF1 calls
Flop [4c Qs Ah], UDF1 (60), Gambler_s_Ruin (60)
Gambler_s_Ruin bids 1877
UDF1 bids 27
Gambler_s_Ruin won the auction and was revealed [4h]
Flop [4c Qs Ah], UDF1 (60), Gambler_s_Ruin (87)
Gambler_s_Ruin bets 159
UDF1 raises to 3853
Gambler_s_Ruin raises to 4913
UDF1 calls
Turn [4c Qs Ah 3c], UDF1 (4973), Gambler_s_Ruin (5000)
Gambler_s_Ruin checks
UDF1 checks
River [4c Qs Ah 3c Ts], UDF1 (4973), Gambler_s_Ruin (5000)
Gambler_s_Ruin checks
UDF1 checks
UDF1 shows [Ad 4h]
Gambler_s_Ruin shows [Tc As]
UDF1 awarded -4973
Gambler_s_Ruin awarded 4973

Round #456, Gambler_s_Ruin (117562), UDF1 (-117562)
Gambler_s_Ruin posts blind: 10
UDF1 posts blind: 20
Gambler_s_Ruin received [Ts 4c]
UDF1 received [4h 6d]
Gambler_s_Ruin calls
UDF1 checks
Flop [As Th 2s], Gambler_s_Ruin (20), UDF1 (20)
UDF1 bids 20
Gambler_s_Ruin bids 1892
Gambler_s_Ruin won the auction and was revealed [6d]
Flop [As Th 2s], Gambler_s_Ruin (40), UDF1 (20)
UDF1 bets 2752
Gambler_s_Ruin raises to 4960
UDF1 folds
Gambler_s_Ruin awarded 2772
UDF1 awarded -2772

Round #457, UDF1 (-120334), Gambler_s_Ruin (120334)
UDF1 posts blind: 10
Gambler_s_Ruin posts blind: 20
UDF1 received [3s 8c]
Gambler_s_Ruin received [4s Kc]
UDF1 calls
Gambler_s_Ruin checks
Flop [Qd 2d Td], UDF1 (20), Gambler_s_Ruin (20)
Gambler_s_Ruin bids 1892
UDF1 bids 16
Gambler_s_Ruin won the auction and was revealed [8c]
Flop [Qd 2d Td], UDF1 (20), Gambler_s_Ruin (36)
Gambler_s_Ruin bets 50
UDF1 folds
UDF1 awarded -20
Gambler_s_Ruin awarded 20

Round #458, Gambler_s_Ruin (120354), UDF1 (-120354)
Gambler_s_Ruin posts blind: 10
UDF1 posts blind: 20
Gambler_s_Ruin received [4h Kc]
UDF1 received [9h Qc]
Gambler_s_Ruin calls
UDF1 checks
Flop [2s 3c 6h], Gambler_s_Ruin (20), UDF1 (20)
UDF1 bids 16
Gambler_s_Ruin bids 1892
Gambler_s_Ruin won the auction and was revealed [9h]
Flop [2s 3c 6h], Gambler_s_Ruin (36), UDF1 (20)
UDF1 bets 2495
Gambler_s_Ruin raises to 4964
UDF1 calls
Turn [2s 3c 6h 8h], Gambler_s_Ruin (5000), UDF1 (4984)
UDF1 checks
Gambler_s_Ruin checks
River [2s 3c 6h 8h 7d], Gambler_s_Ruin (5000), UDF1 (4984)
UDF1 checks
Gambler_s_Ruin checks
Gambler_s_Ruin shows [4h Kc]
UDF1 shows [9h Qc]
Gambler_s_Ruin awarded 4984
UDF1 awarded -4984

Round #459, UDF1 (-125338), Gambler_s_Ruin (125338)
UDF1 posts blind: 10
Gambler_s_Ruin posts blind: 20
UDF1 received [3h Kd]
Gambler_s_Ruin received [As Ah]
UDF1 raises to 337
Gambler_s_Ruin raises to 951
UDF1 folds
UDF1 awarded -337
Gambler_s_Ruin awarded 337

Round #460, Gambler_s_Ruin (125675), UDF1 (-125675)
Gambler_s_Ruin posts blind: 10
UDF1 posts blind: 20
Gambler_s_Ruin received [Jc 9h]
UDF1 received [Qd Ac]
Gambler_s_Ruin calls
UDF1 raises to 3614
Gambler_s_Ruin folds
Gambler_s_Ruin awarded -20
UDF1 awarded 20

Round #461, UDF1 (-125655), Gambler_s_Ruin (125655)
UDF1 posts blind: 10
Gambler_s_Ruin posts blind: 20
UDF1 received [2d 3d]
Gambler_s_Ruin received [6d 5s]
UDF1 calls
Gambler_s_Ruin checks
Flop [2s Tc 6s], UDF1 (20), Gambler_s_Ruin (20)
Gambler_s_Ruin bids 1892
UDF1 bids 23
Gambler_s_Ruin won the auction and was revealed [2d]
Flop [2s Tc 6s], UDF1 (20), Gambler_s_Ruin (43)
Gambler_s_Ruin bets 74
UDF1 calls
Turn [2s Tc 6s 8c], UDF1 (94), Gambler_s_Ruin (117)
Gambler_s_Ruin bets 249
UDF1 calls
River [2s Tc 6s 8c Ks], UDF1 (343), Gambler_s_Ruin (366)
Gambler_s_Ruin bets 839
UDF1 folds
UDF1 awarded -343
Gambler_s_Ruin awarded 343

Round #462, Gambler_s_Ruin (125998), UDF1 (-125998)
Gambler_s_Ruin posts blind: 10
UDF1 posts blind: 20
Gambler_s_Ruin received [3c 4d]
UDF1 received [Qs 4h]
Gambler_s_Ruin folds
Gambler_s_Ruin awarded -10
UDF1 awarded 10

Round #463, UDF1 (-125988), Gambler_s_Ruin (125988)
UDF1 posts blind: 10
Gambler_s_Ruin posts blind: 20
UDF1 received [Jd Kh]
Gambler_s_Ruin received [7h 3h]
UDF1 calls
Gambler_s_Ruin checks
Flop [Th Ts 4c], UDF1 (20), Gambler_s_Ruin (20)
Gambler_s_Ruin bids 1892
UDF1 bids 19
Gambler_s_Ruin won the auction and was revealed [Kh]
Flop [Th Ts 4c], UDF1 (20), Gambler_s_Ruin (39)
Gambler_s_Ruin checks
UDF1 bets 2671
Gambler_s_Ruin folds
UDF1 awarded 39
Gambler_s_Ruin awarded -39

Round #464, Gambler_s_Ruin (125949), UDF1 (-125949)
Gambler_s_Ruin posts blind: 10
UDF1 posts blind: 20
Gambler_s_Ruin received [Qh 8s]
UDF1 received [4s 6d]
Gambler_s_Ruin calls
UDF1 checks
Flop [5s Qd 9s], Gambler_s_Ruin (20), UDF1 (20)
UDF1 bids 16
Gambler_s_Ruin bids 1892
Gambler_s_Ruin won the auction and was revealed [4s]
Flop [5s Qd 9s], Gambler_s_Ruin (36), UDF1 (20)
UDF1 bets 2603
Gambler_s_Ruin raises to 4964
UDF1 folds
Gambler_s_Ruin awarded 2623
UDF1 awarded -2623

Round #465, UDF1 (-128572), Gambler_s_Ruin (128572)
UDF1 posts blind: 10
Gambler_s_Ruin posts blind: 20
UDF1 received [6s Td]
Gambler_s_Ruin received [2s 2d]
UDF1 folds
UDF1 awarded -10
Gambler_s_Ruin awarded 10

Round #466, Gambler_s_Ruin (128582), UDF1 (-128582)
Gambler_s_Ruin posts blind: 10
UDF1 posts blind: 20
Gambler_s_Ruin received [3h Jh]
UDF1 received [4c Th]
Gambler_s_Ruin calls
UDF1 checks
Flop [Jc Qh 6c], Gambler_s_Ruin (20), UDF1 (20)
UDF1 bids 16
Gambler_s_Ruin bids 1892
Gambler_s_Ruin won the auction and was revealed [4c]
Flop [Jc Qh 6c], Gambler_s_Ruin (36), UDF1 (20)
UDF1 bets 2771
Gambler_s_Ruin raises to 4964
UDF1 calls
Turn [Jc Qh 6c 3d], Gambler_s_Ruin (5000), UDF1 (4984)
UDF1 checks
Gambler_s_Ruin checks
River [Jc Qh 6c 3d 8c], Gambler_s_Ruin (5000), UDF1 (4984)
UDF1 checks
Gambler_s_Ruin checks
Gambler_s_Ruin shows [3h Jh]
UDF1 shows [4c Th]
Gambler_s_Ruin awarded 4984
UDF1 awarded -4984

Round #467, UDF1 (-133566), Gambler_s_Ruin (133566)
UDF1 posts blind: 10
Gambler_s_Ruin posts blind: 20
UDF1 received [2c 9s]
Gambler_s_Ruin received [4d 7h]
UDF1 calls
Gambler_s_Ruin checks
Flop [Th Td 2s], UDF1 (20), Gambler_s_Ruin (20)
Gambler_s_Ruin bids 1892
UDF1 bids 23
Gambler_s_Ruin won the auction and was revealed [2c]
Flop [Th Td 2s], UDF1 (20), Gambler_s_Ruin (43)
Gambler_s_Ruin checks
UDF1 bets 2938
Gambler_s_Ruin folds
UDF1 awarded 43
Gambler_s_Ruin awarded -43

Round #468, Gambler_s_Ruin (133523), UDF1 (-133523)
Gambler_s_Ruin posts blind: 10
UDF1 posts blind: 20
Gambler_s_Ruin received [8d 7c]
UDF1 received [9c Td]
Gambler_s_Ruin calls
UDF1 checks
Flop [8s Ac 3c], Gambler_s_Ruin (20), UDF1 (20)
UDF1 bids 22
Gambler_s_Ruin bids 1892
Gambler_s_Ruin won the auction and was revealed [Td]
Flop [8s Ac 3c], Gambler_s_Ruin (42), UDF1 (20)
UDF1 bets 2715
Gambler_s_Ruin calls
Turn [8s Ac 3c 9d], Gambler_s_Ruin (2757), UDF1 (2735)
UDF1 bets 1626
Gambler_s_Ruin calls
River [8s Ac 3c 9d Qh], Gambler_s_Ruin (4383), UDF1 (4361)
UDF1 bets 340
Gambler_s_Ruin calls
Gambler_s_Ruin shows [8d 7c]
UDF1 shows [9c Td]
Gambler_s_Ruin awarded -4723
UDF1 awarded 4723

Round #469, UDF1 (-128800), Gambler_s_Ruin (128800)
UDF1 posts blind: 10
Gambler_s_Ruin posts blind: 20
UDF1 received [Qs Kc]
Gambler_s_Ruin received [2h Jd]
UDF1 raises to 3781
Gambler_s_Ruin folds
UDF1 awarded 20
Gambler_s_Ruin awarded -20

Round #470, Gambler_s_Ruin (128780), UDF1 (-128780)
Gambler_s_Ruin posts blind: 10
UDF1 posts blind: 20
Gambler_s_Ruin received [6d 6h]
UDF1 received [Kc 5d]
Gambler_s_Ruin calls
UDF1 checks
Flop [Ah 8s 4s], Gambler_s_Ruin (20), UDF1 (20)
UDF1 bids 18
Gambler_s_Ruin bids 1892
Gambler_s_Ruin won the auction and was revealed [Kc]
Flop [Ah 8s 4s], Gambler_s_Ruin (38), UDF1 (20)
UDF1 bets 3075
Gambler_s_Ruin calls
Turn [Ah 8s 4s Kd], Gambler_s_Ruin (3113), UDF1 (3095)
UDF1 bets 1264
Gambler_s_Ruin folds
Gambler_s_Ruin awarded -3113
UDF1 awarded 3113

Round #471, UDF1 (-125667), Gambler_s_Ruin (125667)
UDF1 posts blind: 10
Gambler_s_Ruin posts blind: 20
UDF1 received [9c Ac]
Gambler_s_Ruin received [6c 5c]
UDF1 calls
Gambler_s_Ruin checks
Flop [7s 9h 7h], UDF1 (20), Gambler_s_Ruin (20)
Gambler_s_Ruin bids 1892
UDF1 bids 23
Gambler_s_Ruin won the auction and was revealed [9c]
Flop [7s 9h 7h], UDF1 (20), Gambler_s_Ruin (43)
Gambler_s_Ruin checks
UDF1 bets 3032
Gambler_s_Ruin folds
UDF1 awarded 43
Gambler_s_Ruin awarded -43

Round #472, Gambler_s_Ruin (125624), UDF1 (-125624)
Gambler_s_Ruin posts blind: 10
UDF1 posts blind: 20
Gambler_s_Ruin received [As Kc]
UDF1 received [Ad 6h]
Gambler_s_Ruin raises to 60
UDF1 raises to 394
Gambler_s_Ruin raises to 1002
UDF1 folds
Gambler_s_Ruin awarded 394
UDF1 awarded -394

Round #473, UDF1 (-126018), Gambler_s_Ruin (126018)
UDF1 posts blind: 10
Gambler_s_Ruin posts blind: 20
UDF1 received [9h 7c]
Gambler_s_Ruin received [Jh 8c]
UDF1 folds
UDF1 awarded -10
Gambler_s_Ruin awarded 10

Round #474, Gambler_s_Ruin (126028), UDF1 (-126028)
Gambler_s_Ruin posts blind: 10
UDF1 posts blind: 20
Gambler_s_Ruin received [7c Kc]
UDF1 received [Ah 3c]
Gambler_s_Ruin calls
UDF1 checks
Flop [9d 2d Kd], Gambler_s_Ruin (20), UDF1 (20)
UDF1 bids 16
Gambler_s_Ruin bids 1892
Gambler_s_Ruin won the auction and was revealed [3c]
Flop [9d 2d Kd], Gambler_s_Ruin (36), UDF1 (20)
UDF1 bets 2645
Gambler_s_Ruin raises to 4964
UDF1 calls
Turn [9d 2d Kd 4d], Gambler_s_Ruin (5000), UDF1 (4984)
UDF1 checks
Gambler_s_Ruin checks
River [9d 2d Kd 4d Js], Gambler_s_Ruin (5000), UDF1 (4984)
UDF1 checks
Gambler_s_Ruin checks
Gambler_s_Ruin shows [7c Kc]
UDF1 shows [Ah 3c]
Gambler_s_Ruin awarded 4984
UDF1 awarded -4984

Round #475, UDF1 (-131012), Gambler_s_Ruin (131012)
UDF1 posts blind: 10
Gambler_s_Ruin posts blind: 20
UDF1 received [Jd Js]
Gambler_s_Ruin received [9c Jc]
UDF1 raises to 4652
Gambler_s_Ruin folds
UDF1 awarded 20
Gambler_s_Ruin awarded -20

Round #476, Gambler_s_Ruin (130992), UDF1 (-130992)
Gambler_s_Ruin posts blind: 10
UDF1 posts blind: 20
Gambler_s_Ruin received [7s 7d]
UDF1 received [5h 2c]
Gambler_s_Ruin calls
UDF1 raises to 337
Gambler_s_Ruin attempted illegal ActionRaise with amount 634
Gambler_s_Ruin folds
Gambler_s_Ruin awarded -20
UDF1 awarded 20

Round #477, UDF1 (-130972), Gambler_s_Ruin (130972)
UDF1 posts blind: 10
Gambler_s_Ruin posts blind: 20
UDF1 received [2c 6c]
Gambler_s_Ruin received [Kd 2d]
UDF1 raises to 337
Gambler_s_Ruin folds
UDF1 awarded 20
Gambler_s_Ruin awarded -20

Round #478, Gambler_s_Ruin (130952), UDF1 (-130952)
Gambler_s_Ruin posts blind: 10
UDF1 posts blind: 20
Gambler_s_Ruin received [4h 4s]
UDF1 received [8c Kh]
Gambler_s_Ruin calls
UDF1 checks
Flop [2d 3h 5d], Gambler_s_Ruin (20), UDF1 (20)
UDF1 bids 16
Gambler_s_Ruin bids 1892
Gambler_s_Ruin won the auction and was revealed [8c]
Flop [2d 3h 5d], Gambler_s_Ruin (36), UDF1 (20)
UDF1 bets 2331
Gambler_s_Ruin raises to 4662
UDF1 calls
Turn [2d 3h 5d Kd], Gambler_s_Ruin (4698), UDF1 (4682)
UDF1 bets 169
Gambler_s_Ruin raises to 302
UDF1 calls
River [2d 3h 5d Kd Ks], Gambler_s_Ruin (5000), UDF1 (4984)
UDF1 checks
Gambler_s_Ruin checks
Gambler_s_Ruin shows [4h 4s]
UDF1 shows [8c Kh]
Gambler_s_Ruin awarded -5000
UDF1 awarded 5000

Round #479, UDF1 (-125952), Gambler_s_Ruin (125952)
UDF1 posts blind: 10
Gambler_s_Ruin posts blind: 20
UDF1 received [9d 5s]
Gambler_s_Ruin received [4d 4s]
UDF1 calls
Gambler_s_Ruin raises to 80
UDF1 calls
Flop [8s 5d 8c], UDF1 (80), Gambler_s_Ruin (80)
Gambler_s_Ruin bids 1869
UDF1 bids 27
Gambler_s_Ruin won the auction and was revealed [5s]
Flop [8s 5d 8c], UDF1 (80), Gambler_s_Ruin (107)
Gambler_s_Ruin checks
UDF1 bets 2602
Gambler_s_Ruin folds
UDF1 awarded 107
Gambler_s_Ruin awarded -107

Round #480, Gambler_s_Ruin (125845), UDF1 (-125845)
Gambler_s_Ruin posts blind: 10
UDF1 posts blind: 20
Gambler_s_Ruin received [Js 4h]
UDF1 received [8d 2c]
Gambler_s_Ruin calls
UDF1 checks
Flop [5d 2d Kh], Gambler_s_Ruin (20), UDF1 (20)
UDF1 bids 16
Gambler_s_Ruin bids 1892
Gambler_s_Ruin won the auction and was revealed [8d]
Flop [5d 2d Kh], Gambler_s_Ruin (36), UDF1 (20)
UDF1 bets 3062
Gambler_s_Ruin folds
Gambler_s_Ruin awarded -36
UDF1 awarded 36

Round #481, UDF1 (-125809), Gambler_s_Ruin (125809)
UDF1 posts blind: 10
Gambler_s_Ruin posts blind: 20
UDF1 received [Jc 2d]
Gambler_s_Ruin received [4h 2h]
UDF1 folds
UDF1 awarded -10
Gambler_s_Ruin awarded 10

Round #482, Gambler_s_Ruin (125819), UDF1 (-125819)
Gambler_s_Ruin posts blind: 10
UDF1 posts blind: 20
Gambler_s_Ruin received [8c 4h]
UDF1 received [Js 7c]
Gambler_s_Ruin calls
UDF1 checks
Flop [8d 9d 4s], Gambler_s_Ruin (20), UDF1 (20)
UDF1 bids 16
Gambler_s_Ruin bids 1892
Gambler_s_Ruin won the auction and was revealed [Js]
Flop [8d 9d 4s], Gambler_s_Ruin (36), UDF1 (20)
UDF1 bets 2520
Gambler_s_Ruin raises to 4964
UDF1 calls
Turn [8d 9d 4s Ts], Gambler_s_Ruin (5000), UDF1 (4984)
UDF1 checks
Gambler_s_Ruin checks
River [8d 9d 4s Ts Qc], Gambler_s_Ruin (5000), UDF1 (4984)
UDF1 checks
Gambler_s_Ruin checks
Gambler_s_Ruin shows [8c 4h]
UDF1 shows [Js 7c]
Gambler_s_Ruin awarded -5000
UDF1 awarded 5000

Round #483, UDF1 (-120819), Gambler_s_Ruin (120819)
UDF1 posts blind: 10
Gambler_s_Ruin posts blind: 20
UDF1 received [Kh 8d]
Gambler_s_Ruin received [9h 7d]
UDF1 calls
Gambler_s_Ruin checks
Flop [Th 2c 4c], UDF1 (20), Gambler_s_Ruin (20)
Gambler_s_Ruin bids 1892
UDF1 bids 21
Gambler_s_Ruin won the auction and was revealed [Kh]
Flop [Th 2c 4c], UDF1 (20), Gambler_s_Ruin (41)
Gambler_s_Ruin checks
UDF1 bets 2628
Gambler_s_Ruin folds
UDF1 awarded 41
Gambler_s_Ruin awarded -41

Round #484, Gambler_s_Ruin (120778), UDF1 (-120778)
Gambler_s_Ruin posts blind: 10
UDF1 posts blind: 20
Gambler_s_Ruin received [2c 3h]
UDF1 received [3s Kh]
Gambler_s_Ruin folds
Gambler_s_Ruin awarded -10
UDF1 awarded 10

Round #485, UDF1 (-120768), Gambler_s_Ruin (120768)
UDF1 posts blind: 10
Gambler_s_Ruin posts blind: 20
UDF1 received [6h 2d]
Gambler_s_Ruin received [5h 3d]
UDF1 folds
UDF1 awarded -10
Gambler_s_Ruin awarded 10

Round #486, Gambler_s_Ruin (120778), UDF1 (-120778)
Gambler_s_Ruin posts blind: 10
UDF1 posts blind: 20
Gambler_s_Ruin received [5c Ah]
UDF1 received [Qc Tc]
Gambler_s_Ruin calls
UDF1 checks
Flop [Qh 2c Jd], Gambler_s_Ruin (20), UDF1 (20)
UDF1 bids 21
Gambler_s_Ruin bids 1892
Gambler_s_Ruin won the auction and was revealed [Tc]
Flop [Qh 2c Jd], Gambler_s_Ruin (41), UDF1 (20)
UDF1 bets 3420
Gambler_s_Ruin folds
Gambler_s_Ruin awarded -41
UDF1 awarded 41

Round #487, UDF1 (-120737), Gambler_s_Ruin (120737)
UDF1 posts blind: 10
Gambler_s_Ruin posts blind: 20
UDF1 received [Qc 8h]
Gambler_s_Ruin received [5s Td]
UDF1 calls
Gambler_s_Ruin checks
Flop [6s 5c Kh], UDF1 (20), Gambler_s_Ruin (20)
Gambler_s_Ruin bids 1892
UDF1 bids 19
Gambler_s_Ruin won the auction and was revealed [8h]
Flop [6s 5c Kh], UDF1 (20), Gambler_s_Ruin (39)
Gambler_s_Ruin bets 52
UDF1 calls
Turn [6s 5c Kh 7h], UDF1 (72), Gambler_s_Ruin (91)
Gambler_s_Ruin checks
UDF1 bets 2641
Gambler_s_Ruin folds
UDF1 awarded 91
Gambler_s_Ruin awarded -91

Round #488, Gambler_s_Ruin (120646), UDF1 (-120646)
Gambler_s_Ruin posts blind: 10
UDF1 posts blind: 20
Gambler_s_Ruin received [Ts 9d]
UDF1 received [8h Jc]
Gambler_s_Ruin calls
UDF1 checks
Flop [Td 9c 3h], Gambler_s_Ruin (20), UDF1 (20)
UDF1 bids 16
Gambler_s_Ruin bids 1892
Gambler_s_Ruin won the auction and was revealed [Jc]
Flop [Td 9c 3h], Gambler_s_Ruin (36), UDF1 (20)
UDF1 bets 2802
Gambler_s_Ruin raises to 4964
UDF1 calls
Turn [Td 9c 3h 5c], Gambler_s_Ruin (5000), UDF1 (4984)
UDF1 checks
Gambler_s_Ruin checks
River [Td 9c 3h 5c Kd], Gambler_s_Ruin (5000), UDF1 (4984)
UDF1 checks
Gambler_s_Ruin checks
Gambler_s_Ruin shows [Ts 9d]
UDF1 shows [8h Jc]
Gambler_s_Ruin awarded 4984
UDF1 awarded -4984

Round #489, UDF1 (-125630), Gambler_s_Ruin (125630)
UDF1 posts blind: 10
Gambler_s_Ruin posts blind: 20
UDF1 received [3c As]
Gambler_s_Ruin received [3h Qc]
UDF1 raises to 337
Gambler_s_Ruin folds
UDF1 awarded 20
Gambler_s_Ruin awarded -20

Round #490, Gambler_s_Ruin (125610), UDF1 (-125610)
Gambler_s_Ruin posts blind: 10
UDF1 posts blind: 20
Gambler_s_Ruin received [Qs Ac]
UDF1 received [9d Tc]
Gambler_s_Ruin raises to 60
UDF1 raises to 394
Gambler_s_Ruin raises to 1002
UDF1 folds
Gambler_s_Ruin awarded 394
UDF1 awarded -394

Round #491, UDF1 (-126004), Gambler_s_Ruin (126004)
UDF1 posts blind: 10
Gambler_s_Ruin posts blind: 20
UDF1 received [Jc Kc]
Gambler_s_Ruin received [4d 6c]
UDF1 raises to 3854
Gambler_s_Ruin folds
UDF1 awarded 20
Gambler_s_Ruin awarded -20

Round #492, Gambler_s_Ruin (125984), UDF1 (-125984)
Gambler_s_Ruin posts blind: 10
UDF1 posts blind: 20
Gambler_s_Ruin received [9h 4c]
UDF1 received [8h Jd]
Gambler_s_Ruin calls
UDF1 checks
Flop [5c Ks 5s], Gambler_s_Ruin (20), UDF1 (20)
UDF1 bids 16
Gambler_s_Ruin bids 1892
Gambler_s_Ruin won the auction and was revealed [8h]
Flop [5c Ks 5s], Gambler_s_Ruin (36), UDF1 (20)
UDF1 bets 2518
Gambler_s_Ruin folds
Gambler_s_Ruin awarded -36
UDF1 awarded 36

Round #493, UDF1 (-125948), Gambler_s_Ruin (125948)
UDF1 posts blind: 10
Gambler_s_Ruin posts blind: 20
UDF1 received [7s 5d]
Gambler_s_Ruin received [7d 9h]
UDF1 folds
UDF1 awarded -10
Gambler_s_Ruin awarded 10

Round #494, Gambler_s_Ruin (125958), UDF1 (-125958)
Gambler_s_Ruin posts blind: 10
UDF1 posts blind: 20
Gambler_s_Ruin received [3h 8h]
UDF1 received [Qc 4c]
Gambler_s_Ruin calls
UDF1 checks
Flop [Th 5d 4h], Gambler_s_Ruin (20), UDF1 (20)
UDF1 bids 23
Gambler_s_Ruin bids 1892
Gambler_s_Ruin won the auction and was revealed [Qc]
Flop [Th 5d 4h], Gambler_s_Ruin (43), UDF1 (20)
UDF1 bets 2920
Gambler_s_Ruin folds
Gambler_s_Ruin awarded -43
UDF1 awarded 43

Round #495, UDF1 (-125915), Gambler_s_Ruin (125915)
UDF1 posts blind: 10
Gambler_s_Ruin posts blind: 20
UDF1 received [2s 9c]
Gambler_s_Ruin received [2d 4h]
UDF1 folds
UDF1 awarded -10
Gambler_s_Ruin awarded 10

Round #496, Gambler_s_Ruin (125925), UDF1 (-125925)
Gambler_s_Ruin posts blind: 10
UDF1 posts blind: 20
Gambler_s_Ruin received [Jh Kc]
UDF1 received [7d Qh]
Gambler_s_Ruin raises to 60
UDF1 calls
Flop [5s 9c 6h], Gambler_s_Ruin (60), UDF1 (60)
UDF1 bids 22
Gambler_s_Ruin bids 1877
Gambler_s_Ruin won the auction and was revealed [7d]
Flop [5s 9c 6h], Gambler_s_Ruin (82), UDF1 (60)
UDF1 bets 2720
Gambler_s_Ruin raises to 4918
UDF1 calls
Turn [5s 9c 6h 4s], Gambler_s_Ruin (5000), UDF1 (4978)
UDF1 checks
Gambler_s_Ruin checks
River [5s 9c 6h 4s 7h], Gambler_s_Ruin (5000), UDF1 (4978)
UDF1 checks
Gambler_s_Ruin checks
Gambler_s_Ruin shows [Jh Kc]
UDF1 shows [7d Qh]
Gambler_s_Ruin awarded -5000
UDF1 awarded 5000

Round #497, UDF1 (-120925), Gambler_s_Ruin (120925)
UDF1 posts blind: 10
Gambler_s_Ruin posts blind: 20
UDF1 received [7c 9c]
Gambler_s_Ruin received [5h Td]
UDF1 calls
Gambler_s_Ruin checks
Flop [Ts Qc 3c], UDF1 (20), Gambler_s_Ruin (20)
Gambler_s_Ruin bids 1892
UDF1 bids 16
Gambler_s_Ruin won the auction and was revealed [9c]
Flop [Ts Qc 3c], UDF1 (20), Gambler_s_Ruin (36)
Gambler_s_Ruin bets 47
UDF1 raises to 3358
Gambler_s_Ruin raises to 4964
UDF1 calls
Turn [Ts Qc 3c 5d], UDF1 (4984), Gambler_s_Ruin (5000)
Gambler_s_Ruin checks
UDF1 checks
River [Ts Qc 3c 5d 2c], UDF1 (4984), Gambler_s_Ruin (5000)
Gambler_s_Ruin checks
UDF1 checks
UDF1 shows [7c 9c]
Gambler_s_Ruin shows [5h Td]
UDF1 awarded 5000
Gambler_s_Ruin awarded -5000

Round #498, Gambler_s_Ruin (115925), UDF1 (-115925)
Gambler_s_Ruin posts blind: 10
UDF1 posts blind: 20
Gambler_s_Ruin received [5d 9d]
UDF1 received [Js Qs]
Gambler_s_Ruin calls
UDF1 checks
Flop [Td Kc 8h], Gambler_s_Ruin (20), UDF1 (20)
UDF1 bids 17
Gambler_s_Ruin bids 1892
Gambler_s_Ruin won the auction and was revealed [Js]
Flop [Td Kc 8h], Gambler_s_Ruin (37), UDF1 (20)
UDF1 bets 3011
Gambler_s_Ruin folds
Gambler_s_Ruin awarded -37
UDF1 awarded 37

Round #499, UDF1 (-115888), Gambler_s_Ruin (115888)
UDF1 posts blind: 10
Gambler_s_Ruin posts blind: 20
UDF1 received [3h 5d]
Gambler_s_Ruin received [9c 6d]
UDF1 folds
UDF1 awarded -10
Gambler_s_Ruin awarded 10

Round #500, Gambler_s_Ruin (115898), UDF1 (-115898)
Gambler_s_Ruin posts blind: 10
UDF1 posts blind: 20
Gambler_s_Ruin received [8h 8s]
UDF1 received [3s 7c]
Gambler_s_Ruin raises to 60
UDF1 raises to 394
Gambler_s_Ruin raises to 1002
UDF1 folds
Gambler_s_Ruin awarded 394
UDF1 awarded -394

Round #501, UDF1 (-116292), Gambler_s_Ruin (116292)
UDF1 posts blind: 10
Gambler_s_Ruin posts blind: 20
UDF1 received [7s 6s]
Gambler_s_Ruin received [5c 9h]
UDF1 folds
UDF1 awarded -10
Gambler_s_Ruin awarded 10

Round #502, Gambler_s_Ruin (116302), UDF1 (-116302)
Gambler_s_Ruin posts blind: 10
UDF1 posts blind: 20
Gambler_s_Ruin received [7h 3d]
UDF1 received [5s 3h]
Gambler_s_Ruin folds
Gambler_s_Ruin awarded -10
UDF1 awarded 10

Round #503, UDF1 (-116292), Gambler_s_Ruin (116292)
UDF1 posts blind: 10
Gambler_s_Ruin posts blind: 20
UDF1 received [3h 4d]
Gambler_s_Ruin received [9c 6h]
UDF1 calls
Gambler_s_Ruin checks
Flop [Qc 7d 3s], UDF1 (20), Gambler_s_Ruin (20)
Gambler_s_Ruin bids 1892
UDF1 bids 23
Gambler_s_Ruin won the auction and was revealed [3h]
Flop [Qc 7d 3s], UDF1 (20), Gambler_s_Ruin (43)
Gambler_s_Ruin checks
UDF1 bets 2794
Gambler_s_Ruin folds
UDF1 awarded 43
Gambler_s_Ruin awarded -43

Round #504, Gambler_s_Ruin (116249), UDF1 (-116249)
Gambler_s_Ruin posts blind: 10
UDF1 posts blind: 20
Gambler_s_Ruin received [6d Td]
UDF1 received [6h Th]
Gambler_s_Ruin calls
UDF1 raises to 337
Gambler_s_Ruin attempted illegal ActionRaise with amount 634
Gambler_s_Ruin folds
Gambler_s_Ruin awarded -20
UDF1 awarded 20

Round #505, UDF1 (-116229), Gambler_s_Ruin (116229)
UDF1 posts blind: 10
Gambler_s_Ruin posts blind: 20
UDF1 received [Kd 6h]
Gambler_s_Ruin received [9c 8h]
UDF1 calls
Gambler_s_Ruin checks
Flop [2h 2c Ad], UDF1 (20), Gambler_s_Ruin (20)
Gambler_s_Ruin bids 1892
UDF1 bids 16
Gambler_s_Ruin won the auction and was revealed [6h]
Flop [2h 2c Ad], UDF1 (20), Gambler_s_Ruin (36)
Gambler_s_Ruin bets 55
UDF1 calls
Turn [2h 2c Ad 5d], UDF1 (75), Gambler_s_Ruin (91)
Gambler_s_Ruin checks
UDF1 bets 2573
Gambler_s_Ruin folds
UDF1 awarded 91
Gambler_s_Ruin awarded -91

Round #506, Gambler_s_Ruin (116138), UDF1 (-116138)
Gambler_s_Ruin posts blind: 10
UDF1 posts blind: 20
Gambler_s_Ruin received [2h 6d]
UDF1 received [5d 6s]
Gambler_s_Ruin folds
Gambler_s_Ruin awarded -10
UDF1 awarded 10

Round #507, UDF1 (-116128), Gambler_s_Ruin (116128)
UDF1 posts blind: 10
Gambler_s_Ruin posts blind: 20
UDF1 received [9s 7s]
Gambler_s_Ruin received [Ah 8d]
UDF1 folds
UDF1 awarded -10
Gambler_s_Ruin awarded 10

Round #508, Gambler_s_Ruin (116138), UDF1 (-116138)
Gambler_s_Ruin posts blind: 10
UDF1 posts blind: 20
Gambler_s_Ruin received [9h 7s]
UDF1 received [6c Js]
Gambler_s_Ruin calls
UDF1 checks
Flop [2c 8s Th], Gambler_s_Ruin (20), UDF1 (20)
UDF1 bids 16
Gambler_s_Ruin bids 1892
Gambler_s_Ruin won the auction and was revealed [Js]
Flop [2c 8s Th], Gambler_s_Ruin (36), UDF1 (20)
UDF1 bets 2879
Gambler_s_Ruin folds
Gambler_s_Ruin awarded -36
UDF1 awarded 36

Round #509, UDF1 (-116102), Gambler_s_Ruin (116102)
UDF1 posts blind: 10
Gambler_s_Ruin posts blind: 20
UDF1 received [7s 5s]
Gambler_s_Ruin received [4d Ad]
UDF1 raises to 337
Gambler_s_Ruin folds
UDF1 awarded 20
Gambler_s_Ruin awarded -20

Round #510, Gambler_s_Ruin (116082), UDF1 (-116082)
Gambler_s_Ruin posts blind: 10
UDF1 posts blind: 20
Gambler_s_Ruin received [7s Qc]
UDF1 received [As 5d]
Gambler_s_Ruin calls
UDF1 raises to 337
Gambler_s_Ruin folds
Gambler_s_Ruin awarded -20
UDF1 awarded 20

Round #511, UDF1 (-116062), Gambler_s_Ruin (116062)
UDF1 posts blind: 10
Gambler_s_Ruin posts blind: 20
UDF1 received [Ts 5d]
Gambler_s_Ruin received [7c Kh]
UDF1 folds
UDF1 awarded -10
Gambler_s_Ruin awarded 10

Round #512, Gambler_s_Ruin (116072), UDF1 (-116072)
Gambler_s_Ruin posts blind: 10
UDF1 posts blind: 20
Gambler_s_Ruin received [Kh 8d]
UDF1 received [Qh As]
Gambler_s_Ruin calls
UDF1 checks
Flop [6c 2h 4h], Gambler_s_Ruin (20), UDF1 (20)
UDF1 bids 16
Gambler_s_Ruin bids 1892
Gambler_s_Ruin won the auction and was revealed [As]
Flop [6c 2h 4h], Gambler_s_Ruin (36), UDF1 (20)
UDF1 bets 2474
Gambler_s_Ruin folds
Gambler_s_Ruin awarded -36
UDF1 awarded 36

Round #513, UDF1 (-116036), Gambler_s_Ruin (116036)
UDF1 posts blind: 10
Gambler_s_Ruin posts blind: 20
UDF1 received [3d Jd]
Gambler_s_Ruin received [8s 6d]
UDF1 raises to 337
Gambler_s_Ruin folds
UDF1 awarded 20
Gambler_s_Ruin awarded -20

Round #514, Gambler_s_Ruin (116016), UDF1 (-116016)
Gambler_s_Ruin posts blind: 10
UDF1 posts blind: 20
Gambler_s_Ruin received [3h Ac]
UDF1 received [5c 3d]
Gambler_s_Ruin calls
UDF1 checks
Flop [4c 7h Qd], Gambler_s_Ruin (20), UDF1 (20)
UDF1 bids 18
Gambler_s_Ruin bids 1892
Gambler_s_Ruin won the auction and was revealed [3d]
Flop [4c 7h Qd], Gambler_s_Ruin (38), UDF1 (20)
UDF1 bets 2465
Gambler_s_Ruin raises to 4930
UDF1 calls
Turn [4c 7h Qd 3c], Gambler_s_Ruin (4968), UDF1 (4950)
UDF1 bets 26
Gambler_s_Ruin raises to 32
UDF1 calls
River [4c 7h Qd 3c 8h], Gambler_s_Ruin (5000), UDF1 (4982)
UDF1 checks
Gambler_s_Ruin checks
Gambler_s_Ruin shows [3h Ac]
UDF1 shows [5c 3d]
Gambler_s_Ruin awarded 4982
UDF1 awarded -4982

Round #515, UDF1 (-120998), Gambler_s_Ruin (120998)
UDF1 posts blind: 10
Gambler_s_Ruin posts blind: 20
UDF1 received [Th 9d]
Gambler_s_Ruin received [2c 8h]
UDF1 calls
Gambler_s_Ruin checks
Flop [8c 6d Js], UDF1 (20), Gambler_s_Ruin (20)
Gambler_s_Ruin bids 1892
UDF1 bids 16
Gambler_s_Ruin won the auction and was revealed [Th]
Flop [8c 6d Js], UDF1 (20), Gambler_s_Ruin (36)
Gambler_s_Ruin checks
UDF1 bets 2700
Gambler_s_Ruin calls
Turn [8c 6d Js 4s], UDF1 (2720), Gambler_s_Ruin (2736)
Gambler_s_Ruin bets 2264
UDF1 calls
River [8c 6d Js 4s 7s], UDF1 (4984), Gambler_s_Ruin (5000)
Gambler_s_Ruin checks
UDF1 checks
UDF1 shows [Th 9d]
Gambler_s_Ruin shows [2c 8h]
UDF1 awarded 5000
Gambler_s_Ruin awarded -5000

Round #516, Gambler_s_Ruin (115998), UDF1 (-115998)
Gambler_s_Ruin posts blind: 10
UDF1 posts blind: 20
Gambler_s_Ruin received [3c 9d]
UDF1 received [4h Ts]
Gambler_s_Ruin calls
UDF1 checks
Flop [As Tc 4c], Gambler_s_Ruin (20), UDF1 (20)
UDF1 bids 16
Gambler_s_Ruin bids 1892
Gambler_s_Ruin won the auction and was revealed [Ts]
Flop [As Tc 4c], Gambler_s_Ruin (36), UDF1 (20)
UDF1 bets 3459
Gambler_s_Ruin folds
Gambler_s_Ruin awarded -36
UDF1 awarded 36

Round #517, UDF1 (-115962), Gambler_s_Ruin (115962)
UDF1 posts blind: 10
Gambler_s_Ruin posts blind: 20
UDF1 received [Qh 7h]
Gambler_s_Ruin received [8d 2c]
UDF1 raises to 337
Gambler_s_Ruin folds
UDF1 awarded 20
Gambler_s_Ruin awarded -20

Round #518, Gambler_s_Ruin (115942), UDF1 (-115942)
Gambler_s_Ruin posts blind: 10
UDF1 posts blind: 20
Gambler_s_Ruin received [7h 9d]
UDF1 received [Th 9h]
Gambler_s_Ruin calls
UDF1 checks
Flop [5h 9c 3s], Gambler_s_Ruin (20), UDF1 (20)
UDF1 bids 20
Gambler_s_Ruin bids 1892
Gambler_s_Ruin won the auction and was revealed [Th]
Flop [5h 9c 3s], Gambler_s_Ruin (40), UDF1 (20)
UDF1 bets 3290
Gambler_s_Ruin calls
Turn [5h 9c 3s 8c], Gambler_s_Ruin (3330), UDF1 (3310)
UDF1 bets 1109
Gambler_s_Ruin raises to 1670
UDF1 calls
River [5h 9c 3s 8c Ac], Gambler_s_Ruin (5000), UDF1 (4980)
UDF1 checks
Gambler_s_Ruin checks
Gambler_s_Ruin shows [7h 9d]
UDF1 shows [Th 9h]
Gambler_s_Ruin awarded -5000
UDF1 awarded 5000

Round #519, UDF1 (-110942), Gambler_s_Ruin (110942)
UDF1 posts blind: 10
Gambler_s_Ruin posts blind: 20
UDF1 received [Th 8s]
Gambler_s_Ruin received [8c 9d]
UDF1 calls
Gambler_s_Ruin checks
Flop [Jd 5d 8d], UDF1 (20), Gambler_s_Ruin (20)
Gambler_s_Ruin bids 1892
UDF1 bids 16
Gambler_s_Ruin won the auction and was revealed [8s]
Flop [Jd 5d 8d], UDF1 (20), Gambler_s_Ruin (36)
Gambler_s_Ruin bets 50
UDF1 calls
Turn [Jd 5d 8d Js], UDF1 (70), Gambler_s_Ruin (86)
Gambler_s_Ruin bets 139
UDF1 raises to 3243
Gambler_s_Ruin raises to 4914
UDF1 calls
River [Jd 5d 8d Js 7s], UDF1 (4984), Gambler_s_Ruin (5000)
Gambler_s_Ruin checks
UDF1 checks
UDF1 shows [Th 8s]
Gambler_s_Ruin shows [8c 9d]
UDF1 awarded 5000
Gambler_s_Ruin awarded -5000

Round #520, Gambler_s_Ruin (105942), UDF1 (-105942)
Gambler_s_Ruin posts blind: 10
UDF1 posts blind: 20
Gambler_s_Ruin received [9c Qs]
UDF1 received [5c 2s]
Gambler_s_Ruin calls
UDF1 checks
Flop [8c 4d 7s], Gambler_s_Ruin (20), UDF1 (20)
UDF1 bids 16
Gambler_s_Ruin bids 1892
Gambler_s_Ruin won the auction and was revealed [2s]
Flop [8c 4d 7s], Gambler_s_Ruin (36), UDF1 (20)
UDF1 bets 2811
Gambler_s_Ruin raises to 4964
UDF1 calls
Turn [8c 4d 7s 9h], Gambler_s_Ruin (5000), UDF1 (4984)
UDF1 checks
Gambler_s_Ruin checks
River [8c 4d 7s 9h Kc], Gambler_s_Ruin (5000), UDF1 (4984)
UDF1 checks
Gambler_s_Ruin checks
Gambler_s_Ruin shows [9c Qs]
UDF1 shows [5c 2s]
Gambler_s_Ruin awarded 4984
UDF1 awarded -4984

Round #521, UDF1 (-110926), Gambler_s_Ruin (110926)
UDF1 posts blind: 10
Gambler_s_Ruin posts blind: 20
UDF1 received [4c 6c]
Gambler_s_Ruin received [Qd Kc]
UDF1 folds
UDF1 awarded -10
Gambler_s_Ruin awarded 10

Round #522, Gambler_s_Ruin (110936), UDF1 (-110936)
Gambler_s_Ruin posts blind: 10
UDF1 posts blind: 20
Gambler_s_Ruin received [Js 2d]
UDF1 received [4d 7d]
Gambler_s_Ruin calls
UDF1 checks
Flop [Qd As 7c], Gambler_s_Ruin (20), UDF1 (20)
UDF1 bids 22
Gambler_s_Ruin bids 1892
Gambler_s_Ruin won the auction and was revealed [7d]
Flop [Qd As 7c], Gambler_s_Ruin (42), UDF1 (20)
UDF1 bets 3120
Gambler_s_Ruin folds
Gambler_s_Ruin awarded -42
UDF1 awarded 42

Round #523, UDF1 (-110894), Gambler_s_Ruin (110894)
UDF1 posts blind: 10
Gambler_s_Ruin posts blind: 20
UDF1 received [As 8d]
Gambler_s_Ruin received [5h 4c]
UDF1 raises to 337
Gambler_s_Ruin folds
UDF1 awarded 20
Gambler_s_Ruin awarded -20

Round #524, Gambler_s_Ruin (110874), UDF1 (-110874)
Gambler_s_Ruin posts blind: 10
UDF1 posts blind: 20
Gambler_s_Ruin received [Th 9h]
UDF1 received [4d 3h]
Gambler_s_Ruin calls
UDF1 raises to 337
Gambler_s_Ruin folds
Gambler_s_Ruin awarded -20
UDF1 awarded 20

Round #525, UDF1 (-110854), Gambler_s_Ruin (110854)
UDF1 posts blind: 10
Gambler_s_Ruin posts blind: 20
UDF1 received [Ts 4d]
Gambler_s_Ruin received [Jc Qd]
UDF1 calls
Gambler_s_Ruin raises to 80
UDF1 folds
UDF1 awarded -20
Gambler_s_Ruin awarded 20

Round #526, Gambler_s_Ruin (110874), UDF1 (-110874)
Gambler_s_Ruin posts blind: 10
UDF1 posts blind: 20
Gambler_s_Ruin received [4d Th]
UDF1 received [3s 3h]
Gambler_s_Ruin calls
UDF1 checks
Flop [Jc As Kd], Gambler_s_Ruin (20), UDF1 (20)
UDF1 bids 16
Gambler_s_Ruin bids 1892
Gambler_s_Ruin won the auction and was revealed [3s]
Flop [Jc As Kd], Gambler_s_Ruin (36), UDF1 (20)
UDF1 bets 2651
Gambler_s_Ruin raises to 4964
UDF1 calls
Turn [Jc As Kd 4h], Gambler_s_Ruin (5000), UDF1 (4984)
UDF1 checks
Gambler_s_Ruin checks
River [Jc As Kd 4h 3c], Gambler_s_Ruin (5000), UDF1 (4984)
UDF1 checks
Gambler_s_Ruin checks
Gambler_s_Ruin shows [4d Th]
UDF1 shows [3s 3h]
Gambler_s_Ruin awarded -5000
UDF1 awarded 5000

Round #527, UDF1 (-105874), Gambler_s_Ruin (105874)
UDF1 posts blind: 10
Gambler_s_Ruin posts blind: 20
UDF1 received [2h Ad]
Gambler_s_Ruin received [Qs 4s]
UDF1 folds
UDF1 awarded -10
Gambler_s_Ruin awarded 10

Round #528, Gambler_s_Ruin (105884), UDF1 (-105884)
Gambler_s_Ruin posts blind: 10
UDF1 posts blind: 20
Gambler_s_Ruin received [9s 9h]
UDF1 received [Jd 2d]
Gambler_s_Ruin raises to 60
UDF1 folds
Gambler_s_Ruin awarded 20
UDF1 awarded -20

Round #529, UDF1 (-105904), Gambler_s_Ruin (105904)
UDF1 posts blind: 10
Gambler_s_Ruin posts blind: 20
UDF1 received [2s Ac]
Gambler_s_Ruin received [Ts 2h]
UDF1 raises to 337
Gambler_s_Ruin folds
UDF1 awarded 20
Gambler_s_Ruin awarded -20

Round #530, Gambler_s_Ruin (105884), UDF1 (-105884)
Gambler_s_Ruin posts blind: 10
UDF1 posts blind: 20
Gambler_s_Ruin received [6s 8h]
UDF1 received [Td Kd]
Gambler_s_Ruin calls
UDF1 raises to 1342
Gambler_s_Ruin folds
Gambler_s_Ruin awarded -20
UDF1 awarded 20

Round #531, UDF1 (-105864), Gambler_s_Ruin (105864)
UDF1 posts blind: 10
Gambler_s_Ruin posts blind: 20
UDF1 received [Kd 6s]
Gambler_s_Ruin received [3h 4h]
UDF1 folds
UDF1 awarded -10
Gambler_s_Ruin awarded 10

Round #532, Gambler_s_Ruin (105874), UDF1 (-105874)
Gambler_s_Ruin posts blind: 10
UDF1 posts blind: 20
Gambler_s_Ruin received [6h 5d]
UDF1 received [7s 7c]
Gambler_s_Ruin folds
Gambler_s_Ruin awarded -10
UDF1 awarded 10

Round #533, UDF1 (-105864), Gambler_s_Ruin (105864)
UDF1 posts blind: 10
Gambler_s_Ruin posts blind: 20
UDF1 received [Ts 4c]
Gambler_s_Ruin received [7c 5d]
UDF1 calls
Gambler_s_Ruin checks
Flop [5h 9c Jd], UDF1 (20), Gambler_s_Ruin (20)
Gambler_s_Ruin bids 1892
UDF1 bids 21
Gambler_s_Ruin won the auction and was revealed [4c]
Flop [5h 9c Jd], UDF1 (20), Gambler_s_Ruin (41)
Gambler_s_Ruin bets 66
UDF1 folds
UDF1 awarded -20
Gambler_s_Ruin awarded 20

Round #534, Gambler_s_Ruin (105884), UDF1 (-105884)
Gambler_s_Ruin posts blind: 10
UDF1 posts blind: 20
Gambler_s_Ruin received [Ad Kc]
UDF1 received [3c 8c]
Gambler_s_Ruin raises to 60
UDF1 calls
Flop [7d Ts 4s], Gambler_s_Ruin (60), UDF1 (60)
UDF1 bids 20
Gambler_s_Ruin bids 1877
Gambler_s_Ruin won the auction and was revealed [3c]
Flop [7d Ts 4s], Gambler_s_Ruin (80), UDF1 (60)
UDF1 bets 2696
Gambler_s_Ruin raises to 4920
UDF1 folds
Gambler_s_Ruin awarded 2756
UDF1 awarded -2756

Round #535, UDF1 (-108640), Gambler_s_Ruin (108640)
UDF1 posts blind: 10
Gambler_s_Ruin posts blind: 20
UDF1 received [5h 2s]
Gambler_s_Ruin received [Qs 6h]
UDF1 calls
Gambler_s_Ruin checks
Flop [9h Jh Ks], UDF1 (20), Gambler_s_Ruin (20)
Gambler_s_Ruin bids 1892
UDF1 bids 16
Gambler_s_Ruin won the auction and was revealed [5h]
Flop [9h Jh Ks], UDF1 (20), Gambler_s_Ruin (36)
Gambler_s_Ruin bets 58
UDF1 folds
UDF1 awarded -20
Gambler_s_Ruin awarded 20

Round #536, Gambler_s_Ruin (108660), UDF1 (-108660)
Gambler_s_Ruin posts blind: 10
UDF1 posts blind: 20
Gambler_s_Ruin received [5s 5h]
UDF1 received [8h 4c]
Gambler_s_Ruin calls
UDF1 checks
Flop [Jc Kc As], Gambler_s_Ruin (20), UDF1 (20)
UDF1 bids 16
Gambler_s_Ruin bids 1892
Gambler_s_Ruin won the auction and was revealed [4c]
Flop [Jc Kc As], Gambler_s_Ruin (36), UDF1 (20)
UDF1 bets 2342
Gambler_s_Ruin raises to 4684
UDF1 calls
Turn [Jc Kc As 5d], Gambler_s_Ruin (4720), UDF1 (4704)
UDF1 bets 134
Gambler_s_Ruin raises to 280
UDF1 calls
River [Jc Kc As 5d Jd], Gambler_s_Ruin (5000), UDF1 (4984)
UDF1 checks
Gambler_s_Ruin checks
Gambler_s_Ruin shows [5s 5h]
UDF1 shows [8h 4c]
Gambler_s_Ruin awarded 4984
UDF1 awarded -4984

Round #537, UDF1 (-113644), Gambler_s_Ruin (113644)
UDF1 posts blind: 10
Gambler_s_Ruin posts blind: 20
UDF1 received [2h 9c]
Gambler_s_Ruin received [Ad Jd]
UDF1 calls
Gambler_s_Ruin raises to 60
UDF1 calls
Flop [3s Td Ac], UDF1 (60), Gambler_s_Ruin (60)
Gambler_s_Ruin bids 1877
UDF1 bids 20
Gambler_s_Ruin won the auction and was revealed [9c]
Flop [3s Td Ac], UDF1 (60), Gambler_s_Ruin (80)
Gambler_s_Ruin bets 118
UDF1 folds
UDF1 awarded -60
Gambler_s_Ruin awarded 60

Round #538, Gambler_s_Ruin (113704), UDF1 (-113704)
Gambler_s_Ruin posts blind: 10
UDF1 posts blind: 20
Gambler_s_Ruin received [9h Jh]
UDF1 received [7h Kh]
Gambler_s_Ruin calls
UDF1 raises to 337
Gambler_s_Ruin attempted illegal ActionRaise with amount 634
Gambler_s_Ruin folds
Gambler_s_Ruin awarded -20
UDF1 awarded 20

Round #539, UDF1 (-113684), Gambler_s_Ruin (113684)
UDF1 posts blind: 10
Gambler_s_Ruin posts blind: 20
UDF1 received [Qh Kc]
Gambler_s_Ruin received [7h 2d]
UDF1 raises to 3721
Gambler_s_Ruin folds
UDF1 awarded 20
Gambler_s_Ruin awarded -20

Round #540, Gambler_s_Ruin (113664), UDF1 (-113664)
Gambler_s_Ruin posts blind: 10
UDF1 posts blind: 20
Gambler_s_Ruin received [Qs 7s]
UDF1 received [Kh 6s]
Gambler_s_Ruin calls
UDF1 raises to 337
Gambler_s_Ruin attempted illegal ActionRaise with amount 634
Gambler_s_Ruin folds
Gambler_s_Ruin awarded -20
UDF1 awarded 20

Round #541, UDF1 (-113644), Gambler_s_Ruin (113644)
UDF1 posts blind: 10
Gambler_s_Ruin posts blind: 20
UDF1 received [2d 6c]
Gambler_s_Ruin received [9s 2c]
UDF1 raises to 337
Gambler_s_Ruin folds
UDF1 awarded 20
Gambler_s_Ruin awarded -20

Round #542, Gambler_s_Ruin (113624), UDF1 (-113624)
Gambler_s_Ruin posts blind: 10
UDF1 posts blind: 20
Gambler_s_Ruin received [7d 7s]
UDF1 received [8c As]
Gambler_s_Ruin calls
UDF1 checks
Flop [9h Ks Th], Gambler_s_Ruin (20), UDF1 (20)
UDF1 bids 16
Gambler_s_Ruin bids 1892
Gambler_s_Ruin won the auction and was revealed [8c]
Flop [9h Ks Th], Gambler_s_Ruin (36), UDF1 (20)
UDF1 bets 2702
Gambler_s_Ruin raises to 4964
UDF1 calls
Turn [9h Ks Th 8d], Gambler_s_Ruin (5000), UDF1 (4984)
UDF1 checks
Gambler_s_Ruin checks
River [9h Ks Th 8d 3c], Gambler_s_Ruin (5000), UDF1 (4984)
UDF1 checks
Gambler_s_Ruin checks
Gambler_s_Ruin shows [7d 7s]
UDF1 shows [8c As]
Gambler_s_Ruin awarded -5000
UDF1 awarded 5000

Round #543, UDF1 (-108624), Gambler_s_Ruin (108624)
UDF1 posts blind: 10
Gambler_s_Ruin posts blind: 20
UDF1 received [Qc 9d]
Gambler_s_Ruin received [As Ad]
UDF1 calls
Gambler_s_Ruin raises to 60
UDF1 folds
UDF1 awarded -20
Gambler_s_Ruin awarded 20

Round #544, Gambler_s_Ruin (108644), UDF1 (-108644)
Gambler_s_Ruin posts blind: 10
UDF1 posts blind: 20
Gambler_s_Ruin received [4c 5h]
UDF1 received [8c 2s]
Gambler_s_Ruin folds
Gambler_s_Ruin awarded -10
UDF1 awarded 10

Round #545, UDF1 (-108634), Gambler_s_Ruin (108634)
UDF1 posts blind: 10
Gambler_s_Ruin posts blind: 20
UDF1 received [8s 7c]
Gambler_s_Ruin received [Ad Qc]
UDF1 calls
Gambler_s_Ruin raises to 60
UDF1 folds
UDF1 awarded -20
Gambler_s_Ruin awarded 20

Round #546, Gambler_s_Ruin (108654), UDF1 (-108654)
Gambler_s_Ruin posts blind: 10
UDF1 posts blind: 20
Gambler_s_Ruin received [Td Ah]
UDF1 received [Kd 6c]
Gambler_s_Ruin raises to 60
UDF1 calls
Flop [5s 4h 4d], Gambler_s_Ruin (60), UDF1 (60)
UDF1 bids 24
Gambler_s_Ruin bids 1877
Gambler_s_Ruin won the auction and was revealed [6c]
Flop [5s 4h 4d], Gambler_s_Ruin (84), UDF1 (60)
UDF1 bets 2507
Gambler_s_Ruin raises to 4916
UDF1 calls
Turn [5s 4h 4d 6h], Gambler_s_Ruin (5000), UDF1 (4976)
UDF1 checks
Gambler_s_Ruin checks
River [5s 4h 4d 6h Jc], Gambler_s_Ruin (5000), UDF1 (4976)
UDF1 checks
Gambler_s_Ruin checks
Gambler_s_Ruin shows [Td Ah]
UDF1 shows [Kd 6c]
Gambler_s_Ruin awarded -5000
UDF1 awarded 5000

Round #547, UDF1 (-103654), Gambler_s_Ruin (103654)
UDF1 posts blind: 10
Gambler_s_Ruin posts blind: 20
UDF1 received [5h Qs]
Gambler_s_Ruin received [3h 8c]
UDF1 raises to 337
Gambler_s_Ruin folds
UDF1 awarded 20
Gambler_s_Ruin awarded -20

Round #548, Gambler_s_Ruin (103634), UDF1 (-103634)
Gambler_s_Ruin posts blind: 10
UDF1 posts blind: 20
Gambler_s_Ruin received [8s 5s]
UDF1 received [Js 9s]
Gambler_s_Ruin calls
UDF1 checks
Flop [6d Ts 3s], Gambler_s_Ruin (20), UDF1 (20)
UDF1 bids 19
Gambler_s_Ruin bids 1892
Gambler_s_Ruin won the auction and was revealed [Js]
Flop [6d Ts 3s], Gambler_s_Ruin (39), UDF1 (20)
UDF1 bets 3102
Gambler_s_Ruin folds
Gambler_s_Ruin awarded -39
UDF1 awarded 39

Round #549, UDF1 (-103595), Gambler_s_Ruin (103595)
UDF1 posts blind: 10
Gambler_s_Ruin posts blind: 20
UDF1 received [Jd Ts]
Gambler_s_Ruin received [6s 2s]
UDF1 raises to 337
Gambler_s_Ruin folds
UDF1 awarded 20
Gambler_s_Ruin awarded -20

Round #550, Gambler_s_Ruin (103575), UDF1 (-103575)
Gambler_s_Ruin posts blind: 10
UDF1 posts blind: 20
Gambler_s_Ruin received [5d Js]
UDF1 received [8d 3s]
Gambler_s_Ruin calls
UDF1 checks
Flop [9h 2h Kh], Gambler_s_Ruin (20), UDF1 (20)
UDF1 bids 19
Gambler_s_Ruin bids 1892
Gambler_s_Ruin won the auction and was revealed [8d]
Flop [9h 2h Kh], Gambler_s_Ruin (39), UDF1 (20)
UDF1 bets 2459
Gambler_s_Ruin folds
Gambler_s_Ruin awarded -39
UDF1 awarded 39

Round #551, UDF1 (-103536), Gambler_s_Ruin (103536)
UDF1 posts blind: 10
Gambler_s_Ruin posts blind: 20
UDF1 received [8c 3d]
Gambler_s_Ruin received [6c Ks]
UDF1 calls
Gambler_s_Ruin checks
Flop [Kc 6h 4d], UDF1 (20), Gambler_s_Ruin (20)
Gambler_s_Ruin bids 1892
UDF1 bids 16
Gambler_s_Ruin won the auction and was revealed [8c]
Flop [Kc 6h 4d], UDF1 (20), Gambler_s_Ruin (36)
Gambler_s_Ruin bets 50
UDF1 folds
UDF1 awarded -20
Gambler_s_Ruin awarded 20

Round #552, Gambler_s_Ruin (103556), UDF1 (-103556)
Gambler_s_Ruin posts blind: 10
UDF1 posts blind: 20
Gambler_s_Ruin received [Tc Kd]
UDF1 received [8h 9s]
Gambler_s_Ruin raises to 60
UDF1 raises to 394
Gambler_s_Ruin raises to 1002
UDF1 folds
Gambler_s_Ruin awarded 394
UDF1 awarded -394

Round #553, UDF1 (-103950), Gambler_s_Ruin (103950)
UDF1 posts blind: 10
Gambler_s_Ruin posts blind: 20
UDF1 received [Qs 7h]
Gambler_s_Ruin received [Ts 5d]
UDF1 folds
UDF1 awarded -10
Gambler_s_Ruin awarded 10

Round #554, Gambler_s_Ruin (103960), UDF1 (-103960)
Gambler_s_Ruin posts blind: 10
UDF1 posts blind: 20
Gambler_s_Ruin received [Qh 5h]
UDF1 received [Tc 8d]
Gambler_s_Ruin calls
UDF1 checks
Flop [Th 4s Qs], Gambler_s_Ruin (20), UDF1 (20)
UDF1 bids 16
Gambler_s_Ruin bids 1892
Gambler_s_Ruin won the auction and was revealed [8d]
Flop [Th 4s Qs], Gambler_s_Ruin (36), UDF1 (20)
UDF1 bets 3083
Gambler_s_Ruin raises to 4964
UDF1 calls
Turn [Th 4s Qs 9h], Gambler_s_Ruin (5000), UDF1 (4984)
UDF1 checks
Gambler_s_Ruin checks
River [Th 4s Qs 9h 7c], Gambler_s_Ruin (5000), UDF1 (4984)
UDF1 checks
Gambler_s_Ruin checks
Gambler_s_Ruin shows [Qh 5h]
UDF1 shows [Tc 8d]
Gambler_s_Ruin awarded 4984
UDF1 awarded -4984

Round #555, UDF1 (-108944), Gambler_s_Ruin (108944)
UDF1 posts blind: 10
Gambler_s_Ruin posts blind: 20
UDF1 received [3c 2c]
Gambler_s_Ruin received [2h Jd]
UDF1 raises to 337
Gambler_s_Ruin folds
UDF1 awarded 20
Gambler_s_Ruin awarded -20

Round #556, Gambler_s_Ruin (108924), UDF1 (-108924)
Gambler_s_Ruin posts blind: 10
UDF1 posts blind: 20
Gambler_s_Ruin received [Tc 2h]
UDF1 received [3h Kc]
Gambler_s_Ruin calls
UDF1 checks
Flop [3s 7s Th], Gambler_s_Ruin (20), UDF1 (20)
UDF1 bids 20
Gambler_s_Ruin bids 1892
Gambler_s_Ruin won the auction and was revealed [Kc]
Flop [3s 7s Th], Gambler_s_Ruin (40), UDF1 (20)
UDF1 bets 2922
Gambler_s_Ruin raises to 4960
UDF1 calls
Turn [3s 7s Th 2c], Gambler_s_Ruin (5000), UDF1 (4980)
UDF1 checks
Gambler_s_Ruin checks
River [3s 7s Th 2c 7d], Gambler_s_Ruin (5000), UDF1 (4980)
UDF1 checks
Gambler_s_Ruin checks
Gambler_s_Ruin shows [Tc 2h]
UDF1 shows [3h Kc]
Gambler_s_Ruin awarded 4980
UDF1 awarded -4980

Round #557, UDF1 (-113904), Gambler_s_Ruin (113904)
UDF1 posts blind: 10
Gambler_s_Ruin posts blind: 20
UDF1 received [Ks 8s]
Gambler_s_Ruin received [5h Qh]
UDF1 raises to 337
Gambler_s_Ruin attempted illegal ActionRaise with amount 634
Gambler_s_Ruin folds
UDF1 awarded 20
Gambler_s_Ruin awarded -20

Round #558, Gambler_s_Ruin (113884), UDF1 (-113884)
Gambler_s_Ruin posts blind: 10
UDF1 posts blind: 20
Gambler_s_Ruin received [Qc 4d]
UDF1 received [5s Jd]
Gambler_s_Ruin calls
UDF1 checks
Flop [3h Kc 3d], Gambler_s_Ruin (20), UDF1 (20)
UDF1 bids 16
Gambler_s_Ruin bids 1892
Gambler_s_Ruin won the auction and was revealed [Jd]
Flop [3h Kc 3d], Gambler_s_Ruin (36), UDF1 (20)
UDF1 bets 2387
Gambler_s_Ruin folds
Gambler_s_Ruin awarded -36
UDF1 awarded 36

Round #559, UDF1 (-113848), Gambler_s_Ruin (113848)
UDF1 posts blind: 10
Gambler_s_Ruin posts blind: 20
UDF1 received [5c Th]
Gambler_s_Ruin received [Kd 2s]
UDF1 raises to 337
Gambler_s_Ruin folds
UDF1 awarded 20
Gambler_s_Ruin awarded -20

Round #560, Gambler_s_Ruin (113828), UDF1 (-113828)
Gambler_s_Ruin posts blind: 10
UDF1 posts blind: 20
Gambler_s_Ruin received [Ah 8c]
UDF1 received [Qd Kd]
Gambler_s_Ruin calls
UDF1 raises to 3552
Gambler_s_Ruin raises to 5000
UDF1 calls
Flop [Qs Ac Td], Gambler_s_Ruin (5000), UDF1 (5000)
UDF1 bids 0
Gambler_s_Ruin bids 0
Gambler_s_Ruin won the auction and was revealed [Qd]
UDF1 won the auction and was revealed [Ah]
Flop [Qs Ac Td], Gambler_s_Ruin (5000), UDF1 (5000)
UDF1 checks
Gambler_s_Ruin checks
Turn [Qs Ac Td 7d], Gambler_s_Ruin (5000), UDF1 (5000)
UDF1 checks
Gambler_s_Ruin checks
River [Qs Ac Td 7d Tc], Gambler_s_Ruin (5000), UDF1 (5000)
UDF1 checks
Gambler_s_Ruin checks
Gambler_s_Ruin shows [Ah 8c]
UDF1 shows [Qd Kd]
Gambler_s_Ruin awarded 5000
UDF1 awarded -5000

Round #561, UDF1 (-118828), Gambler_s_Ruin (118828)
UDF1 posts blind: 10
Gambler_s_Ruin posts blind: 20
UDF1 received [8s 9c]
Gambler_s_Ruin received [7c Qc]
UDF1 folds
UDF1 awarded -10
Gambler_s_Ruin awarded 10

Round #562, Gambler_s_Ruin (118838), UDF1 (-118838)
Gambler_s_Ruin posts blind: 10
UDF1 posts blind: 20
Gambler_s_Ruin received [Js 5d]
UDF1 received [6d 7s]
Gambler_s_Ruin calls
UDF1 checks
Flop [8h 5s 5h], Gambler_s_Ruin (20), UDF1 (20)
UDF1 bids 22
Gambler_s_Ruin bids 1892
Gambler_s_Ruin won the auction and was revealed [6d]
Flop [8h 5s 5h], Gambler_s_Ruin (42), UDF1 (20)
UDF1 bets 2343
Gambler_s_Ruin raises to 4686
UDF1 calls
Turn [8h 5s 5h 9c], Gambler_s_Ruin (4728), UDF1 (4706)
UDF1 bets 177
Gambler_s_Ruin raises to 272
UDF1 calls
River [8h 5s 5h 9c 2h], Gambler_s_Ruin (5000), UDF1 (4978)
UDF1 checks
Gambler_s_Ruin checks
Gambler_s_Ruin shows [Js 5d]
UDF1 shows [6d 7s]
Gambler_s_Ruin awarded -5000
UDF1 awarded 5000

Round #563, UDF1 (-113838), Gambler_s_Ruin (113838)
UDF1 posts blind: 10
Gambler_s_Ruin posts blind: 20
UDF1 received [7c Tc]
Gambler_s_Ruin received [8s 8c]
UDF1 calls
Gambler_s_Ruin raises to 60
UDF1 folds
UDF1 awarded -20
Gambler_s_Ruin awarded 20

Round #564, Gambler_s_Ruin (113858), UDF1 (-113858)
Gambler_s_Ruin posts blind: 10
UDF1 posts blind: 20
Gambler_s_Ruin received [Kd 7h]
UDF1 received [5d Ac]
Gambler_s_Ruin calls
UDF1 checks
Flop [6s 6h Td], Gambler_s_Ruin (20), UDF1 (20)
UDF1 bids 22
Gambler_s_Ruin bids 1892
Gambler_s_Ruin won the auction and was revealed [Ac]
Flop [6s 6h Td], Gambler_s_Ruin (42), UDF1 (20)
UDF1 bets 2687
Gambler_s_Ruin folds
Gambler_s_Ruin awarded -42
UDF1 awarded 42

Round #565, UDF1 (-113816), Gambler_s_Ruin (113816)
UDF1 posts blind: 10
Gambler_s_Ruin posts blind: 20
UDF1 received [Ts Qh]
Gambler_s_Ruin received [Jd Jc]
UDF1 folds
UDF1 awarded -10
Gambler_s_Ruin awarded 10

Round #566, Gambler_s_Ruin (113826), UDF1 (-113826)
Gambler_s_Ruin posts blind: 10
UDF1 posts blind: 20
Gambler_s_Ruin received [5c 9d]
UDF1 received [Ks Qd]
Gambler_s_Ruin calls
UDF1 raises to 3423
Gambler_s_Ruin folds
Gambler_s_Ruin awarded -20
UDF1 awarded 20

Round #567, UDF1 (-113806), Gambler_s_Ruin (113806)
UDF1 posts blind: 10
Gambler_s_Ruin posts blind: 20
UDF1 received [6h 3h]
Gambler_s_Ruin received [Ks As]
UDF1 raises to 337
Gambler_s_Ruin raises to 951
UDF1 folds
UDF1 awarded -337
Gambler_s_Ruin awarded 337

Round #568, Gambler_s_Ruin (114143), UDF1 (-114143)
Gambler_s_Ruin posts blind: 10
UDF1 posts blind: 20
Gambler_s_Ruin received [Ad 3c]
UDF1 received [6c Qd]
Gambler_s_Ruin calls
UDF1 checks
Flop [6s 9h 5h], Gambler_s_Ruin (20), UDF1 (20)
UDF1 bids 21
Gambler_s_Ruin bids 1892
Gambler_s_Ruin won the auction and was revealed [6c]
Flop [6s 9h 5h], Gambler_s_Ruin (41), UDF1 (20)
UDF1 bets 3301
Gambler_s_Ruin folds
Gambler_s_Ruin awarded -41
UDF1 awarded 41

Round #569, UDF1 (-114102), Gambler_s_Ruin (114102)
UDF1 posts blind: 10
Gambler_s_Ruin posts blind: 20
UDF1 received [Ad Jh]
Gambler_s_Ruin received [Ts 4s]
UDF1 raises to 3509
Gambler_s_Ruin raises to 5000
UDF1 calls
Flop [Jc Th 5d], UDF1 (5000), Gambler_s_Ruin (5000)
Gambler_s_Ruin bids 0
UDF1 bids 0
UDF1 won the auction and was revealed [4s]
Gambler_s_Ruin won the auction and was revealed [Ad]
Flop [Jc Th 5d], UDF1 (5000), Gambler_s_Ruin (5000)
Gambler_s_Ruin checks
UDF1 checks
Turn [Jc Th 5d 8s], UDF1 (5000), Gambler_s_Ruin (5000)
Gambler_s_Ruin checks
UDF1 checks
River [Jc Th 5d 8s Ks], UDF1 (5000), Gambler_s_Ruin (5000)
Gambler_s_Ruin checks
UDF1 checks
UDF1 shows [Ad Jh]
Gambler_s_Ruin shows [Ts 4s]
UDF1 awarded 5000
Gambler_s_Ruin awarded -5000

Round #570, Gambler_s_Ruin (109102), UDF1 (-109102)
Gambler_s_Ruin posts blind: 10
UDF1 posts blind: 20
Gambler_s_Ruin received [2s 4h]
UDF1 received [9d Th]
Gambler_s_Ruin folds
Gambler_s_Ruin awarded -10
UDF1 awarded 10

Round #571, UDF1 (-109092), Gambler_s_Ruin (109092)
UDF1 posts blind: 10
Gambler_s_Ruin posts blind: 20
UDF1 received [6s 2d]
Gambler_s_Ruin received [Ks Qd]
UDF1 calls
Gambler_s_Ruin raises to 60
UDF1 folds
UDF1 awarded -20
Gambler_s_Ruin awarded 20

Round #572, Gambler_s_Ruin (109112), UDF1 (-109112)
Gambler_s_Ruin posts blind: 10
UDF1 posts blind: 20
Gambler_s_Ruin received [3s 5d]
UDF1 received [5s 9c]
Gambler_s_Ruin folds
Gambler_s_Ruin awarded -10
UDF1 awarded 10

Round #573, UDF1 (-109102), Gambler_s_Ruin (109102)
UDF1 posts blind: 10
Gambler_s_Ruin posts blind: 20
UDF1 received [2d Jc]
Gambler_s_Ruin received [9c Ts]
UDF1 folds
UDF1 awarded -10
Gambler_s_Ruin awarded 10

Round #574, Gambler_s_Ruin (109112), UDF1 (-109112)
Gambler_s_Ruin posts blind: 10
UDF1 posts blind: 20
Gambler_s_Ruin received [4h 6h]
UDF1 received [7h 2s]
Gambler_s_Ruin calls
UDF1 checks
Flop [7d Kc 6s], Gambler_s_Ruin (20), UDF1 (20)
UDF1 bids 0
Gambler_s_Ruin bids 1892
Gambler_s_Ruin won the auction and was revealed [2s]
Flop [7d Kc 6s], Gambler_s_Ruin (20), UDF1 (20)
UDF1 bets 2884
Gambler_s_Ruin raises to 4980
UDF1 calls
Turn [7d Kc 6s 5c], Gambler_s_Ruin (5000), UDF1 (5000)
UDF1 checks
Gambler_s_Ruin checks
River [7d Kc 6s 5c 8c], Gambler_s_Ruin (5000), UDF1 (5000)
UDF1 checks
Gambler_s_Ruin checks
Gambler_s_Ruin shows [4h 6h]
UDF1 shows [7h 2s]
Gambler_s_Ruin awarded 5000
UDF1 awarded -5000

Round #575, UDF1 (-114112), Gambler_s_Ruin (114112)
UDF1 posts blind: 10
Gambler_s_Ruin posts blind: 20
UDF1 received [3h 3d]
Gambler_s_Ruin received [Ac 6s]
UDF1 calls
Gambler_s_Ruin raises to 80
UDF1 raises to 1492
Gambler_s_Ruin attempted illegal ActionRaise with amount 2824
Gambler_s_Ruin folds
UDF1 awarded 80
Gambler_s_Ruin awarded -80

Round #576, Gambler_s_Ruin (114032), UDF1 (-114032)
Gambler_s_Ruin posts blind: 10
UDF1 posts blind: 20
Gambler_s_Ruin received [6s 2h]
UDF1 received [7c 5c]
Gambler_s_Ruin folds
Gambler_s_Ruin awarded -10
UDF1 awarded 10

Round #577, UDF1 (-114022), Gambler_s_Ruin (114022)
UDF1 posts blind: 10
Gambler_s_Ruin posts blind: 20
UDF1 received [Kh 3h]
Gambler_s_Ruin received [2d Kd]
UDF1 folds
UDF1 awarded -10
Gambler_s_Ruin awarded 10

Round #578, Gambler_s_Ruin (114032), UDF1 (-114032)
Gambler_s_Ruin posts blind: 10
UDF1 posts blind: 20
Gambler_s_Ruin received [Kc Js]
UDF1 received [9c Kh]
Gambler_s_Ruin raises to 60
UDF1 folds
Gambler_s_Ruin awarded 20
UDF1 awarded -20

Round #579, UDF1 (-114052), Gambler_s_Ruin (114052)
UDF1 posts blind: 10
Gambler_s_Ruin posts blind: 20
UDF1 received [Th 8d]
Gambler_s_Ruin received [Ts Kh]
UDF1 calls
Gambler_s_Ruin raises to 60
UDF1 folds
UDF1 awarded -20
Gambler_s_Ruin awarded 20

Round #580, Gambler_s_Ruin (114072), UDF1 (-114072)
Gambler_s_Ruin posts blind: 10
UDF1 posts blind: 20
Gambler_s_Ruin received [5d 9d]
UDF1 received [Th Kd]
Gambler_s_Ruin calls
UDF1 checks
Flop [4s 8c 8h], Gambler_s_Ruin (20), UDF1 (20)
UDF1 bids 23
Gambler_s_Ruin bids 1892
Gambler_s_Ruin won the auction and was revealed [Kd]
Flop [4s 8c 8h], Gambler_s_Ruin (43), UDF1 (20)
UDF1 bets 2359
Gambler_s_Ruin folds
Gambler_s_Ruin awarded -43
UDF1 awarded 43

Round #581, UDF1 (-114029), Gambler_s_Ruin (114029)
UDF1 posts blind: 10
Gambler_s_Ruin posts blind: 20
UDF1 received [Ad Qs]
Gambler_s_Ruin received [7d 2c]
UDF1 raises to 3799
Gambler_s_Ruin folds
UDF1 awarded 20
Gambler_s_Ruin awarded -20

Round #582, Gambler_s_Ruin (114009), UDF1 (-114009)
Gambler_s_Ruin posts blind: 10
UDF1 posts blind: 20
Gambler_s_Ruin received [Qh 8c]
UDF1 received [6c Ac]
Gambler_s_Ruin calls
UDF1 checks
Flop [Kc 9d 4c], Gambler_s_Ruin (20), UDF1 (20)
UDF1 bids 16
Gambler_s_Ruin bids 1892
Gambler_s_Ruin won the auction and was revealed [Ac]
Flop [Kc 9d 4c], Gambler_s_Ruin (36), UDF1 (20)
UDF1 bets 3125
Gambler_s_Ruin folds
Gambler_s_Ruin awarded -36
UDF1 awarded 36

Round #583, UDF1 (-113973), Gambler_s_Ruin (113973)
UDF1 posts blind: 10
Gambler_s_Ruin posts blind: 20
UDF1 received [9c Qc]
Gambler_s_Ruin received [6h 2h]
UDF1 folds
UDF1 awarded -10
Gambler_s_Ruin awarded 10

Round #584, Gambler_s_Ruin (113983), UDF1 (-113983)
Gambler_s_Ruin posts blind: 10
UDF1 posts blind: 20
Gambler_s_Ruin received [6s 6d]
UDF1 received [3d 3c]
Gambler_s_Ruin calls
UDF1 raises to 1250
Gambler_s_Ruin attempted illegal ActionRaise with amount 2460
Gambler_s_Ruin folds
Gambler_s_Ruin awarded -20
UDF1 awarded 20

Round #585, UDF1 (-113963), Gambler_s_Ruin (113963)
UDF1 posts blind: 10
Gambler_s_Ruin posts blind: 20
UDF1 received [6d 4s]
Gambler_s_Ruin received [7d Kc]
UDF1 folds
UDF1 awarded -10
Gambler_s_Ruin awarded 10

Round #586, Gambler_s_Ruin (113973), UDF1 (-113973)
Gambler_s_Ruin posts blind: 10
UDF1 posts blind: 20
Gambler_s_Ruin received [Ac 2h]
UDF1 received [As 9c]
Gambler_s_Ruin calls
UDF1 checks
Flop [3c Jd Ks], Gambler_s_Ruin (20), UDF1 (20)
UDF1 bids 16
Gambler_s_Ruin bids 1892
Gambler_s_Ruin won the auction and was revealed [9c]
Flop [3c Jd Ks], Gambler_s_Ruin (36), UDF1 (20)
UDF1 bets 2752
Gambler_s_Ruin raises to 4964
UDF1 calls
Turn [3c Jd Ks 6c], Gambler_s_Ruin (5000), UDF1 (4984)
UDF1 checks
Gambler_s_Ruin checks
River [3c Jd Ks 6c 7s], Gambler_s_Ruin (5000), UDF1 (4984)
UDF1 checks
Gambler_s_Ruin checks
Gambler_s_Ruin shows [Ac 2h]
UDF1 shows [As 9c]
Gambler_s_Ruin awarded -5000
UDF1 awarded 5000

Round #587, UDF1 (-108973), Gambler_s_Ruin (108973)
UDF1 posts blind: 10
Gambler_s_Ruin posts blind: 20
UDF1 received [Ts 2h]
Gambler_s_Ruin received [8c Qs]
UDF1 calls
Gambler_s_Ruin raises to 80
UDF1 calls
Flop [7s Jc 9s], UDF1 (80), Gambler_s_Ruin (80)
Gambler_s_Ruin bids 1869
UDF1 bids 33
Gambler_s_Ruin won the auction and was revealed [2h]
Flop [7s Jc 9s], UDF1 (80), Gambler_s_Ruin (113)
Gambler_s_Ruin bets 228
UDF1 folds
UDF1 awarded -80
Gambler_s_Ruin awarded 80

Round #588, Gambler_s_Ruin (109053), UDF1 (-109053)
Gambler_s_Ruin posts blind: 10
UDF1 posts blind: 20
Gambler_s_Ruin received [Ad Kh]
UDF1 received [Tc Kd]
Gambler_s_Ruin raises to 60
UDF1 calls
Flop [9d Ac 8d], Gambler_s_Ruin (60), UDF1 (60)
UDF1 bids 27
Gambler_s_Ruin bids 1877
Gambler_s_Ruin won the auction and was revealed [Tc]
Flop [9d Ac 8d], Gambler_s_Ruin (87), UDF1 (60)
UDF1 bets 2818
Gambler_s_Ruin raises to 4913
UDF1 calls
Turn [9d Ac 8d Kc], Gambler_s_Ruin (5000), UDF1 (4973)
UDF1 checks
Gambler_s_Ruin checks
River [9d Ac 8d Kc Jc], Gambler_s_Ruin (5000), UDF1 (4973)
UDF1 checks
Gambler_s_Ruin checks
Gambler_s_Ruin shows [Ad Kh]
UDF1 shows [Tc Kd]
Gambler_s_Ruin awarded 4973
UDF1 awarded -4973

Round #589, UDF1 (-114026), Gambler_s_Ruin (114026)
UDF1 posts blind: 10
Gambler_s_Ruin posts blind: 20
UDF1 received [5d Ah]
Gambler_s_Ruin received [6c 7d]
UDF1 folds
UDF1 awarded -10
Gambler_s_Ruin awarded 10

Round #590, Gambler_s_Ruin (114036), UDF1 (-114036)
Gambler_s_Ruin posts blind: 10
UDF1 posts blind: 20
Gambler_s_Ruin received [Ah 3d]
UDF1 received [2h 7c]
Gambler_s_Ruin calls
UDF1 raises to 337
Gambler_s_Ruin attempted illegal ActionRaise with amount 634
Gambler_s_Ruin folds
Gambler_s_Ruin awarded -20
UDF1 awarded 20

Round #591, UDF1 (-114016), Gambler_s_Ruin (114016)
UDF1 posts blind: 10
Gambler_s_Ruin posts blind: 20
UDF1 received [Jc 3h]
Gambler_s_Ruin received [9h 5s]
UDF1 folds
UDF1 awarded -10
Gambler_s_Ruin awarded 10

Round #592, Gambler_s_Ruin (114026), UDF1 (-114026)
Gambler_s_Ruin posts blind: 10
UDF1 posts blind: 20
Gambler_s_Ruin received [Ad 9s]
UDF1 received [As Ts]
Gambler_s_Ruin raises to 60
UDF1 raises to 3444
Gambler_s_Ruin raises to 5000
UDF1 calls
Flop [Kd Ah 7h], Gambler_s_Ruin (5000), UDF1 (5000)
UDF1 bids 0
Gambler_s_Ruin bids 0
Gambler_s_Ruin won the auction and was revealed [Ts]
UDF1 won the auction and was revealed [9s]
Flop [Kd Ah 7h], Gambler_s_Ruin (5000), UDF1 (5000)
UDF1 checks
Gambler_s_Ruin checks
Turn [Kd Ah 7h 3d], Gambler_s_Ruin (5000), UDF1 (5000)
UDF1 checks
Gambler_s_Ruin checks
River [Kd Ah 7h 3d 5h], Gambler_s_Ruin (5000), UDF1 (5000)
UDF1 checks
Gambler_s_Ruin checks
Gambler_s_Ruin shows [Ad 9s]
UDF1 shows [As Ts]
Gambler_s_Ruin awarded -5000
UDF1 awarded 5000

Round #593, UDF1 (-109026), Gambler_s_Ruin (109026)
UDF1 posts blind: 10
Gambler_s_Ruin posts blind: 20
UDF1 received [Th Ks]
Gambler_s_Ruin received [Td 9d]
UDF1 folds
UDF1 awarded -10
Gambler_s_Ruin awarded 10

Round #594, Gambler_s_Ruin (109036), UDF1 (-109036)
Gambler_s_Ruin posts blind: 10
UDF1 posts blind: 20
Gambler_s_Ruin received [Td Ah]
UDF1 received [7s Jh]
Gambler_s_Ruin raises to 60
UDF1 raises to 394
Gambler_s_Ruin raises to 1002
UDF1 folds
Gambler_s_Ruin awarded 394
UDF1 awarded -394

Round #595, UDF1 (-109430), Gambler_s_Ruin (109430)
UDF1 posts blind: 10
Gambler_s_Ruin posts blind: 20
UDF1 received [6s 8c]
Gambler_s_Ruin received [5d 9d]
UDF1 calls
Gambler_s_Ruin raises to 80
UDF1 calls
Flop [Jc 2h 3s], UDF1 (80), Gambler_s_Ruin (80)
Gambler_s_Ruin bids 1869
UDF1 bids 24
Gambler_s_Ruin won the auction and was revealed [6s]
Flop [Jc 2h 3s], UDF1 (80), Gambler_s_Ruin (104)
Gambler_s_Ruin checks
UDF1 bets 2510
Gambler_s_Ruin folds
UDF1 awarded 104
Gambler_s_Ruin awarded -104

Round #596, Gambler_s_Ruin (109326), UDF1 (-109326)
Gambler_s_Ruin posts blind: 10
UDF1 posts blind: 20
Gambler_s_Ruin received [Th 5s]
UDF1 received [7d Jc]
Gambler_s_Ruin calls
UDF1 checks
Flop [6h 8d Js], Gambler_s_Ruin (20), UDF1 (20)
UDF1 bids 19
Gambler_s_Ruin bids 1892
Gambler_s_Ruin won the auction and was revealed [7d]
Flop [6h 8d Js], Gambler_s_Ruin (39), UDF1 (20)
UDF1 bets 3426
Gambler_s_Ruin folds
Gambler_s_Ruin awarded -39
UDF1 awarded 39

Round #597, UDF1 (-109287), Gambler_s_Ruin (109287)
UDF1 posts blind: 10
Gambler_s_Ruin posts blind: 20
UDF1 received [7c 4d]
Gambler_s_Ruin received [4c 6s]
UDF1 folds
UDF1 awarded -10
Gambler_s_Ruin awarded 10

Round #598, Gambler_s_Ruin (109297), UDF1 (-109297)
Gambler_s_Ruin posts blind: 10
UDF1 posts blind: 20
Gambler_s_Ruin received [3c 7s]
UDF1 received [4s 2h]
Gambler_s_Ruin folds
Gambler_s_Ruin awarded -10
UDF1 awarded 10

Round #599, UDF1 (-109287), Gambler_s_Ruin (109287)
UDF1 posts blind: 10
Gambler_s_Ruin posts blind: 20
UDF1 received [4s 4h]
Gambler_s_Ruin received [Ts 4c]
UDF1 calls
Gambler_s_Ruin checks
Flop [Ad Qc Js], UDF1 (20), Gambler_s_Ruin (20)
Gambler_s_Ruin bids 1892
UDF1 bids 23
Gambler_s_Ruin won the auction and was revealed [4s]
Flop [Ad Qc Js], UDF1 (20), Gambler_s_Ruin (43)
Gambler_s_Ruin bets 68
UDF1 calls
Turn [Ad Qc Js 7s], UDF1 (88), Gambler_s_Ruin (111)
Gambler_s_Ruin bets 216
UDF1 calls
River [Ad Qc Js 7s 7d], UDF1 (304), Gambler_s_Ruin (327)
Gambler_s_Ruin checks
UDF1 bets 2490
Gambler_s_Ruin folds
UDF1 awarded 327
Gambler_s_Ruin awarded -327

Round #600, Gambler_s_Ruin (108960), UDF1 (-108960)
Gambler_s_Ruin posts blind: 10
UDF1 posts blind: 20
Gambler_s_Ruin received [9s 2h]
UDF1 received [Kh 5s]
Gambler_s_Ruin calls
UDF1 checks
Flop [6h 3s 8s], Gambler_s_Ruin (20), UDF1 (20)
UDF1 bids 16
Gambler_s_Ruin bids 1892
Gambler_s_Ruin won the auction and was revealed [Kh]
Flop [6h 3s 8s], Gambler_s_Ruin (36), UDF1 (20)
UDF1 bets 2977
Gambler_s_Ruin folds
Gambler_s_Ruin awarded -36
UDF1 awarded 36

Round #601, UDF1 (-108924), Gambler_s_Ruin (108924)
UDF1 posts blind: 10
Gambler_s_Ruin posts blind: 20
UDF1 received [5d 4h]
Gambler_s_Ruin received [2c 9h]
UDF1 folds
UDF1 awarded -10
Gambler_s_Ruin awarded 10

Round #602, Gambler_s_Ruin (108934), UDF1 (-108934)
Gambler_s_Ruin posts blind: 10
UDF1 posts blind: 20
Gambler_s_Ruin received [5d Qh]
UDF1 received [Jd 6d]
Gambler_s_Ruin calls
UDF1 checks
Flop [5h 2d 7c], Gambler_s_Ruin (20), UDF1 (20)
UDF1 bids 19
Gambler_s_Ruin bids 1892
Gambler_s_Ruin won the auction and was revealed [6d]
Flop [5h 2d 7c], Gambler_s_Ruin (39), UDF1 (20)
UDF1 bets 2690
Gambler_s_Ruin raises to 4961
UDF1 calls
Turn [5h 2d 7c Td], Gambler_s_Ruin (5000), UDF1 (4981)
UDF1 checks
Gambler_s_Ruin checks
River [5h 2d 7c Td 3h], Gambler_s_Ruin (5000), UDF1 (4981)
UDF1 checks
Gambler_s_Ruin checks
Gambler_s_Ruin shows [5d Qh]
UDF1 shows [Jd 6d]
Gambler_s_Ruin awarded 4981
UDF1 awarded -4981

Round #603, UDF1 (-113915), Gambler_s_Ruin (113915)
UDF1 posts blind: 10
Gambler_s_Ruin posts blind: 20
UDF1 received [Qc 5d]
Gambler_s_Ruin received [2d Ac]
UDF1 calls
Gambler_s_Ruin raises to 80
UDF1 calls
Flop [Qd Ts Kh], UDF1 (80), Gambler_s_Ruin (80)
Gambler_s_Ruin bids 1869
UDF1 bids 0
Gambler_s_Ruin won the auction and was revealed [Qc]
Flop [Qd Ts Kh], UDF1 (80), Gambler_s_Ruin (80)
Gambler_s_Ruin checks
UDF1 bets 3043
Gambler_s_Ruin folds
UDF1 awarded 80
Gambler_s_Ruin awarded -80

Round #604, Gambler_s_Ruin (113835), UDF1 (-113835)
Gambler_s_Ruin posts blind: 10
UDF1 posts blind: 20
Gambler_s_Ruin received [Ac 5c]
UDF1 received [Qs 2c]
Gambler_s_Ruin calls
UDF1 checks
Flop [2s Jh Ad], Gambler_s_Ruin (20), UDF1 (20)
UDF1 bids 0
Gambler_s_Ruin bids 1892
Gambler_s_Ruin won the auction and was revealed [Qs]
Flop [2s Jh Ad], Gambler_s_Ruin (20), UDF1 (20)
UDF1 bets 2866
Gambler_s_Ruin raises to 4980
UDF1 calls
Turn [2s Jh Ad 9h], Gambler_s_Ruin (5000), UDF1 (5000)
UDF1 checks
Gambler_s_Ruin checks
River [2s Jh Ad 9h 3s], Gambler_s_Ruin (5000), UDF1 (5000)
UDF1 checks
Gambler_s_Ruin checks
Gambler_s_Ruin shows [Ac 5c]
UDF1 shows [Qs 2c]
Gambler_s_Ruin awarded 5000
UDF1 awarded -5000

Round #605, UDF1 (-118835), Gambler_s_Ruin (118835)
UDF1 posts blind: 10
Gambler_s_Ruin posts blind: 20
UDF1 received [3d Qs]
Gambler_s_Ruin received [2d Td]
UDF1 calls
Gambler_s_Ruin raises to 80
UDF1 calls
Flop [3c 5d 8s], UDF1 (80), Gambler_s_Ruin (80)
Gambler_s_Ruin bids 1869
UDF1 bids 26
Gambler_s_Ruin won the auction and was revealed [Qs]
Flop [3c 5d 8s], UDF1 (80), Gambler_s_Ruin (106)
Gambler_s_Ruin checks
UDF1 bets 2741
Gambler_s_Ruin folds
UDF1 awarded 106
Gambler_s_Ruin awarded -106

Round #606, Gambler_s_Ruin (118729), UDF1 (-118729)
Gambler_s_Ruin posts blind: 10
UDF1 posts blind: 20
Gambler_s_Ruin received [2h Ad]
UDF1 received [9c 3c]
Gambler_s_Ruin calls
UDF1 raises to 337
Gambler_s_Ruin folds
Gambler_s_Ruin awarded -20
UDF1 awarded 20

Round #607, UDF1 (-118709), Gambler_s_Ruin (118709)
UDF1 posts blind: 10
Gambler_s_Ruin posts blind: 20
UDF1 received [Ks 4c]
Gambler_s_Ruin received [Qs Kd]
UDF1 folds
UDF1 awarded -10
Gambler_s_Ruin awarded 10

Round #608, Gambler_s_Ruin (118719), UDF1 (-118719)
Gambler_s_Ruin posts blind: 10
UDF1 posts blind: 20
Gambler_s_Ruin received [Qs 3h]
UDF1 received [2d 5h]
Gambler_s_Ruin calls
UDF1 raises to 337
Gambler_s_Ruin folds
Gambler_s_Ruin awarded -20
UDF1 awarded 20

Round #609, UDF1 (-118699), Gambler_s_Ruin (118699)
UDF1 posts blind: 10
Gambler_s_Ruin posts blind: 20
UDF1 received [2h Ah]
Gambler_s_Ruin received [Jd Kd]
UDF1 folds
UDF1 awarded -10
Gambler_s_Ruin awarded 10

Round #610, Gambler_s_Ruin (118709), UDF1 (-118709)
Gambler_s_Ruin posts blind: 10
UDF1 posts blind: 20
Gambler_s_Ruin received [Jc 3s]
UDF1 received [5h 9s]
Gambler_s_Ruin calls
UDF1 checks
Flop [2c 3h Ts], Gambler_s_Ruin (20), UDF1 (20)
UDF1 bids 0
Gambler_s_Ruin bids 1892
Gambler_s_Ruin won the auction and was revealed [9s]
Flop [2c 3h Ts], Gambler_s_Ruin (20), UDF1 (20)
UDF1 bets 2553
Gambler_s_Ruin raises to 4980
UDF1 calls
Turn [2c 3h Ts 5c], Gambler_s_Ruin (5000), UDF1 (5000)
UDF1 checks
Gambler_s_Ruin checks
River [2c 3h Ts 5c 9d], Gambler_s_Ruin (5000), UDF1 (5000)
UDF1 checks
Gambler_s_Ruin checks
Gambler_s_Ruin shows [Jc 3s]
UDF1 shows [5h 9s]
Gambler_s_Ruin awarded -5000
UDF1 awarded 5000

Round #611, UDF1 (-113709), Gambler_s_Ruin (113709)
UDF1 posts blind: 10
Gambler_s_Ruin posts blind: 20
UDF1 received [8h 5c]
Gambler_s_Ruin received [8d Th]
UDF1 calls
Gambler_s_Ruin raises to 80
UDF1 calls
Flop [Kc 7h Ad], UDF1 (80), Gambler_s_Ruin (80)
Gambler_s_Ruin bids 1869
UDF1 bids 0
Gambler_s_Ruin won the auction and was revealed [8h]
Flop [Kc 7h Ad], UDF1 (80), Gambler_s_Ruin (80)
Gambler_s_Ruin bets 143
UDF1 folds
UDF1 awarded -80
Gambler_s_Ruin awarded 80

Round #612, Gambler_s_Ruin (113789), UDF1 (-113789)
Gambler_s_Ruin posts blind: 10
UDF1 posts blind: 20
Gambler_s_Ruin received [5c Kd]
UDF1 received [6c 8c]
Gambler_s_Ruin calls
UDF1 checks
Flop [8d Ad 2d], Gambler_s_Ruin (20), UDF1 (20)
UDF1 bids 23
Gambler_s_Ruin bids 1892
Gambler_s_Ruin won the auction and was revealed [6c]
Flop [8d Ad 2d], Gambler_s_Ruin (43), UDF1 (20)
UDF1 bets 2832
Gambler_s_Ruin raises to 4957
UDF1 calls
Turn [8d Ad 2d Td], Gambler_s_Ruin (5000), UDF1 (4977)
UDF1 checks
Gambler_s_Ruin checks
River [8d Ad 2d Td 7d], Gambler_s_Ruin (5000), UDF1 (4977)
UDF1 checks
Gambler_s_Ruin checks
Gambler_s_Ruin shows [5c Kd]
UDF1 shows [6c 8c]
Gambler_s_Ruin awarded 4977
UDF1 awarded -4977

Round #613, UDF1 (-118766), Gambler_s_Ruin (118766)
UDF1 posts blind: 10
Gambler_s_Ruin posts blind: 20
UDF1 received [Jd 3s]
Gambler_s_Ruin received [Ks 8s]
UDF1 folds
UDF1 awarded -10
Gambler_s_Ruin awarded 10

Round #614, Gambler_s_Ruin (118776), UDF1 (-118776)
Gambler_s_Ruin posts blind: 10
UDF1 posts blind: 20
Gambler_s_Ruin received [5s Qd]
UDF1 received [2d 9h]
Gambler_s_Ruin calls
UDF1 checks
Flop [3d 8h 3h], Gambler_s_Ruin (20), UDF1 (20)
UDF1 bids 17
Gambler_s_Ruin bids 1892
Gambler_s_Ruin won the auction and was revealed [9h]
Flop [3d 8h 3h], Gambler_s_Ruin (37), UDF1 (20)
UDF1 bets 2440
Gambler_s_Ruin folds
Gambler_s_Ruin awarded -37
UDF1 awarded 37

Round #615, UDF1 (-118739), Gambler_s_Ruin (118739)
UDF1 posts blind: 10
Gambler_s_Ruin posts blind: 20
UDF1 received [Ks Kc]
Gambler_s_Ruin received [Ac 3s]
UDF1 raises to 4269
Gambler_s_Ruin raises to 5000
UDF1 calls
Flop [3h 2c 9s], UDF1 (5000), Gambler_s_Ruin (5000)
Gambler_s_Ruin bids 0
UDF1 bids 0
UDF1 won the auction and was revealed [3s]
Gambler_s_Ruin won the auction and was revealed [Ks]
Flop [3h 2c 9s], UDF1 (5000), Gambler_s_Ruin (5000)
Gambler_s_Ruin checks
UDF1 checks
Turn [3h 2c 9s 3c], UDF1 (5000), Gambler_s_Ruin (5000)
Gambler_s_Ruin checks
UDF1 checks
River [3h 2c 9s 3c 3d], UDF1 (5000), Gambler_s_Ruin (5000)
Gambler_s_Ruin checks
UDF1 checks
UDF1 shows [Ks Kc]
Gambler_s_Ruin shows [Ac 3s]
UDF1 awarded -5000
Gambler_s_Ruin awarded 5000

Round #616, Gambler_s_Ruin (123739), UDF1 (-123739)
Gambler_s_Ruin posts blind: 10
UDF1 posts blind: 20
Gambler_s_Ruin received [As 4d]
UDF1 received [Td 6h]
Gambler_s_Ruin calls
UDF1 checks
Flop [7s 7c 4h], Gambler_s_Ruin (20), UDF1 (20)
UDF1 bids 0
Gambler_s_Ruin bids 1892
Gambler_s_Ruin won the auction and was revealed [Td]
Flop [7s 7c 4h], Gambler_s_Ruin (20), UDF1 (20)
UDF1 bets 2327
Gambler_s_Ruin calls
Turn [7s 7c 4h 2c], Gambler_s_Ruin (2347), UDF1 (2347)
UDF1 bets 1137
Gambler_s_Ruin raises to 2653
UDF1 calls
River [7s 7c 4h 2c Th], Gambler_s_Ruin (5000), UDF1 (5000)
UDF1 checks
Gambler_s_Ruin checks
Gambler_s_Ruin shows [As 4d]
UDF1 shows [Td 6h]
Gambler_s_Ruin awarded -5000
UDF1 awarded 5000

Round #617, UDF1 (-118739), Gambler_s_Ruin (118739)
UDF1 posts blind: 10
Gambler_s_Ruin posts blind: 20
UDF1 received [5d 5h]
Gambler_s_Ruin received [7d Js]
UDF1 calls
Gambler_s_Ruin raises to 80
UDF1 calls
Flop [As Ac Ad], UDF1 (80), Gambler_s_Ruin (80)
Gambler_s_Ruin bids 1869
UDF1 bids 37
Gambler_s_Ruin won the auction and was revealed [5h]
Flop [As Ac Ad], UDF1 (80), Gambler_s_Ruin (117)
Gambler_s_Ruin bets 204
UDF1 raises to 3150
Gambler_s_Ruin raises to 4883
UDF1 calls
Turn [As Ac Ad Qh], UDF1 (4963), Gambler_s_Ruin (5000)
Gambler_s_Ruin checks
UDF1 checks
River [As Ac Ad Qh 4h], UDF1 (4963), Gambler_s_Ruin (5000)
Gambler_s_Ruin checks
UDF1 checks
UDF1 shows [5d 5h]
Gambler_s_Ruin shows [7d Js]
UDF1 awarded 5000
Gambler_s_Ruin awarded -5000

Round #618, Gambler_s_Ruin (113739), UDF1 (-113739)
Gambler_s_Ruin posts blind: 10
UDF1 posts blind: 20
Gambler_s_Ruin received [5d 7c]
UDF1 received [As 7d]
Gambler_s_Ruin folds
Gambler_s_Ruin awarded -10
UDF1 awarded 10

Round #619, UDF1 (-113729), Gambler_s_Ruin (113729)
UDF1 posts blind: 10
Gambler_s_Ruin posts blind: 20
UDF1 received [2c Qs]
Gambler_s_Ruin received [Js 3d]
UDF1 calls
Gambler_s_Ruin checks
Flop [5s 8c 9h], UDF1 (20), Gambler_s_Ruin (20)
Gambler_s_Ruin bids 1892
UDF1 bids 21
Gambler_s_Ruin won the auction and was revealed [2c]
Flop [5s 8c 9h], UDF1 (20), Gambler_s_Ruin (41)
Gambler_s_Ruin bets 72
UDF1 folds
UDF1 awarded -20
Gambler_s_Ruin awarded 20

Round #620, Gambler_s_Ruin (113749), UDF1 (-113749)
Gambler_s_Ruin posts blind: 10
UDF1 posts blind: 20
Gambler_s_Ruin received [7s 5c]
UDF1 received [Jh 8h]
Gambler_s_Ruin folds
Gambler_s_Ruin awarded -10
UDF1 awarded 10

Round #621, UDF1 (-113739), Gambler_s_Ruin (113739)
UDF1 posts blind: 10
Gambler_s_Ruin posts blind: 20
UDF1 received [9h 7c]
Gambler_s_Ruin received [3d Jc]
UDF1 folds
UDF1 awarded -10
Gambler_s_Ruin awarded 10

Round #622, Gambler_s_Ruin (113749), UDF1 (-113749)
Gambler_s_Ruin posts blind: 10
UDF1 posts blind: 20
Gambler_s_Ruin received [4h 5c]
UDF1 received [Ac 5s]
Gambler_s_Ruin folds
Gambler_s_Ruin awarded -10
UDF1 awarded 10

Round #623, UDF1 (-113739), Gambler_s_Ruin (113739)
UDF1 posts blind: 10
Gambler_s_Ruin posts blind: 20
UDF1 received [Qc 6h]
Gambler_s_Ruin received [Qs 3s]
UDF1 raises to 337
Gambler_s_Ruin folds
UDF1 awarded 20
Gambler_s_Ruin awarded -20

Round #624, Gambler_s_Ruin (113719), UDF1 (-113719)
Gambler_s_Ruin posts blind: 10
UDF1 posts blind: 20
Gambler_s_Ruin received [Js 4h]
UDF1 received [Ac As]
Gambler_s_Ruin calls
UDF1 raises to 4607
Gambler_s_Ruin folds
Gambler_s_Ruin awarded -20
UDF1 awarded 20

Round #625, UDF1 (-113699), Gambler_s_Ruin (113699)
UDF1 posts blind: 10
Gambler_s_Ruin posts blind: 20
UDF1 received [4c 2d]
Gambler_s_Ruin received [4h 4s]
UDF1 calls
Gambler_s_Ruin raises to 80
UDF1 calls
Flop [Tc 5s Kc], UDF1 (80), Gambler_s_Ruin (80)
Gambler_s_Ruin bids 1869
UDF1 bids 32
Gambler_s_Ruin won the auction and was revealed [2d]
Flop [Tc 5s Kc], UDF1 (80), Gambler_s_Ruin (112)
Gambler_s_Ruin bets 227
UDF1 folds
UDF1 awarded -80
Gambler_s_Ruin awarded 80

Round #626, Gambler_s_Ruin (113779), UDF1 (-113779)
Gambler_s_Ruin posts blind: 10
UDF1 posts blind: 20
Gambler_s_Ruin received [Jh 5d]
UDF1 received [Qs 6d]
Gambler_s_Ruin calls
UDF1 checks
Flop [6c 9h 3s], Gambler_s_Ruin (20), UDF1 (20)
UDF1 bids 19
Gambler_s_Ruin bids 1892
Gambler_s_Ruin won the auction and was revealed [6d]
Flop [6c 9h 3s], Gambler_s_Ruin (39), UDF1 (20)
UDF1 bets 3239
Gambler_s_Ruin folds
Gambler_s_Ruin awarded -39
UDF1 awarded 39

Round #627, UDF1 (-113740), Gambler_s_Ruin (113740)
UDF1 posts blind: 10
Gambler_s_Ruin posts blind: 20
UDF1 received [4h 3h]
Gambler_s_Ruin received [6h Kd]
UDF1 calls
Gambler_s_Ruin checks
Flop [9s 9c 9d], UDF1 (20), Gambler_s_Ruin (20)
Gambler_s_Ruin bids 1892
UDF1 bids 19
Gambler_s_Ruin won the auction and was revealed [3h]
Flop [9s 9c 9d], UDF1 (20), Gambler_s_Ruin (39)
Gambler_s_Ruin bets 67
UDF1 folds
UDF1 awarded -20
Gambler_s_Ruin awarded 20

Round #628, Gambler_s_Ruin (113760), UDF1 (-113760)
Gambler_s_Ruin posts blind: 10
UDF1 posts blind: 20
Gambler_s_Ruin received [6h 9s]
UDF1 received [Th Jh]
Gambler_s_Ruin calls
UDF1 raises to 1354
Gambler_s_Ruin folds
Gambler_s_Ruin awarded -20
UDF1 awarded 20

Round #629, UDF1 (-113740), Gambler_s_Ruin (113740)
UDF1 posts blind: 10
Gambler_s_Ruin posts blind: 20
UDF1 received [Js Qd]
Gambler_s_Ruin received [7h Jc]
UDF1 calls
Gambler_s_Ruin raises to 80
UDF1 calls
Flop [Jh Qc 6c], UDF1 (80), Gambler_s_Ruin (80)
Gambler_s_Ruin bids 1869
UDF1 bids 34
Gambler_s_Ruin won the auction and was revealed [Js]
Flop [Jh Qc 6c], UDF1 (80), Gambler_s_Ruin (114)
Gambler_s_Ruin checks
UDF1 bets 3411
Gambler_s_Ruin folds
UDF1 awarded 114
Gambler_s_Ruin awarded -114

Round #630, Gambler_s_Ruin (113626), UDF1 (-113626)
Gambler_s_Ruin posts blind: 10
UDF1 posts blind: 20
Gambler_s_Ruin received [5c 8h]
UDF1 received [Kc 3s]
Gambler_s_Ruin calls
UDF1 checks
Flop [3c Td Qs], Gambler_s_Ruin (20), UDF1 (20)
UDF1 bids 18
Gambler_s_Ruin bids 1892
Gambler_s_Ruin won the auction and was revealed [3s]
Flop [3c Td Qs], Gambler_s_Ruin (38), UDF1 (20)
UDF1 bets 2952
Gambler_s_Ruin folds
Gambler_s_Ruin awarded -38
UDF1 awarded 38

Round #631, UDF1 (-113588), Gambler_s_Ruin (113588)
UDF1 posts blind: 10
Gambler_s_Ruin posts blind: 20
UDF1 received [4c 7h]
Gambler_s_Ruin received [9c 3s]
UDF1 folds
UDF1 awarded -10
Gambler_s_Ruin awarded 10

Round #632, Gambler_s_Ruin (113598), UDF1 (-113598)
Gambler_s_Ruin posts blind: 10
UDF1 posts blind: 20
Gambler_s_Ruin received [2d 3d]
UDF1 received [2s Kh]
Gambler_s_Ruin calls
UDF1 raises to 337
Gambler_s_Ruin folds
Gambler_s_Ruin awarded -20
UDF1 awarded 20

Round #633, UDF1 (-113578), Gambler_s_Ruin (113578)
UDF1 posts blind: 10
Gambler_s_Ruin posts blind: 20
UDF1 received [7h 8c]
Gambler_s_Ruin received [2c 7c]
UDF1 calls
Gambler_s_Ruin checks
Flop [2h 8s Kc], UDF1 (20), Gambler_s_Ruin (20)
Gambler_s_Ruin bids 1892
UDF1 bids 0
Gambler_s_Ruin won the auction and was revealed [7h]
Flop [2h 8s Kc], UDF1 (20), Gambler_s_Ruin (20)
Gambler_s_Ruin bets 37
UDF1 raises to 3327
Gambler_s_Ruin raises to 4980
UDF1 calls
Turn [2h 8s Kc 5s], UDF1 (5000), Gambler_s_Ruin (5000)
Gambler_s_Ruin checks
UDF1 checks
River [2h 8s Kc 5s 6s], UDF1 (5000), Gambler_s_Ruin (5000)
Gambler_s_Ruin checks
UDF1 checks
UDF1 shows [7h 8c]
Gambler_s_Ruin shows [2c 7c]
UDF1 awarded 5000
Gambler_s_Ruin awarded -5000

Round #634, Gambler_s_Ruin (108578), UDF1 (-108578)
Gambler_s_Ruin posts blind: 10
UDF1 posts blind: 20
Gambler_s_Ruin received [Jh 7c]
UDF1 received [9s 3s]
Gambler_s_Ruin calls
UDF1 checks
Flop [7s 5h Kh], Gambler_s_Ruin (20), UDF1 (20)
UDF1 bids 20
Gambler_s_Ruin bids 1892
Gambler_s_Ruin won the auction and was revealed [9s]
Flop [7s 5h Kh], Gambler_s_Ruin (40), UDF1 (20)
UDF1 bets 2527
Gambler_s_Ruin raises to 4960
UDF1 folds
Gambler_s_Ruin awarded 2547
UDF1 awarded -2547

Round #635, UDF1 (-111125), Gambler_s_Ruin (111125)
UDF1 posts blind: 10
Gambler_s_Ruin posts blind: 20
UDF1 received [9h Qd]
Gambler_s_Ruin received [5h 7s]
UDF1 folds
UDF1 awarded -10
Gambler_s_Ruin awarded 10

Round #636, Gambler_s_Ruin (111135), UDF1 (-111135)
Gambler_s_Ruin posts blind: 10
UDF1 posts blind: 20
Gambler_s_Ruin received [5h 9s]
UDF1 received [8h Ac]
Gambler_s_Ruin calls
UDF1 checks
Flop [2s Jc Jd], Gambler_s_Ruin (20), UDF1 (20)
UDF1 bids 17
Gambler_s_Ruin bids 1892
Gambler_s_Ruin won the auction and was revealed [8h]
Flop [2s Jc Jd], Gambler_s_Ruin (37), UDF1 (20)
UDF1 bets 2927
Gambler_s_Ruin folds
Gambler_s_Ruin awarded -37
UDF1 awarded 37

Round #637, UDF1 (-111098), Gambler_s_Ruin (111098)
UDF1 posts blind: 10
Gambler_s_Ruin posts blind: 20
UDF1 received [3d 8h]
Gambler_s_Ruin received [4d 6h]
UDF1 raises to 337
Gambler_s_Ruin folds
UDF1 awarded 20
Gambler_s_Ruin awarded -20

Round #638, Gambler_s_Ruin (111078), UDF1 (-111078)
Gambler_s_Ruin posts blind: 10
UDF1 posts blind: 20
Gambler_s_Ruin received [Ts Jd]
UDF1 received [3c 9c]
Gambler_s_Ruin calls
UDF1 checks
Flop [Ac 8d Td], Gambler_s_Ruin (20), UDF1 (20)
UDF1 bids 16
Gambler_s_Ruin bids 1892
Gambler_s_Ruin won the auction and was revealed [9c]
Flop [Ac 8d Td], Gambler_s_Ruin (36), UDF1 (20)
UDF1 bets 2301
Gambler_s_Ruin raises to 4602
UDF1 calls
Turn [Ac 8d Td Kh], Gambler_s_Ruin (4638), UDF1 (4622)
UDF1 bets 196
Gambler_s_Ruin raises to 362
UDF1 calls
River [Ac 8d Td Kh Kc], Gambler_s_Ruin (5000), UDF1 (4984)
UDF1 checks
Gambler_s_Ruin checks
Gambler_s_Ruin shows [Ts Jd]
UDF1 shows [3c 9c]
Gambler_s_Ruin awarded 4984
UDF1 awarded -4984

Round #639, UDF1 (-116062), Gambler_s_Ruin (116062)
UDF1 posts blind: 10
Gambler_s_Ruin posts blind: 20
UDF1 received [8s 4h]
Gambler_s_Ruin received [Jc Qs]
UDF1 folds
UDF1 awarded -10
Gambler_s_Ruin awarded 10

Round #640, Gambler_s_Ruin (116072), UDF1 (-116072)
Gambler_s_Ruin posts blind: 10
UDF1 posts blind: 20
Gambler_s_Ruin received [9d 5s]
UDF1 received [8d Th]
Gambler_s_Ruin calls
UDF1 checks
Flop [Tc Jh Qc], Gambler_s_Ruin (20), UDF1 (20)
UDF1 bids 21
Gambler_s_Ruin bids 1892
Gambler_s_Ruin won the auction and was revealed [Th]
Flop [Tc Jh Qc], Gambler_s_Ruin (41), UDF1 (20)
UDF1 bets 2899
Gambler_s_Ruin folds
Gambler_s_Ruin awarded -41
UDF1 awarded 41

Round #641, UDF1 (-116031), Gambler_s_Ruin (116031)
UDF1 posts blind: 10
Gambler_s_Ruin posts blind: 20
UDF1 received [5c 9h]
Gambler_s_Ruin received [Kc 6d]
UDF1 folds
UDF1 awarded -10
Gambler_s_Ruin awarded 10

Round #642, Gambler_s_Ruin (116041), UDF1 (-116041)
Gambler_s_Ruin posts blind: 10
UDF1 posts blind: 20
Gambler_s_Ruin received [5c 4c]
UDF1 received [3d Ts]
Gambler_s_Ruin calls
UDF1 checks
Flop [4s 2c 4d], Gambler_s_Ruin (20), UDF1 (20)
UDF1 bids 16
Gambler_s_Ruin bids 1892
Gambler_s_Ruin won the auction and was revealed [Ts]
Flop [4s 2c 4d], Gambler_s_Ruin (36), UDF1 (20)
UDF1 bets 2324
Gambler_s_Ruin raises to 4648
UDF1 calls
Turn [4s 2c 4d Kc], Gambler_s_Ruin (4684), UDF1 (4668)
UDF1 bets 158
Gambler_s_Ruin raises to 316
UDF1 calls
River [4s 2c 4d Kc Td], Gambler_s_Ruin (5000), UDF1 (4984)
UDF1 checks
Gambler_s_Ruin checks
Gambler_s_Ruin shows [5c 4c]
UDF1 shows [3d Ts]
Gambler_s_Ruin awarded 4984
UDF1 awarded -4984

Round #643, UDF1 (-121025), Gambler_s_Ruin (121025)
UDF1 posts blind: 10
Gambler_s_Ruin posts blind: 20
UDF1 received [Td Ac]
Gambler_s_Ruin received [Jh Ah]
UDF1 raises to 1501
Gambler_s_Ruin raises to 4443
UDF1 folds
UDF1 awarded -1501
Gambler_s_Ruin awarded 1501

Round #644, Gambler_s_Ruin (122526), UDF1 (-122526)
Gambler_s_Ruin posts blind: 10
UDF1 posts blind: 20
Gambler_s_Ruin received [6c 2h]
UDF1 received [4d Jc]
Gambler_s_Ruin folds
Gambler_s_Ruin awarded -10
UDF1 awarded 10

Round #645, UDF1 (-122516), Gambler_s_Ruin (122516)
UDF1 posts blind: 10
Gambler_s_Ruin posts blind: 20
UDF1 received [8h 4d]
Gambler_s_Ruin received [3c Jh]
UDF1 folds
UDF1 awarded -10
Gambler_s_Ruin awarded 10

Round #646, Gambler_s_Ruin (122526), UDF1 (-122526)
Gambler_s_Ruin posts blind: 10
UDF1 posts blind: 20
Gambler_s_Ruin received [4s 7d]
UDF1 received [As 3d]
Gambler_s_Ruin folds
Gambler_s_Ruin awarded -10
UDF1 awarded 10

Round #647, UDF1 (-122516), Gambler_s_Ruin (122516)
UDF1 posts blind: 10
Gambler_s_Ruin posts blind: 20
UDF1 received [Ts 9h]
Gambler_s_Ruin received [4d 3s]
UDF1 raises to 337
Gambler_s_Ruin folds
UDF1 awarded 20
Gambler_s_Ruin awarded -20

Round #648, Gambler_s_Ruin (122496), UDF1 (-122496)
Gambler_s_Ruin posts blind: 10
UDF1 posts blind: 20
Gambler_s_Ruin received [8c Jd]
UDF1 received [Kc 5h]
Gambler_s_Ruin calls
UDF1 checks
Flop [7s 5c Ks], Gambler_s_Ruin (20), UDF1 (20)
UDF1 bids 16
Gambler_s_Ruin bids 1892
Gambler_s_Ruin won the auction and was revealed [5h]
Flop [7s 5c Ks], Gambler_s_Ruin (36), UDF1 (20)
UDF1 bets 3445
Gambler_s_Ruin folds
Gambler_s_Ruin awarded -36
UDF1 awarded 36

Round #649, UDF1 (-122460), Gambler_s_Ruin (122460)
UDF1 posts blind: 10
Gambler_s_Ruin posts blind: 20
UDF1 received [3c 7s]
Gambler_s_Ruin received [Kc Qh]
UDF1 folds
UDF1 awarded -10
Gambler_s_Ruin awarded 10

Round #650, Gambler_s_Ruin (122470), UDF1 (-122470)
Gambler_s_Ruin posts blind: 10
UDF1 posts blind: 20
Gambler_s_Ruin received [2c 7c]
UDF1 received [7d 5s]
Gambler_s_Ruin calls
UDF1 checks
Flop [9h 9c 3h], Gambler_s_Ruin (20), UDF1 (20)
UDF1 bids 22
Gambler_s_Ruin bids 1892
Gambler_s_Ruin won the auction and was revealed [5s]
Flop [9h 9c 3h], Gambler_s_Ruin (42), UDF1 (20)
UDF1 bets 2290
Gambler_s_Ruin folds
Gambler_s_Ruin awarded -42
UDF1 awarded 42

Round #651, UDF1 (-122428), Gambler_s_Ruin (122428)
UDF1 posts blind: 10
Gambler_s_Ruin posts blind: 20
UDF1 received [As 3h]
Gambler_s_Ruin received [9s Th]
UDF1 folds
UDF1 awarded -10
Gambler_s_Ruin awarded 10

Round #652, Gambler_s_Ruin (122438), UDF1 (-122438)
Gambler_s_Ruin posts blind: 10
UDF1 posts blind: 20
Gambler_s_Ruin received [8s 3d]
UDF1 received [6h 5s]
Gambler_s_Ruin calls
UDF1 checks
Flop [5c 7h Js], Gambler_s_Ruin (20), UDF1 (20)
UDF1 bids 16
Gambler_s_Ruin bids 1892
Gambler_s_Ruin won the auction and was revealed [6h]
Flop [5c 7h Js], Gambler_s_Ruin (36), UDF1 (20)
UDF1 bets 3056
Gambler_s_Ruin folds
Gambler_s_Ruin awarded -36
UDF1 awarded 36

Round #653, UDF1 (-122402), Gambler_s_Ruin (122402)
UDF1 posts blind: 10
Gambler_s_Ruin posts blind: 20
UDF1 received [3s Td]
Gambler_s_Ruin received [Ac 5c]
UDF1 folds
UDF1 awarded -10
Gambler_s_Ruin awarded 10

Round #654, Gambler_s_Ruin (122412), UDF1 (-122412)
Gambler_s_Ruin posts blind: 10
UDF1 posts blind: 20
Gambler_s_Ruin received [Qc 5d]
UDF1 received [Qd 6d]
Gambler_s_Ruin calls
UDF1 checks
Flop [8h 7c Kc], Gambler_s_Ruin (20), UDF1 (20)
UDF1 bids 16
Gambler_s_Ruin bids 1892
Gambler_s_Ruin won the auction and was revealed [Qd]
Flop [8h 7c Kc], Gambler_s_Ruin (36), UDF1 (20)
UDF1 bets 2942
Gambler_s_Ruin folds
Gambler_s_Ruin awarded -36
UDF1 awarded 36

Round #655, UDF1 (-122376), Gambler_s_Ruin (122376)
UDF1 posts blind: 10
Gambler_s_Ruin posts blind: 20
UDF1 received [9h Ks]
Gambler_s_Ruin received [7s 8h]
UDF1 folds
UDF1 awarded -10
Gambler_s_Ruin awarded 10

Round #656, Gambler_s_Ruin (122386), UDF1 (-122386)
Gambler_s_Ruin posts blind: 10
UDF1 posts blind: 20
Gambler_s_Ruin received [3c Kc]
UDF1 received [Ah 4h]
Gambler_s_Ruin calls
UDF1 raises to 337
Gambler_s_Ruin attempted illegal ActionRaise with amount 634
Gambler_s_Ruin folds
Gambler_s_Ruin awarded -20
UDF1 awarded 20

Round #657, UDF1 (-122366), Gambler_s_Ruin (122366)
UDF1 posts blind: 10
Gambler_s_Ruin posts blind: 20
UDF1 received [Th 7s]
Gambler_s_Ruin received [7h Jd]
UDF1 folds
UDF1 awarded -10
Gambler_s_Ruin awarded 10

Round #658, Gambler_s_Ruin (122376), UDF1 (-122376)
Gambler_s_Ruin posts blind: 10
UDF1 posts blind: 20
Gambler_s_Ruin received [Qh Js]
UDF1 received [5d Td]
Gambler_s_Ruin calls
UDF1 checks
Flop [4d Ac 8d], Gambler_s_Ruin (20), UDF1 (20)
UDF1 bids 20
Gambler_s_Ruin bids 1892
Gambler_s_Ruin won the auction and was revealed [5d]
Flop [4d Ac 8d], Gambler_s_Ruin (40), UDF1 (20)
UDF1 bets 2672
Gambler_s_Ruin raises to 4960
UDF1 calls
Turn [4d Ac 8d 6s], Gambler_s_Ruin (5000), UDF1 (4980)
UDF1 checks
Gambler_s_Ruin checks
River [4d Ac 8d 6s 4s], Gambler_s_Ruin (5000), UDF1 (4980)
UDF1 checks
Gambler_s_Ruin checks
Gambler_s_Ruin shows [Qh Js]
UDF1 shows [5d Td]
Gambler_s_Ruin awarded 4980
UDF1 awarded -4980

Round #659, UDF1 (-127356), Gambler_s_Ruin (127356)
UDF1 posts blind: 10
Gambler_s_Ruin posts blind: 20
UDF1 received [8c 6h]
Gambler_s_Ruin received [7s 9d]
UDF1 folds
UDF1 awarded -10
Gambler_s_Ruin awarded 10

Round #660, Gambler_s_Ruin (127366), UDF1 (-127366)
Gambler_s_Ruin posts blind: 10
UDF1 posts blind: 20
Gambler_s_Ruin received [Jc 2s]
UDF1 received [6d 6s]
Gambler_s_Ruin calls
UDF1 checks
Flop [Js 5h 9s], Gambler_s_Ruin (20), UDF1 (20)
UDF1 bids 20
Gambler_s_Ruin bids 1892
Gambler_s_Ruin won the auction and was revealed [6d]
Flop [Js 5h 9s], Gambler_s_Ruin (40), UDF1 (20)
UDF1 bets 3027
Gambler_s_Ruin raises to 4960
UDF1 calls
Turn [Js 5h 9s 9d], Gambler_s_Ruin (5000), UDF1 (4980)
UDF1 checks
Gambler_s_Ruin checks
River [Js 5h 9s 9d 2d], Gambler_s_Ruin (5000), UDF1 (4980)
UDF1 checks
Gambler_s_Ruin checks
Gambler_s_Ruin shows [Jc 2s]
UDF1 shows [6d 6s]
Gambler_s_Ruin awarded 4980
UDF1 awarded -4980

Round #661, UDF1 (-132346), Gambler_s_Ruin (132346)
UDF1 posts blind: 10
Gambler_s_Ruin posts blind: 20
UDF1 received [2h Qc]
Gambler_s_Ruin received [4s 6h]
UDF1 calls
Gambler_s_Ruin checks
Flop [Th 9c 4h], UDF1 (20), Gambler_s_Ruin (20)
Gambler_s_Ruin bids 1892
UDF1 bids 17
Gambler_s_Ruin won the auction and was revealed [Qc]
Flop [Th 9c 4h], UDF1 (20), Gambler_s_Ruin (37)
Gambler_s_Ruin checks
UDF1 bets 2572
Gambler_s_Ruin calls
Turn [Th 9c 4h 3d], UDF1 (2592), Gambler_s_Ruin (2609)
Gambler_s_Ruin bets 2391
UDF1 folds
UDF1 awarded -2592
Gambler_s_Ruin awarded 2592

Round #662, Gambler_s_Ruin (134938), UDF1 (-134938)
Gambler_s_Ruin posts blind: 10
UDF1 posts blind: 20
Gambler_s_Ruin received [5h Kh]
UDF1 received [9s Qd]
Gambler_s_Ruin calls
UDF1 checks
Flop [3d 9d 3s], Gambler_s_Ruin (20), UDF1 (20)
UDF1 bids 0
Gambler_s_Ruin bids 1892
Gambler_s_Ruin won the auction and was revealed [Qd]
Flop [3d 9d 3s], Gambler_s_Ruin (20), UDF1 (20)
UDF1 bets 3455
Gambler_s_Ruin folds
Gambler_s_Ruin awarded -20
UDF1 awarded 20

Round #663, UDF1 (-134918), Gambler_s_Ruin (134918)
UDF1 posts blind: 10
Gambler_s_Ruin posts blind: 20
UDF1 received [6h Js]
Gambler_s_Ruin received [7c 3c]
UDF1 raises to 337
Gambler_s_Ruin folds
UDF1 awarded 20
Gambler_s_Ruin awarded -20

Round #664, Gambler_s_Ruin (134898), UDF1 (-134898)
Gambler_s_Ruin posts blind: 10
UDF1 posts blind: 20
Gambler_s_Ruin received [2s Kc]
UDF1 received [4c 7h]
Gambler_s_Ruin calls
UDF1 checks
Flop [6c Qh 3c], Gambler_s_Ruin (20), UDF1 (20)
UDF1 bids 21
Gambler_s_Ruin bids 1892
Gambler_s_Ruin won the auction and was revealed [4c]
Flop [6c Qh 3c], Gambler_s_Ruin (41), UDF1 (20)
UDF1 bets 2501
Gambler_s_Ruin raises to 4959
UDF1 calls
Turn [6c Qh 3c As], Gambler_s_Ruin (5000), UDF1 (4979)
UDF1 checks
Gambler_s_Ruin checks
River [6c Qh 3c As Ah], Gambler_s_Ruin (5000), UDF1 (4979)
UDF1 checks
Gambler_s_Ruin checks
Gambler_s_Ruin shows [2s Kc]
UDF1 shows [4c 7h]
Gambler_s_Ruin awarded 4979
UDF1 awarded -4979

Round #665, UDF1 (-139877), Gambler_s_Ruin (139877)
UDF1 posts blind: 10
Gambler_s_Ruin posts blind: 20
UDF1 received [2c Th]
Gambler_s_Ruin received [Jc Qs]
UDF1 calls
Gambler_s_Ruin raises to 80
UDF1 folds
UDF1 awarded -20
Gambler_s_Ruin awarded 20

Round #666, Gambler_s_Ruin (139897), UDF1 (-139897)
Gambler_s_Ruin posts blind: 10
UDF1 posts blind: 20
Gambler_s_Ruin received [Ts Kc]
UDF1 received [Qd 3c]
Gambler_s_Ruin raises to 60
UDF1 folds
Gambler_s_Ruin awarded 20
UDF1 awarded -20

Round #667, UDF1 (-139917), Gambler_s_Ruin (139917)
UDF1 posts blind: 10
Gambler_s_Ruin posts blind: 20
UDF1 received [2h Qs]
Gambler_s_Ruin received [Tc Th]
UDF1 calls
Gambler_s_Ruin raises to 60
UDF1 folds
UDF1 awarded -20
Gambler_s_Ruin awarded 20

Round #668, Gambler_s_Ruin (139937), UDF1 (-139937)
Gambler_s_Ruin posts blind: 10
UDF1 posts blind: 20
Gambler_s_Ruin received [6c Th]
UDF1 received [7d Tc]
Gambler_s_Ruin calls
UDF1 checks
Flop [Kc 3s 5h], Gambler_s_Ruin (20), UDF1 (20)
UDF1 bids 17
Gambler_s_Ruin bids 1892
Gambler_s_Ruin won the auction and was revealed [Tc]
Flop [Kc 3s 5h], Gambler_s_Ruin (37), UDF1 (20)
UDF1 bets 2564
Gambler_s_Ruin folds
Gambler_s_Ruin awarded -37
UDF1 awarded 37

Round #669, UDF1 (-139900), Gambler_s_Ruin (139900)
UDF1 posts blind: 10
Gambler_s_Ruin posts blind: 20
UDF1 received [8s Jh]
Gambler_s_Ruin received [4c 5d]
UDF1 calls
Gambler_s_Ruin checks
Flop [Jc 5h 6d], UDF1 (20), Gambler_s_Ruin (20)
Gambler_s_Ruin bids 1892
UDF1 bids 17
Gambler_s_Ruin won the auction and was revealed [Jh]
Flop [Jc 5h 6d], UDF1 (20), Gambler_s_Ruin (37)
Gambler_s_Ruin checks
UDF1 bets 3451
Gambler_s_Ruin folds
UDF1 awarded 37
Gambler_s_Ruin awarded -37

Round #670, Gambler_s_Ruin (139863), UDF1 (-139863)
Gambler_s_Ruin posts blind: 10
UDF1 posts blind: 20
Gambler_s_Ruin received [Tc 2h]
UDF1 received [Ks Jc]
Gambler_s_Ruin calls
UDF1 raises to 1289
Gambler_s_Ruin folds
Gambler_s_Ruin awarded -20
UDF1 awarded 20

Round #671, UDF1 (-139843), Gambler_s_Ruin (139843)
UDF1 posts blind: 10
Gambler_s_Ruin posts blind: 20
UDF1 received [2c 2h]
Gambler_s_Ruin received [Tc 4s]
UDF1 raises to 1399
Gambler_s_Ruin folds
UDF1 awarded 20
Gambler_s_Ruin awarded -20

Round #672, Gambler_s_Ruin (139823), UDF1 (-139823)
Gambler_s_Ruin posts blind: 10
UDF1 posts blind: 20
Gambler_s_Ruin received [Qh Td]
UDF1 received [3d 8s]
Gambler_s_Ruin calls
UDF1 checks
Flop [5d 5s Jd], Gambler_s_Ruin (20), UDF1 (20)
UDF1 bids 23
Gambler_s_Ruin bids 1892
Gambler_s_Ruin won the auction and was revealed [3d]
Flop [5d 5s Jd], Gambler_s_Ruin (43), UDF1 (20)
UDF1 bets 2239
Gambler_s_Ruin raises to 4478
UDF1 folds
Gambler_s_Ruin awarded 2259
UDF1 awarded -2259

Round #673, UDF1 (-142082), Gambler_s_Ruin (142082)
UDF1 posts blind: 10
Gambler_s_Ruin posts blind: 20
UDF1 received [Ks As]
Gambler_s_Ruin received [2s 6d]
UDF1 raises to 4331
Gambler_s_Ruin folds
UDF1 awarded 20
Gambler_s_Ruin awarded -20

Round #674, Gambler_s_Ruin (142062), UDF1 (-142062)
Gambler_s_Ruin posts blind: 10
UDF1 posts blind: 20
Gambler_s_Ruin received [6s 3s]
UDF1 received [8s Ad]
Gambler_s_Ruin calls
UDF1 raises to 337
Gambler_s_Ruin folds
Gambler_s_Ruin awarded -20
UDF1 awarded 20

Round #675, UDF1 (-142042), Gambler_s_Ruin (142042)
UDF1 posts blind: 10
Gambler_s_Ruin posts blind: 20
UDF1 received [2c 9h]
Gambler_s_Ruin received [7c Jh]
UDF1 calls
Gambler_s_Ruin raises to 80
UDF1 calls
Flop [6h Kd Qc], UDF1 (80), Gambler_s_Ruin (80)
Gambler_s_Ruin bids 1869
UDF1 bids 30
Gambler_s_Ruin won the auction and was revealed [2c]
Flop [6h Kd Qc], UDF1 (80), Gambler_s_Ruin (110)
Gambler_s_Ruin bets 224
UDF1 folds
UDF1 awarded -80
Gambler_s_Ruin awarded 80

Round #676, Gambler_s_Ruin (142122), UDF1 (-142122)
Gambler_s_Ruin posts blind: 10
UDF1 posts blind: 20
Gambler_s_Ruin received [4c 3s]
UDF1 received [Tc 7c]
Gambler_s_Ruin folds
Gambler_s_Ruin awarded -10
UDF1 awarded 10

Round #677, UDF1 (-142112), Gambler_s_Ruin (142112)
UDF1 posts blind: 10
Gambler_s_Ruin posts blind: 20
UDF1 received [3s Jh]
Gambler_s_Ruin received [5c Js]
UDF1 calls
Gambler_s_Ruin checks
Flop [6d 8d 8c], UDF1 (20), Gambler_s_Ruin (20)
Gambler_s_Ruin bids 1892
UDF1 bids 18
Gambler_s_Ruin won the auction and was revealed [3s]
Flop [6d 8d 8c], UDF1 (20), Gambler_s_Ruin (38)
Gambler_s_Ruin bets 65
UDF1 folds
UDF1 awarded -20
Gambler_s_Ruin awarded 20

Round #678, Gambler_s_Ruin (142132), UDF1 (-142132)
Gambler_s_Ruin posts blind: 10
UDF1 posts blind: 20
Gambler_s_Ruin received [9d 5d]
UDF1 received [Qh 2c]
Gambler_s_Ruin calls
UDF1 checks
Flop [Js Kh 8h], Gambler_s_Ruin (20), UDF1 (20)
UDF1 bids 18
Gambler_s_Ruin bids 1892
Gambler_s_Ruin won the auction and was revealed [Qh]
Flop [Js Kh 8h], Gambler_s_Ruin (38), UDF1 (20)
UDF1 bets 2681
Gambler_s_Ruin folds
Gambler_s_Ruin awarded -38
UDF1 awarded 38

Round #679, UDF1 (-142094), Gambler_s_Ruin (142094)
UDF1 posts blind: 10
Gambler_s_Ruin posts blind: 20
UDF1 received [8d Ac]
Gambler_s_Ruin received [3c Jd]
UDF1 raises to 337
Gambler_s_Ruin folds
UDF1 awarded 20
Gambler_s_Ruin awarded -20

Round #680, Gambler_s_Ruin (142074), UDF1 (-142074)
Gambler_s_Ruin posts blind: 10
UDF1 posts blind: 20
Gambler_s_Ruin received [Jd 8s]
UDF1 received [Ah Ad]
Gambler_s_Ruin calls
UDF1 raises to 4301
Gambler_s_Ruin folds
Gambler_s_Ruin awarded -20
UDF1 awarded 20

Round #681, UDF1 (-142054), Gambler_s_Ruin (142054)
UDF1 posts blind: 10
Gambler_s_Ruin posts blind: 20
UDF1 received [Jd 5h]
Gambler_s_Ruin received [Qh 5s]
UDF1 calls
Gambler_s_Ruin checks
Flop [8h 3c Ac], UDF1 (20), Gambler_s_Ruin (20)
Gambler_s_Ruin bids 1892
UDF1 bids 16
Gambler_s_Ruin won the auction and was revealed [Jd]
Flop [8h 3c Ac], UDF1 (20), Gambler_s_Ruin (36)
Gambler_s_Ruin checks
UDF1 bets 2376
Gambler_s_Ruin folds
UDF1 awarded 36
Gambler_s_Ruin awarded -36

Round #682, Gambler_s_Ruin (142018), UDF1 (-142018)
Gambler_s_Ruin posts blind: 10
UDF1 posts blind: 20
Gambler_s_Ruin received [6c Qh]
UDF1 received [Ts 2s]
Gambler_s_Ruin calls
UDF1 checks
Flop [9h 2h Td], Gambler_s_Ruin (20), UDF1 (20)
UDF1 bids 23
Gambler_s_Ruin bids 1892
Gambler_s_Ruin won the auction and was revealed [Ts]
Flop [9h 2h Td], Gambler_s_Ruin (43), UDF1 (20)
UDF1 bets 3671
Gambler_s_Ruin folds
Gambler_s_Ruin awarded -43
UDF1 awarded 43

Round #683, UDF1 (-141975), Gambler_s_Ruin (141975)
UDF1 posts blind: 10
Gambler_s_Ruin posts blind: 20
UDF1 received [Kc 3d]
Gambler_s_Ruin received [4s 4h]
UDF1 folds
UDF1 awarded -10
Gambler_s_Ruin awarded 10

Round #684, Gambler_s_Ruin (141985), UDF1 (-141985)
Gambler_s_Ruin posts blind: 10
UDF1 posts blind: 20
Gambler_s_Ruin received [Ac 9d]
UDF1 received [4c 6h]
Gambler_s_Ruin raises to 60
UDF1 calls
Flop [7h 8d Qc], Gambler_s_Ruin (60), UDF1 (60)
UDF1 bids 29
Gambler_s_Ruin bids 1877
Gambler_s_Ruin won the auction and was revealed [4c]
Flop [7h 8d Qc], Gambler_s_Ruin (89), UDF1 (60)
UDF1 bets 2372
Gambler_s_Ruin raises to 4744
UDF1 calls
Turn [7h 8d Qc 3d], Gambler_s_Ruin (4833), UDF1 (4804)
UDF1 bets 86
Gambler_s_Ruin raises to 167
UDF1 calls
River [7h 8d Qc 3d 7c], Gambler_s_Ruin (5000), UDF1 (4971)
UDF1 checks
Gambler_s_Ruin checks
Gambler_s_Ruin shows [Ac 9d]
UDF1 shows [4c 6h]
Gambler_s_Ruin awarded 4971
UDF1 awarded -4971

Round #685, UDF1 (-146956), Gambler_s_Ruin (146956)
UDF1 posts blind: 10
Gambler_s_Ruin posts blind: 20
UDF1 received [Qd 6s]
Gambler_s_Ruin received [2c Ah]
UDF1 calls
Gambler_s_Ruin raises to 80
UDF1 folds
UDF1 awarded -20
Gambler_s_Ruin awarded 20

Round #686, Gambler_s_Ruin (146976), UDF1 (-146976)
Gambler_s_Ruin posts blind: 10
UDF1 posts blind: 20
Gambler_s_Ruin received [Qd 7h]
UDF1 received [5c 4d]
Gambler_s_Ruin calls
UDF1 checks
Flop [8h Ad Ac], Gambler_s_Ruin (20), UDF1 (20)
UDF1 bids 16
Gambler_s_Ruin bids 1892
Gambler_s_Ruin won the auction and was revealed [4d]
Flop [8h Ad Ac], Gambler_s_Ruin (36), UDF1 (20)
UDF1 bets 2281
Gambler_s_Ruin raises to 4562
UDF1 folds
Gambler_s_Ruin awarded 2301
UDF1 awarded -2301

Round #687, UDF1 (-149277), Gambler_s_Ruin (149277)
UDF1 posts blind: 10
Gambler_s_Ruin posts blind: 20
UDF1 received [Jh 2s]
Gambler_s_Ruin received [Js Td]
UDF1 folds
UDF1 awarded -10
Gambler_s_Ruin awarded 10

Round #688, Gambler_s_Ruin (149287), UDF1 (-149287)
Gambler_s_Ruin posts blind: 10
UDF1 posts blind: 20
Gambler_s_Ruin received [7d Qs]
UDF1 received [Qc Qh]
Gambler_s_Ruin calls
UDF1 raises to 4711
Gambler_s_Ruin folds
Gambler_s_Ruin awarded -20
UDF1 awarded 20

Round #689, UDF1 (-149267), Gambler_s_Ruin (149267)
UDF1 posts blind: 10
Gambler_s_Ruin posts blind: 20
UDF1 received [8c 9c]
Gambler_s_Ruin received [9s 3d]
UDF1 calls
Gambler_s_Ruin checks
Flop [Kc 4s Ad], UDF1 (20), Gambler_s_Ruin (20)
Gambler_s_Ruin bids 1892
UDF1 bids 19
Gambler_s_Ruin won the auction and was revealed [8c]
Flop [Kc 4s Ad], UDF1 (20), Gambler_s_Ruin (39)
Gambler_s_Ruin checks
UDF1 bets 2733
Gambler_s_Ruin folds
UDF1 awarded 39
Gambler_s_Ruin awarded -39

Round #690, Gambler_s_Ruin (149228), UDF1 (-149228)
Gambler_s_Ruin posts blind: 10
UDF1 posts blind: 20
Gambler_s_Ruin received [Jd Qh]
UDF1 received [9s Ts]
Gambler_s_Ruin calls
UDF1 checks
Flop [Qd 8h 7d], Gambler_s_Ruin (20), UDF1 (20)
UDF1 bids 22
Gambler_s_Ruin bids 1892
Gambler_s_Ruin won the auction and was revealed [9s]
Flop [Qd 8h 7d], Gambler_s_Ruin (42), UDF1 (20)
UDF1 bets 2962
Gambler_s_Ruin raises to 4958
UDF1 calls
Turn [Qd 8h 7d 3d], Gambler_s_Ruin (5000), UDF1 (4978)
UDF1 checks
Gambler_s_Ruin checks
River [Qd 8h 7d 3d 6d], Gambler_s_Ruin (5000), UDF1 (4978)
UDF1 checks
Gambler_s_Ruin checks
Gambler_s_Ruin shows [Jd Qh]
UDF1 shows [9s Ts]
Gambler_s_Ruin awarded 4978
UDF1 awarded -4978

Round #691, UDF1 (-154206), Gambler_s_Ruin (154206)
UDF1 posts blind: 10
Gambler_s_Ruin posts blind: 20
UDF1 received [3h Th]
Gambler_s_Ruin received [4d 5c]
UDF1 folds
UDF1 awarded -10
Gambler_s_Ruin awarded 10

Round #692, Gambler_s_Ruin (154216), UDF1 (-154216)
Gambler_s_Ruin posts blind: 10
UDF1 posts blind: 20
Gambler_s_Ruin received [5s 4h]
UDF1 received [2h 7h]
Gambler_s_Ruin folds
Gambler_s_Ruin awarded -10
UDF1 awarded 10

Round #693, UDF1 (-154206), Gambler_s_Ruin (154206)
UDF1 posts blind: 10
Gambler_s_Ruin posts blind: 20
UDF1 received [Th Td]
Gambler_s_Ruin received [2c 9d]
UDF1 raises to 3714
Gambler_s_Ruin folds
UDF1 awarded 20
Gambler_s_Ruin awarded -20

Round #694, Gambler_s_Ruin (154186), UDF1 (-154186)
Gambler_s_Ruin posts blind: 10
UDF1 posts blind: 20
Gambler_s_Ruin received [Ac Kc]
UDF1 received [3s Ad]
Gambler_s_Ruin raises to 60
UDF1 folds
Gambler_s_Ruin awarded 20
UDF1 awarded -20

Round #695, UDF1 (-154206), Gambler_s_Ruin (154206)
UDF1 posts blind: 10
Gambler_s_Ruin posts blind: 20
UDF1 received [Td 2s]
Gambler_s_Ruin received [7c 2c]
UDF1 calls
Gambler_s_Ruin checks
Flop [3h Kh 5c], UDF1 (20), Gambler_s_Ruin (20)
Gambler_s_Ruin bids 1892
UDF1 bids 0
Gambler_s_Ruin won the auction and was revealed [Td]
Flop [3h Kh 5c], UDF1 (20), Gambler_s_Ruin (20)
Gambler_s_Ruin checks
UDF1 bets 2461
Gambler_s_Ruin folds
UDF1 awarded 20
Gambler_s_Ruin awarded -20

Round #696, Gambler_s_Ruin (154186), UDF1 (-154186)
Gambler_s_Ruin posts blind: 10
UDF1 posts blind: 20
Gambler_s_Ruin received [2c 8d]
UDF1 received [Th 6h]
Gambler_s_Ruin calls
UDF1 checks
Flop [Jd 2s Tc], Gambler_s_Ruin (20), UDF1 (20)
UDF1 bids 16
Gambler_s_Ruin bids 1892
Gambler_s_Ruin won the auction and was revealed [6h]
Flop [Jd 2s Tc], Gambler_s_Ruin (36), UDF1 (20)
UDF1 bets 2875
Gambler_s_Ruin raises to 4964
UDF1 calls
Turn [Jd 2s Tc 3h], Gambler_s_Ruin (5000), UDF1 (4984)
UDF1 checks
Gambler_s_Ruin checks
River [Jd 2s Tc 3h 9s], Gambler_s_Ruin (5000), UDF1 (4984)
UDF1 checks
Gambler_s_Ruin checks
Gambler_s_Ruin shows [2c 8d]
UDF1 shows [Th 6h]
Gambler_s_Ruin awarded -5000
UDF1 awarded 5000

Round #697, UDF1 (-149186), Gambler_s_Ruin (149186)
UDF1 posts blind: 10
Gambler_s_Ruin posts blind: 20
UDF1 received [3d 7c]
Gambler_s_Ruin received [5c 2h]
UDF1 calls
Gambler_s_Ruin checks
Flop [6h 4c 5s], UDF1 (20), Gambler_s_Ruin (20)
Gambler_s_Ruin bids 1892
UDF1 bids 18
Gambler_s_Ruin won the auction and was revealed [7c]
Flop [6h 4c 5s], UDF1 (20), Gambler_s_Ruin (38)
Gambler_s_Ruin checks
UDF1 bets 3266
Gambler_s_Ruin folds
UDF1 awarded 38
Gambler_s_Ruin awarded -38

Round #698, Gambler_s_Ruin (149148), UDF1 (-149148)
Gambler_s_Ruin posts blind: 10
UDF1 posts blind: 20
Gambler_s_Ruin received [Js Jh]
UDF1 received [Jd 6s]
Gambler_s_Ruin raises to 60
UDF1 calls
Flop [Qc 5c Ts], Gambler_s_Ruin (60), UDF1 (60)
UDF1 bids 23
Gambler_s_Ruin bids 1877
Gambler_s_Ruin won the auction and was revealed [6s]
Flop [Qc 5c Ts], Gambler_s_Ruin (83), UDF1 (60)
UDF1 bets 2395
Gambler_s_Ruin raises to 4790
UDF1 calls
Turn [Qc 5c Ts 7c], Gambler_s_Ruin (4873), UDF1 (4850)
UDF1 bets 60
Gambler_s_Ruin raises to 127
UDF1 calls
River [Qc 5c Ts 7c Ad], Gambler_s_Ruin (5000), UDF1 (4977)
UDF1 checks
Gambler_s_Ruin checks
Gambler_s_Ruin shows [Js Jh]
UDF1 shows [Jd 6s]
Gambler_s_Ruin awarded 4977
UDF1 awarded -4977

Round #699, UDF1 (-154125), Gambler_s_Ruin (154125)
UDF1 posts blind: 10
Gambler_s_Ruin posts blind: 20
UDF1 received [2h 5s]
Gambler_s_Ruin received [5d Kd]
UDF1 raises to 337
Gambler_s_Ruin folds
UDF1 awarded 20
Gambler_s_Ruin awarded -20

Round #700, Gambler_s_Ruin (154105), UDF1 (-154105)
Gambler_s_Ruin posts blind: 10
UDF1 posts blind: 20
Gambler_s_Ruin received [6d 2c]
UDF1 received [4h Kc]
Gambler_s_Ruin folds
Gambler_s_Ruin awarded -10
UDF1 awarded 10

Round #701, UDF1 (-154095), Gambler_s_Ruin (154095)
UDF1 posts blind: 10
Gambler_s_Ruin posts blind: 20
UDF1 received [7h Qh]
Gambler_s_Ruin received [Tc Kh]
UDF1 calls
Gambler_s_Ruin raises to 60
UDF1 raises to 394
Gambler_s_Ruin folds
UDF1 awarded 60
Gambler_s_Ruin awarded -60

Round #702, Gambler_s_Ruin (154035), UDF1 (-154035)
Gambler_s_Ruin posts blind: 10
UDF1 posts blind: 20
Gambler_s_Ruin received [3s 9c]
UDF1 received [2s Kc]
Gambler_s_Ruin calls
UDF1 checks
Flop [Kh 6d 7d], Gambler_s_Ruin (20), UDF1 (20)
UDF1 bids 19
Gambler_s_Ruin bids 1892
Gambler_s_Ruin won the auction and was revealed [Kc]
Flop [Kh 6d 7d], Gambler_s_Ruin (39), UDF1 (20)
UDF1 bets 3156
Gambler_s_Ruin folds
Gambler_s_Ruin awarded -39
UDF1 awarded 39

Round #703, UDF1 (-153996), Gambler_s_Ruin (153996)
UDF1 posts blind: 10
Gambler_s_Ruin posts blind: 20
UDF1 received [9d 6h]
Gambler_s_Ruin received [Tc 2d]
UDF1 calls
Gambler_s_Ruin checks
Flop [9c 4c 6s], UDF1 (20), Gambler_s_Ruin (20)
Gambler_s_Ruin bids 1892
UDF1 bids 16
Gambler_s_Ruin won the auction and was revealed [6h]
Flop [9c 4c 6s], UDF1 (20), Gambler_s_Ruin (36)
Gambler_s_Ruin checks
UDF1 bets 3241
Gambler_s_Ruin folds
UDF1 awarded 36
Gambler_s_Ruin awarded -36

Round #704, Gambler_s_Ruin (153960), UDF1 (-153960)
Gambler_s_Ruin posts blind: 10
UDF1 posts blind: 20
Gambler_s_Ruin received [4d 2d]
UDF1 received [3s 5s]
Gambler_s_Ruin calls
UDF1 checks
Flop [5d 3c Th], Gambler_s_Ruin (20), UDF1 (20)
UDF1 bids 19
Gambler_s_Ruin bids 1892
Gambler_s_Ruin won the auction and was revealed [3s]
Flop [5d 3c Th], Gambler_s_Ruin (39), UDF1 (20)
UDF1 bets 3602
Gambler_s_Ruin folds
Gambler_s_Ruin awarded -39
UDF1 awarded 39

Round #705, UDF1 (-153921), Gambler_s_Ruin (153921)
UDF1 posts blind: 10
Gambler_s_Ruin posts blind: 20
UDF1 received [4c 3h]
Gambler_s_Ruin received [7d Qd]
UDF1 raises to 337
Gambler_s_Ruin folds
UDF1 awarded 20
Gambler_s_Ruin awarded -20

Round #706, Gambler_s_Ruin (153901), UDF1 (-153901)
Gambler_s_Ruin posts blind: 10
UDF1 posts blind: 20
Gambler_s_Ruin received [7s 2h]
UDF1 received [Qs Kc]
Gambler_s_Ruin folds
Gambler_s_Ruin awarded -10
UDF1 awarded 10

Round #707, UDF1 (-153891), Gambler_s_Ruin (153891)
UDF1 posts blind: 10
Gambler_s_Ruin posts blind: 20
UDF1 received [7s Tc]
Gambler_s_Ruin received [4h Ac]
UDF1 calls
Gambler_s_Ruin raises to 80
UDF1 calls
Flop [8s Qd 3d], UDF1 (80), Gambler_s_Ruin (80)
Gambler_s_Ruin bids 1869
UDF1 bids 30
Gambler_s_Ruin won the auction and was revealed [Tc]
Flop [8s Qd 3d], UDF1 (80), Gambler_s_Ruin (110)
Gambler_s_Ruin checks
UDF1 bets 2716
Gambler_s_Ruin folds
UDF1 awarded 110
Gambler_s_Ruin awarded -110

Round #708, Gambler_s_Ruin (153781), UDF1 (-153781)
Gambler_s_Ruin posts blind: 10
UDF1 posts blind: 20
Gambler_s_Ruin received [5d Ks]
UDF1 received [Qc 7s]
Gambler_s_Ruin calls
UDF1 checks
Flop [9s 5c Ac], Gambler_s_Ruin (20), UDF1 (20)
UDF1 bids 16
Gambler_s_Ruin bids 1892
Gambler_s_Ruin won the auction and was revealed [7s]
Flop [9s 5c Ac], Gambler_s_Ruin (36), UDF1 (20)
UDF1 bets 2866
Gambler_s_Ruin raises to 4964
UDF1 calls
Turn [9s 5c Ac Qs], Gambler_s_Ruin (5000), UDF1 (4984)
UDF1 checks
Gambler_s_Ruin checks
River [9s 5c Ac Qs 4d], Gambler_s_Ruin (5000), UDF1 (4984)
UDF1 checks
Gambler_s_Ruin checks
Gambler_s_Ruin shows [5d Ks]
UDF1 shows [Qc 7s]
Gambler_s_Ruin awarded -5000
UDF1 awarded 5000

Round #709, UDF1 (-148781), Gambler_s_Ruin (148781)
UDF1 posts blind: 10
Gambler_s_Ruin posts blind: 20
UDF1 received [3d 4d]
Gambler_s_Ruin received [8s 8d]
UDF1 calls
Gambler_s_Ruin raises to 60
UDF1 folds
UDF1 awarded -20
Gambler_s_Ruin awarded 20

Round #710, Gambler_s_Ruin (148801), UDF1 (-148801)
Gambler_s_Ruin posts blind: 10
UDF1 posts blind: 20
Gambler_s_Ruin received [Ks Ad]
UDF1 received [Qh 8s]
Gambler_s_Ruin raises to 60
UDF1 folds
Gambler_s_Ruin awarded 20
UDF1 awarded -20

Round #711, UDF1 (-148821), Gambler_s_Ruin (148821)
UDF1 posts blind: 10
Gambler_s_Ruin posts blind: 20
UDF1 received [2d 5h]
Gambler_s_Ruin received [8c Ah]
UDF1 folds
UDF1 awarded -10
Gambler_s_Ruin awarded 10

Round #712, Gambler_s_Ruin (148831), UDF1 (-148831)
Gambler_s_Ruin posts blind: 10
UDF1 posts blind: 20
Gambler_s_Ruin received [5c Qd]
UDF1 received [Tc Ad]
Gambler_s_Ruin calls
UDF1 raises to 1461
Gambler_s_Ruin folds
Gambler_s_Ruin awarded -20
UDF1 awarded 20

Round #713, UDF1 (-148811), Gambler_s_Ruin (148811)
UDF1 posts blind: 10
Gambler_s_Ruin posts blind: 20
UDF1 received [3d 9c]
Gambler_s_Ruin received [Js Qc]
UDF1 folds
UDF1 awarded -10
Gambler_s_Ruin awarded 10

Round #714, Gambler_s_Ruin (148821), UDF1 (-148821)
Gambler_s_Ruin posts blind: 10
UDF1 posts blind: 20
Gambler_s_Ruin received [9c Kc]
UDF1 received [Jc Qs]
Gambler_s_Ruin calls
UDF1 checks
Flop [4s Qc 9d], Gambler_s_Ruin (20), UDF1 (20)
UDF1 bids 22
Gambler_s_Ruin bids 1892
Gambler_s_Ruin won the auction and was revealed [Qs]
Flop [4s Qc 9d], Gambler_s_Ruin (42), UDF1 (20)
UDF1 bets 3272
Gambler_s_Ruin folds
Gambler_s_Ruin awarded -42
UDF1 awarded 42

Round #715, UDF1 (-148779), Gambler_s_Ruin (148779)
UDF1 posts blind: 10
Gambler_s_Ruin posts blind: 20
UDF1 received [7d Ad]
Gambler_s_Ruin received [3h As]
UDF1 calls
Gambler_s_Ruin raises to 80
UDF1 folds
UDF1 awarded -20
Gambler_s_Ruin awarded 20

Round #716, Gambler_s_Ruin (148799), UDF1 (-148799)
Gambler_s_Ruin posts blind: 10
UDF1 posts blind: 20
Gambler_s_Ruin received [5s 2c]
UDF1 received [9c Ts]
Gambler_s_Ruin folds
Gambler_s_Ruin awarded -10
UDF1 awarded 10

Round #717, UDF1 (-148789), Gambler_s_Ruin (148789)
UDF1 posts blind: 10
Gambler_s_Ruin posts blind: 20
UDF1 received [Jc 9h]
Gambler_s_Ruin received [Kd Ks]
UDF1 folds
UDF1 awarded -10
Gambler_s_Ruin awarded 10

Round #718, Gambler_s_Ruin (148799), UDF1 (-148799)
Gambler_s_Ruin posts blind: 10
UDF1 posts blind: 20
Gambler_s_Ruin received [4h 6h]
UDF1 received [Jd Ts]
Gambler_s_Ruin calls
UDF1 checks
Flop [Js Kd 6c], Gambler_s_Ruin (20), UDF1 (20)
UDF1 bids 16
Gambler_s_Ruin bids 1892
Gambler_s_Ruin won the auction and was revealed [Ts]
Flop [Js Kd 6c], Gambler_s_Ruin (36), UDF1 (20)
UDF1 bets 2967
Gambler_s_Ruin folds
Gambler_s_Ruin awarded -36
UDF1 awarded 36

Round #719, UDF1 (-148763), Gambler_s_Ruin (148763)
UDF1 posts blind: 10
Gambler_s_Ruin posts blind: 20
UDF1 received [6c Td]
Gambler_s_Ruin received [7d 6d]
UDF1 calls
Gambler_s_Ruin checks
Flop [3h 5d Ah], UDF1 (20), Gambler_s_Ruin (20)
Gambler_s_Ruin bids 1892
UDF1 bids 16
Gambler_s_Ruin won the auction and was revealed [Td]
Flop [3h 5d Ah], UDF1 (20), Gambler_s_Ruin (36)
Gambler_s_Ruin checks
UDF1 bets 2419
Gambler_s_Ruin folds
UDF1 awarded 36
Gambler_s_Ruin awarded -36

Round #720, Gambler_s_Ruin (148727), UDF1 (-148727)
Gambler_s_Ruin posts blind: 10
UDF1 posts blind: 20
Gambler_s_Ruin received [Jd 8h]
UDF1 received [5d Qc]
Gambler_s_Ruin calls
UDF1 checks
Flop [Ad 9h 6h], Gambler_s_Ruin (20), UDF1 (20)
UDF1 bids 22
Gambler_s_Ruin bids 1892
Gambler_s_Ruin won the auction and was revealed [5d]
Flop [Ad 9h 6h], Gambler_s_Ruin (42), UDF1 (20)
UDF1 bets 2857
Gambler_s_Ruin raises to 4958
UDF1 calls
Turn [Ad 9h 6h 7h], Gambler_s_Ruin (5000), UDF1 (4978)
UDF1 checks
Gambler_s_Ruin checks
River [Ad 9h 6h 7h 8c], Gambler_s_Ruin (5000), UDF1 (4978)
UDF1 checks
Gambler_s_Ruin checks
Gambler_s_Ruin shows [Jd 8h]
UDF1 shows [5d Qc]
Gambler_s_Ruin awarded -5000
UDF1 awarded 5000

Round #721, UDF1 (-143727), Gambler_s_Ruin (143727)
UDF1 posts blind: 10
Gambler_s_Ruin posts blind: 20
UDF1 received [8d Th]
Gambler_s_Ruin received [3h As]
UDF1 raises to 337
Gambler_s_Ruin folds
UDF1 awarded 20
Gambler_s_Ruin awarded -20

Round #722, Gambler_s_Ruin (143707), UDF1 (-143707)
Gambler_s_Ruin posts blind: 10
UDF1 posts blind: 20
Gambler_s_Ruin received [Kd 6c]
UDF1 received [6s Qs]
Gambler_s_Ruin calls
UDF1 raises to 337
Gambler_s_Ruin folds
Gambler_s_Ruin awarded -20
UDF1 awarded 20

Round #723, UDF1 (-143687), Gambler_s_Ruin (143687)
UDF1 posts blind: 10
Gambler_s_Ruin posts blind: 20
UDF1 received [Ah As]
Gambler_s_Ruin received [Jh 7h]
UDF1 raises to 4558
Gambler_s_Ruin folds
UDF1 awarded 20
Gambler_s_Ruin awarded -20

Round #724, Gambler_s_Ruin (143667), UDF1 (-143667)
Gambler_s_Ruin posts blind: 10
UDF1 posts blind: 20
Gambler_s_Ruin received [4d Jh]
UDF1 received [3d 3h]
Gambler_s_Ruin calls
UDF1 raises to 1422
Gambler_s_Ruin folds
Gambler_s_Ruin awarded -20
UDF1 awarded 20

Round #725, UDF1 (-143647), Gambler_s_Ruin (143647)
UDF1 posts blind: 10
Gambler_s_Ruin posts blind: 20
UDF1 received [Ah 9h]
Gambler_s_Ruin received [3h 3c]
UDF1 calls
Gambler_s_Ruin raises to 80
UDF1 calls
Flop [9d Jc 6c], UDF1 (80), Gambler_s_Ruin (80)
Gambler_s_Ruin bids 1869
UDF1 bids 31
Gambler_s_Ruin won the auction and was revealed [9h]
Flop [9d Jc 6c], UDF1 (80), Gambler_s_Ruin (111)
Gambler_s_Ruin checks
UDF1 bets 2899
Gambler_s_Ruin folds
UDF1 awarded 111
Gambler_s_Ruin awarded -111

Round #726, Gambler_s_Ruin (143536), UDF1 (-143536)
Gambler_s_Ruin posts blind: 10
UDF1 posts blind: 20
Gambler_s_Ruin received [Jc 9h]
UDF1 received [Kh 6h]
Gambler_s_Ruin calls
UDF1 checks
Flop [6c Qs Th], Gambler_s_Ruin (20), UDF1 (20)
UDF1 bids 16
Gambler_s_Ruin bids 1892
Gambler_s_Ruin won the auction and was revealed [6h]
Flop [6c Qs Th], Gambler_s_Ruin (36), UDF1 (20)
UDF1 bets 2749
Gambler_s_Ruin folds
Gambler_s_Ruin awarded -36
UDF1 awarded 36

Round #727, UDF1 (-143500), Gambler_s_Ruin (143500)
UDF1 posts blind: 10
Gambler_s_Ruin posts blind: 20
UDF1 received [Qc 5d]
Gambler_s_Ruin received [3h Kc]
UDF1 raises to 337
Gambler_s_Ruin folds
UDF1 awarded 20
Gambler_s_Ruin awarded -20

Round #728, Gambler_s_Ruin (143480), UDF1 (-143480)
Gambler_s_Ruin posts blind: 10
UDF1 posts blind: 20
Gambler_s_Ruin received [Qc 2c]
UDF1 received [6c 7c]
Gambler_s_Ruin calls
UDF1 raises to 337
Gambler_s_Ruin folds
Gambler_s_Ruin awarded -20
UDF1 awarded 20

Round #729, UDF1 (-143460), Gambler_s_Ruin (143460)
UDF1 posts blind: 10
Gambler_s_Ruin posts blind: 20
UDF1 received [Ks 9c]
Gambler_s_Ruin received [3c 8h]
UDF1 calls
Gambler_s_Ruin checks
Flop [4d Jh Kh], UDF1 (20), Gambler_s_Ruin (20)
Gambler_s_Ruin bids 1892
UDF1 bids 23
Gambler_s_Ruin won the auction and was revealed [9c]
Flop [4d Jh Kh], UDF1 (20), Gambler_s_Ruin (43)
Gambler_s_Ruin checks
UDF1 bets 3112
Gambler_s_Ruin folds
UDF1 awarded 43
Gambler_s_Ruin awarded -43

Round #730, Gambler_s_Ruin (143417), UDF1 (-143417)
Gambler_s_Ruin posts blind: 10
UDF1 posts blind: 20
Gambler_s_Ruin received [7d Jh]
UDF1 received [6h 2h]
Gambler_s_Ruin calls
UDF1 checks
Flop [4c 3c 8c], Gambler_s_Ruin (20), UDF1 (20)
UDF1 bids 19
Gambler_s_Ruin bids 1892
Gambler_s_Ruin won the auction and was revealed [6h]
Flop [4c 3c 8c], Gambler_s_Ruin (39), UDF1 (20)
UDF1 bets 2464
Gambler_s_Ruin folds
Gambler_s_Ruin awarded -39
UDF1 awarded 39

Round #731, UDF1 (-143378), Gambler_s_Ruin (143378)
UDF1 posts blind: 10
Gambler_s_Ruin posts blind: 20
UDF1 received [Qd 6h]
Gambler_s_Ruin received [7s 9h]
UDF1 calls
Gambler_s_Ruin checks
Flop [Qh 4s Tc], UDF1 (20), Gambler_s_Ruin (20)
Gambler_s_Ruin bids 1892
UDF1 bids 16
Gambler_s_Ruin won the auction and was revealed [6h]
Flop [Qh 4s Tc], UDF1 (20), Gambler_s_Ruin (36)
Gambler_s_Ruin bets 55
UDF1 raises to 3119
Gambler_s_Ruin raises to 4964
UDF1 calls
Turn [Qh 4s Tc 6c], UDF1 (4984), Gambler_s_Ruin (5000)
Gambler_s_Ruin checks
UDF1 checks
River [Qh 4s Tc 6c 4c], UDF1 (4984), Gambler_s_Ruin (5000)
Gambler_s_Ruin checks
UDF1 checks
UDF1 shows [Qd 6h]
Gambler_s_Ruin shows [7s 9h]
UDF1 awarded 5000
Gambler_s_Ruin awarded -5000

Round #732, Gambler_s_Ruin (138378), UDF1 (-138378)
Gambler_s_Ruin posts blind: 10
UDF1 posts blind: 20
Gambler_s_Ruin received [9d 9h]
UDF1 received [2c Kc]
Gambler_s_Ruin raises to 60
UDF1 folds
Gambler_s_Ruin awarded 20
UDF1 awarded -20

Round #733, UDF1 (-138398), Gambler_s_Ruin (138398)
UDF1 posts blind: 10
Gambler_s_Ruin posts blind: 20
UDF1 received [2h 5h]
Gambler_s_Ruin received [5d 6c]
UDF1 folds
UDF1 awarded -10
Gambler_s_Ruin awarded 10

Round #734, Gambler_s_Ruin (138408), UDF1 (-138408)
Gambler_s_Ruin posts blind: 10
UDF1 posts blind: 20
Gambler_s_Ruin received [Qc 5s]
UDF1 received [Jd Ah]
Gambler_s_Ruin calls
UDF1 raises to 3773
Gambler_s_Ruin folds
Gambler_s_Ruin awarded -20
UDF1 awarded 20

Round #735, UDF1 (-138388), Gambler_s_Ruin (138388)
UDF1 posts blind: 10
Gambler_s_Ruin posts blind: 20
UDF1 received [4h 8d]
Gambler_s_Ruin received [8s 4s]
UDF1 calls
Gambler_s_Ruin checks
Flop [4c 5h 6h], UDF1 (20), Gambler_s_Ruin (20)
Gambler_s_Ruin bids 1892
UDF1 bids 20
Gambler_s_Ruin won the auction and was revealed [8d]
Flop [4c 5h 6h], UDF1 (20), Gambler_s_Ruin (40)
Gambler_s_Ruin bets 53
UDF1 calls
Turn [4c 5h 6h Ac], UDF1 (73), Gambler_s_Ruin (93)
Gambler_s_Ruin bets 148
UDF1 calls
River [4c 5h 6h Ac 7d], UDF1 (221), Gambler_s_Ruin (241)
Gambler_s_Ruin bets 413
UDF1 raises to 3413
Gambler_s_Ruin calls
UDF1 shows [4h 8d]
Gambler_s_Ruin shows [8s 4s]
UDF1 awarded 10
Gambler_s_Ruin awarded -10

Round #736, Gambler_s_Ruin (138378), UDF1 (-138378)
Gambler_s_Ruin posts blind: 10
UDF1 posts blind: 20
Gambler_s_Ruin received [Jh 5c]
UDF1 received [Kh 5d]
Gambler_s_Ruin calls
UDF1 checks
Flop [Qh 8h 6h], Gambler_s_Ruin (20), UDF1 (20)
UDF1 bids 23
Gambler_s_Ruin bids 1892
Gambler_s_Ruin won the auction and was revealed [5d]
Flop [Qh 8h 6h], Gambler_s_Ruin (43), UDF1 (20)
UDF1 bets 2548
Gambler_s_Ruin raises to 4957
UDF1 calls
Turn [Qh 8h 6h Th], Gambler_s_Ruin (5000), UDF1 (4977)
UDF1 checks
Gambler_s_Ruin checks
River [Qh 8h 6h Th 9d], Gambler_s_Ruin (5000), UDF1 (4977)
UDF1 checks
Gambler_s_Ruin checks
Gambler_s_Ruin shows [Jh 5c]
UDF1 shows [Kh 5d]
Gambler_s_Ruin awarded -5000
UDF1 awarded 5000

Round #737, UDF1 (-133378), Gambler_s_Ruin (133378)
UDF1 posts blind: 10
Gambler_s_Ruin posts blind: 20
UDF1 received [Jd 8c]
Gambler_s_Ruin received [6s 9d]
UDF1 raises to 337
Gambler_s_Ruin folds
UDF1 awarded 20
Gambler_s_Ruin awarded -20

Round #738, Gambler_s_Ruin (133358), UDF1 (-133358)
Gambler_s_Ruin posts blind: 10
UDF1 posts blind: 20
Gambler_s_Ruin received [5c 9d]
UDF1 received [Ks 5d]
Gambler_s_Ruin calls
UDF1 raises to 337
Gambler_s_Ruin folds
Gambler_s_Ruin awarded -20
UDF1 awarded 20

Round #739, UDF1 (-133338), Gambler_s_Ruin (133338)
UDF1 posts blind: 10
Gambler_s_Ruin posts blind: 20
UDF1 received [7s 6h]
Gambler_s_Ruin received [6s 5c]
UDF1 calls
Gambler_s_Ruin checks
Flop [Jc 7h 8c], UDF1 (20), Gambler_s_Ruin (20)
Gambler_s_Ruin bids 1892
UDF1 bids 16
Gambler_s_Ruin won the auction and was revealed [7s]
Flop [Jc 7h 8c], UDF1 (20), Gambler_s_Ruin (36)
Gambler_s_Ruin checks
UDF1 bets 3005
Gambler_s_Ruin folds
UDF1 awarded 36
Gambler_s_Ruin awarded -36

Round #740, Gambler_s_Ruin (133302), UDF1 (-133302)
Gambler_s_Ruin posts blind: 10
UDF1 posts blind: 20
Gambler_s_Ruin received [8s Ks]
UDF1 received [4c Jc]
Gambler_s_Ruin calls
UDF1 checks
Flop [3c 7h Th], Gambler_s_Ruin (20), UDF1 (20)
UDF1 bids 16
Gambler_s_Ruin bids 1892
Gambler_s_Ruin won the auction and was revealed [4c]
Flop [3c 7h Th], Gambler_s_Ruin (36), UDF1 (20)
UDF1 bets 2363
Gambler_s_Ruin raises to 4726
UDF1 calls
Turn [3c 7h Th 7d], Gambler_s_Ruin (4762), UDF1 (4746)
UDF1 bets 131
Gambler_s_Ruin raises to 238
UDF1 calls
River [3c 7h Th 7d 6d], Gambler_s_Ruin (5000), UDF1 (4984)
UDF1 checks
Gambler_s_Ruin checks
Gambler_s_Ruin shows [8s Ks]
UDF1 shows [4c Jc]
Gambler_s_Ruin awarded 4984
UDF1 awarded -4984

Round #741, UDF1 (-138286), Gambler_s_Ruin (138286)
UDF1 posts blind: 10
Gambler_s_Ruin posts blind: 20
UDF1 received [2d Qh]
Gambler_s_Ruin received [7d Ts]
UDF1 raises to 337
Gambler_s_Ruin folds
UDF1 awarded 20
Gambler_s_Ruin awarded -20

Round #742, Gambler_s_Ruin (138266), UDF1 (-138266)
Gambler_s_Ruin posts blind: 10
UDF1 posts blind: 20
Gambler_s_Ruin received [4s 5s]
UDF1 received [9d 4d]
Gambler_s_Ruin calls
UDF1 checks
Flop [7d 8s 8c], Gambler_s_Ruin (20), UDF1 (20)
UDF1 bids 16
Gambler_s_Ruin bids 1892
Gambler_s_Ruin won the auction and was revealed [9d]
Flop [7d 8s 8c], Gambler_s_Ruin (36), UDF1 (20)
UDF1 bets 2475
Gambler_s_Ruin folds
Gambler_s_Ruin awarded -36
UDF1 awarded 36

Round #743, UDF1 (-138230), Gambler_s_Ruin (138230)
UDF1 posts blind: 10
Gambler_s_Ruin posts blind: 20
UDF1 received [Kh Js]
Gambler_s_Ruin received [5d 2d]
UDF1 calls
Gambler_s_Ruin checks
Flop [7h 7d Ad], UDF1 (20), Gambler_s_Ruin (20)
Gambler_s_Ruin bids 1892
UDF1 bids 20
Gambler_s_Ruin won the auction and was revealed [Kh]
Flop [7h 7d Ad], UDF1 (20), Gambler_s_Ruin (40)
Gambler_s_Ruin checks
UDF1 bets 2874
Gambler_s_Ruin folds
UDF1 awarded 40
Gambler_s_Ruin awarded -40

Round #744, Gambler_s_Ruin (138190), UDF1 (-138190)
Gambler_s_Ruin posts blind: 10
UDF1 posts blind: 20
Gambler_s_Ruin received [8c Kd]
UDF1 received [7s 2h]
Gambler_s_Ruin calls
UDF1 raises to 337
Gambler_s_Ruin folds
Gambler_s_Ruin awarded -20
UDF1 awarded 20

Round #745, UDF1 (-138170), Gambler_s_Ruin (138170)
UDF1 posts blind: 10
Gambler_s_Ruin posts blind: 20
UDF1 received [2d 6c]
Gambler_s_Ruin received [7c 5c]
UDF1 calls
Gambler_s_Ruin checks
Flop [Jc 4d 7d], UDF1 (20), Gambler_s_Ruin (20)
Gambler_s_Ruin bids 1892
UDF1 bids 23
Gambler_s_Ruin won the auction and was revealed [6c]
Flop [Jc 4d 7d], UDF1 (20), Gambler_s_Ruin (43)
Gambler_s_Ruin bets 62
UDF1 folds
UDF1 awarded -20
Gambler_s_Ruin awarded 20

Round #746, Gambler_s_Ruin (138190), UDF1 (-138190)
Gambler_s_Ruin posts blind: 10
UDF1 posts blind: 20
Gambler_s_Ruin received [7s 2c]
UDF1 received [2h 3d]
Gambler_s_Ruin folds
Gambler_s_Ruin awarded -10
UDF1 awarded 10

Round #747, UDF1 (-138180), Gambler_s_Ruin (138180)
UDF1 posts blind: 10
Gambler_s_Ruin posts blind: 20
UDF1 received [Ts Ah]
Gambler_s_Ruin received [2c Ac]
UDF1 calls
Gambler_s_Ruin raises to 80
UDF1 calls
Flop [7s 7d Jd], UDF1 (80), Gambler_s_Ruin (80)
Gambler_s_Ruin bids 1869
UDF1 bids 30
Gambler_s_Ruin won the auction and was revealed [Ts]
Flop [7s 7d Jd], UDF1 (80), Gambler_s_Ruin (110)
Gambler_s_Ruin checks
UDF1 bets 2544
Gambler_s_Ruin folds
UDF1 awarded 110
Gambler_s_Ruin awarded -110

Round #748, Gambler_s_Ruin (138070), UDF1 (-138070)
Gambler_s_Ruin posts blind: 10
UDF1 posts blind: 20
Gambler_s_Ruin received [7d Qh]
UDF1 received [7s 4d]
Gambler_s_Ruin calls
UDF1 checks
Flop [5s 8d 9d], Gambler_s_Ruin (20), UDF1 (20)
UDF1 bids 16
Gambler_s_Ruin bids 1892
Gambler_s_Ruin won the auction and was revealed [7s]
Flop [5s 8d 9d], Gambler_s_Ruin (36), UDF1 (20)
UDF1 bets 2870
Gambler_s_Ruin folds
Gambler_s_Ruin awarded -36
UDF1 awarded 36

Round #749, UDF1 (-138034), Gambler_s_Ruin (138034)
UDF1 posts blind: 10
Gambler_s_Ruin posts blind: 20
UDF1 received [2s 4c]
Gambler_s_Ruin received [8h 5c]
UDF1 calls
Gambler_s_Ruin checks
Flop [Js 8c Qc], UDF1 (20), Gambler_s_Ruin (20)
Gambler_s_Ruin bids 1892
UDF1 bids 20
Gambler_s_Ruin won the auction and was revealed [2s]
Flop [Js 8c Qc], UDF1 (20), Gambler_s_Ruin (40)
Gambler_s_Ruin bets 71
UDF1 folds
UDF1 awarded -20
Gambler_s_Ruin awarded 20

Round #750, Gambler_s_Ruin (138054), UDF1 (-138054)
Gambler_s_Ruin posts blind: 10
UDF1 posts blind: 20
Gambler_s_Ruin received [8s 6h]
UDF1 received [Kd 8c]
Gambler_s_Ruin calls
UDF1 checks
Flop [Kh 3d Jc], Gambler_s_Ruin (20), UDF1 (20)
UDF1 bids 16
Gambler_s_Ruin bids 1892
Gambler_s_Ruin won the auction and was revealed [8c]
Flop [Kh 3d Jc], Gambler_s_Ruin (36), UDF1 (20)
UDF1 bets 3291
Gambler_s_Ruin folds
Gambler_s_Ruin awarded -36
UDF1 awarded 36

Round #751, UDF1 (-138018), Gambler_s_Ruin (138018)
UDF1 posts blind: 10
Gambler_s_Ruin posts blind: 20
UDF1 received [7h Th]
Gambler_s_Ruin received [Ks Ac]
UDF1 raises to 337
Gambler_s_Ruin raises to 951
UDF1 folds
UDF1 awarded -337
Gambler_s_Ruin awarded 337

Round #752, Gambler_s_Ruin (138355), UDF1 (-138355)
Gambler_s_Ruin posts blind: 10
UDF1 posts blind: 20
Gambler_s_Ruin received [2c 7d]
UDF1 received [Td Th]
Gambler_s_Ruin folds
Gambler_s_Ruin awarded -10
UDF1 awarded 10

Round #753, UDF1 (-138345), Gambler_s_Ruin (138345)
UDF1 posts blind: 10
Gambler_s_Ruin posts blind: 20
UDF1 received [As Tc]
Gambler_s_Ruin received [Qh 7d]
UDF1 calls
Gambler_s_Ruin raises to 80
UDF1 calls
Flop [2d 7c 3h], UDF1 (80), Gambler_s_Ruin (80)
Gambler_s_Ruin bids 1869
UDF1 bids 26
Gambler_s_Ruin won the auction and was revealed [As]
Flop [2d 7c 3h], UDF1 (80), Gambler_s_Ruin (106)
Gambler_s_Ruin bets 120
UDF1 calls
Turn [2d 7c 3h 4d], UDF1 (200), Gambler_s_Ruin (226)
Gambler_s_Ruin checks
UDF1 bets 2357
Gambler_s_Ruin calls
River [2d 7c 3h 4d Kh], UDF1 (2557), Gambler_s_Ruin (2583)
Gambler_s_Ruin bets 2417
UDF1 calls
UDF1 shows [As Tc]
Gambler_s_Ruin shows [Qh 7d]
UDF1 awarded -4974
Gambler_s_Ruin awarded 4974

Round #754, Gambler_s_Ruin (143319), UDF1 (-143319)
Gambler_s_Ruin posts blind: 10
UDF1 posts blind: 20
Gambler_s_Ruin received [2d 2h]
UDF1 received [7s Kd]
Gambler_s_Ruin calls
UDF1 checks
Flop [Jh Ts Qs], Gambler_s_Ruin (20), UDF1 (20)
UDF1 bids 21
Gambler_s_Ruin bids 1892
Gambler_s_Ruin won the auction and was revealed [7s]
Flop [Jh Ts Qs], Gambler_s_Ruin (41), UDF1 (20)
UDF1 bets 2538
Gambler_s_Ruin folds
Gambler_s_Ruin awarded -41
UDF1 awarded 41

Round #755, UDF1 (-143278), Gambler_s_Ruin (143278)
UDF1 posts blind: 10
Gambler_s_Ruin posts blind: 20
UDF1 received [5d 2d]
Gambler_s_Ruin received [5c As]
UDF1 calls
Gambler_s_Ruin raises to 80
UDF1 folds
UDF1 awarded -20
Gambler_s_Ruin awarded 20

Round #756, Gambler_s_Ruin (143298), UDF1 (-143298)
Gambler_s_Ruin posts blind: 10
UDF1 posts blind: 20
Gambler_s_Ruin received [Qs 8c]
UDF1 received [9s Kh]
Gambler_s_Ruin calls
UDF1 checks
Flop [9c 7d 7s], Gambler_s_Ruin (20), UDF1 (20)
UDF1 bids 23
Gambler_s_Ruin bids 1892
Gambler_s_Ruin won the auction and was revealed [9s]
Flop [9c 7d 7s], Gambler_s_Ruin (43), UDF1 (20)
UDF1 bets 2856
Gambler_s_Ruin folds
Gambler_s_Ruin awarded -43
UDF1 awarded 43

Round #757, UDF1 (-143255), Gambler_s_Ruin (143255)
UDF1 posts blind: 10
Gambler_s_Ruin posts blind: 20
UDF1 received [8c Jc]
Gambler_s_Ruin received [Th 8h]
UDF1 folds
UDF1 awarded -10
Gambler_s_Ruin awarded 10

Round #758, Gambler_s_Ruin (143265), UDF1 (-143265)
Gambler_s_Ruin posts blind: 10
UDF1 posts blind: 20
Gambler_s_Ruin received [5c 6d]
UDF1 received [As Ks]
Gambler_s_Ruin folds
Gambler_s_Ruin awarded -10
UDF1 awarded 10

Round #759, UDF1 (-143255), Gambler_s_Ruin (143255)
UDF1 posts blind: 10
Gambler_s_Ruin posts blind: 20
UDF1 received [7d Js]
Gambler_s_Ruin received [Kc 5c]
UDF1 folds
UDF1 awarded -10
Gambler_s_Ruin awarded 10

Round #760, Gambler_s_Ruin (143265), UDF1 (-143265)
Gambler_s_Ruin posts blind: 10
UDF1 posts blind: 20
Gambler_s_Ruin received [Ts 9d]
UDF1 received [5c 9c]
Gambler_s_Ruin calls
UDF1 checks
Flop [Qs 2c Kd], Gambler_s_Ruin (20), UDF1 (20)
UDF1 bids 23
Gambler_s_Ruin bids 1892
Gambler_s_Ruin won the auction and was revealed [5c]
Flop [Qs 2c Kd], Gambler_s_Ruin (43), UDF1 (20)
UDF1 bets 2519
Gambler_s_Ruin raises to 4957
UDF1 calls
Turn [Qs 2c Kd As], Gambler_s_Ruin (5000), UDF1 (4977)
UDF1 checks
Gambler_s_Ruin checks
River [Qs 2c Kd As Qc], Gambler_s_Ruin (5000), UDF1 (4977)
UDF1 checks
Gambler_s_Ruin checks
Gambler_s_Ruin shows [Ts 9d]
UDF1 shows [5c 9c]
Gambler_s_Ruin awarded 4977
UDF1 awarded -4977

Round #761, UDF1 (-148242), Gambler_s_Ruin (148242)
UDF1 posts blind: 10
Gambler_s_Ruin posts blind: 20
UDF1 received [5c Tc]
Gambler_s_Ruin received [9s 5h]
UDF1 folds
UDF1 awarded -10
Gambler_s_Ruin awarded 10

Round #762, Gambler_s_Ruin (148252), UDF1 (-148252)
Gambler_s_Ruin posts blind: 10
UDF1 posts blind: 20
Gambler_s_Ruin received [8s Kc]
UDF1 received [Ks 6c]
Gambler_s_Ruin calls
UDF1 checks
Flop [4c Jd Th], Gambler_s_Ruin (20), UDF1 (20)
UDF1 bids 17
Gambler_s_Ruin bids 1892
Gambler_s_Ruin won the auction and was revealed [6c]
Flop [4c Jd Th], Gambler_s_Ruin (37), UDF1 (20)
UDF1 bets 2866
Gambler_s_Ruin raises to 4963
UDF1 calls
Turn [4c Jd Th 2d], Gambler_s_Ruin (5000), UDF1 (4983)
UDF1 checks
Gambler_s_Ruin checks
River [4c Jd Th 2d Jh], Gambler_s_Ruin (5000), UDF1 (4983)
UDF1 checks
Gambler_s_Ruin checks
Gambler_s_Ruin shows [8s Kc]
UDF1 shows [Ks 6c]
Gambler_s_Ruin awarded 4983
UDF1 awarded -4983

Round #763, UDF1 (-153235), Gambler_s_Ruin (153235)
UDF1 posts blind: 10
Gambler_s_Ruin posts blind: 20
UDF1 received [9d Jh]
Gambler_s_Ruin received [5d 4h]
UDF1 calls
Gambler_s_Ruin checks
Flop [8s Ks 2d], UDF1 (20), Gambler_s_Ruin (20)
Gambler_s_Ruin bids 1892
UDF1 bids 16
Gambler_s_Ruin won the auction and was revealed [9d]
Flop [8s Ks 2d], UDF1 (20), Gambler_s_Ruin (36)
Gambler_s_Ruin checks
UDF1 bets 2902
Gambler_s_Ruin folds
UDF1 awarded 36
Gambler_s_Ruin awarded -36

Round #764, Gambler_s_Ruin (153199), UDF1 (-153199)
Gambler_s_Ruin posts blind: 10
UDF1 posts blind: 20
Gambler_s_Ruin received [Td 5s]
UDF1 received [Jc 2c]
Gambler_s_Ruin calls
UDF1 checks
Flop [Ah Ad Js], Gambler_s_Ruin (20), UDF1 (20)
UDF1 bids 16
Gambler_s_Ruin bids 1892
Gambler_s_Ruin won the auction and was revealed [2c]
Flop [Ah Ad Js], Gambler_s_Ruin (36), UDF1 (20)
UDF1 bets 3220
Gambler_s_Ruin raises to 4964
UDF1 calls
Turn [Ah Ad Js 3s], Gambler_s_Ruin (5000), UDF1 (4984)
UDF1 checks
Gambler_s_Ruin checks
River [Ah Ad Js 3s 2s], Gambler_s_Ruin (5000), UDF1 (4984)
UDF1 checks
Gambler_s_Ruin checks
Gambler_s_Ruin shows [Td 5s]
UDF1 shows [Jc 2c]
Gambler_s_Ruin awarded -5000
UDF1 awarded 5000

Round #765, UDF1 (-148199), Gambler_s_Ruin (148199)
UDF1 posts blind: 10
Gambler_s_Ruin posts blind: 20
UDF1 received [5d 5c]
Gambler_s_Ruin received [Jh 8h]
UDF1 calls
Gambler_s_Ruin raises to 80
UDF1 raises to 1196
Gambler_s_Ruin folds
UDF1 awarded 80
Gambler_s_Ruin awarded -80

Round #766, Gambler_s_Ruin (148119), UDF1 (-148119)
Gambler_s_Ruin posts blind: 10
UDF1 posts blind: 20
Gambler_s_Ruin received [4d 8c]
UDF1 received [2d 5d]
Gambler_s_Ruin calls
UDF1 raises to 337
Gambler_s_Ruin folds
Gambler_s_Ruin awarded -20
UDF1 awarded 20

Round #767, UDF1 (-148099), Gambler_s_Ruin (148099)
UDF1 posts blind: 10
Gambler_s_Ruin posts blind: 20
UDF1 received [Qh 8h]
Gambler_s_Ruin received [4h Jc]
UDF1 folds
UDF1 awarded -10
Gambler_s_Ruin awarded 10

Round #768, Gambler_s_Ruin (148109), UDF1 (-148109)
Gambler_s_Ruin posts blind: 10
UDF1 posts blind: 20
Gambler_s_Ruin received [3h 2s]
UDF1 received [7h 7s]
Gambler_s_Ruin folds
Gambler_s_Ruin awarded -10
UDF1 awarded 10

Round #769, UDF1 (-148099), Gambler_s_Ruin (148099)
UDF1 posts blind: 10
Gambler_s_Ruin posts blind: 20
UDF1 received [Jd 4h]
Gambler_s_Ruin received [8h Qc]
UDF1 calls
Gambler_s_Ruin raises to 80
UDF1 calls
Flop [7d 3c 6h], UDF1 (80), Gambler_s_Ruin (80)
Gambler_s_Ruin bids 1869
UDF1 bids 31
Gambler_s_Ruin won the auction and was revealed [4h]
Flop [7d 3c 6h], UDF1 (80), Gambler_s_Ruin (111)
Gambler_s_Ruin bets 207
UDF1 calls
Turn [7d 3c 6h Ts], UDF1 (287), Gambler_s_Ruin (318)
Gambler_s_Ruin checks
UDF1 bets 2191
Gambler_s_Ruin calls
River [7d 3c 6h Ts Ac], UDF1 (2478), Gambler_s_Ruin (2509)
Gambler_s_Ruin checks
UDF1 bets 1215
Gambler_s_Ruin calls
UDF1 shows [Jd 4h]
Gambler_s_Ruin shows [8h Qc]
UDF1 awarded -3693
Gambler_s_Ruin awarded 3693

Round #770, Gambler_s_Ruin (151792), UDF1 (-151792)
Gambler_s_Ruin posts blind: 10
UDF1 posts blind: 20
Gambler_s_Ruin received [6s 3h]
UDF1 received [7s 8s]
Gambler_s_Ruin folds
Gambler_s_Ruin awarded -10
UDF1 awarded 10

Round #771, UDF1 (-151782), Gambler_s_Ruin (151782)
UDF1 posts blind: 10
Gambler_s_Ruin posts blind: 20
UDF1 received [3s 9d]
Gambler_s_Ruin received [5c Tc]
UDF1 calls
Gambler_s_Ruin raises to 80
UDF1 calls
Flop [Td Jc 9s], UDF1 (80), Gambler_s_Ruin (80)
Gambler_s_Ruin bids 1869
UDF1 bids 25
Gambler_s_Ruin won the auction and was revealed [3s]
Flop [Td Jc 9s], UDF1 (80), Gambler_s_Ruin (105)
Gambler_s_Ruin bets 210
UDF1 calls
Turn [Td Jc 9s Qd], UDF1 (290), Gambler_s_Ruin (315)
Gambler_s_Ruin bets 687
UDF1 folds
UDF1 awarded -290
Gambler_s_Ruin awarded 290

Round #772, Gambler_s_Ruin (152072), UDF1 (-152072)
Gambler_s_Ruin posts blind: 10
UDF1 posts blind: 20
Gambler_s_Ruin received [8c 8s]
UDF1 received [6h 3s]
Gambler_s_Ruin raises to 60
UDF1 calls
Flop [7h Ah 9h], Gambler_s_Ruin (60), UDF1 (60)
UDF1 bids 21
Gambler_s_Ruin bids 1877
Gambler_s_Ruin won the auction and was revealed [3s]
Flop [7h Ah 9h], Gambler_s_Ruin (81), UDF1 (60)
UDF1 bets 2675
Gambler_s_Ruin raises to 4919
UDF1 calls
Turn [7h Ah 9h 5c], Gambler_s_Ruin (5000), UDF1 (4979)
UDF1 checks
Gambler_s_Ruin checks
River [7h Ah 9h 5c 7c], Gambler_s_Ruin (5000), UDF1 (4979)
UDF1 checks
Gambler_s_Ruin checks
Gambler_s_Ruin shows [8c 8s]
UDF1 shows [6h 3s]
Gambler_s_Ruin awarded 4979
UDF1 awarded -4979

Round #773, UDF1 (-157051), Gambler_s_Ruin (157051)
UDF1 posts blind: 10
Gambler_s_Ruin posts blind: 20
UDF1 received [9h 3h]
Gambler_s_Ruin received [5s Kc]
UDF1 calls
Gambler_s_Ruin checks
Flop [7s 8c 8d], UDF1 (20), Gambler_s_Ruin (20)
Gambler_s_Ruin bids 1892
UDF1 bids 0
Gambler_s_Ruin won the auction and was revealed [9h]
Flop [7s 8c 8d], UDF1 (20), Gambler_s_Ruin (20)
Gambler_s_Ruin bets 33
UDF1 folds
UDF1 awarded -20
Gambler_s_Ruin awarded 20

Round #774, Gambler_s_Ruin (157071), UDF1 (-157071)
Gambler_s_Ruin posts blind: 10
UDF1 posts blind: 20
Gambler_s_Ruin received [Qc Ts]
UDF1 received [6d 3h]
Gambler_s_Ruin calls
UDF1 checks
Flop [3d Tc 7d], Gambler_s_Ruin (20), UDF1 (20)
UDF1 bids 16
Gambler_s_Ruin bids 1892
Gambler_s_Ruin won the auction and was revealed [3h]
Flop [3d Tc 7d], Gambler_s_Ruin (36), UDF1 (20)
UDF1 bets 3200
Gambler_s_Ruin raises to 4964
UDF1 calls
Turn [3d Tc 7d 8h], Gambler_s_Ruin (5000), UDF1 (4984)
UDF1 checks
Gambler_s_Ruin checks
River [3d Tc 7d 8h Th], Gambler_s_Ruin (5000), UDF1 (4984)
UDF1 checks
Gambler_s_Ruin checks
Gambler_s_Ruin shows [Qc Ts]
UDF1 shows [6d 3h]
Gambler_s_Ruin awarded 4984
UDF1 awarded -4984

Round #775, UDF1 (-162055), Gambler_s_Ruin (162055)
UDF1 posts blind: 10
Gambler_s_Ruin posts blind: 20
UDF1 received [8d Ad]
Gambler_s_Ruin received [Ts 2c]
UDF1 folds
UDF1 awarded -10
Gambler_s_Ruin awarded 10

Round #776, Gambler_s_Ruin (162065), UDF1 (-162065)
Gambler_s_Ruin posts blind: 10
UDF1 posts blind: 20
Gambler_s_Ruin received [4s 5d]
UDF1 received [Qs Ts]
Gambler_s_Ruin folds
Gambler_s_Ruin awarded -10
UDF1 awarded 10

Round #777, UDF1 (-162055), Gambler_s_Ruin (162055)
UDF1 posts blind: 10
Gambler_s_Ruin posts blind: 20
UDF1 received [8s 7d]
Gambler_s_Ruin received [3c 8d]
UDF1 calls
Gambler_s_Ruin checks
Flop [Ac 2d 6h], UDF1 (20), Gambler_s_Ruin (20)
Gambler_s_Ruin bids 1892
UDF1 bids 16
Gambler_s_Ruin won the auction and was revealed [8s]
Flop [Ac 2d 6h], UDF1 (20), Gambler_s_Ruin (36)
Gambler_s_Ruin checks
UDF1 bets 2268
Gambler_s_Ruin folds
UDF1 awarded 36
Gambler_s_Ruin awarded -36

Round #778, Gambler_s_Ruin (162019), UDF1 (-162019)
Gambler_s_Ruin posts blind: 10
UDF1 posts blind: 20
Gambler_s_Ruin received [Qc Js]
UDF1 received [Ah Td]
Gambler_s_Ruin calls
UDF1 checks
Flop [6c 8h 3c], Gambler_s_Ruin (20), UDF1 (20)
UDF1 bids 23
Gambler_s_Ruin bids 1892
Gambler_s_Ruin won the auction and was revealed [Ah]
Flop [6c 8h 3c], Gambler_s_Ruin (43), UDF1 (20)
UDF1 bets 2540
Gambler_s_Ruin folds
Gambler_s_Ruin awarded -43
UDF1 awarded 43

Round #779, UDF1 (-161976), Gambler_s_Ruin (161976)
UDF1 posts blind: 10
Gambler_s_Ruin posts blind: 20
UDF1 received [3d Jd]
Gambler_s_Ruin received [5c 9h]
UDF1 calls
Gambler_s_Ruin checks
Flop [Ks Ah 4d], UDF1 (20), Gambler_s_Ruin (20)
Gambler_s_Ruin bids 1892
UDF1 bids 16
Gambler_s_Ruin won the auction and was revealed [Jd]
Flop [Ks Ah 4d], UDF1 (20), Gambler_s_Ruin (36)
Gambler_s_Ruin checks
UDF1 bets 2620
Gambler_s_Ruin folds
UDF1 awarded 36
Gambler_s_Ruin awarded -36

Round #780, Gambler_s_Ruin (161940), UDF1 (-161940)
Gambler_s_Ruin posts blind: 10
UDF1 posts blind: 20
Gambler_s_Ruin received [6c Jc]
UDF1 received [9s 5s]
Gambler_s_Ruin calls
UDF1 checks
Flop [9h Qs 7s], Gambler_s_Ruin (20), UDF1 (20)
UDF1 bids 22
Gambler_s_Ruin bids 1892
Gambler_s_Ruin won the auction and was revealed [5s]
Flop [9h Qs 7s], Gambler_s_Ruin (42), UDF1 (20)
UDF1 bets 3586
Gambler_s_Ruin folds
Gambler_s_Ruin awarded -42
UDF1 awarded 42

Round #781, UDF1 (-161898), Gambler_s_Ruin (161898)
UDF1 posts blind: 10
Gambler_s_Ruin posts blind: 20
UDF1 received [Qh Kd]
Gambler_s_Ruin received [7d Tc]
UDF1 raises to 3842
Gambler_s_Ruin folds
UDF1 awarded 20
Gambler_s_Ruin awarded -20

Round #782, Gambler_s_Ruin (161878), UDF1 (-161878)
Gambler_s_Ruin posts blind: 10
UDF1 posts blind: 20
Gambler_s_Ruin received [4d 9h]
UDF1 received [7d Ah]
Gambler_s_Ruin calls
UDF1 raises to 337
Gambler_s_Ruin folds
Gambler_s_Ruin awarded -20
UDF1 awarded 20

Round #783, UDF1 (-161858), Gambler_s_Ruin (161858)
UDF1 posts blind: 10
Gambler_s_Ruin posts blind: 20
UDF1 received [Kc 8h]
Gambler_s_Ruin received [Td Ks]
UDF1 calls
Gambler_s_Ruin raises to 60
UDF1 calls
Flop [4c 5h 3d], UDF1 (60), Gambler_s_Ruin (60)
Gambler_s_Ruin bids 1877
UDF1 bids 22
Gambler_s_Ruin won the auction and was revealed [Kc]
Flop [4c 5h 3d], UDF1 (60), Gambler_s_Ruin (82)
Gambler_s_Ruin checks
UDF1 bets 2212
Gambler_s_Ruin folds
UDF1 awarded 82
Gambler_s_Ruin awarded -82

Round #784, Gambler_s_Ruin (161776), UDF1 (-161776)
Gambler_s_Ruin posts blind: 10
UDF1 posts blind: 20
Gambler_s_Ruin received [8h 4h]
UDF1 received [Jc 7h]
Gambler_s_Ruin calls
UDF1 raises to 337
Gambler_s_Ruin folds
Gambler_s_Ruin awarded -20
UDF1 awarded 20

Round #785, UDF1 (-161756), Gambler_s_Ruin (161756)
UDF1 posts blind: 10
Gambler_s_Ruin posts blind: 20
UDF1 received [Kc 2h]
Gambler_s_Ruin received [5h Qh]
UDF1 calls
Gambler_s_Ruin raises to 80
UDF1 folds
UDF1 awarded -20
Gambler_s_Ruin awarded 20

Round #786, Gambler_s_Ruin (161776), UDF1 (-161776)
Gambler_s_Ruin posts blind: 10
UDF1 posts blind: 20
Gambler_s_Ruin received [3c Ts]
UDF1 received [Ac 3h]
Gambler_s_Ruin calls
UDF1 checks
Flop [8d 5s 4d], Gambler_s_Ruin (20), UDF1 (20)
UDF1 bids 16
Gambler_s_Ruin bids 1892
Gambler_s_Ruin won the auction and was revealed [3h]
Flop [8d 5s 4d], Gambler_s_Ruin (36), UDF1 (20)
UDF1 bets 3124
Gambler_s_Ruin folds
Gambler_s_Ruin awarded -36
UDF1 awarded 36

Round #787, UDF1 (-161740), Gambler_s_Ruin (161740)
UDF1 posts blind: 10
Gambler_s_Ruin posts blind: 20
UDF1 received [8s 4h]
Gambler_s_Ruin received [5d 8c]
UDF1 calls
Gambler_s_Ruin checks
Flop [Qd Kd 2s], UDF1 (20), Gambler_s_Ruin (20)
Gambler_s_Ruin bids 1892
UDF1 bids 22
Gambler_s_Ruin won the auction and was revealed [8s]
Flop [Qd Kd 2s], UDF1 (20), Gambler_s_Ruin (42)
Gambler_s_Ruin checks
UDF1 bets 2460
Gambler_s_Ruin folds
UDF1 awarded 42
Gambler_s_Ruin awarded -42

Round #788, Gambler_s_Ruin (161698), UDF1 (-161698)
Gambler_s_Ruin posts blind: 10
UDF1 posts blind: 20
Gambler_s_Ruin received [6c 5c]
UDF1 received [9c 2d]
Gambler_s_Ruin calls
UDF1 raises to 337
Gambler_s_Ruin folds
Gambler_s_Ruin awarded -20
UDF1 awarded 20

Round #789, UDF1 (-161678), Gambler_s_Ruin (161678)
UDF1 posts blind: 10
Gambler_s_Ruin posts blind: 20
UDF1 received [Qd 7s]
Gambler_s_Ruin received [6d 5h]
UDF1 folds
UDF1 awarded -10
Gambler_s_Ruin awarded 10

Round #790, Gambler_s_Ruin (161688), UDF1 (-161688)
Gambler_s_Ruin posts blind: 10
UDF1 posts blind: 20
Gambler_s_Ruin received [4h 8h]
UDF1 received [7s 6c]
Gambler_s_Ruin calls
UDF1 checks
Flop [Qh 7d Qd], Gambler_s_Ruin (20), UDF1 (20)
UDF1 bids 17
Gambler_s_Ruin bids 1892
Gambler_s_Ruin won the auction and was revealed [7s]
Flop [Qh 7d Qd], Gambler_s_Ruin (37), UDF1 (20)
UDF1 bets 2621
Gambler_s_Ruin folds
Gambler_s_Ruin awarded -37
UDF1 awarded 37

Round #791, UDF1 (-161651), Gambler_s_Ruin (161651)
UDF1 posts blind: 10
Gambler_s_Ruin posts blind: 20
UDF1 received [6d 6c]
Gambler_s_Ruin received [9s 6s]
UDF1 raises to 1489
Gambler_s_Ruin folds
UDF1 awarded 20
Gambler_s_Ruin awarded -20

Round #792, Gambler_s_Ruin (161631), UDF1 (-161631)
Gambler_s_Ruin posts blind: 10
UDF1 posts blind: 20
Gambler_s_Ruin received [Qd 6c]
UDF1 received [9c 5h]
Gambler_s_Ruin calls
UDF1 checks
Flop [7h Th 5c], Gambler_s_Ruin (20), UDF1 (20)
UDF1 bids 23
Gambler_s_Ruin bids 1892
Gambler_s_Ruin won the auction and was revealed [9c]
Flop [7h Th 5c], Gambler_s_Ruin (43), UDF1 (20)
UDF1 bets 2987
Gambler_s_Ruin folds
Gambler_s_Ruin awarded -43
UDF1 awarded 43

Round #793, UDF1 (-161588), Gambler_s_Ruin (161588)
UDF1 posts blind: 10
Gambler_s_Ruin posts blind: 20
UDF1 received [8c 2d]
Gambler_s_Ruin received [2h Ac]
UDF1 folds
UDF1 awarded -10
Gambler_s_Ruin awarded 10

Round #794, Gambler_s_Ruin (161598), UDF1 (-161598)
Gambler_s_Ruin posts blind: 10
UDF1 posts blind: 20
Gambler_s_Ruin received [Jd Th]
UDF1 received [9s 6s]
Gambler_s_Ruin calls
UDF1 checks
Flop [Qc 3s 7s], Gambler_s_Ruin (20), UDF1 (20)
UDF1 bids 17
Gambler_s_Ruin bids 1892
Gambler_s_Ruin won the auction and was revealed [6s]
Flop [Qc 3s 7s], Gambler_s_Ruin (37), UDF1 (20)
UDF1 bets 2871
Gambler_s_Ruin folds
Gambler_s_Ruin awarded -37
UDF1 awarded 37

Round #795, UDF1 (-161561), Gambler_s_Ruin (161561)
UDF1 posts blind: 10
Gambler_s_Ruin posts blind: 20
UDF1 received [Qs 2s]
Gambler_s_Ruin received [Td 9d]
UDF1 raises to 337
Gambler_s_Ruin folds
UDF1 awarded 20
Gambler_s_Ruin awarded -20

Round #796, Gambler_s_Ruin (161541), UDF1 (-161541)
Gambler_s_Ruin posts blind: 10
UDF1 posts blind: 20
Gambler_s_Ruin received [Ac 8c]
UDF1 received [6c Td]
Gambler_s_Ruin calls
UDF1 checks
Flop [Jc Qc 5s], Gambler_s_Ruin (20), UDF1 (20)
UDF1 bids 16
Gambler_s_Ruin bids 1892
Gambler_s_Ruin won the auction and was revealed [Td]
Flop [Jc Qc 5s], Gambler_s_Ruin (36), UDF1 (20)
UDF1 bets 2625
Gambler_s_Ruin raises to 4964
UDF1 calls
Turn [Jc Qc 5s 6d], Gambler_s_Ruin (5000), UDF1 (4984)
UDF1 checks
Gambler_s_Ruin checks
River [Jc Qc 5s 6d 7h], Gambler_s_Ruin (5000), UDF1 (4984)
UDF1 checks
Gambler_s_Ruin checks
Gambler_s_Ruin shows [Ac 8c]
UDF1 shows [6c Td]
Gambler_s_Ruin awarded -5000
UDF1 awarded 5000

Round #797, UDF1 (-156541), Gambler_s_Ruin (156541)
UDF1 posts blind: 10
Gambler_s_Ruin posts blind: 20
UDF1 received [5s Jc]
Gambler_s_Ruin received [7h 5c]
UDF1 raises to 337
Gambler_s_Ruin folds
UDF1 awarded 20
Gambler_s_Ruin awarded -20

Round #798, Gambler_s_Ruin (156521), UDF1 (-156521)
Gambler_s_Ruin posts blind: 10
UDF1 posts blind: 20
Gambler_s_Ruin received [2h Ac]
UDF1 received [Kc Ts]
Gambler_s_Ruin calls
UDF1 checks
Flop [Jd Qh 3d], Gambler_s_Ruin (20), UDF1 (20)
UDF1 bids 20
Gambler_s_Ruin bids 1892
Gambler_s_Ruin won the auction and was revealed [Kc]
Flop [Jd Qh 3d], Gambler_s_Ruin (40), UDF1 (20)
UDF1 bets 2807
Gambler_s_Ruin folds
Gambler_s_Ruin awarded -40
UDF1 awarded 40

Round #799, UDF1 (-156481), Gambler_s_Ruin (156481)
UDF1 posts blind: 10
Gambler_s_Ruin posts blind: 20
UDF1 received [2d 3s]
Gambler_s_Ruin received [5c 6s]
UDF1 calls
Gambler_s_Ruin checks
Flop [2h 2s 7s], UDF1 (20), Gambler_s_Ruin (20)
Gambler_s_Ruin bids 1892
UDF1 bids 16
Gambler_s_Ruin won the auction and was revealed [2d]
Flop [2h 2s 7s], UDF1 (20), Gambler_s_Ruin (36)
Gambler_s_Ruin checks
UDF1 bets 3100
Gambler_s_Ruin folds
UDF1 awarded 36
Gambler_s_Ruin awarded -36

Round #800, Gambler_s_Ruin (156445), UDF1 (-156445)
Gambler_s_Ruin posts blind: 10
UDF1 posts blind: 20
Gambler_s_Ruin received [9h 6h]
UDF1 received [Td 2h]
Gambler_s_Ruin calls
UDF1 raises to 337
Gambler_s_Ruin folds
Gambler_s_Ruin awarded -20
UDF1 awarded 20

Round #801, UDF1 (-156425), Gambler_s_Ruin (156425)
UDF1 posts blind: 10
Gambler_s_Ruin posts blind: 20
UDF1 received [Tc 7h]
Gambler_s_Ruin received [2h 9c]
UDF1 raises to 337
Gambler_s_Ruin folds
UDF1 awarded 20
Gambler_s_Ruin awarded -20

Round #802, Gambler_s_Ruin (156405), UDF1 (-156405)
Gambler_s_Ruin posts blind: 10
UDF1 posts blind: 20
Gambler_s_Ruin received [Ts Qc]
UDF1 received [3d 6c]
Gambler_s_Ruin calls
UDF1 checks
Flop [Kd 8s Ah], Gambler_s_Ruin (20), UDF1 (20)
UDF1 bids 16
Gambler_s_Ruin bids 1892
Gambler_s_Ruin won the auction and was revealed [3d]
Flop [Kd 8s Ah], Gambler_s_Ruin (36), UDF1 (20)
UDF1 bets 2408
Gambler_s_Ruin raises to 4816
UDF1 folds
Gambler_s_Ruin awarded 2428
UDF1 awarded -2428

Round #803, UDF1 (-158833), Gambler_s_Ruin (158833)
UDF1 posts blind: 10
Gambler_s_Ruin posts blind: 20
UDF1 received [Qc 5s]
Gambler_s_Ruin received [9c Jd]
UDF1 raises to 337
Gambler_s_Ruin folds
UDF1 awarded 20
Gambler_s_Ruin awarded -20

Round #804, Gambler_s_Ruin (158813), UDF1 (-158813)
Gambler_s_Ruin posts blind: 10
UDF1 posts blind: 20
Gambler_s_Ruin received [Qh Ks]
UDF1 received [2c 4s]
Gambler_s_Ruin raises to 60
UDF1 folds
Gambler_s_Ruin awarded 20
UDF1 awarded -20

Round #805, UDF1 (-158833), Gambler_s_Ruin (158833)
UDF1 posts blind: 10
Gambler_s_Ruin posts blind: 20
UDF1 received [8h 9c]
Gambler_s_Ruin received [7c Qs]
UDF1 raises to 337
Gambler_s_Ruin folds
UDF1 awarded 20
Gambler_s_Ruin awarded -20

Round #806, Gambler_s_Ruin (158813), UDF1 (-158813)
Gambler_s_Ruin posts blind: 10
UDF1 posts blind: 20
Gambler_s_Ruin received [9c 4h]
UDF1 received [9h Kh]
Gambler_s_Ruin calls
UDF1 checks
Flop [6c As 2c], Gambler_s_Ruin (20), UDF1 (20)
UDF1 bids 16
Gambler_s_Ruin bids 1892
Gambler_s_Ruin won the auction and was revealed [9h]
Flop [6c As 2c], Gambler_s_Ruin (36), UDF1 (20)
UDF1 bets 2612
Gambler_s_Ruin folds
Gambler_s_Ruin awarded -36
UDF1 awarded 36

Round #807, UDF1 (-158777), Gambler_s_Ruin (158777)
UDF1 posts blind: 10
Gambler_s_Ruin posts blind: 20
UDF1 received [4s 6c]
Gambler_s_Ruin received [9d 8c]
UDF1 calls
Gambler_s_Ruin checks
Flop [Kc Jd Ks], UDF1 (20), Gambler_s_Ruin (20)
Gambler_s_Ruin bids 1892
UDF1 bids 16
Gambler_s_Ruin won the auction and was revealed [4s]
Flop [Kc Jd Ks], UDF1 (20), Gambler_s_Ruin (36)
Gambler_s_Ruin bets 60
UDF1 folds
UDF1 awarded -20
Gambler_s_Ruin awarded 20

Round #808, Gambler_s_Ruin (158797), UDF1 (-158797)
Gambler_s_Ruin posts blind: 10
UDF1 posts blind: 20
Gambler_s_Ruin received [Kc Js]
UDF1 received [Ts 9s]
Gambler_s_Ruin raises to 60
UDF1 calls
Flop [5s 2s 8h], Gambler_s_Ruin (60), UDF1 (60)
UDF1 bids 26
Gambler_s_Ruin bids 1877
Gambler_s_Ruin won the auction and was revealed [Ts]
Flop [5s 2s 8h], Gambler_s_Ruin (86), UDF1 (60)
UDF1 bets 3177
Gambler_s_Ruin folds
Gambler_s_Ruin awarded -86
UDF1 awarded 86

Round #809, UDF1 (-158711), Gambler_s_Ruin (158711)
UDF1 posts blind: 10
Gambler_s_Ruin posts blind: 20
UDF1 received [Jc 3s]
Gambler_s_Ruin received [Kh Ac]
UDF1 raises to 337
Gambler_s_Ruin raises to 951
UDF1 folds
UDF1 awarded -337
Gambler_s_Ruin awarded 337

Round #810, Gambler_s_Ruin (159048), UDF1 (-159048)
Gambler_s_Ruin posts blind: 10
UDF1 posts blind: 20
Gambler_s_Ruin received [8h Qc]
UDF1 received [5c Ad]
Gambler_s_Ruin calls
UDF1 raises to 337
Gambler_s_Ruin folds
Gambler_s_Ruin awarded -20
UDF1 awarded 20

Round #811, UDF1 (-159028), Gambler_s_Ruin (159028)
UDF1 posts blind: 10
Gambler_s_Ruin posts blind: 20
UDF1 received [Qs 5d]
Gambler_s_Ruin received [6d 6c]
UDF1 folds
UDF1 awarded -10
Gambler_s_Ruin awarded 10

Round #812, Gambler_s_Ruin (159038), UDF1 (-159038)
Gambler_s_Ruin posts blind: 10
UDF1 posts blind: 20
Gambler_s_Ruin received [5d 6h]
UDF1 received [Ah 7s]
Gambler_s_Ruin folds
Gambler_s_Ruin awarded -10
UDF1 awarded 10

Round #813, UDF1 (-159028), Gambler_s_Ruin (159028)
UDF1 posts blind: 10
Gambler_s_Ruin posts blind: 20
UDF1 received [7s 3h]
Gambler_s_Ruin received [As 8s]
UDF1 folds
UDF1 awarded -10
Gambler_s_Ruin awarded 10

Round #814, Gambler_s_Ruin (159038), UDF1 (-159038)
Gambler_s_Ruin posts blind: 10
UDF1 posts blind: 20
Gambler_s_Ruin received [5s Ks]
UDF1 received [6d 6c]
Gambler_s_Ruin calls
UDF1 raises to 1552
Gambler_s_Ruin folds
Gambler_s_Ruin awarded -20
UDF1 awarded 20

Round #815, UDF1 (-159018), Gambler_s_Ruin (159018)
UDF1 posts blind: 10
Gambler_s_Ruin posts blind: 20
UDF1 received [2h 3d]
Gambler_s_Ruin received [5s Jd]
UDF1 folds
UDF1 awarded -10
Gambler_s_Ruin awarded 10

Round #816, Gambler_s_Ruin (159028), UDF1 (-159028)
Gambler_s_Ruin posts blind: 10
UDF1 posts blind: 20
Gambler_s_Ruin received [7c Ac]
UDF1 received [2d Ts]
Gambler_s_Ruin calls
UDF1 raises to 337
Gambler_s_Ruin folds
Gambler_s_Ruin awarded -20
UDF1 awarded 20

Round #817, UDF1 (-159008), Gambler_s_Ruin (159008)
UDF1 posts blind: 10
Gambler_s_Ruin posts blind: 20
UDF1 received [6h Ac]
Gambler_s_Ruin received [2h Jh]
UDF1 calls
Gambler_s_Ruin raises to 80
UDF1 calls
Flop [8d 3d Tc], UDF1 (80), Gambler_s_Ruin (80)
Gambler_s_Ruin bids 1869
UDF1 bids 31
Gambler_s_Ruin won the auction and was revealed [Ac]
Flop [8d 3d Tc], UDF1 (80), Gambler_s_Ruin (111)
Gambler_s_Ruin checks
UDF1 bets 2975
Gambler_s_Ruin folds
UDF1 awarded 111
Gambler_s_Ruin awarded -111

Round #818, Gambler_s_Ruin (158897), UDF1 (-158897)
Gambler_s_Ruin posts blind: 10
UDF1 posts blind: 20
Gambler_s_Ruin received [Tc Jd]
UDF1 received [Th 8c]
Gambler_s_Ruin calls
UDF1 checks
Flop [4c As Kh], Gambler_s_Ruin (20), UDF1 (20)
UDF1 bids 20
Gambler_s_Ruin bids 1892
Gambler_s_Ruin won the auction and was revealed [Th]
Flop [4c As Kh], Gambler_s_Ruin (40), UDF1 (20)
UDF1 bets 2888
Gambler_s_Ruin folds
Gambler_s_Ruin awarded -40
UDF1 awarded 40

Round #819, UDF1 (-158857), Gambler_s_Ruin (158857)
UDF1 posts blind: 10
Gambler_s_Ruin posts blind: 20
UDF1 received [Ah 2s]
Gambler_s_Ruin received [Td 8d]
UDF1 calls
Gambler_s_Ruin raises to 80
UDF1 raises to 431
Gambler_s_Ruin folds
UDF1 awarded 80
Gambler_s_Ruin awarded -80

Round #820, Gambler_s_Ruin (158777), UDF1 (-158777)
Gambler_s_Ruin posts blind: 10
UDF1 posts blind: 20
Gambler_s_Ruin received [Ah Jc]
UDF1 received [8h 2s]
Gambler_s_Ruin raises to 60
UDF1 folds
Gambler_s_Ruin awarded 20
UDF1 awarded -20

Round #821, UDF1 (-158797), Gambler_s_Ruin (158797)
UDF1 posts blind: 10
Gambler_s_Ruin posts blind: 20
UDF1 received [Qc 9d]
Gambler_s_Ruin received [9c 7c]
UDF1 folds
UDF1 awarded -10
Gambler_s_Ruin awarded 10

Round #822, Gambler_s_Ruin (158807), UDF1 (-158807)
Gambler_s_Ruin posts blind: 10
UDF1 posts blind: 20
Gambler_s_Ruin received [5s 6d]
UDF1 received [Tc 5c]
Gambler_s_Ruin folds
Gambler_s_Ruin awarded -10
UDF1 awarded 10

Round #823, UDF1 (-158797), Gambler_s_Ruin (158797)
UDF1 posts blind: 10
Gambler_s_Ruin posts blind: 20
UDF1 received [Ah 8d]
Gambler_s_Ruin received [Jc 6s]
UDF1 calls
Gambler_s_Ruin checks
Flop [9h Ac 4d], UDF1 (20), Gambler_s_Ruin (20)
Gambler_s_Ruin bids 1892
UDF1 bids 19
Gambler_s_Ruin won the auction and was revealed [Ah]
Flop [9h Ac 4d], UDF1 (20), Gambler_s_Ruin (39)
Gambler_s_Ruin checks
UDF1 bets 3284
Gambler_s_Ruin folds
UDF1 awarded 39
Gambler_s_Ruin awarded -39

Round #824, Gambler_s_Ruin (158758), UDF1 (-158758)
Gambler_s_Ruin posts blind: 10
UDF1 posts blind: 20
Gambler_s_Ruin received [Kh Td]
UDF1 received [8s 3c]
Gambler_s_Ruin raises to 60
UDF1 raises to 394
Gambler_s_Ruin raises to 1002
UDF1 folds
Gambler_s_Ruin awarded 394
UDF1 awarded -394

Round #825, UDF1 (-159152), Gambler_s_Ruin (159152)
UDF1 posts blind: 10
Gambler_s_Ruin posts blind: 20
UDF1 received [Kc 2s]
Gambler_s_Ruin received [Qd Qc]
UDF1 raises to 337
Gambler_s_Ruin raises to 951
UDF1 folds
UDF1 awarded -337
Gambler_s_Ruin awarded 337

Round #826, Gambler_s_Ruin (159489), UDF1 (-159489)
Gambler_s_Ruin posts blind: 10
UDF1 posts blind: 20
Gambler_s_Ruin received [5c Qs]
UDF1 received [Qd 5s]
Gambler_s_Ruin calls
UDF1 checks
Flop [Td Th 3s], Gambler_s_Ruin (20), UDF1 (20)
UDF1 bids 16
Gambler_s_Ruin bids 1892
Gambler_s_Ruin won the auction and was revealed [Qd]
Flop [Td Th 3s], Gambler_s_Ruin (36), UDF1 (20)
UDF1 bets 2598
Gambler_s_Ruin folds
Gambler_s_Ruin awarded -36
UDF1 awarded 36

Round #827, UDF1 (-159453), Gambler_s_Ruin (159453)
UDF1 posts blind: 10
Gambler_s_Ruin posts blind: 20
UDF1 received [Qd Jc]
Gambler_s_Ruin received [8c 9d]
UDF1 calls
Gambler_s_Ruin checks
Flop [3s 2c 9s], UDF1 (20), Gambler_s_Ruin (20)
Gambler_s_Ruin bids 1892
UDF1 bids 21
Gambler_s_Ruin won the auction and was revealed [Qd]
Flop [3s 2c 9s], UDF1 (20), Gambler_s_Ruin (41)
Gambler_s_Ruin bets 39
UDF1 calls
Turn [3s 2c 9s 5s], UDF1 (59), Gambler_s_Ruin (80)
Gambler_s_Ruin bets 90
UDF1 folds
UDF1 awarded -59
Gambler_s_Ruin awarded 59

Round #828, Gambler_s_Ruin (159512), UDF1 (-159512)
Gambler_s_Ruin posts blind: 10
UDF1 posts blind: 20
Gambler_s_Ruin received [6h 7c]
UDF1 received [Qd 5c]
Gambler_s_Ruin calls
UDF1 checks
Flop [3c Kh 5h], Gambler_s_Ruin (20), UDF1 (20)
UDF1 bids 19
Gambler_s_Ruin bids 1892
Gambler_s_Ruin won the auction and was revealed [5c]
Flop [3c Kh 5h], Gambler_s_Ruin (39), UDF1 (20)
UDF1 bets 3385
Gambler_s_Ruin folds
Gambler_s_Ruin awarded -39
UDF1 awarded 39

Round #829, UDF1 (-159473), Gambler_s_Ruin (159473)
UDF1 posts blind: 10
Gambler_s_Ruin posts blind: 20
UDF1 received [8c Ks]
Gambler_s_Ruin received [Jh 9s]
UDF1 calls
Gambler_s_Ruin raises to 80
UDF1 raises to 431
Gambler_s_Ruin folds
UDF1 awarded 80
Gambler_s_Ruin awarded -80

Round #830, Gambler_s_Ruin (159393), UDF1 (-159393)
Gambler_s_Ruin posts blind: 10
UDF1 posts blind: 20
Gambler_s_Ruin received [7h 9h]
UDF1 received [Td Jh]
Gambler_s_Ruin calls
UDF1 checks
Flop [8s 5c Qh], Gambler_s_Ruin (20), UDF1 (20)
UDF1 bids 16
Gambler_s_Ruin bids 1892
Gambler_s_Ruin won the auction and was revealed [Td]
Flop [8s 5c Qh], Gambler_s_Ruin (36), UDF1 (20)
UDF1 bets 3088
Gambler_s_Ruin folds
Gambler_s_Ruin awarded -36
UDF1 awarded 36

Round #831, UDF1 (-159357), Gambler_s_Ruin (159357)
UDF1 posts blind: 10
Gambler_s_Ruin posts blind: 20
UDF1 received [7c 8c]
Gambler_s_Ruin received [7s Jh]
UDF1 calls
Gambler_s_Ruin raises to 80
UDF1 raises to 1474
Gambler_s_Ruin folds
UDF1 awarded 80
Gambler_s_Ruin awarded -80

Round #832, Gambler_s_Ruin (159277), UDF1 (-159277)
Gambler_s_Ruin posts blind: 10
UDF1 posts blind: 20
Gambler_s_Ruin received [Tc 4d]
UDF1 received [9c 6s]
Gambler_s_Ruin calls
UDF1 checks
Flop [2s 5s As], Gambler_s_Ruin (20), UDF1 (20)
UDF1 bids 18
Gambler_s_Ruin bids 1892
Gambler_s_Ruin won the auction and was revealed [6s]
Flop [2s 5s As], Gambler_s_Ruin (38), UDF1 (20)
UDF1 bets 2400
Gambler_s_Ruin folds
Gambler_s_Ruin awarded -38
UDF1 awarded 38

Round #833, UDF1 (-159239), Gambler_s_Ruin (159239)
UDF1 posts blind: 10
Gambler_s_Ruin posts blind: 20
UDF1 received [8c 3h]
Gambler_s_Ruin received [9d 6c]
UDF1 folds
UDF1 awarded -10
Gambler_s_Ruin awarded 10

Round #834, Gambler_s_Ruin (159249), UDF1 (-159249)
Gambler_s_Ruin posts blind: 10
UDF1 posts blind: 20
Gambler_s_Ruin received [8c 6h]
UDF1 received [6d 9c]
Gambler_s_Ruin calls
UDF1 checks
Flop [2c 5s 9d], Gambler_s_Ruin (20), UDF1 (20)
UDF1 bids 16
Gambler_s_Ruin bids 1892
Gambler_s_Ruin won the auction and was revealed [6d]
Flop [2c 5s 9d], Gambler_s_Ruin (36), UDF1 (20)
UDF1 bets 3122
Gambler_s_Ruin folds
Gambler_s_Ruin awarded -36
UDF1 awarded 36

Round #835, UDF1 (-159213), Gambler_s_Ruin (159213)
UDF1 posts blind: 10
Gambler_s_Ruin posts blind: 20
UDF1 received [3d 7d]
Gambler_s_Ruin received [3s Ks]
UDF1 folds
UDF1 awarded -10
Gambler_s_Ruin awarded 10

Round #836, Gambler_s_Ruin (159223), UDF1 (-159223)
Gambler_s_Ruin posts blind: 10
UDF1 posts blind: 20
Gambler_s_Ruin received [Tc Kc]
UDF1 received [3h Jc]
Gambler_s_Ruin raises to 60
UDF1 raises to 394
Gambler_s_Ruin folds
Gambler_s_Ruin awarded -60
UDF1 awarded 60

Round #837, UDF1 (-159163), Gambler_s_Ruin (159163)
UDF1 posts blind: 10
Gambler_s_Ruin posts blind: 20
UDF1 received [7s 2d]
Gambler_s_Ruin received [Jc 8s]
UDF1 raises to 337
Gambler_s_Ruin folds
UDF1 awarded 20
Gambler_s_Ruin awarded -20

Round #838, Gambler_s_Ruin (159143), UDF1 (-159143)
Gambler_s_Ruin posts blind: 10
UDF1 posts blind: 20
Gambler_s_Ruin received [9s 5h]
UDF1 received [Kh Jc]
Gambler_s_Ruin calls
UDF1 checks
Flop [Ac 6s 5d], Gambler_s_Ruin (20), UDF1 (20)
UDF1 bids 21
Gambler_s_Ruin bids 1892
Gambler_s_Ruin won the auction and was revealed [Kh]
Flop [Ac 6s 5d], Gambler_s_Ruin (41), UDF1 (20)
UDF1 bets 2731
Gambler_s_Ruin calls
Turn [Ac 6s 5d 8s], Gambler_s_Ruin (2772), UDF1 (2751)
UDF1 bets 1153
Gambler_s_Ruin calls
River [Ac 6s 5d 8s Ts], Gambler_s_Ruin (3925), UDF1 (3904)
UDF1 bets 557
Gambler_s_Ruin calls
Gambler_s_Ruin shows [9s 5h]
UDF1 shows [Kh Jc]
Gambler_s_Ruin awarded 4461
UDF1 awarded -4461

Round #839, UDF1 (-163604), Gambler_s_Ruin (163604)
UDF1 posts blind: 10
Gambler_s_Ruin posts blind: 20
UDF1 received [Ts 8c]
Gambler_s_Ruin received [Kh 9c]
UDF1 calls
Gambler_s_Ruin raises to 80
UDF1 raises to 431
Gambler_s_Ruin attempted illegal ActionRaise with amount 702
Gambler_s_Ruin folds
UDF1 awarded 80
Gambler_s_Ruin awarded -80

Round #840, Gambler_s_Ruin (163524), UDF1 (-163524)
Gambler_s_Ruin posts blind: 10
UDF1 posts blind: 20
Gambler_s_Ruin received [Ks Kc]
UDF1 received [9h 6c]
Gambler_s_Ruin raises to 60
UDF1 calls
Flop [6s 4d Ts], Gambler_s_Ruin (60), UDF1 (60)
UDF1 bids 30
Gambler_s_Ruin bids 1877
Gambler_s_Ruin won the auction and was revealed [6c]
Flop [6s 4d Ts], Gambler_s_Ruin (90), UDF1 (60)
UDF1 bets 3184
Gambler_s_Ruin raises to 4910
UDF1 calls
Turn [6s 4d Ts 8h], Gambler_s_Ruin (5000), UDF1 (4970)
UDF1 checks
Gambler_s_Ruin checks
River [6s 4d Ts 8h 2c], Gambler_s_Ruin (5000), UDF1 (4970)
UDF1 checks
Gambler_s_Ruin checks
Gambler_s_Ruin shows [Ks Kc]
UDF1 shows [9h 6c]
Gambler_s_Ruin awarded 4970
UDF1 awarded -4970

Round #841, UDF1 (-168494), Gambler_s_Ruin (168494)
UDF1 posts blind: 10
Gambler_s_Ruin posts blind: 20
UDF1 received [4d Ts]
Gambler_s_Ruin received [9c 2s]
UDF1 calls
Gambler_s_Ruin checks
Flop [8d Tc 8s], UDF1 (20), Gambler_s_Ruin (20)
Gambler_s_Ruin bids 1892
UDF1 bids 18
Gambler_s_Ruin won the auction and was revealed [4d]
Flop [8d Tc 8s], UDF1 (20), Gambler_s_Ruin (38)
Gambler_s_Ruin bets 63
UDF1 raises to 2861
Gambler_s_Ruin folds
UDF1 awarded 101
Gambler_s_Ruin awarded -101

Round #842, Gambler_s_Ruin (168393), UDF1 (-168393)
Gambler_s_Ruin posts blind: 10
UDF1 posts blind: 20
Gambler_s_Ruin received [Qc 3s]
UDF1 received [9c 3d]
Gambler_s_Ruin calls
UDF1 checks
Flop [2c Jc 5h], Gambler_s_Ruin (20), UDF1 (20)
UDF1 bids 19
Gambler_s_Ruin bids 1892
Gambler_s_Ruin won the auction and was revealed [3d]
Flop [2c Jc 5h], Gambler_s_Ruin (39), UDF1 (20)
UDF1 bets 2778
Gambler_s_Ruin raises to 4961
UDF1 calls
Turn [2c Jc 5h 8h], Gambler_s_Ruin (5000), UDF1 (4981)
UDF1 checks
Gambler_s_Ruin checks
River [2c Jc 5h 8h 4c], Gambler_s_Ruin (5000), UDF1 (4981)
UDF1 checks
Gambler_s_Ruin checks
Gambler_s_Ruin shows [Qc 3s]
UDF1 shows [9c 3d]
Gambler_s_Ruin awarded 4981
UDF1 awarded -4981

Round #843, UDF1 (-173374), Gambler_s_Ruin (173374)
UDF1 posts blind: 10
Gambler_s_Ruin posts blind: 20
UDF1 received [Jc 7d]
Gambler_s_Ruin received [5h 8s]
UDF1 calls
Gambler_s_Ruin checks
Flop [7c 8h 5d], UDF1 (20), Gambler_s_Ruin (20)
Gambler_s_Ruin bids 1892
UDF1 bids 18
Gambler_s_Ruin won the auction and was revealed [7d]
Flop [7c 8h 5d], UDF1 (20), Gambler_s_Ruin (38)
Gambler_s_Ruin bets 54
UDF1 raises to 3028
Gambler_s_Ruin raises to 4962
UDF1 calls
Turn [7c 8h 5d 5c], UDF1 (4982), Gambler_s_Ruin (5000)
Gambler_s_Ruin checks
UDF1 checks
River [7c 8h 5d 5c Qc], UDF1 (4982), Gambler_s_Ruin (5000)
Gambler_s_Ruin checks
UDF1 checks
UDF1 shows [Jc 7d]
Gambler_s_Ruin shows [5h 8s]
UDF1 awarded -4982
Gambler_s_Ruin awarded 4982

Round #844, Gambler_s_Ruin (178356), UDF1 (-178356)
Gambler_s_Ruin posts blind: 10
UDF1 posts blind: 20
Gambler_s_Ruin received [Tc Js]
UDF1 received [2h 3c]
Gambler_s_Ruin calls
UDF1 checks
Flop [9h 8c Kh], Gambler_s_Ruin (20), UDF1 (20)
UDF1 bids 18
Gambler_s_Ruin bids 1892
Gambler_s_Ruin won the auction and was revealed [2h]
Flop [9h 8c Kh], Gambler_s_Ruin (38), UDF1 (20)
UDF1 bets 2175
Gambler_s_Ruin raises to 4350
UDF1 folds
Gambler_s_Ruin awarded 2195
UDF1 awarded -2195

Round #845, UDF1 (-180551), Gambler_s_Ruin (180551)
UDF1 posts blind: 10
Gambler_s_Ruin posts blind: 20
UDF1 received [Qc Jc]
Gambler_s_Ruin received [4s Jh]
UDF1 raises to 3399
Gambler_s_Ruin folds
UDF1 awarded 20
Gambler_s_Ruin awarded -20

Round #846, Gambler_s_Ruin (180531), UDF1 (-180531)
Gambler_s_Ruin posts blind: 10
UDF1 posts blind: 20
Gambler_s_Ruin received [Td Qd]
UDF1 received [4s 4h]
Gambler_s_Ruin calls
UDF1 checks
Flop [2h 3d 6h], Gambler_s_Ruin (20), UDF1 (20)
UDF1 bids 18
Gambler_s_Ruin bids 1892
Gambler_s_Ruin won the auction and was revealed [4s]
Flop [2h 3d 6h], Gambler_s_Ruin (38), UDF1 (20)
UDF1 bets 2885
Gambler_s_Ruin folds
Gambler_s_Ruin awarded -38
UDF1 awarded 38

Round #847, UDF1 (-180493), Gambler_s_Ruin (180493)
UDF1 posts blind: 10
Gambler_s_Ruin posts blind: 20
UDF1 received [Qc Jc]
Gambler_s_Ruin received [7h 4d]
UDF1 raises to 3616
Gambler_s_Ruin folds
UDF1 awarded 20
Gambler_s_Ruin awarded -20

Round #848, Gambler_s_Ruin (180473), UDF1 (-180473)
Gambler_s_Ruin posts blind: 10
UDF1 posts blind: 20
Gambler_s_Ruin received [7d 8h]
UDF1 received [Tc Jh]
Gambler_s_Ruin calls
UDF1 checks
Flop [3h 7c 6c], Gambler_s_Ruin (20), UDF1 (20)
UDF1 bids 21
Gambler_s_Ruin bids 1892
Gambler_s_Ruin won the auction and was revealed [Tc]
Flop [3h 7c 6c], Gambler_s_Ruin (41), UDF1 (20)
UDF1 bets 2679
Gambler_s_Ruin calls
Turn [3h 7c 6c 8c], Gambler_s_Ruin (2720), UDF1 (2699)
UDF1 bets 1001
Gambler_s_Ruin calls
River [3h 7c 6c 8c 9d], Gambler_s_Ruin (3721), UDF1 (3700)
UDF1 bets 875
Gambler_s_Ruin folds
Gambler_s_Ruin awarded -3721
UDF1 awarded 3721

Round #849, UDF1 (-176752), Gambler_s_Ruin (176752)
UDF1 posts blind: 10
Gambler_s_Ruin posts blind: 20
UDF1 received [2c 8d]
Gambler_s_Ruin received [Td 6d]
UDF1 raises to 337
Gambler_s_Ruin attempted illegal ActionRaise with amount 634
Gambler_s_Ruin folds
UDF1 awarded 20
Gambler_s_Ruin awarded -20

Round #850, Gambler_s_Ruin (176732), UDF1 (-176732)
Gambler_s_Ruin posts blind: 10
UDF1 posts blind: 20
Gambler_s_Ruin received [9c 2s]
UDF1 received [Jd Ad]
Gambler_s_Ruin calls
UDF1 raises to 3789
Gambler_s_Ruin folds
Gambler_s_Ruin awarded -20
UDF1 awarded 20

Round #851, UDF1 (-176712), Gambler_s_Ruin (176712)
UDF1 posts blind: 10
Gambler_s_Ruin posts blind: 20
UDF1 received [Ks 4s]
Gambler_s_Ruin received [5s 9s]
UDF1 calls
Gambler_s_Ruin raises to 80
UDF1 folds
UDF1 awarded -20
Gambler_s_Ruin awarded 20

Round #852, Gambler_s_Ruin (176732), UDF1 (-176732)
Gambler_s_Ruin posts blind: 10
UDF1 posts blind: 20
Gambler_s_Ruin received [4c Ts]
UDF1 received [7h 9s]
Gambler_s_Ruin calls
UDF1 checks
Flop [Qh 3c 5d], Gambler_s_Ruin (20), UDF1 (20)
UDF1 bids 17
Gambler_s_Ruin bids 1892
Gambler_s_Ruin won the auction and was revealed [9s]
Flop [Qh 3c 5d], Gambler_s_Ruin (37), UDF1 (20)
UDF1 bets 2376
Gambler_s_Ruin folds
Gambler_s_Ruin awarded -37
UDF1 awarded 37

Round #853, UDF1 (-176695), Gambler_s_Ruin (176695)
UDF1 posts blind: 10
Gambler_s_Ruin posts blind: 20
UDF1 received [Kd 6s]
Gambler_s_Ruin received [2h Ts]
UDF1 folds
UDF1 awarded -10
Gambler_s_Ruin awarded 10

Round #854, Gambler_s_Ruin (176705), UDF1 (-176705)
Gambler_s_Ruin posts blind: 10
UDF1 posts blind: 20
Gambler_s_Ruin received [4c 4h]
UDF1 received [Jc Kd]
Gambler_s_Ruin calls
UDF1 checks
Flop [9c 9d 2d], Gambler_s_Ruin (20), UDF1 (20)
UDF1 bids 16
Gambler_s_Ruin bids 1892
Gambler_s_Ruin won the auction and was revealed [Jc]
Flop [9c 9d 2d], Gambler_s_Ruin (36), UDF1 (20)
UDF1 bets 2936
Gambler_s_Ruin calls
Turn [9c 9d 2d Jd], Gambler_s_Ruin (2972), UDF1 (2956)
UDF1 bets 1055
Gambler_s_Ruin folds
Gambler_s_Ruin awarded -2972
UDF1 awarded 2972

Round #855, UDF1 (-173733), Gambler_s_Ruin (173733)
UDF1 posts blind: 10
Gambler_s_Ruin posts blind: 20
UDF1 received [2d 5s]
Gambler_s_Ruin received [6s 6d]
UDF1 folds
UDF1 awarded -10
Gambler_s_Ruin awarded 10

Round #856, Gambler_s_Ruin (173743), UDF1 (-173743)
Gambler_s_Ruin posts blind: 10
UDF1 posts blind: 20
Gambler_s_Ruin received [9h 6s]
UDF1 received [2s Qs]
Gambler_s_Ruin calls
UDF1 checks
Flop [2h 4d 4c], Gambler_s_Ruin (20), UDF1 (20)
UDF1 bids 16
Gambler_s_Ruin bids 1892
Gambler_s_Ruin won the auction and was revealed [Qs]
Flop [2h 4d 4c], Gambler_s_Ruin (36), UDF1 (20)
UDF1 bets 2545
Gambler_s_Ruin folds
Gambler_s_Ruin awarded -36
UDF1 awarded 36

Round #857, UDF1 (-173707), Gambler_s_Ruin (173707)
UDF1 posts blind: 10
Gambler_s_Ruin posts blind: 20
UDF1 received [7s 9c]
Gambler_s_Ruin received [9d 4s]
UDF1 raises to 337
Gambler_s_Ruin folds
UDF1 awarded 20
Gambler_s_Ruin awarded -20

Round #858, Gambler_s_Ruin (173687), UDF1 (-173687)
Gambler_s_Ruin posts blind: 10
UDF1 posts blind: 20
Gambler_s_Ruin received [6c 2h]
UDF1 received [9c As]
Gambler_s_Ruin folds
Gambler_s_Ruin awarded -10
UDF1 awarded 10

Round #859, UDF1 (-173677), Gambler_s_Ruin (173677)
UDF1 posts blind: 10
Gambler_s_Ruin posts blind: 20
UDF1 received [Qh 2s]
Gambler_s_Ruin received [6c 8d]
UDF1 folds
UDF1 awarded -10
Gambler_s_Ruin awarded 10

Round #860, Gambler_s_Ruin (173687), UDF1 (-173687)
Gambler_s_Ruin posts blind: 10
UDF1 posts blind: 20
Gambler_s_Ruin received [Jd 4s]
UDF1 received [9h Ad]
Gambler_s_Ruin calls
UDF1 checks
Flop [2h 6h 9c], Gambler_s_Ruin (20), UDF1 (20)
UDF1 bids 16
Gambler_s_Ruin bids 1892
Gambler_s_Ruin won the auction and was revealed [9h]
Flop [2h 6h 9c], Gambler_s_Ruin (36), UDF1 (20)
UDF1 bets 3249
Gambler_s_Ruin folds
Gambler_s_Ruin awarded -36
UDF1 awarded 36

Round #861, UDF1 (-173651), Gambler_s_Ruin (173651)
UDF1 posts blind: 10
Gambler_s_Ruin posts blind: 20
UDF1 received [9d 9s]
Gambler_s_Ruin received [6c 4s]
UDF1 raises to 3587
Gambler_s_Ruin folds
UDF1 awarded 20
Gambler_s_Ruin awarded -20

Round #862, Gambler_s_Ruin (173631), UDF1 (-173631)
Gambler_s_Ruin posts blind: 10
UDF1 posts blind: 20
Gambler_s_Ruin received [2h 6c]
UDF1 received [7d Kc]
Gambler_s_Ruin folds
Gambler_s_Ruin awarded -10
UDF1 awarded 10

Round #863, UDF1 (-173621), Gambler_s_Ruin (173621)
UDF1 posts blind: 10
Gambler_s_Ruin posts blind: 20
UDF1 received [8c 2d]
Gambler_s_Ruin received [4c 7d]
UDF1 folds
UDF1 awarded -10
Gambler_s_Ruin awarded 10

Round #864, Gambler_s_Ruin (173631), UDF1 (-173631)
Gambler_s_Ruin posts blind: 10
UDF1 posts blind: 20
Gambler_s_Ruin received [Ad 2s]
UDF1 received [7s 2h]
Gambler_s_Ruin calls
UDF1 checks
Flop [Kh Kc Qd], Gambler_s_Ruin (20), UDF1 (20)
UDF1 bids 23
Gambler_s_Ruin bids 1892
Gambler_s_Ruin won the auction and was revealed [2h]
Flop [Kh Kc Qd], Gambler_s_Ruin (43), UDF1 (20)
UDF1 bets 2381
Gambler_s_Ruin raises to 4762
UDF1 folds
Gambler_s_Ruin awarded 2401
UDF1 awarded -2401

Round #865, UDF1 (-176032), Gambler_s_Ruin (176032)
UDF1 posts blind: 10
Gambler_s_Ruin posts blind: 20
UDF1 received [4c Th]
Gambler_s_Ruin received [6h 4h]
UDF1 calls
Gambler_s_Ruin checks
Flop [3d 2h 6c], UDF1 (20), Gambler_s_Ruin (20)
Gambler_s_Ruin bids 1892
UDF1 bids 0
Gambler_s_Ruin won the auction and was revealed [4c]
Flop [3d 2h 6c], UDF1 (20), Gambler_s_Ruin (20)
Gambler_s_Ruin bets 43
UDF1 folds
UDF1 awarded -20
Gambler_s_Ruin awarded 20

Round #866, Gambler_s_Ruin (176052), UDF1 (-176052)
Gambler_s_Ruin posts blind: 10
UDF1 posts blind: 20
Gambler_s_Ruin received [2c Qs]
UDF1 received [Ts 9h]
Gambler_s_Ruin calls
UDF1 checks
Flop [5d 4d Kh], Gambler_s_Ruin (20), UDF1 (20)
UDF1 bids 0
Gambler_s_Ruin bids 1892
Gambler_s_Ruin won the auction and was revealed [9h]
Flop [5d 4d Kh], Gambler_s_Ruin (20), UDF1 (20)
UDF1 bets 2621
Gambler_s_Ruin raises to 4980
UDF1 calls
Turn [5d 4d Kh 7c], Gambler_s_Ruin (5000), UDF1 (5000)
UDF1 checks
Gambler_s_Ruin checks
River [5d 4d Kh 7c 8c], Gambler_s_Ruin (5000), UDF1 (5000)
UDF1 checks
Gambler_s_Ruin checks
Gambler_s_Ruin shows [2c Qs]
UDF1 shows [Ts 9h]
Gambler_s_Ruin awarded 5000
UDF1 awarded -5000

Round #867, UDF1 (-181052), Gambler_s_Ruin (181052)
UDF1 posts blind: 10
Gambler_s_Ruin posts blind: 20
UDF1 received [6d 4c]
Gambler_s_Ruin received [Kc 4h]
UDF1 raises to 337
Gambler_s_Ruin folds
UDF1 awarded 20
Gambler_s_Ruin awarded -20

Round #868, Gambler_s_Ruin (181032), UDF1 (-181032)
Gambler_s_Ruin posts blind: 10
UDF1 posts blind: 20
Gambler_s_Ruin received [7s Jc]
UDF1 received [4h Qc]
Gambler_s_Ruin calls
UDF1 checks
Flop [Qh Js 5d], Gambler_s_Ruin (20), UDF1 (20)
UDF1 bids 19
Gambler_s_Ruin bids 1892
Gambler_s_Ruin won the auction and was revealed [4h]
Flop [Qh Js 5d], Gambler_s_Ruin (39), UDF1 (20)
UDF1 bets 3160
Gambler_s_Ruin raises to 4961
UDF1 calls
Turn [Qh Js 5d 9h], Gambler_s_Ruin (5000), UDF1 (4981)
UDF1 checks
Gambler_s_Ruin checks
River [Qh Js 5d 9h Qd], Gambler_s_Ruin (5000), UDF1 (4981)
UDF1 checks
Gambler_s_Ruin checks
Gambler_s_Ruin shows [7s Jc]
UDF1 shows [4h Qc]
Gambler_s_Ruin awarded -5000
UDF1 awarded 5000

Round #869, UDF1 (-176032), Gambler_s_Ruin (176032)
UDF1 posts blind: 10
Gambler_s_Ruin posts blind: 20
UDF1 received [3c 6d]
Gambler_s_Ruin received [6h 8c]
UDF1 calls
Gambler_s_Ruin checks
Flop [7s Ah 9s], UDF1 (20), Gambler_s_Ruin (20)
Gambler_s_Ruin bids 1892
UDF1 bids 18
Gambler_s_Ruin won the auction and was revealed [3c]
Flop [7s Ah 9s], UDF1 (20), Gambler_s_Ruin (38)
Gambler_s_Ruin bets 65
UDF1 folds
UDF1 awarded -20
Gambler_s_Ruin awarded 20

Round #870, Gambler_s_Ruin (176052), UDF1 (-176052)
Gambler_s_Ruin posts blind: 10
UDF1 posts blind: 20
Gambler_s_Ruin received [3c 8h]
UDF1 received [Jc Qc]
Gambler_s_Ruin calls
UDF1 raises to 3380
Gambler_s_Ruin folds
Gambler_s_Ruin awarded -20
UDF1 awarded 20

Round #871, UDF1 (-176032), Gambler_s_Ruin (176032)
UDF1 posts blind: 10
Gambler_s_Ruin posts blind: 20
UDF1 received [7d 2d]
Gambler_s_Ruin received [4s 2h]
UDF1 calls
Gambler_s_Ruin checks
Flop [Ac Qc 8d], UDF1 (20), Gambler_s_Ruin (20)
Gambler_s_Ruin bids 1892
UDF1 bids 16
Gambler_s_Ruin won the auction and was revealed [7d]
Flop [Ac Qc 8d], UDF1 (20), Gambler_s_Ruin (36)
Gambler_s_Ruin checks
UDF1 bets 2282
Gambler_s_Ruin folds
UDF1 awarded 36
Gambler_s_Ruin awarded -36

Round #872, Gambler_s_Ruin (175996), UDF1 (-175996)
Gambler_s_Ruin posts blind: 10
UDF1 posts blind: 20
Gambler_s_Ruin received [3c Ah]
UDF1 received [8s 9c]
Gambler_s_Ruin calls
UDF1 checks
Flop [9s 7h Js], Gambler_s_Ruin (20), UDF1 (20)
UDF1 bids 22
Gambler_s_Ruin bids 1892
Gambler_s_Ruin won the auction and was revealed [8s]
Flop [9s 7h Js], Gambler_s_Ruin (42), UDF1 (20)
UDF1 bets 3270
Gambler_s_Ruin folds
Gambler_s_Ruin awarded -42
UDF1 awarded 42

Round #873, UDF1 (-175954), Gambler_s_Ruin (175954)
UDF1 posts blind: 10
Gambler_s_Ruin posts blind: 20
UDF1 received [7s Kd]
Gambler_s_Ruin received [6s 3c]
UDF1 folds
UDF1 awarded -10
Gambler_s_Ruin awarded 10

Round #874, Gambler_s_Ruin (175964), UDF1 (-175964)
Gambler_s_Ruin posts blind: 10
UDF1 posts blind: 20
Gambler_s_Ruin received [2s 3c]
UDF1 received [Th 4s]
Gambler_s_Ruin folds
Gambler_s_Ruin awarded -10
UDF1 awarded 10

Round #875, UDF1 (-175954), Gambler_s_Ruin (175954)
UDF1 posts blind: 10
Gambler_s_Ruin posts blind: 20
UDF1 received [Td 3c]
Gambler_s_Ruin received [Jh 2s]
UDF1 calls
Gambler_s_Ruin checks
Flop [Ad Jd 5c], UDF1 (20), Gambler_s_Ruin (20)
Gambler_s_Ruin bids 1892
UDF1 bids 0
Gambler_s_Ruin won the auction and was revealed [3c]
Flop [Ad Jd 5c], UDF1 (20), Gambler_s_Ruin (20)
Gambler_s_Ruin bets 45
UDF1 folds
UDF1 awarded -20
Gambler_s_Ruin awarded 20

Round #876, Gambler_s_Ruin (175974), UDF1 (-175974)
Gambler_s_Ruin posts blind: 10
UDF1 posts blind: 20
Gambler_s_Ruin received [2s 9s]
UDF1 received [6s 3d]
Gambler_s_Ruin calls
UDF1 checks
Flop [Qs Ac Jh], Gambler_s_Ruin (20), UDF1 (20)
UDF1 bids 16
Gambler_s_Ruin bids 1892
Gambler_s_Ruin won the auction and was revealed [6s]
Flop [Qs Ac Jh], Gambler_s_Ruin (36), UDF1 (20)
UDF1 bets 2430
Gambler_s_Ruin calls
Turn [Qs Ac Jh Ad], Gambler_s_Ruin (2466), UDF1 (2450)
UDF1 bets 927
Gambler_s_Ruin calls
River [Qs Ac Jh Ad 4s], Gambler_s_Ruin (3393), UDF1 (3377)
UDF1 bets 630
Gambler_s_Ruin calls
Gambler_s_Ruin shows [2s 9s]
UDF1 shows [6s 3d]
Gambler_s_Ruin awarded 4007
UDF1 awarded -4007

Round #877, UDF1 (-179981), Gambler_s_Ruin (179981)
UDF1 posts blind: 10
Gambler_s_Ruin posts blind: 20
UDF1 received [4d Kd]
Gambler_s_Ruin received [3c 2c]
UDF1 folds
UDF1 awarded -10
Gambler_s_Ruin awarded 10

Round #878, Gambler_s_Ruin (179991), UDF1 (-179991)
Gambler_s_Ruin posts blind: 10
UDF1 posts blind: 20
Gambler_s_Ruin received [3h Td]
UDF1 received [Qh Kc]
Gambler_s_Ruin calls
UDF1 raises to 3532
Gambler_s_Ruin folds
Gambler_s_Ruin awarded -20
UDF1 awarded 20

Round #879, UDF1 (-179971), Gambler_s_Ruin (179971)
UDF1 posts blind: 10
Gambler_s_Ruin posts blind: 20
UDF1 received [Qs Js]
Gambler_s_Ruin received [8d 5c]
UDF1 raises to 3424
Gambler_s_Ruin folds
UDF1 awarded 20
Gambler_s_Ruin awarded -20

Round #880, Gambler_s_Ruin (179951), UDF1 (-179951)
Gambler_s_Ruin posts blind: 10
UDF1 posts blind: 20
Gambler_s_Ruin received [4s 7h]
UDF1 received [3h 5d]
Gambler_s_Ruin folds
Gambler_s_Ruin awarded -10
UDF1 awarded 10

Round #881, UDF1 (-179941), Gambler_s_Ruin (179941)
UDF1 posts blind: 10
Gambler_s_Ruin posts blind: 20
UDF1 received [8c Jc]
Gambler_s_Ruin received [6s 3h]
UDF1 calls
Gambler_s_Ruin checks
Flop [6d 3d Ac], UDF1 (20), Gambler_s_Ruin (20)
Gambler_s_Ruin bids 1892
UDF1 bids 17
Gambler_s_Ruin won the auction and was revealed [8c]
Flop [6d 3d Ac], UDF1 (20), Gambler_s_Ruin (37)
Gambler_s_Ruin bets 51
UDF1 calls
Turn [6d 3d Ac 6h], UDF1 (71), Gambler_s_Ruin (88)
Gambler_s_Ruin bets 142
UDF1 folds
UDF1 awarded -71
Gambler_s_Ruin awarded 71

Round #882, Gambler_s_Ruin (180012), UDF1 (-180012)
Gambler_s_Ruin posts blind: 10
UDF1 posts blind: 20
Gambler_s_Ruin received [Qc Kh]
UDF1 received [Jc 6s]
Gambler_s_Ruin raises to 60
UDF1 calls
Flop [7h 2h 7d], Gambler_s_Ruin (60), UDF1 (60)
UDF1 bids 24
Gambler_s_Ruin bids 1877
Gambler_s_Ruin won the auction and was revealed [6s]
Flop [7h 2h 7d], Gambler_s_Ruin (84), UDF1 (60)
UDF1 bets 2176
Gambler_s_Ruin raises to 4352
UDF1 calls
Turn [7h 2h 7d Th], Gambler_s_Ruin (4436), UDF1 (4412)
UDF1 bets 248
Gambler_s_Ruin raises to 564
UDF1 calls
River [7h 2h 7d Th 5c], Gambler_s_Ruin (5000), UDF1 (4976)
UDF1 checks
Gambler_s_Ruin checks
Gambler_s_Ruin shows [Qc Kh]
UDF1 shows [Jc 6s]
Gambler_s_Ruin awarded 4976
UDF1 awarded -4976

Round #883, UDF1 (-184988), Gambler_s_Ruin (184988)
UDF1 posts blind: 10
Gambler_s_Ruin posts blind: 20
UDF1 received [5s Ts]
Gambler_s_Ruin received [Ah 6c]
UDF1 calls
Gambler_s_Ruin raises to 80
UDF1 calls
Flop [7d Td Jh], UDF1 (80), Gambler_s_Ruin (80)
Gambler_s_Ruin bids 1869
UDF1 bids 33
Gambler_s_Ruin won the auction and was revealed [Ts]
Flop [7d Td Jh], UDF1 (80), Gambler_s_Ruin (113)
Gambler_s_Ruin checks
UDF1 bets 3334
Gambler_s_Ruin folds
UDF1 awarded 113
Gambler_s_Ruin awarded -113

Round #884, Gambler_s_Ruin (184875), UDF1 (-184875)
Gambler_s_Ruin posts blind: 10
UDF1 posts blind: 20
Gambler_s_Ruin received [9h 7h]
UDF1 received [8s 8d]
Gambler_s_Ruin calls
UDF1 checks
Flop [5d 6s Kc], Gambler_s_Ruin (20), UDF1 (20)
UDF1 bids 0
Gambler_s_Ruin bids 1892
Gambler_s_Ruin won the auction and was revealed [8s]
Flop [5d 6s Kc], Gambler_s_Ruin (20), UDF1 (20)
UDF1 bets 3164
Gambler_s_Ruin raises to 4980
UDF1 calls
Turn [5d 6s Kc Js], Gambler_s_Ruin (5000), UDF1 (5000)
UDF1 checks
Gambler_s_Ruin checks
River [5d 6s Kc Js Tc], Gambler_s_Ruin (5000), UDF1 (5000)
UDF1 checks
Gambler_s_Ruin checks
Gambler_s_Ruin shows [9h 7h]
UDF1 shows [8s 8d]
Gambler_s_Ruin awarded -5000
UDF1 awarded 5000

Round #885, UDF1 (-179875), Gambler_s_Ruin (179875)
UDF1 posts blind: 10
Gambler_s_Ruin posts blind: 20
UDF1 received [Jh 5s]
Gambler_s_Ruin received [Jc 2d]
UDF1 folds
UDF1 awarded -10
Gambler_s_Ruin awarded 10

Round #886, Gambler_s_Ruin (179885), UDF1 (-179885)
Gambler_s_Ruin posts blind: 10
UDF1 posts blind: 20
Gambler_s_Ruin received [4s 9d]
UDF1 received [7d 5c]
Gambler_s_Ruin calls
UDF1 checks
Flop [7c 9h 4d], Gambler_s_Ruin (20), UDF1 (20)
UDF1 bids 16
Gambler_s_Ruin bids 1892
Gambler_s_Ruin won the auction and was revealed [5c]
Flop [7c 9h 4d], Gambler_s_Ruin (36), UDF1 (20)
UDF1 bets 3339
Gambler_s_Ruin raises to 4964
UDF1 calls
Turn [7c 9h 4d Jh], Gambler_s_Ruin (5000), UDF1 (4984)
UDF1 checks
Gambler_s_Ruin checks
River [7c 9h 4d Jh Ac], Gambler_s_Ruin (5000), UDF1 (4984)
UDF1 checks
Gambler_s_Ruin checks
Gambler_s_Ruin shows [4s 9d]
UDF1 shows [7d 5c]
Gambler_s_Ruin awarded 4984
UDF1 awarded -4984

Round #887, UDF1 (-184869), Gambler_s_Ruin (184869)
UDF1 posts blind: 10
Gambler_s_Ruin posts blind: 20
UDF1 received [4c 2h]
Gambler_s_Ruin received [8h Th]
UDF1 folds
UDF1 awarded -10
Gambler_s_Ruin awarded 10

Round #888, Gambler_s_Ruin (184879), UDF1 (-184879)
Gambler_s_Ruin posts blind: 10
UDF1 posts blind: 20
Gambler_s_Ruin received [Qs Ad]
UDF1 received [6s Ts]
Gambler_s_Ruin raises to 60
UDF1 calls
Flop [7s 4s 3d], Gambler_s_Ruin (60), UDF1 (60)
UDF1 bids 30
Gambler_s_Ruin bids 1877
Gambler_s_Ruin won the auction and was revealed [Ts]
Flop [7s 4s 3d], Gambler_s_Ruin (90), UDF1 (60)
UDF1 bets 2860
Gambler_s_Ruin folds
Gambler_s_Ruin awarded -90
UDF1 awarded 90

Round #889, UDF1 (-184789), Gambler_s_Ruin (184789)
UDF1 posts blind: 10
Gambler_s_Ruin posts blind: 20
UDF1 received [Ac 7h]
Gambler_s_Ruin received [Ah Td]
UDF1 raises to 337
Gambler_s_Ruin raises to 951
UDF1 folds
UDF1 awarded -337
Gambler_s_Ruin awarded 337

Round #890, Gambler_s_Ruin (185126), UDF1 (-185126)
Gambler_s_Ruin posts blind: 10
UDF1 posts blind: 20
Gambler_s_Ruin received [7c Jc]
UDF1 received [6h Th]
Gambler_s_Ruin calls
UDF1 checks
Flop [2h Kd 8c], Gambler_s_Ruin (20), UDF1 (20)
UDF1 bids 0
Gambler_s_Ruin bids 1892
Gambler_s_Ruin won the auction and was revealed [Th]
Flop [2h Kd 8c], Gambler_s_Ruin (20), UDF1 (20)
UDF1 bets 2799
Gambler_s_Ruin folds
Gambler_s_Ruin awarded -20
UDF1 awarded 20

Round #891, UDF1 (-185106), Gambler_s_Ruin (185106)
UDF1 posts blind: 10
Gambler_s_Ruin posts blind: 20
UDF1 received [8c Jh]
Gambler_s_Ruin received [Kc 6s]
UDF1 folds
UDF1 awarded -10
Gambler_s_Ruin awarded 10

Round #892, Gambler_s_Ruin (185116), UDF1 (-185116)
Gambler_s_Ruin posts blind: 10
UDF1 posts blind: 20
Gambler_s_Ruin received [8h 3c]
UDF1 received [5h 2d]
Gambler_s_Ruin calls
UDF1 checks
Flop [7d 2c 2h], Gambler_s_Ruin (20), UDF1 (20)
UDF1 bids 21
Gambler_s_Ruin bids 1892
Gambler_s_Ruin won the auction and was revealed [5h]
Flop [7d 2c 2h], Gambler_s_Ruin (41), UDF1 (20)
UDF1 bets 3328
Gambler_s_Ruin folds
Gambler_s_Ruin awarded -41
UDF1 awarded 41

Round #893, UDF1 (-185075), Gambler_s_Ruin (185075)
UDF1 posts blind: 10
Gambler_s_Ruin posts blind: 20
UDF1 received [9d Ts]
Gambler_s_Ruin received [8s 2h]
UDF1 raises to 337
Gambler_s_Ruin folds
UDF1 awarded 20
Gambler_s_Ruin awarded -20

Round #894, Gambler_s_Ruin (185055), UDF1 (-185055)
Gambler_s_Ruin posts blind: 10
UDF1 posts blind: 20
Gambler_s_Ruin received [3h 5d]
UDF1 received [Qd 3s]
Gambler_s_Ruin folds
Gambler_s_Ruin awarded -10
UDF1 awarded 10

Round #895, UDF1 (-185045), Gambler_s_Ruin (185045)
UDF1 posts blind: 10
Gambler_s_Ruin posts blind: 20
UDF1 received [8d 5c]
Gambler_s_Ruin received [3s 2h]
UDF1 folds
UDF1 awarded -10
Gambler_s_Ruin awarded 10

Round #896, Gambler_s_Ruin (185055), UDF1 (-185055)
Gambler_s_Ruin posts blind: 10
UDF1 posts blind: 20
Gambler_s_Ruin received [4c 6h]
UDF1 received [Qs 7h]
Gambler_s_Ruin folds
Gambler_s_Ruin awarded -10
UDF1 awarded 10

Round #897, UDF1 (-185045), Gambler_s_Ruin (185045)
UDF1 posts blind: 10
Gambler_s_Ruin posts blind: 20
UDF1 received [6d 5h]
Gambler_s_Ruin received [Ad Ks]
UDF1 folds
UDF1 awarded -10
Gambler_s_Ruin awarded 10

Round #898, Gambler_s_Ruin (185055), UDF1 (-185055)
Gambler_s_Ruin posts blind: 10
UDF1 posts blind: 20
Gambler_s_Ruin received [6h 9h]
UDF1 received [5h 8d]
Gambler_s_Ruin calls
UDF1 checks
Flop [4c Qc Ks], Gambler_s_Ruin (20), UDF1 (20)
UDF1 bids 19
Gambler_s_Ruin bids 1892
Gambler_s_Ruin won the auction and was revealed [5h]
Flop [4c Qc Ks], Gambler_s_Ruin (39), UDF1 (20)
UDF1 bets 2668
Gambler_s_Ruin folds
Gambler_s_Ruin awarded -39
UDF1 awarded 39

Round #899, UDF1 (-185016), Gambler_s_Ruin (185016)
UDF1 posts blind: 10
Gambler_s_Ruin posts blind: 20
UDF1 received [4c 3h]
Gambler_s_Ruin received [Kc 2d]
UDF1 calls
Gambler_s_Ruin checks
Flop [Td 3d Qh], UDF1 (20), Gambler_s_Ruin (20)
Gambler_s_Ruin bids 1892
UDF1 bids 0
Gambler_s_Ruin won the auction and was revealed [4c]
Flop [Td 3d Qh], UDF1 (20), Gambler_s_Ruin (20)
Gambler_s_Ruin bets 43
UDF1 calls
Turn [Td 3d Qh 5d], UDF1 (63), Gambler_s_Ruin (63)
Gambler_s_Ruin bets 137
UDF1 calls
River [Td 3d Qh 5d 3s], UDF1 (200), Gambler_s_Ruin (200)
Gambler_s_Ruin bets 435
UDF1 raises to 3193
Gambler_s_Ruin raises to 4800
UDF1 calls
UDF1 shows [4c 3h]
Gambler_s_Ruin shows [Kc 2d]
UDF1 awarded 5000
Gambler_s_Ruin awarded -5000

Round #900, Gambler_s_Ruin (180016), UDF1 (-180016)
Gambler_s_Ruin posts blind: 10
UDF1 posts blind: 20
Gambler_s_Ruin received [7c 8h]
UDF1 received [2d Ad]
Gambler_s_Ruin calls
UDF1 checks
Flop [4s Kc Jc], Gambler_s_Ruin (20), UDF1 (20)
UDF1 bids 17
Gambler_s_Ruin bids 1892
Gambler_s_Ruin won the auction and was revealed [Ad]
Flop [4s Kc Jc], Gambler_s_Ruin (37), UDF1 (20)
UDF1 bets 2978
Gambler_s_Ruin folds
Gambler_s_Ruin awarded -37
UDF1 awarded 37

Round #901, UDF1 (-179979), Gambler_s_Ruin (179979)
UDF1 posts blind: 10
Gambler_s_Ruin posts blind: 20
UDF1 received [2s 4h]
Gambler_s_Ruin received [2h 6d]
UDF1 folds
UDF1 awarded -10
Gambler_s_Ruin awarded 10

Round #902, Gambler_s_Ruin (179989), UDF1 (-179989)
Gambler_s_Ruin posts blind: 10
UDF1 posts blind: 20
Gambler_s_Ruin received [3c 4h]
UDF1 received [6h 3d]
Gambler_s_Ruin folds
Gambler_s_Ruin awarded -10
UDF1 awarded 10

Round #903, UDF1 (-179979), Gambler_s_Ruin (179979)
UDF1 posts blind: 10
Gambler_s_Ruin posts blind: 20
UDF1 received [2h Qd]
Gambler_s_Ruin received [3h 7h]
UDF1 calls
Gambler_s_Ruin checks
Flop [3d 4d Tc], UDF1 (20), Gambler_s_Ruin (20)
Gambler_s_Ruin bids 1892
UDF1 bids 20
Gambler_s_Ruin won the auction and was revealed [2h]
Flop [3d 4d Tc], UDF1 (20), Gambler_s_Ruin (40)
Gambler_s_Ruin bets 71
UDF1 folds
UDF1 awarded -20
Gambler_s_Ruin awarded 20

Round #904, Gambler_s_Ruin (179999), UDF1 (-179999)
Gambler_s_Ruin posts blind: 10
UDF1 posts blind: 20
Gambler_s_Ruin received [6c 7d]
UDF1 received [Tc 4c]
Gambler_s_Ruin calls
UDF1 checks
Flop [Th Ac 4h], Gambler_s_Ruin (20), UDF1 (20)
UDF1 bids 16
Gambler_s_Ruin bids 1892
Gambler_s_Ruin won the auction and was revealed [Tc]
Flop [Th Ac 4h], Gambler_s_Ruin (36), UDF1 (20)
UDF1 bets 3161
Gambler_s_Ruin folds
Gambler_s_Ruin awarded -36
UDF1 awarded 36

Round #905, UDF1 (-179963), Gambler_s_Ruin (179963)
UDF1 posts blind: 10
Gambler_s_Ruin posts blind: 20
UDF1 received [Tc Ks]
Gambler_s_Ruin received [4c 6d]
UDF1 raises to 337
Gambler_s_Ruin folds
UDF1 awarded 20
Gambler_s_Ruin awarded -20

Round #906, Gambler_s_Ruin (179943), UDF1 (-179943)
Gambler_s_Ruin posts blind: 10
UDF1 posts blind: 20
Gambler_s_Ruin received [Ad 8d]
UDF1 received [2c 6s]
Gambler_s_Ruin calls
UDF1 checks
Flop [5s 2d Qs], Gambler_s_Ruin (20), UDF1 (20)
UDF1 bids 17
Gambler_s_Ruin bids 1892
Gambler_s_Ruin won the auction and was revealed [2c]
Flop [5s 2d Qs], Gambler_s_Ruin (37), UDF1 (20)
UDF1 bets 2900
Gambler_s_Ruin folds
Gambler_s_Ruin awarded -37
UDF1 awarded 37

Round #907, UDF1 (-179906), Gambler_s_Ruin (179906)
UDF1 posts blind: 10
Gambler_s_Ruin posts blind: 20
UDF1 received [Jc 7c]
Gambler_s_Ruin received [3s Td]
UDF1 folds
UDF1 awarded -10
Gambler_s_Ruin awarded 10

Round #908, Gambler_s_Ruin (179916), UDF1 (-179916)
Gambler_s_Ruin posts blind: 10
UDF1 posts blind: 20
Gambler_s_Ruin received [7d Js]
UDF1 received [4c 6s]
Gambler_s_Ruin calls
UDF1 checks
Flop [5s Ks 3h], Gambler_s_Ruin (20), UDF1 (20)
UDF1 bids 16
Gambler_s_Ruin bids 1892
Gambler_s_Ruin won the auction and was revealed [6s]
Flop [5s Ks 3h], Gambler_s_Ruin (36), UDF1 (20)
UDF1 bets 3104
Gambler_s_Ruin folds
Gambler_s_Ruin awarded -36
UDF1 awarded 36

Round #909, UDF1 (-179880), Gambler_s_Ruin (179880)
UDF1 posts blind: 10
Gambler_s_Ruin posts blind: 20
UDF1 received [Js Ac]
Gambler_s_Ruin received [3d 5c]
UDF1 raises to 3432
Gambler_s_Ruin folds
UDF1 awarded 20
Gambler_s_Ruin awarded -20

Round #910, Gambler_s_Ruin (179860), UDF1 (-179860)
Gambler_s_Ruin posts blind: 10
UDF1 posts blind: 20
Gambler_s_Ruin received [7c 5s]
UDF1 received [2h Kd]
Gambler_s_Ruin folds
Gambler_s_Ruin awarded -10
UDF1 awarded 10

Round #911, UDF1 (-179850), Gambler_s_Ruin (179850)
UDF1 posts blind: 10
Gambler_s_Ruin posts blind: 20
UDF1 received [8h Td]
Gambler_s_Ruin received [6d As]
UDF1 calls
Gambler_s_Ruin raises to 80
UDF1 folds
UDF1 awarded -20
Gambler_s_Ruin awarded 20

Round #912, Gambler_s_Ruin (179870), UDF1 (-179870)
Gambler_s_Ruin posts blind: 10
UDF1 posts blind: 20
Gambler_s_Ruin received [8d 2h]
UDF1 received [Qs Js]
Gambler_s_Ruin calls
UDF1 raises to 3819
Gambler_s_Ruin folds
Gambler_s_Ruin awarded -20
UDF1 awarded 20

Round #913, UDF1 (-179850), Gambler_s_Ruin (179850)
UDF1 posts blind: 10
Gambler_s_Ruin posts blind: 20
UDF1 received [3s 2h]
Gambler_s_Ruin received [6c 4c]
UDF1 folds
UDF1 awarded -10
Gambler_s_Ruin awarded 10

Round #914, Gambler_s_Ruin (179860), UDF1 (-179860)
Gambler_s_Ruin posts blind: 10
UDF1 posts blind: 20
Gambler_s_Ruin received [6s 8s]
UDF1 received [Qs Tc]
Gambler_s_Ruin calls
UDF1 checks
Flop [Ac Jc 6c], Gambler_s_Ruin (20), UDF1 (20)
UDF1 bids 19
Gambler_s_Ruin bids 1892
Gambler_s_Ruin won the auction and was revealed [Qs]
Flop [Ac Jc 6c], Gambler_s_Ruin (39), UDF1 (20)
UDF1 bets 2643
Gambler_s_Ruin folds
Gambler_s_Ruin awarded -39
UDF1 awarded 39

Round #915, UDF1 (-179821), Gambler_s_Ruin (179821)
UDF1 posts blind: 10
Gambler_s_Ruin posts blind: 20
UDF1 received [Kh Ac]
Gambler_s_Ruin received [4c 9h]
UDF1 raises to 4721
Gambler_s_Ruin folds
UDF1 awarded 20
Gambler_s_Ruin awarded -20

Round #916, Gambler_s_Ruin (179801), UDF1 (-179801)
Gambler_s_Ruin posts blind: 10
UDF1 posts blind: 20
Gambler_s_Ruin received [Ks 5s]
UDF1 received [Ac 3h]
Gambler_s_Ruin calls
UDF1 checks
Flop [6s 2s 5d], Gambler_s_Ruin (20), UDF1 (20)
UDF1 bids 16
Gambler_s_Ruin bids 1892
Gambler_s_Ruin won the auction and was revealed [Ac]
Flop [6s 2s 5d], Gambler_s_Ruin (36), UDF1 (20)
UDF1 bets 3074
Gambler_s_Ruin raises to 4964
UDF1 calls
Turn [6s 2s 5d Kc], Gambler_s_Ruin (5000), UDF1 (4984)
UDF1 checks
Gambler_s_Ruin checks
River [6s 2s 5d Kc 4d], Gambler_s_Ruin (5000), UDF1 (4984)
UDF1 checks
Gambler_s_Ruin checks
Gambler_s_Ruin shows [Ks 5s]
UDF1 shows [Ac 3h]
Gambler_s_Ruin awarded -5000
UDF1 awarded 5000

Round #917, UDF1 (-174801), Gambler_s_Ruin (174801)
UDF1 posts blind: 10
Gambler_s_Ruin posts blind: 20
UDF1 received [Th Jd]
Gambler_s_Ruin received [7d 5d]
UDF1 calls
Gambler_s_Ruin checks
Flop [Tc 9d 7s], UDF1 (20), Gambler_s_Ruin (20)
Gambler_s_Ruin bids 1892
UDF1 bids 17
Gambler_s_Ruin won the auction and was revealed [Jd]
Flop [Tc 9d 7s], UDF1 (20), Gambler_s_Ruin (37)
Gambler_s_Ruin checks
UDF1 bets 3209
Gambler_s_Ruin folds
UDF1 awarded 37
Gambler_s_Ruin awarded -37

Round #918, Gambler_s_Ruin (174764), UDF1 (-174764)
Gambler_s_Ruin posts blind: 10
UDF1 posts blind: 20
Gambler_s_Ruin received [2s Qd]
UDF1 received [7c As]
Gambler_s_Ruin calls
UDF1 checks
Flop [7d Qh Ts], Gambler_s_Ruin (20), UDF1 (20)
UDF1 bids 18
Gambler_s_Ruin bids 1892
Gambler_s_Ruin won the auction and was revealed [As]
Flop [7d Qh Ts], Gambler_s_Ruin (38), UDF1 (20)
UDF1 bets 3285
Gambler_s_Ruin raises to 4962
UDF1 calls
Turn [7d Qh Ts 3s], Gambler_s_Ruin (5000), UDF1 (4982)
UDF1 checks
Gambler_s_Ruin checks
River [7d Qh Ts 3s 5h], Gambler_s_Ruin (5000), UDF1 (4982)
UDF1 checks
Gambler_s_Ruin checks
Gambler_s_Ruin shows [2s Qd]
UDF1 shows [7c As]
Gambler_s_Ruin awarded 4982
UDF1 awarded -4982

Round #919, UDF1 (-179746), Gambler_s_Ruin (179746)
UDF1 posts blind: 10
Gambler_s_Ruin posts blind: 20
UDF1 received [Qd 2h]
Gambler_s_Ruin received [Jc 8c]
UDF1 folds
UDF1 awarded -10
Gambler_s_Ruin awarded 10

Round #920, Gambler_s_Ruin (179756), UDF1 (-179756)
Gambler_s_Ruin posts blind: 10
UDF1 posts blind: 20
Gambler_s_Ruin received [Kc 9s]
UDF1 received [4h 2d]
Gambler_s_Ruin calls
UDF1 checks
Flop [Kh 3h 2s], Gambler_s_Ruin (20), UDF1 (20)
UDF1 bids 17
Gambler_s_Ruin bids 1892
Gambler_s_Ruin won the auction and was revealed [2d]
Flop [Kh 3h 2s], Gambler_s_Ruin (37), UDF1 (20)
UDF1 bets 3125
Gambler_s_Ruin raises to 4963
UDF1 calls
Turn [Kh 3h 2s 7c], Gambler_s_Ruin (5000), UDF1 (4983)
UDF1 checks
Gambler_s_Ruin checks
River [Kh 3h 2s 7c 6h], Gambler_s_Ruin (5000), UDF1 (4983)
UDF1 checks
Gambler_s_Ruin checks
Gambler_s_Ruin shows [Kc 9s]
UDF1 shows [4h 2d]
Gambler_s_Ruin awarded 4983
UDF1 awarded -4983

Round #921, UDF1 (-184739), Gambler_s_Ruin (184739)
UDF1 posts blind: 10
Gambler_s_Ruin posts blind: 20
UDF1 received [8s 6h]
Gambler_s_Ruin received [2c 9h]
UDF1 calls
Gambler_s_Ruin checks
Flop [As 4d 4c], UDF1 (20), Gambler_s_Ruin (20)
Gambler_s_Ruin bids 1892
UDF1 bids 20
Gambler_s_Ruin won the auction and was revealed [6h]
Flop [As 4d 4c], UDF1 (20), Gambler_s_Ruin (40)
Gambler_s_Ruin checks
UDF1 bets 2254
Gambler_s_Ruin folds
UDF1 awarded 40
Gambler_s_Ruin awarded -40

Round #922, Gambler_s_Ruin (184699), UDF1 (-184699)
Gambler_s_Ruin posts blind: 10
UDF1 posts blind: 20
Gambler_s_Ruin received [9h Jh]
UDF1 received [Kc Qh]
Gambler_s_Ruin calls
UDF1 raises to 3678
Gambler_s_Ruin folds
Gambler_s_Ruin awarded -20
UDF1 awarded 20

Round #923, UDF1 (-184679), Gambler_s_Ruin (184679)
UDF1 posts blind: 10
Gambler_s_Ruin posts blind: 20
UDF1 received [2d Js]
Gambler_s_Ruin received [Ac Qc]
UDF1 folds
UDF1 awarded -10
Gambler_s_Ruin awarded 10

Round #924, Gambler_s_Ruin (184689), UDF1 (-184689)
Gambler_s_Ruin posts blind: 10
UDF1 posts blind: 20
Gambler_s_Ruin received [8c 5s]
UDF1 received [Ad 2d]
Gambler_s_Ruin calls
UDF1 checks
Flop [3c 7c Ah], Gambler_s_Ruin (20), UDF1 (20)
UDF1 bids 23
Gambler_s_Ruin bids 1892
Gambler_s_Ruin won the auction and was revealed [2d]
Flop [3c 7c Ah], Gambler_s_Ruin (43), UDF1 (20)
UDF1 bets 3460
Gambler_s_Ruin folds
Gambler_s_Ruin awarded -43
UDF1 awarded 43

Round #925, UDF1 (-184646), Gambler_s_Ruin (184646)
UDF1 posts blind: 10
Gambler_s_Ruin posts blind: 20
UDF1 received [Ac Ah]
Gambler_s_Ruin received [Qh Ad]
UDF1 raises to 4262
Gambler_s_Ruin folds
UDF1 awarded 20
Gambler_s_Ruin awarded -20

Round #926, Gambler_s_Ruin (184626), UDF1 (-184626)
Gambler_s_Ruin posts blind: 10
UDF1 posts blind: 20
Gambler_s_Ruin received [Qd 3d]
UDF1 received [3h 3c]
Gambler_s_Ruin calls
UDF1 checks
Flop [Jc Js 2d], Gambler_s_Ruin (20), UDF1 (20)
UDF1 bids 20
Gambler_s_Ruin bids 1892
Gambler_s_Ruin won the auction and was revealed [3c]
Flop [Jc Js 2d], Gambler_s_Ruin (40), UDF1 (20)
UDF1 bets 2971
Gambler_s_Ruin raises to 4960
UDF1 calls
Turn [Jc Js 2d Ts], Gambler_s_Ruin (5000), UDF1 (4980)
UDF1 checks
Gambler_s_Ruin checks
River [Jc Js 2d Ts Jd], Gambler_s_Ruin (5000), UDF1 (4980)
UDF1 checks
Gambler_s_Ruin checks
Gambler_s_Ruin shows [Qd 3d]
UDF1 shows [3h 3c]
Gambler_s_Ruin awarded -5000
UDF1 awarded 5000

Round #927, UDF1 (-179626), Gambler_s_Ruin (179626)
UDF1 posts blind: 10
Gambler_s_Ruin posts blind: 20
UDF1 received [7c 2h]
Gambler_s_Ruin received [6h Kd]
UDF1 raises to 337
Gambler_s_Ruin folds
UDF1 awarded 20
Gambler_s_Ruin awarded -20

Round #928, Gambler_s_Ruin (179606), UDF1 (-179606)
Gambler_s_Ruin posts blind: 10
UDF1 posts blind: 20
Gambler_s_Ruin received [Js Kd]
UDF1 received [7s Kh]
Gambler_s_Ruin raises to 60
UDF1 calls
Flop [2h Td Jh], Gambler_s_Ruin (60), UDF1 (60)
UDF1 bids 21
Gambler_s_Ruin bids 1877
Gambler_s_Ruin won the auction and was revealed [Kh]
Flop [2h Td Jh], Gambler_s_Ruin (81), UDF1 (60)
UDF1 bets 2554
Gambler_s_Ruin raises to 4919
UDF1 calls
Turn [2h Td Jh 5h], Gambler_s_Ruin (5000), UDF1 (4979)
UDF1 checks
Gambler_s_Ruin checks
River [2h Td Jh 5h 4d], Gambler_s_Ruin (5000), UDF1 (4979)
UDF1 checks
Gambler_s_Ruin checks
Gambler_s_Ruin shows [Js Kd]
UDF1 shows [7s Kh]
Gambler_s_Ruin awarded 4979
UDF1 awarded -4979

Round #929, UDF1 (-184585), Gambler_s_Ruin (184585)
UDF1 posts blind: 10
Gambler_s_Ruin posts blind: 20
UDF1 received [9s 6d]
Gambler_s_Ruin received [Kh Kc]
UDF1 raises to 337
Gambler_s_Ruin raises to 951
UDF1 folds
UDF1 awarded -337
Gambler_s_Ruin awarded 337

Round #930, Gambler_s_Ruin (184922), UDF1 (-184922)
Gambler_s_Ruin posts blind: 10
UDF1 posts blind: 20
Gambler_s_Ruin received [Jd 4c]
UDF1 received [6h Kh]
Gambler_s_Ruin calls
UDF1 checks
Flop [4h 4s Ts], Gambler_s_Ruin (20), UDF1 (20)
UDF1 bids 16
Gambler_s_Ruin bids 1892
Gambler_s_Ruin won the auction and was revealed [Kh]
Flop [4h 4s Ts], Gambler_s_Ruin (36), UDF1 (20)
UDF1 bets 2577
Gambler_s_Ruin raises to 4964
UDF1 calls
Turn [4h 4s Ts 7s], Gambler_s_Ruin (5000), UDF1 (4984)
UDF1 checks
Gambler_s_Ruin checks
River [4h 4s Ts 7s Ac], Gambler_s_Ruin (5000), UDF1 (4984)
UDF1 checks
Gambler_s_Ruin checks
Gambler_s_Ruin shows [Jd 4c]
UDF1 shows [6h Kh]
Gambler_s_Ruin awarded 4984
UDF1 awarded -4984

Round #931, UDF1 (-189906), Gambler_s_Ruin (189906)
UDF1 posts blind: 10
Gambler_s_Ruin posts blind: 20
UDF1 received [Td 2s]
Gambler_s_Ruin received [Kc Ac]
UDF1 folds
UDF1 awarded -10
Gambler_s_Ruin awarded 10

Round #932, Gambler_s_Ruin (189916), UDF1 (-189916)
Gambler_s_Ruin posts blind: 10
UDF1 posts blind: 20
Gambler_s_Ruin received [Jd 9s]
UDF1 received [3c 7c]
Gambler_s_Ruin calls
UDF1 checks
Flop [5s 7s 8h], Gambler_s_Ruin (20), UDF1 (20)
UDF1 bids 16
Gambler_s_Ruin bids 1892
Gambler_s_Ruin won the auction and was revealed [3c]
Flop [5s 7s 8h], Gambler_s_Ruin (36), UDF1 (20)
UDF1 bets 2793
Gambler_s_Ruin raises to 4964
UDF1 calls
Turn [5s 7s 8h 2s], Gambler_s_Ruin (5000), UDF1 (4984)
UDF1 checks
Gambler_s_Ruin checks
River [5s 7s 8h 2s Qd], Gambler_s_Ruin (5000), UDF1 (4984)
UDF1 checks
Gambler_s_Ruin checks
Gambler_s_Ruin shows [Jd 9s]
UDF1 shows [3c 7c]
Gambler_s_Ruin awarded -5000
UDF1 awarded 5000

Round #933, UDF1 (-184916), Gambler_s_Ruin (184916)
UDF1 posts blind: 10
Gambler_s_Ruin posts blind: 20
UDF1 received [5d 8d]
Gambler_s_Ruin received [8s Kd]
UDF1 raises to 337
Gambler_s_Ruin folds
UDF1 awarded 20
Gambler_s_Ruin awarded -20

Round #934, Gambler_s_Ruin (184896), UDF1 (-184896)
Gambler_s_Ruin posts blind: 10
UDF1 posts blind: 20
Gambler_s_Ruin received [3c Kd]
UDF1 received [5c Th]
Gambler_s_Ruin calls
UDF1 checks
Flop [Js 6d 9d], Gambler_s_Ruin (20), UDF1 (20)
UDF1 bids 16
Gambler_s_Ruin bids 1892
Gambler_s_Ruin won the auction and was revealed [Th]
Flop [Js 6d 9d], Gambler_s_Ruin (36), UDF1 (20)
UDF1 bets 2424
Gambler_s_Ruin folds
Gambler_s_Ruin awarded -36
UDF1 awarded 36

Round #935, UDF1 (-184860), Gambler_s_Ruin (184860)
UDF1 posts blind: 10
Gambler_s_Ruin posts blind: 20
UDF1 received [8d Jd]
Gambler_s_Ruin received [Kh 9c]
UDF1 folds
UDF1 awarded -10
Gambler_s_Ruin awarded 10

Round #936, Gambler_s_Ruin (184870), UDF1 (-184870)
Gambler_s_Ruin posts blind: 10
UDF1 posts blind: 20
Gambler_s_Ruin received [Qh 4d]
UDF1 received [Ts Ks]
Gambler_s_Ruin calls
UDF1 raises to 1256
Gambler_s_Ruin folds
Gambler_s_Ruin awarded -20
UDF1 awarded 20

Round #937, UDF1 (-184850), Gambler_s_Ruin (184850)
UDF1 posts blind: 10
Gambler_s_Ruin posts blind: 20
UDF1 received [3c 5h]
Gambler_s_Ruin received [Td 4s]
UDF1 folds
UDF1 awarded -10
Gambler_s_Ruin awarded 10

Round #938, Gambler_s_Ruin (184860), UDF1 (-184860)
Gambler_s_Ruin posts blind: 10
UDF1 posts blind: 20
Gambler_s_Ruin received [Kd 9d]
UDF1 received [8s As]
Gambler_s_Ruin calls
UDF1 checks
Flop [Jh 7h 9h], Gambler_s_Ruin (20), UDF1 (20)
UDF1 bids 16
Gambler_s_Ruin bids 1892
Gambler_s_Ruin won the auction and was revealed [8s]
Flop [Jh 7h 9h], Gambler_s_Ruin (36), UDF1 (20)
UDF1 bets 2291
Gambler_s_Ruin raises to 4582
UDF1 calls
Turn [Jh 7h 9h 2d], Gambler_s_Ruin (4618), UDF1 (4602)
UDF1 bets 172
Gambler_s_Ruin raises to 382
UDF1 calls
River [Jh 7h 9h 2d Qh], Gambler_s_Ruin (5000), UDF1 (4984)
UDF1 checks
Gambler_s_Ruin checks
Gambler_s_Ruin shows [Kd 9d]
UDF1 shows [8s As]
Gambler_s_Ruin awarded 4984
UDF1 awarded -4984

Round #939, UDF1 (-189844), Gambler_s_Ruin (189844)
UDF1 posts blind: 10
Gambler_s_Ruin posts blind: 20
UDF1 received [3h 9d]
Gambler_s_Ruin received [9c Qd]
UDF1 calls
Gambler_s_Ruin raises to 80
UDF1 folds
UDF1 awarded -20
Gambler_s_Ruin awarded 20

Round #940, Gambler_s_Ruin (189864), UDF1 (-189864)
Gambler_s_Ruin posts blind: 10
UDF1 posts blind: 20
Gambler_s_Ruin received [Qs 7h]
UDF1 received [4s Ks]
Gambler_s_Ruin calls
UDF1 raises to 337
Gambler_s_Ruin folds
Gambler_s_Ruin awarded -20
UDF1 awarded 20

Round #941, UDF1 (-189844), Gambler_s_Ruin (189844)
UDF1 posts blind: 10
Gambler_s_Ruin posts blind: 20
UDF1 received [Qs Js]
Gambler_s_Ruin received [7s Ah]
UDF1 raises to 3611
Gambler_s_Ruin folds
UDF1 awarded 20
Gambler_s_Ruin awarded -20

Round #942, Gambler_s_Ruin (189824), UDF1 (-189824)
Gambler_s_Ruin posts blind: 10
UDF1 posts blind: 20
Gambler_s_Ruin received [9d As]
UDF1 received [8c Th]
Gambler_s_Ruin raises to 60
UDF1 calls
Flop [6c Ac Qc], Gambler_s_Ruin (60), UDF1 (60)
UDF1 bids 31
Gambler_s_Ruin bids 1877
Gambler_s_Ruin won the auction and was revealed [Th]
Flop [6c Ac Qc], Gambler_s_Ruin (91), UDF1 (60)
UDF1 bets 2766
Gambler_s_Ruin raises to 4909
UDF1 calls
Turn [6c Ac Qc 8s], Gambler_s_Ruin (5000), UDF1 (4969)
UDF1 checks
Gambler_s_Ruin checks
River [6c Ac Qc 8s Qs], Gambler_s_Ruin (5000), UDF1 (4969)
UDF1 checks
Gambler_s_Ruin checks
Gambler_s_Ruin shows [9d As]
UDF1 shows [8c Th]
Gambler_s_Ruin awarded 4969
UDF1 awarded -4969

Round #943, UDF1 (-194793), Gambler_s_Ruin (194793)
UDF1 posts blind: 10
Gambler_s_Ruin posts blind: 20
UDF1 received [9h 5d]
Gambler_s_Ruin received [Jc Kh]
UDF1 folds
UDF1 awarded -10
Gambler_s_Ruin awarded 10

Round #944, Gambler_s_Ruin (194803), UDF1 (-194803)
Gambler_s_Ruin posts blind: 10
UDF1 posts blind: 20
Gambler_s_Ruin received [7s 8h]
UDF1 received [8s 5h]
Gambler_s_Ruin calls
UDF1 checks
Flop [Qc 6s 2h], Gambler_s_Ruin (20), UDF1 (20)
UDF1 bids 16
Gambler_s_Ruin bids 1892
Gambler_s_Ruin won the auction and was revealed [8s]
Flop [Qc 6s 2h], Gambler_s_Ruin (36), UDF1 (20)
UDF1 bets 2297
Gambler_s_Ruin folds
Gambler_s_Ruin awarded -36
UDF1 awarded 36

Round #945, UDF1 (-194767), Gambler_s_Ruin (194767)
UDF1 posts blind: 10
Gambler_s_Ruin posts blind: 20
UDF1 received [7s 6d]
Gambler_s_Ruin received [4c 2h]
UDF1 folds
UDF1 awarded -10
Gambler_s_Ruin awarded 10

Round #946, Gambler_s_Ruin (194777), UDF1 (-194777)
Gambler_s_Ruin posts blind: 10
UDF1 posts blind: 20
Gambler_s_Ruin received [3h 6c]
UDF1 received [9c Jh]
Gambler_s_Ruin folds
Gambler_s_Ruin awarded -10
UDF1 awarded 10

Round #947, UDF1 (-194767), Gambler_s_Ruin (194767)
UDF1 posts blind: 10
Gambler_s_Ruin posts blind: 20
UDF1 received [4h 7s]
Gambler_s_Ruin received [Qh 2d]
UDF1 calls
Gambler_s_Ruin checks
Flop [9s Ac 5h], UDF1 (20), Gambler_s_Ruin (20)
Gambler_s_Ruin bids 1892
UDF1 bids 16
Gambler_s_Ruin won the auction and was revealed [4h]
Flop [9s Ac 5h], UDF1 (20), Gambler_s_Ruin (36)
Gambler_s_Ruin bets 60
UDF1 folds
UDF1 awarded -20
Gambler_s_Ruin awarded 20

Round #948, Gambler_s_Ruin (194787), UDF1 (-194787)
Gambler_s_Ruin posts blind: 10
UDF1 posts blind: 20
Gambler_s_Ruin received [5d Ts]
UDF1 received [5c 8d]
Gambler_s_Ruin calls
UDF1 checks
Flop [3s 9h As], Gambler_s_Ruin (20), UDF1 (20)
UDF1 bids 19
Gambler_s_Ruin bids 1892
Gambler_s_Ruin won the auction and was revealed [5c]
Flop [3s 9h As], Gambler_s_Ruin (39), UDF1 (20)
UDF1 bets 2465
Gambler_s_Ruin folds
Gambler_s_Ruin awarded -39
UDF1 awarded 39

Round #949, UDF1 (-194748), Gambler_s_Ruin (194748)
UDF1 posts blind: 10
Gambler_s_Ruin posts blind: 20
UDF1 received [8d 4s]
Gambler_s_Ruin received [2d Th]
UDF1 folds
UDF1 awarded -10
Gambler_s_Ruin awarded 10

Round #950, Gambler_s_Ruin (194758), UDF1 (-194758)
Gambler_s_Ruin posts blind: 10
UDF1 posts blind: 20
Gambler_s_Ruin received [Ks 9h]
UDF1 received [Tc Js]
Gambler_s_Ruin calls
UDF1 raises to 337
Gambler_s_Ruin attempted illegal ActionRaise with amount 634
Gambler_s_Ruin folds
Gambler_s_Ruin awarded -20
UDF1 awarded 20

Round #951, UDF1 (-194738), Gambler_s_Ruin (194738)
UDF1 posts blind: 10
Gambler_s_Ruin posts blind: 20
UDF1 received [9s Qh]
Gambler_s_Ruin received [Ac 2h]
UDF1 calls
Gambler_s_Ruin raises to 80
UDF1 calls
Flop [2s Ks 5h], UDF1 (80), Gambler_s_Ruin (80)
Gambler_s_Ruin bids 1869
UDF1 bids 31
Gambler_s_Ruin won the auction and was revealed [Qh]
Flop [2s Ks 5h], UDF1 (80), Gambler_s_Ruin (111)
Gambler_s_Ruin bets 124
UDF1 calls
Turn [2s Ks 5h 6d], UDF1 (204), Gambler_s_Ruin (235)
Gambler_s_Ruin bets 285
UDF1 calls
River [2s Ks 5h 6d 8s], UDF1 (489), Gambler_s_Ruin (520)
Gambler_s_Ruin bets 655
UDF1 folds
UDF1 awarded -489
Gambler_s_Ruin awarded 489

Round #952, Gambler_s_Ruin (195227), UDF1 (-195227)
Gambler_s_Ruin posts blind: 10
UDF1 posts blind: 20
Gambler_s_Ruin received [6c 5d]
UDF1 received [2s 9c]
Gambler_s_Ruin folds
Gambler_s_Ruin awarded -10
UDF1 awarded 10

Round #953, UDF1 (-195217), Gambler_s_Ruin (195217)
UDF1 posts blind: 10
Gambler_s_Ruin posts blind: 20
UDF1 received [3d 7d]
Gambler_s_Ruin received [9c 4h]
UDF1 raises to 337
Gambler_s_Ruin folds
UDF1 awarded 20
Gambler_s_Ruin awarded -20

Round #954, Gambler_s_Ruin (195197), UDF1 (-195197)
Gambler_s_Ruin posts blind: 10
UDF1 posts blind: 20
Gambler_s_Ruin received [Qc 3c]
UDF1 received [9s Js]
Gambler_s_Ruin calls
UDF1 checks
Flop [6s Ts 9d], Gambler_s_Ruin (20), UDF1 (20)
UDF1 bids 16
Gambler_s_Ruin bids 1892
Gambler_s_Ruin won the auction and was revealed [9s]
Flop [6s Ts 9d], Gambler_s_Ruin (36), UDF1 (20)
UDF1 bets 3279
Gambler_s_Ruin folds
Gambler_s_Ruin awarded -36
UDF1 awarded 36

Round #955, UDF1 (-195161), Gambler_s_Ruin (195161)
UDF1 posts blind: 10
Gambler_s_Ruin posts blind: 20
UDF1 received [3c Kc]
Gambler_s_Ruin received [7s 8s]
UDF1 calls
Gambler_s_Ruin checks
Flop [Kd 5c 3d], UDF1 (20), Gambler_s_Ruin (20)
Gambler_s_Ruin bids 1892
UDF1 bids 16
Gambler_s_Ruin won the auction and was revealed [3c]
Flop [Kd 5c 3d], UDF1 (20), Gambler_s_Ruin (36)
Gambler_s_Ruin checks
UDF1 bets 3354
Gambler_s_Ruin folds
UDF1 awarded 36
Gambler_s_Ruin awarded -36

Round #956, Gambler_s_Ruin (195125), UDF1 (-195125)
Gambler_s_Ruin posts blind: 10
UDF1 posts blind: 20
Gambler_s_Ruin received [4h 3c]
UDF1 received [Kd 5d]
Gambler_s_Ruin folds
Gambler_s_Ruin awarded -10
UDF1 awarded 10

Round #957, UDF1 (-195115), Gambler_s_Ruin (195115)
UDF1 posts blind: 10
Gambler_s_Ruin posts blind: 20
UDF1 received [5c 5s]
Gambler_s_Ruin received [Td 4c]
UDF1 raises to 1565
Gambler_s_Ruin folds
UDF1 awarded 20
Gambler_s_Ruin awarded -20

Round #958, Gambler_s_Ruin (195095), UDF1 (-195095)
Gambler_s_Ruin posts blind: 10
UDF1 posts blind: 20
Gambler_s_Ruin received [5h Ah]
UDF1 received [6c 9s]
Gambler_s_Ruin calls
UDF1 raises to 337
Gambler_s_Ruin folds
Gambler_s_Ruin awarded -20
UDF1 awarded 20

Round #959, UDF1 (-195075), Gambler_s_Ruin (195075)
UDF1 posts blind: 10
Gambler_s_Ruin posts blind: 20
UDF1 received [Ac Jd]
Gambler_s_Ruin received [Ks Kh]
UDF1 raises to 3706
Gambler_s_Ruin raises to 5000
UDF1 calls
Flop [8c As 7d], UDF1 (5000), Gambler_s_Ruin (5000)
Gambler_s_Ruin bids 0
UDF1 bids 0
UDF1 won the auction and was revealed [Ks]
Gambler_s_Ruin won the auction and was revealed [Jd]
Flop [8c As 7d], UDF1 (5000), Gambler_s_Ruin (5000)
Gambler_s_Ruin checks
UDF1 checks
Turn [8c As 7d 5h], UDF1 (5000), Gambler_s_Ruin (5000)
Gambler_s_Ruin checks
UDF1 checks
River [8c As 7d 5h 3h], UDF1 (5000), Gambler_s_Ruin (5000)
Gambler_s_Ruin checks
UDF1 checks
UDF1 shows [Ac Jd]
Gambler_s_Ruin shows [Ks Kh]
UDF1 awarded 5000
Gambler_s_Ruin awarded -5000

Round #960, Gambler_s_Ruin (190075), UDF1 (-190075)
Gambler_s_Ruin posts blind: 10
UDF1 posts blind: 20
Gambler_s_Ruin received [5h 6s]
UDF1 received [6c Ks]
Gambler_s_Ruin folds
Gambler_s_Ruin awarded -10
UDF1 awarded 10

Round #961, UDF1 (-190065), Gambler_s_Ruin (190065)
UDF1 posts blind: 10
Gambler_s_Ruin posts blind: 20
UDF1 received [5d 7h]
Gambler_s_Ruin received [7c 2c]
UDF1 calls
Gambler_s_Ruin checks
Flop [5c 7d 4d], UDF1 (20), Gambler_s_Ruin (20)
Gambler_s_Ruin bids 1892
UDF1 bids 21
Gambler_s_Ruin won the auction and was revealed [7h]
Flop [5c 7d 4d], UDF1 (20), Gambler_s_Ruin (41)
Gambler_s_Ruin checks
UDF1 bets 3223
Gambler_s_Ruin folds
UDF1 awarded 41
Gambler_s_Ruin awarded -41

Round #962, Gambler_s_Ruin (190024), UDF1 (-190024)
Gambler_s_Ruin posts blind: 10
UDF1 posts blind: 20
Gambler_s_Ruin received [3c Qd]
UDF1 received [5c 4d]
Gambler_s_Ruin calls
UDF1 checks
Flop [4h 4c 6c], Gambler_s_Ruin (20), UDF1 (20)
UDF1 bids 16
Gambler_s_Ruin bids 1892
Gambler_s_Ruin won the auction and was revealed [4d]
Flop [4h 4c 6c], Gambler_s_Ruin (36), UDF1 (20)
UDF1 bets 3429
Gambler_s_Ruin folds
Gambler_s_Ruin awarded -36
UDF1 awarded 36

Round #963, UDF1 (-189988), Gambler_s_Ruin (189988)
UDF1 posts blind: 10
Gambler_s_Ruin posts blind: 20
UDF1 received [9d 6s]
Gambler_s_Ruin received [7h Js]
UDF1 calls
Gambler_s_Ruin raises to 80
UDF1 calls
Flop [Kc Ah 2h], UDF1 (80), Gambler_s_Ruin (80)
Gambler_s_Ruin bids 1869
UDF1 bids 30
Gambler_s_Ruin won the auction and was revealed [9d]
Flop [Kc Ah 2h], UDF1 (80), Gambler_s_Ruin (110)
Gambler_s_Ruin bets 161
UDF1 folds
UDF1 awarded -80
Gambler_s_Ruin awarded 80

Round #964, Gambler_s_Ruin (190068), UDF1 (-190068)
Gambler_s_Ruin posts blind: 10
UDF1 posts blind: 20
Gambler_s_Ruin received [4d Jd]
UDF1 received [4h 7c]
Gambler_s_Ruin calls
UDF1 checks
Flop [6c 5h 5s], Gambler_s_Ruin (20), UDF1 (20)
UDF1 bids 16
Gambler_s_Ruin bids 1892
Gambler_s_Ruin won the auction and was revealed [4h]
Flop [6c 5h 5s], Gambler_s_Ruin (36), UDF1 (20)
UDF1 bets 2661
Gambler_s_Ruin folds
Gambler_s_Ruin awarded -36
UDF1 awarded 36

Round #965, UDF1 (-190032), Gambler_s_Ruin (190032)
UDF1 posts blind: 10
Gambler_s_Ruin posts blind: 20
UDF1 received [Ac 9d]
Gambler_s_Ruin received [Kh 7c]
UDF1 folds
UDF1 awarded -10
Gambler_s_Ruin awarded 10

Round #966, Gambler_s_Ruin (190042), UDF1 (-190042)
Gambler_s_Ruin posts blind: 10
UDF1 posts blind: 20
Gambler_s_Ruin received [2s 3s]
UDF1 received [2d 8d]
Gambler_s_Ruin calls
UDF1 checks
Flop [Td 7d 3d], Gambler_s_Ruin (20), UDF1 (20)
UDF1 bids 16
Gambler_s_Ruin bids 1892
Gambler_s_Ruin won the auction and was revealed [2d]
Flop [Td 7d 3d], Gambler_s_Ruin (36), UDF1 (20)
UDF1 bets 3158
Gambler_s_Ruin folds
Gambler_s_Ruin awarded -36
UDF1 awarded 36

Round #967, UDF1 (-190006), Gambler_s_Ruin (190006)
UDF1 posts blind: 10
Gambler_s_Ruin posts blind: 20
UDF1 received [6h 2d]
Gambler_s_Ruin received [7d Ks]
UDF1 raises to 337
Gambler_s_Ruin folds
UDF1 awarded 20
Gambler_s_Ruin awarded -20

Round #968, Gambler_s_Ruin (189986), UDF1 (-189986)
Gambler_s_Ruin posts blind: 10
UDF1 posts blind: 20
Gambler_s_Ruin received [Qd 8s]
UDF1 received [Ac Ts]
Gambler_s_Ruin calls
UDF1 checks
Flop [4s 5s 7d], Gambler_s_Ruin (20), UDF1 (20)
UDF1 bids 22
Gambler_s_Ruin bids 1892
Gambler_s_Ruin won the auction and was revealed [Ac]
Flop [4s 5s 7d], Gambler_s_Ruin (42), UDF1 (20)
UDF1 bets 2758
Gambler_s_Ruin folds
Gambler_s_Ruin awarded -42
UDF1 awarded 42

Round #969, UDF1 (-189944), Gambler_s_Ruin (189944)
UDF1 posts blind: 10
Gambler_s_Ruin posts blind: 20
UDF1 received [2d Js]
Gambler_s_Ruin received [Qh 9d]
UDF1 calls
Gambler_s_Ruin raises to 80
UDF1 raises to 431
Gambler_s_Ruin folds
UDF1 awarded 80
Gambler_s_Ruin awarded -80

Round #970, Gambler_s_Ruin (189864), UDF1 (-189864)
Gambler_s_Ruin posts blind: 10
UDF1 posts blind: 20
Gambler_s_Ruin received [Kh Ks]
UDF1 received [Jd 9c]
Gambler_s_Ruin raises to 60
UDF1 raises to 394
Gambler_s_Ruin raises to 1002
UDF1 folds
Gambler_s_Ruin awarded 394
UDF1 awarded -394

Round #971, UDF1 (-190258), Gambler_s_Ruin (190258)
UDF1 posts blind: 10
Gambler_s_Ruin posts blind: 20
UDF1 received [9c Qd]
Gambler_s_Ruin received [4h Kd]
UDF1 calls
Gambler_s_Ruin checks
Flop [9s 8h Jh], UDF1 (20), Gambler_s_Ruin (20)
Gambler_s_Ruin bids 1892
UDF1 bids 16
Gambler_s_Ruin won the auction and was revealed [Qd]
Flop [9s 8h Jh], UDF1 (20), Gambler_s_Ruin (36)
Gambler_s_Ruin checks
UDF1 bets 2772
Gambler_s_Ruin folds
UDF1 awarded 36
Gambler_s_Ruin awarded -36

Round #972, Gambler_s_Ruin (190222), UDF1 (-190222)
Gambler_s_Ruin posts blind: 10
UDF1 posts blind: 20
Gambler_s_Ruin received [3h Ks]
UDF1 received [3d Tc]
Gambler_s_Ruin calls
UDF1 raises to 337
Gambler_s_Ruin folds
Gambler_s_Ruin awarded -20
UDF1 awarded 20

Round #973, UDF1 (-190202), Gambler_s_Ruin (190202)
UDF1 posts blind: 10
Gambler_s_Ruin posts blind: 20
UDF1 received [9c 7s]
Gambler_s_Ruin received [2s 8h]
UDF1 calls
Gambler_s_Ruin checks
Flop [7c Td 6c], UDF1 (20), Gambler_s_Ruin (20)
Gambler_s_Ruin bids 1892
UDF1 bids 16
Gambler_s_Ruin won the auction and was revealed [9c]
Flop [7c Td 6c], UDF1 (20), Gambler_s_Ruin (36)
Gambler_s_Ruin checks
UDF1 bets 3419
Gambler_s_Ruin folds
UDF1 awarded 36
Gambler_s_Ruin awarded -36

Round #974, Gambler_s_Ruin (190166), UDF1 (-190166)
Gambler_s_Ruin posts blind: 10
UDF1 posts blind: 20
Gambler_s_Ruin received [6h 2h]
UDF1 received [9c Ad]
Gambler_s_Ruin calls
UDF1 checks
Flop [7h Ts 3c], Gambler_s_Ruin (20), UDF1 (20)
UDF1 bids 16
Gambler_s_Ruin bids 1892
Gambler_s_Ruin won the auction and was revealed [9c]
Flop [7h Ts 3c], Gambler_s_Ruin (36), UDF1 (20)
UDF1 bets 3178
Gambler_s_Ruin folds
Gambler_s_Ruin awarded -36
UDF1 awarded 36

Round #975, UDF1 (-190130), Gambler_s_Ruin (190130)
UDF1 posts blind: 10
Gambler_s_Ruin posts blind: 20
UDF1 received [Qc 4h]
Gambler_s_Ruin received [9d Qs]
UDF1 folds
UDF1 awarded -10
Gambler_s_Ruin awarded 10

Round #976, Gambler_s_Ruin (190140), UDF1 (-190140)
Gambler_s_Ruin posts blind: 10
UDF1 posts blind: 20
Gambler_s_Ruin received [7c Kc]
UDF1 received [3h 8h]
Gambler_s_Ruin calls
UDF1 checks
Flop [Jd 8c Td], Gambler_s_Ruin (20), UDF1 (20)
UDF1 bids 16
Gambler_s_Ruin bids 1892
Gambler_s_Ruin won the auction and was revealed [3h]
Flop [Jd 8c Td], Gambler_s_Ruin (36), UDF1 (20)
UDF1 bets 2542
Gambler_s_Ruin raises to 4964
UDF1 calls
Turn [Jd 8c Td 7d], Gambler_s_Ruin (5000), UDF1 (4984)
UDF1 checks
Gambler_s_Ruin checks
River [Jd 8c Td 7d As], Gambler_s_Ruin (5000), UDF1 (4984)
UDF1 checks
Gambler_s_Ruin checks
Gambler_s_Ruin shows [7c Kc]
UDF1 shows [3h 8h]
Gambler_s_Ruin awarded -5000
UDF1 awarded 5000

Round #977, UDF1 (-185140), Gambler_s_Ruin (185140)
UDF1 posts blind: 10
Gambler_s_Ruin posts blind: 20
UDF1 received [9c 4d]
Gambler_s_Ruin received [2h Jc]
UDF1 raises to 337
Gambler_s_Ruin folds
UDF1 awarded 20
Gambler_s_Ruin awarded -20

Round #978, Gambler_s_Ruin (185120), UDF1 (-185120)
Gambler_s_Ruin posts blind: 10
UDF1 posts blind: 20
Gambler_s_Ruin received [5s Ac]
UDF1 received [Ks 9h]
Gambler_s_Ruin calls
UDF1 checks
Flop [7h 8h 9s], Gambler_s_Ruin (20), UDF1 (20)
UDF1 bids 16
Gambler_s_Ruin bids 1892
Gambler_s_Ruin won the auction and was revealed [Ks]
Flop [7h 8h 9s], Gambler_s_Ruin (36), UDF1 (20)
UDF1 bets 3030
Gambler_s_Ruin folds
Gambler_s_Ruin awarded -36
UDF1 awarded 36

Round #979, UDF1 (-185084), Gambler_s_Ruin (185084)
UDF1 posts blind: 10
Gambler_s_Ruin posts blind: 20
UDF1 received [5c Ts]
Gambler_s_Ruin received [8s Ac]
UDF1 calls
Gambler_s_Ruin raises to 80
UDF1 calls
Flop [5s Js Tc], UDF1 (80), Gambler_s_Ruin (80)
Gambler_s_Ruin bids 1869
UDF1 bids 33
Gambler_s_Ruin won the auction and was revealed [5c]
Flop [5s Js Tc], UDF1 (80), Gambler_s_Ruin (113)
Gambler_s_Ruin checks
UDF1 bets 3342
Gambler_s_Ruin folds
UDF1 awarded 113
Gambler_s_Ruin awarded -113

Round #980, Gambler_s_Ruin (184971), UDF1 (-184971)
Gambler_s_Ruin posts blind: 10
UDF1 posts blind: 20
Gambler_s_Ruin received [2s Kd]
UDF1 received [Jd 2d]
Gambler_s_Ruin calls
UDF1 checks
Flop [8s 2c 4d], Gambler_s_Ruin (20), UDF1 (20)
UDF1 bids 16
Gambler_s_Ruin bids 1892
Gambler_s_Ruin won the auction and was revealed [Jd]
Flop [8s 2c 4d], Gambler_s_Ruin (36), UDF1 (20)
UDF1 bets 3098
Gambler_s_Ruin calls
Turn [8s 2c 4d Qc], Gambler_s_Ruin (3134), UDF1 (3118)
UDF1 bets 1025
Gambler_s_Ruin calls
River [8s 2c 4d Qc Td], Gambler_s_Ruin (4159), UDF1 (4143)
UDF1 bets 455
Gambler_s_Ruin calls
Gambler_s_Ruin shows [2s Kd]
UDF1 shows [Jd 2d]
Gambler_s_Ruin awarded 4598
UDF1 awarded -4598

Round #981, UDF1 (-189569), Gambler_s_Ruin (189569)
UDF1 posts blind: 10
Gambler_s_Ruin posts blind: 20
UDF1 received [Qh 9c]
Gambler_s_Ruin received [6h Ad]
UDF1 calls
Gambler_s_Ruin raises to 80
UDF1 raises to 431
Gambler_s_Ruin folds
UDF1 awarded 80
Gambler_s_Ruin awarded -80

Round #982, Gambler_s_Ruin (189489), UDF1 (-189489)
Gambler_s_Ruin posts blind: 10
UDF1 posts blind: 20
Gambler_s_Ruin received [Qc Ks]
UDF1 received [9c 4c]
Gambler_s_Ruin raises to 60
UDF1 folds
Gambler_s_Ruin awarded 20
UDF1 awarded -20

Round #983, UDF1 (-189509), Gambler_s_Ruin (189509)
UDF1 posts blind: 10
Gambler_s_Ruin posts blind: 20
UDF1 received [2s 9c]
Gambler_s_Ruin received [3d 4c]
UDF1 folds
UDF1 awarded -10
Gambler_s_Ruin awarded 10

Round #984, Gambler_s_Ruin (189519), UDF1 (-189519)
Gambler_s_Ruin posts blind: 10
UDF1 posts blind: 20
Gambler_s_Ruin received [5d Ac]
UDF1 received [Jc 2c]
Gambler_s_Ruin calls
UDF1 checks
Flop [Jh Th 9d], Gambler_s_Ruin (20), UDF1 (20)
UDF1 bids 18
Gambler_s_Ruin bids 1892
Gambler_s_Ruin won the auction and was revealed [Jc]
Flop [Jh Th 9d], Gambler_s_Ruin (38), UDF1 (20)
UDF1 bets 2919
Gambler_s_Ruin folds
Gambler_s_Ruin awarded -38
UDF1 awarded 38

Round #985, UDF1 (-189481), Gambler_s_Ruin (189481)
UDF1 posts blind: 10
Gambler_s_Ruin posts blind: 20
UDF1 received [9s 7c]
Gambler_s_Ruin received [4c 9h]
UDF1 raises to 337
Gambler_s_Ruin folds
UDF1 awarded 20
Gambler_s_Ruin awarded -20

Round #986, Gambler_s_Ruin (189461), UDF1 (-189461)
Gambler_s_Ruin posts blind: 10
UDF1 posts blind: 20
Gambler_s_Ruin received [Ac Td]
UDF1 received [6s Js]
Gambler_s_Ruin raises to 60
UDF1 folds
Gambler_s_Ruin awarded 20
UDF1 awarded -20

Round #987, UDF1 (-189481), Gambler_s_Ruin (189481)
UDF1 posts blind: 10
Gambler_s_Ruin posts blind: 20
UDF1 received [9s Js]
Gambler_s_Ruin received [Kc 4s]
UDF1 folds
UDF1 awarded -10
Gambler_s_Ruin awarded 10

Round #988, Gambler_s_Ruin (189491), UDF1 (-189491)
Gambler_s_Ruin posts blind: 10
UDF1 posts blind: 20
Gambler_s_Ruin received [9c Ah]
UDF1 received [4s Jh]
Gambler_s_Ruin raises to 60
UDF1 calls
Flop [8d Td 9h], Gambler_s_Ruin (60), UDF1 (60)
UDF1 bids 26
Gambler_s_Ruin bids 1877
Gambler_s_Ruin won the auction and was revealed [Jh]
Flop [8d Td 9h], Gambler_s_Ruin (86), UDF1 (60)
UDF1 bets 2795
Gambler_s_Ruin folds
Gambler_s_Ruin awarded -86
UDF1 awarded 86

Round #989, UDF1 (-189405), Gambler_s_Ruin (189405)
UDF1 posts blind: 10
Gambler_s_Ruin posts blind: 20
UDF1 received [3h Ac]
Gambler_s_Ruin received [Kh 8s]
UDF1 raises to 337
Gambler_s_Ruin attempted illegal ActionRaise with amount 634
Gambler_s_Ruin folds
UDF1 awarded 20
Gambler_s_Ruin awarded -20

Round #990, Gambler_s_Ruin (189385), UDF1 (-189385)
Gambler_s_Ruin posts blind: 10
UDF1 posts blind: 20
Gambler_s_Ruin received [Ad Ac]
UDF1 received [Ah 8s]
Gambler_s_Ruin raises to 60
UDF1 calls
Flop [Td Js 5c], Gambler_s_Ruin (60), UDF1 (60)
UDF1 bids 28
Gambler_s_Ruin bids 1877
Gambler_s_Ruin won the auction and was revealed [8s]
Flop [Td Js 5c], Gambler_s_Ruin (88), UDF1 (60)
UDF1 bets 2868
Gambler_s_Ruin raises to 4912
UDF1 calls
Turn [Td Js 5c 4s], Gambler_s_Ruin (5000), UDF1 (4972)
UDF1 checks
Gambler_s_Ruin checks
River [Td Js 5c 4s 2s], Gambler_s_Ruin (5000), UDF1 (4972)
UDF1 checks
Gambler_s_Ruin checks
Gambler_s_Ruin shows [Ad Ac]
UDF1 shows [Ah 8s]
Gambler_s_Ruin awarded 4972
UDF1 awarded -4972

Round #991, UDF1 (-194357), Gambler_s_Ruin (194357)
UDF1 posts blind: 10
Gambler_s_Ruin posts blind: 20
UDF1 received [4s Ac]
Gambler_s_Ruin received [6d 7s]
UDF1 calls
Gambler_s_Ruin checks
Flop [Kd 3d 2h], UDF1 (20), Gambler_s_Ruin (20)
Gambler_s_Ruin bids 1892
UDF1 bids 16
Gambler_s_Ruin won the auction and was revealed [Ac]
Flop [Kd 3d 2h], UDF1 (20), Gambler_s_Ruin (36)
Gambler_s_Ruin checks
UDF1 bets 2708
Gambler_s_Ruin folds
UDF1 awarded 36
Gambler_s_Ruin awarded -36

Round #992, Gambler_s_Ruin (194321), UDF1 (-194321)
Gambler_s_Ruin posts blind: 10
UDF1 posts blind: 20
Gambler_s_Ruin received [Jh Qd]
UDF1 received [6c Ac]
Gambler_s_Ruin calls
UDF1 checks
Flop [3h 9h Ah], Gambler_s_Ruin (20), UDF1 (20)
UDF1 bids 20
Gambler_s_Ruin bids 1892
Gambler_s_Ruin won the auction and was revealed [6c]
Flop [3h 9h Ah], Gambler_s_Ruin (40), UDF1 (20)
UDF1 bets 3040
Gambler_s_Ruin raises to 4960
UDF1 calls
Turn [3h 9h Ah 7h], Gambler_s_Ruin (5000), UDF1 (4980)
UDF1 checks
Gambler_s_Ruin checks
River [3h 9h Ah 7h Td], Gambler_s_Ruin (5000), UDF1 (4980)
UDF1 checks
Gambler_s_Ruin checks
Gambler_s_Ruin shows [Jh Qd]
UDF1 shows [6c Ac]
Gambler_s_Ruin awarded 4980
UDF1 awarded -4980

Round #993, UDF1 (-199301), Gambler_s_Ruin (199301)
UDF1 posts blind: 10
Gambler_s_Ruin posts blind: 20
UDF1 received [Qh 8d]
Gambler_s_Ruin received [5s 8s]
UDF1 folds
UDF1 awarded -10
Gambler_s_Ruin awarded 10

Round #994, Gambler_s_Ruin (199311), UDF1 (-199311)
Gambler_s_Ruin posts blind: 10
UDF1 posts blind: 20
Gambler_s_Ruin received [Js Tc]
UDF1 received [4d Ts]
Gambler_s_Ruin calls
UDF1 checks
Flop [4s 3d 5c], Gambler_s_Ruin (20), UDF1 (20)
UDF1 bids 21
Gambler_s_Ruin bids 1892
Gambler_s_Ruin won the auction and was revealed [4d]
Flop [4s 3d 5c], Gambler_s_Ruin (41), UDF1 (20)
UDF1 bets 3049
Gambler_s_Ruin folds
Gambler_s_Ruin awarded -41
UDF1 awarded 41

Round #995, UDF1 (-199270), Gambler_s_Ruin (199270)
UDF1 posts blind: 10
Gambler_s_Ruin posts blind: 20
UDF1 received [Qc 5h]
Gambler_s_Ruin received [5c 9c]
UDF1 folds
UDF1 awarded -10
Gambler_s_Ruin awarded 10

Round #996, Gambler_s_Ruin (199280), UDF1 (-199280)
Gambler_s_Ruin posts blind: 10
UDF1 posts blind: 20
Gambler_s_Ruin received [5d 2s]
UDF1 received [Th Ts]
Gambler_s_Ruin folds
Gambler_s_Ruin awarded -10
UDF1 awarded 10

Round #997, UDF1 (-199270), Gambler_s_Ruin (199270)
UDF1 posts blind: 10
Gambler_s_Ruin posts blind: 20
UDF1 received [Kh 4c]
Gambler_s_Ruin received [Td As]
UDF1 calls
Gambler_s_Ruin raises to 60
UDF1 raises to 394
Gambler_s_Ruin folds
UDF1 awarded 60
Gambler_s_Ruin awarded -60

Round #998, Gambler_s_Ruin (199210), UDF1 (-199210)
Gambler_s_Ruin posts blind: 10
UDF1 posts blind: 20
Gambler_s_Ruin received [7h 6d]
UDF1 received [2h As]
Gambler_s_Ruin calls
UDF1 checks
Flop [7c 4h 3d], Gambler_s_Ruin (20), UDF1 (20)
UDF1 bids 16
Gambler_s_Ruin bids 1892
Gambler_s_Ruin won the auction and was revealed [As]
Flop [7c 4h 3d], Gambler_s_Ruin (36), UDF1 (20)
UDF1 bets 3167
Gambler_s_Ruin raises to 4964
UDF1 calls
Turn [7c 4h 3d 2s], Gambler_s_Ruin (5000), UDF1 (4984)
UDF1 checks
Gambler_s_Ruin checks
River [7c 4h 3d 2s Ts], Gambler_s_Ruin (5000), UDF1 (4984)
UDF1 checks
Gambler_s_Ruin checks
Gambler_s_Ruin shows [7h 6d]
UDF1 shows [2h As]
Gambler_s_Ruin awarded 4984
UDF1 awarded -4984

Round #999, UDF1 (-204194), Gambler_s_Ruin (204194)
UDF1 posts blind: 10
Gambler_s_Ruin posts blind: 20
UDF1 received [8d 4s]
Gambler_s_Ruin received [Kh Td]
UDF1 calls
Gambler_s_Ruin raises to 60
UDF1 calls
Flop [9h Jd Ac], UDF1 (60), Gambler_s_Ruin (60)
Gambler_s_Ruin bids 1877
UDF1 bids 28
Gambler_s_Ruin won the auction and was revealed [8d]
Flop [9h Jd Ac], UDF1 (60), Gambler_s_Ruin (88)
Gambler_s_Ruin bets 132
UDF1 folds
UDF1 awarded -60
Gambler_s_Ruin awarded 60

Round #1000, Gambler_s_Ruin (204254), UDF1 (-204254)
Gambler_s_Ruin posts blind: 10
UDF1 posts blind: 20
Gambler_s_Ruin received [2c 3d]
UDF1 received [7c 9s]
Gambler_s_Ruin folds
Gambler_s_Ruin awarded -10
UDF1 awarded 10

Final, UDF1 (-204244), Gambler_s_Ruin (204244)